subj	name	gender	age	dist	run	tar_locs1	tar_locs2	tar_locs3	tar_locs4	tar_locs5	tar_locs6	shape	dist	td_dif	detection	resp_key	dis_loc	tar_loc	task_type	probe_cond	gotKey	startTime	respTime	resp	o1	o2	o3	o4	o5	o6	pro_loc	ori_resp	mode
1	dn	f	18	red	2	(80, 0)	(40, 69)	(-39, 69)	(-80, 0)	(-40, -69)	(40, -69)	circle	red	same	left	left	(80, 0)	(-40, -69)	search	nr	True	64619	65492	left	110	10	35	135	85	60	None	None	testing
1	dn	f	18	red	2	(80, 0)	(40, 69)	(-39, 69)	(-80, 0)	(-40, -69)	(40, -69)	circle	red	same	left	left	(80, 0)	(-39, 69)	search	nr	True	66639	67301	left	85	35	110	60	160	135	None	None	testing
1	dn	f	18	red	2	(80, 0)	(40, 69)	(-39, 69)	(-80, 0)	(-40, -69)	(40, -69)	diamond	none	same	right	right	N_dist	(-80, 0)	search	nr	True	68443	69108	right	85	35	60	160	10	135	None	None	testing
1	dn	f	18	red	2	(80, 0)	(40, 69)	(-39, 69)	(-80, 0)	(-40, -69)	(40, -69)	circle	red	same	right	right	(80, 0)	(-80, 0)	probe	tar	None	None	None	None	60	110	85	10	160	35	(-80, 0)	162	testing
1	dn	f	18	red	2	(80, 0)	(40, 69)	(-39, 69)	(-80, 0)	(-40, -69)	(40, -69)	diamond	red	dif	right	right	(80, 0)	(40, -69)	search	nr	True	73953	74660	right	85	10	160	135	60	110	None	None	testing
1	dn	f	18	red	2	(80, 0)	(40, 69)	(-39, 69)	(-80, 0)	(-40, -69)	(40, -69)	circle	red	same	left	left	(-39, 69)	(-80, 0)	probe	l_sin	None	None	None	None	60	35	160	10	135	85	(-39, 69)	32	testing
1	dn	f	18	red	2	(80, 0)	(40, 69)	(-39, 69)	(-80, 0)	(-40, -69)	(40, -69)	circle	red	same	right	right	(40, -69)	(-40, -69)	probe	norm	None	None	None	None	135	110	160	35	60	10	(-80, 0)	174	testing
1	dn	f	18	red	2	(80, 0)	(40, 69)	(-39, 69)	(-80, 0)	(-40, -69)	(40, -69)	circle	none	same	left	left	N_dist	(40, 69)	probe	h_norm	None	None	None	None	85	35	110	10	160	135	(80, 0)	15	testing
1	dn	f	18	red	2	(80, 0)	(40, 69)	(-39, 69)	(-80, 0)	(-40, -69)	(40, -69)	diamond	red	same	right	right	(80, 0)	(-40, -69)	probe	tar	None	None	None	None	160	35	135	85	60	10	(-40, -69)	174	testing
1	dn	f	18	red	2	(80, 0)	(40, 69)	(-39, 69)	(-80, 0)	(-40, -69)	(40, -69)	diamond	red	same	left	left	(80, 0)	(-80, 0)	search	nr	True	96177	96996	left	85	10	135	110	160	60	None	None	testing
1	dn	f	18	red	2	(80, 0)	(40, 69)	(-39, 69)	(-80, 0)	(-40, -69)	(40, -69)	circle	red	same	right	right	(80, 0)	(-39, 69)	search	nr	True	98281	98980	right	10	110	160	35	60	85	None	None	testing
1	dn	f	18	red	2	(80, 0)	(40, 69)	(-39, 69)	(-80, 0)	(-40, -69)	(40, -69)	circle	none	same	right	right	N_dist	(-39, 69)	search	nr	True	100218	100788	right	135	110	85	35	10	160	None	None	testing
1	dn	f	18	red	2	(80, 0)	(40, 69)	(-39, 69)	(-80, 0)	(-40, -69)	(40, -69)	diamond	red	dif	left	left	(80, 0)	(-80, 0)	search	nr	True	101937	102580	left	135	110	160	10	60	85	None	None	testing
1	dn	f	18	red	2	(80, 0)	(40, 69)	(-39, 69)	(-80, 0)	(-40, -69)	(40, -69)	circle	red	dif	left	left	(-39, 69)	(40, -69)	search	nr	True	103774	104629	left	110	85	60	10	135	35	None	None	testing
1	dn	f	18	red	2	(80, 0)	(40, 69)	(-39, 69)	(-80, 0)	(-40, -69)	(40, -69)	diamond	red	dif	right	right	(80, 0)	(40, -69)	probe	tar	None	None	None	None	85	60	10	110	35	135	(40, -69)	23	testing
1	dn	f	18	red	2	(80, 0)	(40, 69)	(-39, 69)	(-80, 0)	(-40, -69)	(40, -69)	diamond	red	same	left	left	(80, 0)	(-80, 0)	search	nr	True	109535	110212	left	135	60	10	35	160	110	None	None	testing
1	dn	f	18	red	2	(80, 0)	(40, 69)	(-39, 69)	(-80, 0)	(-40, -69)	(40, -69)	diamond	red	same	right	right	(80, 0)	(-40, -69)	probe	norm	None	None	None	None	135	10	60	110	160	35	(40, 69)	147	testing
1	dn	f	18	red	2	(80, 0)	(40, 69)	(-39, 69)	(-80, 0)	(-40, -69)	(40, -69)	circle	red	dif	left	left	(80, 0)	(-39, 69)	search	nr	True	121440	122084	left	10	135	160	85	110	60	None	None	testing
1	dn	f	18	red	2	(80, 0)	(40, 69)	(-39, 69)	(-80, 0)	(-40, -69)	(40, -69)	circle	red	dif	left	left	(80, 0)	(40, -69)	probe	tar	None	None	None	None	60	10	110	35	160	85	(40, -69)	175	testing
1	dn	f	18	red	2	(80, 0)	(40, 69)	(-39, 69)	(-80, 0)	(-40, -69)	(40, -69)	diamond	red	same	right	right	(80, 0)	(40, 69)	search	nr	True	128954	129588	right	60	10	85	35	110	135	None	None	testing
1	dn	f	18	red	2	(80, 0)	(40, 69)	(-39, 69)	(-80, 0)	(-40, -69)	(40, -69)	circle	red	same	right	right	(80, 0)	(40, 69)	search	nr	True	130857	131427	right	110	35	60	10	160	85	None	None	testing
1	dn	f	18	red	2	(80, 0)	(40, 69)	(-39, 69)	(-80, 0)	(-40, -69)	(40, -69)	circle	red	same	right	right	(40, 69)	(-80, 0)	search	nr	True	132511	133156	right	135	110	160	85	60	10	None	None	testing
1	dn	f	18	red	2	(80, 0)	(40, 69)	(-39, 69)	(-80, 0)	(-40, -69)	(40, -69)	circle	red	same	right	right	(80, 0)	(-39, 69)	probe	tar	None	None	None	None	110	60	160	135	10	85	(-39, 69)	16	testing
1	dn	f	18	red	2	(80, 0)	(40, 69)	(-39, 69)	(-80, 0)	(-40, -69)	(40, -69)	circle	red	dif	right	right	(80, 0)	(-40, -69)	search	nr	True	138555	139268	right	10	85	160	110	135	60	None	None	testing
1	dn	f	18	red	2	(80, 0)	(40, 69)	(-39, 69)	(-80, 0)	(-40, -69)	(40, -69)	diamond	red	same	right	right	(80, 0)	(-40, -69)	search	nr	True	140375	141060	right	135	85	110	160	10	35	None	None	testing
1	dn	f	18	red	2	(80, 0)	(40, 69)	(-39, 69)	(-80, 0)	(-40, -69)	(40, -69)	circle	red	same	left	left	(-80, 0)	(-39, 69)	search	nr	True	142278	143012	left	110	160	60	85	10	35	None	None	testing
1	dn	f	18	red	2	(80, 0)	(40, 69)	(-39, 69)	(-80, 0)	(-40, -69)	(40, -69)	circle	none	dif	right	right	N_dist	(-40, -69)	search	nr	True	144299	144916	right	160	110	135	35	10	60	None	None	testing
1	dn	f	18	red	2	(80, 0)	(40, 69)	(-39, 69)	(-80, 0)	(-40, -69)	(40, -69)	diamond	red	same	left	left	(80, 0)	(-40, -69)	probe	tar	None	None	None	None	85	110	135	35	10	160	(-40, -69)	36	testing
1	dn	f	18	red	2	(80, 0)	(40, 69)	(-39, 69)	(-80, 0)	(-40, -69)	(40, -69)	diamond	red	dif	right	right	(80, 0)	(-80, 0)	probe	norm	None	None	None	None	160	135	35	110	85	10	(-40, -69)	171	testing
1	dn	f	18	red	2	(80, 0)	(40, 69)	(-39, 69)	(-80, 0)	(-40, -69)	(40, -69)	diamond	red	same	right	right	(-39, 69)	(-80, 0)	search	nr	True	156288	157044	right	110	135	85	35	60	160	None	None	testing
1	dn	f	18	red	2	(80, 0)	(40, 69)	(-39, 69)	(-80, 0)	(-40, -69)	(40, -69)	circle	red	dif	left	left	(40, -69)	(40, 69)	probe	l_sin	None	None	None	None	35	110	85	160	60	10	(40, -69)	133	testing
1	dn	f	18	red	2	(80, 0)	(40, 69)	(-39, 69)	(-80, 0)	(-40, -69)	(40, -69)	circle	none	same	left	left	N_dist	(-40, -69)	search	nr	True	164269	164932	left	160	60	85	135	110	10	None	None	testing
1	dn	f	18	red	2	(80, 0)	(40, 69)	(-39, 69)	(-80, 0)	(-40, -69)	(40, -69)	circle	none	dif	right	right	N_dist	(80, 0)	search	nr	True	166156	166708	right	60	35	85	160	135	110	None	None	testing
1	dn	f	18	red	2	(80, 0)	(40, 69)	(-39, 69)	(-80, 0)	(-40, -69)	(40, -69)	diamond	red	same	right	right	(80, 0)	(40, -69)	search	nr	True	167942	168885	right	60	35	110	10	160	85	None	None	testing
1	dn	f	18	red	2	(80, 0)	(40, 69)	(-39, 69)	(-80, 0)	(-40, -69)	(40, -69)	diamond	red	same	left	left	(80, 0)	(40, 69)	probe	h_sin	None	None	None	None	10	110	60	85	135	35	(80, 0)	142	testing
1	dn	f	18	red	2	(80, 0)	(40, 69)	(-39, 69)	(-80, 0)	(-40, -69)	(40, -69)	diamond	red	same	left	left	(80, 0)	(-40, -69)	probe	norm	None	None	None	None	85	110	135	60	10	35	(40, 69)	19	testing
1	dn	f	18	red	2	(80, 0)	(40, 69)	(-39, 69)	(-80, 0)	(-40, -69)	(40, -69)	circle	none	same	left	left	N_dist	(40, -69)	search	nr	True	178812	179380	left	135	110	10	60	85	35	None	None	testing
1	dn	f	18	red	2	(80, 0)	(40, 69)	(-39, 69)	(-80, 0)	(-40, -69)	(40, -69)	diamond	red	dif	left	left	(80, 0)	(-80, 0)	probe	tar	None	None	None	None	35	60	160	110	10	85	(-80, 0)	11	testing
1	dn	f	18	red	2	(80, 0)	(40, 69)	(-39, 69)	(-80, 0)	(-40, -69)	(40, -69)	circle	none	dif	right	right	N_dist	(40, 69)	search	nr	True	184707	185476	right	60	85	35	160	110	10	None	None	testing
1	dn	f	18	red	2	(80, 0)	(40, 69)	(-39, 69)	(-80, 0)	(-40, -69)	(40, -69)	diamond	red	dif	left	left	(-40, -69)	(40, 69)	search	nr	True	186761	187476	left	135	110	10	85	60	160	None	None	testing
1	dn	f	18	red	2	(80, 0)	(40, 69)	(-39, 69)	(-80, 0)	(-40, -69)	(40, -69)	circle	red	dif	right	right	(80, 0)	(-40, -69)	search	nr	True	188697	190004	right	10	35	85	135	160	60	None	None	testing
1	dn	f	18	red	2	(80, 0)	(40, 69)	(-39, 69)	(-80, 0)	(-40, -69)	(40, -69)	diamond	none	same	left	left	N_dist	(-80, 0)	search	nr	True	191169	191939	left	160	110	60	135	35	85	None	None	testing
1	dn	f	18	red	2	(80, 0)	(40, 69)	(-39, 69)	(-80, 0)	(-40, -69)	(40, -69)	diamond	red	dif	right	right	(80, 0)	(40, 69)	search	nr	True	193155	193780	right	85	135	110	10	160	60	None	None	testing
1	dn	f	18	red	2	(80, 0)	(40, 69)	(-39, 69)	(-80, 0)	(-40, -69)	(40, -69)	diamond	red	dif	left	left	(-80, 0)	(40, -69)	search	nr	True	194909	195860	left	85	10	35	110	160	135	None	None	testing
1	dn	f	18	red	2	(80, 0)	(40, 69)	(-39, 69)	(-80, 0)	(-40, -69)	(40, -69)	diamond	red	dif	right	right	(40, 69)	(-80, 0)	search	nr	True	197012	197683	left	85	10	35	160	60	135	None	None	testing
1	dn	f	18	red	2	(80, 0)	(40, 69)	(-39, 69)	(-80, 0)	(-40, -69)	(40, -69)	diamond	none	same	right	right	N_dist	(-80, 0)	probe	h_norm	None	None	None	None	10	60	110	35	160	135	(80, 0)	150	testing
1	dn	f	18	red	2	(80, 0)	(40, 69)	(-39, 69)	(-80, 0)	(-40, -69)	(40, -69)	diamond	red	same	right	right	(80, 0)	(40, 69)	probe	norm	None	None	None	None	135	60	110	35	10	85	(40, -69)	165	testing
1	dn	f	18	red	2	(80, 0)	(40, 69)	(-39, 69)	(-80, 0)	(-40, -69)	(40, -69)	circle	red	same	left	left	(40, -69)	(-40, -69)	search	nr	True	213242	214404	left	135	110	60	10	160	35	None	None	testing
1	dn	f	18	red	2	(80, 0)	(40, 69)	(-39, 69)	(-80, 0)	(-40, -69)	(40, -69)	diamond	none	dif	left	left	N_dist	(-80, 0)	search	nr	True	215613	216372	left	85	10	35	135	110	160	None	None	testing
1	dn	f	18	red	2	(80, 0)	(40, 69)	(-39, 69)	(-80, 0)	(-40, -69)	(40, -69)	diamond	red	dif	left	left	(80, 0)	(40, -69)	search	nr	True	217650	218692	left	60	35	135	10	160	85	None	None	testing
1	dn	f	18	red	2	(80, 0)	(40, 69)	(-39, 69)	(-80, 0)	(-40, -69)	(40, -69)	circle	red	dif	left	left	(40, -69)	(40, 69)	probe	l_sin	None	None	None	None	60	10	110	85	160	35	(40, -69)	65	testing
1	dn	f	18	red	2	(80, 0)	(40, 69)	(-39, 69)	(-80, 0)	(-40, -69)	(40, -69)	circle	red	dif	right	right	(80, 0)	(-80, 0)	probe	norm	None	None	None	None	110	35	160	60	85	10	(-39, 69)	17	testing
1	dn	f	18	red	2	(80, 0)	(40, 69)	(-39, 69)	(-80, 0)	(-40, -69)	(40, -69)	circle	red	dif	right	right	(80, 0)	(40, -69)	search	nr	True	228788	229556	right	110	160	135	85	10	60	None	None	testing
1	dn	f	18	red	2	(80, 0)	(40, 69)	(-39, 69)	(-80, 0)	(-40, -69)	(40, -69)	circle	red	same	right	right	(40, 69)	(-80, 0)	probe	norm	None	None	None	None	10	85	110	60	135	160	(40, -69)	22	testing
1	dn	f	18	red	2	(80, 0)	(40, 69)	(-39, 69)	(-80, 0)	(-40, -69)	(40, -69)	circle	none	same	left	left	N_dist	(-40, -69)	probe	l_norm	None	None	None	None	10	35	85	160	135	60	(40, 69)	58	testing
1	dn	f	18	red	2	(80, 0)	(40, 69)	(-39, 69)	(-80, 0)	(-40, -69)	(40, -69)	diamond	red	dif	right	right	(80, 0)	(-40, -69)	search	nr	True	242747	243604	right	135	10	85	35	110	160	None	None	testing
1	dn	f	18	red	2	(80, 0)	(40, 69)	(-39, 69)	(-80, 0)	(-40, -69)	(40, -69)	circle	red	dif	left	left	(40, -69)	(40, 69)	search	nr	True	244817	245524	left	135	160	85	10	60	35	None	None	testing
1	dn	f	18	red	2	(80, 0)	(40, 69)	(-39, 69)	(-80, 0)	(-40, -69)	(40, -69)	circle	red	dif	right	right	(80, 0)	(-40, -69)	search	nr	True	246654	247380	right	110	85	60	160	35	10	None	None	testing
1	dn	f	18	red	2	(80, 0)	(40, 69)	(-39, 69)	(-80, 0)	(-40, -69)	(40, -69)	circle	none	dif	left	left	N_dist	(-80, 0)	search	nr	True	248524	249092	left	35	60	110	85	135	10	None	None	testing
1	dn	f	18	red	2	(80, 0)	(40, 69)	(-39, 69)	(-80, 0)	(-40, -69)	(40, -69)	circle	none	dif	right	right	N_dist	(40, -69)	search	nr	True	250211	250740	right	10	35	60	160	135	85	None	None	testing
1	dn	f	18	red	2	(80, 0)	(40, 69)	(-39, 69)	(-80, 0)	(-40, -69)	(40, -69)	diamond	red	dif	right	right	(80, 0)	(-40, -69)	search	nr	True	251897	252692	right	60	35	135	110	160	85	None	None	testing
1	dn	f	18	red	2	(80, 0)	(40, 69)	(-39, 69)	(-80, 0)	(-40, -69)	(40, -69)	diamond	red	dif	right	right	(80, 0)	(40, -69)	probe	h_sin	None	None	None	None	135	85	160	60	35	110	(80, 0)	21	testing
1	dn	f	18	red	2	(80, 0)	(40, 69)	(-39, 69)	(-80, 0)	(-40, -69)	(40, -69)	diamond	none	same	right	right	N_dist	(80, 0)	probe	h_tar	None	None	None	None	35	60	10	85	135	160	(80, 0)	58	testing
1	dn	f	18	red	2	(80, 0)	(40, 69)	(-39, 69)	(-80, 0)	(-40, -69)	(40, -69)	diamond	red	same	left	left	(80, 0)	(-80, 0)	probe	norm	None	None	None	None	135	35	85	60	110	10	(-40, -69)	7	testing
1	dn	f	18	red	2	(80, 0)	(40, 69)	(-39, 69)	(-80, 0)	(-40, -69)	(40, -69)	circle	red	dif	left	left	(80, 0)	(40, -69)	search	nr	True	267292	267892	left	85	135	110	35	60	10	None	None	testing
1	dn	f	18	red	2	(80, 0)	(40, 69)	(-39, 69)	(-80, 0)	(-40, -69)	(40, -69)	diamond	red	same	right	right	(80, 0)	(40, 69)	search	nr	True	269162	269844	right	110	60	10	35	135	160	None	None	testing
1	dn	f	18	red	2	(80, 0)	(40, 69)	(-39, 69)	(-80, 0)	(-40, -69)	(40, -69)	diamond	none	dif	right	right	N_dist	(40, -69)	search	nr	True	271015	271684	right	60	85	160	10	110	135	None	None	testing
1	dn	f	18	red	2	(80, 0)	(40, 69)	(-39, 69)	(-80, 0)	(-40, -69)	(40, -69)	circle	none	same	left	left	N_dist	(80, 0)	search	nr	True	272802	273396	left	110	135	35	160	60	10	None	None	testing
1	dn	f	18	red	2	(80, 0)	(40, 69)	(-39, 69)	(-80, 0)	(-40, -69)	(40, -69)	circle	none	dif	right	right	N_dist	(80, 0)	search	nr	True	274589	275188	right	160	135	35	85	110	60	None	None	testing
1	dn	f	18	red	2	(80, 0)	(40, 69)	(-39, 69)	(-80, 0)	(-40, -69)	(40, -69)	diamond	red	same	right	right	(80, 0)	(-40, -69)	search	nr	True	276358	277204	right	35	110	135	85	60	160	None	None	testing
1	dn	f	18	red	2	(80, 0)	(40, 69)	(-39, 69)	(-80, 0)	(-40, -69)	(40, -69)	diamond	red	same	right	right	(80, 0)	(-40, -69)	search	nr	True	278412	279124	right	10	85	110	60	35	160	None	None	testing
1	dn	f	18	red	2	(80, 0)	(40, 69)	(-39, 69)	(-80, 0)	(-40, -69)	(40, -69)	circle	none	same	right	right	N_dist	(40, -69)	search	nr	True	280333	281076	left	60	110	85	160	135	10	None	None	testing
1	dn	f	18	red	2	(80, 0)	(40, 69)	(-39, 69)	(-80, 0)	(-40, -69)	(40, -69)	diamond	red	same	right	right	(80, 0)	(-40, -69)	search	nr	True	283855	284740	right	135	110	160	10	60	35	None	None	testing
1	dn	f	18	red	2	(80, 0)	(40, 69)	(-39, 69)	(-80, 0)	(-40, -69)	(40, -69)	circle	none	dif	right	right	N_dist	(-40, -69)	probe	l_tar	None	None	None	None	135	60	85	160	35	10	(-40, -69)	157	testing
1	dn	f	18	red	2	(80, 0)	(40, 69)	(-39, 69)	(-80, 0)	(-40, -69)	(40, -69)	diamond	none	same	right	right	N_dist	(40, 69)	search	nr	True	291754	292420	right	35	135	110	10	60	85	None	None	testing
1	dn	f	18	red	2	(80, 0)	(40, 69)	(-39, 69)	(-80, 0)	(-40, -69)	(40, -69)	circle	none	same	right	right	N_dist	(-39, 69)	search	nr	True	293573	294324	right	110	160	35	85	60	10	None	None	testing
1	dn	f	18	red	2	(80, 0)	(40, 69)	(-39, 69)	(-80, 0)	(-40, -69)	(40, -69)	circle	red	dif	left	left	(40, -69)	(40, 69)	search	nr	True	295393	295971	left	135	35	85	60	110	160	None	None	testing
1	dn	f	18	red	2	(80, 0)	(40, 69)	(-39, 69)	(-80, 0)	(-40, -69)	(40, -69)	diamond	none	same	left	left	N_dist	(-39, 69)	probe	l_norm	None	None	None	None	85	135	160	10	60	35	(-80, 0)	144	testing
1	dn	f	18	red	2	(80, 0)	(40, 69)	(-39, 69)	(-80, 0)	(-40, -69)	(40, -69)	diamond	none	dif	left	left	N_dist	(-39, 69)	probe	l_norm	None	None	None	None	110	160	135	60	85	35	(40, -69)	154	testing
1	dn	f	18	red	2	(80, 0)	(40, 69)	(-39, 69)	(-80, 0)	(-40, -69)	(40, -69)	circle	none	same	right	right	N_dist	(80, 0)	probe	h_tar	None	None	None	None	110	160	35	60	135	85	(80, 0)	18	testing
1	dn	f	18	red	2	(80, 0)	(40, 69)	(-39, 69)	(-80, 0)	(-40, -69)	(40, -69)	diamond	red	same	left	left	(80, 0)	(40, 69)	probe	tar	None	None	None	None	60	85	35	135	110	10	(40, 69)	23	testing
1	dn	f	18	red	2	(80, 0)	(40, 69)	(-39, 69)	(-80, 0)	(-40, -69)	(40, -69)	circle	none	dif	left	left	N_dist	(40, 69)	probe	h_norm	None	None	None	None	35	110	10	60	160	85	(80, 0)	166	testing
1	dn	f	18	red	2	(80, 0)	(40, 69)	(-39, 69)	(-80, 0)	(-40, -69)	(40, -69)	diamond	none	dif	left	left	N_dist	(80, 0)	search	nr	True	320790	322212	left	85	110	135	10	60	160	None	None	testing
1	dn	f	18	red	2	(80, 0)	(40, 69)	(-39, 69)	(-80, 0)	(-40, -69)	(40, -69)	circle	red	same	left	left	(80, 0)	(-39, 69)	probe	norm	None	None	None	None	60	35	160	85	110	135	(40, 69)	156	testing
1	dn	f	18	red	2	(80, 0)	(40, 69)	(-39, 69)	(-80, 0)	(-40, -69)	(40, -69)	circle	red	same	left	left	(-39, 69)	(-80, 0)	search	nr	True	328204	329156	left	85	135	160	35	110	10	None	None	testing
1	dn	f	18	red	2	(80, 0)	(40, 69)	(-39, 69)	(-80, 0)	(-40, -69)	(40, -69)	circle	red	same	left	left	(80, 0)	(-40, -69)	probe	tar	None	None	None	None	10	135	110	60	160	85	(-40, -69)	20	testing
1	dn	f	18	red	2	(80, 0)	(40, 69)	(-39, 69)	(-80, 0)	(-40, -69)	(40, -69)	diamond	red	same	right	right	(80, 0)	(-39, 69)	search	nr	True	335217	336004	right	35	85	135	10	60	110	None	None	testing
1	dn	f	18	red	2	(80, 0)	(40, 69)	(-39, 69)	(-80, 0)	(-40, -69)	(40, -69)	circle	none	dif	right	right	N_dist	(40, 69)	probe	h_norm	None	None	None	None	85	10	60	110	160	35	(80, 0)	167	testing
1	dn	f	18	red	2	(80, 0)	(40, 69)	(-39, 69)	(-80, 0)	(-40, -69)	(40, -69)	circle	red	dif	right	right	(-39, 69)	(-40, -69)	probe	l_sin	None	None	None	None	10	135	160	35	85	60	(-39, 69)	24	testing
1	dn	f	18	red	2	(80, 0)	(40, 69)	(-39, 69)	(-80, 0)	(-40, -69)	(40, -69)	circle	red	same	right	right	(80, 0)	(40, 69)	probe	h_sin	None	None	None	None	85	35	160	135	60	10	(80, 0)	168	testing
1	dn	f	18	red	2	(80, 0)	(40, 69)	(-39, 69)	(-80, 0)	(-40, -69)	(40, -69)	diamond	none	same	right	right	N_dist	(40, 69)	probe	h_norm	None	None	None	None	85	135	110	35	60	10	(80, 0)	173	testing
1	dn	f	18	red	2	(80, 0)	(40, 69)	(-39, 69)	(-80, 0)	(-40, -69)	(40, -69)	diamond	red	dif	left	left	(80, 0)	(-39, 69)	search	nr	True	353617	354340	left	160	85	35	135	10	110	None	None	testing
1	dn	f	18	red	2	(80, 0)	(40, 69)	(-39, 69)	(-80, 0)	(-40, -69)	(40, -69)	diamond	none	dif	right	right	N_dist	(-40, -69)	search	nr	True	355404	356196	right	60	135	35	110	10	85	None	None	testing
1	dn	f	18	red	2	(80, 0)	(40, 69)	(-39, 69)	(-80, 0)	(-40, -69)	(40, -69)	circle	red	same	left	left	(-80, 0)	(-39, 69)	probe	tar	None	None	None	None	10	110	85	60	35	160	(-39, 69)	8	testing
1	dn	f	18	red	2	(80, 0)	(40, 69)	(-39, 69)	(-80, 0)	(-40, -69)	(40, -69)	circle	red	same	left	left	(-80, 0)	(40, 69)	search	nr	True	361749	362436	left	110	135	60	160	10	35	None	None	testing
1	dn	f	18	red	2	(80, 0)	(40, 69)	(-39, 69)	(-80, 0)	(-40, -69)	(40, -69)	circle	red	dif	right	right	(40, 69)	(-80, 0)	search	nr	True	363736	364404	right	10	60	135	85	35	110	None	None	testing
1	dn	f	18	red	2	(80, 0)	(40, 69)	(-39, 69)	(-80, 0)	(-40, -69)	(40, -69)	diamond	red	dif	left	left	(80, 0)	(-80, 0)	search	nr	True	365722	366435	left	110	85	35	10	160	60	None	None	testing
1	dn	f	18	red	2	(80, 0)	(40, 69)	(-39, 69)	(-80, 0)	(-40, -69)	(40, -69)	circle	red	same	left	left	(80, 0)	(-40, -69)	search	nr	True	367627	369011	left	35	160	85	10	110	60	None	None	testing
1	dn	f	18	red	2	(80, 0)	(40, 69)	(-39, 69)	(-80, 0)	(-40, -69)	(40, -69)	circle	none	same	left	left	N_dist	(40, 69)	search	nr	True	370114	370836	left	60	85	35	10	160	110	None	None	testing
1	dn	f	18	red	2	(80, 0)	(40, 69)	(-39, 69)	(-80, 0)	(-40, -69)	(40, -69)	circle	none	same	right	right	N_dist	(-39, 69)	search	nr	True	371918	372500	right	135	35	60	85	160	10	None	None	testing
1	dn	f	18	red	2	(80, 0)	(40, 69)	(-39, 69)	(-80, 0)	(-40, -69)	(40, -69)	diamond	red	dif	right	right	(80, 0)	(40, 69)	search	nr	True	373621	374915	right	135	160	60	35	110	10	None	None	testing
1	dn	f	18	red	2	(80, 0)	(40, 69)	(-39, 69)	(-80, 0)	(-40, -69)	(40, -69)	circle	red	dif	left	left	(-80, 0)	(-39, 69)	probe	l_sin	None	None	None	None	160	85	110	135	10	60	(-80, 0)	13	testing
1	dn	f	18	red	2	(80, 0)	(40, 69)	(-39, 69)	(-80, 0)	(-40, -69)	(40, -69)	circle	red	dif	left	left	(-80, 0)	(-39, 69)	search	nr	True	381385	382083	right	10	110	85	160	60	135	None	None	testing
1	dn	f	18	red	2	(80, 0)	(40, 69)	(-39, 69)	(-80, 0)	(-40, -69)	(40, -69)	diamond	red	same	left	left	(80, 0)	(40, 69)	search	nr	True	384875	385572	left	135	160	35	60	110	85	None	None	testing
1	dn	f	18	red	2	(80, 0)	(40, 69)	(-39, 69)	(-80, 0)	(-40, -69)	(40, -69)	diamond	none	dif	left	left	N_dist	(40, -69)	search	nr	True	386628	387508	left	160	85	110	10	60	35	None	None	testing
1	dn	f	18	red	2	(80, 0)	(40, 69)	(-39, 69)	(-80, 0)	(-40, -69)	(40, -69)	circle	red	dif	right	right	(-40, -69)	(-39, 69)	search	nr	True	388565	389492	right	135	85	160	110	10	35	None	None	testing
1	dn	f	18	red	2	(80, 0)	(40, 69)	(-39, 69)	(-80, 0)	(-40, -69)	(40, -69)	diamond	red	dif	right	right	(80, 0)	(40, -69)	search	nr	True	390702	391619	right	10	85	160	110	135	35	None	None	testing
1	dn	f	18	red	2	(80, 0)	(40, 69)	(-39, 69)	(-80, 0)	(-40, -69)	(40, -69)	circle	red	dif	right	right	(40, 69)	(-40, -69)	probe	norm	None	None	None	None	110	10	135	85	160	35	(80, 0)	15	testing
1	dn	f	18	red	2	(80, 0)	(40, 69)	(-39, 69)	(-80, 0)	(-40, -69)	(40, -69)	diamond	none	same	left	left	N_dist	(-80, 0)	search	nr	True	397465	398324	left	85	60	35	110	135	160	None	None	testing
1	dn	f	18	red	2	(80, 0)	(40, 69)	(-39, 69)	(-80, 0)	(-40, -69)	(40, -69)	diamond	none	dif	left	left	N_dist	(-39, 69)	search	nr	True	399552	400340	left	10	110	135	85	160	60	None	None	testing
1	dn	f	18	red	2	(80, 0)	(40, 69)	(-39, 69)	(-80, 0)	(-40, -69)	(40, -69)	circle	none	same	right	right	N_dist	(40, -69)	search	nr	True	401472	403139	right	135	160	60	10	110	85	None	None	testing
1	dn	f	18	red	2	(80, 0)	(40, 69)	(-39, 69)	(-80, 0)	(-40, -69)	(40, -69)	diamond	red	dif	right	right	(40, 69)	(-80, 0)	probe	l_sin	None	None	None	None	110	10	85	60	35	135	(40, 69)	51	testing
1	dn	f	18	red	2	(80, 0)	(40, 69)	(-39, 69)	(-80, 0)	(-40, -69)	(40, -69)	diamond	red	dif	right	right	(80, 0)	(-40, -69)	probe	tar	None	None	None	None	60	85	110	160	135	10	(-40, -69)	19	testing
1	dn	f	18	red	2	(80, 0)	(40, 69)	(-39, 69)	(-80, 0)	(-40, -69)	(40, -69)	circle	red	dif	left	left	(80, 0)	(40, 69)	probe	h_sin	None	None	None	None	85	10	35	110	135	160	(80, 0)	169	testing
1	dn	f	18	red	2	(80, 0)	(40, 69)	(-39, 69)	(-80, 0)	(-40, -69)	(40, -69)	circle	red	dif	right	right	(80, 0)	(-40, -69)	probe	h_sin	None	None	None	None	110	135	35	160	85	60	(80, 0)	16	testing
1	dn	f	18	red	2	(80, 0)	(40, 69)	(-39, 69)	(-80, 0)	(-40, -69)	(40, -69)	diamond	none	dif	left	left	N_dist	(40, -69)	probe	l_norm	None	None	None	None	160	35	10	110	60	135	(-39, 69)	18	testing
1	dn	f	18	red	2	(80, 0)	(40, 69)	(-39, 69)	(-80, 0)	(-40, -69)	(40, -69)	diamond	none	dif	left	left	N_dist	(-80, 0)	probe	h_norm	None	None	None	None	10	60	160	110	35	135	(80, 0)	141	testing
1	dn	f	18	red	2	(80, 0)	(40, 69)	(-39, 69)	(-80, 0)	(-40, -69)	(40, -69)	diamond	red	dif	left	left	(-39, 69)	(-80, 0)	search	nr	True	437521	438420	left	135	60	85	10	35	110	None	None	testing
1	dn	f	18	red	2	(80, 0)	(40, 69)	(-39, 69)	(-80, 0)	(-40, -69)	(40, -69)	diamond	red	dif	left	left	(80, 0)	(40, -69)	search	nr	True	439676	440404	left	160	60	135	35	10	110	None	None	testing
1	dn	f	18	red	2	(80, 0)	(40, 69)	(-39, 69)	(-80, 0)	(-40, -69)	(40, -69)	circle	red	dif	right	right	(-40, -69)	(-39, 69)	probe	tar	None	None	None	None	10	160	60	135	85	35	(-39, 69)	157	testing
1	dn	f	18	red	2	(80, 0)	(40, 69)	(-39, 69)	(-80, 0)	(-40, -69)	(40, -69)	circle	red	same	right	right	(40, -69)	(40, 69)	search	nr	True	446488	447731	right	135	35	85	10	110	160	None	None	testing
1	dn	f	18	red	2	(80, 0)	(40, 69)	(-39, 69)	(-80, 0)	(-40, -69)	(40, -69)	circle	red	same	right	right	(-39, 69)	(-80, 0)	search	nr	True	448843	450020	right	10	60	135	85	110	160	None	None	testing
1	dn	f	18	red	2	(80, 0)	(40, 69)	(-39, 69)	(-80, 0)	(-40, -69)	(40, -69)	circle	red	dif	left	left	(40, -69)	(40, 69)	search	nr	True	451263	451907	left	35	10	85	60	110	160	None	None	testing
1	dn	f	18	red	2	(80, 0)	(40, 69)	(-39, 69)	(-80, 0)	(-40, -69)	(40, -69)	diamond	red	same	right	right	(-39, 69)	(-80, 0)	search	nr	True	452983	453796	right	85	60	110	160	10	135	None	None	testing
1	dn	f	18	red	2	(80, 0)	(40, 69)	(-39, 69)	(-80, 0)	(-40, -69)	(40, -69)	diamond	none	dif	left	left	N_dist	(40, -69)	search	nr	True	455053	455716	left	60	160	35	10	85	135	None	None	testing
1	dn	f	18	red	2	(80, 0)	(40, 69)	(-39, 69)	(-80, 0)	(-40, -69)	(40, -69)	diamond	none	dif	left	left	N_dist	(80, 0)	search	nr	True	456841	457555	left	35	10	160	110	60	135	None	None	testing
1	dn	f	18	red	2	(80, 0)	(40, 69)	(-39, 69)	(-80, 0)	(-40, -69)	(40, -69)	circle	none	dif	left	left	N_dist	(-39, 69)	search	nr	True	458827	459876	left	60	85	135	160	35	110	None	None	testing
1	dn	f	18	red	2	(80, 0)	(40, 69)	(-39, 69)	(-80, 0)	(-40, -69)	(40, -69)	diamond	red	same	right	right	(80, 0)	(40, -69)	search	nr	True	460998	461956	right	85	10	35	110	135	60	None	None	testing
1	dn	f	18	red	2	(80, 0)	(40, 69)	(-39, 69)	(-80, 0)	(-40, -69)	(40, -69)	circle	red	dif	left	left	(-39, 69)	(40, -69)	probe	norm	None	None	None	None	10	85	60	160	135	35	(80, 0)	144	testing
1	dn	f	18	red	2	(80, 0)	(40, 69)	(-39, 69)	(-80, 0)	(-40, -69)	(40, -69)	circle	none	same	right	right	N_dist	(-39, 69)	search	nr	True	468562	469316	right	35	85	10	110	135	160	None	None	testing
1	dn	f	18	red	2	(80, 0)	(40, 69)	(-39, 69)	(-80, 0)	(-40, -69)	(40, -69)	circle	red	dif	left	left	(80, 0)	(-39, 69)	probe	norm	None	None	None	None	10	35	160	60	85	135	(40, -69)	27	testing
1	dn	f	18	red	2	(80, 0)	(40, 69)	(-39, 69)	(-80, 0)	(-40, -69)	(40, -69)	circle	red	same	right	right	(80, 0)	(-39, 69)	search	nr	True	474723	475347	right	60	110	135	10	35	160	None	None	testing
1	dn	f	18	red	2	(80, 0)	(40, 69)	(-39, 69)	(-80, 0)	(-40, -69)	(40, -69)	circle	red	same	left	left	(-80, 0)	(40, 69)	search	nr	True	476560	477236	left	85	135	160	60	35	10	None	None	testing
1	dn	f	18	red	2	(80, 0)	(40, 69)	(-39, 69)	(-80, 0)	(-40, -69)	(40, -69)	circle	red	same	right	right	(80, 0)	(40, 69)	search	nr	True	478447	478979	right	10	35	135	110	160	85	None	None	testing
1	dn	f	18	red	2	(80, 0)	(40, 69)	(-39, 69)	(-80, 0)	(-40, -69)	(40, -69)	diamond	red	same	right	right	(80, 0)	(-39, 69)	search	nr	True	480183	480979	right	60	10	110	135	85	160	None	None	testing
1	dn	f	18	red	2	(80, 0)	(40, 69)	(-39, 69)	(-80, 0)	(-40, -69)	(40, -69)	diamond	red	dif	right	right	(40, 69)	(-80, 0)	search	nr	True	482037	482756	right	110	85	60	135	35	10	None	None	testing
1	dn	f	18	red	2	(80, 0)	(40, 69)	(-39, 69)	(-80, 0)	(-40, -69)	(40, -69)	diamond	none	same	right	right	N_dist	(80, 0)	search	nr	True	483973	484515	right	160	10	60	135	85	110	None	None	testing
1	dn	f	18	red	2	(80, 0)	(40, 69)	(-39, 69)	(-80, 0)	(-40, -69)	(40, -69)	circle	red	dif	left	left	(-40, -69)	(40, 69)	probe	tar	None	None	None	None	85	160	135	10	35	110	(40, 69)	26	testing
1	dn	f	18	red	2	(80, 0)	(40, 69)	(-39, 69)	(-80, 0)	(-40, -69)	(40, -69)	diamond	none	same	right	right	N_dist	(-39, 69)	search	nr	True	490837	491475	right	85	135	110	10	160	60	None	None	testing
1	dn	f	18	red	2	(80, 0)	(40, 69)	(-39, 69)	(-80, 0)	(-40, -69)	(40, -69)	circle	red	dif	right	right	(80, 0)	(40, -69)	search	nr	True	492757	493636	right	110	135	35	60	10	160	None	None	testing
1	dn	f	18	red	2	(80, 0)	(40, 69)	(-39, 69)	(-80, 0)	(-40, -69)	(40, -69)	diamond	red	same	right	right	(80, 0)	(-40, -69)	search	nr	True	494911	495699	right	135	35	160	10	110	85	None	None	testing
1	dn	f	18	red	2	(80, 0)	(40, 69)	(-39, 69)	(-80, 0)	(-40, -69)	(40, -69)	circle	none	dif	right	right	N_dist	(40, 69)	search	nr	True	496981	497603	right	10	160	135	110	85	60	None	None	testing
1	dn	f	18	red	2	(80, 0)	(40, 69)	(-39, 69)	(-80, 0)	(-40, -69)	(40, -69)	circle	red	dif	right	right	(40, 69)	(-80, 0)	search	nr	True	498751	499347	right	160	10	135	60	85	110	None	None	testing
1	dn	f	18	red	2	(80, 0)	(40, 69)	(-39, 69)	(-80, 0)	(-40, -69)	(40, -69)	diamond	red	same	right	right	(80, 0)	(40, 69)	search	nr	True	500520	501347	right	110	85	60	10	35	135	None	None	testing
1	dn	f	18	red	2	(80, 0)	(40, 69)	(-39, 69)	(-80, 0)	(-40, -69)	(40, -69)	diamond	none	same	left	left	N_dist	(-40, -69)	search	nr	True	502474	503427	left	135	160	35	10	60	85	None	None	testing
1	dn	f	18	red	2	(80, 0)	(40, 69)	(-39, 69)	(-80, 0)	(-40, -69)	(40, -69)	circle	red	same	right	right	(80, 0)	(40, 69)	search	nr	True	504578	505444	right	60	110	135	35	160	10	None	None	testing
1	dn	f	18	red	2	(80, 0)	(40, 69)	(-39, 69)	(-80, 0)	(-40, -69)	(40, -69)	diamond	red	dif	right	right	(80, 0)	(40, -69)	probe	tar	None	None	None	None	160	85	135	60	35	110	(40, -69)	18	testing
1	dn	f	18	red	2	(80, 0)	(40, 69)	(-39, 69)	(-80, 0)	(-40, -69)	(40, -69)	circle	red	same	left	left	(-80, 0)	(-40, -69)	search	nr	True	511474	512676	left	110	10	160	135	35	60	None	None	testing
1	dn	f	18	red	2	(80, 0)	(40, 69)	(-39, 69)	(-80, 0)	(-40, -69)	(40, -69)	circle	red	same	right	right	(40, 69)	(-80, 0)	search	nr	True	513879	514515	right	135	10	110	60	85	35	None	None	testing
1	dn	f	18	red	2	(80, 0)	(40, 69)	(-39, 69)	(-80, 0)	(-40, -69)	(40, -69)	diamond	none	same	right	right	N_dist	(80, 0)	search	nr	True	515648	516387	right	10	160	35	85	60	135	None	None	testing
1	dn	f	18	red	2	(80, 0)	(40, 69)	(-39, 69)	(-80, 0)	(-40, -69)	(40, -69)	diamond	none	dif	left	left	N_dist	(80, 0)	probe	h_tar	None	None	None	None	10	160	135	85	60	110	(80, 0)	50	testing
1	dn	f	18	red	2	(80, 0)	(40, 69)	(-39, 69)	(-80, 0)	(-40, -69)	(40, -69)	diamond	none	dif	right	right	N_dist	(40, -69)	probe	l_tar	None	None	None	None	85	35	160	110	135	60	(40, -69)	168	testing
1	dn	f	18	red	2	(80, 0)	(40, 69)	(-39, 69)	(-80, 0)	(-40, -69)	(40, -69)	circle	red	dif	right	right	(80, 0)	(-80, 0)	search	nr	True	526685	527331	right	135	35	85	110	160	60	None	None	testing
1	dn	f	18	red	2	(80, 0)	(40, 69)	(-39, 69)	(-80, 0)	(-40, -69)	(40, -69)	circle	none	dif	right	right	N_dist	(-40, -69)	search	nr	True	528572	529284	right	160	85	60	135	35	110	None	None	testing
1	dn	f	18	red	2	(80, 0)	(40, 69)	(-39, 69)	(-80, 0)	(-40, -69)	(40, -69)	diamond	none	dif	right	right	N_dist	(80, 0)	search	nr	True	530392	530979	right	160	35	135	60	110	10	None	None	testing
1	dn	f	18	red	2	(80, 0)	(40, 69)	(-39, 69)	(-80, 0)	(-40, -69)	(40, -69)	diamond	red	same	right	right	(80, 0)	(-40, -69)	search	nr	True	532162	532851	right	35	160	110	60	10	135	None	None	testing
1	dn	f	18	red	2	(80, 0)	(40, 69)	(-39, 69)	(-80, 0)	(-40, -69)	(40, -69)	diamond	none	same	right	right	N_dist	(80, 0)	search	nr	True	534049	534612	right	135	60	85	160	10	110	None	None	testing
1	dn	f	18	red	2	(80, 0)	(40, 69)	(-39, 69)	(-80, 0)	(-40, -69)	(40, -69)	diamond	red	same	left	left	(80, 0)	(-39, 69)	search	nr	True	535702	536499	left	110	35	85	60	160	10	None	None	testing
1	dn	f	18	red	2	(80, 0)	(40, 69)	(-39, 69)	(-80, 0)	(-40, -69)	(40, -69)	diamond	red	same	left	left	(80, 0)	(-80, 0)	probe	h_sin	None	None	None	None	10	160	85	35	135	110	(80, 0)	148	testing
1	dn	f	18	red	2	(80, 0)	(40, 69)	(-39, 69)	(-80, 0)	(-40, -69)	(40, -69)	circle	none	same	left	left	N_dist	(80, 0)	probe	h_tar	None	None	None	None	135	85	160	110	10	60	(80, 0)	21	testing
1	dn	f	18	red	2	(80, 0)	(40, 69)	(-39, 69)	(-80, 0)	(-40, -69)	(40, -69)	circle	red	same	left	left	(40, 69)	(-40, -69)	search	nr	True	546873	547651	left	10	35	160	60	85	110	None	None	testing
1	dn	f	18	red	2	(80, 0)	(40, 69)	(-39, 69)	(-80, 0)	(-40, -69)	(40, -69)	diamond	none	same	left	left	N_dist	(-39, 69)	search	nr	True	548893	549603	left	85	135	160	35	10	110	None	None	testing
1	dn	f	18	red	2	(80, 0)	(40, 69)	(-39, 69)	(-80, 0)	(-40, -69)	(40, -69)	diamond	red	dif	right	right	(80, 0)	(-40, -69)	probe	norm	None	None	None	None	160	110	35	135	10	85	(40, 69)	20	testing
1	dn	f	18	red	2	(80, 0)	(40, 69)	(-39, 69)	(-80, 0)	(-40, -69)	(40, -69)	diamond	red	dif	right	right	(80, 0)	(40, -69)	search	nr	True	555071	555763	right	160	135	85	60	35	10	None	None	testing
1	dn	f	18	red	2	(80, 0)	(40, 69)	(-39, 69)	(-80, 0)	(-40, -69)	(40, -69)	diamond	none	same	left	left	N_dist	(40, 69)	probe	l_norm	None	None	None	None	60	160	35	110	135	85	(-39, 69)	157	testing
1	dn	f	18	red	2	(80, 0)	(40, 69)	(-39, 69)	(-80, 0)	(-40, -69)	(40, -69)	diamond	none	same	right	right	N_dist	(80, 0)	probe	h_tar	None	None	None	None	85	10	160	110	60	135	(80, 0)	168	testing
1	dn	f	18	red	2	(80, 0)	(40, 69)	(-39, 69)	(-80, 0)	(-40, -69)	(40, -69)	diamond	none	same	left	left	N_dist	(-80, 0)	probe	h_norm	None	None	None	None	35	110	135	85	60	10	(80, 0)	155	testing
1	dn	f	18	red	2	(80, 0)	(40, 69)	(-39, 69)	(-80, 0)	(-40, -69)	(40, -69)	diamond	red	same	left	left	(80, 0)	(-39, 69)	probe	norm	None	None	None	None	110	85	60	135	10	35	(40, 69)	13	testing
1	dn	f	18	red	2	(80, 0)	(40, 69)	(-39, 69)	(-80, 0)	(-40, -69)	(40, -69)	diamond	none	dif	right	right	N_dist	(-40, -69)	search	nr	True	574857	575651	right	60	160	110	135	85	35	None	None	testing
1	dn	f	18	red	2	(80, 0)	(40, 69)	(-39, 69)	(-80, 0)	(-40, -69)	(40, -69)	circle	red	same	right	right	(80, 0)	(-80, 0)	search	nr	True	576711	577315	right	35	160	85	135	110	60	None	None	testing
1	dn	f	18	red	2	(80, 0)	(40, 69)	(-39, 69)	(-80, 0)	(-40, -69)	(40, -69)	circle	red	same	right	right	(80, 0)	(-39, 69)	probe	h_sin	None	None	None	None	60	135	160	35	10	85	(80, 0)	161	testing
1	dn	f	18	red	2	(80, 0)	(40, 69)	(-39, 69)	(-80, 0)	(-40, -69)	(40, -69)	diamond	red	dif	left	left	(80, 0)	(-80, 0)	search	nr	True	582221	582916	left	85	135	110	60	160	10	None	None	testing
1	dn	f	18	red	2	(80, 0)	(40, 69)	(-39, 69)	(-80, 0)	(-40, -69)	(40, -69)	diamond	red	same	right	right	(80, 0)	(-39, 69)	search	nr	True	584158	584771	right	60	110	135	10	160	35	None	None	testing
1	dn	f	18	red	2	(80, 0)	(40, 69)	(-39, 69)	(-80, 0)	(-40, -69)	(40, -69)	diamond	red	same	right	right	(80, 0)	(-40, -69)	probe	h_sin	None	None	None	None	110	60	160	85	135	10	(80, 0)	15	testing
1	dn	f	18	red	2	(80, 0)	(40, 69)	(-39, 69)	(-80, 0)	(-40, -69)	(40, -69)	diamond	red	same	left	left	(80, 0)	(-39, 69)	search	nr	True	589401	590179	left	85	160	10	110	35	60	None	None	testing
1	dn	f	18	red	2	(80, 0)	(40, 69)	(-39, 69)	(-80, 0)	(-40, -69)	(40, -69)	circle	red	same	right	right	(80, 0)	(-80, 0)	search	nr	True	591371	591987	right	10	60	35	135	160	85	None	None	testing
1	dn	f	18	red	2	(80, 0)	(40, 69)	(-39, 69)	(-80, 0)	(-40, -69)	(40, -69)	circle	red	dif	left	left	(80, 0)	(-80, 0)	search	nr	True	593191	593731	left	35	135	160	85	10	60	None	None	testing
1	dn	f	18	red	2	(80, 0)	(40, 69)	(-39, 69)	(-80, 0)	(-40, -69)	(40, -69)	diamond	red	dif	left	left	(-80, 0)	(40, -69)	probe	l_sin	None	None	None	None	160	110	60	10	135	35	(-80, 0)	145	testing
1	dn	f	18	red	2	(80, 0)	(40, 69)	(-39, 69)	(-80, 0)	(-40, -69)	(40, -69)	diamond	none	same	left	left	N_dist	(40, 69)	search	nr	True	602959	603667	left	110	85	35	60	10	135	None	None	testing
1	dn	f	18	red	2	(80, 0)	(40, 69)	(-39, 69)	(-80, 0)	(-40, -69)	(40, -69)	circle	red	same	left	left	(80, 0)	(40, -69)	search	nr	True	604963	605828	left	85	135	10	60	160	35	None	None	testing
1	dn	f	18	red	2	(80, 0)	(40, 69)	(-39, 69)	(-80, 0)	(-40, -69)	(40, -69)	diamond	red	dif	left	left	(-40, -69)	(-80, 0)	search	nr	True	607117	607924	left	35	135	160	60	85	110	None	None	testing
1	dn	f	18	red	2	(80, 0)	(40, 69)	(-39, 69)	(-80, 0)	(-40, -69)	(40, -69)	circle	red	same	left	left	(40, 69)	(-40, -69)	probe	l_sin	None	None	None	None	60	160	85	10	110	35	(40, 69)	24	testing
1	dn	f	18	red	2	(80, 0)	(40, 69)	(-39, 69)	(-80, 0)	(-40, -69)	(40, -69)	diamond	none	same	right	right	N_dist	(40, 69)	search	nr	True	613478	614067	right	135	160	60	10	110	35	None	None	testing
1	dn	f	18	red	2	(80, 0)	(40, 69)	(-39, 69)	(-80, 0)	(-40, -69)	(40, -69)	diamond	none	dif	left	left	N_dist	(40, -69)	search	nr	True	615132	615779	left	85	35	160	10	60	135	None	None	testing
1	dn	f	18	red	2	(80, 0)	(40, 69)	(-39, 69)	(-80, 0)	(-40, -69)	(40, -69)	circle	none	dif	left	left	N_dist	(-40, -69)	probe	l_norm	None	None	None	None	10	135	160	85	110	60	(40, 69)	25	testing
1	dn	f	18	red	2	(80, 0)	(40, 69)	(-39, 69)	(-80, 0)	(-40, -69)	(40, -69)	diamond	red	same	left	left	(80, 0)	(-80, 0)	probe	h_sin	None	None	None	None	60	10	160	35	110	85	(80, 0)	162	testing
1	dn	f	18	red	2	(80, 0)	(40, 69)	(-39, 69)	(-80, 0)	(-40, -69)	(40, -69)	diamond	none	same	left	left	N_dist	(-80, 0)	search	nr	True	624599	625300	left	110	60	160	85	35	10	None	None	testing
1	dn	f	18	red	2	(80, 0)	(40, 69)	(-39, 69)	(-80, 0)	(-40, -69)	(40, -69)	circle	none	same	left	left	N_dist	(40, 69)	search	nr	True	626435	627027	left	135	10	110	60	160	35	None	None	testing
1	dn	f	18	red	2	(80, 0)	(40, 69)	(-39, 69)	(-80, 0)	(-40, -69)	(40, -69)	circle	red	dif	right	right	(-80, 0)	(40, -69)	search	nr	True	628173	628756	right	160	110	60	135	10	85	None	None	testing
1	dn	f	18	red	2	(80, 0)	(40, 69)	(-39, 69)	(-80, 0)	(-40, -69)	(40, -69)	circle	red	same	left	left	(-80, 0)	(-39, 69)	search	nr	True	629842	630563	left	85	135	110	160	35	10	None	None	testing
1	dn	f	18	red	2	(80, 0)	(40, 69)	(-39, 69)	(-80, 0)	(-40, -69)	(40, -69)	diamond	none	same	right	right	N_dist	(-39, 69)	probe	h_norm	None	None	None	None	110	85	60	35	135	10	(80, 0)	14	testing
1	dn	f	18	red	2	(80, 0)	(40, 69)	(-39, 69)	(-80, 0)	(-40, -69)	(40, -69)	diamond	red	same	left	left	(80, 0)	(40, 69)	probe	h_sin	None	None	None	None	135	160	85	35	10	110	(80, 0)	23	testing
1	dn	f	18	red	2	(80, 0)	(40, 69)	(-39, 69)	(-80, 0)	(-40, -69)	(40, -69)	diamond	red	dif	left	left	(-40, -69)	(40, 69)	search	nr	True	638975	639716	left	160	35	85	135	10	60	None	None	testing
1	dn	f	18	red	2	(80, 0)	(40, 69)	(-39, 69)	(-80, 0)	(-40, -69)	(40, -69)	diamond	red	dif	right	right	(80, 0)	(40, -69)	search	nr	True	640963	641844	right	135	35	85	160	110	60	None	None	testing
1	dn	f	18	red	2	(80, 0)	(40, 69)	(-39, 69)	(-80, 0)	(-40, -69)	(40, -69)	diamond	red	dif	right	right	(80, 0)	(40, 69)	probe	norm	None	None	None	None	10	160	110	135	35	60	(-80, 0)	6	testing
1	dn	f	18	red	2	(80, 0)	(40, 69)	(-39, 69)	(-80, 0)	(-40, -69)	(40, -69)	circle	red	dif	left	left	(40, -69)	(40, 69)	search	nr	True	646522	647187	left	160	60	85	10	35	135	None	None	testing
1	dn	f	18	red	2	(80, 0)	(40, 69)	(-39, 69)	(-80, 0)	(-40, -69)	(40, -69)	diamond	red	same	left	left	(80, 0)	(-80, 0)	search	nr	True	648260	648979	left	85	35	60	10	135	110	None	None	testing
1	dn	f	18	red	2	(80, 0)	(40, 69)	(-39, 69)	(-80, 0)	(-40, -69)	(40, -69)	diamond	red	dif	left	left	(-40, -69)	(40, 69)	search	nr	True	650262	650916	left	160	110	10	135	85	60	None	None	testing
1	dn	f	18	red	2	(80, 0)	(40, 69)	(-39, 69)	(-80, 0)	(-40, -69)	(40, -69)	diamond	none	dif	right	right	N_dist	(-40, -69)	probe	l_norm	None	None	None	None	135	85	35	110	160	10	(-39, 69)	168	testing
1	dn	f	18	red	2	(80, 0)	(40, 69)	(-39, 69)	(-80, 0)	(-40, -69)	(40, -69)	circle	red	same	right	right	(80, 0)	(-39, 69)	search	nr	True	655623	656260	right	60	135	10	35	110	160	None	None	testing
1	dn	f	18	red	2	(80, 0)	(40, 69)	(-39, 69)	(-80, 0)	(-40, -69)	(40, -69)	circle	none	dif	left	left	N_dist	(-80, 0)	probe	l_norm	None	None	None	None	160	85	110	135	10	60	(-40, -69)	157	testing
1	dn	f	18	red	2	(80, 0)	(40, 69)	(-39, 69)	(-80, 0)	(-40, -69)	(40, -69)	diamond	red	dif	left	left	(-40, -69)	(40, 69)	search	nr	True	662168	662739	left	135	35	10	160	110	85	None	None	testing
1	dn	f	18	red	2	(80, 0)	(40, 69)	(-39, 69)	(-80, 0)	(-40, -69)	(40, -69)	circle	red	same	left	left	(80, 0)	(-39, 69)	search	nr	True	663887	664628	left	160	35	110	135	60	85	None	None	testing
1	dn	f	18	red	2	(80, 0)	(40, 69)	(-39, 69)	(-80, 0)	(-40, -69)	(40, -69)	diamond	red	dif	left	left	(-39, 69)	(-80, 0)	probe	l_sin	None	None	None	None	35	10	85	160	60	110	(-39, 69)	174	testing
1	dn	f	18	red	2	(80, 0)	(40, 69)	(-39, 69)	(-80, 0)	(-40, -69)	(40, -69)	diamond	red	same	left	left	(-40, -69)	(40, 69)	probe	l_sin	None	None	None	None	10	35	85	135	60	160	(-40, -69)	171	testing
1	dn	f	18	red	2	(80, 0)	(40, 69)	(-39, 69)	(-80, 0)	(-40, -69)	(40, -69)	diamond	red	same	left	left	(80, 0)	(40, 69)	search	nr	True	676561	677315	left	160	135	85	35	60	110	None	None	testing
1	dn	f	18	red	2	(80, 0)	(40, 69)	(-39, 69)	(-80, 0)	(-40, -69)	(40, -69)	diamond	none	dif	right	right	N_dist	(80, 0)	probe	h_tar	None	None	None	None	110	135	60	85	10	35	(80, 0)	10	testing
1	dn	f	18	red	2	(80, 0)	(40, 69)	(-39, 69)	(-80, 0)	(-40, -69)	(40, -69)	diamond	none	same	right	right	N_dist	(80, 0)	search	nr	True	684609	685219	right	10	85	60	110	135	35	None	None	testing
1	dn	f	18	red	2	(80, 0)	(40, 69)	(-39, 69)	(-80, 0)	(-40, -69)	(40, -69)	diamond	none	same	left	left	N_dist	(-39, 69)	search	nr	True	686413	686964	left	35	85	110	60	10	135	None	None	testing
1	dn	f	18	red	2	(80, 0)	(40, 69)	(-39, 69)	(-80, 0)	(-40, -69)	(40, -69)	circle	red	dif	right	right	(-39, 69)	(-40, -69)	search	nr	True	688133	689059	right	10	135	60	85	160	110	None	None	testing
1	dn	f	18	red	2	(80, 0)	(40, 69)	(-39, 69)	(-80, 0)	(-40, -69)	(40, -69)	diamond	red	dif	left	left	(80, 0)	(-80, 0)	probe	tar	None	None	None	None	160	35	85	60	135	10	(-80, 0)	172	testing
1	dn	f	18	red	2	(80, 0)	(40, 69)	(-39, 69)	(-80, 0)	(-40, -69)	(40, -69)	diamond	red	dif	right	right	(80, 0)	(40, 69)	search	nr	True	693743	694340	right	160	135	10	110	60	35	None	None	testing
1	dn	f	18	red	2	(80, 0)	(40, 69)	(-39, 69)	(-80, 0)	(-40, -69)	(40, -69)	circle	none	dif	right	right	N_dist	(-40, -69)	search	nr	True	695396	696164	right	160	60	10	85	35	110	None	None	testing
1	dn	f	18	red	2	(80, 0)	(40, 69)	(-39, 69)	(-80, 0)	(-40, -69)	(40, -69)	circle	red	same	right	right	(40, -69)	(40, 69)	search	nr	True	697399	697971	right	160	60	10	110	35	85	None	None	testing
1	dn	f	18	red	2	(80, 0)	(40, 69)	(-39, 69)	(-80, 0)	(-40, -69)	(40, -69)	diamond	none	dif	right	right	N_dist	(40, -69)	search	nr	True	699086	699828	right	10	135	160	85	60	110	None	None	testing
1	dn	f	18	red	2	(80, 0)	(40, 69)	(-39, 69)	(-80, 0)	(-40, -69)	(40, -69)	circle	none	dif	left	left	N_dist	(-80, 0)	probe	l_norm	None	None	None	None	60	135	10	110	35	160	(-39, 69)	63	testing
1	dn	f	18	red	2	(80, 0)	(40, 69)	(-39, 69)	(-80, 0)	(-40, -69)	(40, -69)	circle	none	dif	left	left	N_dist	(-80, 0)	search	nr	True	706900	707475	left	60	135	35	160	10	110	None	None	testing
1	dn	f	18	red	2	(80, 0)	(40, 69)	(-39, 69)	(-80, 0)	(-40, -69)	(40, -69)	diamond	red	dif	left	left	(80, 0)	(-39, 69)	probe	tar	None	None	None	None	110	10	160	85	60	135	(-39, 69)	28	testing
1	dn	f	18	red	2	(80, 0)	(40, 69)	(-39, 69)	(-80, 0)	(-40, -69)	(40, -69)	diamond	none	dif	right	right	N_dist	(-40, -69)	probe	l_tar	None	None	None	None	110	60	85	160	135	35	(-40, -69)	20	testing
1	dn	f	18	red	2	(80, 0)	(40, 69)	(-39, 69)	(-80, 0)	(-40, -69)	(40, -69)	circle	none	dif	left	left	N_dist	(-40, -69)	search	nr	True	717987	718659	left	10	110	35	160	85	135	None	None	testing
1	dn	f	18	red	2	(80, 0)	(40, 69)	(-39, 69)	(-80, 0)	(-40, -69)	(40, -69)	circle	none	same	right	right	N_dist	(40, -69)	probe	l_tar	None	None	None	None	110	10	60	160	35	85	(40, -69)	170	testing
1	dn	f	18	red	2	(80, 0)	(40, 69)	(-39, 69)	(-80, 0)	(-40, -69)	(40, -69)	diamond	none	dif	left	left	N_dist	(40, -69)	probe	h_norm	None	None	None	None	110	10	135	35	160	60	(80, 0)	11	testing
1	dn	f	18	red	2	(80, 0)	(40, 69)	(-39, 69)	(-80, 0)	(-40, -69)	(40, -69)	circle	red	same	right	right	(80, 0)	(-80, 0)	search	nr	True	727387	728019	right	35	85	135	10	60	110	None	None	testing
1	dn	f	18	red	2	(80, 0)	(40, 69)	(-39, 69)	(-80, 0)	(-40, -69)	(40, -69)	circle	red	dif	right	right	(40, 69)	(-40, -69)	search	nr	True	729258	729859	right	160	135	110	35	10	60	None	None	testing
1	dn	f	18	red	2	(80, 0)	(40, 69)	(-39, 69)	(-80, 0)	(-40, -69)	(40, -69)	circle	red	dif	left	left	(-39, 69)	(40, -69)	search	nr	True	730944	731571	left	35	160	60	110	85	10	None	None	testing
1	dn	f	18	red	2	(80, 0)	(40, 69)	(-39, 69)	(-80, 0)	(-40, -69)	(40, -69)	diamond	red	dif	left	left	(80, 0)	(-39, 69)	search	nr	True	732631	733491	left	10	110	60	160	85	135	None	None	testing
1	dn	f	18	red	2	(80, 0)	(40, 69)	(-39, 69)	(-80, 0)	(-40, -69)	(40, -69)	diamond	none	dif	left	left	N_dist	(-39, 69)	search	nr	True	734668	735315	left	35	10	85	110	60	135	None	None	testing
1	dn	f	18	red	2	(80, 0)	(40, 69)	(-39, 69)	(-80, 0)	(-40, -69)	(40, -69)	diamond	red	dif	right	right	(80, 0)	(40, -69)	probe	tar	None	None	None	None	110	85	135	160	10	60	(40, -69)	161	testing
1	dn	f	18	red	2	(80, 0)	(40, 69)	(-39, 69)	(-80, 0)	(-40, -69)	(40, -69)	circle	none	dif	left	left	N_dist	(40, 69)	search	nr	True	741414	742004	left	10	85	135	160	60	110	None	None	testing
1	dn	f	18	red	2	(80, 0)	(40, 69)	(-39, 69)	(-80, 0)	(-40, -69)	(40, -69)	circle	none	dif	right	right	N_dist	(80, 0)	probe	h_tar	None	None	None	None	10	60	160	85	35	135	(80, 0)	51	testing
1	dn	f	18	red	2	(80, 0)	(40, 69)	(-39, 69)	(-80, 0)	(-40, -69)	(40, -69)	diamond	none	same	left	left	N_dist	(-40, -69)	search	nr	True	748360	749107	left	85	160	110	35	135	60	None	None	testing
1	dn	f	18	red	2	(80, 0)	(40, 69)	(-39, 69)	(-80, 0)	(-40, -69)	(40, -69)	diamond	red	same	right	right	(40, 69)	(-80, 0)	search	nr	True	750381	751011	right	35	160	110	85	10	60	None	None	testing
1	dn	f	18	red	2	(80, 0)	(40, 69)	(-39, 69)	(-80, 0)	(-40, -69)	(40, -69)	circle	none	dif	right	right	N_dist	(-40, -69)	probe	l_tar	None	None	None	None	60	160	35	110	135	85	(-40, -69)	10	testing
1	dn	f	18	red	2	(80, 0)	(40, 69)	(-39, 69)	(-80, 0)	(-40, -69)	(40, -69)	circle	none	same	right	right	N_dist	(-39, 69)	search	nr	True	756224	756899	right	110	60	160	10	135	85	None	None	testing
1	dn	f	18	red	2	(80, 0)	(40, 69)	(-39, 69)	(-80, 0)	(-40, -69)	(40, -69)	diamond	red	dif	right	right	(80, 0)	(-40, -69)	search	nr	True	758045	758739	right	60	85	160	135	110	35	None	None	testing
1	dn	f	18	red	2	(80, 0)	(40, 69)	(-39, 69)	(-80, 0)	(-40, -69)	(40, -69)	diamond	red	same	right	right	(80, 0)	(-39, 69)	probe	norm	None	None	None	None	35	85	160	60	110	135	(40, -69)	16	testing
1	dn	f	18	red	2	(80, 0)	(40, 69)	(-39, 69)	(-80, 0)	(-40, -69)	(40, -69)	diamond	none	dif	right	right	N_dist	(40, 69)	probe	h_norm	None	None	None	None	135	160	85	110	60	10	(80, 0)	17	testing
1	dn	f	18	red	2	(80, 0)	(40, 69)	(-39, 69)	(-80, 0)	(-40, -69)	(40, -69)	circle	red	same	right	right	(40, -69)	(40, 69)	probe	norm	None	None	None	None	85	135	110	35	160	10	(-80, 0)	178	testing
1	dn	f	18	red	2	(80, 0)	(40, 69)	(-39, 69)	(-80, 0)	(-40, -69)	(40, -69)	diamond	red	same	right	right	(80, 0)	(-39, 69)	search	nr	True	771018	772531	right	60	110	35	160	85	10	None	None	testing
1	dn	f	18	red	2	(80, 0)	(40, 69)	(-39, 69)	(-80, 0)	(-40, -69)	(40, -69)	diamond	red	same	right	right	(80, 0)	(40, 69)	probe	norm	None	None	None	None	160	85	110	10	60	135	(-40, -69)	161	testing
1	dn	f	18	red	2	(80, 0)	(40, 69)	(-39, 69)	(-80, 0)	(-40, -69)	(40, -69)	diamond	red	dif	left	left	(80, 0)	(40, -69)	probe	tar	None	None	None	None	10	135	85	35	110	60	(40, -69)	174	testing
1	dn	f	18	red	2	(80, 0)	(40, 69)	(-39, 69)	(-80, 0)	(-40, -69)	(40, -69)	diamond	red	dif	left	left	(-80, 0)	(40, -69)	search	nr	True	781922	782562	left	135	110	85	160	60	35	None	None	testing
1	dn	f	18	red	2	(80, 0)	(40, 69)	(-39, 69)	(-80, 0)	(-40, -69)	(40, -69)	circle	red	dif	left	left	(80, 0)	(40, 69)	search	nr	True	783825	784691	left	85	160	110	10	35	60	None	None	testing
1	dn	f	18	red	2	(80, 0)	(40, 69)	(-39, 69)	(-80, 0)	(-40, -69)	(40, -69)	circle	none	same	left	left	N_dist	(-40, -69)	search	nr	True	785895	786548	left	60	35	160	135	10	110	None	None	testing
1	dn	f	18	red	2	(80, 0)	(40, 69)	(-39, 69)	(-80, 0)	(-40, -69)	(40, -69)	diamond	red	dif	left	left	(-40, -69)	(40, 69)	probe	norm	None	None	None	None	10	160	60	85	110	35	(-80, 0)	179	testing
1	dn	f	18	red	2	(80, 0)	(40, 69)	(-39, 69)	(-80, 0)	(-40, -69)	(40, -69)	diamond	red	dif	right	right	(80, 0)	(40, 69)	probe	norm	None	None	None	None	135	160	110	60	35	10	(-40, -69)	154	testing
1	dn	f	18	red	2	(80, 0)	(40, 69)	(-39, 69)	(-80, 0)	(-40, -69)	(40, -69)	diamond	red	same	left	left	(80, 0)	(-40, -69)	search	nr	True	795964	796659	left	35	110	85	60	10	160	None	None	testing
1	dn	f	18	red	2	(80, 0)	(40, 69)	(-39, 69)	(-80, 0)	(-40, -69)	(40, -69)	diamond	red	dif	left	left	(-40, -69)	(40, 69)	probe	l_sin	None	None	None	None	60	35	10	110	160	85	(-40, -69)	24	testing
1	dn	f	18	red	2	(80, 0)	(40, 69)	(-39, 69)	(-80, 0)	(-40, -69)	(40, -69)	circle	red	dif	left	left	(-40, -69)	(40, 69)	search	nr	True	802660	803267	left	85	135	10	160	60	35	None	None	testing
1	dn	f	18	red	2	(80, 0)	(40, 69)	(-39, 69)	(-80, 0)	(-40, -69)	(40, -69)	diamond	red	same	right	right	(80, 0)	(-39, 69)	probe	h_sin	None	None	None	None	85	60	10	35	160	135	(80, 0)	7	testing
1	dn	f	18	red	2	(80, 0)	(40, 69)	(-39, 69)	(-80, 0)	(-40, -69)	(40, -69)	circle	none	same	right	right	N_dist	(-39, 69)	probe	h_norm	None	None	None	None	110	85	160	60	35	135	(80, 0)	12	testing
1	dn	f	18	red	2	(80, 0)	(40, 69)	(-39, 69)	(-80, 0)	(-40, -69)	(40, -69)	circle	red	dif	right	right	(80, 0)	(-40, -69)	probe	norm	None	None	None	None	110	135	160	35	10	60	(40, -69)	167	testing
1	dn	f	18	red	2	(80, 0)	(40, 69)	(-39, 69)	(-80, 0)	(-40, -69)	(40, -69)	diamond	red	dif	left	left	(80, 0)	(-39, 69)	search	nr	True	816652	817347	left	35	10	110	135	60	160	None	None	testing
1	dn	f	18	red	2	(80, 0)	(40, 69)	(-39, 69)	(-80, 0)	(-40, -69)	(40, -69)	circle	red	dif	left	left	(80, 0)	(40, -69)	search	nr	True	818589	820132	left	60	35	10	85	160	110	None	None	testing
1	dn	f	18	red	2	(80, 0)	(40, 69)	(-39, 69)	(-80, 0)	(-40, -69)	(40, -69)	diamond	red	dif	right	right	(80, 0)	(40, -69)	search	nr	True	821327	822915	right	85	135	60	35	160	110	None	None	testing
1	dn	f	18	red	2	(80, 0)	(40, 69)	(-39, 69)	(-80, 0)	(-40, -69)	(40, -69)	circle	none	same	left	left	N_dist	(40, 69)	search	nr	True	824199	824964	left	35	110	60	85	10	135	None	None	testing
1	dn	f	18	red	2	(80, 0)	(40, 69)	(-39, 69)	(-80, 0)	(-40, -69)	(40, -69)	circle	red	dif	left	left	(40, -69)	(40, 69)	probe	l_sin	None	None	None	None	160	110	135	35	60	10	(40, -69)	58	testing
1	dn	f	18	red	2	(80, 0)	(40, 69)	(-39, 69)	(-80, 0)	(-40, -69)	(40, -69)	circle	none	same	left	left	N_dist	(40, -69)	probe	l_tar	None	None	None	None	10	60	85	35	110	160	(40, -69)	23	testing
1	dn	f	18	red	2	(80, 0)	(40, 69)	(-39, 69)	(-80, 0)	(-40, -69)	(40, -69)	circle	none	same	left	left	N_dist	(40, 69)	probe	l_norm	None	None	None	None	160	10	60	35	110	135	(-39, 69)	168	testing
1	dn	f	18	red	2	(80, 0)	(40, 69)	(-39, 69)	(-80, 0)	(-40, -69)	(40, -69)	diamond	red	same	left	left	(80, 0)	(-80, 0)	search	nr	True	838843	839491	left	10	60	110	35	135	160	None	None	testing
1	dn	f	18	red	2	(80, 0)	(40, 69)	(-39, 69)	(-80, 0)	(-40, -69)	(40, -69)	diamond	none	same	right	right	N_dist	(-80, 0)	search	nr	True	840797	841475	right	60	160	85	35	110	135	None	None	testing
1	dn	f	18	red	2	(80, 0)	(40, 69)	(-39, 69)	(-80, 0)	(-40, -69)	(40, -69)	diamond	red	same	left	left	(80, 0)	(40, 69)	search	nr	True	842617	843315	left	135	35	85	160	10	60	None	None	testing
1	dn	f	18	red	2	(80, 0)	(40, 69)	(-39, 69)	(-80, 0)	(-40, -69)	(40, -69)	circle	red	dif	right	right	(-80, 0)	(40, -69)	probe	norm	None	None	None	None	60	10	110	85	160	35	(-40, -69)	16	testing
1	dn	f	18	red	2	(80, 0)	(40, 69)	(-39, 69)	(-80, 0)	(-40, -69)	(40, -69)	diamond	red	dif	left	left	(80, 0)	(-39, 69)	search	nr	True	849463	850195	left	60	110	135	35	10	160	None	None	testing
1	dn	f	18	red	2	(80, 0)	(40, 69)	(-39, 69)	(-80, 0)	(-40, -69)	(40, -69)	circle	red	dif	left	left	(80, 0)	(40, 69)	search	nr	True	851366	851939	left	135	35	60	10	160	110	None	None	testing
1	dn	f	18	red	2	(80, 0)	(40, 69)	(-39, 69)	(-80, 0)	(-40, -69)	(40, -69)	circle	none	same	left	left	N_dist	(40, -69)	search	nr	True	853152	853747	left	60	35	110	160	135	85	None	None	testing
1	dn	f	18	red	2	(80, 0)	(40, 69)	(-39, 69)	(-80, 0)	(-40, -69)	(40, -69)	circle	red	dif	right	right	(-39, 69)	(-40, -69)	search	nr	True	854972	856371	right	135	160	60	10	85	110	None	None	testing
1	dn	f	18	red	2	(80, 0)	(40, 69)	(-39, 69)	(-80, 0)	(-40, -69)	(40, -69)	circle	red	same	left	left	(-80, 0)	(40, 69)	probe	tar	None	None	None	None	60	160	135	35	85	110	(40, 69)	23	testing
1	dn	f	18	red	2	(80, 0)	(40, 69)	(-39, 69)	(-80, 0)	(-40, -69)	(40, -69)	diamond	none	dif	right	right	N_dist	(-40, -69)	search	nr	True	861418	862212	right	35	10	135	85	160	110	None	None	testing
1	dn	f	18	red	2	(80, 0)	(40, 69)	(-39, 69)	(-80, 0)	(-40, -69)	(40, -69)	diamond	red	same	left	left	(80, 0)	(-40, -69)	search	nr	True	863288	864035	left	85	110	135	35	60	10	None	None	testing
1	dn	f	18	red	2	(80, 0)	(40, 69)	(-39, 69)	(-80, 0)	(-40, -69)	(40, -69)	diamond	red	dif	left	left	(-40, -69)	(-80, 0)	search	nr	True	865175	865970	left	135	110	10	60	160	35	None	None	testing
1	dn	f	18	red	2	(80, 0)	(40, 69)	(-39, 69)	(-80, 0)	(-40, -69)	(40, -69)	diamond	red	same	left	left	(80, 0)	(-80, 0)	search	nr	True	867111	867747	left	35	135	60	10	110	85	None	None	testing
1	dn	f	18	red	2	(80, 0)	(40, 69)	(-39, 69)	(-80, 0)	(-40, -69)	(40, -69)	circle	red	dif	left	left	(80, 0)	(-80, 0)	search	nr	True	868915	869716	left	110	35	10	160	135	60	None	None	testing
1	dn	f	18	red	2	(80, 0)	(40, 69)	(-39, 69)	(-80, 0)	(-40, -69)	(40, -69)	circle	red	same	right	right	(40, -69)	(-40, -69)	search	nr	True	870935	871571	right	110	10	135	85	160	60	None	None	testing
1	dn	f	18	red	2	(80, 0)	(40, 69)	(-39, 69)	(-80, 0)	(-40, -69)	(40, -69)	circle	red	same	left	left	(80, 0)	(40, -69)	search	nr	True	872872	873523	left	160	10	60	35	85	135	None	None	testing
1	dn	f	18	red	2	(80, 0)	(40, 69)	(-39, 69)	(-80, 0)	(-40, -69)	(40, -69)	diamond	red	dif	left	left	(80, 0)	(-39, 69)	probe	norm	None	None	None	None	60	110	85	160	35	10	(40, 69)	9	testing
1	dn	f	18	red	2	(80, 0)	(40, 69)	(-39, 69)	(-80, 0)	(-40, -69)	(40, -69)	circle	none	dif	left	left	N_dist	(-80, 0)	search	nr	True	879134	879716	left	10	60	135	160	35	110	None	None	testing
1	dn	f	18	red	2	(80, 0)	(40, 69)	(-39, 69)	(-80, 0)	(-40, -69)	(40, -69)	diamond	none	same	left	left	N_dist	(-80, 0)	search	nr	True	880970	882211	left	135	85	35	60	10	110	None	None	testing
1	dn	f	18	red	2	(80, 0)	(40, 69)	(-39, 69)	(-80, 0)	(-40, -69)	(40, -69)	diamond	red	dif	right	right	(80, 0)	(-40, -69)	search	nr	True	883375	884083	right	35	110	160	85	10	135	None	None	testing
1	dn	f	18	red	2	(80, 0)	(40, 69)	(-39, 69)	(-80, 0)	(-40, -69)	(40, -69)	circle	red	dif	right	right	(-40, -69)	(-39, 69)	search	nr	True	885245	886243	right	160	10	60	110	85	135	None	None	testing
1	dn	f	18	red	2	(80, 0)	(40, 69)	(-39, 69)	(-80, 0)	(-40, -69)	(40, -69)	circle	none	dif	right	right	N_dist	(40, -69)	search	nr	True	887348	887939	right	35	10	60	160	135	110	None	None	testing
1	dn	f	18	red	2	(80, 0)	(40, 69)	(-39, 69)	(-80, 0)	(-40, -69)	(40, -69)	circle	red	same	right	right	(40, -69)	(-40, -69)	search	nr	True	889018	889971	right	35	135	60	10	85	160	None	None	testing
1	dn	f	18	red	2	(80, 0)	(40, 69)	(-39, 69)	(-80, 0)	(-40, -69)	(40, -69)	diamond	none	same	left	left	N_dist	(-80, 0)	probe	l_norm	None	None	None	None	35	110	135	10	85	160	(40, -69)	26	testing
1	dn	f	18	red	2	(80, 0)	(40, 69)	(-39, 69)	(-80, 0)	(-40, -69)	(40, -69)	circle	red	dif	left	left	(80, 0)	(-39, 69)	search	nr	True	896181	897059	left	10	35	135	85	60	110	None	None	testing
1	dn	f	18	red	2	(80, 0)	(40, 69)	(-39, 69)	(-80, 0)	(-40, -69)	(40, -69)	circle	red	dif	left	left	(40, -69)	(40, 69)	search	nr	True	898202	898819	left	85	110	160	135	10	60	None	None	testing
1	dn	f	18	red	2	(80, 0)	(40, 69)	(-39, 69)	(-80, 0)	(-40, -69)	(40, -69)	circle	red	same	right	right	(80, 0)	(-80, 0)	probe	h_sin	None	None	None	None	10	160	110	35	60	85	(80, 0)	146	testing
1	dn	f	18	red	2	(80, 0)	(40, 69)	(-39, 69)	(-80, 0)	(-40, -69)	(40, -69)	diamond	red	dif	right	right	(80, 0)	(40, -69)	search	nr	True	905382	906052	right	85	110	10	135	160	60	None	None	testing
1	dn	f	18	red	2	(80, 0)	(40, 69)	(-39, 69)	(-80, 0)	(-40, -69)	(40, -69)	circle	red	dif	left	left	(40, -69)	(40, 69)	search	nr	True	907286	908132	left	135	160	10	35	60	110	None	None	testing
1	dn	f	18	red	2	(80, 0)	(40, 69)	(-39, 69)	(-80, 0)	(-40, -69)	(40, -69)	diamond	none	dif	left	left	N_dist	(40, -69)	search	nr	True	909206	909763	left	35	10	85	135	160	60	None	None	testing
1	dn	f	18	red	2	(80, 0)	(40, 69)	(-39, 69)	(-80, 0)	(-40, -69)	(40, -69)	circle	red	same	right	right	(80, 0)	(-39, 69)	search	nr	True	910842	911523	right	10	135	60	160	85	35	None	None	testing
1	dn	f	18	red	2	(80, 0)	(40, 69)	(-39, 69)	(-80, 0)	(-40, -69)	(40, -69)	diamond	red	dif	right	right	(80, 0)	(40, 69)	search	nr	True	912812	913475	right	160	60	110	85	10	35	None	None	testing
1	dn	f	18	red	2	(80, 0)	(40, 69)	(-39, 69)	(-80, 0)	(-40, -69)	(40, -69)	circle	none	dif	left	left	N_dist	(40, 69)	search	nr	True	914633	915186	left	135	35	160	85	110	60	None	None	testing
1	dn	f	18	red	2	(80, 0)	(40, 69)	(-39, 69)	(-80, 0)	(-40, -69)	(40, -69)	circle	red	dif	right	right	(-80, 0)	(40, -69)	search	nr	True	916452	916963	right	10	110	35	135	60	85	None	None	testing
1	dn	f	18	red	2	(80, 0)	(40, 69)	(-39, 69)	(-80, 0)	(-40, -69)	(40, -69)	diamond	red	dif	right	right	(80, 0)	(-80, 0)	search	nr	True	918105	918867	right	135	60	85	35	110	10	None	None	testing
1	dn	f	18	red	2	(80, 0)	(40, 69)	(-39, 69)	(-80, 0)	(-40, -69)	(40, -69)	diamond	red	dif	right	right	(80, 0)	(-80, 0)	search	nr	True	920142	920787	right	110	35	60	160	10	85	None	None	testing
1	dn	f	18	red	2	(80, 0)	(40, 69)	(-39, 69)	(-80, 0)	(-40, -69)	(40, -69)	diamond	none	dif	left	left	N_dist	(-80, 0)	search	nr	True	921895	922514	left	60	135	85	160	110	35	None	None	testing
1	dn	f	18	red	2	(80, 0)	(40, 69)	(-39, 69)	(-80, 0)	(-40, -69)	(40, -69)	circle	none	same	left	left	N_dist	(80, 0)	search	nr	True	923666	924340	left	10	35	160	85	135	60	None	None	testing
1	dn	f	18	red	2	(80, 0)	(40, 69)	(-39, 69)	(-80, 0)	(-40, -69)	(40, -69)	diamond	none	same	right	right	N_dist	(-39, 69)	search	nr	True	925435	926131	right	160	60	110	35	10	85	None	None	testing
1	dn	f	18	red	2	(80, 0)	(40, 69)	(-39, 69)	(-80, 0)	(-40, -69)	(40, -69)	diamond	red	dif	left	left	(80, 0)	(-80, 0)	search	nr	True	927256	927891	left	110	160	35	10	85	60	None	None	testing
1	dn	f	18	red	2	(80, 0)	(40, 69)	(-39, 69)	(-80, 0)	(-40, -69)	(40, -69)	circle	red	same	left	left	(80, 0)	(-39, 69)	search	nr	True	929176	930275	left	35	160	60	10	110	135	None	None	testing
1	dn	f	18	red	2	(80, 0)	(40, 69)	(-39, 69)	(-80, 0)	(-40, -69)	(40, -69)	circle	red	dif	right	right	(80, 0)	(40, -69)	search	nr	True	931396	931924	right	10	110	85	135	60	35	None	None	testing
1	dn	f	18	red	2	(80, 0)	(40, 69)	(-39, 69)	(-80, 0)	(-40, -69)	(40, -69)	circle	none	same	right	right	N_dist	(-39, 69)	search	nr	True	933133	933731	right	110	35	160	60	85	10	None	None	testing
1	dn	f	18	red	2	(80, 0)	(40, 69)	(-39, 69)	(-80, 0)	(-40, -69)	(40, -69)	circle	red	same	right	right	(-39, 69)	(-80, 0)	search	nr	True	935037	935587	right	160	85	135	10	110	60	None	None	testing
1	dn	f	18	red	2	(80, 0)	(40, 69)	(-39, 69)	(-80, 0)	(-40, -69)	(40, -69)	diamond	red	same	right	right	(40, 69)	(-80, 0)	search	nr	True	936706	937875	right	160	10	85	110	135	60	None	None	testing
1	dn	f	18	red	2	(80, 0)	(40, 69)	(-39, 69)	(-80, 0)	(-40, -69)	(40, -69)	circle	red	same	left	left	(-80, 0)	(-40, -69)	search	nr	True	938977	940098	left	110	35	160	10	85	60	None	None	testing
1	dn	f	18	red	2	(80, 0)	(40, 69)	(-39, 69)	(-80, 0)	(-40, -69)	(40, -69)	circle	red	same	left	left	(-39, 69)	(-80, 0)	search	nr	True	941298	941811	left	35	160	60	85	135	10	None	None	testing
1	dn	f	18	red	2	(80, 0)	(40, 69)	(-39, 69)	(-80, 0)	(-40, -69)	(40, -69)	circle	red	same	right	right	(80, 0)	(-80, 0)	search	nr	True	943035	943747	right	110	10	135	160	85	35	None	None	testing
1	dn	f	18	red	2	(80, 0)	(40, 69)	(-39, 69)	(-80, 0)	(-40, -69)	(40, -69)	circle	red	dif	right	right	(40, 69)	(-80, 0)	probe	tar	None	None	None	None	85	35	60	135	160	110	(-80, 0)	11	testing
1	dn	f	18	red	2	(80, 0)	(40, 69)	(-39, 69)	(-80, 0)	(-40, -69)	(40, -69)	diamond	none	same	left	left	N_dist	(-40, -69)	probe	l_norm	None	None	None	None	10	60	160	110	135	85	(40, 69)	159	testing
1	dn	f	18	red	2	(80, 0)	(40, 69)	(-39, 69)	(-80, 0)	(-40, -69)	(40, -69)	circle	none	dif	right	right	N_dist	(-40, -69)	search	nr	True	954840	955507	right	160	85	35	110	60	135	None	None	testing
1	dn	f	18	red	2	(80, 0)	(40, 69)	(-39, 69)	(-80, 0)	(-40, -69)	(40, -69)	circle	red	dif	right	right	(80, 0)	(40, -69)	search	nr	True	956626	957187	right	110	10	35	160	60	135	None	None	testing
1	dn	f	18	red	2	(80, 0)	(40, 69)	(-39, 69)	(-80, 0)	(-40, -69)	(40, -69)	circle	red	same	left	left	(40, 69)	(-40, -69)	search	nr	True	958279	958851	left	10	85	160	135	60	35	None	None	testing
1	dn	f	18	red	2	(80, 0)	(40, 69)	(-39, 69)	(-80, 0)	(-40, -69)	(40, -69)	circle	red	dif	right	right	(80, 0)	(40, -69)	probe	tar	None	None	None	None	135	10	85	35	110	60	(40, -69)	170	testing
1	dn	f	18	red	2	(80, 0)	(40, 69)	(-39, 69)	(-80, 0)	(-40, -69)	(40, -69)	diamond	none	dif	right	right	N_dist	(80, 0)	search	nr	True	964474	965395	right	135	60	160	110	10	35	None	None	testing
1	dn	f	18	red	2	(80, 0)	(40, 69)	(-39, 69)	(-80, 0)	(-40, -69)	(40, -69)	diamond	red	dif	left	left	(-39, 69)	(-80, 0)	search	nr	True	966644	967363	left	135	10	35	160	60	85	None	None	testing
1	dn	f	18	red	2	(80, 0)	(40, 69)	(-39, 69)	(-80, 0)	(-40, -69)	(40, -69)	circle	none	dif	left	left	N_dist	(-39, 69)	probe	h_norm	None	None	None	None	35	10	110	85	160	135	(80, 0)	153	testing
1	dn	f	18	red	2	(80, 0)	(40, 69)	(-39, 69)	(-80, 0)	(-40, -69)	(40, -69)	circle	red	dif	left	left	(-40, -69)	(40, 69)	search	nr	True	972906	973507	left	135	160	35	60	85	110	None	None	testing
1	dn	f	18	red	2	(80, 0)	(40, 69)	(-39, 69)	(-80, 0)	(-40, -69)	(40, -69)	diamond	none	same	left	left	N_dist	(40, 69)	search	nr	True	974593	975235	left	35	10	60	160	85	110	None	None	testing
1	dn	f	18	red	2	(80, 0)	(40, 69)	(-39, 69)	(-80, 0)	(-40, -69)	(40, -69)	diamond	red	same	left	left	(-40, -69)	(40, 69)	search	nr	True	976396	976963	left	110	10	135	60	35	160	None	None	testing
1	dn	f	18	red	2	(80, 0)	(40, 69)	(-39, 69)	(-80, 0)	(-40, -69)	(40, -69)	circle	red	same	left	left	(40, -69)	(-40, -69)	search	nr	True	978116	979539	left	110	135	160	85	35	60	None	None	testing
1	dn	f	18	red	2	(80, 0)	(40, 69)	(-39, 69)	(-80, 0)	(-40, -69)	(40, -69)	circle	none	dif	left	left	N_dist	(-80, 0)	search	nr	True	980671	981251	left	35	10	135	110	160	85	None	None	testing
1	dn	f	18	red	2	(80, 0)	(40, 69)	(-39, 69)	(-80, 0)	(-40, -69)	(40, -69)	diamond	red	same	left	left	(-40, -69)	(40, 69)	search	nr	True	982473	983187	left	135	110	85	60	35	10	None	None	testing
1	dn	f	18	red	2	(80, 0)	(40, 69)	(-39, 69)	(-80, 0)	(-40, -69)	(40, -69)	circle	red	same	right	right	(80, 0)	(40, 69)	search	nr	True	984344	985123	right	85	160	110	10	35	60	None	None	testing
1	dn	f	18	red	2	(80, 0)	(40, 69)	(-39, 69)	(-80, 0)	(-40, -69)	(40, -69)	circle	red	dif	left	left	(-80, 0)	(-39, 69)	search	nr	True	986397	987300	left	160	85	60	10	110	35	None	None	testing
1	dn	f	18	red	2	(80, 0)	(40, 69)	(-39, 69)	(-80, 0)	(-40, -69)	(40, -69)	diamond	none	dif	right	right	N_dist	(40, 69)	search	nr	True	988385	989154	right	160	135	85	35	60	110	None	None	testing
1	dn	f	18	red	2	(80, 0)	(40, 69)	(-39, 69)	(-80, 0)	(-40, -69)	(40, -69)	circle	red	same	left	left	(80, 0)	(-39, 69)	search	nr	True	990455	991139	left	60	35	160	135	10	85	None	None	testing
1	dn	f	18	red	2	(80, 0)	(40, 69)	(-39, 69)	(-80, 0)	(-40, -69)	(40, -69)	circle	none	dif	left	left	N_dist	(-39, 69)	search	nr	True	992225	992819	left	160	135	60	110	85	10	None	None	testing
1	dn	f	18	red	2	(80, 0)	(40, 69)	(-39, 69)	(-80, 0)	(-40, -69)	(40, -69)	circle	red	dif	right	right	(80, 0)	(-40, -69)	search	nr	True	993945	994771	right	85	60	110	35	160	10	None	None	testing
1	dn	f	18	red	2	(80, 0)	(40, 69)	(-39, 69)	(-80, 0)	(-40, -69)	(40, -69)	circle	none	same	right	right	N_dist	(80, 0)	search	nr	True	995882	996387	right	60	85	160	10	135	110	None	None	testing
1	dn	f	18	red	2	(80, 0)	(40, 69)	(-39, 69)	(-80, 0)	(-40, -69)	(40, -69)	diamond	red	same	right	right	(40, 69)	(-80, 0)	probe	l_sin	None	None	None	None	85	160	35	10	110	135	(40, 69)	27	testing
1	dn	f	18	red	2	(80, 0)	(40, 69)	(-39, 69)	(-80, 0)	(-40, -69)	(40, -69)	circle	red	same	left	left	(-80, 0)	(-40, -69)	probe	tar	None	None	None	None	35	60	85	110	135	10	(-40, -69)	8	testing
1	dn	f	18	red	2	(80, 0)	(40, 69)	(-39, 69)	(-80, 0)	(-40, -69)	(40, -69)	circle	red	same	left	left	(40, -69)	(-40, -69)	probe	tar	None	None	None	None	85	60	160	110	135	10	(-40, -69)	20	testing
1	dn	f	18	red	2	(80, 0)	(40, 69)	(-39, 69)	(-80, 0)	(-40, -69)	(40, -69)	diamond	red	same	left	left	(80, 0)	(40, 69)	search	nr	True	1011444	1012691	left	160	35	10	85	110	60	None	None	testing
1	dn	f	18	red	2	(80, 0)	(40, 69)	(-39, 69)	(-80, 0)	(-40, -69)	(40, -69)	circle	red	same	left	left	(80, 0)	(40, -69)	probe	tar	None	None	None	None	85	10	60	160	35	110	(40, -69)	11	testing
1	dn	f	18	red	2	(80, 0)	(40, 69)	(-39, 69)	(-80, 0)	(-40, -69)	(40, -69)	circle	red	same	right	right	(-39, 69)	(-80, 0)	probe	l_sin	None	None	None	None	135	35	85	10	110	60	(-39, 69)	169	testing
1	dn	f	18	red	2	(80, 0)	(40, 69)	(-39, 69)	(-80, 0)	(-40, -69)	(40, -69)	diamond	red	dif	right	right	(80, 0)	(40, -69)	search	nr	True	1023900	1024707	right	110	10	60	160	35	135	None	None	testing
1	dn	f	18	red	2	(80, 0)	(40, 69)	(-39, 69)	(-80, 0)	(-40, -69)	(40, -69)	circle	red	same	right	right	(80, 0)	(40, 69)	probe	h_sin	None	None	None	None	160	135	10	85	60	110	(80, 0)	32	testing
1	dn	f	18	red	2	(80, 0)	(40, 69)	(-39, 69)	(-80, 0)	(-40, -69)	(40, -69)	diamond	none	dif	right	right	N_dist	(40, 69)	search	nr	True	1029995	1030627	right	85	60	160	135	110	10	None	None	testing
1	dn	f	18	red	2	(80, 0)	(40, 69)	(-39, 69)	(-80, 0)	(-40, -69)	(40, -69)	circle	none	dif	left	left	N_dist	(-40, -69)	search	nr	True	1031831	1032403	left	85	60	35	135	110	10	None	None	testing
1	dn	f	18	red	2	(80, 0)	(40, 69)	(-39, 69)	(-80, 0)	(-40, -69)	(40, -69)	circle	none	same	left	left	N_dist	(40, 69)	search	nr	True	1033651	1034275	left	85	35	110	60	160	10	None	None	testing
1	dn	f	18	red	2	(80, 0)	(40, 69)	(-39, 69)	(-80, 0)	(-40, -69)	(40, -69)	diamond	red	dif	right	right	(80, 0)	(40, -69)	search	nr	True	1035371	1036131	right	60	35	10	135	85	110	None	None	testing
1	dn	f	18	red	2	(80, 0)	(40, 69)	(-39, 69)	(-80, 0)	(-40, -69)	(40, -69)	circle	red	dif	right	right	(80, 0)	(40, -69)	probe	h_sin	None	None	None	None	85	35	110	160	60	135	(80, 0)	10	testing
1	dn	f	18	red	2	(80, 0)	(40, 69)	(-39, 69)	(-80, 0)	(-40, -69)	(40, -69)	circle	none	same	right	right	N_dist	(-39, 69)	probe	l_tar	None	None	None	None	110	60	160	10	135	85	(-39, 69)	28	testing
1	dn	f	18	red	2	(80, 0)	(40, 69)	(-39, 69)	(-80, 0)	(-40, -69)	(40, -69)	diamond	red	same	right	right	(-39, 69)	(-80, 0)	probe	l_sin	None	None	None	None	160	110	60	85	35	135	(-39, 69)	25	testing
1	dn	f	18	red	2	(80, 0)	(40, 69)	(-39, 69)	(-80, 0)	(-40, -69)	(40, -69)	circle	none	dif	right	right	N_dist	(40, -69)	probe	h_norm	None	None	None	None	110	135	35	85	10	60	(80, 0)	16	testing
1	dn	f	18	red	2	(80, 0)	(40, 69)	(-39, 69)	(-80, 0)	(-40, -69)	(40, -69)	diamond	none	dif	right	right	N_dist	(-40, -69)	search	nr	True	1054138	1054851	right	160	135	60	85	10	35	None	None	testing
1	dn	f	18	red	2	(80, 0)	(40, 69)	(-39, 69)	(-80, 0)	(-40, -69)	(40, -69)	diamond	red	same	right	right	(80, 0)	(40, 69)	search	nr	True	1055942	1057171	right	35	110	135	60	160	10	None	None	testing
1	dn	f	18	red	2	(80, 0)	(40, 69)	(-39, 69)	(-80, 0)	(-40, -69)	(40, -69)	circle	red	dif	right	right	(80, 0)	(-80, 0)	search	nr	True	1058330	1058931	right	85	110	160	60	135	10	None	None	testing
1	dn	f	18	red	2	(80, 0)	(40, 69)	(-39, 69)	(-80, 0)	(-40, -69)	(40, -69)	diamond	red	same	left	left	(80, 0)	(40, 69)	search	nr	True	1060233	1060899	left	110	160	135	85	35	60	None	None	testing
1	dn	f	18	red	2	(80, 0)	(40, 69)	(-39, 69)	(-80, 0)	(-40, -69)	(40, -69)	diamond	red	same	right	right	(80, 0)	(40, -69)	probe	norm	None	None	None	None	135	60	35	10	160	110	(-80, 0)	144	testing
1	dn	f	18	red	2	(80, 0)	(40, 69)	(-39, 69)	(-80, 0)	(-40, -69)	(40, -69)	diamond	red	dif	left	left	(-40, -69)	(-80, 0)	probe	l_sin	None	None	None	None	35	85	160	110	60	135	(-40, -69)	155	testing
1	dn	f	18	red	2	(80, 0)	(40, 69)	(-39, 69)	(-80, 0)	(-40, -69)	(40, -69)	diamond	red	same	left	left	(80, 0)	(-40, -69)	search	nr	True	1072706	1073411	left	10	85	110	135	35	60	None	None	testing
1	dn	f	18	red	2	(80, 0)	(40, 69)	(-39, 69)	(-80, 0)	(-40, -69)	(40, -69)	diamond	red	same	left	left	(80, 0)	(-40, -69)	search	nr	True	1074510	1075123	left	110	135	35	60	85	10	None	None	testing
1	dn	f	18	red	2	(80, 0)	(40, 69)	(-39, 69)	(-80, 0)	(-40, -69)	(40, -69)	diamond	red	same	left	left	(80, 0)	(-80, 0)	search	nr	True	1076380	1077058	left	10	135	35	60	85	160	None	None	testing
1	dn	f	18	red	2	(80, 0)	(40, 69)	(-39, 69)	(-80, 0)	(-40, -69)	(40, -69)	circle	none	same	right	right	N_dist	(80, 0)	search	nr	True	1078116	1078658	right	160	60	135	85	35	10	None	None	testing
1	dn	f	18	red	2	(80, 0)	(40, 69)	(-39, 69)	(-80, 0)	(-40, -69)	(40, -69)	circle	red	dif	left	left	(80, 0)	(-80, 0)	probe	h_sin	None	None	None	None	160	60	110	10	35	85	(80, 0)	30	testing
1	dn	f	18	red	2	(80, 0)	(40, 69)	(-39, 69)	(-80, 0)	(-40, -69)	(40, -69)	circle	red	dif	right	right	(40, 69)	(-40, -69)	search	nr	True	1083526	1084355	right	160	110	85	135	35	10	None	None	testing
1	dn	f	18	red	2	(80, 0)	(40, 69)	(-39, 69)	(-80, 0)	(-40, -69)	(40, -69)	circle	red	same	left	left	(80, 0)	(-39, 69)	probe	h_sin	None	None	None	None	60	10	135	35	85	110	(80, 0)	160	testing
1	dn	f	18	red	2	(80, 0)	(40, 69)	(-39, 69)	(-80, 0)	(-40, -69)	(40, -69)	circle	none	same	right	right	N_dist	(-39, 69)	probe	l_norm	None	None	None	None	35	60	110	160	10	85	(-80, 0)	15	testing
1	dn	f	18	red	2	(80, 0)	(40, 69)	(-39, 69)	(-80, 0)	(-40, -69)	(40, -69)	diamond	red	same	left	left	(80, 0)	(40, 69)	search	nr	True	1092760	1093987	left	135	35	110	60	85	10	None	None	testing
