subj	name	gender	age	dist	run	tar_locs1	tar_locs2	tar_locs3	tar_locs4	tar_locs5	tar_locs6	shape	dist	td_dif	detection	resp_key	dis_loc	tar_loc	task_type	probe_cond	gotKey	startTime	respTime	resp	o1	o2	o3	o4	o5	o6	pro_loc	ori_resp	mode
1	dn	f	19	red	1	(80, 0)	(40, 69)	(-39, 69)	(-80, 0)	(-40, -69)	(40, -69)	diamond	red	dif	left	left	(-80, 0)	(-39, 69)	probe	l_sin	None	None	None	None	85	135	35	160	10	60	(-80, 0)	18	practice
1	dn	f	19	red	1	(80, 0)	(40, 69)	(-39, 69)	(-80, 0)	(-40, -69)	(40, -69)	diamond	red	same	left	left	(40, 69)	(40, -69)	search	nr	True	179402	181203	left	60	110	160	35	85	10	None	None	practice
1	dn	f	19	red	1	(80, 0)	(40, 69)	(-39, 69)	(-80, 0)	(-40, -69)	(40, -69)	circle	red	dif	right	right	(80, 0)	(-80, 0)	search	nr	True	182408	183444	right	160	135	60	85	35	10	None	None	practice
1	dn	f	19	red	1	(80, 0)	(40, 69)	(-39, 69)	(-80, 0)	(-40, -69)	(40, -69)	circle	none	same	left	left	N_dist	(-80, 0)	probe	h_norm	None	None	None	None	160	110	10	60	135	85	(80, 0)	68	practice
1	dn	f	19	red	1	(80, 0)	(40, 69)	(-39, 69)	(-80, 0)	(-40, -69)	(40, -69)	circle	red	same	right	right	(80, 0)	(-80, 0)	search	nr	True	191724	192436	right	85	135	35	10	160	110	None	None	practice
1	dn	f	19	red	1	(80, 0)	(40, 69)	(-39, 69)	(-80, 0)	(-40, -69)	(40, -69)	circle	red	same	right	right	(80, 0)	(-40, -69)	search	nr	True	193577	194308	right	135	160	85	10	35	110	None	None	practice
1	dn	f	19	red	1	(80, 0)	(40, 69)	(-39, 69)	(-80, 0)	(-40, -69)	(40, -69)	circle	red	same	left	left	(-39, 69)	(40, 69)	probe	tar	None	None	None	None	160	60	10	135	110	85	(40, 69)	154	practice
1	dn	f	19	red	1	(80, 0)	(40, 69)	(-39, 69)	(-80, 0)	(-40, -69)	(40, -69)	circle	none	same	right	right	N_dist	(-39, 69)	probe	l_norm	None	None	None	None	85	135	10	160	60	35	(-40, -69)	149	practice
1	dn	f	19	red	1	(80, 0)	(40, 69)	(-39, 69)	(-80, 0)	(-40, -69)	(40, -69)	diamond	red	dif	left	left	(80, 0)	(40, 69)	search	nr	True	211945	212707	left	60	35	10	85	110	135	None	None	practice
1	dn	f	19	red	1	(80, 0)	(40, 69)	(-39, 69)	(-80, 0)	(-40, -69)	(40, -69)	circle	red	dif	right	right	(40, 69)	(-39, 69)	search	nr	True	213782	214451	right	60	10	160	35	110	135	None	None	practice
1	dn	f	19	red	1	(80, 0)	(40, 69)	(-39, 69)	(-80, 0)	(-40, -69)	(40, -69)	circle	red	same	left	left	(80, 0)	(-39, 69)	probe	tar	None	None	None	None	60	135	35	85	10	160	(-39, 69)	70	practice
1	dn	f	19	red	1	(80, 0)	(40, 69)	(-39, 69)	(-80, 0)	(-40, -69)	(40, -69)	diamond	red	same	left	left	(80, 0)	(-40, -69)	probe	h_sin	None	None	None	None	60	135	85	35	10	160	(80, 0)	100	practice
1	dn	f	19	red	1	(80, 0)	(40, 69)	(-39, 69)	(-80, 0)	(-40, -69)	(40, -69)	circle	red	dif	left	left	(80, 0)	(-39, 69)	search	nr	True	234837	235812	left	135	60	10	110	85	35	None	None	practice
1	dn	f	19	red	1	(80, 0)	(40, 69)	(-39, 69)	(-80, 0)	(-40, -69)	(40, -69)	circle	red	same	right	right	(80, 0)	(40, 69)	search	nr	True	236924	237875	right	85	35	10	60	135	110	None	None	practice
1	dn	f	19	red	1	(80, 0)	(40, 69)	(-39, 69)	(-80, 0)	(-40, -69)	(40, -69)	diamond	red	dif	left	left	(80, 0)	(40, -69)	probe	h_sin	None	None	None	None	160	110	60	135	35	10	(80, 0)	33	practice
1	dn	f	19	red	1	(80, 0)	(40, 69)	(-39, 69)	(-80, 0)	(-40, -69)	(40, -69)	circle	red	dif	right	right	(80, 0)	(-80, 0)	search	nr	True	246959	247860	right	110	35	85	135	60	10	None	None	practice
1	dn	f	19	red	1	(80, 0)	(40, 69)	(-39, 69)	(-80, 0)	(-40, -69)	(40, -69)	circle	none	same	left	left	N_dist	(-40, -69)	probe	l_tar	None	None	None	None	60	10	35	160	110	85	(-40, -69)	173	practice
1	dn	f	19	red	1	(80, 0)	(40, 69)	(-39, 69)	(-80, 0)	(-40, -69)	(40, -69)	diamond	red	dif	right	right	(80, 0)	(40, -69)	search	nr	True	253171	254164	left	60	135	110	10	85	35	None	None	practice
1	dn	f	19	red	1	(80, 0)	(40, 69)	(-39, 69)	(-80, 0)	(-40, -69)	(40, -69)	circle	red	same	left	left	(80, 0)	(40, 69)	search	nr	True	256811	257812	left	135	35	85	160	10	60	None	None	practice
1	dn	f	19	red	1	(80, 0)	(40, 69)	(-39, 69)	(-80, 0)	(-40, -69)	(40, -69)	diamond	none	same	right	right	N_dist	(-80, 0)	search	nr	True	259015	260179	right	160	110	135	35	85	60	None	None	practice
1	dn	f	19	red	1	(80, 0)	(40, 69)	(-39, 69)	(-80, 0)	(-40, -69)	(40, -69)	circle	none	same	right	right	N_dist	(40, 69)	probe	h_norm	None	None	None	None	35	85	60	160	110	10	(80, 0)	148	practice
1	dn	f	19	red	1	(80, 0)	(40, 69)	(-39, 69)	(-80, 0)	(-40, -69)	(40, -69)	circle	red	dif	left	left	(80, 0)	(-80, 0)	search	nr	True	265945	266948	left	85	160	135	110	60	35	None	None	practice
1	dn	f	19	red	1	(80, 0)	(40, 69)	(-39, 69)	(-80, 0)	(-40, -69)	(40, -69)	diamond	red	dif	left	left	(80, 0)	(-40, -69)	search	nr	True	268081	269044	left	160	60	110	35	85	10	None	None	practice
1	dn	f	19	red	1	(80, 0)	(40, 69)	(-39, 69)	(-80, 0)	(-40, -69)	(40, -69)	diamond	red	dif	right	right	(80, 0)	(-40, -69)	search	nr	True	270202	270916	right	85	110	160	10	35	60	None	None	practice
1	dn	f	19	red	1	(80, 0)	(40, 69)	(-39, 69)	(-80, 0)	(-40, -69)	(40, -69)	diamond	none	dif	left	left	N_dist	(-80, 0)	probe	h_norm	None	None	None	None	35	110	160	135	85	60	(80, 0)	144	practice
1	dn	f	19	red	1	(80, 0)	(40, 69)	(-39, 69)	(-80, 0)	(-40, -69)	(40, -69)	diamond	red	same	right	right	(80, 0)	(40, 69)	search	nr	True	276296	277028	right	10	160	110	60	35	85	None	None	practice
1	dn	f	19	red	1	(80, 0)	(40, 69)	(-39, 69)	(-80, 0)	(-40, -69)	(40, -69)	diamond	none	dif	left	left	N_dist	(40, 69)	probe	l_norm	None	None	None	None	110	85	135	35	60	160	(-80, 0)	157	practice
1	dn	f	19	red	1	(80, 0)	(40, 69)	(-39, 69)	(-80, 0)	(-40, -69)	(40, -69)	diamond	none	dif	right	right	N_dist	(-39, 69)	search	nr	True	282658	283715	right	10	160	35	135	110	85	None	None	practice
1	dn	f	19	red	1	(80, 0)	(40, 69)	(-39, 69)	(-80, 0)	(-40, -69)	(40, -69)	circle	red	dif	left	left	(-39, 69)	(-40, -69)	search	nr	True	284779	285700	left	110	35	85	10	160	60	None	None	practice
1	dn	f	19	red	1	(80, 0)	(40, 69)	(-39, 69)	(-80, 0)	(-40, -69)	(40, -69)	diamond	none	dif	right	right	N_dist	(-39, 69)	search	nr	True	286916	288020	right	160	110	85	60	135	35	None	None	practice
1	dn	f	19	red	1	(80, 0)	(40, 69)	(-39, 69)	(-80, 0)	(-40, -69)	(40, -69)	diamond	none	dif	left	left	N_dist	(40, -69)	search	nr	True	289154	290180	left	60	160	85	10	35	135	None	None	practice
1	dn	f	19	red	1	(80, 0)	(40, 69)	(-39, 69)	(-80, 0)	(-40, -69)	(40, -69)	circle	none	same	right	right	N_dist	(-80, 0)	search	nr	True	291291	292068	right	60	35	160	85	10	135	None	None	practice
1	dn	f	19	red	1	(80, 0)	(40, 69)	(-39, 69)	(-80, 0)	(-40, -69)	(40, -69)	diamond	none	same	left	left	N_dist	(80, 0)	probe	h_tar	None	None	None	None	35	110	160	10	60	85	(80, 0)	151	practice
1	dn	f	19	red	1	(80, 0)	(40, 69)	(-39, 69)	(-80, 0)	(-40, -69)	(40, -69)	diamond	red	same	right	right	(80, 0)	(40, 69)	probe	norm	None	None	None	None	60	135	110	160	85	10	(40, -69)	147	practice
1	dn	f	19	red	1	(80, 0)	(40, 69)	(-39, 69)	(-80, 0)	(-40, -69)	(40, -69)	circle	red	dif	left	left	(-39, 69)	(40, 69)	search	nr	True	306686	308131	left	160	10	35	60	110	85	None	None	practice
1	dn	f	19	red	1	(80, 0)	(40, 69)	(-39, 69)	(-80, 0)	(-40, -69)	(40, -69)	circle	none	same	left	left	N_dist	(-80, 0)	probe	l_norm	None	None	None	None	135	60	35	10	160	85	(40, -69)	150	practice
1	dn	f	19	red	1	(80, 0)	(40, 69)	(-39, 69)	(-80, 0)	(-40, -69)	(40, -69)	diamond	red	same	right	right	(80, 0)	(40, 69)	search	nr	True	313983	314787	right	85	160	35	135	60	10	None	None	practice
1	dn	f	19	red	1	(80, 0)	(40, 69)	(-39, 69)	(-80, 0)	(-40, -69)	(40, -69)	diamond	none	dif	right	right	N_dist	(80, 0)	search	nr	True	316086	316788	right	85	60	10	135	110	160	None	None	practice
1	dn	f	19	red	1	(80, 0)	(40, 69)	(-39, 69)	(-80, 0)	(-40, -69)	(40, -69)	diamond	red	dif	left	left	(-80, 0)	(-39, 69)	search	nr	True	318040	319108	left	60	10	35	160	135	85	None	None	practice
1	dn	f	19	red	1	(80, 0)	(40, 69)	(-39, 69)	(-80, 0)	(-40, -69)	(40, -69)	diamond	none	dif	right	right	N_dist	(-80, 0)	search	nr	True	320210	321300	right	85	60	10	160	135	110	None	None	practice
1	dn	f	19	red	1	(80, 0)	(40, 69)	(-39, 69)	(-80, 0)	(-40, -69)	(40, -69)	diamond	red	same	left	left	(80, 0)	(40, -69)	search	nr	True	354891	355780	left	85	110	10	60	160	35	None	None	testing
1	dn	f	19	red	1	(80, 0)	(40, 69)	(-39, 69)	(-80, 0)	(-40, -69)	(40, -69)	diamond	red	dif	right	right	(80, 0)	(40, 69)	search	nr	True	356961	357619	right	35	160	135	10	60	110	None	None	testing
1	dn	f	19	red	1	(80, 0)	(40, 69)	(-39, 69)	(-80, 0)	(-40, -69)	(40, -69)	diamond	none	dif	left	left	N_dist	(40, 69)	search	nr	True	358882	359604	left	85	35	10	110	60	160	None	None	testing
1	dn	f	19	red	1	(80, 0)	(40, 69)	(-39, 69)	(-80, 0)	(-40, -69)	(40, -69)	diamond	red	same	left	left	(80, 0)	(-40, -69)	search	nr	True	360903	361587	left	85	60	160	10	35	135	None	None	testing
1	dn	f	19	red	1	(80, 0)	(40, 69)	(-39, 69)	(-80, 0)	(-40, -69)	(40, -69)	circle	red	dif	right	right	(40, 69)	(-80, 0)	probe	norm	None	None	None	None	135	110	160	35	60	10	(-39, 69)	33	testing
1	dn	f	19	red	1	(80, 0)	(40, 69)	(-39, 69)	(-80, 0)	(-40, -69)	(40, -69)	circle	red	dif	right	right	(80, 0)	(-80, 0)	search	nr	True	367598	368212	right	85	35	135	10	110	60	None	None	testing
1	dn	f	19	red	1	(80, 0)	(40, 69)	(-39, 69)	(-80, 0)	(-40, -69)	(40, -69)	circle	red	same	left	left	(40, -69)	(-40, -69)	search	nr	True	369468	370563	left	160	85	10	60	35	110	None	None	testing
1	dn	f	19	red	1	(80, 0)	(40, 69)	(-39, 69)	(-80, 0)	(-40, -69)	(40, -69)	diamond	none	same	right	right	N_dist	(40, -69)	search	nr	True	371839	372596	right	10	135	85	35	160	60	None	None	testing
1	dn	f	19	red	1	(80, 0)	(40, 69)	(-39, 69)	(-80, 0)	(-40, -69)	(40, -69)	circle	none	dif	left	left	N_dist	(40, 69)	search	nr	True	373659	374596	left	35	10	85	160	110	60	None	None	testing
1	dn	f	19	red	1	(80, 0)	(40, 69)	(-39, 69)	(-80, 0)	(-40, -69)	(40, -69)	diamond	red	same	right	right	(40, -69)	(-80, 0)	search	nr	True	375713	376356	right	10	135	35	60	110	85	None	None	testing
1	dn	f	19	red	1	(80, 0)	(40, 69)	(-39, 69)	(-80, 0)	(-40, -69)	(40, -69)	circle	red	same	left	left	(80, 0)	(-39, 69)	probe	tar	None	None	None	None	60	160	35	10	110	135	(-39, 69)	144	testing
1	dn	f	19	red	1	(80, 0)	(40, 69)	(-39, 69)	(-80, 0)	(-40, -69)	(40, -69)	diamond	red	dif	right	right	(80, 0)	(-39, 69)	probe	norm	None	None	None	None	35	135	60	160	10	110	(40, -69)	34	testing
1	dn	f	19	red	1	(80, 0)	(40, 69)	(-39, 69)	(-80, 0)	(-40, -69)	(40, -69)	diamond	red	dif	right	right	(80, 0)	(-39, 69)	search	nr	True	391108	391732	right	85	10	110	135	160	60	None	None	testing
1	dn	f	19	red	1	(80, 0)	(40, 69)	(-39, 69)	(-80, 0)	(-40, -69)	(40, -69)	circle	red	same	right	right	(80, 0)	(40, -69)	search	nr	True	392994	394020	right	160	10	85	110	135	60	None	None	testing
1	dn	f	19	red	1	(80, 0)	(40, 69)	(-39, 69)	(-80, 0)	(-40, -69)	(40, -69)	diamond	red	dif	left	left	(-40, -69)	(40, -69)	search	nr	True	395081	395940	left	10	60	135	35	85	160	None	None	testing
1	dn	f	19	red	1	(80, 0)	(40, 69)	(-39, 69)	(-80, 0)	(-40, -69)	(40, -69)	diamond	none	same	right	right	N_dist	(40, -69)	probe	h_norm	None	None	None	None	110	10	35	135	85	60	(80, 0)	159	testing
1	dn	f	19	red	1	(80, 0)	(40, 69)	(-39, 69)	(-80, 0)	(-40, -69)	(40, -69)	circle	none	same	left	left	N_dist	(-80, 0)	search	nr	True	401042	401684	right	110	10	85	35	135	60	None	None	testing
1	dn	f	19	red	1	(80, 0)	(40, 69)	(-39, 69)	(-80, 0)	(-40, -69)	(40, -69)	diamond	red	same	right	right	(80, 0)	(40, 69)	search	nr	True	404316	405203	right	85	60	110	35	135	10	None	None	testing
1	dn	f	19	red	1	(80, 0)	(40, 69)	(-39, 69)	(-80, 0)	(-40, -69)	(40, -69)	circle	red	dif	left	left	(-80, 0)	(-39, 69)	probe	tar	None	None	None	None	85	60	10	35	110	135	(-39, 69)	148	testing
1	dn	f	19	red	1	(80, 0)	(40, 69)	(-39, 69)	(-80, 0)	(-40, -69)	(40, -69)	diamond	red	dif	right	right	(80, 0)	(40, -69)	probe	norm	None	None	None	None	85	60	10	135	35	110	(40, 69)	151	testing
1	dn	f	19	red	1	(80, 0)	(40, 69)	(-39, 69)	(-80, 0)	(-40, -69)	(40, -69)	diamond	red	dif	left	left	(80, 0)	(40, -69)	search	nr	True	418191	418932	left	85	160	10	135	35	60	None	None	testing
1	dn	f	19	red	1	(80, 0)	(40, 69)	(-39, 69)	(-80, 0)	(-40, -69)	(40, -69)	circle	red	same	left	left	(40, -69)	(-39, 69)	search	nr	True	420061	421156	left	160	85	35	135	110	10	None	None	testing
1	dn	f	19	red	1	(80, 0)	(40, 69)	(-39, 69)	(-80, 0)	(-40, -69)	(40, -69)	circle	none	dif	left	left	N_dist	(-39, 69)	search	nr	True	422432	423619	left	85	35	60	10	135	160	None	None	testing
1	dn	f	19	red	1	(80, 0)	(40, 69)	(-39, 69)	(-80, 0)	(-40, -69)	(40, -69)	diamond	red	same	right	right	(-80, 0)	(-39, 69)	probe	tar	None	None	None	None	60	10	110	135	35	85	(-39, 69)	169	testing
1	dn	f	19	red	1	(80, 0)	(40, 69)	(-39, 69)	(-80, 0)	(-40, -69)	(40, -69)	diamond	red	same	left	left	(40, 69)	(40, -69)	search	nr	True	430364	431028	left	110	85	135	10	60	35	None	None	testing
1	dn	f	19	red	1	(80, 0)	(40, 69)	(-39, 69)	(-80, 0)	(-40, -69)	(40, -69)	circle	none	same	right	right	N_dist	(40, -69)	probe	l_tar	None	None	None	None	135	10	110	60	85	35	(40, -69)	151	testing
1	dn	f	19	red	1	(80, 0)	(40, 69)	(-39, 69)	(-80, 0)	(-40, -69)	(40, -69)	circle	none	same	right	right	N_dist	(-80, 0)	search	nr	True	437459	438435	right	160	135	10	110	35	60	None	None	testing
1	dn	f	19	red	1	(80, 0)	(40, 69)	(-39, 69)	(-80, 0)	(-40, -69)	(40, -69)	diamond	none	same	right	right	N_dist	(-80, 0)	probe	l_norm	None	None	None	None	10	135	85	60	110	160	(-40, -69)	19	testing
1	dn	f	19	red	1	(80, 0)	(40, 69)	(-39, 69)	(-80, 0)	(-40, -69)	(40, -69)	circle	red	dif	right	right	(80, 0)	(-40, -69)	probe	tar	None	None	None	None	60	110	85	10	35	160	(-40, -69)	151	testing
1	dn	f	19	red	1	(80, 0)	(40, 69)	(-39, 69)	(-80, 0)	(-40, -69)	(40, -69)	diamond	red	same	left	left	(-40, -69)	(40, -69)	search	nr	True	452655	453444	left	135	35	60	110	160	85	None	None	testing
1	dn	f	19	red	1	(80, 0)	(40, 69)	(-39, 69)	(-80, 0)	(-40, -69)	(40, -69)	circle	none	dif	right	right	N_dist	(-40, -69)	probe	l_norm	None	None	None	None	135	35	10	160	60	85	(40, 69)	59	testing
1	dn	f	19	red	1	(80, 0)	(40, 69)	(-39, 69)	(-80, 0)	(-40, -69)	(40, -69)	circle	red	dif	left	left	(40, -69)	(-40, -69)	search	nr	True	459750	461028	left	35	110	160	135	85	10	None	None	testing
1	dn	f	19	red	1	(80, 0)	(40, 69)	(-39, 69)	(-80, 0)	(-40, -69)	(40, -69)	circle	red	same	right	right	(80, 0)	(40, 69)	search	nr	True	462322	462964	right	160	60	110	85	135	35	None	None	testing
1	dn	f	19	red	1	(80, 0)	(40, 69)	(-39, 69)	(-80, 0)	(-40, -69)	(40, -69)	circle	red	same	right	right	(80, 0)	(-80, 0)	probe	norm	None	None	None	None	60	160	110	10	85	35	(40, -69)	77	testing
1	dn	f	19	red	1	(80, 0)	(40, 69)	(-39, 69)	(-80, 0)	(-40, -69)	(40, -69)	diamond	red	dif	right	right	(80, 0)	(-39, 69)	probe	h_sin	None	None	None	None	110	160	60	135	10	35	(80, 0)	16	testing
1	dn	f	19	red	1	(80, 0)	(40, 69)	(-39, 69)	(-80, 0)	(-40, -69)	(40, -69)	diamond	none	dif	right	right	N_dist	(80, 0)	probe	h_tar	None	None	None	None	60	35	110	160	10	85	(80, 0)	155	testing
1	dn	f	19	red	1	(80, 0)	(40, 69)	(-39, 69)	(-80, 0)	(-40, -69)	(40, -69)	diamond	red	same	left	left	(-80, 0)	(40, -69)	search	nr	True	480823	481667	left	135	60	110	85	160	10	None	None	testing
1	dn	f	19	red	1	(80, 0)	(40, 69)	(-39, 69)	(-80, 0)	(-40, -69)	(40, -69)	circle	red	dif	right	right	(-39, 69)	(-40, -69)	probe	l_sin	None	None	None	None	160	110	10	60	85	35	(-39, 69)	63	testing
1	dn	f	19	red	1	(80, 0)	(40, 69)	(-39, 69)	(-80, 0)	(-40, -69)	(40, -69)	diamond	none	same	right	right	N_dist	(40, 69)	search	nr	True	488738	489411	right	110	160	135	85	35	60	None	None	testing
1	dn	f	19	red	1	(80, 0)	(40, 69)	(-39, 69)	(-80, 0)	(-40, -69)	(40, -69)	diamond	red	same	left	left	(-40, -69)	(-80, 0)	probe	norm	None	None	None	None	35	10	60	85	135	110	(40, -69)	28	testing
1	dn	f	19	red	1	(80, 0)	(40, 69)	(-39, 69)	(-80, 0)	(-40, -69)	(40, -69)	diamond	none	same	left	left	N_dist	(80, 0)	probe	h_tar	None	None	None	None	35	160	10	60	135	85	(80, 0)	150	testing
1	dn	f	19	red	1	(80, 0)	(40, 69)	(-39, 69)	(-80, 0)	(-40, -69)	(40, -69)	circle	none	dif	right	right	N_dist	(-40, -69)	probe	l_norm	None	None	None	None	110	60	35	135	10	160	(-80, 0)	23	testing
1	dn	f	19	red	1	(80, 0)	(40, 69)	(-39, 69)	(-80, 0)	(-40, -69)	(40, -69)	diamond	red	dif	right	right	(40, -69)	(40, 69)	search	nr	True	506720	507364	right	10	85	110	160	60	135	None	None	testing
1	dn	f	19	red	1	(80, 0)	(40, 69)	(-39, 69)	(-80, 0)	(-40, -69)	(40, -69)	diamond	red	dif	right	right	(80, 0)	(-39, 69)	search	nr	True	508507	509220	right	35	60	10	160	85	110	None	None	testing
1	dn	f	19	red	1	(80, 0)	(40, 69)	(-39, 69)	(-80, 0)	(-40, -69)	(40, -69)	circle	none	dif	right	right	N_dist	(-80, 0)	probe	h_norm	None	None	None	None	60	85	135	160	10	110	(80, 0)	168	testing
1	dn	f	19	red	1	(80, 0)	(40, 69)	(-39, 69)	(-80, 0)	(-40, -69)	(40, -69)	diamond	none	dif	right	right	N_dist	(80, 0)	search	nr	True	516656	517268	right	60	35	160	85	135	110	None	None	testing
1	dn	f	19	red	1	(80, 0)	(40, 69)	(-39, 69)	(-80, 0)	(-40, -69)	(40, -69)	circle	red	dif	left	left	(-39, 69)	(40, 69)	search	nr	True	518559	519268	left	35	110	135	160	85	60	None	None	testing
1	dn	f	19	red	1	(80, 0)	(40, 69)	(-39, 69)	(-80, 0)	(-40, -69)	(40, -69)	circle	red	dif	right	right	(80, 0)	(-80, 0)	search	nr	True	520530	521283	right	110	160	10	35	60	135	None	None	testing
1	dn	f	19	red	1	(80, 0)	(40, 69)	(-39, 69)	(-80, 0)	(-40, -69)	(40, -69)	diamond	red	dif	right	right	(80, 0)	(-39, 69)	probe	tar	None	None	None	None	85	35	10	60	110	135	(-39, 69)	143	testing
1	dn	f	19	red	1	(80, 0)	(40, 69)	(-39, 69)	(-80, 0)	(-40, -69)	(40, -69)	diamond	none	same	left	left	N_dist	(80, 0)	search	nr	True	530197	530900	left	10	160	135	110	35	85	None	None	testing
1	dn	f	19	red	1	(80, 0)	(40, 69)	(-39, 69)	(-80, 0)	(-40, -69)	(40, -69)	circle	red	same	left	left	(80, 0)	(-80, 0)	probe	tar	None	None	None	None	160	10	110	85	135	60	(-80, 0)	175	testing
1	dn	f	19	red	1	(80, 0)	(40, 69)	(-39, 69)	(-80, 0)	(-40, -69)	(40, -69)	diamond	red	same	left	left	(80, 0)	(-80, 0)	search	nr	True	536058	537236	left	135	35	160	110	10	85	None	None	testing
1	dn	f	19	red	1	(80, 0)	(40, 69)	(-39, 69)	(-80, 0)	(-40, -69)	(40, -69)	circle	red	dif	left	left	(80, 0)	(-39, 69)	search	nr	True	538462	539795	left	110	60	10	160	35	85	None	None	testing
1	dn	f	19	red	1	(80, 0)	(40, 69)	(-39, 69)	(-80, 0)	(-40, -69)	(40, -69)	diamond	red	same	right	right	(80, 0)	(-39, 69)	search	nr	True	540883	541604	right	135	110	60	160	10	85	None	None	testing
1	dn	f	19	red	1	(80, 0)	(40, 69)	(-39, 69)	(-80, 0)	(-40, -69)	(40, -69)	diamond	red	dif	left	left	(80, 0)	(40, -69)	search	nr	True	542904	543652	left	10	135	85	60	35	110	None	None	testing
1	dn	f	19	red	1	(80, 0)	(40, 69)	(-39, 69)	(-80, 0)	(-40, -69)	(40, -69)	circle	none	same	right	right	N_dist	(80, 0)	probe	h_tar	None	None	None	None	35	110	60	160	10	85	(80, 0)	66	testing
1	dn	f	19	red	1	(80, 0)	(40, 69)	(-39, 69)	(-80, 0)	(-40, -69)	(40, -69)	circle	none	dif	right	right	N_dist	(-40, -69)	search	nr	True	549799	550804	right	85	135	35	160	110	60	None	None	testing
1	dn	f	19	red	1	(80, 0)	(40, 69)	(-39, 69)	(-80, 0)	(-40, -69)	(40, -69)	circle	red	same	right	right	(80, 0)	(40, 69)	probe	norm	None	None	None	None	135	35	10	85	60	110	(-39, 69)	31	testing
1	dn	f	19	red	1	(80, 0)	(40, 69)	(-39, 69)	(-80, 0)	(-40, -69)	(40, -69)	diamond	red	same	right	right	(80, 0)	(-80, 0)	search	nr	True	559367	560180	right	160	35	85	110	10	60	None	None	testing
1	dn	f	19	red	1	(80, 0)	(40, 69)	(-39, 69)	(-80, 0)	(-40, -69)	(40, -69)	circle	red	same	left	left	(-39, 69)	(40, 69)	probe	tar	None	None	None	None	35	160	110	10	135	60	(40, 69)	27	testing
1	dn	f	19	red	1	(80, 0)	(40, 69)	(-39, 69)	(-80, 0)	(-40, -69)	(40, -69)	diamond	red	same	right	right	(80, 0)	(40, 69)	probe	norm	None	None	None	None	60	85	135	110	35	10	(40, -69)	56	testing
1	dn	f	19	red	1	(80, 0)	(40, 69)	(-39, 69)	(-80, 0)	(-40, -69)	(40, -69)	circle	none	dif	right	right	N_dist	(80, 0)	probe	h_tar	None	None	None	None	10	110	135	35	160	85	(80, 0)	60	testing
1	dn	f	19	red	1	(80, 0)	(40, 69)	(-39, 69)	(-80, 0)	(-40, -69)	(40, -69)	diamond	red	dif	left	left	(80, 0)	(-40, -69)	search	nr	True	575981	577012	left	135	10	35	160	110	85	None	None	testing
1	dn	f	19	red	1	(80, 0)	(40, 69)	(-39, 69)	(-80, 0)	(-40, -69)	(40, -69)	circle	red	dif	left	left	(80, 0)	(-80, 0)	search	nr	True	578152	578963	left	135	60	160	110	85	35	None	None	testing
1	dn	f	19	red	1	(80, 0)	(40, 69)	(-39, 69)	(-80, 0)	(-40, -69)	(40, -69)	circle	none	same	right	right	N_dist	(40, 69)	search	nr	True	580088	580835	right	60	85	35	160	110	10	None	None	testing
1	dn	f	19	red	1	(80, 0)	(40, 69)	(-39, 69)	(-80, 0)	(-40, -69)	(40, -69)	diamond	none	same	right	right	N_dist	(40, -69)	probe	h_norm	None	None	None	None	85	135	35	160	110	10	(80, 0)	164	testing
1	dn	f	19	red	1	(80, 0)	(40, 69)	(-39, 69)	(-80, 0)	(-40, -69)	(40, -69)	circle	red	same	right	right	(80, 0)	(-80, 0)	search	nr	True	586016	586627	right	160	10	110	60	85	35	None	None	testing
1	dn	f	19	red	1	(80, 0)	(40, 69)	(-39, 69)	(-80, 0)	(-40, -69)	(40, -69)	circle	none	dif	right	right	N_dist	(-40, -69)	search	nr	True	587820	588484	right	35	135	110	160	10	60	None	None	testing
1	dn	f	19	red	1	(80, 0)	(40, 69)	(-39, 69)	(-80, 0)	(-40, -69)	(40, -69)	diamond	red	dif	left	left	(80, 0)	(40, -69)	search	nr	True	589657	590643	left	35	160	60	85	10	135	None	None	testing
1	dn	f	19	red	1	(80, 0)	(40, 69)	(-39, 69)	(-80, 0)	(-40, -69)	(40, -69)	circle	red	same	right	right	(40, 69)	(-80, 0)	probe	tar	None	None	None	None	135	60	10	110	85	160	(-80, 0)	10	testing
1	dn	f	19	red	1	(80, 0)	(40, 69)	(-39, 69)	(-80, 0)	(-40, -69)	(40, -69)	diamond	red	dif	left	left	(-80, 0)	(-39, 69)	probe	l_sin	None	None	None	None	85	160	110	60	35	10	(-80, 0)	170	testing
1	dn	f	19	red	1	(80, 0)	(40, 69)	(-39, 69)	(-80, 0)	(-40, -69)	(40, -69)	diamond	red	dif	right	right	(80, 0)	(-40, -69)	probe	h_sin	None	None	None	None	10	160	85	110	35	135	(80, 0)	18	testing
1	dn	f	19	red	1	(80, 0)	(40, 69)	(-39, 69)	(-80, 0)	(-40, -69)	(40, -69)	circle	red	dif	right	right	(40, -69)	(-80, 0)	search	nr	True	607973	608659	right	110	60	35	160	10	85	None	None	testing
1	dn	f	19	red	1	(80, 0)	(40, 69)	(-39, 69)	(-80, 0)	(-40, -69)	(40, -69)	diamond	red	same	right	right	(40, 69)	(40, -69)	search	nr	True	609944	610963	right	160	10	135	110	85	35	None	None	testing
1	dn	f	19	red	1	(80, 0)	(40, 69)	(-39, 69)	(-80, 0)	(-40, -69)	(40, -69)	diamond	red	same	left	left	(-80, 0)	(40, -69)	search	nr	True	612098	612739	left	135	10	35	60	85	160	None	None	testing
1	dn	f	19	red	1	(80, 0)	(40, 69)	(-39, 69)	(-80, 0)	(-40, -69)	(40, -69)	diamond	none	dif	right	right	N_dist	(-80, 0)	search	nr	True	613917	614564	right	110	60	35	10	85	135	None	None	testing
1	dn	f	19	red	1	(80, 0)	(40, 69)	(-39, 69)	(-80, 0)	(-40, -69)	(40, -69)	diamond	none	dif	left	left	N_dist	(40, -69)	search	nr	True	615738	616324	left	85	135	60	35	10	160	None	None	testing
1	dn	f	19	red	1	(80, 0)	(40, 69)	(-39, 69)	(-80, 0)	(-40, -69)	(40, -69)	circle	red	dif	right	right	(80, 0)	(-80, 0)	search	nr	True	617457	618276	right	160	60	10	35	135	110	None	None	testing
1	dn	f	19	red	1	(80, 0)	(40, 69)	(-39, 69)	(-80, 0)	(-40, -69)	(40, -69)	diamond	red	dif	right	right	(40, -69)	(40, 69)	probe	tar	None	None	None	None	35	135	85	160	60	10	(40, 69)	21	testing
1	dn	f	19	red	1	(80, 0)	(40, 69)	(-39, 69)	(-80, 0)	(-40, -69)	(40, -69)	circle	red	dif	left	left	(80, 0)	(40, -69)	search	nr	True	624637	625283	left	10	60	160	35	85	135	None	None	testing
1	dn	f	19	red	1	(80, 0)	(40, 69)	(-39, 69)	(-80, 0)	(-40, -69)	(40, -69)	circle	none	same	right	right	N_dist	(80, 0)	search	nr	True	626491	627123	right	60	10	110	160	85	135	None	None	testing
1	dn	f	19	red	1	(80, 0)	(40, 69)	(-39, 69)	(-80, 0)	(-40, -69)	(40, -69)	diamond	red	dif	left	left	(80, 0)	(-40, -69)	search	nr	True	628243	629123	left	110	10	160	35	85	135	None	None	testing
1	dn	f	19	red	1	(80, 0)	(40, 69)	(-39, 69)	(-80, 0)	(-40, -69)	(40, -69)	circle	none	same	left	left	N_dist	(-40, -69)	search	nr	True	630247	630915	left	160	60	35	85	10	110	None	None	testing
1	dn	f	19	red	1	(80, 0)	(40, 69)	(-39, 69)	(-80, 0)	(-40, -69)	(40, -69)	circle	none	same	right	right	N_dist	(-39, 69)	search	nr	True	632151	632787	right	60	10	110	85	160	35	None	None	testing
1	dn	f	19	red	1	(80, 0)	(40, 69)	(-39, 69)	(-80, 0)	(-40, -69)	(40, -69)	diamond	red	same	left	left	(40, 69)	(40, -69)	search	nr	True	633921	634579	left	135	110	85	35	10	160	None	None	testing
1	dn	f	19	red	1	(80, 0)	(40, 69)	(-39, 69)	(-80, 0)	(-40, -69)	(40, -69)	circle	red	dif	left	left	(-80, 0)	(40, -69)	search	nr	True	635641	636228	left	35	110	85	160	60	10	None	None	testing
1	dn	f	19	red	1	(80, 0)	(40, 69)	(-39, 69)	(-80, 0)	(-40, -69)	(40, -69)	diamond	red	dif	right	right	(80, 0)	(40, -69)	search	nr	True	637444	638260	right	35	135	10	110	60	85	None	None	testing
1	dn	f	19	red	1	(80, 0)	(40, 69)	(-39, 69)	(-80, 0)	(-40, -69)	(40, -69)	circle	red	same	right	right	(80, 0)	(-80, 0)	search	nr	True	639515	640116	right	85	35	110	135	160	10	None	None	testing
1	dn	f	19	red	1	(80, 0)	(40, 69)	(-39, 69)	(-80, 0)	(-40, -69)	(40, -69)	diamond	none	same	right	right	N_dist	(40, 69)	probe	h_norm	None	None	None	None	10	110	160	85	60	135	(80, 0)	28	testing
1	dn	f	19	red	1	(80, 0)	(40, 69)	(-39, 69)	(-80, 0)	(-40, -69)	(40, -69)	diamond	none	dif	right	right	N_dist	(-80, 0)	search	nr	True	649901	650563	right	160	10	85	110	35	135	None	None	testing
1	dn	f	19	red	1	(80, 0)	(40, 69)	(-39, 69)	(-80, 0)	(-40, -69)	(40, -69)	circle	red	dif	left	left	(40, -69)	(-40, -69)	search	nr	True	651670	652948	left	10	110	60	35	160	135	None	None	testing
1	dn	f	19	red	1	(80, 0)	(40, 69)	(-39, 69)	(-80, 0)	(-40, -69)	(40, -69)	circle	red	dif	left	left	(80, 0)	(-39, 69)	search	nr	True	654058	654804	left	160	85	35	60	10	135	None	None	testing
1	dn	f	19	red	1	(80, 0)	(40, 69)	(-39, 69)	(-80, 0)	(-40, -69)	(40, -69)	diamond	red	same	left	left	(80, 0)	(-40, -69)	probe	norm	None	None	None	None	135	85	110	60	35	160	(40, -69)	29	testing
1	dn	f	19	red	1	(80, 0)	(40, 69)	(-39, 69)	(-80, 0)	(-40, -69)	(40, -69)	diamond	none	same	right	right	N_dist	(-80, 0)	search	nr	True	662741	663556	right	135	10	60	110	160	35	None	None	testing
1	dn	f	19	red	1	(80, 0)	(40, 69)	(-39, 69)	(-80, 0)	(-40, -69)	(40, -69)	diamond	none	same	left	left	N_dist	(40, -69)	search	nr	True	664678	665316	left	135	10	160	60	110	85	None	None	testing
1	dn	f	19	red	1	(80, 0)	(40, 69)	(-39, 69)	(-80, 0)	(-40, -69)	(40, -69)	circle	red	dif	left	left	(-80, 0)	(40, -69)	probe	norm	None	None	None	None	85	60	10	160	135	35	(-40, -69)	24	testing
1	dn	f	19	red	1	(80, 0)	(40, 69)	(-39, 69)	(-80, 0)	(-40, -69)	(40, -69)	diamond	red	same	right	right	(80, 0)	(-40, -69)	probe	norm	None	None	None	None	135	110	85	60	10	160	(-39, 69)	79	testing
1	dn	f	19	red	1	(80, 0)	(40, 69)	(-39, 69)	(-80, 0)	(-40, -69)	(40, -69)	diamond	red	dif	right	right	(80, 0)	(-40, -69)	search	nr	True	683729	684532	right	110	160	10	35	60	135	None	None	testing
1	dn	f	19	red	1	(80, 0)	(40, 69)	(-39, 69)	(-80, 0)	(-40, -69)	(40, -69)	diamond	none	dif	left	left	N_dist	(-80, 0)	search	nr	True	685817	686483	left	10	135	85	35	110	160	None	None	testing
1	dn	f	19	red	1	(80, 0)	(40, 69)	(-39, 69)	(-80, 0)	(-40, -69)	(40, -69)	diamond	red	dif	left	left	(80, 0)	(40, -69)	probe	norm	None	None	None	None	110	60	135	160	35	85	(-80, 0)	0	testing
1	dn	f	19	red	1	(80, 0)	(40, 69)	(-39, 69)	(-80, 0)	(-40, -69)	(40, -69)	circle	none	same	right	right	N_dist	(40, -69)	search	nr	True	691794	692435	right	135	85	110	10	160	60	None	None	testing
1	dn	f	19	red	1	(80, 0)	(40, 69)	(-39, 69)	(-80, 0)	(-40, -69)	(40, -69)	diamond	red	dif	left	left	(-80, 0)	(-39, 69)	search	nr	True	693597	694388	left	35	60	160	135	85	110	None	None	testing
1	dn	f	19	red	1	(80, 0)	(40, 69)	(-39, 69)	(-80, 0)	(-40, -69)	(40, -69)	circle	none	same	left	left	N_dist	(-40, -69)	search	nr	True	695634	696724	left	110	160	60	35	10	85	None	None	testing
1	dn	f	19	red	1	(80, 0)	(40, 69)	(-39, 69)	(-80, 0)	(-40, -69)	(40, -69)	diamond	none	same	left	left	N_dist	(40, 69)	search	nr	True	697955	698595	left	35	60	160	10	110	135	None	None	testing
1	dn	f	19	red	1	(80, 0)	(40, 69)	(-39, 69)	(-80, 0)	(-40, -69)	(40, -69)	diamond	red	dif	right	right	(80, 0)	(-39, 69)	search	nr	True	699809	700484	right	85	110	160	10	135	60	None	None	testing
1	dn	f	19	red	1	(80, 0)	(40, 69)	(-39, 69)	(-80, 0)	(-40, -69)	(40, -69)	diamond	red	dif	left	left	(80, 0)	(40, 69)	search	nr	True	701613	702259	left	135	85	110	160	35	10	None	None	testing
1	dn	f	19	red	1	(80, 0)	(40, 69)	(-39, 69)	(-80, 0)	(-40, -69)	(40, -69)	circle	red	same	right	right	(-39, 69)	(40, 69)	search	nr	True	703549	704211	right	10	60	85	160	110	135	None	None	testing
1	dn	f	19	red	1	(80, 0)	(40, 69)	(-39, 69)	(-80, 0)	(-40, -69)	(40, -69)	diamond	none	dif	left	left	N_dist	(40, 69)	probe	l_norm	None	None	None	None	60	10	110	160	135	85	(-80, 0)	8	testing
1	dn	f	19	red	1	(80, 0)	(40, 69)	(-39, 69)	(-80, 0)	(-40, -69)	(40, -69)	diamond	red	same	right	right	(40, -69)	(-80, 0)	search	nr	True	709877	710995	right	160	35	60	10	110	135	None	None	testing
1	dn	f	19	red	1	(80, 0)	(40, 69)	(-39, 69)	(-80, 0)	(-40, -69)	(40, -69)	circle	red	dif	left	left	(80, 0)	(-80, 0)	search	nr	True	712248	713427	left	85	60	10	135	160	110	None	None	testing
1	dn	f	19	red	1	(80, 0)	(40, 69)	(-39, 69)	(-80, 0)	(-40, -69)	(40, -69)	diamond	red	dif	right	right	(80, 0)	(40, -69)	search	nr	True	714636	715795	right	110	160	135	85	60	10	None	None	testing
1	dn	f	19	red	1	(80, 0)	(40, 69)	(-39, 69)	(-80, 0)	(-40, -69)	(40, -69)	circle	red	dif	left	left	(-39, 69)	(-40, -69)	probe	tar	None	None	None	None	135	60	110	160	85	35	(-40, -69)	170	testing
1	dn	f	19	red	1	(80, 0)	(40, 69)	(-39, 69)	(-80, 0)	(-40, -69)	(40, -69)	circle	red	dif	right	right	(80, 0)	(-80, 0)	probe	h_sin	None	None	None	None	85	10	110	135	35	160	(80, 0)	174	testing
1	dn	f	19	red	1	(80, 0)	(40, 69)	(-39, 69)	(-80, 0)	(-40, -69)	(40, -69)	circle	red	dif	right	right	(40, 69)	(-39, 69)	search	nr	True	726608	727587	right	85	110	60	160	135	35	None	None	testing
1	dn	f	19	red	1	(80, 0)	(40, 69)	(-39, 69)	(-80, 0)	(-40, -69)	(40, -69)	diamond	red	same	left	left	(-39, 69)	(-40, -69)	search	nr	True	728795	729604	left	110	35	160	135	85	60	None	None	testing
1	dn	f	19	red	1	(80, 0)	(40, 69)	(-39, 69)	(-80, 0)	(-40, -69)	(40, -69)	circle	none	same	left	left	N_dist	(-40, -69)	probe	l_tar	None	None	None	None	10	35	60	160	85	135	(-40, -69)	3	testing
1	dn	f	19	red	1	(80, 0)	(40, 69)	(-39, 69)	(-80, 0)	(-40, -69)	(40, -69)	circle	none	dif	right	right	N_dist	(-40, -69)	search	nr	True	737044	737715	right	10	160	135	110	35	85	None	None	testing
1	dn	f	19	red	1	(80, 0)	(40, 69)	(-39, 69)	(-80, 0)	(-40, -69)	(40, -69)	diamond	red	same	left	left	(-80, 0)	(40, -69)	probe	l_sin	None	None	None	None	135	10	35	85	160	110	(-80, 0)	0	testing
1	dn	f	19	red	1	(80, 0)	(40, 69)	(-39, 69)	(-80, 0)	(-40, -69)	(40, -69)	circle	red	dif	right	right	(40, -69)	(-80, 0)	search	nr	True	743323	743891	right	10	135	60	35	85	110	None	None	testing
1	dn	f	19	red	1	(80, 0)	(40, 69)	(-39, 69)	(-80, 0)	(-40, -69)	(40, -69)	circle	red	dif	right	right	(-39, 69)	(-40, -69)	search	nr	True	745075	745747	right	135	35	60	160	85	110	None	None	testing
1	dn	f	19	red	1	(80, 0)	(40, 69)	(-39, 69)	(-80, 0)	(-40, -69)	(40, -69)	diamond	red	dif	left	left	(80, 0)	(40, 69)	probe	h_sin	None	None	None	None	60	110	160	85	10	35	(80, 0)	166	testing
1	dn	f	19	red	1	(80, 0)	(40, 69)	(-39, 69)	(-80, 0)	(-40, -69)	(40, -69)	circle	red	same	right	right	(80, 0)	(-40, -69)	search	nr	True	751571	752211	right	135	160	10	110	35	60	None	None	testing
1	dn	f	19	red	1	(80, 0)	(40, 69)	(-39, 69)	(-80, 0)	(-40, -69)	(40, -69)	diamond	red	dif	left	left	(80, 0)	(40, -69)	search	nr	True	753457	754243	left	160	60	135	10	35	110	None	None	testing
1	dn	f	19	red	1	(80, 0)	(40, 69)	(-39, 69)	(-80, 0)	(-40, -69)	(40, -69)	circle	none	dif	left	left	N_dist	(40, 69)	probe	h_norm	None	None	None	None	160	135	10	60	85	110	(80, 0)	20	testing
1	dn	f	19	red	1	(80, 0)	(40, 69)	(-39, 69)	(-80, 0)	(-40, -69)	(40, -69)	circle	red	dif	left	left	(-39, 69)	(40, 69)	search	nr	True	759451	760067	left	85	10	35	135	110	60	None	None	testing
1	dn	f	19	red	1	(80, 0)	(40, 69)	(-39, 69)	(-80, 0)	(-40, -69)	(40, -69)	circle	red	same	right	right	(-39, 69)	(40, 69)	search	nr	True	761222	761780	right	60	10	160	35	135	85	None	None	testing
1	dn	f	19	red	1	(80, 0)	(40, 69)	(-39, 69)	(-80, 0)	(-40, -69)	(40, -69)	diamond	red	dif	left	left	(-80, 0)	(-39, 69)	search	nr	True	763059	763940	left	110	35	60	160	85	10	None	None	testing
1	dn	f	19	red	1	(80, 0)	(40, 69)	(-39, 69)	(-80, 0)	(-40, -69)	(40, -69)	diamond	red	same	right	right	(-80, 0)	(-39, 69)	search	nr	True	764995	765619	right	35	160	135	110	85	60	None	None	testing
1	dn	f	19	red	1	(80, 0)	(40, 69)	(-39, 69)	(-80, 0)	(-40, -69)	(40, -69)	diamond	red	same	right	right	(-40, -69)	(-80, 0)	search	nr	True	766748	767427	right	110	85	60	10	160	135	None	None	testing
1	dn	f	19	red	1	(80, 0)	(40, 69)	(-39, 69)	(-80, 0)	(-40, -69)	(40, -69)	diamond	red	dif	right	right	(40, -69)	(40, 69)	search	nr	True	768585	769123	right	160	110	60	135	35	10	None	None	testing
1	dn	f	19	red	1	(80, 0)	(40, 69)	(-39, 69)	(-80, 0)	(-40, -69)	(40, -69)	circle	red	same	right	right	(80, 0)	(40, -69)	search	nr	True	770422	771059	right	85	110	160	35	10	135	None	None	testing
1	dn	f	19	red	1	(80, 0)	(40, 69)	(-39, 69)	(-80, 0)	(-40, -69)	(40, -69)	circle	red	same	right	right	(80, 0)	(40, -69)	search	nr	True	772192	772739	right	60	110	160	135	10	85	None	None	testing
1	dn	f	19	red	1	(80, 0)	(40, 69)	(-39, 69)	(-80, 0)	(-40, -69)	(40, -69)	circle	none	same	left	left	N_dist	(-80, 0)	probe	l_norm	None	None	None	None	10	110	160	35	85	135	(-39, 69)	23	testing
1	dn	f	19	red	1	(80, 0)	(40, 69)	(-39, 69)	(-80, 0)	(-40, -69)	(40, -69)	diamond	none	same	right	right	N_dist	(40, 69)	search	nr	True	778503	779075	right	160	10	35	85	110	60	None	None	testing
1	dn	f	19	red	1	(80, 0)	(40, 69)	(-39, 69)	(-80, 0)	(-40, -69)	(40, -69)	diamond	none	same	left	left	N_dist	(-40, -69)	search	nr	True	780257	781524	left	85	135	35	60	110	10	None	None	testing
1	dn	f	19	red	1	(80, 0)	(40, 69)	(-39, 69)	(-80, 0)	(-40, -69)	(40, -69)	circle	red	dif	right	right	(80, 0)	(40, -69)	search	nr	True	782645	783683	right	110	135	10	60	35	85	None	None	testing
1	dn	f	19	red	1	(80, 0)	(40, 69)	(-39, 69)	(-80, 0)	(-40, -69)	(40, -69)	circle	red	same	left	left	(40, -69)	(-40, -69)	probe	l_sin	None	None	None	None	35	60	85	10	160	135	(40, -69)	26	testing
1	dn	f	19	red	1	(80, 0)	(40, 69)	(-39, 69)	(-80, 0)	(-40, -69)	(40, -69)	diamond	none	same	right	right	N_dist	(40, 69)	search	nr	True	790342	790915	right	10	35	85	60	135	160	None	None	testing
1	dn	f	19	red	1	(80, 0)	(40, 69)	(-39, 69)	(-80, 0)	(-40, -69)	(40, -69)	circle	red	dif	left	left	(-80, 0)	(-39, 69)	search	nr	True	792145	793075	left	10	110	160	135	85	60	None	None	testing
1	dn	f	19	red	1	(80, 0)	(40, 69)	(-39, 69)	(-80, 0)	(-40, -69)	(40, -69)	circle	red	dif	right	right	(80, 0)	(-40, -69)	search	nr	True	794200	794835	right	160	110	135	10	60	35	None	None	testing
1	dn	f	19	red	1	(80, 0)	(40, 69)	(-39, 69)	(-80, 0)	(-40, -69)	(40, -69)	circle	red	same	right	right	(80, 0)	(-39, 69)	search	nr	True	796052	796755	right	10	160	60	85	35	135	None	None	testing
1	dn	f	19	red	1	(80, 0)	(40, 69)	(-39, 69)	(-80, 0)	(-40, -69)	(40, -69)	diamond	red	dif	right	right	(80, 0)	(-39, 69)	search	nr	True	797956	798595	right	160	110	135	85	35	10	None	None	testing
1	dn	f	19	red	1	(80, 0)	(40, 69)	(-39, 69)	(-80, 0)	(-40, -69)	(40, -69)	circle	red	same	left	left	(40, -69)	(-40, -69)	search	nr	True	799726	800499	left	135	60	160	10	110	35	None	None	testing
1	dn	f	19	red	1	(80, 0)	(40, 69)	(-39, 69)	(-80, 0)	(-40, -69)	(40, -69)	circle	none	same	left	left	N_dist	(-80, 0)	probe	h_norm	None	None	None	None	85	110	160	135	35	60	(80, 0)	179	testing
1	dn	f	19	red	1	(80, 0)	(40, 69)	(-39, 69)	(-80, 0)	(-40, -69)	(40, -69)	circle	none	dif	right	right	N_dist	(-40, -69)	search	nr	True	805520	806228	right	10	35	110	160	85	60	None	None	testing
1	dn	f	19	red	1	(80, 0)	(40, 69)	(-39, 69)	(-80, 0)	(-40, -69)	(40, -69)	circle	none	same	right	right	N_dist	(-39, 69)	search	nr	True	807340	807908	right	85	110	60	35	160	135	None	None	testing
1	dn	f	19	red	1	(80, 0)	(40, 69)	(-39, 69)	(-80, 0)	(-40, -69)	(40, -69)	diamond	red	dif	left	left	(80, 0)	(40, -69)	probe	h_sin	None	None	None	None	10	35	160	60	85	110	(80, 0)	147	testing
1	dn	f	19	red	1	(80, 0)	(40, 69)	(-39, 69)	(-80, 0)	(-40, -69)	(40, -69)	circle	none	dif	right	right	N_dist	(-80, 0)	search	nr	True	814487	815091	right	10	160	35	60	135	110	None	None	testing
1	dn	f	19	red	1	(80, 0)	(40, 69)	(-39, 69)	(-80, 0)	(-40, -69)	(40, -69)	circle	red	same	left	left	(-40, -69)	(-80, 0)	search	nr	True	816340	816915	left	85	60	160	110	135	10	None	None	testing
1	dn	f	19	red	1	(80, 0)	(40, 69)	(-39, 69)	(-80, 0)	(-40, -69)	(40, -69)	diamond	red	same	left	left	(80, 0)	(40, -69)	probe	tar	None	None	None	None	135	35	60	85	110	10	(40, -69)	24	testing
1	dn	f	19	red	1	(80, 0)	(40, 69)	(-39, 69)	(-80, 0)	(-40, -69)	(40, -69)	diamond	none	dif	left	left	N_dist	(40, 69)	search	nr	True	821633	822355	left	135	35	60	10	85	160	None	None	testing
1	dn	f	19	red	1	(80, 0)	(40, 69)	(-39, 69)	(-80, 0)	(-40, -69)	(40, -69)	circle	none	same	right	right	N_dist	(-80, 0)	probe	h_norm	None	None	None	None	10	60	160	110	135	85	(80, 0)	145	testing
1	dn	f	19	red	1	(80, 0)	(40, 69)	(-39, 69)	(-80, 0)	(-40, -69)	(40, -69)	diamond	none	dif	right	right	N_dist	(-39, 69)	search	nr	True	828545	829236	right	60	135	85	110	10	160	None	None	testing
1	dn	f	19	red	1	(80, 0)	(40, 69)	(-39, 69)	(-80, 0)	(-40, -69)	(40, -69)	diamond	red	same	right	right	(80, 0)	(40, 69)	search	nr	True	830366	831700	right	10	85	160	35	135	60	None	None	testing
1	dn	f	19	red	1	(80, 0)	(40, 69)	(-39, 69)	(-80, 0)	(-40, -69)	(40, -69)	circle	red	dif	left	left	(80, 0)	(40, -69)	search	nr	True	832953	833780	left	135	85	60	10	110	160	None	None	testing
1	dn	f	19	red	1	(80, 0)	(40, 69)	(-39, 69)	(-80, 0)	(-40, -69)	(40, -69)	circle	none	same	right	right	N_dist	(40, -69)	search	nr	True	834957	835619	right	60	85	110	35	160	135	None	None	testing
1	dn	f	19	red	1	(80, 0)	(40, 69)	(-39, 69)	(-80, 0)	(-40, -69)	(40, -69)	circle	red	same	left	left	(80, 0)	(-39, 69)	search	nr	True	836677	837251	left	160	135	85	60	35	10	None	None	testing
1	dn	f	19	red	1	(80, 0)	(40, 69)	(-39, 69)	(-80, 0)	(-40, -69)	(40, -69)	circle	red	same	right	right	(80, 0)	(40, -69)	probe	norm	None	None	None	None	110	160	135	85	35	10	(40, 69)	13	testing
1	dn	f	19	red	1	(80, 0)	(40, 69)	(-39, 69)	(-80, 0)	(-40, -69)	(40, -69)	circle	red	same	right	right	(80, 0)	(-39, 69)	search	nr	True	843706	844307	right	60	10	160	110	35	85	None	None	testing
1	dn	f	19	red	1	(80, 0)	(40, 69)	(-39, 69)	(-80, 0)	(-40, -69)	(40, -69)	diamond	red	same	right	right	(-40, -69)	(-80, 0)	search	nr	True	845393	846228	right	110	60	35	10	160	85	None	None	testing
1	dn	f	19	red	1	(80, 0)	(40, 69)	(-39, 69)	(-80, 0)	(-40, -69)	(40, -69)	circle	none	same	left	left	N_dist	(40, -69)	probe	l_tar	None	None	None	None	60	85	35	160	110	135	(40, -69)	26	testing
1	dn	f	19	red	1	(80, 0)	(40, 69)	(-39, 69)	(-80, 0)	(-40, -69)	(40, -69)	diamond	red	same	right	right	(-40, -69)	(-80, 0)	search	nr	True	850970	851763	right	85	60	35	160	10	110	None	None	testing
1	dn	f	19	red	1	(80, 0)	(40, 69)	(-39, 69)	(-80, 0)	(-40, -69)	(40, -69)	diamond	red	dif	left	left	(-40, -69)	(40, -69)	search	nr	True	852873	853635	left	135	85	10	110	160	60	None	None	testing
1	dn	f	19	red	1	(80, 0)	(40, 69)	(-39, 69)	(-80, 0)	(-40, -69)	(40, -69)	diamond	red	dif	left	left	(80, 0)	(40, 69)	search	nr	True	854694	855459	left	60	10	160	35	85	110	None	None	testing
1	dn	f	19	red	1	(80, 0)	(40, 69)	(-39, 69)	(-80, 0)	(-40, -69)	(40, -69)	circle	red	same	right	right	(80, 0)	(40, 69)	search	nr	True	856630	857299	right	60	160	85	135	110	10	None	None	testing
1	dn	f	19	red	1	(80, 0)	(40, 69)	(-39, 69)	(-80, 0)	(-40, -69)	(40, -69)	circle	none	same	left	left	N_dist	(-40, -69)	probe	l_norm	None	None	None	None	35	85	135	60	110	10	(-39, 69)	13	testing
1	dn	f	19	red	1	(80, 0)	(40, 69)	(-39, 69)	(-80, 0)	(-40, -69)	(40, -69)	diamond	red	same	right	right	(40, 69)	(40, -69)	search	nr	True	862358	863108	right	35	110	135	60	160	85	None	None	testing
1	dn	f	19	red	1	(80, 0)	(40, 69)	(-39, 69)	(-80, 0)	(-40, -69)	(40, -69)	circle	red	dif	right	right	(80, 0)	(-39, 69)	probe	norm	None	None	None	None	60	85	10	35	110	160	(-80, 0)	172	testing
1	dn	f	19	red	1	(80, 0)	(40, 69)	(-39, 69)	(-80, 0)	(-40, -69)	(40, -69)	diamond	red	dif	right	right	(80, 0)	(40, -69)	search	nr	True	868252	868948	right	85	160	60	135	110	35	None	None	testing
1	dn	f	19	red	1	(80, 0)	(40, 69)	(-39, 69)	(-80, 0)	(-40, -69)	(40, -69)	circle	none	same	right	right	N_dist	(40, 69)	search	nr	True	870139	871219	right	10	110	35	60	85	135	None	None	testing
1	dn	f	19	red	1	(80, 0)	(40, 69)	(-39, 69)	(-80, 0)	(-40, -69)	(40, -69)	circle	none	same	left	left	N_dist	(-80, 0)	search	nr	True	872360	872915	left	85	160	60	35	10	110	None	None	testing
1	dn	f	19	red	1	(80, 0)	(40, 69)	(-39, 69)	(-80, 0)	(-40, -69)	(40, -69)	circle	red	dif	right	right	(80, 0)	(-80, 0)	search	nr	True	874096	874772	right	10	35	135	160	60	85	None	None	testing
1	dn	f	19	red	1	(80, 0)	(40, 69)	(-39, 69)	(-80, 0)	(-40, -69)	(40, -69)	circle	red	same	right	right	(80, 0)	(-80, 0)	search	nr	True	876067	876579	right	160	85	110	60	135	10	None	None	testing
1	dn	f	19	red	1	(80, 0)	(40, 69)	(-39, 69)	(-80, 0)	(-40, -69)	(40, -69)	diamond	red	dif	left	left	(80, 0)	(40, -69)	search	nr	True	877752	878435	left	85	135	160	110	60	35	None	None	testing
1	dn	f	19	red	1	(80, 0)	(40, 69)	(-39, 69)	(-80, 0)	(-40, -69)	(40, -69)	circle	none	dif	left	left	N_dist	(80, 0)	search	nr	True	879690	880324	left	10	135	160	35	110	60	None	None	testing
1	dn	f	19	red	1	(80, 0)	(40, 69)	(-39, 69)	(-80, 0)	(-40, -69)	(40, -69)	circle	red	dif	right	right	(80, 0)	(40, -69)	probe	h_sin	None	None	None	None	160	110	35	85	60	135	(80, 0)	36	testing
1	dn	f	19	red	1	(80, 0)	(40, 69)	(-39, 69)	(-80, 0)	(-40, -69)	(40, -69)	diamond	red	same	left	left	(80, 0)	(40, -69)	search	nr	True	886702	887492	left	110	160	85	35	60	135	None	None	testing
1	dn	f	19	red	1	(80, 0)	(40, 69)	(-39, 69)	(-80, 0)	(-40, -69)	(40, -69)	circle	none	same	left	left	N_dist	(-40, -69)	search	nr	True	888556	889299	left	85	60	35	10	135	160	None	None	testing
1	dn	f	19	red	1	(80, 0)	(40, 69)	(-39, 69)	(-80, 0)	(-40, -69)	(40, -69)	circle	red	dif	left	left	(80, 0)	(-80, 0)	search	nr	True	890443	890980	left	60	135	10	110	160	35	None	None	testing
1	dn	f	19	red	1	(80, 0)	(40, 69)	(-39, 69)	(-80, 0)	(-40, -69)	(40, -69)	diamond	red	dif	left	left	(80, 0)	(40, 69)	probe	tar	None	None	None	None	110	35	135	10	85	160	(40, 69)	154	testing
1	dn	f	19	red	1	(80, 0)	(40, 69)	(-39, 69)	(-80, 0)	(-40, -69)	(40, -69)	circle	red	dif	left	left	(-39, 69)	(40, 69)	probe	l_sin	None	None	None	None	110	10	135	85	60	160	(-39, 69)	18	testing
1	dn	f	19	red	1	(80, 0)	(40, 69)	(-39, 69)	(-80, 0)	(-40, -69)	(40, -69)	diamond	none	same	left	left	N_dist	(40, -69)	search	nr	True	901396	902068	left	35	60	135	160	10	85	None	None	testing
1	dn	f	19	red	1	(80, 0)	(40, 69)	(-39, 69)	(-80, 0)	(-40, -69)	(40, -69)	diamond	red	same	right	right	(40, -69)	(-80, 0)	probe	norm	None	None	None	None	35	60	10	110	85	135	(-39, 69)	29	testing
1	dn	f	19	red	1	(80, 0)	(40, 69)	(-39, 69)	(-80, 0)	(-40, -69)	(40, -69)	circle	none	dif	right	right	N_dist	(-40, -69)	search	nr	True	908142	908867	right	160	110	60	135	10	85	None	None	testing
1	dn	f	19	red	1	(80, 0)	(40, 69)	(-39, 69)	(-80, 0)	(-40, -69)	(40, -69)	circle	red	dif	right	right	(80, 0)	(-39, 69)	search	nr	True	909946	910675	right	160	60	135	85	110	35	None	None	testing
1	dn	f	19	red	1	(80, 0)	(40, 69)	(-39, 69)	(-80, 0)	(-40, -69)	(40, -69)	circle	none	dif	left	left	N_dist	(40, 69)	probe	l_norm	None	None	None	None	60	160	10	35	85	135	(40, -69)	58	testing
1	dn	f	19	red	1	(80, 0)	(40, 69)	(-39, 69)	(-80, 0)	(-40, -69)	(40, -69)	diamond	red	same	left	left	(-40, -69)	(40, -69)	probe	l_sin	None	None	None	None	35	160	85	60	10	110	(-40, -69)	149	testing
1	dn	f	19	red	1	(80, 0)	(40, 69)	(-39, 69)	(-80, 0)	(-40, -69)	(40, -69)	circle	red	dif	left	left	(80, 0)	(40, -69)	probe	tar	None	None	None	None	35	10	110	60	85	135	(40, -69)	168	testing
1	dn	f	19	red	1	(80, 0)	(40, 69)	(-39, 69)	(-80, 0)	(-40, -69)	(40, -69)	diamond	red	dif	left	left	(40, 69)	(-39, 69)	search	nr	True	927928	928755	left	10	110	135	60	160	85	None	None	testing
1	dn	f	19	red	1	(80, 0)	(40, 69)	(-39, 69)	(-80, 0)	(-40, -69)	(40, -69)	diamond	none	same	left	left	N_dist	(40, 69)	probe	h_norm	None	None	None	None	85	160	135	110	60	10	(80, 0)	163	testing
1	dn	f	19	red	1	(80, 0)	(40, 69)	(-39, 69)	(-80, 0)	(-40, -69)	(40, -69)	circle	red	dif	right	right	(40, 69)	(-39, 69)	search	nr	True	934290	935028	right	135	35	85	10	160	60	None	None	testing
1	dn	f	19	red	1	(80, 0)	(40, 69)	(-39, 69)	(-80, 0)	(-40, -69)	(40, -69)	circle	none	dif	right	right	N_dist	(80, 0)	search	nr	True	936293	936931	right	60	35	85	110	135	160	None	None	testing
1	dn	f	19	red	1	(80, 0)	(40, 69)	(-39, 69)	(-80, 0)	(-40, -69)	(40, -69)	diamond	red	dif	left	left	(-40, -69)	(40, -69)	probe	l_sin	None	None	None	None	160	60	135	10	35	85	(-40, -69)	154	testing
1	dn	f	19	red	1	(80, 0)	(40, 69)	(-39, 69)	(-80, 0)	(-40, -69)	(40, -69)	diamond	none	same	right	right	N_dist	(40, -69)	search	nr	True	942538	943203	right	60	35	160	135	10	85	None	None	testing
1	dn	f	19	red	1	(80, 0)	(40, 69)	(-39, 69)	(-80, 0)	(-40, -69)	(40, -69)	diamond	red	dif	left	left	(80, 0)	(40, 69)	search	nr	True	944442	945091	left	10	160	60	35	85	110	None	None	testing
1	dn	f	19	red	1	(80, 0)	(40, 69)	(-39, 69)	(-80, 0)	(-40, -69)	(40, -69)	circle	red	dif	left	left	(80, 0)	(-80, 0)	probe	tar	None	None	None	None	60	10	110	85	35	135	(-80, 0)	174	testing
1	dn	f	19	red	1	(80, 0)	(40, 69)	(-39, 69)	(-80, 0)	(-40, -69)	(40, -69)	diamond	red	same	left	left	(-40, -69)	(40, -69)	search	nr	True	949919	950563	left	60	85	160	35	135	10	None	None	testing
1	dn	f	19	red	1	(80, 0)	(40, 69)	(-39, 69)	(-80, 0)	(-40, -69)	(40, -69)	circle	none	same	left	left	N_dist	(-40, -69)	search	nr	True	951672	952435	left	110	160	10	135	85	60	None	None	testing
1	dn	f	19	red	1	(80, 0)	(40, 69)	(-39, 69)	(-80, 0)	(-40, -69)	(40, -69)	circle	red	same	right	right	(40, 69)	(-80, 0)	search	nr	True	953726	954404	right	110	160	85	135	10	35	None	None	testing
1	dn	f	19	red	1	(80, 0)	(40, 69)	(-39, 69)	(-80, 0)	(-40, -69)	(40, -69)	circle	red	dif	right	right	(80, 0)	(-39, 69)	search	nr	True	955495	956419	right	60	135	160	110	35	10	None	None	testing
1	dn	f	19	red	1	(80, 0)	(40, 69)	(-39, 69)	(-80, 0)	(-40, -69)	(40, -69)	diamond	red	same	right	right	(80, 0)	(-39, 69)	probe	norm	None	None	None	None	135	35	160	110	85	60	(40, 69)	151	testing
1	dn	f	19	red	1	(80, 0)	(40, 69)	(-39, 69)	(-80, 0)	(-40, -69)	(40, -69)	diamond	red	same	left	left	(80, 0)	(-80, 0)	probe	h_sin	None	None	None	None	10	60	135	160	110	85	(80, 0)	58	testing
1	dn	f	19	red	1	(80, 0)	(40, 69)	(-39, 69)	(-80, 0)	(-40, -69)	(40, -69)	circle	red	dif	left	left	(-80, 0)	(40, -69)	search	nr	True	966883	967587	left	10	160	35	85	60	135	None	None	testing
1	dn	f	19	red	1	(80, 0)	(40, 69)	(-39, 69)	(-80, 0)	(-40, -69)	(40, -69)	diamond	none	dif	right	right	N_dist	(80, 0)	search	nr	True	968887	969572	right	110	60	85	35	10	135	None	None	testing
1	dn	f	19	red	1	(80, 0)	(40, 69)	(-39, 69)	(-80, 0)	(-40, -69)	(40, -69)	diamond	red	same	right	right	(40, 69)	(40, -69)	probe	norm	None	None	None	None	60	110	35	10	85	135	(-39, 69)	38	testing
1	dn	f	19	red	1	(80, 0)	(40, 69)	(-39, 69)	(-80, 0)	(-40, -69)	(40, -69)	diamond	red	same	right	right	(80, 0)	(-80, 0)	probe	tar	None	None	None	None	60	160	85	10	135	35	(-80, 0)	152	testing
1	dn	f	19	red	1	(80, 0)	(40, 69)	(-39, 69)	(-80, 0)	(-40, -69)	(40, -69)	circle	red	same	left	left	(-40, -69)	(-80, 0)	search	nr	True	989592	990483	left	110	160	60	10	85	135	None	None	testing
1	dn	f	19	red	1	(80, 0)	(40, 69)	(-39, 69)	(-80, 0)	(-40, -69)	(40, -69)	diamond	red	dif	right	right	(80, 0)	(40, -69)	probe	norm	None	None	None	None	135	35	10	110	60	160	(-80, 0)	7	testing
1	dn	f	19	red	1	(80, 0)	(40, 69)	(-39, 69)	(-80, 0)	(-40, -69)	(40, -69)	circle	red	same	left	left	(80, 0)	(-80, 0)	search	nr	True	996203	996787	left	35	10	160	135	85	60	None	None	testing
1	dn	f	19	red	1	(80, 0)	(40, 69)	(-39, 69)	(-80, 0)	(-40, -69)	(40, -69)	circle	red	same	left	left	(80, 0)	(-39, 69)	search	nr	True	997991	998851	left	60	110	85	135	10	35	None	None	testing
1	dn	f	19	red	1	(80, 0)	(40, 69)	(-39, 69)	(-80, 0)	(-40, -69)	(40, -69)	diamond	red	dif	right	right	(80, 0)	(40, 69)	probe	h_sin	None	None	None	None	160	35	60	135	85	110	(80, 0)	26	testing
1	dn	f	19	red	1	(80, 0)	(40, 69)	(-39, 69)	(-80, 0)	(-40, -69)	(40, -69)	diamond	none	dif	left	left	N_dist	(-39, 69)	search	nr	True	1006957	1007603	left	10	35	135	110	85	160	None	None	testing
1	dn	f	19	red	1	(80, 0)	(40, 69)	(-39, 69)	(-80, 0)	(-40, -69)	(40, -69)	diamond	red	same	left	left	(80, 0)	(-40, -69)	search	nr	True	1008811	1009652	left	160	35	10	60	110	135	None	None	testing
1	dn	f	19	red	1	(80, 0)	(40, 69)	(-39, 69)	(-80, 0)	(-40, -69)	(40, -69)	circle	none	dif	left	left	N_dist	(80, 0)	search	nr	True	1010747	1011315	left	60	135	10	85	35	110	None	None	testing
1	dn	f	19	red	1	(80, 0)	(40, 69)	(-39, 69)	(-80, 0)	(-40, -69)	(40, -69)	diamond	red	same	left	left	(40, 69)	(40, -69)	probe	norm	None	None	None	None	60	135	160	35	110	10	(80, 0)	161	testing
1	dn	f	19	red	1	(80, 0)	(40, 69)	(-39, 69)	(-80, 0)	(-40, -69)	(40, -69)	diamond	red	same	left	left	(80, 0)	(-40, -69)	search	nr	True	1017276	1018099	left	135	160	85	60	110	35	None	None	testing
1	dn	f	19	red	1	(80, 0)	(40, 69)	(-39, 69)	(-80, 0)	(-40, -69)	(40, -69)	diamond	red	dif	left	left	(80, 0)	(40, 69)	search	nr	True	1019162	1019811	left	10	35	110	135	60	85	None	None	testing
1	dn	f	19	red	1	(80, 0)	(40, 69)	(-39, 69)	(-80, 0)	(-40, -69)	(40, -69)	circle	none	dif	left	left	N_dist	(80, 0)	probe	h_tar	None	None	None	None	85	60	135	160	110	10	(80, 0)	163	testing
1	dn	f	19	red	1	(80, 0)	(40, 69)	(-39, 69)	(-80, 0)	(-40, -69)	(40, -69)	diamond	none	same	left	left	N_dist	(40, 69)	search	nr	True	1024673	1025283	left	85	110	60	10	35	135	None	None	testing
1	dn	f	19	red	1	(80, 0)	(40, 69)	(-39, 69)	(-80, 0)	(-40, -69)	(40, -69)	circle	red	same	right	right	(80, 0)	(-39, 69)	probe	tar	None	None	None	None	110	85	35	160	10	60	(-39, 69)	28	testing
1	dn	f	19	red	1	(80, 0)	(40, 69)	(-39, 69)	(-80, 0)	(-40, -69)	(40, -69)	circle	none	same	right	right	N_dist	(-39, 69)	probe	l_norm	None	None	None	None	110	35	160	135	10	85	(-40, -69)	163	testing
1	dn	f	19	red	1	(80, 0)	(40, 69)	(-39, 69)	(-80, 0)	(-40, -69)	(40, -69)	diamond	red	dif	right	right	(80, 0)	(40, 69)	probe	h_sin	None	None	None	None	10	110	160	60	135	35	(80, 0)	146	testing
1	dn	f	19	red	1	(80, 0)	(40, 69)	(-39, 69)	(-80, 0)	(-40, -69)	(40, -69)	diamond	red	dif	right	right	(80, 0)	(-39, 69)	search	nr	True	1040385	1041251	right	160	10	85	60	135	35	None	None	testing
1	dn	f	19	red	1	(80, 0)	(40, 69)	(-39, 69)	(-80, 0)	(-40, -69)	(40, -69)	circle	none	dif	left	left	N_dist	(-40, -69)	search	nr	True	1042439	1043330	left	135	160	35	85	60	10	None	None	testing
1	dn	f	19	red	1	(80, 0)	(40, 69)	(-39, 69)	(-80, 0)	(-40, -69)	(40, -69)	diamond	red	same	right	right	(-40, -69)	(-80, 0)	search	nr	True	1044476	1045155	right	60	35	10	160	135	110	None	None	testing
1	dn	f	19	red	1	(80, 0)	(40, 69)	(-39, 69)	(-80, 0)	(-40, -69)	(40, -69)	diamond	red	same	left	left	(80, 0)	(-80, 0)	search	nr	True	1046263	1046803	left	85	35	135	10	160	60	None	None	testing
1	dn	f	19	red	1	(80, 0)	(40, 69)	(-39, 69)	(-80, 0)	(-40, -69)	(40, -69)	circle	red	same	right	right	(80, 0)	(40, -69)	probe	norm	None	None	None	None	160	60	110	10	35	85	(-80, 0)	142	testing
1	dn	f	19	red	1	(80, 0)	(40, 69)	(-39, 69)	(-80, 0)	(-40, -69)	(40, -69)	diamond	none	same	right	right	N_dist	(40, 69)	probe	h_norm	None	None	None	None	110	35	160	10	60	135	(80, 0)	1	testing
1	dn	f	19	red	1	(80, 0)	(40, 69)	(-39, 69)	(-80, 0)	(-40, -69)	(40, -69)	circle	red	dif	right	right	(-39, 69)	(-40, -69)	search	nr	True	1058552	1059347	right	160	85	110	135	60	35	None	None	testing
1	dn	f	19	red	1	(80, 0)	(40, 69)	(-39, 69)	(-80, 0)	(-40, -69)	(40, -69)	diamond	red	dif	right	right	(-80, 0)	(40, 69)	search	nr	True	1060455	1061059	right	85	60	160	135	10	35	None	None	testing
1	dn	f	19	red	1	(80, 0)	(40, 69)	(-39, 69)	(-80, 0)	(-40, -69)	(40, -69)	diamond	red	dif	right	right	(-80, 0)	(40, 69)	probe	l_sin	None	None	None	None	35	135	160	110	85	60	(-80, 0)	15	testing
1	dn	f	19	red	1	(80, 0)	(40, 69)	(-39, 69)	(-80, 0)	(-40, -69)	(40, -69)	circle	red	dif	left	left	(80, 0)	(-39, 69)	probe	h_sin	None	None	None	None	160	35	10	60	85	135	(80, 0)	28	testing
1	dn	f	19	red	1	(80, 0)	(40, 69)	(-39, 69)	(-80, 0)	(-40, -69)	(40, -69)	diamond	none	dif	left	left	N_dist	(-39, 69)	probe	l_norm	None	None	None	None	160	35	135	60	110	85	(40, 69)	146	testing
1	dn	f	19	red	1	(80, 0)	(40, 69)	(-39, 69)	(-80, 0)	(-40, -69)	(40, -69)	diamond	red	dif	left	left	(80, 0)	(40, 69)	search	nr	True	1075917	1076498	left	160	85	10	35	110	60	None	None	testing
1	dn	f	19	red	1	(80, 0)	(40, 69)	(-39, 69)	(-80, 0)	(-40, -69)	(40, -69)	diamond	none	dif	right	right	N_dist	(-39, 69)	probe	l_norm	None	None	None	None	135	110	60	85	35	160	(-40, -69)	151	testing
1	dn	f	19	red	1	(80, 0)	(40, 69)	(-39, 69)	(-80, 0)	(-40, -69)	(40, -69)	circle	red	dif	right	right	(80, 0)	(-40, -69)	search	nr	True	1083297	1083939	right	160	110	85	60	35	135	None	None	testing
1	dn	f	19	red	1	(80, 0)	(40, 69)	(-39, 69)	(-80, 0)	(-40, -69)	(40, -69)	diamond	red	same	right	right	(80, 0)	(40, 69)	search	nr	True	1085017	1085779	right	160	10	110	85	135	60	None	None	testing
1	dn	f	19	red	1	(80, 0)	(40, 69)	(-39, 69)	(-80, 0)	(-40, -69)	(40, -69)	circle	red	same	left	left	(-40, -69)	(-80, 0)	probe	l_sin	None	None	None	None	85	110	160	35	60	135	(-40, -69)	157	testing
1	dn	f	19	red	1	(80, 0)	(40, 69)	(-39, 69)	(-80, 0)	(-40, -69)	(40, -69)	diamond	red	same	left	left	(-40, -69)	(-80, 0)	search	nr	True	1091813	1092451	left	160	135	85	110	60	35	None	None	testing
1	dn	f	19	red	1	(80, 0)	(40, 69)	(-39, 69)	(-80, 0)	(-40, -69)	(40, -69)	diamond	none	dif	right	right	N_dist	(-39, 69)	search	nr	True	1093650	1094323	right	110	35	160	60	85	10	None	None	testing
1	dn	f	19	red	1	(80, 0)	(40, 69)	(-39, 69)	(-80, 0)	(-40, -69)	(40, -69)	circle	red	dif	left	left	(40, -69)	(-40, -69)	probe	l_sin	None	None	None	None	35	110	60	135	10	85	(40, -69)	169	testing
1	dn	f	19	red	1	(80, 0)	(40, 69)	(-39, 69)	(-80, 0)	(-40, -69)	(40, -69)	diamond	none	same	right	right	N_dist	(40, -69)	search	nr	True	1099260	1099875	right	135	110	60	10	35	160	None	None	testing
1	dn	f	19	red	1	(80, 0)	(40, 69)	(-39, 69)	(-80, 0)	(-40, -69)	(40, -69)	circle	red	same	left	left	(80, 0)	(-80, 0)	search	nr	True	1100963	1101539	left	85	110	160	10	35	135	None	None	testing
1	dn	f	19	red	1	(80, 0)	(40, 69)	(-39, 69)	(-80, 0)	(-40, -69)	(40, -69)	circle	red	same	left	left	(80, 0)	(40, 69)	search	nr	True	1102783	1103315	left	10	160	35	135	85	60	None	None	testing
1	dn	f	19	red	1	(80, 0)	(40, 69)	(-39, 69)	(-80, 0)	(-40, -69)	(40, -69)	diamond	red	same	right	right	(80, 0)	(40, 69)	probe	norm	None	None	None	None	10	160	85	35	135	60	(40, -69)	165	testing
1	dn	f	19	red	1	(80, 0)	(40, 69)	(-39, 69)	(-80, 0)	(-40, -69)	(40, -69)	circle	none	same	left	left	N_dist	(40, -69)	search	nr	True	1109529	1110083	left	135	10	85	160	110	35	None	None	testing
1	dn	f	19	red	1	(80, 0)	(40, 69)	(-39, 69)	(-80, 0)	(-40, -69)	(40, -69)	diamond	none	dif	left	left	N_dist	(-39, 69)	probe	l_tar	None	None	None	None	85	35	135	110	60	10	(-39, 69)	25	testing
1	dn	f	19	red	1	(80, 0)	(40, 69)	(-39, 69)	(-80, 0)	(-40, -69)	(40, -69)	diamond	none	dif	right	right	N_dist	(80, 0)	probe	h_tar	None	None	None	None	110	60	10	135	160	85	(80, 0)	16	testing
1	dn	f	19	red	1	(80, 0)	(40, 69)	(-39, 69)	(-80, 0)	(-40, -69)	(40, -69)	circle	red	dif	left	left	(-39, 69)	(-40, -69)	search	nr	True	1120332	1121459	left	160	110	60	35	10	85	None	None	testing
1	dn	f	19	red	1	(80, 0)	(40, 69)	(-39, 69)	(-80, 0)	(-40, -69)	(40, -69)	diamond	red	same	left	left	(80, 0)	(-40, -69)	probe	norm	None	None	None	None	110	10	35	85	60	135	(-80, 0)	0	testing
1	dn	f	19	red	1	(80, 0)	(40, 69)	(-39, 69)	(-80, 0)	(-40, -69)	(40, -69)	circle	none	same	right	right	N_dist	(40, 69)	probe	h_norm	None	None	None	None	85	60	10	160	110	135	(80, 0)	172	testing
1	dn	f	19	red	1	(80, 0)	(40, 69)	(-39, 69)	(-80, 0)	(-40, -69)	(40, -69)	diamond	red	dif	left	left	(80, 0)	(-40, -69)	probe	h_sin	None	None	None	None	160	60	85	10	35	135	(80, 0)	11	testing
1	dn	f	19	red	1	(80, 0)	(40, 69)	(-39, 69)	(-80, 0)	(-40, -69)	(40, -69)	circle	red	same	right	right	(-39, 69)	(40, 69)	probe	l_sin	None	None	None	None	135	160	85	10	60	110	(-39, 69)	13	testing
1	dn	f	19	red	1	(80, 0)	(40, 69)	(-39, 69)	(-80, 0)	(-40, -69)	(40, -69)	circle	none	same	left	left	N_dist	(-80, 0)	search	nr	True	1140653	1141363	left	35	85	160	60	110	135	None	None	testing
1	dn	f	19	red	1	(80, 0)	(40, 69)	(-39, 69)	(-80, 0)	(-40, -69)	(40, -69)	circle	red	same	left	left	(80, 0)	(40, 69)	search	nr	True	1142523	1143139	left	85	10	160	110	135	35	None	None	testing
1	dn	f	19	red	1	(80, 0)	(40, 69)	(-39, 69)	(-80, 0)	(-40, -69)	(40, -69)	diamond	red	same	right	right	(80, 0)	(-39, 69)	search	nr	True	1144393	1145123	right	160	85	135	35	110	10	None	None	testing
1	dn	f	19	red	1	(80, 0)	(40, 69)	(-39, 69)	(-80, 0)	(-40, -69)	(40, -69)	circle	red	same	right	right	(80, 0)	(40, -69)	search	nr	True	1146380	1146963	right	10	35	135	85	110	160	None	None	testing
1	dn	f	19	red	1	(80, 0)	(40, 69)	(-39, 69)	(-80, 0)	(-40, -69)	(40, -69)	diamond	none	same	right	right	N_dist	(40, -69)	search	nr	True	1148050	1148739	left	85	10	35	110	160	135	None	None	testing
1	dn	f	19	red	1	(80, 0)	(40, 69)	(-39, 69)	(-80, 0)	(-40, -69)	(40, -69)	diamond	none	dif	left	left	N_dist	(-80, 0)	probe	h_norm	None	None	None	None	35	85	10	160	60	110	(80, 0)	154	testing
1	dn	f	19	red	1	(80, 0)	(40, 69)	(-39, 69)	(-80, 0)	(-40, -69)	(40, -69)	circle	red	dif	right	right	(80, 0)	(-40, -69)	search	nr	True	1156115	1156771	right	60	85	135	35	10	160	None	None	testing
1	dn	f	19	red	1	(80, 0)	(40, 69)	(-39, 69)	(-80, 0)	(-40, -69)	(40, -69)	circle	red	same	left	left	(80, 0)	(40, 69)	probe	norm	None	None	None	None	135	60	35	110	10	160	(-39, 69)	158	testing
1	dn	f	19	red	1	(80, 0)	(40, 69)	(-39, 69)	(-80, 0)	(-40, -69)	(40, -69)	circle	red	dif	right	right	(40, 69)	(-80, 0)	search	nr	True	1163428	1164067	right	10	35	160	60	135	85	None	None	testing
1	dn	f	19	red	1	(80, 0)	(40, 69)	(-39, 69)	(-80, 0)	(-40, -69)	(40, -69)	circle	red	dif	right	right	(80, 0)	(-80, 0)	probe	h_sin	None	None	None	None	135	10	85	35	60	160	(80, 0)	27	testing
1	dn	f	19	red	1	(80, 0)	(40, 69)	(-39, 69)	(-80, 0)	(-40, -69)	(40, -69)	circle	red	dif	right	right	(80, 0)	(-40, -69)	probe	tar	None	None	None	None	110	10	135	160	60	35	(-40, -69)	161	testing
1	dn	f	19	red	1	(80, 0)	(40, 69)	(-39, 69)	(-80, 0)	(-40, -69)	(40, -69)	circle	none	same	right	right	N_dist	(80, 0)	search	nr	True	1176619	1177235	right	110	35	10	160	60	85	None	None	testing
1	dn	f	19	red	1	(80, 0)	(40, 69)	(-39, 69)	(-80, 0)	(-40, -69)	(40, -69)	circle	none	dif	left	left	N_dist	(-39, 69)	search	nr	True	1178356	1179075	left	135	35	85	160	10	110	None	None	testing
1	dn	f	19	red	1	(80, 0)	(40, 69)	(-39, 69)	(-80, 0)	(-40, -69)	(40, -69)	circle	red	dif	right	right	(40, -69)	(-80, 0)	probe	norm	None	None	None	None	135	60	110	160	10	35	(-40, -69)	144	testing
1	dn	f	19	red	1	(80, 0)	(40, 69)	(-39, 69)	(-80, 0)	(-40, -69)	(40, -69)	diamond	red	same	right	right	(80, 0)	(-40, -69)	search	nr	True	1184550	1185235	right	60	110	85	35	160	10	None	None	testing
1	dn	f	19	red	1	(80, 0)	(40, 69)	(-39, 69)	(-80, 0)	(-40, -69)	(40, -69)	diamond	red	same	left	left	(80, 0)	(-40, -69)	search	nr	True	1186404	1187171	left	110	85	10	135	35	60	None	None	testing
1	dn	f	19	red	1	(80, 0)	(40, 69)	(-39, 69)	(-80, 0)	(-40, -69)	(40, -69)	diamond	red	same	right	right	(80, 0)	(-80, 0)	search	nr	True	1188457	1189139	right	110	85	35	135	10	60	None	None	testing
1	dn	f	19	red	1	(80, 0)	(40, 69)	(-39, 69)	(-80, 0)	(-40, -69)	(40, -69)	circle	red	same	left	left	(80, 0)	(-39, 69)	probe	tar	None	None	None	None	110	35	85	10	60	135	(-39, 69)	65	testing
1	dn	f	19	red	1	(80, 0)	(40, 69)	(-39, 69)	(-80, 0)	(-40, -69)	(40, -69)	circle	none	dif	right	right	N_dist	(-80, 0)	search	nr	True	1196189	1196867	right	160	10	85	35	60	135	None	None	testing
1	dn	f	19	red	1	(80, 0)	(40, 69)	(-39, 69)	(-80, 0)	(-40, -69)	(40, -69)	diamond	red	same	right	right	(-80, 0)	(-39, 69)	search	nr	True	1197958	1199011	right	85	10	60	135	110	160	None	None	testing
1	dn	f	19	red	1	(80, 0)	(40, 69)	(-39, 69)	(-80, 0)	(-40, -69)	(40, -69)	diamond	none	dif	right	right	N_dist	(-39, 69)	probe	l_norm	None	None	None	None	85	160	35	60	10	135	(40, 69)	23	testing
1	dn	f	19	red	1	(80, 0)	(40, 69)	(-39, 69)	(-80, 0)	(-40, -69)	(40, -69)	diamond	red	same	left	left	(-39, 69)	(-40, -69)	search	nr	True	1205823	1206563	left	35	85	60	10	135	160	None	None	testing
1	dn	f	19	red	1	(80, 0)	(40, 69)	(-39, 69)	(-80, 0)	(-40, -69)	(40, -69)	diamond	red	dif	right	right	(-80, 0)	(40, 69)	search	nr	True	1207659	1208275	right	85	135	35	10	160	110	None	None	testing
1	dn	f	19	red	1	(80, 0)	(40, 69)	(-39, 69)	(-80, 0)	(-40, -69)	(40, -69)	diamond	none	dif	left	left	N_dist	(40, -69)	search	nr	True	1209530	1210211	left	60	110	35	85	135	160	None	None	testing
1	dn	f	19	red	1	(80, 0)	(40, 69)	(-39, 69)	(-80, 0)	(-40, -69)	(40, -69)	diamond	red	same	right	right	(80, 0)	(-40, -69)	search	nr	True	1211483	1212131	right	35	10	135	160	60	110	None	None	testing
1	dn	f	19	red	1	(80, 0)	(40, 69)	(-39, 69)	(-80, 0)	(-40, -69)	(40, -69)	diamond	none	dif	left	left	N_dist	(-39, 69)	search	nr	True	1213420	1214082	left	10	110	60	35	85	160	None	None	testing
1	dn	f	19	red	1	(80, 0)	(40, 69)	(-39, 69)	(-80, 0)	(-40, -69)	(40, -69)	circle	red	same	left	left	(-39, 69)	(40, 69)	search	nr	True	1215324	1216611	left	160	10	60	85	35	135	None	None	testing
1	dn	f	19	red	1	(80, 0)	(40, 69)	(-39, 69)	(-80, 0)	(-40, -69)	(40, -69)	diamond	red	same	left	left	(80, 0)	(-40, -69)	probe	h_sin	None	None	None	None	85	135	60	110	35	10	(80, 0)	169	testing
1	dn	f	19	red	1	(80, 0)	(40, 69)	(-39, 69)	(-80, 0)	(-40, -69)	(40, -69)	diamond	red	dif	left	left	(80, 0)	(40, -69)	search	nr	True	1221685	1222355	left	35	85	160	110	60	10	None	None	testing
1	dn	f	19	red	1	(80, 0)	(40, 69)	(-39, 69)	(-80, 0)	(-40, -69)	(40, -69)	diamond	none	same	left	left	N_dist	(80, 0)	search	nr	True	1223422	1223955	left	60	35	160	10	135	110	None	None	testing
1	dn	f	19	red	1	(80, 0)	(40, 69)	(-39, 69)	(-80, 0)	(-40, -69)	(40, -69)	diamond	red	dif	right	right	(80, 0)	(40, -69)	search	nr	True	1225258	1225923	right	60	110	85	160	135	35	None	None	testing
1	dn	f	19	red	1	(80, 0)	(40, 69)	(-39, 69)	(-80, 0)	(-40, -69)	(40, -69)	diamond	none	same	left	left	N_dist	(80, 0)	search	nr	True	1227095	1227683	left	35	10	85	60	110	160	None	None	testing
1	dn	f	19	red	1	(80, 0)	(40, 69)	(-39, 69)	(-80, 0)	(-40, -69)	(40, -69)	diamond	red	dif	right	right	(80, 0)	(-40, -69)	search	nr	True	1228965	1229779	right	60	160	85	10	110	35	None	None	testing
1	dn	f	19	red	1	(80, 0)	(40, 69)	(-39, 69)	(-80, 0)	(-40, -69)	(40, -69)	circle	none	same	right	right	N_dist	(-80, 0)	search	nr	True	1230903	1231618	right	85	110	60	35	135	160	None	None	testing
1	dn	f	19	red	1	(80, 0)	(40, 69)	(-39, 69)	(-80, 0)	(-40, -69)	(40, -69)	diamond	none	dif	right	right	N_dist	(-39, 69)	search	nr	True	1232755	1233523	right	110	135	85	35	10	160	None	None	testing
1	dn	f	19	red	1	(80, 0)	(40, 69)	(-39, 69)	(-80, 0)	(-40, -69)	(40, -69)	circle	none	dif	right	right	N_dist	(-40, -69)	probe	l_norm	None	None	None	None	10	135	60	35	110	160	(-80, 0)	169	testing
1	dn	f	19	red	1	(80, 0)	(40, 69)	(-39, 69)	(-80, 0)	(-40, -69)	(40, -69)	circle	red	same	right	right	(80, 0)	(-80, 0)	search	nr	True	1239585	1240147	right	35	10	60	85	110	135	None	None	testing
1	dn	f	19	red	1	(80, 0)	(40, 69)	(-39, 69)	(-80, 0)	(-40, -69)	(40, -69)	diamond	red	dif	right	right	(80, 0)	(-39, 69)	search	nr	True	1241421	1242115	right	135	10	160	110	35	85	None	None	testing
1	dn	f	19	red	1	(80, 0)	(40, 69)	(-39, 69)	(-80, 0)	(-40, -69)	(40, -69)	circle	red	same	left	left	(80, 0)	(40, 69)	probe	norm	None	None	None	None	85	10	35	60	110	135	(40, -69)	27	testing
1	dn	f	19	red	1	(80, 0)	(40, 69)	(-39, 69)	(-80, 0)	(-40, -69)	(40, -69)	diamond	red	same	left	left	(-40, -69)	(-80, 0)	search	nr	True	1247232	1247826	left	10	110	35	160	135	60	None	None	testing
1	dn	f	19	red	1	(80, 0)	(40, 69)	(-39, 69)	(-80, 0)	(-40, -69)	(40, -69)	circle	red	dif	left	left	(80, 0)	(-80, 0)	search	nr	True	1249119	1249746	left	160	35	135	60	110	85	None	None	testing
1	dn	f	19	red	1	(80, 0)	(40, 69)	(-39, 69)	(-80, 0)	(-40, -69)	(40, -69)	diamond	none	same	left	left	N_dist	(-40, -69)	search	nr	True	1250939	1251923	left	160	35	10	110	135	60	None	None	testing
1	dn	f	19	red	1	(80, 0)	(40, 69)	(-39, 69)	(-80, 0)	(-40, -69)	(40, -69)	diamond	none	dif	left	left	N_dist	(-39, 69)	search	nr	True	1253110	1253763	left	85	135	110	60	10	35	None	None	testing
1	dn	f	19	red	1	(80, 0)	(40, 69)	(-39, 69)	(-80, 0)	(-40, -69)	(40, -69)	circle	none	same	left	left	N_dist	(-80, 0)	search	nr	True	1254980	1255682	left	60	35	85	110	135	160	None	None	testing
1	dn	f	19	red	1	(80, 0)	(40, 69)	(-39, 69)	(-80, 0)	(-40, -69)	(40, -69)	circle	red	dif	left	left	(80, 0)	(-39, 69)	search	nr	True	1256984	1257746	left	35	110	10	60	135	85	None	None	testing
1	dn	f	19	red	1	(80, 0)	(40, 69)	(-39, 69)	(-80, 0)	(-40, -69)	(40, -69)	circle	red	same	left	left	(40, -69)	(-39, 69)	search	nr	True	1258904	1259410	left	160	60	35	110	85	10	None	None	testing
1	dn	f	19	red	1	(80, 0)	(40, 69)	(-39, 69)	(-80, 0)	(-40, -69)	(40, -69)	circle	none	dif	left	left	N_dist	(-40, -69)	probe	l_tar	None	None	None	None	160	35	60	135	85	10	(-40, -69)	176	testing
1	dn	f	19	red	1	(80, 0)	(40, 69)	(-39, 69)	(-80, 0)	(-40, -69)	(40, -69)	circle	red	same	left	left	(-39, 69)	(40, 69)	search	nr	True	1264380	1265219	left	60	10	110	35	160	85	None	None	testing
1	dn	f	19	red	1	(80, 0)	(40, 69)	(-39, 69)	(-80, 0)	(-40, -69)	(40, -69)	circle	red	same	right	right	(80, 0)	(-80, 0)	probe	tar	None	None	None	None	110	60	35	10	135	160	(-80, 0)	48	testing
1	dn	f	19	red	1	(80, 0)	(40, 69)	(-39, 69)	(-80, 0)	(-40, -69)	(40, -69)	diamond	none	dif	right	right	N_dist	(-80, 0)	probe	l_tar	None	None	None	None	110	60	10	135	35	85	(-80, 0)	13	testing
1	dn	f	19	red	1	(80, 0)	(40, 69)	(-39, 69)	(-80, 0)	(-40, -69)	(40, -69)	circle	red	dif	left	left	(-39, 69)	(-40, -69)	search	nr	True	1277405	1278067	left	85	35	160	60	135	110	None	None	testing
1	dn	f	19	red	1	(80, 0)	(40, 69)	(-39, 69)	(-80, 0)	(-40, -69)	(40, -69)	circle	red	dif	right	right	(80, 0)	(40, -69)	search	nr	True	1279158	1279762	right	135	85	160	35	10	110	None	None	testing
1	dn	f	19	red	1	(80, 0)	(40, 69)	(-39, 69)	(-80, 0)	(-40, -69)	(40, -69)	diamond	red	same	right	right	(-40, -69)	(-80, 0)	probe	l_sin	None	None	None	None	135	160	10	60	85	110	(-40, -69)	173	testing
1	dn	f	19	red	1	(80, 0)	(40, 69)	(-39, 69)	(-80, 0)	(-40, -69)	(40, -69)	diamond	red	same	left	left	(-39, 69)	(-40, -69)	probe	l_sin	None	None	None	None	135	10	85	160	110	35	(-39, 69)	19	testing
1	dn	f	19	red	1	(80, 0)	(40, 69)	(-39, 69)	(-80, 0)	(-40, -69)	(40, -69)	circle	red	same	left	left	(40, -69)	(-39, 69)	probe	l_sin	None	None	None	None	135	110	60	10	160	35	(40, -69)	154	testing
1	dn	f	19	red	1	(80, 0)	(40, 69)	(-39, 69)	(-80, 0)	(-40, -69)	(40, -69)	diamond	red	dif	left	left	(80, 0)	(40, 69)	search	nr	True	1293902	1294515	left	160	60	135	85	10	110	None	None	testing
1	dn	f	19	red	1	(80, 0)	(40, 69)	(-39, 69)	(-80, 0)	(-40, -69)	(40, -69)	diamond	red	same	right	right	(-40, -69)	(-80, 0)	probe	l_sin	None	None	None	None	10	60	85	35	110	160	(-40, -69)	15	testing
1	dn	f	19	red	1	(80, 0)	(40, 69)	(-39, 69)	(-80, 0)	(-40, -69)	(40, -69)	diamond	red	dif	left	left	(80, 0)	(40, 69)	probe	tar	None	None	None	None	135	35	60	110	160	10	(40, 69)	154	testing
1	dn	f	19	red	1	(80, 0)	(40, 69)	(-39, 69)	(-80, 0)	(-40, -69)	(40, -69)	diamond	none	same	left	left	N_dist	(80, 0)	probe	h_tar	None	None	None	None	135	35	160	10	85	110	(80, 0)	22	testing
1	dn	f	19	red	1	(80, 0)	(40, 69)	(-39, 69)	(-80, 0)	(-40, -69)	(40, -69)	circle	red	same	right	right	(80, 0)	(-40, -69)	search	nr	True	1310966	1311683	right	35	160	60	110	135	10	None	None	testing
1	dn	f	19	red	1	(80, 0)	(40, 69)	(-39, 69)	(-80, 0)	(-40, -69)	(40, -69)	circle	red	same	left	left	(80, 0)	(-39, 69)	search	nr	True	1312770	1313395	right	160	85	110	135	60	35	None	None	testing
1	dn	f	19	red	1	(80, 0)	(40, 69)	(-39, 69)	(-80, 0)	(-40, -69)	(40, -69)	circle	red	same	left	left	(80, 0)	(-39, 69)	search	nr	True	1316092	1317027	left	35	160	135	110	60	85	None	None	testing
1	dn	f	19	red	1	(80, 0)	(40, 69)	(-39, 69)	(-80, 0)	(-40, -69)	(40, -69)	diamond	red	dif	left	left	(40, 69)	(-39, 69)	probe	l_sin	None	None	None	None	110	135	10	85	160	60	(40, 69)	24	testing
1	dn	f	19	red	1	(80, 0)	(40, 69)	(-39, 69)	(-80, 0)	(-40, -69)	(40, -69)	circle	red	same	left	left	(80, 0)	(-80, 0)	search	nr	True	1323288	1324082	left	85	160	35	110	60	135	None	None	testing
1	dn	f	19	red	1	(80, 0)	(40, 69)	(-39, 69)	(-80, 0)	(-40, -69)	(40, -69)	circle	red	dif	right	right	(40, 69)	(-39, 69)	probe	tar	None	None	None	None	135	110	160	10	60	35	(-39, 69)	25	testing
1	dn	f	19	red	1	(80, 0)	(40, 69)	(-39, 69)	(-80, 0)	(-40, -69)	(40, -69)	circle	none	dif	left	left	N_dist	(-40, -69)	search	nr	True	1329166	1329874	left	85	160	110	135	60	35	None	None	testing
1	dn	f	19	red	1	(80, 0)	(40, 69)	(-39, 69)	(-80, 0)	(-40, -69)	(40, -69)	circle	red	dif	right	right	(40, 69)	(-80, 0)	search	nr	True	1331020	1331618	right	10	135	110	60	35	160	None	None	testing
1	dn	f	19	red	1	(80, 0)	(40, 69)	(-39, 69)	(-80, 0)	(-40, -69)	(40, -69)	diamond	none	dif	left	left	N_dist	(-39, 69)	search	nr	True	1332823	1333810	left	160	60	10	135	110	35	None	None	testing
1	dn	f	19	red	1	(80, 0)	(40, 69)	(-39, 69)	(-80, 0)	(-40, -69)	(40, -69)	diamond	red	dif	left	left	(80, 0)	(40, -69)	probe	tar	None	None	None	None	35	85	110	160	60	135	(40, -69)	24	testing
1	dn	f	19	red	1	(80, 0)	(40, 69)	(-39, 69)	(-80, 0)	(-40, -69)	(40, -69)	circle	red	same	right	right	(80, 0)	(-40, -69)	search	nr	True	1338801	1339410	right	35	85	60	160	135	10	None	None	testing
1	dn	f	19	red	1	(80, 0)	(40, 69)	(-39, 69)	(-80, 0)	(-40, -69)	(40, -69)	circle	red	same	right	right	(80, 0)	(-40, -69)	probe	tar	None	None	None	None	110	85	35	135	60	160	(-40, -69)	170	testing
1	dn	f	19	red	1	(80, 0)	(40, 69)	(-39, 69)	(-80, 0)	(-40, -69)	(40, -69)	diamond	red	same	left	left	(80, 0)	(-40, -69)	search	nr	True	1344929	1345603	left	85	35	60	110	135	10	None	None	testing
1	dn	f	19	red	1	(80, 0)	(40, 69)	(-39, 69)	(-80, 0)	(-40, -69)	(40, -69)	circle	red	same	right	right	(80, 0)	(-40, -69)	probe	h_sin	None	None	None	None	10	85	135	60	110	35	(80, 0)	149	testing
1	dn	f	19	red	1	(80, 0)	(40, 69)	(-39, 69)	(-80, 0)	(-40, -69)	(40, -69)	circle	red	dif	right	right	(80, 0)	(-40, -69)	search	nr	True	1351424	1352051	right	60	110	10	160	85	35	None	None	testing
1	dn	f	19	red	1	(80, 0)	(40, 69)	(-39, 69)	(-80, 0)	(-40, -69)	(40, -69)	diamond	none	same	right	right	N_dist	(-80, 0)	search	nr	True	1353260	1353907	right	35	110	135	160	60	10	None	None	testing
1	dn	f	19	red	1	(80, 0)	(40, 69)	(-39, 69)	(-80, 0)	(-40, -69)	(40, -69)	circle	none	dif	right	right	N_dist	(80, 0)	search	nr	True	1355014	1355746	right	160	110	135	85	35	60	None	None	testing
1	dn	f	19	red	1	(80, 0)	(40, 69)	(-39, 69)	(-80, 0)	(-40, -69)	(40, -69)	circle	none	dif	right	right	N_dist	(-40, -69)	search	nr	True	1356834	1357523	right	85	110	10	35	160	60	None	None	testing
1	dn	f	19	red	1	(80, 0)	(40, 69)	(-39, 69)	(-80, 0)	(-40, -69)	(40, -69)	diamond	red	same	right	right	(80, 0)	(40, 69)	search	nr	True	1358587	1359250	right	135	60	10	110	35	85	None	None	testing
1	dn	f	19	red	1	(80, 0)	(40, 69)	(-39, 69)	(-80, 0)	(-40, -69)	(40, -69)	circle	none	dif	left	left	N_dist	(40, 69)	search	nr	True	1360540	1361122	left	135	160	35	60	85	10	None	None	testing
1	dn	f	19	red	1	(80, 0)	(40, 69)	(-39, 69)	(-80, 0)	(-40, -69)	(40, -69)	circle	none	dif	left	left	N_dist	(40, 69)	search	nr	True	1362444	1362979	left	110	35	10	85	160	60	None	None	testing
1	dn	f	19	red	1	(80, 0)	(40, 69)	(-39, 69)	(-80, 0)	(-40, -69)	(40, -69)	circle	red	same	left	left	(80, 0)	(-80, 0)	search	nr	True	1364198	1364850	left	110	85	10	160	135	35	None	None	testing
1	dn	f	19	red	1	(80, 0)	(40, 69)	(-39, 69)	(-80, 0)	(-40, -69)	(40, -69)	diamond	none	dif	left	left	N_dist	(-80, 0)	search	nr	True	1365950	1366771	left	35	135	160	60	85	110	None	None	testing
1	dn	f	19	red	1	(80, 0)	(40, 69)	(-39, 69)	(-80, 0)	(-40, -69)	(40, -69)	diamond	red	same	left	left	(80, 0)	(-40, -69)	search	nr	True	1367954	1368739	left	160	85	10	110	35	135	None	None	testing
1	dn	f	19	red	1	(80, 0)	(40, 69)	(-39, 69)	(-80, 0)	(-40, -69)	(40, -69)	diamond	none	same	left	left	N_dist	(80, 0)	search	nr	True	1369942	1370547	left	10	160	85	35	110	135	None	None	testing
1	dn	f	19	red	1	(80, 0)	(40, 69)	(-39, 69)	(-80, 0)	(-40, -69)	(40, -69)	circle	red	dif	left	left	(-80, 0)	(-39, 69)	search	nr	True	1371678	1372851	left	135	160	35	60	110	85	None	None	testing
1	dn	f	19	red	1	(80, 0)	(40, 69)	(-39, 69)	(-80, 0)	(-40, -69)	(40, -69)	diamond	red	dif	right	right	(80, 0)	(40, 69)	search	nr	True	1373998	1374771	right	85	10	160	135	60	35	None	None	testing
1	dn	f	19	red	1	(80, 0)	(40, 69)	(-39, 69)	(-80, 0)	(-40, -69)	(40, -69)	circle	red	same	left	left	(80, 0)	(-80, 0)	probe	tar	None	None	None	None	135	60	160	35	110	85	(-80, 0)	170	testing
1	dn	f	19	red	1	(80, 0)	(40, 69)	(-39, 69)	(-80, 0)	(-40, -69)	(40, -69)	circle	none	dif	left	left	N_dist	(-39, 69)	probe	h_norm	None	None	None	None	35	135	10	60	85	160	(80, 0)	158	testing
1	dn	f	19	red	1	(80, 0)	(40, 69)	(-39, 69)	(-80, 0)	(-40, -69)	(40, -69)	diamond	none	same	left	left	N_dist	(-40, -69)	probe	l_norm	None	None	None	None	60	110	135	10	160	35	(40, 69)	13	testing
1	dn	f	19	red	1	(80, 0)	(40, 69)	(-39, 69)	(-80, 0)	(-40, -69)	(40, -69)	diamond	red	dif	left	left	(40, 69)	(-39, 69)	search	nr	True	1388759	1389603	left	85	135	110	35	10	60	None	None	testing
1	dn	f	19	red	1	(80, 0)	(40, 69)	(-39, 69)	(-80, 0)	(-40, -69)	(40, -69)	circle	red	dif	left	left	(80, 0)	(-80, 0)	probe	h_sin	None	None	None	None	60	135	35	85	10	110	(80, 0)	167	testing
1	dn	f	19	red	1	(80, 0)	(40, 69)	(-39, 69)	(-80, 0)	(-40, -69)	(40, -69)	circle	red	dif	left	left	(80, 0)	(-39, 69)	probe	h_sin	None	None	None	None	160	60	85	135	35	110	(80, 0)	24	testing
1	dn	f	19	red	1	(80, 0)	(40, 69)	(-39, 69)	(-80, 0)	(-40, -69)	(40, -69)	circle	red	same	right	right	(40, 69)	(-80, 0)	search	nr	True	1399462	1400786	right	110	10	85	135	160	60	None	None	testing
1	dn	f	19	red	1	(80, 0)	(40, 69)	(-39, 69)	(-80, 0)	(-40, -69)	(40, -69)	diamond	none	dif	right	right	N_dist	(80, 0)	search	nr	True	1402000	1402691	right	160	135	35	10	110	85	None	None	testing
1	dn	f	19	red	1	(80, 0)	(40, 69)	(-39, 69)	(-80, 0)	(-40, -69)	(40, -69)	diamond	none	dif	left	left	N_dist	(40, -69)	probe	h_norm	None	None	None	None	60	135	110	85	160	10	(80, 0)	160	testing
1	dn	f	19	red	1	(80, 0)	(40, 69)	(-39, 69)	(-80, 0)	(-40, -69)	(40, -69)	diamond	none	dif	right	right	N_dist	(-39, 69)	search	nr	True	1408479	1409139	right	35	135	110	60	160	85	None	None	testing
1	dn	f	19	red	1	(80, 0)	(40, 69)	(-39, 69)	(-80, 0)	(-40, -69)	(40, -69)	diamond	red	dif	right	right	(80, 0)	(40, 69)	search	nr	True	1410215	1410834	right	60	10	160	135	85	35	None	None	testing
1	dn	f	19	red	1	(80, 0)	(40, 69)	(-39, 69)	(-80, 0)	(-40, -69)	(40, -69)	circle	none	dif	left	left	N_dist	(40, 69)	search	nr	True	1411968	1412562	left	160	135	85	10	35	110	None	None	testing
1	dn	f	19	red	1	(80, 0)	(40, 69)	(-39, 69)	(-80, 0)	(-40, -69)	(40, -69)	diamond	none	dif	right	right	N_dist	(80, 0)	search	nr	True	1413655	1414179	right	85	10	135	60	110	35	None	None	testing
1	dn	f	19	red	1	(80, 0)	(40, 69)	(-39, 69)	(-80, 0)	(-40, -69)	(40, -69)	diamond	none	same	right	right	N_dist	(40, 69)	search	nr	True	1415242	1415843	right	35	110	160	135	60	85	None	None	testing
1	dn	f	19	red	1	(80, 0)	(40, 69)	(-39, 69)	(-80, 0)	(-40, -69)	(40, -69)	circle	red	same	left	left	(80, 0)	(40, 69)	search	nr	True	1417112	1417715	left	35	110	60	10	135	85	None	None	testing
1	dn	f	19	red	1	(80, 0)	(40, 69)	(-39, 69)	(-80, 0)	(-40, -69)	(40, -69)	diamond	none	same	left	left	N_dist	(40, -69)	probe	l_tar	None	None	None	None	160	85	110	60	35	135	(40, -69)	24	testing
1	dn	f	19	red	1	(80, 0)	(40, 69)	(-39, 69)	(-80, 0)	(-40, -69)	(40, -69)	circle	red	same	left	left	(80, 0)	(40, 69)	search	nr	True	1422838	1424067	left	85	10	60	35	135	110	None	None	testing
1	dn	f	19	red	1	(80, 0)	(40, 69)	(-39, 69)	(-80, 0)	(-40, -69)	(40, -69)	circle	red	dif	left	left	(80, 0)	(-39, 69)	search	nr	True	1425277	1425923	left	10	35	160	110	85	135	None	None	testing
1	dn	f	19	red	1	(80, 0)	(40, 69)	(-39, 69)	(-80, 0)	(-40, -69)	(40, -69)	circle	none	same	left	left	N_dist	(40, -69)	search	nr	True	1426980	1427618	left	10	35	110	135	85	60	None	None	testing
1	dn	f	19	red	1	(80, 0)	(40, 69)	(-39, 69)	(-80, 0)	(-40, -69)	(40, -69)	circle	red	same	right	right	(80, 0)	(-40, -69)	search	nr	True	1428749	1429618	right	60	110	85	160	135	35	None	None	testing
1	dn	f	19	red	1	(80, 0)	(40, 69)	(-39, 69)	(-80, 0)	(-40, -69)	(40, -69)	diamond	red	dif	right	right	(80, 0)	(40, 69)	search	nr	True	1430720	1431299	right	85	110	135	35	10	60	None	None	testing
