subj	name	gender	age	dist	run	tar_locs1	tar_locs2	tar_locs3	tar_locs4	tar_locs5	tar_locs6	shape	dist	td_dif	detection	resp_key	dis_loc	tar_loc	task_type	probe_cond	gotKey	startTime	respTime	resp	o1	o2	o3	o4	o5	o6	pro_loc	ori_resp	mode
1	dn	f	19	red	5	(80, 0)	(40, 69)	(-39, 69)	(-80, 0)	(-40, -69)	(40, -69)	diamond	red	same	right	right	(80, 0)	(40, 69)	probe	tar	None	None	None	None	60	85	35	160	110	10	(40, 69)	8	testing
1	dn	f	19	red	5	(80, 0)	(40, 69)	(-39, 69)	(-80, 0)	(-40, -69)	(40, -69)	circle	red	dif	right	right	(80, 0)	(-40, -69)	probe	norm	None	None	None	None	85	35	135	10	60	160	(-80, 0)	56	testing
1	dn	f	19	red	5	(80, 0)	(40, 69)	(-39, 69)	(-80, 0)	(-40, -69)	(40, -69)	circle	red	same	left	left	(80, 0)	(-39, 69)	probe	tar	None	None	None	None	85	110	160	10	135	35	(-39, 69)	26	testing
1	dn	f	19	red	5	(80, 0)	(40, 69)	(-39, 69)	(-80, 0)	(-40, -69)	(40, -69)	diamond	none	dif	left	left	N_dist	(80, 0)	search	nr	True	57620	58305	left	135	10	160	35	110	85	None	None	testing
1	dn	f	19	red	5	(80, 0)	(40, 69)	(-39, 69)	(-80, 0)	(-40, -69)	(40, -69)	diamond	none	same	right	right	N_dist	(-40, -69)	search	nr	True	59423	59986	right	85	160	60	135	10	35	None	None	testing
1	dn	f	19	red	5	(80, 0)	(40, 69)	(-39, 69)	(-80, 0)	(-40, -69)	(40, -69)	diamond	red	dif	right	right	(80, 0)	(40, -69)	search	nr	True	61194	61938	right	135	160	85	60	110	10	None	None	testing
1	dn	f	19	red	5	(80, 0)	(40, 69)	(-39, 69)	(-80, 0)	(-40, -69)	(40, -69)	circle	none	same	left	left	N_dist	(40, -69)	probe	l_norm	None	None	None	None	10	60	35	85	110	160	(-80, 0)	173	testing
1	dn	f	19	red	5	(80, 0)	(40, 69)	(-39, 69)	(-80, 0)	(-40, -69)	(40, -69)	diamond	red	same	right	right	(80, 0)	(40, -69)	probe	tar	None	None	None	None	85	135	10	35	60	110	(40, -69)	17	testing
1	dn	f	19	red	5	(80, 0)	(40, 69)	(-39, 69)	(-80, 0)	(-40, -69)	(40, -69)	circle	none	same	right	right	N_dist	(-39, 69)	probe	l_norm	None	None	None	None	135	110	60	85	10	35	(-80, 0)	175	testing
1	dn	f	19	red	5	(80, 0)	(40, 69)	(-39, 69)	(-80, 0)	(-40, -69)	(40, -69)	diamond	none	dif	right	right	N_dist	(-39, 69)	search	nr	True	76488	77121	right	10	135	35	160	60	85	None	None	testing
1	dn	f	19	red	5	(80, 0)	(40, 69)	(-39, 69)	(-80, 0)	(-40, -69)	(40, -69)	circle	red	dif	left	left	(80, 0)	(40, 69)	probe	h_sin	None	None	None	None	135	60	10	110	160	35	(80, 0)	18	testing
1	dn	f	19	red	5	(80, 0)	(40, 69)	(-39, 69)	(-80, 0)	(-40, -69)	(40, -69)	diamond	red	same	right	right	(-39, 69)	(-40, -69)	search	nr	True	81747	82321	right	85	135	60	110	35	160	None	None	testing
1	dn	f	19	red	5	(80, 0)	(40, 69)	(-39, 69)	(-80, 0)	(-40, -69)	(40, -69)	circle	none	dif	left	left	N_dist	(-80, 0)	search	nr	True	83518	84113	left	110	160	10	60	135	85	None	None	testing
1	dn	f	19	red	5	(80, 0)	(40, 69)	(-39, 69)	(-80, 0)	(-40, -69)	(40, -69)	circle	red	same	right	right	(80, 0)	(-40, -69)	search	nr	True	85405	86114	right	160	35	60	85	10	110	None	None	testing
1	dn	f	19	red	5	(80, 0)	(40, 69)	(-39, 69)	(-80, 0)	(-40, -69)	(40, -69)	diamond	red	same	right	right	(80, 0)	(40, -69)	search	nr	True	87325	87906	right	10	85	35	160	135	60	None	None	testing
1	dn	f	19	red	5	(80, 0)	(40, 69)	(-39, 69)	(-80, 0)	(-40, -69)	(40, -69)	circle	red	same	left	left	(-40, -69)	(-80, 0)	search	nr	True	88961	89490	left	60	135	110	10	35	160	None	None	testing
1	dn	f	19	red	5	(80, 0)	(40, 69)	(-39, 69)	(-80, 0)	(-40, -69)	(40, -69)	diamond	red	dif	right	right	(80, 0)	(40, 69)	search	nr	True	90698	91409	right	10	110	135	60	160	35	None	None	testing
1	dn	f	19	red	5	(80, 0)	(40, 69)	(-39, 69)	(-80, 0)	(-40, -69)	(40, -69)	circle	red	dif	right	right	(-80, 0)	(-40, -69)	probe	l_sin	None	None	None	None	35	160	60	135	110	85	(-80, 0)	21	testing
1	dn	f	19	red	5	(80, 0)	(40, 69)	(-39, 69)	(-80, 0)	(-40, -69)	(40, -69)	diamond	red	same	right	right	(80, 0)	(40, -69)	probe	tar	None	None	None	None	10	135	35	85	110	160	(40, -69)	31	testing
1	dn	f	19	red	5	(80, 0)	(40, 69)	(-39, 69)	(-80, 0)	(-40, -69)	(40, -69)	diamond	red	same	right	right	(80, 0)	(40, -69)	search	nr	True	101500	102097	right	10	85	60	135	110	35	None	None	testing
1	dn	f	19	red	5	(80, 0)	(40, 69)	(-39, 69)	(-80, 0)	(-40, -69)	(40, -69)	diamond	red	same	right	right	(80, 0)	(-39, 69)	search	nr	True	103154	103873	right	85	10	35	60	135	160	None	None	testing
1	dn	f	19	red	5	(80, 0)	(40, 69)	(-39, 69)	(-80, 0)	(-40, -69)	(40, -69)	diamond	red	dif	right	right	(-80, 0)	(-40, -69)	search	nr	True	105007	105713	right	135	10	110	160	35	60	None	None	testing
1	dn	f	19	red	5	(80, 0)	(40, 69)	(-39, 69)	(-80, 0)	(-40, -69)	(40, -69)	circle	red	dif	left	left	(40, -69)	(-40, -69)	search	nr	True	107011	107665	left	10	35	60	85	135	160	None	None	testing
1	dn	f	19	red	5	(80, 0)	(40, 69)	(-39, 69)	(-80, 0)	(-40, -69)	(40, -69)	circle	none	same	right	right	N_dist	(40, 69)	probe	l_norm	None	None	None	None	60	135	85	110	35	10	(-40, -69)	160	testing
1	dn	f	19	red	5	(80, 0)	(40, 69)	(-39, 69)	(-80, 0)	(-40, -69)	(40, -69)	diamond	red	dif	right	right	(-80, 0)	(40, 69)	search	nr	True	113272	113858	right	160	60	10	35	135	85	None	None	testing
1	dn	f	19	red	5	(80, 0)	(40, 69)	(-39, 69)	(-80, 0)	(-40, -69)	(40, -69)	circle	red	same	right	right	(40, 69)	(-40, -69)	search	nr	True	114958	115713	right	35	135	85	110	10	60	None	None	testing
1	dn	f	19	red	5	(80, 0)	(40, 69)	(-39, 69)	(-80, 0)	(-40, -69)	(40, -69)	diamond	red	dif	left	left	(-80, 0)	(40, -69)	search	nr	True	116879	117537	left	10	85	160	110	135	60	None	None	testing
1	dn	f	19	red	5	(80, 0)	(40, 69)	(-39, 69)	(-80, 0)	(-40, -69)	(40, -69)	circle	none	same	right	right	N_dist	(-39, 69)	search	nr	True	118832	119394	right	110	10	135	85	35	60	None	None	testing
1	dn	f	19	red	5	(80, 0)	(40, 69)	(-39, 69)	(-80, 0)	(-40, -69)	(40, -69)	circle	none	dif	left	left	N_dist	(40, -69)	search	nr	True	120636	121201	left	110	85	160	10	135	35	None	None	testing
1	dn	f	19	red	5	(80, 0)	(40, 69)	(-39, 69)	(-80, 0)	(-40, -69)	(40, -69)	circle	red	same	left	left	(80, 0)	(40, -69)	probe	norm	None	None	None	None	135	10	160	85	110	60	(-40, -69)	5	testing
1	dn	f	19	red	5	(80, 0)	(40, 69)	(-39, 69)	(-80, 0)	(-40, -69)	(40, -69)	circle	red	same	left	left	(80, 0)	(-80, 0)	search	nr	True	126731	127233	left	110	10	60	160	35	135	None	None	testing
1	dn	f	19	red	5	(80, 0)	(40, 69)	(-39, 69)	(-80, 0)	(-40, -69)	(40, -69)	diamond	red	same	left	left	(40, -69)	(-39, 69)	search	nr	True	128416	129057	left	160	60	135	10	35	85	None	None	testing
1	dn	f	19	red	5	(80, 0)	(40, 69)	(-39, 69)	(-80, 0)	(-40, -69)	(40, -69)	diamond	red	same	left	left	(80, 0)	(40, -69)	search	nr	True	130154	130705	left	160	110	60	85	135	10	None	None	testing
1	dn	f	19	red	5	(80, 0)	(40, 69)	(-39, 69)	(-80, 0)	(-40, -69)	(40, -69)	diamond	red	same	left	left	(40, -69)	(-39, 69)	search	nr	True	131907	132513	left	10	35	110	60	85	160	None	None	testing
1	dn	f	19	red	5	(80, 0)	(40, 69)	(-39, 69)	(-80, 0)	(-40, -69)	(40, -69)	diamond	red	same	left	left	(-39, 69)	(-40, -69)	search	nr	True	133760	134353	left	10	160	35	135	60	85	None	None	testing
1	dn	f	19	red	5	(80, 0)	(40, 69)	(-39, 69)	(-80, 0)	(-40, -69)	(40, -69)	diamond	none	dif	left	left	N_dist	(-39, 69)	probe	h_norm	None	None	None	None	60	85	160	35	110	10	(80, 0)	164	testing
1	dn	f	19	red	5	(80, 0)	(40, 69)	(-39, 69)	(-80, 0)	(-40, -69)	(40, -69)	circle	none	same	right	right	N_dist	(-80, 0)	search	nr	True	139370	139905	right	60	10	135	110	35	160	None	None	testing
1	dn	f	19	red	5	(80, 0)	(40, 69)	(-39, 69)	(-80, 0)	(-40, -69)	(40, -69)	circle	none	dif	left	left	N_dist	(-80, 0)	probe	l_tar	None	None	None	None	110	10	35	135	60	160	(-80, 0)	11	testing
1	dn	f	19	red	5	(80, 0)	(40, 69)	(-39, 69)	(-80, 0)	(-40, -69)	(40, -69)	diamond	none	same	right	right	N_dist	(80, 0)	search	nr	True	145515	146081	right	10	60	135	35	160	110	None	None	testing
1	dn	f	19	red	5	(80, 0)	(40, 69)	(-39, 69)	(-80, 0)	(-40, -69)	(40, -69)	circle	none	dif	right	right	N_dist	(-80, 0)	search	nr	True	147318	147937	right	35	10	110	60	160	85	None	None	testing
1	dn	f	19	red	5	(80, 0)	(40, 69)	(-39, 69)	(-80, 0)	(-40, -69)	(40, -69)	diamond	none	dif	right	right	N_dist	(-39, 69)	probe	l_norm	None	None	None	None	135	110	10	160	35	85	(40, 69)	11	testing
1	dn	f	19	red	5	(80, 0)	(40, 69)	(-39, 69)	(-80, 0)	(-40, -69)	(40, -69)	circle	red	same	right	right	(80, 0)	(-80, 0)	probe	h_sin	None	None	None	None	135	35	160	85	110	60	(80, 0)	29	testing
1	dn	f	19	red	5	(80, 0)	(40, 69)	(-39, 69)	(-80, 0)	(-40, -69)	(40, -69)	circle	none	dif	left	left	N_dist	(-80, 0)	search	nr	True	156334	157137	left	35	60	160	85	10	110	None	None	testing
1	dn	f	19	red	5	(80, 0)	(40, 69)	(-39, 69)	(-80, 0)	(-40, -69)	(40, -69)	diamond	none	dif	right	right	N_dist	(40, -69)	search	nr	True	158255	159121	right	135	160	60	110	35	10	None	None	testing
1	dn	f	19	red	5	(80, 0)	(40, 69)	(-39, 69)	(-80, 0)	(-40, -69)	(40, -69)	circle	red	dif	right	right	(80, 0)	(40, 69)	probe	norm	None	None	None	None	110	35	60	135	85	160	(40, -69)	35	testing
1	dn	f	19	red	5	(80, 0)	(40, 69)	(-39, 69)	(-80, 0)	(-40, -69)	(40, -69)	diamond	red	same	right	right	(80, 0)	(-40, -69)	search	nr	True	165167	165793	right	135	60	85	10	160	110	None	None	testing
1	dn	f	19	red	5	(80, 0)	(40, 69)	(-39, 69)	(-80, 0)	(-40, -69)	(40, -69)	circle	red	dif	right	right	(80, 0)	(-39, 69)	search	nr	True	167037	167650	right	60	35	10	135	160	85	None	None	testing
1	dn	f	19	red	5	(80, 0)	(40, 69)	(-39, 69)	(-80, 0)	(-40, -69)	(40, -69)	diamond	red	same	left	left	(-39, 69)	(-40, -69)	search	nr	True	168741	169698	left	110	10	160	85	60	135	None	None	testing
1	dn	f	19	red	5	(80, 0)	(40, 69)	(-39, 69)	(-80, 0)	(-40, -69)	(40, -69)	circle	red	same	left	left	(-40, -69)	(40, 69)	search	nr	True	170845	171425	left	160	35	110	135	85	10	None	None	testing
1	dn	f	19	red	5	(80, 0)	(40, 69)	(-39, 69)	(-80, 0)	(-40, -69)	(40, -69)	diamond	red	same	left	left	(-39, 69)	(-40, -69)	search	nr	True	172699	173282	left	85	110	35	135	10	160	None	None	testing
1	dn	f	19	red	5	(80, 0)	(40, 69)	(-39, 69)	(-80, 0)	(-40, -69)	(40, -69)	circle	red	dif	left	left	(80, 0)	(-39, 69)	search	nr	True	174435	175169	left	110	60	160	135	85	10	None	None	testing
1	dn	f	19	red	5	(80, 0)	(40, 69)	(-39, 69)	(-80, 0)	(-40, -69)	(40, -69)	diamond	red	same	right	right	(80, 0)	(-39, 69)	probe	h_sin	None	None	None	None	60	160	10	135	35	85	(80, 0)	153	testing
1	dn	f	19	red	5	(80, 0)	(40, 69)	(-39, 69)	(-80, 0)	(-40, -69)	(40, -69)	diamond	red	dif	right	right	(80, 0)	(-80, 0)	search	nr	True	180429	181057	right	85	60	110	160	10	135	None	None	testing
1	dn	f	19	red	5	(80, 0)	(40, 69)	(-39, 69)	(-80, 0)	(-40, -69)	(40, -69)	circle	red	same	right	right	(-40, -69)	(40, 69)	search	nr	True	182182	182817	right	110	35	135	60	85	160	None	None	testing
1	dn	f	19	red	5	(80, 0)	(40, 69)	(-39, 69)	(-80, 0)	(-40, -69)	(40, -69)	circle	red	same	right	right	(80, 0)	(-40, -69)	probe	tar	None	None	None	None	135	110	35	10	85	60	(-40, -69)	176	testing
1	dn	f	19	red	5	(80, 0)	(40, 69)	(-39, 69)	(-80, 0)	(-40, -69)	(40, -69)	diamond	red	dif	right	right	(40, 69)	(-40, -69)	search	nr	True	188194	188785	right	160	85	110	35	10	60	None	None	testing
1	dn	f	19	red	5	(80, 0)	(40, 69)	(-39, 69)	(-80, 0)	(-40, -69)	(40, -69)	circle	red	dif	left	left	(80, 0)	(-80, 0)	probe	h_sin	None	None	None	None	35	135	160	110	10	85	(80, 0)	146	testing
1	dn	f	19	red	5	(80, 0)	(40, 69)	(-39, 69)	(-80, 0)	(-40, -69)	(40, -69)	circle	none	same	right	right	N_dist	(40, -69)	probe	h_norm	None	None	None	None	160	10	60	110	35	135	(80, 0)	32	testing
1	dn	f	19	red	5	(80, 0)	(40, 69)	(-39, 69)	(-80, 0)	(-40, -69)	(40, -69)	diamond	red	same	right	right	(80, 0)	(40, 69)	search	nr	True	197945	198496	right	160	60	110	135	10	85	None	None	testing
1	dn	f	19	red	5	(80, 0)	(40, 69)	(-39, 69)	(-80, 0)	(-40, -69)	(40, -69)	diamond	red	dif	left	left	(-40, -69)	(40, -69)	search	nr	True	199615	200273	left	60	35	85	110	160	135	None	None	testing
1	dn	f	19	red	5	(80, 0)	(40, 69)	(-39, 69)	(-80, 0)	(-40, -69)	(40, -69)	circle	red	dif	right	right	(80, 0)	(-40, -69)	search	nr	True	201534	202513	right	110	60	85	35	160	10	None	None	testing
1	dn	f	19	red	5	(80, 0)	(40, 69)	(-39, 69)	(-80, 0)	(-40, -69)	(40, -69)	circle	red	dif	left	left	(40, -69)	(40, 69)	probe	l_sin	None	None	None	None	160	85	135	110	35	10	(40, -69)	59	testing
1	dn	f	19	red	5	(80, 0)	(40, 69)	(-39, 69)	(-80, 0)	(-40, -69)	(40, -69)	diamond	red	dif	right	right	(80, 0)	(-39, 69)	search	nr	True	208782	209345	right	10	110	85	160	135	60	None	None	testing
1	dn	f	19	red	5	(80, 0)	(40, 69)	(-39, 69)	(-80, 0)	(-40, -69)	(40, -69)	circle	none	same	right	right	N_dist	(40, -69)	search	nr	True	210568	211121	right	160	60	10	85	135	110	None	None	testing
1	dn	f	19	red	5	(80, 0)	(40, 69)	(-39, 69)	(-80, 0)	(-40, -69)	(40, -69)	circle	red	same	left	left	(80, 0)	(40, 69)	probe	h_sin	None	None	None	None	60	110	35	160	10	135	(80, 0)	164	testing
1	dn	f	19	red	5	(80, 0)	(40, 69)	(-39, 69)	(-80, 0)	(-40, -69)	(40, -69)	circle	red	dif	right	right	(40, 69)	(-39, 69)	search	nr	True	216028	216849	right	35	160	10	110	85	60	None	None	testing
1	dn	f	19	red	5	(80, 0)	(40, 69)	(-39, 69)	(-80, 0)	(-40, -69)	(40, -69)	diamond	red	same	right	right	(80, 0)	(40, -69)	search	nr	True	218032	218577	right	85	10	110	135	35	160	None	None	testing
1	dn	f	19	red	5	(80, 0)	(40, 69)	(-39, 69)	(-80, 0)	(-40, -69)	(40, -69)	diamond	red	dif	left	left	(-39, 69)	(40, -69)	search	nr	True	219634	220353	left	35	10	85	60	135	110	None	None	testing
1	dn	f	19	red	5	(80, 0)	(40, 69)	(-39, 69)	(-80, 0)	(-40, -69)	(40, -69)	diamond	none	same	right	right	N_dist	(-40, -69)	search	nr	True	221588	222193	right	110	160	35	10	135	85	None	None	testing
1	dn	f	19	red	5	(80, 0)	(40, 69)	(-39, 69)	(-80, 0)	(-40, -69)	(40, -69)	circle	none	dif	right	right	N_dist	(40, 69)	search	nr	True	223291	223873	right	85	110	10	60	160	35	None	None	testing
1	dn	f	19	red	5	(80, 0)	(40, 69)	(-39, 69)	(-80, 0)	(-40, -69)	(40, -69)	diamond	red	dif	right	right	(80, 0)	(-80, 0)	search	nr	True	225044	225617	right	10	85	160	60	35	110	None	None	testing
1	dn	f	19	red	5	(80, 0)	(40, 69)	(-39, 69)	(-80, 0)	(-40, -69)	(40, -69)	circle	red	same	right	right	(80, 0)	(-80, 0)	search	nr	True	226814	227345	right	85	10	135	60	110	160	None	None	testing
1	dn	f	19	red	5	(80, 0)	(40, 69)	(-39, 69)	(-80, 0)	(-40, -69)	(40, -69)	diamond	red	dif	right	right	(80, 0)	(-40, -69)	search	nr	True	228417	228993	right	10	110	60	85	160	135	None	None	testing
1	dn	f	19	red	5	(80, 0)	(40, 69)	(-39, 69)	(-80, 0)	(-40, -69)	(40, -69)	diamond	red	dif	right	right	(80, 0)	(-80, 0)	search	nr	True	230137	230672	right	135	160	35	85	60	110	None	None	testing
1	dn	f	19	red	5	(80, 0)	(40, 69)	(-39, 69)	(-80, 0)	(-40, -69)	(40, -69)	diamond	red	dif	right	right	(80, 0)	(-39, 69)	probe	norm	None	None	None	None	160	60	10	35	135	110	(40, -69)	174	testing
1	dn	f	19	red	5	(80, 0)	(40, 69)	(-39, 69)	(-80, 0)	(-40, -69)	(40, -69)	circle	red	dif	left	left	(80, 0)	(-39, 69)	search	nr	True	235681	236416	left	85	35	10	135	160	60	None	None	testing
1	dn	f	19	red	5	(80, 0)	(40, 69)	(-39, 69)	(-80, 0)	(-40, -69)	(40, -69)	circle	none	dif	right	right	N_dist	(-80, 0)	search	nr	True	237634	238177	right	35	135	10	85	160	110	None	None	testing
1	dn	f	19	red	5	(80, 0)	(40, 69)	(-39, 69)	(-80, 0)	(-40, -69)	(40, -69)	diamond	red	dif	left	left	(80, 0)	(-39, 69)	search	nr	True	239287	240017	left	110	160	35	10	135	60	None	None	testing
1	dn	f	19	red	5	(80, 0)	(40, 69)	(-39, 69)	(-80, 0)	(-40, -69)	(40, -69)	diamond	red	same	right	right	(80, 0)	(-40, -69)	search	nr	True	241175	241793	right	135	85	60	110	160	10	None	None	testing
1	dn	f	19	red	5	(80, 0)	(40, 69)	(-39, 69)	(-80, 0)	(-40, -69)	(40, -69)	circle	red	same	right	right	(80, 0)	(-40, -69)	search	nr	True	242894	243441	right	10	135	35	60	160	85	None	None	testing
1	dn	f	19	red	5	(80, 0)	(40, 69)	(-39, 69)	(-80, 0)	(-40, -69)	(40, -69)	circle	none	same	right	right	N_dist	(80, 0)	search	nr	True	244547	245184	right	10	135	85	110	35	60	None	None	testing
1	dn	f	19	red	5	(80, 0)	(40, 69)	(-39, 69)	(-80, 0)	(-40, -69)	(40, -69)	diamond	none	dif	right	right	N_dist	(-40, -69)	probe	h_norm	None	None	None	None	85	60	135	160	10	110	(80, 0)	171	testing
1	dn	f	19	red	5	(80, 0)	(40, 69)	(-39, 69)	(-80, 0)	(-40, -69)	(40, -69)	circle	red	dif	left	left	(40, 69)	(-40, -69)	search	nr	True	249840	250385	right	10	60	135	35	110	160	None	None	testing
1	dn	f	19	red	5	(80, 0)	(40, 69)	(-39, 69)	(-80, 0)	(-40, -69)	(40, -69)	diamond	red	same	right	right	(80, 0)	(-39, 69)	search	nr	True	253063	253825	right	85	10	110	60	160	135	None	None	testing
1	dn	f	19	red	5	(80, 0)	(40, 69)	(-39, 69)	(-80, 0)	(-40, -69)	(40, -69)	diamond	none	dif	right	right	N_dist	(-39, 69)	search	nr	True	254950	255505	right	60	160	35	85	10	110	None	None	testing
1	dn	f	19	red	5	(80, 0)	(40, 69)	(-39, 69)	(-80, 0)	(-40, -69)	(40, -69)	circle	red	dif	left	left	(80, 0)	(40, 69)	probe	tar	None	None	None	None	85	60	160	10	135	35	(40, 69)	162	testing
1	dn	f	19	red	5	(80, 0)	(40, 69)	(-39, 69)	(-80, 0)	(-40, -69)	(40, -69)	circle	red	same	left	left	(80, 0)	(-39, 69)	search	nr	True	260426	261025	left	85	35	160	10	110	135	None	None	testing
1	dn	f	19	red	5	(80, 0)	(40, 69)	(-39, 69)	(-80, 0)	(-40, -69)	(40, -69)	diamond	red	dif	left	left	(80, 0)	(-80, 0)	search	nr	True	262229	262800	left	35	160	85	110	60	135	None	None	testing
1	dn	f	19	red	5	(80, 0)	(40, 69)	(-39, 69)	(-80, 0)	(-40, -69)	(40, -69)	diamond	red	same	right	right	(80, 0)	(40, -69)	search	nr	True	264033	264641	right	85	35	60	135	110	10	None	None	testing
1	dn	f	19	red	5	(80, 0)	(40, 69)	(-39, 69)	(-80, 0)	(-40, -69)	(40, -69)	circle	red	dif	right	right	(-80, 0)	(-40, -69)	search	nr	True	265802	266817	right	35	85	110	10	60	135	None	None	testing
1	dn	f	19	red	5	(80, 0)	(40, 69)	(-39, 69)	(-80, 0)	(-40, -69)	(40, -69)	circle	none	dif	right	right	N_dist	(-39, 69)	probe	l_tar	None	None	None	None	135	10	85	160	60	35	(-39, 69)	176	testing
1	dn	f	19	red	5	(80, 0)	(40, 69)	(-39, 69)	(-80, 0)	(-40, -69)	(40, -69)	diamond	none	same	left	left	N_dist	(-39, 69)	search	nr	True	271463	272416	left	35	60	10	160	85	110	None	None	testing
1	dn	f	19	red	5	(80, 0)	(40, 69)	(-39, 69)	(-80, 0)	(-40, -69)	(40, -69)	diamond	red	same	right	right	(-39, 69)	(-40, -69)	probe	norm	None	None	None	None	110	10	35	60	135	160	(-80, 0)	172	testing
1	dn	f	19	red	5	(80, 0)	(40, 69)	(-39, 69)	(-80, 0)	(-40, -69)	(40, -69)	circle	none	dif	right	right	N_dist	(40, 69)	probe	h_norm	None	None	None	None	35	135	160	110	10	60	(80, 0)	152	testing
1	dn	f	19	red	5	(80, 0)	(40, 69)	(-39, 69)	(-80, 0)	(-40, -69)	(40, -69)	diamond	red	dif	right	right	(80, 0)	(-80, 0)	probe	norm	None	None	None	None	135	60	10	160	35	110	(40, 69)	157	testing
1	dn	f	19	red	5	(80, 0)	(40, 69)	(-39, 69)	(-80, 0)	(-40, -69)	(40, -69)	circle	red	dif	left	left	(80, 0)	(40, 69)	search	nr	True	287944	288480	left	160	85	35	60	10	135	None	None	testing
1	dn	f	19	red	5	(80, 0)	(40, 69)	(-39, 69)	(-80, 0)	(-40, -69)	(40, -69)	diamond	red	same	left	left	(40, -69)	(-39, 69)	probe	l_sin	None	None	None	None	135	60	110	35	85	10	(40, -69)	159	testing
1	dn	f	19	red	5	(80, 0)	(40, 69)	(-39, 69)	(-80, 0)	(-40, -69)	(40, -69)	circle	red	dif	left	left	(40, 69)	(40, -69)	search	nr	True	293804	294305	left	110	160	85	35	135	60	None	None	testing
1	dn	f	19	red	5	(80, 0)	(40, 69)	(-39, 69)	(-80, 0)	(-40, -69)	(40, -69)	circle	red	same	left	left	(80, 0)	(-39, 69)	search	nr	True	295390	295920	left	160	135	85	110	35	60	None	None	testing
1	dn	f	19	red	5	(80, 0)	(40, 69)	(-39, 69)	(-80, 0)	(-40, -69)	(40, -69)	diamond	red	same	left	left	(80, 0)	(-39, 69)	search	nr	True	297093	297697	left	10	135	110	160	85	60	None	None	testing
1	dn	f	19	red	5	(80, 0)	(40, 69)	(-39, 69)	(-80, 0)	(-40, -69)	(40, -69)	diamond	red	dif	left	left	(-39, 69)	(40, -69)	search	nr	True	298963	299489	left	85	110	60	35	160	135	None	None	testing
1	dn	f	19	red	5	(80, 0)	(40, 69)	(-39, 69)	(-80, 0)	(-40, -69)	(40, -69)	diamond	red	same	left	left	(80, 0)	(-80, 0)	search	nr	True	300666	301185	left	110	85	160	35	135	60	None	None	testing
1	dn	f	19	red	5	(80, 0)	(40, 69)	(-39, 69)	(-80, 0)	(-40, -69)	(40, -69)	diamond	red	dif	left	left	(80, 0)	(40, 69)	search	nr	True	302270	302784	left	160	10	110	35	60	135	None	None	testing
1	dn	f	19	red	5	(80, 0)	(40, 69)	(-39, 69)	(-80, 0)	(-40, -69)	(40, -69)	circle	red	dif	right	right	(80, 0)	(-40, -69)	search	nr	True	303956	304784	right	135	160	85	110	60	35	None	None	testing
1	dn	f	19	red	5	(80, 0)	(40, 69)	(-39, 69)	(-80, 0)	(-40, -69)	(40, -69)	circle	red	dif	left	left	(80, 0)	(40, 69)	search	nr	True	306010	306593	left	135	60	85	35	10	160	None	None	testing
1	dn	f	19	red	5	(80, 0)	(40, 69)	(-39, 69)	(-80, 0)	(-40, -69)	(40, -69)	circle	red	dif	right	right	(80, 0)	(40, -69)	probe	h_sin	None	None	None	None	85	60	135	110	160	10	(80, 0)	167	testing
1	dn	f	19	red	5	(80, 0)	(40, 69)	(-39, 69)	(-80, 0)	(-40, -69)	(40, -69)	diamond	red	dif	left	left	(80, 0)	(-80, 0)	probe	norm	None	None	None	None	10	60	160	35	135	110	(40, 69)	158	testing
1	dn	f	19	red	5	(80, 0)	(40, 69)	(-39, 69)	(-80, 0)	(-40, -69)	(40, -69)	circle	none	same	right	right	N_dist	(80, 0)	probe	h_tar	None	None	None	None	60	35	135	160	85	110	(80, 0)	160	testing
1	dn	f	19	red	5	(80, 0)	(40, 69)	(-39, 69)	(-80, 0)	(-40, -69)	(40, -69)	diamond	red	dif	right	right	(80, 0)	(-40, -69)	probe	tar	None	None	None	None	85	35	135	10	60	160	(-40, -69)	172	testing
1	dn	f	19	red	5	(80, 0)	(40, 69)	(-39, 69)	(-80, 0)	(-40, -69)	(40, -69)	diamond	red	same	right	right	(80, 0)	(40, 69)	probe	h_sin	None	None	None	None	160	110	85	10	35	60	(80, 0)	32	testing
1	dn	f	19	red	5	(80, 0)	(40, 69)	(-39, 69)	(-80, 0)	(-40, -69)	(40, -69)	diamond	none	dif	left	left	N_dist	(-40, -69)	search	nr	True	326747	327425	left	110	35	60	10	85	135	None	None	testing
1	dn	f	19	red	5	(80, 0)	(40, 69)	(-39, 69)	(-80, 0)	(-40, -69)	(40, -69)	circle	none	dif	right	right	N_dist	(-39, 69)	search	nr	True	328501	329344	left	10	60	135	110	85	35	None	None	testing
1	dn	f	19	red	5	(80, 0)	(40, 69)	(-39, 69)	(-80, 0)	(-40, -69)	(40, -69)	diamond	red	dif	right	right	(80, 0)	(-80, 0)	search	nr	True	332075	332640	right	110	60	35	85	135	10	None	None	testing
1	dn	f	19	red	5	(80, 0)	(40, 69)	(-39, 69)	(-80, 0)	(-40, -69)	(40, -69)	circle	red	dif	left	left	(80, 0)	(-39, 69)	search	nr	True	333744	334465	left	85	160	35	10	110	135	None	None	testing
1	dn	f	19	red	5	(80, 0)	(40, 69)	(-39, 69)	(-80, 0)	(-40, -69)	(40, -69)	circle	red	same	right	right	(-40, -69)	(40, 69)	search	nr	True	335764	336368	right	10	135	110	160	60	85	None	None	testing
1	dn	f	19	red	5	(80, 0)	(40, 69)	(-39, 69)	(-80, 0)	(-40, -69)	(40, -69)	diamond	none	same	right	right	N_dist	(-40, -69)	search	nr	True	337568	338176	right	160	60	110	135	85	10	None	None	testing
1	dn	f	19	red	5	(80, 0)	(40, 69)	(-39, 69)	(-80, 0)	(-40, -69)	(40, -69)	circle	red	dif	left	left	(80, 0)	(-80, 0)	search	nr	True	339321	339889	left	35	110	10	85	160	60	None	None	testing
1	dn	f	19	red	5	(80, 0)	(40, 69)	(-39, 69)	(-80, 0)	(-40, -69)	(40, -69)	circle	none	same	left	left	N_dist	(-80, 0)	search	nr	True	341075	341825	left	160	85	35	10	110	135	None	None	testing
1	dn	f	19	red	5	(80, 0)	(40, 69)	(-39, 69)	(-80, 0)	(-40, -69)	(40, -69)	circle	red	dif	right	right	(80, 0)	(-39, 69)	probe	tar	None	None	None	None	135	60	35	160	85	110	(-39, 69)	160	testing
1	dn	f	19	red	5	(80, 0)	(40, 69)	(-39, 69)	(-80, 0)	(-40, -69)	(40, -69)	circle	red	same	right	right	(80, 0)	(-40, -69)	search	nr	True	347970	348689	right	10	135	160	60	110	35	None	None	testing
1	dn	f	19	red	5	(80, 0)	(40, 69)	(-39, 69)	(-80, 0)	(-40, -69)	(40, -69)	circle	red	same	right	right	(80, 0)	(-40, -69)	probe	norm	None	None	None	None	35	110	160	135	60	10	(-80, 0)	8	testing
1	dn	f	19	red	5	(80, 0)	(40, 69)	(-39, 69)	(-80, 0)	(-40, -69)	(40, -69)	diamond	red	same	left	left	(80, 0)	(-39, 69)	search	nr	True	353397	354033	left	35	135	110	85	160	60	None	None	testing
1	dn	f	19	red	5	(80, 0)	(40, 69)	(-39, 69)	(-80, 0)	(-40, -69)	(40, -69)	circle	none	same	left	left	N_dist	(-40, -69)	probe	l_norm	None	None	None	None	35	160	110	10	60	135	(-39, 69)	29	testing
1	dn	f	19	red	5	(80, 0)	(40, 69)	(-39, 69)	(-80, 0)	(-40, -69)	(40, -69)	diamond	red	same	right	right	(80, 0)	(40, 69)	probe	tar	None	None	None	None	110	135	60	35	160	10	(40, 69)	14	testing
1	dn	f	19	red	5	(80, 0)	(40, 69)	(-39, 69)	(-80, 0)	(-40, -69)	(40, -69)	diamond	red	dif	right	right	(80, 0)	(-80, 0)	probe	tar	None	None	None	None	35	135	60	110	160	85	(-80, 0)	13	testing
1	dn	f	19	red	5	(80, 0)	(40, 69)	(-39, 69)	(-80, 0)	(-40, -69)	(40, -69)	diamond	none	dif	right	right	N_dist	(40, -69)	search	nr	True	369994	370801	right	35	85	135	160	60	10	None	None	testing
1	dn	f	19	red	5	(80, 0)	(40, 69)	(-39, 69)	(-80, 0)	(-40, -69)	(40, -69)	circle	red	same	right	right	(-40, -69)	(40, 69)	search	nr	True	371898	372545	right	135	60	110	35	85	10	None	None	testing
1	dn	f	19	red	5	(80, 0)	(40, 69)	(-39, 69)	(-80, 0)	(-40, -69)	(40, -69)	circle	none	dif	right	right	N_dist	(-39, 69)	search	nr	True	373684	374337	right	60	35	110	135	10	85	None	None	testing
1	dn	f	19	red	5	(80, 0)	(40, 69)	(-39, 69)	(-80, 0)	(-40, -69)	(40, -69)	diamond	none	dif	left	left	N_dist	(-40, -69)	search	nr	True	375655	376769	left	35	10	110	60	135	160	None	None	testing
1	dn	f	19	red	5	(80, 0)	(40, 69)	(-39, 69)	(-80, 0)	(-40, -69)	(40, -69)	circle	none	dif	left	left	N_dist	(80, 0)	search	nr	True	377925	378545	left	110	160	60	10	135	35	None	None	testing
1	dn	f	19	red	5	(80, 0)	(40, 69)	(-39, 69)	(-80, 0)	(-40, -69)	(40, -69)	diamond	red	dif	right	right	(40, 69)	(-40, -69)	probe	l_sin	None	None	None	None	160	35	10	135	110	85	(40, 69)	155	testing
1	dn	f	19	red	5	(80, 0)	(40, 69)	(-39, 69)	(-80, 0)	(-40, -69)	(40, -69)	diamond	red	dif	left	left	(40, -69)	(-39, 69)	probe	tar	None	None	None	None	10	35	85	60	110	160	(-39, 69)	15	testing
1	dn	f	19	red	5	(80, 0)	(40, 69)	(-39, 69)	(-80, 0)	(-40, -69)	(40, -69)	circle	none	dif	left	left	N_dist	(40, -69)	probe	h_norm	None	None	None	None	10	110	160	85	35	60	(80, 0)	143	testing
1	dn	f	19	red	5	(80, 0)	(40, 69)	(-39, 69)	(-80, 0)	(-40, -69)	(40, -69)	circle	red	same	right	right	(-40, -69)	(40, 69)	probe	l_sin	None	None	None	None	135	85	160	110	35	10	(-40, -69)	166	testing
1	dn	f	19	red	5	(80, 0)	(40, 69)	(-39, 69)	(-80, 0)	(-40, -69)	(40, -69)	diamond	none	same	right	right	N_dist	(80, 0)	probe	h_tar	None	None	None	None	110	10	160	85	60	135	(80, 0)	24	testing
1	dn	f	19	red	5	(80, 0)	(40, 69)	(-39, 69)	(-80, 0)	(-40, -69)	(40, -69)	diamond	red	dif	left	left	(40, 69)	(-40, -69)	probe	norm	None	None	None	None	135	60	85	110	10	35	(80, 0)	22	testing
1	dn	f	19	red	5	(80, 0)	(40, 69)	(-39, 69)	(-80, 0)	(-40, -69)	(40, -69)	circle	red	same	right	right	(80, 0)	(-40, -69)	search	nr	True	401152	401824	right	135	160	60	10	110	85	None	None	testing
1	dn	f	19	red	5	(80, 0)	(40, 69)	(-39, 69)	(-80, 0)	(-40, -69)	(40, -69)	circle	red	same	left	left	(-39, 69)	(-80, 0)	probe	tar	None	None	None	None	35	160	10	85	60	135	(-80, 0)	175	testing
1	dn	f	19	red	5	(80, 0)	(40, 69)	(-39, 69)	(-80, 0)	(-40, -69)	(40, -69)	diamond	none	same	right	right	N_dist	(40, 69)	search	nr	True	406244	406832	right	35	85	10	110	160	135	None	None	testing
1	dn	f	19	red	5	(80, 0)	(40, 69)	(-39, 69)	(-80, 0)	(-40, -69)	(40, -69)	diamond	red	dif	left	left	(40, -69)	(-39, 69)	search	nr	True	408031	408624	left	10	35	85	110	160	60	None	None	testing
1	dn	f	19	red	5	(80, 0)	(40, 69)	(-39, 69)	(-80, 0)	(-40, -69)	(40, -69)	circle	red	dif	left	left	(80, 0)	(-80, 0)	probe	tar	None	None	None	None	60	135	160	85	110	35	(-80, 0)	177	testing
1	dn	f	19	red	5	(80, 0)	(40, 69)	(-39, 69)	(-80, 0)	(-40, -69)	(40, -69)	diamond	red	dif	left	left	(80, 0)	(40, 69)	search	nr	True	413057	413649	left	85	10	135	60	160	35	None	None	testing
1	dn	f	19	red	5	(80, 0)	(40, 69)	(-39, 69)	(-80, 0)	(-40, -69)	(40, -69)	diamond	none	same	left	left	N_dist	(40, 69)	probe	h_norm	None	None	None	None	160	60	110	10	35	85	(80, 0)	27	testing
1	dn	f	19	red	5	(80, 0)	(40, 69)	(-39, 69)	(-80, 0)	(-40, -69)	(40, -69)	circle	none	dif	left	left	N_dist	(-39, 69)	search	nr	True	418867	419601	left	85	110	60	35	160	135	None	None	testing
1	dn	f	19	red	5	(80, 0)	(40, 69)	(-39, 69)	(-80, 0)	(-40, -69)	(40, -69)	diamond	red	same	left	left	(80, 0)	(-40, -69)	search	nr	True	420703	421552	left	110	60	10	160	35	85	None	None	testing
1	dn	f	19	red	5	(80, 0)	(40, 69)	(-39, 69)	(-80, 0)	(-40, -69)	(40, -69)	diamond	red	same	left	left	(-39, 69)	(-40, -69)	search	nr	True	422741	423424	left	60	35	110	160	85	10	None	None	testing
1	dn	f	19	red	5	(80, 0)	(40, 69)	(-39, 69)	(-80, 0)	(-40, -69)	(40, -69)	circle	red	same	left	left	(-80, 0)	(-40, -69)	search	nr	True	424528	425153	left	160	85	10	110	35	135	None	None	testing
1	dn	f	19	red	5	(80, 0)	(40, 69)	(-39, 69)	(-80, 0)	(-40, -69)	(40, -69)	circle	red	dif	left	left	(80, 0)	(-80, 0)	search	nr	True	426348	427073	left	60	85	10	110	35	135	None	None	testing
1	dn	f	19	red	5	(80, 0)	(40, 69)	(-39, 69)	(-80, 0)	(-40, -69)	(40, -69)	diamond	none	same	left	left	N_dist	(40, 69)	probe	h_norm	None	None	None	None	160	135	60	85	10	110	(80, 0)	31	testing
1	dn	f	19	red	5	(80, 0)	(40, 69)	(-39, 69)	(-80, 0)	(-40, -69)	(40, -69)	diamond	red	dif	left	left	(-80, 0)	(40, -69)	probe	tar	None	None	None	None	10	60	35	85	110	160	(40, -69)	30	testing
1	dn	f	19	red	5	(80, 0)	(40, 69)	(-39, 69)	(-80, 0)	(-40, -69)	(40, -69)	diamond	red	dif	right	right	(40, 69)	(-40, -69)	search	nr	True	435464	436033	right	35	60	85	160	135	10	None	None	testing
1	dn	f	19	red	5	(80, 0)	(40, 69)	(-39, 69)	(-80, 0)	(-40, -69)	(40, -69)	circle	red	same	right	right	(80, 0)	(40, 69)	probe	tar	None	None	None	None	10	35	85	60	135	160	(40, 69)	157	testing
1	dn	f	19	red	5	(80, 0)	(40, 69)	(-39, 69)	(-80, 0)	(-40, -69)	(40, -69)	diamond	none	same	left	left	N_dist	(-80, 0)	probe	l_tar	None	None	None	None	110	85	135	160	10	35	(-80, 0)	29	testing
1	dn	f	19	red	5	(80, 0)	(40, 69)	(-39, 69)	(-80, 0)	(-40, -69)	(40, -69)	diamond	red	dif	left	left	(80, 0)	(-80, 0)	search	nr	True	445951	446512	left	35	135	110	85	60	10	None	None	testing
1	dn	f	19	red	5	(80, 0)	(40, 69)	(-39, 69)	(-80, 0)	(-40, -69)	(40, -69)	diamond	red	same	right	right	(80, 0)	(-40, -69)	probe	norm	None	None	None	None	110	60	85	35	135	160	(40, 69)	162	testing
1	dn	f	19	red	5	(80, 0)	(40, 69)	(-39, 69)	(-80, 0)	(-40, -69)	(40, -69)	circle	red	dif	right	right	(80, 0)	(40, -69)	search	nr	True	451194	451825	right	10	60	135	85	35	110	None	None	testing
1	dn	f	19	red	5	(80, 0)	(40, 69)	(-39, 69)	(-80, 0)	(-40, -69)	(40, -69)	diamond	red	dif	left	left	(-40, -69)	(40, -69)	probe	l_sin	None	None	None	None	60	10	85	35	160	110	(-40, -69)	21	testing
1	dn	f	19	red	5	(80, 0)	(40, 69)	(-39, 69)	(-80, 0)	(-40, -69)	(40, -69)	diamond	red	same	left	left	(-39, 69)	(-40, -69)	probe	norm	None	None	None	None	110	60	35	160	10	85	(40, -69)	172	testing
1	dn	f	19	red	5	(80, 0)	(40, 69)	(-39, 69)	(-80, 0)	(-40, -69)	(40, -69)	circle	none	dif	left	left	N_dist	(-39, 69)	probe	l_norm	None	None	None	None	10	35	60	160	85	110	(-80, 0)	17	testing
1	dn	f	19	red	5	(80, 0)	(40, 69)	(-39, 69)	(-80, 0)	(-40, -69)	(40, -69)	circle	red	dif	right	right	(80, 0)	(40, 69)	search	nr	True	464951	465584	right	60	10	110	160	135	85	None	None	testing
1	dn	f	19	red	5	(80, 0)	(40, 69)	(-39, 69)	(-80, 0)	(-40, -69)	(40, -69)	diamond	red	same	left	left	(80, 0)	(-40, -69)	search	nr	True	466856	467584	left	35	85	10	60	110	135	None	None	testing
1	dn	f	19	red	5	(80, 0)	(40, 69)	(-39, 69)	(-80, 0)	(-40, -69)	(40, -69)	circle	none	dif	left	left	N_dist	(40, -69)	probe	h_norm	None	None	None	None	110	35	160	135	60	10	(80, 0)	21	testing
1	dn	f	19	red	5	(80, 0)	(40, 69)	(-39, 69)	(-80, 0)	(-40, -69)	(40, -69)	diamond	red	same	right	right	(-39, 69)	(-40, -69)	search	nr	True	471898	472513	right	160	60	135	35	110	85	None	None	testing
1	dn	f	19	red	5	(80, 0)	(40, 69)	(-39, 69)	(-80, 0)	(-40, -69)	(40, -69)	diamond	red	dif	right	right	(-80, 0)	(40, 69)	probe	l_sin	None	None	None	None	10	110	135	35	160	85	(-80, 0)	156	testing
1	dn	f	19	red	5	(80, 0)	(40, 69)	(-39, 69)	(-80, 0)	(-40, -69)	(40, -69)	diamond	red	same	left	left	(80, 0)	(-40, -69)	search	nr	True	478260	478928	left	135	60	85	35	110	10	None	None	testing
1	dn	f	19	red	5	(80, 0)	(40, 69)	(-39, 69)	(-80, 0)	(-40, -69)	(40, -69)	circle	none	same	left	left	N_dist	(40, -69)	search	nr	True	480063	480752	left	60	85	110	160	10	35	None	None	testing
1	dn	f	19	red	5	(80, 0)	(40, 69)	(-39, 69)	(-80, 0)	(-40, -69)	(40, -69)	circle	red	dif	right	right	(-80, 0)	(-40, -69)	search	nr	True	481950	482624	right	60	10	35	135	85	160	None	None	testing
1	dn	f	19	red	5	(80, 0)	(40, 69)	(-39, 69)	(-80, 0)	(-40, -69)	(40, -69)	diamond	red	dif	right	right	(-39, 69)	(-80, 0)	search	nr	True	483737	484368	right	35	135	10	85	60	160	None	None	testing
1	dn	f	19	red	5	(80, 0)	(40, 69)	(-39, 69)	(-80, 0)	(-40, -69)	(40, -69)	diamond	red	dif	right	right	(-39, 69)	(-80, 0)	search	nr	True	485539	486112	right	85	160	135	10	110	60	None	None	testing
1	dn	f	19	red	5	(80, 0)	(40, 69)	(-39, 69)	(-80, 0)	(-40, -69)	(40, -69)	diamond	none	same	left	left	N_dist	(-80, 0)	search	nr	True	487360	487968	left	60	85	135	160	35	110	None	None	testing
1	dn	f	19	red	5	(80, 0)	(40, 69)	(-39, 69)	(-80, 0)	(-40, -69)	(40, -69)	circle	red	same	right	right	(80, 0)	(-80, 0)	search	nr	True	489079	489681	right	60	110	35	85	160	135	None	None	testing
1	dn	f	19	red	5	(80, 0)	(40, 69)	(-39, 69)	(-80, 0)	(-40, -69)	(40, -69)	diamond	none	same	left	left	N_dist	(-80, 0)	search	nr	True	490749	491264	left	135	110	85	10	35	160	None	None	testing
1	dn	f	19	red	5	(80, 0)	(40, 69)	(-39, 69)	(-80, 0)	(-40, -69)	(40, -69)	circle	none	same	left	left	N_dist	(40, 69)	search	nr	True	492335	493008	left	60	85	10	135	110	35	None	None	testing
1	dn	f	19	red	5	(80, 0)	(40, 69)	(-39, 69)	(-80, 0)	(-40, -69)	(40, -69)	circle	red	dif	right	right	(80, 0)	(40, -69)	search	nr	True	494139	494672	right	85	35	160	60	10	110	None	None	testing
1	dn	f	19	red	5	(80, 0)	(40, 69)	(-39, 69)	(-80, 0)	(-40, -69)	(40, -69)	circle	none	same	left	left	N_dist	(40, -69)	search	nr	True	495775	496208	right	110	60	35	10	135	160	None	None	testing
1	dn	f	19	red	5	(80, 0)	(40, 69)	(-39, 69)	(-80, 0)	(-40, -69)	(40, -69)	circle	none	same	right	right	N_dist	(40, 69)	search	nr	True	498797	499313	right	10	110	35	135	160	85	None	None	testing
1	dn	f	19	red	5	(80, 0)	(40, 69)	(-39, 69)	(-80, 0)	(-40, -69)	(40, -69)	circle	red	same	right	right	(80, 0)	(-40, -69)	probe	tar	None	None	None	None	135	110	35	60	10	85	(-40, -69)	130	testing
1	dn	f	19	red	5	(80, 0)	(40, 69)	(-39, 69)	(-80, 0)	(-40, -69)	(40, -69)	diamond	none	same	right	right	N_dist	(-40, -69)	probe	l_norm	None	None	None	None	35	135	110	85	60	160	(40, 69)	26	testing
1	dn	f	19	red	5	(80, 0)	(40, 69)	(-39, 69)	(-80, 0)	(-40, -69)	(40, -69)	circle	none	same	left	left	N_dist	(-40, -69)	search	nr	True	511086	511632	left	135	60	85	160	110	10	None	None	testing
1	dn	f	19	red	5	(80, 0)	(40, 69)	(-39, 69)	(-80, 0)	(-40, -69)	(40, -69)	circle	none	same	left	left	N_dist	(-40, -69)	search	nr	True	512890	513409	left	85	110	10	35	160	135	None	None	testing
1	dn	f	19	red	5	(80, 0)	(40, 69)	(-39, 69)	(-80, 0)	(-40, -69)	(40, -69)	circle	none	dif	right	right	N_dist	(40, -69)	search	nr	True	514476	514977	right	10	160	35	60	110	85	None	None	testing
1	dn	f	19	red	5	(80, 0)	(40, 69)	(-39, 69)	(-80, 0)	(-40, -69)	(40, -69)	circle	red	same	left	left	(-40, -69)	(-80, 0)	probe	l_sin	None	None	None	None	85	10	110	160	35	60	(-40, -69)	150	testing
1	dn	f	19	red	5	(80, 0)	(40, 69)	(-39, 69)	(-80, 0)	(-40, -69)	(40, -69)	circle	red	same	left	left	(-40, -69)	(-80, 0)	search	nr	True	520354	520992	left	110	85	35	160	135	60	None	None	testing
1	dn	f	19	red	5	(80, 0)	(40, 69)	(-39, 69)	(-80, 0)	(-40, -69)	(40, -69)	diamond	none	dif	left	left	N_dist	(-39, 69)	search	nr	True	522123	522960	left	35	85	110	160	10	135	None	None	testing
1	dn	f	19	red	5	(80, 0)	(40, 69)	(-39, 69)	(-80, 0)	(-40, -69)	(40, -69)	circle	red	dif	right	right	(80, 0)	(-40, -69)	search	nr	True	524177	524897	right	10	60	110	135	35	85	None	None	testing
1	dn	f	19	red	5	(80, 0)	(40, 69)	(-39, 69)	(-80, 0)	(-40, -69)	(40, -69)	diamond	none	same	right	right	N_dist	(40, 69)	search	nr	True	526064	526671	right	60	160	85	35	10	110	None	None	testing
1	dn	f	19	red	5	(80, 0)	(40, 69)	(-39, 69)	(-80, 0)	(-40, -69)	(40, -69)	diamond	none	dif	right	right	N_dist	(-40, -69)	search	nr	True	527834	528432	right	35	135	160	110	10	85	None	None	testing
1	dn	f	19	red	5	(80, 0)	(40, 69)	(-39, 69)	(-80, 0)	(-40, -69)	(40, -69)	diamond	red	same	left	left	(80, 0)	(-39, 69)	search	nr	True	529688	530384	left	35	135	10	60	85	110	None	None	testing
1	dn	f	19	red	5	(80, 0)	(40, 69)	(-39, 69)	(-80, 0)	(-40, -69)	(40, -69)	circle	red	dif	left	left	(40, 69)	(-40, -69)	search	nr	True	531558	532288	left	110	135	160	60	10	85	None	None	testing
1	dn	f	19	red	5	(80, 0)	(40, 69)	(-39, 69)	(-80, 0)	(-40, -69)	(40, -69)	diamond	none	same	right	right	N_dist	(40, 69)	probe	l_tar	None	None	None	None	35	60	135	10	85	160	(40, 69)	160	testing
1	dn	f	19	red	5	(80, 0)	(40, 69)	(-39, 69)	(-80, 0)	(-40, -69)	(40, -69)	diamond	none	same	right	right	N_dist	(-40, -69)	search	nr	True	536985	537584	right	85	35	160	135	10	110	None	None	testing
1	dn	f	19	red	5	(80, 0)	(40, 69)	(-39, 69)	(-80, 0)	(-40, -69)	(40, -69)	circle	none	same	left	left	N_dist	(-80, 0)	probe	l_norm	None	None	None	None	10	35	60	85	110	135	(-40, -69)	19	testing
1	dn	f	19	red	5	(80, 0)	(40, 69)	(-39, 69)	(-80, 0)	(-40, -69)	(40, -69)	circle	none	dif	right	right	N_dist	(80, 0)	probe	h_tar	None	None	None	None	160	10	85	60	135	35	(80, 0)	35	testing
1	dn	f	19	red	5	(80, 0)	(40, 69)	(-39, 69)	(-80, 0)	(-40, -69)	(40, -69)	circle	red	dif	right	right	(40, 69)	(-39, 69)	probe	tar	None	None	None	None	60	35	85	110	160	10	(-39, 69)	169	testing
1	dn	f	19	red	5	(80, 0)	(40, 69)	(-39, 69)	(-80, 0)	(-40, -69)	(40, -69)	diamond	none	dif	left	left	N_dist	(-40, -69)	search	nr	True	550777	551409	left	85	110	135	160	10	35	None	None	testing
1	dn	f	19	red	5	(80, 0)	(40, 69)	(-39, 69)	(-80, 0)	(-40, -69)	(40, -69)	diamond	none	same	right	right	N_dist	(40, 69)	search	nr	True	552480	552976	right	160	135	10	60	35	85	None	None	testing
1	dn	f	19	red	5	(80, 0)	(40, 69)	(-39, 69)	(-80, 0)	(-40, -69)	(40, -69)	diamond	red	same	right	right	(80, 0)	(40, 69)	search	nr	True	554099	554640	right	160	10	135	60	85	35	None	None	testing
1	dn	f	19	red	5	(80, 0)	(40, 69)	(-39, 69)	(-80, 0)	(-40, -69)	(40, -69)	diamond	red	same	right	right	(80, 0)	(40, -69)	probe	norm	None	None	None	None	10	160	60	135	35	85	(-40, -69)	169	testing
1	dn	f	19	red	5	(80, 0)	(40, 69)	(-39, 69)	(-80, 0)	(-40, -69)	(40, -69)	circle	red	same	right	right	(80, 0)	(40, 69)	search	nr	True	560043	560560	right	160	85	10	35	110	60	None	None	testing
1	dn	f	19	red	5	(80, 0)	(40, 69)	(-39, 69)	(-80, 0)	(-40, -69)	(40, -69)	circle	red	dif	left	left	(80, 0)	(-80, 0)	search	nr	True	561829	562400	left	60	85	10	110	135	160	None	None	testing
1	dn	f	19	red	5	(80, 0)	(40, 69)	(-39, 69)	(-80, 0)	(-40, -69)	(40, -69)	diamond	red	same	left	left	(-80, 0)	(-39, 69)	probe	tar	None	None	None	None	160	85	35	10	60	110	(-39, 69)	159	testing
1	dn	f	19	red	5	(80, 0)	(40, 69)	(-39, 69)	(-80, 0)	(-40, -69)	(40, -69)	diamond	red	same	left	left	(80, 0)	(-40, -69)	probe	norm	None	None	None	None	10	160	60	85	35	110	(40, 69)	33	testing
1	dn	f	19	red	5	(80, 0)	(40, 69)	(-39, 69)	(-80, 0)	(-40, -69)	(40, -69)	circle	none	dif	left	left	N_dist	(40, -69)	search	nr	True	572032	572624	left	160	35	60	85	110	135	None	None	testing
1	dn	f	19	red	5	(80, 0)	(40, 69)	(-39, 69)	(-80, 0)	(-40, -69)	(40, -69)	circle	red	dif	right	right	(80, 0)	(-39, 69)	search	nr	True	573852	574496	right	60	35	135	10	110	85	None	None	testing
1	dn	f	19	red	5	(80, 0)	(40, 69)	(-39, 69)	(-80, 0)	(-40, -69)	(40, -69)	diamond	none	same	left	left	N_dist	(-39, 69)	probe	l_tar	None	None	None	None	60	10	160	135	35	85	(-39, 69)	30	testing
1	dn	f	19	red	5	(80, 0)	(40, 69)	(-39, 69)	(-80, 0)	(-40, -69)	(40, -69)	circle	none	same	left	left	N_dist	(-80, 0)	search	nr	True	580297	580928	left	135	35	60	10	85	110	None	None	testing
1	dn	f	19	red	5	(80, 0)	(40, 69)	(-39, 69)	(-80, 0)	(-40, -69)	(40, -69)	diamond	red	dif	left	left	(80, 0)	(40, -69)	search	nr	True	582034	582608	right	85	35	10	135	110	60	None	None	testing
1	dn	f	19	red	5	(80, 0)	(40, 69)	(-39, 69)	(-80, 0)	(-40, -69)	(40, -69)	circle	none	dif	right	right	N_dist	(40, -69)	probe	l_norm	None	None	None	None	60	35	160	10	135	85	(40, 69)	156	testing
1	dn	f	19	red	5	(80, 0)	(40, 69)	(-39, 69)	(-80, 0)	(-40, -69)	(40, -69)	circle	red	dif	right	right	(80, 0)	(40, -69)	search	nr	True	589046	589600	right	85	60	160	135	35	110	None	None	testing
1	dn	f	19	red	5	(80, 0)	(40, 69)	(-39, 69)	(-80, 0)	(-40, -69)	(40, -69)	diamond	red	dif	right	right	(-39, 69)	(-80, 0)	probe	l_sin	None	None	None	None	35	10	135	85	160	60	(-39, 69)	25	testing
1	dn	f	19	red	5	(80, 0)	(40, 69)	(-39, 69)	(-80, 0)	(-40, -69)	(40, -69)	circle	none	same	left	left	N_dist	(-80, 0)	probe	h_norm	None	None	None	None	160	110	135	60	35	10	(80, 0)	25	testing
1	dn	f	19	red	5	(80, 0)	(40, 69)	(-39, 69)	(-80, 0)	(-40, -69)	(40, -69)	diamond	none	dif	left	left	N_dist	(-40, -69)	search	nr	True	599616	600193	left	135	35	85	160	60	10	None	None	testing
1	dn	f	19	red	5	(80, 0)	(40, 69)	(-39, 69)	(-80, 0)	(-40, -69)	(40, -69)	diamond	red	same	left	left	(80, 0)	(-80, 0)	probe	norm	None	None	None	None	135	110	35	85	160	60	(-39, 69)	156	testing
1	dn	f	19	red	5	(80, 0)	(40, 69)	(-39, 69)	(-80, 0)	(-40, -69)	(40, -69)	circle	none	same	left	left	N_dist	(40, 69)	probe	h_norm	None	None	None	None	160	60	110	35	135	10	(80, 0)	29	testing
1	dn	f	19	red	5	(80, 0)	(40, 69)	(-39, 69)	(-80, 0)	(-40, -69)	(40, -69)	circle	red	same	left	left	(80, 0)	(40, 69)	search	nr	True	609918	610432	left	60	35	85	135	160	10	None	None	testing
1	dn	f	19	red	5	(80, 0)	(40, 69)	(-39, 69)	(-80, 0)	(-40, -69)	(40, -69)	circle	red	same	left	left	(80, 0)	(40, -69)	search	nr	True	611588	612128	left	60	160	135	35	110	85	None	None	testing
1	dn	f	19	red	5	(80, 0)	(40, 69)	(-39, 69)	(-80, 0)	(-40, -69)	(40, -69)	diamond	none	same	right	right	N_dist	(40, 69)	search	nr	True	613191	613760	right	60	160	10	35	110	135	None	None	testing
1	dn	f	19	red	5	(80, 0)	(40, 69)	(-39, 69)	(-80, 0)	(-40, -69)	(40, -69)	diamond	red	dif	right	right	(-80, 0)	(-40, -69)	search	nr	True	614861	615617	right	85	135	160	10	60	35	None	None	testing
1	dn	f	19	red	5	(80, 0)	(40, 69)	(-39, 69)	(-80, 0)	(-40, -69)	(40, -69)	diamond	red	dif	left	left	(80, 0)	(40, -69)	probe	h_sin	None	None	None	None	160	110	85	60	135	10	(80, 0)	32	testing
1	dn	f	19	red	5	(80, 0)	(40, 69)	(-39, 69)	(-80, 0)	(-40, -69)	(40, -69)	circle	none	same	right	right	N_dist	(40, 69)	search	nr	True	621690	622304	right	10	35	110	135	60	85	None	None	testing
1	dn	f	19	red	5	(80, 0)	(40, 69)	(-39, 69)	(-80, 0)	(-40, -69)	(40, -69)	diamond	red	same	right	right	(80, 0)	(40, -69)	search	nr	True	623543	624304	right	135	110	85	160	10	35	None	None	testing
1	dn	f	19	red	5	(80, 0)	(40, 69)	(-39, 69)	(-80, 0)	(-40, -69)	(40, -69)	circle	red	dif	right	right	(80, 0)	(-39, 69)	search	nr	True	625514	626113	right	10	160	110	85	60	35	None	None	testing
1	dn	f	19	red	5	(80, 0)	(40, 69)	(-39, 69)	(-80, 0)	(-40, -69)	(40, -69)	diamond	none	same	left	left	N_dist	(40, 69)	search	nr	True	627401	628016	left	135	10	160	85	60	110	None	None	testing
1	dn	f	19	red	5	(80, 0)	(40, 69)	(-39, 69)	(-80, 0)	(-40, -69)	(40, -69)	diamond	red	dif	left	left	(80, 0)	(-80, 0)	search	nr	True	629287	629920	left	10	60	135	85	35	110	None	None	testing
1	dn	f	19	red	5	(80, 0)	(40, 69)	(-39, 69)	(-80, 0)	(-40, -69)	(40, -69)	diamond	none	dif	right	right	N_dist	(80, 0)	search	nr	True	631124	631648	right	110	160	135	10	60	35	None	None	testing
1	dn	f	19	red	5	(80, 0)	(40, 69)	(-39, 69)	(-80, 0)	(-40, -69)	(40, -69)	diamond	none	same	left	left	N_dist	(40, 69)	search	nr	True	632861	633472	left	10	135	35	85	110	160	None	None	testing
1	dn	f	19	red	5	(80, 0)	(40, 69)	(-39, 69)	(-80, 0)	(-40, -69)	(40, -69)	circle	none	dif	left	left	N_dist	(40, -69)	search	nr	True	634580	635376	left	60	10	160	110	135	85	None	None	testing
1	dn	f	19	red	5	(80, 0)	(40, 69)	(-39, 69)	(-80, 0)	(-40, -69)	(40, -69)	circle	red	dif	left	left	(40, -69)	(40, 69)	search	nr	True	636517	637088	left	160	85	10	110	135	60	None	None	testing
1	dn	f	19	red	5	(80, 0)	(40, 69)	(-39, 69)	(-80, 0)	(-40, -69)	(40, -69)	diamond	red	dif	right	right	(-80, 0)	(40, 69)	search	nr	True	638387	639073	right	135	60	85	110	10	35	None	None	testing
1	dn	f	19	red	5	(80, 0)	(40, 69)	(-39, 69)	(-80, 0)	(-40, -69)	(40, -69)	diamond	red	same	left	left	(-80, 0)	(-39, 69)	search	nr	True	640374	641424	left	60	160	110	135	85	10	None	None	testing
1	dn	f	19	red	5	(80, 0)	(40, 69)	(-39, 69)	(-80, 0)	(-40, -69)	(40, -69)	circle	red	same	right	right	(80, 0)	(-40, -69)	search	nr	True	642645	643392	right	60	135	110	10	35	160	None	None	testing
1	dn	f	19	red	5	(80, 0)	(40, 69)	(-39, 69)	(-80, 0)	(-40, -69)	(40, -69)	circle	none	same	left	left	N_dist	(-80, 0)	search	nr	True	644649	645152	left	160	110	60	35	10	85	None	None	testing
1	dn	f	19	red	5	(80, 0)	(40, 69)	(-39, 69)	(-80, 0)	(-40, -69)	(40, -69)	circle	red	same	right	right	(80, 0)	(-80, 0)	search	nr	True	646218	646768	right	110	10	135	35	85	160	None	None	testing
1	dn	f	19	red	5	(80, 0)	(40, 69)	(-39, 69)	(-80, 0)	(-40, -69)	(40, -69)	circle	red	dif	right	right	(80, 0)	(-39, 69)	probe	tar	None	None	None	None	10	35	160	85	110	60	(-39, 69)	38	testing
1	dn	f	19	red	5	(80, 0)	(40, 69)	(-39, 69)	(-80, 0)	(-40, -69)	(40, -69)	circle	red	same	left	left	(80, 0)	(-80, 0)	search	nr	True	652196	652784	left	135	85	160	110	10	60	None	None	testing
1	dn	f	19	red	5	(80, 0)	(40, 69)	(-39, 69)	(-80, 0)	(-40, -69)	(40, -69)	diamond	none	dif	right	right	N_dist	(80, 0)	probe	h_tar	None	None	None	None	85	135	35	160	10	60	(80, 0)	169	testing
1	dn	f	19	red	5	(80, 0)	(40, 69)	(-39, 69)	(-80, 0)	(-40, -69)	(40, -69)	circle	red	dif	left	left	(40, 69)	(40, -69)	probe	l_sin	None	None	None	None	110	60	135	10	35	160	(40, 69)	161	testing
1	dn	f	19	red	5	(80, 0)	(40, 69)	(-39, 69)	(-80, 0)	(-40, -69)	(40, -69)	circle	red	same	left	left	(-39, 69)	(-80, 0)	search	nr	True	661062	661584	left	60	160	135	35	110	10	None	None	testing
1	dn	f	19	red	5	(80, 0)	(40, 69)	(-39, 69)	(-80, 0)	(-40, -69)	(40, -69)	diamond	none	dif	left	left	N_dist	(80, 0)	search	nr	True	662732	663280	left	60	35	135	10	110	85	None	None	testing
1	dn	f	19	red	5	(80, 0)	(40, 69)	(-39, 69)	(-80, 0)	(-40, -69)	(40, -69)	diamond	red	same	left	left	(80, 0)	(-40, -69)	probe	h_sin	None	None	None	None	60	160	10	85	110	35	(80, 0)	156	testing
1	dn	f	19	red	5	(80, 0)	(40, 69)	(-39, 69)	(-80, 0)	(-40, -69)	(40, -69)	diamond	red	same	left	left	(-39, 69)	(-40, -69)	probe	l_sin	None	None	None	None	85	10	135	60	160	110	(-39, 69)	30	testing
1	dn	f	19	red	5	(80, 0)	(40, 69)	(-39, 69)	(-80, 0)	(-40, -69)	(40, -69)	diamond	none	same	left	left	N_dist	(-80, 0)	search	nr	True	671281	671887	left	110	35	60	85	10	135	None	None	testing
1	dn	f	19	red	5	(80, 0)	(40, 69)	(-39, 69)	(-80, 0)	(-40, -69)	(40, -69)	circle	red	dif	left	left	(80, 0)	(40, 69)	search	nr	True	672984	673728	left	35	135	110	10	85	160	None	None	testing
1	dn	f	19	red	5	(80, 0)	(40, 69)	(-39, 69)	(-80, 0)	(-40, -69)	(40, -69)	circle	none	dif	left	left	N_dist	(80, 0)	probe	h_tar	None	None	None	None	60	110	160	10	85	135	(80, 0)	166	testing
1	dn	f	19	red	5	(80, 0)	(40, 69)	(-39, 69)	(-80, 0)	(-40, -69)	(40, -69)	diamond	none	same	left	left	N_dist	(-39, 69)	search	nr	True	678294	678912	left	110	35	85	135	60	160	None	None	testing
1	dn	f	19	red	5	(80, 0)	(40, 69)	(-39, 69)	(-80, 0)	(-40, -69)	(40, -69)	diamond	red	dif	right	right	(80, 0)	(-40, -69)	search	nr	True	680097	680720	right	110	60	160	10	35	135	None	None	testing
1	dn	f	19	red	5	(80, 0)	(40, 69)	(-39, 69)	(-80, 0)	(-40, -69)	(40, -69)	circle	red	same	right	right	(40, -69)	(-40, -69)	search	nr	True	681867	682784	right	135	60	160	110	85	35	None	None	testing
1	dn	f	19	red	5	(80, 0)	(40, 69)	(-39, 69)	(-80, 0)	(-40, -69)	(40, -69)	circle	none	same	right	right	N_dist	(-80, 0)	probe	l_norm	None	None	None	None	160	60	85	35	10	110	(-39, 69)	17	testing
1	dn	f	19	red	5	(80, 0)	(40, 69)	(-39, 69)	(-80, 0)	(-40, -69)	(40, -69)	circle	red	same	right	right	(80, 0)	(-80, 0)	probe	norm	None	None	None	None	85	10	160	60	35	135	(-40, -69)	150	testing
1	dn	f	19	red	5	(80, 0)	(40, 69)	(-39, 69)	(-80, 0)	(-40, -69)	(40, -69)	diamond	red	dif	right	right	(-80, 0)	(-40, -69)	probe	l_sin	None	None	None	None	110	85	135	10	60	160	(-80, 0)	48	testing
1	dn	f	19	red	5	(80, 0)	(40, 69)	(-39, 69)	(-80, 0)	(-40, -69)	(40, -69)	diamond	red	same	right	right	(80, 0)	(-40, -69)	search	nr	True	695826	696479	right	35	10	135	160	110	60	None	None	testing
1	dn	f	19	red	5	(80, 0)	(40, 69)	(-39, 69)	(-80, 0)	(-40, -69)	(40, -69)	circle	red	same	left	left	(80, 0)	(40, -69)	search	nr	True	697629	698224	left	160	110	60	35	135	85	None	None	testing
1	dn	f	19	red	5	(80, 0)	(40, 69)	(-39, 69)	(-80, 0)	(-40, -69)	(40, -69)	circle	none	same	right	right	N_dist	(80, 0)	search	nr	True	699516	700096	right	110	60	35	85	135	10	None	None	testing
1	dn	f	19	red	5	(80, 0)	(40, 69)	(-39, 69)	(-80, 0)	(-40, -69)	(40, -69)	circle	red	same	left	left	(40, -69)	(-80, 0)	search	nr	True	701320	701840	left	35	10	135	160	60	85	None	None	testing
1	dn	f	19	red	5	(80, 0)	(40, 69)	(-39, 69)	(-80, 0)	(-40, -69)	(40, -69)	circle	none	dif	right	right	N_dist	(80, 0)	search	nr	True	702906	703456	right	135	35	110	160	10	85	None	None	testing
1	dn	f	19	red	5	(80, 0)	(40, 69)	(-39, 69)	(-80, 0)	(-40, -69)	(40, -69)	diamond	none	dif	left	left	N_dist	(80, 0)	search	nr	True	704659	705296	left	10	110	60	135	35	85	None	None	testing
1	dn	f	19	red	5	(80, 0)	(40, 69)	(-39, 69)	(-80, 0)	(-40, -69)	(40, -69)	circle	red	dif	right	right	(80, 0)	(40, -69)	search	nr	True	706429	707072	right	35	135	60	10	85	110	None	None	testing
1	dn	f	19	red	5	(80, 0)	(40, 69)	(-39, 69)	(-80, 0)	(-40, -69)	(40, -69)	circle	red	same	right	right	(40, 69)	(-40, -69)	search	nr	True	708349	708944	right	10	135	85	60	160	35	None	None	testing
1	dn	f	19	red	5	(80, 0)	(40, 69)	(-39, 69)	(-80, 0)	(-40, -69)	(40, -69)	diamond	none	same	left	left	N_dist	(-80, 0)	probe	h_norm	None	None	None	None	110	135	10	160	85	35	(80, 0)	28	testing
1	dn	f	19	red	5	(80, 0)	(40, 69)	(-39, 69)	(-80, 0)	(-40, -69)	(40, -69)	circle	red	dif	left	left	(40, -69)	(-40, -69)	search	nr	True	713693	714367	left	85	60	35	110	160	10	None	None	testing
1	dn	f	19	red	5	(80, 0)	(40, 69)	(-39, 69)	(-80, 0)	(-40, -69)	(40, -69)	diamond	red	dif	right	right	(80, 0)	(40, -69)	search	nr	True	715429	716240	right	10	160	110	35	60	85	None	None	testing
1	dn	f	19	red	5	(80, 0)	(40, 69)	(-39, 69)	(-80, 0)	(-40, -69)	(40, -69)	diamond	red	same	left	left	(80, 0)	(-39, 69)	search	nr	True	717549	719039	left	110	10	135	60	160	35	None	None	testing
1	dn	f	19	red	5	(80, 0)	(40, 69)	(-39, 69)	(-80, 0)	(-40, -69)	(40, -69)	diamond	red	same	right	right	(80, 0)	(40, 69)	search	nr	True	720304	721008	right	135	10	35	160	110	85	None	None	testing
1	dn	f	19	red	5	(80, 0)	(40, 69)	(-39, 69)	(-80, 0)	(-40, -69)	(40, -69)	circle	none	same	left	left	N_dist	(40, 69)	search	nr	True	722192	722768	left	135	85	60	35	110	10	None	None	testing
1	dn	f	19	red	5	(80, 0)	(40, 69)	(-39, 69)	(-80, 0)	(-40, -69)	(40, -69)	diamond	red	same	left	left	(-80, 0)	(-39, 69)	search	nr	True	724061	724719	left	60	85	10	35	160	110	None	None	testing
1	dn	f	19	red	5	(80, 0)	(40, 69)	(-39, 69)	(-80, 0)	(-40, -69)	(40, -69)	diamond	red	same	left	left	(80, 0)	(-40, -69)	search	nr	True	725865	726719	left	35	110	135	10	85	60	None	None	testing
1	dn	f	19	red	5	(80, 0)	(40, 69)	(-39, 69)	(-80, 0)	(-40, -69)	(40, -69)	diamond	none	dif	right	right	N_dist	(-40, -69)	search	nr	True	727885	728512	right	35	110	10	85	60	135	None	None	testing
1	dn	f	19	red	5	(80, 0)	(40, 69)	(-39, 69)	(-80, 0)	(-40, -69)	(40, -69)	circle	red	same	left	left	(-40, -69)	(40, 69)	probe	norm	None	None	None	None	35	110	160	10	135	85	(80, 0)	145	testing
1	dn	f	19	red	5	(80, 0)	(40, 69)	(-39, 69)	(-80, 0)	(-40, -69)	(40, -69)	diamond	none	same	left	left	N_dist	(40, 69)	search	nr	True	733745	734320	left	10	110	135	85	160	60	None	None	testing
1	dn	f	19	red	5	(80, 0)	(40, 69)	(-39, 69)	(-80, 0)	(-40, -69)	(40, -69)	circle	red	dif	right	right	(80, 0)	(-39, 69)	search	nr	True	735599	736384	right	85	135	60	110	35	160	None	None	testing
1	dn	f	19	red	5	(80, 0)	(40, 69)	(-39, 69)	(-80, 0)	(-40, -69)	(40, -69)	circle	red	same	left	left	(-80, 0)	(-40, -69)	search	nr	True	737469	738176	left	160	35	60	85	110	135	None	None	testing
1	dn	f	19	red	5	(80, 0)	(40, 69)	(-39, 69)	(-80, 0)	(-40, -69)	(40, -69)	circle	red	same	right	right	(80, 0)	(-80, 0)	search	nr	True	739372	740032	right	110	160	35	135	85	10	None	None	testing
1	dn	f	19	red	5	(80, 0)	(40, 69)	(-39, 69)	(-80, 0)	(-40, -69)	(40, -69)	diamond	red	same	left	left	(80, 0)	(-39, 69)	probe	norm	None	None	None	None	35	85	160	110	60	10	(40, 69)	10	testing
1	dn	f	19	red	5	(80, 0)	(40, 69)	(-39, 69)	(-80, 0)	(-40, -69)	(40, -69)	diamond	none	dif	right	right	N_dist	(80, 0)	search	nr	True	746135	746768	right	60	160	10	110	135	35	None	None	testing
1	dn	f	19	red	5	(80, 0)	(40, 69)	(-39, 69)	(-80, 0)	(-40, -69)	(40, -69)	diamond	red	dif	left	left	(-39, 69)	(40, -69)	probe	l_sin	None	None	None	None	10	35	110	60	85	135	(-39, 69)	11	testing
1	dn	f	19	red	5	(80, 0)	(40, 69)	(-39, 69)	(-80, 0)	(-40, -69)	(40, -69)	diamond	none	same	right	right	N_dist	(-40, -69)	probe	h_norm	None	None	None	None	10	135	35	60	85	110	(80, 0)	146	testing
1	dn	f	19	red	5	(80, 0)	(40, 69)	(-39, 69)	(-80, 0)	(-40, -69)	(40, -69)	circle	red	dif	left	left	(80, 0)	(-39, 69)	probe	tar	None	None	None	None	35	85	110	10	160	135	(-39, 69)	9	testing
1	dn	f	19	red	5	(80, 0)	(40, 69)	(-39, 69)	(-80, 0)	(-40, -69)	(40, -69)	diamond	none	dif	right	right	N_dist	(40, -69)	probe	l_norm	None	None	None	None	135	110	160	10	35	85	(-40, -69)	156	testing
1	dn	f	19	red	5	(80, 0)	(40, 69)	(-39, 69)	(-80, 0)	(-40, -69)	(40, -69)	diamond	none	same	right	right	N_dist	(40, 69)	probe	h_norm	None	None	None	None	60	10	85	110	135	160	(80, 0)	147	testing
1	dn	f	19	red	5	(80, 0)	(40, 69)	(-39, 69)	(-80, 0)	(-40, -69)	(40, -69)	circle	none	same	right	right	N_dist	(-80, 0)	search	nr	True	766807	767440	right	160	10	135	35	60	85	None	None	testing
1	dn	f	19	red	5	(80, 0)	(40, 69)	(-39, 69)	(-80, 0)	(-40, -69)	(40, -69)	circle	red	dif	left	left	(80, 0)	(-39, 69)	search	nr	True	768626	769327	left	10	85	160	35	135	60	None	None	testing
1	dn	f	19	red	5	(80, 0)	(40, 69)	(-39, 69)	(-80, 0)	(-40, -69)	(40, -69)	diamond	red	same	left	left	(80, 0)	(-80, 0)	search	nr	True	770530	771184	left	85	10	60	135	35	160	None	None	testing
1	dn	f	19	red	5	(80, 0)	(40, 69)	(-39, 69)	(-80, 0)	(-40, -69)	(40, -69)	circle	red	same	left	left	(80, 0)	(40, 69)	search	nr	True	772383	773055	left	10	35	160	85	135	110	None	None	testing
1	dn	f	19	red	5	(80, 0)	(40, 69)	(-39, 69)	(-80, 0)	(-40, -69)	(40, -69)	circle	red	dif	right	right	(80, 0)	(-40, -69)	probe	h_sin	None	None	None	None	160	10	35	60	85	110	(80, 0)	118	testing
1	dn	f	19	red	5	(80, 0)	(40, 69)	(-39, 69)	(-80, 0)	(-40, -69)	(40, -69)	diamond	none	dif	left	left	N_dist	(80, 0)	search	nr	True	778194	778720	left	60	85	10	35	110	160	None	None	testing
1	dn	f	19	red	5	(80, 0)	(40, 69)	(-39, 69)	(-80, 0)	(-40, -69)	(40, -69)	circle	none	same	right	right	N_dist	(40, -69)	search	nr	True	780031	780768	right	110	135	160	85	60	10	None	None	testing
1	dn	f	19	red	5	(80, 0)	(40, 69)	(-39, 69)	(-80, 0)	(-40, -69)	(40, -69)	diamond	red	dif	left	left	(80, 0)	(40, -69)	search	nr	True	781951	782736	left	135	160	85	110	35	10	None	None	testing
1	dn	f	19	red	5	(80, 0)	(40, 69)	(-39, 69)	(-80, 0)	(-40, -69)	(40, -69)	circle	red	same	right	right	(40, -69)	(-40, -69)	search	nr	True	784022	784976	right	60	135	85	110	160	35	None	None	testing
1	dn	f	19	red	5	(80, 0)	(40, 69)	(-39, 69)	(-80, 0)	(-40, -69)	(40, -69)	circle	none	dif	left	left	N_dist	(80, 0)	search	nr	True	786142	786768	left	60	135	10	35	110	85	None	None	testing
1	dn	f	19	red	5	(80, 0)	(40, 69)	(-39, 69)	(-80, 0)	(-40, -69)	(40, -69)	circle	red	dif	left	left	(40, -69)	(40, 69)	search	nr	True	787828	788464	left	160	110	85	135	35	60	None	None	testing
1	dn	f	19	red	5	(80, 0)	(40, 69)	(-39, 69)	(-80, 0)	(-40, -69)	(40, -69)	circle	red	same	left	left	(80, 0)	(40, -69)	search	nr	True	789565	790192	left	135	110	85	10	60	160	None	None	testing
1	dn	f	19	red	5	(80, 0)	(40, 69)	(-39, 69)	(-80, 0)	(-40, -69)	(40, -69)	diamond	red	dif	left	left	(-40, -69)	(40, -69)	search	nr	True	791451	792352	left	85	60	135	160	110	10	None	None	testing
1	dn	f	19	red	5	(80, 0)	(40, 69)	(-39, 69)	(-80, 0)	(-40, -69)	(40, -69)	diamond	red	same	right	right	(80, 0)	(40, -69)	search	nr	True	793505	794144	right	160	35	110	135	85	10	None	None	testing
1	dn	f	19	red	5	(80, 0)	(40, 69)	(-39, 69)	(-80, 0)	(-40, -69)	(40, -69)	circle	red	same	left	left	(40, -69)	(-80, 0)	probe	tar	None	None	None	None	60	135	35	110	160	10	(-80, 0)	6	testing
1	dn	f	19	red	5	(80, 0)	(40, 69)	(-39, 69)	(-80, 0)	(-40, -69)	(40, -69)	diamond	red	dif	left	left	(-80, 0)	(40, -69)	search	nr	True	798782	799408	left	85	160	60	10	110	35	None	None	testing
1	dn	f	19	red	5	(80, 0)	(40, 69)	(-39, 69)	(-80, 0)	(-40, -69)	(40, -69)	diamond	none	dif	left	left	N_dist	(-39, 69)	search	nr	True	800552	801232	left	135	10	60	85	35	160	None	None	testing
1	dn	f	19	red	5	(80, 0)	(40, 69)	(-39, 69)	(-80, 0)	(-40, -69)	(40, -69)	diamond	red	dif	left	left	(80, 0)	(-39, 69)	search	nr	True	802538	803072	left	85	10	35	135	110	60	None	None	testing
1	dn	f	19	red	5	(80, 0)	(40, 69)	(-39, 69)	(-80, 0)	(-40, -69)	(40, -69)	circle	red	same	left	left	(80, 0)	(40, -69)	search	nr	True	804175	804736	left	160	10	110	85	60	35	None	None	testing
1	dn	f	19	red	5	(80, 0)	(40, 69)	(-39, 69)	(-80, 0)	(-40, -69)	(40, -69)	circle	red	same	left	left	(80, 0)	(-80, 0)	probe	norm	None	None	None	None	35	10	85	135	60	160	(-39, 69)	168	testing
1	dn	f	19	red	5	(80, 0)	(40, 69)	(-39, 69)	(-80, 0)	(-40, -69)	(40, -69)	circle	none	dif	right	right	N_dist	(-80, 0)	probe	l_tar	None	None	None	None	10	85	135	160	35	60	(-80, 0)	39	testing
1	dn	f	19	red	5	(80, 0)	(40, 69)	(-39, 69)	(-80, 0)	(-40, -69)	(40, -69)	circle	red	dif	right	right	(80, 0)	(40, -69)	probe	norm	None	None	None	None	110	35	160	85	60	10	(-40, -69)	158	testing
1	dn	f	19	red	5	(80, 0)	(40, 69)	(-39, 69)	(-80, 0)	(-40, -69)	(40, -69)	diamond	red	dif	left	left	(80, 0)	(-80, 0)	probe	h_sin	None	None	None	None	160	110	35	60	135	10	(80, 0)	32	testing
1	dn	f	19	red	5	(80, 0)	(40, 69)	(-39, 69)	(-80, 0)	(-40, -69)	(40, -69)	diamond	none	same	left	left	N_dist	(40, 69)	search	nr	True	824530	825103	left	10	135	35	85	60	110	None	None	testing
1	dn	f	19	red	5	(80, 0)	(40, 69)	(-39, 69)	(-80, 0)	(-40, -69)	(40, -69)	diamond	none	dif	right	right	N_dist	(-39, 69)	search	nr	True	826416	827072	right	10	60	135	160	110	35	None	None	testing
1	dn	f	19	red	5	(80, 0)	(40, 69)	(-39, 69)	(-80, 0)	(-40, -69)	(40, -69)	circle	red	same	left	left	(-80, 0)	(-40, -69)	probe	norm	None	None	None	None	35	10	135	60	110	160	(40, 69)	152	testing
1	dn	f	19	red	5	(80, 0)	(40, 69)	(-39, 69)	(-80, 0)	(-40, -69)	(40, -69)	circle	red	dif	right	right	(80, 0)	(-40, -69)	search	nr	True	831893	832623	right	35	160	110	10	85	135	None	None	testing
1	dn	f	19	red	5	(80, 0)	(40, 69)	(-39, 69)	(-80, 0)	(-40, -69)	(40, -69)	diamond	none	dif	left	left	N_dist	(80, 0)	probe	h_tar	None	None	None	None	35	160	110	85	60	135	(80, 0)	147	testing
1	dn	f	19	red	5	(80, 0)	(40, 69)	(-39, 69)	(-80, 0)	(-40, -69)	(40, -69)	circle	none	dif	right	right	N_dist	(80, 0)	search	nr	True	837219	837759	right	135	10	85	35	60	110	None	None	testing
1	dn	f	19	red	5	(80, 0)	(40, 69)	(-39, 69)	(-80, 0)	(-40, -69)	(40, -69)	circle	red	same	right	right	(40, -69)	(-40, -69)	probe	norm	None	None	None	None	160	110	85	10	60	35	(-39, 69)	166	testing
1	dn	f	19	red	5	(80, 0)	(40, 69)	(-39, 69)	(-80, 0)	(-40, -69)	(40, -69)	diamond	red	dif	right	right	(80, 0)	(40, 69)	probe	h_sin	None	None	None	None	135	60	10	160	85	110	(80, 0)	21	testing
1	dn	f	19	red	5	(80, 0)	(40, 69)	(-39, 69)	(-80, 0)	(-40, -69)	(40, -69)	circle	red	dif	left	left	(40, 69)	(-40, -69)	probe	l_sin	None	None	None	None	60	135	35	85	10	160	(40, 69)	30	testing
1	dn	f	19	red	5	(80, 0)	(40, 69)	(-39, 69)	(-80, 0)	(-40, -69)	(40, -69)	circle	none	dif	left	left	N_dist	(40, -69)	search	nr	True	849926	850463	left	160	110	35	60	85	135	None	None	testing
1	dn	f	19	red	5	(80, 0)	(40, 69)	(-39, 69)	(-80, 0)	(-40, -69)	(40, -69)	circle	red	same	left	left	(-40, -69)	(40, 69)	search	nr	True	851679	852240	left	35	160	135	85	10	60	None	None	testing
1	dn	f	19	red	5	(80, 0)	(40, 69)	(-39, 69)	(-80, 0)	(-40, -69)	(40, -69)	circle	none	same	right	right	N_dist	(-39, 69)	search	nr	True	853299	853824	right	85	110	60	10	35	135	None	None	testing
1	dn	f	19	red	5	(80, 0)	(40, 69)	(-39, 69)	(-80, 0)	(-40, -69)	(40, -69)	diamond	none	dif	right	right	N_dist	(-39, 69)	probe	l_norm	None	None	None	None	60	135	35	160	110	85	(40, 69)	30	testing
1	dn	f	19	red	5	(80, 0)	(40, 69)	(-39, 69)	(-80, 0)	(-40, -69)	(40, -69)	circle	red	same	left	left	(40, -69)	(-80, 0)	search	nr	True	859176	859743	right	110	135	85	10	35	60	None	None	testing
1	dn	f	19	red	5	(80, 0)	(40, 69)	(-39, 69)	(-80, 0)	(-40, -69)	(40, -69)	circle	red	same	right	right	(-40, -69)	(40, 69)	probe	tar	None	None	None	None	110	135	60	10	160	85	(40, 69)	19	testing
1	dn	f	19	red	5	(80, 0)	(40, 69)	(-39, 69)	(-80, 0)	(-40, -69)	(40, -69)	diamond	red	dif	left	left	(40, -69)	(-39, 69)	search	nr	True	866022	866671	left	110	135	160	60	10	35	None	None	testing
1	dn	f	19	red	5	(80, 0)	(40, 69)	(-39, 69)	(-80, 0)	(-40, -69)	(40, -69)	circle	none	dif	left	left	N_dist	(-39, 69)	search	nr	True	867959	868528	left	85	35	60	135	110	10	None	None	testing
1	dn	f	19	red	5	(80, 0)	(40, 69)	(-39, 69)	(-80, 0)	(-40, -69)	(40, -69)	diamond	red	dif	right	right	(80, 0)	(40, -69)	probe	norm	None	None	None	None	160	85	60	135	110	35	(-80, 0)	10	testing
1	dn	f	19	red	5	(80, 0)	(40, 69)	(-39, 69)	(-80, 0)	(-40, -69)	(40, -69)	circle	none	same	left	left	N_dist	(-80, 0)	search	nr	True	873452	873984	left	160	85	35	135	60	110	None	None	testing
1	dn	f	19	red	5	(80, 0)	(40, 69)	(-39, 69)	(-80, 0)	(-40, -69)	(40, -69)	circle	red	dif	left	left	(80, 0)	(40, 69)	search	nr	True	875073	875663	left	135	85	160	60	35	110	None	None	testing
1	dn	f	19	red	5	(80, 0)	(40, 69)	(-39, 69)	(-80, 0)	(-40, -69)	(40, -69)	diamond	red	dif	left	left	(80, 0)	(-80, 0)	search	nr	True	876925	877648	left	10	60	110	85	135	160	None	None	testing
1	dn	f	19	red	5	(80, 0)	(40, 69)	(-39, 69)	(-80, 0)	(-40, -69)	(40, -69)	diamond	red	same	right	right	(80, 0)	(40, 69)	search	nr	True	878813	879455	right	135	35	160	10	85	110	None	None	testing
1	dn	f	19	red	5	(80, 0)	(40, 69)	(-39, 69)	(-80, 0)	(-40, -69)	(40, -69)	diamond	red	dif	right	right	(80, 0)	(-39, 69)	search	nr	True	880533	881151	right	135	85	160	110	35	60	None	None	testing
1	dn	f	19	red	5	(80, 0)	(40, 69)	(-39, 69)	(-80, 0)	(-40, -69)	(40, -69)	diamond	red	dif	left	left	(80, 0)	(-39, 69)	probe	h_sin	None	None	None	None	10	110	60	135	160	35	(80, 0)	142	testing
1	dn	f	19	red	5	(80, 0)	(40, 69)	(-39, 69)	(-80, 0)	(-40, -69)	(40, -69)	diamond	none	dif	left	left	N_dist	(-40, -69)	probe	l_norm	None	None	None	None	160	10	135	110	85	35	(40, -69)	163	testing
1	dn	f	19	red	5	(80, 0)	(40, 69)	(-39, 69)	(-80, 0)	(-40, -69)	(40, -69)	circle	red	dif	right	right	(80, 0)	(40, 69)	search	nr	True	891686	892431	right	60	10	160	85	35	110	None	None	testing
1	dn	f	19	red	5	(80, 0)	(40, 69)	(-39, 69)	(-80, 0)	(-40, -69)	(40, -69)	diamond	red	dif	left	left	(40, 69)	(-40, -69)	search	nr	True	893657	894335	left	35	160	60	10	135	85	None	None	testing
1	dn	f	19	red	5	(80, 0)	(40, 69)	(-39, 69)	(-80, 0)	(-40, -69)	(40, -69)	circle	red	dif	right	right	(-40, -69)	(-80, 0)	search	nr	True	895443	896064	right	110	10	160	85	60	35	None	None	testing
1	dn	f	19	red	5	(80, 0)	(40, 69)	(-39, 69)	(-80, 0)	(-40, -69)	(40, -69)	diamond	red	same	right	right	(80, 0)	(-40, -69)	probe	h_sin	None	None	None	None	160	110	10	35	60	135	(80, 0)	33	testing
1	dn	f	19	red	5	(80, 0)	(40, 69)	(-39, 69)	(-80, 0)	(-40, -69)	(40, -69)	diamond	none	dif	left	left	N_dist	(-40, -69)	probe	l_tar	None	None	None	None	135	10	160	85	110	60	(-40, -69)	7	testing
1	dn	f	19	red	5	(80, 0)	(40, 69)	(-39, 69)	(-80, 0)	(-40, -69)	(40, -69)	diamond	red	same	left	left	(80, 0)	(40, -69)	probe	norm	None	None	None	None	85	10	60	135	160	35	(-80, 0)	8	testing
1	dn	f	19	red	5	(80, 0)	(40, 69)	(-39, 69)	(-80, 0)	(-40, -69)	(40, -69)	diamond	red	same	left	left	(80, 0)	(40, -69)	search	nr	True	908267	908992	left	60	160	10	85	110	135	None	None	testing
1	dn	f	19	red	5	(80, 0)	(40, 69)	(-39, 69)	(-80, 0)	(-40, -69)	(40, -69)	diamond	red	same	right	right	(80, 0)	(-40, -69)	search	nr	True	910070	910688	right	110	10	60	35	160	135	None	None	testing
1	dn	f	19	red	5	(80, 0)	(40, 69)	(-39, 69)	(-80, 0)	(-40, -69)	(40, -69)	circle	none	dif	right	right	N_dist	(40, 69)	search	nr	True	911940	912480	right	60	35	160	135	10	110	None	None	testing
1	dn	f	19	red	5	(80, 0)	(40, 69)	(-39, 69)	(-80, 0)	(-40, -69)	(40, -69)	diamond	red	same	right	right	(80, 0)	(40, 69)	search	nr	True	913676	914240	right	135	85	35	110	10	160	None	None	testing
1	dn	f	19	red	5	(80, 0)	(40, 69)	(-39, 69)	(-80, 0)	(-40, -69)	(40, -69)	diamond	red	same	right	right	(80, 0)	(40, 69)	search	nr	True	915313	915807	right	60	160	35	110	135	10	None	None	testing
1	dn	f	19	red	5	(80, 0)	(40, 69)	(-39, 69)	(-80, 0)	(-40, -69)	(40, -69)	diamond	none	same	left	left	N_dist	(-80, 0)	search	nr	True	916999	917551	left	135	160	60	85	110	35	None	None	testing
1	dn	f	19	red	5	(80, 0)	(40, 69)	(-39, 69)	(-80, 0)	(-40, -69)	(40, -69)	circle	red	same	left	left	(80, 0)	(40, -69)	probe	h_sin	None	None	None	None	60	35	85	160	10	110	(80, 0)	168	testing
1	dn	f	19	red	5	(80, 0)	(40, 69)	(-39, 69)	(-80, 0)	(-40, -69)	(40, -69)	circle	red	same	left	left	(-39, 69)	(-80, 0)	search	nr	True	922142	922719	left	110	85	160	35	10	135	None	None	testing
1	dn	f	19	red	5	(80, 0)	(40, 69)	(-39, 69)	(-80, 0)	(-40, -69)	(40, -69)	diamond	none	same	right	right	N_dist	(80, 0)	search	nr	True	923828	924415	right	60	85	110	10	35	160	None	None	testing
1	dn	f	19	red	5	(80, 0)	(40, 69)	(-39, 69)	(-80, 0)	(-40, -69)	(40, -69)	circle	red	dif	right	right	(40, 69)	(-39, 69)	search	nr	True	925515	926576	right	35	10	110	85	160	135	None	None	testing
1	dn	f	19	red	5	(80, 0)	(40, 69)	(-39, 69)	(-80, 0)	(-40, -69)	(40, -69)	circle	red	dif	left	left	(80, 0)	(-39, 69)	probe	h_sin	None	None	None	None	85	110	160	10	60	135	(80, 0)	170	testing
1	dn	f	19	red	5	(80, 0)	(40, 69)	(-39, 69)	(-80, 0)	(-40, -69)	(40, -69)	circle	none	dif	right	right	N_dist	(40, -69)	search	nr	True	930975	931648	right	10	135	35	60	110	160	None	None	testing
1	dn	f	19	red	5	(80, 0)	(40, 69)	(-39, 69)	(-80, 0)	(-40, -69)	(40, -69)	diamond	none	dif	left	left	N_dist	(80, 0)	probe	h_tar	None	None	None	None	160	135	110	60	10	35	(80, 0)	36	testing
1	dn	f	19	red	5	(80, 0)	(40, 69)	(-39, 69)	(-80, 0)	(-40, -69)	(40, -69)	circle	red	dif	right	right	(-40, -69)	(-80, 0)	probe	norm	None	None	None	None	60	135	160	10	110	35	(40, -69)	165	testing
1	dn	f	19	red	5	(80, 0)	(40, 69)	(-39, 69)	(-80, 0)	(-40, -69)	(40, -69)	circle	red	same	right	right	(80, 0)	(40, 69)	search	nr	True	941361	942032	right	160	135	60	85	10	35	None	None	testing
1	dn	f	19	red	5	(80, 0)	(40, 69)	(-39, 69)	(-80, 0)	(-40, -69)	(40, -69)	circle	red	same	right	right	(40, 69)	(-40, -69)	probe	l_sin	None	None	None	None	85	10	60	160	110	135	(40, 69)	148	testing
1	dn	f	19	red	5	(80, 0)	(40, 69)	(-39, 69)	(-80, 0)	(-40, -69)	(40, -69)	diamond	red	same	left	left	(80, 0)	(-39, 69)	probe	tar	None	None	None	None	60	110	85	35	135	160	(-39, 69)	7	testing
1	dn	f	19	red	5	(80, 0)	(40, 69)	(-39, 69)	(-80, 0)	(-40, -69)	(40, -69)	diamond	red	dif	right	right	(80, 0)	(40, 69)	search	nr	True	950895	951503	right	135	60	110	35	10	160	None	None	testing
1	dn	f	19	red	5	(80, 0)	(40, 69)	(-39, 69)	(-80, 0)	(-40, -69)	(40, -69)	diamond	red	dif	left	left	(40, 69)	(-40, -69)	search	nr	True	952798	953551	left	160	10	85	135	60	35	None	None	testing
1	dn	f	19	red	5	(80, 0)	(40, 69)	(-39, 69)	(-80, 0)	(-40, -69)	(40, -69)	circle	red	dif	left	left	(40, 69)	(40, -69)	search	nr	True	954718	955503	left	10	160	110	35	85	60	None	None	testing
1	dn	f	19	red	5	(80, 0)	(40, 69)	(-39, 69)	(-80, 0)	(-40, -69)	(40, -69)	circle	red	same	right	right	(-40, -69)	(40, 69)	search	nr	True	956789	957360	right	85	135	160	110	10	35	None	None	testing
1	dn	f	19	red	5	(80, 0)	(40, 69)	(-39, 69)	(-80, 0)	(-40, -69)	(40, -69)	circle	red	dif	left	left	(80, 0)	(-80, 0)	search	nr	True	958442	958944	left	160	135	110	10	85	60	None	None	testing
1	dn	f	19	red	5	(80, 0)	(40, 69)	(-39, 69)	(-80, 0)	(-40, -69)	(40, -69)	circle	red	same	right	right	(80, 0)	(-40, -69)	search	nr	True	960179	960847	right	110	160	85	10	135	35	None	None	testing
1	dn	f	19	red	5	(80, 0)	(40, 69)	(-39, 69)	(-80, 0)	(-40, -69)	(40, -69)	diamond	red	dif	left	left	(80, 0)	(40, 69)	probe	tar	None	None	None	None	35	60	85	10	160	135	(40, 69)	167	testing
1	dn	f	19	red	5	(80, 0)	(40, 69)	(-39, 69)	(-80, 0)	(-40, -69)	(40, -69)	circle	red	dif	left	left	(40, -69)	(-40, -69)	probe	l_sin	None	None	None	None	10	110	135	160	60	35	(40, -69)	156	testing
1	dn	f	19	red	5	(80, 0)	(40, 69)	(-39, 69)	(-80, 0)	(-40, -69)	(40, -69)	circle	red	dif	right	right	(-40, -69)	(-80, 0)	search	nr	True	969462	970047	right	110	10	35	60	160	135	None	None	testing
1	dn	f	19	red	5	(80, 0)	(40, 69)	(-39, 69)	(-80, 0)	(-40, -69)	(40, -69)	diamond	none	dif	right	right	N_dist	(-39, 69)	search	nr	True	971316	971903	right	85	60	135	110	10	160	None	None	testing
