subj	name	gender	age	dist	run	tar_locs1	tar_locs2	tar_locs3	tar_locs4	tar_locs5	tar_locs6	shape	dist	td_dif	detection	resp_key	dis_loc	tar_loc	task_type	probe_cond	gotKey	startTime	respTime	resp	o1	o2	o3	o4	o5	o6	pro_loc	ori_resp	mode
1	dn	f	19	red	6	(80, 0)	(40, 69)	(-39, 69)	(-80, 0)	(-40, -69)	(40, -69)	diamond	red	same	right	right	(80, 0)	(40, 69)	probe	norm	None	None	None	None	85	110	160	135	10	60	(-80, 0)	7	testing
1	dn	f	19	red	6	(80, 0)	(40, 69)	(-39, 69)	(-80, 0)	(-40, -69)	(40, -69)	diamond	none	dif	right	right	N_dist	(40, -69)	probe	l_norm	None	None	None	None	85	60	10	160	110	135	(-40, -69)	5	testing
1	dn	f	19	red	6	(80, 0)	(40, 69)	(-39, 69)	(-80, 0)	(-40, -69)	(40, -69)	circle	none	same	right	right	N_dist	(-80, 0)	probe	l_tar	None	None	None	None	85	10	160	135	110	35	(-80, 0)	12	testing
1	dn	f	19	red	6	(80, 0)	(40, 69)	(-39, 69)	(-80, 0)	(-40, -69)	(40, -69)	diamond	red	dif	right	right	(80, 0)	(40, -69)	search	nr	True	48291	49028	right	10	160	135	60	85	110	None	None	testing
1	dn	f	19	red	6	(80, 0)	(40, 69)	(-39, 69)	(-80, 0)	(-40, -69)	(40, -69)	circle	red	same	right	right	(80, 0)	(-39, 69)	search	nr	True	50278	50980	right	135	85	60	10	110	35	None	None	testing
1	dn	f	19	red	6	(80, 0)	(40, 69)	(-39, 69)	(-80, 0)	(-40, -69)	(40, -69)	circle	none	dif	left	left	N_dist	(40, 69)	search	nr	True	52081	52627	left	110	135	35	160	60	85	None	None	testing
1	dn	f	19	red	6	(80, 0)	(40, 69)	(-39, 69)	(-80, 0)	(-40, -69)	(40, -69)	diamond	none	dif	right	right	N_dist	(-80, 0)	probe	h_norm	None	None	None	None	160	85	60	110	135	10	(80, 0)	28	testing
1	dn	f	19	red	6	(80, 0)	(40, 69)	(-39, 69)	(-80, 0)	(-40, -69)	(40, -69)	circle	red	dif	left	left	(80, 0)	(-40, -69)	search	nr	True	57391	57955	left	60	10	85	160	135	110	None	None	testing
1	dn	f	19	red	6	(80, 0)	(40, 69)	(-39, 69)	(-80, 0)	(-40, -69)	(40, -69)	circle	red	dif	right	right	(40, 69)	(-80, 0)	probe	l_sin	None	None	None	None	85	35	135	60	160	110	(40, 69)	157	testing
1	dn	f	19	red	6	(80, 0)	(40, 69)	(-39, 69)	(-80, 0)	(-40, -69)	(40, -69)	circle	red	same	left	left	(80, 0)	(-40, -69)	probe	tar	None	None	None	None	135	160	85	35	60	110	(-40, -69)	170	testing
1	dn	f	19	red	6	(80, 0)	(40, 69)	(-39, 69)	(-80, 0)	(-40, -69)	(40, -69)	diamond	none	dif	left	left	N_dist	(40, 69)	probe	l_norm	None	None	None	None	60	110	35	10	160	85	(-39, 69)	156	testing
1	dn	f	19	red	6	(80, 0)	(40, 69)	(-39, 69)	(-80, 0)	(-40, -69)	(40, -69)	diamond	red	dif	left	left	(80, 0)	(-40, -69)	search	nr	True	69830	70403	left	160	110	10	35	60	85	None	None	testing
1	dn	f	19	red	6	(80, 0)	(40, 69)	(-39, 69)	(-80, 0)	(-40, -69)	(40, -69)	circle	red	same	left	left	(-80, 0)	(40, -69)	search	nr	True	71634	72371	left	10	60	160	135	110	35	None	None	testing
1	dn	f	19	red	6	(80, 0)	(40, 69)	(-39, 69)	(-80, 0)	(-40, -69)	(40, -69)	circle	none	same	left	left	N_dist	(-80, 0)	search	nr	True	73537	74067	left	85	10	110	60	35	135	None	None	testing
1	dn	f	19	red	6	(80, 0)	(40, 69)	(-39, 69)	(-80, 0)	(-40, -69)	(40, -69)	circle	red	same	right	right	(40, -69)	(-39, 69)	search	nr	True	75274	75828	left	135	85	110	10	60	35	None	None	testing
1	dn	f	19	red	6	(80, 0)	(40, 69)	(-39, 69)	(-80, 0)	(-40, -69)	(40, -69)	diamond	none	same	right	right	N_dist	(-39, 69)	probe	l_norm	None	None	None	None	110	135	60	35	10	160	(-40, -69)	150	testing
1	dn	f	19	red	6	(80, 0)	(40, 69)	(-39, 69)	(-80, 0)	(-40, -69)	(40, -69)	circle	none	dif	left	left	N_dist	(-40, -69)	search	nr	True	82938	83587	left	35	135	160	60	110	85	None	None	testing
1	dn	f	19	red	6	(80, 0)	(40, 69)	(-39, 69)	(-80, 0)	(-40, -69)	(40, -69)	diamond	red	same	left	left	(80, 0)	(-80, 0)	search	nr	True	84791	85396	left	85	110	35	135	60	10	None	None	testing
1	dn	f	19	red	6	(80, 0)	(40, 69)	(-39, 69)	(-80, 0)	(-40, -69)	(40, -69)	circle	red	dif	right	right	(-80, 0)	(-40, -69)	search	nr	True	86595	87828	right	110	160	35	60	135	85	None	None	testing
1	dn	f	19	red	6	(80, 0)	(40, 69)	(-39, 69)	(-80, 0)	(-40, -69)	(40, -69)	diamond	red	same	left	left	(80, 0)	(-40, -69)	search	nr	True	88900	90612	left	35	10	85	160	135	60	None	None	testing
1	dn	f	19	red	6	(80, 0)	(40, 69)	(-39, 69)	(-80, 0)	(-40, -69)	(40, -69)	circle	red	dif	left	left	(40, 69)	(-39, 69)	search	nr	True	91771	92339	right	85	35	10	60	110	135	None	None	testing
1	dn	f	19	red	6	(80, 0)	(40, 69)	(-39, 69)	(-80, 0)	(-40, -69)	(40, -69)	diamond	red	dif	left	left	(80, 0)	(-80, 0)	search	nr	True	95094	95747	left	10	160	135	60	110	35	None	None	testing
1	dn	f	19	red	6	(80, 0)	(40, 69)	(-39, 69)	(-80, 0)	(-40, -69)	(40, -69)	circle	red	dif	left	left	(80, 0)	(40, -69)	search	nr	True	96981	97891	left	35	85	135	110	160	10	None	None	testing
1	dn	f	19	red	6	(80, 0)	(40, 69)	(-39, 69)	(-80, 0)	(-40, -69)	(40, -69)	diamond	red	same	right	right	(80, 0)	(40, 69)	probe	norm	None	None	None	None	135	110	160	10	85	35	(-39, 69)	25	testing
1	dn	f	19	red	6	(80, 0)	(40, 69)	(-39, 69)	(-80, 0)	(-40, -69)	(40, -69)	diamond	red	dif	left	left	(-80, 0)	(40, 69)	search	nr	True	103425	104019	left	85	10	60	110	160	35	None	None	testing
1	dn	f	19	red	6	(80, 0)	(40, 69)	(-39, 69)	(-80, 0)	(-40, -69)	(40, -69)	diamond	red	same	left	left	(80, 0)	(-40, -69)	search	nr	True	105112	105908	left	85	160	60	110	35	135	None	None	testing
1	dn	f	19	red	6	(80, 0)	(40, 69)	(-39, 69)	(-80, 0)	(-40, -69)	(40, -69)	circle	red	same	left	left	(80, 0)	(-39, 69)	search	nr	True	107116	108547	right	160	60	35	10	110	135	None	None	testing
1	dn	f	19	red	6	(80, 0)	(40, 69)	(-39, 69)	(-80, 0)	(-40, -69)	(40, -69)	diamond	red	same	left	left	(80, 0)	(-40, -69)	probe	norm	None	None	None	None	60	85	10	110	135	160	(40, -69)	31	testing
1	dn	f	19	red	6	(80, 0)	(40, 69)	(-39, 69)	(-80, 0)	(-40, -69)	(40, -69)	diamond	red	same	right	right	(80, 0)	(40, 69)	search	nr	True	115097	115763	right	135	85	60	35	10	110	None	None	testing
1	dn	f	19	red	6	(80, 0)	(40, 69)	(-39, 69)	(-80, 0)	(-40, -69)	(40, -69)	circle	red	same	right	right	(-40, -69)	(-80, 0)	probe	tar	None	None	None	None	160	110	135	35	85	60	(-80, 0)	161	testing
1	dn	f	19	red	6	(80, 0)	(40, 69)	(-39, 69)	(-80, 0)	(-40, -69)	(40, -69)	circle	red	dif	right	right	(80, 0)	(-39, 69)	search	nr	True	120891	121667	right	85	35	135	60	10	160	None	None	testing
1	dn	f	19	red	6	(80, 0)	(40, 69)	(-39, 69)	(-80, 0)	(-40, -69)	(40, -69)	diamond	red	same	left	left	(80, 0)	(-80, 0)	search	nr	True	122895	123555	left	60	85	10	135	35	160	None	None	testing
1	dn	f	19	red	6	(80, 0)	(40, 69)	(-39, 69)	(-80, 0)	(-40, -69)	(40, -69)	circle	none	dif	left	left	N_dist	(-80, 0)	probe	l_tar	None	None	None	None	160	10	110	60	35	135	(-80, 0)	169	testing
1	dn	f	19	red	6	(80, 0)	(40, 69)	(-39, 69)	(-80, 0)	(-40, -69)	(40, -69)	circle	red	same	left	left	(80, 0)	(-40, -69)	probe	tar	None	None	None	None	135	160	60	85	10	35	(-40, -69)	143	testing
1	dn	f	19	red	6	(80, 0)	(40, 69)	(-39, 69)	(-80, 0)	(-40, -69)	(40, -69)	circle	red	dif	left	left	(80, 0)	(-40, -69)	probe	tar	None	None	None	None	135	35	85	110	10	60	(-40, -69)	133	testing
1	dn	f	19	red	6	(80, 0)	(40, 69)	(-39, 69)	(-80, 0)	(-40, -69)	(40, -69)	circle	red	same	right	right	(40, -69)	(-39, 69)	probe	l_sin	None	None	None	None	135	60	10	110	160	35	(40, -69)	155	testing
1	dn	f	19	red	6	(80, 0)	(40, 69)	(-39, 69)	(-80, 0)	(-40, -69)	(40, -69)	diamond	none	dif	left	left	N_dist	(40, 69)	search	nr	True	141446	142051	left	60	160	135	85	35	10	None	None	testing
1	dn	f	19	red	6	(80, 0)	(40, 69)	(-39, 69)	(-80, 0)	(-40, -69)	(40, -69)	circle	none	same	left	left	N_dist	(40, -69)	search	nr	True	143283	144403	left	10	110	35	85	160	135	None	None	testing
1	dn	f	19	red	6	(80, 0)	(40, 69)	(-39, 69)	(-80, 0)	(-40, -69)	(40, -69)	diamond	red	same	right	right	(80, 0)	(40, 69)	search	nr	True	145537	146227	right	35	85	60	110	160	135	None	None	testing
1	dn	f	19	red	6	(80, 0)	(40, 69)	(-39, 69)	(-80, 0)	(-40, -69)	(40, -69)	circle	red	dif	right	right	(80, 0)	(-39, 69)	probe	norm	None	None	None	None	160	85	60	10	135	110	(40, -69)	4	testing
1	dn	f	19	red	6	(80, 0)	(40, 69)	(-39, 69)	(-80, 0)	(-40, -69)	(40, -69)	diamond	red	dif	right	right	(80, 0)	(40, -69)	probe	norm	None	None	None	None	110	135	85	60	35	10	(-80, 0)	172	testing
1	dn	f	19	red	6	(80, 0)	(40, 69)	(-39, 69)	(-80, 0)	(-40, -69)	(40, -69)	diamond	none	same	left	left	N_dist	(40, 69)	probe	h_norm	None	None	None	None	160	85	10	35	135	110	(80, 0)	30	testing
1	dn	f	19	red	6	(80, 0)	(40, 69)	(-39, 69)	(-80, 0)	(-40, -69)	(40, -69)	diamond	none	same	left	left	N_dist	(40, -69)	probe	l_tar	None	None	None	None	85	60	35	135	10	110	(40, -69)	12	testing
1	dn	f	19	red	6	(80, 0)	(40, 69)	(-39, 69)	(-80, 0)	(-40, -69)	(40, -69)	circle	red	dif	left	left	(80, 0)	(40, -69)	probe	h_sin	None	None	None	None	35	85	160	10	135	60	(80, 0)	141	testing
1	dn	f	19	red	6	(80, 0)	(40, 69)	(-39, 69)	(-80, 0)	(-40, -69)	(40, -69)	diamond	none	dif	left	left	N_dist	(40, 69)	search	nr	True	167794	168404	left	35	60	160	135	10	85	None	None	testing
1	dn	f	19	red	6	(80, 0)	(40, 69)	(-39, 69)	(-80, 0)	(-40, -69)	(40, -69)	circle	none	same	right	right	N_dist	(-40, -69)	search	nr	True	169630	170868	right	85	135	110	160	35	60	None	None	testing
1	dn	f	19	red	6	(80, 0)	(40, 69)	(-39, 69)	(-80, 0)	(-40, -69)	(40, -69)	circle	red	same	left	left	(80, 0)	(40, -69)	probe	tar	None	None	None	None	60	35	110	135	85	160	(40, -69)	24	testing
1	dn	f	19	red	6	(80, 0)	(40, 69)	(-39, 69)	(-80, 0)	(-40, -69)	(40, -69)	circle	red	dif	left	left	(80, 0)	(40, -69)	probe	tar	None	None	None	None	85	110	135	10	35	160	(40, -69)	35	testing
1	dn	f	19	red	6	(80, 0)	(40, 69)	(-39, 69)	(-80, 0)	(-40, -69)	(40, -69)	diamond	red	same	left	left	(80, 0)	(-80, 0)	probe	tar	None	None	None	None	10	35	135	160	110	85	(-80, 0)	33	testing
1	dn	f	19	red	6	(80, 0)	(40, 69)	(-39, 69)	(-80, 0)	(-40, -69)	(40, -69)	diamond	red	dif	right	right	(40, 69)	(-40, -69)	search	nr	True	183456	184324	right	35	85	160	60	135	110	None	None	testing
1	dn	f	19	red	6	(80, 0)	(40, 69)	(-39, 69)	(-80, 0)	(-40, -69)	(40, -69)	circle	none	same	left	left	N_dist	(80, 0)	search	nr	True	185560	186163	left	135	110	160	60	35	10	None	None	testing
1	dn	f	19	red	6	(80, 0)	(40, 69)	(-39, 69)	(-80, 0)	(-40, -69)	(40, -69)	diamond	red	same	right	right	(40, -69)	(-39, 69)	probe	l_sin	None	None	None	None	60	10	135	160	110	85	(40, -69)	174	testing
1	dn	f	19	red	6	(80, 0)	(40, 69)	(-39, 69)	(-80, 0)	(-40, -69)	(40, -69)	diamond	red	dif	right	right	(80, 0)	(40, -69)	probe	h_sin	None	None	None	None	60	10	35	135	85	160	(80, 0)	155	testing
1	dn	f	19	red	6	(80, 0)	(40, 69)	(-39, 69)	(-80, 0)	(-40, -69)	(40, -69)	diamond	red	dif	right	right	(-39, 69)	(-80, 0)	search	nr	True	194577	195219	right	85	35	60	110	10	135	None	None	testing
1	dn	f	19	red	6	(80, 0)	(40, 69)	(-39, 69)	(-80, 0)	(-40, -69)	(40, -69)	circle	red	dif	left	left	(80, 0)	(40, 69)	search	nr	True	196463	197652	left	135	10	160	35	85	110	None	None	testing
1	dn	f	19	red	6	(80, 0)	(40, 69)	(-39, 69)	(-80, 0)	(-40, -69)	(40, -69)	circle	none	same	left	left	N_dist	(40, -69)	probe	h_norm	None	None	None	None	60	35	135	160	85	110	(80, 0)	162	testing
1	dn	f	19	red	6	(80, 0)	(40, 69)	(-39, 69)	(-80, 0)	(-40, -69)	(40, -69)	diamond	red	same	left	left	(80, 0)	(-80, 0)	search	nr	True	202040	202643	left	135	10	85	160	60	110	None	None	testing
1	dn	f	19	red	6	(80, 0)	(40, 69)	(-39, 69)	(-80, 0)	(-40, -69)	(40, -69)	circle	none	same	left	left	N_dist	(-80, 0)	search	nr	True	203927	204563	left	110	85	135	160	35	10	None	None	testing
1	dn	f	19	red	6	(80, 0)	(40, 69)	(-39, 69)	(-80, 0)	(-40, -69)	(40, -69)	diamond	none	dif	right	right	N_dist	(-39, 69)	search	nr	True	205630	206675	right	60	135	110	35	85	160	None	None	testing
1	dn	f	19	red	6	(80, 0)	(40, 69)	(-39, 69)	(-80, 0)	(-40, -69)	(40, -69)	circle	red	same	right	right	(40, -69)	(-39, 69)	probe	l_sin	None	None	None	None	160	10	110	135	85	60	(40, -69)	162	testing
1	dn	f	19	red	6	(80, 0)	(40, 69)	(-39, 69)	(-80, 0)	(-40, -69)	(40, -69)	circle	red	dif	left	left	(-39, 69)	(-80, 0)	search	nr	True	211173	211827	left	35	85	110	10	160	60	None	None	testing
1	dn	f	19	red	6	(80, 0)	(40, 69)	(-39, 69)	(-80, 0)	(-40, -69)	(40, -69)	diamond	none	dif	right	right	N_dist	(40, -69)	search	nr	True	213094	213891	right	160	85	10	60	35	135	None	None	testing
1	dn	f	19	red	6	(80, 0)	(40, 69)	(-39, 69)	(-80, 0)	(-40, -69)	(40, -69)	diamond	none	dif	right	right	N_dist	(-80, 0)	search	nr	True	215031	215699	right	110	160	85	10	135	35	None	None	testing
1	dn	f	19	red	6	(80, 0)	(40, 69)	(-39, 69)	(-80, 0)	(-40, -69)	(40, -69)	circle	red	dif	left	left	(80, 0)	(-40, -69)	search	nr	True	216834	217587	left	60	160	10	85	135	110	None	None	testing
1	dn	f	19	red	6	(80, 0)	(40, 69)	(-39, 69)	(-80, 0)	(-40, -69)	(40, -69)	diamond	red	dif	left	left	(80, 0)	(-40, -69)	search	nr	True	218670	219299	left	160	60	35	110	10	85	None	None	testing
1	dn	f	19	red	6	(80, 0)	(40, 69)	(-39, 69)	(-80, 0)	(-40, -69)	(40, -69)	diamond	red	same	right	right	(40, -69)	(-80, 0)	search	nr	True	220408	221043	right	35	110	60	160	135	10	None	None	testing
1	dn	f	19	red	6	(80, 0)	(40, 69)	(-39, 69)	(-80, 0)	(-40, -69)	(40, -69)	diamond	none	dif	left	left	N_dist	(-39, 69)	search	nr	True	222294	223123	left	135	110	10	35	60	85	None	None	testing
1	dn	f	19	red	6	(80, 0)	(40, 69)	(-39, 69)	(-80, 0)	(-40, -69)	(40, -69)	circle	red	same	right	right	(80, 0)	(40, 69)	search	nr	True	224331	224963	right	160	135	85	10	35	60	None	None	testing
1	dn	f	19	red	6	(80, 0)	(40, 69)	(-39, 69)	(-80, 0)	(-40, -69)	(40, -69)	circle	red	dif	left	left	(80, 0)	(-40, -69)	probe	h_sin	None	None	None	None	35	85	10	135	110	160	(80, 0)	148	testing
1	dn	f	19	red	6	(80, 0)	(40, 69)	(-39, 69)	(-80, 0)	(-40, -69)	(40, -69)	circle	red	same	right	right	(80, 0)	(-39, 69)	search	nr	True	230159	231283	right	160	60	85	135	35	110	None	None	testing
1	dn	f	19	red	6	(80, 0)	(40, 69)	(-39, 69)	(-80, 0)	(-40, -69)	(40, -69)	circle	red	same	right	right	(80, 0)	(40, 69)	probe	tar	None	None	None	None	60	135	10	160	110	35	(40, 69)	15	testing
1	dn	f	19	red	6	(80, 0)	(40, 69)	(-39, 69)	(-80, 0)	(-40, -69)	(40, -69)	diamond	red	same	left	left	(80, 0)	(-80, 0)	search	nr	True	235819	236483	left	10	135	160	110	35	85	None	None	testing
1	dn	f	19	red	6	(80, 0)	(40, 69)	(-39, 69)	(-80, 0)	(-40, -69)	(40, -69)	circle	red	dif	right	right	(80, 0)	(-80, 0)	search	nr	True	237606	238259	right	60	135	160	85	35	10	None	None	testing
1	dn	f	19	red	6	(80, 0)	(40, 69)	(-39, 69)	(-80, 0)	(-40, -69)	(40, -69)	circle	red	same	right	right	(40, -69)	(-80, 0)	search	nr	True	239425	239939	right	135	60	110	35	160	10	None	None	testing
1	dn	f	19	red	6	(80, 0)	(40, 69)	(-39, 69)	(-80, 0)	(-40, -69)	(40, -69)	diamond	red	dif	right	right	(80, 0)	(-80, 0)	search	nr	True	241095	241683	right	135	160	85	60	110	10	None	None	testing
1	dn	f	19	red	6	(80, 0)	(40, 69)	(-39, 69)	(-80, 0)	(-40, -69)	(40, -69)	diamond	red	dif	left	left	(80, 0)	(-39, 69)	search	nr	True	242765	243364	left	10	60	160	85	35	135	None	None	testing
1	dn	f	19	red	6	(80, 0)	(40, 69)	(-39, 69)	(-80, 0)	(-40, -69)	(40, -69)	circle	red	dif	left	left	(40, 69)	(-39, 69)	probe	l_sin	None	None	None	None	10	35	135	160	85	60	(40, 69)	157	testing
1	dn	f	19	red	6	(80, 0)	(40, 69)	(-39, 69)	(-80, 0)	(-40, -69)	(40, -69)	circle	red	dif	right	right	(80, 0)	(-39, 69)	search	nr	True	247757	248452	right	160	10	85	35	135	60	None	None	testing
1	dn	f	19	red	6	(80, 0)	(40, 69)	(-39, 69)	(-80, 0)	(-40, -69)	(40, -69)	circle	red	dif	left	left	(80, 0)	(40, -69)	search	nr	True	249561	250195	left	85	35	60	135	160	10	None	None	testing
1	dn	f	19	red	6	(80, 0)	(40, 69)	(-39, 69)	(-80, 0)	(-40, -69)	(40, -69)	diamond	red	dif	left	left	(80, 0)	(-80, 0)	search	nr	True	251398	251971	left	135	110	10	35	160	60	None	None	testing
1	dn	f	19	red	6	(80, 0)	(40, 69)	(-39, 69)	(-80, 0)	(-40, -69)	(40, -69)	diamond	none	dif	right	right	N_dist	(80, 0)	search	nr	True	253217	253746	right	35	135	60	85	160	110	None	None	testing
1	dn	f	19	red	6	(80, 0)	(40, 69)	(-39, 69)	(-80, 0)	(-40, -69)	(40, -69)	diamond	red	same	right	right	(80, 0)	(-39, 69)	search	nr	True	254854	255427	right	135	10	60	35	110	85	None	None	testing
1	dn	f	19	red	6	(80, 0)	(40, 69)	(-39, 69)	(-80, 0)	(-40, -69)	(40, -69)	circle	none	same	left	left	N_dist	(80, 0)	probe	h_tar	None	None	None	None	60	35	110	10	85	135	(80, 0)	162	testing
1	dn	f	19	red	6	(80, 0)	(40, 69)	(-39, 69)	(-80, 0)	(-40, -69)	(40, -69)	diamond	red	dif	left	left	(80, 0)	(-40, -69)	probe	norm	None	None	None	None	60	35	110	85	10	135	(40, 69)	153	testing
1	dn	f	19	red	6	(80, 0)	(40, 69)	(-39, 69)	(-80, 0)	(-40, -69)	(40, -69)	circle	none	dif	right	right	N_dist	(-40, -69)	search	nr	True	264171	264915	right	35	60	135	10	160	85	None	None	testing
1	dn	f	19	red	6	(80, 0)	(40, 69)	(-39, 69)	(-80, 0)	(-40, -69)	(40, -69)	circle	red	dif	right	right	(-39, 69)	(40, -69)	search	nr	True	266007	266643	right	110	35	160	135	85	10	None	None	testing
1	dn	f	19	red	6	(80, 0)	(40, 69)	(-39, 69)	(-80, 0)	(-40, -69)	(40, -69)	circle	red	dif	left	left	(80, 0)	(40, -69)	probe	tar	None	None	None	None	135	160	10	35	85	110	(40, -69)	10	testing
1	dn	f	19	red	6	(80, 0)	(40, 69)	(-39, 69)	(-80, 0)	(-40, -69)	(40, -69)	circle	red	same	right	right	(80, 0)	(40, 69)	search	nr	True	271802	272435	right	35	160	60	85	110	135	None	None	testing
1	dn	f	19	red	6	(80, 0)	(40, 69)	(-39, 69)	(-80, 0)	(-40, -69)	(40, -69)	diamond	red	same	right	right	(80, 0)	(40, 69)	probe	tar	None	None	None	None	60	135	35	85	110	10	(40, 69)	15	testing
1	dn	f	19	red	6	(80, 0)	(40, 69)	(-39, 69)	(-80, 0)	(-40, -69)	(40, -69)	diamond	red	same	right	right	(40, -69)	(-80, 0)	search	nr	True	277011	277651	right	160	35	135	10	110	85	None	None	testing
1	dn	f	19	red	6	(80, 0)	(40, 69)	(-39, 69)	(-80, 0)	(-40, -69)	(40, -69)	diamond	none	same	left	left	N_dist	(40, 69)	search	nr	True	278782	279379	left	35	135	160	10	60	85	None	None	testing
1	dn	f	19	red	6	(80, 0)	(40, 69)	(-39, 69)	(-80, 0)	(-40, -69)	(40, -69)	circle	none	dif	right	right	N_dist	(80, 0)	search	nr	True	280501	281187	right	85	35	60	10	135	110	None	None	testing
1	dn	f	19	red	6	(80, 0)	(40, 69)	(-39, 69)	(-80, 0)	(-40, -69)	(40, -69)	circle	red	dif	right	right	(-80, 0)	(-40, -69)	probe	norm	None	None	None	None	135	35	160	85	60	110	(-39, 69)	22	testing
1	dn	f	19	red	6	(80, 0)	(40, 69)	(-39, 69)	(-80, 0)	(-40, -69)	(40, -69)	diamond	none	same	right	right	N_dist	(40, -69)	search	nr	True	286162	286899	right	35	135	10	85	110	60	None	None	testing
1	dn	f	19	red	6	(80, 0)	(40, 69)	(-39, 69)	(-80, 0)	(-40, -69)	(40, -69)	circle	red	same	left	left	(80, 0)	(40, 69)	search	nr	True	288182	288996	left	160	85	35	135	60	10	None	None	testing
1	dn	f	19	red	6	(80, 0)	(40, 69)	(-39, 69)	(-80, 0)	(-40, -69)	(40, -69)	circle	none	same	right	right	N_dist	(80, 0)	probe	h_tar	None	None	None	None	85	160	10	135	110	60	(80, 0)	174	testing
1	dn	f	19	red	6	(80, 0)	(40, 69)	(-39, 69)	(-80, 0)	(-40, -69)	(40, -69)	circle	none	same	left	left	N_dist	(40, -69)	search	nr	True	294226	295091	left	110	160	85	135	35	10	None	None	testing
1	dn	f	19	red	6	(80, 0)	(40, 69)	(-39, 69)	(-80, 0)	(-40, -69)	(40, -69)	diamond	none	same	left	left	N_dist	(-40, -69)	search	nr	True	296230	296947	left	60	35	110	160	135	10	None	None	testing
1	dn	f	19	red	6	(80, 0)	(40, 69)	(-39, 69)	(-80, 0)	(-40, -69)	(40, -69)	diamond	none	same	left	left	N_dist	(-80, 0)	probe	l_norm	None	None	None	None	110	35	85	160	60	135	(40, -69)	13	testing
1	dn	f	19	red	6	(80, 0)	(40, 69)	(-39, 69)	(-80, 0)	(-40, -69)	(40, -69)	circle	red	dif	right	right	(-39, 69)	(40, 69)	search	nr	True	301256	301907	right	135	60	35	85	10	160	None	None	testing
1	dn	f	19	red	6	(80, 0)	(40, 69)	(-39, 69)	(-80, 0)	(-40, -69)	(40, -69)	circle	none	same	right	right	N_dist	(-80, 0)	probe	l_tar	None	None	None	None	85	10	110	160	135	35	(-80, 0)	25	testing
1	dn	f	19	red	6	(80, 0)	(40, 69)	(-39, 69)	(-80, 0)	(-40, -69)	(40, -69)	circle	red	same	left	left	(80, 0)	(-40, -69)	search	nr	True	307568	308259	left	60	110	85	160	10	35	None	None	testing
1	dn	f	19	red	6	(80, 0)	(40, 69)	(-39, 69)	(-80, 0)	(-40, -69)	(40, -69)	diamond	red	dif	left	left	(-40, -69)	(40, -69)	search	nr	True	309387	310131	left	160	85	60	35	135	110	None	None	testing
1	dn	f	19	red	6	(80, 0)	(40, 69)	(-39, 69)	(-80, 0)	(-40, -69)	(40, -69)	diamond	none	same	right	right	N_dist	(80, 0)	search	nr	True	311441	312035	right	10	85	110	60	35	160	None	None	testing
1	dn	f	19	red	6	(80, 0)	(40, 69)	(-39, 69)	(-80, 0)	(-40, -69)	(40, -69)	diamond	red	same	right	right	(80, 0)	(-39, 69)	probe	h_sin	None	None	None	None	35	160	10	60	85	135	(80, 0)	156	testing
1	dn	f	19	red	6	(80, 0)	(40, 69)	(-39, 69)	(-80, 0)	(-40, -69)	(40, -69)	diamond	none	dif	left	left	N_dist	(80, 0)	search	nr	True	316751	317283	left	85	110	60	10	135	35	None	None	testing
1	dn	f	19	red	6	(80, 0)	(40, 69)	(-39, 69)	(-80, 0)	(-40, -69)	(40, -69)	diamond	red	same	right	right	(80, 0)	(40, 69)	search	nr	True	318387	319171	right	35	85	110	135	60	160	None	None	testing
1	dn	f	19	red	6	(80, 0)	(40, 69)	(-39, 69)	(-80, 0)	(-40, -69)	(40, -69)	diamond	none	same	right	right	N_dist	(40, -69)	probe	l_norm	None	None	None	None	35	85	110	10	160	135	(-39, 69)	17	testing
1	dn	f	19	red	6	(80, 0)	(40, 69)	(-39, 69)	(-80, 0)	(-40, -69)	(40, -69)	diamond	red	same	left	left	(-40, -69)	(40, 69)	search	nr	True	323997	324643	left	85	110	35	135	10	160	None	None	testing
1	dn	f	19	red	6	(80, 0)	(40, 69)	(-39, 69)	(-80, 0)	(-40, -69)	(40, -69)	circle	red	dif	right	right	(80, 0)	(40, -69)	probe	norm	None	None	None	None	60	35	85	135	160	10	(-39, 69)	175	testing
1	dn	f	19	red	6	(80, 0)	(40, 69)	(-39, 69)	(-80, 0)	(-40, -69)	(40, -69)	circle	none	same	left	left	N_dist	(80, 0)	search	nr	True	329975	330547	left	60	10	110	85	135	160	None	None	testing
1	dn	f	19	red	6	(80, 0)	(40, 69)	(-39, 69)	(-80, 0)	(-40, -69)	(40, -69)	circle	none	same	right	right	N_dist	(-40, -69)	search	nr	True	331612	332451	right	135	110	10	35	60	85	None	None	testing
1	dn	f	19	red	6	(80, 0)	(40, 69)	(-39, 69)	(-80, 0)	(-40, -69)	(40, -69)	circle	none	same	right	right	N_dist	(-80, 0)	search	nr	True	333732	334355	right	85	10	160	135	60	110	None	None	testing
1	dn	f	19	red	6	(80, 0)	(40, 69)	(-39, 69)	(-80, 0)	(-40, -69)	(40, -69)	diamond	red	dif	left	left	(80, 0)	(-80, 0)	probe	h_sin	None	None	None	None	135	85	110	160	10	60	(80, 0)	22	testing
1	dn	f	19	red	6	(80, 0)	(40, 69)	(-39, 69)	(-80, 0)	(-40, -69)	(40, -69)	circle	red	dif	right	right	(-39, 69)	(40, 69)	probe	norm	None	None	None	None	85	110	135	35	60	10	(-40, -69)	151	testing
1	dn	f	19	red	6	(80, 0)	(40, 69)	(-39, 69)	(-80, 0)	(-40, -69)	(40, -69)	diamond	red	same	left	left	(40, 69)	(40, -69)	search	nr	True	344084	344739	left	85	110	35	135	10	60	None	None	testing
1	dn	f	19	red	6	(80, 0)	(40, 69)	(-39, 69)	(-80, 0)	(-40, -69)	(40, -69)	circle	red	dif	left	left	(80, 0)	(-40, -69)	search	nr	True	345905	346467	left	160	35	110	85	10	60	None	None	testing
1	dn	f	19	red	6	(80, 0)	(40, 69)	(-39, 69)	(-80, 0)	(-40, -69)	(40, -69)	circle	red	same	left	left	(-40, -69)	(40, -69)	search	nr	True	347707	348355	left	85	10	135	110	35	160	None	None	testing
1	dn	f	19	red	6	(80, 0)	(40, 69)	(-39, 69)	(-80, 0)	(-40, -69)	(40, -69)	diamond	red	dif	left	left	(-40, -69)	(40, -69)	search	nr	True	349561	350147	left	135	60	35	85	10	160	None	None	testing
1	dn	f	19	red	6	(80, 0)	(40, 69)	(-39, 69)	(-80, 0)	(-40, -69)	(40, -69)	diamond	red	same	right	right	(80, 0)	(-39, 69)	search	nr	True	351214	351987	right	135	160	35	110	60	85	None	None	testing
1	dn	f	19	red	6	(80, 0)	(40, 69)	(-39, 69)	(-80, 0)	(-40, -69)	(40, -69)	circle	red	dif	left	left	(80, 0)	(-80, 0)	search	nr	True	353202	353779	left	10	135	160	85	110	35	None	None	testing
1	dn	f	19	red	6	(80, 0)	(40, 69)	(-39, 69)	(-80, 0)	(-40, -69)	(40, -69)	circle	red	same	right	right	(40, -69)	(-80, 0)	search	nr	True	354988	355619	right	60	35	85	10	135	110	None	None	testing
1	dn	f	19	red	6	(80, 0)	(40, 69)	(-39, 69)	(-80, 0)	(-40, -69)	(40, -69)	diamond	none	same	left	left	N_dist	(40, -69)	search	nr	True	356707	357650	left	35	110	135	160	60	10	None	None	testing
1	dn	f	19	red	6	(80, 0)	(40, 69)	(-39, 69)	(-80, 0)	(-40, -69)	(40, -69)	diamond	none	dif	right	right	N_dist	(-39, 69)	search	nr	True	358745	359347	right	10	110	35	135	160	60	None	None	testing
1	dn	f	19	red	6	(80, 0)	(40, 69)	(-39, 69)	(-80, 0)	(-40, -69)	(40, -69)	circle	red	same	left	left	(-80, 0)	(40, 69)	probe	l_sin	None	None	None	None	10	135	160	85	35	110	(-80, 0)	179	testing
1	dn	f	19	red	6	(80, 0)	(40, 69)	(-39, 69)	(-80, 0)	(-40, -69)	(40, -69)	diamond	red	dif	right	right	(80, 0)	(40, -69)	search	nr	True	364037	364722	right	10	110	135	35	160	60	None	None	testing
1	dn	f	19	red	6	(80, 0)	(40, 69)	(-39, 69)	(-80, 0)	(-40, -69)	(40, -69)	circle	red	same	right	right	(40, -69)	(-39, 69)	search	nr	True	365891	366579	right	60	10	160	110	35	85	None	None	testing
1	dn	f	19	red	6	(80, 0)	(40, 69)	(-39, 69)	(-80, 0)	(-40, -69)	(40, -69)	circle	red	dif	left	left	(40, 69)	(-39, 69)	search	nr	True	367711	368883	left	85	135	60	10	35	160	None	None	testing
1	dn	f	19	red	6	(80, 0)	(40, 69)	(-39, 69)	(-80, 0)	(-40, -69)	(40, -69)	diamond	none	same	right	right	N_dist	(40, 69)	search	nr	True	370116	370659	right	135	110	85	60	35	160	None	None	testing
1	dn	f	19	red	6	(80, 0)	(40, 69)	(-39, 69)	(-80, 0)	(-40, -69)	(40, -69)	diamond	red	same	right	right	(80, 0)	(40, -69)	search	nr	True	371919	372498	right	10	160	85	135	110	60	None	None	testing
1	dn	f	19	red	6	(80, 0)	(40, 69)	(-39, 69)	(-80, 0)	(-40, -69)	(40, -69)	diamond	red	dif	right	right	(-39, 69)	(-80, 0)	probe	tar	None	None	None	None	160	135	85	10	110	60	(-80, 0)	139	testing
1	dn	f	19	red	6	(80, 0)	(40, 69)	(-39, 69)	(-80, 0)	(-40, -69)	(40, -69)	circle	none	dif	left	left	N_dist	(-40, -69)	search	nr	True	379750	380514	left	110	135	160	60	10	85	None	None	testing
1	dn	f	19	red	6	(80, 0)	(40, 69)	(-39, 69)	(-80, 0)	(-40, -69)	(40, -69)	circle	red	same	left	left	(80, 0)	(40, -69)	search	nr	True	381637	382275	left	135	160	85	60	10	35	None	None	testing
1	dn	f	19	red	6	(80, 0)	(40, 69)	(-39, 69)	(-80, 0)	(-40, -69)	(40, -69)	diamond	none	same	left	left	N_dist	(-39, 69)	search	nr	True	383357	383922	left	160	135	10	60	85	110	None	None	testing
1	dn	f	19	red	6	(80, 0)	(40, 69)	(-39, 69)	(-80, 0)	(-40, -69)	(40, -69)	diamond	none	dif	right	right	N_dist	(40, -69)	search	nr	True	385160	385795	right	160	10	35	60	110	85	None	None	testing
1	dn	f	19	red	6	(80, 0)	(40, 69)	(-39, 69)	(-80, 0)	(-40, -69)	(40, -69)	diamond	red	dif	right	right	(80, 0)	(-80, 0)	probe	h_sin	None	None	None	None	35	60	10	85	160	135	(80, 0)	144	testing
1	dn	f	19	red	6	(80, 0)	(40, 69)	(-39, 69)	(-80, 0)	(-40, -69)	(40, -69)	circle	red	same	right	right	(-40, -69)	(-80, 0)	search	nr	True	390871	391843	right	10	110	35	60	160	135	None	None	testing
1	dn	f	19	red	6	(80, 0)	(40, 69)	(-39, 69)	(-80, 0)	(-40, -69)	(40, -69)	circle	red	dif	right	right	(80, 0)	(-39, 69)	probe	tar	None	None	None	None	135	60	110	160	85	10	(-39, 69)	12	testing
1	dn	f	19	red	6	(80, 0)	(40, 69)	(-39, 69)	(-80, 0)	(-40, -69)	(40, -69)	circle	red	same	right	right	(80, 0)	(-40, -69)	probe	norm	None	None	None	None	85	10	135	35	160	110	(-80, 0)	149	testing
1	dn	f	19	red	6	(80, 0)	(40, 69)	(-39, 69)	(-80, 0)	(-40, -69)	(40, -69)	circle	red	same	left	left	(80, 0)	(-39, 69)	probe	tar	None	None	None	None	160	60	85	10	110	135	(-39, 69)	163	testing
1	dn	f	19	red	6	(80, 0)	(40, 69)	(-39, 69)	(-80, 0)	(-40, -69)	(40, -69)	diamond	none	dif	left	left	N_dist	(40, -69)	search	nr	True	405013	405698	left	160	135	60	35	10	110	None	None	testing
1	dn	f	19	red	6	(80, 0)	(40, 69)	(-39, 69)	(-80, 0)	(-40, -69)	(40, -69)	circle	red	same	right	right	(80, 0)	(40, 69)	probe	h_sin	None	None	None	None	110	85	60	160	10	35	(80, 0)	12	testing
1	dn	f	19	red	6	(80, 0)	(40, 69)	(-39, 69)	(-80, 0)	(-40, -69)	(40, -69)	diamond	red	dif	right	right	(40, 69)	(-40, -69)	search	nr	True	410607	411523	right	10	110	135	160	60	85	None	None	testing
1	dn	f	19	red	6	(80, 0)	(40, 69)	(-39, 69)	(-80, 0)	(-40, -69)	(40, -69)	circle	red	dif	left	left	(40, -69)	(-80, 0)	search	nr	True	412828	413394	left	160	35	110	60	10	135	None	None	testing
1	dn	f	19	red	6	(80, 0)	(40, 69)	(-39, 69)	(-80, 0)	(-40, -69)	(40, -69)	circle	red	same	left	left	(-80, 0)	(40, 69)	search	nr	True	414648	415267	left	135	85	35	10	60	110	None	None	testing
1	dn	f	19	red	6	(80, 0)	(40, 69)	(-39, 69)	(-80, 0)	(-40, -69)	(40, -69)	diamond	red	same	left	left	(80, 0)	(-40, -69)	probe	norm	None	None	None	None	35	160	10	85	60	110	(40, -69)	9	testing
1	dn	f	19	red	6	(80, 0)	(40, 69)	(-39, 69)	(-80, 0)	(-40, -69)	(40, -69)	circle	red	dif	left	left	(-39, 69)	(-80, 0)	search	nr	True	419623	420195	left	10	35	135	160	110	60	None	None	testing
1	dn	f	19	red	6	(80, 0)	(40, 69)	(-39, 69)	(-80, 0)	(-40, -69)	(40, -69)	diamond	none	dif	right	right	N_dist	(40, 69)	probe	l_norm	None	None	None	None	85	60	10	160	110	35	(-39, 69)	36	testing
1	dn	f	19	red	6	(80, 0)	(40, 69)	(-39, 69)	(-80, 0)	(-40, -69)	(40, -69)	diamond	red	same	left	left	(80, 0)	(-80, 0)	probe	tar	None	None	None	None	35	10	60	85	160	110	(-80, 0)	174	testing
1	dn	f	19	red	6	(80, 0)	(40, 69)	(-39, 69)	(-80, 0)	(-40, -69)	(40, -69)	circle	red	dif	right	right	(-80, 0)	(-39, 69)	probe	norm	None	None	None	None	160	135	10	60	35	110	(40, -69)	18	testing
1	dn	f	19	red	6	(80, 0)	(40, 69)	(-39, 69)	(-80, 0)	(-40, -69)	(40, -69)	circle	none	dif	left	left	N_dist	(40, 69)	search	nr	True	432731	433347	left	110	10	135	160	85	35	None	None	testing
1	dn	f	19	red	6	(80, 0)	(40, 69)	(-39, 69)	(-80, 0)	(-40, -69)	(40, -69)	diamond	none	same	left	left	N_dist	(40, 69)	search	nr	True	434667	435555	left	160	60	110	85	135	10	None	None	testing
1	dn	f	19	red	6	(80, 0)	(40, 69)	(-39, 69)	(-80, 0)	(-40, -69)	(40, -69)	diamond	none	same	right	right	N_dist	(80, 0)	probe	h_tar	None	None	None	None	10	35	85	60	110	135	(80, 0)	138	testing
1	dn	f	19	red	6	(80, 0)	(40, 69)	(-39, 69)	(-80, 0)	(-40, -69)	(40, -69)	diamond	red	same	right	right	(40, 69)	(-40, -69)	search	nr	True	440562	441298	right	60	110	35	160	135	85	None	None	testing
1	dn	f	19	red	6	(80, 0)	(40, 69)	(-39, 69)	(-80, 0)	(-40, -69)	(40, -69)	circle	none	dif	right	right	N_dist	(-40, -69)	probe	l_norm	None	None	None	None	60	85	10	135	35	160	(-39, 69)	52	testing
1	dn	f	19	red	6	(80, 0)	(40, 69)	(-39, 69)	(-80, 0)	(-40, -69)	(40, -69)	circle	red	dif	left	left	(80, 0)	(40, -69)	search	nr	True	447057	447698	left	35	60	10	110	135	85	None	None	testing
1	dn	f	19	red	6	(80, 0)	(40, 69)	(-39, 69)	(-80, 0)	(-40, -69)	(40, -69)	circle	none	dif	left	left	N_dist	(-80, 0)	search	nr	True	448944	449538	left	10	60	135	35	110	160	None	None	testing
1	dn	f	19	red	6	(80, 0)	(40, 69)	(-39, 69)	(-80, 0)	(-40, -69)	(40, -69)	diamond	red	dif	left	left	(80, 0)	(-80, 0)	search	nr	True	450830	451506	left	35	135	10	85	110	60	None	None	testing
1	dn	f	19	red	6	(80, 0)	(40, 69)	(-39, 69)	(-80, 0)	(-40, -69)	(40, -69)	diamond	red	dif	right	right	(80, 0)	(-80, 0)	search	nr	True	452601	453298	right	35	135	160	85	10	60	None	None	testing
1	dn	f	19	red	6	(80, 0)	(40, 69)	(-39, 69)	(-80, 0)	(-40, -69)	(40, -69)	circle	none	dif	left	left	N_dist	(-40, -69)	search	nr	True	454537	455219	left	135	10	60	160	35	85	None	None	testing
1	dn	f	19	red	6	(80, 0)	(40, 69)	(-39, 69)	(-80, 0)	(-40, -69)	(40, -69)	circle	red	same	right	right	(40, -69)	(-80, 0)	probe	l_sin	None	None	None	None	60	160	10	110	85	35	(40, -69)	159	testing
1	dn	f	19	red	6	(80, 0)	(40, 69)	(-39, 69)	(-80, 0)	(-40, -69)	(40, -69)	circle	red	same	right	right	(80, 0)	(40, 69)	search	nr	True	459981	460594	right	135	85	60	10	35	110	None	None	testing
1	dn	f	19	red	6	(80, 0)	(40, 69)	(-39, 69)	(-80, 0)	(-40, -69)	(40, -69)	diamond	red	same	right	right	(40, -69)	(-39, 69)	search	nr	True	461884	462546	right	85	160	135	60	10	35	None	None	testing
1	dn	f	19	red	6	(80, 0)	(40, 69)	(-39, 69)	(-80, 0)	(-40, -69)	(40, -69)	diamond	red	dif	right	right	(80, 0)	(-80, 0)	search	nr	True	463855	464466	right	60	35	160	10	85	110	None	None	testing
1	dn	f	19	red	6	(80, 0)	(40, 69)	(-39, 69)	(-80, 0)	(-40, -69)	(40, -69)	circle	none	dif	left	left	N_dist	(-80, 0)	search	nr	True	465692	466307	left	110	60	135	10	35	160	None	None	testing
1	dn	f	19	red	6	(80, 0)	(40, 69)	(-39, 69)	(-80, 0)	(-40, -69)	(40, -69)	diamond	none	dif	left	left	N_dist	(-39, 69)	search	nr	True	467544	468403	left	35	135	160	110	10	60	None	None	testing
1	dn	f	19	red	6	(80, 0)	(40, 69)	(-39, 69)	(-80, 0)	(-40, -69)	(40, -69)	diamond	red	dif	right	right	(80, 0)	(40, 69)	probe	h_sin	None	None	None	None	85	135	160	35	110	60	(80, 0)	170	testing
1	dn	f	19	red	6	(80, 0)	(40, 69)	(-39, 69)	(-80, 0)	(-40, -69)	(40, -69)	circle	none	same	right	right	N_dist	(80, 0)	search	nr	True	473072	473699	right	135	110	10	35	60	85	None	None	testing
1	dn	f	19	red	6	(80, 0)	(40, 69)	(-39, 69)	(-80, 0)	(-40, -69)	(40, -69)	diamond	red	dif	left	left	(-40, -69)	(40, -69)	probe	norm	None	None	None	None	10	135	85	35	60	160	(80, 0)	137	testing
1	dn	f	19	red	6	(80, 0)	(40, 69)	(-39, 69)	(-80, 0)	(-40, -69)	(40, -69)	diamond	red	dif	right	right	(80, 0)	(40, -69)	search	nr	True	480418	481027	right	10	60	160	85	135	35	None	None	testing
1	dn	f	19	red	6	(80, 0)	(40, 69)	(-39, 69)	(-80, 0)	(-40, -69)	(40, -69)	diamond	red	same	left	left	(-40, -69)	(40, 69)	probe	l_sin	None	None	None	None	85	35	135	10	60	160	(-40, -69)	164	testing
1	dn	f	19	red	6	(80, 0)	(40, 69)	(-39, 69)	(-80, 0)	(-40, -69)	(40, -69)	diamond	none	dif	left	left	N_dist	(40, -69)	search	nr	True	485344	485922	left	135	110	10	160	35	60	None	None	testing
1	dn	f	19	red	6	(80, 0)	(40, 69)	(-39, 69)	(-80, 0)	(-40, -69)	(40, -69)	circle	red	same	left	left	(80, 0)	(40, 69)	probe	h_sin	None	None	None	None	35	135	60	110	10	160	(80, 0)	144	testing
1	dn	f	19	red	6	(80, 0)	(40, 69)	(-39, 69)	(-80, 0)	(-40, -69)	(40, -69)	circle	red	same	right	right	(40, -69)	(-39, 69)	search	nr	True	490938	491762	right	60	10	110	85	160	135	None	None	testing
1	dn	f	19	red	6	(80, 0)	(40, 69)	(-39, 69)	(-80, 0)	(-40, -69)	(40, -69)	circle	none	same	left	left	N_dist	(40, -69)	search	nr	True	492908	493458	left	85	60	135	160	10	35	None	None	testing
1	dn	f	19	red	6	(80, 0)	(40, 69)	(-39, 69)	(-80, 0)	(-40, -69)	(40, -69)	circle	none	same	left	left	N_dist	(40, -69)	search	nr	True	494678	495203	left	85	160	110	10	60	35	None	None	testing
1	dn	f	19	red	6	(80, 0)	(40, 69)	(-39, 69)	(-80, 0)	(-40, -69)	(40, -69)	diamond	none	same	left	left	N_dist	(-39, 69)	probe	h_norm	None	None	None	None	135	60	85	10	110	35	(80, 0)	24	testing
1	dn	f	19	red	6	(80, 0)	(40, 69)	(-39, 69)	(-80, 0)	(-40, -69)	(40, -69)	diamond	none	dif	right	right	N_dist	(80, 0)	search	nr	True	499454	500066	right	60	35	85	160	110	135	None	None	testing
1	dn	f	19	red	6	(80, 0)	(40, 69)	(-39, 69)	(-80, 0)	(-40, -69)	(40, -69)	circle	red	same	left	left	(80, 0)	(40, 69)	search	nr	True	501290	502194	left	10	60	85	160	110	135	None	None	testing
1	dn	f	19	red	6	(80, 0)	(40, 69)	(-39, 69)	(-80, 0)	(-40, -69)	(40, -69)	diamond	red	same	right	right	(80, 0)	(-39, 69)	probe	norm	None	None	None	None	35	60	10	160	85	110	(40, -69)	9	testing
1	dn	f	19	red	6	(80, 0)	(40, 69)	(-39, 69)	(-80, 0)	(-40, -69)	(40, -69)	circle	red	same	left	left	(-80, 0)	(40, -69)	search	nr	True	507068	507603	left	110	85	10	135	60	35	None	None	testing
1	dn	f	19	red	6	(80, 0)	(40, 69)	(-39, 69)	(-80, 0)	(-40, -69)	(40, -69)	circle	none	dif	left	left	N_dist	(-40, -69)	search	nr	True	508670	509283	left	135	10	85	60	160	35	None	None	testing
1	dn	f	19	red	6	(80, 0)	(40, 69)	(-39, 69)	(-80, 0)	(-40, -69)	(40, -69)	circle	red	same	right	right	(80, 0)	(-39, 69)	search	nr	True	510357	510962	right	85	60	110	160	10	35	None	None	testing
1	dn	f	19	red	6	(80, 0)	(40, 69)	(-39, 69)	(-80, 0)	(-40, -69)	(40, -69)	circle	none	same	left	left	N_dist	(80, 0)	search	nr	True	512260	512834	left	35	160	85	110	60	135	None	None	testing
1	dn	f	19	red	6	(80, 0)	(40, 69)	(-39, 69)	(-80, 0)	(-40, -69)	(40, -69)	circle	red	same	right	right	(80, 0)	(-39, 69)	probe	norm	None	None	None	None	160	110	60	135	35	85	(-40, -69)	157	testing
1	dn	f	19	red	6	(80, 0)	(40, 69)	(-39, 69)	(-80, 0)	(-40, -69)	(40, -69)	diamond	none	same	left	left	N_dist	(40, -69)	search	nr	True	517954	518546	left	10	85	110	35	135	60	None	None	testing
1	dn	f	19	red	6	(80, 0)	(40, 69)	(-39, 69)	(-80, 0)	(-40, -69)	(40, -69)	diamond	red	dif	right	right	(80, 0)	(40, 69)	search	nr	True	519623	520514	right	10	110	160	35	135	85	None	None	testing
1	dn	f	19	red	6	(80, 0)	(40, 69)	(-39, 69)	(-80, 0)	(-40, -69)	(40, -69)	circle	red	dif	right	right	(80, 0)	(40, -69)	search	nr	True	521794	522418	right	60	160	35	85	110	10	None	None	testing
1	dn	f	19	red	6	(80, 0)	(40, 69)	(-39, 69)	(-80, 0)	(-40, -69)	(40, -69)	diamond	red	dif	right	right	(-80, 0)	(40, -69)	search	nr	True	523598	524258	right	135	10	35	160	60	110	None	None	testing
1	dn	f	19	red	6	(80, 0)	(40, 69)	(-39, 69)	(-80, 0)	(-40, -69)	(40, -69)	diamond	red	same	left	left	(80, 0)	(-80, 0)	probe	h_sin	None	None	None	None	60	110	10	160	135	35	(80, 0)	157	testing
1	dn	f	19	red	6	(80, 0)	(40, 69)	(-39, 69)	(-80, 0)	(-40, -69)	(40, -69)	diamond	red	same	left	left	(40, 69)	(40, -69)	probe	l_sin	None	None	None	None	60	135	85	160	35	110	(40, 69)	14	testing
1	dn	f	19	red	6	(80, 0)	(40, 69)	(-39, 69)	(-80, 0)	(-40, -69)	(40, -69)	diamond	red	dif	left	left	(-80, 0)	(40, 69)	probe	l_sin	None	None	None	None	160	35	110	60	10	135	(-80, 0)	173	testing
1	dn	f	19	red	6	(80, 0)	(40, 69)	(-39, 69)	(-80, 0)	(-40, -69)	(40, -69)	circle	red	dif	right	right	(-80, 0)	(-40, -69)	search	nr	True	535286	536435	right	60	110	135	85	10	160	None	None	testing
1	dn	f	19	red	6	(80, 0)	(40, 69)	(-39, 69)	(-80, 0)	(-40, -69)	(40, -69)	diamond	none	same	right	right	N_dist	(80, 0)	search	nr	True	537523	538098	right	110	160	35	135	85	60	None	None	testing
1	dn	f	19	red	6	(80, 0)	(40, 69)	(-39, 69)	(-80, 0)	(-40, -69)	(40, -69)	diamond	red	dif	right	right	(-40, -69)	(-80, 0)	search	nr	True	539310	540210	right	110	160	60	135	35	85	None	None	testing
1	dn	f	19	red	6	(80, 0)	(40, 69)	(-39, 69)	(-80, 0)	(-40, -69)	(40, -69)	circle	red	dif	right	right	(80, 0)	(-39, 69)	search	nr	True	541297	542594	right	160	135	110	35	60	85	None	None	testing
1	dn	f	19	red	6	(80, 0)	(40, 69)	(-39, 69)	(-80, 0)	(-40, -69)	(40, -69)	diamond	none	same	left	left	N_dist	(-40, -69)	search	nr	True	543668	544611	left	160	85	35	110	60	10	None	None	testing
1	dn	f	19	red	6	(80, 0)	(40, 69)	(-39, 69)	(-80, 0)	(-40, -69)	(40, -69)	diamond	red	dif	left	left	(80, 0)	(-39, 69)	search	nr	True	545722	546434	left	35	85	135	110	60	10	None	None	testing
1	dn	f	19	red	6	(80, 0)	(40, 69)	(-39, 69)	(-80, 0)	(-40, -69)	(40, -69)	circle	red	same	right	right	(80, 0)	(-40, -69)	search	nr	True	547725	548819	right	10	85	160	110	35	60	None	None	testing
1	dn	f	19	red	6	(80, 0)	(40, 69)	(-39, 69)	(-80, 0)	(-40, -69)	(40, -69)	diamond	red	same	left	left	(-39, 69)	(40, 69)	search	nr	True	549980	550754	left	135	10	60	35	85	110	None	None	testing
1	dn	f	19	red	6	(80, 0)	(40, 69)	(-39, 69)	(-80, 0)	(-40, -69)	(40, -69)	circle	red	same	left	left	(80, 0)	(40, 69)	search	nr	True	552000	552642	left	35	60	160	85	135	10	None	None	testing
1	dn	f	19	red	6	(80, 0)	(40, 69)	(-39, 69)	(-80, 0)	(-40, -69)	(40, -69)	diamond	none	dif	left	left	N_dist	(-39, 69)	search	nr	True	553853	554898	left	110	135	160	60	10	35	None	None	testing
1	dn	f	19	red	6	(80, 0)	(40, 69)	(-39, 69)	(-80, 0)	(-40, -69)	(40, -69)	diamond	none	same	right	right	N_dist	(40, 69)	probe	h_norm	None	None	None	None	160	135	85	110	10	60	(80, 0)	27	testing
1	dn	f	19	red	6	(80, 0)	(40, 69)	(-39, 69)	(-80, 0)	(-40, -69)	(40, -69)	diamond	red	same	left	left	(40, 69)	(40, -69)	search	nr	True	559914	560531	left	85	110	60	160	35	10	None	None	testing
1	dn	f	19	red	6	(80, 0)	(40, 69)	(-39, 69)	(-80, 0)	(-40, -69)	(40, -69)	circle	red	dif	right	right	(40, 69)	(-80, 0)	search	nr	True	561751	562514	right	85	160	10	60	110	135	None	None	testing
1	dn	f	19	red	6	(80, 0)	(40, 69)	(-39, 69)	(-80, 0)	(-40, -69)	(40, -69)	diamond	none	same	right	right	N_dist	(40, 69)	search	nr	True	563638	564243	right	160	35	135	85	60	110	None	None	testing
1	dn	f	19	red	6	(80, 0)	(40, 69)	(-39, 69)	(-80, 0)	(-40, -69)	(40, -69)	diamond	red	same	right	right	(80, 0)	(40, 69)	search	nr	True	565541	566082	right	60	110	135	10	160	35	None	None	testing
1	dn	f	19	red	6	(80, 0)	(40, 69)	(-39, 69)	(-80, 0)	(-40, -69)	(40, -69)	diamond	none	dif	left	left	N_dist	(-39, 69)	probe	l_tar	None	None	None	None	85	160	60	135	110	35	(-39, 69)	171	testing
1	dn	f	19	red	6	(80, 0)	(40, 69)	(-39, 69)	(-80, 0)	(-40, -69)	(40, -69)	circle	none	dif	right	right	N_dist	(-39, 69)	search	nr	True	570451	571058	right	10	135	110	160	35	60	None	None	testing
1	dn	f	19	red	6	(80, 0)	(40, 69)	(-39, 69)	(-80, 0)	(-40, -69)	(40, -69)	diamond	red	dif	right	right	(80, 0)	(-80, 0)	search	nr	True	572237	572867	right	10	35	135	110	160	60	None	None	testing
1	dn	f	19	red	6	(80, 0)	(40, 69)	(-39, 69)	(-80, 0)	(-40, -69)	(40, -69)	circle	red	same	right	right	(80, 0)	(-39, 69)	probe	tar	None	None	None	None	135	35	110	160	85	10	(-39, 69)	6	testing
1	dn	f	19	red	6	(80, 0)	(40, 69)	(-39, 69)	(-80, 0)	(-40, -69)	(40, -69)	diamond	none	same	right	right	N_dist	(-40, -69)	search	nr	True	577697	578466	right	10	160	135	85	35	110	None	None	testing
1	dn	f	19	red	6	(80, 0)	(40, 69)	(-39, 69)	(-80, 0)	(-40, -69)	(40, -69)	diamond	red	dif	left	left	(40, 69)	(-80, 0)	search	nr	True	579584	580130	left	35	10	135	160	85	60	None	None	testing
1	dn	f	19	red	6	(80, 0)	(40, 69)	(-39, 69)	(-80, 0)	(-40, -69)	(40, -69)	circle	red	same	left	left	(-40, -69)	(40, -69)	probe	l_sin	None	None	None	None	160	35	135	10	85	110	(-40, -69)	174	testing
1	dn	f	19	red	6	(80, 0)	(40, 69)	(-39, 69)	(-80, 0)	(-40, -69)	(40, -69)	circle	red	same	left	left	(-40, -69)	(40, -69)	search	nr	True	584577	585314	left	85	35	10	160	135	60	None	None	testing
1	dn	f	19	red	6	(80, 0)	(40, 69)	(-39, 69)	(-80, 0)	(-40, -69)	(40, -69)	diamond	red	dif	right	right	(-39, 69)	(-80, 0)	search	nr	True	586597	587186	right	160	135	60	10	110	85	None	None	testing
1	dn	f	19	red	6	(80, 0)	(40, 69)	(-39, 69)	(-80, 0)	(-40, -69)	(40, -69)	circle	red	dif	left	left	(80, 0)	(40, -69)	search	nr	True	588333	589314	left	110	135	85	60	160	10	None	None	testing
1	dn	f	19	red	6	(80, 0)	(40, 69)	(-39, 69)	(-80, 0)	(-40, -69)	(40, -69)	circle	none	same	right	right	N_dist	(-80, 0)	search	nr	True	590387	591010	right	135	110	10	60	85	160	None	None	testing
1	dn	f	19	red	6	(80, 0)	(40, 69)	(-39, 69)	(-80, 0)	(-40, -69)	(40, -69)	circle	none	same	left	left	N_dist	(80, 0)	probe	h_tar	None	None	None	None	10	85	60	35	110	135	(80, 0)	140	testing
1	dn	f	19	red	6	(80, 0)	(40, 69)	(-39, 69)	(-80, 0)	(-40, -69)	(40, -69)	diamond	none	same	right	right	N_dist	(-39, 69)	search	nr	True	595630	596290	right	160	35	85	135	10	110	None	None	testing
1	dn	f	19	red	6	(80, 0)	(40, 69)	(-39, 69)	(-80, 0)	(-40, -69)	(40, -69)	diamond	red	dif	right	right	(80, 0)	(40, -69)	probe	norm	None	None	None	None	135	85	60	35	160	10	(-40, -69)	19	testing
1	dn	f	19	red	6	(80, 0)	(40, 69)	(-39, 69)	(-80, 0)	(-40, -69)	(40, -69)	diamond	red	dif	left	left	(40, 69)	(-80, 0)	probe	l_sin	None	None	None	None	110	135	60	35	85	10	(40, 69)	23	testing
1	dn	f	19	red	6	(80, 0)	(40, 69)	(-39, 69)	(-80, 0)	(-40, -69)	(40, -69)	circle	red	same	right	right	(-39, 69)	(-80, 0)	probe	norm	None	None	None	None	110	10	135	85	160	35	(40, 69)	155	testing
1	dn	f	19	red	6	(80, 0)	(40, 69)	(-39, 69)	(-80, 0)	(-40, -69)	(40, -69)	diamond	red	same	left	left	(-39, 69)	(40, 69)	probe	l_sin	None	None	None	None	160	60	135	10	110	85	(-39, 69)	12	testing
1	dn	f	19	red	6	(80, 0)	(40, 69)	(-39, 69)	(-80, 0)	(-40, -69)	(40, -69)	circle	none	dif	right	right	N_dist	(80, 0)	probe	h_tar	None	None	None	None	135	110	35	85	60	10	(80, 0)	25	testing
1	dn	f	19	red	6	(80, 0)	(40, 69)	(-39, 69)	(-80, 0)	(-40, -69)	(40, -69)	diamond	red	same	right	right	(80, 0)	(40, -69)	probe	norm	None	None	None	None	60	110	35	135	10	160	(-39, 69)	158	testing
1	dn	f	19	red	6	(80, 0)	(40, 69)	(-39, 69)	(-80, 0)	(-40, -69)	(40, -69)	diamond	red	dif	left	left	(80, 0)	(-40, -69)	search	nr	True	620025	620867	left	60	135	85	110	35	160	None	None	testing
1	dn	f	19	red	6	(80, 0)	(40, 69)	(-39, 69)	(-80, 0)	(-40, -69)	(40, -69)	circle	none	dif	left	left	N_dist	(-40, -69)	probe	l_norm	None	None	None	None	60	35	10	85	110	135	(-80, 0)	175	testing
1	dn	f	19	red	6	(80, 0)	(40, 69)	(-39, 69)	(-80, 0)	(-40, -69)	(40, -69)	diamond	none	dif	left	left	N_dist	(-39, 69)	search	nr	True	625167	625954	left	60	10	85	35	110	135	None	None	testing
1	dn	f	19	red	6	(80, 0)	(40, 69)	(-39, 69)	(-80, 0)	(-40, -69)	(40, -69)	circle	red	same	right	right	(80, 0)	(-39, 69)	search	nr	True	627054	627746	right	35	10	160	110	85	135	None	None	testing
1	dn	f	19	red	6	(80, 0)	(40, 69)	(-39, 69)	(-80, 0)	(-40, -69)	(40, -69)	diamond	red	same	left	left	(80, 0)	(-40, -69)	search	nr	True	628992	629779	left	35	110	160	10	60	135	None	None	testing
1	dn	f	19	red	6	(80, 0)	(40, 69)	(-39, 69)	(-80, 0)	(-40, -69)	(40, -69)	diamond	red	same	left	left	(80, 0)	(-80, 0)	search	nr	True	630878	631458	left	60	85	110	160	35	135	None	None	testing
1	dn	f	19	red	6	(80, 0)	(40, 69)	(-39, 69)	(-80, 0)	(-40, -69)	(40, -69)	diamond	red	dif	right	right	(-40, -69)	(-80, 0)	probe	l_sin	None	None	None	None	10	85	135	160	35	60	(-40, -69)	152	testing
1	dn	f	19	red	6	(80, 0)	(40, 69)	(-39, 69)	(-80, 0)	(-40, -69)	(40, -69)	diamond	red	same	left	left	(80, 0)	(-40, -69)	search	nr	True	636872	637570	left	60	85	160	135	10	35	None	None	testing
1	dn	f	19	red	6	(80, 0)	(40, 69)	(-39, 69)	(-80, 0)	(-40, -69)	(40, -69)	diamond	none	same	left	left	N_dist	(-80, 0)	search	nr	True	638759	639218	left	85	60	160	10	35	110	None	None	testing
1	dn	f	19	red	6	(80, 0)	(40, 69)	(-39, 69)	(-80, 0)	(-40, -69)	(40, -69)	diamond	red	same	right	right	(80, 0)	(40, -69)	search	nr	True	640479	641426	right	60	110	35	160	135	10	None	None	testing
1	dn	f	19	red	6	(80, 0)	(40, 69)	(-39, 69)	(-80, 0)	(-40, -69)	(40, -69)	diamond	red	same	right	right	(80, 0)	(40, -69)	search	nr	True	642516	643186	right	85	135	35	10	60	160	None	None	testing
1	dn	f	19	red	6	(80, 0)	(40, 69)	(-39, 69)	(-80, 0)	(-40, -69)	(40, -69)	diamond	red	dif	right	right	(80, 0)	(40, -69)	search	nr	True	644270	644898	right	160	85	10	135	60	35	None	None	testing
1	dn	f	19	red	6	(80, 0)	(40, 69)	(-39, 69)	(-80, 0)	(-40, -69)	(40, -69)	diamond	red	same	left	left	(-39, 69)	(40, 69)	search	nr	True	646023	646625	left	160	35	135	85	60	10	None	None	testing
1	dn	f	19	red	6	(80, 0)	(40, 69)	(-39, 69)	(-80, 0)	(-40, -69)	(40, -69)	circle	none	dif	right	right	N_dist	(80, 0)	search	nr	True	647893	648594	right	10	85	135	160	60	35	None	None	testing
1	dn	f	19	red	6	(80, 0)	(40, 69)	(-39, 69)	(-80, 0)	(-40, -69)	(40, -69)	diamond	red	dif	right	right	(80, 0)	(40, -69)	search	nr	True	649813	650450	right	35	110	10	60	85	160	None	None	testing
1	dn	f	19	red	6	(80, 0)	(40, 69)	(-39, 69)	(-80, 0)	(-40, -69)	(40, -69)	diamond	red	same	left	left	(80, 0)	(-40, -69)	probe	norm	None	None	None	None	160	60	110	135	10	35	(-39, 69)	10	testing
1	dn	f	19	red	6	(80, 0)	(40, 69)	(-39, 69)	(-80, 0)	(-40, -69)	(40, -69)	diamond	red	same	left	left	(80, 0)	(-80, 0)	search	nr	True	655858	656418	left	160	60	110	85	10	135	None	None	testing
1	dn	f	19	red	6	(80, 0)	(40, 69)	(-39, 69)	(-80, 0)	(-40, -69)	(40, -69)	diamond	none	dif	right	right	N_dist	(-80, 0)	search	nr	True	657627	658194	right	60	35	110	160	135	85	None	None	testing
1	dn	f	19	red	6	(80, 0)	(40, 69)	(-39, 69)	(-80, 0)	(-40, -69)	(40, -69)	circle	none	same	left	left	N_dist	(80, 0)	search	nr	True	659380	659954	left	110	60	10	85	35	160	None	None	testing
1	dn	f	19	red	6	(80, 0)	(40, 69)	(-39, 69)	(-80, 0)	(-40, -69)	(40, -69)	circle	red	dif	right	right	(-39, 69)	(40, -69)	search	nr	True	661234	661842	right	60	160	35	135	10	110	None	None	testing
1	dn	f	19	red	6	(80, 0)	(40, 69)	(-39, 69)	(-80, 0)	(-40, -69)	(40, -69)	circle	red	same	right	right	(80, 0)	(-40, -69)	search	nr	True	663054	663665	right	60	110	160	85	10	135	None	None	testing
1	dn	f	19	red	6	(80, 0)	(40, 69)	(-39, 69)	(-80, 0)	(-40, -69)	(40, -69)	circle	red	dif	left	left	(-39, 69)	(-80, 0)	probe	tar	None	None	None	None	85	35	60	110	10	160	(-80, 0)	4	testing
1	dn	f	19	red	6	(80, 0)	(40, 69)	(-39, 69)	(-80, 0)	(-40, -69)	(40, -69)	diamond	red	dif	left	left	(-40, -69)	(40, -69)	search	nr	True	668180	668866	left	60	35	135	10	160	85	None	None	testing
1	dn	f	19	red	6	(80, 0)	(40, 69)	(-39, 69)	(-80, 0)	(-40, -69)	(40, -69)	circle	red	same	left	left	(-80, 0)	(40, 69)	search	nr	True	669950	670530	left	135	60	35	85	110	160	None	None	testing
1	dn	f	19	red	6	(80, 0)	(40, 69)	(-39, 69)	(-80, 0)	(-40, -69)	(40, -69)	diamond	none	dif	left	left	N_dist	(-39, 69)	probe	l_norm	None	None	None	None	10	85	60	135	160	110	(40, -69)	8	testing
1	dn	f	19	red	6	(80, 0)	(40, 69)	(-39, 69)	(-80, 0)	(-40, -69)	(40, -69)	circle	none	same	right	right	N_dist	(-40, -69)	probe	h_norm	None	None	None	None	10	160	60	110	85	35	(80, 0)	142	testing
1	dn	f	19	red	6	(80, 0)	(40, 69)	(-39, 69)	(-80, 0)	(-40, -69)	(40, -69)	circle	none	same	right	right	N_dist	(-40, -69)	search	nr	True	679735	680498	right	10	160	135	85	35	110	None	None	testing
1	dn	f	19	red	6	(80, 0)	(40, 69)	(-39, 69)	(-80, 0)	(-40, -69)	(40, -69)	circle	none	dif	left	left	N_dist	(-40, -69)	probe	h_norm	None	None	None	None	160	85	60	35	135	10	(80, 0)	32	testing
1	dn	f	19	red	6	(80, 0)	(40, 69)	(-39, 69)	(-80, 0)	(-40, -69)	(40, -69)	circle	none	dif	right	right	N_dist	(-39, 69)	probe	l_norm	None	None	None	None	10	35	135	60	85	110	(40, 69)	153	testing
1	dn	f	19	red	6	(80, 0)	(40, 69)	(-39, 69)	(-80, 0)	(-40, -69)	(40, -69)	diamond	none	dif	right	right	N_dist	(80, 0)	probe	h_tar	None	None	None	None	160	35	60	10	85	135	(80, 0)	30	testing
1	dn	f	19	red	6	(80, 0)	(40, 69)	(-39, 69)	(-80, 0)	(-40, -69)	(40, -69)	diamond	red	dif	right	right	(-80, 0)	(40, -69)	probe	norm	None	None	None	None	10	110	160	35	135	60	(40, 69)	14	testing
1	dn	f	19	red	6	(80, 0)	(40, 69)	(-39, 69)	(-80, 0)	(-40, -69)	(40, -69)	diamond	red	dif	left	left	(80, 0)	(-40, -69)	probe	tar	None	None	None	None	10	85	135	160	35	110	(-40, -69)	155	testing
1	dn	f	19	red	6	(80, 0)	(40, 69)	(-39, 69)	(-80, 0)	(-40, -69)	(40, -69)	diamond	red	dif	left	left	(80, 0)	(-39, 69)	probe	h_sin	None	None	None	None	110	85	135	10	160	35	(80, 0)	13	testing
1	dn	f	19	red	6	(80, 0)	(40, 69)	(-39, 69)	(-80, 0)	(-40, -69)	(40, -69)	diamond	red	same	right	right	(40, 69)	(-40, -69)	search	nr	True	703111	703906	right	35	60	110	135	10	85	None	None	testing
1	dn	f	19	red	6	(80, 0)	(40, 69)	(-39, 69)	(-80, 0)	(-40, -69)	(40, -69)	circle	red	dif	left	left	(40, -69)	(-80, 0)	search	nr	True	705181	705762	left	110	10	85	35	60	135	None	None	testing
1	dn	f	19	red	6	(80, 0)	(40, 69)	(-39, 69)	(-80, 0)	(-40, -69)	(40, -69)	diamond	red	same	left	left	(-40, -69)	(40, 69)	search	nr	True	707001	707618	left	85	60	10	35	135	110	None	None	testing
1	dn	f	19	red	6	(80, 0)	(40, 69)	(-39, 69)	(-80, 0)	(-40, -69)	(40, -69)	diamond	red	same	right	right	(80, 0)	(-39, 69)	search	nr	True	708838	709537	right	10	160	35	85	110	135	None	None	testing
1	dn	f	19	red	6	(80, 0)	(40, 69)	(-39, 69)	(-80, 0)	(-40, -69)	(40, -69)	circle	red	dif	right	right	(-39, 69)	(40, 69)	search	nr	True	710758	711378	right	135	110	60	85	35	10	None	None	testing
1	dn	f	19	red	6	(80, 0)	(40, 69)	(-39, 69)	(-80, 0)	(-40, -69)	(40, -69)	diamond	red	dif	right	right	(-40, -69)	(-80, 0)	search	nr	True	712628	713362	right	135	160	10	60	85	35	None	None	testing
1	dn	f	19	red	6	(80, 0)	(40, 69)	(-39, 69)	(-80, 0)	(-40, -69)	(40, -69)	circle	red	same	right	right	(40, -69)	(-39, 69)	search	nr	True	714432	715074	right	85	10	60	35	135	160	None	None	testing
1	dn	f	19	red	6	(80, 0)	(40, 69)	(-39, 69)	(-80, 0)	(-40, -69)	(40, -69)	diamond	red	dif	left	left	(-80, 0)	(40, 69)	search	nr	True	716185	716818	left	135	10	160	60	110	35	None	None	testing
1	dn	f	19	red	6	(80, 0)	(40, 69)	(-39, 69)	(-80, 0)	(-40, -69)	(40, -69)	diamond	none	same	right	right	N_dist	(40, -69)	search	nr	True	718138	718898	right	10	85	60	110	35	160	None	None	testing
1	dn	f	19	red	6	(80, 0)	(40, 69)	(-39, 69)	(-80, 0)	(-40, -69)	(40, -69)	diamond	red	dif	right	right	(80, 0)	(-80, 0)	probe	h_sin	None	None	None	None	135	85	60	110	35	10	(80, 0)	21	testing
1	dn	f	19	red	6	(80, 0)	(40, 69)	(-39, 69)	(-80, 0)	(-40, -69)	(40, -69)	diamond	none	dif	right	right	N_dist	(40, 69)	search	nr	True	723515	724146	right	10	35	110	160	85	60	None	None	testing
1	dn	f	19	red	6	(80, 0)	(40, 69)	(-39, 69)	(-80, 0)	(-40, -69)	(40, -69)	circle	red	dif	left	left	(80, 0)	(40, -69)	search	nr	True	725285	726450	left	35	10	160	110	60	135	None	None	testing
1	dn	f	19	red	6	(80, 0)	(40, 69)	(-39, 69)	(-80, 0)	(-40, -69)	(40, -69)	diamond	red	dif	left	left	(80, 0)	(-39, 69)	search	nr	True	727740	728402	left	35	85	160	135	110	60	None	None	testing
1	dn	f	19	red	6	(80, 0)	(40, 69)	(-39, 69)	(-80, 0)	(-40, -69)	(40, -69)	diamond	red	same	right	right	(80, 0)	(40, -69)	search	nr	True	729660	730386	right	60	135	160	10	85	110	None	None	testing
1	dn	f	19	red	6	(80, 0)	(40, 69)	(-39, 69)	(-80, 0)	(-40, -69)	(40, -69)	diamond	none	dif	left	left	N_dist	(80, 0)	probe	h_tar	None	None	None	None	35	10	135	110	60	160	(80, 0)	145	testing
1	dn	f	19	red	6	(80, 0)	(40, 69)	(-39, 69)	(-80, 0)	(-40, -69)	(40, -69)	circle	red	dif	right	right	(80, 0)	(-80, 0)	search	nr	True	734936	735730	left	35	135	160	110	10	60	None	None	testing
1	dn	f	19	red	6	(80, 0)	(40, 69)	(-39, 69)	(-80, 0)	(-40, -69)	(40, -69)	circle	red	same	left	left	(80, 0)	(-39, 69)	search	nr	True	738443	739170	left	10	110	135	35	60	160	None	None	testing
1	dn	f	19	red	6	(80, 0)	(40, 69)	(-39, 69)	(-80, 0)	(-40, -69)	(40, -69)	circle	red	same	right	right	(-40, -69)	(-80, 0)	search	nr	True	740262	740833	right	110	135	160	10	60	35	None	None	testing
1	dn	f	19	red	6	(80, 0)	(40, 69)	(-39, 69)	(-80, 0)	(-40, -69)	(40, -69)	circle	red	dif	right	right	(40, 69)	(-80, 0)	search	nr	True	742033	742626	right	60	35	10	110	85	135	None	None	testing
1	dn	f	19	red	6	(80, 0)	(40, 69)	(-39, 69)	(-80, 0)	(-40, -69)	(40, -69)	diamond	none	dif	right	right	N_dist	(40, 69)	search	nr	True	743769	744434	right	110	135	60	35	10	85	None	None	testing
1	dn	f	19	red	6	(80, 0)	(40, 69)	(-39, 69)	(-80, 0)	(-40, -69)	(40, -69)	circle	red	dif	right	right	(80, 0)	(40, -69)	search	nr	True	745756	746402	right	160	135	60	35	110	85	None	None	testing
1	dn	f	19	red	6	(80, 0)	(40, 69)	(-39, 69)	(-80, 0)	(-40, -69)	(40, -69)	diamond	none	dif	right	right	N_dist	(-39, 69)	probe	l_tar	None	None	None	None	60	160	35	110	135	10	(-39, 69)	156	testing
1	dn	f	19	red	6	(80, 0)	(40, 69)	(-39, 69)	(-80, 0)	(-40, -69)	(40, -69)	diamond	red	same	right	right	(40, -69)	(-80, 0)	probe	tar	None	None	None	None	85	160	10	35	110	60	(-80, 0)	157	testing
1	dn	f	19	red	6	(80, 0)	(40, 69)	(-39, 69)	(-80, 0)	(-40, -69)	(40, -69)	diamond	red	same	right	right	(80, 0)	(40, -69)	probe	norm	None	None	None	None	10	110	60	85	35	160	(40, 69)	18	testing
1	dn	f	19	red	6	(80, 0)	(40, 69)	(-39, 69)	(-80, 0)	(-40, -69)	(40, -69)	diamond	red	dif	left	left	(80, 0)	(-40, -69)	search	nr	True	759615	760289	left	135	85	60	10	160	110	None	None	testing
1	dn	f	19	red	6	(80, 0)	(40, 69)	(-39, 69)	(-80, 0)	(-40, -69)	(40, -69)	circle	none	dif	right	right	N_dist	(-40, -69)	search	nr	True	761501	762242	right	110	60	135	35	85	10	None	None	testing
1	dn	f	19	red	6	(80, 0)	(40, 69)	(-39, 69)	(-80, 0)	(-40, -69)	(40, -69)	circle	red	same	right	right	(-39, 69)	(-80, 0)	search	nr	True	763322	763969	right	160	135	110	60	85	10	None	None	testing
1	dn	f	19	red	6	(80, 0)	(40, 69)	(-39, 69)	(-80, 0)	(-40, -69)	(40, -69)	circle	red	dif	left	left	(80, 0)	(40, -69)	search	nr	True	765208	765778	left	35	85	110	160	135	60	None	None	testing
1	dn	f	19	red	6	(80, 0)	(40, 69)	(-39, 69)	(-80, 0)	(-40, -69)	(40, -69)	circle	red	dif	right	right	(-39, 69)	(40, -69)	probe	l_sin	None	None	None	None	35	160	135	85	110	10	(-39, 69)	15	testing
1	dn	f	19	red	6	(80, 0)	(40, 69)	(-39, 69)	(-80, 0)	(-40, -69)	(40, -69)	diamond	red	dif	left	left	(80, 0)	(-39, 69)	probe	h_sin	None	None	None	None	10	60	135	35	160	85	(80, 0)	138	testing
1	dn	f	19	red	6	(80, 0)	(40, 69)	(-39, 69)	(-80, 0)	(-40, -69)	(40, -69)	diamond	red	same	left	left	(80, 0)	(-40, -69)	search	nr	True	774291	775026	right	60	85	35	160	135	110	None	None	testing
1	dn	f	19	red	6	(80, 0)	(40, 69)	(-39, 69)	(-80, 0)	(-40, -69)	(40, -69)	circle	red	dif	left	left	(80, 0)	(40, 69)	search	nr	True	777631	778209	left	85	35	10	135	160	60	None	None	testing
1	dn	f	19	red	6	(80, 0)	(40, 69)	(-39, 69)	(-80, 0)	(-40, -69)	(40, -69)	circle	none	dif	left	left	N_dist	(40, 69)	probe	h_norm	None	None	None	None	160	135	110	60	85	35	(80, 0)	31	testing
1	dn	f	19	red	6	(80, 0)	(40, 69)	(-39, 69)	(-80, 0)	(-40, -69)	(40, -69)	diamond	red	dif	left	left	(80, 0)	(-39, 69)	search	nr	True	782858	783585	left	10	135	110	85	160	60	None	None	testing
1	dn	f	19	red	6	(80, 0)	(40, 69)	(-39, 69)	(-80, 0)	(-40, -69)	(40, -69)	circle	none	same	right	right	N_dist	(80, 0)	search	nr	True	784794	785506	right	35	110	60	10	135	85	None	None	testing
1	dn	f	19	red	6	(80, 0)	(40, 69)	(-39, 69)	(-80, 0)	(-40, -69)	(40, -69)	circle	red	dif	left	left	(40, -69)	(-80, 0)	probe	tar	None	None	None	None	110	160	10	85	60	135	(-80, 0)	175	testing
1	dn	f	19	red	6	(80, 0)	(40, 69)	(-39, 69)	(-80, 0)	(-40, -69)	(40, -69)	circle	none	dif	right	right	N_dist	(-39, 69)	search	nr	True	790204	790881	right	10	135	85	60	160	35	None	None	testing
1	dn	f	19	red	6	(80, 0)	(40, 69)	(-39, 69)	(-80, 0)	(-40, -69)	(40, -69)	circle	red	dif	left	left	(80, 0)	(-80, 0)	search	nr	True	792024	792625	left	160	110	85	10	60	135	None	None	testing
1	dn	f	19	red	6	(80, 0)	(40, 69)	(-39, 69)	(-80, 0)	(-40, -69)	(40, -69)	diamond	none	dif	left	left	N_dist	(40, -69)	probe	l_norm	None	None	None	None	35	160	135	10	110	60	(-39, 69)	29	testing
1	dn	f	19	red	6	(80, 0)	(40, 69)	(-39, 69)	(-80, 0)	(-40, -69)	(40, -69)	circle	none	same	left	left	N_dist	(40, -69)	probe	h_norm	None	None	None	None	110	35	10	60	160	135	(80, 0)	13	testing
1	dn	f	19	red	6	(80, 0)	(40, 69)	(-39, 69)	(-80, 0)	(-40, -69)	(40, -69)	diamond	red	dif	right	right	(80, 0)	(40, -69)	search	nr	True	801191	801954	right	160	135	85	110	60	35	None	None	testing
1	dn	f	19	red	6	(80, 0)	(40, 69)	(-39, 69)	(-80, 0)	(-40, -69)	(40, -69)	diamond	red	same	right	right	(40, -69)	(-39, 69)	search	nr	True	803195	803858	right	35	60	110	10	135	160	None	None	testing
1	dn	f	19	red	6	(80, 0)	(40, 69)	(-39, 69)	(-80, 0)	(-40, -69)	(40, -69)	circle	none	same	left	left	N_dist	(-80, 0)	probe	l_tar	None	None	None	None	135	160	10	60	110	35	(-80, 0)	167	testing
1	dn	f	19	red	6	(80, 0)	(40, 69)	(-39, 69)	(-80, 0)	(-40, -69)	(40, -69)	circle	red	dif	left	left	(80, 0)	(-40, -69)	search	nr	True	808204	808866	left	35	110	135	10	85	160	None	None	testing
1	dn	f	19	red	6	(80, 0)	(40, 69)	(-39, 69)	(-80, 0)	(-40, -69)	(40, -69)	circle	red	dif	right	right	(80, 0)	(-39, 69)	search	nr	True	809991	810625	right	85	60	135	35	160	10	None	None	testing
1	dn	f	19	red	6	(80, 0)	(40, 69)	(-39, 69)	(-80, 0)	(-40, -69)	(40, -69)	circle	red	same	left	left	(80, 0)	(-39, 69)	search	nr	True	811727	812385	left	85	110	60	160	35	135	None	None	testing
1	dn	f	19	red	6	(80, 0)	(40, 69)	(-39, 69)	(-80, 0)	(-40, -69)	(40, -69)	circle	red	dif	right	right	(80, 0)	(-80, 0)	probe	norm	None	None	None	None	135	60	160	110	85	10	(-39, 69)	32	testing
1	dn	f	19	red	6	(80, 0)	(40, 69)	(-39, 69)	(-80, 0)	(-40, -69)	(40, -69)	diamond	none	same	right	right	N_dist	(-40, -69)	search	nr	True	817939	818801	right	110	35	135	10	60	85	None	None	testing
1	dn	f	19	red	6	(80, 0)	(40, 69)	(-39, 69)	(-80, 0)	(-40, -69)	(40, -69)	circle	red	same	left	left	(80, 0)	(-40, -69)	search	nr	True	820009	821442	left	135	85	160	10	60	35	None	None	testing
1	dn	f	19	red	6	(80, 0)	(40, 69)	(-39, 69)	(-80, 0)	(-40, -69)	(40, -69)	circle	red	same	right	right	(-39, 69)	(-80, 0)	search	nr	True	822597	823234	right	10	85	35	135	160	110	None	None	testing
1	dn	f	19	red	6	(80, 0)	(40, 69)	(-39, 69)	(-80, 0)	(-40, -69)	(40, -69)	circle	red	dif	right	right	(-80, 0)	(-39, 69)	search	nr	True	824417	824994	right	85	35	110	135	160	60	None	None	testing
1	dn	f	19	red	6	(80, 0)	(40, 69)	(-39, 69)	(-80, 0)	(-40, -69)	(40, -69)	circle	red	same	left	left	(-80, 0)	(40, -69)	probe	tar	None	None	None	None	85	135	110	35	160	60	(40, -69)	169	testing
1	dn	f	19	red	6	(80, 0)	(40, 69)	(-39, 69)	(-80, 0)	(-40, -69)	(40, -69)	circle	red	same	left	left	(80, 0)	(-40, -69)	search	nr	True	829209	829810	left	135	35	60	160	85	110	None	None	testing
1	dn	f	19	red	6	(80, 0)	(40, 69)	(-39, 69)	(-80, 0)	(-40, -69)	(40, -69)	diamond	red	same	right	right	(80, 0)	(40, 69)	search	nr	True	831096	831842	right	10	160	135	60	110	35	None	None	testing
1	dn	f	19	red	6	(80, 0)	(40, 69)	(-39, 69)	(-80, 0)	(-40, -69)	(40, -69)	diamond	red	same	left	left	(80, 0)	(-40, -69)	search	nr	True	833117	833873	left	110	10	160	35	85	60	None	None	testing
1	dn	f	19	red	6	(80, 0)	(40, 69)	(-39, 69)	(-80, 0)	(-40, -69)	(40, -69)	diamond	red	dif	left	left	(-40, -69)	(40, -69)	probe	norm	None	None	None	None	60	85	160	10	110	35	(-80, 0)	159	testing
1	dn	f	19	red	6	(80, 0)	(40, 69)	(-39, 69)	(-80, 0)	(-40, -69)	(40, -69)	diamond	red	dif	right	right	(40, 69)	(-40, -69)	probe	tar	None	None	None	None	35	10	160	85	135	110	(-40, -69)	12	testing
1	dn	f	19	red	6	(80, 0)	(40, 69)	(-39, 69)	(-80, 0)	(-40, -69)	(40, -69)	circle	none	dif	left	left	N_dist	(40, 69)	search	nr	True	842350	843026	left	135	110	60	160	85	35	None	None	testing
1	dn	f	19	red	6	(80, 0)	(40, 69)	(-39, 69)	(-80, 0)	(-40, -69)	(40, -69)	circle	red	same	left	left	(80, 0)	(-39, 69)	search	nr	True	844304	844881	left	10	160	110	135	85	35	None	None	testing
1	dn	f	19	red	6	(80, 0)	(40, 69)	(-39, 69)	(-80, 0)	(-40, -69)	(40, -69)	circle	none	dif	left	left	N_dist	(40, 69)	probe	l_norm	None	None	None	None	135	35	110	60	85	10	(40, -69)	69	testing
1	dn	f	19	red	6	(80, 0)	(40, 69)	(-39, 69)	(-80, 0)	(-40, -69)	(40, -69)	circle	red	dif	right	right	(80, 0)	(40, 69)	probe	norm	None	None	None	None	85	60	110	160	135	35	(-39, 69)	17	testing
1	dn	f	19	red	6	(80, 0)	(40, 69)	(-39, 69)	(-80, 0)	(-40, -69)	(40, -69)	circle	none	same	right	right	N_dist	(-80, 0)	search	nr	True	854690	855553	right	85	160	110	10	35	60	None	None	testing
1	dn	f	19	red	6	(80, 0)	(40, 69)	(-39, 69)	(-80, 0)	(-40, -69)	(40, -69)	circle	none	same	right	right	N_dist	(-40, -69)	search	nr	True	856693	857505	right	85	10	60	135	110	35	None	None	testing
1	dn	f	19	red	6	(80, 0)	(40, 69)	(-39, 69)	(-80, 0)	(-40, -69)	(40, -69)	circle	red	same	left	left	(80, 0)	(40, 69)	search	nr	True	858680	859394	left	85	135	10	110	160	35	None	None	testing
1	dn	f	19	red	6	(80, 0)	(40, 69)	(-39, 69)	(-80, 0)	(-40, -69)	(40, -69)	circle	none	dif	right	right	N_dist	(40, 69)	search	nr	True	860667	861249	right	85	10	160	35	110	60	None	None	testing
1	dn	f	19	red	6	(80, 0)	(40, 69)	(-39, 69)	(-80, 0)	(-40, -69)	(40, -69)	diamond	none	same	left	left	N_dist	(-40, -69)	probe	h_norm	None	None	None	None	160	110	10	35	60	135	(80, 0)	31	testing
1	dn	f	19	red	6	(80, 0)	(40, 69)	(-39, 69)	(-80, 0)	(-40, -69)	(40, -69)	circle	red	same	left	left	(80, 0)	(40, 69)	probe	h_sin	None	None	None	None	10	60	110	35	160	85	(80, 0)	37	testing
1	dn	f	19	red	6	(80, 0)	(40, 69)	(-39, 69)	(-80, 0)	(-40, -69)	(40, -69)	circle	none	dif	left	left	N_dist	(40, 69)	search	nr	True	870519	871074	left	60	135	35	10	110	85	None	None	testing
1	dn	f	19	red	6	(80, 0)	(40, 69)	(-39, 69)	(-80, 0)	(-40, -69)	(40, -69)	circle	none	same	right	right	N_dist	(-80, 0)	search	nr	True	872171	872801	right	160	135	35	60	85	110	None	None	testing
1	dn	f	19	red	6	(80, 0)	(40, 69)	(-39, 69)	(-80, 0)	(-40, -69)	(40, -69)	diamond	none	same	left	left	N_dist	(-80, 0)	search	nr	True	873992	874705	left	110	10	60	135	160	85	None	None	testing
1	dn	f	19	red	6	(80, 0)	(40, 69)	(-39, 69)	(-80, 0)	(-40, -69)	(40, -69)	diamond	red	same	left	left	(80, 0)	(-80, 0)	probe	tar	None	None	None	None	135	60	85	35	10	160	(-80, 0)	157	testing
1	dn	f	19	red	6	(80, 0)	(40, 69)	(-39, 69)	(-80, 0)	(-40, -69)	(40, -69)	circle	none	same	right	right	N_dist	(-40, -69)	probe	h_norm	None	None	None	None	10	60	135	110	160	35	(80, 0)	137	testing
1	dn	f	19	red	6	(80, 0)	(40, 69)	(-39, 69)	(-80, 0)	(-40, -69)	(40, -69)	diamond	red	dif	left	left	(80, 0)	(-80, 0)	probe	h_sin	None	None	None	None	135	10	85	60	160	110	(80, 0)	19	testing
1	dn	f	19	red	6	(80, 0)	(40, 69)	(-39, 69)	(-80, 0)	(-40, -69)	(40, -69)	circle	none	dif	right	right	N_dist	(40, 69)	search	nr	True	887583	888194	right	60	110	10	85	160	135	None	None	testing
1	dn	f	19	red	6	(80, 0)	(40, 69)	(-39, 69)	(-80, 0)	(-40, -69)	(40, -69)	circle	red	dif	right	right	(-80, 0)	(-39, 69)	search	nr	True	889454	890273	right	110	135	60	160	85	10	None	None	testing
1	dn	f	19	red	6	(80, 0)	(40, 69)	(-39, 69)	(-80, 0)	(-40, -69)	(40, -69)	diamond	none	same	left	left	N_dist	(-39, 69)	search	nr	True	891557	892289	left	10	35	160	85	110	135	None	None	testing
1	dn	f	19	red	6	(80, 0)	(40, 69)	(-39, 69)	(-80, 0)	(-40, -69)	(40, -69)	circle	red	same	right	right	(80, 0)	(40, 69)	search	nr	True	893578	894194	right	35	85	135	110	160	10	None	None	testing
1	dn	f	19	red	6	(80, 0)	(40, 69)	(-39, 69)	(-80, 0)	(-40, -69)	(40, -69)	circle	none	dif	right	right	N_dist	(40, -69)	probe	h_norm	None	None	None	None	85	60	135	110	10	35	(80, 0)	10	testing
1	dn	f	19	red	6	(80, 0)	(40, 69)	(-39, 69)	(-80, 0)	(-40, -69)	(40, -69)	circle	red	same	left	left	(80, 0)	(-39, 69)	probe	tar	None	None	None	None	85	160	135	10	60	110	(-39, 69)	10	testing
1	dn	f	19	red	6	(80, 0)	(40, 69)	(-39, 69)	(-80, 0)	(-40, -69)	(40, -69)	diamond	none	same	right	right	N_dist	(-39, 69)	search	nr	True	901776	902465	right	35	135	60	85	110	10	None	None	testing
1	dn	f	19	red	6	(80, 0)	(40, 69)	(-39, 69)	(-80, 0)	(-40, -69)	(40, -69)	diamond	red	dif	left	left	(-40, -69)	(40, -69)	search	nr	True	903530	904242	left	85	35	160	135	10	60	None	None	testing
1	dn	f	19	red	6	(80, 0)	(40, 69)	(-39, 69)	(-80, 0)	(-40, -69)	(40, -69)	circle	none	dif	right	right	N_dist	(40, -69)	search	nr	True	905533	906177	right	10	135	60	35	110	160	None	None	testing
1	dn	f	19	red	6	(80, 0)	(40, 69)	(-39, 69)	(-80, 0)	(-40, -69)	(40, -69)	diamond	red	same	right	right	(80, 0)	(40, 69)	search	nr	True	907403	907938	right	110	35	135	85	160	10	None	None	testing
1	dn	f	19	red	6	(80, 0)	(40, 69)	(-39, 69)	(-80, 0)	(-40, -69)	(40, -69)	circle	none	dif	right	right	N_dist	(40, 69)	probe	h_norm	None	None	None	None	10	60	85	35	160	135	(80, 0)	48	testing
1	dn	f	19	red	6	(80, 0)	(40, 69)	(-39, 69)	(-80, 0)	(-40, -69)	(40, -69)	diamond	red	dif	left	left	(40, 69)	(-80, 0)	search	nr	True	913982	914562	left	135	85	160	110	35	10	None	None	testing
1	dn	f	19	red	6	(80, 0)	(40, 69)	(-39, 69)	(-80, 0)	(-40, -69)	(40, -69)	circle	red	same	left	left	(80, 0)	(40, -69)	search	nr	True	915802	916610	left	85	160	10	110	35	135	None	None	testing
1	dn	f	19	red	6	(80, 0)	(40, 69)	(-39, 69)	(-80, 0)	(-40, -69)	(40, -69)	diamond	red	same	left	left	(80, 0)	(-80, 0)	search	nr	True	917822	918450	left	135	85	60	35	10	160	None	None	testing
1	dn	f	19	red	6	(80, 0)	(40, 69)	(-39, 69)	(-80, 0)	(-40, -69)	(40, -69)	circle	red	dif	right	right	(80, 0)	(40, 69)	search	nr	True	919709	920658	right	110	60	135	85	35	10	None	None	testing
1	dn	f	19	red	6	(80, 0)	(40, 69)	(-39, 69)	(-80, 0)	(-40, -69)	(40, -69)	diamond	red	dif	right	right	(-80, 0)	(40, -69)	search	nr	True	921947	922866	right	85	110	35	135	10	160	None	None	testing
1	dn	f	19	red	6	(80, 0)	(40, 69)	(-39, 69)	(-80, 0)	(-40, -69)	(40, -69)	diamond	red	same	right	right	(80, 0)	(-39, 69)	search	nr	True	924151	924881	right	85	60	35	10	110	135	None	None	testing
1	dn	f	19	red	6	(80, 0)	(40, 69)	(-39, 69)	(-80, 0)	(-40, -69)	(40, -69)	diamond	red	same	left	left	(80, 0)	(-80, 0)	search	nr	True	926021	926625	left	85	60	160	10	110	35	None	None	testing
1	dn	f	19	red	6	(80, 0)	(40, 69)	(-39, 69)	(-80, 0)	(-40, -69)	(40, -69)	circle	red	dif	left	left	(80, 0)	(-80, 0)	probe	tar	None	None	None	None	35	60	10	160	110	135	(-80, 0)	23	testing
1	dn	f	19	red	6	(80, 0)	(40, 69)	(-39, 69)	(-80, 0)	(-40, -69)	(40, -69)	diamond	red	same	right	right	(40, 69)	(-40, -69)	probe	l_sin	None	None	None	None	135	35	60	160	10	85	(40, 69)	152	testing
1	dn	f	19	red	6	(80, 0)	(40, 69)	(-39, 69)	(-80, 0)	(-40, -69)	(40, -69)	diamond	none	dif	left	left	N_dist	(80, 0)	search	nr	True	935238	935858	left	110	10	135	85	60	160	None	None	testing
1	dn	f	19	red	6	(80, 0)	(40, 69)	(-39, 69)	(-80, 0)	(-40, -69)	(40, -69)	diamond	none	same	right	right	N_dist	(-40, -69)	probe	l_norm	None	None	None	None	10	135	35	110	160	60	(40, -69)	168	testing
1	dn	f	19	red	6	(80, 0)	(40, 69)	(-39, 69)	(-80, 0)	(-40, -69)	(40, -69)	circle	red	dif	left	left	(80, 0)	(40, 69)	probe	h_sin	None	None	None	None	35	85	160	60	10	110	(80, 0)	147	testing
1	dn	f	19	red	6	(80, 0)	(40, 69)	(-39, 69)	(-80, 0)	(-40, -69)	(40, -69)	circle	red	dif	right	right	(80, 0)	(40, 69)	search	nr	True	947110	947698	right	35	60	85	110	135	10	None	None	testing
1	dn	f	19	red	6	(80, 0)	(40, 69)	(-39, 69)	(-80, 0)	(-40, -69)	(40, -69)	circle	none	dif	right	right	N_dist	(40, -69)	search	nr	True	948962	949585	right	35	110	60	10	135	160	None	None	testing
1	dn	f	19	red	6	(80, 0)	(40, 69)	(-39, 69)	(-80, 0)	(-40, -69)	(40, -69)	diamond	red	dif	left	left	(80, 0)	(-80, 0)	search	nr	True	950849	951473	left	160	10	60	35	135	85	None	None	testing
1	dn	f	19	red	6	(80, 0)	(40, 69)	(-39, 69)	(-80, 0)	(-40, -69)	(40, -69)	circle	red	same	left	left	(80, 0)	(-40, -69)	search	nr	True	952586	953393	left	135	160	110	85	60	35	None	None	testing
1	dn	f	19	red	6	(80, 0)	(40, 69)	(-39, 69)	(-80, 0)	(-40, -69)	(40, -69)	diamond	red	dif	right	right	(80, 0)	(40, 69)	search	nr	True	954607	955314	right	60	85	35	110	160	10	None	None	testing
