subj	name	gender	age	dist	run	tar_locs1	tar_locs2	tar_locs3	tar_locs4	tar_locs5	tar_locs6	shape	dist	td_dif	detection	resp_key	dis_loc	tar_loc	task_type	probe_cond	gotKey	startTime	respTime	resp	o1	o2	o3	o4	o5	o6	pro_loc	ori_resp	mode
1	dn	f	19	red	4	(80, 0)	(40, 69)	(-39, 69)	(-80, 0)	(-40, -69)	(40, -69)	circle	red	same	right	right	(40, -69)	(-80, 0)	search	nr	True	1260482	1261140	right	60	160	10	35	85	135	None	None	practice
1	dn	f	19	red	4	(80, 0)	(40, 69)	(-39, 69)	(-80, 0)	(-40, -69)	(40, -69)	circle	none	same	right	right	N_dist	(80, 0)	search	nr	True	1262220	1262804	right	110	160	10	85	35	60	None	None	practice
1	dn	f	19	red	4	(80, 0)	(40, 69)	(-39, 69)	(-80, 0)	(-40, -69)	(40, -69)	diamond	none	same	right	right	N_dist	(-40, -69)	probe	l_norm	None	None	None	None	110	60	10	160	135	85	(-39, 69)	31	practice
1	dn	f	19	red	4	(80, 0)	(40, 69)	(-39, 69)	(-80, 0)	(-40, -69)	(40, -69)	diamond	red	dif	right	right	(-80, 0)	(40, 69)	probe	l_sin	None	None	None	None	135	110	10	60	35	85	(-80, 0)	165	practice
1	dn	f	19	red	4	(80, 0)	(40, 69)	(-39, 69)	(-80, 0)	(-40, -69)	(40, -69)	circle	red	dif	right	right	(40, 69)	(-40, -69)	probe	tar	None	None	None	None	160	135	110	85	10	60	(-40, -69)	144	practice
1	dn	f	19	red	4	(80, 0)	(40, 69)	(-39, 69)	(-80, 0)	(-40, -69)	(40, -69)	diamond	none	dif	right	right	N_dist	(40, 69)	search	nr	True	1281905	1282548	right	110	10	85	35	135	60	None	None	practice
1	dn	f	19	red	4	(80, 0)	(40, 69)	(-39, 69)	(-80, 0)	(-40, -69)	(40, -69)	diamond	red	same	left	left	(-80, 0)	(-39, 69)	search	nr	True	1283843	1284340	left	60	10	135	110	85	35	None	None	practice
1	dn	f	19	red	4	(80, 0)	(40, 69)	(-39, 69)	(-80, 0)	(-40, -69)	(40, -69)	circle	red	dif	left	left	(80, 0)	(-40, -69)	probe	h_sin	None	None	None	None	85	110	160	60	10	35	(80, 0)	157	practice
1	dn	f	19	red	4	(80, 0)	(40, 69)	(-39, 69)	(-80, 0)	(-40, -69)	(40, -69)	diamond	red	dif	left	left	(80, 0)	(-40, -69)	search	nr	True	1289119	1289972	left	60	35	160	10	135	110	None	None	practice
1	dn	f	19	red	4	(80, 0)	(40, 69)	(-39, 69)	(-80, 0)	(-40, -69)	(40, -69)	circle	red	dif	right	right	(40, 69)	(-40, -69)	search	nr	True	1291156	1291779	right	85	160	60	135	10	35	None	None	practice
1	dn	f	19	red	4	(80, 0)	(40, 69)	(-39, 69)	(-80, 0)	(-40, -69)	(40, -69)	circle	red	same	right	right	(80, 0)	(-80, 0)	probe	tar	None	None	None	None	10	110	60	160	35	85	(-80, 0)	24	practice
1	dn	f	19	red	4	(80, 0)	(40, 69)	(-39, 69)	(-80, 0)	(-40, -69)	(40, -69)	circle	red	dif	left	left	(80, 0)	(-40, -69)	search	nr	True	1297852	1298451	left	85	160	10	60	110	35	None	None	practice
1	dn	f	19	red	4	(80, 0)	(40, 69)	(-39, 69)	(-80, 0)	(-40, -69)	(40, -69)	diamond	none	same	right	right	N_dist	(-40, -69)	search	nr	True	1299588	1300228	right	85	160	135	60	10	35	None	None	practice
1	dn	f	19	red	4	(80, 0)	(40, 69)	(-39, 69)	(-80, 0)	(-40, -69)	(40, -69)	circle	none	same	left	left	N_dist	(40, 69)	search	nr	True	1301291	1301843	left	60	110	160	35	10	85	None	None	practice
1	dn	f	19	red	4	(80, 0)	(40, 69)	(-39, 69)	(-80, 0)	(-40, -69)	(40, -69)	circle	red	dif	right	right	(80, 0)	(-80, 0)	probe	norm	None	None	None	None	35	110	60	85	10	160	(-40, -69)	134	practice
1	dn	f	19	red	4	(80, 0)	(40, 69)	(-39, 69)	(-80, 0)	(-40, -69)	(40, -69)	circle	red	dif	left	left	(40, 69)	(40, -69)	search	nr	True	1309957	1310563	left	60	160	35	85	135	10	None	None	practice
1	dn	f	19	red	4	(80, 0)	(40, 69)	(-39, 69)	(-80, 0)	(-40, -69)	(40, -69)	circle	red	same	left	left	(40, 69)	(-39, 69)	search	nr	True	1311727	1312355	left	35	110	60	10	135	160	None	None	practice
1	dn	f	19	red	4	(80, 0)	(40, 69)	(-39, 69)	(-80, 0)	(-40, -69)	(40, -69)	diamond	red	dif	right	right	(80, 0)	(-40, -69)	search	nr	True	1313464	1314067	right	35	160	60	135	10	85	None	None	practice
1	dn	f	19	red	4	(80, 0)	(40, 69)	(-39, 69)	(-80, 0)	(-40, -69)	(40, -69)	diamond	red	dif	right	right	(80, 0)	(-80, 0)	probe	h_sin	None	None	None	None	10	60	85	135	160	110	(80, 0)	142	practice
1	dn	f	19	red	4	(80, 0)	(40, 69)	(-39, 69)	(-80, 0)	(-40, -69)	(40, -69)	circle	none	dif	left	left	N_dist	(40, -69)	probe	h_norm	None	None	None	None	85	135	110	60	35	160	(80, 0)	173	practice
1	dn	f	19	red	4	(80, 0)	(40, 69)	(-39, 69)	(-80, 0)	(-40, -69)	(40, -69)	diamond	red	same	left	left	(80, 0)	(40, -69)	search	nr	True	1325937	1326707	left	160	135	60	10	85	110	None	None	practice
1	dn	f	19	red	4	(80, 0)	(40, 69)	(-39, 69)	(-80, 0)	(-40, -69)	(40, -69)	diamond	red	dif	left	left	(80, 0)	(40, -69)	search	nr	True	1327924	1328467	left	60	110	35	10	135	160	None	None	practice
1	dn	f	19	red	4	(80, 0)	(40, 69)	(-39, 69)	(-80, 0)	(-40, -69)	(40, -69)	circle	red	dif	left	left	(80, 0)	(-39, 69)	probe	tar	None	None	None	None	60	110	85	10	35	160	(-39, 69)	173	practice
1	dn	f	19	red	4	(80, 0)	(40, 69)	(-39, 69)	(-80, 0)	(-40, -69)	(40, -69)	circle	red	same	right	right	(80, 0)	(-40, -69)	probe	h_sin	None	None	None	None	160	85	35	135	110	60	(80, 0)	27	practice
1	dn	f	19	red	4	(80, 0)	(40, 69)	(-39, 69)	(-80, 0)	(-40, -69)	(40, -69)	diamond	none	same	right	right	N_dist	(80, 0)	search	nr	True	1338894	1339491	right	10	135	110	60	35	85	None	None	practice
1	dn	f	19	red	4	(80, 0)	(40, 69)	(-39, 69)	(-80, 0)	(-40, -69)	(40, -69)	circle	red	dif	left	left	(80, 0)	(-39, 69)	search	nr	True	1340547	1341123	left	10	135	60	85	35	110	None	None	practice
1	dn	f	19	red	4	(80, 0)	(40, 69)	(-39, 69)	(-80, 0)	(-40, -69)	(40, -69)	diamond	red	dif	left	left	(80, 0)	(-40, -69)	probe	tar	None	None	None	None	60	10	35	85	160	135	(-40, -69)	19	practice
1	dn	f	19	red	4	(80, 0)	(40, 69)	(-39, 69)	(-80, 0)	(-40, -69)	(40, -69)	diamond	red	same	left	left	(80, 0)	(-40, -69)	probe	norm	None	None	None	None	85	160	60	110	35	135	(40, 69)	25	practice
1	dn	f	19	red	4	(80, 0)	(40, 69)	(-39, 69)	(-80, 0)	(-40, -69)	(40, -69)	diamond	none	same	left	left	N_dist	(40, 69)	search	nr	True	1354088	1354739	left	85	60	135	110	10	35	None	None	practice
1	dn	f	19	red	4	(80, 0)	(40, 69)	(-39, 69)	(-80, 0)	(-40, -69)	(40, -69)	circle	none	same	left	left	N_dist	(-40, -69)	search	nr	True	1356042	1356691	left	135	160	85	35	110	60	None	None	practice
1	dn	f	19	red	4	(80, 0)	(40, 69)	(-39, 69)	(-80, 0)	(-40, -69)	(40, -69)	diamond	none	same	right	right	N_dist	(80, 0)	probe	h_tar	None	None	None	None	160	35	135	10	110	60	(80, 0)	32	practice
1	dn	f	19	red	4	(80, 0)	(40, 69)	(-39, 69)	(-80, 0)	(-40, -69)	(40, -69)	diamond	red	same	right	right	(80, 0)	(-39, 69)	probe	tar	None	None	None	None	10	60	35	110	160	85	(-39, 69)	160	practice
1	dn	f	19	red	4	(80, 0)	(40, 69)	(-39, 69)	(-80, 0)	(-40, -69)	(40, -69)	circle	red	same	left	left	(40, 69)	(-40, -69)	search	nr	True	1366177	1366852	left	135	10	110	35	60	160	None	None	practice
1	dn	f	19	red	4	(80, 0)	(40, 69)	(-39, 69)	(-80, 0)	(-40, -69)	(40, -69)	circle	red	dif	left	left	(80, 0)	(40, 69)	search	nr	True	1368030	1368611	left	135	110	35	10	60	160	None	None	practice
1	dn	f	19	red	4	(80, 0)	(40, 69)	(-39, 69)	(-80, 0)	(-40, -69)	(40, -69)	diamond	none	dif	left	left	N_dist	(-39, 69)	search	nr	True	1369867	1370516	left	35	10	60	85	135	110	None	None	practice
1	dn	f	19	red	4	(80, 0)	(40, 69)	(-39, 69)	(-80, 0)	(-40, -69)	(40, -69)	diamond	red	same	left	left	(-39, 69)	(-40, -69)	probe	norm	None	None	None	None	160	135	85	110	35	60	(80, 0)	34	practice
1	dn	f	19	red	4	(80, 0)	(40, 69)	(-39, 69)	(-80, 0)	(-40, -69)	(40, -69)	circle	red	dif	left	left	(80, 0)	(40, -69)	search	nr	True	1375428	1376067	left	60	160	135	35	110	85	None	None	practice
1	dn	f	19	red	4	(80, 0)	(40, 69)	(-39, 69)	(-80, 0)	(-40, -69)	(40, -69)	circle	red	same	right	right	(40, 69)	(-40, -69)	search	nr	True	1377197	1377812	right	35	110	135	85	10	160	None	None	practice
1	dn	f	19	red	4	(80, 0)	(40, 69)	(-39, 69)	(-80, 0)	(-40, -69)	(40, -69)	circle	none	dif	right	right	N_dist	(40, -69)	search	nr	True	1379051	1379715	right	110	60	85	10	135	35	None	None	practice
1	dn	f	19	red	4	(80, 0)	(40, 69)	(-39, 69)	(-80, 0)	(-40, -69)	(40, -69)	circle	none	dif	right	right	N_dist	(-39, 69)	probe	l_norm	None	None	None	None	135	160	110	60	35	10	(-40, -69)	168	practice
1	dn	f	19	red	4	(80, 0)	(40, 69)	(-39, 69)	(-80, 0)	(-40, -69)	(40, -69)	diamond	none	same	right	right	N_dist	(-40, -69)	search	nr	True	1469149	1469731	right	110	35	85	60	160	10	None	None	testing
1	dn	f	19	red	4	(80, 0)	(40, 69)	(-39, 69)	(-80, 0)	(-40, -69)	(40, -69)	circle	red	same	right	right	(80, 0)	(40, 69)	probe	h_sin	None	None	None	None	160	10	85	35	110	60	(80, 0)	30	testing
1	dn	f	19	red	4	(80, 0)	(40, 69)	(-39, 69)	(-80, 0)	(-40, -69)	(40, -69)	diamond	none	dif	right	right	N_dist	(-39, 69)	search	nr	True	1475795	1476403	right	110	10	35	85	160	135	None	None	testing
1	dn	f	19	red	4	(80, 0)	(40, 69)	(-39, 69)	(-80, 0)	(-40, -69)	(40, -69)	diamond	none	same	left	left	N_dist	(40, -69)	search	nr	True	1477632	1478163	left	35	110	160	60	10	85	None	None	testing
1	dn	f	19	red	4	(80, 0)	(40, 69)	(-39, 69)	(-80, 0)	(-40, -69)	(40, -69)	diamond	none	dif	left	left	N_dist	(-39, 69)	search	nr	True	1479419	1479987	left	10	160	35	110	85	135	None	None	testing
1	dn	f	19	red	4	(80, 0)	(40, 69)	(-39, 69)	(-80, 0)	(-40, -69)	(40, -69)	circle	red	dif	right	right	(40, -69)	(-80, 0)	probe	l_sin	None	None	None	None	60	35	135	10	85	160	(40, -69)	29	testing
1	dn	f	19	red	4	(80, 0)	(40, 69)	(-39, 69)	(-80, 0)	(-40, -69)	(40, -69)	circle	none	dif	right	right	N_dist	(40, -69)	search	nr	True	1487601	1488131	right	110	85	60	35	10	135	None	None	testing
1	dn	f	19	red	4	(80, 0)	(40, 69)	(-39, 69)	(-80, 0)	(-40, -69)	(40, -69)	circle	red	dif	left	left	(80, 0)	(-80, 0)	search	nr	True	1489403	1490003	left	60	160	85	35	135	10	None	None	testing
1	dn	f	19	red	4	(80, 0)	(40, 69)	(-39, 69)	(-80, 0)	(-40, -69)	(40, -69)	diamond	none	same	left	left	N_dist	(40, -69)	probe	l_norm	None	None	None	None	85	35	10	135	60	160	(-40, -69)	168	testing
1	dn	f	19	red	4	(80, 0)	(40, 69)	(-39, 69)	(-80, 0)	(-40, -69)	(40, -69)	diamond	red	dif	right	right	(-80, 0)	(-40, -69)	search	nr	True	1495481	1496243	right	60	110	85	160	10	35	None	None	testing
1	dn	f	19	red	4	(80, 0)	(40, 69)	(-39, 69)	(-80, 0)	(-40, -69)	(40, -69)	circle	none	dif	left	left	N_dist	(-80, 0)	probe	h_norm	None	None	None	None	135	85	60	35	110	160	(80, 0)	17	testing
1	dn	f	19	red	4	(80, 0)	(40, 69)	(-39, 69)	(-80, 0)	(-40, -69)	(40, -69)	circle	none	same	right	right	N_dist	(-39, 69)	search	nr	True	1502428	1502995	right	60	35	135	110	85	10	None	None	testing
1	dn	f	19	red	4	(80, 0)	(40, 69)	(-39, 69)	(-80, 0)	(-40, -69)	(40, -69)	diamond	red	same	left	left	(-80, 0)	(-39, 69)	search	nr	True	1504147	1504883	left	135	35	10	60	110	160	None	None	testing
1	dn	f	19	red	4	(80, 0)	(40, 69)	(-39, 69)	(-80, 0)	(-40, -69)	(40, -69)	circle	red	same	right	right	(40, -69)	(-80, 0)	search	nr	True	1506168	1506771	right	135	110	60	35	10	85	None	None	testing
1	dn	f	19	red	4	(80, 0)	(40, 69)	(-39, 69)	(-80, 0)	(-40, -69)	(40, -69)	diamond	none	dif	right	right	N_dist	(40, 69)	search	nr	True	1508071	1508659	right	10	110	60	35	135	160	None	None	testing
1	dn	f	19	red	4	(80, 0)	(40, 69)	(-39, 69)	(-80, 0)	(-40, -69)	(40, -69)	circle	red	same	right	right	(40, 69)	(-40, -69)	search	nr	True	1509841	1510483	right	35	110	160	60	135	10	None	None	testing
1	dn	f	19	red	4	(80, 0)	(40, 69)	(-39, 69)	(-80, 0)	(-40, -69)	(40, -69)	circle	none	dif	left	left	N_dist	(40, -69)	probe	h_norm	None	None	None	None	60	35	160	85	135	110	(80, 0)	150	testing
1	dn	f	19	red	4	(80, 0)	(40, 69)	(-39, 69)	(-80, 0)	(-40, -69)	(40, -69)	diamond	red	same	right	right	(-80, 0)	(40, 69)	search	nr	True	1516503	1517043	right	10	160	35	60	110	85	None	None	testing
1	dn	f	19	red	4	(80, 0)	(40, 69)	(-39, 69)	(-80, 0)	(-40, -69)	(40, -69)	diamond	red	same	left	left	(80, 0)	(40, 69)	search	nr	True	1518240	1519074	left	135	10	160	110	60	85	None	None	testing
1	dn	f	19	red	4	(80, 0)	(40, 69)	(-39, 69)	(-80, 0)	(-40, -69)	(40, -69)	diamond	red	same	left	left	(80, 0)	(40, -69)	search	nr	True	1520277	1521060	left	85	35	160	10	135	60	None	None	testing
1	dn	f	19	red	4	(80, 0)	(40, 69)	(-39, 69)	(-80, 0)	(-40, -69)	(40, -69)	diamond	red	dif	right	right	(80, 0)	(-39, 69)	probe	tar	None	None	None	None	85	160	35	60	10	135	(-39, 69)	67	testing
1	dn	f	19	red	4	(80, 0)	(40, 69)	(-39, 69)	(-80, 0)	(-40, -69)	(40, -69)	diamond	red	dif	right	right	(80, 0)	(-40, -69)	probe	tar	None	None	None	None	160	60	10	110	85	135	(-40, -69)	164	testing
1	dn	f	19	red	4	(80, 0)	(40, 69)	(-39, 69)	(-80, 0)	(-40, -69)	(40, -69)	circle	red	same	left	left	(80, 0)	(40, 69)	search	nr	True	1532315	1532915	left	110	160	135	85	35	10	None	None	testing
1	dn	f	19	red	4	(80, 0)	(40, 69)	(-39, 69)	(-80, 0)	(-40, -69)	(40, -69)	diamond	red	same	left	left	(80, 0)	(-40, -69)	search	nr	True	1534086	1534771	left	135	110	160	35	85	10	None	None	testing
1	dn	f	19	red	4	(80, 0)	(40, 69)	(-39, 69)	(-80, 0)	(-40, -69)	(40, -69)	diamond	red	same	left	left	(-40, -69)	(40, 69)	probe	l_sin	None	None	None	None	85	10	35	160	135	60	(-40, -69)	11	testing
1	dn	f	19	red	4	(80, 0)	(40, 69)	(-39, 69)	(-80, 0)	(-40, -69)	(40, -69)	diamond	red	same	left	left	(-40, -69)	(40, 69)	search	nr	True	1540247	1540835	left	85	160	110	35	60	135	None	None	testing
1	dn	f	19	red	4	(80, 0)	(40, 69)	(-39, 69)	(-80, 0)	(-40, -69)	(40, -69)	diamond	red	dif	left	left	(80, 0)	(40, 69)	search	nr	True	1541967	1542563	left	10	160	135	110	60	85	None	None	testing
1	dn	f	19	red	4	(80, 0)	(40, 69)	(-39, 69)	(-80, 0)	(-40, -69)	(40, -69)	diamond	none	same	right	right	N_dist	(-40, -69)	search	nr	True	1543771	1544387	right	35	85	160	135	10	60	None	None	testing
1	dn	f	19	red	4	(80, 0)	(40, 69)	(-39, 69)	(-80, 0)	(-40, -69)	(40, -69)	diamond	red	dif	left	left	(80, 0)	(-40, -69)	probe	norm	None	None	None	None	10	35	60	85	160	135	(40, -69)	22	testing
1	dn	f	19	red	4	(80, 0)	(40, 69)	(-39, 69)	(-80, 0)	(-40, -69)	(40, -69)	diamond	red	same	right	right	(80, 0)	(-39, 69)	search	nr	True	1550466	1550995	right	85	160	110	35	60	135	None	None	testing
1	dn	f	19	red	4	(80, 0)	(40, 69)	(-39, 69)	(-80, 0)	(-40, -69)	(40, -69)	diamond	red	dif	left	left	(40, -69)	(40, 69)	probe	tar	None	None	None	None	135	35	110	10	85	60	(40, 69)	154	testing
1	dn	f	19	red	4	(80, 0)	(40, 69)	(-39, 69)	(-80, 0)	(-40, -69)	(40, -69)	circle	red	same	left	left	(80, 0)	(40, -69)	probe	h_sin	None	None	None	None	160	10	35	110	60	135	(80, 0)	33	testing
1	dn	f	19	red	4	(80, 0)	(40, 69)	(-39, 69)	(-80, 0)	(-40, -69)	(40, -69)	diamond	red	same	left	left	(80, 0)	(-40, -69)	search	nr	True	1560501	1561171	left	160	60	10	135	35	85	None	None	testing
1	dn	f	19	red	4	(80, 0)	(40, 69)	(-39, 69)	(-80, 0)	(-40, -69)	(40, -69)	circle	none	same	left	left	N_dist	(40, 69)	probe	l_norm	None	None	None	None	160	35	60	10	110	85	(-40, -69)	9	testing
1	dn	f	19	red	4	(80, 0)	(40, 69)	(-39, 69)	(-80, 0)	(-40, -69)	(40, -69)	circle	none	same	left	left	N_dist	(40, 69)	search	nr	True	1567264	1567826	left	110	135	60	85	35	160	None	None	testing
1	dn	f	19	red	4	(80, 0)	(40, 69)	(-39, 69)	(-80, 0)	(-40, -69)	(40, -69)	circle	red	dif	right	right	(80, 0)	(-80, 0)	search	nr	True	1568933	1569475	right	35	160	85	110	10	135	None	None	testing
1	dn	f	19	red	4	(80, 0)	(40, 69)	(-39, 69)	(-80, 0)	(-40, -69)	(40, -69)	circle	red	same	left	left	(40, 69)	(-40, -69)	search	nr	True	1570619	1571187	left	10	160	110	135	85	35	None	None	testing
1	dn	f	19	red	4	(80, 0)	(40, 69)	(-39, 69)	(-80, 0)	(-40, -69)	(40, -69)	diamond	none	same	right	right	N_dist	(-39, 69)	probe	h_norm	None	None	None	None	135	160	85	35	110	60	(80, 0)	19	testing
1	dn	f	19	red	4	(80, 0)	(40, 69)	(-39, 69)	(-80, 0)	(-40, -69)	(40, -69)	diamond	red	same	left	left	(80, 0)	(40, -69)	search	nr	True	1577415	1578003	right	35	60	110	10	85	135	None	None	testing
1	dn	f	19	red	4	(80, 0)	(40, 69)	(-39, 69)	(-80, 0)	(-40, -69)	(40, -69)	diamond	red	dif	right	right	(80, 0)	(-40, -69)	probe	tar	None	None	None	None	60	35	160	10	135	110	(-40, -69)	14	testing
1	dn	f	19	red	4	(80, 0)	(40, 69)	(-39, 69)	(-80, 0)	(-40, -69)	(40, -69)	circle	none	same	left	left	N_dist	(-40, -69)	search	nr	True	1585613	1586195	left	135	35	160	110	10	85	None	None	testing
1	dn	f	19	red	4	(80, 0)	(40, 69)	(-39, 69)	(-80, 0)	(-40, -69)	(40, -69)	circle	red	dif	right	right	(40, 69)	(-40, -69)	search	nr	True	1587450	1588019	right	160	135	110	85	35	10	None	None	testing
1	dn	f	19	red	4	(80, 0)	(40, 69)	(-39, 69)	(-80, 0)	(-40, -69)	(40, -69)	circle	none	same	left	left	N_dist	(40, -69)	probe	l_norm	None	None	None	None	85	135	35	10	60	110	(-39, 69)	155	testing
1	dn	f	19	red	4	(80, 0)	(40, 69)	(-39, 69)	(-80, 0)	(-40, -69)	(40, -69)	circle	red	dif	right	right	(40, -69)	(-80, 0)	search	nr	True	1595850	1596402	right	60	160	10	135	110	85	None	None	testing
1	dn	f	19	red	4	(80, 0)	(40, 69)	(-39, 69)	(-80, 0)	(-40, -69)	(40, -69)	circle	red	same	right	right	(80, 0)	(40, 69)	search	nr	True	1597720	1598274	right	60	85	160	110	10	35	None	None	testing
1	dn	f	19	red	4	(80, 0)	(40, 69)	(-39, 69)	(-80, 0)	(-40, -69)	(40, -69)	diamond	red	dif	right	right	(80, 0)	(-80, 0)	search	nr	True	1599473	1600146	right	10	135	85	160	35	110	None	None	testing
1	dn	f	19	red	4	(80, 0)	(40, 69)	(-39, 69)	(-80, 0)	(-40, -69)	(40, -69)	diamond	red	dif	left	left	(80, 0)	(40, 69)	probe	h_sin	None	None	None	None	135	85	35	60	160	110	(80, 0)	19	testing
1	dn	f	19	red	4	(80, 0)	(40, 69)	(-39, 69)	(-80, 0)	(-40, -69)	(40, -69)	diamond	none	same	right	right	N_dist	(80, 0)	probe	h_tar	None	None	None	None	135	85	160	10	60	35	(80, 0)	21	testing
1	dn	f	19	red	4	(80, 0)	(40, 69)	(-39, 69)	(-80, 0)	(-40, -69)	(40, -69)	diamond	none	same	right	right	N_dist	(-40, -69)	search	nr	True	1609725	1610291	right	85	135	60	160	110	10	None	None	testing
1	dn	f	19	red	4	(80, 0)	(40, 69)	(-39, 69)	(-80, 0)	(-40, -69)	(40, -69)	circle	red	same	right	right	(80, 0)	(-39, 69)	search	nr	True	1611361	1612019	right	135	35	160	10	60	85	None	None	testing
1	dn	f	19	red	4	(80, 0)	(40, 69)	(-39, 69)	(-80, 0)	(-40, -69)	(40, -69)	circle	red	same	right	right	(80, 0)	(40, 69)	search	nr	True	1613098	1613618	right	35	85	110	60	160	135	None	None	testing
1	dn	f	19	red	4	(80, 0)	(40, 69)	(-39, 69)	(-80, 0)	(-40, -69)	(40, -69)	diamond	none	dif	right	right	N_dist	(80, 0)	probe	h_tar	None	None	None	None	135	60	35	110	10	160	(80, 0)	19	testing
1	dn	f	19	red	4	(80, 0)	(40, 69)	(-39, 69)	(-80, 0)	(-40, -69)	(40, -69)	diamond	none	same	right	right	N_dist	(-40, -69)	probe	h_norm	None	None	None	None	60	85	135	160	10	35	(80, 0)	158	testing
1	dn	f	19	red	4	(80, 0)	(40, 69)	(-39, 69)	(-80, 0)	(-40, -69)	(40, -69)	diamond	red	dif	right	right	(-80, 0)	(40, 69)	search	nr	True	1622632	1623123	right	10	160	60	110	135	85	None	None	testing
1	dn	f	19	red	4	(80, 0)	(40, 69)	(-39, 69)	(-80, 0)	(-40, -69)	(40, -69)	diamond	red	same	left	left	(-39, 69)	(-40, -69)	probe	norm	None	None	None	None	85	60	135	35	110	160	(-80, 0)	162	testing
1	dn	f	19	red	4	(80, 0)	(40, 69)	(-39, 69)	(-80, 0)	(-40, -69)	(40, -69)	circle	red	dif	right	right	(80, 0)	(40, -69)	probe	h_sin	None	None	None	None	85	10	135	110	60	35	(80, 0)	171	testing
1	dn	f	19	red	4	(80, 0)	(40, 69)	(-39, 69)	(-80, 0)	(-40, -69)	(40, -69)	circle	red	dif	right	right	(80, 0)	(40, -69)	search	nr	True	1634820	1635379	right	35	160	10	135	110	60	None	None	testing
1	dn	f	19	red	4	(80, 0)	(40, 69)	(-39, 69)	(-80, 0)	(-40, -69)	(40, -69)	circle	red	same	left	left	(40, 69)	(-40, -69)	search	nr	True	1636541	1637234	left	35	110	10	85	60	135	None	None	testing
1	dn	f	19	red	4	(80, 0)	(40, 69)	(-39, 69)	(-80, 0)	(-40, -69)	(40, -69)	diamond	red	same	right	right	(80, 0)	(-80, 0)	search	nr	True	1638428	1639187	right	160	110	135	10	85	35	None	None	testing
1	dn	f	19	red	4	(80, 0)	(40, 69)	(-39, 69)	(-80, 0)	(-40, -69)	(40, -69)	circle	red	same	right	right	(-39, 69)	(40, -69)	search	nr	True	1640481	1641106	right	35	110	85	135	160	10	None	None	testing
1	dn	f	19	red	4	(80, 0)	(40, 69)	(-39, 69)	(-80, 0)	(-40, -69)	(40, -69)	diamond	red	dif	left	left	(40, -69)	(-40, -69)	search	nr	True	1642284	1643283	left	110	10	60	35	160	85	None	None	testing
1	dn	f	19	red	4	(80, 0)	(40, 69)	(-39, 69)	(-80, 0)	(-40, -69)	(40, -69)	circle	red	same	left	left	(80, 0)	(40, 69)	search	nr	True	1644405	1645059	left	110	160	135	85	35	10	None	None	testing
1	dn	f	19	red	4	(80, 0)	(40, 69)	(-39, 69)	(-80, 0)	(-40, -69)	(40, -69)	circle	red	dif	left	left	(40, 69)	(40, -69)	search	nr	True	1646208	1646787	left	135	60	85	35	110	160	None	None	testing
1	dn	f	19	red	4	(80, 0)	(40, 69)	(-39, 69)	(-80, 0)	(-40, -69)	(40, -69)	diamond	red	same	right	right	(-39, 69)	(-80, 0)	search	nr	True	1647861	1648499	right	135	35	85	60	110	160	None	None	testing
1	dn	f	19	red	4	(80, 0)	(40, 69)	(-39, 69)	(-80, 0)	(-40, -69)	(40, -69)	diamond	red	same	left	left	(80, 0)	(40, -69)	search	nr	True	1649631	1650530	left	85	160	135	10	35	110	None	None	testing
1	dn	f	19	red	4	(80, 0)	(40, 69)	(-39, 69)	(-80, 0)	(-40, -69)	(40, -69)	circle	red	dif	left	left	(80, 0)	(-80, 0)	search	nr	True	1651752	1652227	left	135	10	60	85	35	110	None	None	testing
1	dn	f	19	red	4	(80, 0)	(40, 69)	(-39, 69)	(-80, 0)	(-40, -69)	(40, -69)	circle	red	dif	right	right	(-80, 0)	(-40, -69)	search	nr	True	1653521	1654179	right	110	135	10	35	85	60	None	None	testing
1	dn	f	19	red	4	(80, 0)	(40, 69)	(-39, 69)	(-80, 0)	(-40, -69)	(40, -69)	circle	red	dif	left	left	(-40, -69)	(-39, 69)	search	nr	True	1655342	1656019	left	135	160	85	35	10	60	None	None	testing
1	dn	f	19	red	4	(80, 0)	(40, 69)	(-39, 69)	(-80, 0)	(-40, -69)	(40, -69)	circle	red	same	left	left	(80, 0)	(-39, 69)	probe	norm	None	None	None	None	35	135	160	10	110	85	(-80, 0)	148	testing
1	dn	f	19	red	4	(80, 0)	(40, 69)	(-39, 69)	(-80, 0)	(-40, -69)	(40, -69)	diamond	red	dif	right	right	(80, 0)	(-40, -69)	search	nr	True	1663123	1663843	right	85	160	110	35	135	10	None	None	testing
1	dn	f	19	red	4	(80, 0)	(40, 69)	(-39, 69)	(-80, 0)	(-40, -69)	(40, -69)	circle	red	dif	left	left	(40, 69)	(40, -69)	probe	l_sin	None	None	None	None	60	160	135	110	35	85	(40, 69)	25	testing
1	dn	f	19	red	4	(80, 0)	(40, 69)	(-39, 69)	(-80, 0)	(-40, -69)	(40, -69)	diamond	red	dif	right	right	(-80, 0)	(40, 69)	search	nr	True	1669167	1669715	right	10	85	110	160	135	60	None	None	testing
1	dn	f	19	red	4	(80, 0)	(40, 69)	(-39, 69)	(-80, 0)	(-40, -69)	(40, -69)	diamond	red	same	left	left	(80, 0)	(-40, -69)	search	nr	True	1670820	1671379	right	135	160	110	85	60	35	None	None	testing
1	dn	f	19	red	4	(80, 0)	(40, 69)	(-39, 69)	(-80, 0)	(-40, -69)	(40, -69)	diamond	red	dif	right	right	(80, 0)	(-39, 69)	search	nr	True	1674010	1674690	right	85	135	10	35	60	110	None	None	testing
1	dn	f	19	red	4	(80, 0)	(40, 69)	(-39, 69)	(-80, 0)	(-40, -69)	(40, -69)	circle	red	same	left	left	(40, 69)	(-39, 69)	search	nr	True	1675963	1676627	left	85	35	135	110	60	160	None	None	testing
1	dn	f	19	red	4	(80, 0)	(40, 69)	(-39, 69)	(-80, 0)	(-40, -69)	(40, -69)	circle	none	same	left	left	N_dist	(40, 69)	search	nr	True	1677866	1678595	left	135	160	35	60	10	110	None	None	testing
1	dn	f	19	red	4	(80, 0)	(40, 69)	(-39, 69)	(-80, 0)	(-40, -69)	(40, -69)	circle	red	same	left	left	(-40, -69)	(40, -69)	search	nr	True	1679687	1680306	left	135	85	10	160	60	35	None	None	testing
1	dn	f	19	red	4	(80, 0)	(40, 69)	(-39, 69)	(-80, 0)	(-40, -69)	(40, -69)	diamond	none	same	left	left	N_dist	(40, 69)	search	nr	True	1681474	1682066	left	10	160	85	110	60	35	None	None	testing
1	dn	f	19	red	4	(80, 0)	(40, 69)	(-39, 69)	(-80, 0)	(-40, -69)	(40, -69)	diamond	red	dif	left	left	(40, -69)	(40, 69)	search	nr	True	1683293	1683875	left	160	35	110	135	60	10	None	None	testing
1	dn	f	19	red	4	(80, 0)	(40, 69)	(-39, 69)	(-80, 0)	(-40, -69)	(40, -69)	circle	none	same	right	right	N_dist	(80, 0)	search	nr	True	1685080	1685827	right	60	10	35	135	85	110	None	None	testing
1	dn	f	19	red	4	(80, 0)	(40, 69)	(-39, 69)	(-80, 0)	(-40, -69)	(40, -69)	diamond	red	same	left	left	(-40, -69)	(40, 69)	search	nr	True	1686983	1687570	left	85	35	160	60	135	110	None	None	testing
1	dn	f	19	red	4	(80, 0)	(40, 69)	(-39, 69)	(-80, 0)	(-40, -69)	(40, -69)	diamond	none	dif	left	left	N_dist	(-80, 0)	probe	l_norm	None	None	None	None	110	10	85	35	160	60	(40, 69)	141	testing
1	dn	f	19	red	4	(80, 0)	(40, 69)	(-39, 69)	(-80, 0)	(-40, -69)	(40, -69)	circle	red	dif	right	right	(40, -69)	(-80, 0)	search	nr	True	1696417	1697011	right	60	135	160	110	85	10	None	None	testing
1	dn	f	19	red	4	(80, 0)	(40, 69)	(-39, 69)	(-80, 0)	(-40, -69)	(40, -69)	diamond	red	dif	left	left	(40, -69)	(-40, -69)	search	nr	True	1698070	1698883	left	35	85	10	60	110	160	None	None	testing
1	dn	f	19	red	4	(80, 0)	(40, 69)	(-39, 69)	(-80, 0)	(-40, -69)	(40, -69)	circle	red	dif	right	right	(80, 0)	(-80, 0)	search	nr	True	1700024	1700643	right	110	60	35	85	135	10	None	None	testing
1	dn	f	19	red	4	(80, 0)	(40, 69)	(-39, 69)	(-80, 0)	(-40, -69)	(40, -69)	diamond	none	dif	right	right	N_dist	(-80, 0)	search	nr	True	1701777	1702563	right	10	35	110	60	135	85	None	None	testing
1	dn	f	19	red	4	(80, 0)	(40, 69)	(-39, 69)	(-80, 0)	(-40, -69)	(40, -69)	diamond	red	dif	left	left	(80, 0)	(-40, -69)	search	nr	True	1703764	1704499	left	85	35	110	160	60	10	None	None	testing
1	dn	f	19	red	4	(80, 0)	(40, 69)	(-39, 69)	(-80, 0)	(-40, -69)	(40, -69)	diamond	red	same	right	right	(80, 0)	(-80, 0)	probe	tar	None	None	None	None	60	135	35	85	160	10	(-80, 0)	177	testing
1	dn	f	19	red	4	(80, 0)	(40, 69)	(-39, 69)	(-80, 0)	(-40, -69)	(40, -69)	diamond	none	dif	right	right	N_dist	(-80, 0)	probe	l_norm	None	None	None	None	35	135	10	60	160	85	(-39, 69)	150	testing
1	dn	f	19	red	4	(80, 0)	(40, 69)	(-39, 69)	(-80, 0)	(-40, -69)	(40, -69)	diamond	red	same	left	left	(-39, 69)	(-40, -69)	search	nr	True	1715687	1716370	left	35	10	85	60	160	110	None	None	testing
1	dn	f	19	red	4	(80, 0)	(40, 69)	(-39, 69)	(-80, 0)	(-40, -69)	(40, -69)	diamond	red	same	left	left	(80, 0)	(40, 69)	probe	norm	None	None	None	None	110	60	35	10	160	135	(-40, -69)	30	testing
1	dn	f	19	red	4	(80, 0)	(40, 69)	(-39, 69)	(-80, 0)	(-40, -69)	(40, -69)	circle	red	dif	left	left	(80, 0)	(-80, 0)	search	nr	True	1724419	1724963	left	85	110	10	160	35	60	None	None	testing
1	dn	f	19	red	4	(80, 0)	(40, 69)	(-39, 69)	(-80, 0)	(-40, -69)	(40, -69)	diamond	red	dif	left	left	(40, -69)	(40, 69)	search	nr	True	1726105	1726658	left	35	110	60	160	85	10	None	None	testing
1	dn	f	19	red	4	(80, 0)	(40, 69)	(-39, 69)	(-80, 0)	(-40, -69)	(40, -69)	diamond	red	dif	right	right	(80, 0)	(-40, -69)	search	nr	True	1727842	1728546	right	160	110	60	35	10	135	None	None	testing
1	dn	f	19	red	4	(80, 0)	(40, 69)	(-39, 69)	(-80, 0)	(-40, -69)	(40, -69)	diamond	red	dif	right	right	(80, 0)	(-39, 69)	search	nr	True	1729762	1730370	right	10	110	60	35	135	85	None	None	testing
1	dn	f	19	red	4	(80, 0)	(40, 69)	(-39, 69)	(-80, 0)	(-40, -69)	(40, -69)	diamond	red	dif	right	right	(80, 0)	(-39, 69)	search	nr	True	1731565	1732131	right	85	110	60	35	135	10	None	None	testing
1	dn	f	19	red	4	(80, 0)	(40, 69)	(-39, 69)	(-80, 0)	(-40, -69)	(40, -69)	circle	red	dif	left	left	(80, 0)	(40, -69)	search	nr	True	1733252	1733811	left	110	35	10	160	85	60	None	None	testing
1	dn	f	19	red	4	(80, 0)	(40, 69)	(-39, 69)	(-80, 0)	(-40, -69)	(40, -69)	diamond	red	same	right	right	(80, 0)	(-39, 69)	probe	h_sin	None	None	None	None	110	35	60	85	160	10	(80, 0)	15	testing
1	dn	f	19	red	4	(80, 0)	(40, 69)	(-39, 69)	(-80, 0)	(-40, -69)	(40, -69)	diamond	none	dif	left	left	N_dist	(-40, -69)	probe	h_norm	None	None	None	None	85	160	135	60	110	10	(80, 0)	13	testing
1	dn	f	19	red	4	(80, 0)	(40, 69)	(-39, 69)	(-80, 0)	(-40, -69)	(40, -69)	circle	none	same	right	right	N_dist	(80, 0)	probe	h_tar	None	None	None	None	35	160	110	10	60	85	(80, 0)	147	testing
1	dn	f	19	red	4	(80, 0)	(40, 69)	(-39, 69)	(-80, 0)	(-40, -69)	(40, -69)	circle	none	same	left	left	N_dist	(40, 69)	search	nr	True	1746659	1747282	left	110	160	60	135	35	85	None	None	testing
1	dn	f	19	red	4	(80, 0)	(40, 69)	(-39, 69)	(-80, 0)	(-40, -69)	(40, -69)	diamond	red	same	right	right	(80, 0)	(-39, 69)	probe	tar	None	None	None	None	10	60	135	35	85	160	(-39, 69)	18	testing
1	dn	f	19	red	4	(80, 0)	(40, 69)	(-39, 69)	(-80, 0)	(-40, -69)	(40, -69)	circle	red	same	right	right	(-40, -69)	(-39, 69)	search	nr	True	1752972	1753555	right	60	160	10	85	135	35	None	None	testing
1	dn	f	19	red	4	(80, 0)	(40, 69)	(-39, 69)	(-80, 0)	(-40, -69)	(40, -69)	diamond	none	same	right	right	N_dist	(-40, -69)	search	nr	True	1754708	1756227	right	135	10	160	35	110	60	None	None	testing
1	dn	f	19	red	4	(80, 0)	(40, 69)	(-39, 69)	(-80, 0)	(-40, -69)	(40, -69)	circle	none	dif	right	right	N_dist	(-39, 69)	search	nr	True	1757329	1758019	right	135	10	160	35	85	60	None	None	testing
1	dn	f	19	red	4	(80, 0)	(40, 69)	(-39, 69)	(-80, 0)	(-40, -69)	(40, -69)	diamond	none	same	left	left	N_dist	(40, -69)	search	nr	True	1759283	1759986	left	110	135	60	35	160	10	None	None	testing
1	dn	f	19	red	4	(80, 0)	(40, 69)	(-39, 69)	(-80, 0)	(-40, -69)	(40, -69)	diamond	red	dif	left	left	(80, 0)	(-39, 69)	search	nr	True	1761170	1761826	left	160	60	110	35	135	10	None	None	testing
1	dn	f	19	red	4	(80, 0)	(40, 69)	(-39, 69)	(-80, 0)	(-40, -69)	(40, -69)	diamond	red	same	right	right	(-39, 69)	(40, 69)	search	nr	True	1763007	1763522	right	60	160	85	110	135	10	None	None	testing
1	dn	f	19	red	4	(80, 0)	(40, 69)	(-39, 69)	(-80, 0)	(-40, -69)	(40, -69)	circle	red	same	right	right	(80, 0)	(-40, -69)	probe	h_sin	None	None	None	None	85	10	110	35	160	135	(80, 0)	168	testing
1	dn	f	19	red	4	(80, 0)	(40, 69)	(-39, 69)	(-80, 0)	(-40, -69)	(40, -69)	circle	none	dif	left	left	N_dist	(40, 69)	probe	l_norm	None	None	None	None	60	160	10	135	85	110	(-39, 69)	143	testing
1	dn	f	19	red	4	(80, 0)	(40, 69)	(-39, 69)	(-80, 0)	(-40, -69)	(40, -69)	diamond	none	dif	left	left	N_dist	(-40, -69)	search	nr	True	1774344	1775282	left	135	110	10	85	60	35	None	None	testing
1	dn	f	19	red	4	(80, 0)	(40, 69)	(-39, 69)	(-80, 0)	(-40, -69)	(40, -69)	circle	red	same	right	right	(80, 0)	(40, 69)	search	nr	True	1776381	1776931	right	85	10	110	35	60	135	None	None	testing
1	dn	f	19	red	4	(80, 0)	(40, 69)	(-39, 69)	(-80, 0)	(-40, -69)	(40, -69)	diamond	none	dif	right	right	N_dist	(-80, 0)	search	nr	True	1778218	1778851	right	60	85	35	110	135	10	None	None	testing
1	dn	f	19	red	4	(80, 0)	(40, 69)	(-39, 69)	(-80, 0)	(-40, -69)	(40, -69)	diamond	none	same	right	right	N_dist	(-39, 69)	search	nr	True	1780104	1780866	right	85	60	10	110	160	135	None	None	testing
1	dn	f	19	red	4	(80, 0)	(40, 69)	(-39, 69)	(-80, 0)	(-40, -69)	(40, -69)	circle	red	same	left	left	(-40, -69)	(-80, 0)	probe	norm	None	None	None	None	110	135	160	85	60	35	(-39, 69)	24	testing
1	dn	f	19	red	4	(80, 0)	(40, 69)	(-39, 69)	(-80, 0)	(-40, -69)	(40, -69)	circle	red	dif	right	right	(-80, 0)	(-40, -69)	search	nr	True	1786266	1787074	right	110	10	35	160	85	135	None	None	testing
1	dn	f	19	red	4	(80, 0)	(40, 69)	(-39, 69)	(-80, 0)	(-40, -69)	(40, -69)	circle	none	same	right	right	N_dist	(80, 0)	search	nr	True	1788353	1788818	right	60	85	135	10	35	110	None	None	testing
1	dn	f	19	red	4	(80, 0)	(40, 69)	(-39, 69)	(-80, 0)	(-40, -69)	(40, -69)	diamond	none	dif	left	left	N_dist	(-39, 69)	search	nr	True	1790123	1790898	left	60	160	35	135	10	85	None	None	testing
1	dn	f	19	red	4	(80, 0)	(40, 69)	(-39, 69)	(-80, 0)	(-40, -69)	(40, -69)	circle	red	same	right	right	(40, 69)	(-40, -69)	probe	l_sin	None	None	None	None	160	35	85	110	60	10	(40, 69)	151	testing
1	dn	f	19	red	4	(80, 0)	(40, 69)	(-39, 69)	(-80, 0)	(-40, -69)	(40, -69)	diamond	red	dif	left	left	(80, 0)	(-40, -69)	search	nr	True	1795550	1796179	left	60	135	160	110	10	35	None	None	testing
1	dn	f	19	red	4	(80, 0)	(40, 69)	(-39, 69)	(-80, 0)	(-40, -69)	(40, -69)	circle	red	same	right	right	(80, 0)	(-40, -69)	search	nr	True	1797286	1797954	right	110	10	160	85	35	60	None	None	testing
1	dn	f	19	red	4	(80, 0)	(40, 69)	(-39, 69)	(-80, 0)	(-40, -69)	(40, -69)	circle	none	dif	left	left	N_dist	(40, -69)	probe	l_norm	None	None	None	None	110	10	160	35	60	135	(40, 69)	153	testing
1	dn	f	19	red	4	(80, 0)	(40, 69)	(-39, 69)	(-80, 0)	(-40, -69)	(40, -69)	diamond	red	same	right	right	(-80, 0)	(40, 69)	search	nr	True	1803197	1803729	right	35	135	160	10	110	85	None	None	testing
1	dn	f	19	red	4	(80, 0)	(40, 69)	(-39, 69)	(-80, 0)	(-40, -69)	(40, -69)	diamond	red	same	right	right	(80, 0)	(40, -69)	search	nr	True	1805000	1805586	right	110	10	60	160	135	35	None	None	testing
1	dn	f	19	red	4	(80, 0)	(40, 69)	(-39, 69)	(-80, 0)	(-40, -69)	(40, -69)	circle	red	same	left	left	(40, 69)	(-39, 69)	search	nr	True	1806670	1807299	left	10	60	85	35	110	160	None	None	testing
1	dn	f	19	red	4	(80, 0)	(40, 69)	(-39, 69)	(-80, 0)	(-40, -69)	(40, -69)	diamond	red	dif	left	left	(80, 0)	(40, -69)	search	nr	True	1808490	1809347	left	160	110	135	60	85	35	None	None	testing
1	dn	f	19	red	4	(80, 0)	(40, 69)	(-39, 69)	(-80, 0)	(-40, -69)	(40, -69)	diamond	red	dif	left	left	(80, 0)	(-40, -69)	search	nr	True	1810427	1811234	left	135	35	60	110	160	85	None	None	testing
1	dn	f	19	red	4	(80, 0)	(40, 69)	(-39, 69)	(-80, 0)	(-40, -69)	(40, -69)	circle	red	same	right	right	(80, 0)	(-80, 0)	search	nr	True	1812514	1813139	right	110	160	85	35	10	135	None	None	testing
1	dn	f	19	red	4	(80, 0)	(40, 69)	(-39, 69)	(-80, 0)	(-40, -69)	(40, -69)	circle	none	dif	left	left	N_dist	(40, -69)	search	nr	True	1814284	1814866	left	60	160	110	10	135	35	None	None	testing
1	dn	f	19	red	4	(80, 0)	(40, 69)	(-39, 69)	(-80, 0)	(-40, -69)	(40, -69)	diamond	red	same	left	left	(80, 0)	(40, 69)	search	nr	True	1816070	1817042	left	60	160	10	35	85	135	None	None	testing
1	dn	f	19	red	4	(80, 0)	(40, 69)	(-39, 69)	(-80, 0)	(-40, -69)	(40, -69)	diamond	red	dif	left	left	(80, 0)	(-40, -69)	probe	tar	None	None	None	None	85	60	35	110	10	135	(-40, -69)	32	testing
1	dn	f	19	red	4	(80, 0)	(40, 69)	(-39, 69)	(-80, 0)	(-40, -69)	(40, -69)	circle	red	same	left	left	(-40, -69)	(-80, 0)	search	nr	True	1825371	1825922	left	10	85	160	60	35	110	None	None	testing
1	dn	f	19	red	4	(80, 0)	(40, 69)	(-39, 69)	(-80, 0)	(-40, -69)	(40, -69)	diamond	none	same	left	left	N_dist	(40, 69)	search	nr	True	1827041	1827649	left	135	10	110	160	60	35	None	None	testing
1	dn	f	19	red	4	(80, 0)	(40, 69)	(-39, 69)	(-80, 0)	(-40, -69)	(40, -69)	circle	none	dif	left	left	N_dist	(-40, -69)	search	nr	True	1828877	1829458	left	135	10	110	35	160	85	None	None	testing
1	dn	f	19	red	4	(80, 0)	(40, 69)	(-39, 69)	(-80, 0)	(-40, -69)	(40, -69)	circle	none	same	left	left	N_dist	(-80, 0)	search	nr	True	1830563	1831138	left	60	110	35	160	10	85	None	None	testing
1	dn	f	19	red	4	(80, 0)	(40, 69)	(-39, 69)	(-80, 0)	(-40, -69)	(40, -69)	circle	red	same	right	right	(80, 0)	(40, 69)	probe	norm	None	None	None	None	85	135	60	160	10	110	(40, -69)	26	testing
1	dn	f	19	red	4	(80, 0)	(40, 69)	(-39, 69)	(-80, 0)	(-40, -69)	(40, -69)	diamond	red	same	left	left	(80, 0)	(40, -69)	search	nr	True	1836208	1836851	left	110	135	10	60	160	85	None	None	testing
1	dn	f	19	red	4	(80, 0)	(40, 69)	(-39, 69)	(-80, 0)	(-40, -69)	(40, -69)	circle	red	same	right	right	(80, 0)	(-80, 0)	probe	norm	None	None	None	None	10	160	60	110	85	135	(-39, 69)	156	testing
1	dn	f	19	red	4	(80, 0)	(40, 69)	(-39, 69)	(-80, 0)	(-40, -69)	(40, -69)	diamond	red	same	right	right	(80, 0)	(40, -69)	probe	tar	None	None	None	None	110	35	160	60	85	135	(40, -69)	20	testing
1	dn	f	19	red	4	(80, 0)	(40, 69)	(-39, 69)	(-80, 0)	(-40, -69)	(40, -69)	diamond	none	dif	right	right	N_dist	(40, 69)	probe	h_norm	None	None	None	None	10	35	60	110	85	135	(80, 0)	130	testing
1	dn	f	19	red	4	(80, 0)	(40, 69)	(-39, 69)	(-80, 0)	(-40, -69)	(40, -69)	circle	red	same	left	left	(80, 0)	(-40, -69)	probe	tar	None	None	None	None	60	135	85	160	10	35	(-40, -69)	157	testing
1	dn	f	19	red	4	(80, 0)	(40, 69)	(-39, 69)	(-80, 0)	(-40, -69)	(40, -69)	diamond	red	same	left	left	(80, 0)	(-40, -69)	search	nr	True	1859200	1860034	left	10	60	135	85	110	35	None	None	testing
1	dn	f	19	red	4	(80, 0)	(40, 69)	(-39, 69)	(-80, 0)	(-40, -69)	(40, -69)	circle	red	same	right	right	(80, 0)	(-80, 0)	probe	tar	None	None	None	None	135	110	85	60	160	10	(-80, 0)	169	testing
1	dn	f	19	red	4	(80, 0)	(40, 69)	(-39, 69)	(-80, 0)	(-40, -69)	(40, -69)	diamond	red	same	left	left	(80, 0)	(40, -69)	probe	h_sin	None	None	None	None	10	135	35	110	60	85	(80, 0)	140	testing
1	dn	f	19	red	4	(80, 0)	(40, 69)	(-39, 69)	(-80, 0)	(-40, -69)	(40, -69)	circle	red	same	right	right	(80, 0)	(-39, 69)	probe	h_sin	None	None	None	None	85	10	35	110	60	160	(80, 0)	171	testing
1	dn	f	19	red	4	(80, 0)	(40, 69)	(-39, 69)	(-80, 0)	(-40, -69)	(40, -69)	diamond	red	same	right	right	(80, 0)	(-80, 0)	search	nr	True	1874695	1875298	right	110	60	160	10	85	35	None	None	testing
1	dn	f	19	red	4	(80, 0)	(40, 69)	(-39, 69)	(-80, 0)	(-40, -69)	(40, -69)	diamond	none	dif	right	right	N_dist	(-80, 0)	search	nr	True	1876364	1876979	right	10	60	135	35	160	110	None	None	testing
1	dn	f	19	red	4	(80, 0)	(40, 69)	(-39, 69)	(-80, 0)	(-40, -69)	(40, -69)	diamond	red	same	left	left	(80, 0)	(-80, 0)	search	nr	True	1878085	1878722	left	110	160	135	60	85	35	None	None	testing
1	dn	f	19	red	4	(80, 0)	(40, 69)	(-39, 69)	(-80, 0)	(-40, -69)	(40, -69)	circle	red	dif	left	left	(80, 0)	(-40, -69)	search	nr	True	1879938	1880563	left	160	10	60	110	85	135	None	None	testing
1	dn	f	19	red	4	(80, 0)	(40, 69)	(-39, 69)	(-80, 0)	(-40, -69)	(40, -69)	circle	none	dif	right	right	N_dist	(80, 0)	search	nr	True	1881641	1882274	right	110	135	85	60	10	35	None	None	testing
1	dn	f	19	red	4	(80, 0)	(40, 69)	(-39, 69)	(-80, 0)	(-40, -69)	(40, -69)	circle	none	same	right	right	N_dist	(-39, 69)	probe	h_norm	None	None	None	None	135	85	110	35	10	60	(80, 0)	19	testing
1	dn	f	19	red	4	(80, 0)	(40, 69)	(-39, 69)	(-80, 0)	(-40, -69)	(40, -69)	diamond	red	same	left	left	(80, 0)	(-40, -69)	probe	norm	None	None	None	None	160	110	60	85	10	35	(40, -69)	155	testing
1	dn	f	19	red	4	(80, 0)	(40, 69)	(-39, 69)	(-80, 0)	(-40, -69)	(40, -69)	circle	red	dif	left	left	(-40, -69)	(-39, 69)	search	nr	True	1891877	1892866	left	85	160	35	10	135	110	None	None	testing
1	dn	f	19	red	4	(80, 0)	(40, 69)	(-39, 69)	(-80, 0)	(-40, -69)	(40, -69)	circle	red	same	left	left	(80, 0)	(40, -69)	search	nr	True	1893997	1894546	left	85	10	160	60	135	35	None	None	testing
1	dn	f	19	red	4	(80, 0)	(40, 69)	(-39, 69)	(-80, 0)	(-40, -69)	(40, -69)	circle	none	same	right	right	N_dist	(80, 0)	search	nr	True	1895817	1896290	right	10	35	60	85	160	135	None	None	testing
1	dn	f	19	red	4	(80, 0)	(40, 69)	(-39, 69)	(-80, 0)	(-40, -69)	(40, -69)	diamond	red	dif	right	right	(80, 0)	(40, 69)	search	nr	True	1897403	1898354	right	160	60	110	35	10	85	None	None	testing
1	dn	f	19	red	4	(80, 0)	(40, 69)	(-39, 69)	(-80, 0)	(-40, -69)	(40, -69)	diamond	red	same	right	right	(-80, 0)	(40, 69)	probe	l_sin	None	None	None	None	60	85	135	160	10	110	(-80, 0)	4	testing
1	dn	f	19	red	4	(80, 0)	(40, 69)	(-39, 69)	(-80, 0)	(-40, -69)	(40, -69)	circle	none	same	right	right	N_dist	(80, 0)	probe	h_tar	None	None	None	None	60	10	110	135	160	85	(80, 0)	161	testing
1	dn	f	19	red	4	(80, 0)	(40, 69)	(-39, 69)	(-80, 0)	(-40, -69)	(40, -69)	diamond	none	dif	right	right	N_dist	(80, 0)	search	nr	True	1907205	1907826	right	135	160	35	110	85	60	None	None	testing
1	dn	f	19	red	4	(80, 0)	(40, 69)	(-39, 69)	(-80, 0)	(-40, -69)	(40, -69)	circle	none	dif	left	left	N_dist	(40, -69)	search	nr	True	1909092	1909842	right	10	135	160	35	85	60	None	None	testing
1	dn	f	19	red	4	(80, 0)	(40, 69)	(-39, 69)	(-80, 0)	(-40, -69)	(40, -69)	diamond	red	same	left	left	(80, 0)	(-40, -69)	probe	norm	None	None	None	None	10	60	110	135	35	85	(40, -69)	177	testing
1	dn	f	19	red	4	(80, 0)	(40, 69)	(-39, 69)	(-80, 0)	(-40, -69)	(40, -69)	diamond	red	dif	left	left	(-39, 69)	(-80, 0)	search	nr	True	1919979	1921538	left	85	60	160	10	110	35	None	None	testing
1	dn	f	19	red	4	(80, 0)	(40, 69)	(-39, 69)	(-80, 0)	(-40, -69)	(40, -69)	circle	none	dif	left	left	N_dist	(-40, -69)	search	nr	True	1922684	1924082	left	85	135	110	60	160	35	None	None	testing
1	dn	f	19	red	4	(80, 0)	(40, 69)	(-39, 69)	(-80, 0)	(-40, -69)	(40, -69)	circle	red	dif	right	right	(80, 0)	(40, 69)	search	nr	True	1925221	1925938	right	85	110	35	160	10	60	None	None	testing
1	dn	f	19	red	4	(80, 0)	(40, 69)	(-39, 69)	(-80, 0)	(-40, -69)	(40, -69)	circle	red	dif	left	left	(80, 0)	(-80, 0)	search	nr	True	1927058	1927682	left	85	10	135	110	160	60	None	None	testing
1	dn	f	19	red	4	(80, 0)	(40, 69)	(-39, 69)	(-80, 0)	(-40, -69)	(40, -69)	diamond	red	dif	left	left	(-39, 69)	(-80, 0)	probe	l_sin	None	None	None	None	60	10	85	135	160	35	(-39, 69)	169	testing
1	dn	f	19	red	4	(80, 0)	(40, 69)	(-39, 69)	(-80, 0)	(-40, -69)	(40, -69)	circle	red	same	left	left	(-80, 0)	(40, 69)	search	nr	True	1933453	1934066	left	60	35	10	135	110	85	None	None	testing
1	dn	f	19	red	4	(80, 0)	(40, 69)	(-39, 69)	(-80, 0)	(-40, -69)	(40, -69)	diamond	red	dif	left	left	(80, 0)	(40, 69)	search	nr	True	1935239	1935922	left	110	160	60	135	85	10	None	None	testing
1	dn	f	19	red	4	(80, 0)	(40, 69)	(-39, 69)	(-80, 0)	(-40, -69)	(40, -69)	circle	red	dif	right	right	(80, 0)	(-39, 69)	search	nr	True	1937093	1937666	right	60	85	160	135	35	10	None	None	testing
1	dn	f	19	red	4	(80, 0)	(40, 69)	(-39, 69)	(-80, 0)	(-40, -69)	(40, -69)	diamond	none	dif	left	left	N_dist	(-39, 69)	search	nr	True	1938880	1939682	left	110	135	160	35	85	60	None	None	testing
1	dn	f	19	red	4	(80, 0)	(40, 69)	(-39, 69)	(-80, 0)	(-40, -69)	(40, -69)	circle	red	dif	right	right	(40, 69)	(-40, -69)	probe	tar	None	None	None	None	60	85	160	135	110	35	(-40, -69)	6	testing
1	dn	f	19	red	4	(80, 0)	(40, 69)	(-39, 69)	(-80, 0)	(-40, -69)	(40, -69)	diamond	red	dif	left	left	(80, 0)	(-40, -69)	search	nr	True	1944957	1945650	left	135	35	10	85	60	110	None	None	testing
1	dn	f	19	red	4	(80, 0)	(40, 69)	(-39, 69)	(-80, 0)	(-40, -69)	(40, -69)	diamond	none	dif	left	left	N_dist	(-39, 69)	probe	l_tar	None	None	None	None	110	60	10	135	35	85	(-39, 69)	59	testing
1	dn	f	19	red	4	(80, 0)	(40, 69)	(-39, 69)	(-80, 0)	(-40, -69)	(40, -69)	diamond	red	same	left	left	(80, 0)	(-80, 0)	probe	h_sin	None	None	None	None	85	35	10	160	110	135	(80, 0)	12	testing
1	dn	f	19	red	4	(80, 0)	(40, 69)	(-39, 69)	(-80, 0)	(-40, -69)	(40, -69)	circle	red	same	right	right	(80, 0)	(-80, 0)	search	nr	True	1956528	1957074	right	60	10	110	85	35	135	None	None	testing
1	dn	f	19	red	4	(80, 0)	(40, 69)	(-39, 69)	(-80, 0)	(-40, -69)	(40, -69)	circle	red	dif	right	right	(40, 69)	(-40, -69)	probe	tar	None	None	None	None	160	85	110	60	10	35	(-40, -69)	172	testing
1	dn	f	19	red	4	(80, 0)	(40, 69)	(-39, 69)	(-80, 0)	(-40, -69)	(40, -69)	diamond	none	dif	left	left	N_dist	(-39, 69)	search	nr	True	1962423	1963090	left	110	160	60	135	35	10	None	None	testing
1	dn	f	19	red	4	(80, 0)	(40, 69)	(-39, 69)	(-80, 0)	(-40, -69)	(40, -69)	circle	none	same	right	right	N_dist	(80, 0)	probe	h_tar	None	None	None	None	135	110	10	85	160	60	(80, 0)	19	testing
1	dn	f	19	red	4	(80, 0)	(40, 69)	(-39, 69)	(-80, 0)	(-40, -69)	(40, -69)	diamond	red	dif	right	right	(80, 0)	(-80, 0)	search	nr	True	1967782	1968338	right	35	85	60	110	10	135	None	None	testing
1	dn	f	19	red	4	(80, 0)	(40, 69)	(-39, 69)	(-80, 0)	(-40, -69)	(40, -69)	diamond	red	dif	right	right	(-80, 0)	(-40, -69)	search	nr	True	1969503	1970322	right	160	110	10	35	60	85	None	None	testing
1	dn	f	19	red	4	(80, 0)	(40, 69)	(-39, 69)	(-80, 0)	(-40, -69)	(40, -69)	diamond	red	dif	right	right	(-80, 0)	(40, 69)	probe	l_sin	None	None	None	None	135	60	10	160	110	35	(-80, 0)	6	testing
1	dn	f	19	red	4	(80, 0)	(40, 69)	(-39, 69)	(-80, 0)	(-40, -69)	(40, -69)	circle	red	dif	right	right	(40, -69)	(-80, 0)	search	nr	True	1975297	1975810	right	135	85	110	10	35	160	None	None	testing
1	dn	f	19	red	4	(80, 0)	(40, 69)	(-39, 69)	(-80, 0)	(-40, -69)	(40, -69)	circle	none	same	left	left	N_dist	(-80, 0)	probe	l_tar	None	None	None	None	35	110	85	60	10	135	(-80, 0)	170	testing
1	dn	f	19	red	4	(80, 0)	(40, 69)	(-39, 69)	(-80, 0)	(-40, -69)	(40, -69)	circle	none	dif	right	right	N_dist	(40, -69)	search	nr	True	1981391	1982065	right	85	135	160	60	110	35	None	None	testing
1	dn	f	19	red	4	(80, 0)	(40, 69)	(-39, 69)	(-80, 0)	(-40, -69)	(40, -69)	circle	none	same	left	left	N_dist	(-40, -69)	probe	h_norm	None	None	None	None	135	85	10	60	160	110	(80, 0)	21	testing
1	dn	f	19	red	4	(80, 0)	(40, 69)	(-39, 69)	(-80, 0)	(-40, -69)	(40, -69)	circle	none	dif	left	left	N_dist	(40, -69)	search	nr	True	1986968	1987554	left	35	60	110	85	135	160	None	None	testing
1	dn	f	19	red	4	(80, 0)	(40, 69)	(-39, 69)	(-80, 0)	(-40, -69)	(40, -69)	circle	red	same	left	left	(40, 69)	(-39, 69)	probe	norm	None	None	None	None	160	10	135	60	85	35	(40, -69)	161	testing
1	dn	f	19	red	4	(80, 0)	(40, 69)	(-39, 69)	(-80, 0)	(-40, -69)	(40, -69)	circle	none	dif	right	right	N_dist	(-39, 69)	search	nr	True	1992512	1993105	right	160	135	35	85	10	110	None	None	testing
1	dn	f	19	red	4	(80, 0)	(40, 69)	(-39, 69)	(-80, 0)	(-40, -69)	(40, -69)	diamond	red	same	left	left	(80, 0)	(40, -69)	search	nr	True	1994398	1995202	left	160	60	85	110	135	35	None	None	testing
1	dn	f	19	red	4	(80, 0)	(40, 69)	(-39, 69)	(-80, 0)	(-40, -69)	(40, -69)	diamond	red	dif	left	left	(80, 0)	(-40, -69)	search	nr	True	1996419	1997426	left	135	10	60	85	160	110	None	None	testing
1	dn	f	19	red	4	(80, 0)	(40, 69)	(-39, 69)	(-80, 0)	(-40, -69)	(40, -69)	circle	red	same	left	left	(-40, -69)	(40, -69)	search	nr	True	1998556	1999138	left	160	10	85	60	35	135	None	None	testing
1	dn	f	19	red	4	(80, 0)	(40, 69)	(-39, 69)	(-80, 0)	(-40, -69)	(40, -69)	circle	none	same	right	right	N_dist	(80, 0)	search	nr	True	2000359	2000945	right	160	135	110	85	35	10	None	None	testing
1	dn	f	19	red	4	(80, 0)	(40, 69)	(-39, 69)	(-80, 0)	(-40, -69)	(40, -69)	diamond	red	dif	left	left	(80, 0)	(40, -69)	probe	h_sin	None	None	None	None	85	60	110	135	160	35	(80, 0)	174	testing
1	dn	f	19	red	4	(80, 0)	(40, 69)	(-39, 69)	(-80, 0)	(-40, -69)	(40, -69)	diamond	none	same	left	left	N_dist	(-40, -69)	search	nr	True	2006671	2007330	left	85	110	60	35	10	160	None	None	testing
1	dn	f	19	red	4	(80, 0)	(40, 69)	(-39, 69)	(-80, 0)	(-40, -69)	(40, -69)	circle	red	dif	left	left	(80, 0)	(-80, 0)	search	nr	True	2008457	2009025	left	35	85	110	60	10	160	None	None	testing
1	dn	f	19	red	4	(80, 0)	(40, 69)	(-39, 69)	(-80, 0)	(-40, -69)	(40, -69)	diamond	red	dif	left	left	(80, 0)	(-39, 69)	probe	tar	None	None	None	None	10	110	135	60	85	35	(-39, 69)	24	testing
1	dn	f	19	red	4	(80, 0)	(40, 69)	(-39, 69)	(-80, 0)	(-40, -69)	(40, -69)	diamond	red	dif	left	left	(40, -69)	(-40, -69)	probe	norm	None	None	None	None	10	35	135	85	110	160	(40, 69)	153	testing
1	dn	f	19	red	4	(80, 0)	(40, 69)	(-39, 69)	(-80, 0)	(-40, -69)	(40, -69)	circle	red	same	right	right	(-40, -69)	(-39, 69)	search	nr	True	2019745	2020386	right	110	10	60	160	35	135	None	None	testing
1	dn	f	19	red	4	(80, 0)	(40, 69)	(-39, 69)	(-80, 0)	(-40, -69)	(40, -69)	diamond	none	dif	left	left	N_dist	(-80, 0)	search	nr	True	2021648	2022226	left	110	135	85	35	10	60	None	None	testing
1	dn	f	19	red	4	(80, 0)	(40, 69)	(-39, 69)	(-80, 0)	(-40, -69)	(40, -69)	diamond	red	same	right	right	(-39, 69)	(40, 69)	search	nr	True	2023451	2024002	right	160	60	10	135	110	35	None	None	testing
1	dn	f	19	red	4	(80, 0)	(40, 69)	(-39, 69)	(-80, 0)	(-40, -69)	(40, -69)	diamond	red	same	right	right	(80, 0)	(-39, 69)	search	nr	True	2025138	2025729	right	10	110	85	160	35	135	None	None	testing
1	dn	f	19	red	4	(80, 0)	(40, 69)	(-39, 69)	(-80, 0)	(-40, -69)	(40, -69)	circle	red	same	left	left	(80, 0)	(40, 69)	search	nr	True	2026858	2027666	left	135	160	60	85	35	10	None	None	testing
1	dn	f	19	red	4	(80, 0)	(40, 69)	(-39, 69)	(-80, 0)	(-40, -69)	(40, -69)	circle	none	dif	right	right	N_dist	(40, 69)	search	nr	True	2028795	2029281	right	10	160	85	135	110	35	None	None	testing
1	dn	f	19	red	4	(80, 0)	(40, 69)	(-39, 69)	(-80, 0)	(-40, -69)	(40, -69)	circle	red	dif	left	left	(80, 0)	(40, 69)	probe	norm	None	None	None	None	85	110	35	60	160	135	(40, -69)	25	testing
1	dn	f	19	red	4	(80, 0)	(40, 69)	(-39, 69)	(-80, 0)	(-40, -69)	(40, -69)	circle	none	dif	right	right	N_dist	(80, 0)	probe	h_tar	None	None	None	None	35	135	85	60	110	160	(80, 0)	154	testing
1	dn	f	19	red	4	(80, 0)	(40, 69)	(-39, 69)	(-80, 0)	(-40, -69)	(40, -69)	circle	red	dif	left	left	(80, 0)	(40, -69)	probe	tar	None	None	None	None	135	35	160	85	110	60	(40, -69)	166	testing
1	dn	f	19	red	4	(80, 0)	(40, 69)	(-39, 69)	(-80, 0)	(-40, -69)	(40, -69)	diamond	red	dif	left	left	(80, 0)	(40, -69)	search	nr	True	2042820	2043746	left	35	135	60	85	10	110	None	None	testing
1	dn	f	19	red	4	(80, 0)	(40, 69)	(-39, 69)	(-80, 0)	(-40, -69)	(40, -69)	diamond	red	dif	right	right	(80, 0)	(-40, -69)	search	nr	True	2044941	2045746	right	110	60	135	160	10	85	None	None	testing
1	dn	f	19	red	4	(80, 0)	(40, 69)	(-39, 69)	(-80, 0)	(-40, -69)	(40, -69)	diamond	red	dif	left	left	(80, 0)	(-40, -69)	probe	tar	None	None	None	None	110	135	10	160	60	85	(-40, -69)	167	testing
1	dn	f	19	red	4	(80, 0)	(40, 69)	(-39, 69)	(-80, 0)	(-40, -69)	(40, -69)	circle	red	same	left	left	(-40, -69)	(40, -69)	probe	l_sin	None	None	None	None	35	60	110	85	10	160	(-40, -69)	172	testing
1	dn	f	19	red	4	(80, 0)	(40, 69)	(-39, 69)	(-80, 0)	(-40, -69)	(40, -69)	circle	none	dif	left	left	N_dist	(40, -69)	search	nr	True	2055427	2056002	left	135	85	160	60	110	10	None	None	testing
1	dn	f	19	red	4	(80, 0)	(40, 69)	(-39, 69)	(-80, 0)	(-40, -69)	(40, -69)	diamond	red	dif	right	right	(80, 0)	(-40, -69)	search	nr	True	2057113	2057777	right	85	135	60	35	160	10	None	None	testing
1	dn	f	19	red	4	(80, 0)	(40, 69)	(-39, 69)	(-80, 0)	(-40, -69)	(40, -69)	diamond	red	dif	right	right	(80, 0)	(40, 69)	search	nr	True	2059034	2059810	right	60	135	35	160	85	10	None	None	testing
1	dn	f	19	red	4	(80, 0)	(40, 69)	(-39, 69)	(-80, 0)	(-40, -69)	(40, -69)	diamond	red	dif	right	right	(80, 0)	(-39, 69)	search	nr	True	2061088	2061682	right	160	60	10	35	85	135	None	None	testing
1	dn	f	19	red	4	(80, 0)	(40, 69)	(-39, 69)	(-80, 0)	(-40, -69)	(40, -69)	diamond	red	same	left	left	(80, 0)	(40, -69)	probe	h_sin	None	None	None	None	35	10	135	85	160	110	(80, 0)	146	testing
1	dn	f	19	red	4	(80, 0)	(40, 69)	(-39, 69)	(-80, 0)	(-40, -69)	(40, -69)	diamond	red	same	right	right	(-39, 69)	(-80, 0)	probe	l_sin	None	None	None	None	135	160	110	85	35	60	(-39, 69)	27	testing
1	dn	f	19	red	4	(80, 0)	(40, 69)	(-39, 69)	(-80, 0)	(-40, -69)	(40, -69)	diamond	red	dif	right	right	(80, 0)	(40, 69)	probe	h_sin	None	None	None	None	160	135	85	35	110	10	(80, 0)	35	testing
1	dn	f	19	red	4	(80, 0)	(40, 69)	(-39, 69)	(-80, 0)	(-40, -69)	(40, -69)	diamond	red	same	right	right	(80, 0)	(-39, 69)	search	nr	True	2077117	2077682	right	35	60	135	160	110	85	None	None	testing
1	dn	f	19	red	4	(80, 0)	(40, 69)	(-39, 69)	(-80, 0)	(-40, -69)	(40, -69)	diamond	red	same	left	left	(80, 0)	(-80, 0)	search	nr	True	2078937	2079569	left	135	110	35	85	160	10	None	None	testing
1	dn	f	19	red	4	(80, 0)	(40, 69)	(-39, 69)	(-80, 0)	(-40, -69)	(40, -69)	diamond	red	dif	left	left	(40, -69)	(40, 69)	probe	l_sin	None	None	None	None	110	85	35	10	135	160	(40, -69)	26	testing
1	dn	f	19	red	4	(80, 0)	(40, 69)	(-39, 69)	(-80, 0)	(-40, -69)	(40, -69)	circle	red	dif	right	right	(80, 0)	(40, 69)	probe	norm	None	None	None	None	85	110	160	135	60	10	(-40, -69)	165	testing
1	dn	f	19	red	4	(80, 0)	(40, 69)	(-39, 69)	(-80, 0)	(-40, -69)	(40, -69)	diamond	red	same	left	left	(-39, 69)	(-40, -69)	search	nr	True	2089590	2090370	left	110	60	160	10	35	85	None	None	testing
1	dn	f	19	red	4	(80, 0)	(40, 69)	(-39, 69)	(-80, 0)	(-40, -69)	(40, -69)	circle	none	dif	left	left	N_dist	(-80, 0)	search	nr	True	2091427	2092050	left	10	85	35	160	60	110	None	None	testing
1	dn	f	19	red	4	(80, 0)	(40, 69)	(-39, 69)	(-80, 0)	(-40, -69)	(40, -69)	diamond	red	same	right	right	(-39, 69)	(40, 69)	probe	l_sin	None	None	None	None	10	35	160	135	85	60	(-39, 69)	33	testing
1	dn	f	19	red	4	(80, 0)	(40, 69)	(-39, 69)	(-80, 0)	(-40, -69)	(40, -69)	circle	none	dif	right	right	N_dist	(-39, 69)	probe	l_norm	None	None	None	None	60	85	160	10	110	35	(40, -69)	154	testing
1	dn	f	19	red	4	(80, 0)	(40, 69)	(-39, 69)	(-80, 0)	(-40, -69)	(40, -69)	diamond	none	dif	left	left	N_dist	(-40, -69)	search	nr	True	2103683	2104321	left	135	10	160	60	35	110	None	None	testing
1	dn	f	19	red	4	(80, 0)	(40, 69)	(-39, 69)	(-80, 0)	(-40, -69)	(40, -69)	circle	none	same	left	left	N_dist	(40, -69)	search	nr	True	2105485	2106065	left	110	35	85	10	60	160	None	None	testing
1	dn	f	19	red	4	(80, 0)	(40, 69)	(-39, 69)	(-80, 0)	(-40, -69)	(40, -69)	diamond	none	same	left	left	N_dist	(-80, 0)	search	nr	True	2107223	2107825	left	85	160	10	35	110	135	None	None	testing
1	dn	f	19	red	4	(80, 0)	(40, 69)	(-39, 69)	(-80, 0)	(-40, -69)	(40, -69)	circle	red	same	left	left	(-80, 0)	(40, 69)	search	nr	True	2109009	2109794	left	85	60	35	110	135	10	None	None	testing
1	dn	f	19	red	4	(80, 0)	(40, 69)	(-39, 69)	(-80, 0)	(-40, -69)	(40, -69)	diamond	none	same	left	left	N_dist	(-40, -69)	search	nr	True	2110896	2111585	left	10	160	135	110	60	35	None	None	testing
1	dn	f	19	red	4	(80, 0)	(40, 69)	(-39, 69)	(-80, 0)	(-40, -69)	(40, -69)	circle	red	dif	left	left	(80, 0)	(-40, -69)	probe	h_sin	None	None	None	None	10	135	85	160	110	60	(80, 0)	50	testing
1	dn	f	19	red	4	(80, 0)	(40, 69)	(-39, 69)	(-80, 0)	(-40, -69)	(40, -69)	diamond	red	same	right	right	(80, 0)	(-39, 69)	probe	norm	None	None	None	None	110	160	85	135	35	60	(40, -69)	159	testing
1	dn	f	19	red	4	(80, 0)	(40, 69)	(-39, 69)	(-80, 0)	(-40, -69)	(40, -69)	circle	red	dif	right	right	(-80, 0)	(-40, -69)	probe	norm	None	None	None	None	85	110	10	135	60	160	(40, -69)	20	testing
1	dn	f	19	red	4	(80, 0)	(40, 69)	(-39, 69)	(-80, 0)	(-40, -69)	(40, -69)	diamond	red	same	right	right	(-40, -69)	(-80, 0)	search	nr	True	2126007	2126609	right	60	35	10	110	135	160	None	None	testing
1	dn	f	19	red	4	(80, 0)	(40, 69)	(-39, 69)	(-80, 0)	(-40, -69)	(40, -69)	circle	none	same	left	left	N_dist	(40, 69)	search	nr	True	2127910	2128498	left	135	160	35	85	60	110	None	None	testing
1	dn	f	19	red	4	(80, 0)	(40, 69)	(-39, 69)	(-80, 0)	(-40, -69)	(40, -69)	diamond	red	dif	right	right	(80, 0)	(-39, 69)	probe	h_sin	None	None	None	None	110	35	160	135	85	60	(80, 0)	17	testing
1	dn	f	19	red	4	(80, 0)	(40, 69)	(-39, 69)	(-80, 0)	(-40, -69)	(40, -69)	diamond	red	dif	right	right	(80, 0)	(40, 69)	search	nr	True	2133487	2134082	right	110	135	85	60	160	10	None	None	testing
1	dn	f	19	red	4	(80, 0)	(40, 69)	(-39, 69)	(-80, 0)	(-40, -69)	(40, -69)	diamond	none	same	left	left	N_dist	(40, 69)	probe	l_tar	None	None	None	None	160	35	10	110	60	135	(40, 69)	147	testing
1	dn	f	19	red	4	(80, 0)	(40, 69)	(-39, 69)	(-80, 0)	(-40, -69)	(40, -69)	circle	none	dif	right	right	N_dist	(-39, 69)	probe	l_tar	None	None	None	None	35	160	85	10	135	60	(-39, 69)	174	testing
1	dn	f	19	red	4	(80, 0)	(40, 69)	(-39, 69)	(-80, 0)	(-40, -69)	(40, -69)	diamond	red	same	left	left	(80, 0)	(40, -69)	search	nr	True	2144224	2144993	left	110	135	60	10	85	35	None	None	testing
1	dn	f	19	red	4	(80, 0)	(40, 69)	(-39, 69)	(-80, 0)	(-40, -69)	(40, -69)	diamond	none	same	right	right	N_dist	(40, 69)	probe	h_norm	None	None	None	None	160	135	110	35	60	10	(80, 0)	32	testing
1	dn	f	19	red	4	(80, 0)	(40, 69)	(-39, 69)	(-80, 0)	(-40, -69)	(40, -69)	diamond	red	dif	right	right	(-80, 0)	(-40, -69)	probe	l_sin	None	None	None	None	10	135	110	60	85	160	(-80, 0)	168	testing
1	dn	f	19	red	4	(80, 0)	(40, 69)	(-39, 69)	(-80, 0)	(-40, -69)	(40, -69)	circle	none	dif	right	right	N_dist	(40, 69)	probe	l_tar	None	None	None	None	10	35	135	110	85	60	(40, 69)	153	testing
1	dn	f	19	red	4	(80, 0)	(40, 69)	(-39, 69)	(-80, 0)	(-40, -69)	(40, -69)	circle	none	same	left	left	N_dist	(-80, 0)	search	nr	True	2157782	2158434	left	110	85	10	160	60	35	None	None	testing
1	dn	f	19	red	4	(80, 0)	(40, 69)	(-39, 69)	(-80, 0)	(-40, -69)	(40, -69)	circle	red	same	right	right	(40, 69)	(-40, -69)	search	nr	True	2159519	2160161	right	10	135	110	60	85	35	None	None	testing
1	dn	f	19	red	4	(80, 0)	(40, 69)	(-39, 69)	(-80, 0)	(-40, -69)	(40, -69)	circle	none	same	right	right	N_dist	(80, 0)	search	nr	True	2161339	2161905	right	60	110	35	160	10	85	None	None	testing
1	dn	f	19	red	4	(80, 0)	(40, 69)	(-39, 69)	(-80, 0)	(-40, -69)	(40, -69)	diamond	none	same	right	right	N_dist	(80, 0)	search	nr	True	2163125	2163825	right	60	160	135	10	35	110	None	None	testing
1	dn	f	19	red	4	(80, 0)	(40, 69)	(-39, 69)	(-80, 0)	(-40, -69)	(40, -69)	diamond	red	dif	left	left	(40, -69)	(40, 69)	search	nr	True	2164979	2165569	left	135	10	160	110	85	35	None	None	testing
1	dn	f	19	red	4	(80, 0)	(40, 69)	(-39, 69)	(-80, 0)	(-40, -69)	(40, -69)	circle	red	same	right	right	(-39, 69)	(40, -69)	probe	norm	None	None	None	None	35	135	110	85	10	160	(-40, -69)	169	testing
1	dn	f	19	red	4	(80, 0)	(40, 69)	(-39, 69)	(-80, 0)	(-40, -69)	(40, -69)	diamond	none	same	left	left	N_dist	(-40, -69)	probe	l_tar	None	None	None	None	160	35	135	60	10	110	(-40, -69)	145	testing
1	dn	f	19	red	4	(80, 0)	(40, 69)	(-39, 69)	(-80, 0)	(-40, -69)	(40, -69)	circle	none	same	left	left	N_dist	(40, -69)	search	nr	True	2176917	2177409	left	135	10	85	110	160	60	None	None	testing
1	dn	f	19	red	4	(80, 0)	(40, 69)	(-39, 69)	(-80, 0)	(-40, -69)	(40, -69)	circle	red	dif	left	left	(80, 0)	(-80, 0)	probe	tar	None	None	None	None	60	85	135	110	10	35	(-80, 0)	7	testing
1	dn	f	19	red	4	(80, 0)	(40, 69)	(-39, 69)	(-80, 0)	(-40, -69)	(40, -69)	diamond	none	same	right	right	N_dist	(40, 69)	search	nr	True	2182594	2183170	right	160	35	110	60	85	10	None	None	testing
1	dn	f	19	red	4	(80, 0)	(40, 69)	(-39, 69)	(-80, 0)	(-40, -69)	(40, -69)	circle	red	dif	left	left	(80, 0)	(-80, 0)	probe	norm	None	None	None	None	135	160	35	85	60	110	(40, -69)	11	testing
1	dn	f	19	red	4	(80, 0)	(40, 69)	(-39, 69)	(-80, 0)	(-40, -69)	(40, -69)	circle	red	dif	left	left	(80, 0)	(-80, 0)	search	nr	True	2188756	2189394	left	35	135	60	10	160	85	None	None	testing
1	dn	f	19	red	4	(80, 0)	(40, 69)	(-39, 69)	(-80, 0)	(-40, -69)	(40, -69)	circle	red	same	right	right	(80, 0)	(-40, -69)	search	nr	True	2190559	2191250	right	160	35	60	85	135	10	None	None	testing
1	dn	f	19	red	4	(80, 0)	(40, 69)	(-39, 69)	(-80, 0)	(-40, -69)	(40, -69)	circle	red	dif	right	right	(40, 69)	(-40, -69)	search	nr	True	2192379	2192913	right	160	60	135	10	35	85	None	None	testing
1	dn	f	19	red	4	(80, 0)	(40, 69)	(-39, 69)	(-80, 0)	(-40, -69)	(40, -69)	diamond	none	dif	left	left	N_dist	(-80, 0)	search	nr	True	2194182	2194897	left	135	110	10	60	35	85	None	None	testing
1	dn	f	19	red	4	(80, 0)	(40, 69)	(-39, 69)	(-80, 0)	(-40, -69)	(40, -69)	circle	none	dif	left	left	N_dist	(40, 69)	search	nr	True	2196052	2196722	left	35	160	60	10	110	85	None	None	testing
1	dn	f	19	red	4	(80, 0)	(40, 69)	(-39, 69)	(-80, 0)	(-40, -69)	(40, -69)	diamond	none	dif	right	right	N_dist	(-39, 69)	search	nr	True	2198006	2198689	right	135	60	160	35	10	85	None	None	testing
1	dn	f	19	red	4	(80, 0)	(40, 69)	(-39, 69)	(-80, 0)	(-40, -69)	(40, -69)	diamond	none	dif	right	right	N_dist	(40, 69)	search	nr	True	2199959	2200514	right	60	85	135	35	10	110	None	None	testing
1	dn	f	19	red	4	(80, 0)	(40, 69)	(-39, 69)	(-80, 0)	(-40, -69)	(40, -69)	diamond	none	same	left	left	N_dist	(-80, 0)	search	nr	True	2201796	2202306	left	35	10	160	60	110	135	None	None	testing
1	dn	f	19	red	4	(80, 0)	(40, 69)	(-39, 69)	(-80, 0)	(-40, -69)	(40, -69)	diamond	none	same	right	right	N_dist	(-40, -69)	probe	l_norm	None	None	None	None	135	85	35	10	160	60	(40, 69)	9	testing
1	dn	f	19	red	4	(80, 0)	(40, 69)	(-39, 69)	(-80, 0)	(-40, -69)	(40, -69)	circle	red	dif	left	left	(80, 0)	(40, 69)	search	nr	True	2207256	2207794	left	160	10	85	110	35	60	None	None	testing
1	dn	f	19	red	4	(80, 0)	(40, 69)	(-39, 69)	(-80, 0)	(-40, -69)	(40, -69)	circle	red	dif	left	left	(80, 0)	(40, -69)	search	nr	True	2208942	2209489	left	60	110	10	85	135	160	None	None	testing
1	dn	f	19	red	4	(80, 0)	(40, 69)	(-39, 69)	(-80, 0)	(-40, -69)	(40, -69)	diamond	red	same	right	right	(80, 0)	(-39, 69)	search	nr	True	2210563	2211186	left	35	135	60	160	110	85	None	None	testing
1	dn	f	19	red	4	(80, 0)	(40, 69)	(-39, 69)	(-80, 0)	(-40, -69)	(40, -69)	circle	red	same	left	left	(80, 0)	(-40, -69)	search	nr	True	2213835	2214594	left	160	10	110	35	135	85	None	None	testing
1	dn	f	19	red	4	(80, 0)	(40, 69)	(-39, 69)	(-80, 0)	(-40, -69)	(40, -69)	circle	red	same	left	left	(80, 0)	(-39, 69)	search	nr	True	2215655	2216321	left	110	160	60	85	135	10	None	None	testing
1	dn	f	19	red	4	(80, 0)	(40, 69)	(-39, 69)	(-80, 0)	(-40, -69)	(40, -69)	diamond	none	same	left	left	N_dist	(40, -69)	probe	h_norm	None	None	None	None	85	135	110	10	60	35	(80, 0)	173	testing
1	dn	f	19	red	4	(80, 0)	(40, 69)	(-39, 69)	(-80, 0)	(-40, -69)	(40, -69)	diamond	red	same	right	right	(-39, 69)	(-80, 0)	search	nr	True	2222601	2223394	right	85	60	10	35	135	160	None	None	testing
1	dn	f	19	red	4	(80, 0)	(40, 69)	(-39, 69)	(-80, 0)	(-40, -69)	(40, -69)	diamond	red	dif	left	left	(80, 0)	(-39, 69)	search	nr	True	2224454	2225138	left	35	10	135	110	60	85	None	None	testing
1	dn	f	19	red	4	(80, 0)	(40, 69)	(-39, 69)	(-80, 0)	(-40, -69)	(40, -69)	circle	red	dif	right	right	(40, -69)	(-80, 0)	probe	l_sin	None	None	None	None	135	60	10	110	35	85	(40, -69)	174	testing
1	dn	f	19	red	4	(80, 0)	(40, 69)	(-39, 69)	(-80, 0)	(-40, -69)	(40, -69)	circle	red	dif	left	left	(80, 0)	(40, -69)	probe	norm	None	None	None	None	35	10	60	85	110	135	(-40, -69)	4	testing
1	dn	f	19	red	4	(80, 0)	(40, 69)	(-39, 69)	(-80, 0)	(-40, -69)	(40, -69)	circle	red	dif	left	left	(80, 0)	(-80, 0)	probe	norm	None	None	None	None	35	135	10	60	85	160	(-39, 69)	60	testing
1	dn	f	19	red	4	(80, 0)	(40, 69)	(-39, 69)	(-80, 0)	(-40, -69)	(40, -69)	circle	red	same	left	left	(80, 0)	(40, 69)	search	nr	True	2242287	2242897	left	85	160	35	60	10	110	None	None	testing
1	dn	f	19	red	4	(80, 0)	(40, 69)	(-39, 69)	(-80, 0)	(-40, -69)	(40, -69)	circle	red	dif	left	left	(80, 0)	(-40, -69)	search	nr	True	2244007	2244689	left	85	60	10	110	135	35	None	None	testing
1	dn	f	19	red	4	(80, 0)	(40, 69)	(-39, 69)	(-80, 0)	(-40, -69)	(40, -69)	diamond	red	same	left	left	(-80, 0)	(-39, 69)	search	nr	True	2245944	2246625	left	60	85	35	110	135	10	None	None	testing
1	dn	f	19	red	4	(80, 0)	(40, 69)	(-39, 69)	(-80, 0)	(-40, -69)	(40, -69)	circle	red	same	left	left	(80, 0)	(40, -69)	search	nr	True	2247864	2248465	left	85	35	160	110	10	60	None	None	testing
1	dn	f	19	red	4	(80, 0)	(40, 69)	(-39, 69)	(-80, 0)	(-40, -69)	(40, -69)	circle	red	same	left	left	(80, 0)	(-39, 69)	search	nr	True	2249634	2250226	left	85	35	110	60	135	10	None	None	testing
1	dn	f	19	red	4	(80, 0)	(40, 69)	(-39, 69)	(-80, 0)	(-40, -69)	(40, -69)	circle	red	dif	right	right	(80, 0)	(40, -69)	search	nr	True	2251337	2251968	right	60	85	135	110	35	160	None	None	testing
1	dn	f	19	red	4	(80, 0)	(40, 69)	(-39, 69)	(-80, 0)	(-40, -69)	(40, -69)	circle	red	dif	left	left	(80, 0)	(-39, 69)	search	nr	True	2253174	2253713	left	10	35	60	135	85	110	None	None	testing
1	dn	f	19	red	4	(80, 0)	(40, 69)	(-39, 69)	(-80, 0)	(-40, -69)	(40, -69)	circle	none	same	right	right	N_dist	(80, 0)	search	nr	True	2254943	2255441	right	10	135	85	110	160	60	None	None	testing
1	dn	f	19	red	4	(80, 0)	(40, 69)	(-39, 69)	(-80, 0)	(-40, -69)	(40, -69)	diamond	none	dif	right	right	N_dist	(-80, 0)	search	nr	True	2256681	2257377	right	60	35	160	135	110	10	None	None	testing
1	dn	f	19	red	4	(80, 0)	(40, 69)	(-39, 69)	(-80, 0)	(-40, -69)	(40, -69)	diamond	red	same	right	right	(80, 0)	(40, -69)	search	nr	True	2258650	2259297	right	160	135	10	85	35	110	None	None	testing
1	dn	f	19	red	4	(80, 0)	(40, 69)	(-39, 69)	(-80, 0)	(-40, -69)	(40, -69)	circle	red	same	right	right	(40, -69)	(-80, 0)	search	nr	True	2260471	2261217	right	160	135	10	60	85	35	None	None	testing
1	dn	f	19	red	4	(80, 0)	(40, 69)	(-39, 69)	(-80, 0)	(-40, -69)	(40, -69)	diamond	red	same	right	right	(80, 0)	(40, -69)	search	nr	True	2262491	2263457	right	135	85	10	160	110	60	None	None	testing
1	dn	f	19	red	4	(80, 0)	(40, 69)	(-39, 69)	(-80, 0)	(-40, -69)	(40, -69)	circle	red	same	right	right	(80, 0)	(-39, 69)	search	nr	True	2264661	2265201	right	85	110	35	60	10	160	None	None	testing
1	dn	f	19	red	4	(80, 0)	(40, 69)	(-39, 69)	(-80, 0)	(-40, -69)	(40, -69)	circle	red	same	right	right	(-39, 69)	(40, -69)	search	nr	True	2266281	2266865	right	135	110	160	10	35	60	None	None	testing
1	dn	f	19	red	4	(80, 0)	(40, 69)	(-39, 69)	(-80, 0)	(-40, -69)	(40, -69)	circle	red	dif	right	right	(40, 69)	(-40, -69)	search	nr	True	2268118	2268737	right	35	60	135	110	85	160	None	None	testing
1	dn	f	19	red	4	(80, 0)	(40, 69)	(-39, 69)	(-80, 0)	(-40, -69)	(40, -69)	diamond	none	dif	left	left	N_dist	(-40, -69)	search	nr	True	2269838	2270609	left	60	35	135	160	110	10	None	None	testing
1	dn	f	19	red	4	(80, 0)	(40, 69)	(-39, 69)	(-80, 0)	(-40, -69)	(40, -69)	circle	red	dif	right	right	(80, 0)	(-39, 69)	search	nr	True	2271774	2272385	right	160	135	110	60	35	85	None	None	testing
1	dn	f	19	red	4	(80, 0)	(40, 69)	(-39, 69)	(-80, 0)	(-40, -69)	(40, -69)	circle	red	dif	right	right	(80, 0)	(40, 69)	search	nr	True	2273461	2273985	right	10	110	160	35	60	135	None	None	testing
1	dn	f	19	red	4	(80, 0)	(40, 69)	(-39, 69)	(-80, 0)	(-40, -69)	(40, -69)	diamond	none	dif	right	right	N_dist	(-80, 0)	probe	l_norm	None	None	None	None	60	135	110	160	35	10	(-39, 69)	15	testing
1	dn	f	19	red	4	(80, 0)	(40, 69)	(-39, 69)	(-80, 0)	(-40, -69)	(40, -69)	circle	none	dif	left	left	N_dist	(-40, -69)	probe	l_norm	None	None	None	None	60	10	135	110	35	160	(-80, 0)	0	testing
1	dn	f	19	red	4	(80, 0)	(40, 69)	(-39, 69)	(-80, 0)	(-40, -69)	(40, -69)	circle	red	same	right	right	(40, -69)	(-80, 0)	probe	tar	None	None	None	None	85	35	135	60	110	160	(-80, 0)	168	testing
1	dn	f	19	red	4	(80, 0)	(40, 69)	(-39, 69)	(-80, 0)	(-40, -69)	(40, -69)	circle	none	dif	right	right	N_dist	(40, -69)	probe	l_norm	None	None	None	None	85	60	35	110	135	160	(-39, 69)	24	testing
1	dn	f	19	red	4	(80, 0)	(40, 69)	(-39, 69)	(-80, 0)	(-40, -69)	(40, -69)	diamond	none	dif	right	right	N_dist	(-39, 69)	probe	l_tar	None	None	None	None	60	110	160	135	85	10	(-39, 69)	37	testing
1	dn	f	19	red	4	(80, 0)	(40, 69)	(-39, 69)	(-80, 0)	(-40, -69)	(40, -69)	diamond	none	same	left	left	N_dist	(40, -69)	search	nr	True	2300611	2301329	left	160	85	110	60	135	35	None	None	testing
1	dn	f	19	red	4	(80, 0)	(40, 69)	(-39, 69)	(-80, 0)	(-40, -69)	(40, -69)	diamond	red	dif	right	right	(80, 0)	(-80, 0)	probe	h_sin	None	None	None	None	35	110	60	135	85	160	(80, 0)	151	testing
1	dn	f	19	red	4	(80, 0)	(40, 69)	(-39, 69)	(-80, 0)	(-40, -69)	(40, -69)	circle	none	dif	left	left	N_dist	(-80, 0)	search	nr	True	2306305	2306896	left	160	35	135	10	60	85	None	None	testing
1	dn	f	19	red	4	(80, 0)	(40, 69)	(-39, 69)	(-80, 0)	(-40, -69)	(40, -69)	diamond	none	same	right	right	N_dist	(40, 69)	search	nr	True	2308191	2308801	right	35	60	85	135	10	160	None	None	testing
1	dn	f	19	red	4	(80, 0)	(40, 69)	(-39, 69)	(-80, 0)	(-40, -69)	(40, -69)	circle	none	dif	right	right	N_dist	(-39, 69)	search	nr	True	2309895	2310465	right	85	160	135	110	60	10	None	None	testing
1	dn	f	19	red	4	(80, 0)	(40, 69)	(-39, 69)	(-80, 0)	(-40, -69)	(40, -69)	circle	red	dif	left	left	(-40, -69)	(-39, 69)	probe	l_sin	None	None	None	None	85	10	60	160	35	135	(-40, -69)	160	testing
1	dn	f	19	red	4	(80, 0)	(40, 69)	(-39, 69)	(-80, 0)	(-40, -69)	(40, -69)	circle	red	dif	right	right	(80, 0)	(-80, 0)	search	nr	True	2315889	2316385	right	110	35	60	160	135	85	None	None	testing
1	dn	f	19	red	4	(80, 0)	(40, 69)	(-39, 69)	(-80, 0)	(-40, -69)	(40, -69)	circle	none	dif	right	right	N_dist	(80, 0)	search	nr	True	2317442	2317985	right	160	110	85	135	10	60	None	None	testing
1	dn	f	19	red	4	(80, 0)	(40, 69)	(-39, 69)	(-80, 0)	(-40, -69)	(40, -69)	circle	red	dif	left	left	(80, 0)	(40, -69)	search	nr	True	2319245	2319825	left	110	10	160	35	85	135	None	None	testing
1	dn	f	19	red	4	(80, 0)	(40, 69)	(-39, 69)	(-80, 0)	(-40, -69)	(40, -69)	circle	red	dif	right	right	(40, 69)	(-40, -69)	search	nr	True	2320948	2321505	right	110	135	85	60	160	35	None	None	testing
1	dn	f	19	red	4	(80, 0)	(40, 69)	(-39, 69)	(-80, 0)	(-40, -69)	(40, -69)	circle	red	same	right	right	(80, 0)	(40, 69)	search	nr	True	2322635	2323137	right	160	85	110	10	35	60	None	None	testing
1	dn	f	19	red	4	(80, 0)	(40, 69)	(-39, 69)	(-80, 0)	(-40, -69)	(40, -69)	diamond	red	same	right	right	(-40, -69)	(-80, 0)	search	nr	True	2324204	2325585	right	35	60	160	10	85	135	None	None	testing
1	dn	f	19	red	4	(80, 0)	(40, 69)	(-39, 69)	(-80, 0)	(-40, -69)	(40, -69)	diamond	red	dif	left	left	(80, 0)	(-40, -69)	search	nr	True	2326859	2327585	left	110	85	10	35	60	135	None	None	testing
1	dn	f	19	red	4	(80, 0)	(40, 69)	(-39, 69)	(-80, 0)	(-40, -69)	(40, -69)	diamond	none	dif	left	left	N_dist	(-39, 69)	probe	l_norm	None	None	None	None	85	160	10	110	35	60	(40, 69)	29	testing
1	dn	f	19	red	4	(80, 0)	(40, 69)	(-39, 69)	(-80, 0)	(-40, -69)	(40, -69)	circle	none	dif	right	right	N_dist	(40, 69)	search	nr	True	2333271	2333777	right	10	85	160	110	35	60	None	None	testing
1	dn	f	19	red	4	(80, 0)	(40, 69)	(-39, 69)	(-80, 0)	(-40, -69)	(40, -69)	circle	none	dif	right	right	N_dist	(-39, 69)	search	nr	True	2335058	2335584	right	10	135	85	110	160	35	None	None	testing
1	dn	f	19	red	4	(80, 0)	(40, 69)	(-39, 69)	(-80, 0)	(-40, -69)	(40, -69)	diamond	none	dif	right	right	N_dist	(80, 0)	search	nr	True	2336728	2337329	right	35	110	160	85	10	60	None	None	testing
1	dn	f	19	red	4	(80, 0)	(40, 69)	(-39, 69)	(-80, 0)	(-40, -69)	(40, -69)	circle	none	same	right	right	N_dist	(80, 0)	probe	h_tar	None	None	None	None	135	85	10	110	35	160	(80, 0)	27	testing
1	dn	f	19	red	4	(80, 0)	(40, 69)	(-39, 69)	(-80, 0)	(-40, -69)	(40, -69)	diamond	red	same	right	right	(80, 0)	(40, -69)	probe	tar	None	None	None	None	10	60	35	135	85	110	(40, -69)	14	testing
1	dn	f	19	red	4	(80, 0)	(40, 69)	(-39, 69)	(-80, 0)	(-40, -69)	(40, -69)	circle	none	same	left	left	N_dist	(40, 69)	probe	h_norm	None	None	None	None	85	160	60	10	110	35	(80, 0)	176	testing
1	dn	f	19	red	4	(80, 0)	(40, 69)	(-39, 69)	(-80, 0)	(-40, -69)	(40, -69)	circle	red	dif	right	right	(80, 0)	(-80, 0)	probe	norm	None	None	None	None	35	60	110	160	10	135	(-39, 69)	20	testing
1	dn	f	19	red	4	(80, 0)	(40, 69)	(-39, 69)	(-80, 0)	(-40, -69)	(40, -69)	diamond	none	dif	left	left	N_dist	(-40, -69)	search	nr	True	2353809	2354513	left	10	160	135	110	60	85	None	None	testing
1	dn	f	19	red	4	(80, 0)	(40, 69)	(-39, 69)	(-80, 0)	(-40, -69)	(40, -69)	circle	red	same	right	right	(80, 0)	(-80, 0)	search	nr	True	2355596	2356241	right	160	85	135	10	110	60	None	None	testing
1	dn	f	19	red	4	(80, 0)	(40, 69)	(-39, 69)	(-80, 0)	(-40, -69)	(40, -69)	circle	red	same	left	left	(-80, 0)	(40, 69)	probe	l_sin	None	None	None	None	60	35	110	160	85	10	(-80, 0)	26	testing
1	dn	f	19	red	4	(80, 0)	(40, 69)	(-39, 69)	(-80, 0)	(-40, -69)	(40, -69)	circle	red	same	left	left	(80, 0)	(-40, -69)	search	nr	True	2362291	2363025	left	110	35	135	60	10	85	None	None	testing
1	dn	f	19	red	4	(80, 0)	(40, 69)	(-39, 69)	(-80, 0)	(-40, -69)	(40, -69)	circle	red	dif	left	left	(80, 0)	(40, -69)	search	nr	True	2364244	2364737	left	35	60	10	160	135	85	None	None	testing
1	dn	f	19	red	4	(80, 0)	(40, 69)	(-39, 69)	(-80, 0)	(-40, -69)	(40, -69)	diamond	red	dif	right	right	(-39, 69)	(40, 69)	search	nr	True	2365798	2366385	right	60	160	10	35	85	135	None	None	testing
1	dn	f	19	red	4	(80, 0)	(40, 69)	(-39, 69)	(-80, 0)	(-40, -69)	(40, -69)	diamond	red	same	right	right	(80, 0)	(-39, 69)	search	nr	True	2367518	2368145	right	85	160	110	10	135	60	None	None	testing
1	dn	f	19	red	4	(80, 0)	(40, 69)	(-39, 69)	(-80, 0)	(-40, -69)	(40, -69)	circle	red	same	left	left	(-40, -69)	(-80, 0)	search	nr	True	2369204	2369938	left	10	85	35	135	160	60	None	None	testing
1	dn	f	19	red	4	(80, 0)	(40, 69)	(-39, 69)	(-80, 0)	(-40, -69)	(40, -69)	circle	red	dif	left	left	(80, 0)	(-39, 69)	search	nr	True	2371023	2371568	left	135	35	160	10	85	60	None	None	testing
1	dn	f	19	red	4	(80, 0)	(40, 69)	(-39, 69)	(-80, 0)	(-40, -69)	(40, -69)	diamond	red	dif	right	right	(80, 0)	(40, 69)	probe	norm	None	None	None	None	85	35	135	60	110	160	(40, -69)	33	testing
1	dn	f	19	red	4	(80, 0)	(40, 69)	(-39, 69)	(-80, 0)	(-40, -69)	(40, -69)	diamond	none	same	left	left	N_dist	(40, -69)	search	nr	True	2376500	2377025	left	160	10	35	60	135	110	None	None	testing
1	dn	f	19	red	4	(80, 0)	(40, 69)	(-39, 69)	(-80, 0)	(-40, -69)	(40, -69)	diamond	none	same	right	right	N_dist	(-39, 69)	search	nr	True	2378087	2378673	right	35	60	160	135	10	110	None	None	testing
1	dn	f	19	red	4	(80, 0)	(40, 69)	(-39, 69)	(-80, 0)	(-40, -69)	(40, -69)	diamond	red	same	left	left	(80, 0)	(40, -69)	probe	norm	None	None	None	None	10	60	35	160	135	110	(-80, 0)	30	testing
1	dn	f	19	red	4	(80, 0)	(40, 69)	(-39, 69)	(-80, 0)	(-40, -69)	(40, -69)	diamond	red	dif	right	right	(80, 0)	(40, 69)	search	nr	True	2385100	2385696	right	85	35	110	60	10	135	None	None	testing
1	dn	f	19	red	4	(80, 0)	(40, 69)	(-39, 69)	(-80, 0)	(-40, -69)	(40, -69)	diamond	none	dif	left	left	N_dist	(-40, -69)	probe	h_norm	None	None	None	None	85	110	35	60	10	135	(80, 0)	172	testing
1	dn	f	19	red	4	(80, 0)	(40, 69)	(-39, 69)	(-80, 0)	(-40, -69)	(40, -69)	diamond	red	dif	right	right	(-39, 69)	(40, 69)	probe	tar	None	None	None	None	160	35	10	110	60	135	(40, 69)	151	testing
1	dn	f	19	red	4	(80, 0)	(40, 69)	(-39, 69)	(-80, 0)	(-40, -69)	(40, -69)	circle	red	dif	right	right	(80, 0)	(-80, 0)	search	nr	True	2395702	2396257	right	85	35	10	60	110	135	None	None	testing
1	dn	f	19	red	4	(80, 0)	(40, 69)	(-39, 69)	(-80, 0)	(-40, -69)	(40, -69)	diamond	red	same	right	right	(80, 0)	(40, -69)	search	nr	True	2397322	2398097	right	10	35	110	60	160	135	None	None	testing
1	dn	f	19	red	4	(80, 0)	(40, 69)	(-39, 69)	(-80, 0)	(-40, -69)	(40, -69)	circle	none	same	left	left	N_dist	(-40, -69)	search	nr	True	2399343	2400081	left	110	60	135	85	10	160	None	None	testing
1	dn	f	19	red	4	(80, 0)	(40, 69)	(-39, 69)	(-80, 0)	(-40, -69)	(40, -69)	diamond	red	dif	right	right	(-39, 69)	(40, 69)	search	nr	True	2401346	2401857	right	60	135	85	160	35	10	None	None	testing
1	dn	f	19	red	4	(80, 0)	(40, 69)	(-39, 69)	(-80, 0)	(-40, -69)	(40, -69)	diamond	none	same	left	left	N_dist	(-80, 0)	probe	h_norm	None	None	None	None	10	135	60	35	160	110	(80, 0)	145	testing
1	dn	f	19	red	4	(80, 0)	(40, 69)	(-39, 69)	(-80, 0)	(-40, -69)	(40, -69)	circle	red	same	left	left	(80, 0)	(40, 69)	probe	tar	None	None	None	None	160	85	35	110	10	60	(40, 69)	1	testing
1	dn	f	19	red	4	(80, 0)	(40, 69)	(-39, 69)	(-80, 0)	(-40, -69)	(40, -69)	circle	red	dif	left	left	(40, 69)	(40, -69)	search	nr	True	2412049	2412625	left	110	10	35	85	160	135	None	None	testing
1	dn	f	19	red	4	(80, 0)	(40, 69)	(-39, 69)	(-80, 0)	(-40, -69)	(40, -69)	circle	red	same	left	left	(40, 69)	(-40, -69)	probe	tar	None	None	None	None	135	35	10	85	110	160	(-40, -69)	11	testing
1	dn	f	19	red	4	(80, 0)	(40, 69)	(-39, 69)	(-80, 0)	(-40, -69)	(40, -69)	circle	none	same	right	right	N_dist	(-39, 69)	search	nr	True	2418094	2418721	right	135	85	10	110	35	160	None	None	testing
1	dn	f	19	red	4	(80, 0)	(40, 69)	(-39, 69)	(-80, 0)	(-40, -69)	(40, -69)	circle	red	dif	right	right	(80, 0)	(-80, 0)	probe	h_sin	None	None	None	None	60	160	35	10	135	85	(80, 0)	163	testing
1	dn	f	19	red	4	(80, 0)	(40, 69)	(-39, 69)	(-80, 0)	(-40, -69)	(40, -69)	circle	red	dif	right	right	(40, -69)	(-80, 0)	search	nr	True	2424288	2424816	right	110	35	60	160	135	85	None	None	testing
1	dn	f	19	red	4	(80, 0)	(40, 69)	(-39, 69)	(-80, 0)	(-40, -69)	(40, -69)	circle	none	dif	left	left	N_dist	(40, 69)	search	nr	True	2426042	2426641	left	135	85	10	110	60	160	None	None	testing
1	dn	f	19	red	4	(80, 0)	(40, 69)	(-39, 69)	(-80, 0)	(-40, -69)	(40, -69)	diamond	red	same	right	right	(80, 0)	(-39, 69)	search	nr	True	2427778	2428528	right	10	35	85	110	160	135	None	None	testing
1	dn	f	19	red	4	(80, 0)	(40, 69)	(-39, 69)	(-80, 0)	(-40, -69)	(40, -69)	circle	red	same	left	left	(80, 0)	(40, 69)	probe	norm	None	None	None	None	35	10	135	110	160	60	(40, -69)	161	testing
1	dn	f	19	red	4	(80, 0)	(40, 69)	(-39, 69)	(-80, 0)	(-40, -69)	(40, -69)	diamond	red	dif	left	left	(40, -69)	(40, 69)	search	nr	True	2433973	2434545	left	60	10	135	110	160	35	None	None	testing
1	dn	f	19	red	4	(80, 0)	(40, 69)	(-39, 69)	(-80, 0)	(-40, -69)	(40, -69)	diamond	none	same	right	right	N_dist	(80, 0)	search	nr	True	2435659	2436240	right	135	10	110	85	160	60	None	None	testing
1	dn	f	19	red	4	(80, 0)	(40, 69)	(-39, 69)	(-80, 0)	(-40, -69)	(40, -69)	circle	red	same	right	right	(-40, -69)	(-39, 69)	probe	norm	None	None	None	None	135	110	85	160	10	35	(40, -69)	151	testing
1	dn	f	19	red	4	(80, 0)	(40, 69)	(-39, 69)	(-80, 0)	(-40, -69)	(40, -69)	circle	red	dif	left	left	(80, 0)	(40, 69)	search	nr	True	2442521	2443073	left	135	110	85	160	60	10	None	None	testing
1	dn	f	19	red	4	(80, 0)	(40, 69)	(-39, 69)	(-80, 0)	(-40, -69)	(40, -69)	diamond	red	same	left	left	(-80, 0)	(-39, 69)	probe	tar	None	None	None	None	10	60	160	110	85	135	(-39, 69)	26	testing
1	dn	f	19	red	4	(80, 0)	(40, 69)	(-39, 69)	(-80, 0)	(-40, -69)	(40, -69)	circle	red	same	right	right	(80, 0)	(-80, 0)	search	nr	True	2448566	2449121	right	110	35	10	160	135	85	None	None	testing
1	dn	f	19	red	4	(80, 0)	(40, 69)	(-39, 69)	(-80, 0)	(-40, -69)	(40, -69)	diamond	red	same	right	right	(-40, -69)	(-80, 0)	probe	l_sin	None	None	None	None	85	60	110	160	35	10	(-40, -69)	158	testing
1	dn	f	19	red	4	(80, 0)	(40, 69)	(-39, 69)	(-80, 0)	(-40, -69)	(40, -69)	circle	none	same	right	right	N_dist	(80, 0)	search	nr	True	2454109	2454608	right	135	85	35	60	110	160	None	None	testing
1	dn	f	19	red	4	(80, 0)	(40, 69)	(-39, 69)	(-80, 0)	(-40, -69)	(40, -69)	diamond	red	dif	left	left	(-39, 69)	(-80, 0)	search	nr	True	2455913	2456641	left	60	10	85	110	135	160	None	None	testing
1	dn	f	19	red	4	(80, 0)	(40, 69)	(-39, 69)	(-80, 0)	(-40, -69)	(40, -69)	circle	red	dif	right	right	(80, 0)	(-39, 69)	probe	tar	None	None	None	None	160	35	10	110	135	85	(-39, 69)	59	testing
1	dn	f	19	red	4	(80, 0)	(40, 69)	(-39, 69)	(-80, 0)	(-40, -69)	(40, -69)	circle	none	same	right	right	N_dist	(80, 0)	search	nr	True	2462826	2463377	right	10	160	35	135	85	60	None	None	testing
1	dn	f	19	red	4	(80, 0)	(40, 69)	(-39, 69)	(-80, 0)	(-40, -69)	(40, -69)	circle	red	dif	left	left	(80, 0)	(-39, 69)	probe	tar	None	None	None	None	60	10	135	85	160	110	(-39, 69)	23	testing
