subj	name	gender	age	dist	run	tar_locs1	tar_locs2	tar_locs3	tar_locs4	tar_locs5	tar_locs6	shape	dist	td_dif	detection	resp_key	dis_loc	tar_loc	task_type	probe_cond	gotKey	startTime	respTime	resp	o1	o2	o3	o4	o5	o6	pro_loc	ori_resp	mode
1	xh	f	21	green	2	(80, 0)	(40, 69)	(-39, 69)	(-80, 0)	(-40, -69)	(40, -69)	diamond	none	same	left	left	N_dist	(-40, -69)	search	nr	True	127680	128879	left	160	135	110	85	60	10	None	None	testing
1	xh	f	21	green	2	(80, 0)	(40, 69)	(-39, 69)	(-80, 0)	(-40, -69)	(40, -69)	diamond	none	same	left	left	N_dist	(-40, -69)	search	nr	True	130027	131070	left	110	135	35	10	160	85	None	None	testing
1	xh	f	21	green	2	(80, 0)	(40, 69)	(-39, 69)	(-80, 0)	(-40, -69)	(40, -69)	circle	green	same	right	right	(80, 0)	(-80, 0)	probe	norm	None	None	None	None	85	60	135	160	35	110	(40, -69)	165	testing
1	xh	f	21	green	2	(80, 0)	(40, 69)	(-39, 69)	(-80, 0)	(-40, -69)	(40, -69)	circle	green	dif	right	right	(40, 69)	(-40, -69)	search	nr	True	137521	138719	right	85	10	35	160	135	110	None	None	testing
1	xh	f	21	green	2	(80, 0)	(40, 69)	(-39, 69)	(-80, 0)	(-40, -69)	(40, -69)	diamond	green	same	right	right	(80, 0)	(40, -69)	search	nr	True	139919	141182	right	60	160	85	35	135	10	None	None	testing
1	xh	f	21	green	2	(80, 0)	(40, 69)	(-39, 69)	(-80, 0)	(-40, -69)	(40, -69)	diamond	green	same	left	left	(80, 0)	(40, -69)	search	nr	True	142433	143439	left	85	135	60	160	110	10	None	None	testing
1	xh	f	21	green	2	(80, 0)	(40, 69)	(-39, 69)	(-80, 0)	(-40, -69)	(40, -69)	circle	none	same	right	right	N_dist	(40, -69)	probe	l_tar	None	None	None	None	35	60	110	135	160	85	(40, -69)	22	testing
1	xh	f	21	green	2	(80, 0)	(40, 69)	(-39, 69)	(-80, 0)	(-40, -69)	(40, -69)	diamond	none	same	left	left	N_dist	(-40, -69)	probe	h_norm	None	None	None	None	60	85	10	35	160	135	(80, 0)	150	testing
1	xh	f	21	green	2	(80, 0)	(40, 69)	(-39, 69)	(-80, 0)	(-40, -69)	(40, -69)	circle	green	dif	left	left	(-40, -69)	(-80, 0)	search	nr	True	155946	157614	left	60	135	35	160	85	10	None	None	testing
1	xh	f	21	green	2	(80, 0)	(40, 69)	(-39, 69)	(-80, 0)	(-40, -69)	(40, -69)	diamond	green	dif	left	left	(80, 0)	(-39, 69)	search	nr	True	158695	159759	left	110	160	35	85	135	60	None	None	testing
1	xh	f	21	green	2	(80, 0)	(40, 69)	(-39, 69)	(-80, 0)	(-40, -69)	(40, -69)	diamond	green	dif	left	left	(-40, -69)	(-80, 0)	search	nr	True	160992	162319	left	85	10	110	160	135	60	None	None	testing
1	xh	f	21	green	2	(80, 0)	(40, 69)	(-39, 69)	(-80, 0)	(-40, -69)	(40, -69)	circle	green	same	right	right	(80, 0)	(40, 69)	search	nr	True	163574	164558	right	135	60	110	85	10	35	None	None	testing
1	xh	f	21	green	2	(80, 0)	(40, 69)	(-39, 69)	(-80, 0)	(-40, -69)	(40, -69)	circle	green	same	right	right	(-39, 69)	(-80, 0)	probe	l_sin	None	None	None	None	10	110	160	60	35	135	(-39, 69)	19	testing
1	xh	f	21	green	2	(80, 0)	(40, 69)	(-39, 69)	(-80, 0)	(-40, -69)	(40, -69)	circle	green	dif	right	right	(80, 0)	(-39, 69)	probe	h_sin	None	None	None	None	85	160	135	110	35	10	(80, 0)	8	testing
1	xh	f	21	green	2	(80, 0)	(40, 69)	(-39, 69)	(-80, 0)	(-40, -69)	(40, -69)	diamond	none	dif	left	left	N_dist	(80, 0)	search	nr	True	177288	178335	left	110	10	85	135	60	35	None	None	testing
1	xh	f	21	green	2	(80, 0)	(40, 69)	(-39, 69)	(-80, 0)	(-40, -69)	(40, -69)	circle	green	dif	right	right	(-39, 69)	(-80, 0)	search	nr	True	179568	181135	right	135	60	35	110	10	160	None	None	testing
1	xh	f	21	green	2	(80, 0)	(40, 69)	(-39, 69)	(-80, 0)	(-40, -69)	(40, -69)	circle	green	same	left	left	(80, 0)	(40, 69)	search	nr	True	182234	183310	left	85	135	60	110	160	35	None	None	testing
1	xh	f	21	green	2	(80, 0)	(40, 69)	(-39, 69)	(-80, 0)	(-40, -69)	(40, -69)	circle	none	dif	left	left	N_dist	(40, 69)	search	nr	True	184514	185551	left	35	110	85	160	60	10	None	None	testing
1	xh	f	21	green	2	(80, 0)	(40, 69)	(-39, 69)	(-80, 0)	(-40, -69)	(40, -69)	diamond	green	dif	left	left	(80, 0)	(40, 69)	probe	norm	None	None	None	None	135	35	60	110	10	160	(-80, 0)	176	testing
1	xh	f	21	green	2	(80, 0)	(40, 69)	(-39, 69)	(-80, 0)	(-40, -69)	(40, -69)	diamond	green	same	right	right	(-39, 69)	(-40, -69)	search	nr	True	191874	192942	right	160	110	35	10	60	85	None	None	testing
1	xh	f	21	green	2	(80, 0)	(40, 69)	(-39, 69)	(-80, 0)	(-40, -69)	(40, -69)	diamond	none	dif	left	left	N_dist	(80, 0)	probe	h_tar	None	None	None	None	60	160	110	85	10	35	(80, 0)	165	testing
1	xh	f	21	green	2	(80, 0)	(40, 69)	(-39, 69)	(-80, 0)	(-40, -69)	(40, -69)	circle	green	same	left	left	(80, 0)	(40, 69)	search	nr	True	198446	199726	left	35	135	60	160	10	110	None	None	testing
1	xh	f	21	green	2	(80, 0)	(40, 69)	(-39, 69)	(-80, 0)	(-40, -69)	(40, -69)	diamond	none	same	left	left	N_dist	(-80, 0)	search	nr	True	200844	201967	left	160	135	85	110	60	35	None	None	testing
1	xh	f	21	green	2	(80, 0)	(40, 69)	(-39, 69)	(-80, 0)	(-40, -69)	(40, -69)	circle	none	same	left	left	N_dist	(-40, -69)	probe	h_norm	None	None	None	None	85	60	35	160	110	10	(80, 0)	161	testing
1	xh	f	21	green	2	(80, 0)	(40, 69)	(-39, 69)	(-80, 0)	(-40, -69)	(40, -69)	circle	none	same	right	right	N_dist	(40, -69)	search	nr	True	208807	209694	right	160	35	85	135	10	110	None	None	testing
1	xh	f	21	green	2	(80, 0)	(40, 69)	(-39, 69)	(-80, 0)	(-40, -69)	(40, -69)	diamond	green	dif	left	left	(80, 0)	(40, -69)	search	nr	True	210785	211871	left	35	10	160	85	110	60	None	None	testing
1	xh	f	21	green	2	(80, 0)	(40, 69)	(-39, 69)	(-80, 0)	(-40, -69)	(40, -69)	circle	none	dif	right	right	N_dist	(-40, -69)	probe	l_norm	None	None	None	None	135	85	110	160	35	60	(-80, 0)	20	testing
1	xh	f	21	green	2	(80, 0)	(40, 69)	(-39, 69)	(-80, 0)	(-40, -69)	(40, -69)	diamond	green	same	left	left	(80, 0)	(-39, 69)	search	nr	True	219016	219887	left	60	160	110	35	10	85	None	None	testing
1	xh	f	21	green	2	(80, 0)	(40, 69)	(-39, 69)	(-80, 0)	(-40, -69)	(40, -69)	diamond	green	same	right	right	(80, 0)	(40, -69)	search	nr	True	221012	221871	right	60	135	35	160	10	110	None	None	testing
1	xh	f	21	green	2	(80, 0)	(40, 69)	(-39, 69)	(-80, 0)	(-40, -69)	(40, -69)	diamond	green	dif	left	left	(80, 0)	(-39, 69)	search	nr	True	223124	223934	left	35	10	110	160	135	85	None	None	testing
1	xh	f	21	green	2	(80, 0)	(40, 69)	(-39, 69)	(-80, 0)	(-40, -69)	(40, -69)	circle	none	same	right	right	N_dist	(-39, 69)	probe	l_norm	None	None	None	None	85	35	135	10	160	110	(-40, -69)	20	testing
1	xh	f	21	green	2	(80, 0)	(40, 69)	(-39, 69)	(-80, 0)	(-40, -69)	(40, -69)	diamond	green	dif	right	right	(80, 0)	(40, -69)	search	nr	True	230585	231438	right	135	110	10	160	35	60	None	None	testing
1	xh	f	21	green	2	(80, 0)	(40, 69)	(-39, 69)	(-80, 0)	(-40, -69)	(40, -69)	circle	green	dif	left	left	(-40, -69)	(-80, 0)	search	nr	True	232529	234223	left	160	85	60	35	10	135	None	None	testing
1	xh	f	21	green	2	(80, 0)	(40, 69)	(-39, 69)	(-80, 0)	(-40, -69)	(40, -69)	circle	none	dif	left	left	N_dist	(80, 0)	search	nr	True	235480	236206	left	110	60	160	10	85	135	None	None	testing
1	xh	f	21	green	2	(80, 0)	(40, 69)	(-39, 69)	(-80, 0)	(-40, -69)	(40, -69)	circle	green	dif	left	left	(80, 0)	(-39, 69)	probe	tar	None	None	None	None	85	135	110	10	60	35	(-39, 69)	12	testing
1	xh	f	21	green	2	(80, 0)	(40, 69)	(-39, 69)	(-80, 0)	(-40, -69)	(40, -69)	circle	green	dif	left	left	(80, 0)	(40, 69)	search	nr	True	242874	243822	left	10	35	135	85	110	160	None	None	testing
1	xh	f	21	green	2	(80, 0)	(40, 69)	(-39, 69)	(-80, 0)	(-40, -69)	(40, -69)	diamond	none	dif	right	right	N_dist	(-80, 0)	search	nr	True	244919	245919	right	85	35	110	135	10	60	None	None	testing
1	xh	f	21	green	2	(80, 0)	(40, 69)	(-39, 69)	(-80, 0)	(-40, -69)	(40, -69)	diamond	green	same	left	left	(-40, -69)	(40, -69)	probe	l_sin	None	None	None	None	135	60	35	160	110	85	(-40, -69)	12	testing
1	xh	f	21	green	2	(80, 0)	(40, 69)	(-39, 69)	(-80, 0)	(-40, -69)	(40, -69)	diamond	green	dif	right	right	(80, 0)	(40, 69)	search	nr	True	251977	252974	right	10	35	160	60	110	135	None	None	testing
1	xh	f	21	green	2	(80, 0)	(40, 69)	(-39, 69)	(-80, 0)	(-40, -69)	(40, -69)	circle	none	dif	right	right	N_dist	(-40, -69)	search	nr	True	254057	254974	right	160	60	85	35	110	135	None	None	testing
1	xh	f	21	green	2	(80, 0)	(40, 69)	(-39, 69)	(-80, 0)	(-40, -69)	(40, -69)	circle	none	same	left	left	N_dist	(-80, 0)	search	nr	True	256034	257135	left	160	110	10	35	85	60	None	None	testing
1	xh	f	21	green	2	(80, 0)	(40, 69)	(-39, 69)	(-80, 0)	(-40, -69)	(40, -69)	circle	none	same	right	right	N_dist	(40, -69)	search	nr	True	258382	259278	right	160	110	60	35	85	10	None	None	testing
1	xh	f	21	green	2	(80, 0)	(40, 69)	(-39, 69)	(-80, 0)	(-40, -69)	(40, -69)	circle	green	same	left	left	(80, 0)	(-40, -69)	search	nr	True	260477	261423	left	85	35	10	60	160	110	None	None	testing
1	xh	f	21	green	2	(80, 0)	(40, 69)	(-39, 69)	(-80, 0)	(-40, -69)	(40, -69)	diamond	green	same	left	left	(-40, -69)	(40, -69)	search	nr	True	262556	263438	left	10	160	85	35	60	135	None	None	testing
1	xh	f	21	green	2	(80, 0)	(40, 69)	(-39, 69)	(-80, 0)	(-40, -69)	(40, -69)	circle	green	dif	left	left	(80, 0)	(-39, 69)	search	nr	True	264669	265919	left	135	60	35	85	110	160	None	None	testing
1	xh	f	21	green	2	(80, 0)	(40, 69)	(-39, 69)	(-80, 0)	(-40, -69)	(40, -69)	circle	green	same	right	right	(80, 0)	(-80, 0)	search	nr	True	267183	268286	right	110	60	160	85	135	10	None	None	testing
1	xh	f	21	green	2	(80, 0)	(40, 69)	(-39, 69)	(-80, 0)	(-40, -69)	(40, -69)	diamond	green	dif	left	left	(80, 0)	(-40, -69)	search	nr	True	269581	270831	left	160	85	35	60	110	10	None	None	testing
1	xh	f	21	green	2	(80, 0)	(40, 69)	(-39, 69)	(-80, 0)	(-40, -69)	(40, -69)	diamond	green	dif	right	right	(80, 0)	(40, -69)	search	nr	True	272112	272990	right	10	35	85	135	60	160	None	None	testing
1	xh	f	21	green	2	(80, 0)	(40, 69)	(-39, 69)	(-80, 0)	(-40, -69)	(40, -69)	diamond	green	same	left	left	(80, 0)	(-80, 0)	probe	norm	None	None	None	None	85	160	35	60	110	135	(40, -69)	19	testing
1	xh	f	21	green	2	(80, 0)	(40, 69)	(-39, 69)	(-80, 0)	(-40, -69)	(40, -69)	circle	none	dif	right	right	N_dist	(-40, -69)	search	nr	True	279254	280255	right	35	60	160	110	135	10	None	None	testing
1	xh	f	21	green	2	(80, 0)	(40, 69)	(-39, 69)	(-80, 0)	(-40, -69)	(40, -69)	circle	green	dif	right	right	(40, -69)	(-39, 69)	probe	l_sin	None	None	None	None	160	60	10	135	35	85	(40, -69)	160	testing
1	xh	f	21	green	2	(80, 0)	(40, 69)	(-39, 69)	(-80, 0)	(-40, -69)	(40, -69)	diamond	green	same	left	left	(80, 0)	(-39, 69)	search	nr	True	285893	286719	left	10	160	85	35	110	135	None	None	testing
1	xh	f	21	green	2	(80, 0)	(40, 69)	(-39, 69)	(-80, 0)	(-40, -69)	(40, -69)	circle	none	same	left	left	N_dist	(80, 0)	probe	h_tar	None	None	None	None	60	35	110	160	85	10	(80, 0)	171	testing
1	xh	f	21	green	2	(80, 0)	(40, 69)	(-39, 69)	(-80, 0)	(-40, -69)	(40, -69)	diamond	green	dif	right	right	(80, 0)	(40, 69)	search	nr	True	292985	293790	right	110	160	85	10	60	35	None	None	testing
1	xh	f	21	green	2	(80, 0)	(40, 69)	(-39, 69)	(-80, 0)	(-40, -69)	(40, -69)	circle	none	same	left	left	N_dist	(-80, 0)	probe	h_norm	None	None	None	None	35	10	110	60	135	85	(80, 0)	173	testing
1	xh	f	21	green	2	(80, 0)	(40, 69)	(-39, 69)	(-80, 0)	(-40, -69)	(40, -69)	diamond	green	same	right	right	(80, 0)	(-40, -69)	search	nr	True	303195	304142	right	35	110	60	10	85	135	None	None	testing
1	xh	f	21	green	2	(80, 0)	(40, 69)	(-39, 69)	(-80, 0)	(-40, -69)	(40, -69)	circle	none	dif	right	right	N_dist	(40, 69)	search	nr	True	305291	306270	right	10	35	60	85	110	135	None	None	testing
1	xh	f	21	green	2	(80, 0)	(40, 69)	(-39, 69)	(-80, 0)	(-40, -69)	(40, -69)	circle	green	dif	left	left	(80, 0)	(40, 69)	search	nr	True	307453	308286	left	110	85	10	160	135	60	None	None	testing
1	xh	f	21	green	2	(80, 0)	(40, 69)	(-39, 69)	(-80, 0)	(-40, -69)	(40, -69)	diamond	green	dif	right	right	(80, 0)	(-39, 69)	search	nr	True	309565	310350	right	135	110	10	60	85	35	None	None	testing
1	xh	f	21	green	2	(80, 0)	(40, 69)	(-39, 69)	(-80, 0)	(-40, -69)	(40, -69)	circle	green	dif	left	left	(80, 0)	(-80, 0)	search	nr	True	311611	312751	left	60	135	35	160	10	85	None	None	testing
1	xh	f	21	green	2	(80, 0)	(40, 69)	(-39, 69)	(-80, 0)	(-40, -69)	(40, -69)	diamond	none	dif	right	right	N_dist	(40, 69)	search	nr	True	314025	314847	right	60	135	85	160	10	35	None	None	testing
1	xh	f	21	green	2	(80, 0)	(40, 69)	(-39, 69)	(-80, 0)	(-40, -69)	(40, -69)	circle	green	dif	right	right	(80, 0)	(-39, 69)	search	nr	True	316154	317551	right	85	35	60	160	110	10	None	None	testing
1	xh	f	21	green	2	(80, 0)	(40, 69)	(-39, 69)	(-80, 0)	(-40, -69)	(40, -69)	diamond	green	same	right	right	(-80, 0)	(-39, 69)	probe	l_sin	None	None	None	None	60	135	110	160	85	10	(-80, 0)	22	testing
1	xh	f	21	green	2	(80, 0)	(40, 69)	(-39, 69)	(-80, 0)	(-40, -69)	(40, -69)	diamond	green	same	left	left	(80, 0)	(40, -69)	search	nr	True	325912	326686	left	10	35	160	110	135	85	None	None	testing
1	xh	f	21	green	2	(80, 0)	(40, 69)	(-39, 69)	(-80, 0)	(-40, -69)	(40, -69)	diamond	green	same	right	right	(80, 0)	(40, -69)	search	nr	True	327973	328782	right	85	10	135	35	110	60	None	None	testing
1	xh	f	21	green	2	(80, 0)	(40, 69)	(-39, 69)	(-80, 0)	(-40, -69)	(40, -69)	diamond	none	dif	left	left	N_dist	(80, 0)	search	nr	True	330003	331007	left	35	10	85	60	110	135	None	None	testing
1	xh	f	21	green	2	(80, 0)	(40, 69)	(-39, 69)	(-80, 0)	(-40, -69)	(40, -69)	diamond	green	same	right	right	(80, 0)	(40, -69)	probe	norm	None	None	None	None	110	10	60	35	85	160	(-39, 69)	167	testing
1	xh	f	21	green	2	(80, 0)	(40, 69)	(-39, 69)	(-80, 0)	(-40, -69)	(40, -69)	diamond	green	same	right	right	(40, -69)	(-40, -69)	probe	l_sin	None	None	None	None	110	60	135	160	85	35	(40, -69)	160	testing
1	xh	f	21	green	2	(80, 0)	(40, 69)	(-39, 69)	(-80, 0)	(-40, -69)	(40, -69)	diamond	green	same	right	right	(-80, 0)	(-39, 69)	probe	norm	None	None	None	None	160	60	35	135	110	85	(40, -69)	12	testing
1	xh	f	21	green	2	(80, 0)	(40, 69)	(-39, 69)	(-80, 0)	(-40, -69)	(40, -69)	diamond	green	same	left	left	(-39, 69)	(40, 69)	search	nr	True	348428	349454	left	10	160	135	60	85	110	None	None	testing
1	xh	f	21	green	2	(80, 0)	(40, 69)	(-39, 69)	(-80, 0)	(-40, -69)	(40, -69)	circle	green	dif	left	left	(-40, -69)	(-80, 0)	probe	norm	None	None	None	None	135	110	60	85	160	35	(40, 69)	164	testing
1	xh	f	21	green	2	(80, 0)	(40, 69)	(-39, 69)	(-80, 0)	(-40, -69)	(40, -69)	diamond	none	dif	left	left	N_dist	(-39, 69)	probe	l_norm	None	None	None	None	35	85	135	110	10	60	(-40, -69)	157	testing
1	xh	f	21	green	2	(80, 0)	(40, 69)	(-39, 69)	(-80, 0)	(-40, -69)	(40, -69)	diamond	green	same	right	right	(80, 0)	(-40, -69)	probe	h_sin	None	None	None	None	85	35	135	160	110	60	(80, 0)	158	testing
1	xh	f	21	green	2	(80, 0)	(40, 69)	(-39, 69)	(-80, 0)	(-40, -69)	(40, -69)	diamond	green	same	right	right	(-80, 0)	(-39, 69)	search	nr	True	369434	370622	right	10	35	85	110	135	160	None	None	testing
1	xh	f	21	green	2	(80, 0)	(40, 69)	(-39, 69)	(-80, 0)	(-40, -69)	(40, -69)	diamond	green	same	right	right	(40, -69)	(-40, -69)	search	nr	True	371798	372639	right	60	135	35	160	85	10	None	None	testing
1	xh	f	21	green	2	(80, 0)	(40, 69)	(-39, 69)	(-80, 0)	(-40, -69)	(40, -69)	circle	none	dif	left	left	N_dist	(80, 0)	probe	h_tar	None	None	None	None	160	60	135	85	110	10	(80, 0)	27	testing
1	xh	f	21	green	2	(80, 0)	(40, 69)	(-39, 69)	(-80, 0)	(-40, -69)	(40, -69)	circle	green	same	right	right	(40, 69)	(-40, -69)	search	nr	True	379711	381102	right	85	160	35	10	110	135	None	None	testing
1	xh	f	21	green	2	(80, 0)	(40, 69)	(-39, 69)	(-80, 0)	(-40, -69)	(40, -69)	circle	green	dif	left	left	(80, 0)	(-39, 69)	search	nr	True	382393	383134	left	35	160	60	85	10	110	None	None	testing
1	xh	f	21	green	2	(80, 0)	(40, 69)	(-39, 69)	(-80, 0)	(-40, -69)	(40, -69)	circle	none	dif	right	right	N_dist	(-40, -69)	probe	h_norm	None	None	None	None	10	110	135	60	35	160	(80, 0)	31	testing
1	xh	f	21	green	2	(80, 0)	(40, 69)	(-39, 69)	(-80, 0)	(-40, -69)	(40, -69)	circle	green	dif	right	right	(80, 0)	(-80, 0)	probe	tar	None	None	None	None	35	10	135	160	110	60	(-80, 0)	21	testing
1	xh	f	21	green	2	(80, 0)	(40, 69)	(-39, 69)	(-80, 0)	(-40, -69)	(40, -69)	circle	green	dif	right	right	(80, 0)	(-39, 69)	probe	tar	None	None	None	None	35	110	60	85	160	10	(-39, 69)	166	testing
1	xh	f	21	green	2	(80, 0)	(40, 69)	(-39, 69)	(-80, 0)	(-40, -69)	(40, -69)	diamond	green	same	left	left	(80, 0)	(40, 69)	search	nr	True	401154	402095	left	135	160	35	60	10	110	None	None	testing
1	xh	f	21	green	2	(80, 0)	(40, 69)	(-39, 69)	(-80, 0)	(-40, -69)	(40, -69)	diamond	none	same	left	left	N_dist	(40, 69)	probe	h_norm	None	None	None	None	110	60	35	85	10	135	(80, 0)	178	testing
1	xh	f	21	green	2	(80, 0)	(40, 69)	(-39, 69)	(-80, 0)	(-40, -69)	(40, -69)	circle	green	dif	right	right	(-39, 69)	(-40, -69)	search	nr	True	410576	411630	right	60	35	110	10	135	160	None	None	testing
1	xh	f	21	green	2	(80, 0)	(40, 69)	(-39, 69)	(-80, 0)	(-40, -69)	(40, -69)	circle	green	same	right	right	(-39, 69)	(-80, 0)	search	nr	True	412688	414030	right	35	85	60	10	135	160	None	None	testing
1	xh	f	21	green	2	(80, 0)	(40, 69)	(-39, 69)	(-80, 0)	(-40, -69)	(40, -69)	diamond	green	dif	left	left	(80, 0)	(40, 69)	search	nr	True	415254	416206	left	160	60	35	135	110	85	None	None	testing
1	xh	f	21	green	2	(80, 0)	(40, 69)	(-39, 69)	(-80, 0)	(-40, -69)	(40, -69)	diamond	green	same	right	right	(80, 0)	(40, -69)	search	nr	True	417265	418158	right	110	35	10	135	60	160	None	None	testing
1	xh	f	21	green	2	(80, 0)	(40, 69)	(-39, 69)	(-80, 0)	(-40, -69)	(40, -69)	diamond	none	dif	right	right	N_dist	(80, 0)	search	nr	True	419310	420238	right	60	135	160	110	35	10	None	None	testing
1	xh	f	21	green	2	(80, 0)	(40, 69)	(-39, 69)	(-80, 0)	(-40, -69)	(40, -69)	diamond	green	dif	right	right	(80, 0)	(-40, -69)	search	nr	True	421507	422414	right	10	160	60	35	85	110	None	None	testing
1	xh	f	21	green	2	(80, 0)	(40, 69)	(-39, 69)	(-80, 0)	(-40, -69)	(40, -69)	diamond	green	same	left	left	(80, 0)	(40, -69)	probe	tar	None	None	None	None	110	10	60	35	135	85	(40, -69)	175	testing
1	xh	f	21	green	2	(80, 0)	(40, 69)	(-39, 69)	(-80, 0)	(-40, -69)	(40, -69)	circle	none	same	left	left	N_dist	(-40, -69)	search	nr	True	429571	430574	left	35	160	110	60	10	135	None	None	testing
1	xh	f	21	green	2	(80, 0)	(40, 69)	(-39, 69)	(-80, 0)	(-40, -69)	(40, -69)	diamond	green	same	right	right	(40, -69)	(-40, -69)	search	nr	True	431868	432926	right	160	10	60	135	110	35	None	None	testing
1	xh	f	21	green	2	(80, 0)	(40, 69)	(-39, 69)	(-80, 0)	(-40, -69)	(40, -69)	circle	green	same	right	right	(80, 0)	(40, 69)	probe	tar	None	None	None	None	60	10	110	135	85	160	(40, 69)	10	testing
1	xh	f	21	green	2	(80, 0)	(40, 69)	(-39, 69)	(-80, 0)	(-40, -69)	(40, -69)	diamond	green	dif	right	right	(80, 0)	(-40, -69)	search	nr	True	439445	440430	right	135	35	85	160	110	60	None	None	testing
1	xh	f	21	green	2	(80, 0)	(40, 69)	(-39, 69)	(-80, 0)	(-40, -69)	(40, -69)	diamond	green	dif	left	left	(80, 0)	(-40, -69)	search	nr	True	441676	442558	left	35	160	60	85	110	10	None	None	testing
1	xh	f	21	green	2	(80, 0)	(40, 69)	(-39, 69)	(-80, 0)	(-40, -69)	(40, -69)	diamond	green	same	left	left	(80, 0)	(-39, 69)	probe	tar	None	None	None	None	10	135	160	110	35	60	(-39, 69)	22	testing
1	xh	f	21	green	2	(80, 0)	(40, 69)	(-39, 69)	(-80, 0)	(-40, -69)	(40, -69)	diamond	green	dif	left	left	(80, 0)	(40, -69)	probe	h_sin	None	None	None	None	85	110	35	135	160	60	(80, 0)	18	testing
1	xh	f	21	green	2	(80, 0)	(40, 69)	(-39, 69)	(-80, 0)	(-40, -69)	(40, -69)	diamond	green	dif	left	left	(40, -69)	(-39, 69)	probe	tar	None	None	None	None	35	110	160	135	85	10	(-39, 69)	22	testing
1	xh	f	21	green	2	(80, 0)	(40, 69)	(-39, 69)	(-80, 0)	(-40, -69)	(40, -69)	diamond	green	same	left	left	(80, 0)	(-80, 0)	search	nr	True	461123	462030	left	160	110	85	135	60	10	None	None	testing
1	xh	f	21	green	2	(80, 0)	(40, 69)	(-39, 69)	(-80, 0)	(-40, -69)	(40, -69)	circle	green	dif	left	left	(-80, 0)	(-39, 69)	search	nr	True	463135	464814	left	10	85	135	160	35	110	None	None	testing
1	xh	f	21	green	2	(80, 0)	(40, 69)	(-39, 69)	(-80, 0)	(-40, -69)	(40, -69)	diamond	green	dif	left	left	(-80, 0)	(40, -69)	probe	l_sin	None	None	None	None	160	35	60	135	10	85	(-80, 0)	13	testing
1	xh	f	21	green	2	(80, 0)	(40, 69)	(-39, 69)	(-80, 0)	(-40, -69)	(40, -69)	circle	green	same	right	right	(80, 0)	(-40, -69)	search	nr	True	470931	471886	right	85	110	160	35	60	135	None	None	testing
1	xh	f	21	green	2	(80, 0)	(40, 69)	(-39, 69)	(-80, 0)	(-40, -69)	(40, -69)	circle	green	same	left	left	(80, 0)	(40, 69)	probe	norm	None	None	None	None	85	35	135	60	160	10	(40, -69)	40	testing
1	xh	f	21	green	2	(80, 0)	(40, 69)	(-39, 69)	(-80, 0)	(-40, -69)	(40, -69)	diamond	green	dif	right	right	(80, 0)	(40, 69)	search	nr	True	478475	479326	right	110	60	85	135	160	35	None	None	testing
1	xh	f	21	green	2	(80, 0)	(40, 69)	(-39, 69)	(-80, 0)	(-40, -69)	(40, -69)	diamond	none	same	right	right	N_dist	(-80, 0)	probe	l_tar	None	None	None	None	10	110	85	60	35	160	(-80, 0)	168	testing
1	xh	f	21	green	2	(80, 0)	(40, 69)	(-39, 69)	(-80, 0)	(-40, -69)	(40, -69)	circle	green	same	left	left	(80, 0)	(40, -69)	search	nr	True	486270	487229	left	110	85	35	135	160	60	None	None	testing
1	xh	f	21	green	2	(80, 0)	(40, 69)	(-39, 69)	(-80, 0)	(-40, -69)	(40, -69)	diamond	green	dif	left	left	(-40, -69)	(40, -69)	search	nr	True	488316	489118	left	60	160	10	110	135	35	None	None	testing
1	xh	f	21	green	2	(80, 0)	(40, 69)	(-39, 69)	(-80, 0)	(-40, -69)	(40, -69)	circle	none	dif	left	left	N_dist	(-80, 0)	search	nr	True	490178	491214	left	10	135	35	110	85	160	None	None	testing
1	xh	f	21	green	2	(80, 0)	(40, 69)	(-39, 69)	(-80, 0)	(-40, -69)	(40, -69)	circle	green	dif	left	left	(-40, -69)	(-80, 0)	probe	tar	None	None	None	None	85	10	60	135	160	110	(-80, 0)	172	testing
1	xh	f	21	green	2	(80, 0)	(40, 69)	(-39, 69)	(-80, 0)	(-40, -69)	(40, -69)	diamond	green	same	right	right	(80, 0)	(-39, 69)	probe	tar	None	None	None	None	160	135	110	85	35	10	(-39, 69)	11	testing
1	xh	f	21	green	2	(80, 0)	(40, 69)	(-39, 69)	(-80, 0)	(-40, -69)	(40, -69)	diamond	green	same	right	right	(40, -69)	(-40, -69)	search	nr	True	504713	505870	right	85	135	160	35	110	60	None	None	testing
1	xh	f	21	green	2	(80, 0)	(40, 69)	(-39, 69)	(-80, 0)	(-40, -69)	(40, -69)	diamond	green	dif	left	left	(80, 0)	(-40, -69)	search	nr	True	506959	507742	left	85	110	10	60	160	135	None	None	testing
1	xh	f	21	green	2	(80, 0)	(40, 69)	(-39, 69)	(-80, 0)	(-40, -69)	(40, -69)	diamond	none	dif	left	left	N_dist	(-39, 69)	search	nr	True	508904	509630	left	85	135	160	35	110	60	None	None	testing
1	xh	f	21	green	2	(80, 0)	(40, 69)	(-39, 69)	(-80, 0)	(-40, -69)	(40, -69)	diamond	green	dif	right	right	(80, 0)	(40, 69)	probe	h_sin	None	None	None	None	10	35	135	160	60	85	(80, 0)	28	testing
1	xh	f	21	green	2	(80, 0)	(40, 69)	(-39, 69)	(-80, 0)	(-40, -69)	(40, -69)	circle	none	dif	left	left	N_dist	(40, 69)	probe	l_tar	None	None	None	None	135	110	10	160	85	60	(40, 69)	144	testing
1	xh	f	21	green	2	(80, 0)	(40, 69)	(-39, 69)	(-80, 0)	(-40, -69)	(40, -69)	circle	green	same	right	right	(80, 0)	(40, 69)	probe	tar	None	None	None	None	135	10	35	160	85	60	(40, 69)	169	testing
1	xh	f	21	green	2	(80, 0)	(40, 69)	(-39, 69)	(-80, 0)	(-40, -69)	(40, -69)	circle	green	same	left	left	(80, 0)	(40, -69)	probe	norm	None	None	None	None	135	110	60	10	35	85	(-39, 69)	166	testing
1	xh	f	21	green	2	(80, 0)	(40, 69)	(-39, 69)	(-80, 0)	(-40, -69)	(40, -69)	circle	green	same	left	left	(80, 0)	(-80, 0)	search	nr	True	541412	542685	left	160	10	85	110	60	35	None	None	testing
1	xh	f	21	green	2	(80, 0)	(40, 69)	(-39, 69)	(-80, 0)	(-40, -69)	(40, -69)	diamond	none	dif	right	right	N_dist	(40, 69)	probe	l_norm	None	None	None	None	10	135	60	35	85	110	(-39, 69)	165	testing
1	xh	f	21	green	2	(80, 0)	(40, 69)	(-39, 69)	(-80, 0)	(-40, -69)	(40, -69)	circle	green	same	left	left	(40, 69)	(-40, -69)	search	nr	True	548956	549790	left	160	35	85	110	135	60	None	None	testing
1	xh	f	21	green	2	(80, 0)	(40, 69)	(-39, 69)	(-80, 0)	(-40, -69)	(40, -69)	diamond	none	dif	left	left	N_dist	(40, -69)	probe	l_norm	None	None	None	None	85	135	10	110	160	35	(-80, 0)	0	testing
1	xh	f	21	green	2	(80, 0)	(40, 69)	(-39, 69)	(-80, 0)	(-40, -69)	(40, -69)	diamond	green	dif	right	right	(80, 0)	(-40, -69)	probe	norm	None	None	None	None	110	160	60	85	10	35	(40, 69)	156	testing
1	xh	f	21	green	2	(80, 0)	(40, 69)	(-39, 69)	(-80, 0)	(-40, -69)	(40, -69)	circle	none	dif	right	right	N_dist	(40, 69)	search	nr	True	559199	560205	right	10	110	60	160	35	85	None	None	testing
1	xh	f	21	green	2	(80, 0)	(40, 69)	(-39, 69)	(-80, 0)	(-40, -69)	(40, -69)	diamond	green	dif	right	right	(80, 0)	(40, -69)	probe	h_sin	None	None	None	None	160	110	10	35	85	135	(80, 0)	39	testing
1	xh	f	21	green	2	(80, 0)	(40, 69)	(-39, 69)	(-80, 0)	(-40, -69)	(40, -69)	diamond	none	same	left	left	N_dist	(-80, 0)	probe	h_norm	None	None	None	None	160	85	35	110	60	10	(80, 0)	36	testing
1	xh	f	21	green	2	(80, 0)	(40, 69)	(-39, 69)	(-80, 0)	(-40, -69)	(40, -69)	diamond	green	dif	right	right	(80, 0)	(40, -69)	probe	norm	None	None	None	None	160	10	135	85	35	60	(-39, 69)	22	testing
1	xh	f	21	green	2	(80, 0)	(40, 69)	(-39, 69)	(-80, 0)	(-40, -69)	(40, -69)	circle	green	dif	left	left	(80, 0)	(-39, 69)	probe	h_sin	None	None	None	None	60	10	135	85	35	160	(80, 0)	167	testing
1	xh	f	21	green	2	(80, 0)	(40, 69)	(-39, 69)	(-80, 0)	(-40, -69)	(40, -69)	diamond	green	dif	left	left	(80, 0)	(40, -69)	search	nr	True	586308	587246	left	135	35	85	110	160	60	None	None	testing
1	xh	f	21	green	2	(80, 0)	(40, 69)	(-39, 69)	(-80, 0)	(-40, -69)	(40, -69)	diamond	green	dif	right	right	(80, 0)	(-40, -69)	probe	norm	None	None	None	None	85	160	10	135	110	60	(-80, 0)	13	testing
1	xh	f	21	green	2	(80, 0)	(40, 69)	(-39, 69)	(-80, 0)	(-40, -69)	(40, -69)	circle	green	dif	left	left	(80, 0)	(40, -69)	probe	h_sin	None	None	None	None	60	135	10	35	110	160	(80, 0)	169	testing
1	xh	f	21	green	2	(80, 0)	(40, 69)	(-39, 69)	(-80, 0)	(-40, -69)	(40, -69)	circle	green	dif	left	left	(80, 0)	(40, -69)	search	nr	True	597760	598685	left	160	10	135	60	35	110	None	None	testing
1	xh	f	21	green	2	(80, 0)	(40, 69)	(-39, 69)	(-80, 0)	(-40, -69)	(40, -69)	diamond	none	same	left	left	N_dist	(40, 69)	search	nr	True	599872	600542	left	35	135	110	85	10	160	None	None	testing
1	xh	f	21	green	2	(80, 0)	(40, 69)	(-39, 69)	(-80, 0)	(-40, -69)	(40, -69)	circle	none	same	left	left	N_dist	(80, 0)	search	nr	True	601666	603038	left	135	160	35	110	10	60	None	None	testing
1	xh	f	21	green	2	(80, 0)	(40, 69)	(-39, 69)	(-80, 0)	(-40, -69)	(40, -69)	diamond	none	same	left	left	N_dist	(40, 69)	probe	l_tar	None	None	None	None	10	85	110	160	135	35	(40, 69)	165	testing
1	xh	f	21	green	2	(80, 0)	(40, 69)	(-39, 69)	(-80, 0)	(-40, -69)	(40, -69)	diamond	green	same	left	left	(-39, 69)	(40, 69)	probe	l_sin	None	None	None	None	10	60	135	35	160	110	(-39, 69)	17	testing
1	xh	f	21	green	2	(80, 0)	(40, 69)	(-39, 69)	(-80, 0)	(-40, -69)	(40, -69)	circle	none	same	right	right	N_dist	(-39, 69)	probe	l_norm	None	None	None	None	60	10	160	85	35	110	(40, 69)	50	testing
1	xh	f	21	green	2	(80, 0)	(40, 69)	(-39, 69)	(-80, 0)	(-40, -69)	(40, -69)	circle	green	dif	right	right	(40, 69)	(-40, -69)	probe	tar	None	None	None	None	135	110	85	60	10	35	(-40, -69)	147	testing
1	xh	f	21	green	2	(80, 0)	(40, 69)	(-39, 69)	(-80, 0)	(-40, -69)	(40, -69)	diamond	green	dif	right	right	(40, -69)	(-39, 69)	search	nr	True	630233	631806	right	60	35	85	10	135	160	None	None	testing
1	xh	f	21	green	2	(80, 0)	(40, 69)	(-39, 69)	(-80, 0)	(-40, -69)	(40, -69)	diamond	green	dif	right	right	(40, 69)	(40, -69)	probe	l_sin	None	None	None	None	10	35	110	85	160	135	(40, 69)	65	testing
1	xh	f	21	green	2	(80, 0)	(40, 69)	(-39, 69)	(-80, 0)	(-40, -69)	(40, -69)	circle	green	dif	left	left	(-40, -69)	(-80, 0)	search	nr	True	641734	642989	left	160	135	85	60	35	10	None	None	testing
1	xh	f	21	green	2	(80, 0)	(40, 69)	(-39, 69)	(-80, 0)	(-40, -69)	(40, -69)	circle	none	same	right	right	N_dist	(-39, 69)	search	nr	True	644216	645325	right	35	60	110	160	85	10	None	None	testing
1	xh	f	21	green	2	(80, 0)	(40, 69)	(-39, 69)	(-80, 0)	(-40, -69)	(40, -69)	circle	green	same	left	left	(80, 0)	(-40, -69)	search	nr	True	646412	647294	left	10	160	135	110	60	85	None	None	testing
1	xh	f	21	green	2	(80, 0)	(40, 69)	(-39, 69)	(-80, 0)	(-40, -69)	(40, -69)	circle	green	dif	right	right	(-40, -69)	(-80, 0)	search	nr	True	648541	649470	right	85	135	35	60	160	10	None	None	testing
1	xh	f	21	green	2	(80, 0)	(40, 69)	(-39, 69)	(-80, 0)	(-40, -69)	(40, -69)	circle	green	same	left	left	(80, 0)	(-80, 0)	search	nr	True	650603	651485	left	85	160	135	10	35	60	None	None	testing
1	xh	f	21	green	2	(80, 0)	(40, 69)	(-39, 69)	(-80, 0)	(-40, -69)	(40, -69)	diamond	green	dif	right	right	(40, 69)	(40, -69)	search	nr	True	652632	653630	right	160	35	85	135	110	10	None	None	testing
1	xh	f	21	green	2	(80, 0)	(40, 69)	(-39, 69)	(-80, 0)	(-40, -69)	(40, -69)	circle	green	dif	right	right	(-39, 69)	(40, -69)	probe	l_sin	None	None	None	None	135	110	85	160	60	10	(-39, 69)	6	testing
1	xh	f	21	green	2	(80, 0)	(40, 69)	(-39, 69)	(-80, 0)	(-40, -69)	(40, -69)	circle	none	same	left	left	N_dist	(80, 0)	search	nr	True	659254	660189	left	85	160	35	135	10	60	None	None	testing
1	xh	f	21	green	2	(80, 0)	(40, 69)	(-39, 69)	(-80, 0)	(-40, -69)	(40, -69)	circle	green	same	left	left	(80, 0)	(-80, 0)	search	nr	True	661468	662653	left	60	10	160	35	85	110	None	None	testing
1	xh	f	21	green	2	(80, 0)	(40, 69)	(-39, 69)	(-80, 0)	(-40, -69)	(40, -69)	circle	green	dif	right	right	(80, 0)	(-39, 69)	search	nr	True	663781	664765	right	35	160	60	110	85	135	None	None	testing
1	xh	f	21	green	2	(80, 0)	(40, 69)	(-39, 69)	(-80, 0)	(-40, -69)	(40, -69)	circle	green	dif	right	right	(-39, 69)	(-80, 0)	search	nr	True	666011	667598	right	10	35	85	110	60	160	None	None	testing
1	xh	f	21	green	2	(80, 0)	(40, 69)	(-39, 69)	(-80, 0)	(-40, -69)	(40, -69)	diamond	green	dif	left	left	(80, 0)	(-40, -69)	probe	h_sin	None	None	None	None	85	160	135	10	60	110	(80, 0)	6	testing
1	xh	f	21	green	2	(80, 0)	(40, 69)	(-39, 69)	(-80, 0)	(-40, -69)	(40, -69)	diamond	green	same	left	left	(80, 0)	(-39, 69)	search	nr	True	674712	675725	left	85	160	10	110	60	135	None	None	testing
1	xh	f	21	green	2	(80, 0)	(40, 69)	(-39, 69)	(-80, 0)	(-40, -69)	(40, -69)	diamond	green	dif	right	right	(40, 69)	(40, -69)	probe	norm	None	None	None	None	10	135	160	60	110	85	(-40, -69)	18	testing
1	xh	f	21	green	2	(80, 0)	(40, 69)	(-39, 69)	(-80, 0)	(-40, -69)	(40, -69)	diamond	green	same	left	left	(80, 0)	(-40, -69)	search	nr	True	681888	682813	left	160	135	85	110	35	60	None	None	testing
1	xh	f	21	green	2	(80, 0)	(40, 69)	(-39, 69)	(-80, 0)	(-40, -69)	(40, -69)	diamond	none	dif	right	right	N_dist	(-80, 0)	probe	l_norm	None	None	None	None	160	135	110	60	35	85	(40, 69)	20	testing
1	xh	f	21	green	2	(80, 0)	(40, 69)	(-39, 69)	(-80, 0)	(-40, -69)	(40, -69)	circle	green	same	right	right	(80, 0)	(-80, 0)	search	nr	True	689364	690557	right	85	110	60	35	135	10	None	None	testing
1	xh	f	21	green	2	(80, 0)	(40, 69)	(-39, 69)	(-80, 0)	(-40, -69)	(40, -69)	circle	green	dif	right	right	(40, -69)	(-39, 69)	search	nr	True	691796	692685	right	10	85	160	60	35	110	None	None	testing
1	xh	f	21	green	2	(80, 0)	(40, 69)	(-39, 69)	(-80, 0)	(-40, -69)	(40, -69)	circle	none	dif	right	right	N_dist	(-80, 0)	probe	h_norm	None	None	None	None	10	110	85	135	60	160	(80, 0)	128	testing
1	xh	f	21	green	2	(80, 0)	(40, 69)	(-39, 69)	(-80, 0)	(-40, -69)	(40, -69)	circle	none	dif	right	right	N_dist	(40, 69)	search	nr	True	701351	702046	right	135	60	35	160	10	110	None	None	testing
1	xh	f	21	green	2	(80, 0)	(40, 69)	(-39, 69)	(-80, 0)	(-40, -69)	(40, -69)	circle	green	dif	right	right	(40, 69)	(-40, -69)	search	nr	True	703162	703997	right	60	110	160	85	35	10	None	None	testing
1	xh	f	21	green	2	(80, 0)	(40, 69)	(-39, 69)	(-80, 0)	(-40, -69)	(40, -69)	circle	green	dif	right	right	(80, 0)	(-39, 69)	search	nr	True	705140	705837	right	160	10	60	35	110	85	None	None	testing
1	xh	f	21	green	2	(80, 0)	(40, 69)	(-39, 69)	(-80, 0)	(-40, -69)	(40, -69)	diamond	none	same	right	right	N_dist	(-39, 69)	search	nr	True	707136	707886	right	135	85	110	160	60	35	None	None	testing
1	xh	f	21	green	2	(80, 0)	(40, 69)	(-39, 69)	(-80, 0)	(-40, -69)	(40, -69)	diamond	none	dif	right	right	N_dist	(40, 69)	search	nr	True	709131	710126	right	35	60	135	160	85	10	None	None	testing
1	xh	f	21	green	2	(80, 0)	(40, 69)	(-39, 69)	(-80, 0)	(-40, -69)	(40, -69)	circle	green	dif	right	right	(-39, 69)	(-40, -69)	probe	l_sin	None	None	None	None	160	110	35	60	10	135	(-39, 69)	152	testing
1	xh	f	21	green	2	(80, 0)	(40, 69)	(-39, 69)	(-80, 0)	(-40, -69)	(40, -69)	circle	green	same	left	left	(80, 0)	(40, -69)	probe	h_sin	None	None	None	None	60	10	85	35	135	110	(80, 0)	164	testing
1	xh	f	21	green	2	(80, 0)	(40, 69)	(-39, 69)	(-80, 0)	(-40, -69)	(40, -69)	diamond	none	same	right	right	N_dist	(40, -69)	search	nr	True	721570	722302	right	60	110	10	135	35	85	None	None	testing
1	xh	f	21	green	2	(80, 0)	(40, 69)	(-39, 69)	(-80, 0)	(-40, -69)	(40, -69)	diamond	green	same	left	left	(80, 0)	(40, 69)	probe	norm	None	None	None	None	135	10	60	35	110	85	(40, -69)	4	testing
1	xh	f	21	green	2	(80, 0)	(40, 69)	(-39, 69)	(-80, 0)	(-40, -69)	(40, -69)	diamond	green	dif	left	left	(80, 0)	(40, 69)	search	nr	True	729600	730445	left	85	110	160	60	10	35	None	None	testing
1	xh	f	21	green	2	(80, 0)	(40, 69)	(-39, 69)	(-80, 0)	(-40, -69)	(40, -69)	diamond	green	same	left	left	(80, 0)	(-80, 0)	search	nr	True	731730	732638	left	85	60	135	110	10	160	None	None	testing
1	xh	f	21	green	2	(80, 0)	(40, 69)	(-39, 69)	(-80, 0)	(-40, -69)	(40, -69)	diamond	none	same	right	right	N_dist	(40, -69)	search	nr	True	733859	734605	right	35	10	135	60	85	110	None	None	testing
1	xh	f	21	green	2	(80, 0)	(40, 69)	(-39, 69)	(-80, 0)	(-40, -69)	(40, -69)	diamond	none	dif	right	right	N_dist	(40, -69)	probe	h_norm	None	None	None	None	135	160	35	10	85	60	(80, 0)	30	testing
1	xh	f	21	green	2	(80, 0)	(40, 69)	(-39, 69)	(-80, 0)	(-40, -69)	(40, -69)	circle	none	dif	right	right	N_dist	(40, 69)	probe	l_tar	None	None	None	None	60	85	135	10	160	110	(40, 69)	172	testing
1	xh	f	21	green	2	(80, 0)	(40, 69)	(-39, 69)	(-80, 0)	(-40, -69)	(40, -69)	circle	green	dif	right	right	(-39, 69)	(40, -69)	search	nr	True	746165	747054	right	35	60	85	10	160	135	None	None	testing
1	xh	f	21	green	2	(80, 0)	(40, 69)	(-39, 69)	(-80, 0)	(-40, -69)	(40, -69)	diamond	green	same	left	left	(80, 0)	(-39, 69)	probe	norm	None	None	None	None	85	160	10	110	135	60	(40, 69)	28	testing
1	xh	f	21	green	2	(80, 0)	(40, 69)	(-39, 69)	(-80, 0)	(-40, -69)	(40, -69)	circle	green	same	right	right	(80, 0)	(-80, 0)	probe	norm	None	None	None	None	35	110	160	135	10	85	(-39, 69)	27	testing
1	xh	f	21	green	2	(80, 0)	(40, 69)	(-39, 69)	(-80, 0)	(-40, -69)	(40, -69)	circle	none	same	right	right	N_dist	(-39, 69)	search	nr	True	759745	760476	right	35	85	135	110	160	60	None	None	testing
1	xh	f	21	green	2	(80, 0)	(40, 69)	(-39, 69)	(-80, 0)	(-40, -69)	(40, -69)	diamond	none	dif	left	left	N_dist	(40, -69)	search	nr	True	761656	762525	left	10	35	110	60	135	85	None	None	testing
1	xh	f	21	green	2	(80, 0)	(40, 69)	(-39, 69)	(-80, 0)	(-40, -69)	(40, -69)	circle	none	same	left	left	N_dist	(-40, -69)	search	nr	True	763752	764477	left	110	85	160	10	60	35	None	None	testing
1	xh	f	21	green	2	(80, 0)	(40, 69)	(-39, 69)	(-80, 0)	(-40, -69)	(40, -69)	diamond	none	dif	right	right	N_dist	(80, 0)	search	nr	True	765579	766781	right	110	60	10	35	85	160	None	None	testing
1	xh	f	21	green	2	(80, 0)	(40, 69)	(-39, 69)	(-80, 0)	(-40, -69)	(40, -69)	diamond	green	dif	right	right	(40, 69)	(40, -69)	search	nr	True	768060	769165	right	160	85	110	35	135	60	None	None	testing
1	xh	f	21	green	2	(80, 0)	(40, 69)	(-39, 69)	(-80, 0)	(-40, -69)	(40, -69)	diamond	green	same	right	right	(80, 0)	(-40, -69)	search	nr	True	770257	771293	right	160	10	60	110	35	135	None	None	testing
1	xh	f	21	green	2	(80, 0)	(40, 69)	(-39, 69)	(-80, 0)	(-40, -69)	(40, -69)	diamond	green	dif	right	right	(40, -69)	(-39, 69)	search	nr	True	772587	773341	right	60	85	10	35	110	160	None	None	testing
1	xh	f	21	green	2	(80, 0)	(40, 69)	(-39, 69)	(-80, 0)	(-40, -69)	(40, -69)	circle	green	same	left	left	(80, 0)	(-80, 0)	probe	tar	None	None	None	None	35	160	60	110	135	10	(-80, 0)	5	testing
1	xh	f	21	green	2	(80, 0)	(40, 69)	(-39, 69)	(-80, 0)	(-40, -69)	(40, -69)	circle	none	same	right	right	N_dist	(-39, 69)	probe	h_norm	None	None	None	None	60	110	10	160	135	85	(80, 0)	25	testing
1	xh	f	21	green	2	(80, 0)	(40, 69)	(-39, 69)	(-80, 0)	(-40, -69)	(40, -69)	circle	none	dif	left	left	N_dist	(80, 0)	search	nr	True	789956	790861	left	110	135	60	160	85	35	None	None	testing
1	xh	f	21	green	2	(80, 0)	(40, 69)	(-39, 69)	(-80, 0)	(-40, -69)	(40, -69)	circle	green	same	right	right	(40, 69)	(-40, -69)	probe	tar	None	None	None	None	160	135	85	35	10	60	(-40, -69)	44	testing
1	xh	f	21	green	2	(80, 0)	(40, 69)	(-39, 69)	(-80, 0)	(-40, -69)	(40, -69)	circle	green	same	right	right	(80, 0)	(40, 69)	search	nr	True	799680	800685	right	35	160	60	110	10	135	None	None	testing
1	xh	f	21	green	2	(80, 0)	(40, 69)	(-39, 69)	(-80, 0)	(-40, -69)	(40, -69)	diamond	green	dif	right	right	(80, 0)	(40, -69)	search	nr	True	801892	803054	right	85	35	135	160	110	60	None	None	testing
1	xh	f	21	green	2	(80, 0)	(40, 69)	(-39, 69)	(-80, 0)	(-40, -69)	(40, -69)	diamond	none	same	right	right	N_dist	(-39, 69)	probe	l_tar	None	None	None	None	10	160	60	110	35	85	(-39, 69)	164	testing
1	xh	f	21	green	2	(80, 0)	(40, 69)	(-39, 69)	(-80, 0)	(-40, -69)	(40, -69)	circle	none	same	left	left	N_dist	(80, 0)	search	nr	True	808800	809677	left	135	85	35	110	60	160	None	None	testing
1	xh	f	21	green	2	(80, 0)	(40, 69)	(-39, 69)	(-80, 0)	(-40, -69)	(40, -69)	circle	green	same	right	right	(80, 0)	(-40, -69)	probe	norm	None	None	None	None	35	135	60	160	110	85	(-80, 0)	31	testing
1	xh	f	21	green	2	(80, 0)	(40, 69)	(-39, 69)	(-80, 0)	(-40, -69)	(40, -69)	circle	green	same	right	right	(80, 0)	(40, 69)	search	nr	True	816713	817469	right	35	160	135	10	110	60	None	None	testing
1	xh	f	21	green	2	(80, 0)	(40, 69)	(-39, 69)	(-80, 0)	(-40, -69)	(40, -69)	circle	green	dif	left	left	(80, 0)	(40, 69)	probe	tar	None	None	None	None	35	60	135	10	160	85	(40, 69)	166	testing
1	xh	f	21	green	2	(80, 0)	(40, 69)	(-39, 69)	(-80, 0)	(-40, -69)	(40, -69)	diamond	green	dif	left	left	(-80, 0)	(-40, -69)	search	nr	True	823435	824637	left	135	85	60	110	160	10	None	None	testing
1	xh	f	21	green	2	(80, 0)	(40, 69)	(-39, 69)	(-80, 0)	(-40, -69)	(40, -69)	circle	green	dif	left	left	(80, 0)	(-39, 69)	search	nr	True	825933	826909	left	110	160	60	85	35	135	None	None	testing
1	xh	f	21	green	2	(80, 0)	(40, 69)	(-39, 69)	(-80, 0)	(-40, -69)	(40, -69)	circle	green	dif	right	right	(80, 0)	(-80, 0)	search	nr	True	828046	829053	right	135	10	35	110	160	85	None	None	testing
1	xh	f	21	green	2	(80, 0)	(40, 69)	(-39, 69)	(-80, 0)	(-40, -69)	(40, -69)	circle	green	dif	right	right	(-39, 69)	(40, -69)	search	nr	True	830343	831309	right	85	160	10	60	35	135	None	None	testing
1	xh	f	21	green	2	(80, 0)	(40, 69)	(-39, 69)	(-80, 0)	(-40, -69)	(40, -69)	diamond	green	dif	left	left	(80, 0)	(-40, -69)	probe	h_sin	None	None	None	None	135	85	160	10	60	110	(80, 0)	22	testing
1	xh	f	21	green	2	(80, 0)	(40, 69)	(-39, 69)	(-80, 0)	(-40, -69)	(40, -69)	diamond	green	same	right	right	(-39, 69)	(-40, -69)	search	nr	True	838491	839597	right	85	160	35	10	60	135	None	None	testing
1	xh	f	21	green	2	(80, 0)	(40, 69)	(-39, 69)	(-80, 0)	(-40, -69)	(40, -69)	circle	none	same	right	right	N_dist	(-39, 69)	search	nr	True	840704	841565	right	135	85	110	10	35	160	None	None	testing
1	xh	f	21	green	2	(80, 0)	(40, 69)	(-39, 69)	(-80, 0)	(-40, -69)	(40, -69)	circle	green	dif	right	right	(-40, -69)	(-80, 0)	probe	norm	None	None	None	None	60	135	85	160	110	35	(-39, 69)	0	testing
1	xh	f	21	green	2	(80, 0)	(40, 69)	(-39, 69)	(-80, 0)	(-40, -69)	(40, -69)	circle	green	same	right	right	(80, 0)	(-80, 0)	search	nr	True	846421	847549	right	110	60	135	160	35	10	None	None	testing
1	xh	f	21	green	2	(80, 0)	(40, 69)	(-39, 69)	(-80, 0)	(-40, -69)	(40, -69)	circle	green	same	right	right	(80, 0)	(-40, -69)	probe	norm	None	None	None	None	85	60	110	35	10	135	(-80, 0)	167	testing
1	xh	f	21	green	2	(80, 0)	(40, 69)	(-39, 69)	(-80, 0)	(-40, -69)	(40, -69)	circle	green	same	left	left	(40, 69)	(-40, -69)	probe	norm	None	None	None	None	135	10	35	110	160	60	(80, 0)	28	testing
1	xh	f	21	green	2	(80, 0)	(40, 69)	(-39, 69)	(-80, 0)	(-40, -69)	(40, -69)	diamond	green	dif	right	right	(80, 0)	(-40, -69)	search	nr	True	860286	861197	right	135	35	160	110	85	60	None	None	testing
1	xh	f	21	green	2	(80, 0)	(40, 69)	(-39, 69)	(-80, 0)	(-40, -69)	(40, -69)	diamond	green	dif	right	right	(80, 0)	(40, 69)	probe	tar	None	None	None	None	35	160	60	10	135	110	(40, 69)	26	testing
1	xh	f	21	green	2	(80, 0)	(40, 69)	(-39, 69)	(-80, 0)	(-40, -69)	(40, -69)	diamond	green	same	left	left	(80, 0)	(-40, -69)	probe	tar	None	None	None	None	10	135	85	35	60	160	(-40, -69)	167	testing
1	xh	f	21	green	2	(80, 0)	(40, 69)	(-39, 69)	(-80, 0)	(-40, -69)	(40, -69)	diamond	none	same	right	right	N_dist	(-39, 69)	search	nr	True	872725	873565	right	10	85	110	160	60	35	None	None	testing
1	xh	f	21	green	2	(80, 0)	(40, 69)	(-39, 69)	(-80, 0)	(-40, -69)	(40, -69)	diamond	none	dif	right	right	N_dist	(80, 0)	probe	h_tar	None	None	None	None	160	35	135	10	110	60	(80, 0)	29	testing
1	xh	f	21	green	2	(80, 0)	(40, 69)	(-39, 69)	(-80, 0)	(-40, -69)	(40, -69)	circle	green	dif	left	left	(-80, 0)	(-39, 69)	probe	l_sin	None	None	None	None	35	160	135	85	60	10	(-80, 0)	174	testing
1	xh	f	21	green	2	(80, 0)	(40, 69)	(-39, 69)	(-80, 0)	(-40, -69)	(40, -69)	diamond	green	dif	left	left	(80, 0)	(-40, -69)	search	nr	True	884964	886077	left	135	160	35	60	85	10	None	None	testing
1	xh	f	21	green	2	(80, 0)	(40, 69)	(-39, 69)	(-80, 0)	(-40, -69)	(40, -69)	diamond	none	same	right	right	N_dist	(40, -69)	search	nr	True	887328	888285	right	135	160	60	85	35	10	None	None	testing
1	xh	f	21	green	2	(80, 0)	(40, 69)	(-39, 69)	(-80, 0)	(-40, -69)	(40, -69)	circle	green	same	right	right	(80, 0)	(-80, 0)	search	nr	True	889592	890572	right	85	160	60	10	35	135	None	None	testing
1	xh	f	21	green	2	(80, 0)	(40, 69)	(-39, 69)	(-80, 0)	(-40, -69)	(40, -69)	circle	green	same	left	left	(80, 0)	(40, 69)	probe	h_sin	None	None	None	None	135	10	160	110	60	35	(80, 0)	2	testing
1	xh	f	21	green	2	(80, 0)	(40, 69)	(-39, 69)	(-80, 0)	(-40, -69)	(40, -69)	circle	green	same	left	left	(80, 0)	(-40, -69)	search	nr	True	896850	897741	left	60	85	135	110	160	10	None	None	testing
1	xh	f	21	green	2	(80, 0)	(40, 69)	(-39, 69)	(-80, 0)	(-40, -69)	(40, -69)	diamond	green	same	right	right	(40, -69)	(-40, -69)	search	nr	True	898829	899661	right	85	35	60	110	10	160	None	None	testing
1	xh	f	21	green	2	(80, 0)	(40, 69)	(-39, 69)	(-80, 0)	(-40, -69)	(40, -69)	circle	green	dif	left	left	(80, 0)	(-80, 0)	probe	h_sin	None	None	None	None	135	110	35	60	10	85	(80, 0)	31	testing
1	xh	f	21	green	2	(80, 0)	(40, 69)	(-39, 69)	(-80, 0)	(-40, -69)	(40, -69)	circle	green	same	right	right	(40, -69)	(40, 69)	search	nr	True	905166	905885	right	85	35	135	10	160	110	None	None	testing
1	xh	f	21	green	2	(80, 0)	(40, 69)	(-39, 69)	(-80, 0)	(-40, -69)	(40, -69)	diamond	none	dif	right	right	N_dist	(40, -69)	search	nr	True	907077	907949	right	135	35	10	160	110	85	None	None	testing
1	xh	f	21	green	2	(80, 0)	(40, 69)	(-39, 69)	(-80, 0)	(-40, -69)	(40, -69)	diamond	none	same	left	left	N_dist	(-40, -69)	search	nr	True	909257	909980	left	85	10	35	60	160	135	None	None	testing
1	xh	f	21	green	2	(80, 0)	(40, 69)	(-39, 69)	(-80, 0)	(-40, -69)	(40, -69)	circle	green	same	right	right	(-39, 69)	(-80, 0)	search	nr	True	911118	912684	right	60	35	85	10	135	160	None	None	testing
1	xh	f	21	green	2	(80, 0)	(40, 69)	(-39, 69)	(-80, 0)	(-40, -69)	(40, -69)	diamond	none	same	right	right	N_dist	(40, -69)	probe	l_norm	None	None	None	None	10	35	85	160	60	135	(-80, 0)	23	testing
1	xh	f	21	green	2	(80, 0)	(40, 69)	(-39, 69)	(-80, 0)	(-40, -69)	(40, -69)	diamond	green	dif	right	right	(80, 0)	(-39, 69)	probe	tar	None	None	None	None	35	160	135	110	85	10	(-39, 69)	24	testing
1	xh	f	21	green	2	(80, 0)	(40, 69)	(-39, 69)	(-80, 0)	(-40, -69)	(40, -69)	circle	none	dif	left	left	N_dist	(-80, 0)	probe	l_norm	None	None	None	None	85	35	10	135	110	60	(40, 69)	161	testing
1	xh	f	21	green	2	(80, 0)	(40, 69)	(-39, 69)	(-80, 0)	(-40, -69)	(40, -69)	diamond	green	same	left	left	(80, 0)	(40, 69)	search	nr	True	927866	929389	left	110	35	60	85	10	160	None	None	testing
1	xh	f	21	green	2	(80, 0)	(40, 69)	(-39, 69)	(-80, 0)	(-40, -69)	(40, -69)	circle	none	same	right	right	N_dist	(40, -69)	search	nr	True	930633	931501	right	110	160	85	10	35	60	None	None	testing
1	xh	f	21	green	2	(80, 0)	(40, 69)	(-39, 69)	(-80, 0)	(-40, -69)	(40, -69)	circle	green	same	right	right	(80, 0)	(-40, -69)	search	nr	True	932745	933533	right	160	135	110	35	10	85	None	None	testing
1	xh	f	21	green	2	(80, 0)	(40, 69)	(-39, 69)	(-80, 0)	(-40, -69)	(40, -69)	diamond	green	same	left	left	(80, 0)	(-80, 0)	search	nr	True	934740	935581	left	110	35	85	10	160	60	None	None	testing
1	xh	f	21	green	2	(80, 0)	(40, 69)	(-39, 69)	(-80, 0)	(-40, -69)	(40, -69)	circle	none	dif	left	left	N_dist	(40, -69)	search	nr	True	936886	937837	left	110	160	135	85	35	60	None	None	testing
1	xh	f	21	green	2	(80, 0)	(40, 69)	(-39, 69)	(-80, 0)	(-40, -69)	(40, -69)	circle	none	dif	right	right	N_dist	(40, 69)	search	nr	True	938965	940749	right	160	85	135	110	10	60	None	None	testing
1	xh	f	21	green	2	(80, 0)	(40, 69)	(-39, 69)	(-80, 0)	(-40, -69)	(40, -69)	diamond	green	same	left	left	(-80, 0)	(40, -69)	search	nr	True	941932	942956	left	10	60	35	110	160	85	None	None	testing
1	xh	f	21	green	2	(80, 0)	(40, 69)	(-39, 69)	(-80, 0)	(-40, -69)	(40, -69)	circle	green	same	left	left	(80, 0)	(40, -69)	search	nr	True	944212	945148	left	10	60	135	85	35	110	None	None	testing
1	xh	f	21	green	2	(80, 0)	(40, 69)	(-39, 69)	(-80, 0)	(-40, -69)	(40, -69)	circle	none	dif	left	left	N_dist	(40, -69)	probe	h_norm	None	None	None	None	85	10	35	160	135	60	(80, 0)	3	testing
1	xh	f	21	green	2	(80, 0)	(40, 69)	(-39, 69)	(-80, 0)	(-40, -69)	(40, -69)	diamond	green	dif	right	right	(80, 0)	(40, 69)	search	nr	True	953718	954684	right	85	35	10	110	160	135	None	None	testing
1	xh	f	21	green	2	(80, 0)	(40, 69)	(-39, 69)	(-80, 0)	(-40, -69)	(40, -69)	diamond	green	same	right	right	(-80, 0)	(-39, 69)	search	nr	True	955848	956845	right	135	35	160	10	60	85	None	None	testing
1	xh	f	21	green	2	(80, 0)	(40, 69)	(-39, 69)	(-80, 0)	(-40, -69)	(40, -69)	diamond	green	same	left	left	(-80, 0)	(40, -69)	search	nr	True	958144	958940	left	35	85	135	10	160	60	None	None	testing
1	xh	f	21	green	2	(80, 0)	(40, 69)	(-39, 69)	(-80, 0)	(-40, -69)	(40, -69)	circle	none	dif	right	right	N_dist	(-80, 0)	search	nr	True	960105	961564	right	110	10	60	160	35	135	None	None	testing
1	xh	f	21	green	2	(80, 0)	(40, 69)	(-39, 69)	(-80, 0)	(-40, -69)	(40, -69)	diamond	green	same	right	right	(80, 0)	(40, -69)	search	nr	True	962721	963564	right	110	85	135	10	35	160	None	None	testing
1	xh	f	21	green	2	(80, 0)	(40, 69)	(-39, 69)	(-80, 0)	(-40, -69)	(40, -69)	diamond	none	dif	left	left	N_dist	(-40, -69)	search	nr	True	964816	965644	left	60	10	85	110	160	35	None	None	testing
1	xh	f	21	green	2	(80, 0)	(40, 69)	(-39, 69)	(-80, 0)	(-40, -69)	(40, -69)	diamond	green	same	right	right	(80, 0)	(40, -69)	probe	h_sin	None	None	None	None	85	10	35	160	110	135	(80, 0)	165	testing
1	xh	f	21	green	2	(80, 0)	(40, 69)	(-39, 69)	(-80, 0)	(-40, -69)	(40, -69)	circle	none	dif	left	left	N_dist	(-80, 0)	search	nr	True	971774	972860	left	35	135	85	160	110	60	None	None	testing
1	xh	f	21	green	2	(80, 0)	(40, 69)	(-39, 69)	(-80, 0)	(-40, -69)	(40, -69)	circle	green	dif	left	left	(80, 0)	(-80, 0)	probe	tar	None	None	None	None	85	110	10	35	135	60	(-80, 0)	172	testing
1	xh	f	21	green	2	(80, 0)	(40, 69)	(-39, 69)	(-80, 0)	(-40, -69)	(40, -69)	diamond	green	same	right	right	(80, 0)	(-39, 69)	search	nr	True	978698	979724	right	85	60	135	35	10	110	None	None	testing
1	xh	f	21	green	2	(80, 0)	(40, 69)	(-39, 69)	(-80, 0)	(-40, -69)	(40, -69)	circle	green	dif	left	left	(80, 0)	(-39, 69)	search	nr	True	980810	982156	left	60	10	35	160	135	110	None	None	testing
1	xh	f	21	green	2	(80, 0)	(40, 69)	(-39, 69)	(-80, 0)	(-40, -69)	(40, -69)	diamond	green	dif	right	right	(40, -69)	(-39, 69)	probe	norm	None	None	None	None	135	85	160	10	35	110	(40, 69)	30	testing
1	xh	f	21	green	2	(80, 0)	(40, 69)	(-39, 69)	(-80, 0)	(-40, -69)	(40, -69)	diamond	green	same	left	left	(80, 0)	(-39, 69)	search	nr	True	987986	989293	left	60	160	110	10	135	35	None	None	testing
1	xh	f	21	green	2	(80, 0)	(40, 69)	(-39, 69)	(-80, 0)	(-40, -69)	(40, -69)	diamond	none	same	left	left	N_dist	(-40, -69)	probe	h_norm	None	None	None	None	135	10	110	35	85	60	(80, 0)	12	testing
1	xh	f	21	green	2	(80, 0)	(40, 69)	(-39, 69)	(-80, 0)	(-40, -69)	(40, -69)	diamond	none	same	right	right	N_dist	(-39, 69)	probe	l_norm	None	None	None	None	110	10	60	85	35	135	(40, -69)	28	testing
1	xh	f	21	green	2	(80, 0)	(40, 69)	(-39, 69)	(-80, 0)	(-40, -69)	(40, -69)	diamond	none	same	right	right	N_dist	(-80, 0)	search	nr	True	999856	1000812	right	10	35	85	110	60	135	None	None	testing
1	xh	f	21	green	2	(80, 0)	(40, 69)	(-39, 69)	(-80, 0)	(-40, -69)	(40, -69)	circle	green	same	right	right	(40, -69)	(40, 69)	probe	l_sin	None	None	None	None	85	60	135	160	110	10	(40, -69)	59	testing
1	xh	f	21	green	2	(80, 0)	(40, 69)	(-39, 69)	(-80, 0)	(-40, -69)	(40, -69)	circle	none	same	left	left	N_dist	(80, 0)	search	nr	True	1007987	1008973	left	35	160	110	85	135	10	None	None	testing
1	xh	f	21	green	2	(80, 0)	(40, 69)	(-39, 69)	(-80, 0)	(-40, -69)	(40, -69)	circle	green	same	left	left	(40, 69)	(-40, -69)	search	nr	True	1010251	1011085	left	110	35	160	135	60	10	None	None	testing
1	xh	f	21	green	2	(80, 0)	(40, 69)	(-39, 69)	(-80, 0)	(-40, -69)	(40, -69)	circle	green	same	left	left	(40, 69)	(-80, 0)	probe	norm	None	None	None	None	85	160	10	110	60	135	(-39, 69)	161	testing
1	xh	f	21	green	2	(80, 0)	(40, 69)	(-39, 69)	(-80, 0)	(-40, -69)	(40, -69)	circle	none	dif	left	left	N_dist	(40, -69)	search	nr	True	1018599	1019356	left	60	135	110	85	35	160	None	None	testing
1	xh	f	21	green	2	(80, 0)	(40, 69)	(-39, 69)	(-80, 0)	(-40, -69)	(40, -69)	diamond	green	same	right	right	(40, -69)	(-40, -69)	probe	tar	None	None	None	None	10	35	60	85	135	110	(-40, -69)	21	testing
1	xh	f	21	green	2	(80, 0)	(40, 69)	(-39, 69)	(-80, 0)	(-40, -69)	(40, -69)	circle	none	same	left	left	N_dist	(-40, -69)	probe	l_norm	None	None	None	None	85	135	35	160	110	10	(40, 69)	159	testing
1	xh	f	21	green	2	(80, 0)	(40, 69)	(-39, 69)	(-80, 0)	(-40, -69)	(40, -69)	diamond	green	same	left	left	(-40, -69)	(40, -69)	search	nr	True	1031861	1032780	left	35	60	85	10	160	135	None	None	testing
1	xh	f	21	green	2	(80, 0)	(40, 69)	(-39, 69)	(-80, 0)	(-40, -69)	(40, -69)	diamond	none	same	left	left	N_dist	(40, 69)	search	nr	True	1033956	1034908	left	135	160	10	85	35	60	None	None	testing
1	xh	f	21	green	2	(80, 0)	(40, 69)	(-39, 69)	(-80, 0)	(-40, -69)	(40, -69)	diamond	none	dif	right	right	N_dist	(40, 69)	probe	h_norm	None	None	None	None	85	60	10	135	110	160	(80, 0)	0	testing
1	xh	f	21	green	2	(80, 0)	(40, 69)	(-39, 69)	(-80, 0)	(-40, -69)	(40, -69)	circle	green	dif	right	right	(-39, 69)	(-40, -69)	search	nr	True	1039875	1040908	right	60	110	35	160	85	135	None	None	testing
1	xh	f	21	green	2	(80, 0)	(40, 69)	(-39, 69)	(-80, 0)	(-40, -69)	(40, -69)	diamond	none	dif	left	left	N_dist	(-40, -69)	probe	l_tar	None	None	None	None	35	10	60	85	110	135	(-40, -69)	11	testing
1	xh	f	21	green	2	(80, 0)	(40, 69)	(-39, 69)	(-80, 0)	(-40, -69)	(40, -69)	diamond	green	dif	right	right	(80, 0)	(-40, -69)	search	nr	True	1046765	1047740	right	35	60	85	160	10	110	None	None	testing
1	xh	f	21	green	2	(80, 0)	(40, 69)	(-39, 69)	(-80, 0)	(-40, -69)	(40, -69)	circle	green	dif	left	left	(80, 0)	(-80, 0)	search	nr	True	1048844	1049965	left	10	135	160	35	110	85	None	None	testing
1	xh	f	21	green	2	(80, 0)	(40, 69)	(-39, 69)	(-80, 0)	(-40, -69)	(40, -69)	circle	green	same	right	right	(80, 0)	(-80, 0)	search	nr	True	1051157	1052092	right	160	110	35	60	135	10	None	None	testing
1	xh	f	21	green	2	(80, 0)	(40, 69)	(-39, 69)	(-80, 0)	(-40, -69)	(40, -69)	diamond	green	dif	right	right	(40, 69)	(40, -69)	search	nr	True	1053370	1054396	right	160	60	110	85	135	35	None	None	testing
1	xh	f	21	green	2	(80, 0)	(40, 69)	(-39, 69)	(-80, 0)	(-40, -69)	(40, -69)	circle	green	same	left	left	(80, 0)	(-40, -69)	probe	norm	None	None	None	None	135	85	10	35	110	60	(40, 69)	171	testing
1	xh	f	21	green	2	(80, 0)	(40, 69)	(-39, 69)	(-80, 0)	(-40, -69)	(40, -69)	diamond	none	dif	right	right	N_dist	(40, 69)	search	nr	True	1059591	1060572	right	110	160	60	85	135	10	None	None	testing
1	xh	f	21	green	2	(80, 0)	(40, 69)	(-39, 69)	(-80, 0)	(-40, -69)	(40, -69)	circle	none	dif	left	left	N_dist	(80, 0)	search	nr	True	1061769	1062604	left	135	10	60	110	85	160	None	None	testing
1	xh	f	21	green	2	(80, 0)	(40, 69)	(-39, 69)	(-80, 0)	(-40, -69)	(40, -69)	diamond	green	dif	right	right	(80, 0)	(40, -69)	search	nr	True	1063731	1064877	right	85	135	60	10	35	160	None	None	testing
1	xh	f	21	green	2	(80, 0)	(40, 69)	(-39, 69)	(-80, 0)	(-40, -69)	(40, -69)	diamond	none	dif	left	left	N_dist	(40, -69)	search	nr	True	1066129	1067100	left	135	35	85	10	60	110	None	None	testing
1	xh	f	21	green	2	(80, 0)	(40, 69)	(-39, 69)	(-80, 0)	(-40, -69)	(40, -69)	diamond	none	dif	left	left	N_dist	(80, 0)	search	nr	True	1068258	1069132	left	110	10	160	135	60	35	None	None	testing
1	xh	f	21	green	2	(80, 0)	(40, 69)	(-39, 69)	(-80, 0)	(-40, -69)	(40, -69)	circle	green	dif	left	left	(80, 0)	(40, 69)	search	nr	True	1070203	1071292	right	135	110	85	10	60	35	None	None	testing
1	xh	f	21	green	2	(80, 0)	(40, 69)	(-39, 69)	(-80, 0)	(-40, -69)	(40, -69)	circle	none	dif	left	left	N_dist	(40, 69)	search	nr	True	1073958	1074637	left	85	35	60	10	160	110	None	None	testing
1	xh	f	21	green	2	(80, 0)	(40, 69)	(-39, 69)	(-80, 0)	(-40, -69)	(40, -69)	diamond	green	same	right	right	(-80, 0)	(-39, 69)	search	nr	True	1075719	1076988	right	10	160	85	60	135	110	None	None	testing
1	xh	f	21	green	2	(80, 0)	(40, 69)	(-39, 69)	(-80, 0)	(-40, -69)	(40, -69)	circle	green	same	right	right	(80, 0)	(-80, 0)	probe	tar	None	None	None	None	85	110	35	160	60	10	(-80, 0)	13	testing
1	xh	f	21	green	2	(80, 0)	(40, 69)	(-39, 69)	(-80, 0)	(-40, -69)	(40, -69)	diamond	none	dif	right	right	N_dist	(-80, 0)	search	nr	True	1083581	1084972	right	60	35	160	135	110	85	None	None	testing
1	xh	f	21	green	2	(80, 0)	(40, 69)	(-39, 69)	(-80, 0)	(-40, -69)	(40, -69)	circle	green	same	left	left	(80, 0)	(40, -69)	search	nr	True	1086097	1087100	left	110	85	135	10	60	35	None	None	testing
1	xh	f	21	green	2	(80, 0)	(40, 69)	(-39, 69)	(-80, 0)	(-40, -69)	(40, -69)	diamond	green	dif	left	left	(-80, 0)	(40, -69)	search	nr	True	1088175	1089181	left	60	110	85	10	35	135	None	None	testing
1	xh	f	21	green	2	(80, 0)	(40, 69)	(-39, 69)	(-80, 0)	(-40, -69)	(40, -69)	circle	none	dif	right	right	N_dist	(-40, -69)	search	nr	True	1090455	1091372	right	135	85	60	10	35	160	None	None	testing
1	xh	f	21	green	2	(80, 0)	(40, 69)	(-39, 69)	(-80, 0)	(-40, -69)	(40, -69)	diamond	green	same	right	right	(80, 0)	(40, -69)	probe	h_sin	None	None	None	None	110	10	60	135	35	160	(80, 0)	2	testing
1	xh	f	21	green	2	(80, 0)	(40, 69)	(-39, 69)	(-80, 0)	(-40, -69)	(40, -69)	diamond	green	same	right	right	(80, 0)	(-39, 69)	search	nr	True	1096910	1097740	right	160	35	85	10	110	135	None	None	testing
1	xh	f	21	green	2	(80, 0)	(40, 69)	(-39, 69)	(-80, 0)	(-40, -69)	(40, -69)	diamond	none	same	right	right	N_dist	(-39, 69)	search	nr	True	1098955	1099724	right	35	60	10	110	85	160	None	None	testing
1	xh	f	21	green	2	(80, 0)	(40, 69)	(-39, 69)	(-80, 0)	(-40, -69)	(40, -69)	circle	green	dif	right	right	(80, 0)	(-39, 69)	search	nr	True	1100883	1102604	right	35	160	135	10	85	60	None	None	testing
1	xh	f	21	green	2	(80, 0)	(40, 69)	(-39, 69)	(-80, 0)	(-40, -69)	(40, -69)	diamond	green	same	left	left	(80, 0)	(-80, 0)	probe	norm	None	None	None	None	135	35	60	110	10	160	(-40, -69)	156	testing
1	xh	f	21	green	2	(80, 0)	(40, 69)	(-39, 69)	(-80, 0)	(-40, -69)	(40, -69)	diamond	green	same	right	right	(80, 0)	(40, -69)	search	nr	True	1109902	1110620	right	35	85	60	10	160	110	None	None	testing
1	xh	f	21	green	2	(80, 0)	(40, 69)	(-39, 69)	(-80, 0)	(-40, -69)	(40, -69)	diamond	none	dif	right	right	N_dist	(40, -69)	search	nr	True	1111747	1113053	right	85	10	35	160	60	135	None	None	testing
1	xh	f	21	green	2	(80, 0)	(40, 69)	(-39, 69)	(-80, 0)	(-40, -69)	(40, -69)	circle	green	same	left	left	(80, 0)	(-80, 0)	probe	tar	None	None	None	None	135	110	35	85	10	60	(-80, 0)	0	testing
1	xh	f	21	green	2	(80, 0)	(40, 69)	(-39, 69)	(-80, 0)	(-40, -69)	(40, -69)	diamond	green	dif	left	left	(-80, 0)	(-40, -69)	probe	l_sin	None	None	None	None	85	60	160	10	35	135	(-80, 0)	143	testing
1	xh	f	21	green	2	(80, 0)	(40, 69)	(-39, 69)	(-80, 0)	(-40, -69)	(40, -69)	circle	none	same	left	left	N_dist	(-80, 0)	search	nr	True	1126349	1127404	left	10	135	35	85	60	110	None	None	testing
1	xh	f	21	green	2	(80, 0)	(40, 69)	(-39, 69)	(-80, 0)	(-40, -69)	(40, -69)	circle	none	dif	right	right	N_dist	(40, 69)	probe	h_norm	None	None	None	None	35	60	10	160	135	110	(80, 0)	150	testing
1	xh	f	21	green	2	(80, 0)	(40, 69)	(-39, 69)	(-80, 0)	(-40, -69)	(40, -69)	diamond	green	same	right	right	(-80, 0)	(-39, 69)	search	nr	True	1134162	1135564	right	10	110	160	60	135	85	None	None	testing
1	xh	f	21	green	2	(80, 0)	(40, 69)	(-39, 69)	(-80, 0)	(-40, -69)	(40, -69)	circle	green	same	left	left	(80, 0)	(40, -69)	search	nr	True	1136627	1137580	left	85	135	160	35	10	60	None	None	testing
1	xh	f	21	green	2	(80, 0)	(40, 69)	(-39, 69)	(-80, 0)	(-40, -69)	(40, -69)	diamond	none	same	left	left	N_dist	(-40, -69)	search	nr	True	1138772	1139724	left	110	135	160	35	10	60	None	None	testing
1	xh	f	21	green	2	(80, 0)	(40, 69)	(-39, 69)	(-80, 0)	(-40, -69)	(40, -69)	diamond	green	dif	right	right	(80, 0)	(-39, 69)	search	nr	True	1141018	1141996	right	60	10	85	35	110	160	None	None	testing
1	xh	f	21	green	2	(80, 0)	(40, 69)	(-39, 69)	(-80, 0)	(-40, -69)	(40, -69)	circle	green	same	left	left	(40, 69)	(-80, 0)	search	nr	True	1143081	1144044	left	160	85	60	35	10	135	None	None	testing
1	xh	f	21	green	2	(80, 0)	(40, 69)	(-39, 69)	(-80, 0)	(-40, -69)	(40, -69)	circle	none	same	left	left	N_dist	(80, 0)	probe	h_tar	None	None	None	None	10	85	160	60	110	135	(80, 0)	61	testing
1	xh	f	21	green	2	(80, 0)	(40, 69)	(-39, 69)	(-80, 0)	(-40, -69)	(40, -69)	circle	green	same	right	right	(80, 0)	(-40, -69)	search	nr	True	1151145	1152364	right	85	10	110	35	135	160	None	None	testing
1	xh	f	21	green	2	(80, 0)	(40, 69)	(-39, 69)	(-80, 0)	(-40, -69)	(40, -69)	diamond	green	dif	left	left	(40, -69)	(-39, 69)	search	nr	True	1153660	1154540	left	110	160	35	10	60	85	None	None	testing
1	xh	f	21	green	2	(80, 0)	(40, 69)	(-39, 69)	(-80, 0)	(-40, -69)	(40, -69)	diamond	none	same	left	left	N_dist	(-80, 0)	search	nr	True	1155588	1156636	left	110	60	135	160	85	35	None	None	testing
1	xh	f	21	green	2	(80, 0)	(40, 69)	(-39, 69)	(-80, 0)	(-40, -69)	(40, -69)	diamond	green	dif	left	left	(-40, -69)	(-80, 0)	probe	l_sin	None	None	None	None	110	10	60	85	160	135	(-40, -69)	31	testing
1	xh	f	21	green	2	(80, 0)	(40, 69)	(-39, 69)	(-80, 0)	(-40, -69)	(40, -69)	circle	green	same	left	left	(80, 0)	(40, 69)	search	nr	True	1164188	1165276	left	35	60	110	160	135	10	None	None	testing
1	xh	f	21	green	2	(80, 0)	(40, 69)	(-39, 69)	(-80, 0)	(-40, -69)	(40, -69)	diamond	none	dif	left	left	N_dist	(-39, 69)	search	nr	True	1166351	1167116	left	60	85	10	160	135	35	None	None	testing
1	xh	f	21	green	2	(80, 0)	(40, 69)	(-39, 69)	(-80, 0)	(-40, -69)	(40, -69)	diamond	none	same	left	left	N_dist	(40, 69)	search	nr	True	1168279	1169276	left	10	35	110	135	160	60	None	None	testing
1	xh	f	21	green	2	(80, 0)	(40, 69)	(-39, 69)	(-80, 0)	(-40, -69)	(40, -69)	circle	none	same	right	right	N_dist	(40, -69)	probe	l_norm	None	None	None	None	35	60	85	10	135	160	(-40, -69)	22	testing
1	xh	f	21	green	2	(80, 0)	(40, 69)	(-39, 69)	(-80, 0)	(-40, -69)	(40, -69)	circle	none	dif	right	right	N_dist	(-40, -69)	search	nr	True	1175338	1176348	right	110	85	160	60	10	135	None	None	testing
1	xh	f	21	green	2	(80, 0)	(40, 69)	(-39, 69)	(-80, 0)	(-40, -69)	(40, -69)	diamond	none	same	right	right	N_dist	(40, -69)	search	nr	True	1177634	1178588	right	35	60	110	10	160	85	None	None	testing
1	xh	f	21	green	2	(80, 0)	(40, 69)	(-39, 69)	(-80, 0)	(-40, -69)	(40, -69)	circle	none	dif	left	left	N_dist	(80, 0)	probe	h_tar	None	None	None	None	60	160	85	35	10	135	(80, 0)	161	testing
1	xh	f	21	green	2	(80, 0)	(40, 69)	(-39, 69)	(-80, 0)	(-40, -69)	(40, -69)	circle	green	same	left	left	(40, 69)	(-80, 0)	search	nr	True	1184223	1185628	left	35	160	85	135	110	60	None	None	testing
1	xh	f	21	green	2	(80, 0)	(40, 69)	(-39, 69)	(-80, 0)	(-40, -69)	(40, -69)	diamond	green	same	left	left	(80, 0)	(-40, -69)	search	nr	True	1186821	1188044	left	85	35	160	10	135	60	None	None	testing
1	xh	f	21	green	2	(80, 0)	(40, 69)	(-39, 69)	(-80, 0)	(-40, -69)	(40, -69)	circle	none	same	left	left	N_dist	(-40, -69)	search	nr	True	1189202	1190156	left	135	110	160	35	85	10	None	None	testing
1	xh	f	21	green	2	(80, 0)	(40, 69)	(-39, 69)	(-80, 0)	(-40, -69)	(40, -69)	circle	green	same	right	right	(80, 0)	(-40, -69)	search	nr	True	1191382	1192284	right	135	60	10	35	85	160	None	None	testing
1	xh	f	21	green	2	(80, 0)	(40, 69)	(-39, 69)	(-80, 0)	(-40, -69)	(40, -69)	circle	green	dif	left	left	(80, 0)	(40, -69)	search	nr	True	1193494	1194252	left	35	60	160	85	110	135	None	None	testing
1	xh	f	21	green	2	(80, 0)	(40, 69)	(-39, 69)	(-80, 0)	(-40, -69)	(40, -69)	circle	green	dif	left	left	(80, 0)	(-80, 0)	search	nr	True	1195321	1196140	left	135	60	85	10	110	160	None	None	testing
1	xh	f	21	green	2	(80, 0)	(40, 69)	(-39, 69)	(-80, 0)	(-40, -69)	(40, -69)	circle	green	dif	left	left	(-80, 0)	(-39, 69)	search	nr	True	1197367	1198924	left	160	110	85	135	35	10	None	None	testing
1	xh	f	21	green	2	(80, 0)	(40, 69)	(-39, 69)	(-80, 0)	(-40, -69)	(40, -69)	diamond	green	dif	left	left	(-80, 0)	(-40, -69)	search	nr	True	1200167	1201275	left	60	35	85	160	135	10	None	None	testing
1	xh	f	21	green	2	(80, 0)	(40, 69)	(-39, 69)	(-80, 0)	(-40, -69)	(40, -69)	circle	green	same	right	right	(80, 0)	(-80, 0)	search	nr	True	1202363	1203388	right	60	160	35	135	85	110	None	None	testing
1	xh	f	21	green	2	(80, 0)	(40, 69)	(-39, 69)	(-80, 0)	(-40, -69)	(40, -69)	circle	none	same	right	right	N_dist	(40, -69)	search	nr	True	1204559	1205723	right	35	110	135	85	60	10	None	None	testing
1	xh	f	21	green	2	(80, 0)	(40, 69)	(-39, 69)	(-80, 0)	(-40, -69)	(40, -69)	circle	none	dif	left	left	N_dist	(80, 0)	search	nr	True	1206906	1207724	left	35	135	110	160	85	60	None	None	testing
1	xh	f	21	green	2	(80, 0)	(40, 69)	(-39, 69)	(-80, 0)	(-40, -69)	(40, -69)	diamond	green	dif	left	left	(-80, 0)	(40, -69)	search	nr	True	1208801	1209723	left	110	10	85	60	160	135	None	None	testing
1	xh	f	21	green	2	(80, 0)	(40, 69)	(-39, 69)	(-80, 0)	(-40, -69)	(40, -69)	circle	green	dif	right	right	(-40, -69)	(-80, 0)	search	nr	True	1210880	1212108	right	135	110	10	35	160	60	None	None	testing
1	xh	f	21	green	2	(80, 0)	(40, 69)	(-39, 69)	(-80, 0)	(-40, -69)	(40, -69)	circle	green	same	right	right	(40, -69)	(40, 69)	search	nr	True	1213294	1214172	right	85	60	10	35	135	110	None	None	testing
1	xh	f	21	green	2	(80, 0)	(40, 69)	(-39, 69)	(-80, 0)	(-40, -69)	(40, -69)	diamond	green	dif	left	left	(-40, -69)	(40, -69)	search	nr	True	1215255	1216316	left	35	135	85	10	60	110	None	None	testing
1	xh	f	21	green	2	(80, 0)	(40, 69)	(-39, 69)	(-80, 0)	(-40, -69)	(40, -69)	circle	none	dif	right	right	N_dist	(-80, 0)	search	nr	True	1217552	1219084	right	85	160	35	60	110	10	None	None	testing
1	xh	f	21	green	2	(80, 0)	(40, 69)	(-39, 69)	(-80, 0)	(-40, -69)	(40, -69)	circle	green	dif	left	left	(80, 0)	(40, 69)	probe	h_sin	None	None	None	None	10	160	35	60	110	135	(80, 0)	151	testing
1	xh	f	21	green	2	(80, 0)	(40, 69)	(-39, 69)	(-80, 0)	(-40, -69)	(40, -69)	circle	green	dif	right	right	(80, 0)	(-80, 0)	search	nr	True	1227896	1229484	right	85	10	160	110	35	135	None	None	testing
1	xh	f	21	green	2	(80, 0)	(40, 69)	(-39, 69)	(-80, 0)	(-40, -69)	(40, -69)	diamond	green	dif	left	left	(40, -69)	(-39, 69)	search	nr	True	1230763	1231756	left	85	160	35	135	110	10	None	None	testing
1	xh	f	21	green	2	(80, 0)	(40, 69)	(-39, 69)	(-80, 0)	(-40, -69)	(40, -69)	diamond	none	same	right	right	N_dist	(-80, 0)	search	nr	True	1232926	1233708	right	35	135	160	110	10	85	None	None	testing
1	xh	f	21	green	2	(80, 0)	(40, 69)	(-39, 69)	(-80, 0)	(-40, -69)	(40, -69)	diamond	none	same	left	left	N_dist	(40, 69)	search	nr	True	1234770	1235643	left	35	60	110	135	85	10	None	None	testing
1	xh	f	21	green	2	(80, 0)	(40, 69)	(-39, 69)	(-80, 0)	(-40, -69)	(40, -69)	circle	green	dif	left	left	(-40, -69)	(-80, 0)	search	nr	True	1236865	1238316	left	110	60	85	35	135	160	None	None	testing
1	xh	f	21	green	2	(80, 0)	(40, 69)	(-39, 69)	(-80, 0)	(-40, -69)	(40, -69)	circle	green	dif	right	right	(80, 0)	(-39, 69)	search	nr	True	1239447	1241036	right	135	160	10	60	110	85	None	None	testing
1	xh	f	21	green	2	(80, 0)	(40, 69)	(-39, 69)	(-80, 0)	(-40, -69)	(40, -69)	diamond	green	dif	left	left	(-40, -69)	(40, -69)	probe	l_sin	None	None	None	None	85	35	160	135	10	110	(-40, -69)	155	testing
1	xh	f	21	green	2	(80, 0)	(40, 69)	(-39, 69)	(-80, 0)	(-40, -69)	(40, -69)	circle	green	dif	right	right	(40, -69)	(-39, 69)	search	nr	True	1248517	1249788	right	60	10	85	160	110	135	None	None	testing
1	xh	f	21	green	2	(80, 0)	(40, 69)	(-39, 69)	(-80, 0)	(-40, -69)	(40, -69)	circle	green	same	left	left	(80, 0)	(-40, -69)	search	nr	True	1250898	1251947	left	85	135	10	110	35	60	None	None	testing
1	xh	f	21	green	2	(80, 0)	(40, 69)	(-39, 69)	(-80, 0)	(-40, -69)	(40, -69)	diamond	none	same	right	right	N_dist	(40, -69)	probe	l_norm	None	None	None	None	135	110	60	160	35	85	(-39, 69)	166	testing
1	xh	f	21	green	2	(80, 0)	(40, 69)	(-39, 69)	(-80, 0)	(-40, -69)	(40, -69)	diamond	none	same	right	right	N_dist	(-39, 69)	search	nr	True	1258007	1259435	right	160	85	110	10	60	135	None	None	testing
1	xh	f	21	green	2	(80, 0)	(40, 69)	(-39, 69)	(-80, 0)	(-40, -69)	(40, -69)	diamond	green	dif	left	left	(80, 0)	(-39, 69)	probe	norm	None	None	None	None	85	35	135	60	110	160	(-40, -69)	14	testing
1	xh	f	21	green	2	(80, 0)	(40, 69)	(-39, 69)	(-80, 0)	(-40, -69)	(40, -69)	diamond	green	same	left	left	(80, 0)	(-80, 0)	search	nr	True	1266808	1267996	left	160	110	10	135	35	85	None	None	testing
1	xh	f	21	green	2	(80, 0)	(40, 69)	(-39, 69)	(-80, 0)	(-40, -69)	(40, -69)	circle	green	same	right	right	(40, 69)	(-40, -69)	search	nr	True	1269122	1270332	right	85	110	160	35	60	10	None	None	testing
1	xh	f	21	green	2	(80, 0)	(40, 69)	(-39, 69)	(-80, 0)	(-40, -69)	(40, -69)	circle	none	same	right	right	N_dist	(-39, 69)	search	nr	True	1271469	1272588	right	110	60	35	10	135	85	None	None	testing
1	xh	f	21	green	2	(80, 0)	(40, 69)	(-39, 69)	(-80, 0)	(-40, -69)	(40, -69)	diamond	green	same	left	left	(-39, 69)	(40, 69)	search	nr	True	1273648	1274716	left	135	60	160	85	110	35	None	None	testing
1	xh	f	21	green	2	(80, 0)	(40, 69)	(-39, 69)	(-80, 0)	(-40, -69)	(40, -69)	circle	none	same	left	left	N_dist	(-40, -69)	search	nr	True	1275978	1276796	left	135	85	110	10	60	160	None	None	testing
1	xh	f	21	green	2	(80, 0)	(40, 69)	(-39, 69)	(-80, 0)	(-40, -69)	(40, -69)	diamond	green	dif	right	right	(40, 69)	(40, -69)	search	nr	True	1277973	1278811	right	85	110	10	60	160	135	None	None	testing
1	xh	f	21	green	2	(80, 0)	(40, 69)	(-39, 69)	(-80, 0)	(-40, -69)	(40, -69)	circle	green	same	left	left	(80, 0)	(40, 69)	search	nr	True	1279919	1281164	left	60	10	35	135	110	85	None	None	testing
1	xh	f	21	green	2	(80, 0)	(40, 69)	(-39, 69)	(-80, 0)	(-40, -69)	(40, -69)	circle	green	dif	right	right	(-39, 69)	(-80, 0)	probe	tar	None	None	None	None	85	160	10	110	135	35	(-80, 0)	5	testing
1	xh	f	21	green	2	(80, 0)	(40, 69)	(-39, 69)	(-80, 0)	(-40, -69)	(40, -69)	diamond	green	same	left	left	(-80, 0)	(40, -69)	probe	tar	None	None	None	None	135	85	160	35	60	110	(40, -69)	163	testing
1	xh	f	21	green	2	(80, 0)	(40, 69)	(-39, 69)	(-80, 0)	(-40, -69)	(40, -69)	circle	green	dif	right	right	(80, 0)	(-39, 69)	probe	h_sin	None	None	None	None	10	160	60	110	35	135	(80, 0)	154	testing
1	xh	f	21	green	2	(80, 0)	(40, 69)	(-39, 69)	(-80, 0)	(-40, -69)	(40, -69)	diamond	none	dif	left	left	N_dist	(80, 0)	probe	h_tar	None	None	None	None	10	60	85	110	135	35	(80, 0)	152	testing
1	xh	f	21	green	2	(80, 0)	(40, 69)	(-39, 69)	(-80, 0)	(-40, -69)	(40, -69)	diamond	green	same	right	right	(-39, 69)	(-40, -69)	probe	l_sin	None	None	None	None	135	35	60	85	10	110	(-39, 69)	169	testing
1	xh	f	21	green	2	(80, 0)	(40, 69)	(-39, 69)	(-80, 0)	(-40, -69)	(40, -69)	circle	none	same	right	right	N_dist	(-39, 69)	search	nr	True	1314304	1315947	right	10	160	85	110	135	60	None	None	testing
1	xh	f	21	green	2	(80, 0)	(40, 69)	(-39, 69)	(-80, 0)	(-40, -69)	(40, -69)	circle	green	dif	right	right	(80, 0)	(-39, 69)	search	nr	True	1317171	1318044	right	10	60	110	160	135	35	None	None	testing
1	xh	f	21	green	2	(80, 0)	(40, 69)	(-39, 69)	(-80, 0)	(-40, -69)	(40, -69)	diamond	green	dif	left	left	(-40, -69)	(-80, 0)	search	nr	True	1319199	1320588	left	135	10	35	60	110	85	None	None	testing
1	xh	f	21	green	2	(80, 0)	(40, 69)	(-39, 69)	(-80, 0)	(-40, -69)	(40, -69)	circle	none	same	right	right	N_dist	(-39, 69)	search	nr	True	1321748	1322716	right	10	60	135	85	110	35	None	None	testing
1	xh	f	21	green	2	(80, 0)	(40, 69)	(-39, 69)	(-80, 0)	(-40, -69)	(40, -69)	diamond	none	dif	left	left	N_dist	(80, 0)	search	nr	True	1323910	1324811	left	85	135	160	10	35	110	None	None	testing
1	xh	f	21	green	2	(80, 0)	(40, 69)	(-39, 69)	(-80, 0)	(-40, -69)	(40, -69)	circle	green	dif	left	left	(80, 0)	(40, 69)	search	nr	True	1325973	1327212	left	160	10	110	35	135	60	None	None	testing
1	xh	f	21	green	2	(80, 0)	(40, 69)	(-39, 69)	(-80, 0)	(-40, -69)	(40, -69)	circle	green	same	left	left	(80, 0)	(-40, -69)	probe	tar	None	None	None	None	110	10	85	60	160	135	(-40, -69)	28	testing
1	xh	f	21	green	2	(80, 0)	(40, 69)	(-39, 69)	(-80, 0)	(-40, -69)	(40, -69)	circle	green	same	right	right	(80, 0)	(40, 69)	search	nr	True	1334339	1335291	right	160	10	110	135	60	35	None	None	testing
1	xh	f	21	green	2	(80, 0)	(40, 69)	(-39, 69)	(-80, 0)	(-40, -69)	(40, -69)	circle	green	same	left	left	(80, 0)	(-80, 0)	search	nr	True	1336585	1337515	left	85	35	160	110	135	10	None	None	testing
1	xh	f	21	green	2	(80, 0)	(40, 69)	(-39, 69)	(-80, 0)	(-40, -69)	(40, -69)	diamond	none	dif	right	right	N_dist	(40, 69)	search	nr	True	1338814	1340172	right	35	85	60	160	110	135	None	None	testing
1	xh	f	21	green	2	(80, 0)	(40, 69)	(-39, 69)	(-80, 0)	(-40, -69)	(40, -69)	circle	green	dif	left	left	(80, 0)	(-80, 0)	search	nr	True	1341413	1342540	left	10	160	110	35	135	85	None	None	testing
1	xh	f	21	green	2	(80, 0)	(40, 69)	(-39, 69)	(-80, 0)	(-40, -69)	(40, -69)	diamond	none	dif	left	left	N_dist	(-40, -69)	search	nr	True	1343828	1344844	left	85	160	110	135	60	35	None	None	testing
