subj	name	gender	age	dist	run	tar_locs1	tar_locs2	tar_locs3	tar_locs4	tar_locs5	tar_locs6	shape	dist	td_dif	detection	resp_key	dis_loc	tar_loc	task_type	probe_cond	gotKey	startTime	respTime	resp	o1	o2	o3	o4	o5	o6	pro_loc	ori_resp	mode
2	dr	f	19	red	5	(80, 0)	(40, 69)	(-39, 69)	(-80, 0)	(-40, -69)	(40, -69)	circle	none	same	left	left	N_dist	(40, 69)	search	nr	True	36294	36989	left	60	35	10	85	160	110	None	None	testing
2	dr	f	19	red	5	(80, 0)	(40, 69)	(-39, 69)	(-80, 0)	(-40, -69)	(40, -69)	circle	none	same	left	left	N_dist	(40, 69)	search	nr	True	38181	38733	left	110	35	60	85	160	135	None	None	testing
2	dr	f	19	red	5	(80, 0)	(40, 69)	(-39, 69)	(-80, 0)	(-40, -69)	(40, -69)	diamond	none	same	left	left	N_dist	(80, 0)	search	nr	True	39833	40333	left	160	110	60	85	135	10	None	None	testing
2	dr	f	19	red	5	(80, 0)	(40, 69)	(-39, 69)	(-80, 0)	(-40, -69)	(40, -69)	circle	red	same	left	left	(40, 69)	(-80, 0)	search	nr	True	41503	42109	left	135	160	85	10	35	110	None	None	testing
2	dr	f	19	red	5	(80, 0)	(40, 69)	(-39, 69)	(-80, 0)	(-40, -69)	(40, -69)	circle	red	same	right	right	(40, 69)	(80, 0)	probe	norm	None	None	None	None	110	160	60	85	135	35	(40, -69)	157	testing
2	dr	f	19	red	5	(80, 0)	(40, 69)	(-39, 69)	(-80, 0)	(-40, -69)	(40, -69)	circle	red	same	right	right	(40, 69)	(-39, 69)	search	nr	True	48400	49053	right	85	10	35	60	160	110	None	None	testing
2	dr	f	19	red	5	(80, 0)	(40, 69)	(-39, 69)	(-80, 0)	(-40, -69)	(40, -69)	diamond	none	same	right	right	N_dist	(-80, 0)	probe	l_tar	None	None	None	None	60	110	160	135	85	35	(-80, 0)	20	testing
2	dr	f	19	red	5	(80, 0)	(40, 69)	(-39, 69)	(-80, 0)	(-40, -69)	(40, -69)	circle	red	dif	left	left	(40, 69)	(-40, -69)	search	nr	True	54944	55549	right	85	60	160	110	10	135	None	None	testing
2	dr	f	19	red	5	(80, 0)	(40, 69)	(-39, 69)	(-80, 0)	(-40, -69)	(40, -69)	circle	none	dif	right	right	N_dist	(-39, 69)	search	nr	True	58167	59133	right	60	135	160	35	85	110	None	None	testing
2	dr	f	19	red	5	(80, 0)	(40, 69)	(-39, 69)	(-80, 0)	(-40, -69)	(40, -69)	circle	none	dif	right	right	N_dist	(-40, -69)	search	nr	True	60204	60796	right	60	110	160	85	10	35	None	None	testing
2	dr	f	19	red	5	(80, 0)	(40, 69)	(-39, 69)	(-80, 0)	(-40, -69)	(40, -69)	circle	none	dif	right	right	N_dist	(40, 69)	probe	h_tar	None	None	None	None	135	85	35	160	110	60	(40, 69)	170	testing
2	dr	f	19	red	5	(80, 0)	(40, 69)	(-39, 69)	(-80, 0)	(-40, -69)	(40, -69)	diamond	red	dif	right	right	(-39, 69)	(-40, -69)	probe	norm	None	None	None	None	110	160	85	35	135	60	(40, -69)	166	testing
2	dr	f	19	red	5	(80, 0)	(40, 69)	(-39, 69)	(-80, 0)	(-40, -69)	(40, -69)	circle	red	same	left	left	(40, -69)	(-39, 69)	probe	l_sin	None	None	None	None	110	85	135	60	35	160	(40, -69)	165	testing
2	dr	f	19	red	5	(80, 0)	(40, 69)	(-39, 69)	(-80, 0)	(-40, -69)	(40, -69)	circle	none	dif	right	right	N_dist	(-40, -69)	search	nr	True	73629	74236	right	135	85	10	160	110	60	None	None	testing
2	dr	f	19	red	5	(80, 0)	(40, 69)	(-39, 69)	(-80, 0)	(-40, -69)	(40, -69)	circle	red	dif	left	left	(40, 69)	(40, -69)	search	nr	True	75449	76429	right	10	60	35	160	110	85	None	None	testing
2	dr	f	19	red	5	(80, 0)	(40, 69)	(-39, 69)	(-80, 0)	(-40, -69)	(40, -69)	diamond	none	dif	left	left	N_dist	(40, -69)	search	nr	True	79089	80748	left	135	60	35	160	110	85	None	None	testing
2	dr	f	19	red	5	(80, 0)	(40, 69)	(-39, 69)	(-80, 0)	(-40, -69)	(40, -69)	circle	red	dif	right	right	(-40, -69)	(-80, 0)	search	nr	True	81994	82765	right	85	110	160	135	60	35	None	None	testing
2	dr	f	19	red	5	(80, 0)	(40, 69)	(-39, 69)	(-80, 0)	(-40, -69)	(40, -69)	circle	none	dif	left	left	N_dist	(40, 69)	search	nr	True	83831	84461	left	160	135	85	10	35	110	None	None	testing
2	dr	f	19	red	5	(80, 0)	(40, 69)	(-39, 69)	(-80, 0)	(-40, -69)	(40, -69)	diamond	red	dif	left	left	(40, 69)	(80, 0)	search	nr	True	85635	86397	left	110	135	35	160	10	60	None	None	testing
2	dr	f	19	red	5	(80, 0)	(40, 69)	(-39, 69)	(-80, 0)	(-40, -69)	(40, -69)	diamond	red	dif	left	left	(40, 69)	(-39, 69)	search	nr	True	87689	88397	left	35	110	85	160	135	60	None	None	testing
2	dr	f	19	red	5	(80, 0)	(40, 69)	(-39, 69)	(-80, 0)	(-40, -69)	(40, -69)	circle	red	same	right	right	(40, 69)	(-39, 69)	search	nr	True	89708	90333	right	160	35	60	110	135	10	None	None	testing
2	dr	f	19	red	5	(80, 0)	(40, 69)	(-39, 69)	(-80, 0)	(-40, -69)	(40, -69)	circle	red	same	right	right	(40, 69)	(80, 0)	probe	norm	None	None	None	None	35	85	160	110	10	135	(40, -69)	163	testing
2	dr	f	19	red	5	(80, 0)	(40, 69)	(-39, 69)	(-80, 0)	(-40, -69)	(40, -69)	diamond	none	same	right	right	N_dist	(-40, -69)	search	nr	True	95335	95997	right	85	35	10	135	160	110	None	None	testing
2	dr	f	19	red	5	(80, 0)	(40, 69)	(-39, 69)	(-80, 0)	(-40, -69)	(40, -69)	diamond	red	same	right	right	(80, 0)	(-39, 69)	search	nr	True	97172	97885	right	60	35	85	160	10	110	None	None	testing
2	dr	f	19	red	5	(80, 0)	(40, 69)	(-39, 69)	(-80, 0)	(-40, -69)	(40, -69)	circle	none	dif	left	left	N_dist	(40, -69)	probe	h_norm	None	None	None	None	10	85	160	135	35	110	(40, 69)	20	testing
2	dr	f	19	red	5	(80, 0)	(40, 69)	(-39, 69)	(-80, 0)	(-40, -69)	(40, -69)	circle	red	same	right	right	(40, 69)	(-39, 69)	search	nr	True	103100	103661	right	10	60	110	135	35	160	None	None	testing
2	dr	f	19	red	5	(80, 0)	(40, 69)	(-39, 69)	(-80, 0)	(-40, -69)	(40, -69)	diamond	red	same	right	right	(-40, -69)	(-39, 69)	probe	l_sin	None	None	None	None	85	35	135	60	10	160	(-40, -69)	125	testing
2	dr	f	19	red	5	(80, 0)	(40, 69)	(-39, 69)	(-80, 0)	(-40, -69)	(40, -69)	circle	red	same	left	left	(40, -69)	(-39, 69)	search	nr	True	110163	110925	left	135	60	160	35	85	110	None	None	testing
2	dr	f	19	red	5	(80, 0)	(40, 69)	(-39, 69)	(-80, 0)	(-40, -69)	(40, -69)	diamond	red	same	left	left	(40, 69)	(-80, 0)	probe	tar	None	None	None	None	35	110	60	10	135	160	(-80, 0)	158	testing
2	dr	f	19	red	5	(80, 0)	(40, 69)	(-39, 69)	(-80, 0)	(-40, -69)	(40, -69)	circle	none	same	left	left	N_dist	(-40, -69)	probe	l_norm	None	None	None	None	35	60	110	135	85	160	(40, -69)	26	testing
2	dr	f	19	red	5	(80, 0)	(40, 69)	(-39, 69)	(-80, 0)	(-40, -69)	(40, -69)	circle	red	dif	right	right	(-80, 0)	(80, 0)	probe	norm	None	None	None	None	160	60	85	35	110	10	(40, -69)	157	testing
2	dr	f	19	red	5	(80, 0)	(40, 69)	(-39, 69)	(-80, 0)	(-40, -69)	(40, -69)	circle	red	dif	right	right	(40, 69)	(-39, 69)	search	nr	True	123871	124461	right	60	85	160	35	10	110	None	None	testing
2	dr	f	19	red	5	(80, 0)	(40, 69)	(-39, 69)	(-80, 0)	(-40, -69)	(40, -69)	diamond	none	same	left	left	N_dist	(80, 0)	search	nr	True	125675	126525	left	35	160	85	110	10	135	None	None	testing
2	dr	f	19	red	5	(80, 0)	(40, 69)	(-39, 69)	(-80, 0)	(-40, -69)	(40, -69)	circle	red	same	right	right	(40, 69)	(-80, 0)	search	nr	True	127745	128284	right	160	110	135	10	60	85	None	None	testing
2	dr	f	19	red	5	(80, 0)	(40, 69)	(-39, 69)	(-80, 0)	(-40, -69)	(40, -69)	diamond	red	same	left	left	(40, 69)	(80, 0)	search	nr	True	129498	130028	left	10	135	85	110	60	35	None	None	testing
2	dr	f	19	red	5	(80, 0)	(40, 69)	(-39, 69)	(-80, 0)	(-40, -69)	(40, -69)	diamond	none	same	right	right	N_dist	(-39, 69)	search	nr	True	131118	131645	right	10	85	110	160	35	60	None	None	testing
2	dr	f	19	red	5	(80, 0)	(40, 69)	(-39, 69)	(-80, 0)	(-40, -69)	(40, -69)	diamond	red	dif	left	left	(40, 69)	(-39, 69)	search	nr	True	132805	133389	left	35	10	110	60	160	85	None	None	testing
2	dr	f	19	red	5	(80, 0)	(40, 69)	(-39, 69)	(-80, 0)	(-40, -69)	(40, -69)	circle	red	dif	left	left	(40, 69)	(40, -69)	search	nr	True	134491	135036	left	60	10	35	110	85	135	None	None	testing
2	dr	f	19	red	5	(80, 0)	(40, 69)	(-39, 69)	(-80, 0)	(-40, -69)	(40, -69)	diamond	red	dif	left	left	(40, 69)	(80, 0)	probe	h_sin	None	None	None	None	35	85	110	10	135	160	(40, 69)	26	testing
2	dr	f	19	red	5	(80, 0)	(40, 69)	(-39, 69)	(-80, 0)	(-40, -69)	(40, -69)	diamond	none	dif	right	right	N_dist	(40, -69)	search	nr	True	139550	140076	right	35	135	10	160	60	110	None	None	testing
2	dr	f	19	red	5	(80, 0)	(40, 69)	(-39, 69)	(-80, 0)	(-40, -69)	(40, -69)	circle	none	same	left	left	N_dist	(40, 69)	probe	h_tar	None	None	None	None	60	35	160	110	85	10	(40, 69)	152	testing
2	dr	f	19	red	5	(80, 0)	(40, 69)	(-39, 69)	(-80, 0)	(-40, -69)	(40, -69)	circle	red	same	left	left	(-39, 69)	(80, 0)	probe	l_sin	None	None	None	None	85	110	135	35	60	160	(-39, 69)	22	testing
2	dr	f	19	red	5	(80, 0)	(40, 69)	(-39, 69)	(-80, 0)	(-40, -69)	(40, -69)	diamond	red	dif	left	left	(40, 69)	(80, 0)	search	nr	True	148049	148540	left	85	160	135	110	60	10	None	None	testing
2	dr	f	19	red	5	(80, 0)	(40, 69)	(-39, 69)	(-80, 0)	(-40, -69)	(40, -69)	circle	red	same	right	right	(40, 69)	(-40, -69)	search	nr	True	149719	150269	right	35	160	85	110	10	60	None	None	testing
2	dr	f	19	red	5	(80, 0)	(40, 69)	(-39, 69)	(-80, 0)	(-40, -69)	(40, -69)	circle	red	dif	left	left	(40, 69)	(-40, -69)	search	nr	True	151505	152109	left	60	110	160	10	135	35	None	None	testing
2	dr	f	19	red	5	(80, 0)	(40, 69)	(-39, 69)	(-80, 0)	(-40, -69)	(40, -69)	circle	red	dif	right	right	(-40, -69)	(80, 0)	probe	l_sin	None	None	None	None	160	10	60	110	35	85	(-40, -69)	170	testing
2	dr	f	19	red	5	(80, 0)	(40, 69)	(-39, 69)	(-80, 0)	(-40, -69)	(40, -69)	diamond	none	dif	left	left	N_dist	(80, 0)	search	nr	True	156665	157212	left	110	85	35	135	60	160	None	None	testing
2	dr	f	19	red	5	(80, 0)	(40, 69)	(-39, 69)	(-80, 0)	(-40, -69)	(40, -69)	diamond	red	dif	right	right	(40, 69)	(40, -69)	search	nr	True	158401	159133	right	135	160	85	110	10	35	None	None	testing
2	dr	f	19	red	5	(80, 0)	(40, 69)	(-39, 69)	(-80, 0)	(-40, -69)	(40, -69)	diamond	red	same	right	right	(40, 69)	(-80, 0)	probe	tar	None	None	None	None	35	10	60	110	85	135	(-80, 0)	5	testing
2	dr	f	19	red	5	(80, 0)	(40, 69)	(-39, 69)	(-80, 0)	(-40, -69)	(40, -69)	circle	none	dif	right	right	N_dist	(-80, 0)	probe	l_norm	None	None	None	None	60	85	10	135	160	110	(-39, 69)	158	testing
2	dr	f	19	red	5	(80, 0)	(40, 69)	(-39, 69)	(-80, 0)	(-40, -69)	(40, -69)	circle	red	dif	left	left	(40, 69)	(-80, 0)	search	nr	True	166583	167276	left	110	35	85	160	135	60	None	None	testing
2	dr	f	19	red	5	(80, 0)	(40, 69)	(-39, 69)	(-80, 0)	(-40, -69)	(40, -69)	circle	red	dif	left	left	(40, 69)	(-40, -69)	probe	norm	None	None	None	None	60	85	35	135	160	10	(80, 0)	36	testing
2	dr	f	19	red	5	(80, 0)	(40, 69)	(-39, 69)	(-80, 0)	(-40, -69)	(40, -69)	diamond	none	dif	left	left	N_dist	(-39, 69)	search	nr	True	171960	172605	left	10	160	85	110	60	135	None	None	testing
2	dr	f	19	red	5	(80, 0)	(40, 69)	(-39, 69)	(-80, 0)	(-40, -69)	(40, -69)	diamond	none	dif	left	left	N_dist	(40, -69)	search	nr	True	173763	174396	left	110	160	60	135	10	85	None	None	testing
2	dr	f	19	red	5	(80, 0)	(40, 69)	(-39, 69)	(-80, 0)	(-40, -69)	(40, -69)	diamond	red	dif	left	left	(-40, -69)	(-80, 0)	search	nr	True	175517	176317	left	10	60	110	35	135	85	None	None	testing
2	dr	f	19	red	5	(80, 0)	(40, 69)	(-39, 69)	(-80, 0)	(-40, -69)	(40, -69)	diamond	red	dif	left	left	(40, 69)	(-39, 69)	probe	norm	None	None	None	None	110	85	135	60	160	35	(80, 0)	29	testing
2	dr	f	19	red	5	(80, 0)	(40, 69)	(-39, 69)	(-80, 0)	(-40, -69)	(40, -69)	diamond	red	dif	left	left	(40, -69)	(-39, 69)	probe	norm	None	None	None	None	35	135	60	10	110	160	(-40, -69)	24	testing
2	dr	f	19	red	5	(80, 0)	(40, 69)	(-39, 69)	(-80, 0)	(-40, -69)	(40, -69)	circle	red	dif	left	left	(40, 69)	(-39, 69)	search	nr	True	185117	185692	left	110	60	160	135	10	35	None	None	testing
2	dr	f	19	red	5	(80, 0)	(40, 69)	(-39, 69)	(-80, 0)	(-40, -69)	(40, -69)	circle	red	same	right	right	(-39, 69)	(80, 0)	search	nr	True	186820	187357	right	85	135	10	110	160	35	None	None	testing
2	dr	f	19	red	5	(80, 0)	(40, 69)	(-39, 69)	(-80, 0)	(-40, -69)	(40, -69)	diamond	red	dif	left	left	(40, 69)	(-39, 69)	search	nr	True	188624	189341	left	160	10	60	135	110	35	None	None	testing
2	dr	f	19	red	5	(80, 0)	(40, 69)	(-39, 69)	(-80, 0)	(-40, -69)	(40, -69)	diamond	red	dif	right	right	(40, 69)	(40, -69)	search	nr	True	190443	191149	right	35	135	10	160	85	60	None	None	testing
2	dr	f	19	red	5	(80, 0)	(40, 69)	(-39, 69)	(-80, 0)	(-40, -69)	(40, -69)	diamond	red	dif	right	right	(-39, 69)	(80, 0)	search	nr	True	192363	192973	right	110	160	135	10	35	85	None	None	testing
2	dr	f	19	red	5	(80, 0)	(40, 69)	(-39, 69)	(-80, 0)	(-40, -69)	(40, -69)	diamond	red	dif	left	left	(40, 69)	(-80, 0)	probe	norm	None	None	None	None	135	110	85	10	60	160	(-39, 69)	159	testing
2	dr	f	19	red	5	(80, 0)	(40, 69)	(-39, 69)	(-80, 0)	(-40, -69)	(40, -69)	diamond	red	dif	right	right	(40, 69)	(80, 0)	search	nr	True	197640	198124	right	60	160	35	110	85	135	None	None	testing
2	dr	f	19	red	5	(80, 0)	(40, 69)	(-39, 69)	(-80, 0)	(-40, -69)	(40, -69)	diamond	none	same	right	right	N_dist	(80, 0)	probe	h_norm	None	None	None	None	60	110	10	85	160	35	(40, 69)	28	testing
2	dr	f	19	red	5	(80, 0)	(40, 69)	(-39, 69)	(-80, 0)	(-40, -69)	(40, -69)	circle	none	dif	left	left	N_dist	(-40, -69)	probe	h_norm	None	None	None	None	35	135	85	60	10	110	(40, 69)	20	testing
2	dr	f	19	red	5	(80, 0)	(40, 69)	(-39, 69)	(-80, 0)	(-40, -69)	(40, -69)	circle	red	same	left	left	(40, 69)	(-40, -69)	search	nr	True	206841	207517	left	10	110	60	135	85	35	None	None	testing
2	dr	f	19	red	5	(80, 0)	(40, 69)	(-39, 69)	(-80, 0)	(-40, -69)	(40, -69)	circle	red	dif	right	right	(-40, -69)	(80, 0)	search	nr	True	208693	209229	right	85	135	160	60	10	110	None	None	testing
2	dr	f	19	red	5	(80, 0)	(40, 69)	(-39, 69)	(-80, 0)	(-40, -69)	(40, -69)	diamond	none	same	right	right	N_dist	(-40, -69)	probe	h_norm	None	None	None	None	10	110	35	60	85	160	(40, 69)	19	testing
2	dr	f	19	red	5	(80, 0)	(40, 69)	(-39, 69)	(-80, 0)	(-40, -69)	(40, -69)	diamond	red	same	right	right	(-80, 0)	(40, -69)	probe	tar	None	None	None	None	160	60	110	35	135	85	(40, -69)	5	testing
2	dr	f	19	red	5	(80, 0)	(40, 69)	(-39, 69)	(-80, 0)	(-40, -69)	(40, -69)	diamond	red	dif	right	right	(40, 69)	(40, -69)	probe	norm	None	None	None	None	60	10	160	35	110	85	(-80, 0)	15	testing
2	dr	f	19	red	5	(80, 0)	(40, 69)	(-39, 69)	(-80, 0)	(-40, -69)	(40, -69)	diamond	red	same	left	left	(40, 69)	(-39, 69)	search	nr	True	220549	221275	left	85	135	35	160	110	10	None	None	testing
2	dr	f	19	red	5	(80, 0)	(40, 69)	(-39, 69)	(-80, 0)	(-40, -69)	(40, -69)	diamond	red	same	right	right	(-80, 0)	(-39, 69)	probe	l_sin	None	None	None	None	10	60	135	35	85	160	(-80, 0)	169	testing
2	dr	f	19	red	5	(80, 0)	(40, 69)	(-39, 69)	(-80, 0)	(-40, -69)	(40, -69)	circle	none	same	left	left	N_dist	(-40, -69)	search	nr	True	226009	226620	left	160	110	60	135	85	10	None	None	testing
2	dr	f	19	red	5	(80, 0)	(40, 69)	(-39, 69)	(-80, 0)	(-40, -69)	(40, -69)	diamond	red	dif	right	right	(40, 69)	(80, 0)	search	nr	True	227796	228349	right	160	110	10	60	85	35	None	None	testing
2	dr	f	19	red	5	(80, 0)	(40, 69)	(-39, 69)	(-80, 0)	(-40, -69)	(40, -69)	circle	none	dif	left	left	N_dist	(40, -69)	search	nr	True	229415	230092	left	10	110	135	85	60	160	None	None	testing
2	dr	f	19	red	5	(80, 0)	(40, 69)	(-39, 69)	(-80, 0)	(-40, -69)	(40, -69)	circle	red	dif	left	left	(40, 69)	(-39, 69)	search	nr	True	231335	231900	left	85	60	35	160	135	10	None	None	testing
2	dr	f	19	red	5	(80, 0)	(40, 69)	(-39, 69)	(-80, 0)	(-40, -69)	(40, -69)	circle	red	same	right	right	(40, 69)	(80, 0)	search	nr	True	232988	233500	right	85	35	10	110	160	135	None	None	testing
2	dr	f	19	red	5	(80, 0)	(40, 69)	(-39, 69)	(-80, 0)	(-40, -69)	(40, -69)	diamond	red	dif	left	left	(-39, 69)	(-80, 0)	search	nr	True	234775	235404	left	10	160	85	35	135	60	None	None	testing
2	dr	f	19	red	5	(80, 0)	(40, 69)	(-39, 69)	(-80, 0)	(-40, -69)	(40, -69)	circle	red	dif	left	left	(40, 69)	(-80, 0)	search	nr	True	236512	237116	left	10	110	60	35	160	135	None	None	testing
2	dr	f	19	red	5	(80, 0)	(40, 69)	(-39, 69)	(-80, 0)	(-40, -69)	(40, -69)	circle	red	dif	right	right	(-80, 0)	(-40, -69)	search	nr	True	238232	238973	right	60	10	160	85	110	35	None	None	testing
2	dr	f	19	red	5	(80, 0)	(40, 69)	(-39, 69)	(-80, 0)	(-40, -69)	(40, -69)	circle	red	same	left	left	(40, 69)	(-80, 0)	probe	h_sin	None	None	None	None	160	35	60	10	85	110	(40, 69)	19	testing
2	dr	f	19	red	5	(80, 0)	(40, 69)	(-39, 69)	(-80, 0)	(-40, -69)	(40, -69)	diamond	none	same	right	right	N_dist	(80, 0)	search	nr	True	243291	243804	right	35	135	10	60	110	85	None	None	testing
2	dr	f	19	red	5	(80, 0)	(40, 69)	(-39, 69)	(-80, 0)	(-40, -69)	(40, -69)	diamond	red	same	right	right	(40, 69)	(80, 0)	search	nr	True	244894	245484	right	10	60	35	110	135	160	None	None	testing
2	dr	f	19	red	5	(80, 0)	(40, 69)	(-39, 69)	(-80, 0)	(-40, -69)	(40, -69)	diamond	none	dif	right	right	N_dist	(-40, -69)	search	nr	True	246647	247229	right	35	110	135	60	10	85	None	None	testing
2	dr	f	19	red	5	(80, 0)	(40, 69)	(-39, 69)	(-80, 0)	(-40, -69)	(40, -69)	diamond	none	dif	left	left	N_dist	(40, -69)	search	nr	True	248366	249116	left	10	160	60	110	35	85	None	None	testing
2	dr	f	19	red	5	(80, 0)	(40, 69)	(-39, 69)	(-80, 0)	(-40, -69)	(40, -69)	circle	red	dif	right	right	(40, -69)	(-40, -69)	probe	l_sin	None	None	None	None	110	60	135	85	10	160	(40, -69)	30	testing
2	dr	f	19	red	5	(80, 0)	(40, 69)	(-39, 69)	(-80, 0)	(-40, -69)	(40, -69)	diamond	none	same	left	left	N_dist	(40, 69)	search	nr	True	253927	254668	left	135	110	10	35	60	85	None	None	testing
2	dr	f	19	red	5	(80, 0)	(40, 69)	(-39, 69)	(-80, 0)	(-40, -69)	(40, -69)	diamond	red	same	right	right	(40, 69)	(80, 0)	probe	norm	None	None	None	None	60	35	110	135	160	85	(40, -69)	158	testing
2	dr	f	19	red	5	(80, 0)	(40, 69)	(-39, 69)	(-80, 0)	(-40, -69)	(40, -69)	diamond	red	same	left	left	(40, 69)	(-40, -69)	probe	norm	None	None	None	None	160	85	135	60	35	10	(40, -69)	32	testing
2	dr	f	19	red	5	(80, 0)	(40, 69)	(-39, 69)	(-80, 0)	(-40, -69)	(40, -69)	circle	none	same	right	right	N_dist	(-39, 69)	search	nr	True	263044	263692	right	110	160	85	60	135	10	None	None	testing
2	dr	f	19	red	5	(80, 0)	(40, 69)	(-39, 69)	(-80, 0)	(-40, -69)	(40, -69)	circle	none	same	right	right	N_dist	(-80, 0)	search	nr	True	264764	265372	right	110	85	10	135	35	160	None	None	testing
2	dr	f	19	red	5	(80, 0)	(40, 69)	(-39, 69)	(-80, 0)	(-40, -69)	(40, -69)	diamond	none	dif	right	right	N_dist	(40, -69)	search	nr	True	266467	267260	right	85	135	160	60	110	35	None	None	testing
2	dr	f	19	red	5	(80, 0)	(40, 69)	(-39, 69)	(-80, 0)	(-40, -69)	(40, -69)	diamond	none	dif	left	left	N_dist	(40, -69)	search	nr	True	268437	269132	left	10	110	35	135	60	160	None	None	testing
2	dr	f	19	red	5	(80, 0)	(40, 69)	(-39, 69)	(-80, 0)	(-40, -69)	(40, -69)	circle	red	same	left	left	(80, 0)	(40, -69)	search	nr	True	270307	271596	right	160	10	110	85	35	60	None	None	testing
2	dr	f	19	red	5	(80, 0)	(40, 69)	(-39, 69)	(-80, 0)	(-40, -69)	(40, -69)	circle	red	dif	left	left	(40, 69)	(80, 0)	probe	tar	None	None	None	None	10	60	160	85	35	135	(80, 0)	35	testing
2	dr	f	19	red	5	(80, 0)	(40, 69)	(-39, 69)	(-80, 0)	(-40, -69)	(40, -69)	diamond	red	same	left	left	(40, 69)	(-80, 0)	search	nr	True	277954	278508	left	85	35	135	160	10	60	None	None	testing
2	dr	f	19	red	5	(80, 0)	(40, 69)	(-39, 69)	(-80, 0)	(-40, -69)	(40, -69)	circle	none	dif	right	right	N_dist	(-40, -69)	probe	l_norm	None	None	None	None	60	135	110	160	85	35	(-39, 69)	21	testing
2	dr	f	19	red	5	(80, 0)	(40, 69)	(-39, 69)	(-80, 0)	(-40, -69)	(40, -69)	circle	red	same	right	right	(40, 69)	(-39, 69)	probe	tar	None	None	None	None	35	85	160	110	10	60	(-39, 69)	30	testing
2	dr	f	19	red	5	(80, 0)	(40, 69)	(-39, 69)	(-80, 0)	(-40, -69)	(40, -69)	circle	red	same	right	right	(40, 69)	(-40, -69)	search	nr	True	288090	288636	right	60	135	85	160	110	10	None	None	testing
2	dr	f	19	red	5	(80, 0)	(40, 69)	(-39, 69)	(-80, 0)	(-40, -69)	(40, -69)	circle	red	same	right	right	(40, 69)	(-40, -69)	probe	tar	None	None	None	None	85	60	110	160	10	35	(-40, -69)	127	testing
2	dr	f	19	red	5	(80, 0)	(40, 69)	(-39, 69)	(-80, 0)	(-40, -69)	(40, -69)	diamond	none	dif	right	right	N_dist	(-39, 69)	search	nr	True	294218	294924	right	160	85	35	10	60	135	None	None	testing
2	dr	f	19	red	5	(80, 0)	(40, 69)	(-39, 69)	(-80, 0)	(-40, -69)	(40, -69)	diamond	red	dif	left	left	(40, 69)	(-39, 69)	search	nr	True	296088	296668	left	35	135	10	110	85	60	None	None	testing
2	dr	f	19	red	5	(80, 0)	(40, 69)	(-39, 69)	(-80, 0)	(-40, -69)	(40, -69)	circle	none	same	right	right	N_dist	(80, 0)	search	nr	True	297824	298540	right	160	135	35	60	85	10	None	None	testing
2	dr	f	19	red	5	(80, 0)	(40, 69)	(-39, 69)	(-80, 0)	(-40, -69)	(40, -69)	diamond	none	same	left	left	N_dist	(-39, 69)	probe	h_norm	None	None	None	None	110	35	135	10	160	60	(40, 69)	22	testing
2	dr	f	19	red	5	(80, 0)	(40, 69)	(-39, 69)	(-80, 0)	(-40, -69)	(40, -69)	diamond	none	dif	right	right	N_dist	(-39, 69)	probe	l_norm	None	None	None	None	135	160	85	10	35	110	(-80, 0)	153	testing
2	dr	f	19	red	5	(80, 0)	(40, 69)	(-39, 69)	(-80, 0)	(-40, -69)	(40, -69)	diamond	red	same	left	left	(40, -69)	(-80, 0)	search	nr	True	306590	307292	right	110	160	85	60	35	135	None	None	testing
2	dr	f	19	red	5	(80, 0)	(40, 69)	(-39, 69)	(-80, 0)	(-40, -69)	(40, -69)	circle	red	same	left	left	(40, 69)	(40, -69)	search	nr	True	310014	311468	left	160	110	135	60	85	35	None	None	testing
2	dr	f	19	red	5	(80, 0)	(40, 69)	(-39, 69)	(-80, 0)	(-40, -69)	(40, -69)	circle	red	same	left	left	(40, 69)	(-40, -69)	search	nr	True	312534	313228	left	135	160	60	35	10	110	None	None	testing
2	dr	f	19	red	5	(80, 0)	(40, 69)	(-39, 69)	(-80, 0)	(-40, -69)	(40, -69)	diamond	red	dif	left	left	(40, 69)	(-39, 69)	probe	h_sin	None	None	None	None	160	35	110	85	10	60	(40, 69)	119	testing
2	dr	f	19	red	5	(80, 0)	(40, 69)	(-39, 69)	(-80, 0)	(-40, -69)	(40, -69)	diamond	red	dif	right	right	(-39, 69)	(-40, -69)	search	nr	True	318796	319675	right	60	10	110	85	160	35	None	None	testing
2	dr	f	19	red	5	(80, 0)	(40, 69)	(-39, 69)	(-80, 0)	(-40, -69)	(40, -69)	diamond	none	dif	right	right	N_dist	(-40, -69)	probe	l_tar	None	None	None	None	160	110	10	35	135	85	(-40, -69)	23	testing
2	dr	f	19	red	5	(80, 0)	(40, 69)	(-39, 69)	(-80, 0)	(-40, -69)	(40, -69)	circle	red	same	left	left	(40, 69)	(-40, -69)	probe	tar	None	None	None	None	110	60	160	10	135	35	(-40, -69)	22	testing
2	dr	f	19	red	5	(80, 0)	(40, 69)	(-39, 69)	(-80, 0)	(-40, -69)	(40, -69)	circle	red	same	right	right	(40, 69)	(-80, 0)	probe	norm	None	None	None	None	135	110	60	35	85	160	(-39, 69)	160	testing
2	dr	f	19	red	5	(80, 0)	(40, 69)	(-39, 69)	(-80, 0)	(-40, -69)	(40, -69)	diamond	red	dif	right	right	(40, 69)	(40, -69)	search	nr	True	333924	334556	right	85	35	10	135	160	110	None	None	testing
2	dr	f	19	red	5	(80, 0)	(40, 69)	(-39, 69)	(-80, 0)	(-40, -69)	(40, -69)	diamond	none	same	left	left	N_dist	(40, 69)	probe	h_tar	None	None	None	None	60	10	160	135	85	35	(40, 69)	129	testing
2	dr	f	19	red	5	(80, 0)	(40, 69)	(-39, 69)	(-80, 0)	(-40, -69)	(40, -69)	circle	none	same	left	left	N_dist	(40, 69)	probe	h_tar	None	None	None	None	35	110	60	85	160	10	(40, 69)	19	testing
2	dr	f	19	red	5	(80, 0)	(40, 69)	(-39, 69)	(-80, 0)	(-40, -69)	(40, -69)	diamond	red	same	right	right	(40, 69)	(80, 0)	search	nr	True	344042	344684	right	35	160	10	110	60	135	None	None	testing
2	dr	f	19	red	5	(80, 0)	(40, 69)	(-39, 69)	(-80, 0)	(-40, -69)	(40, -69)	circle	none	dif	left	left	N_dist	(40, 69)	search	nr	True	345980	346604	left	60	35	85	135	160	10	None	None	testing
2	dr	f	19	red	5	(80, 0)	(40, 69)	(-39, 69)	(-80, 0)	(-40, -69)	(40, -69)	circle	red	same	right	right	(40, 69)	(80, 0)	search	nr	True	347833	348380	right	110	60	135	85	160	10	None	None	testing
2	dr	f	19	red	5	(80, 0)	(40, 69)	(-39, 69)	(-80, 0)	(-40, -69)	(40, -69)	circle	none	same	left	left	N_dist	(-80, 0)	probe	l_norm	None	None	None	None	10	60	85	35	160	135	(80, 0)	138	testing
2	dr	f	19	red	5	(80, 0)	(40, 69)	(-39, 69)	(-80, 0)	(-40, -69)	(40, -69)	circle	none	dif	right	right	N_dist	(-40, -69)	search	nr	True	353910	354555	right	85	135	110	60	160	10	None	None	testing
2	dr	f	19	red	5	(80, 0)	(40, 69)	(-39, 69)	(-80, 0)	(-40, -69)	(40, -69)	diamond	red	same	right	right	(40, 69)	(-80, 0)	search	nr	True	355697	356460	right	110	10	85	60	160	135	None	None	testing
2	dr	f	19	red	5	(80, 0)	(40, 69)	(-39, 69)	(-80, 0)	(-40, -69)	(40, -69)	circle	red	dif	left	left	(80, 0)	(-80, 0)	probe	tar	None	None	None	None	135	60	10	110	85	160	(-80, 0)	8	testing
2	dr	f	19	red	5	(80, 0)	(40, 69)	(-39, 69)	(-80, 0)	(-40, -69)	(40, -69)	diamond	red	dif	right	right	(80, 0)	(-40, -69)	search	nr	True	360706	361388	right	10	85	60	35	135	110	None	None	testing
2	dr	f	19	red	5	(80, 0)	(40, 69)	(-39, 69)	(-80, 0)	(-40, -69)	(40, -69)	circle	red	dif	left	left	(40, 69)	(-80, 0)	probe	h_sin	None	None	None	None	160	35	110	85	60	10	(40, 69)	17	testing
2	dr	f	19	red	5	(80, 0)	(40, 69)	(-39, 69)	(-80, 0)	(-40, -69)	(40, -69)	circle	none	same	left	left	N_dist	(40, 69)	search	nr	True	366083	366859	left	110	160	10	85	35	60	None	None	testing
2	dr	f	19	red	5	(80, 0)	(40, 69)	(-39, 69)	(-80, 0)	(-40, -69)	(40, -69)	circle	none	same	right	right	N_dist	(80, 0)	search	nr	True	368120	368651	right	110	85	10	160	135	35	None	None	testing
2	dr	f	19	red	5	(80, 0)	(40, 69)	(-39, 69)	(-80, 0)	(-40, -69)	(40, -69)	diamond	red	same	left	left	(40, 69)	(-40, -69)	search	nr	True	369757	370716	left	35	10	160	135	85	60	None	None	testing
2	dr	f	19	red	5	(80, 0)	(40, 69)	(-39, 69)	(-80, 0)	(-40, -69)	(40, -69)	diamond	red	same	right	right	(-80, 0)	(-39, 69)	search	nr	True	371827	372684	right	35	60	10	85	135	110	None	None	testing
2	dr	f	19	red	5	(80, 0)	(40, 69)	(-39, 69)	(-80, 0)	(-40, -69)	(40, -69)	diamond	red	same	right	right	(-80, 0)	(40, -69)	search	nr	True	373797	374475	right	135	160	35	110	85	60	None	None	testing
2	dr	f	19	red	5	(80, 0)	(40, 69)	(-39, 69)	(-80, 0)	(-40, -69)	(40, -69)	circle	red	dif	right	right	(-40, -69)	(80, 0)	search	nr	True	375700	376892	right	110	135	85	35	60	10	None	None	testing
2	dr	f	19	red	5	(80, 0)	(40, 69)	(-39, 69)	(-80, 0)	(-40, -69)	(40, -69)	diamond	red	dif	right	right	(40, 69)	(40, -69)	probe	h_sin	None	None	None	None	10	135	35	85	110	60	(40, 69)	21	testing
2	dr	f	19	red	5	(80, 0)	(40, 69)	(-39, 69)	(-80, 0)	(-40, -69)	(40, -69)	circle	red	same	left	left	(40, 69)	(-40, -69)	probe	norm	None	None	None	None	160	60	10	110	85	35	(80, 0)	29	testing
2	dr	f	19	red	5	(80, 0)	(40, 69)	(-39, 69)	(-80, 0)	(-40, -69)	(40, -69)	circle	none	same	right	right	N_dist	(80, 0)	probe	h_norm	None	None	None	None	60	85	135	160	35	10	(40, 69)	22	testing
2	dr	f	19	red	5	(80, 0)	(40, 69)	(-39, 69)	(-80, 0)	(-40, -69)	(40, -69)	circle	red	dif	left	left	(40, 69)	(-80, 0)	search	nr	True	389793	390476	left	85	60	135	10	160	35	None	None	testing
2	dr	f	19	red	5	(80, 0)	(40, 69)	(-39, 69)	(-80, 0)	(-40, -69)	(40, -69)	diamond	red	same	right	right	(40, 69)	(40, -69)	search	nr	True	391747	392412	right	60	85	110	135	35	160	None	None	testing
2	dr	f	19	red	5	(80, 0)	(40, 69)	(-39, 69)	(-80, 0)	(-40, -69)	(40, -69)	diamond	red	same	left	left	(40, -69)	(80, 0)	probe	l_sin	None	None	None	None	35	110	135	160	10	85	(40, -69)	162	testing
2	dr	f	19	red	5	(80, 0)	(40, 69)	(-39, 69)	(-80, 0)	(-40, -69)	(40, -69)	circle	red	dif	right	right	(40, 69)	(-80, 0)	search	nr	True	397191	398155	right	160	110	60	135	85	35	None	None	testing
2	dr	f	19	red	5	(80, 0)	(40, 69)	(-39, 69)	(-80, 0)	(-40, -69)	(40, -69)	circle	none	dif	left	left	N_dist	(-40, -69)	search	nr	True	399277	399947	left	160	135	110	10	35	85	None	None	testing
2	dr	f	19	red	5	(80, 0)	(40, 69)	(-39, 69)	(-80, 0)	(-40, -69)	(40, -69)	diamond	red	same	left	left	(-40, -69)	(-80, 0)	search	nr	True	401114	401756	left	85	135	60	110	10	160	None	None	testing
2	dr	f	19	red	5	(80, 0)	(40, 69)	(-39, 69)	(-80, 0)	(-40, -69)	(40, -69)	circle	red	same	right	right	(-80, 0)	(40, -69)	search	nr	True	403034	403900	right	60	110	85	160	35	10	None	None	testing
2	dr	f	19	red	5	(80, 0)	(40, 69)	(-39, 69)	(-80, 0)	(-40, -69)	(40, -69)	circle	none	dif	right	right	N_dist	(-39, 69)	probe	l_norm	None	None	None	None	10	85	35	60	110	160	(-40, -69)	7	testing
2	dr	f	19	red	5	(80, 0)	(40, 69)	(-39, 69)	(-80, 0)	(-40, -69)	(40, -69)	diamond	red	same	left	left	(40, 69)	(40, -69)	search	nr	True	408411	409131	left	10	160	60	135	85	35	None	None	testing
2	dr	f	19	red	5	(80, 0)	(40, 69)	(-39, 69)	(-80, 0)	(-40, -69)	(40, -69)	circle	red	same	left	left	(80, 0)	(40, -69)	probe	tar	None	None	None	None	85	10	135	110	35	160	(40, -69)	164	testing
2	dr	f	19	red	5	(80, 0)	(40, 69)	(-39, 69)	(-80, 0)	(-40, -69)	(40, -69)	circle	none	same	left	left	N_dist	(-80, 0)	search	nr	True	413671	414283	left	110	135	160	60	10	85	None	None	testing
2	dr	f	19	red	5	(80, 0)	(40, 69)	(-39, 69)	(-80, 0)	(-40, -69)	(40, -69)	diamond	none	dif	left	left	N_dist	(40, -69)	probe	h_norm	None	None	None	None	10	110	135	160	35	85	(40, 69)	18	testing
2	dr	f	19	red	5	(80, 0)	(40, 69)	(-39, 69)	(-80, 0)	(-40, -69)	(40, -69)	circle	red	same	left	left	(40, 69)	(-40, -69)	search	nr	True	418946	419659	right	160	135	85	35	110	10	None	None	testing
2	dr	f	19	red	5	(80, 0)	(40, 69)	(-39, 69)	(-80, 0)	(-40, -69)	(40, -69)	circle	red	same	right	right	(40, 69)	(80, 0)	probe	h_sin	None	None	None	None	10	35	85	60	110	135	(40, 69)	17	testing
2	dr	f	19	red	5	(80, 0)	(40, 69)	(-39, 69)	(-80, 0)	(-40, -69)	(40, -69)	circle	none	dif	right	right	N_dist	(40, 69)	search	nr	True	425626	426332	right	110	35	10	85	60	135	None	None	testing
2	dr	f	19	red	5	(80, 0)	(40, 69)	(-39, 69)	(-80, 0)	(-40, -69)	(40, -69)	diamond	red	dif	left	left	(40, 69)	(80, 0)	search	nr	True	427546	428203	left	60	10	110	160	85	135	None	None	testing
2	dr	f	19	red	5	(80, 0)	(40, 69)	(-39, 69)	(-80, 0)	(-40, -69)	(40, -69)	circle	none	same	right	right	N_dist	(-39, 69)	search	nr	True	429282	429883	right	35	160	10	135	85	60	None	None	testing
2	dr	f	19	red	5	(80, 0)	(40, 69)	(-39, 69)	(-80, 0)	(-40, -69)	(40, -69)	circle	none	dif	left	left	N_dist	(-40, -69)	search	nr	True	431035	431676	left	160	110	135	35	10	85	None	None	testing
2	dr	f	19	red	5	(80, 0)	(40, 69)	(-39, 69)	(-80, 0)	(-40, -69)	(40, -69)	circle	red	dif	right	right	(-80, 0)	(80, 0)	search	nr	True	432872	433484	right	10	35	135	60	110	85	None	None	testing
2	dr	f	19	red	5	(80, 0)	(40, 69)	(-39, 69)	(-80, 0)	(-40, -69)	(40, -69)	diamond	red	same	right	right	(80, 0)	(-39, 69)	search	nr	True	434759	435484	right	10	160	135	60	35	85	None	None	testing
2	dr	f	19	red	5	(80, 0)	(40, 69)	(-39, 69)	(-80, 0)	(-40, -69)	(40, -69)	circle	red	same	right	right	(40, 69)	(80, 0)	search	nr	True	436763	437739	right	10	35	110	85	135	160	None	None	testing
2	dr	f	19	red	5	(80, 0)	(40, 69)	(-39, 69)	(-80, 0)	(-40, -69)	(40, -69)	diamond	red	dif	left	left	(-40, -69)	(-80, 0)	probe	l_sin	None	None	None	None	85	35	60	135	160	10	(-40, -69)	21	testing
2	dr	f	19	red	5	(80, 0)	(40, 69)	(-39, 69)	(-80, 0)	(-40, -69)	(40, -69)	diamond	red	dif	right	right	(40, 69)	(40, -69)	search	nr	True	442323	442955	right	85	135	60	160	35	110	None	None	testing
2	dr	f	19	red	5	(80, 0)	(40, 69)	(-39, 69)	(-80, 0)	(-40, -69)	(40, -69)	diamond	red	dif	left	left	(40, -69)	(-39, 69)	search	nr	True	444026	444812	left	10	35	160	110	85	60	None	None	testing
2	dr	f	19	red	5	(80, 0)	(40, 69)	(-39, 69)	(-80, 0)	(-40, -69)	(40, -69)	diamond	red	same	right	right	(40, 69)	(80, 0)	search	nr	True	446113	446732	right	85	110	35	60	160	135	None	None	testing
2	dr	f	19	red	5	(80, 0)	(40, 69)	(-39, 69)	(-80, 0)	(-40, -69)	(40, -69)	circle	none	dif	left	left	N_dist	(-40, -69)	search	nr	True	447833	448556	left	135	10	85	110	35	60	None	None	testing
2	dr	f	19	red	5	(80, 0)	(40, 69)	(-39, 69)	(-80, 0)	(-40, -69)	(40, -69)	circle	red	dif	left	left	(40, 69)	(40, -69)	search	nr	True	449703	450268	right	135	85	60	160	35	10	None	None	testing
2	dr	f	19	red	5	(80, 0)	(40, 69)	(-39, 69)	(-80, 0)	(-40, -69)	(40, -69)	circle	red	dif	right	right	(40, 69)	(-80, 0)	search	nr	True	452942	453628	right	35	10	160	135	110	85	None	None	testing
2	dr	f	19	red	5	(80, 0)	(40, 69)	(-39, 69)	(-80, 0)	(-40, -69)	(40, -69)	circle	red	dif	right	right	(40, 69)	(-80, 0)	search	nr	True	454779	455323	right	60	35	10	135	110	160	None	None	testing
2	dr	f	19	red	5	(80, 0)	(40, 69)	(-39, 69)	(-80, 0)	(-40, -69)	(40, -69)	circle	red	dif	left	left	(40, 69)	(-39, 69)	probe	norm	None	None	None	None	60	135	35	10	85	110	(-40, -69)	18	testing
2	dr	f	19	red	5	(80, 0)	(40, 69)	(-39, 69)	(-80, 0)	(-40, -69)	(40, -69)	circle	red	dif	right	right	(40, -69)	(-40, -69)	search	nr	True	459605	460331	right	135	10	160	85	60	110	None	None	testing
2	dr	f	19	red	5	(80, 0)	(40, 69)	(-39, 69)	(-80, 0)	(-40, -69)	(40, -69)	diamond	red	dif	right	right	(40, 69)	(-40, -69)	probe	norm	None	None	None	None	60	85	35	110	135	10	(-80, 0)	10	testing
2	dr	f	19	red	5	(80, 0)	(40, 69)	(-39, 69)	(-80, 0)	(-40, -69)	(40, -69)	circle	none	same	right	right	N_dist	(-80, 0)	probe	l_norm	None	None	None	None	110	60	135	10	85	35	(40, -69)	34	testing
2	dr	f	19	red	5	(80, 0)	(40, 69)	(-39, 69)	(-80, 0)	(-40, -69)	(40, -69)	diamond	red	same	right	right	(40, 69)	(-80, 0)	search	nr	True	468254	469020	right	110	10	160	135	35	85	None	None	testing
2	dr	f	19	red	5	(80, 0)	(40, 69)	(-39, 69)	(-80, 0)	(-40, -69)	(40, -69)	diamond	red	dif	left	left	(40, 69)	(-80, 0)	search	nr	True	470174	470972	left	10	110	160	35	85	135	None	None	testing
2	dr	f	19	red	5	(80, 0)	(40, 69)	(-39, 69)	(-80, 0)	(-40, -69)	(40, -69)	diamond	red	dif	left	left	(-40, -69)	(-80, 0)	search	nr	True	472095	473243	left	110	35	60	10	85	135	None	None	testing
2	dr	f	19	red	5	(80, 0)	(40, 69)	(-39, 69)	(-80, 0)	(-40, -69)	(40, -69)	diamond	red	dif	right	right	(40, 69)	(-40, -69)	search	nr	True	474415	475211	right	135	160	60	110	10	85	None	None	testing
2	dr	f	19	red	5	(80, 0)	(40, 69)	(-39, 69)	(-80, 0)	(-40, -69)	(40, -69)	circle	red	same	right	right	(40, 69)	(80, 0)	search	nr	True	476485	477243	right	110	135	85	160	35	60	None	None	testing
2	dr	f	19	red	5	(80, 0)	(40, 69)	(-39, 69)	(-80, 0)	(-40, -69)	(40, -69)	diamond	red	dif	left	left	(40, 69)	(-39, 69)	probe	tar	None	None	None	None	160	10	85	35	60	135	(-39, 69)	170	testing
2	dr	f	19	red	5	(80, 0)	(40, 69)	(-39, 69)	(-80, 0)	(-40, -69)	(40, -69)	circle	none	dif	left	left	N_dist	(-40, -69)	search	nr	True	481729	482363	left	110	135	35	60	10	160	None	None	testing
2	dr	f	19	red	5	(80, 0)	(40, 69)	(-39, 69)	(-80, 0)	(-40, -69)	(40, -69)	diamond	none	dif	left	left	N_dist	(-39, 69)	search	nr	True	483666	484524	left	135	160	85	110	10	35	None	None	testing
2	dr	f	19	red	5	(80, 0)	(40, 69)	(-39, 69)	(-80, 0)	(-40, -69)	(40, -69)	circle	none	same	right	right	N_dist	(-80, 0)	search	nr	True	485770	486379	right	135	85	60	10	160	35	None	None	testing
2	dr	f	19	red	5	(80, 0)	(40, 69)	(-39, 69)	(-80, 0)	(-40, -69)	(40, -69)	diamond	none	same	left	left	N_dist	(40, 69)	search	nr	True	487590	488235	left	35	160	110	135	60	10	None	None	testing
2	dr	f	19	red	5	(80, 0)	(40, 69)	(-39, 69)	(-80, 0)	(-40, -69)	(40, -69)	diamond	red	same	right	right	(80, 0)	(40, -69)	search	nr	True	489460	490188	right	110	85	160	35	10	135	None	None	testing
2	dr	f	19	red	5	(80, 0)	(40, 69)	(-39, 69)	(-80, 0)	(-40, -69)	(40, -69)	circle	red	dif	right	right	(-80, 0)	(40, -69)	probe	l_sin	None	None	None	None	160	60	135	35	110	85	(-80, 0)	169	testing
2	dr	f	19	red	5	(80, 0)	(40, 69)	(-39, 69)	(-80, 0)	(-40, -69)	(40, -69)	diamond	red	dif	right	right	(40, 69)	(40, -69)	probe	tar	None	None	None	None	160	60	135	10	85	35	(40, -69)	157	testing
2	dr	f	19	red	5	(80, 0)	(40, 69)	(-39, 69)	(-80, 0)	(-40, -69)	(40, -69)	diamond	none	same	right	right	N_dist	(-80, 0)	search	nr	True	497809	498379	right	135	85	60	10	110	35	None	None	testing
2	dr	f	19	red	5	(80, 0)	(40, 69)	(-39, 69)	(-80, 0)	(-40, -69)	(40, -69)	circle	red	dif	right	right	(-80, 0)	(40, -69)	search	nr	True	499595	500507	right	110	160	60	10	135	85	None	None	testing
2	dr	f	19	red	5	(80, 0)	(40, 69)	(-39, 69)	(-80, 0)	(-40, -69)	(40, -69)	circle	none	same	left	left	N_dist	(-80, 0)	search	nr	True	501682	502348	left	110	60	135	35	160	85	None	None	testing
2	dr	f	19	red	5	(80, 0)	(40, 69)	(-39, 69)	(-80, 0)	(-40, -69)	(40, -69)	diamond	red	same	left	left	(40, -69)	(-40, -69)	search	nr	True	503569	504443	left	135	85	110	160	35	60	None	None	testing
2	dr	f	19	red	5	(80, 0)	(40, 69)	(-39, 69)	(-80, 0)	(-40, -69)	(40, -69)	diamond	red	same	right	right	(40, 69)	(-39, 69)	search	nr	True	505607	506283	right	135	10	35	60	160	85	None	None	testing
2	dr	f	19	red	5	(80, 0)	(40, 69)	(-39, 69)	(-80, 0)	(-40, -69)	(40, -69)	diamond	red	dif	right	right	(80, 0)	(-40, -69)	search	nr	True	507459	508091	right	160	60	35	85	10	110	None	None	testing
2	dr	f	19	red	5	(80, 0)	(40, 69)	(-39, 69)	(-80, 0)	(-40, -69)	(40, -69)	diamond	red	same	right	right	(80, 0)	(40, -69)	probe	norm	None	None	None	None	35	135	10	110	85	60	(-40, -69)	9	testing
2	dr	f	19	red	5	(80, 0)	(40, 69)	(-39, 69)	(-80, 0)	(-40, -69)	(40, -69)	circle	red	dif	left	left	(40, 69)	(40, -69)	search	nr	True	513003	513755	left	60	160	10	85	35	135	None	None	testing
2	dr	f	19	red	5	(80, 0)	(40, 69)	(-39, 69)	(-80, 0)	(-40, -69)	(40, -69)	circle	red	dif	left	left	(40, 69)	(-40, -69)	probe	tar	None	None	None	None	35	85	10	135	110	60	(-40, -69)	7	testing
2	dr	f	19	red	5	(80, 0)	(40, 69)	(-39, 69)	(-80, 0)	(-40, -69)	(40, -69)	circle	none	dif	left	left	N_dist	(40, -69)	probe	l_norm	None	None	None	None	60	35	135	160	10	110	(-40, -69)	9	testing
2	dr	f	19	red	5	(80, 0)	(40, 69)	(-39, 69)	(-80, 0)	(-40, -69)	(40, -69)	diamond	red	dif	right	right	(40, 69)	(-40, -69)	search	nr	True	521469	522123	right	135	35	60	10	85	160	None	None	testing
2	dr	f	19	red	5	(80, 0)	(40, 69)	(-39, 69)	(-80, 0)	(-40, -69)	(40, -69)	diamond	red	dif	right	right	(80, 0)	(-40, -69)	probe	l_sin	None	None	None	None	160	110	85	60	35	135	(80, 0)	33	testing
2	dr	f	19	red	5	(80, 0)	(40, 69)	(-39, 69)	(-80, 0)	(-40, -69)	(40, -69)	diamond	red	same	right	right	(40, 69)	(40, -69)	probe	tar	None	None	None	None	35	135	160	85	110	10	(40, -69)	137	testing
2	dr	f	19	red	5	(80, 0)	(40, 69)	(-39, 69)	(-80, 0)	(-40, -69)	(40, -69)	circle	red	same	left	left	(40, 69)	(-40, -69)	search	nr	True	531020	531644	left	135	35	85	160	10	60	None	None	testing
2	dr	f	19	red	5	(80, 0)	(40, 69)	(-39, 69)	(-80, 0)	(-40, -69)	(40, -69)	diamond	red	dif	left	left	(40, 69)	(-39, 69)	search	nr	True	532739	533579	left	60	160	10	110	85	135	None	None	testing
2	dr	f	19	red	5	(80, 0)	(40, 69)	(-39, 69)	(-80, 0)	(-40, -69)	(40, -69)	diamond	none	dif	left	left	N_dist	(40, -69)	search	nr	True	534692	535323	left	10	85	35	160	110	60	None	None	testing
2	dr	f	19	red	5	(80, 0)	(40, 69)	(-39, 69)	(-80, 0)	(-40, -69)	(40, -69)	diamond	red	dif	left	left	(40, 69)	(-39, 69)	search	nr	True	536396	537100	left	135	10	85	60	110	160	None	None	testing
2	dr	f	19	red	5	(80, 0)	(40, 69)	(-39, 69)	(-80, 0)	(-40, -69)	(40, -69)	diamond	none	same	right	right	N_dist	(-80, 0)	search	nr	True	538233	538923	right	60	135	160	85	10	110	None	None	testing
2	dr	f	19	red	5	(80, 0)	(40, 69)	(-39, 69)	(-80, 0)	(-40, -69)	(40, -69)	diamond	red	dif	left	left	(-39, 69)	(-80, 0)	probe	norm	None	None	None	None	35	160	10	60	135	110	(-40, -69)	13	testing
2	dr	f	19	red	5	(80, 0)	(40, 69)	(-39, 69)	(-80, 0)	(-40, -69)	(40, -69)	diamond	none	dif	right	right	N_dist	(40, -69)	probe	l_tar	None	None	None	None	135	35	160	110	10	85	(40, -69)	0	testing
2	dr	f	19	red	5	(80, 0)	(40, 69)	(-39, 69)	(-80, 0)	(-40, -69)	(40, -69)	circle	none	dif	left	left	N_dist	(40, -69)	search	nr	True	546348	547228	left	110	85	35	160	60	10	None	None	testing
2	dr	f	19	red	5	(80, 0)	(40, 69)	(-39, 69)	(-80, 0)	(-40, -69)	(40, -69)	circle	red	dif	right	right	(40, -69)	(-40, -69)	search	nr	True	548451	549339	right	110	135	35	60	85	10	None	None	testing
2	dr	f	19	red	5	(80, 0)	(40, 69)	(-39, 69)	(-80, 0)	(-40, -69)	(40, -69)	diamond	red	same	left	left	(40, 69)	(-39, 69)	search	nr	True	550606	551243	left	160	85	135	60	110	35	None	None	testing
2	dr	f	19	red	5	(80, 0)	(40, 69)	(-39, 69)	(-80, 0)	(-40, -69)	(40, -69)	circle	red	same	right	right	(40, 69)	(-39, 69)	search	nr	True	552476	553035	left	135	10	60	110	85	160	None	None	testing
2	dr	f	19	red	5	(80, 0)	(40, 69)	(-39, 69)	(-80, 0)	(-40, -69)	(40, -69)	diamond	none	dif	right	right	N_dist	(80, 0)	probe	h_norm	None	None	None	None	35	10	60	85	135	110	(40, 69)	24	testing
2	dr	f	19	red	5	(80, 0)	(40, 69)	(-39, 69)	(-80, 0)	(-40, -69)	(40, -69)	circle	red	same	left	left	(-39, 69)	(80, 0)	search	nr	True	559405	559979	left	160	85	10	110	35	135	None	None	testing
2	dr	f	19	red	5	(80, 0)	(40, 69)	(-39, 69)	(-80, 0)	(-40, -69)	(40, -69)	circle	red	dif	right	right	(-40, -69)	(-39, 69)	probe	norm	None	None	None	None	60	110	160	35	10	85	(40, 69)	16	testing
2	dr	f	19	red	5	(80, 0)	(40, 69)	(-39, 69)	(-80, 0)	(-40, -69)	(40, -69)	diamond	none	dif	left	left	N_dist	(40, -69)	probe	h_norm	None	None	None	None	35	135	110	60	85	10	(40, 69)	20	testing
2	dr	f	19	red	5	(80, 0)	(40, 69)	(-39, 69)	(-80, 0)	(-40, -69)	(40, -69)	circle	red	same	right	right	(-80, 0)	(40, -69)	probe	l_sin	None	None	None	None	135	10	85	160	60	35	(-80, 0)	20	testing
2	dr	f	19	red	5	(80, 0)	(40, 69)	(-39, 69)	(-80, 0)	(-40, -69)	(40, -69)	circle	red	dif	left	left	(40, 69)	(-40, -69)	search	nr	True	571928	572683	left	160	60	110	10	85	135	None	None	testing
2	dr	f	19	red	5	(80, 0)	(40, 69)	(-39, 69)	(-80, 0)	(-40, -69)	(40, -69)	circle	red	dif	right	right	(-40, -69)	(-80, 0)	probe	tar	None	None	None	None	35	85	10	160	60	135	(-80, 0)	27	testing
2	dr	f	19	red	5	(80, 0)	(40, 69)	(-39, 69)	(-80, 0)	(-40, -69)	(40, -69)	diamond	none	dif	left	left	N_dist	(40, -69)	probe	l_norm	None	None	None	None	160	35	110	85	60	135	(-39, 69)	158	testing
2	dr	f	19	red	5	(80, 0)	(40, 69)	(-39, 69)	(-80, 0)	(-40, -69)	(40, -69)	circle	red	same	left	left	(40, 69)	(-80, 0)	search	nr	True	581612	582267	left	10	35	110	160	85	60	None	None	testing
2	dr	f	19	red	5	(80, 0)	(40, 69)	(-39, 69)	(-80, 0)	(-40, -69)	(40, -69)	diamond	red	same	right	right	(80, 0)	(40, -69)	search	nr	True	583382	584139	right	85	160	60	10	135	110	None	None	testing
2	dr	f	19	red	5	(80, 0)	(40, 69)	(-39, 69)	(-80, 0)	(-40, -69)	(40, -69)	circle	red	same	right	right	(-39, 69)	(80, 0)	search	nr	True	585386	586251	right	135	60	85	35	110	10	None	None	testing
2	dr	f	19	red	5	(80, 0)	(40, 69)	(-39, 69)	(-80, 0)	(-40, -69)	(40, -69)	circle	red	same	left	left	(40, 69)	(40, -69)	search	nr	True	587490	588108	left	160	135	85	10	110	60	None	None	testing
2	dr	f	19	red	5	(80, 0)	(40, 69)	(-39, 69)	(-80, 0)	(-40, -69)	(40, -69)	diamond	red	same	right	right	(80, 0)	(-39, 69)	probe	l_sin	None	None	None	None	60	35	10	160	110	135	(80, 0)	156	testing
2	dr	f	19	red	5	(80, 0)	(40, 69)	(-39, 69)	(-80, 0)	(-40, -69)	(40, -69)	circle	red	same	left	left	(40, 69)	(-80, 0)	search	nr	True	593400	593995	left	135	85	160	35	60	10	None	None	testing
2	dr	f	19	red	5	(80, 0)	(40, 69)	(-39, 69)	(-80, 0)	(-40, -69)	(40, -69)	circle	red	dif	right	right	(-40, -69)	(-80, 0)	search	nr	True	595087	595867	right	10	135	85	160	35	110	None	None	testing
2	dr	f	19	red	5	(80, 0)	(40, 69)	(-39, 69)	(-80, 0)	(-40, -69)	(40, -69)	diamond	none	same	left	left	N_dist	(40, 69)	probe	h_tar	None	None	None	None	60	135	10	35	110	160	(40, 69)	29	testing
2	dr	f	19	red	5	(80, 0)	(40, 69)	(-39, 69)	(-80, 0)	(-40, -69)	(40, -69)	diamond	red	same	left	left	(80, 0)	(-80, 0)	probe	tar	None	None	None	None	135	10	85	110	60	160	(-80, 0)	10	testing
2	dr	f	19	red	5	(80, 0)	(40, 69)	(-39, 69)	(-80, 0)	(-40, -69)	(40, -69)	circle	none	same	right	right	N_dist	(-80, 0)	probe	l_tar	None	None	None	None	35	135	85	10	110	160	(-80, 0)	143	testing
2	dr	f	19	red	5	(80, 0)	(40, 69)	(-39, 69)	(-80, 0)	(-40, -69)	(40, -69)	diamond	red	dif	right	right	(-39, 69)	(-40, -69)	search	nr	True	608328	609067	right	10	160	135	110	85	60	None	None	testing
2	dr	f	19	red	5	(80, 0)	(40, 69)	(-39, 69)	(-80, 0)	(-40, -69)	(40, -69)	diamond	red	dif	left	left	(40, 69)	(-80, 0)	search	nr	True	610265	610875	left	35	85	10	160	110	60	None	None	testing
2	dr	f	19	red	5	(80, 0)	(40, 69)	(-39, 69)	(-80, 0)	(-40, -69)	(40, -69)	diamond	red	dif	right	right	(-39, 69)	(80, 0)	probe	l_sin	None	None	None	None	160	10	85	110	35	60	(-39, 69)	161	testing
2	dr	f	19	red	5	(80, 0)	(40, 69)	(-39, 69)	(-80, 0)	(-40, -69)	(40, -69)	circle	none	dif	left	left	N_dist	(40, -69)	search	nr	True	615692	616315	left	135	35	60	10	85	110	None	None	testing
2	dr	f	19	red	5	(80, 0)	(40, 69)	(-39, 69)	(-80, 0)	(-40, -69)	(40, -69)	circle	red	dif	right	right	(-40, -69)	(-39, 69)	search	nr	True	617578	618155	right	85	110	135	10	35	160	None	None	testing
2	dr	f	19	red	5	(80, 0)	(40, 69)	(-39, 69)	(-80, 0)	(-40, -69)	(40, -69)	circle	red	same	right	right	(-39, 69)	(80, 0)	probe	l_sin	None	None	None	None	10	160	35	85	135	60	(-39, 69)	153	testing
2	dr	f	19	red	5	(80, 0)	(40, 69)	(-39, 69)	(-80, 0)	(-40, -69)	(40, -69)	circle	red	same	left	left	(40, 69)	(-80, 0)	search	nr	True	622871	623435	right	160	110	10	35	85	135	None	None	testing
2	dr	f	19	red	5	(80, 0)	(40, 69)	(-39, 69)	(-80, 0)	(-40, -69)	(40, -69)	diamond	none	dif	left	left	N_dist	(-39, 69)	probe	h_norm	None	None	None	None	85	10	135	60	110	35	(40, 69)	25	testing
2	dr	f	19	red	5	(80, 0)	(40, 69)	(-39, 69)	(-80, 0)	(-40, -69)	(40, -69)	diamond	red	same	right	right	(40, 69)	(-39, 69)	search	nr	True	629601	630251	right	135	35	10	110	60	85	None	None	testing
2	dr	f	19	red	5	(80, 0)	(40, 69)	(-39, 69)	(-80, 0)	(-40, -69)	(40, -69)	diamond	red	same	left	left	(40, -69)	(80, 0)	search	nr	True	631387	632139	left	135	110	35	10	60	160	None	None	testing
2	dr	f	19	red	5	(80, 0)	(40, 69)	(-39, 69)	(-80, 0)	(-40, -69)	(40, -69)	diamond	none	same	right	right	N_dist	(-39, 69)	probe	l_norm	None	None	None	None	160	35	135	85	60	10	(80, 0)	141	testing
2	dr	f	19	red	5	(80, 0)	(40, 69)	(-39, 69)	(-80, 0)	(-40, -69)	(40, -69)	diamond	none	same	left	left	N_dist	(-39, 69)	search	nr	True	637198	637803	left	85	110	60	160	135	10	None	None	testing
2	dr	f	19	red	5	(80, 0)	(40, 69)	(-39, 69)	(-80, 0)	(-40, -69)	(40, -69)	circle	red	dif	left	left	(40, 69)	(40, -69)	probe	h_sin	None	None	None	None	110	35	85	160	135	60	(40, 69)	18	testing
2	dr	f	19	red	5	(80, 0)	(40, 69)	(-39, 69)	(-80, 0)	(-40, -69)	(40, -69)	diamond	none	same	left	left	N_dist	(40, 69)	search	nr	True	641974	642603	left	110	60	35	85	10	160	None	None	testing
2	dr	f	19	red	5	(80, 0)	(40, 69)	(-39, 69)	(-80, 0)	(-40, -69)	(40, -69)	diamond	none	dif	right	right	N_dist	(40, -69)	search	nr	True	643844	644475	right	135	60	85	10	35	110	None	None	testing
2	dr	f	19	red	5	(80, 0)	(40, 69)	(-39, 69)	(-80, 0)	(-40, -69)	(40, -69)	circle	red	same	right	right	(40, 69)	(40, -69)	search	nr	True	645564	646299	right	135	35	160	110	60	10	None	None	testing
2	dr	f	19	red	5	(80, 0)	(40, 69)	(-39, 69)	(-80, 0)	(-40, -69)	(40, -69)	diamond	red	same	left	left	(40, -69)	(-40, -69)	search	nr	True	647500	648203	left	85	60	110	35	160	10	None	None	testing
2	dr	f	19	red	5	(80, 0)	(40, 69)	(-39, 69)	(-80, 0)	(-40, -69)	(40, -69)	diamond	red	same	left	left	(40, 69)	(40, -69)	probe	tar	None	None	None	None	135	85	160	110	35	60	(40, -69)	158	testing
2	dr	f	19	red	5	(80, 0)	(40, 69)	(-39, 69)	(-80, 0)	(-40, -69)	(40, -69)	circle	red	same	left	left	(80, 0)	(40, -69)	search	nr	True	653344	654043	left	160	110	35	85	135	10	None	None	testing
2	dr	f	19	red	5	(80, 0)	(40, 69)	(-39, 69)	(-80, 0)	(-40, -69)	(40, -69)	diamond	none	same	right	right	N_dist	(-39, 69)	search	nr	True	655214	655835	right	135	60	160	10	110	85	None	None	testing
2	dr	f	19	red	5	(80, 0)	(40, 69)	(-39, 69)	(-80, 0)	(-40, -69)	(40, -69)	circle	red	same	left	left	(40, -69)	(-39, 69)	search	nr	True	657067	657626	left	35	110	60	10	85	160	None	None	testing
2	dr	f	19	red	5	(80, 0)	(40, 69)	(-39, 69)	(-80, 0)	(-40, -69)	(40, -69)	circle	red	same	right	right	(40, 69)	(80, 0)	search	nr	True	658855	659899	right	110	135	85	10	60	35	None	None	testing
2	dr	f	19	red	5	(80, 0)	(40, 69)	(-39, 69)	(-80, 0)	(-40, -69)	(40, -69)	diamond	red	dif	right	right	(40, 69)	(40, -69)	probe	h_sin	None	None	None	None	85	10	35	60	160	135	(40, 69)	26	testing
2	dr	f	19	red	5	(80, 0)	(40, 69)	(-39, 69)	(-80, 0)	(-40, -69)	(40, -69)	circle	red	same	left	left	(40, 69)	(-40, -69)	search	nr	True	664531	665179	left	60	10	85	135	35	110	None	None	testing
2	dr	f	19	red	5	(80, 0)	(40, 69)	(-39, 69)	(-80, 0)	(-40, -69)	(40, -69)	diamond	red	dif	right	right	(40, 69)	(40, -69)	search	nr	True	666234	666955	right	10	135	110	85	60	35	None	None	testing
2	dr	f	19	red	5	(80, 0)	(40, 69)	(-39, 69)	(-80, 0)	(-40, -69)	(40, -69)	circle	none	dif	right	right	N_dist	(40, 69)	search	nr	True	668272	668859	right	110	10	85	160	135	60	None	None	testing
2	dr	f	19	red	5	(80, 0)	(40, 69)	(-39, 69)	(-80, 0)	(-40, -69)	(40, -69)	diamond	red	same	left	left	(40, 69)	(80, 0)	probe	h_sin	None	None	None	None	160	60	110	135	10	35	(40, 69)	17	testing
2	dr	f	19	red	5	(80, 0)	(40, 69)	(-39, 69)	(-80, 0)	(-40, -69)	(40, -69)	diamond	red	same	left	left	(40, -69)	(-80, 0)	probe	tar	None	None	None	None	110	85	135	35	160	10	(-80, 0)	156	testing
2	dr	f	19	red	5	(80, 0)	(40, 69)	(-39, 69)	(-80, 0)	(-40, -69)	(40, -69)	circle	red	dif	right	right	(-80, 0)	(-40, -69)	probe	norm	None	None	None	None	35	85	135	10	160	110	(40, -69)	27	testing
2	dr	f	19	red	5	(80, 0)	(40, 69)	(-39, 69)	(-80, 0)	(-40, -69)	(40, -69)	circle	red	same	left	left	(40, 69)	(40, -69)	probe	norm	None	None	None	None	160	85	10	135	35	60	(-39, 69)	156	testing
2	dr	f	19	red	5	(80, 0)	(40, 69)	(-39, 69)	(-80, 0)	(-40, -69)	(40, -69)	circle	red	dif	left	left	(80, 0)	(-80, 0)	search	nr	True	684101	684811	left	85	110	160	135	35	60	None	None	testing
2	dr	f	19	red	5	(80, 0)	(40, 69)	(-39, 69)	(-80, 0)	(-40, -69)	(40, -69)	circle	red	same	right	right	(-80, 0)	(40, -69)	search	nr	True	686105	686747	left	110	35	135	60	160	10	None	None	testing
2	dr	f	19	red	5	(80, 0)	(40, 69)	(-39, 69)	(-80, 0)	(-40, -69)	(40, -69)	diamond	red	same	left	left	(40, 69)	(-39, 69)	probe	h_sin	None	None	None	None	135	35	160	110	85	60	(40, 69)	26	testing
2	dr	f	19	red	5	(80, 0)	(40, 69)	(-39, 69)	(-80, 0)	(-40, -69)	(40, -69)	diamond	red	same	left	left	(40, -69)	(80, 0)	search	nr	True	693051	693595	left	85	110	60	35	160	135	None	None	testing
2	dr	f	19	red	5	(80, 0)	(40, 69)	(-39, 69)	(-80, 0)	(-40, -69)	(40, -69)	circle	red	same	left	left	(40, 69)	(-40, -69)	search	nr	True	694771	695322	right	110	35	10	160	135	60	None	None	testing
2	dr	f	19	red	5	(80, 0)	(40, 69)	(-39, 69)	(-80, 0)	(-40, -69)	(40, -69)	circle	red	dif	left	left	(40, 69)	(80, 0)	search	nr	True	697993	698811	left	60	85	160	10	35	110	None	None	testing
2	dr	f	19	red	5	(80, 0)	(40, 69)	(-39, 69)	(-80, 0)	(-40, -69)	(40, -69)	circle	none	same	right	right	N_dist	(-39, 69)	probe	h_norm	None	None	None	None	110	135	85	60	10	35	(40, 69)	26	testing
2	dr	f	19	red	5	(80, 0)	(40, 69)	(-39, 69)	(-80, 0)	(-40, -69)	(40, -69)	diamond	none	dif	right	right	N_dist	(40, -69)	probe	l_tar	None	None	None	None	85	35	160	10	135	110	(40, -69)	19	testing
2	dr	f	19	red	5	(80, 0)	(40, 69)	(-39, 69)	(-80, 0)	(-40, -69)	(40, -69)	diamond	red	same	left	left	(40, 69)	(80, 0)	search	nr	True	707143	707738	left	110	85	10	35	60	135	None	None	testing
2	dr	f	19	red	5	(80, 0)	(40, 69)	(-39, 69)	(-80, 0)	(-40, -69)	(40, -69)	circle	red	dif	right	right	(40, 69)	(-39, 69)	search	nr	True	708913	709738	right	110	160	10	35	135	85	None	None	testing
2	dr	f	19	red	5	(80, 0)	(40, 69)	(-39, 69)	(-80, 0)	(-40, -69)	(40, -69)	circle	red	dif	right	right	(40, 69)	(-80, 0)	search	nr	True	710950	711643	right	60	135	35	10	110	160	None	None	testing
2	dr	f	19	red	5	(80, 0)	(40, 69)	(-39, 69)	(-80, 0)	(-40, -69)	(40, -69)	diamond	none	dif	right	right	N_dist	(40, -69)	search	nr	True	712854	713547	right	10	35	160	60	135	85	None	None	testing
2	dr	f	19	red	5	(80, 0)	(40, 69)	(-39, 69)	(-80, 0)	(-40, -69)	(40, -69)	diamond	none	same	right	right	N_dist	(80, 0)	search	nr	True	714640	715435	right	85	110	35	135	160	60	None	None	testing
2	dr	f	19	red	5	(80, 0)	(40, 69)	(-39, 69)	(-80, 0)	(-40, -69)	(40, -69)	diamond	none	same	right	right	N_dist	(-40, -69)	search	nr	True	716711	717419	right	110	10	85	160	35	135	None	None	testing
2	dr	f	19	red	5	(80, 0)	(40, 69)	(-39, 69)	(-80, 0)	(-40, -69)	(40, -69)	circle	red	same	left	left	(-39, 69)	(80, 0)	search	nr	True	718664	719723	left	85	35	160	60	10	135	None	None	testing
2	dr	f	19	red	5	(80, 0)	(40, 69)	(-39, 69)	(-80, 0)	(-40, -69)	(40, -69)	circle	red	dif	left	left	(80, 0)	(-80, 0)	search	nr	True	720952	721627	left	135	35	85	60	160	10	None	None	testing
2	dr	f	19	red	5	(80, 0)	(40, 69)	(-39, 69)	(-80, 0)	(-40, -69)	(40, -69)	diamond	none	dif	right	right	N_dist	(80, 0)	search	nr	True	722922	723434	right	160	135	60	85	10	110	None	None	testing
2	dr	f	19	red	5	(80, 0)	(40, 69)	(-39, 69)	(-80, 0)	(-40, -69)	(40, -69)	diamond	red	dif	left	left	(40, -69)	(-39, 69)	search	nr	True	724642	725563	left	10	135	35	60	160	110	None	None	testing
2	dr	f	19	red	5	(80, 0)	(40, 69)	(-39, 69)	(-80, 0)	(-40, -69)	(40, -69)	circle	none	dif	right	right	N_dist	(-40, -69)	search	nr	True	726662	727339	right	135	85	10	60	110	35	None	None	testing
2	dr	f	19	red	5	(80, 0)	(40, 69)	(-39, 69)	(-80, 0)	(-40, -69)	(40, -69)	circle	none	dif	right	right	N_dist	(-39, 69)	search	nr	True	728549	729179	right	60	135	85	10	160	35	None	None	testing
2	dr	f	19	red	5	(80, 0)	(40, 69)	(-39, 69)	(-80, 0)	(-40, -69)	(40, -69)	circle	none	dif	left	left	N_dist	(40, 69)	probe	h_tar	None	None	None	None	10	35	110	85	160	135	(40, 69)	152	testing
2	dr	f	19	red	5	(80, 0)	(40, 69)	(-39, 69)	(-80, 0)	(-40, -69)	(40, -69)	circle	none	same	left	left	N_dist	(-80, 0)	probe	l_norm	None	None	None	None	35	110	10	60	160	85	(40, -69)	22	testing
2	dr	f	19	red	5	(80, 0)	(40, 69)	(-39, 69)	(-80, 0)	(-40, -69)	(40, -69)	diamond	none	same	left	left	N_dist	(40, 69)	search	nr	True	737065	737755	left	35	60	110	10	135	85	None	None	testing
2	dr	f	19	red	5	(80, 0)	(40, 69)	(-39, 69)	(-80, 0)	(-40, -69)	(40, -69)	diamond	red	same	right	right	(40, 69)	(80, 0)	search	nr	True	739052	739675	right	160	35	110	10	60	135	None	None	testing
2	dr	f	19	red	5	(80, 0)	(40, 69)	(-39, 69)	(-80, 0)	(-40, -69)	(40, -69)	circle	red	dif	left	left	(40, 69)	(-80, 0)	probe	tar	None	None	None	None	35	85	160	10	60	110	(-80, 0)	127	testing
2	dr	f	19	red	5	(80, 0)	(40, 69)	(-39, 69)	(-80, 0)	(-40, -69)	(40, -69)	circle	red	dif	left	left	(-39, 69)	(-80, 0)	probe	l_sin	None	None	None	None	10	135	160	60	85	110	(-39, 69)	26	testing
2	dr	f	19	red	5	(80, 0)	(40, 69)	(-39, 69)	(-80, 0)	(-40, -69)	(40, -69)	circle	none	dif	left	left	N_dist	(40, -69)	search	nr	True	749922	750538	left	60	85	35	110	10	160	None	None	testing
2	dr	f	19	red	5	(80, 0)	(40, 69)	(-39, 69)	(-80, 0)	(-40, -69)	(40, -69)	diamond	red	same	left	left	(-40, -69)	(-80, 0)	probe	l_sin	None	None	None	None	60	10	135	35	110	85	(-40, -69)	13	testing
2	dr	f	19	red	5	(80, 0)	(40, 69)	(-39, 69)	(-80, 0)	(-40, -69)	(40, -69)	circle	red	dif	right	right	(-40, -69)	(-39, 69)	search	nr	True	755331	756106	right	10	60	110	35	135	160	None	None	testing
2	dr	f	19	red	5	(80, 0)	(40, 69)	(-39, 69)	(-80, 0)	(-40, -69)	(40, -69)	diamond	red	same	right	right	(40, 69)	(80, 0)	probe	tar	None	None	None	None	110	35	135	160	85	10	(80, 0)	32	testing
2	dr	f	19	red	5	(80, 0)	(40, 69)	(-39, 69)	(-80, 0)	(-40, -69)	(40, -69)	diamond	none	dif	right	right	N_dist	(-39, 69)	search	nr	True	760608	761211	right	60	110	35	160	10	85	None	None	testing
2	dr	f	19	red	5	(80, 0)	(40, 69)	(-39, 69)	(-80, 0)	(-40, -69)	(40, -69)	diamond	red	dif	right	right	(40, 69)	(40, -69)	search	nr	True	762378	763019	right	85	135	10	35	160	110	None	None	testing
2	dr	f	19	red	5	(80, 0)	(40, 69)	(-39, 69)	(-80, 0)	(-40, -69)	(40, -69)	diamond	red	same	right	right	(-80, 0)	(40, -69)	search	nr	True	764215	764795	left	60	10	110	135	35	160	None	None	testing
2	dr	f	19	red	5	(80, 0)	(40, 69)	(-39, 69)	(-80, 0)	(-40, -69)	(40, -69)	circle	red	same	left	left	(40, 69)	(-40, -69)	search	nr	True	767471	768490	left	110	60	85	160	10	35	None	None	testing
2	dr	f	19	red	5	(80, 0)	(40, 69)	(-39, 69)	(-80, 0)	(-40, -69)	(40, -69)	diamond	red	same	right	right	(-40, -69)	(-39, 69)	search	nr	True	769574	770315	right	60	85	35	110	10	160	None	None	testing
2	dr	f	19	red	5	(80, 0)	(40, 69)	(-39, 69)	(-80, 0)	(-40, -69)	(40, -69)	circle	red	same	left	left	(40, 69)	(-40, -69)	search	nr	True	771428	772107	left	10	35	160	60	135	110	None	None	testing
2	dr	f	19	red	5	(80, 0)	(40, 69)	(-39, 69)	(-80, 0)	(-40, -69)	(40, -69)	diamond	red	dif	left	left	(40, 69)	(80, 0)	probe	tar	None	None	None	None	85	35	10	110	135	60	(80, 0)	23	testing
2	dr	f	19	red	5	(80, 0)	(40, 69)	(-39, 69)	(-80, 0)	(-40, -69)	(40, -69)	circle	none	same	left	left	N_dist	(-80, 0)	search	nr	True	776471	777131	left	10	160	85	135	35	110	None	None	testing
2	dr	f	19	red	5	(80, 0)	(40, 69)	(-39, 69)	(-80, 0)	(-40, -69)	(40, -69)	diamond	red	same	right	right	(40, 69)	(40, -69)	search	nr	True	778224	779227	right	110	10	135	160	85	60	None	None	testing
2	dr	f	19	red	5	(80, 0)	(40, 69)	(-39, 69)	(-80, 0)	(-40, -69)	(40, -69)	diamond	red	dif	right	right	(40, 69)	(80, 0)	probe	h_sin	None	None	None	None	110	60	85	10	35	135	(40, 69)	9	testing
2	dr	f	19	red	5	(80, 0)	(40, 69)	(-39, 69)	(-80, 0)	(-40, -69)	(40, -69)	diamond	none	same	left	left	N_dist	(40, 69)	probe	h_tar	None	None	None	None	35	110	135	10	85	160	(40, 69)	24	testing
2	dr	f	19	red	5	(80, 0)	(40, 69)	(-39, 69)	(-80, 0)	(-40, -69)	(40, -69)	circle	none	same	right	right	N_dist	(-39, 69)	search	nr	True	787140	788107	right	110	160	10	35	135	60	None	None	testing
2	dr	f	19	red	5	(80, 0)	(40, 69)	(-39, 69)	(-80, 0)	(-40, -69)	(40, -69)	circle	none	dif	right	right	N_dist	(-40, -69)	probe	l_tar	None	None	None	None	160	85	135	10	35	60	(-40, -69)	150	testing
2	dr	f	19	red	5	(80, 0)	(40, 69)	(-39, 69)	(-80, 0)	(-40, -69)	(40, -69)	circle	none	dif	left	left	N_dist	(-40, -69)	probe	l_tar	None	None	None	None	110	10	135	60	160	35	(-40, -69)	25	testing
2	dr	f	19	red	5	(80, 0)	(40, 69)	(-39, 69)	(-80, 0)	(-40, -69)	(40, -69)	diamond	red	dif	right	right	(40, 69)	(-40, -69)	search	nr	True	797977	798698	right	10	35	110	160	85	135	None	None	testing
2	dr	f	19	red	5	(80, 0)	(40, 69)	(-39, 69)	(-80, 0)	(-40, -69)	(40, -69)	circle	none	dif	right	right	N_dist	(-80, 0)	search	nr	True	799863	800442	right	160	35	85	10	135	60	None	None	testing
2	dr	f	19	red	5	(80, 0)	(40, 69)	(-39, 69)	(-80, 0)	(-40, -69)	(40, -69)	circle	red	dif	right	right	(40, 69)	(-80, 0)	probe	tar	None	None	None	None	10	110	160	85	60	135	(-80, 0)	178	testing
2	dr	f	19	red	5	(80, 0)	(40, 69)	(-39, 69)	(-80, 0)	(-40, -69)	(40, -69)	circle	none	same	right	right	N_dist	(-39, 69)	probe	l_norm	None	None	None	None	160	10	110	135	60	85	(80, 0)	35	testing
2	dr	f	19	red	5	(80, 0)	(40, 69)	(-39, 69)	(-80, 0)	(-40, -69)	(40, -69)	diamond	red	same	left	left	(-40, -69)	(-80, 0)	search	nr	True	808179	809723	left	160	60	10	110	135	85	None	None	testing
2	dr	f	19	red	5	(80, 0)	(40, 69)	(-39, 69)	(-80, 0)	(-40, -69)	(40, -69)	diamond	none	same	left	left	N_dist	(80, 0)	probe	h_norm	None	None	None	None	35	110	135	160	60	85	(40, 69)	12	testing
2	dr	f	19	red	5	(80, 0)	(40, 69)	(-39, 69)	(-80, 0)	(-40, -69)	(40, -69)	diamond	none	same	left	left	N_dist	(40, 69)	search	nr	True	814591	815387	left	10	35	160	60	110	85	None	None	testing
2	dr	f	19	red	5	(80, 0)	(40, 69)	(-39, 69)	(-80, 0)	(-40, -69)	(40, -69)	circle	red	dif	right	right	(40, 69)	(-39, 69)	probe	h_sin	None	None	None	None	135	85	110	10	160	60	(40, 69)	7	testing
2	dr	f	19	red	5	(80, 0)	(40, 69)	(-39, 69)	(-80, 0)	(-40, -69)	(40, -69)	diamond	red	dif	right	right	(-39, 69)	(80, 0)	search	nr	True	819800	820891	right	135	160	10	60	85	35	None	None	testing
2	dr	f	19	red	5	(80, 0)	(40, 69)	(-39, 69)	(-80, 0)	(-40, -69)	(40, -69)	diamond	none	dif	left	left	N_dist	(40, -69)	search	nr	True	822071	822954	left	35	135	60	85	160	110	None	None	testing
2	dr	f	19	red	5	(80, 0)	(40, 69)	(-39, 69)	(-80, 0)	(-40, -69)	(40, -69)	diamond	red	same	left	left	(40, 69)	(-40, -69)	search	nr	True	824192	824843	left	110	160	85	60	135	10	None	None	testing
2	dr	f	19	red	5	(80, 0)	(40, 69)	(-39, 69)	(-80, 0)	(-40, -69)	(40, -69)	diamond	red	dif	right	right	(40, 69)	(-40, -69)	probe	h_sin	None	None	None	None	110	10	60	160	35	135	(40, 69)	20	testing
2	dr	f	19	red	5	(80, 0)	(40, 69)	(-39, 69)	(-80, 0)	(-40, -69)	(40, -69)	diamond	none	dif	right	right	N_dist	(80, 0)	search	nr	True	829084	829626	right	135	110	85	35	160	10	None	None	testing
2	dr	f	19	red	5	(80, 0)	(40, 69)	(-39, 69)	(-80, 0)	(-40, -69)	(40, -69)	circle	red	same	left	left	(40, 69)	(-40, -69)	probe	norm	None	None	None	None	60	110	160	85	10	35	(-39, 69)	160	testing
2	dr	f	19	red	5	(80, 0)	(40, 69)	(-39, 69)	(-80, 0)	(-40, -69)	(40, -69)	diamond	red	same	right	right	(-80, 0)	(-39, 69)	search	nr	True	834260	834971	right	135	110	60	35	10	85	None	None	testing
2	dr	f	19	red	5	(80, 0)	(40, 69)	(-39, 69)	(-80, 0)	(-40, -69)	(40, -69)	diamond	red	dif	left	left	(40, 69)	(80, 0)	search	nr	True	836163	836683	left	110	135	160	60	85	35	None	None	testing
2	dr	f	19	red	5	(80, 0)	(40, 69)	(-39, 69)	(-80, 0)	(-40, -69)	(40, -69)	circle	red	dif	left	left	(40, 69)	(-80, 0)	search	nr	True	837883	838555	left	110	85	160	60	135	35	None	None	testing
2	dr	f	19	red	5	(80, 0)	(40, 69)	(-39, 69)	(-80, 0)	(-40, -69)	(40, -69)	circle	red	same	right	right	(40, 69)	(80, 0)	search	nr	True	839820	840362	right	35	60	110	135	85	160	None	None	testing
2	dr	f	19	red	5	(80, 0)	(40, 69)	(-39, 69)	(-80, 0)	(-40, -69)	(40, -69)	circle	none	dif	right	right	N_dist	(-80, 0)	search	nr	True	841623	842234	right	110	85	135	10	35	160	None	None	testing
2	dr	f	19	red	5	(80, 0)	(40, 69)	(-39, 69)	(-80, 0)	(-40, -69)	(40, -69)	circle	red	dif	right	right	(-80, 0)	(-40, -69)	search	nr	True	843293	843851	left	85	60	110	135	160	10	None	None	testing
2	dr	f	19	red	5	(80, 0)	(40, 69)	(-39, 69)	(-80, 0)	(-40, -69)	(40, -69)	diamond	none	dif	right	right	N_dist	(-40, -69)	search	nr	True	846466	847099	right	135	160	10	60	35	110	None	None	testing
2	dr	f	19	red	5	(80, 0)	(40, 69)	(-39, 69)	(-80, 0)	(-40, -69)	(40, -69)	diamond	red	dif	left	left	(-39, 69)	(-80, 0)	search	nr	True	848285	850154	left	110	10	85	135	60	160	None	None	testing
2	dr	f	19	red	5	(80, 0)	(40, 69)	(-39, 69)	(-80, 0)	(-40, -69)	(40, -69)	diamond	red	dif	right	right	(40, 69)	(40, -69)	search	nr	True	851324	852010	right	160	35	135	85	10	60	None	None	testing
2	dr	f	19	red	5	(80, 0)	(40, 69)	(-39, 69)	(-80, 0)	(-40, -69)	(40, -69)	diamond	red	dif	left	left	(40, 69)	(-39, 69)	search	nr	True	853078	853738	left	110	160	10	85	60	35	None	None	testing
2	dr	f	19	red	5	(80, 0)	(40, 69)	(-39, 69)	(-80, 0)	(-40, -69)	(40, -69)	circle	red	dif	left	left	(40, 69)	(40, -69)	probe	h_sin	None	None	None	None	160	60	110	10	85	135	(40, 69)	22	testing
2	dr	f	19	red	5	(80, 0)	(40, 69)	(-39, 69)	(-80, 0)	(-40, -69)	(40, -69)	circle	red	dif	right	right	(40, 69)	(-80, 0)	probe	norm	None	None	None	None	135	10	35	60	110	85	(-39, 69)	161	testing
2	dr	f	19	red	5	(80, 0)	(40, 69)	(-39, 69)	(-80, 0)	(-40, -69)	(40, -69)	diamond	red	same	left	left	(40, -69)	(-40, -69)	probe	tar	None	None	None	None	110	135	60	160	10	35	(-40, -69)	34	testing
2	dr	f	19	red	5	(80, 0)	(40, 69)	(-39, 69)	(-80, 0)	(-40, -69)	(40, -69)	circle	red	dif	right	right	(-80, 0)	(40, -69)	search	nr	True	868056	869658	right	60	35	160	10	85	110	None	None	testing
2	dr	f	19	red	5	(80, 0)	(40, 69)	(-39, 69)	(-80, 0)	(-40, -69)	(40, -69)	circle	red	dif	left	left	(-39, 69)	(-80, 0)	search	nr	True	870743	871402	left	35	85	110	160	10	135	None	None	testing
2	dr	f	19	red	5	(80, 0)	(40, 69)	(-39, 69)	(-80, 0)	(-40, -69)	(40, -69)	diamond	none	same	left	left	N_dist	(-39, 69)	search	nr	True	872564	873355	left	85	35	135	110	10	60	None	None	testing
2	dr	f	19	red	5	(80, 0)	(40, 69)	(-39, 69)	(-80, 0)	(-40, -69)	(40, -69)	diamond	red	dif	left	left	(40, 69)	(-39, 69)	search	nr	True	874601	875370	left	35	85	10	135	160	110	None	None	testing
2	dr	f	19	red	5	(80, 0)	(40, 69)	(-39, 69)	(-80, 0)	(-40, -69)	(40, -69)	circle	red	same	right	right	(40, 69)	(40, -69)	probe	h_sin	None	None	None	None	10	60	160	85	135	110	(40, 69)	12	testing
2	dr	f	19	red	5	(80, 0)	(40, 69)	(-39, 69)	(-80, 0)	(-40, -69)	(40, -69)	diamond	none	same	right	right	N_dist	(80, 0)	search	nr	True	880228	881034	right	35	135	60	110	160	85	None	None	testing
2	dr	f	19	red	5	(80, 0)	(40, 69)	(-39, 69)	(-80, 0)	(-40, -69)	(40, -69)	circle	red	dif	left	left	(40, 69)	(80, 0)	search	nr	True	882182	882762	left	110	60	160	35	135	10	None	None	testing
2	dr	f	19	red	5	(80, 0)	(40, 69)	(-39, 69)	(-80, 0)	(-40, -69)	(40, -69)	diamond	none	dif	left	left	N_dist	(80, 0)	search	nr	True	884001	884586	left	60	160	110	85	35	10	None	None	testing
2	dr	f	19	red	5	(80, 0)	(40, 69)	(-39, 69)	(-80, 0)	(-40, -69)	(40, -69)	diamond	red	dif	right	right	(40, 69)	(-40, -69)	search	nr	True	885805	886490	right	135	110	160	10	85	60	None	None	testing
2	dr	f	19	red	5	(80, 0)	(40, 69)	(-39, 69)	(-80, 0)	(-40, -69)	(40, -69)	circle	red	same	left	left	(40, 69)	(-80, 0)	probe	norm	None	None	None	None	135	10	160	85	110	35	(-40, -69)	18	testing
2	dr	f	19	red	5	(80, 0)	(40, 69)	(-39, 69)	(-80, 0)	(-40, -69)	(40, -69)	circle	red	same	left	left	(40, 69)	(-40, -69)	probe	norm	None	None	None	None	110	85	10	160	60	135	(-80, 0)	161	testing
2	dr	f	19	red	5	(80, 0)	(40, 69)	(-39, 69)	(-80, 0)	(-40, -69)	(40, -69)	diamond	red	dif	right	right	(40, 69)	(40, -69)	search	nr	True	898528	899241	right	85	10	110	135	35	60	None	None	testing
2	dr	f	19	red	5	(80, 0)	(40, 69)	(-39, 69)	(-80, 0)	(-40, -69)	(40, -69)	diamond	red	same	left	left	(40, 69)	(-80, 0)	search	nr	True	900399	901018	left	110	60	10	160	85	35	None	None	testing
2	dr	f	19	red	5	(80, 0)	(40, 69)	(-39, 69)	(-80, 0)	(-40, -69)	(40, -69)	circle	red	same	right	right	(40, 69)	(40, -69)	search	nr	True	902318	902922	right	110	10	60	35	135	85	None	None	testing
2	dr	f	19	red	5	(80, 0)	(40, 69)	(-39, 69)	(-80, 0)	(-40, -69)	(40, -69)	circle	none	same	right	right	N_dist	(-80, 0)	search	nr	True	904038	904586	right	85	35	110	135	160	10	None	None	testing
2	dr	f	19	red	5	(80, 0)	(40, 69)	(-39, 69)	(-80, 0)	(-40, -69)	(40, -69)	diamond	red	same	right	right	(40, 69)	(-39, 69)	probe	h_sin	None	None	None	None	35	110	85	160	10	60	(40, 69)	16	testing
2	dr	f	19	red	5	(80, 0)	(40, 69)	(-39, 69)	(-80, 0)	(-40, -69)	(40, -69)	diamond	red	same	left	left	(40, -69)	(-80, 0)	search	nr	True	909832	910762	left	135	35	85	10	160	110	None	None	testing
2	dr	f	19	red	5	(80, 0)	(40, 69)	(-39, 69)	(-80, 0)	(-40, -69)	(40, -69)	circle	red	dif	left	left	(-39, 69)	(-80, 0)	search	nr	True	911936	912730	left	160	85	10	60	110	135	None	None	testing
2	dr	f	19	red	5	(80, 0)	(40, 69)	(-39, 69)	(-80, 0)	(-40, -69)	(40, -69)	circle	none	same	right	right	N_dist	(-39, 69)	search	nr	True	913973	914602	right	60	135	10	110	85	160	None	None	testing
2	dr	f	19	red	5	(80, 0)	(40, 69)	(-39, 69)	(-80, 0)	(-40, -69)	(40, -69)	circle	none	same	left	left	N_dist	(-40, -69)	search	nr	True	915659	916410	left	110	85	160	35	10	135	None	None	testing
2	dr	f	19	red	5	(80, 0)	(40, 69)	(-39, 69)	(-80, 0)	(-40, -69)	(40, -69)	circle	none	same	left	left	N_dist	(40, 69)	search	nr	True	917696	918362	left	160	85	135	35	60	110	None	None	testing
2	dr	f	19	red	5	(80, 0)	(40, 69)	(-39, 69)	(-80, 0)	(-40, -69)	(40, -69)	diamond	red	dif	left	left	(40, 69)	(-39, 69)	probe	tar	None	None	None	None	10	135	60	160	35	110	(-39, 69)	164	testing
2	dr	f	19	red	5	(80, 0)	(40, 69)	(-39, 69)	(-80, 0)	(-40, -69)	(40, -69)	diamond	none	same	right	right	N_dist	(80, 0)	search	nr	True	923340	924122	right	160	85	35	110	10	60	None	None	testing
2	dr	f	19	red	5	(80, 0)	(40, 69)	(-39, 69)	(-80, 0)	(-40, -69)	(40, -69)	circle	none	same	left	left	N_dist	(-80, 0)	search	nr	True	925360	925882	left	160	35	85	60	135	10	None	None	testing
2	dr	f	19	red	5	(80, 0)	(40, 69)	(-39, 69)	(-80, 0)	(-40, -69)	(40, -69)	diamond	none	dif	left	left	N_dist	(80, 0)	probe	h_norm	None	None	None	None	160	135	60	35	85	110	(40, 69)	13	testing
2	dr	f	19	red	5	(80, 0)	(40, 69)	(-39, 69)	(-80, 0)	(-40, -69)	(40, -69)	diamond	none	same	right	right	N_dist	(80, 0)	probe	l_norm	None	None	None	None	85	35	10	160	110	60	(-39, 69)	7	testing
2	dr	f	19	red	5	(80, 0)	(40, 69)	(-39, 69)	(-80, 0)	(-40, -69)	(40, -69)	circle	red	same	right	right	(40, 69)	(-80, 0)	search	nr	True	934812	935465	right	160	60	10	110	35	135	None	None	testing
2	dr	f	19	red	5	(80, 0)	(40, 69)	(-39, 69)	(-80, 0)	(-40, -69)	(40, -69)	diamond	red	same	left	left	(80, 0)	(-80, 0)	search	nr	True	936531	937258	left	85	35	160	110	60	10	None	None	testing
2	dr	f	19	red	5	(80, 0)	(40, 69)	(-39, 69)	(-80, 0)	(-40, -69)	(40, -69)	circle	red	same	right	right	(40, 69)	(-39, 69)	probe	tar	None	None	None	None	60	35	135	10	85	160	(-39, 69)	164	testing
2	dr	f	19	red	5	(80, 0)	(40, 69)	(-39, 69)	(-80, 0)	(-40, -69)	(40, -69)	circle	red	dif	right	right	(-80, 0)	(80, 0)	search	nr	True	942241	942874	right	35	60	135	85	110	160	None	None	testing
2	dr	f	19	red	5	(80, 0)	(40, 69)	(-39, 69)	(-80, 0)	(-40, -69)	(40, -69)	circle	red	dif	left	left	(40, 69)	(-40, -69)	search	nr	True	944162	944731	left	35	160	10	110	135	60	None	None	testing
2	dr	f	19	red	5	(80, 0)	(40, 69)	(-39, 69)	(-80, 0)	(-40, -69)	(40, -69)	circle	none	same	right	right	N_dist	(-80, 0)	search	nr	True	945798	946314	right	60	135	110	160	35	10	None	None	testing
2	dr	f	19	red	5	(80, 0)	(40, 69)	(-39, 69)	(-80, 0)	(-40, -69)	(40, -69)	diamond	red	same	left	left	(40, 69)	(40, -69)	search	nr	True	947518	948202	left	160	135	10	60	35	110	None	None	testing
2	dr	f	19	red	5	(80, 0)	(40, 69)	(-39, 69)	(-80, 0)	(-40, -69)	(40, -69)	diamond	none	same	left	left	N_dist	(40, 69)	search	nr	True	949321	949978	left	110	10	160	60	85	35	None	None	testing
2	dr	f	19	red	5	(80, 0)	(40, 69)	(-39, 69)	(-80, 0)	(-40, -69)	(40, -69)	diamond	red	same	right	right	(-40, -69)	(-39, 69)	search	nr	True	951125	951993	right	60	160	10	35	135	110	None	None	testing
2	dr	f	19	red	5	(80, 0)	(40, 69)	(-39, 69)	(-80, 0)	(-40, -69)	(40, -69)	diamond	red	same	left	left	(80, 0)	(-80, 0)	search	nr	True	953111	953674	left	35	60	135	10	85	110	None	None	testing
