subj	name	gender	age	dist	run	tar_locs1	tar_locs2	tar_locs3	tar_locs4	tar_locs5	tar_locs6	shape	dist	td_dif	detection	resp_key	dis_loc	tar_loc	task_type	probe_cond	gotKey	startTime	respTime	resp	o1	o2	o3	o4	o5	o6	pro_loc	ori_resp	mode
2	dr	f	19	red	2	(80, 0)	(40, 69)	(-39, 69)	(-80, 0)	(-40, -69)	(40, -69)	diamond	red	same	right	right	(40, 69)	(-40, -69)	probe	h_sin	None	None	None	None	60	35	110	160	10	135	(40, 69)	148	testing
2	dr	f	19	red	2	(80, 0)	(40, 69)	(-39, 69)	(-80, 0)	(-40, -69)	(40, -69)	circle	red	dif	left	left	(40, 69)	(-40, -69)	probe	norm	None	None	None	None	35	60	160	10	110	135	(-80, 0)	24	testing
2	dr	f	19	red	2	(80, 0)	(40, 69)	(-39, 69)	(-80, 0)	(-40, -69)	(40, -69)	diamond	red	dif	left	left	(80, 0)	(-40, -69)	probe	tar	None	None	None	None	110	160	85	10	35	60	(-40, -69)	150	testing
2	dr	f	19	red	2	(80, 0)	(40, 69)	(-39, 69)	(-80, 0)	(-40, -69)	(40, -69)	diamond	none	dif	right	right	N_dist	(40, 69)	search	nr	True	64888	66162	right	160	60	85	135	35	10	None	None	testing
2	dr	f	19	red	2	(80, 0)	(40, 69)	(-39, 69)	(-80, 0)	(-40, -69)	(40, -69)	diamond	none	dif	right	right	N_dist	(-39, 69)	search	nr	True	67294	68034	right	160	10	85	60	35	110	None	None	testing
2	dr	f	19	red	2	(80, 0)	(40, 69)	(-39, 69)	(-80, 0)	(-40, -69)	(40, -69)	circle	red	dif	right	right	(-80, 0)	(-40, -69)	search	nr	True	69164	70177	right	135	85	110	35	60	10	None	None	testing
2	dr	f	19	red	2	(80, 0)	(40, 69)	(-39, 69)	(-80, 0)	(-40, -69)	(40, -69)	circle	none	same	left	left	N_dist	(-80, 0)	search	nr	True	71351	72273	left	160	135	110	10	60	35	None	None	testing
2	dr	f	19	red	2	(80, 0)	(40, 69)	(-39, 69)	(-80, 0)	(-40, -69)	(40, -69)	circle	red	dif	left	left	(40, 69)	(-80, 0)	probe	tar	None	None	None	None	160	135	85	110	35	60	(-80, 0)	17	testing
2	dr	f	19	red	2	(80, 0)	(40, 69)	(-39, 69)	(-80, 0)	(-40, -69)	(40, -69)	diamond	none	same	left	left	N_dist	(-40, -69)	search	nr	True	76995	77617	left	160	135	35	10	60	85	None	None	testing
2	dr	f	19	red	2	(80, 0)	(40, 69)	(-39, 69)	(-80, 0)	(-40, -69)	(40, -69)	circle	red	same	left	left	(-39, 69)	(-40, -69)	search	nr	True	78847	79489	left	110	160	10	135	60	35	None	None	testing
2	dr	f	19	red	2	(80, 0)	(40, 69)	(-39, 69)	(-80, 0)	(-40, -69)	(40, -69)	circle	none	dif	right	right	N_dist	(40, -69)	search	nr	True	80651	81265	left	10	110	60	160	85	35	None	None	testing
2	dr	f	19	red	2	(80, 0)	(40, 69)	(-39, 69)	(-80, 0)	(-40, -69)	(40, -69)	circle	red	dif	right	right	(40, 69)	(40, -69)	search	nr	True	83874	84994	right	35	60	160	135	85	10	None	None	testing
2	dr	f	19	red	2	(80, 0)	(40, 69)	(-39, 69)	(-80, 0)	(-40, -69)	(40, -69)	diamond	none	dif	right	right	N_dist	(40, -69)	probe	l_norm	None	None	None	None	160	85	60	135	35	10	(-80, 0)	14	testing
2	dr	f	19	red	2	(80, 0)	(40, 69)	(-39, 69)	(-80, 0)	(-40, -69)	(40, -69)	diamond	none	dif	left	left	N_dist	(-80, 0)	search	nr	True	89768	90433	left	60	10	85	110	135	160	None	None	testing
2	dr	f	19	red	2	(80, 0)	(40, 69)	(-39, 69)	(-80, 0)	(-40, -69)	(40, -69)	circle	red	dif	left	left	(-40, -69)	(-39, 69)	probe	l_sin	None	None	None	None	85	35	160	135	10	110	(-40, -69)	143	testing
2	dr	f	19	red	2	(80, 0)	(40, 69)	(-39, 69)	(-80, 0)	(-40, -69)	(40, -69)	diamond	red	dif	right	right	(-80, 0)	(-39, 69)	search	nr	True	95027	96210	right	85	110	160	60	10	35	None	None	testing
2	dr	f	19	red	2	(80, 0)	(40, 69)	(-39, 69)	(-80, 0)	(-40, -69)	(40, -69)	diamond	red	dif	left	left	(40, 69)	(-40, -69)	search	nr	True	97315	97937	left	85	35	60	110	160	135	None	None	testing
2	dr	f	19	red	2	(80, 0)	(40, 69)	(-39, 69)	(-80, 0)	(-40, -69)	(40, -69)	diamond	red	same	left	left	(40, 69)	(80, 0)	search	nr	True	99068	99681	left	110	160	85	10	60	135	None	None	testing
2	dr	f	19	red	2	(80, 0)	(40, 69)	(-39, 69)	(-80, 0)	(-40, -69)	(40, -69)	circle	red	same	right	right	(40, 69)	(80, 0)	probe	norm	None	None	None	None	10	160	85	110	135	60	(-80, 0)	153	testing
2	dr	f	19	red	2	(80, 0)	(40, 69)	(-39, 69)	(-80, 0)	(-40, -69)	(40, -69)	circle	red	dif	right	right	(40, 69)	(-39, 69)	search	nr	True	104462	105105	right	135	10	60	85	35	110	None	None	testing
2	dr	f	19	red	2	(80, 0)	(40, 69)	(-39, 69)	(-80, 0)	(-40, -69)	(40, -69)	circle	none	same	right	right	N_dist	(80, 0)	search	nr	True	106248	107009	right	135	10	60	110	85	160	None	None	testing
2	dr	f	19	red	2	(80, 0)	(40, 69)	(-39, 69)	(-80, 0)	(-40, -69)	(40, -69)	diamond	none	same	right	right	N_dist	(40, 69)	search	nr	True	108085	109393	right	10	135	60	110	35	160	None	None	testing
2	dr	f	19	red	2	(80, 0)	(40, 69)	(-39, 69)	(-80, 0)	(-40, -69)	(40, -69)	diamond	none	same	right	right	N_dist	(40, 69)	search	nr	True	110489	111330	right	135	160	85	10	60	35	None	None	testing
2	dr	f	19	red	2	(80, 0)	(40, 69)	(-39, 69)	(-80, 0)	(-40, -69)	(40, -69)	diamond	none	same	left	left	N_dist	(-39, 69)	search	nr	True	112426	113074	left	160	60	10	110	85	35	None	None	testing
2	dr	f	19	red	2	(80, 0)	(40, 69)	(-39, 69)	(-80, 0)	(-40, -69)	(40, -69)	circle	none	dif	left	left	N_dist	(80, 0)	search	nr	True	114196	114801	left	135	85	10	110	60	160	None	None	testing
2	dr	f	19	red	2	(80, 0)	(40, 69)	(-39, 69)	(-80, 0)	(-40, -69)	(40, -69)	diamond	none	same	right	right	N_dist	(80, 0)	probe	l_norm	None	None	None	None	60	35	135	110	160	85	(-80, 0)	11	testing
2	dr	f	19	red	2	(80, 0)	(40, 69)	(-39, 69)	(-80, 0)	(-40, -69)	(40, -69)	circle	none	same	left	left	N_dist	(-80, 0)	search	nr	True	119439	120242	left	135	85	60	110	160	10	None	None	testing
2	dr	f	19	red	2	(80, 0)	(40, 69)	(-39, 69)	(-80, 0)	(-40, -69)	(40, -69)	diamond	red	same	left	left	(-40, -69)	(80, 0)	search	nr	True	121443	122162	left	110	60	135	35	85	10	None	None	testing
2	dr	f	19	red	2	(80, 0)	(40, 69)	(-39, 69)	(-80, 0)	(-40, -69)	(40, -69)	circle	red	dif	right	right	(40, 69)	(40, -69)	probe	h_sin	None	None	None	None	60	110	35	85	160	135	(40, 69)	17	testing
2	dr	f	19	red	2	(80, 0)	(40, 69)	(-39, 69)	(-80, 0)	(-40, -69)	(40, -69)	diamond	red	same	left	left	(40, 69)	(80, 0)	probe	h_sin	None	None	None	None	85	10	135	35	60	110	(40, 69)	10	testing
2	dr	f	19	red	2	(80, 0)	(40, 69)	(-39, 69)	(-80, 0)	(-40, -69)	(40, -69)	diamond	none	dif	left	left	N_dist	(40, -69)	probe	l_norm	None	None	None	None	85	110	60	10	35	135	(-39, 69)	10	testing
2	dr	f	19	red	2	(80, 0)	(40, 69)	(-39, 69)	(-80, 0)	(-40, -69)	(40, -69)	diamond	red	dif	right	right	(40, 69)	(-80, 0)	probe	h_sin	None	None	None	None	35	10	60	135	85	110	(40, 69)	23	testing
2	dr	f	19	red	2	(80, 0)	(40, 69)	(-39, 69)	(-80, 0)	(-40, -69)	(40, -69)	circle	red	same	right	right	(40, 69)	(40, -69)	search	nr	True	136988	137746	right	85	160	10	110	135	60	None	None	testing
2	dr	f	19	red	2	(80, 0)	(40, 69)	(-39, 69)	(-80, 0)	(-40, -69)	(40, -69)	diamond	none	same	left	left	N_dist	(-40, -69)	probe	l_norm	None	None	None	None	60	85	160	135	35	10	(40, -69)	63	testing
2	dr	f	19	red	2	(80, 0)	(40, 69)	(-39, 69)	(-80, 0)	(-40, -69)	(40, -69)	diamond	red	dif	left	left	(40, 69)	(40, -69)	search	nr	True	142732	143441	left	135	160	110	85	35	60	None	None	testing
2	dr	f	19	red	2	(80, 0)	(40, 69)	(-39, 69)	(-80, 0)	(-40, -69)	(40, -69)	circle	none	dif	left	left	N_dist	(-40, -69)	search	nr	True	144551	145794	left	160	60	35	110	10	135	None	None	testing
2	dr	f	19	red	2	(80, 0)	(40, 69)	(-39, 69)	(-80, 0)	(-40, -69)	(40, -69)	circle	red	dif	left	left	(-80, 0)	(-39, 69)	search	nr	True	147023	148225	left	110	135	85	60	35	160	None	None	testing
2	dr	f	19	red	2	(80, 0)	(40, 69)	(-39, 69)	(-80, 0)	(-40, -69)	(40, -69)	circle	red	dif	right	right	(40, 69)	(-40, -69)	search	nr	True	149294	149921	right	110	85	10	60	35	135	None	None	testing
2	dr	f	19	red	2	(80, 0)	(40, 69)	(-39, 69)	(-80, 0)	(-40, -69)	(40, -69)	circle	red	same	left	left	(40, 69)	(80, 0)	search	nr	True	151130	152049	left	110	85	10	135	35	60	None	None	testing
2	dr	f	19	red	2	(80, 0)	(40, 69)	(-39, 69)	(-80, 0)	(-40, -69)	(40, -69)	circle	none	dif	left	left	N_dist	(-40, -69)	probe	l_norm	None	None	None	None	160	60	110	135	10	35	(80, 0)	31	testing
2	dr	f	19	red	2	(80, 0)	(40, 69)	(-39, 69)	(-80, 0)	(-40, -69)	(40, -69)	circle	red	same	left	left	(-39, 69)	(-40, -69)	probe	norm	None	None	None	None	60	110	10	85	160	35	(40, 69)	17	testing
2	dr	f	19	red	2	(80, 0)	(40, 69)	(-39, 69)	(-80, 0)	(-40, -69)	(40, -69)	circle	red	same	left	left	(40, 69)	(80, 0)	probe	norm	None	None	None	None	10	85	110	135	35	160	(-39, 69)	160	testing
2	dr	f	19	red	2	(80, 0)	(40, 69)	(-39, 69)	(-80, 0)	(-40, -69)	(40, -69)	circle	red	same	right	right	(40, 69)	(-80, 0)	probe	tar	None	None	None	None	85	10	160	135	60	110	(-80, 0)	18	testing
2	dr	f	19	red	2	(80, 0)	(40, 69)	(-39, 69)	(-80, 0)	(-40, -69)	(40, -69)	circle	red	same	right	right	(40, 69)	(-80, 0)	search	nr	True	165908	166561	right	160	85	60	110	35	10	None	None	testing
2	dr	f	19	red	2	(80, 0)	(40, 69)	(-39, 69)	(-80, 0)	(-40, -69)	(40, -69)	circle	red	dif	right	right	(-39, 69)	(-80, 0)	search	nr	True	167711	168337	right	35	135	110	60	160	85	None	None	testing
2	dr	f	19	red	2	(80, 0)	(40, 69)	(-39, 69)	(-80, 0)	(-40, -69)	(40, -69)	circle	red	same	left	left	(40, 69)	(80, 0)	search	nr	True	169547	170162	left	85	35	60	135	110	10	None	None	testing
2	dr	f	19	red	2	(80, 0)	(40, 69)	(-39, 69)	(-80, 0)	(-40, -69)	(40, -69)	diamond	none	dif	right	right	N_dist	(-39, 69)	search	nr	True	171267	172001	right	60	135	10	110	35	160	None	None	testing
2	dr	f	19	red	2	(80, 0)	(40, 69)	(-39, 69)	(-80, 0)	(-40, -69)	(40, -69)	diamond	none	dif	right	right	N_dist	(-39, 69)	probe	h_norm	None	None	None	None	85	110	160	10	135	35	(40, 69)	24	testing
2	dr	f	19	red	2	(80, 0)	(40, 69)	(-39, 69)	(-80, 0)	(-40, -69)	(40, -69)	diamond	red	same	right	right	(40, 69)	(40, -69)	search	nr	True	176327	177105	right	35	135	60	110	85	10	None	None	testing
2	dr	f	19	red	2	(80, 0)	(40, 69)	(-39, 69)	(-80, 0)	(-40, -69)	(40, -69)	circle	red	same	left	left	(40, 69)	(-39, 69)	search	nr	True	178280	179008	left	10	60	110	160	35	135	None	None	testing
2	dr	f	19	red	2	(80, 0)	(40, 69)	(-39, 69)	(-80, 0)	(-40, -69)	(40, -69)	circle	none	dif	right	right	N_dist	(40, -69)	search	nr	True	180201	180769	right	110	10	35	135	85	160	None	None	testing
2	dr	f	19	red	2	(80, 0)	(40, 69)	(-39, 69)	(-80, 0)	(-40, -69)	(40, -69)	circle	none	same	right	right	N_dist	(80, 0)	search	nr	True	181853	182418	right	160	35	110	60	85	10	None	None	testing
2	dr	f	19	red	2	(80, 0)	(40, 69)	(-39, 69)	(-80, 0)	(-40, -69)	(40, -69)	diamond	red	dif	right	right	(80, 0)	(40, -69)	search	nr	True	183574	184321	right	135	35	85	10	60	160	None	None	testing
2	dr	f	19	red	2	(80, 0)	(40, 69)	(-39, 69)	(-80, 0)	(-40, -69)	(40, -69)	diamond	red	dif	right	right	(40, 69)	(-80, 0)	search	nr	True	185577	186145	right	60	160	110	10	135	85	None	None	testing
2	dr	f	19	red	2	(80, 0)	(40, 69)	(-39, 69)	(-80, 0)	(-40, -69)	(40, -69)	diamond	none	dif	right	right	N_dist	(40, -69)	search	nr	True	187296	187921	right	135	110	160	10	60	85	None	None	testing
2	dr	f	19	red	2	(80, 0)	(40, 69)	(-39, 69)	(-80, 0)	(-40, -69)	(40, -69)	diamond	red	same	left	left	(40, 69)	(-39, 69)	search	nr	True	189001	190353	left	35	110	85	10	60	135	None	None	testing
2	dr	f	19	red	2	(80, 0)	(40, 69)	(-39, 69)	(-80, 0)	(-40, -69)	(40, -69)	circle	red	same	left	left	(40, 69)	(-39, 69)	search	nr	True	191488	192465	left	35	60	160	10	85	135	None	None	testing
2	dr	f	19	red	2	(80, 0)	(40, 69)	(-39, 69)	(-80, 0)	(-40, -69)	(40, -69)	diamond	none	same	right	right	N_dist	(40, 69)	probe	h_tar	None	None	None	None	10	135	85	60	110	35	(40, 69)	19	testing
2	dr	f	19	red	2	(80, 0)	(40, 69)	(-39, 69)	(-80, 0)	(-40, -69)	(40, -69)	diamond	red	dif	left	left	(40, -69)	(-80, 0)	probe	l_sin	None	None	None	None	60	110	35	135	10	160	(40, -69)	69	testing
2	dr	f	19	red	2	(80, 0)	(40, 69)	(-39, 69)	(-80, 0)	(-40, -69)	(40, -69)	diamond	red	dif	left	left	(40, 69)	(-40, -69)	search	nr	True	200321	201121	left	10	35	60	160	85	110	None	None	testing
2	dr	f	19	red	2	(80, 0)	(40, 69)	(-39, 69)	(-80, 0)	(-40, -69)	(40, -69)	circle	red	dif	left	left	(-80, 0)	(-39, 69)	probe	l_sin	None	None	None	None	60	10	35	160	110	135	(-80, 0)	159	testing
2	dr	f	19	red	2	(80, 0)	(40, 69)	(-39, 69)	(-80, 0)	(-40, -69)	(40, -69)	circle	red	dif	left	left	(40, 69)	(-40, -69)	search	nr	True	205346	206002	left	160	35	60	85	110	135	None	None	testing
2	dr	f	19	red	2	(80, 0)	(40, 69)	(-39, 69)	(-80, 0)	(-40, -69)	(40, -69)	circle	red	same	left	left	(80, 0)	(40, -69)	probe	norm	None	None	None	None	160	110	10	135	60	35	(40, 69)	151	testing
2	dr	f	19	red	2	(80, 0)	(40, 69)	(-39, 69)	(-80, 0)	(-40, -69)	(40, -69)	diamond	red	dif	left	left	(-80, 0)	(80, 0)	probe	l_sin	None	None	None	None	10	110	135	35	160	60	(-80, 0)	58	testing
2	dr	f	19	red	2	(80, 0)	(40, 69)	(-39, 69)	(-80, 0)	(-40, -69)	(40, -69)	circle	none	dif	right	right	N_dist	(-80, 0)	search	nr	True	214247	214865	right	110	60	10	85	160	135	None	None	testing
2	dr	f	19	red	2	(80, 0)	(40, 69)	(-39, 69)	(-80, 0)	(-40, -69)	(40, -69)	circle	none	dif	left	left	N_dist	(-40, -69)	search	nr	True	216117	216816	left	35	85	10	160	135	110	None	None	testing
2	dr	f	19	red	2	(80, 0)	(40, 69)	(-39, 69)	(-80, 0)	(-40, -69)	(40, -69)	diamond	red	same	right	right	(40, 69)	(-40, -69)	search	nr	True	218087	218721	right	35	60	10	85	160	110	None	None	testing
2	dr	f	19	red	2	(80, 0)	(40, 69)	(-39, 69)	(-80, 0)	(-40, -69)	(40, -69)	circle	none	same	left	left	N_dist	(-80, 0)	probe	l_norm	None	None	None	None	35	160	10	110	60	135	(-39, 69)	19	testing
2	dr	f	19	red	2	(80, 0)	(40, 69)	(-39, 69)	(-80, 0)	(-40, -69)	(40, -69)	circle	red	dif	right	right	(-39, 69)	(-80, 0)	search	nr	True	222913	223681	right	110	35	160	135	85	60	None	None	testing
2	dr	f	19	red	2	(80, 0)	(40, 69)	(-39, 69)	(-80, 0)	(-40, -69)	(40, -69)	diamond	red	same	right	right	(40, 69)	(-39, 69)	search	nr	True	224983	225745	right	85	135	110	160	10	60	None	None	testing
2	dr	f	19	red	2	(80, 0)	(40, 69)	(-39, 69)	(-80, 0)	(-40, -69)	(40, -69)	circle	none	dif	right	right	N_dist	(80, 0)	search	nr	True	226886	227521	right	35	85	135	160	10	110	None	None	testing
2	dr	f	19	red	2	(80, 0)	(40, 69)	(-39, 69)	(-80, 0)	(-40, -69)	(40, -69)	diamond	red	same	left	left	(40, 69)	(80, 0)	search	nr	True	228823	229649	left	35	10	85	160	135	60	None	None	testing
2	dr	f	19	red	2	(80, 0)	(40, 69)	(-39, 69)	(-80, 0)	(-40, -69)	(40, -69)	circle	red	dif	right	right	(-80, 0)	(-40, -69)	probe	l_sin	None	None	None	None	10	135	160	60	35	85	(-80, 0)	168	testing
2	dr	f	19	red	2	(80, 0)	(40, 69)	(-39, 69)	(-80, 0)	(-40, -69)	(40, -69)	circle	red	dif	right	right	(40, 69)	(-39, 69)	search	nr	True	234033	235121	right	60	10	110	135	35	160	None	None	testing
2	dr	f	19	red	2	(80, 0)	(40, 69)	(-39, 69)	(-80, 0)	(-40, -69)	(40, -69)	diamond	red	dif	right	right	(-40, -69)	(-80, 0)	probe	tar	None	None	None	None	85	10	35	135	160	60	(-80, 0)	24	testing
2	dr	f	19	red	2	(80, 0)	(40, 69)	(-39, 69)	(-80, 0)	(-40, -69)	(40, -69)	circle	red	same	right	right	(40, -69)	(80, 0)	search	nr	True	239460	240177	right	85	160	60	35	10	110	None	None	testing
2	dr	f	19	red	2	(80, 0)	(40, 69)	(-39, 69)	(-80, 0)	(-40, -69)	(40, -69)	circle	red	same	right	right	(40, 69)	(-39, 69)	search	nr	True	241463	242081	right	110	135	85	160	10	60	None	None	testing
2	dr	f	19	red	2	(80, 0)	(40, 69)	(-39, 69)	(-80, 0)	(-40, -69)	(40, -69)	diamond	none	same	right	right	N_dist	(40, 69)	search	nr	True	243149	243729	left	10	85	60	160	35	135	None	None	testing
2	dr	f	19	red	2	(80, 0)	(40, 69)	(-39, 69)	(-80, 0)	(-40, -69)	(40, -69)	diamond	red	dif	left	left	(40, 69)	(-40, -69)	search	nr	True	246489	247297	left	85	60	35	135	110	160	None	None	testing
2	dr	f	19	red	2	(80, 0)	(40, 69)	(-39, 69)	(-80, 0)	(-40, -69)	(40, -69)	circle	none	same	right	right	N_dist	(-40, -69)	probe	l_tar	None	None	None	None	35	10	85	135	110	60	(-40, -69)	16	testing
2	dr	f	19	red	2	(80, 0)	(40, 69)	(-39, 69)	(-80, 0)	(-40, -69)	(40, -69)	circle	red	dif	left	left	(40, 69)	(40, -69)	search	nr	True	251615	252305	left	110	85	10	135	160	35	None	None	testing
2	dr	f	19	red	2	(80, 0)	(40, 69)	(-39, 69)	(-80, 0)	(-40, -69)	(40, -69)	diamond	red	same	left	left	(40, 69)	(-39, 69)	search	nr	True	253385	254593	left	60	85	35	135	110	10	None	None	testing
2	dr	f	19	red	2	(80, 0)	(40, 69)	(-39, 69)	(-80, 0)	(-40, -69)	(40, -69)	diamond	red	same	right	right	(40, 69)	(80, 0)	search	nr	True	255806	256497	right	160	35	110	85	10	60	None	None	testing
2	dr	f	19	red	2	(80, 0)	(40, 69)	(-39, 69)	(-80, 0)	(-40, -69)	(40, -69)	circle	red	dif	left	left	(40, 69)	(-40, -69)	search	nr	True	257776	258529	left	135	35	160	85	10	60	None	None	testing
2	dr	f	19	red	2	(80, 0)	(40, 69)	(-39, 69)	(-80, 0)	(-40, -69)	(40, -69)	circle	red	same	left	left	(40, 69)	(-39, 69)	probe	norm	None	None	None	None	35	60	110	85	160	135	(80, 0)	35	testing
2	dr	f	19	red	2	(80, 0)	(40, 69)	(-39, 69)	(-80, 0)	(-40, -69)	(40, -69)	diamond	red	dif	left	left	(40, 69)	(40, -69)	probe	h_sin	None	None	None	None	10	110	160	35	85	60	(40, 69)	11	testing
2	dr	f	19	red	2	(80, 0)	(40, 69)	(-39, 69)	(-80, 0)	(-40, -69)	(40, -69)	circle	none	dif	left	left	N_dist	(40, 69)	probe	h_tar	None	None	None	None	60	85	135	110	160	10	(40, 69)	175	testing
2	dr	f	19	red	2	(80, 0)	(40, 69)	(-39, 69)	(-80, 0)	(-40, -69)	(40, -69)	circle	red	same	right	right	(40, 69)	(-39, 69)	search	nr	True	268947	269697	right	110	135	60	160	85	35	None	None	testing
2	dr	f	19	red	2	(80, 0)	(40, 69)	(-39, 69)	(-80, 0)	(-40, -69)	(40, -69)	circle	red	same	left	left	(40, 69)	(-40, -69)	search	nr	True	270800	271409	left	10	135	60	35	85	110	None	None	testing
2	dr	f	19	red	2	(80, 0)	(40, 69)	(-39, 69)	(-80, 0)	(-40, -69)	(40, -69)	diamond	red	same	right	right	(40, 69)	(-40, -69)	search	nr	True	272553	273217	right	135	160	110	60	35	10	None	None	testing
2	dr	f	19	red	2	(80, 0)	(40, 69)	(-39, 69)	(-80, 0)	(-40, -69)	(40, -69)	circle	red	same	right	right	(40, 69)	(-80, 0)	search	nr	True	274423	275105	right	160	60	10	35	85	135	None	None	testing
2	dr	f	19	red	2	(80, 0)	(40, 69)	(-39, 69)	(-80, 0)	(-40, -69)	(40, -69)	diamond	red	dif	right	right	(40, 69)	(-80, 0)	search	nr	True	276294	277216	right	10	60	135	85	35	110	None	None	testing
2	dr	f	19	red	2	(80, 0)	(40, 69)	(-39, 69)	(-80, 0)	(-40, -69)	(40, -69)	diamond	red	dif	right	right	(-40, -69)	(-80, 0)	search	nr	True	278431	279201	right	135	85	10	110	60	35	None	None	testing
2	dr	f	19	red	2	(80, 0)	(40, 69)	(-39, 69)	(-80, 0)	(-40, -69)	(40, -69)	diamond	red	dif	right	right	(80, 0)	(40, -69)	probe	l_sin	None	None	None	None	85	135	110	160	60	10	(80, 0)	149	testing
2	dr	f	19	red	2	(80, 0)	(40, 69)	(-39, 69)	(-80, 0)	(-40, -69)	(40, -69)	diamond	red	dif	right	right	(40, 69)	(-80, 0)	probe	norm	None	None	None	None	85	60	35	135	110	160	(40, -69)	163	testing
2	dr	f	19	red	2	(80, 0)	(40, 69)	(-39, 69)	(-80, 0)	(-40, -69)	(40, -69)	diamond	none	same	left	left	N_dist	(-80, 0)	probe	h_norm	None	None	None	None	135	110	160	60	10	35	(40, 69)	18	testing
2	dr	f	19	red	2	(80, 0)	(40, 69)	(-39, 69)	(-80, 0)	(-40, -69)	(40, -69)	circle	red	same	right	right	(40, 69)	(-80, 0)	probe	tar	None	None	None	None	35	110	60	160	135	85	(-80, 0)	14	testing
2	dr	f	19	red	2	(80, 0)	(40, 69)	(-39, 69)	(-80, 0)	(-40, -69)	(40, -69)	diamond	red	dif	left	left	(40, 69)	(-80, 0)	search	nr	True	293425	294513	left	10	85	135	60	160	35	None	None	testing
2	dr	f	19	red	2	(80, 0)	(40, 69)	(-39, 69)	(-80, 0)	(-40, -69)	(40, -69)	diamond	none	dif	left	left	N_dist	(-39, 69)	probe	l_norm	None	None	None	None	35	60	110	160	135	85	(-80, 0)	27	testing
2	dr	f	19	red	2	(80, 0)	(40, 69)	(-39, 69)	(-80, 0)	(-40, -69)	(40, -69)	circle	red	same	left	left	(-39, 69)	(-40, -69)	search	nr	True	300321	300945	left	60	135	160	85	35	110	None	None	testing
2	dr	f	19	red	2	(80, 0)	(40, 69)	(-39, 69)	(-80, 0)	(-40, -69)	(40, -69)	circle	red	same	right	right	(40, 69)	(-80, 0)	search	nr	True	302024	302672	right	135	35	85	110	60	160	None	None	testing
2	dr	f	19	red	2	(80, 0)	(40, 69)	(-39, 69)	(-80, 0)	(-40, -69)	(40, -69)	diamond	none	same	right	right	N_dist	(40, 69)	search	nr	True	303878	304641	right	135	60	110	160	85	10	None	None	testing
2	dr	f	19	red	2	(80, 0)	(40, 69)	(-39, 69)	(-80, 0)	(-40, -69)	(40, -69)	circle	none	same	right	right	N_dist	(40, -69)	probe	h_norm	None	None	None	None	35	85	135	10	60	160	(40, 69)	157	testing
2	dr	f	19	red	2	(80, 0)	(40, 69)	(-39, 69)	(-80, 0)	(-40, -69)	(40, -69)	diamond	red	dif	right	right	(40, 69)	(40, -69)	probe	tar	None	None	None	None	85	110	35	160	135	60	(40, -69)	165	testing
2	dr	f	19	red	2	(80, 0)	(40, 69)	(-39, 69)	(-80, 0)	(-40, -69)	(40, -69)	circle	none	same	left	left	N_dist	(80, 0)	search	nr	True	313028	313761	left	60	160	10	110	35	135	None	None	testing
2	dr	f	19	red	2	(80, 0)	(40, 69)	(-39, 69)	(-80, 0)	(-40, -69)	(40, -69)	diamond	red	same	right	right	(40, 69)	(-80, 0)	search	nr	True	315065	315681	right	135	85	110	10	60	35	None	None	testing
2	dr	f	19	red	2	(80, 0)	(40, 69)	(-39, 69)	(-80, 0)	(-40, -69)	(40, -69)	circle	red	dif	right	right	(40, 69)	(-40, -69)	search	nr	True	316835	317457	right	135	35	10	110	60	85	None	None	testing
2	dr	f	19	red	2	(80, 0)	(40, 69)	(-39, 69)	(-80, 0)	(-40, -69)	(40, -69)	diamond	red	dif	right	right	(-40, -69)	(-80, 0)	search	nr	True	318688	319361	right	10	110	60	135	160	35	None	None	testing
2	dr	f	19	red	2	(80, 0)	(40, 69)	(-39, 69)	(-80, 0)	(-40, -69)	(40, -69)	diamond	red	same	right	right	(80, 0)	(-80, 0)	search	nr	True	320591	321216	right	135	160	35	85	60	110	None	None	testing
2	dr	f	19	red	2	(80, 0)	(40, 69)	(-39, 69)	(-80, 0)	(-40, -69)	(40, -69)	circle	none	dif	left	left	N_dist	(80, 0)	probe	h_norm	None	None	None	None	135	10	35	85	110	160	(40, 69)	15	testing
2	dr	f	19	red	2	(80, 0)	(40, 69)	(-39, 69)	(-80, 0)	(-40, -69)	(40, -69)	diamond	red	same	left	left	(40, 69)	(80, 0)	probe	tar	None	None	None	None	85	135	35	60	160	110	(80, 0)	0	testing
2	dr	f	19	red	2	(80, 0)	(40, 69)	(-39, 69)	(-80, 0)	(-40, -69)	(40, -69)	diamond	red	dif	left	left	(40, 69)	(-40, -69)	search	nr	True	328490	329281	left	110	160	135	60	10	85	None	None	testing
2	dr	f	19	red	2	(80, 0)	(40, 69)	(-39, 69)	(-80, 0)	(-40, -69)	(40, -69)	diamond	red	dif	left	left	(40, 69)	(40, -69)	search	nr	True	330510	331088	left	35	160	110	135	60	85	None	None	testing
2	dr	f	19	red	2	(80, 0)	(40, 69)	(-39, 69)	(-80, 0)	(-40, -69)	(40, -69)	circle	red	dif	right	right	(40, 69)	(-39, 69)	probe	tar	None	None	None	None	10	110	135	60	85	160	(-39, 69)	8	testing
2	dr	f	19	red	2	(80, 0)	(40, 69)	(-39, 69)	(-80, 0)	(-40, -69)	(40, -69)	diamond	none	same	left	left	N_dist	(-80, 0)	search	nr	True	335987	336561	left	60	160	110	35	85	135	None	None	testing
2	dr	f	19	red	2	(80, 0)	(40, 69)	(-39, 69)	(-80, 0)	(-40, -69)	(40, -69)	diamond	red	same	left	left	(40, -69)	(-40, -69)	probe	tar	None	None	None	None	160	85	110	60	35	10	(-40, -69)	171	testing
2	dr	f	19	red	2	(80, 0)	(40, 69)	(-39, 69)	(-80, 0)	(-40, -69)	(40, -69)	diamond	none	same	right	right	N_dist	(40, 69)	search	nr	True	341330	341953	right	35	60	110	10	160	135	None	None	testing
2	dr	f	19	red	2	(80, 0)	(40, 69)	(-39, 69)	(-80, 0)	(-40, -69)	(40, -69)	circle	red	same	right	right	(40, -69)	(80, 0)	search	nr	True	343049	344065	right	85	35	110	10	135	160	None	None	testing
2	dr	f	19	red	2	(80, 0)	(40, 69)	(-39, 69)	(-80, 0)	(-40, -69)	(40, -69)	diamond	red	dif	right	right	(-80, 0)	(40, -69)	search	nr	True	345220	346016	right	110	85	60	160	35	10	None	None	testing
2	dr	f	19	red	2	(80, 0)	(40, 69)	(-39, 69)	(-80, 0)	(-40, -69)	(40, -69)	diamond	none	same	left	left	N_dist	(40, 69)	search	nr	True	347208	347936	left	60	35	10	110	160	135	None	None	testing
2	dr	f	19	red	2	(80, 0)	(40, 69)	(-39, 69)	(-80, 0)	(-40, -69)	(40, -69)	circle	none	dif	right	right	N_dist	(40, 69)	probe	h_tar	None	None	None	None	60	10	110	135	35	160	(40, 69)	18	testing
2	dr	f	19	red	2	(80, 0)	(40, 69)	(-39, 69)	(-80, 0)	(-40, -69)	(40, -69)	circle	none	dif	left	left	N_dist	(-40, -69)	search	nr	True	352400	352977	left	35	10	135	85	60	110	None	None	testing
2	dr	f	19	red	2	(80, 0)	(40, 69)	(-39, 69)	(-80, 0)	(-40, -69)	(40, -69)	diamond	red	dif	left	left	(40, 69)	(-40, -69)	probe	norm	None	None	None	None	60	110	10	135	35	85	(-39, 69)	18	testing
2	dr	f	19	red	2	(80, 0)	(40, 69)	(-39, 69)	(-80, 0)	(-40, -69)	(40, -69)	circle	none	same	right	right	N_dist	(80, 0)	search	nr	True	357460	358016	right	85	110	35	160	10	135	None	None	testing
2	dr	f	19	red	2	(80, 0)	(40, 69)	(-39, 69)	(-80, 0)	(-40, -69)	(40, -69)	diamond	none	dif	left	left	N_dist	(-80, 0)	search	nr	True	359079	359793	left	85	60	10	135	35	160	None	None	testing
2	dr	f	19	red	2	(80, 0)	(40, 69)	(-39, 69)	(-80, 0)	(-40, -69)	(40, -69)	diamond	none	dif	left	left	N_dist	(-80, 0)	probe	h_norm	None	None	None	None	10	35	135	160	60	85	(40, 69)	29	testing
2	dr	f	19	red	2	(80, 0)	(40, 69)	(-39, 69)	(-80, 0)	(-40, -69)	(40, -69)	circle	red	dif	right	right	(40, 69)	(80, 0)	search	nr	True	364556	365184	right	60	135	110	160	10	35	None	None	testing
2	dr	f	19	red	2	(80, 0)	(40, 69)	(-39, 69)	(-80, 0)	(-40, -69)	(40, -69)	circle	red	same	left	left	(40, 69)	(80, 0)	search	nr	True	366326	366880	left	35	135	10	110	85	160	None	None	testing
2	dr	f	19	red	2	(80, 0)	(40, 69)	(-39, 69)	(-80, 0)	(-40, -69)	(40, -69)	circle	red	dif	right	right	(40, 69)	(80, 0)	probe	h_sin	None	None	None	None	135	60	10	160	85	35	(40, 69)	18	testing
2	dr	f	19	red	2	(80, 0)	(40, 69)	(-39, 69)	(-80, 0)	(-40, -69)	(40, -69)	diamond	red	same	left	left	(-40, -69)	(80, 0)	probe	l_sin	None	None	None	None	85	135	35	110	10	160	(-40, -69)	15	testing
2	dr	f	19	red	2	(80, 0)	(40, 69)	(-39, 69)	(-80, 0)	(-40, -69)	(40, -69)	diamond	none	dif	left	left	N_dist	(40, -69)	search	nr	True	374658	375233	left	110	85	160	35	135	60	None	None	testing
2	dr	f	19	red	2	(80, 0)	(40, 69)	(-39, 69)	(-80, 0)	(-40, -69)	(40, -69)	circle	red	dif	left	left	(40, 69)	(80, 0)	search	nr	True	376528	377025	left	135	10	110	60	35	160	None	None	testing
2	dr	f	19	red	2	(80, 0)	(40, 69)	(-39, 69)	(-80, 0)	(-40, -69)	(40, -69)	circle	red	dif	right	right	(-39, 69)	(40, -69)	probe	tar	None	None	None	None	85	60	160	110	135	35	(40, -69)	52	testing
2	dr	f	19	red	2	(80, 0)	(40, 69)	(-39, 69)	(-80, 0)	(-40, -69)	(40, -69)	circle	red	same	left	left	(40, 69)	(-39, 69)	search	nr	True	382255	383201	left	135	160	10	110	60	85	None	None	testing
2	dr	f	19	red	2	(80, 0)	(40, 69)	(-39, 69)	(-80, 0)	(-40, -69)	(40, -69)	circle	red	same	right	right	(40, 69)	(80, 0)	search	nr	True	384409	385104	right	60	135	35	160	10	110	None	None	testing
2	dr	f	19	red	2	(80, 0)	(40, 69)	(-39, 69)	(-80, 0)	(-40, -69)	(40, -69)	diamond	red	dif	left	left	(40, 69)	(80, 0)	search	nr	True	386346	386928	left	10	35	60	160	135	85	None	None	testing
2	dr	f	19	red	2	(80, 0)	(40, 69)	(-39, 69)	(-80, 0)	(-40, -69)	(40, -69)	diamond	none	same	right	right	N_dist	(40, 69)	probe	h_tar	None	None	None	None	160	60	110	85	10	135	(40, 69)	156	testing
2	dr	f	19	red	2	(80, 0)	(40, 69)	(-39, 69)	(-80, 0)	(-40, -69)	(40, -69)	diamond	red	same	left	left	(40, -69)	(-40, -69)	search	nr	True	391539	392464	left	160	110	135	85	35	10	None	None	testing
2	dr	f	19	red	2	(80, 0)	(40, 69)	(-39, 69)	(-80, 0)	(-40, -69)	(40, -69)	circle	none	dif	right	right	N_dist	(40, -69)	search	nr	True	393609	394128	left	110	160	35	60	85	135	None	None	testing
2	dr	f	19	red	2	(80, 0)	(40, 69)	(-39, 69)	(-80, 0)	(-40, -69)	(40, -69)	diamond	red	same	left	left	(40, 69)	(-39, 69)	probe	h_sin	None	None	None	None	160	10	85	110	135	60	(40, 69)	43	testing
2	dr	f	19	red	2	(80, 0)	(40, 69)	(-39, 69)	(-80, 0)	(-40, -69)	(40, -69)	diamond	none	same	left	left	N_dist	(40, 69)	search	nr	True	400087	400672	left	60	110	10	135	160	35	None	None	testing
2	dr	f	19	red	2	(80, 0)	(40, 69)	(-39, 69)	(-80, 0)	(-40, -69)	(40, -69)	diamond	red	same	right	right	(40, 69)	(-80, 0)	search	nr	True	401924	402577	right	110	135	35	60	160	10	None	None	testing
2	dr	f	19	red	2	(80, 0)	(40, 69)	(-39, 69)	(-80, 0)	(-40, -69)	(40, -69)	diamond	red	dif	right	right	(-80, 0)	(-39, 69)	probe	l_sin	None	None	None	None	110	135	10	160	60	35	(-80, 0)	17	testing
2	dr	f	19	red	2	(80, 0)	(40, 69)	(-39, 69)	(-80, 0)	(-40, -69)	(40, -69)	diamond	none	same	right	right	N_dist	(40, 69)	search	nr	True	406767	407361	right	35	135	10	60	110	160	None	None	testing
2	dr	f	19	red	2	(80, 0)	(40, 69)	(-39, 69)	(-80, 0)	(-40, -69)	(40, -69)	diamond	red	same	right	right	(40, 69)	(-39, 69)	probe	norm	None	None	None	None	85	110	60	160	135	35	(-40, -69)	26	testing
2	dr	f	19	red	2	(80, 0)	(40, 69)	(-39, 69)	(-80, 0)	(-40, -69)	(40, -69)	circle	none	dif	left	left	N_dist	(40, 69)	search	nr	True	411642	413409	left	160	60	35	110	135	10	None	None	testing
2	dr	f	19	red	2	(80, 0)	(40, 69)	(-39, 69)	(-80, 0)	(-40, -69)	(40, -69)	diamond	red	same	right	right	(80, 0)	(-40, -69)	probe	l_sin	None	None	None	None	10	135	60	85	160	110	(80, 0)	139	testing
2	dr	f	19	red	2	(80, 0)	(40, 69)	(-39, 69)	(-80, 0)	(-40, -69)	(40, -69)	circle	red	dif	left	left	(40, 69)	(-80, 0)	search	nr	True	418288	419121	left	160	135	60	110	10	85	None	None	testing
2	dr	f	19	red	2	(80, 0)	(40, 69)	(-39, 69)	(-80, 0)	(-40, -69)	(40, -69)	diamond	red	same	right	right	(40, 69)	(-40, -69)	search	nr	True	420325	420976	right	60	35	10	85	160	110	None	None	testing
2	dr	f	19	red	2	(80, 0)	(40, 69)	(-39, 69)	(-80, 0)	(-40, -69)	(40, -69)	circle	none	dif	right	right	N_dist	(80, 0)	probe	l_norm	None	None	None	None	160	35	10	110	60	135	(-80, 0)	21	testing
2	dr	f	19	red	2	(80, 0)	(40, 69)	(-39, 69)	(-80, 0)	(-40, -69)	(40, -69)	diamond	red	dif	right	right	(-40, -69)	(40, -69)	search	nr	True	425818	426768	right	10	35	160	85	60	110	None	None	testing
2	dr	f	19	red	2	(80, 0)	(40, 69)	(-39, 69)	(-80, 0)	(-40, -69)	(40, -69)	circle	red	dif	left	left	(-40, -69)	(-39, 69)	search	nr	True	427956	428737	left	110	60	135	160	35	85	None	None	testing
2	dr	f	19	red	2	(80, 0)	(40, 69)	(-39, 69)	(-80, 0)	(-40, -69)	(40, -69)	circle	red	dif	left	left	(40, 69)	(80, 0)	search	nr	True	429892	430480	left	10	85	135	35	110	160	None	None	testing
2	dr	f	19	red	2	(80, 0)	(40, 69)	(-39, 69)	(-80, 0)	(-40, -69)	(40, -69)	circle	none	same	left	left	N_dist	(80, 0)	search	nr	True	431579	432096	left	85	160	110	60	35	135	None	None	testing
2	dr	f	19	red	2	(80, 0)	(40, 69)	(-39, 69)	(-80, 0)	(-40, -69)	(40, -69)	circle	red	same	left	left	(40, -69)	(-40, -69)	search	nr	True	433333	433953	left	35	160	10	110	85	60	None	None	testing
2	dr	f	19	red	2	(80, 0)	(40, 69)	(-39, 69)	(-80, 0)	(-40, -69)	(40, -69)	diamond	red	same	left	left	(40, -69)	(-40, -69)	search	nr	True	435135	436064	left	35	60	10	135	85	110	None	None	testing
2	dr	f	19	red	2	(80, 0)	(40, 69)	(-39, 69)	(-80, 0)	(-40, -69)	(40, -69)	circle	none	dif	left	left	N_dist	(80, 0)	search	nr	True	437156	438128	left	160	60	85	135	35	110	None	None	testing
2	dr	f	19	red	2	(80, 0)	(40, 69)	(-39, 69)	(-80, 0)	(-40, -69)	(40, -69)	circle	red	same	right	right	(40, 69)	(40, -69)	search	nr	True	439193	439712	left	35	10	135	85	110	60	None	None	testing
2	dr	f	19	red	2	(80, 0)	(40, 69)	(-39, 69)	(-80, 0)	(-40, -69)	(40, -69)	diamond	red	same	left	left	(40, 69)	(80, 0)	search	nr	True	442315	442816	left	60	110	10	35	85	160	None	None	testing
2	dr	f	19	red	2	(80, 0)	(40, 69)	(-39, 69)	(-80, 0)	(-40, -69)	(40, -69)	diamond	red	same	right	right	(-40, -69)	(-80, 0)	probe	l_sin	None	None	None	None	85	10	135	110	160	60	(-40, -69)	15	testing
2	dr	f	19	red	2	(80, 0)	(40, 69)	(-39, 69)	(-80, 0)	(-40, -69)	(40, -69)	circle	none	same	left	left	N_dist	(80, 0)	probe	l_tar	None	None	None	None	160	135	85	110	35	10	(80, 0)	32	testing
2	dr	f	19	red	2	(80, 0)	(40, 69)	(-39, 69)	(-80, 0)	(-40, -69)	(40, -69)	diamond	red	dif	left	left	(40, 69)	(40, -69)	search	nr	True	450680	451920	left	85	135	60	110	35	10	None	None	testing
2	dr	f	19	red	2	(80, 0)	(40, 69)	(-39, 69)	(-80, 0)	(-40, -69)	(40, -69)	diamond	red	same	right	right	(80, 0)	(-80, 0)	search	nr	True	452985	453679	right	85	60	160	10	110	35	None	None	testing
2	dr	f	19	red	2	(80, 0)	(40, 69)	(-39, 69)	(-80, 0)	(-40, -69)	(40, -69)	circle	red	same	left	left	(80, 0)	(40, -69)	search	nr	True	454855	455745	left	110	160	10	85	35	135	None	None	testing
2	dr	f	19	red	2	(80, 0)	(40, 69)	(-39, 69)	(-80, 0)	(-40, -69)	(40, -69)	circle	none	same	right	right	N_dist	(80, 0)	probe	h_norm	None	None	None	None	60	110	35	135	10	85	(40, 69)	24	testing
2	dr	f	19	red	2	(80, 0)	(40, 69)	(-39, 69)	(-80, 0)	(-40, -69)	(40, -69)	diamond	red	dif	left	left	(40, 69)	(-40, -69)	probe	norm	None	None	None	None	135	85	110	160	10	35	(-39, 69)	15	testing
2	dr	f	19	red	2	(80, 0)	(40, 69)	(-39, 69)	(-80, 0)	(-40, -69)	(40, -69)	diamond	none	dif	right	right	N_dist	(-39, 69)	search	nr	True	463404	464096	right	110	60	160	35	85	10	None	None	testing
2	dr	f	19	red	2	(80, 0)	(40, 69)	(-39, 69)	(-80, 0)	(-40, -69)	(40, -69)	diamond	red	dif	right	right	(80, 0)	(40, -69)	search	nr	True	465208	465985	right	10	85	60	35	110	160	None	None	testing
2	dr	f	19	red	2	(80, 0)	(40, 69)	(-39, 69)	(-80, 0)	(-40, -69)	(40, -69)	circle	none	dif	left	left	N_dist	(40, 69)	search	nr	True	467078	467873	left	85	110	35	160	60	10	None	None	testing
2	dr	f	19	red	2	(80, 0)	(40, 69)	(-39, 69)	(-80, 0)	(-40, -69)	(40, -69)	diamond	none	dif	left	left	N_dist	(-39, 69)	probe	l_norm	None	None	None	None	35	135	160	110	10	85	(40, -69)	26	testing
2	dr	f	19	red	2	(80, 0)	(40, 69)	(-39, 69)	(-80, 0)	(-40, -69)	(40, -69)	diamond	red	same	right	right	(40, 69)	(40, -69)	search	nr	True	472387	473200	right	135	10	85	60	160	35	None	None	testing
2	dr	f	19	red	2	(80, 0)	(40, 69)	(-39, 69)	(-80, 0)	(-40, -69)	(40, -69)	diamond	none	dif	left	left	N_dist	(40, -69)	probe	h_norm	None	None	None	None	35	85	10	60	160	135	(40, 69)	18	testing
2	dr	f	19	red	2	(80, 0)	(40, 69)	(-39, 69)	(-80, 0)	(-40, -69)	(40, -69)	circle	red	dif	left	left	(40, 69)	(-80, 0)	search	nr	True	477497	478209	left	35	85	60	110	160	135	None	None	testing
2	dr	f	19	red	2	(80, 0)	(40, 69)	(-39, 69)	(-80, 0)	(-40, -69)	(40, -69)	diamond	red	same	right	right	(40, 69)	(40, -69)	probe	norm	None	None	None	None	10	85	135	110	35	160	(80, 0)	25	testing
2	dr	f	19	red	2	(80, 0)	(40, 69)	(-39, 69)	(-80, 0)	(-40, -69)	(40, -69)	diamond	red	same	left	left	(40, -69)	(-40, -69)	search	nr	True	482155	482800	left	35	160	110	85	60	10	None	None	testing
2	dr	f	19	red	2	(80, 0)	(40, 69)	(-39, 69)	(-80, 0)	(-40, -69)	(40, -69)	diamond	red	dif	left	left	(40, 69)	(40, -69)	search	nr	True	484025	484705	left	10	110	35	85	160	60	None	None	testing
2	dr	f	19	red	2	(80, 0)	(40, 69)	(-39, 69)	(-80, 0)	(-40, -69)	(40, -69)	circle	red	dif	right	right	(80, 0)	(-40, -69)	probe	tar	None	None	None	None	35	85	135	60	160	110	(-40, -69)	14	testing
2	dr	f	19	red	2	(80, 0)	(40, 69)	(-39, 69)	(-80, 0)	(-40, -69)	(40, -69)	circle	red	dif	right	right	(-39, 69)	(40, -69)	search	nr	True	489151	489856	right	160	110	135	60	35	85	None	None	testing
2	dr	f	19	red	2	(80, 0)	(40, 69)	(-39, 69)	(-80, 0)	(-40, -69)	(40, -69)	circle	none	same	left	left	N_dist	(-80, 0)	search	nr	True	490971	491616	left	160	10	60	85	35	110	None	None	testing
2	dr	f	19	red	2	(80, 0)	(40, 69)	(-39, 69)	(-80, 0)	(-40, -69)	(40, -69)	diamond	red	dif	right	right	(40, 69)	(-80, 0)	probe	h_sin	None	None	None	None	35	160	85	135	60	10	(40, 69)	35	testing
2	dr	f	19	red	2	(80, 0)	(40, 69)	(-39, 69)	(-80, 0)	(-40, -69)	(40, -69)	diamond	none	same	left	left	N_dist	(-39, 69)	search	nr	True	496231	496880	left	110	10	135	85	60	35	None	None	testing
2	dr	f	19	red	2	(80, 0)	(40, 69)	(-39, 69)	(-80, 0)	(-40, -69)	(40, -69)	diamond	red	same	left	left	(40, 69)	(40, -69)	search	nr	True	498118	498753	left	35	10	60	135	160	110	None	None	testing
2	dr	f	19	red	2	(80, 0)	(40, 69)	(-39, 69)	(-80, 0)	(-40, -69)	(40, -69)	circle	red	dif	left	left	(40, 69)	(-80, 0)	search	nr	True	499938	500752	left	10	85	60	135	160	110	None	None	testing
2	dr	f	19	red	2	(80, 0)	(40, 69)	(-39, 69)	(-80, 0)	(-40, -69)	(40, -69)	circle	red	dif	right	right	(40, 69)	(80, 0)	search	nr	True	502008	502497	right	135	60	110	35	160	10	None	None	testing
2	dr	f	19	red	2	(80, 0)	(40, 69)	(-39, 69)	(-80, 0)	(-40, -69)	(40, -69)	diamond	none	dif	left	left	N_dist	(40, -69)	search	nr	True	503795	504384	left	135	160	35	85	60	10	None	None	testing
2	dr	f	19	red	2	(80, 0)	(40, 69)	(-39, 69)	(-80, 0)	(-40, -69)	(40, -69)	circle	red	same	right	right	(40, 69)	(-80, 0)	search	nr	True	505631	506209	right	60	110	135	160	85	35	None	None	testing
2	dr	f	19	red	2	(80, 0)	(40, 69)	(-39, 69)	(-80, 0)	(-40, -69)	(40, -69)	circle	red	dif	right	right	(40, -69)	(80, 0)	search	nr	True	507402	508112	right	60	135	85	160	35	110	None	None	testing
2	dr	f	19	red	2	(80, 0)	(40, 69)	(-39, 69)	(-80, 0)	(-40, -69)	(40, -69)	diamond	none	same	right	right	N_dist	(-80, 0)	search	nr	True	509171	509793	right	60	10	85	110	135	160	None	None	testing
2	dr	f	19	red	2	(80, 0)	(40, 69)	(-39, 69)	(-80, 0)	(-40, -69)	(40, -69)	circle	none	same	right	right	N_dist	(40, -69)	search	nr	True	511108	511888	right	85	160	60	110	135	10	None	None	testing
2	dr	f	19	red	2	(80, 0)	(40, 69)	(-39, 69)	(-80, 0)	(-40, -69)	(40, -69)	circle	red	same	left	left	(80, 0)	(40, -69)	search	nr	True	513145	514032	left	60	10	35	135	160	85	None	None	testing
2	dr	f	19	red	2	(80, 0)	(40, 69)	(-39, 69)	(-80, 0)	(-40, -69)	(40, -69)	circle	red	same	right	right	(40, 69)	(-39, 69)	probe	h_sin	None	None	None	None	135	60	110	85	35	160	(40, 69)	11	testing
2	dr	f	19	red	2	(80, 0)	(40, 69)	(-39, 69)	(-80, 0)	(-40, -69)	(40, -69)	diamond	red	same	right	right	(40, 69)	(-40, -69)	search	nr	True	518489	519152	right	135	85	60	35	10	110	None	None	testing
2	dr	f	19	red	2	(80, 0)	(40, 69)	(-39, 69)	(-80, 0)	(-40, -69)	(40, -69)	circle	none	same	right	right	N_dist	(-40, -69)	search	nr	True	520342	520896	right	135	110	10	35	60	160	None	None	testing
2	dr	f	19	red	2	(80, 0)	(40, 69)	(-39, 69)	(-80, 0)	(-40, -69)	(40, -69)	diamond	red	dif	left	left	(40, 69)	(40, -69)	probe	h_sin	None	None	None	None	85	135	35	10	110	60	(40, 69)	26	testing
2	dr	f	19	red	2	(80, 0)	(40, 69)	(-39, 69)	(-80, 0)	(-40, -69)	(40, -69)	circle	red	dif	right	right	(40, -69)	(80, 0)	probe	l_sin	None	None	None	None	160	85	60	35	135	110	(40, -69)	25	testing
2	dr	f	19	red	2	(80, 0)	(40, 69)	(-39, 69)	(-80, 0)	(-40, -69)	(40, -69)	diamond	none	dif	left	left	N_dist	(40, -69)	search	nr	True	528691	529232	left	135	10	60	160	35	110	None	None	testing
2	dr	f	19	red	2	(80, 0)	(40, 69)	(-39, 69)	(-80, 0)	(-40, -69)	(40, -69)	circle	red	dif	left	left	(-39, 69)	(-40, -69)	search	nr	True	530378	531200	left	60	110	35	10	85	160	None	None	testing
2	dr	f	19	red	2	(80, 0)	(40, 69)	(-39, 69)	(-80, 0)	(-40, -69)	(40, -69)	diamond	red	same	left	left	(40, -69)	(-40, -69)	probe	tar	None	None	None	None	110	160	10	85	60	135	(-40, -69)	170	testing
2	dr	f	19	red	2	(80, 0)	(40, 69)	(-39, 69)	(-80, 0)	(-40, -69)	(40, -69)	circle	red	dif	right	right	(-39, 69)	(-80, 0)	probe	norm	None	None	None	None	85	135	60	35	160	110	(40, -69)	28	testing
2	dr	f	19	red	2	(80, 0)	(40, 69)	(-39, 69)	(-80, 0)	(-40, -69)	(40, -69)	diamond	red	same	right	right	(40, 69)	(-40, -69)	search	nr	True	538759	539408	right	35	10	160	135	60	110	None	None	testing
2	dr	f	19	red	2	(80, 0)	(40, 69)	(-39, 69)	(-80, 0)	(-40, -69)	(40, -69)	circle	red	same	right	right	(40, 69)	(-39, 69)	probe	tar	None	None	None	None	160	110	135	10	60	35	(-39, 69)	18	testing
2	dr	f	19	red	2	(80, 0)	(40, 69)	(-39, 69)	(-80, 0)	(-40, -69)	(40, -69)	circle	none	same	left	left	N_dist	(-40, -69)	probe	l_norm	None	None	None	None	60	160	110	135	85	10	(-80, 0)	167	testing
2	dr	f	19	red	2	(80, 0)	(40, 69)	(-39, 69)	(-80, 0)	(-40, -69)	(40, -69)	circle	none	same	left	left	N_dist	(-80, 0)	search	nr	True	547459	548096	left	35	110	10	160	60	135	None	None	testing
2	dr	f	19	red	2	(80, 0)	(40, 69)	(-39, 69)	(-80, 0)	(-40, -69)	(40, -69)	circle	red	same	right	right	(40, 69)	(40, -69)	probe	norm	None	None	None	None	85	160	10	35	135	60	(80, 0)	155	testing
2	dr	f	19	red	2	(80, 0)	(40, 69)	(-39, 69)	(-80, 0)	(-40, -69)	(40, -69)	diamond	red	dif	left	left	(40, 69)	(-80, 0)	search	nr	True	552501	553280	left	110	160	10	85	60	135	None	None	testing
2	dr	f	19	red	2	(80, 0)	(40, 69)	(-39, 69)	(-80, 0)	(-40, -69)	(40, -69)	circle	red	same	right	right	(40, 69)	(80, 0)	probe	h_sin	None	None	None	None	60	85	110	10	160	135	(40, 69)	22	testing
2	dr	f	19	red	2	(80, 0)	(40, 69)	(-39, 69)	(-80, 0)	(-40, -69)	(40, -69)	diamond	red	same	left	left	(40, 69)	(40, -69)	search	nr	True	558128	558896	left	160	10	110	135	35	85	None	None	testing
2	dr	f	19	red	2	(80, 0)	(40, 69)	(-39, 69)	(-80, 0)	(-40, -69)	(40, -69)	diamond	red	same	right	right	(40, 69)	(-40, -69)	probe	norm	None	None	None	None	110	85	35	135	10	60	(-39, 69)	161	testing
2	dr	f	19	red	2	(80, 0)	(40, 69)	(-39, 69)	(-80, 0)	(-40, -69)	(40, -69)	diamond	red	dif	right	right	(-80, 0)	(-39, 69)	search	nr	True	563405	564337	right	10	110	160	60	85	35	None	None	testing
2	dr	f	19	red	2	(80, 0)	(40, 69)	(-39, 69)	(-80, 0)	(-40, -69)	(40, -69)	diamond	none	same	left	left	N_dist	(-39, 69)	probe	h_norm	None	None	None	None	160	135	10	110	85	60	(40, 69)	27	testing
2	dr	f	19	red	2	(80, 0)	(40, 69)	(-39, 69)	(-80, 0)	(-40, -69)	(40, -69)	circle	none	dif	right	right	N_dist	(40, -69)	probe	h_norm	None	None	None	None	10	135	160	110	60	85	(40, 69)	159	testing
2	dr	f	19	red	2	(80, 0)	(40, 69)	(-39, 69)	(-80, 0)	(-40, -69)	(40, -69)	circle	none	dif	left	left	N_dist	(-40, -69)	search	nr	True	571970	572560	left	110	160	10	35	135	60	None	None	testing
2	dr	f	19	red	2	(80, 0)	(40, 69)	(-39, 69)	(-80, 0)	(-40, -69)	(40, -69)	diamond	red	dif	right	right	(-40, -69)	(40, -69)	probe	l_sin	None	None	None	None	85	160	135	35	60	10	(-40, -69)	20	testing
2	dr	f	19	red	2	(80, 0)	(40, 69)	(-39, 69)	(-80, 0)	(-40, -69)	(40, -69)	circle	red	dif	left	left	(40, 69)	(-80, 0)	search	nr	True	577247	578240	left	60	85	110	135	35	10	None	None	testing
2	dr	f	19	red	2	(80, 0)	(40, 69)	(-39, 69)	(-80, 0)	(-40, -69)	(40, -69)	diamond	red	dif	right	right	(-80, 0)	(40, -69)	search	nr	True	579451	580224	right	160	10	35	85	110	60	None	None	testing
2	dr	f	19	red	2	(80, 0)	(40, 69)	(-39, 69)	(-80, 0)	(-40, -69)	(40, -69)	circle	red	dif	left	left	(40, 69)	(-40, -69)	search	nr	True	581304	581920	left	160	10	35	60	135	85	None	None	testing
2	dr	f	19	red	2	(80, 0)	(40, 69)	(-39, 69)	(-80, 0)	(-40, -69)	(40, -69)	circle	red	same	right	right	(40, 69)	(40, -69)	search	nr	True	583191	583824	right	35	60	85	135	10	160	None	None	testing
2	dr	f	19	red	2	(80, 0)	(40, 69)	(-39, 69)	(-80, 0)	(-40, -69)	(40, -69)	circle	red	dif	left	left	(40, 69)	(40, -69)	probe	tar	None	None	None	None	110	85	35	10	160	135	(40, -69)	23	testing
2	dr	f	19	red	2	(80, 0)	(40, 69)	(-39, 69)	(-80, 0)	(-40, -69)	(40, -69)	circle	red	same	right	right	(40, 69)	(-39, 69)	search	nr	True	588501	590352	right	35	60	110	135	85	10	None	None	testing
2	dr	f	19	red	2	(80, 0)	(40, 69)	(-39, 69)	(-80, 0)	(-40, -69)	(40, -69)	diamond	none	same	right	right	N_dist	(40, 69)	probe	h_tar	None	None	None	None	135	60	85	110	35	160	(40, 69)	21	testing
2	dr	f	19	red	2	(80, 0)	(40, 69)	(-39, 69)	(-80, 0)	(-40, -69)	(40, -69)	circle	red	same	left	left	(40, 69)	(80, 0)	search	nr	True	594612	595376	left	110	60	85	35	160	10	None	None	testing
2	dr	f	19	red	2	(80, 0)	(40, 69)	(-39, 69)	(-80, 0)	(-40, -69)	(40, -69)	circle	red	dif	left	left	(40, 69)	(-40, -69)	probe	norm	None	None	None	None	60	35	110	135	85	10	(80, 0)	66	testing
2	dr	f	19	red	2	(80, 0)	(40, 69)	(-39, 69)	(-80, 0)	(-40, -69)	(40, -69)	circle	red	dif	right	right	(40, 69)	(40, -69)	probe	h_sin	None	None	None	None	60	10	110	85	160	35	(40, 69)	40	testing
2	dr	f	19	red	2	(80, 0)	(40, 69)	(-39, 69)	(-80, 0)	(-40, -69)	(40, -69)	circle	red	same	right	right	(40, 69)	(-80, 0)	search	nr	True	604313	604992	right	35	160	85	135	10	110	None	None	testing
2	dr	f	19	red	2	(80, 0)	(40, 69)	(-39, 69)	(-80, 0)	(-40, -69)	(40, -69)	circle	red	same	left	left	(40, 69)	(-39, 69)	probe	norm	None	None	None	None	35	85	110	160	60	135	(-40, -69)	13	testing
2	dr	f	19	red	2	(80, 0)	(40, 69)	(-39, 69)	(-80, 0)	(-40, -69)	(40, -69)	diamond	red	same	right	right	(40, 69)	(80, 0)	search	nr	True	609773	610416	right	35	160	135	85	10	110	None	None	testing
2	dr	f	19	red	2	(80, 0)	(40, 69)	(-39, 69)	(-80, 0)	(-40, -69)	(40, -69)	diamond	red	same	right	right	(80, 0)	(-80, 0)	probe	l_sin	None	None	None	None	85	10	110	135	60	35	(80, 0)	111	testing
2	dr	f	19	red	2	(80, 0)	(40, 69)	(-39, 69)	(-80, 0)	(-40, -69)	(40, -69)	circle	red	same	left	left	(-39, 69)	(-40, -69)	probe	norm	None	None	None	None	110	85	35	10	60	135	(40, 69)	163	testing
2	dr	f	19	red	2	(80, 0)	(40, 69)	(-39, 69)	(-80, 0)	(-40, -69)	(40, -69)	diamond	red	same	left	left	(40, 69)	(-39, 69)	probe	norm	None	None	None	None	85	60	110	10	35	160	(-80, 0)	134	testing
2	dr	f	19	red	2	(80, 0)	(40, 69)	(-39, 69)	(-80, 0)	(-40, -69)	(40, -69)	diamond	red	dif	right	right	(-40, -69)	(40, -69)	search	nr	True	622497	623312	right	85	110	160	135	35	60	None	None	testing
2	dr	f	19	red	2	(80, 0)	(40, 69)	(-39, 69)	(-80, 0)	(-40, -69)	(40, -69)	diamond	red	same	right	right	(40, 69)	(80, 0)	probe	tar	None	None	None	None	35	60	135	10	110	85	(80, 0)	147	testing
2	dr	f	19	red	2	(80, 0)	(40, 69)	(-39, 69)	(-80, 0)	(-40, -69)	(40, -69)	circle	none	same	left	left	N_dist	(80, 0)	probe	l_tar	None	None	None	None	110	60	35	135	160	85	(80, 0)	24	testing
2	dr	f	19	red	2	(80, 0)	(40, 69)	(-39, 69)	(-80, 0)	(-40, -69)	(40, -69)	diamond	none	dif	right	right	N_dist	(-39, 69)	search	nr	True	631029	631968	right	35	10	110	160	60	135	None	None	testing
2	dr	f	19	red	2	(80, 0)	(40, 69)	(-39, 69)	(-80, 0)	(-40, -69)	(40, -69)	circle	red	same	left	left	(40, -69)	(-40, -69)	search	nr	True	633250	634192	left	85	10	35	135	110	60	None	None	testing
2	dr	f	19	red	2	(80, 0)	(40, 69)	(-39, 69)	(-80, 0)	(-40, -69)	(40, -69)	circle	none	same	right	right	N_dist	(80, 0)	probe	h_norm	None	None	None	None	110	10	60	85	160	35	(40, 69)	14	testing
2	dr	f	19	red	2	(80, 0)	(40, 69)	(-39, 69)	(-80, 0)	(-40, -69)	(40, -69)	circle	red	dif	right	right	(40, 69)	(40, -69)	search	nr	True	638475	639392	right	60	85	35	10	160	110	None	None	testing
2	dr	f	19	red	2	(80, 0)	(40, 69)	(-39, 69)	(-80, 0)	(-40, -69)	(40, -69)	diamond	red	dif	right	right	(40, 69)	(-80, 0)	search	nr	True	640646	641328	right	85	35	60	110	160	135	None	None	testing
2	dr	f	19	red	2	(80, 0)	(40, 69)	(-39, 69)	(-80, 0)	(-40, -69)	(40, -69)	diamond	red	same	right	right	(80, 0)	(-40, -69)	search	nr	True	642417	643152	right	160	10	110	60	135	85	None	None	testing
2	dr	f	19	red	2	(80, 0)	(40, 69)	(-39, 69)	(-80, 0)	(-40, -69)	(40, -69)	circle	red	dif	left	left	(-39, 69)	(-40, -69)	probe	norm	None	None	None	None	160	10	110	60	35	135	(-80, 0)	11	testing
2	dr	f	19	red	2	(80, 0)	(40, 69)	(-39, 69)	(-80, 0)	(-40, -69)	(40, -69)	circle	red	same	left	left	(40, 69)	(80, 0)	probe	h_sin	None	None	None	None	135	10	60	85	110	160	(40, 69)	13	testing
2	dr	f	19	red	2	(80, 0)	(40, 69)	(-39, 69)	(-80, 0)	(-40, -69)	(40, -69)	circle	none	same	right	right	N_dist	(-40, -69)	search	nr	True	651083	651631	right	35	60	135	110	85	160	None	None	testing
2	dr	f	19	red	2	(80, 0)	(40, 69)	(-39, 69)	(-80, 0)	(-40, -69)	(40, -69)	diamond	none	same	right	right	N_dist	(80, 0)	search	nr	True	652802	653551	right	160	60	10	110	135	35	None	None	testing
2	dr	f	19	red	2	(80, 0)	(40, 69)	(-39, 69)	(-80, 0)	(-40, -69)	(40, -69)	circle	red	same	right	right	(40, 69)	(40, -69)	probe	tar	None	None	None	None	85	35	10	135	60	160	(40, -69)	14	testing
2	dr	f	19	red	2	(80, 0)	(40, 69)	(-39, 69)	(-80, 0)	(-40, -69)	(40, -69)	circle	none	dif	right	right	N_dist	(40, -69)	probe	h_norm	None	None	None	None	60	160	135	10	110	35	(40, 69)	156	testing
2	dr	f	19	red	2	(80, 0)	(40, 69)	(-39, 69)	(-80, 0)	(-40, -69)	(40, -69)	diamond	red	same	right	right	(40, 69)	(-80, 0)	probe	h_sin	None	None	None	None	110	60	85	35	10	160	(40, 69)	23	testing
2	dr	f	19	red	2	(80, 0)	(40, 69)	(-39, 69)	(-80, 0)	(-40, -69)	(40, -69)	diamond	none	same	left	left	N_dist	(40, 69)	probe	h_tar	None	None	None	None	85	135	35	60	110	10	(40, 69)	19	testing
2	dr	f	19	red	2	(80, 0)	(40, 69)	(-39, 69)	(-80, 0)	(-40, -69)	(40, -69)	circle	red	same	left	left	(-40, -69)	(40, -69)	search	nr	True	666962	667983	left	10	135	35	110	60	85	None	None	testing
2	dr	f	19	red	2	(80, 0)	(40, 69)	(-39, 69)	(-80, 0)	(-40, -69)	(40, -69)	diamond	red	same	left	left	(40, -69)	(-40, -69)	search	nr	True	669282	670064	left	10	110	60	35	160	85	None	None	testing
2	dr	f	19	red	2	(80, 0)	(40, 69)	(-39, 69)	(-80, 0)	(-40, -69)	(40, -69)	diamond	red	same	left	left	(40, 69)	(-39, 69)	probe	tar	None	None	None	None	35	160	60	10	110	85	(-39, 69)	164	testing
2	dr	f	19	red	2	(80, 0)	(40, 69)	(-39, 69)	(-80, 0)	(-40, -69)	(40, -69)	diamond	none	dif	right	right	N_dist	(40, 69)	search	nr	True	674108	674752	right	160	85	110	10	60	35	None	None	testing
2	dr	f	19	red	2	(80, 0)	(40, 69)	(-39, 69)	(-80, 0)	(-40, -69)	(40, -69)	diamond	red	same	right	right	(40, 69)	(-40, -69)	probe	h_sin	None	None	None	None	60	85	160	35	135	110	(40, 69)	17	testing
2	dr	f	19	red	2	(80, 0)	(40, 69)	(-39, 69)	(-80, 0)	(-40, -69)	(40, -69)	circle	red	same	right	right	(40, 69)	(80, 0)	search	nr	True	678750	679408	right	160	110	135	60	35	10	None	None	testing
2	dr	f	19	red	2	(80, 0)	(40, 69)	(-39, 69)	(-80, 0)	(-40, -69)	(40, -69)	diamond	red	dif	right	right	(40, 69)	(-80, 0)	search	nr	True	680519	681360	right	10	35	85	110	160	60	None	None	testing
2	dr	f	19	red	2	(80, 0)	(40, 69)	(-39, 69)	(-80, 0)	(-40, -69)	(40, -69)	circle	none	dif	left	left	N_dist	(-40, -69)	search	nr	True	682490	683200	left	160	110	85	35	10	60	None	None	testing
2	dr	f	19	red	2	(80, 0)	(40, 69)	(-39, 69)	(-80, 0)	(-40, -69)	(40, -69)	diamond	none	same	left	left	N_dist	(-80, 0)	search	nr	True	684259	684944	left	85	10	160	110	35	60	None	None	testing
2	dr	f	19	red	2	(80, 0)	(40, 69)	(-39, 69)	(-80, 0)	(-40, -69)	(40, -69)	diamond	none	same	left	left	N_dist	(-80, 0)	search	nr	True	686230	686719	left	135	35	160	85	110	60	None	None	testing
2	dr	f	19	red	2	(80, 0)	(40, 69)	(-39, 69)	(-80, 0)	(-40, -69)	(40, -69)	diamond	none	dif	right	right	N_dist	(40, 69)	probe	h_tar	None	None	None	None	160	60	110	135	10	35	(40, 69)	159	testing
2	dr	f	19	red	2	(80, 0)	(40, 69)	(-39, 69)	(-80, 0)	(-40, -69)	(40, -69)	diamond	red	same	left	left	(-39, 69)	(-40, -69)	probe	l_sin	None	None	None	None	60	35	160	135	10	85	(-39, 69)	12	testing
2	dr	f	19	red	2	(80, 0)	(40, 69)	(-39, 69)	(-80, 0)	(-40, -69)	(40, -69)	circle	none	dif	left	left	N_dist	(-40, -69)	probe	h_norm	None	None	None	None	85	60	110	135	10	160	(40, 69)	16	testing
2	dr	f	19	red	2	(80, 0)	(40, 69)	(-39, 69)	(-80, 0)	(-40, -69)	(40, -69)	circle	none	same	right	right	N_dist	(80, 0)	search	nr	True	697851	699087	right	135	110	160	35	60	85	None	None	testing
2	dr	f	19	red	2	(80, 0)	(40, 69)	(-39, 69)	(-80, 0)	(-40, -69)	(40, -69)	circle	none	dif	left	left	N_dist	(-40, -69)	probe	h_norm	None	None	None	None	110	10	60	85	160	135	(40, 69)	16	testing
2	dr	f	19	red	2	(80, 0)	(40, 69)	(-39, 69)	(-80, 0)	(-40, -69)	(40, -69)	circle	red	same	right	right	(40, 69)	(80, 0)	search	nr	True	703478	704511	right	35	110	60	10	85	135	None	None	testing
2	dr	f	19	red	2	(80, 0)	(40, 69)	(-39, 69)	(-80, 0)	(-40, -69)	(40, -69)	diamond	red	dif	left	left	(40, -69)	(-80, 0)	search	nr	True	705766	706544	left	85	10	160	135	110	35	None	None	testing
2	dr	f	19	red	2	(80, 0)	(40, 69)	(-39, 69)	(-80, 0)	(-40, -69)	(40, -69)	diamond	red	dif	left	left	(-80, 0)	(80, 0)	search	nr	True	707803	708576	left	85	135	110	60	160	10	None	None	testing
2	dr	f	19	red	2	(80, 0)	(40, 69)	(-39, 69)	(-80, 0)	(-40, -69)	(40, -69)	diamond	red	dif	left	left	(40, 69)	(-80, 0)	probe	tar	None	None	None	None	135	60	160	110	35	85	(-80, 0)	168	testing
2	dr	f	19	red	2	(80, 0)	(40, 69)	(-39, 69)	(-80, 0)	(-40, -69)	(40, -69)	diamond	none	dif	left	left	N_dist	(-39, 69)	search	nr	True	713179	713984	left	160	60	10	85	135	35	None	None	testing
2	dr	f	19	red	2	(80, 0)	(40, 69)	(-39, 69)	(-80, 0)	(-40, -69)	(40, -69)	circle	none	dif	right	right	N_dist	(40, 69)	search	nr	True	715267	716015	right	110	10	60	135	160	35	None	None	testing
2	dr	f	19	red	2	(80, 0)	(40, 69)	(-39, 69)	(-80, 0)	(-40, -69)	(40, -69)	diamond	none	dif	left	left	N_dist	(-39, 69)	search	nr	True	717237	718032	left	160	110	85	10	35	60	None	None	testing
2	dr	f	19	red	2	(80, 0)	(40, 69)	(-39, 69)	(-80, 0)	(-40, -69)	(40, -69)	circle	red	dif	left	left	(40, 69)	(-40, -69)	search	nr	True	719257	719967	left	135	85	10	60	35	110	None	None	testing
2	dr	f	19	red	2	(80, 0)	(40, 69)	(-39, 69)	(-80, 0)	(-40, -69)	(40, -69)	circle	red	same	left	left	(40, 69)	(-39, 69)	search	nr	True	721261	721887	left	85	10	160	60	110	135	None	None	testing
2	dr	f	19	red	2	(80, 0)	(40, 69)	(-39, 69)	(-80, 0)	(-40, -69)	(40, -69)	circle	red	dif	right	right	(40, -69)	(80, 0)	search	nr	True	723115	723887	right	60	110	135	85	160	10	None	None	testing
2	dr	f	19	red	2	(80, 0)	(40, 69)	(-39, 69)	(-80, 0)	(-40, -69)	(40, -69)	diamond	none	same	right	right	N_dist	(80, 0)	search	nr	True	725152	725664	right	35	60	135	10	85	160	None	None	testing
2	dr	f	19	red	2	(80, 0)	(40, 69)	(-39, 69)	(-80, 0)	(-40, -69)	(40, -69)	diamond	none	dif	right	right	N_dist	(-39, 69)	search	nr	True	726921	727631	right	110	10	35	135	160	60	None	None	testing
2	dr	f	19	red	2	(80, 0)	(40, 69)	(-39, 69)	(-80, 0)	(-40, -69)	(40, -69)	diamond	none	same	left	left	N_dist	(-80, 0)	search	nr	True	728725	729295	left	60	135	10	160	35	110	None	None	testing
2	dr	f	19	red	2	(80, 0)	(40, 69)	(-39, 69)	(-80, 0)	(-40, -69)	(40, -69)	diamond	none	dif	left	left	N_dist	(40, -69)	search	nr	True	730511	731295	left	85	10	110	160	35	135	None	None	testing
2	dr	f	19	red	2	(80, 0)	(40, 69)	(-39, 69)	(-80, 0)	(-40, -69)	(40, -69)	diamond	red	dif	right	right	(-80, 0)	(40, -69)	probe	l_sin	None	None	None	None	35	85	10	160	135	110	(-80, 0)	16	testing
2	dr	f	19	red	2	(80, 0)	(40, 69)	(-39, 69)	(-80, 0)	(-40, -69)	(40, -69)	circle	red	same	right	right	(40, 69)	(40, -69)	search	nr	True	735520	736192	left	160	85	135	35	60	110	None	None	testing
2	dr	f	19	red	2	(80, 0)	(40, 69)	(-39, 69)	(-80, 0)	(-40, -69)	(40, -69)	diamond	red	dif	left	left	(40, 69)	(-40, -69)	search	nr	True	738994	739856	left	110	60	160	135	85	35	None	None	testing
2	dr	f	19	red	2	(80, 0)	(40, 69)	(-39, 69)	(-80, 0)	(-40, -69)	(40, -69)	circle	red	dif	left	left	(40, 69)	(-80, 0)	probe	norm	None	None	None	None	135	35	10	160	85	110	(80, 0)	32	testing
2	dr	f	19	red	2	(80, 0)	(40, 69)	(-39, 69)	(-80, 0)	(-40, -69)	(40, -69)	circle	red	same	right	right	(40, -69)	(80, 0)	probe	norm	None	None	None	None	160	35	110	135	10	60	(-40, -69)	15	testing
2	dr	f	19	red	2	(80, 0)	(40, 69)	(-39, 69)	(-80, 0)	(-40, -69)	(40, -69)	circle	red	dif	right	right	(80, 0)	(-40, -69)	search	nr	True	747326	748128	right	35	60	160	135	10	110	None	None	testing
2	dr	f	19	red	2	(80, 0)	(40, 69)	(-39, 69)	(-80, 0)	(-40, -69)	(40, -69)	diamond	red	same	left	left	(40, 69)	(80, 0)	search	nr	True	749295	749935	left	60	35	10	110	160	85	None	None	testing
2	dr	f	19	red	2	(80, 0)	(40, 69)	(-39, 69)	(-80, 0)	(-40, -69)	(40, -69)	circle	none	dif	left	left	N_dist	(-40, -69)	search	nr	True	751033	751744	left	135	85	110	35	60	160	None	None	testing
2	dr	f	19	red	2	(80, 0)	(40, 69)	(-39, 69)	(-80, 0)	(-40, -69)	(40, -69)	circle	red	dif	right	right	(40, 69)	(-40, -69)	probe	tar	None	None	None	None	135	110	60	10	35	85	(-40, -69)	164	testing
2	dr	f	19	red	2	(80, 0)	(40, 69)	(-39, 69)	(-80, 0)	(-40, -69)	(40, -69)	circle	none	same	left	left	N_dist	(-40, -69)	search	nr	True	756392	757183	left	60	135	35	85	110	10	None	None	testing
2	dr	f	19	red	2	(80, 0)	(40, 69)	(-39, 69)	(-80, 0)	(-40, -69)	(40, -69)	circle	red	dif	left	left	(-80, 0)	(40, -69)	search	nr	True	758379	759456	left	10	85	35	160	135	110	None	None	testing
2	dr	f	19	red	2	(80, 0)	(40, 69)	(-39, 69)	(-80, 0)	(-40, -69)	(40, -69)	circle	red	same	left	left	(40, 69)	(-40, -69)	probe	norm	None	None	None	None	35	85	160	135	60	10	(-80, 0)	168	testing
2	dr	f	19	red	2	(80, 0)	(40, 69)	(-39, 69)	(-80, 0)	(-40, -69)	(40, -69)	circle	red	same	right	right	(40, 69)	(80, 0)	search	nr	True	763689	764336	right	60	10	160	135	85	35	None	None	testing
2	dr	f	19	red	2	(80, 0)	(40, 69)	(-39, 69)	(-80, 0)	(-40, -69)	(40, -69)	diamond	none	dif	right	right	N_dist	(-39, 69)	probe	l_tar	None	None	None	None	135	160	10	60	35	85	(-39, 69)	155	testing
2	dr	f	19	red	2	(80, 0)	(40, 69)	(-39, 69)	(-80, 0)	(-40, -69)	(40, -69)	circle	red	dif	left	left	(-39, 69)	(-40, -69)	search	nr	True	768881	769631	left	10	160	110	35	135	85	None	None	testing
2	dr	f	19	red	2	(80, 0)	(40, 69)	(-39, 69)	(-80, 0)	(-40, -69)	(40, -69)	diamond	red	same	left	left	(40, 69)	(-39, 69)	search	nr	True	770819	771519	left	85	160	110	60	35	10	None	None	testing
2	dr	f	19	red	2	(80, 0)	(40, 69)	(-39, 69)	(-80, 0)	(-40, -69)	(40, -69)	circle	none	dif	right	right	N_dist	(-80, 0)	probe	l_norm	None	None	None	None	85	160	60	10	110	35	(40, -69)	17	testing
2	dr	f	19	red	2	(80, 0)	(40, 69)	(-39, 69)	(-80, 0)	(-40, -69)	(40, -69)	circle	none	same	right	right	N_dist	(40, -69)	search	nr	True	775962	776591	right	85	135	160	110	35	10	None	None	testing
2	dr	f	19	red	2	(80, 0)	(40, 69)	(-39, 69)	(-80, 0)	(-40, -69)	(40, -69)	circle	none	same	right	right	N_dist	(-40, -69)	search	nr	True	777848	778416	right	135	10	160	110	35	60	None	None	testing
2	dr	f	19	red	2	(80, 0)	(40, 69)	(-39, 69)	(-80, 0)	(-40, -69)	(40, -69)	circle	red	dif	left	left	(40, 69)	(40, -69)	search	nr	True	779585	780175	left	135	160	85	10	35	110	None	None	testing
2	dr	f	19	red	2	(80, 0)	(40, 69)	(-39, 69)	(-80, 0)	(-40, -69)	(40, -69)	diamond	none	same	right	right	N_dist	(-80, 0)	search	nr	True	781288	781983	right	110	10	160	60	85	135	None	None	testing
2	dr	f	19	red	2	(80, 0)	(40, 69)	(-39, 69)	(-80, 0)	(-40, -69)	(40, -69)	diamond	red	dif	right	right	(40, 69)	(-39, 69)	search	nr	True	783108	783872	right	135	110	10	35	60	85	None	None	testing
2	dr	f	19	red	2	(80, 0)	(40, 69)	(-39, 69)	(-80, 0)	(-40, -69)	(40, -69)	diamond	red	dif	left	left	(80, 0)	(-40, -69)	search	nr	True	784978	785712	left	10	110	135	85	160	60	None	None	testing
2	dr	f	19	red	2	(80, 0)	(40, 69)	(-39, 69)	(-80, 0)	(-40, -69)	(40, -69)	circle	red	dif	left	left	(40, 69)	(80, 0)	probe	tar	None	None	None	None	135	35	85	160	10	110	(80, 0)	27	testing
2	dr	f	19	red	2	(80, 0)	(40, 69)	(-39, 69)	(-80, 0)	(-40, -69)	(40, -69)	circle	red	same	left	left	(40, -69)	(-40, -69)	probe	l_sin	None	None	None	None	60	10	135	85	35	160	(40, -69)	35	testing
2	dr	f	19	red	2	(80, 0)	(40, 69)	(-39, 69)	(-80, 0)	(-40, -69)	(40, -69)	circle	red	dif	right	right	(40, 69)	(40, -69)	search	nr	True	793560	794639	left	160	85	10	35	110	60	None	None	testing
2	dr	f	19	red	2	(80, 0)	(40, 69)	(-39, 69)	(-80, 0)	(-40, -69)	(40, -69)	circle	none	dif	right	right	N_dist	(40, -69)	search	nr	True	797284	797855	right	35	135	10	60	85	110	None	None	testing
2	dr	f	19	red	2	(80, 0)	(40, 69)	(-39, 69)	(-80, 0)	(-40, -69)	(40, -69)	circle	red	same	left	left	(-39, 69)	(-40, -69)	search	nr	True	798970	799584	left	160	60	135	10	35	110	None	None	testing
2	dr	f	19	red	2	(80, 0)	(40, 69)	(-39, 69)	(-80, 0)	(-40, -69)	(40, -69)	circle	red	dif	left	left	(-80, 0)	(40, -69)	search	nr	True	800757	801903	left	10	60	135	35	160	85	None	None	testing
2	dr	f	19	red	2	(80, 0)	(40, 69)	(-39, 69)	(-80, 0)	(-40, -69)	(40, -69)	circle	red	same	right	right	(40, 69)	(-80, 0)	probe	tar	None	None	None	None	160	85	110	60	35	10	(-80, 0)	160	testing
2	dr	f	19	red	2	(80, 0)	(40, 69)	(-39, 69)	(-80, 0)	(-40, -69)	(40, -69)	diamond	none	dif	right	right	N_dist	(40, -69)	search	nr	True	806634	807215	right	35	10	110	160	135	60	None	None	testing
2	dr	f	19	red	2	(80, 0)	(40, 69)	(-39, 69)	(-80, 0)	(-40, -69)	(40, -69)	diamond	none	dif	right	right	N_dist	(-39, 69)	probe	l_norm	None	None	None	None	135	160	85	60	10	35	(40, -69)	156	testing
2	dr	f	19	red	2	(80, 0)	(40, 69)	(-39, 69)	(-80, 0)	(-40, -69)	(40, -69)	diamond	red	dif	left	left	(40, 69)	(-40, -69)	search	nr	True	812312	812975	left	85	10	135	60	35	110	None	None	testing
2	dr	f	19	red	2	(80, 0)	(40, 69)	(-39, 69)	(-80, 0)	(-40, -69)	(40, -69)	circle	none	same	left	left	N_dist	(80, 0)	search	nr	True	814148	814864	left	10	60	35	135	110	160	None	None	testing
2	dr	f	19	red	2	(80, 0)	(40, 69)	(-39, 69)	(-80, 0)	(-40, -69)	(40, -69)	circle	none	dif	right	right	N_dist	(40, 69)	search	nr	True	816051	816847	right	135	10	60	160	35	85	None	None	testing
2	dr	f	19	red	2	(80, 0)	(40, 69)	(-39, 69)	(-80, 0)	(-40, -69)	(40, -69)	diamond	red	same	left	left	(40, 69)	(-39, 69)	search	nr	True	818088	818751	right	35	60	10	135	85	160	None	None	testing
2	dr	f	19	red	2	(80, 0)	(40, 69)	(-39, 69)	(-80, 0)	(-40, -69)	(40, -69)	circle	none	dif	right	right	N_dist	(-80, 0)	search	nr	True	821512	822208	right	35	135	85	110	60	10	None	None	testing
2	dr	f	19	red	2	(80, 0)	(40, 69)	(-39, 69)	(-80, 0)	(-40, -69)	(40, -69)	diamond	red	dif	right	right	(40, 69)	(40, -69)	search	nr	True	823449	824367	right	110	35	160	85	60	10	None	None	testing
2	dr	f	19	red	2	(80, 0)	(40, 69)	(-39, 69)	(-80, 0)	(-40, -69)	(40, -69)	circle	red	dif	left	left	(-80, 0)	(40, -69)	probe	tar	None	None	None	None	160	35	60	85	135	10	(40, -69)	28	testing
2	dr	f	19	red	2	(80, 0)	(40, 69)	(-39, 69)	(-80, 0)	(-40, -69)	(40, -69)	circle	red	same	left	left	(-40, -69)	(40, -69)	search	nr	True	828725	830208	left	60	10	135	110	85	160	None	None	testing
2	dr	f	19	red	2	(80, 0)	(40, 69)	(-39, 69)	(-80, 0)	(-40, -69)	(40, -69)	circle	none	same	left	left	N_dist	(-40, -69)	search	nr	True	831263	832015	left	160	35	10	135	85	110	None	None	testing
2	dr	f	19	red	2	(80, 0)	(40, 69)	(-39, 69)	(-80, 0)	(-40, -69)	(40, -69)	diamond	red	dif	right	right	(40, 69)	(-80, 0)	search	nr	True	833284	834031	right	160	135	35	110	85	60	None	None	testing
2	dr	f	19	red	2	(80, 0)	(40, 69)	(-39, 69)	(-80, 0)	(-40, -69)	(40, -69)	diamond	none	dif	left	left	N_dist	(-39, 69)	search	nr	True	835154	835967	left	35	135	85	160	10	110	None	None	testing
2	dr	f	19	red	2	(80, 0)	(40, 69)	(-39, 69)	(-80, 0)	(-40, -69)	(40, -69)	diamond	red	same	left	left	(-40, -69)	(80, 0)	search	nr	True	837057	837695	left	10	160	85	35	60	135	None	None	testing
2	dr	f	19	red	2	(80, 0)	(40, 69)	(-39, 69)	(-80, 0)	(-40, -69)	(40, -69)	circle	red	dif	left	left	(-80, 0)	(-39, 69)	search	nr	True	838777	839695	left	110	60	160	35	135	10	None	None	testing
2	dr	f	19	red	2	(80, 0)	(40, 69)	(-39, 69)	(-80, 0)	(-40, -69)	(40, -69)	diamond	red	same	right	right	(-40, -69)	(-80, 0)	search	nr	True	840831	841712	right	85	110	10	60	135	35	None	None	testing
2	dr	f	19	red	2	(80, 0)	(40, 69)	(-39, 69)	(-80, 0)	(-40, -69)	(40, -69)	circle	red	dif	right	right	(-80, 0)	(-40, -69)	search	nr	True	842851	843903	right	110	10	160	35	60	85	None	None	testing
2	dr	f	19	red	2	(80, 0)	(40, 69)	(-39, 69)	(-80, 0)	(-40, -69)	(40, -69)	diamond	red	dif	left	left	(-80, 0)	(80, 0)	search	nr	True	845088	845647	left	60	35	110	10	135	160	None	None	testing
2	dr	f	19	red	2	(80, 0)	(40, 69)	(-39, 69)	(-80, 0)	(-40, -69)	(40, -69)	circle	none	dif	right	right	N_dist	(80, 0)	search	nr	True	846858	847584	right	135	85	60	110	10	160	None	None	testing
2	dr	f	19	red	2	(80, 0)	(40, 69)	(-39, 69)	(-80, 0)	(-40, -69)	(40, -69)	diamond	red	dif	left	left	(40, 69)	(-40, -69)	probe	norm	None	None	None	None	60	110	10	160	135	85	(80, 0)	156	testing
2	dr	f	19	red	2	(80, 0)	(40, 69)	(-39, 69)	(-80, 0)	(-40, -69)	(40, -69)	diamond	red	dif	left	left	(80, 0)	(-40, -69)	search	nr	True	851967	852639	left	160	85	35	110	60	135	None	None	testing
2	dr	f	19	red	2	(80, 0)	(40, 69)	(-39, 69)	(-80, 0)	(-40, -69)	(40, -69)	circle	red	same	right	right	(40, 69)	(-80, 0)	search	nr	True	853905	854624	right	60	110	160	85	35	135	None	None	testing
2	dr	f	19	red	2	(80, 0)	(40, 69)	(-39, 69)	(-80, 0)	(-40, -69)	(40, -69)	diamond	none	dif	left	left	N_dist	(-39, 69)	search	nr	True	855892	856624	left	85	135	110	10	160	60	None	None	testing
2	dr	f	19	red	2	(80, 0)	(40, 69)	(-39, 69)	(-80, 0)	(-40, -69)	(40, -69)	diamond	red	same	left	left	(-39, 69)	(-40, -69)	search	nr	True	857695	858383	left	135	60	35	85	10	110	None	None	testing
2	dr	f	19	red	2	(80, 0)	(40, 69)	(-39, 69)	(-80, 0)	(-40, -69)	(40, -69)	circle	red	same	right	right	(40, 69)	(-39, 69)	search	nr	True	859598	860303	right	110	60	85	10	135	160	None	None	testing
2	dr	f	19	red	2	(80, 0)	(40, 69)	(-39, 69)	(-80, 0)	(-40, -69)	(40, -69)	circle	red	dif	right	right	(80, 0)	(-40, -69)	search	nr	True	861519	862191	right	160	110	10	35	135	60	None	None	testing
2	dr	f	19	red	2	(80, 0)	(40, 69)	(-39, 69)	(-80, 0)	(-40, -69)	(40, -69)	diamond	red	same	right	right	(80, 0)	(-40, -69)	search	nr	True	863472	864159	left	110	35	60	135	85	10	None	None	testing
2	dr	f	19	red	2	(80, 0)	(40, 69)	(-39, 69)	(-80, 0)	(-40, -69)	(40, -69)	circle	red	dif	left	left	(-40, -69)	(-39, 69)	search	nr	True	866895	867615	left	110	160	35	60	85	10	None	None	testing
2	dr	f	19	red	2	(80, 0)	(40, 69)	(-39, 69)	(-80, 0)	(-40, -69)	(40, -69)	diamond	red	dif	right	right	(40, 69)	(-80, 0)	search	nr	True	868749	869328	right	60	85	35	135	110	10	None	None	testing
2	dr	f	19	red	2	(80, 0)	(40, 69)	(-39, 69)	(-80, 0)	(-40, -69)	(40, -69)	circle	red	same	left	left	(-39, 69)	(-40, -69)	search	nr	True	870552	871151	left	135	35	60	85	110	160	None	None	testing
2	dr	f	19	red	2	(80, 0)	(40, 69)	(-39, 69)	(-80, 0)	(-40, -69)	(40, -69)	circle	red	same	left	left	(-40, -69)	(40, -69)	probe	norm	None	None	None	None	10	85	160	60	35	110	(80, 0)	145	testing
2	dr	f	19	red	2	(80, 0)	(40, 69)	(-39, 69)	(-80, 0)	(-40, -69)	(40, -69)	circle	none	same	left	left	N_dist	(-80, 0)	probe	l_tar	None	None	None	None	110	135	60	35	85	10	(-80, 0)	161	testing
2	dr	f	19	red	2	(80, 0)	(40, 69)	(-39, 69)	(-80, 0)	(-40, -69)	(40, -69)	diamond	red	dif	left	left	(40, 69)	(80, 0)	probe	tar	None	None	None	None	110	160	85	35	135	10	(80, 0)	22	testing
2	dr	f	19	red	2	(80, 0)	(40, 69)	(-39, 69)	(-80, 0)	(-40, -69)	(40, -69)	diamond	red	same	right	right	(40, 69)	(-39, 69)	search	nr	True	882607	883615	right	60	85	35	110	160	10	None	None	testing
2	dr	f	19	red	2	(80, 0)	(40, 69)	(-39, 69)	(-80, 0)	(-40, -69)	(40, -69)	circle	red	dif	right	right	(-39, 69)	(40, -69)	search	nr	True	884862	885584	right	85	60	160	10	110	35	None	None	testing
2	dr	f	19	red	2	(80, 0)	(40, 69)	(-39, 69)	(-80, 0)	(-40, -69)	(40, -69)	diamond	red	same	right	right	(-40, -69)	(-80, 0)	search	nr	True	886732	887439	right	85	35	110	10	135	60	None	None	testing
2	dr	f	19	red	2	(80, 0)	(40, 69)	(-39, 69)	(-80, 0)	(-40, -69)	(40, -69)	circle	none	same	right	right	N_dist	(-40, -69)	probe	l_tar	None	None	None	None	60	135	85	10	35	110	(-40, -69)	163	testing
2	dr	f	19	red	2	(80, 0)	(40, 69)	(-39, 69)	(-80, 0)	(-40, -69)	(40, -69)	diamond	none	same	right	right	N_dist	(-80, 0)	probe	l_norm	None	None	None	None	110	160	35	10	135	85	(80, 0)	26	testing
2	dr	f	19	red	2	(80, 0)	(40, 69)	(-39, 69)	(-80, 0)	(-40, -69)	(40, -69)	diamond	red	dif	left	left	(40, -69)	(-80, 0)	search	nr	True	895431	896191	left	60	160	10	35	135	85	None	None	testing
2	dr	f	19	red	2	(80, 0)	(40, 69)	(-39, 69)	(-80, 0)	(-40, -69)	(40, -69)	diamond	none	same	left	left	N_dist	(-80, 0)	probe	l_tar	None	None	None	None	110	60	35	135	10	160	(-80, 0)	9	testing
2	dr	f	19	red	2	(80, 0)	(40, 69)	(-39, 69)	(-80, 0)	(-40, -69)	(40, -69)	diamond	red	same	right	right	(40, 69)	(-40, -69)	search	nr	True	900624	901615	right	135	110	60	35	85	10	None	None	testing
2	dr	f	19	red	2	(80, 0)	(40, 69)	(-39, 69)	(-80, 0)	(-40, -69)	(40, -69)	diamond	none	dif	right	right	N_dist	(-39, 69)	search	nr	True	902712	903439	right	160	110	35	135	10	85	None	None	testing
2	dr	f	19	red	2	(80, 0)	(40, 69)	(-39, 69)	(-80, 0)	(-40, -69)	(40, -69)	circle	none	same	right	right	N_dist	(-40, -69)	search	nr	True	904698	905327	right	135	35	85	10	60	160	None	None	testing
2	dr	f	19	red	2	(80, 0)	(40, 69)	(-39, 69)	(-80, 0)	(-40, -69)	(40, -69)	diamond	red	dif	left	left	(40, 69)	(80, 0)	search	nr	True	906401	907023	left	135	85	35	10	60	110	None	None	testing
2	dr	f	19	red	2	(80, 0)	(40, 69)	(-39, 69)	(-80, 0)	(-40, -69)	(40, -69)	diamond	red	same	left	left	(40, 69)	(-39, 69)	search	nr	True	908154	908799	left	60	35	110	85	160	135	None	None	testing
2	dr	f	19	red	2	(80, 0)	(40, 69)	(-39, 69)	(-80, 0)	(-40, -69)	(40, -69)	circle	red	same	left	left	(40, 69)	(-40, -69)	search	nr	True	909941	910591	left	60	135	85	160	35	110	None	None	testing
2	dr	f	19	red	2	(80, 0)	(40, 69)	(-39, 69)	(-80, 0)	(-40, -69)	(40, -69)	diamond	red	same	left	left	(40, 69)	(-39, 69)	search	nr	True	911828	912559	left	10	35	85	110	60	160	None	None	testing
2	dr	f	19	red	2	(80, 0)	(40, 69)	(-39, 69)	(-80, 0)	(-40, -69)	(40, -69)	diamond	none	same	left	left	N_dist	(-40, -69)	search	nr	True	913665	914255	left	10	110	135	60	160	85	None	None	testing
2	dr	f	19	red	2	(80, 0)	(40, 69)	(-39, 69)	(-80, 0)	(-40, -69)	(40, -69)	diamond	red	dif	right	right	(40, 69)	(40, -69)	search	nr	True	915535	916063	right	135	85	60	160	110	35	None	None	testing
2	dr	f	19	red	2	(80, 0)	(40, 69)	(-39, 69)	(-80, 0)	(-40, -69)	(40, -69)	circle	red	dif	right	right	(40, 69)	(40, -69)	search	nr	True	917321	918142	right	60	35	85	135	160	110	None	None	testing
2	dr	f	19	red	2	(80, 0)	(40, 69)	(-39, 69)	(-80, 0)	(-40, -69)	(40, -69)	circle	none	same	left	left	N_dist	(80, 0)	search	nr	True	919208	919727	left	160	85	60	135	10	35	None	None	testing
2	dr	f	19	red	2	(80, 0)	(40, 69)	(-39, 69)	(-80, 0)	(-40, -69)	(40, -69)	diamond	red	dif	right	right	(40, 69)	(-39, 69)	search	nr	True	920878	921599	right	35	10	110	160	60	135	None	None	testing
2	dr	f	19	red	2	(80, 0)	(40, 69)	(-39, 69)	(-80, 0)	(-40, -69)	(40, -69)	diamond	red	dif	right	right	(40, 69)	(-39, 69)	probe	h_sin	None	None	None	None	35	10	60	160	110	135	(40, 69)	159	testing
2	dr	f	19	red	2	(80, 0)	(40, 69)	(-39, 69)	(-80, 0)	(-40, -69)	(40, -69)	diamond	red	same	left	left	(40, 69)	(40, -69)	probe	tar	None	None	None	None	85	110	35	10	160	60	(40, -69)	163	testing
2	dr	f	19	red	2	(80, 0)	(40, 69)	(-39, 69)	(-80, 0)	(-40, -69)	(40, -69)	diamond	red	same	left	left	(-39, 69)	(-40, -69)	search	nr	True	929160	929839	left	10	35	110	135	60	85	None	None	testing
