subj	name	gender	age	dist	run	tar_locs1	tar_locs2	tar_locs3	tar_locs4	tar_locs5	tar_locs6	shape	dist	td_dif	detection	resp_key	dis_loc	tar_loc	task_type	probe_cond	gotKey	startTime	respTime	resp	o1	o2	o3	o4	o5	o6	pro_loc	ori_resp	mode
2	dr	f	19	red	Le	(80, 0)	(40, 69)	(-39, 69)	(-80, 0)	(-40, -69)	(40, -69)	circle	red	same	left	left	(40, 69)	(40, -69)	search	nr	True	168648	169623	left	60	160	85	135	110	35	None	None	practice
2	dr	f	19	red	Le	(80, 0)	(40, 69)	(-39, 69)	(-80, 0)	(-40, -69)	(40, -69)	circle	red	dif	right	right	(40, -69)	(-80, 0)	search	nr	True	170702	171463	left	60	85	160	110	35	135	None	None	practice
2	dr	f	19	red	Le	(80, 0)	(40, 69)	(-39, 69)	(-80, 0)	(-40, -69)	(40, -69)	diamond	red	dif	left	left	(40, 69)	(80, 0)	search	nr	True	174208	175014	right	60	110	35	160	135	10	None	None	practice
2	dr	f	19	red	Le	(80, 0)	(40, 69)	(-39, 69)	(-80, 0)	(-40, -69)	(40, -69)	circle	red	dif	right	right	(-39, 69)	(-40, -69)	search	nr	True	177748	178919	right	10	160	135	85	35	110	None	None	practice
2	dr	f	19	red	Le	(80, 0)	(40, 69)	(-39, 69)	(-80, 0)	(-40, -69)	(40, -69)	circle	red	dif	right	right	(-80, 0)	(-40, -69)	search	nr	True	179986	180839	left	10	110	60	35	135	160	None	None	practice
2	dr	f	19	red	Le	(80, 0)	(40, 69)	(-39, 69)	(-80, 0)	(-40, -69)	(40, -69)	diamond	none	dif	right	right	N_dist	(40, -69)	search	nr	True	183592	184422	right	35	110	160	60	135	10	None	None	practice
2	dr	f	19	red	Le	(80, 0)	(40, 69)	(-39, 69)	(-80, 0)	(-40, -69)	(40, -69)	diamond	red	dif	right	right	(40, 69)	(-80, 0)	search	nr	True	185512	186311	right	10	160	85	135	35	60	None	None	practice
2	dr	f	19	red	Le	(80, 0)	(40, 69)	(-39, 69)	(-80, 0)	(-40, -69)	(40, -69)	circle	red	dif	right	right	(40, 69)	(-80, 0)	search	nr	True	187499	188695	right	135	35	110	60	10	160	None	None	practice
2	dr	f	19	red	Le	(80, 0)	(40, 69)	(-39, 69)	(-80, 0)	(-40, -69)	(40, -69)	circle	none	same	right	right	N_dist	(-80, 0)	search	nr	True	189954	190743	right	85	10	160	110	135	60	None	None	practice
2	dr	f	19	red	Le	(80, 0)	(40, 69)	(-39, 69)	(-80, 0)	(-40, -69)	(40, -69)	diamond	none	same	left	left	N_dist	(-39, 69)	search	nr	True	191840	192726	left	110	160	85	35	135	60	None	None	practice
2	dr	f	19	red	Le	(80, 0)	(40, 69)	(-39, 69)	(-80, 0)	(-40, -69)	(40, -69)	diamond	red	dif	right	right	(40, 69)	(80, 0)	search	nr	True	193877	194951	right	110	160	135	85	35	60	None	None	practice
2	dr	f	19	red	Le	(80, 0)	(40, 69)	(-39, 69)	(-80, 0)	(-40, -69)	(40, -69)	circle	none	same	right	right	N_dist	(40, -69)	search	nr	True	196232	197126	right	110	160	35	85	10	135	None	None	practice
2	dr	f	19	red	Le	(80, 0)	(40, 69)	(-39, 69)	(-80, 0)	(-40, -69)	(40, -69)	circle	red	dif	right	right	(40, 69)	(-80, 0)	search	nr	True	198336	199319	left	35	60	160	10	110	135	None	None	practice
2	dr	f	19	red	Le	(80, 0)	(40, 69)	(-39, 69)	(-80, 0)	(-40, -69)	(40, -69)	diamond	red	same	right	right	(40, 69)	(-39, 69)	search	nr	True	202143	203015	right	10	110	85	60	35	160	None	None	practice
2	dr	f	19	red	Le	(80, 0)	(40, 69)	(-39, 69)	(-80, 0)	(-40, -69)	(40, -69)	circle	red	same	left	left	(40, 69)	(-40, -69)	search	nr	True	204180	204951	left	10	60	35	85	135	110	None	None	practice
2	dr	f	19	red	Le	(80, 0)	(40, 69)	(-39, 69)	(-80, 0)	(-40, -69)	(40, -69)	diamond	none	dif	left	left	N_dist	(-80, 0)	search	nr	True	206217	206695	left	110	35	160	60	85	10	None	None	practice
2	dr	f	19	red	Le	(80, 0)	(40, 69)	(-39, 69)	(-80, 0)	(-40, -69)	(40, -69)	diamond	none	dif	left	left	N_dist	(80, 0)	search	nr	True	207836	208567	left	35	160	60	110	10	85	None	None	practice
2	dr	f	19	red	Le	(80, 0)	(40, 69)	(-39, 69)	(-80, 0)	(-40, -69)	(40, -69)	circle	red	same	left	left	(-80, 0)	(40, -69)	search	nr	True	209757	210406	left	160	35	135	85	110	10	None	None	practice
2	dr	f	19	red	Le	(80, 0)	(40, 69)	(-39, 69)	(-80, 0)	(-40, -69)	(40, -69)	circle	none	dif	left	left	N_dist	(40, -69)	search	nr	True	211510	212327	right	160	110	85	135	35	10	None	None	practice
2	dr	f	19	red	Le	(80, 0)	(40, 69)	(-39, 69)	(-80, 0)	(-40, -69)	(40, -69)	diamond	none	same	left	left	N_dist	(-39, 69)	search	nr	True	214900	215703	left	85	35	160	10	110	135	None	None	practice
2	dr	f	19	red	Le	(80, 0)	(40, 69)	(-39, 69)	(-80, 0)	(-40, -69)	(40, -69)	circle	red	same	left	left	(40, 69)	(-40, -69)	search	nr	True	216870	217750	left	35	85	60	110	135	10	None	None	practice
2	dr	f	19	red	Le	(80, 0)	(40, 69)	(-39, 69)	(-80, 0)	(-40, -69)	(40, -69)	circle	none	dif	right	right	N_dist	(40, -69)	search	nr	True	218924	219622	left	160	110	85	35	60	135	None	None	practice
2	dr	f	19	red	Le	(80, 0)	(40, 69)	(-39, 69)	(-80, 0)	(-40, -69)	(40, -69)	diamond	red	same	left	left	(40, 69)	(40, -69)	search	nr	True	222313	223206	left	160	35	85	110	135	60	None	None	practice
2	dr	f	19	red	Le	(80, 0)	(40, 69)	(-39, 69)	(-80, 0)	(-40, -69)	(40, -69)	diamond	none	dif	right	right	N_dist	(40, -69)	search	nr	True	224367	224934	right	35	135	60	85	160	110	None	None	practice
2	dr	f	19	red	Le	(80, 0)	(40, 69)	(-39, 69)	(-80, 0)	(-40, -69)	(40, -69)	circle	red	dif	left	left	(-39, 69)	(80, 0)	search	nr	True	226187	227334	left	10	35	60	85	160	135	None	None	practice
2	dr	f	19	red	Le	(80, 0)	(40, 69)	(-39, 69)	(-80, 0)	(-40, -69)	(40, -69)	diamond	none	same	left	left	N_dist	(-39, 69)	search	nr	True	228408	229191	left	160	60	35	10	135	85	None	None	practice
2	dr	f	19	red	Le	(80, 0)	(40, 69)	(-39, 69)	(-80, 0)	(-40, -69)	(40, -69)	circle	none	same	right	right	N_dist	(40, -69)	search	nr	True	230461	231303	right	110	35	160	60	135	10	None	None	practice
2	dr	f	19	red	Le	(80, 0)	(40, 69)	(-39, 69)	(-80, 0)	(-40, -69)	(40, -69)	circle	red	same	left	left	(40, 69)	(-39, 69)	search	nr	True	232532	233414	left	60	35	110	160	135	10	None	None	practice
2	dr	f	19	red	Le	(80, 0)	(40, 69)	(-39, 69)	(-80, 0)	(-40, -69)	(40, -69)	circle	none	same	left	left	N_dist	(40, 69)	search	nr	True	234653	235703	left	10	135	35	60	110	85	None	None	practice
2	dr	f	19	red	Le	(80, 0)	(40, 69)	(-39, 69)	(-80, 0)	(-40, -69)	(40, -69)	circle	red	same	left	left	(40, 69)	(40, -69)	search	nr	True	236857	237479	left	85	160	135	110	10	35	None	None	practice
2	dr	f	19	red	Le	(80, 0)	(40, 69)	(-39, 69)	(-80, 0)	(-40, -69)	(40, -69)	circle	none	same	left	left	N_dist	(80, 0)	search	nr	True	238744	239334	left	10	60	160	135	85	35	None	None	practice
2	dr	f	19	red	Le	(80, 0)	(40, 69)	(-39, 69)	(-80, 0)	(-40, -69)	(40, -69)	circle	red	dif	left	left	(-39, 69)	(-80, 0)	search	nr	True	240496	240998	left	85	60	135	10	35	160	None	None	practice
2	dr	f	19	red	Le	(80, 0)	(40, 69)	(-39, 69)	(-80, 0)	(-40, -69)	(40, -69)	diamond	none	same	right	right	N_dist	(-40, -69)	search	nr	True	242216	242855	right	160	60	85	35	10	135	None	None	practice
2	dr	f	19	red	Le	(80, 0)	(40, 69)	(-39, 69)	(-80, 0)	(-40, -69)	(40, -69)	circle	none	dif	right	right	N_dist	(-40, -69)	search	nr	True	244037	244807	right	35	160	135	110	60	10	None	None	practice
2	dr	f	19	red	Le	(80, 0)	(40, 69)	(-39, 69)	(-80, 0)	(-40, -69)	(40, -69)	circle	red	same	left	left	(80, 0)	(40, -69)	search	nr	True	245956	246630	left	85	160	60	35	135	10	None	None	practice
2	dr	f	19	red	Le	(80, 0)	(40, 69)	(-39, 69)	(-80, 0)	(-40, -69)	(40, -69)	circle	red	dif	left	left	(40, -69)	(-80, 0)	search	nr	True	247894	248599	right	10	110	85	35	160	135	None	None	practice
2	dr	f	19	red	Le	(80, 0)	(40, 69)	(-39, 69)	(-80, 0)	(-40, -69)	(40, -69)	diamond	red	same	right	right	(-80, 0)	(80, 0)	search	nr	True	251367	252535	right	160	60	10	85	35	110	None	None	practice
2	dr	f	19	red	Le	(80, 0)	(40, 69)	(-39, 69)	(-80, 0)	(-40, -69)	(40, -69)	circle	red	same	right	right	(-40, -69)	(-39, 69)	search	nr	True	253738	254854	right	85	135	110	160	10	35	None	None	practice
2	dr	f	19	red	Le	(80, 0)	(40, 69)	(-39, 69)	(-80, 0)	(-40, -69)	(40, -69)	circle	red	dif	right	right	(40, 69)	(-39, 69)	search	nr	True	256109	257223	left	35	110	85	60	10	135	None	None	practice
2	dr	f	19	red	Le	(80, 0)	(40, 69)	(-39, 69)	(-80, 0)	(-40, -69)	(40, -69)	circle	red	dif	left	left	(40, 69)	(80, 0)	search	nr	True	260033	261015	left	10	60	135	160	35	85	None	None	practice
2	dr	f	19	red	Le	(80, 0)	(40, 69)	(-39, 69)	(-80, 0)	(-40, -69)	(40, -69)	diamond	red	same	left	left	(40, 69)	(80, 0)	search	nr	True	301726	302710	left	85	35	110	160	135	10	None	None	testing
2	dr	f	19	red	Le	(80, 0)	(40, 69)	(-39, 69)	(-80, 0)	(-40, -69)	(40, -69)	circle	red	same	left	left	(40, 69)	(40, -69)	search	nr	True	303963	304662	left	110	35	10	85	60	160	None	None	testing
2	dr	f	19	red	Le	(80, 0)	(40, 69)	(-39, 69)	(-80, 0)	(-40, -69)	(40, -69)	circle	red	same	right	right	(-40, -69)	(-39, 69)	search	nr	True	305934	306727	right	85	135	60	10	35	110	None	None	testing
2	dr	f	19	red	Le	(80, 0)	(40, 69)	(-39, 69)	(-80, 0)	(-40, -69)	(40, -69)	diamond	red	dif	right	right	(-39, 69)	(80, 0)	search	nr	True	307954	309142	right	60	160	85	10	35	110	None	None	testing
2	dr	f	19	red	Le	(80, 0)	(40, 69)	(-39, 69)	(-80, 0)	(-40, -69)	(40, -69)	circle	none	dif	left	left	N_dist	(40, 69)	search	nr	True	310442	311126	left	60	110	10	160	135	85	None	None	testing
2	dr	f	19	red	Le	(80, 0)	(40, 69)	(-39, 69)	(-80, 0)	(-40, -69)	(40, -69)	diamond	red	dif	right	right	(40, 69)	(40, -69)	search	nr	True	312195	313302	right	10	110	60	160	85	135	None	None	testing
2	dr	f	19	red	Le	(80, 0)	(40, 69)	(-39, 69)	(-80, 0)	(-40, -69)	(40, -69)	circle	red	dif	left	left	(-39, 69)	(-80, 0)	search	nr	True	314399	315607	left	35	10	85	60	110	135	None	None	testing
2	dr	f	19	red	Le	(80, 0)	(40, 69)	(-39, 69)	(-80, 0)	(-40, -69)	(40, -69)	circle	red	same	right	right	(40, 69)	(-39, 69)	search	nr	True	316854	317766	left	10	35	135	110	60	160	None	None	testing
2	dr	f	19	red	Le	(80, 0)	(40, 69)	(-39, 69)	(-80, 0)	(-40, -69)	(40, -69)	diamond	none	dif	right	right	N_dist	(40, -69)	search	nr	True	320444	321254	right	10	135	85	60	160	35	None	None	testing
2	dr	f	19	red	Le	(80, 0)	(40, 69)	(-39, 69)	(-80, 0)	(-40, -69)	(40, -69)	circle	red	same	left	left	(40, 69)	(40, -69)	search	nr	True	322347	323846	left	10	35	160	110	60	135	None	None	testing
2	dr	f	19	red	Le	(80, 0)	(40, 69)	(-39, 69)	(-80, 0)	(-40, -69)	(40, -69)	circle	red	dif	right	right	(40, 69)	(-40, -69)	search	nr	True	325135	325926	right	160	110	135	60	85	10	None	None	testing
2	dr	f	19	red	Le	(80, 0)	(40, 69)	(-39, 69)	(-80, 0)	(-40, -69)	(40, -69)	diamond	red	dif	right	right	(-40, -69)	(80, 0)	search	nr	True	327122	328119	right	110	35	60	85	10	160	None	None	testing
2	dr	f	19	red	Le	(80, 0)	(40, 69)	(-39, 69)	(-80, 0)	(-40, -69)	(40, -69)	diamond	red	same	left	left	(40, 69)	(-40, -69)	search	nr	True	329226	330406	left	110	85	35	135	60	160	None	None	testing
2	dr	f	19	red	Le	(80, 0)	(40, 69)	(-39, 69)	(-80, 0)	(-40, -69)	(40, -69)	circle	red	dif	left	left	(-39, 69)	(80, 0)	search	nr	True	331698	332695	left	160	60	35	110	135	85	None	None	testing
2	dr	f	19	red	Le	(80, 0)	(40, 69)	(-39, 69)	(-80, 0)	(-40, -69)	(40, -69)	diamond	red	dif	right	right	(40, 69)	(-39, 69)	search	nr	True	333869	334838	right	85	60	110	135	160	10	None	None	testing
2	dr	f	19	red	Le	(80, 0)	(40, 69)	(-39, 69)	(-80, 0)	(-40, -69)	(40, -69)	circle	red	same	right	right	(40, 69)	(-80, 0)	search	nr	True	336139	337222	right	60	135	110	160	10	35	None	None	testing
2	dr	f	19	red	Le	(80, 0)	(40, 69)	(-39, 69)	(-80, 0)	(-40, -69)	(40, -69)	circle	none	dif	left	left	N_dist	(80, 0)	search	nr	True	338310	338998	left	85	110	160	60	10	135	None	None	testing
2	dr	f	19	red	Le	(80, 0)	(40, 69)	(-39, 69)	(-80, 0)	(-40, -69)	(40, -69)	circle	red	same	right	right	(40, 69)	(-80, 0)	search	nr	True	340197	341062	right	10	110	160	35	135	60	None	None	testing
2	dr	f	19	red	Le	(80, 0)	(40, 69)	(-39, 69)	(-80, 0)	(-40, -69)	(40, -69)	diamond	red	same	right	right	(40, 69)	(40, -69)	search	nr	True	342250	343222	right	60	10	85	35	160	110	None	None	testing
2	dr	f	19	red	Le	(80, 0)	(40, 69)	(-39, 69)	(-80, 0)	(-40, -69)	(40, -69)	diamond	none	dif	right	right	N_dist	(40, -69)	search	nr	True	344337	344918	right	10	85	135	110	60	160	None	None	testing
2	dr	f	19	red	Le	(80, 0)	(40, 69)	(-39, 69)	(-80, 0)	(-40, -69)	(40, -69)	circle	red	same	right	right	(40, -69)	(-80, 0)	search	nr	True	345974	347542	right	60	110	160	35	10	85	None	None	testing
2	dr	f	19	red	Le	(80, 0)	(40, 69)	(-39, 69)	(-80, 0)	(-40, -69)	(40, -69)	circle	none	same	left	left	N_dist	(40, 69)	search	nr	True	348712	349558	left	110	135	35	160	10	85	None	None	testing
2	dr	f	19	red	Le	(80, 0)	(40, 69)	(-39, 69)	(-80, 0)	(-40, -69)	(40, -69)	diamond	red	dif	left	left	(40, 69)	(-40, -69)	search	nr	True	350649	351510	right	60	135	35	10	85	110	None	None	testing
2	dr	f	19	red	Le	(80, 0)	(40, 69)	(-39, 69)	(-80, 0)	(-40, -69)	(40, -69)	diamond	red	dif	right	right	(40, 69)	(80, 0)	search	nr	True	354289	355302	left	85	160	135	60	10	110	None	None	testing
2	dr	f	19	red	Le	(80, 0)	(40, 69)	(-39, 69)	(-80, 0)	(-40, -69)	(40, -69)	diamond	none	same	left	left	N_dist	(-39, 69)	search	nr	True	358096	358918	left	135	35	110	10	160	85	None	None	testing
2	dr	f	19	red	Le	(80, 0)	(40, 69)	(-39, 69)	(-80, 0)	(-40, -69)	(40, -69)	diamond	none	dif	left	left	N_dist	(40, 69)	search	nr	True	360033	360758	left	60	110	160	135	85	35	None	None	testing
2	dr	f	19	red	Le	(80, 0)	(40, 69)	(-39, 69)	(-80, 0)	(-40, -69)	(40, -69)	diamond	red	dif	left	left	(40, -69)	(-80, 0)	search	nr	True	362053	362854	left	60	135	110	35	85	10	None	None	testing
2	dr	f	19	red	Le	(80, 0)	(40, 69)	(-39, 69)	(-80, 0)	(-40, -69)	(40, -69)	diamond	red	same	right	right	(80, 0)	(-80, 0)	search	nr	True	364107	364950	right	110	35	160	85	135	60	None	None	testing
2	dr	f	19	red	Le	(80, 0)	(40, 69)	(-39, 69)	(-80, 0)	(-40, -69)	(40, -69)	circle	none	same	left	left	N_dist	(-40, -69)	search	nr	True	366211	366951	left	160	135	85	110	35	60	None	None	testing
2	dr	f	19	red	Le	(80, 0)	(40, 69)	(-39, 69)	(-80, 0)	(-40, -69)	(40, -69)	diamond	none	dif	right	right	N_dist	(40, -69)	search	nr	True	368115	368646	right	160	60	135	35	85	110	None	None	testing
2	dr	f	19	red	Le	(80, 0)	(40, 69)	(-39, 69)	(-80, 0)	(-40, -69)	(40, -69)	circle	red	same	right	right	(80, 0)	(-40, -69)	search	nr	True	369968	370870	left	60	35	85	10	160	110	None	None	testing
2	dr	f	19	red	Le	(80, 0)	(40, 69)	(-39, 69)	(-80, 0)	(-40, -69)	(40, -69)	diamond	none	same	right	right	N_dist	(-40, -69)	search	nr	True	373608	375095	right	160	135	10	85	35	110	None	None	testing
2	dr	f	19	red	Le	(80, 0)	(40, 69)	(-39, 69)	(-80, 0)	(-40, -69)	(40, -69)	diamond	red	dif	left	left	(40, 69)	(-80, 0)	search	nr	True	376379	376998	left	10	135	35	110	85	60	None	None	testing
2	dr	f	19	red	Le	(80, 0)	(40, 69)	(-39, 69)	(-80, 0)	(-40, -69)	(40, -69)	circle	red	same	left	left	(40, 69)	(-80, 0)	search	nr	True	378183	379367	left	160	135	110	10	60	35	None	None	testing
2	dr	f	19	red	Le	(80, 0)	(40, 69)	(-39, 69)	(-80, 0)	(-40, -69)	(40, -69)	circle	red	same	left	left	(40, 69)	(-39, 69)	search	nr	True	380571	381943	left	85	110	135	60	35	160	None	None	testing
2	dr	f	19	red	Le	(80, 0)	(40, 69)	(-39, 69)	(-80, 0)	(-40, -69)	(40, -69)	circle	red	dif	left	left	(40, -69)	(-80, 0)	search	nr	True	383175	384102	left	135	10	35	85	110	60	None	None	testing
2	dr	f	19	red	Le	(80, 0)	(40, 69)	(-39, 69)	(-80, 0)	(-40, -69)	(40, -69)	diamond	red	same	left	left	(40, 69)	(-40, -69)	search	nr	True	385280	387046	left	160	135	110	35	10	60	None	None	testing
2	dr	f	19	red	Le	(80, 0)	(40, 69)	(-39, 69)	(-80, 0)	(-40, -69)	(40, -69)	diamond	red	same	right	right	(-80, 0)	(80, 0)	search	nr	True	388335	389318	right	110	10	60	35	160	135	None	None	testing
2	dr	f	19	red	Le	(80, 0)	(40, 69)	(-39, 69)	(-80, 0)	(-40, -69)	(40, -69)	circle	red	dif	right	right	(40, -69)	(-39, 69)	search	nr	True	390589	391766	right	110	35	10	85	60	135	None	None	testing
2	dr	f	19	red	Le	(80, 0)	(40, 69)	(-39, 69)	(-80, 0)	(-40, -69)	(40, -69)	diamond	red	dif	left	left	(40, -69)	(-80, 0)	search	nr	True	392977	393766	left	110	160	35	10	85	60	None	None	testing
2	dr	f	19	red	Le	(80, 0)	(40, 69)	(-39, 69)	(-80, 0)	(-40, -69)	(40, -69)	circle	red	dif	left	left	(40, 69)	(-80, 0)	search	nr	True	394997	395654	left	10	135	85	60	35	160	None	None	testing
2	dr	f	19	red	Le	(80, 0)	(40, 69)	(-39, 69)	(-80, 0)	(-40, -69)	(40, -69)	diamond	red	same	left	left	(40, 69)	(-40, -69)	search	nr	True	396884	397878	left	135	35	60	160	85	110	None	None	testing
2	dr	f	19	red	Le	(80, 0)	(40, 69)	(-39, 69)	(-80, 0)	(-40, -69)	(40, -69)	diamond	none	same	right	right	N_dist	(-39, 69)	search	nr	True	399155	400150	right	60	110	10	160	135	35	None	None	testing
2	dr	f	19	red	Le	(80, 0)	(40, 69)	(-39, 69)	(-80, 0)	(-40, -69)	(40, -69)	circle	red	dif	left	left	(40, 69)	(80, 0)	search	nr	True	401292	402582	left	135	85	10	110	160	35	None	None	testing
2	dr	f	19	red	Le	(80, 0)	(40, 69)	(-39, 69)	(-80, 0)	(-40, -69)	(40, -69)	circle	none	dif	right	right	N_dist	(-40, -69)	search	nr	True	403746	404535	right	160	85	60	10	35	110	None	None	testing
2	dr	f	19	red	Le	(80, 0)	(40, 69)	(-39, 69)	(-80, 0)	(-40, -69)	(40, -69)	diamond	red	same	left	left	(40, 69)	(-39, 69)	search	nr	True	405750	406966	left	110	60	160	135	10	35	None	None	testing
2	dr	f	19	red	Le	(80, 0)	(40, 69)	(-39, 69)	(-80, 0)	(-40, -69)	(40, -69)	circle	red	dif	right	right	(40, 69)	(80, 0)	search	nr	True	408105	409126	right	85	110	60	10	160	35	None	None	testing
2	dr	f	19	red	Le	(80, 0)	(40, 69)	(-39, 69)	(-80, 0)	(-40, -69)	(40, -69)	circle	red	dif	left	left	(40, 69)	(-80, 0)	search	nr	True	410359	410998	left	60	110	135	35	85	10	None	None	testing
2	dr	f	19	red	Le	(80, 0)	(40, 69)	(-39, 69)	(-80, 0)	(-40, -69)	(40, -69)	diamond	red	dif	right	right	(-80, 0)	(-40, -69)	search	nr	True	412095	413238	right	35	60	10	135	110	85	None	None	testing
2	dr	f	19	red	Le	(80, 0)	(40, 69)	(-39, 69)	(-80, 0)	(-40, -69)	(40, -69)	circle	red	same	left	left	(40, 69)	(-80, 0)	search	nr	True	414299	414982	left	35	135	85	10	60	110	None	None	testing
2	dr	f	19	red	Le	(80, 0)	(40, 69)	(-39, 69)	(-80, 0)	(-40, -69)	(40, -69)	circle	red	same	right	right	(40, 69)	(-80, 0)	search	nr	True	416069	416662	right	10	60	110	35	135	85	None	None	testing
2	dr	f	19	red	Le	(80, 0)	(40, 69)	(-39, 69)	(-80, 0)	(-40, -69)	(40, -69)	circle	red	dif	right	right	(40, 69)	(-80, 0)	search	nr	True	417739	418279	right	60	10	35	160	110	85	None	None	testing
2	dr	f	19	red	Le	(80, 0)	(40, 69)	(-39, 69)	(-80, 0)	(-40, -69)	(40, -69)	circle	none	same	right	right	N_dist	(80, 0)	search	nr	True	419359	419974	right	160	110	35	60	85	135	None	None	testing
2	dr	f	19	red	Le	(80, 0)	(40, 69)	(-39, 69)	(-80, 0)	(-40, -69)	(40, -69)	diamond	red	dif	left	left	(40, 69)	(-80, 0)	search	nr	True	421245	421830	left	135	160	60	10	85	35	None	None	testing
2	dr	f	19	red	Le	(80, 0)	(40, 69)	(-39, 69)	(-80, 0)	(-40, -69)	(40, -69)	diamond	red	dif	left	left	(-40, -69)	(-80, 0)	search	nr	True	423116	424150	left	85	135	110	160	60	10	None	None	testing
2	dr	f	19	red	Le	(80, 0)	(40, 69)	(-39, 69)	(-80, 0)	(-40, -69)	(40, -69)	diamond	red	dif	left	left	(40, 69)	(80, 0)	search	nr	True	425386	426198	left	160	60	10	110	85	135	None	None	testing
2	dr	f	19	red	Le	(80, 0)	(40, 69)	(-39, 69)	(-80, 0)	(-40, -69)	(40, -69)	diamond	red	dif	left	left	(40, 69)	(-40, -69)	search	nr	True	427289	428550	left	135	10	35	110	85	160	None	None	testing
2	dr	f	19	red	Le	(80, 0)	(40, 69)	(-39, 69)	(-80, 0)	(-40, -69)	(40, -69)	circle	none	same	right	right	N_dist	(40, -69)	search	nr	True	429677	430615	right	10	135	60	85	35	160	None	None	testing
2	dr	f	19	red	Le	(80, 0)	(40, 69)	(-39, 69)	(-80, 0)	(-40, -69)	(40, -69)	circle	red	same	right	right	(40, 69)	(-80, 0)	search	nr	True	431798	432614	right	10	60	85	160	110	35	None	None	testing
2	dr	f	19	red	Le	(80, 0)	(40, 69)	(-39, 69)	(-80, 0)	(-40, -69)	(40, -69)	diamond	none	dif	left	left	N_dist	(-80, 0)	search	nr	True	433902	434598	left	35	10	110	60	85	160	None	None	testing
2	dr	f	19	red	Le	(80, 0)	(40, 69)	(-39, 69)	(-80, 0)	(-40, -69)	(40, -69)	diamond	none	same	right	right	N_dist	(-39, 69)	search	nr	True	435739	436934	right	160	110	35	10	85	135	None	None	testing
2	dr	f	19	red	Le	(80, 0)	(40, 69)	(-39, 69)	(-80, 0)	(-40, -69)	(40, -69)	circle	red	same	left	left	(80, 0)	(40, -69)	search	nr	True	438193	438982	left	10	110	60	35	135	160	None	None	testing
2	dr	f	19	red	Le	(80, 0)	(40, 69)	(-39, 69)	(-80, 0)	(-40, -69)	(40, -69)	diamond	red	same	right	right	(40, 69)	(-39, 69)	search	nr	True	440163	441911	right	160	85	35	110	10	60	None	None	testing
2	dr	f	19	red	Le	(80, 0)	(40, 69)	(-39, 69)	(-80, 0)	(-40, -69)	(40, -69)	circle	red	same	left	left	(80, 0)	(40, -69)	search	nr	True	443019	445094	left	110	60	10	35	85	135	None	None	testing
2	dr	f	19	red	Le	(80, 0)	(40, 69)	(-39, 69)	(-80, 0)	(-40, -69)	(40, -69)	circle	red	same	right	right	(80, 0)	(-40, -69)	search	nr	True	446158	447366	right	135	160	35	85	60	110	None	None	testing
2	dr	f	19	red	Le	(80, 0)	(40, 69)	(-39, 69)	(-80, 0)	(-40, -69)	(40, -69)	circle	red	same	right	right	(40, 69)	(-80, 0)	search	nr	True	448596	449430	right	10	35	135	160	60	110	None	None	testing
2	dr	f	19	red	Le	(80, 0)	(40, 69)	(-39, 69)	(-80, 0)	(-40, -69)	(40, -69)	diamond	red	dif	left	left	(-40, -69)	(-39, 69)	search	nr	True	450716	451734	left	85	110	60	10	160	35	None	None	testing
2	dr	f	19	red	Le	(80, 0)	(40, 69)	(-39, 69)	(-80, 0)	(-40, -69)	(40, -69)	diamond	none	same	left	left	N_dist	(-80, 0)	search	nr	True	452970	453750	left	110	160	60	135	85	35	None	None	testing
2	dr	f	19	red	Le	(80, 0)	(40, 69)	(-39, 69)	(-80, 0)	(-40, -69)	(40, -69)	circle	none	same	right	right	N_dist	(40, -69)	search	nr	True	454941	455734	right	135	110	160	60	85	35	None	None	testing
2	dr	f	19	red	Le	(80, 0)	(40, 69)	(-39, 69)	(-80, 0)	(-40, -69)	(40, -69)	diamond	red	dif	right	right	(40, 69)	(80, 0)	search	nr	True	457028	458406	right	10	160	35	135	110	60	None	None	testing
2	dr	f	19	red	Le	(80, 0)	(40, 69)	(-39, 69)	(-80, 0)	(-40, -69)	(40, -69)	circle	red	same	left	left	(40, 69)	(-80, 0)	search	nr	True	459649	460598	left	135	110	85	160	60	10	None	None	testing
2	dr	f	19	red	Le	(80, 0)	(40, 69)	(-39, 69)	(-80, 0)	(-40, -69)	(40, -69)	diamond	red	dif	left	left	(80, 0)	(-39, 69)	search	nr	True	461737	462902	left	135	160	110	35	85	60	None	None	testing
2	dr	f	19	red	Le	(80, 0)	(40, 69)	(-39, 69)	(-80, 0)	(-40, -69)	(40, -69)	diamond	none	dif	left	left	N_dist	(80, 0)	search	nr	True	464108	465318	left	135	85	110	35	60	160	None	None	testing
2	dr	f	19	red	Le	(80, 0)	(40, 69)	(-39, 69)	(-80, 0)	(-40, -69)	(40, -69)	circle	red	same	right	right	(40, 69)	(-39, 69)	search	nr	True	466579	467478	right	135	110	85	10	35	160	None	None	testing
2	dr	f	19	red	Le	(80, 0)	(40, 69)	(-39, 69)	(-80, 0)	(-40, -69)	(40, -69)	circle	red	same	left	left	(40, 69)	(-40, -69)	search	nr	True	468566	469703	right	135	160	85	60	10	110	None	None	testing
2	dr	f	19	red	Le	(80, 0)	(40, 69)	(-39, 69)	(-80, 0)	(-40, -69)	(40, -69)	diamond	red	dif	left	left	(40, 69)	(-80, 0)	search	nr	True	472523	473079	left	110	35	10	135	85	60	None	None	testing
2	dr	f	19	red	Le	(80, 0)	(40, 69)	(-39, 69)	(-80, 0)	(-40, -69)	(40, -69)	circle	red	dif	right	right	(-80, 0)	(-40, -69)	search	nr	True	474327	475942	right	135	35	60	85	110	160	None	None	testing
2	dr	f	19	red	Le	(80, 0)	(40, 69)	(-39, 69)	(-80, 0)	(-40, -69)	(40, -69)	diamond	none	dif	right	right	N_dist	(40, 69)	search	nr	True	476997	477974	right	85	160	10	110	135	35	None	None	testing
2	dr	f	19	red	Le	(80, 0)	(40, 69)	(-39, 69)	(-80, 0)	(-40, -69)	(40, -69)	circle	red	dif	right	right	(40, 69)	(-80, 0)	search	nr	True	479135	479990	right	85	35	110	60	10	160	None	None	testing
2	dr	f	19	red	Le	(80, 0)	(40, 69)	(-39, 69)	(-80, 0)	(-40, -69)	(40, -69)	diamond	none	same	left	left	N_dist	(40, 69)	search	nr	True	481205	482102	left	35	60	10	160	85	110	None	None	testing
2	dr	f	19	red	Le	(80, 0)	(40, 69)	(-39, 69)	(-80, 0)	(-40, -69)	(40, -69)	circle	none	same	right	right	N_dist	(80, 0)	search	nr	True	483209	484406	right	60	160	35	10	110	135	None	None	testing
2	dr	f	19	red	Le	(80, 0)	(40, 69)	(-39, 69)	(-80, 0)	(-40, -69)	(40, -69)	circle	red	dif	right	right	(-39, 69)	(40, -69)	search	nr	True	485530	486054	right	60	85	10	110	160	135	None	None	testing
2	dr	f	19	red	Le	(80, 0)	(40, 69)	(-39, 69)	(-80, 0)	(-40, -69)	(40, -69)	diamond	red	same	right	right	(40, 69)	(-39, 69)	search	nr	True	487350	488374	right	35	110	10	135	160	85	None	None	testing
2	dr	f	19	red	Le	(80, 0)	(40, 69)	(-39, 69)	(-80, 0)	(-40, -69)	(40, -69)	diamond	none	same	right	right	N_dist	(80, 0)	search	nr	True	489587	490262	right	85	35	110	160	10	60	None	None	testing
2	dr	f	19	red	Le	(80, 0)	(40, 69)	(-39, 69)	(-80, 0)	(-40, -69)	(40, -69)	diamond	red	same	left	left	(40, 69)	(-40, -69)	search	nr	True	491457	492406	left	135	160	110	10	60	85	None	None	testing
2	dr	f	19	red	Le	(80, 0)	(40, 69)	(-39, 69)	(-80, 0)	(-40, -69)	(40, -69)	diamond	red	dif	left	left	(40, 69)	(40, -69)	search	nr	True	493511	494166	left	110	85	160	135	60	35	None	None	testing
2	dr	f	19	red	Le	(80, 0)	(40, 69)	(-39, 69)	(-80, 0)	(-40, -69)	(40, -69)	circle	red	same	left	left	(-80, 0)	(40, -69)	search	nr	True	495231	496806	left	35	110	85	10	135	160	None	None	testing
2	dr	f	19	red	Le	(80, 0)	(40, 69)	(-39, 69)	(-80, 0)	(-40, -69)	(40, -69)	diamond	red	same	right	right	(-40, -69)	(-80, 0)	search	nr	True	497919	498966	right	35	10	135	60	85	110	None	None	testing
2	dr	f	19	red	Le	(80, 0)	(40, 69)	(-39, 69)	(-80, 0)	(-40, -69)	(40, -69)	circle	red	same	left	left	(40, 69)	(-80, 0)	search	nr	True	500107	501079	left	10	85	35	160	135	110	None	None	testing
2	dr	f	19	red	Le	(80, 0)	(40, 69)	(-39, 69)	(-80, 0)	(-40, -69)	(40, -69)	circle	red	dif	right	right	(40, 69)	(-80, 0)	search	nr	True	502228	502886	right	85	135	160	35	110	60	None	None	testing
2	dr	f	19	red	Le	(80, 0)	(40, 69)	(-39, 69)	(-80, 0)	(-40, -69)	(40, -69)	diamond	red	same	right	right	(-80, 0)	(80, 0)	search	nr	True	503981	504934	right	110	10	35	135	160	85	None	None	testing
2	dr	f	19	red	Le	(80, 0)	(40, 69)	(-39, 69)	(-80, 0)	(-40, -69)	(40, -69)	circle	red	dif	right	right	(40, 69)	(-80, 0)	search	nr	True	506134	507078	right	35	10	160	60	135	85	None	None	testing
2	dr	f	19	red	Le	(80, 0)	(40, 69)	(-39, 69)	(-80, 0)	(-40, -69)	(40, -69)	diamond	red	dif	right	right	(40, 69)	(80, 0)	search	nr	True	508255	508902	right	135	85	60	160	10	110	None	None	testing
2	dr	f	19	red	Le	(80, 0)	(40, 69)	(-39, 69)	(-80, 0)	(-40, -69)	(40, -69)	diamond	none	same	right	right	N_dist	(80, 0)	search	nr	True	510125	510646	right	85	10	110	35	60	135	None	None	testing
2	dr	f	19	red	Le	(80, 0)	(40, 69)	(-39, 69)	(-80, 0)	(-40, -69)	(40, -69)	circle	none	same	left	left	N_dist	(40, 69)	search	nr	True	511929	512966	left	135	85	160	110	10	60	None	None	testing
2	dr	f	19	red	Le	(80, 0)	(40, 69)	(-39, 69)	(-80, 0)	(-40, -69)	(40, -69)	diamond	red	dif	left	left	(-40, -69)	(-80, 0)	search	nr	True	514183	515205	left	10	160	85	60	135	110	None	None	testing
2	dr	f	19	red	Le	(80, 0)	(40, 69)	(-39, 69)	(-80, 0)	(-40, -69)	(40, -69)	circle	red	dif	right	right	(-39, 69)	(-40, -69)	search	nr	True	516336	517110	right	85	10	35	110	60	160	None	None	testing
2	dr	f	19	red	Le	(80, 0)	(40, 69)	(-39, 69)	(-80, 0)	(-40, -69)	(40, -69)	diamond	red	same	right	right	(80, 0)	(-39, 69)	search	nr	True	518206	519254	right	160	110	10	85	135	60	None	None	testing
2	dr	f	19	red	Le	(80, 0)	(40, 69)	(-39, 69)	(-80, 0)	(-40, -69)	(40, -69)	circle	red	dif	left	left	(40, -69)	(-40, -69)	search	nr	True	520511	521462	left	60	85	10	160	35	135	None	None	testing
2	dr	f	19	red	Le	(80, 0)	(40, 69)	(-39, 69)	(-80, 0)	(-40, -69)	(40, -69)	diamond	red	dif	right	right	(-39, 69)	(80, 0)	search	nr	True	522732	523526	right	110	160	135	10	60	35	None	None	testing
2	dr	f	19	red	Le	(80, 0)	(40, 69)	(-39, 69)	(-80, 0)	(-40, -69)	(40, -69)	diamond	none	dif	left	left	N_dist	(80, 0)	search	nr	True	524668	525253	left	110	85	10	160	135	60	None	None	testing
2	dr	f	19	red	Le	(80, 0)	(40, 69)	(-39, 69)	(-80, 0)	(-40, -69)	(40, -69)	diamond	none	dif	right	right	N_dist	(40, -69)	search	nr	True	526422	526982	right	110	85	35	160	10	60	None	None	testing
2	dr	f	19	red	Le	(80, 0)	(40, 69)	(-39, 69)	(-80, 0)	(-40, -69)	(40, -69)	circle	red	dif	left	left	(40, -69)	(-40, -69)	search	nr	True	528225	528709	right	135	60	160	10	110	85	None	None	testing
2	dr	f	19	red	Le	(80, 0)	(40, 69)	(-39, 69)	(-80, 0)	(-40, -69)	(40, -69)	diamond	red	same	right	right	(40, 69)	(-40, -69)	search	nr	True	531481	532165	right	10	135	60	85	160	110	None	None	testing
2	dr	f	19	red	Le	(80, 0)	(40, 69)	(-39, 69)	(-80, 0)	(-40, -69)	(40, -69)	diamond	red	same	right	right	(80, 0)	(-39, 69)	search	nr	True	533318	534182	right	110	135	35	160	10	60	None	None	testing
2	dr	f	19	red	Le	(80, 0)	(40, 69)	(-39, 69)	(-80, 0)	(-40, -69)	(40, -69)	circle	none	same	right	right	N_dist	(-80, 0)	search	nr	True	535405	536118	right	10	135	35	110	60	85	None	None	testing
2	dr	f	19	red	Le	(80, 0)	(40, 69)	(-39, 69)	(-80, 0)	(-40, -69)	(40, -69)	circle	red	dif	right	right	(-39, 69)	(-40, -69)	search	nr	True	537225	538133	left	135	60	160	35	85	110	None	None	testing
2	dr	f	19	red	Le	(80, 0)	(40, 69)	(-39, 69)	(-80, 0)	(-40, -69)	(40, -69)	diamond	red	same	right	right	(40, 69)	(-40, -69)	search	nr	True	540882	541669	right	160	35	110	60	85	10	None	None	testing
2	dr	f	19	red	Le	(80, 0)	(40, 69)	(-39, 69)	(-80, 0)	(-40, -69)	(40, -69)	circle	red	dif	left	left	(40, 69)	(-39, 69)	search	nr	True	542902	544598	left	60	35	135	160	10	85	None	None	testing
2	dr	f	19	red	Le	(80, 0)	(40, 69)	(-39, 69)	(-80, 0)	(-40, -69)	(40, -69)	circle	none	dif	right	right	N_dist	(40, -69)	search	nr	True	545874	546598	right	10	110	35	60	160	85	None	None	testing
2	dr	f	19	red	Le	(80, 0)	(40, 69)	(-39, 69)	(-80, 0)	(-40, -69)	(40, -69)	diamond	none	dif	right	right	N_dist	(-80, 0)	search	nr	True	547878	548597	right	110	160	35	60	10	135	None	None	testing
2	dr	f	19	red	Le	(80, 0)	(40, 69)	(-39, 69)	(-80, 0)	(-40, -69)	(40, -69)	diamond	red	dif	right	right	(40, 69)	(80, 0)	search	nr	True	549899	551062	right	110	10	160	135	35	60	None	None	testing
2	dr	f	19	red	Le	(80, 0)	(40, 69)	(-39, 69)	(-80, 0)	(-40, -69)	(40, -69)	diamond	none	dif	left	left	N_dist	(-80, 0)	search	nr	True	552120	552997	left	60	135	35	85	110	10	None	None	testing
2	dr	f	19	red	Le	(80, 0)	(40, 69)	(-39, 69)	(-80, 0)	(-40, -69)	(40, -69)	diamond	red	same	left	left	(40, 69)	(-39, 69)	search	nr	True	554157	555286	left	85	10	135	35	110	160	None	None	testing
2	dr	f	19	red	Le	(80, 0)	(40, 69)	(-39, 69)	(-80, 0)	(-40, -69)	(40, -69)	circle	red	same	left	left	(40, 69)	(40, -69)	search	nr	True	556460	557942	left	160	60	10	85	35	135	None	None	testing
2	dr	f	19	red	Le	(80, 0)	(40, 69)	(-39, 69)	(-80, 0)	(-40, -69)	(40, -69)	diamond	red	same	left	left	(40, 69)	(-40, -69)	search	nr	True	559099	559862	left	60	160	135	110	10	35	None	None	testing
2	dr	f	19	red	Le	(80, 0)	(40, 69)	(-39, 69)	(-80, 0)	(-40, -69)	(40, -69)	diamond	red	dif	left	left	(-40, -69)	(-39, 69)	search	nr	True	561085	562566	left	60	110	160	10	35	85	None	None	testing
2	dr	f	19	red	Le	(80, 0)	(40, 69)	(-39, 69)	(-80, 0)	(-40, -69)	(40, -69)	circle	none	dif	right	right	N_dist	(-40, -69)	search	nr	True	563774	564758	right	110	160	135	60	10	35	None	None	testing
2	dr	f	19	red	Le	(80, 0)	(40, 69)	(-39, 69)	(-80, 0)	(-40, -69)	(40, -69)	diamond	red	same	left	left	(40, 69)	(-39, 69)	search	nr	True	566011	566854	left	135	60	160	35	10	110	None	None	testing
2	dr	f	19	red	Le	(80, 0)	(40, 69)	(-39, 69)	(-80, 0)	(-40, -69)	(40, -69)	diamond	red	same	right	right	(40, 69)	(-40, -69)	search	nr	True	568015	568757	right	35	110	160	85	10	135	None	None	testing
2	dr	f	19	red	Le	(80, 0)	(40, 69)	(-39, 69)	(-80, 0)	(-40, -69)	(40, -69)	diamond	none	same	left	left	N_dist	(-80, 0)	search	nr	True	570052	570758	left	160	85	135	10	35	110	None	None	testing
2	dr	f	19	red	Le	(80, 0)	(40, 69)	(-39, 69)	(-80, 0)	(-40, -69)	(40, -69)	diamond	red	same	left	left	(40, 69)	(-40, -69)	search	nr	True	571972	572709	left	35	60	10	135	110	85	None	None	testing
2	dr	f	19	red	Le	(80, 0)	(40, 69)	(-39, 69)	(-80, 0)	(-40, -69)	(40, -69)	circle	red	dif	right	right	(40, 69)	(-39, 69)	search	nr	True	573959	575509	right	160	35	10	135	60	85	None	None	testing
2	dr	f	19	red	Le	(80, 0)	(40, 69)	(-39, 69)	(-80, 0)	(-40, -69)	(40, -69)	diamond	red	same	left	left	(40, 69)	(-39, 69)	search	nr	True	576681	577718	left	135	110	10	35	60	160	None	None	testing
2	dr	f	19	red	Le	(80, 0)	(40, 69)	(-39, 69)	(-80, 0)	(-40, -69)	(40, -69)	diamond	red	same	right	right	(40, 69)	(-39, 69)	search	nr	True	578935	579654	right	10	60	135	35	160	85	None	None	testing
2	dr	f	19	red	Le	(80, 0)	(40, 69)	(-39, 69)	(-80, 0)	(-40, -69)	(40, -69)	diamond	red	dif	left	left	(40, 69)	(40, -69)	search	nr	True	580906	581589	left	135	85	60	110	10	160	None	None	testing
2	dr	f	19	red	Le	(80, 0)	(40, 69)	(-39, 69)	(-80, 0)	(-40, -69)	(40, -69)	diamond	red	dif	left	left	(-40, -69)	(-39, 69)	search	nr	True	582708	583494	left	85	60	110	135	160	35	None	None	testing
2	dr	f	19	red	Le	(80, 0)	(40, 69)	(-39, 69)	(-80, 0)	(-40, -69)	(40, -69)	circle	none	same	right	right	N_dist	(40, 69)	search	nr	True	584612	585573	right	35	60	10	135	85	110	None	None	testing
2	dr	f	19	red	Le	(80, 0)	(40, 69)	(-39, 69)	(-80, 0)	(-40, -69)	(40, -69)	circle	red	dif	left	left	(40, 69)	(80, 0)	search	nr	True	586649	587702	left	10	110	35	160	85	135	None	None	testing
2	dr	f	19	red	Le	(80, 0)	(40, 69)	(-39, 69)	(-80, 0)	(-40, -69)	(40, -69)	circle	red	same	left	left	(-80, 0)	(40, -69)	search	nr	True	588820	589669	left	60	85	160	35	110	10	None	None	testing
2	dr	f	19	red	Le	(80, 0)	(40, 69)	(-39, 69)	(-80, 0)	(-40, -69)	(40, -69)	diamond	none	dif	left	left	N_dist	(-80, 0)	search	nr	True	590824	591590	left	135	35	85	60	160	110	None	None	testing
2	dr	f	19	red	Le	(80, 0)	(40, 69)	(-39, 69)	(-80, 0)	(-40, -69)	(40, -69)	diamond	red	same	left	left	(40, 69)	(-40, -69)	search	nr	True	592777	593589	right	35	110	135	60	160	10	None	None	testing
2	dr	f	19	red	Le	(80, 0)	(40, 69)	(-39, 69)	(-80, 0)	(-40, -69)	(40, -69)	diamond	none	dif	right	right	N_dist	(40, -69)	search	nr	True	596350	597253	right	35	10	135	160	60	110	None	None	testing
2	dr	f	19	red	Le	(80, 0)	(40, 69)	(-39, 69)	(-80, 0)	(-40, -69)	(40, -69)	diamond	red	dif	left	left	(40, 69)	(-80, 0)	search	nr	True	598438	599061	left	35	135	110	160	60	85	None	None	testing
2	dr	f	19	red	Le	(80, 0)	(40, 69)	(-39, 69)	(-80, 0)	(-40, -69)	(40, -69)	circle	none	dif	left	left	N_dist	(40, -69)	search	nr	True	600158	600822	left	135	10	85	60	160	35	None	None	testing
2	dr	f	19	red	Le	(80, 0)	(40, 69)	(-39, 69)	(-80, 0)	(-40, -69)	(40, -69)	circle	red	same	right	right	(-40, -69)	(40, -69)	search	nr	True	602011	603078	right	160	135	110	60	85	10	None	None	testing
2	dr	f	19	red	Le	(80, 0)	(40, 69)	(-39, 69)	(-80, 0)	(-40, -69)	(40, -69)	diamond	red	same	left	left	(40, 69)	(40, -69)	search	nr	True	604365	605285	left	85	110	60	35	135	10	None	None	testing
2	dr	f	19	red	Le	(80, 0)	(40, 69)	(-39, 69)	(-80, 0)	(-40, -69)	(40, -69)	circle	red	same	left	left	(40, 69)	(40, -69)	search	nr	True	606453	607286	left	110	60	10	160	85	35	None	None	testing
2	dr	f	19	red	Le	(80, 0)	(40, 69)	(-39, 69)	(-80, 0)	(-40, -69)	(40, -69)	circle	none	dif	right	right	N_dist	(-40, -69)	search	nr	True	608372	609125	right	160	135	85	35	110	60	None	None	testing
2	dr	f	19	red	Le	(80, 0)	(40, 69)	(-39, 69)	(-80, 0)	(-40, -69)	(40, -69)	circle	red	same	right	right	(40, -69)	(-80, 0)	search	nr	True	610376	611270	right	160	35	135	10	110	85	None	None	testing
2	dr	f	19	red	Le	(80, 0)	(40, 69)	(-39, 69)	(-80, 0)	(-40, -69)	(40, -69)	diamond	red	same	right	right	(-40, -69)	(-80, 0)	search	nr	True	612463	613702	right	85	60	10	160	135	35	None	None	testing
2	dr	f	19	red	Le	(80, 0)	(40, 69)	(-39, 69)	(-80, 0)	(-40, -69)	(40, -69)	diamond	red	dif	right	right	(40, 69)	(-80, 0)	search	nr	True	614901	615621	right	60	160	135	10	110	85	None	None	testing
2	dr	f	19	red	Le	(80, 0)	(40, 69)	(-39, 69)	(-80, 0)	(-40, -69)	(40, -69)	diamond	none	dif	left	left	N_dist	(-80, 0)	search	nr	True	616754	617301	left	60	160	35	135	110	10	None	None	testing
2	dr	f	19	red	Le	(80, 0)	(40, 69)	(-39, 69)	(-80, 0)	(-40, -69)	(40, -69)	diamond	red	same	right	right	(80, 0)	(-39, 69)	search	nr	True	618525	619620	right	110	85	60	160	135	35	None	None	testing
2	dr	f	19	red	Le	(80, 0)	(40, 69)	(-39, 69)	(-80, 0)	(-40, -69)	(40, -69)	diamond	none	dif	right	right	N_dist	(40, -69)	search	nr	True	620729	621461	right	85	35	60	10	135	110	None	None	testing
2	dr	f	19	red	Le	(80, 0)	(40, 69)	(-39, 69)	(-80, 0)	(-40, -69)	(40, -69)	diamond	red	same	left	left	(40, 69)	(40, -69)	search	nr	True	622581	623301	left	85	10	160	135	110	60	None	None	testing
2	dr	f	19	red	Le	(80, 0)	(40, 69)	(-39, 69)	(-80, 0)	(-40, -69)	(40, -69)	circle	none	dif	left	left	N_dist	(40, 69)	search	nr	True	624418	625461	left	135	35	10	160	85	60	None	None	testing
2	dr	f	19	red	Le	(80, 0)	(40, 69)	(-39, 69)	(-80, 0)	(-40, -69)	(40, -69)	diamond	red	dif	left	left	(40, 69)	(80, 0)	search	nr	True	626756	627606	left	35	160	110	10	135	60	None	None	testing
2	dr	f	19	red	Le	(80, 0)	(40, 69)	(-39, 69)	(-80, 0)	(-40, -69)	(40, -69)	circle	red	dif	left	left	(40, 69)	(-80, 0)	search	nr	True	628810	629574	left	10	60	85	135	35	160	None	None	testing
2	dr	f	19	red	Le	(80, 0)	(40, 69)	(-39, 69)	(-80, 0)	(-40, -69)	(40, -69)	diamond	red	dif	right	right	(-40, -69)	(80, 0)	search	nr	True	630713	631702	right	135	110	10	160	85	35	None	None	testing
2	dr	f	19	red	Le	(80, 0)	(40, 69)	(-39, 69)	(-80, 0)	(-40, -69)	(40, -69)	circle	none	same	left	left	N_dist	(-40, -69)	search	nr	True	632967	633574	left	85	110	135	60	160	10	None	None	testing
2	dr	f	19	red	Le	(80, 0)	(40, 69)	(-39, 69)	(-80, 0)	(-40, -69)	(40, -69)	diamond	none	dif	right	right	N_dist	(40, -69)	search	nr	True	634637	635301	right	160	60	35	10	85	135	None	None	testing
2	dr	f	19	red	Le	(80, 0)	(40, 69)	(-39, 69)	(-80, 0)	(-40, -69)	(40, -69)	circle	red	dif	right	right	(40, 69)	(80, 0)	search	nr	True	636457	637478	right	135	160	10	60	110	35	None	None	testing
2	dr	f	19	red	Le	(80, 0)	(40, 69)	(-39, 69)	(-80, 0)	(-40, -69)	(40, -69)	circle	red	dif	right	right	(40, -69)	(-80, 0)	search	nr	True	638578	639814	right	110	160	35	10	85	60	None	None	testing
2	dr	f	19	red	Le	(80, 0)	(40, 69)	(-39, 69)	(-80, 0)	(-40, -69)	(40, -69)	circle	red	dif	left	left	(40, 69)	(80, 0)	search	nr	True	640932	641686	left	10	35	60	85	160	110	None	None	testing
2	dr	f	19	red	Le	(80, 0)	(40, 69)	(-39, 69)	(-80, 0)	(-40, -69)	(40, -69)	diamond	none	dif	right	right	N_dist	(40, 69)	search	nr	True	642853	643654	right	10	35	160	60	135	110	None	None	testing
2	dr	f	19	red	Le	(80, 0)	(40, 69)	(-39, 69)	(-80, 0)	(-40, -69)	(40, -69)	diamond	red	dif	right	right	(40, 69)	(40, -69)	search	nr	True	644823	646198	right	60	110	85	35	10	135	None	None	testing
2	dr	f	19	red	Le	(80, 0)	(40, 69)	(-39, 69)	(-80, 0)	(-40, -69)	(40, -69)	circle	none	same	left	left	N_dist	(80, 0)	search	nr	True	647377	648277	left	135	35	110	60	10	85	None	None	testing
2	dr	f	19	red	Le	(80, 0)	(40, 69)	(-39, 69)	(-80, 0)	(-40, -69)	(40, -69)	circle	red	same	right	right	(80, 0)	(-40, -69)	search	nr	True	649515	650469	right	10	60	110	35	85	160	None	None	testing
2	dr	f	19	red	Le	(80, 0)	(40, 69)	(-39, 69)	(-80, 0)	(-40, -69)	(40, -69)	diamond	red	dif	right	right	(40, 69)	(80, 0)	search	nr	True	651536	652261	right	160	60	35	85	10	110	None	None	testing
2	dr	f	19	red	Le	(80, 0)	(40, 69)	(-39, 69)	(-80, 0)	(-40, -69)	(40, -69)	diamond	none	same	right	right	N_dist	(-40, -69)	search	nr	True	653371	654022	right	60	10	135	35	85	160	None	None	testing
2	dr	f	19	red	Le	(80, 0)	(40, 69)	(-39, 69)	(-80, 0)	(-40, -69)	(40, -69)	diamond	red	same	left	left	(-80, 0)	(-40, -69)	search	nr	True	655258	657125	left	60	35	110	135	10	85	None	None	testing
2	dr	f	19	red	Le	(80, 0)	(40, 69)	(-39, 69)	(-80, 0)	(-40, -69)	(40, -69)	circle	none	same	right	right	N_dist	(40, -69)	search	nr	True	658214	658822	right	35	110	10	60	85	160	None	None	testing
2	dr	f	19	red	Le	(80, 0)	(40, 69)	(-39, 69)	(-80, 0)	(-40, -69)	(40, -69)	diamond	red	same	left	left	(40, 69)	(-40, -69)	search	nr	True	659951	660726	left	110	60	35	10	85	135	None	None	testing
2	dr	f	19	red	Le	(80, 0)	(40, 69)	(-39, 69)	(-80, 0)	(-40, -69)	(40, -69)	diamond	red	dif	left	left	(80, 0)	(-39, 69)	search	nr	True	661904	663365	left	60	160	85	10	110	35	None	None	testing
2	dr	f	19	red	Le	(80, 0)	(40, 69)	(-39, 69)	(-80, 0)	(-40, -69)	(40, -69)	circle	red	same	left	left	(40, 69)	(-40, -69)	search	nr	True	664592	665301	left	60	110	85	160	135	10	None	None	testing
2	dr	f	19	red	Le	(80, 0)	(40, 69)	(-39, 69)	(-80, 0)	(-40, -69)	(40, -69)	diamond	red	same	right	right	(80, 0)	(-80, 0)	search	nr	True	666379	667333	right	160	110	10	60	35	135	None	None	testing
2	dr	f	19	red	Le	(80, 0)	(40, 69)	(-39, 69)	(-80, 0)	(-40, -69)	(40, -69)	circle	red	same	right	right	(80, 0)	(-40, -69)	search	nr	True	668533	669685	right	110	10	160	135	35	60	None	None	testing
2	dr	f	19	red	Le	(80, 0)	(40, 69)	(-39, 69)	(-80, 0)	(-40, -69)	(40, -69)	diamond	red	dif	left	left	(40, 69)	(80, 0)	search	nr	True	670988	671621	left	35	85	60	10	135	110	None	None	testing
2	dr	f	19	red	Le	(80, 0)	(40, 69)	(-39, 69)	(-80, 0)	(-40, -69)	(40, -69)	diamond	none	same	right	right	N_dist	(-40, -69)	search	nr	True	672757	673366	right	135	110	60	85	10	35	None	None	testing
2	dr	f	19	red	Le	(80, 0)	(40, 69)	(-39, 69)	(-80, 0)	(-40, -69)	(40, -69)	diamond	none	same	right	right	N_dist	(-39, 69)	search	nr	True	674528	675125	left	110	60	135	160	35	85	None	None	testing
2	dr	f	19	red	Le	(80, 0)	(40, 69)	(-39, 69)	(-80, 0)	(-40, -69)	(40, -69)	circle	none	dif	left	left	N_dist	(40, 69)	search	nr	True	677900	678597	left	110	35	60	10	135	160	None	None	testing
2	dr	f	19	red	Le	(80, 0)	(40, 69)	(-39, 69)	(-80, 0)	(-40, -69)	(40, -69)	diamond	none	same	right	right	N_dist	(-39, 69)	search	nr	True	679720	680614	right	160	85	110	60	10	35	None	None	testing
2	dr	f	19	red	Le	(80, 0)	(40, 69)	(-39, 69)	(-80, 0)	(-40, -69)	(40, -69)	diamond	red	dif	right	right	(-80, 0)	(-40, -69)	search	nr	True	681757	682742	right	35	10	85	160	60	110	None	None	testing
2	dr	f	19	red	Le	(80, 0)	(40, 69)	(-39, 69)	(-80, 0)	(-40, -69)	(40, -69)	diamond	red	same	left	left	(40, 69)	(-40, -69)	search	nr	True	683978	684950	left	35	110	135	10	60	85	None	None	testing
2	dr	f	19	red	Le	(80, 0)	(40, 69)	(-39, 69)	(-80, 0)	(-40, -69)	(40, -69)	circle	none	dif	right	right	N_dist	(40, -69)	search	nr	True	686048	686677	left	35	135	160	85	10	110	None	None	testing
2	dr	f	19	red	Le	(80, 0)	(40, 69)	(-39, 69)	(-80, 0)	(-40, -69)	(40, -69)	circle	red	dif	right	right	(40, 69)	(80, 0)	search	nr	True	689388	690486	right	160	135	85	10	60	110	None	None	testing
2	dr	f	19	red	Le	(80, 0)	(40, 69)	(-39, 69)	(-80, 0)	(-40, -69)	(40, -69)	diamond	red	dif	left	left	(40, -69)	(-80, 0)	search	nr	True	691776	692517	left	135	85	35	60	110	160	None	None	testing
2	dr	f	19	red	Le	(80, 0)	(40, 69)	(-39, 69)	(-80, 0)	(-40, -69)	(40, -69)	circle	red	same	left	left	(40, 69)	(-40, -69)	search	nr	True	693763	694677	left	10	135	35	85	160	110	None	None	testing
2	dr	f	19	red	Le	(80, 0)	(40, 69)	(-39, 69)	(-80, 0)	(-40, -69)	(40, -69)	diamond	red	same	left	left	(40, 69)	(80, 0)	search	nr	True	695867	696614	left	60	10	110	160	85	35	None	None	testing
2	dr	f	19	red	Le	(80, 0)	(40, 69)	(-39, 69)	(-80, 0)	(-40, -69)	(40, -69)	circle	none	same	left	left	N_dist	(80, 0)	search	nr	True	697904	698677	left	85	135	60	10	110	160	None	None	testing
2	dr	f	19	red	Le	(80, 0)	(40, 69)	(-39, 69)	(-80, 0)	(-40, -69)	(40, -69)	diamond	red	same	right	right	(-80, 0)	(80, 0)	search	nr	True	699774	700774	right	60	10	135	160	35	110	None	None	testing
2	dr	f	19	red	Le	(80, 0)	(40, 69)	(-39, 69)	(-80, 0)	(-40, -69)	(40, -69)	diamond	none	dif	left	left	N_dist	(-80, 0)	search	nr	True	702028	702677	left	10	35	110	85	60	135	None	None	testing
2	dr	f	19	red	Le	(80, 0)	(40, 69)	(-39, 69)	(-80, 0)	(-40, -69)	(40, -69)	circle	red	same	left	left	(40, 69)	(-80, 0)	search	nr	True	703881	704501	left	35	60	160	85	10	110	None	None	testing
2	dr	f	19	red	Le	(80, 0)	(40, 69)	(-39, 69)	(-80, 0)	(-40, -69)	(40, -69)	circle	red	same	left	left	(80, 0)	(40, -69)	search	nr	True	705568	706597	left	110	60	135	85	35	160	None	None	testing
2	dr	f	19	red	Le	(80, 0)	(40, 69)	(-39, 69)	(-80, 0)	(-40, -69)	(40, -69)	circle	none	same	left	left	N_dist	(40, 69)	search	nr	True	707805	708742	left	135	60	35	10	160	110	None	None	testing
2	dr	f	19	red	Le	(80, 0)	(40, 69)	(-39, 69)	(-80, 0)	(-40, -69)	(40, -69)	diamond	red	same	right	right	(40, 69)	(-39, 69)	search	nr	True	709826	711061	right	60	85	10	110	35	160	None	None	testing
2	dr	f	19	red	Le	(80, 0)	(40, 69)	(-39, 69)	(-80, 0)	(-40, -69)	(40, -69)	diamond	red	dif	left	left	(40, 69)	(-80, 0)	search	nr	True	712263	712870	left	135	110	85	60	35	10	None	None	testing
2	dr	f	19	red	Le	(80, 0)	(40, 69)	(-39, 69)	(-80, 0)	(-40, -69)	(40, -69)	circle	red	same	left	left	(40, 69)	(40, -69)	search	nr	True	714133	714933	left	35	85	135	10	60	110	None	None	testing
2	dr	f	19	red	Le	(80, 0)	(40, 69)	(-39, 69)	(-80, 0)	(-40, -69)	(40, -69)	diamond	none	dif	left	left	N_dist	(-80, 0)	search	nr	True	716037	716581	left	60	160	10	35	110	85	None	None	testing
2	dr	f	19	red	Le	(80, 0)	(40, 69)	(-39, 69)	(-80, 0)	(-40, -69)	(40, -69)	diamond	red	same	right	right	(40, 69)	(-39, 69)	search	nr	True	717723	718836	right	110	160	35	10	60	85	None	None	testing
2	dr	f	19	red	Le	(80, 0)	(40, 69)	(-39, 69)	(-80, 0)	(-40, -69)	(40, -69)	circle	red	same	right	right	(-40, -69)	(40, -69)	search	nr	True	719927	721797	right	10	135	60	35	85	160	None	None	testing
2	dr	f	19	red	Le	(80, 0)	(40, 69)	(-39, 69)	(-80, 0)	(-40, -69)	(40, -69)	diamond	red	same	left	left	(40, 69)	(80, 0)	search	nr	True	723067	723925	left	160	110	135	10	85	60	None	None	testing
2	dr	f	19	red	Le	(80, 0)	(40, 69)	(-39, 69)	(-80, 0)	(-40, -69)	(40, -69)	circle	none	dif	left	left	N_dist	(40, -69)	search	nr	True	725137	726053	left	85	160	35	135	110	10	None	None	testing
2	dr	f	19	red	Le	(80, 0)	(40, 69)	(-39, 69)	(-80, 0)	(-40, -69)	(40, -69)	diamond	none	same	left	left	N_dist	(-39, 69)	search	nr	True	727308	727973	left	60	135	10	160	110	85	None	None	testing
2	dr	f	19	red	Le	(80, 0)	(40, 69)	(-39, 69)	(-80, 0)	(-40, -69)	(40, -69)	diamond	none	same	left	left	N_dist	(40, 69)	search	nr	True	729061	729685	left	85	110	60	10	35	135	None	None	testing
2	dr	f	19	red	Le	(80, 0)	(40, 69)	(-39, 69)	(-80, 0)	(-40, -69)	(40, -69)	diamond	none	same	right	right	N_dist	(-39, 69)	search	nr	True	730881	731525	right	10	135	60	85	35	160	None	None	testing
2	dr	f	19	red	Le	(80, 0)	(40, 69)	(-39, 69)	(-80, 0)	(-40, -69)	(40, -69)	circle	red	same	left	left	(-80, 0)	(40, -69)	search	nr	True	732818	733733	left	10	35	135	85	60	110	None	None	testing
2	dr	f	19	red	Le	(80, 0)	(40, 69)	(-39, 69)	(-80, 0)	(-40, -69)	(40, -69)	diamond	none	same	left	left	N_dist	(-80, 0)	search	nr	True	734838	735557	left	60	85	135	110	160	10	None	None	testing
2	dr	f	19	red	Le	(80, 0)	(40, 69)	(-39, 69)	(-80, 0)	(-40, -69)	(40, -69)	circle	red	same	right	right	(-39, 69)	(80, 0)	search	nr	True	736808	737589	right	85	10	135	160	60	110	None	None	testing
2	dr	f	19	red	Le	(80, 0)	(40, 69)	(-39, 69)	(-80, 0)	(-40, -69)	(40, -69)	diamond	none	same	left	left	N_dist	(-39, 69)	search	nr	True	738795	739460	left	160	10	35	110	60	85	None	None	testing
2	dr	f	19	red	Le	(80, 0)	(40, 69)	(-39, 69)	(-80, 0)	(-40, -69)	(40, -69)	diamond	none	dif	right	right	N_dist	(40, -69)	search	nr	True	740682	741333	right	60	135	160	10	110	35	None	None	testing
2	dr	f	19	red	Le	(80, 0)	(40, 69)	(-39, 69)	(-80, 0)	(-40, -69)	(40, -69)	circle	red	same	left	left	(40, 69)	(40, -69)	search	nr	True	742486	743269	left	110	160	60	10	85	35	None	None	testing
2	dr	f	19	red	Le	(80, 0)	(40, 69)	(-39, 69)	(-80, 0)	(-40, -69)	(40, -69)	circle	none	same	left	left	N_dist	(-40, -69)	search	nr	True	744406	745253	left	60	10	35	85	135	160	None	None	testing
2	dr	f	19	red	Le	(80, 0)	(40, 69)	(-39, 69)	(-80, 0)	(-40, -69)	(40, -69)	circle	none	same	right	right	N_dist	(-80, 0)	search	nr	True	746493	747157	right	60	160	135	10	35	85	None	None	testing
2	dr	f	19	red	Le	(80, 0)	(40, 69)	(-39, 69)	(-80, 0)	(-40, -69)	(40, -69)	circle	none	dif	right	right	N_dist	(80, 0)	search	nr	True	748263	748901	right	160	60	135	110	85	35	None	None	testing
2	dr	f	19	red	Le	(80, 0)	(40, 69)	(-39, 69)	(-80, 0)	(-40, -69)	(40, -69)	diamond	none	same	left	left	N_dist	(-80, 0)	search	nr	True	750066	750534	left	60	110	85	135	35	160	None	None	testing
2	dr	f	19	red	Le	(80, 0)	(40, 69)	(-39, 69)	(-80, 0)	(-40, -69)	(40, -69)	diamond	red	same	right	right	(40, 69)	(40, -69)	search	nr	True	751703	752645	right	10	160	135	110	85	35	None	None	testing
2	dr	f	19	red	Le	(80, 0)	(40, 69)	(-39, 69)	(-80, 0)	(-40, -69)	(40, -69)	circle	red	dif	left	left	(40, 69)	(80, 0)	search	nr	True	753806	754373	left	135	160	35	10	110	85	None	None	testing
2	dr	f	19	red	Le	(80, 0)	(40, 69)	(-39, 69)	(-80, 0)	(-40, -69)	(40, -69)	circle	red	dif	right	right	(40, -69)	(-39, 69)	search	nr	True	755610	756326	right	160	60	110	10	35	135	None	None	testing
2	dr	f	19	red	Le	(80, 0)	(40, 69)	(-39, 69)	(-80, 0)	(-40, -69)	(40, -69)	diamond	red	dif	right	right	(40, 69)	(40, -69)	search	nr	True	757597	758164	right	10	35	110	135	85	160	None	None	testing
2	dr	f	19	red	Le	(80, 0)	(40, 69)	(-39, 69)	(-80, 0)	(-40, -69)	(40, -69)	circle	red	dif	right	right	(-39, 69)	(40, -69)	search	nr	True	759266	760149	right	85	160	110	35	60	10	None	None	testing
2	dr	f	19	red	Le	(80, 0)	(40, 69)	(-39, 69)	(-80, 0)	(-40, -69)	(40, -69)	diamond	red	same	right	right	(80, 0)	(-80, 0)	search	nr	True	761454	762021	left	10	160	35	60	135	85	None	None	testing
2	dr	f	19	red	Le	(80, 0)	(40, 69)	(-39, 69)	(-80, 0)	(-40, -69)	(40, -69)	circle	red	dif	right	right	(-80, 0)	(-40, -69)	search	nr	True	764793	765557	right	35	110	160	135	60	10	None	None	testing
2	dr	f	19	red	Le	(80, 0)	(40, 69)	(-39, 69)	(-80, 0)	(-40, -69)	(40, -69)	circle	none	same	left	left	N_dist	(80, 0)	search	nr	True	766663	767397	left	135	85	110	60	35	10	None	None	testing
2	dr	f	19	red	Le	(80, 0)	(40, 69)	(-39, 69)	(-80, 0)	(-40, -69)	(40, -69)	diamond	none	same	right	right	N_dist	(-40, -69)	search	nr	True	768650	769397	right	160	35	110	135	10	85	None	None	testing
2	dr	f	19	red	Le	(80, 0)	(40, 69)	(-39, 69)	(-80, 0)	(-40, -69)	(40, -69)	diamond	red	same	right	right	(40, 69)	(40, -69)	search	nr	True	770571	771605	left	135	60	160	35	110	85	None	None	testing
2	dr	f	19	red	Le	(80, 0)	(40, 69)	(-39, 69)	(-80, 0)	(-40, -69)	(40, -69)	diamond	red	same	left	left	(40, 69)	(-40, -69)	search	nr	True	774194	775157	left	60	160	135	35	10	110	None	None	testing
2	dr	f	19	red	Le	(80, 0)	(40, 69)	(-39, 69)	(-80, 0)	(-40, -69)	(40, -69)	diamond	red	dif	right	right	(40, 69)	(-80, 0)	search	nr	True	776247	776933	right	60	110	135	160	85	10	None	None	testing
2	dr	f	19	red	Le	(80, 0)	(40, 69)	(-39, 69)	(-80, 0)	(-40, -69)	(40, -69)	diamond	red	dif	left	left	(-40, -69)	(-80, 0)	search	nr	True	778084	778853	left	85	110	35	10	135	60	None	None	testing
2	dr	f	19	red	Le	(80, 0)	(40, 69)	(-39, 69)	(-80, 0)	(-40, -69)	(40, -69)	diamond	none	same	right	right	N_dist	(-40, -69)	search	nr	True	779954	780580	right	110	35	10	135	60	160	None	None	testing
2	dr	f	19	red	Le	(80, 0)	(40, 69)	(-39, 69)	(-80, 0)	(-40, -69)	(40, -69)	diamond	none	dif	right	right	N_dist	(-80, 0)	search	nr	True	781825	782454	right	60	110	10	135	85	35	None	None	testing
2	dr	f	19	red	Le	(80, 0)	(40, 69)	(-39, 69)	(-80, 0)	(-40, -69)	(40, -69)	circle	none	same	left	left	N_dist	(40, 69)	search	nr	True	783695	784437	right	160	110	10	85	135	60	None	None	testing
2	dr	f	19	red	Le	(80, 0)	(40, 69)	(-39, 69)	(-80, 0)	(-40, -69)	(40, -69)	diamond	none	same	left	left	N_dist	(-39, 69)	search	nr	True	787167	788005	left	135	10	110	85	160	35	None	None	testing
2	dr	f	19	red	Le	(80, 0)	(40, 69)	(-39, 69)	(-80, 0)	(-40, -69)	(40, -69)	circle	red	same	right	right	(80, 0)	(-40, -69)	search	nr	True	789105	790118	right	85	10	110	35	60	135	None	None	testing
2	dr	f	19	red	Le	(80, 0)	(40, 69)	(-39, 69)	(-80, 0)	(-40, -69)	(40, -69)	diamond	red	dif	left	left	(40, 69)	(40, -69)	search	nr	True	791409	792021	left	110	60	135	160	85	35	None	None	testing
2	dr	f	19	red	Le	(80, 0)	(40, 69)	(-39, 69)	(-80, 0)	(-40, -69)	(40, -69)	circle	red	same	left	left	(40, 69)	(-39, 69)	search	nr	True	793295	794053	left	60	160	110	85	10	35	None	None	testing
2	dr	f	19	red	Le	(80, 0)	(40, 69)	(-39, 69)	(-80, 0)	(-40, -69)	(40, -69)	circle	red	dif	left	left	(-39, 69)	(-80, 0)	search	nr	True	795283	796181	left	135	160	10	35	85	60	None	None	testing
2	dr	f	19	red	Le	(80, 0)	(40, 69)	(-39, 69)	(-80, 0)	(-40, -69)	(40, -69)	circle	red	dif	right	right	(40, 69)	(-80, 0)	search	nr	True	797252	797893	right	160	135	10	35	110	85	None	None	testing
2	dr	f	19	red	Le	(80, 0)	(40, 69)	(-39, 69)	(-80, 0)	(-40, -69)	(40, -69)	diamond	red	same	right	right	(-80, 0)	(80, 0)	search	nr	True	799173	800245	right	85	10	135	35	160	110	None	None	testing
2	dr	f	19	red	Le	(80, 0)	(40, 69)	(-39, 69)	(-80, 0)	(-40, -69)	(40, -69)	diamond	red	same	right	right	(40, 69)	(40, -69)	search	nr	True	801411	802245	right	135	85	10	60	160	110	None	None	testing
2	dr	f	19	red	Le	(80, 0)	(40, 69)	(-39, 69)	(-80, 0)	(-40, -69)	(40, -69)	diamond	red	dif	right	right	(40, 69)	(80, 0)	search	nr	True	803347	804037	right	35	60	85	10	110	160	None	None	testing
2	dr	f	19	red	Le	(80, 0)	(40, 69)	(-39, 69)	(-80, 0)	(-40, -69)	(40, -69)	diamond	none	same	right	right	N_dist	(-39, 69)	search	nr	True	805234	805877	right	135	160	10	35	60	85	None	None	testing
2	dr	f	19	red	Le	(80, 0)	(40, 69)	(-39, 69)	(-80, 0)	(-40, -69)	(40, -69)	circle	red	dif	left	left	(40, -69)	(-80, 0)	search	nr	True	806971	808085	left	110	60	135	10	85	160	None	None	testing
2	dr	f	19	red	Le	(80, 0)	(40, 69)	(-39, 69)	(-80, 0)	(-40, -69)	(40, -69)	circle	red	same	right	right	(40, 69)	(-39, 69)	search	nr	True	809242	809941	right	85	160	35	60	10	135	None	None	testing
2	dr	f	19	red	Le	(80, 0)	(40, 69)	(-39, 69)	(-80, 0)	(-40, -69)	(40, -69)	circle	red	same	right	right	(40, -69)	(-80, 0)	search	nr	True	811079	811877	right	10	85	135	160	110	60	None	None	testing
2	dr	f	19	red	Le	(80, 0)	(40, 69)	(-39, 69)	(-80, 0)	(-40, -69)	(40, -69)	diamond	red	dif	right	right	(40, 69)	(80, 0)	search	nr	True	813149	813829	left	160	85	60	110	135	35	None	None	testing
2	dr	f	19	red	Le	(80, 0)	(40, 69)	(-39, 69)	(-80, 0)	(-40, -69)	(40, -69)	circle	none	dif	left	left	N_dist	(-39, 69)	search	nr	True	816454	817045	left	110	85	10	60	160	35	None	None	testing
2	dr	f	19	red	Le	(80, 0)	(40, 69)	(-39, 69)	(-80, 0)	(-40, -69)	(40, -69)	diamond	red	dif	right	right	(-80, 0)	(-40, -69)	search	nr	True	818108	819188	right	160	135	110	10	35	60	None	None	testing
2	dr	f	19	red	Le	(80, 0)	(40, 69)	(-39, 69)	(-80, 0)	(-40, -69)	(40, -69)	diamond	none	dif	right	right	N_dist	(-80, 0)	search	nr	True	820462	821141	right	10	35	160	110	135	60	None	None	testing
2	dr	f	19	red	Le	(80, 0)	(40, 69)	(-39, 69)	(-80, 0)	(-40, -69)	(40, -69)	circle	none	dif	right	right	N_dist	(-40, -69)	search	nr	True	822199	822965	right	160	110	35	10	135	85	None	None	testing
2	dr	f	19	red	Le	(80, 0)	(40, 69)	(-39, 69)	(-80, 0)	(-40, -69)	(40, -69)	diamond	none	same	left	left	N_dist	(-39, 69)	search	nr	True	824085	824965	left	110	10	135	85	160	60	None	None	testing
2	dr	f	19	red	Le	(80, 0)	(40, 69)	(-39, 69)	(-80, 0)	(-40, -69)	(40, -69)	circle	red	same	right	right	(-39, 69)	(80, 0)	search	nr	True	826039	826870	right	60	110	85	160	35	135	None	None	testing
2	dr	f	19	red	Le	(80, 0)	(40, 69)	(-39, 69)	(-80, 0)	(-40, -69)	(40, -69)	circle	none	same	right	right	N_dist	(-80, 0)	search	nr	True	828042	828804	right	35	160	10	110	85	135	None	None	testing
2	dr	f	19	red	Le	(80, 0)	(40, 69)	(-39, 69)	(-80, 0)	(-40, -69)	(40, -69)	circle	none	dif	left	left	N_dist	(-39, 69)	search	nr	True	829929	830773	left	35	110	135	85	10	160	None	None	testing
2	dr	f	19	red	Le	(80, 0)	(40, 69)	(-39, 69)	(-80, 0)	(-40, -69)	(40, -69)	diamond	red	same	left	left	(40, 69)	(-40, -69)	search	nr	True	831950	833605	left	110	10	160	85	35	60	None	None	testing
2	dr	f	19	red	Le	(80, 0)	(40, 69)	(-39, 69)	(-80, 0)	(-40, -69)	(40, -69)	circle	red	dif	left	left	(40, 69)	(80, 0)	search	nr	True	834772	835461	left	85	135	110	60	160	10	None	None	testing
2	dr	f	19	red	Le	(80, 0)	(40, 69)	(-39, 69)	(-80, 0)	(-40, -69)	(40, -69)	diamond	none	same	left	left	N_dist	(-80, 0)	search	nr	True	836592	837381	left	10	110	135	160	35	85	None	None	testing
2	dr	f	19	red	Le	(80, 0)	(40, 69)	(-39, 69)	(-80, 0)	(-40, -69)	(40, -69)	diamond	none	dif	left	left	N_dist	(40, 69)	search	nr	True	838479	840053	left	10	135	160	110	35	85	None	None	testing
2	dr	f	19	red	Le	(80, 0)	(40, 69)	(-39, 69)	(-80, 0)	(-40, -69)	(40, -69)	diamond	none	same	right	right	N_dist	(-40, -69)	search	nr	True	841117	841909	right	60	35	110	85	160	10	None	None	testing
2	dr	f	19	red	Le	(80, 0)	(40, 69)	(-39, 69)	(-80, 0)	(-40, -69)	(40, -69)	circle	none	dif	left	left	N_dist	(40, -69)	search	nr	True	843020	843909	left	135	35	60	10	85	160	None	None	testing
2	dr	f	19	red	Le	(80, 0)	(40, 69)	(-39, 69)	(-80, 0)	(-40, -69)	(40, -69)	circle	red	same	left	left	(40, 69)	(40, -69)	search	nr	True	845191	846052	left	135	85	10	110	160	35	None	None	testing
2	dr	f	19	red	Le	(80, 0)	(40, 69)	(-39, 69)	(-80, 0)	(-40, -69)	(40, -69)	circle	none	dif	left	left	N_dist	(80, 0)	search	nr	True	847127	847701	left	135	60	10	160	110	85	None	None	testing
2	dr	f	19	red	Le	(80, 0)	(40, 69)	(-39, 69)	(-80, 0)	(-40, -69)	(40, -69)	circle	none	dif	left	left	N_dist	(-39, 69)	search	nr	True	848830	849493	left	160	135	85	110	60	10	None	None	testing
2	dr	f	19	red	Le	(80, 0)	(40, 69)	(-39, 69)	(-80, 0)	(-40, -69)	(40, -69)	circle	red	same	right	right	(40, 69)	(-39, 69)	search	nr	True	850601	851221	right	35	85	135	10	60	110	None	None	testing
2	dr	f	19	red	Le	(80, 0)	(40, 69)	(-39, 69)	(-80, 0)	(-40, -69)	(40, -69)	circle	red	dif	right	right	(40, 69)	(-39, 69)	search	nr	True	852471	852996	right	110	10	160	135	60	85	None	None	testing
2	dr	f	19	red	Le	(80, 0)	(40, 69)	(-39, 69)	(-80, 0)	(-40, -69)	(40, -69)	circle	red	same	right	right	(40, 69)	(-39, 69)	search	nr	True	854257	854757	right	85	60	10	110	135	35	None	None	testing
2	dr	f	19	red	Le	(80, 0)	(40, 69)	(-39, 69)	(-80, 0)	(-40, -69)	(40, -69)	circle	red	same	left	left	(40, 69)	(-40, -69)	search	nr	True	855927	856677	left	35	60	110	160	135	85	None	None	testing
2	dr	f	19	red	Le	(80, 0)	(40, 69)	(-39, 69)	(-80, 0)	(-40, -69)	(40, -69)	circle	none	same	right	right	N_dist	(80, 0)	search	nr	True	857981	858580	right	60	35	85	160	135	10	None	None	testing
2	dr	f	19	red	Le	(80, 0)	(40, 69)	(-39, 69)	(-80, 0)	(-40, -69)	(40, -69)	diamond	none	dif	left	left	N_dist	(-80, 0)	search	nr	True	859851	860533	left	110	10	60	135	35	85	None	None	testing
2	dr	f	19	red	Le	(80, 0)	(40, 69)	(-39, 69)	(-80, 0)	(-40, -69)	(40, -69)	circle	none	dif	left	left	N_dist	(-39, 69)	search	nr	True	861738	862469	left	35	110	60	85	10	160	None	None	testing
2	dr	f	19	red	Le	(80, 0)	(40, 69)	(-39, 69)	(-80, 0)	(-40, -69)	(40, -69)	diamond	none	dif	left	left	N_dist	(80, 0)	search	nr	True	863608	864325	left	160	85	110	35	10	135	None	None	testing
2	dr	f	19	red	Le	(80, 0)	(40, 69)	(-39, 69)	(-80, 0)	(-40, -69)	(40, -69)	circle	red	dif	right	right	(40, 69)	(-39, 69)	search	nr	True	865445	866037	right	160	35	85	60	135	110	None	None	testing
2	dr	f	19	red	Le	(80, 0)	(40, 69)	(-39, 69)	(-80, 0)	(-40, -69)	(40, -69)	diamond	none	dif	left	left	N_dist	(-80, 0)	search	nr	True	867181	867765	left	60	85	35	160	135	10	None	None	testing
2	dr	f	19	red	Le	(80, 0)	(40, 69)	(-39, 69)	(-80, 0)	(-40, -69)	(40, -69)	circle	red	dif	left	left	(40, 69)	(80, 0)	search	nr	True	868901	869573	left	160	10	110	85	135	60	None	None	testing
2	dr	f	19	red	Le	(80, 0)	(40, 69)	(-39, 69)	(-80, 0)	(-40, -69)	(40, -69)	circle	none	dif	right	right	N_dist	(-40, -69)	search	nr	True	870754	871365	right	135	60	35	85	10	110	None	None	testing
2	dr	f	19	red	Le	(80, 0)	(40, 69)	(-39, 69)	(-80, 0)	(-40, -69)	(40, -69)	circle	red	same	right	right	(-40, -69)	(40, -69)	search	nr	True	872641	873829	right	135	110	85	160	35	60	None	None	testing
2	dr	f	19	red	Le	(80, 0)	(40, 69)	(-39, 69)	(-80, 0)	(-40, -69)	(40, -69)	diamond	none	dif	left	left	N_dist	(40, 69)	search	nr	True	874895	875573	left	10	85	135	110	35	160	None	None	testing
2	dr	f	19	red	Le	(80, 0)	(40, 69)	(-39, 69)	(-80, 0)	(-40, -69)	(40, -69)	circle	red	dif	right	right	(40, 69)	(-80, 0)	search	nr	True	876649	877412	right	85	60	10	110	160	135	None	None	testing
2	dr	f	19	red	Le	(80, 0)	(40, 69)	(-39, 69)	(-80, 0)	(-40, -69)	(40, -69)	diamond	red	dif	right	right	(40, 69)	(-39, 69)	search	nr	True	878468	879269	right	110	35	135	60	10	85	None	None	testing
2	dr	f	19	red	Le	(80, 0)	(40, 69)	(-39, 69)	(-80, 0)	(-40, -69)	(40, -69)	circle	red	dif	right	right	(40, 69)	(-40, -69)	search	nr	True	880489	881044	right	135	110	35	10	160	85	None	None	testing
2	dr	f	19	red	Le	(80, 0)	(40, 69)	(-39, 69)	(-80, 0)	(-40, -69)	(40, -69)	circle	red	dif	left	left	(-39, 69)	(80, 0)	search	nr	True	882259	882884	left	160	110	60	135	85	10	None	None	testing
2	dr	f	19	red	Le	(80, 0)	(40, 69)	(-39, 69)	(-80, 0)	(-40, -69)	(40, -69)	circle	red	same	left	left	(40, 69)	(-80, 0)	search	nr	True	884146	884853	left	110	35	10	85	160	60	None	None	testing
2	dr	f	19	red	Le	(80, 0)	(40, 69)	(-39, 69)	(-80, 0)	(-40, -69)	(40, -69)	circle	red	dif	right	right	(40, -69)	(-39, 69)	search	nr	True	886099	886788	right	135	35	85	160	60	10	None	None	testing
2	dr	f	19	red	Le	(80, 0)	(40, 69)	(-39, 69)	(-80, 0)	(-40, -69)	(40, -69)	circle	red	dif	left	left	(-39, 69)	(-80, 0)	search	nr	True	887853	888708	left	10	85	135	60	160	110	None	None	testing
2	dr	f	19	red	Le	(80, 0)	(40, 69)	(-39, 69)	(-80, 0)	(-40, -69)	(40, -69)	diamond	red	dif	left	left	(40, 69)	(-40, -69)	search	nr	True	889956	890645	right	10	160	60	85	135	35	None	None	testing
2	dr	f	19	red	Le	(80, 0)	(40, 69)	(-39, 69)	(-80, 0)	(-40, -69)	(40, -69)	circle	red	same	right	right	(-39, 69)	(80, 0)	search	nr	True	893379	894261	right	135	35	60	110	85	10	None	None	testing
2	dr	f	19	red	Le	(80, 0)	(40, 69)	(-39, 69)	(-80, 0)	(-40, -69)	(40, -69)	diamond	none	same	left	left	N_dist	(-80, 0)	search	nr	True	895433	895989	left	10	135	110	35	60	85	None	None	testing
2	dr	f	19	red	Le	(80, 0)	(40, 69)	(-39, 69)	(-80, 0)	(-40, -69)	(40, -69)	circle	none	same	left	left	N_dist	(40, 69)	search	nr	True	897220	897893	left	60	35	110	10	135	85	None	None	testing
2	dr	f	19	red	Le	(80, 0)	(40, 69)	(-39, 69)	(-80, 0)	(-40, -69)	(40, -69)	circle	none	same	left	left	N_dist	(80, 0)	search	nr	True	899157	899701	left	35	10	60	160	110	85	None	None	testing
2	dr	f	19	red	Le	(80, 0)	(40, 69)	(-39, 69)	(-80, 0)	(-40, -69)	(40, -69)	diamond	red	same	left	left	(40, 69)	(-40, -69)	search	nr	True	900827	901605	left	60	135	110	85	10	35	None	None	testing
2	dr	f	19	red	Le	(80, 0)	(40, 69)	(-39, 69)	(-80, 0)	(-40, -69)	(40, -69)	circle	red	same	right	right	(-40, -69)	(-39, 69)	search	nr	True	902780	903556	right	160	135	60	110	85	35	None	None	testing
2	dr	f	19	red	Le	(80, 0)	(40, 69)	(-39, 69)	(-80, 0)	(-40, -69)	(40, -69)	circle	red	same	right	right	(40, 69)	(-80, 0)	search	nr	True	904784	905396	right	135	160	60	35	85	110	None	None	testing
2	dr	f	19	red	Le	(80, 0)	(40, 69)	(-39, 69)	(-80, 0)	(-40, -69)	(40, -69)	circle	none	dif	left	left	N_dist	(-39, 69)	search	nr	True	906670	907285	left	85	135	10	160	35	60	None	None	testing
2	dr	f	19	red	Le	(80, 0)	(40, 69)	(-39, 69)	(-80, 0)	(-40, -69)	(40, -69)	diamond	red	same	right	right	(40, 69)	(-39, 69)	search	nr	True	908441	909909	right	160	135	10	60	110	35	None	None	testing
2	dr	f	19	red	Le	(80, 0)	(40, 69)	(-39, 69)	(-80, 0)	(-40, -69)	(40, -69)	circle	none	same	right	right	N_dist	(40, 69)	search	nr	True	911196	911909	right	85	35	160	110	135	60	None	None	testing
2	dr	f	19	red	Le	(80, 0)	(40, 69)	(-39, 69)	(-80, 0)	(-40, -69)	(40, -69)	circle	red	dif	left	left	(40, 69)	(80, 0)	search	nr	True	913182	913876	left	10	135	35	85	110	160	None	None	testing
2	dr	f	19	red	Le	(80, 0)	(40, 69)	(-39, 69)	(-80, 0)	(-40, -69)	(40, -69)	circle	none	dif	left	left	N_dist	(80, 0)	search	nr	True	915169	915717	left	10	110	160	60	135	85	None	None	testing
2	dr	f	19	red	Le	(80, 0)	(40, 69)	(-39, 69)	(-80, 0)	(-40, -69)	(40, -69)	circle	none	same	right	right	N_dist	(40, -69)	search	nr	True	916772	917349	right	10	160	35	135	60	85	None	None	testing
2	dr	f	19	red	Le	(80, 0)	(40, 69)	(-39, 69)	(-80, 0)	(-40, -69)	(40, -69)	circle	none	same	right	right	N_dist	(40, -69)	search	nr	True	918642	919237	right	85	35	60	110	160	10	None	None	testing
2	dr	f	19	red	Le	(80, 0)	(40, 69)	(-39, 69)	(-80, 0)	(-40, -69)	(40, -69)	diamond	red	dif	right	right	(40, 69)	(40, -69)	search	nr	True	920295	921269	right	85	135	110	35	160	10	None	None	testing
2	dr	f	19	red	Le	(80, 0)	(40, 69)	(-39, 69)	(-80, 0)	(-40, -69)	(40, -69)	circle	none	dif	right	right	N_dist	(80, 0)	search	nr	True	922366	923141	right	35	135	110	10	85	60	None	None	testing
2	dr	f	19	red	Le	(80, 0)	(40, 69)	(-39, 69)	(-80, 0)	(-40, -69)	(40, -69)	circle	none	dif	left	left	N_dist	(-39, 69)	search	nr	True	924370	924916	left	135	35	85	60	160	10	None	None	testing
2	dr	f	19	red	Le	(80, 0)	(40, 69)	(-39, 69)	(-80, 0)	(-40, -69)	(40, -69)	circle	red	same	left	left	(40, 69)	(-40, -69)	search	nr	True	926122	926708	left	110	60	10	160	35	135	None	None	testing
2	dr	f	19	red	Le	(80, 0)	(40, 69)	(-39, 69)	(-80, 0)	(-40, -69)	(40, -69)	circle	red	same	left	left	(40, 69)	(40, -69)	search	nr	True	927842	928580	left	35	160	110	135	10	85	None	None	testing
2	dr	f	19	red	Le	(80, 0)	(40, 69)	(-39, 69)	(-80, 0)	(-40, -69)	(40, -69)	diamond	red	same	left	left	(40, 69)	(-39, 69)	search	nr	True	929730	931893	left	60	35	85	110	10	135	None	None	testing
2	dr	f	19	red	Le	(80, 0)	(40, 69)	(-39, 69)	(-80, 0)	(-40, -69)	(40, -69)	diamond	red	dif	right	right	(40, 69)	(-80, 0)	search	nr	True	933052	933893	right	85	135	110	35	10	160	None	None	testing
2	dr	f	19	red	Le	(80, 0)	(40, 69)	(-39, 69)	(-80, 0)	(-40, -69)	(40, -69)	circle	red	dif	right	right	(-39, 69)	(-40, -69)	search	nr	True	934972	935716	right	160	10	85	110	60	135	None	None	testing
2	dr	f	19	red	Le	(80, 0)	(40, 69)	(-39, 69)	(-80, 0)	(-40, -69)	(40, -69)	diamond	red	same	left	left	(-80, 0)	(-40, -69)	search	nr	True	936943	937748	left	10	160	135	60	110	35	None	None	testing
2	dr	f	19	red	Le	(80, 0)	(40, 69)	(-39, 69)	(-80, 0)	(-40, -69)	(40, -69)	circle	red	dif	left	left	(40, 69)	(-39, 69)	search	nr	True	938813	939477	left	110	35	10	135	60	85	None	None	testing
2	dr	f	19	red	Le	(80, 0)	(40, 69)	(-39, 69)	(-80, 0)	(-40, -69)	(40, -69)	circle	none	dif	right	right	N_dist	(-40, -69)	search	nr	True	940617	941236	right	135	60	35	85	160	10	None	None	testing
2	dr	f	19	red	Le	(80, 0)	(40, 69)	(-39, 69)	(-80, 0)	(-40, -69)	(40, -69)	diamond	red	same	left	left	(40, 69)	(-39, 69)	search	nr	True	942520	943540	left	60	85	110	160	135	35	None	None	testing
2	dr	f	19	red	Le	(80, 0)	(40, 69)	(-39, 69)	(-80, 0)	(-40, -69)	(40, -69)	diamond	red	dif	right	right	(40, 69)	(-39, 69)	search	nr	True	944707	945365	right	10	35	110	85	60	160	None	None	testing
2	dr	f	19	red	Le	(80, 0)	(40, 69)	(-39, 69)	(-80, 0)	(-40, -69)	(40, -69)	circle	none	same	left	left	N_dist	(80, 0)	search	nr	True	946627	947236	left	35	160	110	10	85	135	None	None	testing
2	dr	f	19	red	Le	(80, 0)	(40, 69)	(-39, 69)	(-80, 0)	(-40, -69)	(40, -69)	diamond	red	dif	right	right	(40, 69)	(40, -69)	search	nr	True	948364	949092	right	85	160	60	135	35	110	None	None	testing
2	dr	f	19	red	Le	(80, 0)	(40, 69)	(-39, 69)	(-80, 0)	(-40, -69)	(40, -69)	circle	red	dif	left	left	(40, 69)	(80, 0)	search	nr	True	950317	950916	left	10	110	35	85	160	60	None	None	testing
2	dr	f	19	red	Le	(80, 0)	(40, 69)	(-39, 69)	(-80, 0)	(-40, -69)	(40, -69)	diamond	red	same	right	right	(-40, -69)	(-80, 0)	search	nr	True	952120	953189	right	160	135	85	10	60	35	None	None	testing
2	dr	f	19	red	Le	(80, 0)	(40, 69)	(-39, 69)	(-80, 0)	(-40, -69)	(40, -69)	diamond	red	same	left	left	(40, 69)	(40, -69)	search	nr	True	954291	954933	left	85	160	135	35	110	60	None	None	testing
2	dr	f	19	red	Le	(80, 0)	(40, 69)	(-39, 69)	(-80, 0)	(-40, -69)	(40, -69)	diamond	red	dif	left	left	(40, 69)	(-80, 0)	search	nr	True	955995	956661	left	135	160	35	60	10	85	None	None	testing
2	dr	f	19	red	Le	(80, 0)	(40, 69)	(-39, 69)	(-80, 0)	(-40, -69)	(40, -69)	circle	red	same	right	right	(80, 0)	(-40, -69)	search	nr	True	957931	958565	right	85	60	35	160	110	135	None	None	testing
2	dr	f	19	red	Le	(80, 0)	(40, 69)	(-39, 69)	(-80, 0)	(-40, -69)	(40, -69)	circle	red	dif	right	right	(40, -69)	(-80, 0)	search	nr	True	959751	960725	right	35	110	10	60	135	85	None	None	testing
2	dr	f	19	red	Le	(80, 0)	(40, 69)	(-39, 69)	(-80, 0)	(-40, -69)	(40, -69)	circle	red	same	left	left	(40, 69)	(-39, 69)	search	nr	True	961906	962533	left	135	85	35	10	110	60	None	None	testing
2	dr	f	19	red	Le	(80, 0)	(40, 69)	(-39, 69)	(-80, 0)	(-40, -69)	(40, -69)	circle	red	dif	right	right	(40, -69)	(-80, 0)	search	nr	True	963776	964388	right	35	110	60	10	85	160	None	None	testing
2	dr	f	19	red	Le	(80, 0)	(40, 69)	(-39, 69)	(-80, 0)	(-40, -69)	(40, -69)	circle	none	dif	right	right	N_dist	(-40, -69)	search	nr	True	965646	966500	right	85	60	135	10	160	110	None	None	testing
2	dr	f	19	red	Le	(80, 0)	(40, 69)	(-39, 69)	(-80, 0)	(-40, -69)	(40, -69)	circle	none	same	left	left	N_dist	(40, 69)	search	nr	True	967599	968245	left	110	160	135	35	85	10	None	None	testing
2	dr	f	19	red	Le	(80, 0)	(40, 69)	(-39, 69)	(-80, 0)	(-40, -69)	(40, -69)	diamond	red	dif	right	right	(40, 69)	(40, -69)	search	nr	True	969302	970101	right	135	160	60	85	10	35	None	None	testing
2	dr	f	19	red	Le	(80, 0)	(40, 69)	(-39, 69)	(-80, 0)	(-40, -69)	(40, -69)	diamond	none	dif	right	right	N_dist	(40, -69)	search	nr	True	971273	971796	right	85	160	35	10	110	135	None	None	testing
2	dr	f	19	red	Le	(80, 0)	(40, 69)	(-39, 69)	(-80, 0)	(-40, -69)	(40, -69)	circle	red	same	right	right	(-40, -69)	(-39, 69)	search	nr	True	972875	973796	right	60	160	85	110	35	135	None	None	testing
2	dr	f	19	red	Le	(80, 0)	(40, 69)	(-39, 69)	(-80, 0)	(-40, -69)	(40, -69)	circle	red	dif	right	right	(40, 69)	(-40, -69)	search	nr	True	975079	975732	right	10	110	135	160	85	35	None	None	testing
2	dr	f	19	red	Le	(80, 0)	(40, 69)	(-39, 69)	(-80, 0)	(-40, -69)	(40, -69)	diamond	red	same	right	right	(40, 69)	(40, -69)	search	nr	True	976849	977813	right	35	10	85	60	110	135	None	None	testing
2	dr	f	19	red	Le	(80, 0)	(40, 69)	(-39, 69)	(-80, 0)	(-40, -69)	(40, -69)	circle	red	dif	left	left	(-39, 69)	(80, 0)	search	nr	True	979086	979796	left	135	10	160	85	60	110	None	None	testing
2	dr	f	19	red	Le	(80, 0)	(40, 69)	(-39, 69)	(-80, 0)	(-40, -69)	(40, -69)	circle	red	dif	left	left	(40, 69)	(80, 0)	search	nr	True	981057	981620	left	85	35	160	110	135	10	None	None	testing
2	dr	f	19	red	Le	(80, 0)	(40, 69)	(-39, 69)	(-80, 0)	(-40, -69)	(40, -69)	circle	red	dif	right	right	(-39, 69)	(40, -69)	search	nr	True	982777	983412	right	60	10	85	135	160	35	None	None	testing
2	dr	f	19	red	Le	(80, 0)	(40, 69)	(-39, 69)	(-80, 0)	(-40, -69)	(40, -69)	diamond	red	same	left	left	(40, 69)	(-40, -69)	search	nr	True	984496	985396	left	60	135	110	35	10	85	None	None	testing
2	dr	f	19	red	Le	(80, 0)	(40, 69)	(-39, 69)	(-80, 0)	(-40, -69)	(40, -69)	circle	none	dif	right	right	N_dist	(-40, -69)	search	nr	True	986601	987636	left	85	60	110	10	35	135	None	None	testing
2	dr	f	19	red	Le	(80, 0)	(40, 69)	(-39, 69)	(-80, 0)	(-40, -69)	(40, -69)	diamond	none	dif	left	left	N_dist	(-80, 0)	search	nr	True	990224	991412	left	160	110	10	135	60	85	None	None	testing
2	dr	f	19	red	Le	(80, 0)	(40, 69)	(-39, 69)	(-80, 0)	(-40, -69)	(40, -69)	diamond	red	dif	right	right	(-40, -69)	(80, 0)	search	nr	True	992511	993188	right	85	10	60	160	35	110	None	None	testing
2	dr	f	19	red	Le	(80, 0)	(40, 69)	(-39, 69)	(-80, 0)	(-40, -69)	(40, -69)	circle	red	dif	left	left	(40, 69)	(-39, 69)	search	nr	True	994398	995652	left	35	60	110	160	135	85	None	None	testing
2	dr	f	19	red	Le	(80, 0)	(40, 69)	(-39, 69)	(-80, 0)	(-40, -69)	(40, -69)	circle	none	same	right	right	N_dist	(40, 69)	search	nr	True	996786	997331	right	35	110	85	10	60	135	None	None	testing
2	dr	f	19	red	Le	(80, 0)	(40, 69)	(-39, 69)	(-80, 0)	(-40, -69)	(40, -69)	circle	none	dif	right	right	N_dist	(80, 0)	search	nr	True	998472	999060	right	35	85	10	160	135	110	None	None	testing
2	dr	f	19	red	Le	(80, 0)	(40, 69)	(-39, 69)	(-80, 0)	(-40, -69)	(40, -69)	circle	red	same	left	left	(40, 69)	(40, -69)	search	nr	True	1000309	1000933	left	135	85	35	110	10	60	None	None	testing
2	dr	f	19	red	Le	(80, 0)	(40, 69)	(-39, 69)	(-80, 0)	(-40, -69)	(40, -69)	circle	none	same	left	left	N_dist	(80, 0)	search	nr	True	1002162	1002676	left	135	35	60	160	110	10	None	None	testing
2	dr	f	19	red	Le	(80, 0)	(40, 69)	(-39, 69)	(-80, 0)	(-40, -69)	(40, -69)	diamond	red	dif	right	right	(40, 69)	(80, 0)	search	nr	True	1003849	1004661	right	35	160	10	110	135	85	None	None	testing
2	dr	f	19	red	Le	(80, 0)	(40, 69)	(-39, 69)	(-80, 0)	(-40, -69)	(40, -69)	diamond	red	dif	left	left	(40, 69)	(40, -69)	search	nr	True	1005969	1007220	left	160	60	10	85	110	35	None	None	testing
2	dr	f	19	red	Le	(80, 0)	(40, 69)	(-39, 69)	(-80, 0)	(-40, -69)	(40, -69)	circle	none	same	right	right	N_dist	(40, -69)	search	nr	True	1008408	1008901	right	110	60	35	160	85	10	None	None	testing
2	dr	f	19	red	Le	(80, 0)	(40, 69)	(-39, 69)	(-80, 0)	(-40, -69)	(40, -69)	circle	red	dif	left	left	(40, 69)	(80, 0)	search	nr	True	1010027	1010708	left	60	85	135	160	35	10	None	None	testing
2	dr	f	19	red	Le	(80, 0)	(40, 69)	(-39, 69)	(-80, 0)	(-40, -69)	(40, -69)	diamond	red	same	left	left	(-80, 0)	(-40, -69)	search	nr	True	1011930	1012836	left	135	160	85	10	35	60	None	None	testing
2	dr	f	19	red	Le	(80, 0)	(40, 69)	(-39, 69)	(-80, 0)	(-40, -69)	(40, -69)	circle	red	same	right	right	(40, 69)	(-39, 69)	search	nr	True	1013967	1014613	right	160	110	135	35	85	10	None	None	testing
2	dr	f	19	red	Le	(80, 0)	(40, 69)	(-39, 69)	(-80, 0)	(-40, -69)	(40, -69)	diamond	red	same	right	right	(-80, 0)	(80, 0)	search	nr	True	1015687	1016516	right	10	85	60	160	110	35	None	None	testing
2	dr	f	19	red	Le	(80, 0)	(40, 69)	(-39, 69)	(-80, 0)	(-40, -69)	(40, -69)	diamond	red	dif	left	left	(40, 69)	(40, -69)	search	nr	True	1017742	1018308	left	10	135	60	110	35	160	None	None	testing
2	dr	f	19	red	Le	(80, 0)	(40, 69)	(-39, 69)	(-80, 0)	(-40, -69)	(40, -69)	diamond	red	dif	left	left	(80, 0)	(-39, 69)	search	nr	True	1019445	1020420	left	85	110	160	35	135	10	None	None	testing
2	dr	f	19	red	Le	(80, 0)	(40, 69)	(-39, 69)	(-80, 0)	(-40, -69)	(40, -69)	diamond	none	dif	right	right	N_dist	(40, 69)	search	nr	True	1021532	1022308	right	135	110	10	85	60	160	None	None	testing
2	dr	f	19	red	Le	(80, 0)	(40, 69)	(-39, 69)	(-80, 0)	(-40, -69)	(40, -69)	circle	red	dif	left	left	(40, -69)	(-40, -69)	search	nr	True	1023402	1024180	left	60	35	10	85	110	160	None	None	testing
2	dr	f	19	red	Le	(80, 0)	(40, 69)	(-39, 69)	(-80, 0)	(-40, -69)	(40, -69)	diamond	red	same	right	right	(-80, 0)	(80, 0)	search	nr	True	1025305	1025861	right	160	60	10	110	35	85	None	None	testing
2	dr	f	19	red	Le	(80, 0)	(40, 69)	(-39, 69)	(-80, 0)	(-40, -69)	(40, -69)	circle	none	dif	right	right	N_dist	(40, -69)	search	nr	True	1026942	1027844	right	60	135	85	10	160	110	None	None	testing
2	dr	f	19	red	Le	(80, 0)	(40, 69)	(-39, 69)	(-80, 0)	(-40, -69)	(40, -69)	diamond	red	dif	right	right	(40, 69)	(80, 0)	search	nr	True	1029012	1029493	right	35	110	60	135	85	10	None	None	testing
2	dr	f	19	red	Le	(80, 0)	(40, 69)	(-39, 69)	(-80, 0)	(-40, -69)	(40, -69)	circle	red	dif	right	right	(-80, 0)	(-40, -69)	search	nr	True	1030699	1032628	right	85	135	60	110	35	10	None	None	testing
2	dr	f	19	red	Le	(80, 0)	(40, 69)	(-39, 69)	(-80, 0)	(-40, -69)	(40, -69)	circle	red	dif	left	left	(40, -69)	(-80, 0)	search	nr	True	1033870	1034788	left	110	35	60	85	160	10	None	None	testing
2	dr	f	19	red	Le	(80, 0)	(40, 69)	(-39, 69)	(-80, 0)	(-40, -69)	(40, -69)	diamond	none	same	right	right	N_dist	(80, 0)	search	nr	True	1035975	1036485	right	35	60	160	85	135	10	None	None	testing
2	dr	f	19	red	Le	(80, 0)	(40, 69)	(-39, 69)	(-80, 0)	(-40, -69)	(40, -69)	diamond	red	same	left	left	(40, 69)	(-40, -69)	search	nr	True	1037728	1038452	left	160	60	10	35	135	110	None	None	testing
2	dr	f	19	red	Le	(80, 0)	(40, 69)	(-39, 69)	(-80, 0)	(-40, -69)	(40, -69)	diamond	red	same	right	right	(40, 69)	(40, -69)	search	nr	True	1039681	1040596	right	85	110	60	160	35	10	None	None	testing
2	dr	f	19	red	Le	(80, 0)	(40, 69)	(-39, 69)	(-80, 0)	(-40, -69)	(40, -69)	circle	red	same	left	left	(40, 69)	(-40, -69)	search	nr	True	1041869	1042453	left	35	10	85	135	60	160	None	None	testing
2	dr	f	19	red	Le	(80, 0)	(40, 69)	(-39, 69)	(-80, 0)	(-40, -69)	(40, -69)	diamond	red	same	left	left	(40, 69)	(-40, -69)	search	nr	True	1043739	1044325	left	35	110	85	135	10	60	None	None	testing
2	dr	f	19	red	Le	(80, 0)	(40, 69)	(-39, 69)	(-80, 0)	(-40, -69)	(40, -69)	diamond	none	same	left	left	N_dist	(40, 69)	search	nr	True	1045425	1046132	right	60	10	35	135	85	160	None	None	testing
2	dr	f	19	red	Le	(80, 0)	(40, 69)	(-39, 69)	(-80, 0)	(-40, -69)	(40, -69)	diamond	red	dif	right	right	(-39, 69)	(80, 0)	search	nr	True	1048848	1049573	right	85	10	60	35	160	135	None	None	testing
2	dr	f	19	red	Le	(80, 0)	(40, 69)	(-39, 69)	(-80, 0)	(-40, -69)	(40, -69)	circle	none	dif	right	right	N_dist	(-40, -69)	search	nr	True	1050718	1051380	right	160	110	35	135	85	10	None	None	testing
2	dr	f	19	red	Le	(80, 0)	(40, 69)	(-39, 69)	(-80, 0)	(-40, -69)	(40, -69)	circle	red	dif	left	left	(40, 69)	(80, 0)	search	nr	True	1052555	1053300	left	135	160	35	85	10	110	None	None	testing
2	dr	f	19	red	Le	(80, 0)	(40, 69)	(-39, 69)	(-80, 0)	(-40, -69)	(40, -69)	diamond	none	same	left	left	N_dist	(-39, 69)	search	nr	True	1054526	1055285	left	85	10	135	35	110	160	None	None	testing
2	dr	f	19	red	Le	(80, 0)	(40, 69)	(-39, 69)	(-80, 0)	(-40, -69)	(40, -69)	diamond	red	dif	left	left	(40, 69)	(40, -69)	search	nr	True	1056529	1057445	left	110	160	10	135	85	60	None	None	testing
2	dr	f	19	red	Le	(80, 0)	(40, 69)	(-39, 69)	(-80, 0)	(-40, -69)	(40, -69)	circle	red	dif	left	left	(40, 69)	(80, 0)	search	nr	True	1058749	1059332	left	110	35	60	135	160	85	None	None	testing
