subj	name	gender	age	dist	run	tar_locs1	tar_locs2	tar_locs3	tar_locs4	tar_locs5	tar_locs6	shape	dist	td_dif	detection	resp_key	dis_loc	tar_loc	task_type	probe_cond	gotKey	startTime	respTime	resp	o1	o2	o3	o4	o5	o6	pro_loc	ori_resp	mode
2	dr	f	19	red	3	(80, 0)	(40, 69)	(-39, 69)	(-80, 0)	(-40, -69)	(40, -69)	circle	red	dif	right	right	(-40, -69)	(-80, 0)	probe	l_sin	None	None	None	None	10	160	85	35	60	110	(-40, -69)	160	testing
2	dr	f	19	red	3	(80, 0)	(40, 69)	(-39, 69)	(-80, 0)	(-40, -69)	(40, -69)	circle	red	dif	left	left	(40, 69)	(-80, 0)	search	nr	True	51337	52135	left	85	160	110	10	35	60	None	None	testing
2	dr	f	19	red	3	(80, 0)	(40, 69)	(-39, 69)	(-80, 0)	(-40, -69)	(40, -69)	circle	red	dif	right	right	(40, 69)	(40, -69)	search	nr	True	53374	54007	right	10	160	110	35	135	85	None	None	testing
2	dr	f	19	red	3	(80, 0)	(40, 69)	(-39, 69)	(-80, 0)	(-40, -69)	(40, -69)	circle	red	same	right	right	(40, 69)	(40, -69)	probe	norm	None	None	None	None	60	160	10	85	110	35	(-39, 69)	152	testing
2	dr	f	19	red	3	(80, 0)	(40, 69)	(-39, 69)	(-80, 0)	(-40, -69)	(40, -69)	circle	none	dif	left	left	N_dist	(-39, 69)	search	nr	True	59585	60328	left	160	60	135	110	10	85	None	None	testing
2	dr	f	19	red	3	(80, 0)	(40, 69)	(-39, 69)	(-80, 0)	(-40, -69)	(40, -69)	diamond	red	same	left	left	(40, 69)	(80, 0)	search	nr	True	61489	62247	left	10	35	110	160	85	135	None	None	testing
2	dr	f	19	red	3	(80, 0)	(40, 69)	(-39, 69)	(-80, 0)	(-40, -69)	(40, -69)	circle	red	dif	left	left	(40, 69)	(-80, 0)	search	nr	True	63526	64135	left	110	135	160	10	35	85	None	None	testing
2	dr	f	19	red	3	(80, 0)	(40, 69)	(-39, 69)	(-80, 0)	(-40, -69)	(40, -69)	diamond	red	dif	right	right	(40, 69)	(80, 0)	search	nr	True	65379	66103	right	85	160	10	135	35	60	None	None	testing
2	dr	f	19	red	3	(80, 0)	(40, 69)	(-39, 69)	(-80, 0)	(-40, -69)	(40, -69)	diamond	none	dif	left	left	N_dist	(-40, -69)	probe	l_norm	None	None	None	None	110	60	35	10	85	135	(40, -69)	22	testing
2	dr	f	19	red	3	(80, 0)	(40, 69)	(-39, 69)	(-80, 0)	(-40, -69)	(40, -69)	circle	none	same	left	left	N_dist	(-80, 0)	search	nr	True	71758	72503	left	10	160	85	60	35	135	None	None	testing
2	dr	f	19	red	3	(80, 0)	(40, 69)	(-39, 69)	(-80, 0)	(-40, -69)	(40, -69)	circle	none	same	left	left	N_dist	(-40, -69)	search	nr	True	73594	74167	left	110	60	135	35	10	160	None	None	testing
2	dr	f	19	red	3	(80, 0)	(40, 69)	(-39, 69)	(-80, 0)	(-40, -69)	(40, -69)	diamond	red	same	right	right	(40, 69)	(-40, -69)	probe	h_sin	None	None	None	None	85	10	135	110	35	160	(40, 69)	21	testing
2	dr	f	19	red	3	(80, 0)	(40, 69)	(-39, 69)	(-80, 0)	(-40, -69)	(40, -69)	circle	red	dif	left	left	(40, 69)	(40, -69)	search	nr	True	79940	80871	left	110	85	35	10	160	135	None	None	testing
2	dr	f	19	red	3	(80, 0)	(40, 69)	(-39, 69)	(-80, 0)	(-40, -69)	(40, -69)	circle	red	dif	right	right	(-40, -69)	(80, 0)	search	nr	True	81926	82695	right	35	110	135	60	85	10	None	None	testing
2	dr	f	19	red	3	(80, 0)	(40, 69)	(-39, 69)	(-80, 0)	(-40, -69)	(40, -69)	diamond	none	same	left	left	N_dist	(80, 0)	search	nr	True	83880	84503	left	85	60	35	110	10	160	None	None	testing
2	dr	f	19	red	3	(80, 0)	(40, 69)	(-39, 69)	(-80, 0)	(-40, -69)	(40, -69)	diamond	none	dif	right	right	N_dist	(-39, 69)	probe	h_norm	None	None	None	None	135	160	10	110	60	35	(40, 69)	24	testing
2	dr	f	19	red	3	(80, 0)	(40, 69)	(-39, 69)	(-80, 0)	(-40, -69)	(40, -69)	diamond	red	dif	right	right	(40, 69)	(-40, -69)	search	nr	True	91244	91912	right	10	110	135	60	85	160	None	None	testing
2	dr	f	19	red	3	(80, 0)	(40, 69)	(-39, 69)	(-80, 0)	(-40, -69)	(40, -69)	diamond	none	same	right	right	N_dist	(80, 0)	probe	l_norm	None	None	None	None	60	85	35	110	10	135	(-40, -69)	24	testing
2	dr	f	19	red	3	(80, 0)	(40, 69)	(-39, 69)	(-80, 0)	(-40, -69)	(40, -69)	circle	red	dif	left	left	(-39, 69)	(40, -69)	search	nr	True	98941	99559	left	10	35	110	135	160	60	None	None	testing
2	dr	f	19	red	3	(80, 0)	(40, 69)	(-39, 69)	(-80, 0)	(-40, -69)	(40, -69)	diamond	red	same	right	right	(-80, 0)	(80, 0)	search	nr	True	100862	101575	right	85	160	135	10	110	35	None	None	testing
2	dr	f	19	red	3	(80, 0)	(40, 69)	(-39, 69)	(-80, 0)	(-40, -69)	(40, -69)	circle	red	same	right	right	(40, 69)	(-39, 69)	search	nr	True	102714	103447	right	160	110	60	10	35	135	None	None	testing
2	dr	f	19	red	3	(80, 0)	(40, 69)	(-39, 69)	(-80, 0)	(-40, -69)	(40, -69)	circle	red	same	right	right	(40, 69)	(-40, -69)	probe	h_sin	None	None	None	None	160	60	35	110	135	10	(40, 69)	22	testing
2	dr	f	19	red	3	(80, 0)	(40, 69)	(-39, 69)	(-80, 0)	(-40, -69)	(40, -69)	circle	red	dif	right	right	(80, 0)	(-40, -69)	probe	norm	None	None	None	None	110	60	85	135	10	160	(-39, 69)	157	testing
2	dr	f	19	red	3	(80, 0)	(40, 69)	(-39, 69)	(-80, 0)	(-40, -69)	(40, -69)	circle	red	same	left	left	(40, 69)	(-80, 0)	probe	norm	None	None	None	None	10	160	110	85	60	35	(-40, -69)	161	testing
2	dr	f	19	red	3	(80, 0)	(40, 69)	(-39, 69)	(-80, 0)	(-40, -69)	(40, -69)	circle	red	dif	right	right	(40, 69)	(-40, -69)	search	nr	True	120281	121015	right	10	35	85	160	60	110	None	None	testing
2	dr	f	19	red	3	(80, 0)	(40, 69)	(-39, 69)	(-80, 0)	(-40, -69)	(40, -69)	circle	none	dif	left	left	N_dist	(40, 69)	search	nr	True	122184	123847	left	110	135	160	10	35	60	None	None	testing
2	dr	f	19	red	3	(80, 0)	(40, 69)	(-39, 69)	(-80, 0)	(-40, -69)	(40, -69)	circle	none	same	left	left	N_dist	(-40, -69)	search	nr	True	125005	125704	left	135	85	10	60	160	110	None	None	testing
2	dr	f	19	red	3	(80, 0)	(40, 69)	(-39, 69)	(-80, 0)	(-40, -69)	(40, -69)	diamond	red	dif	right	right	(40, 69)	(-80, 0)	search	nr	True	126792	127575	right	85	135	110	10	35	60	None	None	testing
2	dr	f	19	red	3	(80, 0)	(40, 69)	(-39, 69)	(-80, 0)	(-40, -69)	(40, -69)	diamond	red	dif	right	right	(40, 69)	(40, -69)	probe	tar	None	None	None	None	85	35	160	135	10	60	(40, -69)	158	testing
2	dr	f	19	red	3	(80, 0)	(40, 69)	(-39, 69)	(-80, 0)	(-40, -69)	(40, -69)	circle	red	same	left	left	(40, -69)	(-40, -69)	search	nr	True	132871	133543	left	60	110	160	35	85	135	None	None	testing
2	dr	f	19	red	3	(80, 0)	(40, 69)	(-39, 69)	(-80, 0)	(-40, -69)	(40, -69)	circle	red	same	right	right	(40, 69)	(-80, 0)	search	nr	True	134824	135399	right	160	35	110	85	60	135	None	None	testing
2	dr	f	19	red	3	(80, 0)	(40, 69)	(-39, 69)	(-80, 0)	(-40, -69)	(40, -69)	circle	none	same	right	right	N_dist	(-40, -69)	search	nr	True	136510	137079	right	85	35	10	110	160	60	None	None	testing
2	dr	f	19	red	3	(80, 0)	(40, 69)	(-39, 69)	(-80, 0)	(-40, -69)	(40, -69)	diamond	none	dif	left	left	N_dist	(-80, 0)	probe	h_norm	None	None	None	None	60	135	160	35	110	10	(40, 69)	17	testing
2	dr	f	19	red	3	(80, 0)	(40, 69)	(-39, 69)	(-80, 0)	(-40, -69)	(40, -69)	circle	red	dif	left	left	(40, 69)	(-39, 69)	probe	norm	None	None	None	None	35	60	10	160	110	135	(-80, 0)	159	testing
2	dr	f	19	red	3	(80, 0)	(40, 69)	(-39, 69)	(-80, 0)	(-40, -69)	(40, -69)	diamond	none	same	right	right	N_dist	(-39, 69)	search	nr	True	147797	148374	right	60	135	110	85	35	160	None	None	testing
2	dr	f	19	red	3	(80, 0)	(40, 69)	(-39, 69)	(-80, 0)	(-40, -69)	(40, -69)	circle	none	same	left	left	N_dist	(-39, 69)	search	nr	True	149618	150583	left	85	60	135	110	35	10	None	None	testing
2	dr	f	19	red	3	(80, 0)	(40, 69)	(-39, 69)	(-80, 0)	(-40, -69)	(40, -69)	diamond	none	same	right	right	N_dist	(-39, 69)	search	nr	True	151721	152311	right	135	85	160	110	60	10	None	None	testing
2	dr	f	19	red	3	(80, 0)	(40, 69)	(-39, 69)	(-80, 0)	(-40, -69)	(40, -69)	circle	red	same	left	left	(-40, -69)	(-39, 69)	search	nr	True	153457	154119	left	60	110	85	160	35	10	None	None	testing
2	dr	f	19	red	3	(80, 0)	(40, 69)	(-39, 69)	(-80, 0)	(-40, -69)	(40, -69)	circle	red	dif	right	right	(40, 69)	(-39, 69)	search	nr	True	155395	155958	right	160	85	135	10	110	60	None	None	testing
2	dr	f	19	red	3	(80, 0)	(40, 69)	(-39, 69)	(-80, 0)	(-40, -69)	(40, -69)	diamond	red	dif	right	right	(40, 69)	(80, 0)	search	nr	True	157065	157766	right	110	135	85	35	10	60	None	None	testing
2	dr	f	19	red	3	(80, 0)	(40, 69)	(-39, 69)	(-80, 0)	(-40, -69)	(40, -69)	diamond	red	dif	right	right	(80, 0)	(-80, 0)	search	nr	True	159051	159750	right	10	85	160	35	60	135	None	None	testing
2	dr	f	19	red	3	(80, 0)	(40, 69)	(-39, 69)	(-80, 0)	(-40, -69)	(40, -69)	circle	red	dif	right	right	(-40, -69)	(-80, 0)	search	nr	True	160871	161463	right	60	135	110	85	160	10	None	None	testing
2	dr	f	19	red	3	(80, 0)	(40, 69)	(-39, 69)	(-80, 0)	(-40, -69)	(40, -69)	diamond	none	same	right	right	N_dist	(80, 0)	search	nr	True	162708	163255	right	85	110	60	160	10	35	None	None	testing
2	dr	f	19	red	3	(80, 0)	(40, 69)	(-39, 69)	(-80, 0)	(-40, -69)	(40, -69)	circle	none	same	right	right	N_dist	(-40, -69)	search	nr	True	164445	165159	right	135	60	10	85	160	35	None	None	testing
2	dr	f	19	red	3	(80, 0)	(40, 69)	(-39, 69)	(-80, 0)	(-40, -69)	(40, -69)	circle	none	same	right	right	N_dist	(-39, 69)	search	nr	True	166248	166823	right	35	160	10	60	85	110	None	None	testing
2	dr	f	19	red	3	(80, 0)	(40, 69)	(-39, 69)	(-80, 0)	(-40, -69)	(40, -69)	circle	none	same	left	left	N_dist	(40, 69)	search	nr	True	167985	168631	left	135	60	160	10	110	85	None	None	testing
2	dr	f	19	red	3	(80, 0)	(40, 69)	(-39, 69)	(-80, 0)	(-40, -69)	(40, -69)	circle	red	dif	right	right	(40, 69)	(-40, -69)	probe	tar	None	None	None	None	110	135	60	10	160	35	(-40, -69)	29	testing
2	dr	f	19	red	3	(80, 0)	(40, 69)	(-39, 69)	(-80, 0)	(-40, -69)	(40, -69)	circle	red	dif	right	right	(40, 69)	(-39, 69)	search	nr	True	174781	175367	right	60	35	160	10	135	110	None	None	testing
2	dr	f	19	red	3	(80, 0)	(40, 69)	(-39, 69)	(-80, 0)	(-40, -69)	(40, -69)	diamond	red	dif	left	left	(-80, 0)	(40, -69)	search	nr	True	176583	177750	left	85	160	35	10	110	135	None	None	testing
2	dr	f	19	red	3	(80, 0)	(40, 69)	(-39, 69)	(-80, 0)	(-40, -69)	(40, -69)	diamond	red	same	right	right	(-39, 69)	(80, 0)	search	nr	True	178871	179479	right	10	35	110	85	135	160	None	None	testing
2	dr	f	19	red	3	(80, 0)	(40, 69)	(-39, 69)	(-80, 0)	(-40, -69)	(40, -69)	circle	red	same	right	right	(-39, 69)	(40, -69)	probe	l_sin	None	None	None	None	35	60	135	10	85	160	(-39, 69)	157	testing
2	dr	f	19	red	3	(80, 0)	(40, 69)	(-39, 69)	(-80, 0)	(-40, -69)	(40, -69)	circle	red	same	left	left	(40, -69)	(80, 0)	search	nr	True	184498	185191	left	85	35	10	60	110	135	None	None	testing
2	dr	f	19	red	3	(80, 0)	(40, 69)	(-39, 69)	(-80, 0)	(-40, -69)	(40, -69)	circle	red	dif	right	right	(40, -69)	(80, 0)	search	nr	True	186318	186886	right	60	135	35	10	85	160	None	None	testing
2	dr	f	19	red	3	(80, 0)	(40, 69)	(-39, 69)	(-80, 0)	(-40, -69)	(40, -69)	circle	red	same	left	left	(40, 69)	(-40, -69)	search	nr	True	188038	188647	left	35	10	135	85	160	110	None	None	testing
2	dr	f	19	red	3	(80, 0)	(40, 69)	(-39, 69)	(-80, 0)	(-40, -69)	(40, -69)	diamond	red	dif	left	left	(40, 69)	(-80, 0)	search	nr	True	189874	190710	right	110	10	60	160	35	135	None	None	testing
2	dr	f	19	red	3	(80, 0)	(40, 69)	(-39, 69)	(-80, 0)	(-40, -69)	(40, -69)	circle	none	dif	left	left	N_dist	(40, -69)	search	nr	True	193515	194407	left	135	60	10	160	110	35	None	None	testing
2	dr	f	19	red	3	(80, 0)	(40, 69)	(-39, 69)	(-80, 0)	(-40, -69)	(40, -69)	diamond	red	dif	left	left	(40, 69)	(-39, 69)	search	nr	True	195552	196711	left	10	135	110	35	85	60	None	None	testing
2	dr	f	19	red	3	(80, 0)	(40, 69)	(-39, 69)	(-80, 0)	(-40, -69)	(40, -69)	diamond	none	dif	left	left	N_dist	(-40, -69)	search	nr	True	197923	198519	left	85	135	35	10	110	160	None	None	testing
2	dr	f	19	red	3	(80, 0)	(40, 69)	(-39, 69)	(-80, 0)	(-40, -69)	(40, -69)	circle	none	same	right	right	N_dist	(-40, -69)	probe	h_norm	None	None	None	None	160	85	110	35	135	10	(40, 69)	18	testing
2	dr	f	19	red	3	(80, 0)	(40, 69)	(-39, 69)	(-80, 0)	(-40, -69)	(40, -69)	circle	none	dif	right	right	N_dist	(80, 0)	search	nr	True	203433	203991	right	60	160	135	10	85	110	None	None	testing
2	dr	f	19	red	3	(80, 0)	(40, 69)	(-39, 69)	(-80, 0)	(-40, -69)	(40, -69)	circle	red	same	right	right	(40, 69)	(-80, 0)	probe	tar	None	None	None	None	110	135	60	85	35	160	(-80, 0)	176	testing
2	dr	f	19	red	3	(80, 0)	(40, 69)	(-39, 69)	(-80, 0)	(-40, -69)	(40, -69)	diamond	red	dif	right	right	(40, 69)	(-40, -69)	search	nr	True	209110	209830	right	110	10	60	160	135	85	None	None	testing
2	dr	f	19	red	3	(80, 0)	(40, 69)	(-39, 69)	(-80, 0)	(-40, -69)	(40, -69)	circle	red	same	left	left	(-39, 69)	(40, -69)	search	nr	True	211031	211719	left	35	10	60	85	110	135	None	None	testing
2	dr	f	19	red	3	(80, 0)	(40, 69)	(-39, 69)	(-80, 0)	(-40, -69)	(40, -69)	diamond	red	dif	right	right	(40, 69)	(40, -69)	search	nr	True	212850	213367	right	110	10	85	135	60	35	None	None	testing
2	dr	f	19	red	3	(80, 0)	(40, 69)	(-39, 69)	(-80, 0)	(-40, -69)	(40, -69)	circle	none	same	right	right	N_dist	(-40, -69)	search	nr	True	214487	215063	right	110	35	10	60	85	135	None	None	testing
2	dr	f	19	red	3	(80, 0)	(40, 69)	(-39, 69)	(-80, 0)	(-40, -69)	(40, -69)	diamond	none	same	right	right	N_dist	(80, 0)	search	nr	True	216357	216918	right	135	85	60	110	35	160	None	None	testing
2	dr	f	19	red	3	(80, 0)	(40, 69)	(-39, 69)	(-80, 0)	(-40, -69)	(40, -69)	diamond	red	dif	left	left	(40, 69)	(40, -69)	probe	h_sin	None	None	None	None	35	60	135	160	10	85	(40, 69)	17	testing
2	dr	f	19	red	3	(80, 0)	(40, 69)	(-39, 69)	(-80, 0)	(-40, -69)	(40, -69)	diamond	red	same	right	right	(40, 69)	(-40, -69)	probe	h_sin	None	None	None	None	135	10	110	160	35	85	(40, 69)	15	testing
2	dr	f	19	red	3	(80, 0)	(40, 69)	(-39, 69)	(-80, 0)	(-40, -69)	(40, -69)	diamond	red	dif	left	left	(40, 69)	(40, -69)	search	nr	True	225540	226246	left	85	160	10	35	110	135	None	None	testing
2	dr	f	19	red	3	(80, 0)	(40, 69)	(-39, 69)	(-80, 0)	(-40, -69)	(40, -69)	circle	red	same	right	right	(40, 69)	(-39, 69)	search	nr	True	227427	228118	right	60	110	10	160	85	135	None	None	testing
2	dr	f	19	red	3	(80, 0)	(40, 69)	(-39, 69)	(-80, 0)	(-40, -69)	(40, -69)	circle	red	dif	right	right	(40, 69)	(40, -69)	search	nr	True	229314	229927	right	35	10	135	160	85	110	None	None	testing
2	dr	f	19	red	3	(80, 0)	(40, 69)	(-39, 69)	(-80, 0)	(-40, -69)	(40, -69)	diamond	red	dif	right	right	(40, 69)	(-40, -69)	search	nr	True	230984	231895	right	35	85	60	160	10	110	None	None	testing
2	dr	f	19	red	3	(80, 0)	(40, 69)	(-39, 69)	(-80, 0)	(-40, -69)	(40, -69)	diamond	none	dif	left	left	N_dist	(40, -69)	search	nr	True	233171	233798	left	60	135	110	35	160	10	None	None	testing
2	dr	f	19	red	3	(80, 0)	(40, 69)	(-39, 69)	(-80, 0)	(-40, -69)	(40, -69)	circle	red	dif	right	right	(80, 0)	(-40, -69)	search	nr	True	235075	235863	right	135	10	35	160	110	85	None	None	testing
2	dr	f	19	red	3	(80, 0)	(40, 69)	(-39, 69)	(-80, 0)	(-40, -69)	(40, -69)	circle	red	dif	right	right	(-39, 69)	(-40, -69)	search	nr	True	237095	237606	right	110	160	10	135	35	85	None	None	testing
2	dr	f	19	red	3	(80, 0)	(40, 69)	(-39, 69)	(-80, 0)	(-40, -69)	(40, -69)	circle	red	same	left	left	(40, 69)	(80, 0)	probe	norm	None	None	None	None	135	60	35	10	110	160	(-80, 0)	168	testing
2	dr	f	19	red	3	(80, 0)	(40, 69)	(-39, 69)	(-80, 0)	(-40, -69)	(40, -69)	diamond	red	same	left	left	(40, 69)	(40, -69)	probe	tar	None	None	None	None	110	10	35	135	160	60	(40, -69)	165	testing
2	dr	f	19	red	3	(80, 0)	(40, 69)	(-39, 69)	(-80, 0)	(-40, -69)	(40, -69)	diamond	red	dif	left	left	(40, 69)	(-80, 0)	probe	h_sin	None	None	None	None	10	135	160	110	85	35	(40, 69)	19	testing
2	dr	f	19	red	3	(80, 0)	(40, 69)	(-39, 69)	(-80, 0)	(-40, -69)	(40, -69)	circle	red	dif	left	left	(40, 69)	(40, -69)	search	nr	True	249484	250134	left	160	10	60	135	35	110	None	None	testing
2	dr	f	19	red	3	(80, 0)	(40, 69)	(-39, 69)	(-80, 0)	(-40, -69)	(40, -69)	diamond	red	same	left	left	(40, 69)	(80, 0)	search	nr	True	251221	251798	left	160	110	35	135	60	10	None	None	testing
2	dr	f	19	red	3	(80, 0)	(40, 69)	(-39, 69)	(-80, 0)	(-40, -69)	(40, -69)	diamond	red	same	right	right	(40, 69)	(-40, -69)	search	nr	True	253091	253750	right	10	160	135	110	60	85	None	None	testing
2	dr	f	19	red	3	(80, 0)	(40, 69)	(-39, 69)	(-80, 0)	(-40, -69)	(40, -69)	diamond	none	dif	right	right	N_dist	(40, -69)	search	nr	True	254844	255366	right	110	10	60	160	135	85	None	None	testing
2	dr	f	19	red	3	(80, 0)	(40, 69)	(-39, 69)	(-80, 0)	(-40, -69)	(40, -69)	circle	none	dif	left	left	N_dist	(40, -69)	search	nr	True	256514	257126	left	160	110	60	10	135	35	None	None	testing
2	dr	f	19	red	3	(80, 0)	(40, 69)	(-39, 69)	(-80, 0)	(-40, -69)	(40, -69)	circle	red	same	right	right	(40, 69)	(-80, 0)	search	nr	True	258284	258887	right	60	35	110	135	10	85	None	None	testing
2	dr	f	19	red	3	(80, 0)	(40, 69)	(-39, 69)	(-80, 0)	(-40, -69)	(40, -69)	circle	red	dif	left	left	(40, 69)	(-39, 69)	search	nr	True	260154	260743	left	110	35	135	85	60	160	None	None	testing
2	dr	f	19	red	3	(80, 0)	(40, 69)	(-39, 69)	(-80, 0)	(-40, -69)	(40, -69)	circle	red	same	left	left	(40, 69)	(-80, 0)	search	nr	True	261840	262374	left	110	85	10	160	60	35	None	None	testing
2	dr	f	19	red	3	(80, 0)	(40, 69)	(-39, 69)	(-80, 0)	(-40, -69)	(40, -69)	circle	none	dif	left	left	N_dist	(40, 69)	search	nr	True	263460	264166	left	35	135	110	60	10	160	None	None	testing
2	dr	f	19	red	3	(80, 0)	(40, 69)	(-39, 69)	(-80, 0)	(-40, -69)	(40, -69)	diamond	none	same	right	right	N_dist	(-80, 0)	probe	h_norm	None	None	None	None	60	160	110	10	35	135	(40, 69)	15	testing
2	dr	f	19	red	3	(80, 0)	(40, 69)	(-39, 69)	(-80, 0)	(-40, -69)	(40, -69)	diamond	red	dif	left	left	(40, 69)	(80, 0)	probe	tar	None	None	None	None	110	35	135	60	85	10	(80, 0)	25	testing
2	dr	f	19	red	3	(80, 0)	(40, 69)	(-39, 69)	(-80, 0)	(-40, -69)	(40, -69)	diamond	red	dif	left	left	(-80, 0)	(40, -69)	probe	norm	None	None	None	None	110	10	35	85	60	160	(80, 0)	12	testing
2	dr	f	19	red	3	(80, 0)	(40, 69)	(-39, 69)	(-80, 0)	(-40, -69)	(40, -69)	circle	red	dif	left	left	(40, 69)	(40, -69)	search	nr	True	276050	276838	left	135	160	10	35	85	60	None	None	testing
2	dr	f	19	red	3	(80, 0)	(40, 69)	(-39, 69)	(-80, 0)	(-40, -69)	(40, -69)	circle	red	dif	right	right	(40, 69)	(-40, -69)	search	nr	True	278020	278598	right	85	160	110	10	135	35	None	None	testing
2	dr	f	19	red	3	(80, 0)	(40, 69)	(-39, 69)	(-80, 0)	(-40, -69)	(40, -69)	circle	red	dif	right	right	(40, 69)	(40, -69)	probe	norm	None	None	None	None	110	135	60	85	160	35	(-40, -69)	9	testing
2	dr	f	19	red	3	(80, 0)	(40, 69)	(-39, 69)	(-80, 0)	(-40, -69)	(40, -69)	circle	red	same	left	left	(40, 69)	(80, 0)	search	nr	True	283296	283911	left	60	110	10	160	135	85	None	None	testing
2	dr	f	19	red	3	(80, 0)	(40, 69)	(-39, 69)	(-80, 0)	(-40, -69)	(40, -69)	diamond	red	dif	left	left	(-40, -69)	(-80, 0)	search	nr	True	285150	286838	left	135	10	85	60	110	160	None	None	testing
2	dr	f	19	red	3	(80, 0)	(40, 69)	(-39, 69)	(-80, 0)	(-40, -69)	(40, -69)	diamond	red	same	right	right	(80, 0)	(-80, 0)	probe	l_sin	None	None	None	None	35	10	85	160	60	110	(80, 0)	118	testing
2	dr	f	19	red	3	(80, 0)	(40, 69)	(-39, 69)	(-80, 0)	(-40, -69)	(40, -69)	circle	red	same	left	left	(40, -69)	(-40, -69)	search	nr	True	294150	294838	left	110	85	135	35	160	10	None	None	testing
2	dr	f	19	red	3	(80, 0)	(40, 69)	(-39, 69)	(-80, 0)	(-40, -69)	(40, -69)	circle	none	same	right	right	N_dist	(40, 69)	probe	h_tar	None	None	None	None	110	60	160	35	85	135	(40, 69)	16	testing
2	dr	f	19	red	3	(80, 0)	(40, 69)	(-39, 69)	(-80, 0)	(-40, -69)	(40, -69)	diamond	red	dif	left	left	(40, 69)	(-40, -69)	probe	norm	None	None	None	None	60	10	110	160	35	85	(80, 0)	58	testing
2	dr	f	19	red	3	(80, 0)	(40, 69)	(-39, 69)	(-80, 0)	(-40, -69)	(40, -69)	circle	red	same	right	right	(-39, 69)	(40, -69)	search	nr	True	304035	304709	right	85	160	110	10	135	60	None	None	testing
2	dr	f	19	red	3	(80, 0)	(40, 69)	(-39, 69)	(-80, 0)	(-40, -69)	(40, -69)	diamond	red	same	left	left	(80, 0)	(40, -69)	search	nr	True	305855	306726	left	135	85	60	35	160	110	None	None	testing
2	dr	f	19	red	3	(80, 0)	(40, 69)	(-39, 69)	(-80, 0)	(-40, -69)	(40, -69)	circle	none	dif	left	left	N_dist	(40, -69)	search	nr	True	307909	308487	left	135	35	60	10	110	85	None	None	testing
2	dr	f	19	red	3	(80, 0)	(40, 69)	(-39, 69)	(-80, 0)	(-40, -69)	(40, -69)	diamond	red	same	left	left	(80, 0)	(40, -69)	probe	l_sin	None	None	None	None	10	85	160	60	110	135	(80, 0)	147	testing
2	dr	f	19	red	3	(80, 0)	(40, 69)	(-39, 69)	(-80, 0)	(-40, -69)	(40, -69)	circle	red	dif	left	left	(40, 69)	(80, 0)	search	nr	True	314253	314790	left	135	110	10	35	160	85	None	None	testing
2	dr	f	19	red	3	(80, 0)	(40, 69)	(-39, 69)	(-80, 0)	(-40, -69)	(40, -69)	circle	red	same	left	left	(40, 69)	(-40, -69)	search	nr	True	315856	316487	left	85	60	35	110	10	135	None	None	testing
2	dr	f	19	red	3	(80, 0)	(40, 69)	(-39, 69)	(-80, 0)	(-40, -69)	(40, -69)	circle	red	same	right	right	(80, 0)	(-39, 69)	search	nr	True	317542	318342	right	135	35	160	110	60	85	None	None	testing
2	dr	f	19	red	3	(80, 0)	(40, 69)	(-39, 69)	(-80, 0)	(-40, -69)	(40, -69)	circle	red	same	left	left	(40, 69)	(80, 0)	search	nr	True	319579	320151	left	35	60	85	160	135	10	None	None	testing
2	dr	f	19	red	3	(80, 0)	(40, 69)	(-39, 69)	(-80, 0)	(-40, -69)	(40, -69)	diamond	red	same	left	left	(80, 0)	(-39, 69)	probe	l_sin	None	None	None	None	110	60	85	10	35	160	(80, 0)	27	testing
2	dr	f	19	red	3	(80, 0)	(40, 69)	(-39, 69)	(-80, 0)	(-40, -69)	(40, -69)	circle	red	same	left	left	(40, 69)	(-80, 0)	search	nr	True	324823	325398	left	160	35	10	110	135	85	None	None	testing
2	dr	f	19	red	3	(80, 0)	(40, 69)	(-39, 69)	(-80, 0)	(-40, -69)	(40, -69)	diamond	red	dif	left	left	(40, 69)	(-40, -69)	search	nr	True	326459	327094	left	85	160	60	10	35	135	None	None	testing
2	dr	f	19	red	3	(80, 0)	(40, 69)	(-39, 69)	(-80, 0)	(-40, -69)	(40, -69)	circle	red	same	right	right	(80, 0)	(-39, 69)	search	nr	True	328329	328951	right	110	85	160	135	35	60	None	None	testing
2	dr	f	19	red	3	(80, 0)	(40, 69)	(-39, 69)	(-80, 0)	(-40, -69)	(40, -69)	diamond	red	dif	right	right	(40, 69)	(40, -69)	search	nr	True	330033	330983	right	85	135	35	160	110	60	None	None	testing
2	dr	f	19	red	3	(80, 0)	(40, 69)	(-39, 69)	(-80, 0)	(-40, -69)	(40, -69)	circle	red	dif	left	left	(40, 69)	(-39, 69)	search	nr	True	332153	332743	left	110	60	160	135	85	10	None	None	testing
2	dr	f	19	red	3	(80, 0)	(40, 69)	(-39, 69)	(-80, 0)	(-40, -69)	(40, -69)	diamond	red	same	right	right	(40, 69)	(-40, -69)	search	nr	True	333823	334470	right	110	60	135	160	10	85	None	None	testing
2	dr	f	19	red	3	(80, 0)	(40, 69)	(-39, 69)	(-80, 0)	(-40, -69)	(40, -69)	circle	red	same	right	right	(40, 69)	(-39, 69)	probe	tar	None	None	None	None	110	135	60	10	35	85	(-39, 69)	153	testing
2	dr	f	19	red	3	(80, 0)	(40, 69)	(-39, 69)	(-80, 0)	(-40, -69)	(40, -69)	diamond	red	dif	left	left	(40, -69)	(-80, 0)	search	nr	True	339266	339894	left	135	85	60	160	35	10	None	None	testing
2	dr	f	19	red	3	(80, 0)	(40, 69)	(-39, 69)	(-80, 0)	(-40, -69)	(40, -69)	diamond	red	same	right	right	(40, 69)	(40, -69)	search	nr	True	340969	341430	right	10	160	110	135	60	35	None	None	testing
2	dr	f	19	red	3	(80, 0)	(40, 69)	(-39, 69)	(-80, 0)	(-40, -69)	(40, -69)	diamond	red	dif	right	right	(-40, -69)	(-80, 0)	search	nr	True	342489	343527	right	60	35	10	135	85	160	None	None	testing
2	dr	f	19	red	3	(80, 0)	(40, 69)	(-39, 69)	(-80, 0)	(-40, -69)	(40, -69)	diamond	none	same	right	right	N_dist	(80, 0)	probe	l_norm	None	None	None	None	85	160	135	60	35	10	(-39, 69)	162	testing
2	dr	f	19	red	3	(80, 0)	(40, 69)	(-39, 69)	(-80, 0)	(-40, -69)	(40, -69)	diamond	none	dif	right	right	N_dist	(-39, 69)	probe	l_norm	None	None	None	None	10	110	60	35	160	135	(-80, 0)	164	testing
2	dr	f	19	red	3	(80, 0)	(40, 69)	(-39, 69)	(-80, 0)	(-40, -69)	(40, -69)	circle	none	dif	right	right	N_dist	(40, 69)	search	nr	True	351972	352726	right	10	35	85	160	60	135	None	None	testing
2	dr	f	19	red	3	(80, 0)	(40, 69)	(-39, 69)	(-80, 0)	(-40, -69)	(40, -69)	diamond	red	dif	right	right	(-40, -69)	(-80, 0)	search	nr	True	354027	354790	right	10	160	110	35	60	135	None	None	testing
2	dr	f	19	red	3	(80, 0)	(40, 69)	(-39, 69)	(-80, 0)	(-40, -69)	(40, -69)	circle	red	same	left	left	(-80, 0)	(80, 0)	probe	norm	None	None	None	None	110	135	35	85	10	60	(40, -69)	153	testing
2	dr	f	19	red	3	(80, 0)	(40, 69)	(-39, 69)	(-80, 0)	(-40, -69)	(40, -69)	diamond	none	dif	right	right	N_dist	(-39, 69)	search	nr	True	360054	360758	right	10	110	85	60	135	35	None	None	testing
2	dr	f	19	red	3	(80, 0)	(40, 69)	(-39, 69)	(-80, 0)	(-40, -69)	(40, -69)	circle	red	dif	left	left	(40, -69)	(-40, -69)	search	nr	True	361840	362726	right	60	85	10	110	160	35	None	None	testing
2	dr	f	19	red	3	(80, 0)	(40, 69)	(-39, 69)	(-80, 0)	(-40, -69)	(40, -69)	circle	none	dif	right	right	N_dist	(40, -69)	search	nr	True	365347	366214	right	35	10	160	135	60	110	None	None	testing
2	dr	f	19	red	3	(80, 0)	(40, 69)	(-39, 69)	(-80, 0)	(-40, -69)	(40, -69)	circle	none	same	left	left	N_dist	(40, 69)	probe	h_tar	None	None	None	None	60	85	110	135	160	35	(40, 69)	15	testing
2	dr	f	19	red	3	(80, 0)	(40, 69)	(-39, 69)	(-80, 0)	(-40, -69)	(40, -69)	circle	red	same	right	right	(40, 69)	(-40, -69)	search	nr	True	370690	371334	right	35	135	60	10	85	160	None	None	testing
2	dr	f	19	red	3	(80, 0)	(40, 69)	(-39, 69)	(-80, 0)	(-40, -69)	(40, -69)	diamond	red	same	left	left	(40, 69)	(-40, -69)	search	nr	True	372494	373190	left	60	85	35	135	110	10	None	None	testing
2	dr	f	19	red	3	(80, 0)	(40, 69)	(-39, 69)	(-80, 0)	(-40, -69)	(40, -69)	diamond	none	dif	left	left	N_dist	(40, -69)	probe	l_norm	None	None	None	None	85	60	110	35	160	135	(-39, 69)	162	testing
2	dr	f	19	red	3	(80, 0)	(40, 69)	(-39, 69)	(-80, 0)	(-40, -69)	(40, -69)	circle	red	same	right	right	(40, 69)	(-39, 69)	search	nr	True	378020	378758	right	85	135	110	10	160	35	None	None	testing
2	dr	f	19	red	3	(80, 0)	(40, 69)	(-39, 69)	(-80, 0)	(-40, -69)	(40, -69)	diamond	none	dif	left	left	N_dist	(-40, -69)	search	nr	True	379941	380646	left	10	85	160	35	60	135	None	None	testing
2	dr	f	19	red	3	(80, 0)	(40, 69)	(-39, 69)	(-80, 0)	(-40, -69)	(40, -69)	diamond	red	dif	left	left	(40, 69)	(80, 0)	search	nr	True	381794	382438	left	135	35	85	160	60	10	None	None	testing
2	dr	f	19	red	3	(80, 0)	(40, 69)	(-39, 69)	(-80, 0)	(-40, -69)	(40, -69)	diamond	red	same	left	left	(40, 69)	(-39, 69)	search	nr	True	383514	384118	left	35	60	85	135	160	10	None	None	testing
2	dr	f	19	red	3	(80, 0)	(40, 69)	(-39, 69)	(-80, 0)	(-40, -69)	(40, -69)	diamond	red	same	right	right	(80, 0)	(-80, 0)	search	nr	True	385401	386102	right	60	160	110	10	135	85	None	None	testing
2	dr	f	19	red	3	(80, 0)	(40, 69)	(-39, 69)	(-80, 0)	(-40, -69)	(40, -69)	circle	red	dif	left	left	(40, 69)	(-39, 69)	probe	h_sin	None	None	None	None	35	10	110	85	160	135	(40, 69)	10	testing
2	dr	f	19	red	3	(80, 0)	(40, 69)	(-39, 69)	(-80, 0)	(-40, -69)	(40, -69)	circle	none	dif	left	left	N_dist	(40, 69)	probe	h_tar	None	None	None	None	110	160	10	60	85	35	(40, 69)	30	testing
2	dr	f	19	red	3	(80, 0)	(40, 69)	(-39, 69)	(-80, 0)	(-40, -69)	(40, -69)	circle	red	dif	left	left	(40, 69)	(-39, 69)	search	nr	True	394284	394854	left	135	110	160	10	35	85	None	None	testing
2	dr	f	19	red	3	(80, 0)	(40, 69)	(-39, 69)	(-80, 0)	(-40, -69)	(40, -69)	diamond	none	dif	left	left	N_dist	(-40, -69)	probe	l_tar	None	None	None	None	160	60	35	85	110	135	(-40, -69)	13	testing
2	dr	f	19	red	3	(80, 0)	(40, 69)	(-39, 69)	(-80, 0)	(-40, -69)	(40, -69)	circle	red	same	left	left	(-39, 69)	(40, -69)	search	nr	True	399510	400390	left	160	35	85	60	135	110	None	None	testing
2	dr	f	19	red	3	(80, 0)	(40, 69)	(-39, 69)	(-80, 0)	(-40, -69)	(40, -69)	diamond	red	same	left	left	(40, 69)	(80, 0)	probe	tar	None	None	None	None	35	60	135	10	85	110	(80, 0)	154	testing
2	dr	f	19	red	3	(80, 0)	(40, 69)	(-39, 69)	(-80, 0)	(-40, -69)	(40, -69)	diamond	red	same	right	right	(40, 69)	(-80, 0)	search	nr	True	405237	405926	right	60	35	110	160	135	10	None	None	testing
2	dr	f	19	red	3	(80, 0)	(40, 69)	(-39, 69)	(-80, 0)	(-40, -69)	(40, -69)	circle	none	dif	right	right	N_dist	(-40, -69)	search	nr	True	407140	407750	right	135	160	110	10	60	85	None	None	testing
2	dr	f	19	red	3	(80, 0)	(40, 69)	(-39, 69)	(-80, 0)	(-40, -69)	(40, -69)	diamond	red	dif	right	right	(40, 69)	(-40, -69)	probe	norm	None	None	None	None	60	160	135	110	35	10	(40, -69)	148	testing
2	dr	f	19	red	3	(80, 0)	(40, 69)	(-39, 69)	(-80, 0)	(-40, -69)	(40, -69)	diamond	red	same	right	right	(-39, 69)	(80, 0)	probe	l_sin	None	None	None	None	85	160	110	35	135	10	(-39, 69)	162	testing
2	dr	f	19	red	3	(80, 0)	(40, 69)	(-39, 69)	(-80, 0)	(-40, -69)	(40, -69)	circle	none	same	right	right	N_dist	(-80, 0)	search	nr	True	416658	418070	right	160	85	110	60	10	35	None	None	testing
2	dr	f	19	red	3	(80, 0)	(40, 69)	(-39, 69)	(-80, 0)	(-40, -69)	(40, -69)	circle	none	same	right	right	N_dist	(-40, -69)	probe	h_norm	None	None	None	None	85	10	160	35	135	60	(40, 69)	23	testing
2	dr	f	19	red	3	(80, 0)	(40, 69)	(-39, 69)	(-80, 0)	(-40, -69)	(40, -69)	circle	red	same	right	right	(40, 69)	(-80, 0)	search	nr	True	422969	423622	right	135	10	160	35	110	60	None	None	testing
2	dr	f	19	red	3	(80, 0)	(40, 69)	(-39, 69)	(-80, 0)	(-40, -69)	(40, -69)	circle	red	dif	left	left	(-80, 0)	(-40, -69)	search	nr	True	424839	425638	left	35	10	60	135	85	110	None	None	testing
2	dr	f	19	red	3	(80, 0)	(40, 69)	(-39, 69)	(-80, 0)	(-40, -69)	(40, -69)	diamond	red	dif	left	left	(40, 69)	(80, 0)	search	nr	True	426860	427478	left	85	35	135	110	60	10	None	None	testing
2	dr	f	19	red	3	(80, 0)	(40, 69)	(-39, 69)	(-80, 0)	(-40, -69)	(40, -69)	circle	none	dif	right	right	N_dist	(80, 0)	probe	l_norm	None	None	None	None	60	85	135	160	35	10	(40, -69)	55	testing
2	dr	f	19	red	3	(80, 0)	(40, 69)	(-39, 69)	(-80, 0)	(-40, -69)	(40, -69)	diamond	none	dif	right	right	N_dist	(-39, 69)	search	nr	True	432921	433526	right	60	135	110	85	10	35	None	None	testing
2	dr	f	19	red	3	(80, 0)	(40, 69)	(-39, 69)	(-80, 0)	(-40, -69)	(40, -69)	circle	none	same	left	left	N_dist	(-40, -69)	search	nr	True	434775	435430	left	110	35	85	60	10	135	None	None	testing
2	dr	f	19	red	3	(80, 0)	(40, 69)	(-39, 69)	(-80, 0)	(-40, -69)	(40, -69)	diamond	none	same	right	right	N_dist	(-80, 0)	search	nr	True	436544	437158	right	10	35	110	60	160	135	None	None	testing
2	dr	f	19	red	3	(80, 0)	(40, 69)	(-39, 69)	(-80, 0)	(-40, -69)	(40, -69)	diamond	red	dif	left	left	(40, 69)	(80, 0)	search	nr	True	438214	438758	left	110	10	60	85	35	135	None	None	testing
2	dr	f	19	red	3	(80, 0)	(40, 69)	(-39, 69)	(-80, 0)	(-40, -69)	(40, -69)	circle	red	dif	right	right	(-40, -69)	(80, 0)	search	nr	True	440000	441094	right	110	35	10	60	135	160	None	None	testing
2	dr	f	19	red	3	(80, 0)	(40, 69)	(-39, 69)	(-80, 0)	(-40, -69)	(40, -69)	circle	none	same	right	right	N_dist	(-40, -69)	search	nr	True	442188	442790	right	160	60	35	10	85	110	None	None	testing
2	dr	f	19	red	3	(80, 0)	(40, 69)	(-39, 69)	(-80, 0)	(-40, -69)	(40, -69)	circle	red	dif	right	right	(40, 69)	(-39, 69)	search	nr	True	443874	444502	right	85	110	60	160	10	135	None	None	testing
2	dr	f	19	red	3	(80, 0)	(40, 69)	(-39, 69)	(-80, 0)	(-40, -69)	(40, -69)	circle	red	dif	left	left	(-39, 69)	(40, -69)	search	nr	True	445795	446486	left	10	135	35	160	60	110	None	None	testing
2	dr	f	19	red	3	(80, 0)	(40, 69)	(-39, 69)	(-80, 0)	(-40, -69)	(40, -69)	diamond	none	dif	left	left	N_dist	(-80, 0)	probe	l_tar	None	None	None	None	10	85	160	135	110	60	(-80, 0)	19	testing
2	dr	f	19	red	3	(80, 0)	(40, 69)	(-39, 69)	(-80, 0)	(-40, -69)	(40, -69)	diamond	none	same	left	left	N_dist	(-39, 69)	probe	l_norm	None	None	None	None	60	110	160	35	10	85	(40, -69)	156	testing
2	dr	f	19	red	3	(80, 0)	(40, 69)	(-39, 69)	(-80, 0)	(-40, -69)	(40, -69)	circle	red	same	left	left	(-40, -69)	(80, 0)	search	nr	True	455312	456022	left	35	60	135	10	110	85	None	None	testing
2	dr	f	19	red	3	(80, 0)	(40, 69)	(-39, 69)	(-80, 0)	(-40, -69)	(40, -69)	circle	red	same	left	left	(40, -69)	(80, 0)	probe	tar	None	None	None	None	135	10	35	60	160	110	(80, 0)	32	testing
2	dr	f	19	red	3	(80, 0)	(40, 69)	(-39, 69)	(-80, 0)	(-40, -69)	(40, -69)	diamond	none	dif	right	right	N_dist	(40, -69)	probe	h_norm	None	None	None	None	110	85	10	60	160	135	(40, 69)	23	testing
2	dr	f	19	red	3	(80, 0)	(40, 69)	(-39, 69)	(-80, 0)	(-40, -69)	(40, -69)	diamond	red	same	left	left	(-80, 0)	(-39, 69)	probe	tar	None	None	None	None	110	135	35	60	10	85	(-39, 69)	155	testing
2	dr	f	19	red	3	(80, 0)	(40, 69)	(-39, 69)	(-80, 0)	(-40, -69)	(40, -69)	diamond	red	same	right	right	(-39, 69)	(80, 0)	search	nr	True	468136	468758	right	85	110	10	135	160	60	None	None	testing
2	dr	f	19	red	3	(80, 0)	(40, 69)	(-39, 69)	(-80, 0)	(-40, -69)	(40, -69)	diamond	red	dif	left	left	(-40, -69)	(-80, 0)	probe	tar	None	None	None	None	10	60	85	160	135	35	(-80, 0)	26	testing
2	dr	f	19	red	3	(80, 0)	(40, 69)	(-39, 69)	(-80, 0)	(-40, -69)	(40, -69)	circle	red	same	left	left	(40, 69)	(-40, -69)	probe	h_sin	None	None	None	None	160	135	35	10	60	110	(40, 69)	25	testing
2	dr	f	19	red	3	(80, 0)	(40, 69)	(-39, 69)	(-80, 0)	(-40, -69)	(40, -69)	diamond	red	same	left	left	(40, 69)	(-39, 69)	probe	norm	None	None	None	None	60	85	10	160	135	35	(80, 0)	25	testing
2	dr	f	19	red	3	(80, 0)	(40, 69)	(-39, 69)	(-80, 0)	(-40, -69)	(40, -69)	diamond	none	same	left	left	N_dist	(40, -69)	probe	h_norm	None	None	None	None	160	10	60	35	85	110	(40, 69)	21	testing
2	dr	f	19	red	3	(80, 0)	(40, 69)	(-39, 69)	(-80, 0)	(-40, -69)	(40, -69)	circle	none	dif	left	left	N_dist	(40, -69)	probe	l_norm	None	None	None	None	160	60	85	135	10	35	(80, 0)	44	testing
2	dr	f	19	red	3	(80, 0)	(40, 69)	(-39, 69)	(-80, 0)	(-40, -69)	(40, -69)	diamond	red	same	right	right	(40, 69)	(80, 0)	probe	h_sin	None	None	None	None	110	35	135	160	10	60	(40, 69)	160	testing
2	dr	f	19	red	3	(80, 0)	(40, 69)	(-39, 69)	(-80, 0)	(-40, -69)	(40, -69)	diamond	red	dif	right	right	(40, 69)	(-80, 0)	probe	tar	None	None	None	None	60	110	85	160	135	35	(-80, 0)	24	testing
2	dr	f	19	red	3	(80, 0)	(40, 69)	(-39, 69)	(-80, 0)	(-40, -69)	(40, -69)	diamond	red	same	left	left	(80, 0)	(40, -69)	search	nr	True	495904	496806	left	85	10	60	135	35	160	None	None	testing
2	dr	f	19	red	3	(80, 0)	(40, 69)	(-39, 69)	(-80, 0)	(-40, -69)	(40, -69)	diamond	red	same	left	left	(40, 69)	(80, 0)	search	nr	True	497908	498470	left	110	85	10	60	160	135	None	None	testing
2	dr	f	19	red	3	(80, 0)	(40, 69)	(-39, 69)	(-80, 0)	(-40, -69)	(40, -69)	circle	red	same	right	right	(40, 69)	(40, -69)	search	nr	True	499594	500230	right	35	10	160	85	135	110	None	None	testing
2	dr	f	19	red	3	(80, 0)	(40, 69)	(-39, 69)	(-80, 0)	(-40, -69)	(40, -69)	circle	red	same	right	right	(40, 69)	(-40, -69)	search	nr	True	501464	501974	right	60	35	135	10	160	110	None	None	testing
2	dr	f	19	red	3	(80, 0)	(40, 69)	(-39, 69)	(-80, 0)	(-40, -69)	(40, -69)	circle	none	dif	left	left	N_dist	(40, 69)	search	nr	True	503083	503974	left	35	10	85	60	135	160	None	None	testing
2	dr	f	19	red	3	(80, 0)	(40, 69)	(-39, 69)	(-80, 0)	(-40, -69)	(40, -69)	diamond	none	same	right	right	N_dist	(-39, 69)	probe	h_norm	None	None	None	None	135	10	160	110	60	35	(40, 69)	19	testing
2	dr	f	19	red	3	(80, 0)	(40, 69)	(-39, 69)	(-80, 0)	(-40, -69)	(40, -69)	diamond	red	same	left	left	(40, 69)	(80, 0)	search	nr	True	508694	509222	left	110	160	35	60	10	85	None	None	testing
2	dr	f	19	red	3	(80, 0)	(40, 69)	(-39, 69)	(-80, 0)	(-40, -69)	(40, -69)	diamond	red	same	right	right	(-80, 0)	(80, 0)	search	nr	True	510330	511062	right	60	110	10	160	35	135	None	None	testing
2	dr	f	19	red	3	(80, 0)	(40, 69)	(-39, 69)	(-80, 0)	(-40, -69)	(40, -69)	circle	red	dif	left	left	(40, 69)	(-80, 0)	probe	h_sin	None	None	None	None	160	60	35	110	10	85	(40, 69)	18	testing
2	dr	f	19	red	3	(80, 0)	(40, 69)	(-39, 69)	(-80, 0)	(-40, -69)	(40, -69)	diamond	red	dif	right	right	(40, 69)	(-80, 0)	probe	norm	None	None	None	None	110	35	160	135	60	85	(40, -69)	157	testing
2	dr	f	19	red	3	(80, 0)	(40, 69)	(-39, 69)	(-80, 0)	(-40, -69)	(40, -69)	diamond	none	dif	right	right	N_dist	(-80, 0)	search	nr	True	519146	519782	right	85	10	160	60	35	135	None	None	testing
2	dr	f	19	red	3	(80, 0)	(40, 69)	(-39, 69)	(-80, 0)	(-40, -69)	(40, -69)	diamond	red	dif	left	left	(40, 69)	(-40, -69)	search	nr	True	520900	521510	left	10	35	135	85	60	110	None	None	testing
2	dr	f	19	red	3	(80, 0)	(40, 69)	(-39, 69)	(-80, 0)	(-40, -69)	(40, -69)	diamond	red	same	right	right	(40, 69)	(80, 0)	search	nr	True	522636	523270	right	35	135	160	110	85	10	None	None	testing
2	dr	f	19	red	3	(80, 0)	(40, 69)	(-39, 69)	(-80, 0)	(-40, -69)	(40, -69)	circle	red	same	left	left	(-40, -69)	(-39, 69)	search	nr	True	524473	525829	left	135	110	60	35	160	85	None	None	testing
2	dr	f	19	red	3	(80, 0)	(40, 69)	(-39, 69)	(-80, 0)	(-40, -69)	(40, -69)	circle	none	dif	right	right	N_dist	(40, 69)	probe	h_tar	None	None	None	None	35	10	60	85	135	160	(40, 69)	31	testing
2	dr	f	19	red	3	(80, 0)	(40, 69)	(-39, 69)	(-80, 0)	(-40, -69)	(40, -69)	circle	none	dif	left	left	N_dist	(40, 69)	search	nr	True	530500	531125	left	110	85	35	10	135	160	None	None	testing
2	dr	f	19	red	3	(80, 0)	(40, 69)	(-39, 69)	(-80, 0)	(-40, -69)	(40, -69)	diamond	red	dif	right	right	(40, 69)	(-80, 0)	search	nr	True	532321	533014	right	110	135	35	10	60	85	None	None	testing
2	dr	f	19	red	3	(80, 0)	(40, 69)	(-39, 69)	(-80, 0)	(-40, -69)	(40, -69)	circle	none	same	left	left	N_dist	(40, 69)	search	nr	True	534140	534758	left	85	135	160	35	110	10	None	None	testing
2	dr	f	19	red	3	(80, 0)	(40, 69)	(-39, 69)	(-80, 0)	(-40, -69)	(40, -69)	diamond	red	dif	right	right	(40, -69)	(80, 0)	search	nr	True	535994	536982	right	135	110	60	10	160	35	None	None	testing
2	dr	f	19	red	3	(80, 0)	(40, 69)	(-39, 69)	(-80, 0)	(-40, -69)	(40, -69)	diamond	red	dif	left	left	(40, 69)	(-39, 69)	search	nr	True	538198	539253	left	60	160	135	110	85	35	None	None	testing
2	dr	f	19	red	3	(80, 0)	(40, 69)	(-39, 69)	(-80, 0)	(-40, -69)	(40, -69)	diamond	red	dif	left	left	(-40, -69)	(-80, 0)	search	nr	True	540453	541302	left	35	85	160	10	110	60	None	None	testing
2	dr	f	19	red	3	(80, 0)	(40, 69)	(-39, 69)	(-80, 0)	(-40, -69)	(40, -69)	diamond	red	same	left	left	(40, 69)	(-40, -69)	probe	tar	None	None	None	None	135	60	85	110	160	10	(-40, -69)	27	testing
2	dr	f	19	red	3	(80, 0)	(40, 69)	(-39, 69)	(-80, 0)	(-40, -69)	(40, -69)	circle	red	dif	right	right	(80, 0)	(-40, -69)	search	nr	True	546864	547590	right	135	35	85	60	160	110	None	None	testing
2	dr	f	19	red	3	(80, 0)	(40, 69)	(-39, 69)	(-80, 0)	(-40, -69)	(40, -69)	circle	none	same	left	left	N_dist	(-40, -69)	probe	l_tar	None	None	None	None	35	135	60	10	160	85	(-40, -69)	27	testing
2	dr	f	19	red	3	(80, 0)	(40, 69)	(-39, 69)	(-80, 0)	(-40, -69)	(40, -69)	circle	red	dif	left	left	(40, 69)	(40, -69)	search	nr	True	552474	553190	left	35	110	85	60	135	10	None	None	testing
2	dr	f	19	red	3	(80, 0)	(40, 69)	(-39, 69)	(-80, 0)	(-40, -69)	(40, -69)	diamond	red	dif	left	left	(40, 69)	(80, 0)	search	nr	True	554394	555125	left	60	35	85	10	160	110	None	None	testing
2	dr	f	19	red	3	(80, 0)	(40, 69)	(-39, 69)	(-80, 0)	(-40, -69)	(40, -69)	circle	none	same	left	left	N_dist	(-39, 69)	probe	h_norm	None	None	None	None	135	160	35	85	110	10	(40, 69)	31	testing
2	dr	f	19	red	3	(80, 0)	(40, 69)	(-39, 69)	(-80, 0)	(-40, -69)	(40, -69)	circle	none	dif	right	right	N_dist	(80, 0)	search	nr	True	560239	560789	right	35	60	10	135	160	85	None	None	testing
2	dr	f	19	red	3	(80, 0)	(40, 69)	(-39, 69)	(-80, 0)	(-40, -69)	(40, -69)	circle	red	same	right	right	(40, 69)	(-39, 69)	search	nr	True	561891	562518	left	135	85	10	35	160	60	None	None	testing
2	dr	f	19	red	3	(80, 0)	(40, 69)	(-39, 69)	(-80, 0)	(-40, -69)	(40, -69)	diamond	none	dif	left	left	N_dist	(-80, 0)	search	nr	True	565281	565942	left	85	10	135	160	60	35	None	None	testing
2	dr	f	19	red	3	(80, 0)	(40, 69)	(-39, 69)	(-80, 0)	(-40, -69)	(40, -69)	circle	red	same	right	right	(-39, 69)	(40, -69)	search	nr	True	567068	567621	left	110	85	135	60	10	160	None	None	testing
2	dr	f	19	red	3	(80, 0)	(40, 69)	(-39, 69)	(-80, 0)	(-40, -69)	(40, -69)	circle	red	dif	left	left	(40, 69)	(-80, 0)	search	nr	True	570441	571606	left	10	60	85	135	35	160	None	None	testing
2	dr	f	19	red	3	(80, 0)	(40, 69)	(-39, 69)	(-80, 0)	(-40, -69)	(40, -69)	diamond	red	same	right	right	(40, 69)	(80, 0)	search	nr	True	572845	573398	right	110	10	35	85	160	135	None	None	testing
2	dr	f	19	red	3	(80, 0)	(40, 69)	(-39, 69)	(-80, 0)	(-40, -69)	(40, -69)	diamond	red	same	right	right	(-39, 69)	(80, 0)	probe	l_sin	None	None	None	None	35	110	135	85	60	10	(-39, 69)	162	testing
2	dr	f	19	red	3	(80, 0)	(40, 69)	(-39, 69)	(-80, 0)	(-40, -69)	(40, -69)	diamond	red	dif	left	left	(-80, 0)	(40, -69)	search	nr	True	578204	579062	left	135	110	60	85	35	10	None	None	testing
2	dr	f	19	red	3	(80, 0)	(40, 69)	(-39, 69)	(-80, 0)	(-40, -69)	(40, -69)	diamond	red	same	left	left	(40, 69)	(80, 0)	probe	tar	None	None	None	None	160	60	85	35	135	10	(80, 0)	35	testing
2	dr	f	19	red	3	(80, 0)	(40, 69)	(-39, 69)	(-80, 0)	(-40, -69)	(40, -69)	circle	none	same	right	right	N_dist	(-80, 0)	search	nr	True	583464	584165	right	60	160	35	10	110	135	None	None	testing
2	dr	f	19	red	3	(80, 0)	(40, 69)	(-39, 69)	(-80, 0)	(-40, -69)	(40, -69)	circle	red	same	right	right	(40, 69)	(-39, 69)	probe	tar	None	None	None	None	160	10	85	35	60	110	(-39, 69)	163	testing
2	dr	f	19	red	3	(80, 0)	(40, 69)	(-39, 69)	(-80, 0)	(-40, -69)	(40, -69)	diamond	none	dif	right	right	N_dist	(40, 69)	probe	h_tar	None	None	None	None	135	10	160	35	85	110	(40, 69)	143	testing
2	dr	f	19	red	3	(80, 0)	(40, 69)	(-39, 69)	(-80, 0)	(-40, -69)	(40, -69)	circle	none	same	right	right	N_dist	(-39, 69)	search	nr	True	592398	593430	right	60	135	160	110	85	10	None	None	testing
2	dr	f	19	red	3	(80, 0)	(40, 69)	(-39, 69)	(-80, 0)	(-40, -69)	(40, -69)	diamond	red	dif	right	right	(-80, 0)	(80, 0)	probe	tar	None	None	None	None	35	10	60	160	85	110	(80, 0)	125	testing
2	dr	f	19	red	3	(80, 0)	(40, 69)	(-39, 69)	(-80, 0)	(-40, -69)	(40, -69)	diamond	none	same	left	left	N_dist	(80, 0)	search	nr	True	598826	599526	left	160	135	60	110	85	35	None	None	testing
2	dr	f	19	red	3	(80, 0)	(40, 69)	(-39, 69)	(-80, 0)	(-40, -69)	(40, -69)	circle	none	dif	left	left	N_dist	(-39, 69)	probe	l_tar	None	None	None	None	35	10	135	85	160	110	(-39, 69)	27	testing
2	dr	f	19	red	3	(80, 0)	(40, 69)	(-39, 69)	(-80, 0)	(-40, -69)	(40, -69)	diamond	red	same	left	left	(40, 69)	(-39, 69)	search	nr	True	605071	605974	left	85	35	110	135	60	10	None	None	testing
2	dr	f	19	red	3	(80, 0)	(40, 69)	(-39, 69)	(-80, 0)	(-40, -69)	(40, -69)	diamond	none	same	left	left	N_dist	(40, 69)	search	nr	True	607191	607925	left	35	60	110	160	135	10	None	None	testing
2	dr	f	19	red	3	(80, 0)	(40, 69)	(-39, 69)	(-80, 0)	(-40, -69)	(40, -69)	diamond	red	same	right	right	(-39, 69)	(80, 0)	search	nr	True	609195	610118	right	160	135	35	85	10	60	None	None	testing
2	dr	f	19	red	3	(80, 0)	(40, 69)	(-39, 69)	(-80, 0)	(-40, -69)	(40, -69)	diamond	none	dif	right	right	N_dist	(-39, 69)	search	nr	True	611199	611782	right	10	60	135	85	160	35	None	None	testing
2	dr	f	19	red	3	(80, 0)	(40, 69)	(-39, 69)	(-80, 0)	(-40, -69)	(40, -69)	diamond	red	dif	left	left	(40, 69)	(-80, 0)	search	nr	True	612902	613702	left	110	35	10	135	160	85	None	None	testing
2	dr	f	19	red	3	(80, 0)	(40, 69)	(-39, 69)	(-80, 0)	(-40, -69)	(40, -69)	circle	red	same	left	left	(-80, 0)	(80, 0)	search	nr	True	614805	615541	left	160	110	10	135	85	35	None	None	testing
2	dr	f	19	red	3	(80, 0)	(40, 69)	(-39, 69)	(-80, 0)	(-40, -69)	(40, -69)	circle	red	dif	left	left	(40, 69)	(-80, 0)	probe	h_sin	None	None	None	None	85	60	135	110	35	160	(40, 69)	156	testing
2	dr	f	19	red	3	(80, 0)	(40, 69)	(-39, 69)	(-80, 0)	(-40, -69)	(40, -69)	diamond	red	dif	right	right	(40, -69)	(80, 0)	probe	l_sin	None	None	None	None	135	60	35	85	110	160	(40, -69)	21	testing
2	dr	f	19	red	3	(80, 0)	(40, 69)	(-39, 69)	(-80, 0)	(-40, -69)	(40, -69)	diamond	red	dif	right	right	(80, 0)	(-80, 0)	search	nr	True	623822	624534	right	110	135	10	60	160	85	None	None	testing
2	dr	f	19	red	3	(80, 0)	(40, 69)	(-39, 69)	(-80, 0)	(-40, -69)	(40, -69)	diamond	red	same	left	left	(40, 69)	(80, 0)	search	nr	True	625725	626261	left	10	135	85	35	110	60	None	None	testing
2	dr	f	19	red	3	(80, 0)	(40, 69)	(-39, 69)	(-80, 0)	(-40, -69)	(40, -69)	circle	none	dif	left	left	N_dist	(40, -69)	probe	l_tar	None	None	None	None	10	110	60	135	160	85	(40, -69)	169	testing
2	dr	f	19	red	3	(80, 0)	(40, 69)	(-39, 69)	(-80, 0)	(-40, -69)	(40, -69)	circle	red	dif	left	left	(40, 69)	(-39, 69)	search	nr	True	631135	631829	left	85	10	60	110	35	135	None	None	testing
2	dr	f	19	red	3	(80, 0)	(40, 69)	(-39, 69)	(-80, 0)	(-40, -69)	(40, -69)	circle	none	same	right	right	N_dist	(40, 69)	search	nr	True	632939	633717	right	35	110	160	60	85	10	None	None	testing
2	dr	f	19	red	3	(80, 0)	(40, 69)	(-39, 69)	(-80, 0)	(-40, -69)	(40, -69)	circle	red	same	right	right	(40, 69)	(40, -69)	search	nr	True	634909	635717	right	110	85	135	10	160	60	None	None	testing
2	dr	f	19	red	3	(80, 0)	(40, 69)	(-39, 69)	(-80, 0)	(-40, -69)	(40, -69)	diamond	red	same	left	left	(40, 69)	(40, -69)	search	nr	True	636879	637589	right	110	135	85	35	10	60	None	None	testing
2	dr	f	19	red	3	(80, 0)	(40, 69)	(-39, 69)	(-80, 0)	(-40, -69)	(40, -69)	circle	red	same	right	right	(40, 69)	(-39, 69)	probe	norm	None	None	None	None	60	135	10	110	35	85	(40, -69)	164	testing
2	dr	f	19	red	3	(80, 0)	(40, 69)	(-39, 69)	(-80, 0)	(-40, -69)	(40, -69)	circle	red	dif	left	left	(40, 69)	(80, 0)	search	nr	True	643859	644566	left	35	110	10	60	85	135	None	None	testing
2	dr	f	19	red	3	(80, 0)	(40, 69)	(-39, 69)	(-80, 0)	(-40, -69)	(40, -69)	diamond	red	same	right	right	(40, 69)	(-80, 0)	probe	h_sin	None	None	None	None	60	35	110	160	85	135	(40, 69)	32	testing
2	dr	f	19	red	3	(80, 0)	(40, 69)	(-39, 69)	(-80, 0)	(-40, -69)	(40, -69)	diamond	red	same	left	left	(40, 69)	(80, 0)	search	nr	True	649820	650469	left	135	160	110	10	60	35	None	None	testing
2	dr	f	19	red	3	(80, 0)	(40, 69)	(-39, 69)	(-80, 0)	(-40, -69)	(40, -69)	circle	none	same	right	right	N_dist	(40, 69)	search	nr	True	651723	652293	left	85	110	60	10	35	160	None	None	testing
2	dr	f	19	red	3	(80, 0)	(40, 69)	(-39, 69)	(-80, 0)	(-40, -69)	(40, -69)	circle	red	same	left	left	(40, 69)	(-80, 0)	probe	norm	None	None	None	None	85	10	110	35	135	60	(-40, -69)	174	testing
2	dr	f	19	red	3	(80, 0)	(40, 69)	(-39, 69)	(-80, 0)	(-40, -69)	(40, -69)	diamond	red	same	right	right	(40, 69)	(40, -69)	probe	norm	None	None	None	None	110	10	135	35	60	160	(-39, 69)	165	testing
2	dr	f	19	red	3	(80, 0)	(40, 69)	(-39, 69)	(-80, 0)	(-40, -69)	(40, -69)	diamond	none	same	left	left	N_dist	(40, 69)	probe	h_tar	None	None	None	None	160	85	60	135	10	110	(40, 69)	17	testing
2	dr	f	19	red	3	(80, 0)	(40, 69)	(-39, 69)	(-80, 0)	(-40, -69)	(40, -69)	circle	red	dif	left	left	(40, -69)	(-40, -69)	probe	norm	None	None	None	None	110	35	85	60	160	10	(-39, 69)	167	testing
2	dr	f	19	red	3	(80, 0)	(40, 69)	(-39, 69)	(-80, 0)	(-40, -69)	(40, -69)	diamond	none	same	right	right	N_dist	(80, 0)	probe	l_tar	None	None	None	None	10	160	135	60	35	110	(80, 0)	58	testing
2	dr	f	19	red	3	(80, 0)	(40, 69)	(-39, 69)	(-80, 0)	(-40, -69)	(40, -69)	circle	none	dif	right	right	N_dist	(80, 0)	search	nr	True	674765	675845	right	85	60	135	35	110	160	None	None	testing
2	dr	f	19	red	3	(80, 0)	(40, 69)	(-39, 69)	(-80, 0)	(-40, -69)	(40, -69)	circle	none	dif	right	right	N_dist	(40, -69)	probe	l_norm	None	None	None	None	160	60	135	110	85	35	(-80, 0)	165	testing
2	dr	f	19	red	3	(80, 0)	(40, 69)	(-39, 69)	(-80, 0)	(-40, -69)	(40, -69)	circle	red	same	left	left	(40, -69)	(80, 0)	search	nr	True	680542	681605	left	10	135	110	60	160	35	None	None	testing
2	dr	f	19	red	3	(80, 0)	(40, 69)	(-39, 69)	(-80, 0)	(-40, -69)	(40, -69)	circle	red	dif	right	right	(-40, -69)	(-80, 0)	search	nr	True	682814	683574	right	10	35	110	60	135	160	None	None	testing
2	dr	f	19	red	3	(80, 0)	(40, 69)	(-39, 69)	(-80, 0)	(-40, -69)	(40, -69)	circle	none	same	left	left	N_dist	(-80, 0)	search	nr	True	684684	685397	left	10	160	35	110	85	135	None	None	testing
2	dr	f	19	red	3	(80, 0)	(40, 69)	(-39, 69)	(-80, 0)	(-40, -69)	(40, -69)	diamond	red	dif	left	left	(40, 69)	(80, 0)	probe	h_sin	None	None	None	None	160	85	110	135	10	35	(40, 69)	16	testing
2	dr	f	19	red	3	(80, 0)	(40, 69)	(-39, 69)	(-80, 0)	(-40, -69)	(40, -69)	circle	none	dif	left	left	N_dist	(40, -69)	search	nr	True	690745	691877	left	10	110	60	35	85	160	None	None	testing
2	dr	f	19	red	3	(80, 0)	(40, 69)	(-39, 69)	(-80, 0)	(-40, -69)	(40, -69)	diamond	none	dif	left	left	N_dist	(-80, 0)	search	nr	True	693116	693942	left	110	10	85	35	160	135	None	None	testing
2	dr	f	19	red	3	(80, 0)	(40, 69)	(-39, 69)	(-80, 0)	(-40, -69)	(40, -69)	circle	none	same	left	left	N_dist	(-39, 69)	search	nr	True	695120	695813	left	110	35	160	10	85	135	None	None	testing
2	dr	f	19	red	3	(80, 0)	(40, 69)	(-39, 69)	(-80, 0)	(-40, -69)	(40, -69)	diamond	red	same	right	right	(40, 69)	(-80, 0)	search	nr	True	696923	697589	right	110	135	35	10	160	60	None	None	testing
2	dr	f	19	red	3	(80, 0)	(40, 69)	(-39, 69)	(-80, 0)	(-40, -69)	(40, -69)	circle	red	dif	left	left	(-80, 0)	(-40, -69)	search	nr	True	698810	699973	left	160	85	135	60	110	35	None	None	testing
2	dr	f	19	red	3	(80, 0)	(40, 69)	(-39, 69)	(-80, 0)	(-40, -69)	(40, -69)	diamond	none	dif	right	right	N_dist	(-39, 69)	search	nr	True	701047	701782	right	35	110	135	160	60	85	None	None	testing
2	dr	f	19	red	3	(80, 0)	(40, 69)	(-39, 69)	(-80, 0)	(-40, -69)	(40, -69)	circle	red	dif	right	right	(40, -69)	(80, 0)	probe	l_sin	None	None	None	None	60	110	35	10	135	85	(40, -69)	26	testing
2	dr	f	19	red	3	(80, 0)	(40, 69)	(-39, 69)	(-80, 0)	(-40, -69)	(40, -69)	circle	red	dif	left	left	(40, 69)	(40, -69)	probe	norm	None	None	None	None	160	110	85	10	135	35	(-80, 0)	15	testing
2	dr	f	19	red	3	(80, 0)	(40, 69)	(-39, 69)	(-80, 0)	(-40, -69)	(40, -69)	diamond	red	dif	left	left	(40, 69)	(-39, 69)	probe	tar	None	None	None	None	135	160	85	35	110	60	(-39, 69)	160	testing
2	dr	f	19	red	3	(80, 0)	(40, 69)	(-39, 69)	(-80, 0)	(-40, -69)	(40, -69)	circle	none	dif	right	right	N_dist	(40, -69)	search	nr	True	713621	714293	right	60	135	85	110	10	160	None	None	testing
2	dr	f	19	red	3	(80, 0)	(40, 69)	(-39, 69)	(-80, 0)	(-40, -69)	(40, -69)	circle	red	dif	left	left	(40, 69)	(40, -69)	probe	norm	None	None	None	None	135	160	60	110	85	10	(-39, 69)	169	testing
2	dr	f	19	red	3	(80, 0)	(40, 69)	(-39, 69)	(-80, 0)	(-40, -69)	(40, -69)	diamond	red	same	right	right	(40, 69)	(40, -69)	search	nr	True	718980	719702	right	60	10	110	35	85	160	None	None	testing
2	dr	f	19	red	3	(80, 0)	(40, 69)	(-39, 69)	(-80, 0)	(-40, -69)	(40, -69)	circle	red	dif	right	right	(40, 69)	(-39, 69)	search	nr	True	721000	721637	right	85	10	160	60	35	135	None	None	testing
2	dr	f	19	red	3	(80, 0)	(40, 69)	(-39, 69)	(-80, 0)	(-40, -69)	(40, -69)	diamond	red	dif	left	left	(40, 69)	(80, 0)	search	nr	True	722804	723733	left	160	60	110	10	35	85	None	None	testing
2	dr	f	19	red	3	(80, 0)	(40, 69)	(-39, 69)	(-80, 0)	(-40, -69)	(40, -69)	diamond	red	same	left	left	(-80, 0)	(-39, 69)	search	nr	True	725008	725733	left	60	110	10	35	135	85	None	None	testing
2	dr	f	19	red	3	(80, 0)	(40, 69)	(-39, 69)	(-80, 0)	(-40, -69)	(40, -69)	circle	red	dif	right	right	(-39, 69)	(-40, -69)	probe	tar	None	None	None	None	110	10	60	35	85	160	(-40, -69)	170	testing
2	dr	f	19	red	3	(80, 0)	(40, 69)	(-39, 69)	(-80, 0)	(-40, -69)	(40, -69)	diamond	red	same	left	left	(40, 69)	(80, 0)	probe	tar	None	None	None	None	160	110	135	85	10	35	(80, 0)	35	testing
2	dr	f	19	red	3	(80, 0)	(40, 69)	(-39, 69)	(-80, 0)	(-40, -69)	(40, -69)	diamond	none	dif	left	left	N_dist	(40, -69)	search	nr	True	734375	735077	left	60	110	35	135	160	10	None	None	testing
2	dr	f	19	red	3	(80, 0)	(40, 69)	(-39, 69)	(-80, 0)	(-40, -69)	(40, -69)	circle	none	dif	left	left	N_dist	(-39, 69)	search	nr	True	736345	737286	left	35	160	85	60	135	10	None	None	testing
2	dr	f	19	red	3	(80, 0)	(40, 69)	(-39, 69)	(-80, 0)	(-40, -69)	(40, -69)	circle	red	same	right	right	(40, 69)	(40, -69)	probe	tar	None	None	None	None	60	110	10	160	85	135	(40, -69)	32	testing
2	dr	f	19	red	3	(80, 0)	(40, 69)	(-39, 69)	(-80, 0)	(-40, -69)	(40, -69)	circle	red	dif	right	right	(-39, 69)	(-40, -69)	search	nr	True	742356	743093	right	85	110	135	60	10	35	None	None	testing
2	dr	f	19	red	3	(80, 0)	(40, 69)	(-39, 69)	(-80, 0)	(-40, -69)	(40, -69)	circle	red	dif	right	right	(40, 69)	(-39, 69)	probe	tar	None	None	None	None	110	35	85	10	135	60	(-39, 69)	167	testing
2	dr	f	19	red	3	(80, 0)	(40, 69)	(-39, 69)	(-80, 0)	(-40, -69)	(40, -69)	diamond	none	same	left	left	N_dist	(40, -69)	search	nr	True	747867	748501	left	10	160	110	35	85	135	None	None	testing
2	dr	f	19	red	3	(80, 0)	(40, 69)	(-39, 69)	(-80, 0)	(-40, -69)	(40, -69)	circle	red	dif	left	left	(40, 69)	(80, 0)	probe	norm	None	None	None	None	60	85	135	160	110	10	(-39, 69)	163	testing
2	dr	f	19	red	3	(80, 0)	(40, 69)	(-39, 69)	(-80, 0)	(-40, -69)	(40, -69)	diamond	none	same	right	right	N_dist	(80, 0)	search	nr	True	753176	753861	right	60	135	10	160	85	35	None	None	testing
2	dr	f	19	red	3	(80, 0)	(40, 69)	(-39, 69)	(-80, 0)	(-40, -69)	(40, -69)	diamond	red	same	right	right	(40, 69)	(-40, -69)	probe	h_sin	None	None	None	None	160	35	110	85	10	60	(40, 69)	160	testing
2	dr	f	19	red	3	(80, 0)	(40, 69)	(-39, 69)	(-80, 0)	(-40, -69)	(40, -69)	diamond	none	same	right	right	N_dist	(80, 0)	search	nr	True	758586	759109	right	10	60	160	135	35	110	None	None	testing
2	dr	f	19	red	3	(80, 0)	(40, 69)	(-39, 69)	(-80, 0)	(-40, -69)	(40, -69)	diamond	none	dif	left	left	N_dist	(-40, -69)	search	nr	True	760172	760821	left	135	10	110	35	60	160	None	None	testing
2	dr	f	19	red	3	(80, 0)	(40, 69)	(-39, 69)	(-80, 0)	(-40, -69)	(40, -69)	diamond	none	same	left	left	N_dist	(-39, 69)	search	nr	True	762026	762805	left	60	110	135	35	160	10	None	None	testing
2	dr	f	19	red	3	(80, 0)	(40, 69)	(-39, 69)	(-80, 0)	(-40, -69)	(40, -69)	diamond	none	dif	right	right	N_dist	(-80, 0)	probe	h_norm	None	None	None	None	60	85	110	10	160	35	(40, 69)	161	testing
2	dr	f	19	red	3	(80, 0)	(40, 69)	(-39, 69)	(-80, 0)	(-40, -69)	(40, -69)	diamond	red	dif	right	right	(40, 69)	(80, 0)	probe	h_sin	None	None	None	None	10	110	160	35	135	60	(40, 69)	24	testing
2	dr	f	19	red	3	(80, 0)	(40, 69)	(-39, 69)	(-80, 0)	(-40, -69)	(40, -69)	diamond	red	dif	right	right	(40, 69)	(-40, -69)	search	nr	True	771243	771910	right	35	110	10	135	160	85	None	None	testing
2	dr	f	19	red	3	(80, 0)	(40, 69)	(-39, 69)	(-80, 0)	(-40, -69)	(40, -69)	diamond	none	same	right	right	N_dist	(80, 0)	search	nr	True	773197	773765	right	60	85	160	135	35	110	None	None	testing
2	dr	f	19	red	3	(80, 0)	(40, 69)	(-39, 69)	(-80, 0)	(-40, -69)	(40, -69)	circle	none	dif	right	right	N_dist	(80, 0)	search	nr	True	774849	775333	right	35	135	10	60	160	110	None	None	testing
2	dr	f	19	red	3	(80, 0)	(40, 69)	(-39, 69)	(-80, 0)	(-40, -69)	(40, -69)	diamond	red	same	right	right	(40, 69)	(-40, -69)	search	nr	True	776536	777253	right	110	135	10	85	35	60	None	None	testing
2	dr	f	19	red	3	(80, 0)	(40, 69)	(-39, 69)	(-80, 0)	(-40, -69)	(40, -69)	diamond	red	same	right	right	(40, 69)	(-40, -69)	search	nr	True	778539	779173	right	10	85	135	110	60	35	None	None	testing
2	dr	f	19	red	3	(80, 0)	(40, 69)	(-39, 69)	(-80, 0)	(-40, -69)	(40, -69)	diamond	red	same	right	right	(-39, 69)	(80, 0)	search	nr	True	780326	780885	right	135	160	10	35	110	60	None	None	testing
2	dr	f	19	red	3	(80, 0)	(40, 69)	(-39, 69)	(-80, 0)	(-40, -69)	(40, -69)	circle	none	dif	right	right	N_dist	(80, 0)	probe	h_norm	None	None	None	None	85	160	135	35	10	60	(40, 69)	30	testing
2	dr	f	19	red	3	(80, 0)	(40, 69)	(-39, 69)	(-80, 0)	(-40, -69)	(40, -69)	diamond	red	dif	left	left	(40, 69)	(80, 0)	probe	norm	None	None	None	None	35	135	85	110	10	60	(-40, -69)	8	testing
2	dr	f	19	red	3	(80, 0)	(40, 69)	(-39, 69)	(-80, 0)	(-40, -69)	(40, -69)	diamond	none	dif	left	left	N_dist	(-80, 0)	search	nr	True	789243	789876	left	60	160	110	85	10	35	None	None	testing
2	dr	f	19	red	3	(80, 0)	(40, 69)	(-39, 69)	(-80, 0)	(-40, -69)	(40, -69)	diamond	red	same	left	left	(40, 69)	(-39, 69)	search	nr	True	790996	791540	right	160	135	35	110	60	85	None	None	testing
2	dr	f	19	red	3	(80, 0)	(40, 69)	(-39, 69)	(-80, 0)	(-40, -69)	(40, -69)	diamond	red	same	left	left	(80, 0)	(-39, 69)	search	nr	True	794302	795141	left	110	135	85	10	160	35	None	None	testing
2	dr	f	19	red	3	(80, 0)	(40, 69)	(-39, 69)	(-80, 0)	(-40, -69)	(40, -69)	diamond	red	dif	right	right	(-80, 0)	(80, 0)	search	nr	True	796439	797045	right	110	85	10	60	135	160	None	None	testing
2	dr	f	19	red	3	(80, 0)	(40, 69)	(-39, 69)	(-80, 0)	(-40, -69)	(40, -69)	diamond	none	same	left	left	N_dist	(40, -69)	search	nr	True	798259	799109	left	160	110	85	35	60	135	None	None	testing
2	dr	f	19	red	3	(80, 0)	(40, 69)	(-39, 69)	(-80, 0)	(-40, -69)	(40, -69)	diamond	red	same	left	left	(40, 69)	(-39, 69)	probe	norm	None	None	None	None	35	135	10	60	110	160	(-80, 0)	162	testing
2	dr	f	19	red	3	(80, 0)	(40, 69)	(-39, 69)	(-80, 0)	(-40, -69)	(40, -69)	circle	red	same	left	left	(-39, 69)	(40, -69)	probe	l_sin	None	None	None	None	135	110	160	35	85	10	(-39, 69)	164	testing
2	dr	f	19	red	3	(80, 0)	(40, 69)	(-39, 69)	(-80, 0)	(-40, -69)	(40, -69)	diamond	none	same	left	left	N_dist	(-39, 69)	search	nr	True	806775	807509	left	85	10	135	60	160	110	None	None	testing
2	dr	f	19	red	3	(80, 0)	(40, 69)	(-39, 69)	(-80, 0)	(-40, -69)	(40, -69)	diamond	red	same	right	right	(-80, 0)	(80, 0)	probe	l_sin	None	None	None	None	110	135	60	160	10	85	(-80, 0)	167	testing
2	dr	f	19	red	3	(80, 0)	(40, 69)	(-39, 69)	(-80, 0)	(-40, -69)	(40, -69)	circle	none	same	right	right	N_dist	(-39, 69)	probe	l_norm	None	None	None	None	110	10	135	60	35	85	(-80, 0)	160	testing
2	dr	f	19	red	3	(80, 0)	(40, 69)	(-39, 69)	(-80, 0)	(-40, -69)	(40, -69)	diamond	red	dif	right	right	(40, 69)	(-80, 0)	search	nr	True	815507	816164	right	110	60	135	160	35	85	None	None	testing
2	dr	f	19	red	3	(80, 0)	(40, 69)	(-39, 69)	(-80, 0)	(-40, -69)	(40, -69)	circle	red	dif	left	left	(-39, 69)	(40, -69)	probe	l_sin	None	None	None	None	135	10	60	35	110	160	(-39, 69)	155	testing
2	dr	f	19	red	3	(80, 0)	(40, 69)	(-39, 69)	(-80, 0)	(-40, -69)	(40, -69)	circle	red	same	left	left	(-80, 0)	(80, 0)	search	nr	True	820650	821269	left	60	135	110	35	10	85	None	None	testing
2	dr	f	19	red	3	(80, 0)	(40, 69)	(-39, 69)	(-80, 0)	(-40, -69)	(40, -69)	diamond	red	same	left	left	(-80, 0)	(-39, 69)	search	nr	True	822353	822965	right	110	60	135	35	85	10	None	None	testing
2	dr	f	19	red	3	(80, 0)	(40, 69)	(-39, 69)	(-80, 0)	(-40, -69)	(40, -69)	diamond	red	same	left	left	(40, 69)	(-39, 69)	search	nr	True	825743	826885	left	85	160	35	60	110	135	None	None	testing
2	dr	f	19	red	3	(80, 0)	(40, 69)	(-39, 69)	(-80, 0)	(-40, -69)	(40, -69)	diamond	none	same	left	left	N_dist	(40, -69)	probe	l_norm	None	None	None	None	160	10	60	110	85	35	(-40, -69)	15	testing
2	dr	f	19	red	3	(80, 0)	(40, 69)	(-39, 69)	(-80, 0)	(-40, -69)	(40, -69)	circle	red	dif	left	left	(40, 69)	(-80, 0)	search	nr	True	831788	832469	left	35	10	110	160	85	135	None	None	testing
2	dr	f	19	red	3	(80, 0)	(40, 69)	(-39, 69)	(-80, 0)	(-40, -69)	(40, -69)	circle	red	same	left	left	(-40, -69)	(80, 0)	probe	tar	None	None	None	None	160	10	60	85	110	35	(80, 0)	114	testing
2	dr	f	19	red	3	(80, 0)	(40, 69)	(-39, 69)	(-80, 0)	(-40, -69)	(40, -69)	circle	red	same	left	left	(-40, -69)	(-39, 69)	probe	norm	None	None	None	None	10	160	135	35	110	60	(-80, 0)	18	testing
2	dr	f	19	red	3	(80, 0)	(40, 69)	(-39, 69)	(-80, 0)	(-40, -69)	(40, -69)	circle	red	same	right	right	(40, 69)	(-80, 0)	probe	h_sin	None	None	None	None	85	35	135	110	160	10	(40, 69)	24	testing
2	dr	f	19	red	3	(80, 0)	(40, 69)	(-39, 69)	(-80, 0)	(-40, -69)	(40, -69)	diamond	red	dif	right	right	(40, 69)	(-80, 0)	search	nr	True	845863	846613	right	85	35	110	135	60	160	None	None	testing
2	dr	f	19	red	3	(80, 0)	(40, 69)	(-39, 69)	(-80, 0)	(-40, -69)	(40, -69)	circle	none	same	left	left	N_dist	(-80, 0)	probe	h_norm	None	None	None	None	10	135	110	160	85	60	(40, 69)	17	testing
2	dr	f	19	red	3	(80, 0)	(40, 69)	(-39, 69)	(-80, 0)	(-40, -69)	(40, -69)	circle	red	same	right	right	(40, 69)	(-39, 69)	search	nr	True	851073	851701	right	10	35	160	135	85	110	None	None	testing
2	dr	f	19	red	3	(80, 0)	(40, 69)	(-39, 69)	(-80, 0)	(-40, -69)	(40, -69)	circle	none	dif	right	right	N_dist	(-40, -69)	search	nr	True	852893	853477	right	160	110	60	85	135	35	None	None	testing
2	dr	f	19	red	3	(80, 0)	(40, 69)	(-39, 69)	(-80, 0)	(-40, -69)	(40, -69)	circle	red	same	left	left	(40, -69)	(-40, -69)	probe	l_sin	None	None	None	None	85	10	160	110	35	135	(40, -69)	26	testing
2	dr	f	19	red	3	(80, 0)	(40, 69)	(-39, 69)	(-80, 0)	(-40, -69)	(40, -69)	circle	red	same	right	right	(40, 69)	(-80, 0)	search	nr	True	858169	858916	right	35	160	10	135	110	85	None	None	testing
2	dr	f	19	red	3	(80, 0)	(40, 69)	(-39, 69)	(-80, 0)	(-40, -69)	(40, -69)	circle	red	dif	left	left	(40, -69)	(-40, -69)	search	nr	True	860139	860901	left	135	60	110	160	35	10	None	None	testing
2	dr	f	19	red	3	(80, 0)	(40, 69)	(-39, 69)	(-80, 0)	(-40, -69)	(40, -69)	diamond	none	same	left	left	N_dist	(40, 69)	search	nr	True	862176	862869	left	135	160	85	60	35	110	None	None	testing
2	dr	f	19	red	3	(80, 0)	(40, 69)	(-39, 69)	(-80, 0)	(-40, -69)	(40, -69)	diamond	none	same	left	left	N_dist	(80, 0)	probe	l_tar	None	None	None	None	60	160	85	110	135	35	(80, 0)	19	testing
2	dr	f	19	red	3	(80, 0)	(40, 69)	(-39, 69)	(-80, 0)	(-40, -69)	(40, -69)	diamond	red	same	left	left	(80, 0)	(-39, 69)	search	nr	True	867486	868389	left	10	60	160	85	135	110	None	None	testing
2	dr	f	19	red	3	(80, 0)	(40, 69)	(-39, 69)	(-80, 0)	(-40, -69)	(40, -69)	circle	red	dif	right	right	(40, 69)	(40, -69)	search	nr	True	869490	870149	right	60	160	10	110	135	35	None	None	testing
2	dr	f	19	red	3	(80, 0)	(40, 69)	(-39, 69)	(-80, 0)	(-40, -69)	(40, -69)	diamond	red	same	right	right	(40, 69)	(-40, -69)	search	nr	True	871226	871844	right	110	160	10	35	85	135	None	None	testing
2	dr	f	19	red	3	(80, 0)	(40, 69)	(-39, 69)	(-80, 0)	(-40, -69)	(40, -69)	circle	none	same	right	right	N_dist	(-80, 0)	probe	l_norm	None	None	None	None	85	160	35	135	60	110	(40, -69)	25	testing
2	dr	f	19	red	3	(80, 0)	(40, 69)	(-39, 69)	(-80, 0)	(-40, -69)	(40, -69)	diamond	none	dif	right	right	N_dist	(40, -69)	search	nr	True	876970	877621	right	60	85	160	110	10	135	None	None	testing
2	dr	f	19	red	3	(80, 0)	(40, 69)	(-39, 69)	(-80, 0)	(-40, -69)	(40, -69)	circle	red	dif	right	right	(40, 69)	(40, -69)	search	nr	True	878907	879605	right	10	135	35	160	110	85	None	None	testing
2	dr	f	19	red	3	(80, 0)	(40, 69)	(-39, 69)	(-80, 0)	(-40, -69)	(40, -69)	diamond	none	dif	left	left	N_dist	(-40, -69)	search	nr	True	880760	881653	left	135	60	110	85	10	160	None	None	testing
2	dr	f	19	red	3	(80, 0)	(40, 69)	(-39, 69)	(-80, 0)	(-40, -69)	(40, -69)	circle	none	dif	right	right	N_dist	(40, 69)	search	nr	True	882747	883653	right	110	85	135	60	10	35	None	None	testing
2	dr	f	19	red	3	(80, 0)	(40, 69)	(-39, 69)	(-80, 0)	(-40, -69)	(40, -69)	circle	red	dif	right	right	(-40, -69)	(80, 0)	probe	l_sin	None	None	None	None	85	10	160	60	135	110	(-40, -69)	7	testing
2	dr	f	19	red	3	(80, 0)	(40, 69)	(-39, 69)	(-80, 0)	(-40, -69)	(40, -69)	circle	red	dif	right	right	(40, 69)	(-39, 69)	probe	tar	None	None	None	None	135	85	10	160	60	110	(-39, 69)	145	testing
2	dr	f	19	red	3	(80, 0)	(40, 69)	(-39, 69)	(-80, 0)	(-40, -69)	(40, -69)	diamond	red	dif	right	right	(40, 69)	(-40, -69)	probe	h_sin	None	None	None	None	160	35	85	60	110	10	(40, 69)	25	testing
2	dr	f	19	red	3	(80, 0)	(40, 69)	(-39, 69)	(-80, 0)	(-40, -69)	(40, -69)	circle	red	dif	right	right	(40, 69)	(40, -69)	probe	tar	None	None	None	None	35	10	60	85	160	110	(40, -69)	27	testing
2	dr	f	19	red	3	(80, 0)	(40, 69)	(-39, 69)	(-80, 0)	(-40, -69)	(40, -69)	diamond	red	dif	left	left	(40, -69)	(-80, 0)	search	nr	True	900063	900853	left	160	135	35	110	60	10	None	None	testing
2	dr	f	19	red	3	(80, 0)	(40, 69)	(-39, 69)	(-80, 0)	(-40, -69)	(40, -69)	diamond	red	same	right	right	(40, 69)	(-40, -69)	search	nr	True	901966	902661	right	135	110	60	85	35	160	None	None	testing
2	dr	f	19	red	3	(80, 0)	(40, 69)	(-39, 69)	(-80, 0)	(-40, -69)	(40, -69)	circle	red	same	left	left	(40, 69)	(-80, 0)	search	nr	True	903736	904500	left	110	10	135	160	60	85	None	None	testing
2	dr	f	19	red	3	(80, 0)	(40, 69)	(-39, 69)	(-80, 0)	(-40, -69)	(40, -69)	circle	none	same	left	left	N_dist	(-40, -69)	probe	h_norm	None	None	None	None	10	110	85	135	35	160	(40, 69)	25	testing
2	dr	f	19	red	3	(80, 0)	(40, 69)	(-39, 69)	(-80, 0)	(-40, -69)	(40, -69)	circle	red	same	left	left	(-40, -69)	(80, 0)	search	nr	True	909096	910277	left	135	60	110	160	10	35	None	None	testing
2	dr	f	19	red	3	(80, 0)	(40, 69)	(-39, 69)	(-80, 0)	(-40, -69)	(40, -69)	diamond	red	dif	right	right	(80, 0)	(-80, 0)	probe	l_sin	None	None	None	None	85	110	35	10	135	60	(80, 0)	158	testing
2	dr	f	19	red	3	(80, 0)	(40, 69)	(-39, 69)	(-80, 0)	(-40, -69)	(40, -69)	diamond	none	same	left	left	N_dist	(40, -69)	search	nr	True	914723	915540	left	160	60	135	35	110	85	None	None	testing
2	dr	f	19	red	3	(80, 0)	(40, 69)	(-39, 69)	(-80, 0)	(-40, -69)	(40, -69)	diamond	red	dif	left	left	(40, 69)	(80, 0)	search	nr	True	916626	917189	left	60	10	135	160	85	110	None	None	testing
2	dr	f	19	red	3	(80, 0)	(40, 69)	(-39, 69)	(-80, 0)	(-40, -69)	(40, -69)	diamond	none	dif	left	left	N_dist	(-80, 0)	search	nr	True	918346	918933	left	35	85	10	135	110	60	None	None	testing
2	dr	f	19	red	3	(80, 0)	(40, 69)	(-39, 69)	(-80, 0)	(-40, -69)	(40, -69)	diamond	red	same	left	left	(40, 69)	(40, -69)	search	nr	True	920200	920756	left	10	35	135	110	60	85	None	None	testing
2	dr	f	19	red	3	(80, 0)	(40, 69)	(-39, 69)	(-80, 0)	(-40, -69)	(40, -69)	diamond	none	same	right	right	N_dist	(80, 0)	search	nr	True	921969	922500	right	35	85	60	10	135	110	None	None	testing
2	dr	f	19	red	3	(80, 0)	(40, 69)	(-39, 69)	(-80, 0)	(-40, -69)	(40, -69)	diamond	none	same	left	left	N_dist	(40, -69)	search	nr	True	923672	924292	left	160	135	85	110	10	35	None	None	testing
2	dr	f	19	red	3	(80, 0)	(40, 69)	(-39, 69)	(-80, 0)	(-40, -69)	(40, -69)	diamond	none	dif	right	right	N_dist	(40, 69)	search	nr	True	925593	927172	right	60	10	110	35	85	135	None	None	testing
2	dr	f	19	red	3	(80, 0)	(40, 69)	(-39, 69)	(-80, 0)	(-40, -69)	(40, -69)	diamond	none	dif	right	right	N_dist	(-80, 0)	search	nr	True	928414	929028	right	60	35	110	85	10	135	None	None	testing
2	dr	f	19	red	3	(80, 0)	(40, 69)	(-39, 69)	(-80, 0)	(-40, -69)	(40, -69)	circle	none	same	left	left	N_dist	(-40, -69)	search	nr	True	930168	930836	left	85	35	160	110	135	10	None	None	testing
2	dr	f	19	red	3	(80, 0)	(40, 69)	(-39, 69)	(-80, 0)	(-40, -69)	(40, -69)	circle	red	same	right	right	(80, 0)	(-39, 69)	probe	tar	None	None	None	None	135	60	35	85	10	110	(-39, 69)	153	testing
2	dr	f	19	red	3	(80, 0)	(40, 69)	(-39, 69)	(-80, 0)	(-40, -69)	(40, -69)	circle	red	same	right	right	(40, 69)	(-39, 69)	search	nr	True	935678	936309	right	160	85	135	10	110	60	None	None	testing
2	dr	f	19	red	3	(80, 0)	(40, 69)	(-39, 69)	(-80, 0)	(-40, -69)	(40, -69)	circle	none	dif	right	right	N_dist	(-40, -69)	probe	l_norm	None	None	None	None	135	110	85	35	160	10	(-39, 69)	17	testing
2	dr	f	19	red	3	(80, 0)	(40, 69)	(-39, 69)	(-80, 0)	(-40, -69)	(40, -69)	diamond	red	dif	right	right	(40, -69)	(80, 0)	search	nr	True	940771	941620	right	160	135	85	60	35	10	None	None	testing
2	dr	f	19	red	3	(80, 0)	(40, 69)	(-39, 69)	(-80, 0)	(-40, -69)	(40, -69)	circle	red	same	left	left	(40, 69)	(-80, 0)	search	nr	True	942874	943829	left	35	160	60	10	135	85	None	None	testing
2	dr	f	19	red	3	(80, 0)	(40, 69)	(-39, 69)	(-80, 0)	(-40, -69)	(40, -69)	circle	red	same	right	right	(40, 69)	(40, -69)	search	nr	True	944928	945685	right	60	35	135	110	10	85	None	None	testing
2	dr	f	19	red	3	(80, 0)	(40, 69)	(-39, 69)	(-80, 0)	(-40, -69)	(40, -69)	circle	red	dif	left	left	(-80, 0)	(-40, -69)	probe	norm	None	None	None	None	160	10	35	85	60	135	(80, 0)	36	testing
2	dr	f	19	red	3	(80, 0)	(40, 69)	(-39, 69)	(-80, 0)	(-40, -69)	(40, -69)	diamond	red	same	right	right	(80, 0)	(-80, 0)	search	nr	True	950622	951380	right	160	135	60	85	35	10	None	None	testing
2	dr	f	19	red	3	(80, 0)	(40, 69)	(-39, 69)	(-80, 0)	(-40, -69)	(40, -69)	circle	red	dif	right	right	(40, -69)	(80, 0)	search	nr	True	952476	953109	right	35	60	135	85	110	160	None	None	testing
2	dr	f	19	red	3	(80, 0)	(40, 69)	(-39, 69)	(-80, 0)	(-40, -69)	(40, -69)	diamond	red	dif	right	right	(-40, -69)	(-80, 0)	probe	norm	None	None	None	None	110	160	60	85	135	10	(80, 0)	18	testing
2	dr	f	19	red	3	(80, 0)	(40, 69)	(-39, 69)	(-80, 0)	(-40, -69)	(40, -69)	circle	red	same	right	right	(40, 69)	(40, -69)	search	nr	True	957702	958820	right	85	160	110	35	60	135	None	None	testing
2	dr	f	19	red	3	(80, 0)	(40, 69)	(-39, 69)	(-80, 0)	(-40, -69)	(40, -69)	diamond	none	same	right	right	N_dist	(-80, 0)	search	nr	True	959922	960580	right	85	160	10	60	35	110	None	None	testing
2	dr	f	19	red	3	(80, 0)	(40, 69)	(-39, 69)	(-80, 0)	(-40, -69)	(40, -69)	circle	none	dif	left	left	N_dist	(40, 69)	probe	h_tar	None	None	None	None	85	10	110	135	60	160	(40, 69)	17	testing
2	dr	f	19	red	3	(80, 0)	(40, 69)	(-39, 69)	(-80, 0)	(-40, -69)	(40, -69)	diamond	red	dif	left	left	(40, 69)	(40, -69)	search	nr	True	965366	966052	left	35	60	135	85	10	110	None	None	testing
2	dr	f	19	red	3	(80, 0)	(40, 69)	(-39, 69)	(-80, 0)	(-40, -69)	(40, -69)	diamond	red	same	left	left	(40, 69)	(-40, -69)	search	nr	True	967303	967909	left	35	135	160	60	110	85	None	None	testing
2	dr	f	19	red	3	(80, 0)	(40, 69)	(-39, 69)	(-80, 0)	(-40, -69)	(40, -69)	diamond	none	dif	right	right	N_dist	(40, 69)	search	nr	True	969139	969781	right	135	60	35	10	110	160	None	None	testing
2	dr	f	19	red	3	(80, 0)	(40, 69)	(-39, 69)	(-80, 0)	(-40, -69)	(40, -69)	diamond	red	dif	right	right	(-80, 0)	(80, 0)	search	nr	True	971060	971668	right	10	60	135	85	160	35	None	None	testing
2	dr	f	19	red	3	(80, 0)	(40, 69)	(-39, 69)	(-80, 0)	(-40, -69)	(40, -69)	diamond	red	dif	left	left	(40, -69)	(-80, 0)	probe	l_sin	None	None	None	None	110	85	160	35	135	10	(40, -69)	157	testing
