subj	name	gender	age	dist	run	tar_locs1	tar_locs2	tar_locs3	tar_locs4	tar_locs5	tar_locs6	shape	dist	td_dif	detection	resp_key	dis_loc	tar_loc	task_type	probe_cond	gotKey	startTime	respTime	resp	o1	o2	o3	o4	o5	o6	pro_loc	ori_resp	mode
2	xy	f	19	green	6	(80, 0)	(40, 69)	(-39, 69)	(-80, 0)	(-40, -69)	(40, -69)	circle	green	dif	right	right	(40, 69)	(-40, -69)	probe	h_sin	None	None	None	None	35	85	135	60	160	110	(40, 69)	173	testing
2	xy	f	19	green	6	(80, 0)	(40, 69)	(-39, 69)	(-80, 0)	(-40, -69)	(40, -69)	diamond	green	dif	left	left	(40, 69)	(-80, 0)	probe	h_sin	None	None	None	None	35	85	10	160	60	110	(40, 69)	0	testing
2	xy	f	19	green	6	(80, 0)	(40, 69)	(-39, 69)	(-80, 0)	(-40, -69)	(40, -69)	diamond	green	dif	left	left	(40, -69)	(80, 0)	probe	l_sin	None	None	None	None	85	60	110	135	10	160	(40, -69)	0	testing
2	xy	f	19	green	6	(80, 0)	(40, 69)	(-39, 69)	(-80, 0)	(-40, -69)	(40, -69)	circle	green	same	left	left	(40, 69)	(80, 0)	probe	tar	None	None	None	None	35	10	160	110	135	60	(80, 0)	154	testing
2	xy	f	19	green	6	(80, 0)	(40, 69)	(-39, 69)	(-80, 0)	(-40, -69)	(40, -69)	diamond	green	same	right	right	(-80, 0)	(80, 0)	search	nr	True	72748	73800	right	35	60	85	135	10	110	None	None	testing
2	xy	f	19	green	6	(80, 0)	(40, 69)	(-39, 69)	(-80, 0)	(-40, -69)	(40, -69)	diamond	green	same	left	left	(40, 69)	(-39, 69)	probe	h_sin	None	None	None	None	85	135	110	35	60	10	(40, 69)	19	testing
2	xy	f	19	green	6	(80, 0)	(40, 69)	(-39, 69)	(-80, 0)	(-40, -69)	(40, -69)	circle	green	same	left	left	(40, 69)	(-80, 0)	search	nr	True	78179	79048	left	85	135	110	35	10	160	None	None	testing
2	xy	f	19	green	6	(80, 0)	(40, 69)	(-39, 69)	(-80, 0)	(-40, -69)	(40, -69)	circle	none	same	left	left	N_dist	(40, 69)	search	nr	True	80141	80904	left	110	160	60	135	35	85	None	None	testing
2	xy	f	19	green	6	(80, 0)	(40, 69)	(-39, 69)	(-80, 0)	(-40, -69)	(40, -69)	diamond	green	same	left	left	(40, 69)	(-40, -69)	search	nr	True	82170	83352	left	10	110	60	85	160	135	None	None	testing
2	xy	f	19	green	6	(80, 0)	(40, 69)	(-39, 69)	(-80, 0)	(-40, -69)	(40, -69)	circle	green	dif	left	left	(40, 69)	(-39, 69)	search	nr	True	84432	85545	left	135	85	10	160	60	110	None	None	testing
2	xy	f	19	green	6	(80, 0)	(40, 69)	(-39, 69)	(-80, 0)	(-40, -69)	(40, -69)	diamond	green	dif	left	left	(40, 69)	(-80, 0)	search	nr	True	86713	88024	left	10	160	35	60	135	110	None	None	testing
2	xy	f	19	green	6	(80, 0)	(40, 69)	(-39, 69)	(-80, 0)	(-40, -69)	(40, -69)	circle	none	dif	left	left	N_dist	(-80, 0)	search	nr	True	89245	90280	left	135	110	10	35	160	85	None	None	testing
2	xy	f	19	green	6	(80, 0)	(40, 69)	(-39, 69)	(-80, 0)	(-40, -69)	(40, -69)	circle	none	dif	right	right	N_dist	(40, 69)	search	nr	True	91542	92312	right	10	160	35	60	110	85	None	None	testing
2	xy	f	19	green	6	(80, 0)	(40, 69)	(-39, 69)	(-80, 0)	(-40, -69)	(40, -69)	diamond	green	same	right	right	(40, 69)	(80, 0)	probe	norm	None	None	None	None	35	10	110	60	85	135	(-40, -69)	17	testing
2	xy	f	19	green	6	(80, 0)	(40, 69)	(-39, 69)	(-80, 0)	(-40, -69)	(40, -69)	circle	green	dif	left	left	(40, 69)	(40, -69)	search	nr	True	97928	98840	left	160	35	110	135	60	10	None	None	testing
2	xy	f	19	green	6	(80, 0)	(40, 69)	(-39, 69)	(-80, 0)	(-40, -69)	(40, -69)	circle	green	dif	right	right	(40, 69)	(-40, -69)	search	nr	True	100041	100968	right	85	10	110	60	160	35	None	None	testing
2	xy	f	19	green	6	(80, 0)	(40, 69)	(-39, 69)	(-80, 0)	(-40, -69)	(40, -69)	circle	none	dif	right	right	N_dist	(40, 69)	probe	h_tar	None	None	None	None	10	135	110	160	35	60	(40, 69)	6	testing
2	xy	f	19	green	6	(80, 0)	(40, 69)	(-39, 69)	(-80, 0)	(-40, -69)	(40, -69)	circle	green	same	left	left	(-39, 69)	(-40, -69)	probe	l_sin	None	None	None	None	160	60	135	85	110	10	(-39, 69)	8	testing
2	xy	f	19	green	6	(80, 0)	(40, 69)	(-39, 69)	(-80, 0)	(-40, -69)	(40, -69)	diamond	green	dif	right	right	(40, 69)	(-40, -69)	search	nr	True	110150	111096	right	60	110	135	85	35	10	None	None	testing
2	xy	f	19	green	6	(80, 0)	(40, 69)	(-39, 69)	(-80, 0)	(-40, -69)	(40, -69)	circle	none	dif	left	left	N_dist	(-40, -69)	probe	h_norm	None	None	None	None	10	85	60	135	160	110	(40, 69)	2	testing
2	xy	f	19	green	6	(80, 0)	(40, 69)	(-39, 69)	(-80, 0)	(-40, -69)	(40, -69)	circle	none	same	right	right	N_dist	(80, 0)	search	nr	True	115382	116072	right	85	35	135	110	10	60	None	None	testing
2	xy	f	19	green	6	(80, 0)	(40, 69)	(-39, 69)	(-80, 0)	(-40, -69)	(40, -69)	circle	none	same	left	left	N_dist	(40, -69)	probe	l_norm	None	None	None	None	135	10	35	110	60	160	(-80, 0)	8	testing
2	xy	f	19	green	6	(80, 0)	(40, 69)	(-39, 69)	(-80, 0)	(-40, -69)	(40, -69)	diamond	none	dif	left	left	N_dist	(80, 0)	search	nr	True	121517	122216	left	10	160	110	60	35	85	None	None	testing
2	xy	f	19	green	6	(80, 0)	(40, 69)	(-39, 69)	(-80, 0)	(-40, -69)	(40, -69)	circle	none	same	left	left	N_dist	(40, 69)	search	nr	True	123512	124568	left	135	110	35	60	10	85	None	None	testing
2	xy	f	19	green	6	(80, 0)	(40, 69)	(-39, 69)	(-80, 0)	(-40, -69)	(40, -69)	diamond	none	same	left	left	N_dist	(-80, 0)	search	nr	True	125692	126600	left	35	135	10	160	60	85	None	None	testing
2	xy	f	19	green	6	(80, 0)	(40, 69)	(-39, 69)	(-80, 0)	(-40, -69)	(40, -69)	diamond	green	same	right	right	(-80, 0)	(80, 0)	probe	l_sin	None	None	None	None	60	110	85	135	10	35	(-80, 0)	2	testing
2	xy	f	19	green	6	(80, 0)	(40, 69)	(-39, 69)	(-80, 0)	(-40, -69)	(40, -69)	diamond	none	same	left	left	N_dist	(-80, 0)	search	nr	True	130990	131735	left	135	35	10	160	60	110	None	None	testing
2	xy	f	19	green	6	(80, 0)	(40, 69)	(-39, 69)	(-80, 0)	(-40, -69)	(40, -69)	circle	none	same	right	right	N_dist	(-80, 0)	search	nr	True	132834	133848	right	110	10	60	160	85	35	None	None	testing
2	xy	f	19	green	6	(80, 0)	(40, 69)	(-39, 69)	(-80, 0)	(-40, -69)	(40, -69)	diamond	none	dif	left	left	N_dist	(-40, -69)	search	nr	True	134963	135768	left	160	135	10	35	60	85	None	None	testing
2	xy	f	19	green	6	(80, 0)	(40, 69)	(-39, 69)	(-80, 0)	(-40, -69)	(40, -69)	circle	green	same	left	left	(40, 69)	(-40, -69)	probe	tar	None	None	None	None	85	35	10	60	135	160	(-40, -69)	165	testing
2	xy	f	19	green	6	(80, 0)	(40, 69)	(-39, 69)	(-80, 0)	(-40, -69)	(40, -69)	diamond	green	same	left	left	(40, 69)	(40, -69)	probe	h_sin	None	None	None	None	110	160	85	135	60	35	(40, 69)	17	testing
2	xy	f	19	green	6	(80, 0)	(40, 69)	(-39, 69)	(-80, 0)	(-40, -69)	(40, -69)	diamond	green	same	left	left	(40, 69)	(80, 0)	probe	norm	None	None	None	None	10	135	85	60	110	160	(40, -69)	17	testing
2	xy	f	19	green	6	(80, 0)	(40, 69)	(-39, 69)	(-80, 0)	(-40, -69)	(40, -69)	circle	green	dif	right	right	(80, 0)	(-40, -69)	search	nr	True	147805	148728	right	10	85	160	60	35	110	None	None	testing
2	xy	f	19	green	6	(80, 0)	(40, 69)	(-39, 69)	(-80, 0)	(-40, -69)	(40, -69)	circle	green	dif	right	right	(80, 0)	(-40, -69)	probe	l_sin	None	None	None	None	110	135	10	35	160	60	(80, 0)	12	testing
2	xy	f	19	green	6	(80, 0)	(40, 69)	(-39, 69)	(-80, 0)	(-40, -69)	(40, -69)	circle	none	same	left	left	N_dist	(40, 69)	probe	h_tar	None	None	None	None	135	160	110	35	10	85	(40, 69)	18	testing
2	xy	f	19	green	6	(80, 0)	(40, 69)	(-39, 69)	(-80, 0)	(-40, -69)	(40, -69)	diamond	none	same	right	right	N_dist	(-39, 69)	search	nr	True	157378	158056	right	135	110	10	35	60	85	None	None	testing
2	xy	f	19	green	6	(80, 0)	(40, 69)	(-39, 69)	(-80, 0)	(-40, -69)	(40, -69)	circle	green	same	right	right	(-40, -69)	(-80, 0)	search	nr	True	159306	160392	right	10	85	60	135	110	160	None	None	testing
2	xy	f	19	green	6	(80, 0)	(40, 69)	(-39, 69)	(-80, 0)	(-40, -69)	(40, -69)	diamond	green	same	right	right	(-40, -69)	(-80, 0)	search	nr	True	161519	162297	right	35	85	160	10	60	110	None	None	testing
2	xy	f	19	green	6	(80, 0)	(40, 69)	(-39, 69)	(-80, 0)	(-40, -69)	(40, -69)	circle	none	dif	right	right	N_dist	(40, 69)	search	nr	True	163464	164280	right	85	110	35	135	10	60	None	None	testing
2	xy	f	19	green	6	(80, 0)	(40, 69)	(-39, 69)	(-80, 0)	(-40, -69)	(40, -69)	diamond	green	dif	left	left	(40, 69)	(-80, 0)	search	nr	True	165493	166552	left	85	35	110	135	60	10	None	None	testing
2	xy	f	19	green	6	(80, 0)	(40, 69)	(-39, 69)	(-80, 0)	(-40, -69)	(40, -69)	diamond	none	same	right	right	N_dist	(-39, 69)	probe	h_norm	None	None	None	None	135	160	85	10	60	35	(40, 69)	17	testing
2	xy	f	19	green	6	(80, 0)	(40, 69)	(-39, 69)	(-80, 0)	(-40, -69)	(40, -69)	circle	green	same	left	left	(-39, 69)	(-40, -69)	search	nr	True	171645	172504	left	135	85	10	160	60	35	None	None	testing
2	xy	f	19	green	6	(80, 0)	(40, 69)	(-39, 69)	(-80, 0)	(-40, -69)	(40, -69)	diamond	green	dif	right	right	(40, 69)	(-39, 69)	search	nr	True	173590	174328	right	35	85	160	135	60	110	None	None	testing
2	xy	f	19	green	6	(80, 0)	(40, 69)	(-39, 69)	(-80, 0)	(-40, -69)	(40, -69)	circle	none	dif	right	right	N_dist	(40, 69)	search	nr	True	175484	176520	right	10	160	135	110	60	85	None	None	testing
2	xy	f	19	green	6	(80, 0)	(40, 69)	(-39, 69)	(-80, 0)	(-40, -69)	(40, -69)	diamond	green	dif	right	right	(40, 69)	(-80, 0)	search	nr	True	177715	178648	right	160	110	10	85	35	135	None	None	testing
2	xy	f	19	green	6	(80, 0)	(40, 69)	(-39, 69)	(-80, 0)	(-40, -69)	(40, -69)	circle	green	same	right	right	(80, 0)	(-39, 69)	search	nr	True	179793	180519	right	85	10	60	135	160	110	None	None	testing
2	xy	f	19	green	6	(80, 0)	(40, 69)	(-39, 69)	(-80, 0)	(-40, -69)	(40, -69)	diamond	none	same	left	left	N_dist	(-80, 0)	search	nr	True	181738	182551	left	85	35	110	10	135	160	None	None	testing
2	xy	f	19	green	6	(80, 0)	(40, 69)	(-39, 69)	(-80, 0)	(-40, -69)	(40, -69)	circle	none	same	left	left	N_dist	(40, 69)	search	nr	True	183716	184568	left	110	135	35	85	10	160	None	None	testing
2	xy	f	19	green	6	(80, 0)	(40, 69)	(-39, 69)	(-80, 0)	(-40, -69)	(40, -69)	circle	green	same	left	left	(40, 69)	(80, 0)	search	nr	True	185661	186568	left	35	85	10	110	135	60	None	None	testing
2	xy	f	19	green	6	(80, 0)	(40, 69)	(-39, 69)	(-80, 0)	(-40, -69)	(40, -69)	circle	green	dif	left	left	(40, 69)	(-80, 0)	search	nr	True	187740	188424	left	160	35	85	60	10	110	None	None	testing
2	xy	f	19	green	6	(80, 0)	(40, 69)	(-39, 69)	(-80, 0)	(-40, -69)	(40, -69)	diamond	green	dif	left	left	(-40, -69)	(80, 0)	search	nr	True	189684	190328	left	135	85	110	35	60	10	None	None	testing
2	xy	f	19	green	6	(80, 0)	(40, 69)	(-39, 69)	(-80, 0)	(-40, -69)	(40, -69)	circle	green	dif	left	left	(-80, 0)	(-40, -69)	search	nr	True	191546	192408	left	10	110	160	35	60	135	None	None	testing
2	xy	f	19	green	6	(80, 0)	(40, 69)	(-39, 69)	(-80, 0)	(-40, -69)	(40, -69)	circle	green	dif	left	left	(-39, 69)	(-80, 0)	search	nr	True	193674	194568	left	135	110	35	10	60	160	None	None	testing
2	xy	f	19	green	6	(80, 0)	(40, 69)	(-39, 69)	(-80, 0)	(-40, -69)	(40, -69)	diamond	green	dif	right	right	(40, 69)	(80, 0)	probe	norm	None	None	None	None	135	85	60	110	160	35	(-80, 0)	0	testing
2	xy	f	19	green	6	(80, 0)	(40, 69)	(-39, 69)	(-80, 0)	(-40, -69)	(40, -69)	diamond	green	same	right	right	(40, 69)	(-39, 69)	search	nr	True	199878	200584	right	10	60	135	160	110	35	None	None	testing
2	xy	f	19	green	6	(80, 0)	(40, 69)	(-39, 69)	(-80, 0)	(-40, -69)	(40, -69)	diamond	none	dif	left	left	N_dist	(80, 0)	search	nr	True	201805	202551	left	60	85	160	110	135	35	None	None	testing
2	xy	f	19	green	6	(80, 0)	(40, 69)	(-39, 69)	(-80, 0)	(-40, -69)	(40, -69)	diamond	green	same	left	left	(40, -69)	(-40, -69)	search	nr	True	203683	204744	left	160	35	135	60	10	85	None	None	testing
2	xy	f	19	green	6	(80, 0)	(40, 69)	(-39, 69)	(-80, 0)	(-40, -69)	(40, -69)	diamond	none	dif	right	right	N_dist	(-39, 69)	probe	l_norm	None	None	None	None	85	35	160	60	10	110	(-40, -69)	151	testing
2	xy	f	19	green	6	(80, 0)	(40, 69)	(-39, 69)	(-80, 0)	(-40, -69)	(40, -69)	circle	green	same	left	left	(40, 69)	(-40, -69)	search	nr	True	209718	210439	left	35	110	135	160	85	10	None	None	testing
2	xy	f	19	green	6	(80, 0)	(40, 69)	(-39, 69)	(-80, 0)	(-40, -69)	(40, -69)	diamond	none	same	left	left	N_dist	(-80, 0)	search	nr	True	211580	212312	left	60	85	35	110	10	160	None	None	testing
2	xy	f	19	green	6	(80, 0)	(40, 69)	(-39, 69)	(-80, 0)	(-40, -69)	(40, -69)	diamond	none	dif	left	left	N_dist	(40, -69)	search	nr	True	213458	214279	left	135	110	10	160	85	35	None	None	testing
2	xy	f	19	green	6	(80, 0)	(40, 69)	(-39, 69)	(-80, 0)	(-40, -69)	(40, -69)	circle	none	same	right	right	N_dist	(80, 0)	search	nr	True	215453	216376	right	160	35	135	110	60	85	None	None	testing
2	xy	f	19	green	6	(80, 0)	(40, 69)	(-39, 69)	(-80, 0)	(-40, -69)	(40, -69)	diamond	green	dif	right	right	(40, 69)	(-80, 0)	search	nr	True	217549	218311	right	60	160	35	135	110	85	None	None	testing
2	xy	f	19	green	6	(80, 0)	(40, 69)	(-39, 69)	(-80, 0)	(-40, -69)	(40, -69)	circle	none	same	right	right	N_dist	(-80, 0)	search	nr	True	219544	220280	right	10	160	35	60	110	135	None	None	testing
2	xy	f	19	green	6	(80, 0)	(40, 69)	(-39, 69)	(-80, 0)	(-40, -69)	(40, -69)	circle	green	same	left	left	(40, 69)	(-80, 0)	search	nr	True	221505	222296	left	85	10	135	110	35	60	None	None	testing
2	xy	f	19	green	6	(80, 0)	(40, 69)	(-39, 69)	(-80, 0)	(-40, -69)	(40, -69)	circle	green	same	left	left	(40, 69)	(40, -69)	search	nr	True	223534	224328	left	10	160	110	35	85	60	None	None	testing
2	xy	f	19	green	6	(80, 0)	(40, 69)	(-39, 69)	(-80, 0)	(-40, -69)	(40, -69)	diamond	green	dif	right	right	(40, 69)	(80, 0)	probe	tar	None	None	None	None	160	135	10	85	60	35	(80, 0)	34	testing
2	xy	f	19	green	6	(80, 0)	(40, 69)	(-39, 69)	(-80, 0)	(-40, -69)	(40, -69)	circle	green	same	left	left	(40, 69)	(80, 0)	search	nr	True	229099	229688	left	160	110	10	35	60	135	None	None	testing
2	xy	f	19	green	6	(80, 0)	(40, 69)	(-39, 69)	(-80, 0)	(-40, -69)	(40, -69)	circle	green	same	right	right	(-80, 0)	(-40, -69)	probe	l_sin	None	None	None	None	135	35	110	60	10	160	(-80, 0)	174	testing
2	xy	f	19	green	6	(80, 0)	(40, 69)	(-39, 69)	(-80, 0)	(-40, -69)	(40, -69)	diamond	green	same	right	right	(40, 69)	(-40, -69)	search	nr	True	234263	235192	right	10	60	160	35	135	85	None	None	testing
2	xy	f	19	green	6	(80, 0)	(40, 69)	(-39, 69)	(-80, 0)	(-40, -69)	(40, -69)	diamond	green	dif	left	left	(40, 69)	(40, -69)	probe	h_sin	None	None	None	None	85	35	10	135	160	110	(40, 69)	154	testing
2	xy	f	19	green	6	(80, 0)	(40, 69)	(-39, 69)	(-80, 0)	(-40, -69)	(40, -69)	diamond	none	dif	left	left	N_dist	(80, 0)	probe	l_norm	None	None	None	None	160	110	135	60	10	35	(-80, 0)	171	testing
2	xy	f	19	green	6	(80, 0)	(40, 69)	(-39, 69)	(-80, 0)	(-40, -69)	(40, -69)	circle	green	dif	left	left	(40, -69)	(-80, 0)	probe	tar	None	None	None	None	135	110	35	60	160	10	(-80, 0)	159	testing
2	xy	f	19	green	6	(80, 0)	(40, 69)	(-39, 69)	(-80, 0)	(-40, -69)	(40, -69)	circle	green	dif	right	right	(40, 69)	(-80, 0)	search	nr	True	246703	247448	right	10	135	35	85	60	110	None	None	testing
2	xy	f	19	green	6	(80, 0)	(40, 69)	(-39, 69)	(-80, 0)	(-40, -69)	(40, -69)	diamond	green	same	left	left	(40, 69)	(80, 0)	probe	h_sin	None	None	None	None	160	60	10	85	135	35	(40, 69)	157	testing
2	xy	f	19	green	6	(80, 0)	(40, 69)	(-39, 69)	(-80, 0)	(-40, -69)	(40, -69)	circle	green	dif	right	right	(40, 69)	(80, 0)	probe	tar	None	None	None	None	35	160	85	60	110	135	(80, 0)	155	testing
2	xy	f	19	green	6	(80, 0)	(40, 69)	(-39, 69)	(-80, 0)	(-40, -69)	(40, -69)	circle	green	same	left	left	(40, -69)	(-39, 69)	probe	tar	None	None	None	None	160	35	60	110	135	85	(-39, 69)	161	testing
2	xy	f	19	green	6	(80, 0)	(40, 69)	(-39, 69)	(-80, 0)	(-40, -69)	(40, -69)	diamond	green	same	right	right	(-39, 69)	(-40, -69)	probe	l_sin	None	None	None	None	85	160	10	135	60	110	(-39, 69)	129	testing
2	xy	f	19	green	6	(80, 0)	(40, 69)	(-39, 69)	(-80, 0)	(-40, -69)	(40, -69)	diamond	green	dif	right	right	(40, 69)	(80, 0)	probe	norm	None	None	None	None	110	135	85	160	60	35	(-40, -69)	156	testing
2	xy	f	19	green	6	(80, 0)	(40, 69)	(-39, 69)	(-80, 0)	(-40, -69)	(40, -69)	diamond	green	dif	right	right	(40, 69)	(-80, 0)	search	nr	True	268582	269399	right	35	10	135	60	85	160	None	None	testing
2	xy	f	19	green	6	(80, 0)	(40, 69)	(-39, 69)	(-80, 0)	(-40, -69)	(40, -69)	circle	green	dif	left	left	(40, 69)	(80, 0)	search	nr	True	270610	271431	left	35	10	160	85	110	60	None	None	testing
2	xy	f	19	green	6	(80, 0)	(40, 69)	(-39, 69)	(-80, 0)	(-40, -69)	(40, -69)	circle	green	dif	right	right	(80, 0)	(-40, -69)	search	nr	True	272605	273864	right	60	10	160	35	110	85	None	None	testing
2	xy	f	19	green	6	(80, 0)	(40, 69)	(-39, 69)	(-80, 0)	(-40, -69)	(40, -69)	circle	none	dif	left	left	N_dist	(80, 0)	search	nr	True	275087	275880	left	160	85	60	135	10	110	None	None	testing
2	xy	f	19	green	6	(80, 0)	(40, 69)	(-39, 69)	(-80, 0)	(-40, -69)	(40, -69)	diamond	none	same	left	left	N_dist	(-40, -69)	search	nr	True	276981	277960	left	160	60	35	110	10	135	None	None	testing
2	xy	f	19	green	6	(80, 0)	(40, 69)	(-39, 69)	(-80, 0)	(-40, -69)	(40, -69)	circle	green	same	right	right	(80, 0)	(40, -69)	search	nr	True	279260	280168	right	110	35	135	10	60	85	None	None	testing
2	xy	f	19	green	6	(80, 0)	(40, 69)	(-39, 69)	(-80, 0)	(-40, -69)	(40, -69)	diamond	none	dif	right	right	N_dist	(40, -69)	search	nr	True	281407	282343	right	110	135	60	160	35	85	None	None	testing
2	xy	f	19	green	6	(80, 0)	(40, 69)	(-39, 69)	(-80, 0)	(-40, -69)	(40, -69)	diamond	green	dif	right	right	(40, 69)	(-80, 0)	probe	tar	None	None	None	None	160	135	110	60	85	35	(-80, 0)	165	testing
2	xy	f	19	green	6	(80, 0)	(40, 69)	(-39, 69)	(-80, 0)	(-40, -69)	(40, -69)	diamond	none	dif	left	left	N_dist	(-40, -69)	probe	h_norm	None	None	None	None	160	85	10	135	35	110	(40, 69)	168	testing
2	xy	f	19	green	6	(80, 0)	(40, 69)	(-39, 69)	(-80, 0)	(-40, -69)	(40, -69)	circle	green	same	right	right	(40, 69)	(-40, -69)	probe	norm	None	None	None	None	60	110	35	135	10	160	(-39, 69)	156	testing
2	xy	f	19	green	6	(80, 0)	(40, 69)	(-39, 69)	(-80, 0)	(-40, -69)	(40, -69)	circle	none	dif	right	right	N_dist	(40, 69)	search	nr	True	293545	294231	right	85	110	160	10	135	35	None	None	testing
2	xy	f	19	green	6	(80, 0)	(40, 69)	(-39, 69)	(-80, 0)	(-40, -69)	(40, -69)	circle	green	same	right	right	(-40, -69)	(-80, 0)	search	nr	True	295523	296280	right	110	35	10	160	60	85	None	None	testing
2	xy	f	19	green	6	(80, 0)	(40, 69)	(-39, 69)	(-80, 0)	(-40, -69)	(40, -69)	circle	green	dif	left	left	(40, 69)	(80, 0)	probe	norm	None	None	None	None	35	110	135	85	160	10	(-39, 69)	17	testing
2	xy	f	19	green	6	(80, 0)	(40, 69)	(-39, 69)	(-80, 0)	(-40, -69)	(40, -69)	diamond	green	dif	right	right	(40, 69)	(80, 0)	search	nr	True	301039	301784	right	60	110	135	85	160	35	None	None	testing
2	xy	f	19	green	6	(80, 0)	(40, 69)	(-39, 69)	(-80, 0)	(-40, -69)	(40, -69)	circle	green	same	right	right	(80, 0)	(-80, 0)	search	nr	True	303017	303815	right	85	110	135	60	10	35	None	None	testing
2	xy	f	19	green	6	(80, 0)	(40, 69)	(-39, 69)	(-80, 0)	(-40, -69)	(40, -69)	diamond	none	dif	right	right	N_dist	(80, 0)	probe	l_norm	None	None	None	None	60	135	10	160	35	85	(-40, -69)	164	testing
2	xy	f	19	green	6	(80, 0)	(40, 69)	(-39, 69)	(-80, 0)	(-40, -69)	(40, -69)	diamond	green	dif	right	right	(40, 69)	(-40, -69)	probe	norm	None	None	None	None	110	10	60	85	160	35	(-39, 69)	160	testing
2	xy	f	19	green	6	(80, 0)	(40, 69)	(-39, 69)	(-80, 0)	(-40, -69)	(40, -69)	diamond	green	dif	left	left	(-39, 69)	(-40, -69)	probe	norm	None	None	None	None	160	10	35	110	85	60	(40, 69)	156	testing
2	xy	f	19	green	6	(80, 0)	(40, 69)	(-39, 69)	(-80, 0)	(-40, -69)	(40, -69)	circle	green	dif	left	left	(-40, -69)	(-39, 69)	search	nr	True	316212	316951	right	85	135	35	110	160	10	None	None	testing
2	xy	f	19	green	6	(80, 0)	(40, 69)	(-39, 69)	(-80, 0)	(-40, -69)	(40, -69)	circle	none	dif	right	right	N_dist	(-40, -69)	probe	l_tar	None	None	None	None	10	135	60	35	110	85	(-40, -69)	28	testing
2	xy	f	19	green	6	(80, 0)	(40, 69)	(-39, 69)	(-80, 0)	(-40, -69)	(40, -69)	circle	none	same	right	right	N_dist	(80, 0)	search	nr	True	324862	325527	right	10	60	35	160	110	85	None	None	testing
2	xy	f	19	green	6	(80, 0)	(40, 69)	(-39, 69)	(-80, 0)	(-40, -69)	(40, -69)	circle	green	dif	left	left	(-80, 0)	(-40, -69)	search	nr	True	326757	327687	left	10	135	160	60	85	110	None	None	testing
2	xy	f	19	green	6	(80, 0)	(40, 69)	(-39, 69)	(-80, 0)	(-40, -69)	(40, -69)	circle	green	dif	left	left	(-39, 69)	(80, 0)	search	nr	True	328969	329687	left	160	110	10	60	135	35	None	None	testing
2	xy	f	19	green	6	(80, 0)	(40, 69)	(-39, 69)	(-80, 0)	(-40, -69)	(40, -69)	diamond	green	dif	left	left	(40, 69)	(-39, 69)	probe	norm	None	None	None	None	110	135	85	60	35	160	(80, 0)	15	testing
2	xy	f	19	green	6	(80, 0)	(40, 69)	(-39, 69)	(-80, 0)	(-40, -69)	(40, -69)	circle	none	dif	left	left	N_dist	(-40, -69)	search	nr	True	334620	335479	left	60	135	160	35	110	10	None	None	testing
2	xy	f	19	green	6	(80, 0)	(40, 69)	(-39, 69)	(-80, 0)	(-40, -69)	(40, -69)	circle	green	same	left	left	(-39, 69)	(-40, -69)	search	nr	True	336615	337399	left	10	35	135	85	160	110	None	None	testing
2	xy	f	19	green	6	(80, 0)	(40, 69)	(-39, 69)	(-80, 0)	(-40, -69)	(40, -69)	diamond	green	same	left	left	(-40, -69)	(-80, 0)	probe	norm	None	None	None	None	60	160	35	10	135	110	(40, -69)	19	testing
2	xy	f	19	green	6	(80, 0)	(40, 69)	(-39, 69)	(-80, 0)	(-40, -69)	(40, -69)	circle	none	dif	right	right	N_dist	(-39, 69)	probe	h_norm	None	None	None	None	85	160	135	60	10	35	(40, 69)	30	testing
2	xy	f	19	green	6	(80, 0)	(40, 69)	(-39, 69)	(-80, 0)	(-40, -69)	(40, -69)	diamond	green	same	right	right	(40, 69)	(-40, -69)	probe	tar	None	None	None	None	35	135	85	10	60	160	(-40, -69)	158	testing
2	xy	f	19	green	6	(80, 0)	(40, 69)	(-39, 69)	(-80, 0)	(-40, -69)	(40, -69)	circle	green	same	left	left	(-39, 69)	(-40, -69)	search	nr	True	352273	353111	left	10	135	110	35	85	60	None	None	testing
2	xy	f	19	green	6	(80, 0)	(40, 69)	(-39, 69)	(-80, 0)	(-40, -69)	(40, -69)	circle	green	same	right	right	(40, 69)	(40, -69)	probe	tar	None	None	None	None	85	110	35	10	160	135	(40, -69)	23	testing
2	xy	f	19	green	6	(80, 0)	(40, 69)	(-39, 69)	(-80, 0)	(-40, -69)	(40, -69)	diamond	green	dif	left	left	(40, -69)	(80, 0)	search	nr	True	357722	358647	left	35	60	10	110	85	135	None	None	testing
2	xy	f	19	green	6	(80, 0)	(40, 69)	(-39, 69)	(-80, 0)	(-40, -69)	(40, -69)	circle	green	same	right	right	(-40, -69)	(-80, 0)	probe	tar	None	None	None	None	85	60	110	35	135	160	(-80, 0)	158	testing
2	xy	f	19	green	6	(80, 0)	(40, 69)	(-39, 69)	(-80, 0)	(-40, -69)	(40, -69)	circle	green	dif	right	right	(40, 69)	(-80, 0)	probe	norm	None	None	None	None	160	35	10	60	135	85	(-40, -69)	23	testing
2	xy	f	19	green	6	(80, 0)	(40, 69)	(-39, 69)	(-80, 0)	(-40, -69)	(40, -69)	diamond	green	same	right	right	(-39, 69)	(-40, -69)	search	nr	True	369005	369767	right	60	10	110	35	160	85	None	None	testing
2	xy	f	19	green	6	(80, 0)	(40, 69)	(-39, 69)	(-80, 0)	(-40, -69)	(40, -69)	diamond	green	same	right	right	(40, 69)	(-40, -69)	search	nr	True	370933	371687	right	135	85	60	160	110	10	None	None	testing
2	xy	f	19	green	6	(80, 0)	(40, 69)	(-39, 69)	(-80, 0)	(-40, -69)	(40, -69)	diamond	green	dif	left	left	(-39, 69)	(-40, -69)	search	nr	True	372844	373799	left	85	60	135	35	160	110	None	None	testing
2	xy	f	19	green	6	(80, 0)	(40, 69)	(-39, 69)	(-80, 0)	(-40, -69)	(40, -69)	circle	green	dif	right	right	(40, 69)	(-40, -69)	search	nr	True	374923	375767	right	60	160	10	85	135	110	None	None	testing
2	xy	f	19	green	6	(80, 0)	(40, 69)	(-39, 69)	(-80, 0)	(-40, -69)	(40, -69)	diamond	none	dif	left	left	N_dist	(40, -69)	probe	l_tar	None	None	None	None	110	85	135	160	10	60	(40, -69)	165	testing
2	xy	f	19	green	6	(80, 0)	(40, 69)	(-39, 69)	(-80, 0)	(-40, -69)	(40, -69)	circle	none	same	left	left	N_dist	(40, -69)	search	nr	True	380187	380840	left	35	85	135	10	110	160	None	None	testing
2	xy	f	19	green	6	(80, 0)	(40, 69)	(-39, 69)	(-80, 0)	(-40, -69)	(40, -69)	diamond	none	same	left	left	N_dist	(-80, 0)	search	nr	True	382149	382967	left	85	35	110	135	160	10	None	None	testing
2	xy	f	19	green	6	(80, 0)	(40, 69)	(-39, 69)	(-80, 0)	(-40, -69)	(40, -69)	diamond	green	dif	left	left	(40, 69)	(40, -69)	search	nr	True	384026	384792	left	10	160	35	60	110	135	None	None	testing
2	xy	f	19	green	6	(80, 0)	(40, 69)	(-39, 69)	(-80, 0)	(-40, -69)	(40, -69)	diamond	green	dif	right	right	(40, 69)	(80, 0)	search	nr	True	385938	386759	right	135	110	85	60	10	35	None	None	testing
2	xy	f	19	green	6	(80, 0)	(40, 69)	(-39, 69)	(-80, 0)	(-40, -69)	(40, -69)	diamond	green	same	right	right	(40, 69)	(-39, 69)	search	nr	True	388000	388631	right	160	85	135	10	60	110	None	None	testing
2	xy	f	19	green	6	(80, 0)	(40, 69)	(-39, 69)	(-80, 0)	(-40, -69)	(40, -69)	diamond	green	same	left	left	(40, 69)	(80, 0)	search	nr	True	389894	390551	left	160	85	60	110	135	10	None	None	testing
2	xy	f	19	green	6	(80, 0)	(40, 69)	(-39, 69)	(-80, 0)	(-40, -69)	(40, -69)	diamond	green	same	right	right	(40, 69)	(-39, 69)	probe	norm	None	None	None	None	60	110	10	160	85	135	(-40, -69)	164	testing
2	xy	f	19	green	6	(80, 0)	(40, 69)	(-39, 69)	(-80, 0)	(-40, -69)	(40, -69)	circle	green	same	left	left	(-39, 69)	(-40, -69)	probe	tar	None	None	None	None	110	135	160	10	60	85	(-40, -69)	156	testing
2	xy	f	19	green	6	(80, 0)	(40, 69)	(-39, 69)	(-80, 0)	(-40, -69)	(40, -69)	circle	green	same	left	left	(40, 69)	(-40, -69)	search	nr	True	399250	400487	left	35	85	110	60	10	160	None	None	testing
2	xy	f	19	green	6	(80, 0)	(40, 69)	(-39, 69)	(-80, 0)	(-40, -69)	(40, -69)	diamond	green	same	left	left	(40, 69)	(-40, -69)	probe	norm	None	None	None	None	110	10	160	135	35	60	(-80, 0)	9	testing
2	xy	f	19	green	6	(80, 0)	(40, 69)	(-39, 69)	(-80, 0)	(-40, -69)	(40, -69)	circle	green	dif	left	left	(-40, -69)	(-39, 69)	probe	tar	None	None	None	None	85	60	10	160	110	135	(-39, 69)	155	testing
2	xy	f	19	green	6	(80, 0)	(40, 69)	(-39, 69)	(-80, 0)	(-40, -69)	(40, -69)	circle	none	dif	right	right	N_dist	(-40, -69)	search	nr	True	408705	409638	right	35	85	110	10	60	135	None	None	testing
2	xy	f	19	green	6	(80, 0)	(40, 69)	(-39, 69)	(-80, 0)	(-40, -69)	(40, -69)	circle	none	same	left	left	N_dist	(40, -69)	probe	l_norm	None	None	None	None	110	160	135	10	85	35	(-39, 69)	27	testing
2	xy	f	19	green	6	(80, 0)	(40, 69)	(-39, 69)	(-80, 0)	(-40, -69)	(40, -69)	circle	green	same	right	right	(40, 69)	(-40, -69)	search	nr	True	416735	417623	right	35	10	60	85	110	160	None	None	testing
2	xy	f	19	green	6	(80, 0)	(40, 69)	(-39, 69)	(-80, 0)	(-40, -69)	(40, -69)	diamond	none	dif	right	right	N_dist	(80, 0)	search	nr	True	418798	419911	right	85	10	35	110	135	160	None	None	testing
2	xy	f	19	green	6	(80, 0)	(40, 69)	(-39, 69)	(-80, 0)	(-40, -69)	(40, -69)	circle	green	dif	right	right	(40, 69)	(80, 0)	search	nr	True	421094	421927	right	135	160	60	85	110	35	None	None	testing
2	xy	f	19	green	6	(80, 0)	(40, 69)	(-39, 69)	(-80, 0)	(-40, -69)	(40, -69)	circle	green	dif	right	right	(40, 69)	(-40, -69)	probe	h_sin	None	None	None	None	110	160	10	60	85	35	(40, 69)	35	testing
2	xy	f	19	green	6	(80, 0)	(40, 69)	(-39, 69)	(-80, 0)	(-40, -69)	(40, -69)	circle	green	dif	left	left	(40, 69)	(-80, 0)	search	nr	True	428035	428887	left	85	60	110	35	160	10	None	None	testing
2	xy	f	19	green	6	(80, 0)	(40, 69)	(-39, 69)	(-80, 0)	(-40, -69)	(40, -69)	diamond	none	dif	left	left	N_dist	(40, -69)	search	nr	True	430097	431095	left	135	60	10	35	110	160	None	None	testing
2	xy	f	19	green	6	(80, 0)	(40, 69)	(-39, 69)	(-80, 0)	(-40, -69)	(40, -69)	circle	green	dif	right	right	(40, 69)	(-39, 69)	probe	h_sin	None	None	None	None	160	110	85	10	60	35	(40, 69)	3	testing
2	xy	f	19	green	6	(80, 0)	(40, 69)	(-39, 69)	(-80, 0)	(-40, -69)	(40, -69)	circle	none	same	left	left	N_dist	(40, 69)	search	nr	True	435798	436439	left	10	35	110	85	160	135	None	None	testing
2	xy	f	19	green	6	(80, 0)	(40, 69)	(-39, 69)	(-80, 0)	(-40, -69)	(40, -69)	circle	none	same	right	right	N_dist	(40, 69)	search	nr	True	437658	438327	right	160	135	110	60	85	35	None	None	testing
2	xy	f	19	green	6	(80, 0)	(40, 69)	(-39, 69)	(-80, 0)	(-40, -69)	(40, -69)	circle	none	dif	right	right	N_dist	(-39, 69)	search	nr	True	439603	440439	right	135	60	110	160	85	35	None	None	testing
2	xy	f	19	green	6	(80, 0)	(40, 69)	(-39, 69)	(-80, 0)	(-40, -69)	(40, -69)	diamond	green	same	left	left	(40, 69)	(-40, -69)	search	nr	True	441682	442711	left	160	135	10	60	35	85	None	None	testing
2	xy	f	19	green	6	(80, 0)	(40, 69)	(-39, 69)	(-80, 0)	(-40, -69)	(40, -69)	circle	green	same	right	right	(80, 0)	(-40, -69)	search	nr	True	443928	444935	right	160	110	35	85	135	60	None	None	testing
2	xy	f	19	green	6	(80, 0)	(40, 69)	(-39, 69)	(-80, 0)	(-40, -69)	(40, -69)	diamond	green	same	right	right	(40, 69)	(-80, 0)	search	nr	True	446125	447015	right	35	85	10	160	60	110	None	None	testing
2	xy	f	19	green	6	(80, 0)	(40, 69)	(-39, 69)	(-80, 0)	(-40, -69)	(40, -69)	diamond	none	dif	right	right	N_dist	(40, -69)	probe	l_tar	None	None	None	None	135	160	35	85	10	60	(40, -69)	171	testing
2	xy	f	19	green	6	(80, 0)	(40, 69)	(-39, 69)	(-80, 0)	(-40, -69)	(40, -69)	diamond	none	dif	right	right	N_dist	(40, -69)	search	nr	True	451423	452407	right	85	60	110	35	135	160	None	None	testing
2	xy	f	19	green	6	(80, 0)	(40, 69)	(-39, 69)	(-80, 0)	(-40, -69)	(40, -69)	diamond	green	same	left	left	(-80, 0)	(40, -69)	search	nr	True	453518	454327	left	85	160	35	60	135	10	None	None	testing
2	xy	f	19	green	6	(80, 0)	(40, 69)	(-39, 69)	(-80, 0)	(-40, -69)	(40, -69)	diamond	green	dif	left	left	(40, 69)	(40, -69)	search	nr	True	455580	456343	left	110	85	60	10	35	135	None	None	testing
2	xy	f	19	green	6	(80, 0)	(40, 69)	(-39, 69)	(-80, 0)	(-40, -69)	(40, -69)	diamond	none	same	right	right	N_dist	(-80, 0)	probe	h_norm	None	None	None	None	160	60	10	135	35	110	(40, 69)	159	testing
2	xy	f	19	green	6	(80, 0)	(40, 69)	(-39, 69)	(-80, 0)	(-40, -69)	(40, -69)	diamond	green	dif	right	right	(40, 69)	(80, 0)	search	nr	True	461113	461831	right	110	160	35	135	60	10	None	None	testing
2	xy	f	19	green	6	(80, 0)	(40, 69)	(-39, 69)	(-80, 0)	(-40, -69)	(40, -69)	diamond	green	dif	left	left	(-40, -69)	(80, 0)	probe	norm	None	None	None	None	110	10	135	85	60	160	(40, -69)	27	testing
2	xy	f	19	green	6	(80, 0)	(40, 69)	(-39, 69)	(-80, 0)	(-40, -69)	(40, -69)	circle	green	dif	left	left	(40, 69)	(40, -69)	search	nr	True	466880	467687	left	160	110	35	85	60	135	None	None	testing
2	xy	f	19	green	6	(80, 0)	(40, 69)	(-39, 69)	(-80, 0)	(-40, -69)	(40, -69)	circle	none	same	left	left	N_dist	(40, 69)	search	nr	True	468808	469767	left	35	60	135	160	110	10	None	None	testing
2	xy	f	19	green	6	(80, 0)	(40, 69)	(-39, 69)	(-80, 0)	(-40, -69)	(40, -69)	circle	green	dif	left	left	(40, 69)	(-80, 0)	probe	h_sin	None	None	None	None	110	160	85	60	135	35	(40, 69)	16	testing
2	xy	f	19	green	6	(80, 0)	(40, 69)	(-39, 69)	(-80, 0)	(-40, -69)	(40, -69)	circle	green	same	left	left	(40, 69)	(-39, 69)	search	nr	True	474675	475335	left	35	85	10	135	110	60	None	None	testing
2	xy	f	19	green	6	(80, 0)	(40, 69)	(-39, 69)	(-80, 0)	(-40, -69)	(40, -69)	diamond	none	dif	right	right	N_dist	(-39, 69)	search	nr	True	476403	477238	right	35	135	110	60	85	160	None	None	testing
2	xy	f	19	green	6	(80, 0)	(40, 69)	(-39, 69)	(-80, 0)	(-40, -69)	(40, -69)	diamond	green	dif	left	left	(40, -69)	(-40, -69)	search	nr	True	478448	479815	left	10	135	85	110	35	160	None	None	testing
2	xy	f	19	green	6	(80, 0)	(40, 69)	(-39, 69)	(-80, 0)	(-40, -69)	(40, -69)	diamond	none	dif	left	left	N_dist	(-39, 69)	probe	l_tar	None	None	None	None	160	10	85	110	60	135	(-39, 69)	7	testing
2	xy	f	19	green	6	(80, 0)	(40, 69)	(-39, 69)	(-80, 0)	(-40, -69)	(40, -69)	diamond	none	same	left	left	N_dist	(-40, -69)	probe	l_norm	None	None	None	None	110	10	135	85	160	35	(80, 0)	26	testing
2	xy	f	19	green	6	(80, 0)	(40, 69)	(-39, 69)	(-80, 0)	(-40, -69)	(40, -69)	diamond	none	same	right	right	N_dist	(80, 0)	search	nr	True	488976	489863	right	10	135	35	110	160	85	None	None	testing
2	xy	f	19	green	6	(80, 0)	(40, 69)	(-39, 69)	(-80, 0)	(-40, -69)	(40, -69)	circle	none	dif	left	left	N_dist	(-39, 69)	search	nr	True	490971	491783	left	85	60	135	110	10	35	None	None	testing
2	xy	f	19	green	6	(80, 0)	(40, 69)	(-39, 69)	(-80, 0)	(-40, -69)	(40, -69)	diamond	none	dif	right	right	N_dist	(40, -69)	search	nr	True	493017	493943	right	35	160	60	10	110	135	None	None	testing
2	xy	f	19	green	6	(80, 0)	(40, 69)	(-39, 69)	(-80, 0)	(-40, -69)	(40, -69)	diamond	green	dif	left	left	(40, -69)	(-40, -69)	probe	norm	None	None	None	None	35	110	10	135	85	160	(-39, 69)	133	testing
2	xy	f	19	green	6	(80, 0)	(40, 69)	(-39, 69)	(-80, 0)	(-40, -69)	(40, -69)	diamond	green	dif	right	right	(40, 69)	(80, 0)	search	nr	True	500678	501382	right	160	35	60	85	135	10	None	None	testing
2	xy	f	19	green	6	(80, 0)	(40, 69)	(-39, 69)	(-80, 0)	(-40, -69)	(40, -69)	diamond	green	dif	right	right	(40, 69)	(-80, 0)	search	nr	True	502640	503526	right	60	160	110	35	85	135	None	None	testing
2	xy	f	19	green	6	(80, 0)	(40, 69)	(-39, 69)	(-80, 0)	(-40, -69)	(40, -69)	circle	none	same	left	left	N_dist	(40, -69)	search	nr	True	504702	505623	left	60	10	160	85	135	110	None	None	testing
2	xy	f	19	green	6	(80, 0)	(40, 69)	(-39, 69)	(-80, 0)	(-40, -69)	(40, -69)	diamond	green	dif	right	right	(40, 69)	(-80, 0)	search	nr	True	506731	507495	right	60	10	35	110	135	160	None	None	testing
2	xy	f	19	green	6	(80, 0)	(40, 69)	(-39, 69)	(-80, 0)	(-40, -69)	(40, -69)	circle	green	dif	left	left	(40, 69)	(-39, 69)	search	nr	True	508692	509479	left	110	85	160	60	135	10	None	None	testing
2	xy	f	19	green	6	(80, 0)	(40, 69)	(-39, 69)	(-80, 0)	(-40, -69)	(40, -69)	circle	green	same	left	left	(40, 69)	(-40, -69)	search	nr	True	510687	511575	left	35	135	110	85	10	60	None	None	testing
2	xy	f	19	green	6	(80, 0)	(40, 69)	(-39, 69)	(-80, 0)	(-40, -69)	(40, -69)	circle	none	dif	left	left	N_dist	(-39, 69)	probe	l_norm	None	None	None	None	85	110	135	160	60	35	(40, -69)	151	testing
2	xy	f	19	green	6	(80, 0)	(40, 69)	(-39, 69)	(-80, 0)	(-40, -69)	(40, -69)	diamond	green	dif	left	left	(40, 69)	(40, -69)	probe	tar	None	None	None	None	60	35	160	10	85	110	(40, -69)	21	testing
2	xy	f	19	green	6	(80, 0)	(40, 69)	(-39, 69)	(-80, 0)	(-40, -69)	(40, -69)	circle	green	dif	right	right	(40, 69)	(-39, 69)	probe	norm	None	None	None	None	135	35	160	85	60	110	(-40, -69)	10	testing
2	xy	f	19	green	6	(80, 0)	(40, 69)	(-39, 69)	(-80, 0)	(-40, -69)	(40, -69)	diamond	green	same	left	left	(40, 69)	(40, -69)	search	nr	True	524418	525382	left	135	35	60	160	10	85	None	None	testing
2	xy	f	19	green	6	(80, 0)	(40, 69)	(-39, 69)	(-80, 0)	(-40, -69)	(40, -69)	circle	green	same	left	left	(40, 69)	(-39, 69)	search	nr	True	526665	527495	left	35	60	160	85	10	110	None	None	testing
2	xy	f	19	green	6	(80, 0)	(40, 69)	(-39, 69)	(-80, 0)	(-40, -69)	(40, -69)	diamond	none	dif	left	left	N_dist	(-39, 69)	search	nr	True	528626	529430	left	60	35	85	10	110	135	None	None	testing
2	xy	f	19	green	6	(80, 0)	(40, 69)	(-39, 69)	(-80, 0)	(-40, -69)	(40, -69)	diamond	green	dif	left	left	(40, 69)	(40, -69)	probe	h_sin	None	None	None	None	135	60	85	35	110	10	(40, 69)	160	testing
2	xy	f	19	green	6	(80, 0)	(40, 69)	(-39, 69)	(-80, 0)	(-40, -69)	(40, -69)	diamond	green	dif	left	left	(40, 69)	(40, -69)	search	nr	True	533673	534503	left	135	85	10	35	60	110	None	None	testing
2	xy	f	19	green	6	(80, 0)	(40, 69)	(-39, 69)	(-80, 0)	(-40, -69)	(40, -69)	circle	green	dif	right	right	(40, 69)	(-39, 69)	search	nr	True	535717	536550	right	110	35	160	135	60	85	None	None	testing
2	xy	f	19	green	6	(80, 0)	(40, 69)	(-39, 69)	(-80, 0)	(-40, -69)	(40, -69)	diamond	none	same	right	right	N_dist	(-39, 69)	search	nr	True	537679	538390	right	60	10	160	135	85	35	None	None	testing
2	xy	f	19	green	6	(80, 0)	(40, 69)	(-39, 69)	(-80, 0)	(-40, -69)	(40, -69)	circle	none	same	right	right	N_dist	(-80, 0)	probe	h_norm	None	None	None	None	110	35	85	10	60	135	(40, 69)	153	testing
2	xy	f	19	green	6	(80, 0)	(40, 69)	(-39, 69)	(-80, 0)	(-40, -69)	(40, -69)	diamond	green	dif	left	left	(-40, -69)	(80, 0)	search	nr	True	543010	543943	left	135	110	160	10	60	35	None	None	testing
2	xy	f	19	green	6	(80, 0)	(40, 69)	(-39, 69)	(-80, 0)	(-40, -69)	(40, -69)	circle	green	dif	left	left	(40, 69)	(-39, 69)	probe	tar	None	None	None	None	60	85	160	35	10	135	(-39, 69)	15	testing
2	xy	f	19	green	6	(80, 0)	(40, 69)	(-39, 69)	(-80, 0)	(-40, -69)	(40, -69)	circle	green	dif	right	right	(40, 69)	(-39, 69)	search	nr	True	548661	549430	right	10	135	60	160	35	85	None	None	testing
2	xy	f	19	green	6	(80, 0)	(40, 69)	(-39, 69)	(-80, 0)	(-40, -69)	(40, -69)	diamond	none	same	right	right	N_dist	(-39, 69)	search	nr	True	550521	551222	right	60	10	135	35	110	85	None	None	testing
2	xy	f	19	green	6	(80, 0)	(40, 69)	(-39, 69)	(-80, 0)	(-40, -69)	(40, -69)	circle	none	same	left	left	N_dist	(40, -69)	search	nr	True	552416	553270	left	10	135	35	160	60	110	None	None	testing
2	xy	f	19	green	6	(80, 0)	(40, 69)	(-39, 69)	(-80, 0)	(-40, -69)	(40, -69)	circle	none	dif	left	left	N_dist	(-40, -69)	search	nr	True	554343	555222	left	135	60	85	35	10	160	None	None	testing
2	xy	f	19	green	6	(80, 0)	(40, 69)	(-39, 69)	(-80, 0)	(-40, -69)	(40, -69)	circle	green	same	right	right	(-40, -69)	(-80, 0)	search	nr	True	556523	558070	right	10	160	35	110	135	60	None	None	testing
2	xy	f	19	green	6	(80, 0)	(40, 69)	(-39, 69)	(-80, 0)	(-40, -69)	(40, -69)	diamond	green	same	left	left	(40, 69)	(-39, 69)	probe	tar	None	None	None	None	10	160	60	35	135	85	(-39, 69)	161	testing
2	xy	f	19	green	6	(80, 0)	(40, 69)	(-39, 69)	(-80, 0)	(-40, -69)	(40, -69)	diamond	green	dif	left	left	(40, 69)	(40, -69)	search	nr	True	562459	563335	left	85	10	160	135	60	110	None	None	testing
2	xy	f	19	green	6	(80, 0)	(40, 69)	(-39, 69)	(-80, 0)	(-40, -69)	(40, -69)	circle	green	same	right	right	(40, 69)	(40, -69)	search	nr	True	564571	565414	right	60	110	135	160	85	35	None	None	testing
2	xy	f	19	green	6	(80, 0)	(40, 69)	(-39, 69)	(-80, 0)	(-40, -69)	(40, -69)	diamond	none	dif	right	right	N_dist	(40, -69)	probe	h_norm	None	None	None	None	10	135	60	35	85	160	(40, 69)	14	testing
2	xy	f	19	green	6	(80, 0)	(40, 69)	(-39, 69)	(-80, 0)	(-40, -69)	(40, -69)	circle	green	same	right	right	(40, 69)	(-40, -69)	search	nr	True	569668	570407	left	160	10	35	85	110	135	None	None	testing
2	xy	f	19	green	6	(80, 0)	(40, 69)	(-39, 69)	(-80, 0)	(-40, -69)	(40, -69)	diamond	none	dif	right	right	N_dist	(40, -69)	search	nr	True	573121	574262	right	110	60	135	160	35	10	None	None	testing
2	xy	f	19	green	6	(80, 0)	(40, 69)	(-39, 69)	(-80, 0)	(-40, -69)	(40, -69)	diamond	green	dif	left	left	(-39, 69)	(-40, -69)	search	nr	True	575551	576726	left	110	160	135	35	60	10	None	None	testing
2	xy	f	19	green	6	(80, 0)	(40, 69)	(-39, 69)	(-80, 0)	(-40, -69)	(40, -69)	diamond	green	dif	right	right	(40, 69)	(-80, 0)	probe	h_sin	None	None	None	None	85	10	60	110	35	160	(40, 69)	150	testing
2	xy	f	19	green	6	(80, 0)	(40, 69)	(-39, 69)	(-80, 0)	(-40, -69)	(40, -69)	diamond	green	dif	left	left	(40, -69)	(80, 0)	search	nr	True	581654	582774	left	85	60	160	35	135	110	None	None	testing
2	xy	f	19	green	6	(80, 0)	(40, 69)	(-39, 69)	(-80, 0)	(-40, -69)	(40, -69)	circle	green	same	left	left	(40, 69)	(-40, -69)	probe	norm	None	None	None	None	35	85	160	60	135	110	(-39, 69)	17	testing
2	xy	f	19	green	6	(80, 0)	(40, 69)	(-39, 69)	(-80, 0)	(-40, -69)	(40, -69)	circle	none	dif	left	left	N_dist	(-40, -69)	probe	h_norm	None	None	None	None	60	85	160	35	110	135	(40, 69)	175	testing
2	xy	f	19	green	6	(80, 0)	(40, 69)	(-39, 69)	(-80, 0)	(-40, -69)	(40, -69)	diamond	green	same	right	right	(40, 69)	(-40, -69)	search	nr	True	590708	591734	right	110	60	35	160	85	135	None	None	testing
2	xy	f	19	green	6	(80, 0)	(40, 69)	(-39, 69)	(-80, 0)	(-40, -69)	(40, -69)	diamond	none	same	right	right	N_dist	(-39, 69)	probe	l_norm	None	None	None	None	35	85	10	160	60	135	(-80, 0)	16	testing
2	xy	f	19	green	6	(80, 0)	(40, 69)	(-39, 69)	(-80, 0)	(-40, -69)	(40, -69)	diamond	green	same	right	right	(-80, 0)	(40, -69)	probe	tar	None	None	None	None	35	85	110	10	160	60	(40, -69)	163	testing
2	xy	f	19	green	6	(80, 0)	(40, 69)	(-39, 69)	(-80, 0)	(-40, -69)	(40, -69)	circle	green	dif	right	right	(40, 69)	(-40, -69)	probe	h_sin	None	None	None	None	35	110	60	10	135	85	(40, 69)	6	testing
2	xy	f	19	green	6	(80, 0)	(40, 69)	(-39, 69)	(-80, 0)	(-40, -69)	(40, -69)	circle	green	dif	left	left	(-39, 69)	(-80, 0)	search	nr	True	604572	605478	left	135	35	160	60	85	10	None	None	testing
2	xy	f	19	green	6	(80, 0)	(40, 69)	(-39, 69)	(-80, 0)	(-40, -69)	(40, -69)	diamond	none	same	left	left	N_dist	(-80, 0)	probe	h_norm	None	None	None	None	110	160	10	60	135	85	(40, 69)	28	testing
2	xy	f	19	green	6	(80, 0)	(40, 69)	(-39, 69)	(-80, 0)	(-40, -69)	(40, -69)	circle	green	same	right	right	(40, 69)	(40, -69)	probe	tar	None	None	None	None	60	10	135	160	35	85	(40, -69)	14	testing
2	xy	f	19	green	6	(80, 0)	(40, 69)	(-39, 69)	(-80, 0)	(-40, -69)	(40, -69)	circle	green	same	right	right	(80, 0)	(-80, 0)	probe	l_sin	None	None	None	None	85	135	160	110	10	60	(80, 0)	167	testing
2	xy	f	19	green	6	(80, 0)	(40, 69)	(-39, 69)	(-80, 0)	(-40, -69)	(40, -69)	circle	none	same	right	right	N_dist	(80, 0)	probe	l_tar	None	None	None	None	85	135	10	35	60	160	(80, 0)	0	testing
2	xy	f	19	green	6	(80, 0)	(40, 69)	(-39, 69)	(-80, 0)	(-40, -69)	(40, -69)	circle	none	same	right	right	N_dist	(80, 0)	search	nr	True	618924	619718	right	135	10	160	85	60	35	None	None	testing
2	xy	f	19	green	6	(80, 0)	(40, 69)	(-39, 69)	(-80, 0)	(-40, -69)	(40, -69)	diamond	green	dif	right	right	(40, 69)	(80, 0)	search	nr	True	620884	621831	right	35	160	85	110	10	135	None	None	testing
2	xy	f	19	green	6	(80, 0)	(40, 69)	(-39, 69)	(-80, 0)	(-40, -69)	(40, -69)	circle	green	dif	right	right	(40, 69)	(40, -69)	search	nr	True	623064	624054	right	35	10	110	135	85	60	None	None	testing
2	xy	f	19	green	6	(80, 0)	(40, 69)	(-39, 69)	(-80, 0)	(-40, -69)	(40, -69)	circle	green	same	right	right	(80, 0)	(-39, 69)	search	nr	True	625244	626022	right	160	35	110	60	10	85	None	None	testing
2	xy	f	19	green	6	(80, 0)	(40, 69)	(-39, 69)	(-80, 0)	(-40, -69)	(40, -69)	circle	green	same	right	right	(80, 0)	(-40, -69)	search	nr	True	627105	627990	right	110	60	160	135	10	85	None	None	testing
2	xy	f	19	green	6	(80, 0)	(40, 69)	(-39, 69)	(-80, 0)	(-40, -69)	(40, -69)	diamond	green	dif	right	right	(40, 69)	(40, -69)	search	nr	True	629167	630053	right	85	110	35	10	135	60	None	None	testing
2	xy	f	19	green	6	(80, 0)	(40, 69)	(-39, 69)	(-80, 0)	(-40, -69)	(40, -69)	diamond	green	same	left	left	(-80, 0)	(40, -69)	probe	norm	None	None	None	None	160	35	85	110	60	10	(80, 0)	40	testing
2	xy	f	19	green	6	(80, 0)	(40, 69)	(-39, 69)	(-80, 0)	(-40, -69)	(40, -69)	diamond	green	same	left	left	(40, 69)	(80, 0)	search	nr	True	635119	635846	left	110	135	85	10	60	35	None	None	testing
2	xy	f	19	green	6	(80, 0)	(40, 69)	(-39, 69)	(-80, 0)	(-40, -69)	(40, -69)	diamond	none	dif	right	right	N_dist	(80, 0)	search	nr	True	636895	637638	right	10	135	110	85	35	60	None	None	testing
2	xy	f	19	green	6	(80, 0)	(40, 69)	(-39, 69)	(-80, 0)	(-40, -69)	(40, -69)	diamond	green	same	right	right	(40, 69)	(-39, 69)	search	nr	True	638740	639557	right	60	135	85	10	160	35	None	None	testing
2	xy	f	19	green	6	(80, 0)	(40, 69)	(-39, 69)	(-80, 0)	(-40, -69)	(40, -69)	diamond	none	same	left	left	N_dist	(80, 0)	probe	h_norm	None	None	None	None	135	85	110	60	35	10	(40, 69)	159	testing
2	xy	f	19	green	6	(80, 0)	(40, 69)	(-39, 69)	(-80, 0)	(-40, -69)	(40, -69)	diamond	green	dif	right	right	(40, 69)	(80, 0)	search	nr	True	643886	644631	right	10	35	135	110	85	60	None	None	testing
2	xy	f	19	green	6	(80, 0)	(40, 69)	(-39, 69)	(-80, 0)	(-40, -69)	(40, -69)	diamond	green	dif	left	left	(40, 69)	(-80, 0)	probe	tar	None	None	None	None	35	135	110	85	60	160	(-80, 0)	0	testing
2	xy	f	19	green	6	(80, 0)	(40, 69)	(-39, 69)	(-80, 0)	(-40, -69)	(40, -69)	diamond	green	same	right	right	(-40, -69)	(-80, 0)	search	nr	True	648933	649574	right	160	85	35	10	135	110	None	None	testing
2	xy	f	19	green	6	(80, 0)	(40, 69)	(-39, 69)	(-80, 0)	(-40, -69)	(40, -69)	circle	green	dif	right	right	(40, 69)	(-40, -69)	search	nr	True	650760	651798	right	135	35	160	85	110	60	None	None	testing
2	xy	f	19	green	6	(80, 0)	(40, 69)	(-39, 69)	(-80, 0)	(-40, -69)	(40, -69)	diamond	green	dif	right	right	(40, 69)	(-39, 69)	search	nr	True	653107	653959	right	85	10	35	110	60	160	None	None	testing
2	xy	f	19	green	6	(80, 0)	(40, 69)	(-39, 69)	(-80, 0)	(-40, -69)	(40, -69)	circle	none	dif	left	left	N_dist	(-40, -69)	search	nr	True	655254	656182	left	160	10	85	60	110	135	None	None	testing
2	xy	f	19	green	6	(80, 0)	(40, 69)	(-39, 69)	(-80, 0)	(-40, -69)	(40, -69)	diamond	green	dif	left	left	(40, 69)	(-39, 69)	search	nr	True	657450	658230	left	60	10	110	85	160	35	None	None	testing
2	xy	f	19	green	6	(80, 0)	(40, 69)	(-39, 69)	(-80, 0)	(-40, -69)	(40, -69)	circle	none	dif	left	left	N_dist	(-80, 0)	probe	l_norm	None	None	None	None	160	110	85	10	35	135	(40, -69)	20	testing
2	xy	f	19	green	6	(80, 0)	(40, 69)	(-39, 69)	(-80, 0)	(-40, -69)	(40, -69)	diamond	green	same	right	right	(-80, 0)	(40, -69)	search	nr	True	662932	663926	right	85	10	60	135	160	35	None	None	testing
2	xy	f	19	green	6	(80, 0)	(40, 69)	(-39, 69)	(-80, 0)	(-40, -69)	(40, -69)	circle	none	same	right	right	N_dist	(80, 0)	probe	l_tar	None	None	None	None	135	10	160	110	35	60	(80, 0)	43	testing
2	xy	f	19	green	6	(80, 0)	(40, 69)	(-39, 69)	(-80, 0)	(-40, -69)	(40, -69)	diamond	green	dif	right	right	(40, 69)	(80, 0)	search	nr	True	668632	669350	right	160	60	110	35	135	10	None	None	testing
2	xy	f	19	green	6	(80, 0)	(40, 69)	(-39, 69)	(-80, 0)	(-40, -69)	(40, -69)	diamond	green	dif	right	right	(40, 69)	(-40, -69)	search	nr	True	670544	671446	right	10	35	135	60	110	85	None	None	testing
2	xy	f	19	green	6	(80, 0)	(40, 69)	(-39, 69)	(-80, 0)	(-40, -69)	(40, -69)	diamond	green	same	left	left	(40, -69)	(-40, -69)	search	nr	True	672505	673255	left	60	160	35	135	110	10	None	None	testing
2	xy	f	19	green	6	(80, 0)	(40, 69)	(-39, 69)	(-80, 0)	(-40, -69)	(40, -69)	circle	green	same	right	right	(80, 0)	(40, -69)	probe	norm	None	None	None	None	110	85	135	10	60	35	(40, 69)	156	testing
2	xy	f	19	green	6	(80, 0)	(40, 69)	(-39, 69)	(-80, 0)	(-40, -69)	(40, -69)	diamond	none	same	left	left	N_dist	(80, 0)	search	nr	True	677501	678118	left	85	135	110	10	35	60	None	None	testing
2	xy	f	19	green	6	(80, 0)	(40, 69)	(-39, 69)	(-80, 0)	(-40, -69)	(40, -69)	circle	none	dif	right	right	N_dist	(-40, -69)	probe	h_norm	None	None	None	None	60	135	35	110	160	85	(40, 69)	19	testing
2	xy	f	19	green	6	(80, 0)	(40, 69)	(-39, 69)	(-80, 0)	(-40, -69)	(40, -69)	circle	green	dif	left	left	(40, -69)	(-80, 0)	search	nr	True	683100	683910	left	10	110	60	160	85	135	None	None	testing
2	xy	f	19	green	6	(80, 0)	(40, 69)	(-39, 69)	(-80, 0)	(-40, -69)	(40, -69)	circle	green	dif	right	right	(40, 69)	(-40, -69)	search	nr	True	685112	685910	right	160	35	85	110	60	10	None	None	testing
2	xy	f	19	green	6	(80, 0)	(40, 69)	(-39, 69)	(-80, 0)	(-40, -69)	(40, -69)	circle	green	same	right	right	(40, 69)	(40, -69)	search	nr	True	687208	687926	right	60	35	160	110	85	135	None	None	testing
2	xy	f	19	green	6	(80, 0)	(40, 69)	(-39, 69)	(-80, 0)	(-40, -69)	(40, -69)	diamond	none	dif	left	left	N_dist	(-39, 69)	search	nr	True	689069	689879	left	60	135	85	110	35	160	None	None	testing
2	xy	f	19	green	6	(80, 0)	(40, 69)	(-39, 69)	(-80, 0)	(-40, -69)	(40, -69)	circle	green	same	left	left	(40, 69)	(-80, 0)	probe	h_sin	None	None	None	None	60	110	10	35	135	160	(40, 69)	7	testing
2	xy	f	19	green	6	(80, 0)	(40, 69)	(-39, 69)	(-80, 0)	(-40, -69)	(40, -69)	diamond	none	same	left	left	N_dist	(-80, 0)	probe	l_tar	None	None	None	None	10	85	35	135	160	60	(-80, 0)	16	testing
2	xy	f	19	green	6	(80, 0)	(40, 69)	(-39, 69)	(-80, 0)	(-40, -69)	(40, -69)	circle	green	same	left	left	(40, 69)	(40, -69)	probe	tar	None	None	None	None	110	160	10	135	85	35	(40, -69)	148	testing
2	xy	f	19	green	6	(80, 0)	(40, 69)	(-39, 69)	(-80, 0)	(-40, -69)	(40, -69)	diamond	green	same	left	left	(-80, 0)	(40, -69)	search	nr	True	701878	702710	left	160	85	35	135	60	110	None	None	testing
2	xy	f	19	green	6	(80, 0)	(40, 69)	(-39, 69)	(-80, 0)	(-40, -69)	(40, -69)	diamond	green	dif	right	right	(40, 69)	(-80, 0)	search	nr	True	703906	704646	right	10	110	60	35	85	135	None	None	testing
2	xy	f	19	green	6	(80, 0)	(40, 69)	(-39, 69)	(-80, 0)	(-40, -69)	(40, -69)	circle	none	same	right	right	N_dist	(40, 69)	search	nr	True	705716	706726	right	35	160	10	85	110	60	None	None	testing
2	xy	f	19	green	6	(80, 0)	(40, 69)	(-39, 69)	(-80, 0)	(-40, -69)	(40, -69)	circle	green	same	left	left	(40, 69)	(-80, 0)	search	nr	True	707812	708566	left	85	160	35	110	60	10	None	None	testing
2	xy	f	19	green	6	(80, 0)	(40, 69)	(-39, 69)	(-80, 0)	(-40, -69)	(40, -69)	circle	green	dif	right	right	(80, 0)	(-39, 69)	search	nr	True	709840	710518	right	35	85	135	60	110	10	None	None	testing
2	xy	f	19	green	6	(80, 0)	(40, 69)	(-39, 69)	(-80, 0)	(-40, -69)	(40, -69)	diamond	green	dif	right	right	(40, 69)	(-80, 0)	probe	tar	None	None	None	None	10	85	160	35	60	135	(-80, 0)	157	testing
2	xy	f	19	green	6	(80, 0)	(40, 69)	(-39, 69)	(-80, 0)	(-40, -69)	(40, -69)	diamond	green	same	right	right	(40, 69)	(-40, -69)	probe	h_sin	None	None	None	None	60	160	10	110	85	135	(40, 69)	24	testing
2	xy	f	19	green	6	(80, 0)	(40, 69)	(-39, 69)	(-80, 0)	(-40, -69)	(40, -69)	diamond	none	dif	left	left	N_dist	(40, 69)	search	nr	True	719833	720981	left	10	35	85	160	60	110	None	None	testing
2	xy	f	19	green	6	(80, 0)	(40, 69)	(-39, 69)	(-80, 0)	(-40, -69)	(40, -69)	circle	green	dif	left	left	(-39, 69)	(-80, 0)	probe	tar	None	None	None	None	85	60	110	160	10	135	(-80, 0)	14	testing
2	xy	f	19	green	6	(80, 0)	(40, 69)	(-39, 69)	(-80, 0)	(-40, -69)	(40, -69)	diamond	green	same	left	left	(40, 69)	(40, -69)	search	nr	True	726573	727509	left	35	60	110	85	135	160	None	None	testing
2	xy	f	19	green	6	(80, 0)	(40, 69)	(-39, 69)	(-80, 0)	(-40, -69)	(40, -69)	diamond	green	dif	left	left	(40, 69)	(40, -69)	search	nr	True	728685	729445	left	110	160	35	85	135	60	None	None	testing
2	xy	f	19	green	6	(80, 0)	(40, 69)	(-39, 69)	(-80, 0)	(-40, -69)	(40, -69)	diamond	green	same	right	right	(40, 69)	(-39, 69)	probe	tar	None	None	None	None	10	135	110	160	85	60	(-39, 69)	5	testing
2	xy	f	19	green	6	(80, 0)	(40, 69)	(-39, 69)	(-80, 0)	(-40, -69)	(40, -69)	diamond	none	same	left	left	N_dist	(-40, -69)	search	nr	True	734251	735126	left	60	85	160	110	35	10	None	None	testing
2	xy	f	19	green	6	(80, 0)	(40, 69)	(-39, 69)	(-80, 0)	(-40, -69)	(40, -69)	circle	none	same	right	right	N_dist	(-80, 0)	search	nr	True	736414	737429	right	10	160	135	85	35	110	None	None	testing
2	xy	f	19	green	6	(80, 0)	(40, 69)	(-39, 69)	(-80, 0)	(-40, -69)	(40, -69)	diamond	none	dif	right	right	N_dist	(40, -69)	search	nr	True	738627	739590	right	85	10	160	35	110	135	None	None	testing
2	xy	f	19	green	6	(80, 0)	(40, 69)	(-39, 69)	(-80, 0)	(-40, -69)	(40, -69)	circle	green	same	right	right	(-80, 0)	(-40, -69)	search	nr	True	740890	742982	right	35	60	85	10	160	135	None	None	testing
2	xy	f	19	green	6	(80, 0)	(40, 69)	(-39, 69)	(-80, 0)	(-40, -69)	(40, -69)	diamond	green	same	right	right	(40, 69)	(80, 0)	search	nr	True	744042	745061	right	85	10	35	110	60	135	None	None	testing
2	xy	f	19	green	6	(80, 0)	(40, 69)	(-39, 69)	(-80, 0)	(-40, -69)	(40, -69)	diamond	none	same	right	right	N_dist	(-80, 0)	search	nr	True	746322	747174	right	35	110	135	10	60	160	None	None	testing
2	xy	f	19	green	6	(80, 0)	(40, 69)	(-39, 69)	(-80, 0)	(-40, -69)	(40, -69)	circle	green	same	right	right	(80, 0)	(-40, -69)	probe	l_sin	None	None	None	None	160	35	110	60	85	135	(80, 0)	29	testing
2	xy	f	19	green	6	(80, 0)	(40, 69)	(-39, 69)	(-80, 0)	(-40, -69)	(40, -69)	diamond	green	dif	left	left	(40, 69)	(-80, 0)	search	nr	True	751989	752885	left	60	10	85	110	160	135	None	None	testing
2	xy	f	19	green	6	(80, 0)	(40, 69)	(-39, 69)	(-80, 0)	(-40, -69)	(40, -69)	diamond	green	same	left	left	(40, 69)	(-39, 69)	search	nr	True	754134	755093	left	135	10	160	110	35	60	None	None	testing
2	xy	f	19	green	6	(80, 0)	(40, 69)	(-39, 69)	(-80, 0)	(-40, -69)	(40, -69)	diamond	green	same	left	left	(40, -69)	(-40, -69)	search	nr	True	756331	757190	left	10	35	60	110	160	85	None	None	testing
2	xy	f	19	green	6	(80, 0)	(40, 69)	(-39, 69)	(-80, 0)	(-40, -69)	(40, -69)	diamond	green	dif	left	left	(40, 69)	(-80, 0)	search	nr	True	758393	759142	left	85	60	10	135	160	35	None	None	testing
2	xy	f	19	green	6	(80, 0)	(40, 69)	(-39, 69)	(-80, 0)	(-40, -69)	(40, -69)	diamond	green	dif	right	right	(40, 69)	(80, 0)	search	nr	True	760204	760949	right	85	35	160	110	10	60	None	None	testing
2	xy	f	19	green	6	(80, 0)	(40, 69)	(-39, 69)	(-80, 0)	(-40, -69)	(40, -69)	circle	green	dif	right	right	(40, 69)	(-80, 0)	search	nr	True	762181	763366	right	60	160	35	110	85	135	None	None	testing
2	xy	f	19	green	6	(80, 0)	(40, 69)	(-39, 69)	(-80, 0)	(-40, -69)	(40, -69)	diamond	none	same	right	right	N_dist	(-80, 0)	search	nr	True	764496	765317	right	60	135	10	160	35	110	None	None	testing
2	xy	f	19	green	6	(80, 0)	(40, 69)	(-39, 69)	(-80, 0)	(-40, -69)	(40, -69)	diamond	none	same	right	right	N_dist	(80, 0)	search	nr	True	766390	767078	right	10	110	160	135	35	85	None	None	testing
2	xy	f	19	green	6	(80, 0)	(40, 69)	(-39, 69)	(-80, 0)	(-40, -69)	(40, -69)	circle	green	same	right	right	(80, 0)	(-80, 0)	search	nr	True	768251	769126	right	35	85	110	160	60	135	None	None	testing
2	xy	f	19	green	6	(80, 0)	(40, 69)	(-39, 69)	(-80, 0)	(-40, -69)	(40, -69)	diamond	green	dif	left	left	(40, 69)	(-39, 69)	search	nr	True	770279	771062	left	85	10	35	135	60	110	None	None	testing
2	xy	f	19	green	6	(80, 0)	(40, 69)	(-39, 69)	(-80, 0)	(-40, -69)	(40, -69)	circle	green	dif	right	right	(40, 69)	(40, -69)	probe	norm	None	None	None	None	10	110	135	160	35	60	(-80, 0)	49	testing
2	xy	f	19	green	6	(80, 0)	(40, 69)	(-39, 69)	(-80, 0)	(-40, -69)	(40, -69)	circle	none	dif	left	left	N_dist	(-40, -69)	search	nr	True	775694	776454	left	35	160	135	60	110	10	None	None	testing
2	xy	f	19	green	6	(80, 0)	(40, 69)	(-39, 69)	(-80, 0)	(-40, -69)	(40, -69)	circle	green	dif	left	left	(-39, 69)	(80, 0)	search	nr	True	777740	778517	left	10	85	135	35	110	160	None	None	testing
2	xy	f	19	green	6	(80, 0)	(40, 69)	(-39, 69)	(-80, 0)	(-40, -69)	(40, -69)	diamond	none	dif	left	left	N_dist	(-40, -69)	search	nr	True	779651	780502	left	85	135	35	10	160	60	None	None	testing
2	xy	f	19	green	6	(80, 0)	(40, 69)	(-39, 69)	(-80, 0)	(-40, -69)	(40, -69)	diamond	none	same	left	left	N_dist	(-80, 0)	search	nr	True	781646	782358	left	60	10	35	135	110	85	None	None	testing
2	xy	f	19	green	6	(80, 0)	(40, 69)	(-39, 69)	(-80, 0)	(-40, -69)	(40, -69)	circle	none	same	left	left	N_dist	(40, -69)	search	nr	True	783524	784549	left	60	160	10	35	110	85	None	None	testing
2	xy	f	19	green	6	(80, 0)	(40, 69)	(-39, 69)	(-80, 0)	(-40, -69)	(40, -69)	circle	green	same	left	left	(-39, 69)	(-40, -69)	search	nr	True	785686	786534	left	35	10	110	160	135	85	None	None	testing
2	xy	f	19	green	6	(80, 0)	(40, 69)	(-39, 69)	(-80, 0)	(-40, -69)	(40, -69)	circle	none	same	left	left	N_dist	(40, 69)	probe	h_tar	None	None	None	None	110	60	35	135	85	160	(40, 69)	155	testing
2	xy	f	19	green	6	(80, 0)	(40, 69)	(-39, 69)	(-80, 0)	(-40, -69)	(40, -69)	circle	green	dif	left	left	(40, 69)	(40, -69)	probe	h_sin	None	None	None	None	60	10	35	85	135	110	(40, 69)	150	testing
2	xy	f	19	green	6	(80, 0)	(40, 69)	(-39, 69)	(-80, 0)	(-40, -69)	(40, -69)	diamond	green	same	left	left	(-40, -69)	(-80, 0)	search	nr	True	794790	795750	left	160	110	135	60	35	85	None	None	testing
2	xy	f	19	green	6	(80, 0)	(40, 69)	(-39, 69)	(-80, 0)	(-40, -69)	(40, -69)	diamond	green	same	right	right	(40, 69)	(-40, -69)	search	nr	True	796920	797830	right	85	135	35	10	160	110	None	None	testing
2	xy	f	19	green	6	(80, 0)	(40, 69)	(-39, 69)	(-80, 0)	(-40, -69)	(40, -69)	circle	none	dif	right	right	N_dist	(40, 69)	probe	h_tar	None	None	None	None	35	160	110	85	60	10	(40, 69)	24	testing
2	xy	f	19	green	6	(80, 0)	(40, 69)	(-39, 69)	(-80, 0)	(-40, -69)	(40, -69)	diamond	green	same	right	right	(-80, 0)	(80, 0)	search	nr	True	802335	803078	right	160	10	110	60	35	85	None	None	testing
2	xy	f	19	green	6	(80, 0)	(40, 69)	(-39, 69)	(-80, 0)	(-40, -69)	(40, -69)	circle	none	same	left	left	N_dist	(40, 69)	search	nr	True	804346	805157	right	35	135	110	160	60	85	None	None	testing
2	xy	f	19	green	6	(80, 0)	(40, 69)	(-39, 69)	(-80, 0)	(-40, -69)	(40, -69)	diamond	green	same	right	right	(40, 69)	(-80, 0)	search	nr	True	807750	808773	right	135	160	10	60	110	35	None	None	testing
2	xy	f	19	green	6	(80, 0)	(40, 69)	(-39, 69)	(-80, 0)	(-40, -69)	(40, -69)	circle	none	same	right	right	N_dist	(-80, 0)	probe	l_norm	None	None	None	None	110	160	10	60	135	35	(-39, 69)	144	testing
2	xy	f	19	green	6	(80, 0)	(40, 69)	(-39, 69)	(-80, 0)	(-40, -69)	(40, -69)	circle	green	dif	left	left	(-80, 0)	(-39, 69)	search	nr	True	813801	815141	left	35	135	85	160	110	60	None	None	testing
2	xy	f	19	green	6	(80, 0)	(40, 69)	(-39, 69)	(-80, 0)	(-40, -69)	(40, -69)	circle	green	dif	right	right	(40, 69)	(-39, 69)	search	nr	True	816434	817221	right	135	85	160	110	10	35	None	None	testing
2	xy	f	19	green	6	(80, 0)	(40, 69)	(-39, 69)	(-80, 0)	(-40, -69)	(40, -69)	circle	green	dif	right	right	(40, 69)	(80, 0)	search	nr	True	818512	819685	right	135	35	160	85	110	10	None	None	testing
2	xy	f	19	green	6	(80, 0)	(40, 69)	(-39, 69)	(-80, 0)	(-40, -69)	(40, -69)	circle	none	dif	right	right	N_dist	(-39, 69)	search	nr	True	820927	821716	right	135	160	110	10	35	60	None	None	testing
2	xy	f	19	green	6	(80, 0)	(40, 69)	(-39, 69)	(-80, 0)	(-40, -69)	(40, -69)	circle	none	dif	left	left	N_dist	(-80, 0)	search	nr	True	822972	823910	left	110	160	60	85	10	135	None	None	testing
2	xy	f	19	green	6	(80, 0)	(40, 69)	(-39, 69)	(-80, 0)	(-40, -69)	(40, -69)	circle	green	dif	left	left	(-39, 69)	(80, 0)	probe	l_sin	None	None	None	None	85	160	35	135	110	10	(-39, 69)	154	testing
2	xy	f	19	green	6	(80, 0)	(40, 69)	(-39, 69)	(-80, 0)	(-40, -69)	(40, -69)	diamond	none	dif	left	left	N_dist	(40, 69)	probe	h_tar	None	None	None	None	35	110	160	10	85	135	(40, 69)	10	testing
2	xy	f	19	green	6	(80, 0)	(40, 69)	(-39, 69)	(-80, 0)	(-40, -69)	(40, -69)	circle	none	dif	left	left	N_dist	(-39, 69)	search	nr	True	832008	832725	left	35	60	110	85	135	10	None	None	testing
2	xy	f	19	green	6	(80, 0)	(40, 69)	(-39, 69)	(-80, 0)	(-40, -69)	(40, -69)	circle	green	same	left	left	(40, 69)	(-40, -69)	search	nr	True	833920	834870	left	10	110	35	85	135	60	None	None	testing
2	xy	f	19	green	6	(80, 0)	(40, 69)	(-39, 69)	(-80, 0)	(-40, -69)	(40, -69)	diamond	green	same	left	left	(40, 69)	(80, 0)	search	nr	True	836032	837109	left	110	10	35	60	135	85	None	None	testing
2	xy	f	19	green	6	(80, 0)	(40, 69)	(-39, 69)	(-80, 0)	(-40, -69)	(40, -69)	circle	none	dif	right	right	N_dist	(-40, -69)	search	nr	True	838228	839254	right	35	10	135	85	60	110	None	None	testing
2	xy	f	19	green	6	(80, 0)	(40, 69)	(-39, 69)	(-80, 0)	(-40, -69)	(40, -69)	circle	green	same	right	right	(-80, 0)	(-40, -69)	search	nr	True	840525	841462	right	85	110	60	135	35	160	None	None	testing
2	xy	f	19	green	6	(80, 0)	(40, 69)	(-39, 69)	(-80, 0)	(-40, -69)	(40, -69)	circle	green	dif	left	left	(40, 69)	(80, 0)	search	nr	True	842537	843253	left	35	85	60	160	110	10	None	None	testing
2	xy	f	19	green	6	(80, 0)	(40, 69)	(-39, 69)	(-80, 0)	(-40, -69)	(40, -69)	circle	green	dif	left	left	(-80, 0)	(-39, 69)	search	nr	True	844398	845174	left	10	160	85	35	60	110	None	None	testing
2	xy	f	19	green	6	(80, 0)	(40, 69)	(-39, 69)	(-80, 0)	(-40, -69)	(40, -69)	circle	green	dif	left	left	(-40, -69)	(-39, 69)	search	nr	True	846461	847141	left	35	60	85	110	135	160	None	None	testing
2	xy	f	19	green	6	(80, 0)	(40, 69)	(-39, 69)	(-80, 0)	(-40, -69)	(40, -69)	diamond	none	dif	left	left	N_dist	(40, 69)	search	nr	True	848372	849286	left	135	10	60	110	85	160	None	None	testing
2	xy	f	19	green	6	(80, 0)	(40, 69)	(-39, 69)	(-80, 0)	(-40, -69)	(40, -69)	diamond	green	same	left	left	(40, 69)	(80, 0)	search	nr	True	850433	851653	left	85	60	135	160	10	110	None	None	testing
2	xy	f	19	green	6	(80, 0)	(40, 69)	(-39, 69)	(-80, 0)	(-40, -69)	(40, -69)	diamond	none	dif	right	right	N_dist	(40, -69)	probe	l_norm	None	None	None	None	160	10	110	85	60	135	(-40, -69)	12	testing
2	xy	f	19	green	6	(80, 0)	(40, 69)	(-39, 69)	(-80, 0)	(-40, -69)	(40, -69)	diamond	none	same	right	right	N_dist	(-39, 69)	search	nr	True	857090	857925	right	135	60	160	10	110	85	None	None	testing
2	xy	f	19	green	6	(80, 0)	(40, 69)	(-39, 69)	(-80, 0)	(-40, -69)	(40, -69)	circle	none	same	right	right	N_dist	(-80, 0)	search	nr	True	859202	860021	left	10	85	35	60	110	135	None	None	testing
2	xy	f	19	green	6	(80, 0)	(40, 69)	(-39, 69)	(-80, 0)	(-40, -69)	(40, -69)	diamond	none	same	right	right	N_dist	(-39, 69)	probe	h_norm	None	None	None	None	85	135	10	35	160	60	(40, 69)	23	testing
2	xy	f	19	green	6	(80, 0)	(40, 69)	(-39, 69)	(-80, 0)	(-40, -69)	(40, -69)	circle	green	same	left	left	(40, 69)	(40, -69)	search	nr	True	866327	867046	left	85	60	35	110	160	135	None	None	testing
2	xy	f	19	green	6	(80, 0)	(40, 69)	(-39, 69)	(-80, 0)	(-40, -69)	(40, -69)	diamond	green	same	left	left	(40, 69)	(-39, 69)	search	nr	True	868238	869830	right	60	85	10	110	135	160	None	None	testing
2	xy	f	19	green	6	(80, 0)	(40, 69)	(-39, 69)	(-80, 0)	(-40, -69)	(40, -69)	circle	green	dif	right	right	(40, 69)	(-39, 69)	search	nr	True	872513	873765	right	110	85	10	135	35	160	None	None	testing
2	xy	f	19	green	6	(80, 0)	(40, 69)	(-39, 69)	(-80, 0)	(-40, -69)	(40, -69)	diamond	green	dif	left	left	(40, 69)	(40, -69)	search	nr	True	874927	875765	left	60	85	135	160	10	110	None	None	testing
2	xy	f	19	green	6	(80, 0)	(40, 69)	(-39, 69)	(-80, 0)	(-40, -69)	(40, -69)	diamond	green	same	right	right	(40, 69)	(-39, 69)	search	nr	True	876956	877989	right	60	35	135	110	10	85	None	None	testing
2	xy	f	19	green	6	(80, 0)	(40, 69)	(-39, 69)	(-80, 0)	(-40, -69)	(40, -69)	diamond	none	dif	right	right	N_dist	(-39, 69)	search	nr	True	879203	879830	right	85	110	160	60	35	10	None	None	testing
2	xy	f	19	green	6	(80, 0)	(40, 69)	(-39, 69)	(-80, 0)	(-40, -69)	(40, -69)	diamond	green	same	left	left	(40, 69)	(-39, 69)	search	nr	True	881013	881733	left	35	85	110	135	160	60	None	None	testing
2	xy	f	19	green	6	(80, 0)	(40, 69)	(-39, 69)	(-80, 0)	(-40, -69)	(40, -69)	circle	green	dif	right	right	(40, 69)	(40, -69)	search	nr	True	882958	884021	right	60	10	110	135	160	85	None	None	testing
2	xy	f	19	green	6	(80, 0)	(40, 69)	(-39, 69)	(-80, 0)	(-40, -69)	(40, -69)	diamond	green	same	right	right	(-80, 0)	(40, -69)	search	nr	True	885305	886149	right	110	35	135	10	60	85	None	None	testing
2	xy	f	19	green	6	(80, 0)	(40, 69)	(-39, 69)	(-80, 0)	(-40, -69)	(40, -69)	diamond	green	same	right	right	(40, 69)	(80, 0)	search	nr	True	887266	888053	right	110	60	160	10	135	85	None	None	testing
2	xy	f	19	green	6	(80, 0)	(40, 69)	(-39, 69)	(-80, 0)	(-40, -69)	(40, -69)	circle	green	same	right	right	(40, 69)	(40, -69)	search	nr	True	889178	890086	right	60	135	160	10	35	110	None	None	testing
2	xy	f	19	green	6	(80, 0)	(40, 69)	(-39, 69)	(-80, 0)	(-40, -69)	(40, -69)	diamond	none	same	right	right	N_dist	(-39, 69)	search	nr	True	891257	892181	right	135	160	85	60	10	110	None	None	testing
2	xy	f	19	green	6	(80, 0)	(40, 69)	(-39, 69)	(-80, 0)	(-40, -69)	(40, -69)	diamond	none	same	left	left	N_dist	(-80, 0)	probe	h_norm	None	None	None	None	85	60	110	160	35	135	(40, 69)	166	testing
2	xy	f	19	green	6	(80, 0)	(40, 69)	(-39, 69)	(-80, 0)	(-40, -69)	(40, -69)	diamond	none	same	right	right	N_dist	(-39, 69)	search	nr	True	896421	897046	right	35	135	110	160	60	85	None	None	testing
2	xy	f	19	green	6	(80, 0)	(40, 69)	(-39, 69)	(-80, 0)	(-40, -69)	(40, -69)	circle	green	dif	left	left	(-80, 0)	(-40, -69)	probe	norm	None	None	None	None	85	60	35	135	160	10	(80, 0)	0	testing
2	xy	f	19	green	6	(80, 0)	(40, 69)	(-39, 69)	(-80, 0)	(-40, -69)	(40, -69)	circle	none	dif	left	left	N_dist	(80, 0)	probe	l_norm	None	None	None	None	160	135	35	110	10	60	(-80, 0)	4	testing
2	xy	f	19	green	6	(80, 0)	(40, 69)	(-39, 69)	(-80, 0)	(-40, -69)	(40, -69)	circle	none	dif	right	right	N_dist	(-40, -69)	search	nr	True	905021	905909	right	135	10	60	35	110	160	None	None	testing
2	xy	f	19	green	6	(80, 0)	(40, 69)	(-39, 69)	(-80, 0)	(-40, -69)	(40, -69)	circle	green	dif	left	left	(40, -69)	(-80, 0)	search	nr	True	907117	908117	left	110	10	85	60	135	35	None	None	testing
2	xy	f	19	green	6	(80, 0)	(40, 69)	(-39, 69)	(-80, 0)	(-40, -69)	(40, -69)	diamond	green	same	left	left	(40, 69)	(-39, 69)	search	nr	True	909380	910533	left	110	35	10	85	135	60	None	None	testing
2	xy	f	19	green	6	(80, 0)	(40, 69)	(-39, 69)	(-80, 0)	(-40, -69)	(40, -69)	circle	green	dif	right	right	(80, 0)	(-39, 69)	search	nr	True	911576	912437	right	110	35	85	60	160	135	None	None	testing
2	xy	f	19	green	6	(80, 0)	(40, 69)	(-39, 69)	(-80, 0)	(-40, -69)	(40, -69)	circle	green	same	left	left	(40, 69)	(-80, 0)	probe	tar	None	None	None	None	85	60	110	10	160	135	(-80, 0)	69	testing
2	xy	f	19	green	6	(80, 0)	(40, 69)	(-39, 69)	(-80, 0)	(-40, -69)	(40, -69)	diamond	green	same	left	left	(40, -69)	(-40, -69)	search	nr	True	918684	919701	left	110	35	10	60	160	135	None	None	testing
2	xy	f	19	green	6	(80, 0)	(40, 69)	(-39, 69)	(-80, 0)	(-40, -69)	(40, -69)	diamond	green	dif	right	right	(40, 69)	(40, -69)	probe	tar	None	None	None	None	10	85	35	135	60	110	(40, -69)	0	testing
2	xy	f	19	green	6	(80, 0)	(40, 69)	(-39, 69)	(-80, 0)	(-40, -69)	(40, -69)	circle	green	same	left	left	(40, 69)	(-80, 0)	search	nr	True	923715	924773	left	110	60	10	85	35	135	None	None	testing
2	xy	f	19	green	6	(80, 0)	(40, 69)	(-39, 69)	(-80, 0)	(-40, -69)	(40, -69)	diamond	green	dif	left	left	(40, -69)	(-40, -69)	search	nr	True	925877	926869	left	10	60	85	110	35	160	None	None	testing
2	xy	f	19	green	6	(80, 0)	(40, 69)	(-39, 69)	(-80, 0)	(-40, -69)	(40, -69)	circle	none	same	left	left	N_dist	(40, 69)	probe	h_tar	None	None	None	None	110	135	85	35	10	160	(40, 69)	3	testing
2	xy	f	19	green	6	(80, 0)	(40, 69)	(-39, 69)	(-80, 0)	(-40, -69)	(40, -69)	diamond	green	same	left	left	(40, -69)	(-40, -69)	probe	l_sin	None	None	None	None	85	135	35	160	60	110	(40, -69)	9	testing
2	xy	f	19	green	6	(80, 0)	(40, 69)	(-39, 69)	(-80, 0)	(-40, -69)	(40, -69)	circle	green	same	left	left	(40, -69)	(-39, 69)	search	nr	True	935165	935861	left	10	110	85	35	160	135	None	None	testing
2	xy	f	19	green	6	(80, 0)	(40, 69)	(-39, 69)	(-80, 0)	(-40, -69)	(40, -69)	diamond	green	dif	right	right	(40, 69)	(40, -69)	search	nr	True	936925	937781	right	135	85	60	110	160	35	None	None	testing
2	xy	f	19	green	6	(80, 0)	(40, 69)	(-39, 69)	(-80, 0)	(-40, -69)	(40, -69)	circle	green	dif	left	left	(-80, 0)	(-39, 69)	probe	l_sin	None	None	None	None	60	10	135	35	110	85	(-80, 0)	159	testing
2	xy	f	19	green	6	(80, 0)	(40, 69)	(-39, 69)	(-80, 0)	(-40, -69)	(40, -69)	diamond	green	same	left	left	(-40, -69)	(-80, 0)	search	nr	True	943028	943812	left	35	60	110	10	85	135	None	None	testing
2	xy	f	19	green	6	(80, 0)	(40, 69)	(-39, 69)	(-80, 0)	(-40, -69)	(40, -69)	diamond	green	same	right	right	(-40, -69)	(-80, 0)	probe	l_sin	None	None	None	None	135	85	110	160	35	60	(-40, -69)	166	testing
2	xy	f	19	green	6	(80, 0)	(40, 69)	(-39, 69)	(-80, 0)	(-40, -69)	(40, -69)	circle	green	dif	right	right	(40, 69)	(-40, -69)	search	nr	True	948141	949237	right	60	10	85	160	35	135	None	None	testing
2	xy	f	19	green	6	(80, 0)	(40, 69)	(-39, 69)	(-80, 0)	(-40, -69)	(40, -69)	circle	none	same	right	right	N_dist	(40, 69)	probe	h_tar	None	None	None	None	35	110	10	160	60	85	(40, 69)	17	testing
2	xy	f	19	green	6	(80, 0)	(40, 69)	(-39, 69)	(-80, 0)	(-40, -69)	(40, -69)	circle	green	same	left	left	(40, 69)	(-39, 69)	probe	norm	None	None	None	None	10	85	35	60	110	160	(-80, 0)	156	testing
2	xy	f	19	green	6	(80, 0)	(40, 69)	(-39, 69)	(-80, 0)	(-40, -69)	(40, -69)	circle	green	same	left	left	(40, -69)	(-39, 69)	search	nr	True	958401	959029	left	85	110	60	10	35	160	None	None	testing
2	xy	f	19	green	6	(80, 0)	(40, 69)	(-39, 69)	(-80, 0)	(-40, -69)	(40, -69)	circle	none	dif	right	right	N_dist	(-40, -69)	search	nr	True	960145	961029	right	110	135	35	10	85	160	None	None	testing
2	xy	f	19	green	6	(80, 0)	(40, 69)	(-39, 69)	(-80, 0)	(-40, -69)	(40, -69)	diamond	green	same	left	left	(40, -69)	(-40, -69)	probe	l_sin	None	None	None	None	85	10	160	135	110	35	(40, -69)	149	testing
2	xy	f	19	green	6	(80, 0)	(40, 69)	(-39, 69)	(-80, 0)	(-40, -69)	(40, -69)	diamond	none	same	right	right	N_dist	(80, 0)	probe	l_norm	None	None	None	None	85	35	135	60	10	160	(-80, 0)	161	testing
2	xy	f	19	green	6	(80, 0)	(40, 69)	(-39, 69)	(-80, 0)	(-40, -69)	(40, -69)	circle	green	same	right	right	(-40, -69)	(-80, 0)	probe	l_sin	None	None	None	None	60	110	160	85	135	10	(-40, -69)	23	testing
2	xy	f	19	green	6	(80, 0)	(40, 69)	(-39, 69)	(-80, 0)	(-40, -69)	(40, -69)	circle	none	dif	left	left	N_dist	(80, 0)	search	nr	True	972669	973316	left	10	135	110	60	85	160	None	None	testing
2	xy	f	19	green	6	(80, 0)	(40, 69)	(-39, 69)	(-80, 0)	(-40, -69)	(40, -69)	circle	green	dif	right	right	(40, 69)	(-40, -69)	search	nr	True	974563	975381	right	160	135	60	10	85	110	None	None	testing
2	xy	f	19	green	6	(80, 0)	(40, 69)	(-39, 69)	(-80, 0)	(-40, -69)	(40, -69)	diamond	green	dif	right	right	(40, 69)	(80, 0)	probe	h_sin	None	None	None	None	60	85	35	110	160	135	(40, 69)	0	testing
2	xy	f	19	green	6	(80, 0)	(40, 69)	(-39, 69)	(-80, 0)	(-40, -69)	(40, -69)	circle	green	same	right	right	(80, 0)	(-39, 69)	probe	l_sin	None	None	None	None	35	85	110	135	160	10	(80, 0)	156	testing
2	xy	f	19	green	6	(80, 0)	(40, 69)	(-39, 69)	(-80, 0)	(-40, -69)	(40, -69)	diamond	none	dif	right	right	N_dist	(40, -69)	search	nr	True	983248	984117	right	60	110	35	10	135	85	None	None	testing
2	xy	f	19	green	6	(80, 0)	(40, 69)	(-39, 69)	(-80, 0)	(-40, -69)	(40, -69)	diamond	green	dif	right	right	(40, 69)	(-39, 69)	probe	norm	None	None	None	None	110	10	35	60	135	85	(40, -69)	173	testing
2	xy	f	19	green	6	(80, 0)	(40, 69)	(-39, 69)	(-80, 0)	(-40, -69)	(40, -69)	circle	green	dif	right	right	(80, 0)	(-39, 69)	probe	l_sin	None	None	None	None	85	35	60	10	110	160	(80, 0)	165	testing
2	xy	f	19	green	6	(80, 0)	(40, 69)	(-39, 69)	(-80, 0)	(-40, -69)	(40, -69)	diamond	green	same	right	right	(-39, 69)	(-40, -69)	search	nr	True	991697	992677	right	160	135	10	35	85	110	None	None	testing
2	xy	f	19	green	6	(80, 0)	(40, 69)	(-39, 69)	(-80, 0)	(-40, -69)	(40, -69)	circle	green	same	right	right	(-40, -69)	(-80, 0)	search	nr	True	993776	994981	right	135	110	85	160	35	10	None	None	testing
2	xy	f	19	green	6	(80, 0)	(40, 69)	(-39, 69)	(-80, 0)	(-40, -69)	(40, -69)	circle	green	same	right	right	(80, 0)	(40, -69)	search	nr	True	996073	996980	right	10	110	35	135	160	85	None	None	testing
2	xy	f	19	green	6	(80, 0)	(40, 69)	(-39, 69)	(-80, 0)	(-40, -69)	(40, -69)	diamond	none	same	left	left	N_dist	(80, 0)	search	nr	True	998101	998821	left	10	60	35	160	135	110	None	None	testing
2	xy	f	19	green	6	(80, 0)	(40, 69)	(-39, 69)	(-80, 0)	(-40, -69)	(40, -69)	diamond	green	same	right	right	(40, 69)	(-80, 0)	probe	norm	None	None	None	None	135	35	85	10	60	110	(-40, -69)	155	testing
2	xy	f	19	green	6	(80, 0)	(40, 69)	(-39, 69)	(-80, 0)	(-40, -69)	(40, -69)	circle	green	same	right	right	(40, 69)	(40, -69)	search	nr	True	1003651	1004676	right	110	60	160	10	135	35	None	None	testing
