subj	name	gender	age	dist	run	tar_locs1	tar_locs2	tar_locs3	tar_locs4	tar_locs5	tar_locs6	shape	dist	td_dif	detection	resp_key	dis_loc	tar_loc	task_type	probe_cond	gotKey	startTime	respTime	resp	o1	o2	o3	o4	o5	o6	pro_loc	ori_resp	mode
2	xy	f	19	green	Le	(80, 0)	(40, 69)	(-39, 69)	(-80, 0)	(-40, -69)	(40, -69)	diamond	green	same	right	right	(80, 0)	(40, -69)	search	nr	True	107774	109551	right	35	85	60	135	160	10	None	None	practice
2	xy	f	19	green	Le	(80, 0)	(40, 69)	(-39, 69)	(-80, 0)	(-40, -69)	(40, -69)	diamond	none	dif	left	left	N_dist	(40, 69)	search	nr	True	110692	111886	left	10	110	135	35	160	85	None	None	practice
2	xy	f	19	green	Le	(80, 0)	(40, 69)	(-39, 69)	(-80, 0)	(-40, -69)	(40, -69)	diamond	green	dif	right	right	(40, 69)	(40, -69)	search	nr	True	113156	114350	right	110	135	85	160	35	60	None	None	practice
2	xy	f	19	green	Le	(80, 0)	(40, 69)	(-39, 69)	(-80, 0)	(-40, -69)	(40, -69)	diamond	green	dif	right	right	(-80, 0)	(80, 0)	search	nr	True	115487	116591	right	160	85	35	10	60	110	None	None	practice
2	xy	f	19	green	Le	(80, 0)	(40, 69)	(-39, 69)	(-80, 0)	(-40, -69)	(40, -69)	circle	green	same	left	left	(40, 69)	(-39, 69)	search	nr	True	117834	118574	left	10	160	35	135	85	60	None	None	practice
2	xy	f	19	green	Le	(80, 0)	(40, 69)	(-39, 69)	(-80, 0)	(-40, -69)	(40, -69)	circle	none	dif	right	right	N_dist	(80, 0)	search	nr	True	119661	120671	right	60	85	135	110	10	35	None	None	practice
2	xy	f	19	green	Le	(80, 0)	(40, 69)	(-39, 69)	(-80, 0)	(-40, -69)	(40, -69)	diamond	none	dif	right	right	N_dist	(80, 0)	search	nr	True	121773	122783	right	110	60	85	10	135	160	None	None	practice
2	xy	f	19	green	Le	(80, 0)	(40, 69)	(-39, 69)	(-80, 0)	(-40, -69)	(40, -69)	diamond	green	dif	left	left	(-39, 69)	(40, -69)	search	nr	True	123969	125071	left	85	135	160	60	110	10	None	None	practice
2	xy	f	19	green	Le	(80, 0)	(40, 69)	(-39, 69)	(-80, 0)	(-40, -69)	(40, -69)	circle	green	same	right	right	(40, 69)	(-40, -69)	search	nr	True	126149	127999	right	35	110	160	10	135	85	None	None	practice
2	xy	f	19	green	Le	(80, 0)	(40, 69)	(-39, 69)	(-80, 0)	(-40, -69)	(40, -69)	circle	green	same	left	left	(40, 69)	(-39, 69)	search	nr	True	129134	130463	left	60	110	85	135	160	10	None	None	practice
2	xy	f	19	green	Le	(80, 0)	(40, 69)	(-39, 69)	(-80, 0)	(-40, -69)	(40, -69)	diamond	green	same	right	right	(40, 69)	(40, -69)	search	nr	True	131648	132703	right	160	85	110	35	10	135	None	None	practice
2	xy	f	19	green	Le	(80, 0)	(40, 69)	(-39, 69)	(-80, 0)	(-40, -69)	(40, -69)	diamond	none	dif	right	right	N_dist	(40, 69)	search	nr	True	133811	134799	right	110	135	85	10	35	60	None	None	practice
2	xy	f	19	green	Le	(80, 0)	(40, 69)	(-39, 69)	(-80, 0)	(-40, -69)	(40, -69)	circle	green	same	right	right	(40, 69)	(40, -69)	search	nr	True	136008	137262	right	35	110	60	10	160	85	None	None	practice
2	xy	f	19	green	Le	(80, 0)	(40, 69)	(-39, 69)	(-80, 0)	(-40, -69)	(40, -69)	circle	green	same	left	left	(40, 69)	(-80, 0)	search	nr	True	138387	139423	left	10	85	110	160	60	35	None	None	practice
2	xy	f	19	green	Le	(80, 0)	(40, 69)	(-39, 69)	(-80, 0)	(-40, -69)	(40, -69)	circle	none	dif	right	right	N_dist	(-80, 0)	search	nr	True	140551	141503	right	35	160	135	10	110	60	None	None	practice
2	xy	f	19	green	Le	(80, 0)	(40, 69)	(-39, 69)	(-80, 0)	(-40, -69)	(40, -69)	circle	green	dif	right	right	(40, 69)	(-80, 0)	search	nr	True	142780	143759	right	110	135	35	160	10	85	None	None	practice
2	xy	f	19	green	Le	(80, 0)	(40, 69)	(-39, 69)	(-80, 0)	(-40, -69)	(40, -69)	circle	green	dif	left	left	(40, 69)	(-80, 0)	search	nr	True	145010	145999	left	135	35	60	160	85	110	None	None	practice
2	xy	f	19	green	Le	(80, 0)	(40, 69)	(-39, 69)	(-80, 0)	(-40, -69)	(40, -69)	diamond	none	dif	right	right	N_dist	(-40, -69)	search	nr	True	147156	148142	right	60	135	85	160	110	35	None	None	practice
2	xy	f	19	green	Le	(80, 0)	(40, 69)	(-39, 69)	(-80, 0)	(-40, -69)	(40, -69)	circle	none	dif	right	right	N_dist	(40, 69)	search	nr	True	149436	150671	right	110	35	10	160	85	135	None	None	practice
2	xy	f	19	green	Le	(80, 0)	(40, 69)	(-39, 69)	(-80, 0)	(-40, -69)	(40, -69)	circle	none	dif	right	right	N_dist	(80, 0)	search	nr	True	151951	153167	right	10	135	160	85	35	110	None	None	practice
2	xy	f	19	green	Le	(80, 0)	(40, 69)	(-39, 69)	(-80, 0)	(-40, -69)	(40, -69)	diamond	green	dif	left	left	(40, 69)	(-40, -69)	search	nr	True	154449	155343	left	110	85	135	60	10	160	None	None	practice
2	xy	f	19	green	Le	(80, 0)	(40, 69)	(-39, 69)	(-80, 0)	(-40, -69)	(40, -69)	circle	none	same	right	right	N_dist	(-39, 69)	search	nr	True	156612	157598	right	35	10	110	135	85	60	None	None	practice
2	xy	f	19	green	Le	(80, 0)	(40, 69)	(-39, 69)	(-80, 0)	(-40, -69)	(40, -69)	diamond	green	dif	right	right	(-40, -69)	(-80, 0)	search	nr	True	158791	159759	left	160	85	135	110	10	35	None	None	practice
2	xy	f	19	green	Le	(80, 0)	(40, 69)	(-39, 69)	(-80, 0)	(-40, -69)	(40, -69)	diamond	none	dif	right	right	N_dist	(-40, -69)	search	nr	True	162446	163598	right	135	35	85	110	10	160	None	None	practice
2	xy	f	19	green	Le	(80, 0)	(40, 69)	(-39, 69)	(-80, 0)	(-40, -69)	(40, -69)	circle	green	same	right	right	(-40, -69)	(-39, 69)	search	nr	True	164827	166239	right	35	110	10	60	160	85	None	None	practice
2	xy	f	19	green	Le	(80, 0)	(40, 69)	(-39, 69)	(-80, 0)	(-40, -69)	(40, -69)	circle	none	same	left	left	N_dist	(-40, -69)	search	nr	True	167543	168719	left	10	160	35	110	60	85	None	None	practice
2	xy	f	19	green	Le	(80, 0)	(40, 69)	(-39, 69)	(-80, 0)	(-40, -69)	(40, -69)	diamond	none	same	left	left	N_dist	(-40, -69)	search	nr	True	169840	170991	left	110	60	10	85	160	35	None	None	practice
2	xy	f	19	green	Le	(80, 0)	(40, 69)	(-39, 69)	(-80, 0)	(-40, -69)	(40, -69)	diamond	green	same	right	right	(40, 69)	(-40, -69)	search	nr	True	172069	173182	right	160	10	60	85	110	135	None	None	practice
2	xy	f	19	green	Le	(80, 0)	(40, 69)	(-39, 69)	(-80, 0)	(-40, -69)	(40, -69)	diamond	green	same	left	left	(40, 69)	(-80, 0)	search	nr	True	174249	175150	left	135	35	60	160	85	110	None	None	practice
2	xy	f	19	green	Le	(80, 0)	(40, 69)	(-39, 69)	(-80, 0)	(-40, -69)	(40, -69)	circle	none	dif	left	left	N_dist	(-39, 69)	search	nr	True	176244	177007	left	10	35	85	60	110	160	None	None	practice
2	xy	f	19	green	Le	(80, 0)	(40, 69)	(-39, 69)	(-80, 0)	(-40, -69)	(40, -69)	diamond	green	dif	right	right	(-40, -69)	(-80, 0)	search	nr	True	178289	179230	right	85	10	160	35	110	135	None	None	practice
2	xy	f	19	green	Le	(80, 0)	(40, 69)	(-39, 69)	(-80, 0)	(-40, -69)	(40, -69)	diamond	green	dif	left	left	(-39, 69)	(40, -69)	search	nr	True	180335	181390	left	10	85	60	35	110	160	None	None	practice
2	xy	f	19	green	Le	(80, 0)	(40, 69)	(-39, 69)	(-80, 0)	(-40, -69)	(40, -69)	circle	green	dif	left	left	(40, -69)	(-39, 69)	search	nr	True	182665	183726	left	85	10	110	35	60	160	None	None	practice
2	xy	f	19	green	Le	(80, 0)	(40, 69)	(-39, 69)	(-80, 0)	(-40, -69)	(40, -69)	circle	green	same	left	left	(40, 69)	(-80, 0)	search	nr	True	184962	186142	left	110	85	135	160	60	10	None	None	practice
2	xy	f	19	green	Le	(80, 0)	(40, 69)	(-39, 69)	(-80, 0)	(-40, -69)	(40, -69)	diamond	none	dif	right	right	N_dist	(80, 0)	search	nr	True	187427	188190	right	35	160	110	10	85	135	None	None	practice
2	xy	f	19	green	Le	(80, 0)	(40, 69)	(-39, 69)	(-80, 0)	(-40, -69)	(40, -69)	diamond	none	same	right	right	N_dist	(40, -69)	search	nr	True	189270	190159	right	10	35	160	135	60	85	None	None	practice
2	xy	f	19	green	Le	(80, 0)	(40, 69)	(-39, 69)	(-80, 0)	(-40, -69)	(40, -69)	circle	none	same	left	left	N_dist	(40, -69)	search	nr	True	191416	192846	left	60	160	35	85	135	110	None	None	practice
2	xy	f	19	green	Le	(80, 0)	(40, 69)	(-39, 69)	(-80, 0)	(-40, -69)	(40, -69)	circle	green	dif	left	left	(40, 69)	(-39, 69)	search	nr	True	194032	194927	right	160	110	135	35	60	85	None	None	practice
2	xy	f	19	green	Le	(80, 0)	(40, 69)	(-39, 69)	(-80, 0)	(-40, -69)	(40, -69)	circle	green	dif	left	left	(-40, -69)	(-80, 0)	search	nr	True	197569	198655	left	85	10	110	135	60	160	None	None	practice
2	xy	f	19	green	Le	(80, 0)	(40, 69)	(-39, 69)	(-80, 0)	(-40, -69)	(40, -69)	circle	green	dif	left	left	(-80, 0)	(40, -69)	search	nr	True	199833	200783	left	60	35	110	85	10	160	None	None	practice
2	xy	f	19	green	Le	(80, 0)	(40, 69)	(-39, 69)	(-80, 0)	(-40, -69)	(40, -69)	circle	green	same	right	right	(40, 69)	(-80, 0)	search	nr	True	232910	233919	right	10	35	160	60	85	135	None	None	testing
2	xy	f	19	green	Le	(80, 0)	(40, 69)	(-39, 69)	(-80, 0)	(-40, -69)	(40, -69)	circle	green	dif	right	right	(40, 69)	(80, 0)	search	nr	True	235039	235806	right	110	10	160	60	135	35	None	None	testing
2	xy	f	19	green	Le	(80, 0)	(40, 69)	(-39, 69)	(-80, 0)	(-40, -69)	(40, -69)	circle	none	same	left	left	N_dist	(-40, -69)	search	nr	True	236933	237694	left	110	10	160	35	60	85	None	None	testing
2	xy	f	19	green	Le	(80, 0)	(40, 69)	(-39, 69)	(-80, 0)	(-40, -69)	(40, -69)	diamond	none	same	right	right	N_dist	(80, 0)	search	nr	True	238761	239438	right	160	85	10	135	35	110	None	None	testing
2	xy	f	19	green	Le	(80, 0)	(40, 69)	(-39, 69)	(-80, 0)	(-40, -69)	(40, -69)	circle	none	dif	left	left	N_dist	(-39, 69)	search	nr	True	240638	241534	left	60	10	135	85	160	110	None	None	testing
2	xy	f	19	green	Le	(80, 0)	(40, 69)	(-39, 69)	(-80, 0)	(-40, -69)	(40, -69)	diamond	green	same	right	right	(40, 69)	(-40, -69)	search	nr	True	242651	243598	right	85	110	135	10	160	60	None	None	testing
2	xy	f	19	green	Le	(80, 0)	(40, 69)	(-39, 69)	(-80, 0)	(-40, -69)	(40, -69)	diamond	green	dif	right	right	(40, 69)	(40, -69)	search	nr	True	244663	245423	right	10	85	160	110	60	35	None	None	testing
2	xy	f	19	green	Le	(80, 0)	(40, 69)	(-39, 69)	(-80, 0)	(-40, -69)	(40, -69)	diamond	green	same	right	right	(80, 0)	(40, -69)	search	nr	True	246591	247470	right	160	35	110	10	85	135	None	None	testing
2	xy	f	19	green	Le	(80, 0)	(40, 69)	(-39, 69)	(-80, 0)	(-40, -69)	(40, -69)	circle	none	same	right	right	N_dist	(40, -69)	search	nr	True	248719	249550	right	160	35	10	110	85	135	None	None	testing
2	xy	f	19	green	Le	(80, 0)	(40, 69)	(-39, 69)	(-80, 0)	(-40, -69)	(40, -69)	diamond	none	same	left	left	N_dist	(-40, -69)	search	nr	True	250799	251566	left	35	110	160	135	85	10	None	None	testing
2	xy	f	19	green	Le	(80, 0)	(40, 69)	(-39, 69)	(-80, 0)	(-40, -69)	(40, -69)	circle	none	same	left	left	N_dist	(80, 0)	search	nr	True	252794	253678	left	10	35	110	135	85	160	None	None	testing
2	xy	f	19	green	Le	(80, 0)	(40, 69)	(-39, 69)	(-80, 0)	(-40, -69)	(40, -69)	diamond	none	dif	right	right	N_dist	(80, 0)	search	nr	True	254939	255853	right	35	160	135	110	85	10	None	None	testing
2	xy	f	19	green	Le	(80, 0)	(40, 69)	(-39, 69)	(-80, 0)	(-40, -69)	(40, -69)	circle	none	same	right	right	N_dist	(-39, 69)	search	nr	True	257069	257902	right	10	160	135	35	110	85	None	None	testing
2	xy	f	19	green	Le	(80, 0)	(40, 69)	(-39, 69)	(-80, 0)	(-40, -69)	(40, -69)	circle	green	dif	right	right	(40, 69)	(80, 0)	search	nr	True	259114	259998	right	35	10	85	135	160	110	None	None	testing
2	xy	f	19	green	Le	(80, 0)	(40, 69)	(-39, 69)	(-80, 0)	(-40, -69)	(40, -69)	circle	green	dif	left	left	(40, 69)	(80, 0)	search	nr	True	261226	261950	left	10	135	160	110	60	85	None	None	testing
2	xy	f	19	green	Le	(80, 0)	(40, 69)	(-39, 69)	(-80, 0)	(-40, -69)	(40, -69)	diamond	green	same	right	right	(40, 69)	(-40, -69)	search	nr	True	263154	264030	right	60	135	10	110	35	160	None	None	testing
2	xy	f	19	green	Le	(80, 0)	(40, 69)	(-39, 69)	(-80, 0)	(-40, -69)	(40, -69)	diamond	green	same	right	right	(40, -69)	(-40, -69)	search	nr	True	265233	265919	right	35	160	10	110	60	85	None	None	testing
2	xy	f	19	green	Le	(80, 0)	(40, 69)	(-39, 69)	(-80, 0)	(-40, -69)	(40, -69)	circle	green	dif	left	left	(40, 69)	(-39, 69)	search	nr	True	266994	267886	left	10	135	85	110	35	60	None	None	testing
2	xy	f	19	green	Le	(80, 0)	(40, 69)	(-39, 69)	(-80, 0)	(-40, -69)	(40, -69)	circle	none	dif	left	left	N_dist	(-39, 69)	search	nr	True	269106	269870	left	160	135	60	35	85	110	None	None	testing
2	xy	f	19	green	Le	(80, 0)	(40, 69)	(-39, 69)	(-80, 0)	(-40, -69)	(40, -69)	circle	green	same	right	right	(40, 69)	(40, -69)	search	nr	True	271051	271774	right	85	60	10	160	110	35	None	None	testing
2	xy	f	19	green	Le	(80, 0)	(40, 69)	(-39, 69)	(-80, 0)	(-40, -69)	(40, -69)	circle	none	dif	right	right	N_dist	(40, -69)	search	nr	True	272895	273806	right	110	10	35	135	85	60	None	None	testing
2	xy	f	19	green	Le	(80, 0)	(40, 69)	(-39, 69)	(-80, 0)	(-40, -69)	(40, -69)	diamond	green	same	right	right	(40, 69)	(-39, 69)	search	nr	True	275024	275870	right	135	110	85	35	10	60	None	None	testing
2	xy	f	19	green	Le	(80, 0)	(40, 69)	(-39, 69)	(-80, 0)	(-40, -69)	(40, -69)	diamond	green	same	left	left	(40, 69)	(40, -69)	search	nr	True	276986	277726	left	35	110	85	60	135	160	None	None	testing
2	xy	f	19	green	Le	(80, 0)	(40, 69)	(-39, 69)	(-80, 0)	(-40, -69)	(40, -69)	diamond	green	dif	right	right	(-40, -69)	(80, 0)	search	nr	True	278830	279774	right	10	160	60	35	110	85	None	None	testing
2	xy	f	19	green	Le	(80, 0)	(40, 69)	(-39, 69)	(-80, 0)	(-40, -69)	(40, -69)	diamond	green	same	left	left	(40, 69)	(80, 0)	search	nr	True	280858	281630	left	10	35	110	85	60	135	None	None	testing
2	xy	f	19	green	Le	(80, 0)	(40, 69)	(-39, 69)	(-80, 0)	(-40, -69)	(40, -69)	circle	none	dif	right	right	N_dist	(-80, 0)	search	nr	True	282719	284383	right	160	85	110	10	35	135	None	None	testing
2	xy	f	19	green	Le	(80, 0)	(40, 69)	(-39, 69)	(-80, 0)	(-40, -69)	(40, -69)	circle	none	same	left	left	N_dist	(-80, 0)	search	nr	True	285552	286623	left	110	135	60	35	85	10	None	None	testing
2	xy	f	19	green	Le	(80, 0)	(40, 69)	(-39, 69)	(-80, 0)	(-40, -69)	(40, -69)	diamond	green	dif	left	left	(40, 69)	(40, -69)	search	nr	True	287716	288846	left	85	10	60	160	110	135	None	None	testing
2	xy	f	19	green	Le	(80, 0)	(40, 69)	(-39, 69)	(-80, 0)	(-40, -69)	(40, -69)	diamond	green	dif	right	right	(-40, -69)	(-80, 0)	search	nr	True	290029	291582	right	60	85	110	160	10	135	None	None	testing
2	xy	f	19	green	Le	(80, 0)	(40, 69)	(-39, 69)	(-80, 0)	(-40, -69)	(40, -69)	circle	green	dif	right	right	(-39, 69)	(-40, -69)	search	nr	True	292728	293886	right	60	35	85	160	10	110	None	None	testing
2	xy	f	19	green	Le	(80, 0)	(40, 69)	(-39, 69)	(-80, 0)	(-40, -69)	(40, -69)	circle	green	dif	right	right	(40, 69)	(80, 0)	search	nr	True	295076	296270	right	160	135	35	85	60	110	None	None	testing
2	xy	f	19	green	Le	(80, 0)	(40, 69)	(-39, 69)	(-80, 0)	(-40, -69)	(40, -69)	circle	green	dif	right	right	(40, 69)	(40, -69)	search	nr	True	297540	298845	right	35	110	85	160	135	60	None	None	testing
2	xy	f	19	green	Le	(80, 0)	(40, 69)	(-39, 69)	(-80, 0)	(-40, -69)	(40, -69)	circle	green	same	left	left	(-39, 69)	(40, -69)	search	nr	True	300038	300751	left	10	160	85	60	35	110	None	None	testing
2	xy	f	19	green	Le	(80, 0)	(40, 69)	(-39, 69)	(-80, 0)	(-40, -69)	(40, -69)	diamond	green	same	right	right	(40, 69)	(-80, 0)	search	nr	True	301899	302734	right	10	135	85	35	160	110	None	None	testing
2	xy	f	19	green	Le	(80, 0)	(40, 69)	(-39, 69)	(-80, 0)	(-40, -69)	(40, -69)	diamond	green	same	left	left	(40, 69)	(-40, -69)	search	nr	True	303810	304574	left	10	160	85	135	35	60	None	None	testing
2	xy	f	19	green	Le	(80, 0)	(40, 69)	(-39, 69)	(-80, 0)	(-40, -69)	(40, -69)	circle	green	same	left	left	(40, 69)	(80, 0)	search	nr	True	305621	307118	left	85	160	60	35	135	110	None	None	testing
2	xy	f	19	green	Le	(80, 0)	(40, 69)	(-39, 69)	(-80, 0)	(-40, -69)	(40, -69)	circle	green	same	right	right	(40, 69)	(-39, 69)	search	nr	True	308421	309182	right	60	160	110	10	85	135	None	None	testing
2	xy	f	19	green	Le	(80, 0)	(40, 69)	(-39, 69)	(-80, 0)	(-40, -69)	(40, -69)	diamond	none	dif	left	left	N_dist	(-40, -69)	search	nr	True	310348	310974	left	160	60	10	135	110	85	None	None	testing
2	xy	f	19	green	Le	(80, 0)	(40, 69)	(-39, 69)	(-80, 0)	(-40, -69)	(40, -69)	circle	none	same	right	right	N_dist	(-39, 69)	search	nr	True	312176	313022	right	110	85	135	10	160	60	None	None	testing
2	xy	f	19	green	Le	(80, 0)	(40, 69)	(-39, 69)	(-80, 0)	(-40, -69)	(40, -69)	diamond	green	same	left	left	(80, 0)	(-40, -69)	search	nr	True	314221	315326	left	35	60	85	135	110	160	None	None	testing
2	xy	f	19	green	Le	(80, 0)	(40, 69)	(-39, 69)	(-80, 0)	(-40, -69)	(40, -69)	circle	green	same	left	left	(40, 69)	(-80, 0)	search	nr	True	316434	317326	left	110	135	160	10	35	85	None	None	testing
2	xy	f	19	green	Le	(80, 0)	(40, 69)	(-39, 69)	(-80, 0)	(-40, -69)	(40, -69)	circle	none	dif	right	right	N_dist	(40, 69)	search	nr	True	318479	319150	right	35	160	110	85	10	135	None	None	testing
2	xy	f	19	green	Le	(80, 0)	(40, 69)	(-39, 69)	(-80, 0)	(-40, -69)	(40, -69)	diamond	green	same	left	left	(80, 0)	(-40, -69)	search	nr	True	320374	321182	left	160	60	110	35	85	10	None	None	testing
2	xy	f	19	green	Le	(80, 0)	(40, 69)	(-39, 69)	(-80, 0)	(-40, -69)	(40, -69)	circle	green	same	right	right	(-80, 0)	(40, -69)	search	nr	True	322385	323358	right	135	160	60	85	110	10	None	None	testing
2	xy	f	19	green	Le	(80, 0)	(40, 69)	(-39, 69)	(-80, 0)	(-40, -69)	(40, -69)	circle	green	same	right	right	(40, 69)	(-80, 0)	search	nr	True	324599	325534	right	85	110	60	35	135	10	None	None	testing
2	xy	f	19	green	Le	(80, 0)	(40, 69)	(-39, 69)	(-80, 0)	(-40, -69)	(40, -69)	diamond	none	dif	right	right	N_dist	(80, 0)	search	nr	True	326761	327358	left	160	85	10	35	135	60	None	None	testing
2	xy	f	19	green	Le	(80, 0)	(40, 69)	(-39, 69)	(-80, 0)	(-40, -69)	(40, -69)	diamond	green	dif	right	right	(40, 69)	(-40, -69)	search	nr	True	330098	331118	right	10	35	135	85	110	60	None	None	testing
2	xy	f	19	green	Le	(80, 0)	(40, 69)	(-39, 69)	(-80, 0)	(-40, -69)	(40, -69)	circle	green	dif	left	left	(40, 69)	(-39, 69)	search	nr	True	332227	333230	left	160	135	60	35	85	10	None	None	testing
2	xy	f	19	green	Le	(80, 0)	(40, 69)	(-39, 69)	(-80, 0)	(-40, -69)	(40, -69)	diamond	green	same	right	right	(80, 0)	(40, -69)	search	nr	True	334508	335357	right	10	60	110	35	135	160	None	None	testing
2	xy	f	19	green	Le	(80, 0)	(40, 69)	(-39, 69)	(-80, 0)	(-40, -69)	(40, -69)	circle	green	same	right	right	(40, 69)	(40, -69)	search	nr	True	336552	337598	right	35	110	160	135	85	60	None	None	testing
2	xy	f	19	green	Le	(80, 0)	(40, 69)	(-39, 69)	(-80, 0)	(-40, -69)	(40, -69)	circle	none	dif	left	left	N_dist	(40, -69)	search	nr	True	338883	339870	left	110	160	85	35	135	60	None	None	testing
2	xy	f	19	green	Le	(80, 0)	(40, 69)	(-39, 69)	(-80, 0)	(-40, -69)	(40, -69)	circle	none	dif	left	left	N_dist	(-39, 69)	search	nr	True	340962	341854	left	160	135	10	60	85	35	None	None	testing
2	xy	f	19	green	Le	(80, 0)	(40, 69)	(-39, 69)	(-80, 0)	(-40, -69)	(40, -69)	diamond	green	dif	left	left	(40, 69)	(-40, -69)	search	nr	True	342940	344078	left	110	35	10	85	60	135	None	None	testing
2	xy	f	19	green	Le	(80, 0)	(40, 69)	(-39, 69)	(-80, 0)	(-40, -69)	(40, -69)	circle	green	dif	left	left	(40, 69)	(-39, 69)	search	nr	True	345204	345967	right	135	60	160	35	85	10	None	None	testing
2	xy	f	19	green	Le	(80, 0)	(40, 69)	(-39, 69)	(-80, 0)	(-40, -69)	(40, -69)	diamond	green	dif	right	right	(-39, 69)	(40, -69)	search	nr	True	348690	349694	right	160	10	35	110	85	135	None	None	testing
2	xy	f	19	green	Le	(80, 0)	(40, 69)	(-39, 69)	(-80, 0)	(-40, -69)	(40, -69)	circle	green	dif	left	left	(40, 69)	(40, -69)	search	nr	True	350886	351710	left	10	35	60	85	135	160	None	None	testing
2	xy	f	19	green	Le	(80, 0)	(40, 69)	(-39, 69)	(-80, 0)	(-40, -69)	(40, -69)	diamond	none	dif	left	left	N_dist	(-80, 0)	search	nr	True	352848	353662	left	60	10	110	85	160	135	None	None	testing
2	xy	f	19	green	Le	(80, 0)	(40, 69)	(-39, 69)	(-80, 0)	(-40, -69)	(40, -69)	circle	green	same	right	right	(40, 69)	(-39, 69)	search	nr	True	354944	355598	right	60	135	160	10	110	35	None	None	testing
2	xy	f	19	green	Le	(80, 0)	(40, 69)	(-39, 69)	(-80, 0)	(-40, -69)	(40, -69)	circle	green	same	left	left	(40, 69)	(-39, 69)	search	nr	True	356822	358254	left	110	10	160	35	135	85	None	None	testing
2	xy	f	19	green	Le	(80, 0)	(40, 69)	(-39, 69)	(-80, 0)	(-40, -69)	(40, -69)	diamond	none	same	right	right	N_dist	(-39, 69)	search	nr	True	359470	360733	right	160	85	60	35	135	110	None	None	testing
2	xy	f	19	green	Le	(80, 0)	(40, 69)	(-39, 69)	(-80, 0)	(-40, -69)	(40, -69)	diamond	green	dif	left	left	(40, 69)	(-40, -69)	search	nr	True	361801	362894	left	110	135	10	60	160	35	None	None	testing
2	xy	f	19	green	Le	(80, 0)	(40, 69)	(-39, 69)	(-80, 0)	(-40, -69)	(40, -69)	circle	green	same	left	left	(40, 69)	(-80, 0)	search	nr	True	363997	365278	left	160	135	35	10	60	85	None	None	testing
2	xy	f	19	green	Le	(80, 0)	(40, 69)	(-39, 69)	(-80, 0)	(-40, -69)	(40, -69)	circle	green	dif	left	left	(40, 69)	(-80, 0)	search	nr	True	366361	367422	right	85	110	160	135	10	60	None	None	testing
2	xy	f	19	green	Le	(80, 0)	(40, 69)	(-39, 69)	(-80, 0)	(-40, -69)	(40, -69)	circle	green	dif	left	left	(40, -69)	(-39, 69)	search	nr	True	369999	371182	left	160	110	10	85	60	35	None	None	testing
2	xy	f	19	green	Le	(80, 0)	(40, 69)	(-39, 69)	(-80, 0)	(-40, -69)	(40, -69)	circle	none	same	right	right	N_dist	(80, 0)	search	nr	True	372246	373278	right	160	10	35	110	60	135	None	None	testing
2	xy	f	19	green	Le	(80, 0)	(40, 69)	(-39, 69)	(-80, 0)	(-40, -69)	(40, -69)	diamond	none	same	right	right	N_dist	(-39, 69)	search	nr	True	374459	375262	right	60	160	35	110	85	135	None	None	testing
2	xy	f	19	green	Le	(80, 0)	(40, 69)	(-39, 69)	(-80, 0)	(-40, -69)	(40, -69)	circle	none	same	left	left	N_dist	(-40, -69)	search	nr	True	376437	377358	left	110	85	135	60	160	10	None	None	testing
2	xy	f	19	green	Le	(80, 0)	(40, 69)	(-39, 69)	(-80, 0)	(-40, -69)	(40, -69)	diamond	none	same	right	right	N_dist	(40, -69)	search	nr	True	378482	379389	right	85	35	10	60	160	110	None	None	testing
2	xy	f	19	green	Le	(80, 0)	(40, 69)	(-39, 69)	(-80, 0)	(-40, -69)	(40, -69)	diamond	green	same	right	right	(40, 69)	(40, -69)	search	nr	True	380695	381582	right	60	35	10	160	135	85	None	None	testing
2	xy	f	19	green	Le	(80, 0)	(40, 69)	(-39, 69)	(-80, 0)	(-40, -69)	(40, -69)	circle	green	dif	right	right	(40, -69)	(80, 0)	search	nr	True	382741	383550	left	110	35	85	10	60	160	None	None	testing
2	xy	f	19	green	Le	(80, 0)	(40, 69)	(-39, 69)	(-80, 0)	(-40, -69)	(40, -69)	circle	green	same	right	right	(40, -69)	(80, 0)	search	nr	True	386362	387486	right	10	135	85	60	160	35	None	None	testing
2	xy	f	19	green	Le	(80, 0)	(40, 69)	(-39, 69)	(-80, 0)	(-40, -69)	(40, -69)	diamond	green	same	right	right	(40, 69)	(-40, -69)	search	nr	True	388726	389774	right	160	110	10	35	60	135	None	None	testing
2	xy	f	19	green	Le	(80, 0)	(40, 69)	(-39, 69)	(-80, 0)	(-40, -69)	(40, -69)	circle	green	dif	left	left	(40, 69)	(-39, 69)	search	nr	True	391056	392029	left	160	10	110	60	35	85	None	None	testing
2	xy	f	19	green	Le	(80, 0)	(40, 69)	(-39, 69)	(-80, 0)	(-40, -69)	(40, -69)	diamond	none	dif	right	right	N_dist	(40, 69)	search	nr	True	393169	393918	right	60	35	110	85	135	10	None	None	testing
2	xy	f	19	green	Le	(80, 0)	(40, 69)	(-39, 69)	(-80, 0)	(-40, -69)	(40, -69)	diamond	green	same	right	right	(80, 0)	(40, -69)	search	nr	True	395030	395998	right	135	35	160	10	85	110	None	None	testing
2	xy	f	19	green	Le	(80, 0)	(40, 69)	(-39, 69)	(-80, 0)	(-40, -69)	(40, -69)	circle	none	dif	right	right	N_dist	(80, 0)	search	nr	True	397192	398030	right	160	10	85	110	60	135	None	None	testing
2	xy	f	19	green	Le	(80, 0)	(40, 69)	(-39, 69)	(-80, 0)	(-40, -69)	(40, -69)	diamond	none	dif	left	left	N_dist	(-40, -69)	search	nr	True	399304	399982	left	135	110	10	60	35	160	None	None	testing
2	xy	f	19	green	Le	(80, 0)	(40, 69)	(-39, 69)	(-80, 0)	(-40, -69)	(40, -69)	circle	green	dif	left	left	(40, 69)	(-39, 69)	search	nr	True	401082	401742	right	10	160	85	60	110	35	None	None	testing
2	xy	f	19	green	Le	(80, 0)	(40, 69)	(-39, 69)	(-80, 0)	(-40, -69)	(40, -69)	circle	green	same	left	left	(40, 69)	(-80, 0)	search	nr	True	404401	405214	left	60	135	10	35	110	160	None	None	testing
2	xy	f	19	green	Le	(80, 0)	(40, 69)	(-39, 69)	(-80, 0)	(-40, -69)	(40, -69)	diamond	green	dif	right	right	(-80, 0)	(80, 0)	search	nr	True	406396	407038	right	60	85	110	135	160	35	None	None	testing
2	xy	f	19	green	Le	(80, 0)	(40, 69)	(-39, 69)	(-80, 0)	(-40, -69)	(40, -69)	diamond	green	dif	right	right	(-39, 69)	(80, 0)	search	nr	True	408106	409758	right	160	10	60	85	110	135	None	None	testing
2	xy	f	19	green	Le	(80, 0)	(40, 69)	(-39, 69)	(-80, 0)	(-40, -69)	(40, -69)	diamond	green	same	left	left	(80, 0)	(-40, -69)	search	nr	True	410923	411758	left	160	135	85	35	60	10	None	None	testing
2	xy	f	19	green	Le	(80, 0)	(40, 69)	(-39, 69)	(-80, 0)	(-40, -69)	(40, -69)	circle	green	dif	right	right	(40, 69)	(-39, 69)	search	nr	True	412817	414221	right	135	60	10	110	35	85	None	None	testing
2	xy	f	19	green	Le	(80, 0)	(40, 69)	(-39, 69)	(-80, 0)	(-40, -69)	(40, -69)	diamond	none	same	right	right	N_dist	(80, 0)	search	nr	True	415432	416830	right	135	10	160	60	35	110	None	None	testing
2	xy	f	19	green	Le	(80, 0)	(40, 69)	(-39, 69)	(-80, 0)	(-40, -69)	(40, -69)	diamond	green	dif	left	left	(40, 69)	(40, -69)	search	nr	True	417998	419214	right	60	160	110	10	35	135	None	None	testing
2	xy	f	19	green	Le	(80, 0)	(40, 69)	(-39, 69)	(-80, 0)	(-40, -69)	(40, -69)	diamond	none	dif	right	right	N_dist	(40, 69)	search	nr	True	421937	423022	right	35	10	110	60	85	135	None	None	testing
2	xy	f	19	green	Le	(80, 0)	(40, 69)	(-39, 69)	(-80, 0)	(-40, -69)	(40, -69)	circle	green	same	left	left	(-80, 0)	(-39, 69)	search	nr	True	424117	425374	left	85	135	60	110	35	10	None	None	testing
2	xy	f	19	green	Le	(80, 0)	(40, 69)	(-39, 69)	(-80, 0)	(-40, -69)	(40, -69)	diamond	green	dif	right	right	(-39, 69)	(40, -69)	search	nr	True	426514	428077	left	10	110	135	35	160	60	None	None	testing
2	xy	f	19	green	Le	(80, 0)	(40, 69)	(-39, 69)	(-80, 0)	(-40, -69)	(40, -69)	diamond	none	dif	right	right	N_dist	(-40, -69)	search	nr	True	430874	432046	right	60	85	10	135	110	160	None	None	testing
2	xy	f	19	green	Le	(80, 0)	(40, 69)	(-39, 69)	(-80, 0)	(-40, -69)	(40, -69)	diamond	green	same	right	right	(40, -69)	(-40, -69)	search	nr	True	433136	434590	left	85	135	60	35	160	10	None	None	testing
2	xy	f	19	green	Le	(80, 0)	(40, 69)	(-39, 69)	(-80, 0)	(-40, -69)	(40, -69)	circle	none	dif	right	right	N_dist	(40, 69)	search	nr	True	437177	438605	right	35	160	110	10	60	85	None	None	testing
2	xy	f	19	green	Le	(80, 0)	(40, 69)	(-39, 69)	(-80, 0)	(-40, -69)	(40, -69)	diamond	none	dif	left	left	N_dist	(-80, 0)	search	nr	True	439776	441694	left	60	135	10	160	110	85	None	None	testing
2	xy	f	19	green	Le	(80, 0)	(40, 69)	(-39, 69)	(-80, 0)	(-40, -69)	(40, -69)	diamond	green	same	right	right	(40, 69)	(40, -69)	search	nr	True	442794	443933	right	10	110	60	35	85	160	None	None	testing
2	xy	f	19	green	Le	(80, 0)	(40, 69)	(-39, 69)	(-80, 0)	(-40, -69)	(40, -69)	diamond	green	same	left	left	(40, 69)	(-80, 0)	search	nr	True	445040	446013	left	110	35	160	10	60	85	None	None	testing
2	xy	f	19	green	Le	(80, 0)	(40, 69)	(-39, 69)	(-80, 0)	(-40, -69)	(40, -69)	circle	none	same	left	left	N_dist	(40, -69)	search	nr	True	447303	448574	left	60	135	10	110	160	85	None	None	testing
2	xy	f	19	green	Le	(80, 0)	(40, 69)	(-39, 69)	(-80, 0)	(-40, -69)	(40, -69)	circle	green	dif	right	right	(40, 69)	(80, 0)	search	nr	True	449634	450877	right	85	135	35	110	10	60	None	None	testing
2	xy	f	19	green	Le	(80, 0)	(40, 69)	(-39, 69)	(-80, 0)	(-40, -69)	(40, -69)	diamond	green	same	left	left	(40, 69)	(80, 0)	search	nr	True	452014	452926	left	135	10	160	110	85	35	None	None	testing
2	xy	f	19	green	Le	(80, 0)	(40, 69)	(-39, 69)	(-80, 0)	(-40, -69)	(40, -69)	circle	green	same	left	left	(40, 69)	(-39, 69)	search	nr	True	454177	455198	left	160	85	135	110	60	35	None	None	testing
2	xy	f	19	green	Le	(80, 0)	(40, 69)	(-39, 69)	(-80, 0)	(-40, -69)	(40, -69)	circle	none	dif	left	left	N_dist	(-39, 69)	search	nr	True	456374	457437	left	60	160	110	135	35	85	None	None	testing
2	xy	f	19	green	Le	(80, 0)	(40, 69)	(-39, 69)	(-80, 0)	(-40, -69)	(40, -69)	circle	green	same	left	left	(40, 69)	(-39, 69)	search	nr	True	458570	460382	left	35	110	60	160	135	10	None	None	testing
2	xy	f	19	green	Le	(80, 0)	(40, 69)	(-39, 69)	(-80, 0)	(-40, -69)	(40, -69)	diamond	green	dif	right	right	(-80, 0)	(80, 0)	search	nr	True	461654	462446	right	10	60	110	135	160	85	None	None	testing
2	xy	f	19	green	Le	(80, 0)	(40, 69)	(-39, 69)	(-80, 0)	(-40, -69)	(40, -69)	circle	none	same	left	left	N_dist	(-39, 69)	search	nr	True	463616	464814	left	35	110	135	10	85	60	None	None	testing
2	xy	f	19	green	Le	(80, 0)	(40, 69)	(-39, 69)	(-80, 0)	(-40, -69)	(40, -69)	circle	green	same	left	left	(40, 69)	(-80, 0)	search	nr	True	466063	467117	left	110	135	60	85	160	35	None	None	testing
2	xy	f	19	green	Le	(80, 0)	(40, 69)	(-39, 69)	(-80, 0)	(-40, -69)	(40, -69)	diamond	green	same	right	right	(40, 69)	(-40, -69)	search	nr	True	468378	469790	right	10	160	85	110	135	35	None	None	testing
2	xy	f	19	green	Le	(80, 0)	(40, 69)	(-39, 69)	(-80, 0)	(-40, -69)	(40, -69)	circle	none	dif	right	right	N_dist	(80, 0)	search	nr	True	470976	472126	right	160	35	135	110	10	85	None	None	testing
2	xy	f	19	green	Le	(80, 0)	(40, 69)	(-39, 69)	(-80, 0)	(-40, -69)	(40, -69)	circle	none	same	right	right	N_dist	(-39, 69)	search	nr	True	473290	474190	right	135	35	60	10	110	85	None	None	testing
2	xy	f	19	green	Le	(80, 0)	(40, 69)	(-39, 69)	(-80, 0)	(-40, -69)	(40, -69)	diamond	none	same	left	left	N_dist	(-40, -69)	search	nr	True	475402	476365	left	60	160	10	35	110	135	None	None	testing
2	xy	f	19	green	Le	(80, 0)	(40, 69)	(-39, 69)	(-80, 0)	(-40, -69)	(40, -69)	diamond	green	same	left	left	(80, 0)	(-39, 69)	search	nr	True	477430	478686	left	35	160	85	110	60	135	None	None	testing
2	xy	f	19	green	Le	(80, 0)	(40, 69)	(-39, 69)	(-80, 0)	(-40, -69)	(40, -69)	diamond	green	same	right	right	(40, 69)	(80, 0)	search	nr	True	479760	480574	right	35	160	135	85	10	60	None	None	testing
2	xy	f	19	green	Le	(80, 0)	(40, 69)	(-39, 69)	(-80, 0)	(-40, -69)	(40, -69)	circle	green	dif	right	right	(40, -69)	(80, 0)	search	nr	True	481806	482606	right	85	135	110	35	10	160	None	None	testing
2	xy	f	19	green	Le	(80, 0)	(40, 69)	(-39, 69)	(-80, 0)	(-40, -69)	(40, -69)	diamond	none	same	left	left	N_dist	(-80, 0)	search	nr	True	483751	484766	left	60	35	10	135	160	110	None	None	testing
2	xy	f	19	green	Le	(80, 0)	(40, 69)	(-39, 69)	(-80, 0)	(-40, -69)	(40, -69)	circle	green	same	right	right	(40, 69)	(-39, 69)	search	nr	True	485897	487006	left	60	10	35	135	160	85	None	None	testing
2	xy	f	19	green	Le	(80, 0)	(40, 69)	(-39, 69)	(-80, 0)	(-40, -69)	(40, -69)	diamond	none	dif	left	left	N_dist	(40, 69)	search	nr	True	489602	490590	left	135	60	35	160	110	85	None	None	testing
2	xy	f	19	green	Le	(80, 0)	(40, 69)	(-39, 69)	(-80, 0)	(-40, -69)	(40, -69)	diamond	green	same	right	right	(40, 69)	(-80, 0)	search	nr	True	491848	493117	right	35	85	160	135	60	110	None	None	testing
2	xy	f	19	green	Le	(80, 0)	(40, 69)	(-39, 69)	(-80, 0)	(-40, -69)	(40, -69)	circle	green	dif	left	left	(40, 69)	(-39, 69)	search	nr	True	494246	495454	left	160	85	60	10	110	135	None	None	testing
2	xy	f	19	green	Le	(80, 0)	(40, 69)	(-39, 69)	(-80, 0)	(-40, -69)	(40, -69)	circle	green	same	left	left	(40, 69)	(-39, 69)	search	nr	True	496643	497821	left	135	160	85	110	10	35	None	None	testing
2	xy	f	19	green	Le	(80, 0)	(40, 69)	(-39, 69)	(-80, 0)	(-40, -69)	(40, -69)	circle	green	dif	left	left	(80, 0)	(40, -69)	search	nr	True	499008	500637	left	160	135	35	60	10	85	None	None	testing
2	xy	f	19	green	Le	(80, 0)	(40, 69)	(-39, 69)	(-80, 0)	(-40, -69)	(40, -69)	diamond	green	dif	left	left	(40, 69)	(80, 0)	search	nr	True	501757	503662	left	35	110	160	60	85	135	None	None	testing
2	xy	f	19	green	Le	(80, 0)	(40, 69)	(-39, 69)	(-80, 0)	(-40, -69)	(40, -69)	diamond	green	same	left	left	(40, 69)	(40, -69)	search	nr	True	504825	505933	left	60	135	35	85	110	10	None	None	testing
2	xy	f	19	green	Le	(80, 0)	(40, 69)	(-39, 69)	(-80, 0)	(-40, -69)	(40, -69)	circle	none	same	right	right	N_dist	(40, -69)	search	nr	True	507222	509629	right	135	10	85	110	160	60	None	None	testing
2	xy	f	19	green	Le	(80, 0)	(40, 69)	(-39, 69)	(-80, 0)	(-40, -69)	(40, -69)	circle	green	dif	right	right	(40, 69)	(80, 0)	search	nr	True	510860	512158	right	135	60	110	35	10	160	None	None	testing
2	xy	f	19	green	Le	(80, 0)	(40, 69)	(-39, 69)	(-80, 0)	(-40, -69)	(40, -69)	diamond	green	dif	left	left	(-80, 0)	(80, 0)	search	nr	True	513459	514206	left	135	60	35	85	110	160	None	None	testing
2	xy	f	19	green	Le	(80, 0)	(40, 69)	(-39, 69)	(-80, 0)	(-40, -69)	(40, -69)	diamond	none	same	left	left	N_dist	(40, 69)	search	nr	True	515303	516110	left	35	160	110	60	85	10	None	None	testing
2	xy	f	19	green	Le	(80, 0)	(40, 69)	(-39, 69)	(-80, 0)	(-40, -69)	(40, -69)	diamond	green	dif	left	left	(40, 69)	(-80, 0)	search	nr	True	517264	518109	left	110	160	60	85	135	10	None	None	testing
2	xy	f	19	green	Le	(80, 0)	(40, 69)	(-39, 69)	(-80, 0)	(-40, -69)	(40, -69)	diamond	none	same	left	left	N_dist	(-40, -69)	search	nr	True	519226	520094	left	135	60	85	10	110	35	None	None	testing
2	xy	f	19	green	Le	(80, 0)	(40, 69)	(-39, 69)	(-80, 0)	(-40, -69)	(40, -69)	diamond	green	same	left	left	(40, 69)	(40, -69)	search	nr	True	521305	522685	left	35	60	85	10	110	135	None	None	testing
2	xy	f	19	green	Le	(80, 0)	(40, 69)	(-39, 69)	(-80, 0)	(-40, -69)	(40, -69)	diamond	green	same	left	left	(40, 69)	(40, -69)	search	nr	True	523803	524590	left	10	85	135	160	35	110	None	None	testing
2	xy	f	19	green	Le	(80, 0)	(40, 69)	(-39, 69)	(-80, 0)	(-40, -69)	(40, -69)	circle	green	dif	right	right	(-80, 0)	(-40, -69)	search	nr	True	525731	526813	left	10	110	35	160	135	60	None	None	testing
2	xy	f	19	green	Le	(80, 0)	(40, 69)	(-39, 69)	(-80, 0)	(-40, -69)	(40, -69)	diamond	green	dif	right	right	(-80, 0)	(80, 0)	search	nr	True	529570	530462	right	60	10	110	85	160	135	None	None	testing
2	xy	f	19	green	Le	(80, 0)	(40, 69)	(-39, 69)	(-80, 0)	(-40, -69)	(40, -69)	circle	green	dif	left	left	(40, 69)	(-80, 0)	search	nr	True	531598	532542	left	10	160	135	85	60	35	None	None	testing
2	xy	f	19	green	Le	(80, 0)	(40, 69)	(-39, 69)	(-80, 0)	(-40, -69)	(40, -69)	diamond	green	same	right	right	(40, 69)	(-40, -69)	search	nr	True	533745	534862	right	10	110	85	60	135	35	None	None	testing
2	xy	f	19	green	Le	(80, 0)	(40, 69)	(-39, 69)	(-80, 0)	(-40, -69)	(40, -69)	diamond	green	same	right	right	(40, 69)	(80, 0)	search	nr	True	536058	536973	right	10	110	35	60	135	85	None	None	testing
2	xy	f	19	green	Le	(80, 0)	(40, 69)	(-39, 69)	(-80, 0)	(-40, -69)	(40, -69)	diamond	none	same	left	left	N_dist	(-80, 0)	search	nr	True	538238	538990	left	35	60	160	110	135	85	None	None	testing
2	xy	f	19	green	Le	(80, 0)	(40, 69)	(-39, 69)	(-80, 0)	(-40, -69)	(40, -69)	diamond	none	dif	left	left	N_dist	(-40, -69)	search	nr	True	540098	540893	left	85	60	110	160	10	135	None	None	testing
2	xy	f	19	green	Le	(80, 0)	(40, 69)	(-39, 69)	(-80, 0)	(-40, -69)	(40, -69)	diamond	none	same	right	right	N_dist	(80, 0)	search	nr	True	542128	542813	right	10	35	135	160	110	85	None	None	testing
2	xy	f	19	green	Le	(80, 0)	(40, 69)	(-39, 69)	(-80, 0)	(-40, -69)	(40, -69)	diamond	green	same	left	left	(40, 69)	(-80, 0)	search	nr	True	544105	544718	left	85	35	60	110	160	135	None	None	testing
2	xy	f	19	green	Le	(80, 0)	(40, 69)	(-39, 69)	(-80, 0)	(-40, -69)	(40, -69)	circle	none	same	left	left	N_dist	(40, -69)	search	nr	True	545983	547149	left	35	110	60	160	85	135	None	None	testing
2	xy	f	19	green	Le	(80, 0)	(40, 69)	(-39, 69)	(-80, 0)	(-40, -69)	(40, -69)	circle	green	same	right	right	(-40, -69)	(-39, 69)	search	nr	True	548280	549742	right	135	35	160	10	85	110	None	None	testing
2	xy	f	19	green	Le	(80, 0)	(40, 69)	(-39, 69)	(-80, 0)	(-40, -69)	(40, -69)	circle	green	same	right	right	(40, 69)	(-40, -69)	search	nr	True	550912	552046	left	10	85	110	60	160	35	None	None	testing
2	xy	f	19	green	Le	(80, 0)	(40, 69)	(-39, 69)	(-80, 0)	(-40, -69)	(40, -69)	diamond	green	same	right	right	(40, 69)	(80, 0)	search	nr	True	554752	555981	right	10	160	85	135	110	35	None	None	testing
2	xy	f	19	green	Le	(80, 0)	(40, 69)	(-39, 69)	(-80, 0)	(-40, -69)	(40, -69)	diamond	green	same	left	left	(40, 69)	(-80, 0)	search	nr	True	557149	558078	left	160	60	110	10	135	35	None	None	testing
2	xy	f	19	green	Le	(80, 0)	(40, 69)	(-39, 69)	(-80, 0)	(-40, -69)	(40, -69)	diamond	green	dif	left	left	(-39, 69)	(40, -69)	search	nr	True	559194	560174	left	135	160	60	110	10	85	None	None	testing
2	xy	f	19	green	Le	(80, 0)	(40, 69)	(-39, 69)	(-80, 0)	(-40, -69)	(40, -69)	diamond	green	dif	right	right	(-39, 69)	(80, 0)	search	nr	True	561324	562157	right	10	85	35	110	160	60	None	None	testing
2	xy	f	19	green	Le	(80, 0)	(40, 69)	(-39, 69)	(-80, 0)	(-40, -69)	(40, -69)	diamond	none	same	left	left	N_dist	(40, 69)	search	nr	True	563218	564030	left	110	35	60	160	10	85	None	None	testing
2	xy	f	19	green	Le	(80, 0)	(40, 69)	(-39, 69)	(-80, 0)	(-40, -69)	(40, -69)	diamond	green	same	right	right	(40, 69)	(80, 0)	search	nr	True	565130	565981	right	110	10	160	85	135	60	None	None	testing
2	xy	f	19	green	Le	(80, 0)	(40, 69)	(-39, 69)	(-80, 0)	(-40, -69)	(40, -69)	diamond	green	dif	left	left	(40, 69)	(-40, -69)	search	nr	True	567141	567966	left	160	35	85	60	135	110	None	None	testing
2	xy	f	19	green	Le	(80, 0)	(40, 69)	(-39, 69)	(-80, 0)	(-40, -69)	(40, -69)	circle	green	same	left	left	(40, -69)	(80, 0)	search	nr	True	569052	570653	left	60	10	35	135	160	110	None	None	testing
2	xy	f	19	green	Le	(80, 0)	(40, 69)	(-39, 69)	(-80, 0)	(-40, -69)	(40, -69)	circle	green	same	right	right	(-80, 0)	(40, -69)	search	nr	True	571902	572990	right	10	135	85	160	110	35	None	None	testing
2	xy	f	19	green	Le	(80, 0)	(40, 69)	(-39, 69)	(-80, 0)	(-40, -69)	(40, -69)	diamond	green	dif	right	right	(40, 69)	(80, 0)	search	nr	True	574250	575485	right	135	10	160	85	60	35	None	None	testing
2	xy	f	19	green	Le	(80, 0)	(40, 69)	(-39, 69)	(-80, 0)	(-40, -69)	(40, -69)	diamond	none	same	right	right	N_dist	(40, -69)	search	nr	True	576748	577917	right	135	110	10	85	160	60	None	None	testing
2	xy	f	19	green	Le	(80, 0)	(40, 69)	(-39, 69)	(-80, 0)	(-40, -69)	(40, -69)	diamond	none	dif	right	right	N_dist	(80, 0)	search	nr	True	579010	579870	right	135	35	10	160	85	110	None	None	testing
2	xy	f	19	green	Le	(80, 0)	(40, 69)	(-39, 69)	(-80, 0)	(-40, -69)	(40, -69)	circle	green	dif	left	left	(40, 69)	(-80, 0)	search	nr	True	581140	582221	left	135	110	160	60	35	10	None	None	testing
2	xy	f	19	green	Le	(80, 0)	(40, 69)	(-39, 69)	(-80, 0)	(-40, -69)	(40, -69)	circle	none	dif	right	right	N_dist	(-80, 0)	search	nr	True	583403	584573	right	135	35	110	160	10	85	None	None	testing
2	xy	f	19	green	Le	(80, 0)	(40, 69)	(-39, 69)	(-80, 0)	(-40, -69)	(40, -69)	circle	green	dif	left	left	(80, 0)	(40, -69)	search	nr	True	585650	587966	left	135	10	60	160	110	85	None	None	testing
2	xy	f	19	green	Le	(80, 0)	(40, 69)	(-39, 69)	(-80, 0)	(-40, -69)	(40, -69)	diamond	green	same	right	right	(40, 69)	(40, -69)	search	nr	True	589103	590094	right	110	10	60	135	35	85	None	None	testing
2	xy	f	19	green	Le	(80, 0)	(40, 69)	(-39, 69)	(-80, 0)	(-40, -69)	(40, -69)	circle	green	dif	left	left	(80, 0)	(-39, 69)	search	nr	True	591333	592605	left	35	85	110	60	135	160	None	None	testing
2	xy	f	19	green	Le	(80, 0)	(40, 69)	(-39, 69)	(-80, 0)	(-40, -69)	(40, -69)	diamond	green	dif	right	right	(-40, -69)	(-80, 0)	search	nr	True	593730	595101	right	35	135	160	85	110	10	None	None	testing
2	xy	f	19	green	Le	(80, 0)	(40, 69)	(-39, 69)	(-80, 0)	(-40, -69)	(40, -69)	circle	green	dif	left	left	(40, 69)	(80, 0)	search	nr	True	596228	597405	right	85	10	110	35	60	135	None	None	testing
2	xy	f	19	green	Le	(80, 0)	(40, 69)	(-39, 69)	(-80, 0)	(-40, -69)	(40, -69)	circle	green	dif	left	left	(40, -69)	(-39, 69)	search	nr	True	600001	600813	left	85	10	60	135	110	160	None	None	testing
2	xy	f	19	green	Le	(80, 0)	(40, 69)	(-39, 69)	(-80, 0)	(-40, -69)	(40, -69)	circle	none	dif	right	right	N_dist	(40, -69)	search	nr	True	601928	602605	right	110	160	135	10	85	60	None	None	testing
2	xy	f	19	green	Le	(80, 0)	(40, 69)	(-39, 69)	(-80, 0)	(-40, -69)	(40, -69)	circle	none	dif	right	right	N_dist	(80, 0)	search	nr	True	603874	604909	right	60	160	135	85	35	10	None	None	testing
2	xy	f	19	green	Le	(80, 0)	(40, 69)	(-39, 69)	(-80, 0)	(-40, -69)	(40, -69)	diamond	green	same	right	right	(40, 69)	(-40, -69)	search	nr	True	606171	607374	right	85	60	110	35	10	160	None	None	testing
2	xy	f	19	green	Le	(80, 0)	(40, 69)	(-39, 69)	(-80, 0)	(-40, -69)	(40, -69)	circle	green	same	right	right	(40, -69)	(80, 0)	search	nr	True	608451	609485	right	60	110	85	10	35	160	None	None	testing
2	xy	f	19	green	Le	(80, 0)	(40, 69)	(-39, 69)	(-80, 0)	(-40, -69)	(40, -69)	diamond	none	dif	right	right	N_dist	(-40, -69)	search	nr	True	610697	611677	right	160	135	60	85	35	10	None	None	testing
2	xy	f	19	green	Le	(80, 0)	(40, 69)	(-39, 69)	(-80, 0)	(-40, -69)	(40, -69)	circle	green	same	right	right	(40, 69)	(-39, 69)	search	nr	True	612927	614046	left	10	35	135	110	160	60	None	None	testing
2	xy	f	19	green	Le	(80, 0)	(40, 69)	(-39, 69)	(-80, 0)	(-40, -69)	(40, -69)	diamond	green	same	left	left	(40, 69)	(40, -69)	search	nr	True	616750	618334	left	85	160	110	135	35	10	None	None	testing
2	xy	f	19	green	Le	(80, 0)	(40, 69)	(-39, 69)	(-80, 0)	(-40, -69)	(40, -69)	diamond	green	same	left	left	(80, 0)	(-39, 69)	search	nr	True	619482	620605	left	85	160	60	110	35	135	None	None	testing
2	xy	f	19	green	Le	(80, 0)	(40, 69)	(-39, 69)	(-80, 0)	(-40, -69)	(40, -69)	circle	green	dif	right	right	(40, -69)	(80, 0)	search	nr	True	621728	623117	right	110	160	60	85	10	35	None	None	testing
2	xy	f	19	green	Le	(80, 0)	(40, 69)	(-39, 69)	(-80, 0)	(-40, -69)	(40, -69)	diamond	green	same	right	right	(40, 69)	(80, 0)	search	nr	True	624361	625613	right	60	35	85	135	110	160	None	None	testing
2	xy	f	19	green	Le	(80, 0)	(40, 69)	(-39, 69)	(-80, 0)	(-40, -69)	(40, -69)	diamond	green	dif	right	right	(-39, 69)	(80, 0)	search	nr	True	626759	627469	right	35	110	10	85	160	60	None	None	testing
2	xy	f	19	green	Le	(80, 0)	(40, 69)	(-39, 69)	(-80, 0)	(-40, -69)	(40, -69)	circle	green	dif	left	left	(80, 0)	(-39, 69)	search	nr	True	628719	629853	left	10	110	35	160	135	85	None	None	testing
2	xy	f	19	green	Le	(80, 0)	(40, 69)	(-39, 69)	(-80, 0)	(-40, -69)	(40, -69)	diamond	green	dif	right	right	(40, 69)	(-40, -69)	search	nr	True	631050	632174	right	135	160	60	85	110	10	None	None	testing
2	xy	f	19	green	Le	(80, 0)	(40, 69)	(-39, 69)	(-80, 0)	(-40, -69)	(40, -69)	circle	green	same	right	right	(40, 69)	(40, -69)	search	nr	True	633481	634941	right	10	60	160	85	135	110	None	None	testing
2	xy	f	19	green	Le	(80, 0)	(40, 69)	(-39, 69)	(-80, 0)	(-40, -69)	(40, -69)	diamond	none	dif	right	right	N_dist	(40, 69)	search	nr	True	636130	637373	right	135	35	110	85	10	60	None	None	testing
2	xy	f	19	green	Le	(80, 0)	(40, 69)	(-39, 69)	(-80, 0)	(-40, -69)	(40, -69)	diamond	green	same	right	right	(40, 69)	(-40, -69)	search	nr	True	638461	639453	right	85	110	10	35	135	160	None	None	testing
2	xy	f	19	green	Le	(80, 0)	(40, 69)	(-39, 69)	(-80, 0)	(-40, -69)	(40, -69)	circle	none	same	right	right	N_dist	(-39, 69)	search	nr	True	640674	641758	right	60	135	160	85	10	35	None	None	testing
2	xy	f	19	green	Le	(80, 0)	(40, 69)	(-39, 69)	(-80, 0)	(-40, -69)	(40, -69)	circle	green	dif	right	right	(40, 69)	(80, 0)	search	nr	True	643004	644094	right	35	135	60	110	160	10	None	None	testing
2	xy	f	19	green	Le	(80, 0)	(40, 69)	(-39, 69)	(-80, 0)	(-40, -69)	(40, -69)	diamond	none	same	left	left	N_dist	(40, 69)	search	nr	True	645167	646061	left	135	85	10	35	60	160	None	None	testing
2	xy	f	19	green	Le	(80, 0)	(40, 69)	(-39, 69)	(-80, 0)	(-40, -69)	(40, -69)	diamond	none	same	right	right	N_dist	(-80, 0)	search	nr	True	647128	648301	right	60	110	85	10	135	160	None	None	testing
2	xy	f	19	green	Le	(80, 0)	(40, 69)	(-39, 69)	(-80, 0)	(-40, -69)	(40, -69)	diamond	none	same	left	left	N_dist	(-40, -69)	search	nr	True	649593	650637	left	10	60	110	135	35	160	None	None	testing
2	xy	f	19	green	Le	(80, 0)	(40, 69)	(-39, 69)	(-80, 0)	(-40, -69)	(40, -69)	diamond	green	same	left	left	(80, 0)	(-39, 69)	search	nr	True	651738	652701	left	10	60	85	160	135	35	None	None	testing
2	xy	f	19	green	Le	(80, 0)	(40, 69)	(-39, 69)	(-80, 0)	(-40, -69)	(40, -69)	circle	none	same	left	left	N_dist	(40, -69)	search	nr	True	653801	654973	left	110	135	10	35	160	85	None	None	testing
2	xy	f	19	green	Le	(80, 0)	(40, 69)	(-39, 69)	(-80, 0)	(-40, -69)	(40, -69)	circle	green	same	left	left	(40, -69)	(80, 0)	search	nr	True	656047	658046	left	10	160	35	60	135	110	None	None	testing
2	xy	f	19	green	Le	(80, 0)	(40, 69)	(-39, 69)	(-80, 0)	(-40, -69)	(40, -69)	diamond	green	same	right	right	(40, 69)	(-40, -69)	search	nr	True	659249	660094	right	135	10	85	160	110	35	None	None	testing
2	xy	f	19	green	Le	(80, 0)	(40, 69)	(-39, 69)	(-80, 0)	(-40, -69)	(40, -69)	circle	green	dif	right	right	(40, -69)	(80, 0)	search	nr	True	661227	662333	right	160	35	60	85	110	135	None	None	testing
2	xy	f	19	green	Le	(80, 0)	(40, 69)	(-39, 69)	(-80, 0)	(-40, -69)	(40, -69)	diamond	green	dif	left	left	(40, 69)	(-80, 0)	search	nr	True	663491	664685	left	110	60	135	10	160	85	None	None	testing
2	xy	f	19	green	Le	(80, 0)	(40, 69)	(-39, 69)	(-80, 0)	(-40, -69)	(40, -69)	circle	green	dif	left	left	(40, 69)	(40, -69)	search	nr	True	665770	666733	left	160	135	10	110	60	85	None	None	testing
2	xy	f	19	green	Le	(80, 0)	(40, 69)	(-39, 69)	(-80, 0)	(-40, -69)	(40, -69)	circle	green	dif	left	left	(40, 69)	(80, 0)	search	nr	True	668017	669261	left	10	110	160	35	85	135	None	None	testing
2	xy	f	19	green	Le	(80, 0)	(40, 69)	(-39, 69)	(-80, 0)	(-40, -69)	(40, -69)	circle	green	same	left	left	(-80, 0)	(-39, 69)	search	nr	True	670465	671789	left	160	135	60	10	110	85	None	None	testing
2	xy	f	19	green	Le	(80, 0)	(40, 69)	(-39, 69)	(-80, 0)	(-40, -69)	(40, -69)	circle	green	same	right	right	(40, 69)	(-40, -69)	search	nr	True	673013	673805	right	60	135	35	160	10	110	None	None	testing
2	xy	f	19	green	Le	(80, 0)	(40, 69)	(-39, 69)	(-80, 0)	(-40, -69)	(40, -69)	circle	green	dif	left	left	(-40, -69)	(-80, 0)	search	nr	True	674958	675805	left	85	110	160	35	60	135	None	None	testing
2	xy	f	19	green	Le	(80, 0)	(40, 69)	(-39, 69)	(-80, 0)	(-40, -69)	(40, -69)	circle	none	dif	right	right	N_dist	(-80, 0)	search	nr	True	676903	677741	right	35	85	160	135	110	10	None	None	testing
2	xy	f	19	green	Le	(80, 0)	(40, 69)	(-39, 69)	(-80, 0)	(-40, -69)	(40, -69)	diamond	green	dif	right	right	(-39, 69)	(40, -69)	search	nr	True	678948	679949	right	35	10	135	60	160	85	None	None	testing
2	xy	f	19	green	Le	(80, 0)	(40, 69)	(-39, 69)	(-80, 0)	(-40, -69)	(40, -69)	diamond	green	dif	left	left	(40, 69)	(-40, -69)	search	nr	True	681245	681949	left	110	35	160	135	85	10	None	None	testing
2	xy	f	19	green	Le	(80, 0)	(40, 69)	(-39, 69)	(-80, 0)	(-40, -69)	(40, -69)	circle	none	dif	left	left	N_dist	(-39, 69)	search	nr	True	683240	684029	left	160	110	60	10	85	135	None	None	testing
2	xy	f	19	green	Le	(80, 0)	(40, 69)	(-39, 69)	(-80, 0)	(-40, -69)	(40, -69)	circle	none	dif	left	left	N_dist	(-39, 69)	search	nr	True	685286	685981	left	85	110	10	160	35	135	None	None	testing
2	xy	f	19	green	Le	(80, 0)	(40, 69)	(-39, 69)	(-80, 0)	(-40, -69)	(40, -69)	diamond	green	dif	left	left	(-39, 69)	(40, -69)	search	nr	True	687130	687805	right	135	160	110	85	35	10	None	None	testing
2	xy	f	19	green	Le	(80, 0)	(40, 69)	(-39, 69)	(-80, 0)	(-40, -69)	(40, -69)	circle	green	dif	right	right	(40, 69)	(-80, 0)	search	nr	True	690482	691405	right	160	10	110	135	60	85	None	None	testing
2	xy	f	19	green	Le	(80, 0)	(40, 69)	(-39, 69)	(-80, 0)	(-40, -69)	(40, -69)	circle	green	same	right	right	(40, 69)	(40, -69)	search	nr	True	692477	693565	right	85	135	60	10	35	110	None	None	testing
2	xy	f	19	green	Le	(80, 0)	(40, 69)	(-39, 69)	(-80, 0)	(-40, -69)	(40, -69)	circle	green	same	left	left	(40, 69)	(-80, 0)	search	nr	True	694708	695629	left	85	60	10	35	135	110	None	None	testing
2	xy	f	19	green	Le	(80, 0)	(40, 69)	(-39, 69)	(-80, 0)	(-40, -69)	(40, -69)	diamond	none	dif	left	left	N_dist	(-80, 0)	search	nr	True	696786	697565	left	10	60	35	85	110	160	None	None	testing
2	xy	f	19	green	Le	(80, 0)	(40, 69)	(-39, 69)	(-80, 0)	(-40, -69)	(40, -69)	diamond	green	same	left	left	(40, 69)	(80, 0)	search	nr	True	698848	699933	left	85	160	135	35	110	60	None	None	testing
2	xy	f	19	green	Le	(80, 0)	(40, 69)	(-39, 69)	(-80, 0)	(-40, -69)	(40, -69)	circle	none	same	left	left	N_dist	(-39, 69)	search	nr	True	701095	703005	left	10	110	35	135	160	60	None	None	testing
2	xy	f	19	green	Le	(80, 0)	(40, 69)	(-39, 69)	(-80, 0)	(-40, -69)	(40, -69)	diamond	green	same	left	left	(40, 69)	(40, -69)	search	nr	True	704079	704893	left	110	35	160	10	85	60	None	None	testing
2	xy	f	19	green	Le	(80, 0)	(40, 69)	(-39, 69)	(-80, 0)	(-40, -69)	(40, -69)	diamond	green	dif	left	left	(-39, 69)	(40, -69)	search	nr	True	705957	707293	right	60	110	10	35	85	135	None	None	testing
2	xy	f	19	green	Le	(80, 0)	(40, 69)	(-39, 69)	(-80, 0)	(-40, -69)	(40, -69)	circle	green	dif	right	right	(-39, 69)	(-40, -69)	search	nr	True	710081	711213	right	110	135	60	85	10	160	None	None	testing
2	xy	f	19	green	Le	(80, 0)	(40, 69)	(-39, 69)	(-80, 0)	(-40, -69)	(40, -69)	diamond	green	dif	left	left	(40, 69)	(80, 0)	search	nr	True	712311	713869	left	110	135	85	60	35	160	None	None	testing
2	xy	f	19	green	Le	(80, 0)	(40, 69)	(-39, 69)	(-80, 0)	(-40, -69)	(40, -69)	circle	none	same	right	right	N_dist	(40, -69)	search	nr	True	715177	716094	right	135	160	10	35	60	85	None	None	testing
2	xy	f	19	green	Le	(80, 0)	(40, 69)	(-39, 69)	(-80, 0)	(-40, -69)	(40, -69)	circle	none	same	left	left	N_dist	(80, 0)	search	nr	True	717240	718109	left	160	110	85	135	60	35	None	None	testing
2	xy	f	19	green	Le	(80, 0)	(40, 69)	(-39, 69)	(-80, 0)	(-40, -69)	(40, -69)	circle	green	same	right	right	(40, 69)	(-40, -69)	search	nr	True	719252	720061	right	110	10	60	135	85	35	None	None	testing
2	xy	f	19	green	Le	(80, 0)	(40, 69)	(-39, 69)	(-80, 0)	(-40, -69)	(40, -69)	circle	green	dif	right	right	(40, -69)	(80, 0)	search	nr	True	721214	722174	right	85	10	35	160	110	135	None	None	testing
2	xy	f	19	green	Le	(80, 0)	(40, 69)	(-39, 69)	(-80, 0)	(-40, -69)	(40, -69)	diamond	none	dif	left	left	N_dist	(-80, 0)	search	nr	True	723443	725261	left	60	35	110	85	160	10	None	None	testing
2	xy	f	19	green	Le	(80, 0)	(40, 69)	(-39, 69)	(-80, 0)	(-40, -69)	(40, -69)	circle	none	dif	left	left	N_dist	(-40, -69)	search	nr	True	726344	728061	left	10	135	60	85	110	35	None	None	testing
2	xy	f	19	green	Le	(80, 0)	(40, 69)	(-39, 69)	(-80, 0)	(-40, -69)	(40, -69)	circle	green	same	left	left	(80, 0)	(-80, 0)	search	nr	True	729294	730253	left	110	60	85	10	135	160	None	None	testing
2	xy	f	19	green	Le	(80, 0)	(40, 69)	(-39, 69)	(-80, 0)	(-40, -69)	(40, -69)	diamond	green	same	right	right	(40, 69)	(80, 0)	search	nr	True	731490	732237	right	135	160	35	110	85	10	None	None	testing
2	xy	f	19	green	Le	(80, 0)	(40, 69)	(-39, 69)	(-80, 0)	(-40, -69)	(40, -69)	diamond	green	same	left	left	(40, 69)	(-40, -69)	search	nr	True	733469	734413	left	110	10	35	135	85	160	None	None	testing
2	xy	f	19	green	Le	(80, 0)	(40, 69)	(-39, 69)	(-80, 0)	(-40, -69)	(40, -69)	diamond	green	same	left	left	(-40, -69)	(80, 0)	search	nr	True	735681	737213	right	110	60	10	85	160	135	None	None	testing
2	xy	f	19	green	Le	(80, 0)	(40, 69)	(-39, 69)	(-80, 0)	(-40, -69)	(40, -69)	circle	green	dif	left	left	(80, 0)	(-39, 69)	search	nr	True	740041	741709	left	35	10	85	60	160	110	None	None	testing
2	xy	f	19	green	Le	(80, 0)	(40, 69)	(-39, 69)	(-80, 0)	(-40, -69)	(40, -69)	circle	green	same	right	right	(40, 69)	(-80, 0)	search	nr	True	742874	743805	left	85	110	35	10	60	160	None	None	testing
2	xy	f	19	green	Le	(80, 0)	(40, 69)	(-39, 69)	(-80, 0)	(-40, -69)	(40, -69)	diamond	green	dif	left	left	(40, 69)	(-80, 0)	search	nr	True	746428	747517	left	85	110	60	35	135	160	None	None	testing
2	xy	f	19	green	Le	(80, 0)	(40, 69)	(-39, 69)	(-80, 0)	(-40, -69)	(40, -69)	diamond	green	same	left	left	(40, 69)	(-80, 0)	search	nr	True	748675	749501	left	160	135	35	85	10	60	None	None	testing
2	xy	f	19	green	Le	(80, 0)	(40, 69)	(-39, 69)	(-80, 0)	(-40, -69)	(40, -69)	circle	none	dif	left	left	N_dist	(-40, -69)	search	nr	True	750569	751804	left	10	35	60	110	85	160	None	None	testing
2	xy	f	19	green	Le	(80, 0)	(40, 69)	(-39, 69)	(-80, 0)	(-40, -69)	(40, -69)	circle	none	same	right	right	N_dist	(40, -69)	search	nr	True	753034	753821	right	135	35	110	160	85	10	None	None	testing
2	xy	f	19	green	Le	(80, 0)	(40, 69)	(-39, 69)	(-80, 0)	(-40, -69)	(40, -69)	circle	green	same	right	right	(40, 69)	(-40, -69)	search	nr	True	754995	756397	right	110	160	35	85	60	135	None	None	testing
2	xy	f	19	green	Le	(80, 0)	(40, 69)	(-39, 69)	(-80, 0)	(-40, -69)	(40, -69)	diamond	green	same	left	left	(40, 69)	(-80, 0)	search	nr	True	757527	758397	left	110	10	160	85	60	135	None	None	testing
2	xy	f	19	green	Le	(80, 0)	(40, 69)	(-39, 69)	(-80, 0)	(-40, -69)	(40, -69)	circle	green	dif	left	left	(-40, -69)	(-80, 0)	search	nr	True	759706	760557	left	60	135	160	35	110	10	None	None	testing
2	xy	f	19	green	Le	(80, 0)	(40, 69)	(-39, 69)	(-80, 0)	(-40, -69)	(40, -69)	diamond	none	same	right	right	N_dist	(80, 0)	search	nr	True	761635	762316	right	60	85	135	110	35	10	None	None	testing
2	xy	f	19	green	Le	(80, 0)	(40, 69)	(-39, 69)	(-80, 0)	(-40, -69)	(40, -69)	circle	green	same	left	left	(40, 69)	(80, 0)	search	nr	True	763394	764349	left	10	135	85	35	60	110	None	None	testing
2	xy	f	19	green	Le	(80, 0)	(40, 69)	(-39, 69)	(-80, 0)	(-40, -69)	(40, -69)	diamond	green	dif	left	left	(40, 69)	(-39, 69)	search	nr	True	765507	766237	right	60	160	85	10	35	110	None	None	testing
2	xy	f	19	green	Le	(80, 0)	(40, 69)	(-39, 69)	(-80, 0)	(-40, -69)	(40, -69)	circle	none	dif	right	right	N_dist	(40, 69)	search	nr	True	769027	769949	right	110	10	85	35	135	160	None	None	testing
2	xy	f	19	green	Le	(80, 0)	(40, 69)	(-39, 69)	(-80, 0)	(-40, -69)	(40, -69)	circle	none	dif	right	right	N_dist	(-80, 0)	search	nr	True	771223	772109	right	10	60	110	160	135	85	None	None	testing
2	xy	f	19	green	Le	(80, 0)	(40, 69)	(-39, 69)	(-80, 0)	(-40, -69)	(40, -69)	circle	green	same	left	left	(40, 69)	(-80, 0)	search	nr	True	773202	774461	left	85	10	135	160	110	60	None	None	testing
2	xy	f	19	green	Le	(80, 0)	(40, 69)	(-39, 69)	(-80, 0)	(-40, -69)	(40, -69)	circle	none	same	left	left	N_dist	(80, 0)	search	nr	True	775515	776349	left	85	10	110	160	60	135	None	None	testing
2	xy	f	19	green	Le	(80, 0)	(40, 69)	(-39, 69)	(-80, 0)	(-40, -69)	(40, -69)	circle	green	dif	right	right	(40, 69)	(-40, -69)	search	nr	True	777410	778509	right	60	135	160	10	35	110	None	None	testing
2	xy	f	19	green	Le	(80, 0)	(40, 69)	(-39, 69)	(-80, 0)	(-40, -69)	(40, -69)	diamond	none	same	left	left	N_dist	(-40, -69)	search	nr	True	779741	780701	left	60	35	160	135	110	85	None	None	testing
2	xy	f	19	green	Le	(80, 0)	(40, 69)	(-39, 69)	(-80, 0)	(-40, -69)	(40, -69)	circle	green	dif	left	left	(-40, -69)	(-80, 0)	search	nr	True	781987	783565	left	110	135	60	85	35	160	None	None	testing
2	xy	f	19	green	Le	(80, 0)	(40, 69)	(-39, 69)	(-80, 0)	(-40, -69)	(40, -69)	diamond	none	same	left	left	N_dist	(40, 69)	search	nr	True	784871	785853	left	110	135	85	160	35	10	None	None	testing
2	xy	f	19	green	Le	(80, 0)	(40, 69)	(-39, 69)	(-80, 0)	(-40, -69)	(40, -69)	circle	none	same	left	left	N_dist	(-40, -69)	search	nr	True	787134	787965	left	85	10	60	110	35	160	None	None	testing
2	xy	f	19	green	Le	(80, 0)	(40, 69)	(-39, 69)	(-80, 0)	(-40, -69)	(40, -69)	diamond	green	dif	right	right	(40, 69)	(-40, -69)	search	nr	True	789079	789916	right	160	135	60	10	110	35	None	None	testing
2	xy	f	19	green	Le	(80, 0)	(40, 69)	(-39, 69)	(-80, 0)	(-40, -69)	(40, -69)	diamond	none	dif	left	left	N_dist	(-80, 0)	search	nr	True	790990	791757	left	135	60	35	160	85	10	None	None	testing
2	xy	f	19	green	Le	(80, 0)	(40, 69)	(-39, 69)	(-80, 0)	(-40, -69)	(40, -69)	diamond	none	dif	right	right	N_dist	(80, 0)	search	nr	True	792868	793725	right	10	60	160	85	35	110	None	None	testing
2	xy	f	19	green	Le	(80, 0)	(40, 69)	(-39, 69)	(-80, 0)	(-40, -69)	(40, -69)	circle	green	same	left	left	(40, 69)	(80, 0)	search	nr	True	794796	795613	left	10	60	135	35	110	160	None	None	testing
2	xy	f	19	green	Le	(80, 0)	(40, 69)	(-39, 69)	(-80, 0)	(-40, -69)	(40, -69)	diamond	green	same	right	right	(40, 69)	(-40, -69)	search	nr	True	796858	797725	right	135	35	60	10	110	85	None	None	testing
2	xy	f	19	green	Le	(80, 0)	(40, 69)	(-39, 69)	(-80, 0)	(-40, -69)	(40, -69)	diamond	none	dif	left	left	N_dist	(-80, 0)	search	nr	True	798970	799724	left	110	85	10	35	60	160	None	None	testing
2	xy	f	19	green	Le	(80, 0)	(40, 69)	(-39, 69)	(-80, 0)	(-40, -69)	(40, -69)	circle	green	same	left	left	(40, 69)	(-80, 0)	search	nr	True	800982	802269	left	60	135	160	110	10	85	None	None	testing
2	xy	f	19	green	Le	(80, 0)	(40, 69)	(-39, 69)	(-80, 0)	(-40, -69)	(40, -69)	diamond	none	same	right	right	N_dist	(-80, 0)	search	nr	True	803380	804093	right	10	160	110	60	35	135	None	None	testing
2	xy	f	19	green	Le	(80, 0)	(40, 69)	(-39, 69)	(-80, 0)	(-40, -69)	(40, -69)	circle	none	dif	left	left	N_dist	(-40, -69)	search	nr	True	805223	806589	left	10	135	35	160	110	60	None	None	testing
2	xy	f	19	green	Le	(80, 0)	(40, 69)	(-39, 69)	(-80, 0)	(-40, -69)	(40, -69)	diamond	green	dif	right	right	(40, 69)	(40, -69)	search	nr	True	807655	808572	right	10	85	160	110	135	35	None	None	testing
2	xy	f	19	green	Le	(80, 0)	(40, 69)	(-39, 69)	(-80, 0)	(-40, -69)	(40, -69)	circle	green	dif	right	right	(-80, 0)	(-40, -69)	search	nr	True	809667	810797	right	35	10	160	110	135	60	None	None	testing
2	xy	f	19	green	Le	(80, 0)	(40, 69)	(-39, 69)	(-80, 0)	(-40, -69)	(40, -69)	circle	green	dif	left	left	(40, -69)	(-39, 69)	search	nr	True	811997	813052	left	135	85	160	35	60	110	None	None	testing
2	xy	f	19	green	Le	(80, 0)	(40, 69)	(-39, 69)	(-80, 0)	(-40, -69)	(40, -69)	diamond	green	dif	left	left	(-40, -69)	(40, -69)	search	nr	True	814260	815324	left	160	10	60	85	110	35	None	None	testing
2	xy	f	19	green	Le	(80, 0)	(40, 69)	(-39, 69)	(-80, 0)	(-40, -69)	(40, -69)	diamond	green	same	right	right	(40, -69)	(-40, -69)	search	nr	True	816574	817373	right	35	135	110	160	85	60	None	None	testing
2	xy	f	19	green	Le	(80, 0)	(40, 69)	(-39, 69)	(-80, 0)	(-40, -69)	(40, -69)	diamond	green	same	left	left	(40, 69)	(-40, -69)	search	nr	True	818469	819325	left	135	110	35	160	10	85	None	None	testing
2	xy	f	19	green	Le	(80, 0)	(40, 69)	(-39, 69)	(-80, 0)	(-40, -69)	(40, -69)	diamond	none	same	left	left	N_dist	(-40, -69)	search	nr	True	820497	821420	left	10	60	160	110	85	135	None	None	testing
2	xy	f	19	green	Le	(80, 0)	(40, 69)	(-39, 69)	(-80, 0)	(-40, -69)	(40, -69)	diamond	green	dif	left	left	(40, 69)	(-39, 69)	search	nr	True	822525	823901	left	160	35	135	110	85	60	None	None	testing
2	xy	f	19	green	Le	(80, 0)	(40, 69)	(-39, 69)	(-80, 0)	(-40, -69)	(40, -69)	diamond	green	dif	left	left	(40, 69)	(-40, -69)	search	nr	True	824973	825885	left	135	60	10	85	110	160	None	None	testing
2	xy	f	19	green	Le	(80, 0)	(40, 69)	(-39, 69)	(-80, 0)	(-40, -69)	(40, -69)	diamond	none	dif	right	right	N_dist	(40, 69)	search	nr	True	827018	827773	right	135	110	160	10	85	60	None	None	testing
2	xy	f	19	green	Le	(80, 0)	(40, 69)	(-39, 69)	(-80, 0)	(-40, -69)	(40, -69)	circle	green	dif	right	right	(40, 69)	(-39, 69)	search	nr	True	829030	829740	left	10	160	110	60	85	135	None	None	testing
2	xy	f	19	green	Le	(80, 0)	(40, 69)	(-39, 69)	(-80, 0)	(-40, -69)	(40, -69)	circle	green	dif	right	right	(-80, 0)	(-40, -69)	search	nr	True	832484	833644	right	135	160	10	110	85	60	None	None	testing
2	xy	f	19	green	Le	(80, 0)	(40, 69)	(-39, 69)	(-80, 0)	(-40, -69)	(40, -69)	diamond	green	same	left	left	(-40, -69)	(80, 0)	search	nr	True	834865	835901	left	60	135	110	160	10	35	None	None	testing
2	xy	f	19	green	Le	(80, 0)	(40, 69)	(-39, 69)	(-80, 0)	(-40, -69)	(40, -69)	circle	green	dif	left	left	(-80, 0)	(40, -69)	search	nr	True	837027	837932	left	135	85	60	110	10	35	None	None	testing
2	xy	f	19	green	Le	(80, 0)	(40, 69)	(-39, 69)	(-80, 0)	(-40, -69)	(40, -69)	diamond	none	dif	left	left	N_dist	(40, 69)	search	nr	True	839123	839741	left	110	135	10	35	85	160	None	None	testing
2	xy	f	19	green	Le	(80, 0)	(40, 69)	(-39, 69)	(-80, 0)	(-40, -69)	(40, -69)	circle	green	dif	right	right	(40, 69)	(-39, 69)	search	nr	True	840917	842205	right	10	35	60	110	160	135	None	None	testing
2	xy	f	19	green	Le	(80, 0)	(40, 69)	(-39, 69)	(-80, 0)	(-40, -69)	(40, -69)	diamond	green	same	left	left	(40, 69)	(40, -69)	search	nr	True	843364	844365	left	10	85	135	35	60	160	None	None	testing
2	xy	f	19	green	Le	(80, 0)	(40, 69)	(-39, 69)	(-80, 0)	(-40, -69)	(40, -69)	circle	green	same	left	left	(40, 69)	(-39, 69)	search	nr	True	845611	846684	left	135	60	160	110	10	35	None	None	testing
2	xy	f	19	green	Le	(80, 0)	(40, 69)	(-39, 69)	(-80, 0)	(-40, -69)	(40, -69)	circle	green	dif	right	right	(40, 69)	(-80, 0)	search	nr	True	847824	848669	left	85	35	110	60	135	160	None	None	testing
2	xy	f	19	green	Le	(80, 0)	(40, 69)	(-39, 69)	(-80, 0)	(-40, -69)	(40, -69)	circle	green	same	right	right	(-40, -69)	(-39, 69)	search	nr	True	851479	852492	right	135	85	110	160	10	35	None	None	testing
2	xy	f	19	green	Le	(80, 0)	(40, 69)	(-39, 69)	(-80, 0)	(-40, -69)	(40, -69)	diamond	none	same	right	right	N_dist	(40, -69)	search	nr	True	853557	854604	right	135	10	160	85	60	35	None	None	testing
2	xy	f	19	green	Le	(80, 0)	(40, 69)	(-39, 69)	(-80, 0)	(-40, -69)	(40, -69)	diamond	none	same	right	right	N_dist	(-80, 0)	search	nr	True	855821	856877	right	135	160	110	60	85	35	None	None	testing
2	xy	f	19	green	Le	(80, 0)	(40, 69)	(-39, 69)	(-80, 0)	(-40, -69)	(40, -69)	diamond	none	dif	right	right	N_dist	(40, 69)	search	nr	True	858151	858829	right	85	110	135	60	10	160	None	None	testing
2	xy	f	19	green	Le	(80, 0)	(40, 69)	(-39, 69)	(-80, 0)	(-40, -69)	(40, -69)	diamond	none	dif	left	left	N_dist	(40, 69)	search	nr	True	860080	860749	left	60	85	10	160	110	35	None	None	testing
2	xy	f	19	green	Le	(80, 0)	(40, 69)	(-39, 69)	(-80, 0)	(-40, -69)	(40, -69)	diamond	none	same	right	right	N_dist	(-39, 69)	search	nr	True	861907	862621	right	85	10	35	60	110	135	None	None	testing
2	xy	f	19	green	Le	(80, 0)	(40, 69)	(-39, 69)	(-80, 0)	(-40, -69)	(40, -69)	diamond	green	dif	right	right	(-39, 69)	(80, 0)	search	nr	True	863919	864876	right	35	135	60	160	110	10	None	None	testing
2	xy	f	19	green	Le	(80, 0)	(40, 69)	(-39, 69)	(-80, 0)	(-40, -69)	(40, -69)	diamond	green	dif	right	right	(-40, -69)	(80, 0)	search	nr	True	866098	866781	right	135	160	10	60	35	85	None	None	testing
2	xy	f	19	green	Le	(80, 0)	(40, 69)	(-39, 69)	(-80, 0)	(-40, -69)	(40, -69)	diamond	green	same	right	right	(40, 69)	(-80, 0)	search	nr	True	867842	868684	right	10	135	60	35	85	160	None	None	testing
2	xy	f	19	green	Le	(80, 0)	(40, 69)	(-39, 69)	(-80, 0)	(-40, -69)	(40, -69)	circle	green	same	left	left	(-39, 69)	(40, -69)	search	nr	True	869787	870877	left	60	35	160	110	10	85	None	None	testing
2	xy	f	19	green	Le	(80, 0)	(40, 69)	(-39, 69)	(-80, 0)	(-40, -69)	(40, -69)	diamond	green	dif	left	left	(40, 69)	(80, 0)	search	nr	True	872033	873005	left	10	135	35	85	110	160	None	None	testing
2	xy	f	19	green	Le	(80, 0)	(40, 69)	(-39, 69)	(-80, 0)	(-40, -69)	(40, -69)	circle	green	same	left	left	(40, 69)	(-80, 0)	search	nr	True	874162	875213	left	60	85	160	35	135	110	None	None	testing
2	xy	f	19	green	Le	(80, 0)	(40, 69)	(-39, 69)	(-80, 0)	(-40, -69)	(40, -69)	circle	green	dif	right	right	(40, 69)	(40, -69)	search	nr	True	876475	877404	right	85	35	10	60	110	135	None	None	testing
2	xy	f	19	green	Le	(80, 0)	(40, 69)	(-39, 69)	(-80, 0)	(-40, -69)	(40, -69)	circle	none	dif	left	left	N_dist	(-39, 69)	search	nr	True	878638	879564	left	10	110	60	35	85	160	None	None	testing
2	xy	f	19	green	Le	(80, 0)	(40, 69)	(-39, 69)	(-80, 0)	(-40, -69)	(40, -69)	diamond	green	same	left	left	(40, 69)	(40, -69)	search	nr	True	880634	881628	left	10	135	110	35	160	60	None	None	testing
2	xy	f	19	green	Le	(80, 0)	(40, 69)	(-39, 69)	(-80, 0)	(-40, -69)	(40, -69)	circle	none	same	left	left	N_dist	(-39, 69)	search	nr	True	882846	883932	left	10	135	110	60	35	160	None	None	testing
2	xy	f	19	green	Le	(80, 0)	(40, 69)	(-39, 69)	(-80, 0)	(-40, -69)	(40, -69)	diamond	green	dif	right	right	(40, 69)	(80, 0)	search	nr	True	885177	885949	right	110	10	35	135	60	160	None	None	testing
2	xy	f	19	green	Le	(80, 0)	(40, 69)	(-39, 69)	(-80, 0)	(-40, -69)	(40, -69)	circle	green	dif	right	right	(40, 69)	(-80, 0)	search	nr	True	887038	888011	right	135	160	60	85	35	110	None	None	testing
2	xy	f	19	green	Le	(80, 0)	(40, 69)	(-39, 69)	(-80, 0)	(-40, -69)	(40, -69)	diamond	green	dif	right	right	(-39, 69)	(80, 0)	search	nr	True	889267	890045	right	110	85	35	135	60	160	None	None	testing
2	xy	f	19	green	Le	(80, 0)	(40, 69)	(-39, 69)	(-80, 0)	(-40, -69)	(40, -69)	diamond	green	dif	left	left	(-40, -69)	(40, -69)	search	nr	True	891330	892093	left	85	110	135	35	60	10	None	None	testing
2	xy	f	19	green	Le	(80, 0)	(40, 69)	(-39, 69)	(-80, 0)	(-40, -69)	(40, -69)	circle	green	same	right	right	(-80, 0)	(40, -69)	search	nr	True	893190	894348	right	85	160	60	35	10	110	None	None	testing
2	xy	f	19	green	Le	(80, 0)	(40, 69)	(-39, 69)	(-80, 0)	(-40, -69)	(40, -69)	diamond	none	dif	right	right	N_dist	(80, 0)	search	nr	True	895622	896316	right	60	110	10	85	160	135	None	None	testing
2	xy	f	19	green	Le	(80, 0)	(40, 69)	(-39, 69)	(-80, 0)	(-40, -69)	(40, -69)	circle	none	dif	right	right	N_dist	(-80, 0)	search	nr	True	897583	898604	right	35	10	135	85	110	60	None	None	testing
2	xy	f	19	green	Le	(80, 0)	(40, 69)	(-39, 69)	(-80, 0)	(-40, -69)	(40, -69)	diamond	green	same	left	left	(-40, -69)	(80, 0)	search	nr	True	899695	900493	left	60	110	10	160	35	135	None	None	testing
2	xy	f	19	green	Le	(80, 0)	(40, 69)	(-39, 69)	(-80, 0)	(-40, -69)	(40, -69)	diamond	green	dif	left	left	(40, 69)	(-40, -69)	search	nr	True	901724	902573	left	10	160	60	135	85	110	None	None	testing
2	xy	f	19	green	Le	(80, 0)	(40, 69)	(-39, 69)	(-80, 0)	(-40, -69)	(40, -69)	circle	none	dif	left	left	N_dist	(40, -69)	search	nr	True	903719	904732	left	10	135	35	60	85	110	None	None	testing
2	xy	f	19	green	Le	(80, 0)	(40, 69)	(-39, 69)	(-80, 0)	(-40, -69)	(40, -69)	circle	green	same	left	left	(40, 69)	(-39, 69)	search	nr	True	905982	906812	left	160	60	110	135	85	35	None	None	testing
2	xy	f	19	green	Le	(80, 0)	(40, 69)	(-39, 69)	(-80, 0)	(-40, -69)	(40, -69)	circle	none	dif	left	left	N_dist	(40, -69)	search	nr	True	907893	908669	left	160	35	135	85	110	60	None	None	testing
2	xy	f	19	green	Le	(80, 0)	(40, 69)	(-39, 69)	(-80, 0)	(-40, -69)	(40, -69)	circle	none	dif	right	right	N_dist	(-80, 0)	search	nr	True	909755	910732	right	60	160	10	110	135	85	None	None	testing
2	xy	f	19	green	Le	(80, 0)	(40, 69)	(-39, 69)	(-80, 0)	(-40, -69)	(40, -69)	circle	none	same	right	right	N_dist	(80, 0)	search	nr	True	911951	912844	right	10	135	35	85	110	60	None	None	testing
2	xy	f	19	green	Le	(80, 0)	(40, 69)	(-39, 69)	(-80, 0)	(-40, -69)	(40, -69)	diamond	green	dif	right	right	(40, 69)	(40, -69)	search	nr	True	913963	914988	right	35	10	110	60	160	85	None	None	testing
2	xy	f	19	green	Le	(80, 0)	(40, 69)	(-39, 69)	(-80, 0)	(-40, -69)	(40, -69)	diamond	none	dif	right	right	N_dist	(-40, -69)	search	nr	True	916159	917293	right	110	135	35	160	60	10	None	None	testing
2	xy	f	19	green	Le	(80, 0)	(40, 69)	(-39, 69)	(-80, 0)	(-40, -69)	(40, -69)	diamond	green	dif	right	right	(-40, -69)	(80, 0)	search	nr	True	918523	919612	right	135	160	110	85	60	10	None	None	testing
2	xy	f	19	green	Le	(80, 0)	(40, 69)	(-39, 69)	(-80, 0)	(-40, -69)	(40, -69)	diamond	green	dif	left	left	(-80, 0)	(80, 0)	search	nr	True	920719	921484	left	60	110	35	160	10	135	None	None	testing
2	xy	f	19	green	Le	(80, 0)	(40, 69)	(-39, 69)	(-80, 0)	(-40, -69)	(40, -69)	diamond	green	dif	right	right	(40, 69)	(80, 0)	search	nr	True	922764	923421	right	85	135	110	60	10	35	None	None	testing
2	xy	f	19	green	Le	(80, 0)	(40, 69)	(-39, 69)	(-80, 0)	(-40, -69)	(40, -69)	circle	green	dif	left	left	(-80, 0)	(40, -69)	search	nr	True	924608	925596	left	60	110	160	135	85	35	None	None	testing
2	xy	f	19	green	Le	(80, 0)	(40, 69)	(-39, 69)	(-80, 0)	(-40, -69)	(40, -69)	circle	green	same	left	left	(40, 69)	(-80, 0)	search	nr	True	926804	928108	left	110	160	60	35	85	10	None	None	testing
2	xy	f	19	green	Le	(80, 0)	(40, 69)	(-39, 69)	(-80, 0)	(-40, -69)	(40, -69)	diamond	none	same	left	left	N_dist	(40, 69)	search	nr	True	929302	930219	left	35	135	110	10	60	85	None	None	testing
2	xy	f	19	green	Le	(80, 0)	(40, 69)	(-39, 69)	(-80, 0)	(-40, -69)	(40, -69)	circle	none	dif	left	left	N_dist	(-39, 69)	search	nr	True	931314	932572	left	10	160	35	85	110	135	None	None	testing
2	xy	f	19	green	Le	(80, 0)	(40, 69)	(-39, 69)	(-80, 0)	(-40, -69)	(40, -69)	diamond	none	same	right	right	N_dist	(80, 0)	search	nr	True	933746	934556	right	160	35	10	135	110	85	None	None	testing
2	xy	f	19	green	Le	(80, 0)	(40, 69)	(-39, 69)	(-80, 0)	(-40, -69)	(40, -69)	circle	green	dif	right	right	(40, -69)	(80, 0)	search	nr	True	935640	937228	right	10	160	85	135	35	60	None	None	testing
2	xy	f	19	green	Le	(80, 0)	(40, 69)	(-39, 69)	(-80, 0)	(-40, -69)	(40, -69)	circle	none	same	left	left	N_dist	(-80, 0)	search	nr	True	938507	939564	left	10	35	135	110	60	85	None	None	testing
2	xy	f	19	green	Le	(80, 0)	(40, 69)	(-39, 69)	(-80, 0)	(-40, -69)	(40, -69)	circle	green	same	right	right	(40, 69)	(-40, -69)	search	nr	True	940653	941740	right	10	160	35	135	85	60	None	None	testing
2	xy	f	19	green	Le	(80, 0)	(40, 69)	(-39, 69)	(-80, 0)	(-40, -69)	(40, -69)	circle	green	same	left	left	(40, -69)	(80, 0)	search	nr	True	942899	944093	left	110	60	135	10	85	160	None	None	testing
2	xy	f	19	green	Le	(80, 0)	(40, 69)	(-39, 69)	(-80, 0)	(-40, -69)	(40, -69)	diamond	green	dif	right	right	(-39, 69)	(80, 0)	search	nr	True	945247	946284	right	110	35	60	160	10	85	None	None	testing
2	xy	f	19	green	Le	(80, 0)	(40, 69)	(-39, 69)	(-80, 0)	(-40, -69)	(40, -69)	circle	none	same	right	right	N_dist	(-39, 69)	search	nr	True	947409	948764	right	10	135	110	160	85	35	None	None	testing
2	xy	f	19	green	Le	(80, 0)	(40, 69)	(-39, 69)	(-80, 0)	(-40, -69)	(40, -69)	circle	green	same	left	left	(80, 0)	(-80, 0)	search	nr	True	949991	950988	left	135	85	110	10	160	60	None	None	testing
2	xy	f	19	green	Le	(80, 0)	(40, 69)	(-39, 69)	(-80, 0)	(-40, -69)	(40, -69)	diamond	green	dif	left	left	(-40, -69)	(40, -69)	search	nr	True	952070	953196	left	160	135	85	60	110	10	None	None	testing
2	xy	f	19	green	Le	(80, 0)	(40, 69)	(-39, 69)	(-80, 0)	(-40, -69)	(40, -69)	diamond	none	dif	left	left	N_dist	(40, 69)	search	nr	True	954384	955132	left	85	135	160	60	35	110	None	None	testing
2	xy	f	19	green	Le	(80, 0)	(40, 69)	(-39, 69)	(-80, 0)	(-40, -69)	(40, -69)	circle	none	dif	right	right	N_dist	(40, -69)	search	nr	True	956345	957293	right	85	60	160	110	135	35	None	None	testing
2	xy	f	19	green	Le	(80, 0)	(40, 69)	(-39, 69)	(-80, 0)	(-40, -69)	(40, -69)	diamond	none	dif	right	right	N_dist	(40, 69)	search	nr	True	958424	959245	right	135	160	85	35	60	110	None	None	testing
2	xy	f	19	green	Le	(80, 0)	(40, 69)	(-39, 69)	(-80, 0)	(-40, -69)	(40, -69)	circle	green	same	left	left	(80, 0)	(-80, 0)	search	nr	True	960453	961629	left	60	135	35	85	110	160	None	None	testing
2	xy	f	19	green	Le	(80, 0)	(40, 69)	(-39, 69)	(-80, 0)	(-40, -69)	(40, -69)	diamond	green	same	right	right	(40, 69)	(-39, 69)	search	nr	True	962900	964300	right	110	10	60	135	35	85	None	None	testing
2	xy	f	19	green	Le	(80, 0)	(40, 69)	(-39, 69)	(-80, 0)	(-40, -69)	(40, -69)	circle	none	same	right	right	N_dist	(40, -69)	search	nr	True	965415	966684	left	10	160	110	135	60	35	None	None	testing
2	xy	f	19	green	Le	(80, 0)	(40, 69)	(-39, 69)	(-80, 0)	(-40, -69)	(40, -69)	diamond	green	dif	left	left	(-80, 0)	(80, 0)	search	nr	True	969288	970572	left	10	110	35	135	85	160	None	None	testing
2	xy	f	19	green	Le	(80, 0)	(40, 69)	(-39, 69)	(-80, 0)	(-40, -69)	(40, -69)	circle	none	same	left	left	N_dist	(-80, 0)	search	nr	True	971753	972668	left	10	135	160	110	60	35	None	None	testing
2	xy	f	19	green	Le	(80, 0)	(40, 69)	(-39, 69)	(-80, 0)	(-40, -69)	(40, -69)	diamond	none	dif	right	right	N_dist	(80, 0)	search	nr	True	973798	974668	right	85	35	110	60	135	160	None	None	testing
2	xy	f	19	green	Le	(80, 0)	(40, 69)	(-39, 69)	(-80, 0)	(-40, -69)	(40, -69)	circle	none	dif	left	left	N_dist	(-39, 69)	search	nr	True	975860	976860	left	160	110	10	135	60	85	None	None	testing
2	xy	f	19	green	Le	(80, 0)	(40, 69)	(-39, 69)	(-80, 0)	(-40, -69)	(40, -69)	circle	green	same	left	left	(-39, 69)	(40, -69)	search	nr	True	977989	978925	left	110	135	60	85	10	160	None	None	testing
2	xy	f	19	green	Le	(80, 0)	(40, 69)	(-39, 69)	(-80, 0)	(-40, -69)	(40, -69)	diamond	green	dif	left	left	(40, 69)	(-39, 69)	search	nr	True	980068	981724	left	85	160	10	135	110	60	None	None	testing
2	xy	f	19	green	Le	(80, 0)	(40, 69)	(-39, 69)	(-80, 0)	(-40, -69)	(40, -69)	diamond	none	same	left	left	N_dist	(-80, 0)	search	nr	True	982834	983756	left	10	160	110	85	135	35	None	None	testing
2	xy	f	19	green	Le	(80, 0)	(40, 69)	(-39, 69)	(-80, 0)	(-40, -69)	(40, -69)	circle	green	same	left	left	(-80, 0)	(-39, 69)	search	nr	True	984880	986204	left	135	35	85	60	110	160	None	None	testing
2	xy	f	19	green	Le	(80, 0)	(40, 69)	(-39, 69)	(-80, 0)	(-40, -69)	(40, -69)	diamond	green	dif	right	right	(-40, -69)	(-80, 0)	search	nr	True	987310	988764	right	85	160	110	135	60	10	None	None	testing
2	xy	f	19	green	Le	(80, 0)	(40, 69)	(-39, 69)	(-80, 0)	(-40, -69)	(40, -69)	circle	none	same	right	right	N_dist	(80, 0)	search	nr	True	990060	991341	right	110	85	60	160	135	10	None	None	testing
2	xy	f	19	green	Le	(80, 0)	(40, 69)	(-39, 69)	(-80, 0)	(-40, -69)	(40, -69)	circle	green	same	right	right	(40, 69)	(40, -69)	search	nr	True	992524	993820	right	10	110	60	160	85	135	None	None	testing
2	xy	f	19	green	Le	(80, 0)	(40, 69)	(-39, 69)	(-80, 0)	(-40, -69)	(40, -69)	circle	green	same	right	right	(40, 69)	(40, -69)	search	nr	True	995123	996332	right	110	60	85	10	35	160	None	None	testing
2	xy	f	19	green	Le	(80, 0)	(40, 69)	(-39, 69)	(-80, 0)	(-40, -69)	(40, -69)	circle	green	same	right	right	(-40, -69)	(-39, 69)	search	nr	True	997436	998492	right	10	160	35	110	60	85	None	None	testing
2	xy	f	19	green	Le	(80, 0)	(40, 69)	(-39, 69)	(-80, 0)	(-40, -69)	(40, -69)	diamond	green	same	right	right	(40, 69)	(-39, 69)	search	nr	True	999649	1001068	right	35	135	60	110	85	10	None	None	testing
2	xy	f	19	green	Le	(80, 0)	(40, 69)	(-39, 69)	(-80, 0)	(-40, -69)	(40, -69)	circle	green	dif	left	left	(40, 69)	(40, -69)	search	nr	True	1002332	1003260	left	110	35	85	160	10	135	None	None	testing
2	xy	f	19	green	Le	(80, 0)	(40, 69)	(-39, 69)	(-80, 0)	(-40, -69)	(40, -69)	circle	green	dif	right	right	(40, 69)	(40, -69)	search	nr	True	1004545	1005484	right	85	35	160	110	60	135	None	None	testing
2	xy	f	19	green	Le	(80, 0)	(40, 69)	(-39, 69)	(-80, 0)	(-40, -69)	(40, -69)	diamond	green	same	left	left	(40, 69)	(-80, 0)	search	nr	True	1006640	1008012	left	10	160	85	135	60	35	None	None	testing
2	xy	f	19	green	Le	(80, 0)	(40, 69)	(-39, 69)	(-80, 0)	(-40, -69)	(40, -69)	diamond	green	dif	left	left	(40, 69)	(-39, 69)	search	nr	True	1009138	1010124	left	160	10	135	110	60	85	None	None	testing
2	xy	f	19	green	Le	(80, 0)	(40, 69)	(-39, 69)	(-80, 0)	(-40, -69)	(40, -69)	circle	green	same	right	right	(40, -69)	(80, 0)	search	nr	True	1011234	1012524	right	110	35	135	10	60	85	None	None	testing
2	xy	f	19	green	Le	(80, 0)	(40, 69)	(-39, 69)	(-80, 0)	(-40, -69)	(40, -69)	circle	green	dif	left	left	(80, 0)	(40, -69)	search	nr	True	1013800	1014956	left	85	10	60	35	110	135	None	None	testing
2	xy	f	19	green	Le	(80, 0)	(40, 69)	(-39, 69)	(-80, 0)	(-40, -69)	(40, -69)	circle	green	same	right	right	(40, 69)	(-39, 69)	search	nr	True	1016096	1017164	right	160	60	110	85	35	10	None	None	testing
2	xy	f	19	green	Le	(80, 0)	(40, 69)	(-39, 69)	(-80, 0)	(-40, -69)	(40, -69)	diamond	none	dif	left	left	N_dist	(40, 69)	search	nr	True	1018343	1019900	left	160	60	35	85	10	135	None	None	testing
2	xy	f	19	green	Le	(80, 0)	(40, 69)	(-39, 69)	(-80, 0)	(-40, -69)	(40, -69)	circle	none	same	right	right	N_dist	(-39, 69)	search	nr	True	1021109	1022188	right	85	110	35	135	60	160	None	None	testing
2	xy	f	19	green	Le	(80, 0)	(40, 69)	(-39, 69)	(-80, 0)	(-40, -69)	(40, -69)	diamond	green	dif	left	left	(40, 69)	(40, -69)	search	nr	True	1023389	1024428	left	135	60	10	160	85	35	None	None	testing
2	xy	f	19	green	Le	(80, 0)	(40, 69)	(-39, 69)	(-80, 0)	(-40, -69)	(40, -69)	diamond	green	dif	right	right	(40, 69)	(80, 0)	search	nr	True	1025535	1026461	right	35	160	135	110	10	60	None	None	testing
2	xy	f	19	green	Le	(80, 0)	(40, 69)	(-39, 69)	(-80, 0)	(-40, -69)	(40, -69)	circle	none	same	right	right	N_dist	(40, -69)	search	nr	True	1027581	1029164	right	10	160	60	135	35	110	None	None	testing
2	xy	f	19	green	Le	(80, 0)	(40, 69)	(-39, 69)	(-80, 0)	(-40, -69)	(40, -69)	circle	green	dif	left	left	(-80, 0)	(40, -69)	search	nr	True	1030397	1031276	left	85	110	135	10	35	60	None	None	testing
2	xy	f	19	green	Le	(80, 0)	(40, 69)	(-39, 69)	(-80, 0)	(-40, -69)	(40, -69)	diamond	none	dif	left	left	N_dist	(40, 69)	search	nr	True	1032493	1033260	left	10	110	60	135	35	85	None	None	testing
2	xy	f	19	green	Le	(80, 0)	(40, 69)	(-39, 69)	(-80, 0)	(-40, -69)	(40, -69)	diamond	green	dif	right	right	(40, 69)	(80, 0)	search	nr	True	1034437	1035179	right	160	35	10	135	85	60	None	None	testing
2	xy	f	19	green	Le	(80, 0)	(40, 69)	(-39, 69)	(-80, 0)	(-40, -69)	(40, -69)	circle	green	dif	right	right	(40, 69)	(-40, -69)	search	nr	True	1036432	1037308	right	110	10	85	35	135	160	None	None	testing
2	xy	f	19	green	Le	(80, 0)	(40, 69)	(-39, 69)	(-80, 0)	(-40, -69)	(40, -69)	circle	green	same	right	right	(40, 69)	(-39, 69)	search	nr	True	1038511	1039932	right	160	35	60	110	135	85	None	None	testing
2	xy	f	19	green	Le	(80, 0)	(40, 69)	(-39, 69)	(-80, 0)	(-40, -69)	(40, -69)	diamond	green	dif	left	left	(40, 69)	(-39, 69)	search	nr	True	1041094	1042347	left	110	160	85	135	10	60	None	None	testing
2	xy	f	19	green	Le	(80, 0)	(40, 69)	(-39, 69)	(-80, 0)	(-40, -69)	(40, -69)	diamond	none	same	right	right	N_dist	(80, 0)	search	nr	True	1043440	1044332	right	110	85	135	60	10	35	None	None	testing
2	xy	f	19	green	Le	(80, 0)	(40, 69)	(-39, 69)	(-80, 0)	(-40, -69)	(40, -69)	diamond	green	same	left	left	(40, 69)	(40, -69)	search	nr	True	1045620	1046428	left	135	160	85	110	35	10	None	None	testing
2	xy	f	19	green	Le	(80, 0)	(40, 69)	(-39, 69)	(-80, 0)	(-40, -69)	(40, -69)	circle	green	dif	right	right	(-39, 69)	(-40, -69)	search	nr	True	1047514	1048668	right	160	10	60	85	110	35	None	None	testing
2	xy	f	19	green	Le	(80, 0)	(40, 69)	(-39, 69)	(-80, 0)	(-40, -69)	(40, -69)	circle	green	dif	right	right	(40, 69)	(-40, -69)	search	nr	True	1049828	1050668	right	85	60	135	160	110	10	None	None	testing
2	xy	f	19	green	Le	(80, 0)	(40, 69)	(-39, 69)	(-80, 0)	(-40, -69)	(40, -69)	diamond	none	same	left	left	N_dist	(40, 69)	search	nr	True	1051823	1052683	left	135	60	160	35	85	110	None	None	testing
2	xy	f	19	green	Le	(80, 0)	(40, 69)	(-39, 69)	(-80, 0)	(-40, -69)	(40, -69)	circle	green	same	right	right	(40, 69)	(-40, -69)	search	nr	True	1053818	1054828	right	110	10	135	35	160	85	None	None	testing
2	xy	f	19	green	Le	(80, 0)	(40, 69)	(-39, 69)	(-80, 0)	(-40, -69)	(40, -69)	diamond	green	dif	left	left	(40, 69)	(-39, 69)	search	nr	True	1055897	1057068	left	110	35	85	60	135	10	None	None	testing
2	xy	f	19	green	Le	(80, 0)	(40, 69)	(-39, 69)	(-80, 0)	(-40, -69)	(40, -69)	diamond	green	dif	right	right	(40, 69)	(80, 0)	search	nr	True	1058127	1058908	right	85	10	135	60	35	110	None	None	testing
