subj	name	gender	age	dist	run	tar_locs1	tar_locs2	tar_locs3	tar_locs4	tar_locs5	tar_locs6	shape	dist	td_dif	detection	resp_key	dis_loc	tar_loc	task_type	probe_cond	gotKey	startTime	respTime	resp	o1	o2	o3	o4	o5	o6	pro_loc	ori_resp	mode
3	my	f	18	green	6	(80, 0)	(40, 69)	(-39, 69)	(-80, 0)	(-40, -69)	(40, -69)	circle	green	dif	left	left	(-39, 69)	(80, 0)	search	nr	True	22167	23144	left	110	10	35	85	160	60	None	None	testing
3	my	f	18	green	6	(80, 0)	(40, 69)	(-39, 69)	(-80, 0)	(-40, -69)	(40, -69)	diamond	green	dif	right	right	(40, -69)	(80, 0)	search	nr	True	24338	25079	right	110	35	160	85	10	135	None	None	testing
3	my	f	18	green	6	(80, 0)	(40, 69)	(-39, 69)	(-80, 0)	(-40, -69)	(40, -69)	diamond	green	same	right	right	(-40, -69)	(40, -69)	search	nr	True	26241	27496	right	35	85	10	60	160	135	None	None	testing
3	my	f	18	green	6	(80, 0)	(40, 69)	(-39, 69)	(-80, 0)	(-40, -69)	(40, -69)	diamond	none	dif	left	left	N_dist	(-80, 0)	probe	l_norm	None	None	None	None	110	85	60	35	135	160	(80, 0)	22	testing
3	my	f	18	green	6	(80, 0)	(40, 69)	(-39, 69)	(-80, 0)	(-40, -69)	(40, -69)	circle	green	dif	left	left	(-39, 69)	(-40, -69)	search	nr	True	32504	33239	left	35	85	10	110	135	160	None	None	testing
3	my	f	18	green	6	(80, 0)	(40, 69)	(-39, 69)	(-80, 0)	(-40, -69)	(40, -69)	diamond	none	same	right	right	N_dist	(-80, 0)	probe	h_norm	None	None	None	None	10	110	85	160	60	135	(-39, 69)	168	testing
3	my	f	18	green	6	(80, 0)	(40, 69)	(-39, 69)	(-80, 0)	(-40, -69)	(40, -69)	circle	none	dif	left	left	N_dist	(-80, 0)	probe	h_norm	None	None	None	None	85	110	35	135	60	10	(-39, 69)	164	testing
3	my	f	18	green	6	(80, 0)	(40, 69)	(-39, 69)	(-80, 0)	(-40, -69)	(40, -69)	diamond	green	same	right	right	(-39, 69)	(40, 69)	search	nr	True	42322	43399	right	85	160	60	35	135	110	None	None	testing
3	my	f	18	green	6	(80, 0)	(40, 69)	(-39, 69)	(-80, 0)	(-40, -69)	(40, -69)	circle	green	dif	left	left	(-39, 69)	(-80, 0)	probe	h_sin	None	None	None	None	60	160	110	85	135	35	(-39, 69)	2	testing
3	my	f	18	green	6	(80, 0)	(40, 69)	(-39, 69)	(-80, 0)	(-40, -69)	(40, -69)	circle	green	dif	right	right	(-39, 69)	(40, -69)	probe	norm	None	None	None	None	10	35	85	160	110	135	(-40, -69)	174	testing
3	my	f	18	green	6	(80, 0)	(40, 69)	(-39, 69)	(-80, 0)	(-40, -69)	(40, -69)	circle	green	same	left	left	(-39, 69)	(80, 0)	search	nr	True	52190	52936	left	110	10	60	35	85	160	None	None	testing
3	my	f	18	green	6	(80, 0)	(40, 69)	(-39, 69)	(-80, 0)	(-40, -69)	(40, -69)	circle	green	same	left	left	(-39, 69)	(80, 0)	probe	tar	None	None	None	None	35	110	10	85	60	160	(80, 0)	157	testing
3	my	f	18	green	6	(80, 0)	(40, 69)	(-39, 69)	(-80, 0)	(-40, -69)	(40, -69)	circle	green	dif	left	left	(-39, 69)	(-80, 0)	probe	h_sin	None	None	None	None	35	160	85	10	110	60	(-39, 69)	9	testing
3	my	f	18	green	6	(80, 0)	(40, 69)	(-39, 69)	(-80, 0)	(-40, -69)	(40, -69)	circle	none	same	left	left	N_dist	(40, 69)	search	nr	True	61341	61976	left	10	85	110	135	35	160	None	None	testing
3	my	f	18	green	6	(80, 0)	(40, 69)	(-39, 69)	(-80, 0)	(-40, -69)	(40, -69)	circle	green	dif	left	left	(-39, 69)	(-80, 0)	search	nr	True	63211	63960	left	10	60	160	85	135	110	None	None	testing
3	my	f	18	green	6	(80, 0)	(40, 69)	(-39, 69)	(-80, 0)	(-40, -69)	(40, -69)	diamond	green	same	right	right	(-39, 69)	(40, 69)	probe	h_sin	None	None	None	None	60	35	160	85	10	110	(-39, 69)	11	testing
3	my	f	18	green	6	(80, 0)	(40, 69)	(-39, 69)	(-80, 0)	(-40, -69)	(40, -69)	circle	green	same	left	left	(-80, 0)	(40, 69)	search	nr	True	69306	70024	left	35	160	85	110	135	10	None	None	testing
3	my	f	18	green	6	(80, 0)	(40, 69)	(-39, 69)	(-80, 0)	(-40, -69)	(40, -69)	circle	green	same	right	right	(-39, 69)	(80, 0)	search	nr	True	71108	71976	right	60	85	10	110	160	35	None	None	testing
3	my	f	18	green	6	(80, 0)	(40, 69)	(-39, 69)	(-80, 0)	(-40, -69)	(40, -69)	diamond	green	dif	left	left	(-80, 0)	(40, 69)	search	nr	True	73263	73863	left	85	60	10	35	160	135	None	None	testing
3	my	f	18	green	6	(80, 0)	(40, 69)	(-39, 69)	(-80, 0)	(-40, -69)	(40, -69)	circle	none	dif	left	left	N_dist	(-39, 69)	search	nr	True	75065	75960	left	160	110	85	135	35	60	None	None	testing
3	my	f	18	green	6	(80, 0)	(40, 69)	(-39, 69)	(-80, 0)	(-40, -69)	(40, -69)	diamond	none	same	left	left	N_dist	(80, 0)	search	nr	True	77170	77815	left	110	60	85	35	135	10	None	None	testing
3	my	f	18	green	6	(80, 0)	(40, 69)	(-39, 69)	(-80, 0)	(-40, -69)	(40, -69)	diamond	none	same	left	left	N_dist	(-39, 69)	search	nr	True	78956	79752	left	85	35	160	60	135	110	None	None	testing
3	my	f	18	green	6	(80, 0)	(40, 69)	(-39, 69)	(-80, 0)	(-40, -69)	(40, -69)	circle	green	same	left	left	(-40, -69)	(80, 0)	search	nr	True	80910	81943	left	110	160	10	60	35	85	None	None	testing
3	my	f	18	green	6	(80, 0)	(40, 69)	(-39, 69)	(-80, 0)	(-40, -69)	(40, -69)	circle	none	same	left	left	N_dist	(40, -69)	probe	h_norm	None	None	None	None	110	35	160	135	60	10	(-39, 69)	32	testing
3	my	f	18	green	6	(80, 0)	(40, 69)	(-39, 69)	(-80, 0)	(-40, -69)	(40, -69)	diamond	green	same	left	left	(80, 0)	(40, -69)	search	nr	True	87488	88535	left	135	110	60	160	10	85	None	None	testing
3	my	f	18	green	6	(80, 0)	(40, 69)	(-39, 69)	(-80, 0)	(-40, -69)	(40, -69)	diamond	green	dif	right	right	(-39, 69)	(80, 0)	search	nr	True	89643	90376	right	60	35	110	135	10	160	None	None	testing
3	my	f	18	green	6	(80, 0)	(40, 69)	(-39, 69)	(-80, 0)	(-40, -69)	(40, -69)	diamond	green	same	right	right	(-40, -69)	(-80, 0)	search	nr	True	91513	92248	right	35	60	10	110	135	85	None	None	testing
3	my	f	18	green	6	(80, 0)	(40, 69)	(-39, 69)	(-80, 0)	(-40, -69)	(40, -69)	circle	green	same	right	right	(-39, 69)	(80, 0)	search	nr	True	93533	94632	right	135	10	110	60	160	35	None	None	testing
3	my	f	18	green	6	(80, 0)	(40, 69)	(-39, 69)	(-80, 0)	(-40, -69)	(40, -69)	circle	green	same	right	right	(-39, 69)	(40, -69)	search	nr	True	95771	96472	right	160	110	10	135	85	60	None	None	testing
3	my	f	18	green	6	(80, 0)	(40, 69)	(-39, 69)	(-80, 0)	(-40, -69)	(40, -69)	diamond	none	dif	left	left	N_dist	(40, -69)	probe	l_tar	None	None	None	None	60	110	10	85	135	35	(40, -69)	150	testing
3	my	f	18	green	6	(80, 0)	(40, 69)	(-39, 69)	(-80, 0)	(-40, -69)	(40, -69)	diamond	none	same	left	left	N_dist	(-40, -69)	search	nr	True	101515	102168	left	85	60	160	35	110	10	None	None	testing
3	my	f	18	green	6	(80, 0)	(40, 69)	(-39, 69)	(-80, 0)	(-40, -69)	(40, -69)	circle	none	same	right	right	N_dist	(40, -69)	search	nr	True	103451	104039	right	35	85	10	60	160	110	None	None	testing
3	my	f	18	green	6	(80, 0)	(40, 69)	(-39, 69)	(-80, 0)	(-40, -69)	(40, -69)	circle	green	dif	right	right	(-39, 69)	(40, -69)	probe	h_sin	None	None	None	None	110	135	35	10	160	60	(-39, 69)	164	testing
3	my	f	18	green	6	(80, 0)	(40, 69)	(-39, 69)	(-80, 0)	(-40, -69)	(40, -69)	circle	none	dif	right	right	N_dist	(80, 0)	search	nr	True	108995	109672	right	110	135	160	35	10	85	None	None	testing
3	my	f	18	green	6	(80, 0)	(40, 69)	(-39, 69)	(-80, 0)	(-40, -69)	(40, -69)	circle	none	dif	right	right	N_dist	(-80, 0)	probe	h_norm	None	None	None	None	35	135	60	85	160	10	(-39, 69)	165	testing
3	my	f	18	green	6	(80, 0)	(40, 69)	(-39, 69)	(-80, 0)	(-40, -69)	(40, -69)	diamond	green	same	left	left	(-39, 69)	(-80, 0)	probe	norm	None	None	None	None	135	10	35	160	110	60	(40, 69)	141	testing
3	my	f	18	green	6	(80, 0)	(40, 69)	(-39, 69)	(-80, 0)	(-40, -69)	(40, -69)	diamond	green	dif	right	right	(-39, 69)	(-80, 0)	probe	h_sin	None	None	None	None	135	10	85	35	160	60	(-39, 69)	6	testing
3	my	f	18	green	6	(80, 0)	(40, 69)	(-39, 69)	(-80, 0)	(-40, -69)	(40, -69)	diamond	green	same	right	right	(-40, -69)	(-80, 0)	search	nr	True	124023	124615	right	135	85	10	60	160	35	None	None	testing
3	my	f	18	green	6	(80, 0)	(40, 69)	(-39, 69)	(-80, 0)	(-40, -69)	(40, -69)	circle	green	same	left	left	(-39, 69)	(40, 69)	search	nr	True	125876	127064	left	110	160	35	60	85	135	None	None	testing
3	my	f	18	green	6	(80, 0)	(40, 69)	(-39, 69)	(-80, 0)	(-40, -69)	(40, -69)	diamond	green	same	left	left	(-80, 0)	(80, 0)	search	nr	True	128330	128951	left	85	60	160	135	110	35	None	None	testing
3	my	f	18	green	6	(80, 0)	(40, 69)	(-39, 69)	(-80, 0)	(-40, -69)	(40, -69)	circle	none	same	left	left	N_dist	(40, -69)	search	nr	True	130233	130936	left	10	60	85	35	110	160	None	None	testing
3	my	f	18	green	6	(80, 0)	(40, 69)	(-39, 69)	(-80, 0)	(-40, -69)	(40, -69)	diamond	green	dif	right	right	(-39, 69)	(-80, 0)	search	nr	True	132070	132775	right	110	160	35	135	10	85	None	None	testing
3	my	f	18	green	6	(80, 0)	(40, 69)	(-39, 69)	(-80, 0)	(-40, -69)	(40, -69)	diamond	green	same	right	right	(-39, 69)	(40, 69)	probe	h_sin	None	None	None	None	85	160	135	35	10	60	(-39, 69)	12	testing
3	my	f	18	green	6	(80, 0)	(40, 69)	(-39, 69)	(-80, 0)	(-40, -69)	(40, -69)	circle	green	dif	left	left	(-39, 69)	(40, -69)	search	nr	True	138015	138775	left	60	10	110	160	135	85	None	None	testing
3	my	f	18	green	6	(80, 0)	(40, 69)	(-39, 69)	(-80, 0)	(-40, -69)	(40, -69)	circle	green	same	right	right	(-39, 69)	(-80, 0)	search	nr	True	140052	141016	right	85	160	35	10	60	135	None	None	testing
3	my	f	18	green	6	(80, 0)	(40, 69)	(-39, 69)	(-80, 0)	(-40, -69)	(40, -69)	diamond	green	dif	left	left	(-39, 69)	(40, -69)	search	nr	True	142239	142951	left	135	110	10	85	35	160	None	None	testing
3	my	f	18	green	6	(80, 0)	(40, 69)	(-39, 69)	(-80, 0)	(-40, -69)	(40, -69)	diamond	green	same	right	right	(-39, 69)	(40, 69)	search	nr	True	144159	144903	right	135	160	85	10	110	60	None	None	testing
3	my	f	18	green	6	(80, 0)	(40, 69)	(-39, 69)	(-80, 0)	(-40, -69)	(40, -69)	diamond	green	dif	left	left	(80, 0)	(40, 69)	probe	l_sin	None	None	None	None	135	160	110	60	35	85	(80, 0)	14	testing
3	my	f	18	green	6	(80, 0)	(40, 69)	(-39, 69)	(-80, 0)	(-40, -69)	(40, -69)	circle	green	same	right	right	(-39, 69)	(40, -69)	search	nr	True	149586	150264	right	60	10	110	135	160	85	None	None	testing
3	my	f	18	green	6	(80, 0)	(40, 69)	(-39, 69)	(-80, 0)	(-40, -69)	(40, -69)	circle	none	dif	left	left	N_dist	(-39, 69)	probe	h_tar	None	None	None	None	110	85	135	10	35	160	(-39, 69)	12	testing
3	my	f	18	green	6	(80, 0)	(40, 69)	(-39, 69)	(-80, 0)	(-40, -69)	(40, -69)	diamond	green	dif	left	left	(-80, 0)	(-40, -69)	probe	norm	None	None	None	None	60	160	10	135	35	110	(80, 0)	170	testing
3	my	f	18	green	6	(80, 0)	(40, 69)	(-39, 69)	(-80, 0)	(-40, -69)	(40, -69)	diamond	none	dif	left	left	N_dist	(-80, 0)	search	nr	True	158553	159224	left	160	60	10	35	85	110	None	None	testing
3	my	f	18	green	6	(80, 0)	(40, 69)	(-39, 69)	(-80, 0)	(-40, -69)	(40, -69)	diamond	none	same	left	left	N_dist	(80, 0)	probe	h_norm	None	None	None	None	60	160	135	35	110	85	(-39, 69)	13	testing
3	my	f	18	green	6	(80, 0)	(40, 69)	(-39, 69)	(-80, 0)	(-40, -69)	(40, -69)	diamond	green	same	left	left	(-40, -69)	(-80, 0)	probe	l_sin	None	None	None	None	160	135	10	60	85	110	(-40, -69)	166	testing
3	my	f	18	green	6	(80, 0)	(40, 69)	(-39, 69)	(-80, 0)	(-40, -69)	(40, -69)	circle	none	dif	right	right	N_dist	(40, -69)	probe	l_norm	None	None	None	None	160	110	135	10	35	60	(80, 0)	31	testing
3	my	f	18	green	6	(80, 0)	(40, 69)	(-39, 69)	(-80, 0)	(-40, -69)	(40, -69)	diamond	green	dif	left	left	(-39, 69)	(-40, -69)	search	nr	True	171526	172184	left	135	110	85	10	60	35	None	None	testing
3	my	f	18	green	6	(80, 0)	(40, 69)	(-39, 69)	(-80, 0)	(-40, -69)	(40, -69)	diamond	green	same	right	right	(-39, 69)	(40, 69)	search	nr	True	173296	174024	right	85	110	60	160	10	135	None	None	testing
3	my	f	18	green	6	(80, 0)	(40, 69)	(-39, 69)	(-80, 0)	(-40, -69)	(40, -69)	diamond	green	same	right	right	(-39, 69)	(40, 69)	search	nr	True	175133	175831	right	160	60	110	135	85	35	None	None	testing
3	my	f	18	green	6	(80, 0)	(40, 69)	(-39, 69)	(-80, 0)	(-40, -69)	(40, -69)	circle	green	same	right	right	(-39, 69)	(80, 0)	probe	tar	None	None	None	None	85	135	60	110	160	35	(80, 0)	164	testing
3	my	f	18	green	6	(80, 0)	(40, 69)	(-39, 69)	(-80, 0)	(-40, -69)	(40, -69)	circle	green	dif	right	right	(-39, 69)	(80, 0)	probe	norm	None	None	None	None	60	135	110	160	35	85	(40, -69)	8	testing
3	my	f	18	green	6	(80, 0)	(40, 69)	(-39, 69)	(-80, 0)	(-40, -69)	(40, -69)	diamond	none	same	left	left	N_dist	(-39, 69)	probe	h_tar	None	None	None	None	10	35	85	60	110	160	(-39, 69)	3	testing
3	my	f	18	green	6	(80, 0)	(40, 69)	(-39, 69)	(-80, 0)	(-40, -69)	(40, -69)	diamond	none	dif	left	left	N_dist	(-80, 0)	search	nr	True	188324	188951	left	160	85	135	110	60	35	None	None	testing
3	my	f	18	green	6	(80, 0)	(40, 69)	(-39, 69)	(-80, 0)	(-40, -69)	(40, -69)	circle	green	dif	left	left	(-39, 69)	(-80, 0)	search	nr	True	190027	191399	left	160	110	60	85	10	35	None	None	testing
3	my	f	18	green	6	(80, 0)	(40, 69)	(-39, 69)	(-80, 0)	(-40, -69)	(40, -69)	diamond	none	same	right	right	N_dist	(-80, 0)	search	nr	True	192515	193287	right	85	110	35	135	10	60	None	None	testing
3	my	f	18	green	6	(80, 0)	(40, 69)	(-39, 69)	(-80, 0)	(-40, -69)	(40, -69)	circle	green	dif	right	right	(-39, 69)	(80, 0)	search	nr	True	194385	195144	right	10	85	135	60	160	35	None	None	testing
3	my	f	18	green	6	(80, 0)	(40, 69)	(-39, 69)	(-80, 0)	(-40, -69)	(40, -69)	circle	green	dif	left	left	(-39, 69)	(-40, -69)	search	nr	True	196205	196903	left	10	85	110	60	160	35	None	None	testing
3	my	f	18	green	6	(80, 0)	(40, 69)	(-39, 69)	(-80, 0)	(-40, -69)	(40, -69)	circle	none	same	left	left	N_dist	(-39, 69)	search	nr	True	198025	198727	left	85	10	110	160	35	135	None	None	testing
3	my	f	18	green	6	(80, 0)	(40, 69)	(-39, 69)	(-80, 0)	(-40, -69)	(40, -69)	circle	green	same	left	left	(-39, 69)	(40, -69)	probe	h_sin	None	None	None	None	10	160	85	110	60	135	(-39, 69)	9	testing
3	my	f	18	green	6	(80, 0)	(40, 69)	(-39, 69)	(-80, 0)	(-40, -69)	(40, -69)	diamond	green	same	left	left	(-39, 69)	(-80, 0)	search	nr	True	204220	205064	left	35	110	60	160	10	85	None	None	testing
3	my	f	18	green	6	(80, 0)	(40, 69)	(-39, 69)	(-80, 0)	(-40, -69)	(40, -69)	circle	green	dif	right	right	(40, 69)	(40, -69)	search	nr	True	206357	207159	right	10	135	85	110	60	35	None	None	testing
3	my	f	18	green	6	(80, 0)	(40, 69)	(-39, 69)	(-80, 0)	(-40, -69)	(40, -69)	circle	none	same	right	right	N_dist	(-80, 0)	search	nr	True	208244	209047	right	85	110	160	60	10	35	None	None	testing
3	my	f	18	green	6	(80, 0)	(40, 69)	(-39, 69)	(-80, 0)	(-40, -69)	(40, -69)	diamond	green	dif	left	left	(-39, 69)	(-40, -69)	probe	tar	None	None	None	None	60	110	10	85	160	135	(-40, -69)	27	testing
3	my	f	18	green	6	(80, 0)	(40, 69)	(-39, 69)	(-80, 0)	(-40, -69)	(40, -69)	circle	green	same	left	left	(-39, 69)	(40, 69)	search	nr	True	214606	215735	left	85	60	135	110	35	10	None	None	testing
3	my	f	18	green	6	(80, 0)	(40, 69)	(-39, 69)	(-80, 0)	(-40, -69)	(40, -69)	circle	green	same	left	left	(-39, 69)	(-40, -69)	search	nr	True	216943	217592	left	35	85	110	10	160	60	None	None	testing
3	my	f	18	green	6	(80, 0)	(40, 69)	(-39, 69)	(-80, 0)	(-40, -69)	(40, -69)	diamond	green	dif	left	left	(-39, 69)	(40, -69)	probe	h_sin	None	None	None	None	35	160	60	85	110	10	(-39, 69)	164	testing
3	my	f	18	green	6	(80, 0)	(40, 69)	(-39, 69)	(-80, 0)	(-40, -69)	(40, -69)	diamond	none	same	right	right	N_dist	(-40, -69)	probe	l_norm	None	None	None	None	60	10	35	85	110	160	(40, 69)	117	testing
3	my	f	18	green	6	(80, 0)	(40, 69)	(-39, 69)	(-80, 0)	(-40, -69)	(40, -69)	circle	none	dif	right	right	N_dist	(40, -69)	probe	l_norm	None	None	None	None	60	160	35	110	85	135	(40, 69)	26	testing
3	my	f	18	green	6	(80, 0)	(40, 69)	(-39, 69)	(-80, 0)	(-40, -69)	(40, -69)	diamond	green	dif	left	left	(-39, 69)	(-40, -69)	search	nr	True	231804	232534	left	35	110	160	10	135	85	None	None	testing
3	my	f	18	green	6	(80, 0)	(40, 69)	(-39, 69)	(-80, 0)	(-40, -69)	(40, -69)	circle	none	dif	left	left	N_dist	(-39, 69)	probe	h_tar	None	None	None	None	10	60	160	35	110	135	(-39, 69)	21	testing
3	my	f	18	green	6	(80, 0)	(40, 69)	(-39, 69)	(-80, 0)	(-40, -69)	(40, -69)	circle	green	dif	right	right	(-39, 69)	(-40, -69)	search	nr	True	237431	238135	right	35	160	60	110	85	135	None	None	testing
3	my	f	18	green	6	(80, 0)	(40, 69)	(-39, 69)	(-80, 0)	(-40, -69)	(40, -69)	diamond	none	dif	left	left	N_dist	(80, 0)	probe	l_tar	None	None	None	None	135	85	35	60	10	160	(80, 0)	26	testing
3	my	f	18	green	6	(80, 0)	(40, 69)	(-39, 69)	(-80, 0)	(-40, -69)	(40, -69)	circle	none	same	right	right	N_dist	(-39, 69)	probe	h_tar	None	None	None	None	60	135	35	10	160	85	(-39, 69)	161	testing
3	my	f	18	green	6	(80, 0)	(40, 69)	(-39, 69)	(-80, 0)	(-40, -69)	(40, -69)	diamond	green	same	right	right	(-39, 69)	(40, 69)	search	nr	True	246798	247703	right	110	10	85	60	35	135	None	None	testing
3	my	f	18	green	6	(80, 0)	(40, 69)	(-39, 69)	(-80, 0)	(-40, -69)	(40, -69)	circle	none	same	left	left	N_dist	(40, -69)	search	nr	True	248885	249607	left	35	135	60	85	110	10	None	None	testing
3	my	f	18	green	6	(80, 0)	(40, 69)	(-39, 69)	(-80, 0)	(-40, -69)	(40, -69)	diamond	none	same	right	right	N_dist	(40, 69)	probe	h_norm	None	None	None	None	110	35	135	85	160	60	(-39, 69)	12	testing
3	my	f	18	green	6	(80, 0)	(40, 69)	(-39, 69)	(-80, 0)	(-40, -69)	(40, -69)	circle	none	dif	left	left	N_dist	(40, -69)	probe	l_norm	None	None	None	None	10	35	135	85	160	110	(40, 69)	158	testing
3	my	f	18	green	6	(80, 0)	(40, 69)	(-39, 69)	(-80, 0)	(-40, -69)	(40, -69)	diamond	none	dif	left	left	N_dist	(-39, 69)	search	nr	True	258303	259111	left	160	35	10	85	110	60	None	None	testing
3	my	f	18	green	6	(80, 0)	(40, 69)	(-39, 69)	(-80, 0)	(-40, -69)	(40, -69)	circle	none	same	right	right	N_dist	(-80, 0)	probe	h_norm	None	None	None	None	60	10	110	85	135	160	(-39, 69)	8	testing
3	my	f	18	green	6	(80, 0)	(40, 69)	(-39, 69)	(-80, 0)	(-40, -69)	(40, -69)	circle	green	same	right	right	(-39, 69)	(40, 69)	probe	norm	None	None	None	None	35	135	10	110	160	85	(80, 0)	152	testing
3	my	f	18	green	6	(80, 0)	(40, 69)	(-39, 69)	(-80, 0)	(-40, -69)	(40, -69)	diamond	none	same	right	right	N_dist	(40, 69)	probe	l_norm	None	None	None	None	35	60	110	85	10	135	(-40, -69)	59	testing
3	my	f	18	green	6	(80, 0)	(40, 69)	(-39, 69)	(-80, 0)	(-40, -69)	(40, -69)	diamond	green	dif	left	left	(-39, 69)	(-40, -69)	search	nr	True	271744	272487	left	10	60	35	85	110	160	None	None	testing
3	my	f	18	green	6	(80, 0)	(40, 69)	(-39, 69)	(-80, 0)	(-40, -69)	(40, -69)	circle	green	same	left	left	(-39, 69)	(80, 0)	search	nr	True	273714	274566	left	110	160	60	85	35	135	None	None	testing
3	my	f	18	green	6	(80, 0)	(40, 69)	(-39, 69)	(-80, 0)	(-40, -69)	(40, -69)	diamond	green	same	left	left	(-39, 69)	(-80, 0)	search	nr	True	275835	276631	left	10	135	85	160	110	60	None	None	testing
3	my	f	18	green	6	(80, 0)	(40, 69)	(-39, 69)	(-80, 0)	(-40, -69)	(40, -69)	diamond	none	dif	left	left	N_dist	(-39, 69)	search	nr	True	277821	278520	left	160	85	110	135	10	35	None	None	testing
3	my	f	18	green	6	(80, 0)	(40, 69)	(-39, 69)	(-80, 0)	(-40, -69)	(40, -69)	circle	green	dif	left	left	(-39, 69)	(80, 0)	probe	norm	None	None	None	None	110	10	160	135	85	35	(-40, -69)	173	testing
3	my	f	18	green	6	(80, 0)	(40, 69)	(-39, 69)	(-80, 0)	(-40, -69)	(40, -69)	circle	none	dif	left	left	N_dist	(-80, 0)	search	nr	True	283466	284279	left	60	135	85	110	160	10	None	None	testing
3	my	f	18	green	6	(80, 0)	(40, 69)	(-39, 69)	(-80, 0)	(-40, -69)	(40, -69)	circle	green	same	left	left	(-39, 69)	(80, 0)	search	nr	True	285436	286071	left	110	160	35	60	135	85	None	None	testing
3	my	f	18	green	6	(80, 0)	(40, 69)	(-39, 69)	(-80, 0)	(-40, -69)	(40, -69)	circle	green	same	right	right	(-39, 69)	(80, 0)	search	nr	True	287289	288024	right	35	110	85	135	60	10	None	None	testing
3	my	f	18	green	6	(80, 0)	(40, 69)	(-39, 69)	(-80, 0)	(-40, -69)	(40, -69)	circle	green	dif	right	right	(40, -69)	(40, 69)	search	nr	True	289209	289896	right	85	10	160	35	110	135	None	None	testing
3	my	f	18	green	6	(80, 0)	(40, 69)	(-39, 69)	(-80, 0)	(-40, -69)	(40, -69)	diamond	green	dif	right	right	(-39, 69)	(40, 69)	search	nr	True	291147	291783	right	110	60	10	85	160	35	None	None	testing
3	my	f	18	green	6	(80, 0)	(40, 69)	(-39, 69)	(-80, 0)	(-40, -69)	(40, -69)	diamond	none	dif	left	left	N_dist	(40, -69)	search	nr	True	292933	293688	left	60	110	85	10	35	160	None	None	testing
3	my	f	18	green	6	(80, 0)	(40, 69)	(-39, 69)	(-80, 0)	(-40, -69)	(40, -69)	diamond	green	dif	left	left	(-39, 69)	(40, -69)	search	nr	True	294803	295399	left	110	85	60	135	160	35	None	None	testing
3	my	f	18	green	6	(80, 0)	(40, 69)	(-39, 69)	(-80, 0)	(-40, -69)	(40, -69)	diamond	green	same	left	left	(-40, -69)	(-80, 0)	search	nr	True	296489	297111	left	60	85	135	110	10	35	None	None	testing
3	my	f	18	green	6	(80, 0)	(40, 69)	(-39, 69)	(-80, 0)	(-40, -69)	(40, -69)	diamond	none	same	right	right	N_dist	(40, 69)	probe	h_norm	None	None	None	None	10	110	60	35	85	160	(-39, 69)	171	testing
3	my	f	18	green	6	(80, 0)	(40, 69)	(-39, 69)	(-80, 0)	(-40, -69)	(40, -69)	diamond	green	same	left	left	(40, 69)	(40, -69)	search	nr	True	302149	302855	left	60	160	10	135	35	110	None	None	testing
3	my	f	18	green	6	(80, 0)	(40, 69)	(-39, 69)	(-80, 0)	(-40, -69)	(40, -69)	circle	none	dif	left	left	N_dist	(80, 0)	search	nr	True	304137	304919	left	135	35	60	110	160	85	None	None	testing
3	my	f	18	green	6	(80, 0)	(40, 69)	(-39, 69)	(-80, 0)	(-40, -69)	(40, -69)	circle	none	same	right	right	N_dist	(-80, 0)	search	nr	True	306124	307031	right	10	110	85	35	60	135	None	None	testing
3	my	f	18	green	6	(80, 0)	(40, 69)	(-39, 69)	(-80, 0)	(-40, -69)	(40, -69)	circle	none	same	right	right	N_dist	(-39, 69)	search	nr	True	308294	308967	right	60	160	10	135	110	85	None	None	testing
3	my	f	18	green	6	(80, 0)	(40, 69)	(-39, 69)	(-80, 0)	(-40, -69)	(40, -69)	circle	green	same	right	right	(-39, 69)	(40, 69)	search	nr	True	310232	311015	right	35	110	60	85	160	10	None	None	testing
3	my	f	18	green	6	(80, 0)	(40, 69)	(-39, 69)	(-80, 0)	(-40, -69)	(40, -69)	circle	green	same	left	left	(-80, 0)	(40, 69)	search	nr	True	312185	312871	left	35	135	60	110	85	160	None	None	testing
3	my	f	18	green	6	(80, 0)	(40, 69)	(-39, 69)	(-80, 0)	(-40, -69)	(40, -69)	circle	none	same	right	right	N_dist	(80, 0)	search	nr	True	314022	314822	right	110	135	10	85	35	60	None	None	testing
3	my	f	18	green	6	(80, 0)	(40, 69)	(-39, 69)	(-80, 0)	(-40, -69)	(40, -69)	diamond	green	dif	right	right	(-39, 69)	(-40, -69)	search	nr	True	316009	316967	right	10	110	60	160	85	35	None	None	testing
3	my	f	18	green	6	(80, 0)	(40, 69)	(-39, 69)	(-80, 0)	(-40, -69)	(40, -69)	diamond	green	same	left	left	(-80, 0)	(80, 0)	probe	tar	None	None	None	None	35	135	85	10	60	110	(80, 0)	152	testing
3	my	f	18	green	6	(80, 0)	(40, 69)	(-39, 69)	(-80, 0)	(-40, -69)	(40, -69)	diamond	green	same	left	left	(-80, 0)	(80, 0)	search	nr	True	322621	323191	left	35	135	10	160	110	60	None	None	testing
3	my	f	18	green	6	(80, 0)	(40, 69)	(-39, 69)	(-80, 0)	(-40, -69)	(40, -69)	circle	green	same	left	left	(-39, 69)	(80, 0)	search	nr	True	324391	325095	left	135	160	85	60	10	35	None	None	testing
3	my	f	18	green	6	(80, 0)	(40, 69)	(-39, 69)	(-80, 0)	(-40, -69)	(40, -69)	circle	none	dif	right	right	N_dist	(80, 0)	search	nr	True	326194	326887	right	85	110	135	60	35	10	None	None	testing
3	my	f	18	green	6	(80, 0)	(40, 69)	(-39, 69)	(-80, 0)	(-40, -69)	(40, -69)	circle	none	dif	left	left	N_dist	(-39, 69)	search	nr	True	327997	328631	left	110	135	60	10	35	160	None	None	testing
3	my	f	18	green	6	(80, 0)	(40, 69)	(-39, 69)	(-80, 0)	(-40, -69)	(40, -69)	circle	green	dif	left	left	(-39, 69)	(40, -69)	search	nr	True	329900	330599	left	10	110	35	85	60	160	None	None	testing
3	my	f	18	green	6	(80, 0)	(40, 69)	(-39, 69)	(-80, 0)	(-40, -69)	(40, -69)	diamond	green	same	right	right	(40, -69)	(-40, -69)	search	nr	True	331838	332663	right	60	135	10	160	85	35	None	None	testing
3	my	f	18	green	6	(80, 0)	(40, 69)	(-39, 69)	(-80, 0)	(-40, -69)	(40, -69)	circle	none	dif	right	right	N_dist	(80, 0)	probe	h_norm	None	None	None	None	135	35	10	85	160	60	(-39, 69)	148	testing
3	my	f	18	green	6	(80, 0)	(40, 69)	(-39, 69)	(-80, 0)	(-40, -69)	(40, -69)	diamond	none	same	right	right	N_dist	(40, 69)	search	nr	True	340855	341495	right	135	35	85	110	160	10	None	None	testing
3	my	f	18	green	6	(80, 0)	(40, 69)	(-39, 69)	(-80, 0)	(-40, -69)	(40, -69)	diamond	green	same	left	left	(40, -69)	(-40, -69)	search	nr	True	342591	343415	left	110	160	135	85	10	35	None	None	testing
3	my	f	18	green	6	(80, 0)	(40, 69)	(-39, 69)	(-80, 0)	(-40, -69)	(40, -69)	diamond	green	same	left	left	(80, 0)	(40, -69)	search	nr	True	344578	345175	left	160	85	10	60	110	35	None	None	testing
3	my	f	18	green	6	(80, 0)	(40, 69)	(-39, 69)	(-80, 0)	(-40, -69)	(40, -69)	circle	none	same	left	left	N_dist	(80, 0)	search	nr	True	346281	347015	left	110	85	10	35	135	60	None	None	testing
3	my	f	18	green	6	(80, 0)	(40, 69)	(-39, 69)	(-80, 0)	(-40, -69)	(40, -69)	circle	green	same	left	left	(-40, -69)	(40, 69)	probe	norm	None	None	None	None	135	160	10	110	35	60	(40, -69)	162	testing
3	my	f	18	green	6	(80, 0)	(40, 69)	(-39, 69)	(-80, 0)	(-40, -69)	(40, -69)	circle	green	same	left	left	(-40, -69)	(40, 69)	search	nr	True	352242	352775	left	160	135	60	85	35	110	None	None	testing
3	my	f	18	green	6	(80, 0)	(40, 69)	(-39, 69)	(-80, 0)	(-40, -69)	(40, -69)	diamond	green	dif	right	right	(-39, 69)	(-80, 0)	search	nr	True	353861	354630	right	60	135	85	160	35	110	None	None	testing
3	my	f	18	green	6	(80, 0)	(40, 69)	(-39, 69)	(-80, 0)	(-40, -69)	(40, -69)	diamond	green	dif	right	right	(-39, 69)	(-40, -69)	probe	tar	None	None	None	None	160	35	135	85	110	60	(-40, -69)	10	testing
3	my	f	18	green	6	(80, 0)	(40, 69)	(-39, 69)	(-80, 0)	(-40, -69)	(40, -69)	circle	green	dif	right	right	(-39, 69)	(40, -69)	search	nr	True	359288	360103	right	135	10	35	110	85	160	None	None	testing
3	my	f	18	green	6	(80, 0)	(40, 69)	(-39, 69)	(-80, 0)	(-40, -69)	(40, -69)	diamond	green	dif	right	right	(-39, 69)	(80, 0)	search	nr	True	361175	361975	right	135	110	160	10	35	85	None	None	testing
3	my	f	18	green	6	(80, 0)	(40, 69)	(-39, 69)	(-80, 0)	(-40, -69)	(40, -69)	circle	none	dif	left	left	N_dist	(-39, 69)	search	nr	True	363146	364151	left	160	60	10	85	35	110	None	None	testing
3	my	f	18	green	6	(80, 0)	(40, 69)	(-39, 69)	(-80, 0)	(-40, -69)	(40, -69)	diamond	green	dif	left	left	(-39, 69)	(40, 69)	search	nr	True	365266	365959	left	135	160	35	10	60	85	None	None	testing
3	my	f	18	green	6	(80, 0)	(40, 69)	(-39, 69)	(-80, 0)	(-40, -69)	(40, -69)	circle	green	dif	left	left	(80, 0)	(-80, 0)	probe	norm	None	None	None	None	135	85	160	35	110	60	(40, -69)	162	testing
3	my	f	18	green	6	(80, 0)	(40, 69)	(-39, 69)	(-80, 0)	(-40, -69)	(40, -69)	circle	green	same	left	left	(-40, -69)	(80, 0)	probe	tar	None	None	None	None	110	10	160	60	35	135	(80, 0)	17	testing
3	my	f	18	green	6	(80, 0)	(40, 69)	(-39, 69)	(-80, 0)	(-40, -69)	(40, -69)	circle	green	dif	right	right	(40, 69)	(40, -69)	probe	l_sin	None	None	None	None	60	85	110	35	160	135	(40, 69)	163	testing
3	my	f	18	green	6	(80, 0)	(40, 69)	(-39, 69)	(-80, 0)	(-40, -69)	(40, -69)	diamond	none	dif	right	right	N_dist	(-40, -69)	probe	l_norm	None	None	None	None	160	110	35	60	85	135	(-80, 0)	7	testing
3	my	f	18	green	6	(80, 0)	(40, 69)	(-39, 69)	(-80, 0)	(-40, -69)	(40, -69)	circle	green	same	left	left	(-39, 69)	(40, 69)	search	nr	True	382163	382775	left	10	135	60	85	160	110	None	None	testing
3	my	f	18	green	6	(80, 0)	(40, 69)	(-39, 69)	(-80, 0)	(-40, -69)	(40, -69)	circle	green	same	right	right	(-39, 69)	(-80, 0)	search	nr	True	383883	384583	right	10	85	35	135	110	60	None	None	testing
3	my	f	18	green	6	(80, 0)	(40, 69)	(-39, 69)	(-80, 0)	(-40, -69)	(40, -69)	circle	green	dif	right	right	(-39, 69)	(80, 0)	search	nr	True	385870	386727	right	10	160	35	135	60	110	None	None	testing
3	my	f	18	green	6	(80, 0)	(40, 69)	(-39, 69)	(-80, 0)	(-40, -69)	(40, -69)	diamond	green	same	left	left	(-39, 69)	(-80, 0)	search	nr	True	387857	389431	left	85	35	160	60	110	10	None	None	testing
3	my	f	18	green	6	(80, 0)	(40, 69)	(-39, 69)	(-80, 0)	(-40, -69)	(40, -69)	circle	green	same	right	right	(80, 0)	(40, -69)	probe	norm	None	None	None	None	85	35	60	135	160	110	(-80, 0)	3	testing
3	my	f	18	green	6	(80, 0)	(40, 69)	(-39, 69)	(-80, 0)	(-40, -69)	(40, -69)	circle	green	same	left	left	(-39, 69)	(40, 69)	probe	h_sin	None	None	None	None	135	10	160	110	60	35	(-39, 69)	11	testing
3	my	f	18	green	6	(80, 0)	(40, 69)	(-39, 69)	(-80, 0)	(-40, -69)	(40, -69)	diamond	green	dif	left	left	(-39, 69)	(-40, -69)	search	nr	True	399378	400183	left	85	35	135	160	10	110	None	None	testing
3	my	f	18	green	6	(80, 0)	(40, 69)	(-39, 69)	(-80, 0)	(-40, -69)	(40, -69)	diamond	green	dif	right	right	(40, 69)	(40, -69)	probe	tar	None	None	None	None	85	110	60	160	135	10	(40, -69)	69	testing
3	my	f	18	green	6	(80, 0)	(40, 69)	(-39, 69)	(-80, 0)	(-40, -69)	(40, -69)	circle	green	dif	right	right	(40, 69)	(40, -69)	search	nr	True	407009	407703	right	110	160	60	85	135	35	None	None	testing
3	my	f	18	green	6	(80, 0)	(40, 69)	(-39, 69)	(-80, 0)	(-40, -69)	(40, -69)	circle	green	dif	right	right	(-39, 69)	(40, -69)	search	nr	True	408879	409495	right	35	110	160	85	135	10	None	None	testing
3	my	f	18	green	6	(80, 0)	(40, 69)	(-39, 69)	(-80, 0)	(-40, -69)	(40, -69)	circle	green	same	left	left	(-39, 69)	(-40, -69)	probe	tar	None	None	None	None	10	35	110	160	85	135	(-40, -69)	163	testing
3	my	f	18	green	6	(80, 0)	(40, 69)	(-39, 69)	(-80, 0)	(-40, -69)	(40, -69)	diamond	green	same	left	left	(-39, 69)	(40, -69)	search	nr	True	414139	414839	left	60	110	135	85	35	160	None	None	testing
3	my	f	18	green	6	(80, 0)	(40, 69)	(-39, 69)	(-80, 0)	(-40, -69)	(40, -69)	diamond	green	dif	left	left	(-80, 0)	(40, 69)	probe	l_sin	None	None	None	None	135	60	35	85	10	160	(-80, 0)	173	testing
3	my	f	18	green	6	(80, 0)	(40, 69)	(-39, 69)	(-80, 0)	(-40, -69)	(40, -69)	diamond	none	same	right	right	N_dist	(40, 69)	search	nr	True	419749	420391	right	110	35	60	135	160	85	None	None	testing
3	my	f	18	green	6	(80, 0)	(40, 69)	(-39, 69)	(-80, 0)	(-40, -69)	(40, -69)	circle	none	same	right	right	N_dist	(-40, -69)	search	nr	True	421536	422279	right	160	110	60	10	35	135	None	None	testing
3	my	f	18	green	6	(80, 0)	(40, 69)	(-39, 69)	(-80, 0)	(-40, -69)	(40, -69)	circle	green	dif	left	left	(80, 0)	(-80, 0)	search	nr	True	423389	424167	left	35	60	110	10	160	135	None	None	testing
3	my	f	18	green	6	(80, 0)	(40, 69)	(-39, 69)	(-80, 0)	(-40, -69)	(40, -69)	diamond	green	dif	right	right	(-39, 69)	(80, 0)	probe	h_sin	None	None	None	None	160	110	10	35	85	135	(-39, 69)	52	testing
3	my	f	18	green	6	(80, 0)	(40, 69)	(-39, 69)	(-80, 0)	(-40, -69)	(40, -69)	diamond	green	dif	right	right	(40, 69)	(40, -69)	search	nr	True	430219	431015	right	110	60	35	10	160	85	None	None	testing
3	my	f	18	green	6	(80, 0)	(40, 69)	(-39, 69)	(-80, 0)	(-40, -69)	(40, -69)	diamond	green	same	right	right	(-40, -69)	(-80, 0)	search	nr	True	432238	432919	right	160	10	110	85	35	60	None	None	testing
3	my	f	18	green	6	(80, 0)	(40, 69)	(-39, 69)	(-80, 0)	(-40, -69)	(40, -69)	diamond	green	dif	right	right	(40, -69)	(80, 0)	search	nr	True	434009	434566	right	110	10	135	60	35	160	None	None	testing
3	my	f	18	green	6	(80, 0)	(40, 69)	(-39, 69)	(-80, 0)	(-40, -69)	(40, -69)	circle	none	same	right	right	N_dist	(80, 0)	search	nr	True	435846	436519	right	85	135	160	10	35	60	None	None	testing
3	my	f	18	green	6	(80, 0)	(40, 69)	(-39, 69)	(-80, 0)	(-40, -69)	(40, -69)	diamond	green	dif	left	left	(-39, 69)	(-40, -69)	search	nr	True	437716	438455	left	60	160	10	135	35	85	None	None	testing
3	my	f	18	green	6	(80, 0)	(40, 69)	(-39, 69)	(-80, 0)	(-40, -69)	(40, -69)	circle	green	dif	left	left	(-39, 69)	(40, -69)	search	nr	True	439586	440199	left	110	160	135	35	85	60	None	None	testing
3	my	f	18	green	6	(80, 0)	(40, 69)	(-39, 69)	(-80, 0)	(-40, -69)	(40, -69)	diamond	green	dif	left	left	(-39, 69)	(40, 69)	search	nr	True	441289	441815	left	60	85	35	110	160	135	None	None	testing
3	my	f	18	green	6	(80, 0)	(40, 69)	(-39, 69)	(-80, 0)	(-40, -69)	(40, -69)	diamond	none	dif	left	left	N_dist	(-80, 0)	search	nr	True	443092	443910	left	110	60	35	160	10	85	None	None	testing
3	my	f	18	green	6	(80, 0)	(40, 69)	(-39, 69)	(-80, 0)	(-40, -69)	(40, -69)	diamond	none	same	left	left	N_dist	(40, 69)	search	nr	True	445029	445671	left	60	85	135	110	35	10	None	None	testing
3	my	f	18	green	6	(80, 0)	(40, 69)	(-39, 69)	(-80, 0)	(-40, -69)	(40, -69)	diamond	none	same	left	left	N_dist	(80, 0)	search	nr	True	446899	447430	left	135	110	85	10	60	160	None	None	testing
3	my	f	18	green	6	(80, 0)	(40, 69)	(-39, 69)	(-80, 0)	(-40, -69)	(40, -69)	diamond	green	same	right	right	(-40, -69)	(-80, 0)	search	nr	True	448735	449463	right	110	35	85	10	135	60	None	None	testing
3	my	f	18	green	6	(80, 0)	(40, 69)	(-39, 69)	(-80, 0)	(-40, -69)	(40, -69)	circle	green	same	left	left	(-39, 69)	(80, 0)	search	nr	True	450572	451271	left	160	60	135	10	35	85	None	None	testing
3	my	f	18	green	6	(80, 0)	(40, 69)	(-39, 69)	(-80, 0)	(-40, -69)	(40, -69)	diamond	none	same	right	right	N_dist	(40, 69)	search	nr	True	452442	453095	right	135	60	110	85	10	35	None	None	testing
3	my	f	18	green	6	(80, 0)	(40, 69)	(-39, 69)	(-80, 0)	(-40, -69)	(40, -69)	circle	green	same	right	right	(-39, 69)	(40, -69)	search	nr	True	454397	455431	right	35	10	110	135	60	160	None	None	testing
3	my	f	18	green	6	(80, 0)	(40, 69)	(-39, 69)	(-80, 0)	(-40, -69)	(40, -69)	diamond	green	same	left	left	(80, 0)	(40, -69)	probe	l_sin	None	None	None	None	60	10	135	35	85	160	(80, 0)	161	testing
3	my	f	18	green	6	(80, 0)	(40, 69)	(-39, 69)	(-80, 0)	(-40, -69)	(40, -69)	circle	green	dif	left	left	(-39, 69)	(80, 0)	search	nr	True	460774	461366	left	10	35	110	60	135	85	None	None	testing
3	my	f	18	green	6	(80, 0)	(40, 69)	(-39, 69)	(-80, 0)	(-40, -69)	(40, -69)	circle	green	same	right	right	(-39, 69)	(40, 69)	search	nr	True	462628	463543	right	110	60	35	10	160	85	None	None	testing
3	my	f	18	green	6	(80, 0)	(40, 69)	(-39, 69)	(-80, 0)	(-40, -69)	(40, -69)	circle	none	same	left	left	N_dist	(80, 0)	search	nr	True	464782	465383	left	10	85	110	60	35	135	None	None	testing
3	my	f	18	green	6	(80, 0)	(40, 69)	(-39, 69)	(-80, 0)	(-40, -69)	(40, -69)	circle	none	same	left	left	N_dist	(-40, -69)	search	nr	True	466585	467495	left	110	60	85	135	35	10	None	None	testing
3	my	f	18	green	6	(80, 0)	(40, 69)	(-39, 69)	(-80, 0)	(-40, -69)	(40, -69)	diamond	none	dif	right	right	N_dist	(-40, -69)	search	nr	True	468556	469271	right	85	60	135	110	160	10	None	None	testing
3	my	f	18	green	6	(80, 0)	(40, 69)	(-39, 69)	(-80, 0)	(-40, -69)	(40, -69)	diamond	green	same	left	left	(40, 69)	(40, -69)	search	nr	True	470576	471175	left	135	10	60	85	35	160	None	None	testing
3	my	f	18	green	6	(80, 0)	(40, 69)	(-39, 69)	(-80, 0)	(-40, -69)	(40, -69)	circle	green	dif	left	left	(-39, 69)	(-40, -69)	search	nr	True	472463	473287	left	110	135	60	35	160	85	None	None	testing
3	my	f	18	green	6	(80, 0)	(40, 69)	(-39, 69)	(-80, 0)	(-40, -69)	(40, -69)	diamond	green	dif	right	right	(-39, 69)	(40, 69)	search	nr	True	474383	475207	right	110	135	160	35	10	85	None	None	testing
3	my	f	18	green	6	(80, 0)	(40, 69)	(-39, 69)	(-80, 0)	(-40, -69)	(40, -69)	circle	green	same	left	left	(-39, 69)	(80, 0)	search	nr	True	476420	477110	left	160	35	10	60	85	110	None	None	testing
3	my	f	18	green	6	(80, 0)	(40, 69)	(-39, 69)	(-80, 0)	(-40, -69)	(40, -69)	diamond	green	same	left	left	(40, -69)	(-40, -69)	search	nr	True	478190	479190	left	10	135	35	60	110	85	None	None	testing
3	my	f	18	green	6	(80, 0)	(40, 69)	(-39, 69)	(-80, 0)	(-40, -69)	(40, -69)	diamond	green	same	right	right	(-40, -69)	(40, -69)	search	nr	True	480294	481223	right	160	85	135	35	110	10	None	None	testing
3	my	f	18	green	6	(80, 0)	(40, 69)	(-39, 69)	(-80, 0)	(-40, -69)	(40, -69)	diamond	green	dif	right	right	(40, -69)	(80, 0)	search	nr	True	482298	483158	right	35	110	135	10	85	60	None	None	testing
3	my	f	18	green	6	(80, 0)	(40, 69)	(-39, 69)	(-80, 0)	(-40, -69)	(40, -69)	circle	green	dif	right	right	(40, 69)	(40, -69)	search	nr	True	484334	485286	right	10	135	35	85	160	110	None	None	testing
3	my	f	18	green	6	(80, 0)	(40, 69)	(-39, 69)	(-80, 0)	(-40, -69)	(40, -69)	circle	green	dif	left	left	(-39, 69)	(-80, 0)	search	nr	True	486439	487287	left	60	110	85	10	160	135	None	None	testing
3	my	f	18	green	6	(80, 0)	(40, 69)	(-39, 69)	(-80, 0)	(-40, -69)	(40, -69)	circle	green	same	left	left	(-39, 69)	(40, 69)	probe	tar	None	None	None	None	60	85	160	135	10	35	(40, 69)	167	testing
3	my	f	18	green	6	(80, 0)	(40, 69)	(-39, 69)	(-80, 0)	(-40, -69)	(40, -69)	circle	none	same	right	right	N_dist	(80, 0)	probe	h_norm	None	None	None	None	85	110	35	10	135	160	(-39, 69)	163	testing
3	my	f	18	green	6	(80, 0)	(40, 69)	(-39, 69)	(-80, 0)	(-40, -69)	(40, -69)	diamond	green	same	left	left	(-39, 69)	(-80, 0)	search	nr	True	495655	496391	left	110	35	160	60	135	10	None	None	testing
3	my	f	18	green	6	(80, 0)	(40, 69)	(-39, 69)	(-80, 0)	(-40, -69)	(40, -69)	diamond	green	same	left	left	(-39, 69)	(-80, 0)	search	nr	True	497608	498406	left	110	60	135	85	35	10	None	None	testing
3	my	f	18	green	6	(80, 0)	(40, 69)	(-39, 69)	(-80, 0)	(-40, -69)	(40, -69)	circle	green	dif	left	left	(-39, 69)	(-40, -69)	probe	norm	None	None	None	None	60	160	85	135	35	10	(80, 0)	169	testing
3	my	f	18	green	6	(80, 0)	(40, 69)	(-39, 69)	(-80, 0)	(-40, -69)	(40, -69)	circle	green	dif	left	left	(-39, 69)	(80, 0)	probe	tar	None	None	None	None	110	160	60	135	85	10	(80, 0)	7	testing
3	my	f	18	green	6	(80, 0)	(40, 69)	(-39, 69)	(-80, 0)	(-40, -69)	(40, -69)	circle	green	dif	right	right	(-39, 69)	(80, 0)	search	nr	True	507878	508919	right	135	35	60	110	160	85	None	None	testing
3	my	f	18	green	6	(80, 0)	(40, 69)	(-39, 69)	(-80, 0)	(-40, -69)	(40, -69)	diamond	green	same	right	right	(-80, 0)	(80, 0)	search	nr	True	510149	511046	right	35	10	110	135	85	160	None	None	testing
3	my	f	18	green	6	(80, 0)	(40, 69)	(-39, 69)	(-80, 0)	(-40, -69)	(40, -69)	diamond	none	dif	right	right	N_dist	(80, 0)	probe	h_norm	None	None	None	None	160	60	135	110	35	10	(-39, 69)	23	testing
3	my	f	18	green	6	(80, 0)	(40, 69)	(-39, 69)	(-80, 0)	(-40, -69)	(40, -69)	diamond	none	same	left	left	N_dist	(-40, -69)	search	nr	True	516227	516967	left	160	110	60	35	85	135	None	None	testing
3	my	f	18	green	6	(80, 0)	(40, 69)	(-39, 69)	(-80, 0)	(-40, -69)	(40, -69)	circle	none	same	left	left	N_dist	(40, 69)	search	nr	True	518064	518742	left	110	85	135	160	60	10	None	None	testing
3	my	f	18	green	6	(80, 0)	(40, 69)	(-39, 69)	(-80, 0)	(-40, -69)	(40, -69)	circle	none	dif	left	left	N_dist	(-80, 0)	search	nr	True	519934	520759	left	35	10	85	160	60	135	None	None	testing
3	my	f	18	green	6	(80, 0)	(40, 69)	(-39, 69)	(-80, 0)	(-40, -69)	(40, -69)	circle	none	dif	right	right	N_dist	(40, -69)	search	nr	True	521887	522566	right	60	160	10	85	35	135	None	None	testing
3	my	f	18	green	6	(80, 0)	(40, 69)	(-39, 69)	(-80, 0)	(-40, -69)	(40, -69)	diamond	green	dif	left	left	(-80, 0)	(-40, -69)	search	nr	True	523807	524566	left	110	35	135	60	10	160	None	None	testing
3	my	f	18	green	6	(80, 0)	(40, 69)	(-39, 69)	(-80, 0)	(-40, -69)	(40, -69)	diamond	none	dif	right	right	N_dist	(-40, -69)	probe	h_norm	None	None	None	None	85	135	10	35	160	110	(-39, 69)	133	testing
3	my	f	18	green	6	(80, 0)	(40, 69)	(-39, 69)	(-80, 0)	(-40, -69)	(40, -69)	circle	green	dif	right	right	(-39, 69)	(80, 0)	probe	norm	None	None	None	None	110	160	35	10	135	85	(-80, 0)	73	testing
3	my	f	18	green	6	(80, 0)	(40, 69)	(-39, 69)	(-80, 0)	(-40, -69)	(40, -69)	diamond	green	dif	right	right	(-39, 69)	(-80, 0)	probe	tar	None	None	None	None	110	35	10	160	60	85	(-80, 0)	33	testing
3	my	f	18	green	6	(80, 0)	(40, 69)	(-39, 69)	(-80, 0)	(-40, -69)	(40, -69)	circle	green	dif	right	right	(80, 0)	(40, -69)	probe	l_sin	None	None	None	None	160	35	110	10	85	135	(80, 0)	39	testing
3	my	f	18	green	6	(80, 0)	(40, 69)	(-39, 69)	(-80, 0)	(-40, -69)	(40, -69)	diamond	none	dif	right	right	N_dist	(40, 69)	probe	l_norm	None	None	None	None	60	85	35	160	135	110	(40, -69)	16	testing
3	my	f	18	green	6	(80, 0)	(40, 69)	(-39, 69)	(-80, 0)	(-40, -69)	(40, -69)	diamond	green	dif	left	left	(80, 0)	(40, 69)	search	nr	True	549404	550054	left	60	160	110	35	85	10	None	None	testing
3	my	f	18	green	6	(80, 0)	(40, 69)	(-39, 69)	(-80, 0)	(-40, -69)	(40, -69)	diamond	green	dif	right	right	(40, -69)	(80, 0)	probe	l_sin	None	None	None	None	60	135	110	160	10	35	(40, -69)	43	testing
3	my	f	18	green	6	(80, 0)	(40, 69)	(-39, 69)	(-80, 0)	(-40, -69)	(40, -69)	diamond	green	dif	left	left	(-39, 69)	(40, 69)	probe	tar	None	None	None	None	85	10	160	35	135	110	(40, 69)	127	testing
3	my	f	18	green	6	(80, 0)	(40, 69)	(-39, 69)	(-80, 0)	(-40, -69)	(40, -69)	diamond	green	dif	right	right	(-39, 69)	(-40, -69)	search	nr	True	561927	562855	right	135	60	35	85	110	160	None	None	testing
3	my	f	18	green	6	(80, 0)	(40, 69)	(-39, 69)	(-80, 0)	(-40, -69)	(40, -69)	diamond	green	dif	left	left	(-80, 0)	(40, 69)	search	nr	True	564065	564614	left	10	160	60	110	135	35	None	None	testing
3	my	f	18	green	6	(80, 0)	(40, 69)	(-39, 69)	(-80, 0)	(-40, -69)	(40, -69)	diamond	green	same	right	right	(-40, -69)	(-80, 0)	probe	l_sin	None	None	None	None	85	135	35	160	10	110	(-40, -69)	67	testing
3	my	f	18	green	6	(80, 0)	(40, 69)	(-39, 69)	(-80, 0)	(-40, -69)	(40, -69)	diamond	green	same	right	right	(40, -69)	(-40, -69)	search	nr	True	570626	571414	right	160	110	85	60	10	35	None	None	testing
3	my	f	18	green	6	(80, 0)	(40, 69)	(-39, 69)	(-80, 0)	(-40, -69)	(40, -69)	circle	green	dif	left	left	(-39, 69)	(40, -69)	probe	norm	None	None	None	None	35	85	10	110	60	135	(80, 0)	162	testing
3	my	f	18	green	6	(80, 0)	(40, 69)	(-39, 69)	(-80, 0)	(-40, -69)	(40, -69)	diamond	green	same	left	left	(-39, 69)	(40, -69)	search	nr	True	576638	577286	left	135	35	60	85	110	160	None	None	testing
3	my	f	18	green	6	(80, 0)	(40, 69)	(-39, 69)	(-80, 0)	(-40, -69)	(40, -69)	diamond	none	same	right	right	N_dist	(40, 69)	search	nr	True	578558	579223	right	10	60	135	160	85	35	None	None	testing
3	my	f	18	green	6	(80, 0)	(40, 69)	(-39, 69)	(-80, 0)	(-40, -69)	(40, -69)	diamond	none	same	left	left	N_dist	(40, 69)	probe	l_tar	None	None	None	None	160	60	85	35	10	135	(40, 69)	163	testing
3	my	f	18	green	6	(80, 0)	(40, 69)	(-39, 69)	(-80, 0)	(-40, -69)	(40, -69)	diamond	green	same	right	right	(-80, 0)	(-40, -69)	search	nr	True	583650	584423	right	10	35	60	135	110	160	None	None	testing
3	my	f	18	green	6	(80, 0)	(40, 69)	(-39, 69)	(-80, 0)	(-40, -69)	(40, -69)	diamond	none	same	left	left	N_dist	(40, 69)	search	nr	True	585554	586070	left	85	160	10	110	60	35	None	None	testing
3	my	f	18	green	6	(80, 0)	(40, 69)	(-39, 69)	(-80, 0)	(-40, -69)	(40, -69)	diamond	green	same	left	left	(-39, 69)	(-80, 0)	probe	norm	None	None	None	None	60	10	35	160	135	85	(40, 69)	159	testing
3	my	f	18	green	6	(80, 0)	(40, 69)	(-39, 69)	(-80, 0)	(-40, -69)	(40, -69)	circle	green	same	right	right	(-39, 69)	(-80, 0)	search	nr	True	591531	592599	right	135	85	10	60	110	35	None	None	testing
3	my	f	18	green	6	(80, 0)	(40, 69)	(-39, 69)	(-80, 0)	(-40, -69)	(40, -69)	circle	green	same	left	left	(-39, 69)	(40, -69)	search	nr	True	593752	594551	left	110	135	10	160	35	85	None	None	testing
3	my	f	18	green	6	(80, 0)	(40, 69)	(-39, 69)	(-80, 0)	(-40, -69)	(40, -69)	diamond	green	same	right	right	(-39, 69)	(40, 69)	search	nr	True	595773	596486	right	160	10	85	35	60	110	None	None	testing
3	my	f	18	green	6	(80, 0)	(40, 69)	(-39, 69)	(-80, 0)	(-40, -69)	(40, -69)	circle	none	same	left	left	N_dist	(-39, 69)	probe	h_tar	None	None	None	None	110	10	160	35	85	60	(-39, 69)	28	testing
3	my	f	18	green	6	(80, 0)	(40, 69)	(-39, 69)	(-80, 0)	(-40, -69)	(40, -69)	diamond	green	same	left	left	(80, 0)	(40, -69)	probe	l_sin	None	None	None	None	135	10	85	160	110	35	(80, 0)	29	testing
3	my	f	18	green	6	(80, 0)	(40, 69)	(-39, 69)	(-80, 0)	(-40, -69)	(40, -69)	diamond	green	same	left	left	(-39, 69)	(-80, 0)	search	nr	True	606191	606886	left	85	135	60	160	110	10	None	None	testing
3	my	f	18	green	6	(80, 0)	(40, 69)	(-39, 69)	(-80, 0)	(-40, -69)	(40, -69)	circle	green	same	right	right	(-39, 69)	(40, 69)	search	nr	True	607995	608998	right	110	135	160	85	60	10	None	None	testing
3	my	f	18	green	6	(80, 0)	(40, 69)	(-39, 69)	(-80, 0)	(-40, -69)	(40, -69)	circle	green	same	right	right	(-39, 69)	(-80, 0)	search	nr	True	610166	610838	right	160	60	35	10	85	135	None	None	testing
3	my	f	18	green	6	(80, 0)	(40, 69)	(-39, 69)	(-80, 0)	(-40, -69)	(40, -69)	diamond	none	dif	right	right	N_dist	(-40, -69)	search	nr	True	612002	612710	right	10	85	160	60	110	135	None	None	testing
3	my	f	18	green	6	(80, 0)	(40, 69)	(-39, 69)	(-80, 0)	(-40, -69)	(40, -69)	diamond	none	dif	left	left	N_dist	(80, 0)	search	nr	True	613923	614550	left	160	60	35	85	135	10	None	None	testing
3	my	f	18	green	6	(80, 0)	(40, 69)	(-39, 69)	(-80, 0)	(-40, -69)	(40, -69)	circle	green	dif	right	right	(80, 0)	(40, -69)	search	nr	True	615643	616519	right	60	160	135	85	10	110	None	None	testing
3	my	f	18	green	6	(80, 0)	(40, 69)	(-39, 69)	(-80, 0)	(-40, -69)	(40, -69)	diamond	green	dif	right	right	(40, -69)	(80, 0)	probe	norm	None	None	None	None	110	135	160	10	85	35	(-39, 69)	17	testing
3	my	f	18	green	6	(80, 0)	(40, 69)	(-39, 69)	(-80, 0)	(-40, -69)	(40, -69)	circle	green	dif	right	right	(40, 69)	(80, 0)	probe	l_sin	None	None	None	None	160	10	85	135	110	60	(40, 69)	137	testing
3	my	f	18	green	6	(80, 0)	(40, 69)	(-39, 69)	(-80, 0)	(-40, -69)	(40, -69)	circle	none	same	right	right	N_dist	(-40, -69)	search	nr	True	626379	627318	right	135	35	85	60	160	110	None	None	testing
3	my	f	18	green	6	(80, 0)	(40, 69)	(-39, 69)	(-80, 0)	(-40, -69)	(40, -69)	diamond	green	dif	left	left	(-39, 69)	(40, 69)	probe	h_sin	None	None	None	None	10	110	160	135	85	60	(-39, 69)	23	testing
3	my	f	18	green	6	(80, 0)	(40, 69)	(-39, 69)	(-80, 0)	(-40, -69)	(40, -69)	diamond	green	same	right	right	(-40, -69)	(-80, 0)	probe	tar	None	None	None	None	135	160	110	60	35	10	(-80, 0)	167	testing
3	my	f	18	green	6	(80, 0)	(40, 69)	(-39, 69)	(-80, 0)	(-40, -69)	(40, -69)	diamond	none	dif	right	right	N_dist	(40, 69)	search	nr	True	636514	637271	right	35	110	160	135	10	85	None	None	testing
3	my	f	18	green	6	(80, 0)	(40, 69)	(-39, 69)	(-80, 0)	(-40, -69)	(40, -69)	circle	none	dif	right	right	N_dist	(-39, 69)	probe	h_tar	None	None	None	None	35	60	85	135	110	10	(-39, 69)	172	testing
3	my	f	18	green	6	(80, 0)	(40, 69)	(-39, 69)	(-80, 0)	(-40, -69)	(40, -69)	diamond	none	same	left	left	N_dist	(-40, -69)	probe	l_norm	None	None	None	None	160	10	35	85	135	110	(80, 0)	25	testing
3	my	f	18	green	6	(80, 0)	(40, 69)	(-39, 69)	(-80, 0)	(-40, -69)	(40, -69)	circle	green	dif	left	left	(-39, 69)	(-40, -69)	search	nr	True	645848	646710	left	85	135	160	10	35	110	None	None	testing
3	my	f	18	green	6	(80, 0)	(40, 69)	(-39, 69)	(-80, 0)	(-40, -69)	(40, -69)	diamond	none	same	right	right	N_dist	(-40, -69)	search	nr	True	647868	648566	right	60	35	10	160	135	110	None	None	testing
3	my	f	18	green	6	(80, 0)	(40, 69)	(-39, 69)	(-80, 0)	(-40, -69)	(40, -69)	diamond	none	dif	right	right	N_dist	(40, 69)	search	nr	True	649755	650278	right	110	60	10	135	35	160	None	None	testing
3	my	f	18	green	6	(80, 0)	(40, 69)	(-39, 69)	(-80, 0)	(-40, -69)	(40, -69)	diamond	green	same	left	left	(40, -69)	(-40, -69)	probe	tar	None	None	None	None	10	110	160	35	60	85	(-40, -69)	166	testing
3	my	f	18	green	6	(80, 0)	(40, 69)	(-39, 69)	(-80, 0)	(-40, -69)	(40, -69)	circle	none	same	right	right	N_dist	(-40, -69)	probe	h_norm	None	None	None	None	10	110	135	160	35	85	(-39, 69)	24	testing
3	my	f	18	green	6	(80, 0)	(40, 69)	(-39, 69)	(-80, 0)	(-40, -69)	(40, -69)	circle	green	dif	left	left	(-39, 69)	(-40, -69)	search	nr	True	658287	659063	left	110	60	35	160	85	10	None	None	testing
3	my	f	18	green	6	(80, 0)	(40, 69)	(-39, 69)	(-80, 0)	(-40, -69)	(40, -69)	diamond	green	dif	left	left	(-39, 69)	(-40, -69)	probe	tar	None	None	None	None	85	35	160	135	60	110	(-40, -69)	168	testing
3	my	f	18	green	6	(80, 0)	(40, 69)	(-39, 69)	(-80, 0)	(-40, -69)	(40, -69)	diamond	green	dif	right	right	(-39, 69)	(40, -69)	probe	tar	None	None	None	None	135	110	35	85	60	160	(40, -69)	23	testing
3	my	f	18	green	6	(80, 0)	(40, 69)	(-39, 69)	(-80, 0)	(-40, -69)	(40, -69)	circle	green	dif	left	left	(-39, 69)	(-40, -69)	probe	tar	None	None	None	None	60	160	10	110	85	35	(-40, -69)	166	testing
3	my	f	18	green	6	(80, 0)	(40, 69)	(-39, 69)	(-80, 0)	(-40, -69)	(40, -69)	circle	green	same	left	left	(-39, 69)	(80, 0)	probe	norm	None	None	None	None	135	160	85	10	60	35	(40, -69)	124	testing
3	my	f	18	green	6	(80, 0)	(40, 69)	(-39, 69)	(-80, 0)	(-40, -69)	(40, -69)	diamond	green	same	right	right	(-80, 0)	(-40, -69)	search	nr	True	675135	675846	right	160	60	135	110	85	10	None	None	testing
3	my	f	18	green	6	(80, 0)	(40, 69)	(-39, 69)	(-80, 0)	(-40, -69)	(40, -69)	diamond	green	dif	right	right	(-39, 69)	(40, 69)	probe	norm	None	None	None	None	10	160	85	110	60	35	(-40, -69)	171	testing
3	my	f	18	green	6	(80, 0)	(40, 69)	(-39, 69)	(-80, 0)	(-40, -69)	(40, -69)	circle	green	same	left	left	(-39, 69)	(-40, -69)	search	nr	True	680813	681590	left	60	10	135	110	35	85	None	None	testing
3	my	f	18	green	6	(80, 0)	(40, 69)	(-39, 69)	(-80, 0)	(-40, -69)	(40, -69)	diamond	green	same	right	right	(-40, -69)	(40, -69)	probe	norm	None	None	None	None	60	35	85	135	10	160	(80, 0)	171	testing
3	my	f	18	green	6	(80, 0)	(40, 69)	(-39, 69)	(-80, 0)	(-40, -69)	(40, -69)	diamond	green	dif	left	left	(40, 69)	(-40, -69)	search	nr	True	686405	687078	left	110	160	60	135	85	10	None	None	testing
3	my	f	18	green	6	(80, 0)	(40, 69)	(-39, 69)	(-80, 0)	(-40, -69)	(40, -69)	diamond	green	dif	right	right	(-39, 69)	(40, -69)	search	nr	True	688259	689206	right	135	60	10	160	85	110	None	None	testing
3	my	f	18	green	6	(80, 0)	(40, 69)	(-39, 69)	(-80, 0)	(-40, -69)	(40, -69)	diamond	none	dif	right	right	N_dist	(-80, 0)	search	nr	True	690413	691238	right	135	85	160	110	35	60	None	None	testing
3	my	f	18	green	6	(80, 0)	(40, 69)	(-39, 69)	(-80, 0)	(-40, -69)	(40, -69)	diamond	green	same	right	right	(-80, 0)	(-40, -69)	probe	l_sin	None	None	None	None	35	160	135	10	85	110	(-80, 0)	169	testing
3	my	f	18	green	6	(80, 0)	(40, 69)	(-39, 69)	(-80, 0)	(-40, -69)	(40, -69)	diamond	green	same	right	right	(-80, 0)	(80, 0)	search	nr	True	698395	699126	right	110	35	135	60	85	10	None	None	testing
3	my	f	18	green	6	(80, 0)	(40, 69)	(-39, 69)	(-80, 0)	(-40, -69)	(40, -69)	diamond	green	same	right	right	(-39, 69)	(40, 69)	probe	norm	None	None	None	None	85	35	135	60	10	160	(-40, -69)	149	testing
3	my	f	18	green	6	(80, 0)	(40, 69)	(-39, 69)	(-80, 0)	(-40, -69)	(40, -69)	diamond	none	dif	right	right	N_dist	(80, 0)	search	nr	True	705658	706326	right	35	60	10	85	160	110	None	None	testing
3	my	f	18	green	6	(80, 0)	(40, 69)	(-39, 69)	(-80, 0)	(-40, -69)	(40, -69)	diamond	green	same	right	right	(40, -69)	(-40, -69)	search	nr	True	707461	708182	right	35	60	85	10	160	135	None	None	testing
3	my	f	18	green	6	(80, 0)	(40, 69)	(-39, 69)	(-80, 0)	(-40, -69)	(40, -69)	circle	green	same	right	right	(-39, 69)	(40, -69)	probe	h_sin	None	None	None	None	110	160	35	10	85	60	(-39, 69)	155	testing
3	my	f	18	green	6	(80, 0)	(40, 69)	(-39, 69)	(-80, 0)	(-40, -69)	(40, -69)	diamond	green	dif	left	left	(-80, 0)	(-40, -69)	search	nr	True	715192	715990	left	160	85	60	10	135	110	None	None	testing
3	my	f	18	green	6	(80, 0)	(40, 69)	(-39, 69)	(-80, 0)	(-40, -69)	(40, -69)	circle	green	same	right	right	(-39, 69)	(80, 0)	search	nr	True	717112	717958	right	160	10	110	60	35	135	None	None	testing
3	my	f	18	green	6	(80, 0)	(40, 69)	(-39, 69)	(-80, 0)	(-40, -69)	(40, -69)	diamond	none	same	left	left	N_dist	(40, -69)	search	nr	True	719183	719878	left	110	60	10	35	135	85	None	None	testing
3	my	f	18	green	6	(80, 0)	(40, 69)	(-39, 69)	(-80, 0)	(-40, -69)	(40, -69)	circle	green	same	right	right	(-39, 69)	(-80, 0)	search	nr	True	721119	721910	right	35	60	160	135	10	110	None	None	testing
3	my	f	18	green	6	(80, 0)	(40, 69)	(-39, 69)	(-80, 0)	(-40, -69)	(40, -69)	diamond	none	same	right	right	N_dist	(40, 69)	search	nr	True	722973	723590	right	60	160	10	85	110	35	None	None	testing
3	my	f	18	green	6	(80, 0)	(40, 69)	(-39, 69)	(-80, 0)	(-40, -69)	(40, -69)	circle	green	same	right	right	(-39, 69)	(-80, 0)	probe	norm	None	None	None	None	135	10	60	160	110	35	(80, 0)	18	testing
3	my	f	18	green	6	(80, 0)	(40, 69)	(-39, 69)	(-80, 0)	(-40, -69)	(40, -69)	circle	green	dif	right	right	(40, -69)	(40, 69)	probe	tar	None	None	None	None	35	60	110	160	85	135	(40, 69)	160	testing
3	my	f	18	green	6	(80, 0)	(40, 69)	(-39, 69)	(-80, 0)	(-40, -69)	(40, -69)	circle	green	dif	right	right	(-39, 69)	(-40, -69)	probe	h_sin	None	None	None	None	60	135	10	160	110	85	(-39, 69)	155	testing
3	my	f	18	green	6	(80, 0)	(40, 69)	(-39, 69)	(-80, 0)	(-40, -69)	(40, -69)	circle	green	dif	right	right	(80, 0)	(40, -69)	search	nr	True	736381	737398	right	60	110	160	35	135	10	None	None	testing
3	my	f	18	green	6	(80, 0)	(40, 69)	(-39, 69)	(-80, 0)	(-40, -69)	(40, -69)	diamond	green	dif	right	right	(-39, 69)	(40, -69)	search	nr	True	738484	739366	right	10	85	60	110	35	135	None	None	testing
3	my	f	18	green	6	(80, 0)	(40, 69)	(-39, 69)	(-80, 0)	(-40, -69)	(40, -69)	circle	green	dif	left	left	(-39, 69)	(80, 0)	search	nr	True	740488	741190	left	60	110	85	10	35	135	None	None	testing
3	my	f	18	green	6	(80, 0)	(40, 69)	(-39, 69)	(-80, 0)	(-40, -69)	(40, -69)	circle	green	dif	right	right	(-39, 69)	(-40, -69)	search	nr	True	742292	742997	right	110	135	160	10	35	85	None	None	testing
3	my	f	18	green	6	(80, 0)	(40, 69)	(-39, 69)	(-80, 0)	(-40, -69)	(40, -69)	circle	green	dif	left	left	(-39, 69)	(40, -69)	probe	norm	None	None	None	None	60	10	35	135	160	110	(-40, -69)	63	testing
3	my	f	18	green	6	(80, 0)	(40, 69)	(-39, 69)	(-80, 0)	(-40, -69)	(40, -69)	diamond	green	same	left	left	(80, 0)	(40, -69)	search	nr	True	749021	749702	left	85	35	10	160	135	110	None	None	testing
3	my	f	18	green	6	(80, 0)	(40, 69)	(-39, 69)	(-80, 0)	(-40, -69)	(40, -69)	diamond	green	dif	left	left	(-39, 69)	(40, 69)	search	nr	True	750907	751607	left	135	110	85	35	10	160	None	None	testing
3	my	f	18	green	6	(80, 0)	(40, 69)	(-39, 69)	(-80, 0)	(-40, -69)	(40, -69)	circle	none	dif	right	right	N_dist	(-39, 69)	search	nr	True	752828	753606	right	135	60	160	110	35	85	None	None	testing
3	my	f	18	green	6	(80, 0)	(40, 69)	(-39, 69)	(-80, 0)	(-40, -69)	(40, -69)	circle	none	dif	left	left	N_dist	(40, -69)	search	nr	True	754831	755670	left	160	35	85	60	135	110	None	None	testing
3	my	f	18	green	6	(80, 0)	(40, 69)	(-39, 69)	(-80, 0)	(-40, -69)	(40, -69)	circle	none	dif	left	left	N_dist	(80, 0)	probe	l_norm	None	None	None	None	60	35	160	135	85	10	(40, 69)	142	testing
3	my	f	18	green	6	(80, 0)	(40, 69)	(-39, 69)	(-80, 0)	(-40, -69)	(40, -69)	circle	green	dif	right	right	(-39, 69)	(80, 0)	search	nr	True	765868	766741	right	85	135	110	10	35	160	None	None	testing
3	my	f	18	green	6	(80, 0)	(40, 69)	(-39, 69)	(-80, 0)	(-40, -69)	(40, -69)	circle	green	same	right	right	(-39, 69)	(80, 0)	probe	h_sin	None	None	None	None	35	85	160	10	60	110	(-39, 69)	30	testing
3	my	f	18	green	6	(80, 0)	(40, 69)	(-39, 69)	(-80, 0)	(-40, -69)	(40, -69)	diamond	none	dif	right	right	N_dist	(-40, -69)	search	nr	True	771662	772534	right	85	135	35	10	110	160	None	None	testing
3	my	f	18	green	6	(80, 0)	(40, 69)	(-39, 69)	(-80, 0)	(-40, -69)	(40, -69)	circle	none	dif	right	right	N_dist	(-80, 0)	search	nr	True	773616	774278	right	10	160	35	135	85	110	None	None	testing
3	my	f	18	green	6	(80, 0)	(40, 69)	(-39, 69)	(-80, 0)	(-40, -69)	(40, -69)	circle	green	dif	right	right	(40, 69)	(40, -69)	search	nr	True	775353	775910	right	10	85	135	110	160	35	None	None	testing
3	my	f	18	green	6	(80, 0)	(40, 69)	(-39, 69)	(-80, 0)	(-40, -69)	(40, -69)	circle	none	dif	right	right	N_dist	(-80, 0)	search	nr	True	777206	777829	right	160	110	35	10	60	85	None	None	testing
3	my	f	18	green	6	(80, 0)	(40, 69)	(-39, 69)	(-80, 0)	(-40, -69)	(40, -69)	circle	green	same	right	right	(-39, 69)	(-80, 0)	probe	tar	None	None	None	None	60	85	135	110	10	160	(-80, 0)	7	testing
3	my	f	18	green	6	(80, 0)	(40, 69)	(-39, 69)	(-80, 0)	(-40, -69)	(40, -69)	circle	green	same	right	right	(-39, 69)	(40, 69)	probe	h_sin	None	None	None	None	110	85	135	35	160	60	(-39, 69)	22	testing
3	my	f	18	green	6	(80, 0)	(40, 69)	(-39, 69)	(-80, 0)	(-40, -69)	(40, -69)	diamond	none	dif	left	left	N_dist	(-80, 0)	search	nr	True	785788	786438	left	60	135	10	160	110	85	None	None	testing
3	my	f	18	green	6	(80, 0)	(40, 69)	(-39, 69)	(-80, 0)	(-40, -69)	(40, -69)	diamond	none	dif	right	right	N_dist	(-40, -69)	search	nr	True	787575	788374	right	110	85	10	35	160	135	None	None	testing
3	my	f	18	green	6	(80, 0)	(40, 69)	(-39, 69)	(-80, 0)	(-40, -69)	(40, -69)	circle	green	dif	right	right	(-39, 69)	(40, -69)	search	nr	True	789512	790310	right	60	10	160	85	135	35	None	None	testing
3	my	f	18	green	6	(80, 0)	(40, 69)	(-39, 69)	(-80, 0)	(-40, -69)	(40, -69)	diamond	green	same	right	right	(40, -69)	(-40, -69)	probe	l_sin	None	None	None	None	85	110	10	160	135	60	(40, -69)	161	testing
3	my	f	18	green	6	(80, 0)	(40, 69)	(-39, 69)	(-80, 0)	(-40, -69)	(40, -69)	circle	none	same	right	right	N_dist	(-39, 69)	search	nr	True	794905	795574	right	35	10	110	85	135	60	None	None	testing
3	my	f	18	green	6	(80, 0)	(40, 69)	(-39, 69)	(-80, 0)	(-40, -69)	(40, -69)	circle	none	same	left	left	N_dist	(-40, -69)	search	nr	True	796825	797542	left	10	60	135	110	160	35	None	None	testing
3	my	f	18	green	6	(80, 0)	(40, 69)	(-39, 69)	(-80, 0)	(-40, -69)	(40, -69)	diamond	green	same	left	left	(-39, 69)	(-80, 0)	probe	norm	None	None	None	None	135	10	110	35	60	160	(-40, -69)	166	testing
3	my	f	18	green	6	(80, 0)	(40, 69)	(-39, 69)	(-80, 0)	(-40, -69)	(40, -69)	circle	green	same	left	left	(-39, 69)	(80, 0)	probe	tar	None	None	None	None	10	135	35	160	110	85	(80, 0)	159	testing
3	my	f	18	green	6	(80, 0)	(40, 69)	(-39, 69)	(-80, 0)	(-40, -69)	(40, -69)	diamond	none	same	left	left	N_dist	(-39, 69)	search	nr	True	805875	806757	left	135	85	60	160	10	35	None	None	testing
3	my	f	18	green	6	(80, 0)	(40, 69)	(-39, 69)	(-80, 0)	(-40, -69)	(40, -69)	diamond	none	dif	right	right	N_dist	(-80, 0)	search	nr	True	807912	808742	right	110	135	160	10	60	35	None	None	testing
3	my	f	18	green	6	(80, 0)	(40, 69)	(-39, 69)	(-80, 0)	(-40, -69)	(40, -69)	diamond	none	dif	right	right	N_dist	(-80, 0)	probe	l_norm	None	None	None	None	135	60	110	160	35	85	(40, -69)	171	testing
3	my	f	18	green	6	(80, 0)	(40, 69)	(-39, 69)	(-80, 0)	(-40, -69)	(40, -69)	circle	green	dif	right	right	(40, 69)	(40, -69)	probe	l_sin	None	None	None	None	85	35	60	10	110	135	(40, 69)	161	testing
3	my	f	18	green	6	(80, 0)	(40, 69)	(-39, 69)	(-80, 0)	(-40, -69)	(40, -69)	diamond	none	dif	right	right	N_dist	(80, 0)	search	nr	True	816813	817558	right	10	35	110	60	135	160	None	None	testing
3	my	f	18	green	6	(80, 0)	(40, 69)	(-39, 69)	(-80, 0)	(-40, -69)	(40, -69)	diamond	none	dif	left	left	N_dist	(80, 0)	search	nr	True	818699	819254	left	10	35	160	85	135	110	None	None	testing
3	my	f	18	green	6	(80, 0)	(40, 69)	(-39, 69)	(-80, 0)	(-40, -69)	(40, -69)	circle	none	same	left	left	N_dist	(40, 69)	probe	l_tar	None	None	None	None	85	110	160	35	60	10	(40, 69)	171	testing
3	my	f	18	green	6	(80, 0)	(40, 69)	(-39, 69)	(-80, 0)	(-40, -69)	(40, -69)	diamond	none	same	right	right	N_dist	(-80, 0)	search	nr	True	824226	824966	right	85	110	10	135	160	60	None	None	testing
3	my	f	18	green	6	(80, 0)	(40, 69)	(-39, 69)	(-80, 0)	(-40, -69)	(40, -69)	circle	none	dif	right	right	N_dist	(40, -69)	search	nr	True	826246	827078	right	110	10	135	60	85	35	None	None	testing
3	my	f	18	green	6	(80, 0)	(40, 69)	(-39, 69)	(-80, 0)	(-40, -69)	(40, -69)	circle	green	same	right	right	(-39, 69)	(-80, 0)	probe	h_sin	None	None	None	None	135	160	85	35	60	10	(-39, 69)	0	testing
3	my	f	18	green	6	(80, 0)	(40, 69)	(-39, 69)	(-80, 0)	(-40, -69)	(40, -69)	circle	green	same	right	right	(80, 0)	(40, -69)	search	nr	True	831974	832934	right	60	110	35	135	160	85	None	None	testing
3	my	f	18	green	6	(80, 0)	(40, 69)	(-39, 69)	(-80, 0)	(-40, -69)	(40, -69)	diamond	green	dif	right	right	(-39, 69)	(-40, -69)	probe	norm	None	None	None	None	10	160	35	135	85	60	(-80, 0)	15	testing
3	my	f	18	green	6	(80, 0)	(40, 69)	(-39, 69)	(-80, 0)	(-40, -69)	(40, -69)	diamond	green	same	right	right	(40, -69)	(-40, -69)	search	nr	True	838585	839462	right	85	10	160	135	60	110	None	None	testing
3	my	f	18	green	6	(80, 0)	(40, 69)	(-39, 69)	(-80, 0)	(-40, -69)	(40, -69)	circle	green	dif	right	right	(40, 69)	(80, 0)	search	nr	True	840589	841558	right	85	160	10	135	35	110	None	None	testing
3	my	f	18	green	6	(80, 0)	(40, 69)	(-39, 69)	(-80, 0)	(-40, -69)	(40, -69)	circle	green	same	right	right	(-39, 69)	(-80, 0)	search	nr	True	842710	843510	right	35	110	135	60	10	85	None	None	testing
3	my	f	18	green	6	(80, 0)	(40, 69)	(-39, 69)	(-80, 0)	(-40, -69)	(40, -69)	circle	none	dif	left	left	N_dist	(40, -69)	search	nr	True	844797	845653	left	60	10	85	35	135	110	None	None	testing
3	my	f	18	green	6	(80, 0)	(40, 69)	(-39, 69)	(-80, 0)	(-40, -69)	(40, -69)	circle	none	same	right	right	N_dist	(40, -69)	probe	l_tar	None	None	None	None	160	135	10	35	60	110	(40, -69)	6	testing
3	my	f	18	green	6	(80, 0)	(40, 69)	(-39, 69)	(-80, 0)	(-40, -69)	(40, -69)	circle	green	same	right	right	(80, 0)	(40, -69)	search	nr	True	850758	851798	right	10	110	85	60	35	135	None	None	testing
3	my	f	18	green	6	(80, 0)	(40, 69)	(-39, 69)	(-80, 0)	(-40, -69)	(40, -69)	circle	green	dif	left	left	(-39, 69)	(80, 0)	search	nr	True	853062	853718	left	160	10	135	85	35	110	None	None	testing
3	my	f	18	green	6	(80, 0)	(40, 69)	(-39, 69)	(-80, 0)	(-40, -69)	(40, -69)	diamond	green	dif	left	left	(-39, 69)	(40, 69)	search	nr	True	854982	855781	left	110	35	160	10	135	85	None	None	testing
3	my	f	18	green	6	(80, 0)	(40, 69)	(-39, 69)	(-80, 0)	(-40, -69)	(40, -69)	diamond	none	same	right	right	N_dist	(-40, -69)	search	nr	True	856936	857702	right	135	110	10	85	35	160	None	None	testing
3	my	f	18	green	6	(80, 0)	(40, 69)	(-39, 69)	(-80, 0)	(-40, -69)	(40, -69)	diamond	green	dif	right	right	(-39, 69)	(-40, -69)	search	nr	True	858789	859638	right	85	35	60	135	10	110	None	None	testing
3	my	f	18	green	6	(80, 0)	(40, 69)	(-39, 69)	(-80, 0)	(-40, -69)	(40, -69)	circle	none	dif	right	right	N_dist	(40, -69)	search	nr	True	860726	861462	right	135	110	60	160	10	35	None	None	testing
3	my	f	18	green	6	(80, 0)	(40, 69)	(-39, 69)	(-80, 0)	(-40, -69)	(40, -69)	circle	green	dif	right	right	(40, -69)	(40, 69)	search	nr	True	862746	863878	right	110	35	60	160	85	10	None	None	testing
3	my	f	18	green	6	(80, 0)	(40, 69)	(-39, 69)	(-80, 0)	(-40, -69)	(40, -69)	circle	green	same	left	left	(-39, 69)	(40, -69)	search	nr	True	865067	866149	left	85	135	110	35	60	160	None	None	testing
3	my	f	18	green	6	(80, 0)	(40, 69)	(-39, 69)	(-80, 0)	(-40, -69)	(40, -69)	circle	none	same	left	left	N_dist	(-39, 69)	search	nr	True	867389	868118	left	60	10	160	135	110	85	None	None	testing
3	my	f	18	green	6	(80, 0)	(40, 69)	(-39, 69)	(-80, 0)	(-40, -69)	(40, -69)	circle	green	same	right	right	(-39, 69)	(40, -69)	probe	norm	None	None	None	None	110	85	135	160	10	60	(-80, 0)	15	testing
3	my	f	18	green	6	(80, 0)	(40, 69)	(-39, 69)	(-80, 0)	(-40, -69)	(40, -69)	diamond	green	dif	left	left	(-39, 69)	(-40, -69)	probe	tar	None	None	None	None	10	35	135	160	60	85	(-40, -69)	166	testing
3	my	f	18	green	6	(80, 0)	(40, 69)	(-39, 69)	(-80, 0)	(-40, -69)	(40, -69)	circle	none	same	right	right	N_dist	(40, -69)	search	nr	True	877624	878485	right	60	110	85	10	160	135	None	None	testing
3	my	f	18	green	6	(80, 0)	(40, 69)	(-39, 69)	(-80, 0)	(-40, -69)	(40, -69)	diamond	green	dif	right	right	(-39, 69)	(-80, 0)	search	nr	True	879594	880390	right	60	35	135	85	160	110	None	None	testing
3	my	f	18	green	6	(80, 0)	(40, 69)	(-39, 69)	(-80, 0)	(-40, -69)	(40, -69)	diamond	green	same	right	right	(-80, 0)	(80, 0)	probe	l_sin	None	None	None	None	160	110	60	35	10	135	(-80, 0)	157	testing
3	my	f	18	green	6	(80, 0)	(40, 69)	(-39, 69)	(-80, 0)	(-40, -69)	(40, -69)	diamond	green	same	right	right	(40, -69)	(-40, -69)	probe	l_sin	None	None	None	None	135	160	85	10	60	35	(40, -69)	138	testing
3	my	f	18	green	6	(80, 0)	(40, 69)	(-39, 69)	(-80, 0)	(-40, -69)	(40, -69)	circle	green	same	left	left	(-39, 69)	(40, 69)	search	nr	True	891182	892086	left	10	160	85	60	35	135	None	None	testing
3	my	f	18	green	6	(80, 0)	(40, 69)	(-39, 69)	(-80, 0)	(-40, -69)	(40, -69)	circle	none	dif	left	left	N_dist	(-39, 69)	search	nr	True	893169	893974	left	160	35	110	60	10	85	None	None	testing
3	my	f	18	green	6	(80, 0)	(40, 69)	(-39, 69)	(-80, 0)	(-40, -69)	(40, -69)	diamond	none	same	right	right	N_dist	(40, 69)	search	nr	True	895256	895974	right	10	135	60	85	35	110	None	None	testing
3	my	f	18	green	6	(80, 0)	(40, 69)	(-39, 69)	(-80, 0)	(-40, -69)	(40, -69)	diamond	green	dif	left	left	(40, 69)	(-40, -69)	search	nr	True	897177	897958	left	10	110	160	85	135	60	None	None	testing
3	my	f	18	green	6	(80, 0)	(40, 69)	(-39, 69)	(-80, 0)	(-40, -69)	(40, -69)	circle	green	dif	right	right	(-39, 69)	(40, -69)	search	nr	True	899231	900022	right	160	135	85	60	35	110	None	None	testing
3	my	f	18	green	6	(80, 0)	(40, 69)	(-39, 69)	(-80, 0)	(-40, -69)	(40, -69)	circle	green	same	left	left	(-40, -69)	(40, 69)	search	nr	True	901117	901814	left	160	135	110	10	60	85	None	None	testing
3	my	f	18	green	6	(80, 0)	(40, 69)	(-39, 69)	(-80, 0)	(-40, -69)	(40, -69)	circle	green	dif	left	left	(-39, 69)	(-40, -69)	probe	tar	None	None	None	None	160	60	35	135	110	85	(-40, -69)	3	testing
3	my	f	18	green	6	(80, 0)	(40, 69)	(-39, 69)	(-80, 0)	(-40, -69)	(40, -69)	diamond	none	dif	left	left	N_dist	(40, -69)	search	nr	True	906878	907478	left	60	160	110	135	35	10	None	None	testing
3	my	f	18	green	6	(80, 0)	(40, 69)	(-39, 69)	(-80, 0)	(-40, -69)	(40, -69)	diamond	none	same	left	left	N_dist	(40, -69)	search	nr	True	908731	909317	left	35	60	10	110	85	160	None	None	testing
3	my	f	18	green	6	(80, 0)	(40, 69)	(-39, 69)	(-80, 0)	(-40, -69)	(40, -69)	diamond	green	dif	right	right	(-39, 69)	(-40, -69)	search	nr	True	910534	911270	right	85	60	135	110	160	10	None	None	testing
3	my	f	18	green	6	(80, 0)	(40, 69)	(-39, 69)	(-80, 0)	(-40, -69)	(40, -69)	circle	none	same	left	left	N_dist	(-40, -69)	probe	l_norm	None	None	None	None	135	85	10	35	110	60	(-80, 0)	161	testing
3	my	f	18	green	6	(80, 0)	(40, 69)	(-39, 69)	(-80, 0)	(-40, -69)	(40, -69)	circle	green	dif	left	left	(80, 0)	(-80, 0)	search	nr	True	916312	917222	left	110	160	135	10	85	35	None	None	testing
3	my	f	18	green	6	(80, 0)	(40, 69)	(-39, 69)	(-80, 0)	(-40, -69)	(40, -69)	diamond	green	same	left	left	(80, 0)	(40, -69)	search	nr	True	918282	918918	left	10	35	110	135	160	85	None	None	testing
3	my	f	18	green	6	(80, 0)	(40, 69)	(-39, 69)	(-80, 0)	(-40, -69)	(40, -69)	circle	none	dif	right	right	N_dist	(-39, 69)	search	nr	True	920002	920869	right	60	85	160	35	110	135	None	None	testing
3	my	f	18	green	6	(80, 0)	(40, 69)	(-39, 69)	(-80, 0)	(-40, -69)	(40, -69)	circle	none	dif	left	left	N_dist	(80, 0)	search	nr	True	921988	922933	left	85	10	110	60	35	160	None	None	testing
3	my	f	18	green	6	(80, 0)	(40, 69)	(-39, 69)	(-80, 0)	(-40, -69)	(40, -69)	circle	green	dif	left	left	(-39, 69)	(40, -69)	search	nr	True	924226	924901	left	60	10	160	85	110	135	None	None	testing
3	my	f	18	green	6	(80, 0)	(40, 69)	(-39, 69)	(-80, 0)	(-40, -69)	(40, -69)	circle	green	same	right	right	(-39, 69)	(40, 69)	search	nr	True	925980	926806	right	60	160	10	110	135	35	None	None	testing
3	my	f	18	green	6	(80, 0)	(40, 69)	(-39, 69)	(-80, 0)	(-40, -69)	(40, -69)	diamond	green	dif	left	left	(80, 0)	(40, 69)	search	nr	True	928033	928630	left	10	85	60	160	110	135	None	None	testing
3	my	f	18	green	6	(80, 0)	(40, 69)	(-39, 69)	(-80, 0)	(-40, -69)	(40, -69)	diamond	green	dif	left	left	(40, 69)	(-40, -69)	probe	tar	None	None	None	None	60	135	10	35	160	110	(-40, -69)	23	testing
3	my	f	18	green	6	(80, 0)	(40, 69)	(-39, 69)	(-80, 0)	(-40, -69)	(40, -69)	circle	green	same	left	left	(-80, 0)	(40, 69)	probe	norm	None	None	None	None	110	60	85	160	10	35	(80, 0)	12	testing
3	my	f	18	green	6	(80, 0)	(40, 69)	(-39, 69)	(-80, 0)	(-40, -69)	(40, -69)	circle	green	dif	right	right	(40, 69)	(80, 0)	search	nr	True	938285	939254	right	160	135	35	85	10	60	None	None	testing
3	my	f	18	green	6	(80, 0)	(40, 69)	(-39, 69)	(-80, 0)	(-40, -69)	(40, -69)	diamond	green	dif	right	right	(40, 69)	(40, -69)	search	nr	True	940456	941190	right	60	85	35	110	160	135	None	None	testing
3	my	f	18	green	6	(80, 0)	(40, 69)	(-39, 69)	(-80, 0)	(-40, -69)	(40, -69)	diamond	none	same	left	left	N_dist	(40, -69)	probe	l_norm	None	None	None	None	10	60	160	35	135	110	(80, 0)	133	testing
3	my	f	18	green	6	(80, 0)	(40, 69)	(-39, 69)	(-80, 0)	(-40, -69)	(40, -69)	diamond	green	dif	left	left	(-39, 69)	(-40, -69)	search	nr	True	946367	947141	left	60	110	135	160	10	85	None	None	testing
3	my	f	18	green	6	(80, 0)	(40, 69)	(-39, 69)	(-80, 0)	(-40, -69)	(40, -69)	diamond	none	dif	left	left	N_dist	(-80, 0)	probe	l_tar	None	None	None	None	135	10	110	60	85	160	(-80, 0)	172	testing
3	my	f	18	green	6	(80, 0)	(40, 69)	(-39, 69)	(-80, 0)	(-40, -69)	(40, -69)	circle	green	same	right	right	(-39, 69)	(40, -69)	search	nr	True	951860	952837	right	35	85	135	160	110	10	None	None	testing
3	my	f	18	green	6	(80, 0)	(40, 69)	(-39, 69)	(-80, 0)	(-40, -69)	(40, -69)	diamond	green	same	left	left	(-40, -69)	(-80, 0)	search	nr	True	953981	954789	left	85	35	10	110	60	160	None	None	testing
3	my	f	18	green	6	(80, 0)	(40, 69)	(-39, 69)	(-80, 0)	(-40, -69)	(40, -69)	diamond	green	same	left	left	(-39, 69)	(40, -69)	probe	tar	None	None	None	None	60	160	10	135	110	85	(40, -69)	8	testing
3	my	f	18	green	6	(80, 0)	(40, 69)	(-39, 69)	(-80, 0)	(-40, -69)	(40, -69)	circle	none	same	left	left	N_dist	(80, 0)	probe	l_tar	None	None	None	None	35	10	60	85	160	135	(80, 0)	151	testing
3	my	f	18	green	6	(80, 0)	(40, 69)	(-39, 69)	(-80, 0)	(-40, -69)	(40, -69)	circle	green	dif	left	left	(-39, 69)	(-80, 0)	search	nr	True	963832	964485	left	110	10	160	60	35	85	None	None	testing
3	my	f	18	green	6	(80, 0)	(40, 69)	(-39, 69)	(-80, 0)	(-40, -69)	(40, -69)	diamond	green	dif	right	right	(-39, 69)	(-80, 0)	search	nr	True	965769	966453	right	110	135	10	60	160	85	None	None	testing
3	my	f	18	green	6	(80, 0)	(40, 69)	(-39, 69)	(-80, 0)	(-40, -69)	(40, -69)	diamond	green	dif	right	right	(40, -69)	(80, 0)	search	nr	True	967606	968550	right	85	60	10	110	35	135	None	None	testing
3	my	f	18	green	6	(80, 0)	(40, 69)	(-39, 69)	(-80, 0)	(-40, -69)	(40, -69)	circle	green	dif	left	left	(-39, 69)	(-40, -69)	search	nr	True	969643	970485	left	35	60	110	85	135	160	None	None	testing
3	my	f	18	green	6	(80, 0)	(40, 69)	(-39, 69)	(-80, 0)	(-40, -69)	(40, -69)	circle	green	same	left	left	(-40, -69)	(80, 0)	search	nr	True	971680	972357	left	160	10	135	110	85	60	None	None	testing
3	my	f	18	green	6	(80, 0)	(40, 69)	(-39, 69)	(-80, 0)	(-40, -69)	(40, -69)	diamond	green	same	left	left	(40, 69)	(40, -69)	probe	l_sin	None	None	None	None	110	135	10	60	35	85	(40, 69)	27	testing
3	my	f	18	green	6	(80, 0)	(40, 69)	(-39, 69)	(-80, 0)	(-40, -69)	(40, -69)	circle	none	dif	right	right	N_dist	(40, -69)	search	nr	True	978543	979285	right	10	60	35	85	160	110	None	None	testing
3	my	f	18	green	6	(80, 0)	(40, 69)	(-39, 69)	(-80, 0)	(-40, -69)	(40, -69)	diamond	none	dif	left	left	N_dist	(-39, 69)	probe	h_tar	None	None	None	None	60	10	35	160	85	135	(-39, 69)	159	testing
