subj	name	gender	age	dist	run	tar_locs1	tar_locs2	tar_locs3	tar_locs4	tar_locs5	tar_locs6	shape	dist	td_dif	detection	resp_key	dis_loc	tar_loc	task_type	probe_cond	gotKey	startTime	respTime	resp	o1	o2	o3	o4	o5	o6	pro_loc	ori_resp	mode
3	my	f	18	green	3	(80, 0)	(40, 69)	(-39, 69)	(-80, 0)	(-40, -69)	(40, -69)	circle	green	dif	right	right	(-39, 69)	(40, 69)	search	nr	True	52039	53135	left	160	110	10	135	85	35	None	None	testing
3	my	f	18	green	3	(80, 0)	(40, 69)	(-39, 69)	(-80, 0)	(-40, -69)	(40, -69)	circle	none	dif	right	right	N_dist	(-40, -69)	search	nr	True	55862	57311	right	35	135	85	110	60	10	None	None	testing
3	my	f	18	green	3	(80, 0)	(40, 69)	(-39, 69)	(-80, 0)	(-40, -69)	(40, -69)	diamond	green	same	left	left	(-39, 69)	(40, 69)	probe	h_sin	None	None	None	None	60	135	85	35	160	110	(-39, 69)	14	testing
3	my	f	18	green	3	(80, 0)	(40, 69)	(-39, 69)	(-80, 0)	(-40, -69)	(40, -69)	diamond	green	same	left	left	(-39, 69)	(40, 69)	search	nr	True	63142	64719	left	35	60	135	160	85	10	None	None	testing
3	my	f	18	green	3	(80, 0)	(40, 69)	(-39, 69)	(-80, 0)	(-40, -69)	(40, -69)	circle	green	dif	left	left	(-39, 69)	(-80, 0)	search	nr	True	65880	67327	left	60	135	160	110	35	10	None	None	testing
3	my	f	18	green	3	(80, 0)	(40, 69)	(-39, 69)	(-80, 0)	(-40, -69)	(40, -69)	diamond	none	dif	right	right	N_dist	(-39, 69)	search	nr	True	68435	69519	right	10	135	85	160	60	35	None	None	testing
3	my	f	18	green	3	(80, 0)	(40, 69)	(-39, 69)	(-80, 0)	(-40, -69)	(40, -69)	diamond	none	dif	left	left	N_dist	(-80, 0)	search	nr	True	70672	72126	left	35	60	110	10	135	85	None	None	testing
3	my	f	18	green	3	(80, 0)	(40, 69)	(-39, 69)	(-80, 0)	(-40, -69)	(40, -69)	circle	none	dif	right	right	N_dist	(80, 0)	search	nr	True	73394	74223	right	110	10	85	35	135	60	None	None	testing
3	my	f	18	green	3	(80, 0)	(40, 69)	(-39, 69)	(-80, 0)	(-40, -69)	(40, -69)	diamond	green	dif	right	right	(-39, 69)	(-80, 0)	search	nr	True	75315	76223	right	85	10	135	35	160	110	None	None	testing
3	my	f	18	green	3	(80, 0)	(40, 69)	(-39, 69)	(-80, 0)	(-40, -69)	(40, -69)	circle	green	same	left	left	(-39, 69)	(40, 69)	search	nr	True	77435	78927	left	135	10	60	35	85	160	None	None	testing
3	my	f	18	green	3	(80, 0)	(40, 69)	(-39, 69)	(-80, 0)	(-40, -69)	(40, -69)	diamond	green	same	left	left	(80, 0)	(-40, -69)	probe	norm	None	None	None	None	60	35	85	110	10	160	(40, -69)	24	testing
3	my	f	18	green	3	(80, 0)	(40, 69)	(-39, 69)	(-80, 0)	(-40, -69)	(40, -69)	diamond	green	same	right	right	(80, 0)	(-40, -69)	probe	norm	None	None	None	None	35	135	110	10	85	60	(40, 69)	16	testing
3	my	f	18	green	3	(80, 0)	(40, 69)	(-39, 69)	(-80, 0)	(-40, -69)	(40, -69)	circle	green	dif	left	left	(-39, 69)	(80, 0)	search	nr	True	90258	91487	left	160	135	60	10	35	85	None	None	testing
3	my	f	18	green	3	(80, 0)	(40, 69)	(-39, 69)	(-80, 0)	(-40, -69)	(40, -69)	diamond	green	same	right	right	(-40, -69)	(40, -69)	search	nr	True	92546	93630	right	35	60	10	85	110	135	None	None	testing
3	my	f	18	green	3	(80, 0)	(40, 69)	(-39, 69)	(-80, 0)	(-40, -69)	(40, -69)	circle	green	same	right	right	(-39, 69)	(-80, 0)	search	nr	True	94717	95983	right	85	60	135	35	10	110	None	None	testing
3	my	f	18	green	3	(80, 0)	(40, 69)	(-39, 69)	(-80, 0)	(-40, -69)	(40, -69)	circle	green	same	left	left	(-39, 69)	(80, 0)	search	nr	True	97055	97887	left	35	135	110	60	85	160	None	None	testing
3	my	f	18	green	3	(80, 0)	(40, 69)	(-39, 69)	(-80, 0)	(-40, -69)	(40, -69)	diamond	none	dif	left	left	N_dist	(-80, 0)	search	nr	True	98975	99871	left	85	60	35	135	10	160	None	None	testing
3	my	f	18	green	3	(80, 0)	(40, 69)	(-39, 69)	(-80, 0)	(-40, -69)	(40, -69)	diamond	none	same	right	right	N_dist	(-39, 69)	search	nr	True	101062	101743	right	110	160	85	60	10	35	None	None	testing
3	my	f	18	green	3	(80, 0)	(40, 69)	(-39, 69)	(-80, 0)	(-40, -69)	(40, -69)	circle	none	same	left	left	N_dist	(-80, 0)	probe	l_norm	None	None	None	None	10	160	85	35	110	135	(-40, -69)	17	testing
3	my	f	18	green	3	(80, 0)	(40, 69)	(-39, 69)	(-80, 0)	(-40, -69)	(40, -69)	diamond	none	dif	left	left	N_dist	(-40, -69)	probe	h_norm	None	None	None	None	135	160	60	10	35	85	(-39, 69)	163	testing
3	my	f	18	green	3	(80, 0)	(40, 69)	(-39, 69)	(-80, 0)	(-40, -69)	(40, -69)	diamond	green	same	left	left	(-39, 69)	(40, -69)	search	nr	True	111631	112542	left	135	10	160	110	35	60	None	None	testing
3	my	f	18	green	3	(80, 0)	(40, 69)	(-39, 69)	(-80, 0)	(-40, -69)	(40, -69)	circle	green	dif	right	right	(-39, 69)	(40, 69)	probe	tar	None	None	None	None	35	160	110	60	85	135	(40, 69)	28	testing
3	my	f	18	green	3	(80, 0)	(40, 69)	(-39, 69)	(-80, 0)	(-40, -69)	(40, -69)	diamond	green	dif	left	left	(-39, 69)	(40, 69)	search	nr	True	118077	119071	left	135	85	110	35	10	160	None	None	testing
3	my	f	18	green	3	(80, 0)	(40, 69)	(-39, 69)	(-80, 0)	(-40, -69)	(40, -69)	circle	none	same	right	right	N_dist	(40, -69)	search	nr	True	120347	121311	right	60	10	110	135	85	160	None	None	testing
3	my	f	18	green	3	(80, 0)	(40, 69)	(-39, 69)	(-80, 0)	(-40, -69)	(40, -69)	circle	green	same	left	left	(-80, 0)	(40, 69)	search	nr	True	122518	123983	left	35	110	160	85	135	60	None	None	testing
3	my	f	18	green	3	(80, 0)	(40, 69)	(-39, 69)	(-80, 0)	(-40, -69)	(40, -69)	circle	green	same	left	left	(-80, 0)	(40, 69)	search	nr	True	125089	126207	left	160	60	10	35	135	110	None	None	testing
3	my	f	18	green	3	(80, 0)	(40, 69)	(-39, 69)	(-80, 0)	(-40, -69)	(40, -69)	circle	green	dif	right	right	(-39, 69)	(80, 0)	search	nr	True	127327	128495	right	85	10	60	35	160	135	None	None	testing
3	my	f	18	green	3	(80, 0)	(40, 69)	(-39, 69)	(-80, 0)	(-40, -69)	(40, -69)	diamond	none	same	left	left	N_dist	(80, 0)	search	nr	True	129631	130895	left	85	110	10	60	35	135	None	None	testing
3	my	f	18	green	3	(80, 0)	(40, 69)	(-39, 69)	(-80, 0)	(-40, -69)	(40, -69)	circle	green	dif	left	left	(-39, 69)	(-80, 0)	probe	norm	None	None	None	None	10	135	160	35	60	110	(-40, -69)	165	testing
3	my	f	18	green	3	(80, 0)	(40, 69)	(-39, 69)	(-80, 0)	(-40, -69)	(40, -69)	diamond	green	dif	right	right	(-39, 69)	(-80, 0)	probe	norm	None	None	None	None	35	110	160	135	85	60	(-40, -69)	163	testing
3	my	f	18	green	3	(80, 0)	(40, 69)	(-39, 69)	(-80, 0)	(-40, -69)	(40, -69)	circle	green	same	left	left	(-39, 69)	(-80, 0)	probe	h_sin	None	None	None	None	60	110	135	35	10	160	(-39, 69)	19	testing
3	my	f	18	green	3	(80, 0)	(40, 69)	(-39, 69)	(-80, 0)	(-40, -69)	(40, -69)	circle	none	dif	left	left	N_dist	(40, -69)	search	nr	True	146863	147710	left	135	160	85	35	10	110	None	None	testing
3	my	f	18	green	3	(80, 0)	(40, 69)	(-39, 69)	(-80, 0)	(-40, -69)	(40, -69)	diamond	none	same	left	left	N_dist	(80, 0)	probe	l_norm	None	None	None	None	160	135	10	85	35	110	(40, -69)	19	testing
3	my	f	18	green	3	(80, 0)	(40, 69)	(-39, 69)	(-80, 0)	(-40, -69)	(40, -69)	diamond	none	same	left	left	N_dist	(40, 69)	search	nr	True	152640	153342	left	85	160	135	60	35	110	None	None	testing
3	my	f	18	green	3	(80, 0)	(40, 69)	(-39, 69)	(-80, 0)	(-40, -69)	(40, -69)	circle	green	same	left	left	(-39, 69)	(-80, 0)	search	nr	True	154593	156015	left	110	135	10	60	35	85	None	None	testing
3	my	f	18	green	3	(80, 0)	(40, 69)	(-39, 69)	(-80, 0)	(-40, -69)	(40, -69)	diamond	none	dif	left	left	N_dist	(80, 0)	probe	l_norm	None	None	None	None	110	135	60	10	85	160	(-80, 0)	73	testing
3	my	f	18	green	3	(80, 0)	(40, 69)	(-39, 69)	(-80, 0)	(-40, -69)	(40, -69)	diamond	none	same	right	right	N_dist	(40, 69)	search	nr	True	164362	165071	right	35	110	160	10	60	135	None	None	testing
3	my	f	18	green	3	(80, 0)	(40, 69)	(-39, 69)	(-80, 0)	(-40, -69)	(40, -69)	diamond	green	dif	left	left	(-40, -69)	(40, -69)	search	nr	True	166332	167294	left	110	85	135	60	10	160	None	None	testing
3	my	f	18	green	3	(80, 0)	(40, 69)	(-39, 69)	(-80, 0)	(-40, -69)	(40, -69)	diamond	none	same	right	right	N_dist	(40, -69)	probe	l_tar	None	None	None	None	85	60	160	110	10	135	(40, -69)	25	testing
3	my	f	18	green	3	(80, 0)	(40, 69)	(-39, 69)	(-80, 0)	(-40, -69)	(40, -69)	diamond	none	dif	left	left	N_dist	(-39, 69)	probe	h_tar	None	None	None	None	110	160	85	135	60	10	(-39, 69)	169	testing
3	my	f	18	green	3	(80, 0)	(40, 69)	(-39, 69)	(-80, 0)	(-40, -69)	(40, -69)	circle	none	same	left	left	N_dist	(-80, 0)	probe	l_norm	None	None	None	None	110	60	35	135	85	10	(-40, -69)	168	testing
3	my	f	18	green	3	(80, 0)	(40, 69)	(-39, 69)	(-80, 0)	(-40, -69)	(40, -69)	circle	green	same	right	right	(-39, 69)	(40, -69)	search	nr	True	183447	184415	right	85	10	110	160	60	35	None	None	testing
3	my	f	18	green	3	(80, 0)	(40, 69)	(-39, 69)	(-80, 0)	(-40, -69)	(40, -69)	diamond	green	dif	right	right	(-39, 69)	(-80, 0)	search	nr	True	185651	186351	right	160	110	135	10	85	35	None	None	testing
3	my	f	18	green	3	(80, 0)	(40, 69)	(-39, 69)	(-80, 0)	(-40, -69)	(40, -69)	diamond	green	same	left	left	(80, 0)	(-40, -69)	search	nr	True	187604	188510	left	85	135	60	160	110	10	None	None	testing
3	my	f	18	green	3	(80, 0)	(40, 69)	(-39, 69)	(-80, 0)	(-40, -69)	(40, -69)	diamond	green	same	left	left	(-39, 69)	(40, 69)	search	nr	True	189709	190431	left	85	60	160	35	10	135	None	None	testing
3	my	f	18	green	3	(80, 0)	(40, 69)	(-39, 69)	(-80, 0)	(-40, -69)	(40, -69)	diamond	green	same	left	left	(-39, 69)	(40, -69)	search	nr	True	191695	192446	left	85	135	60	35	110	160	None	None	testing
3	my	f	18	green	3	(80, 0)	(40, 69)	(-39, 69)	(-80, 0)	(-40, -69)	(40, -69)	diamond	green	dif	left	left	(80, 0)	(40, -69)	probe	l_sin	None	None	None	None	60	35	160	10	135	110	(80, 0)	165	testing
3	my	f	18	green	3	(80, 0)	(40, 69)	(-39, 69)	(-80, 0)	(-40, -69)	(40, -69)	circle	green	same	right	right	(-39, 69)	(80, 0)	search	nr	True	198424	199231	right	35	60	135	110	10	85	None	None	testing
3	my	f	18	green	3	(80, 0)	(40, 69)	(-39, 69)	(-80, 0)	(-40, -69)	(40, -69)	circle	green	same	left	left	(-39, 69)	(-40, -69)	probe	tar	None	None	None	None	110	35	10	160	135	60	(-40, -69)	17	testing
3	my	f	18	green	3	(80, 0)	(40, 69)	(-39, 69)	(-80, 0)	(-40, -69)	(40, -69)	diamond	none	dif	left	left	N_dist	(-39, 69)	probe	h_tar	None	None	None	None	10	110	85	60	35	135	(-39, 69)	170	testing
3	my	f	18	green	3	(80, 0)	(40, 69)	(-39, 69)	(-80, 0)	(-40, -69)	(40, -69)	circle	none	dif	right	right	N_dist	(-80, 0)	search	nr	True	208342	209327	right	35	160	85	135	110	10	None	None	testing
3	my	f	18	green	3	(80, 0)	(40, 69)	(-39, 69)	(-80, 0)	(-40, -69)	(40, -69)	diamond	none	dif	left	left	N_dist	(-40, -69)	search	nr	True	210580	211550	left	135	160	10	60	35	85	None	None	testing
3	my	f	18	green	3	(80, 0)	(40, 69)	(-39, 69)	(-80, 0)	(-40, -69)	(40, -69)	diamond	none	dif	right	right	N_dist	(-40, -69)	probe	h_norm	None	None	None	None	35	10	135	110	85	160	(-39, 69)	11	testing
3	my	f	18	green	3	(80, 0)	(40, 69)	(-39, 69)	(-80, 0)	(-40, -69)	(40, -69)	diamond	none	same	left	left	N_dist	(80, 0)	search	nr	True	216841	217599	left	85	160	135	60	10	35	None	None	testing
3	my	f	18	green	3	(80, 0)	(40, 69)	(-39, 69)	(-80, 0)	(-40, -69)	(40, -69)	diamond	none	dif	left	left	N_dist	(-80, 0)	probe	h_norm	None	None	None	None	10	60	85	135	160	35	(-39, 69)	10	testing
3	my	f	18	green	3	(80, 0)	(40, 69)	(-39, 69)	(-80, 0)	(-40, -69)	(40, -69)	diamond	none	same	right	right	N_dist	(-39, 69)	search	nr	True	223287	224126	right	35	160	110	60	85	10	None	None	testing
3	my	f	18	green	3	(80, 0)	(40, 69)	(-39, 69)	(-80, 0)	(-40, -69)	(40, -69)	circle	green	dif	left	left	(40, 69)	(-40, -69)	search	nr	True	225390	226254	left	85	60	110	10	160	135	None	None	testing
3	my	f	18	green	3	(80, 0)	(40, 69)	(-39, 69)	(-80, 0)	(-40, -69)	(40, -69)	circle	green	dif	right	right	(-39, 69)	(40, 69)	search	nr	True	227311	228254	right	110	35	60	160	135	85	None	None	testing
3	my	f	18	green	3	(80, 0)	(40, 69)	(-39, 69)	(-80, 0)	(-40, -69)	(40, -69)	diamond	none	dif	left	left	N_dist	(80, 0)	search	nr	True	229314	230334	left	135	85	10	60	110	35	None	None	testing
3	my	f	18	green	3	(80, 0)	(40, 69)	(-39, 69)	(-80, 0)	(-40, -69)	(40, -69)	diamond	green	same	right	right	(80, 0)	(-40, -69)	search	nr	True	231452	232143	right	35	160	110	85	60	135	None	None	testing
3	my	f	18	green	3	(80, 0)	(40, 69)	(-39, 69)	(-80, 0)	(-40, -69)	(40, -69)	diamond	green	dif	right	right	(40, 69)	(40, -69)	search	nr	True	233238	233983	right	160	10	135	85	60	110	None	None	testing
3	my	f	18	green	3	(80, 0)	(40, 69)	(-39, 69)	(-80, 0)	(-40, -69)	(40, -69)	circle	green	dif	left	left	(-39, 69)	(-40, -69)	probe	h_sin	None	None	None	None	10	35	60	85	110	135	(-39, 69)	10	testing
3	my	f	18	green	3	(80, 0)	(40, 69)	(-39, 69)	(-80, 0)	(-40, -69)	(40, -69)	circle	green	dif	left	left	(40, 69)	(-40, -69)	search	nr	True	239633	240638	left	135	35	10	85	60	110	None	None	testing
3	my	f	18	green	3	(80, 0)	(40, 69)	(-39, 69)	(-80, 0)	(-40, -69)	(40, -69)	circle	green	same	left	left	(80, 0)	(-40, -69)	search	nr	True	241720	242510	left	60	110	35	160	85	10	None	None	testing
3	my	f	18	green	3	(80, 0)	(40, 69)	(-39, 69)	(-80, 0)	(-40, -69)	(40, -69)	diamond	none	same	right	right	N_dist	(40, 69)	search	nr	True	243757	244462	right	110	85	60	10	135	35	None	None	testing
3	my	f	18	green	3	(80, 0)	(40, 69)	(-39, 69)	(-80, 0)	(-40, -69)	(40, -69)	circle	none	dif	right	right	N_dist	(40, 69)	search	nr	True	245627	246415	right	10	135	35	60	110	160	None	None	testing
3	my	f	18	green	3	(80, 0)	(40, 69)	(-39, 69)	(-80, 0)	(-40, -69)	(40, -69)	diamond	none	same	left	left	N_dist	(40, 69)	probe	h_norm	None	None	None	None	60	135	10	35	85	110	(-39, 69)	161	testing
3	my	f	18	green	3	(80, 0)	(40, 69)	(-39, 69)	(-80, 0)	(-40, -69)	(40, -69)	circle	green	dif	left	left	(-39, 69)	(-40, -69)	probe	norm	None	None	None	None	110	160	60	85	10	35	(40, 69)	27	testing
3	my	f	18	green	3	(80, 0)	(40, 69)	(-39, 69)	(-80, 0)	(-40, -69)	(40, -69)	diamond	green	same	right	right	(-40, -69)	(80, 0)	probe	l_sin	None	None	None	None	110	135	35	160	60	10	(-40, -69)	163	testing
3	my	f	18	green	3	(80, 0)	(40, 69)	(-39, 69)	(-80, 0)	(-40, -69)	(40, -69)	circle	green	same	left	left	(-39, 69)	(80, 0)	search	nr	True	262425	263182	left	60	160	135	35	85	10	None	None	testing
3	my	f	18	green	3	(80, 0)	(40, 69)	(-39, 69)	(-80, 0)	(-40, -69)	(40, -69)	diamond	green	same	left	left	(80, 0)	(-40, -69)	search	nr	True	264378	265502	left	85	110	10	160	135	35	None	None	testing
3	my	f	18	green	3	(80, 0)	(40, 69)	(-39, 69)	(-80, 0)	(-40, -69)	(40, -69)	circle	green	dif	left	left	(40, 69)	(-80, 0)	probe	norm	None	None	None	None	110	135	85	35	10	60	(-39, 69)	171	testing
3	my	f	18	green	3	(80, 0)	(40, 69)	(-39, 69)	(-80, 0)	(-40, -69)	(40, -69)	circle	none	same	right	right	N_dist	(40, -69)	search	nr	True	270908	271855	right	60	35	85	160	110	10	None	None	testing
3	my	f	18	green	3	(80, 0)	(40, 69)	(-39, 69)	(-80, 0)	(-40, -69)	(40, -69)	diamond	none	same	left	left	N_dist	(40, 69)	search	nr	True	272928	273806	left	10	60	110	85	135	35	None	None	testing
3	my	f	18	green	3	(80, 0)	(40, 69)	(-39, 69)	(-80, 0)	(-40, -69)	(40, -69)	diamond	green	dif	right	right	(40, 69)	(-40, -69)	search	nr	True	274915	275630	right	35	160	110	135	60	10	None	None	testing
3	my	f	18	green	3	(80, 0)	(40, 69)	(-39, 69)	(-80, 0)	(-40, -69)	(40, -69)	circle	green	dif	right	right	(-39, 69)	(-80, 0)	probe	h_sin	None	None	None	None	60	110	160	85	10	35	(-39, 69)	17	testing
3	my	f	18	green	3	(80, 0)	(40, 69)	(-39, 69)	(-80, 0)	(-40, -69)	(40, -69)	diamond	green	same	right	right	(-40, -69)	(80, 0)	search	nr	True	280709	281487	right	60	35	85	10	160	110	None	None	testing
3	my	f	18	green	3	(80, 0)	(40, 69)	(-39, 69)	(-80, 0)	(-40, -69)	(40, -69)	diamond	green	same	left	left	(40, -69)	(80, 0)	search	nr	True	282679	283342	left	60	135	110	85	35	10	None	None	testing
3	my	f	18	green	3	(80, 0)	(40, 69)	(-39, 69)	(-80, 0)	(-40, -69)	(40, -69)	circle	green	same	right	right	(-39, 69)	(40, -69)	search	nr	True	284449	285247	right	160	110	10	135	60	85	None	None	testing
3	my	f	18	green	3	(80, 0)	(40, 69)	(-39, 69)	(-80, 0)	(-40, -69)	(40, -69)	diamond	green	dif	right	right	(-39, 69)	(-80, 0)	probe	h_sin	None	None	None	None	60	35	10	110	160	135	(-39, 69)	161	testing
3	my	f	18	green	3	(80, 0)	(40, 69)	(-39, 69)	(-80, 0)	(-40, -69)	(40, -69)	circle	green	same	right	right	(-39, 69)	(-80, 0)	probe	tar	None	None	None	None	110	10	160	135	85	60	(-80, 0)	20	testing
3	my	f	18	green	3	(80, 0)	(40, 69)	(-39, 69)	(-80, 0)	(-40, -69)	(40, -69)	diamond	green	same	right	right	(40, -69)	(-40, -69)	search	nr	True	295352	296159	right	35	135	10	110	85	160	None	None	testing
3	my	f	18	green	3	(80, 0)	(40, 69)	(-39, 69)	(-80, 0)	(-40, -69)	(40, -69)	diamond	none	same	left	left	N_dist	(40, 69)	search	nr	True	297406	298030	left	10	160	135	85	35	110	None	None	testing
3	my	f	18	green	3	(80, 0)	(40, 69)	(-39, 69)	(-80, 0)	(-40, -69)	(40, -69)	diamond	green	dif	left	left	(-39, 69)	(40, -69)	search	nr	True	299160	299918	left	110	160	10	135	60	35	None	None	testing
3	my	f	18	green	3	(80, 0)	(40, 69)	(-39, 69)	(-80, 0)	(-40, -69)	(40, -69)	diamond	green	dif	right	right	(40, 69)	(40, -69)	probe	norm	None	None	None	None	10	85	160	110	60	135	(-39, 69)	23	testing
3	my	f	18	green	3	(80, 0)	(40, 69)	(-39, 69)	(-80, 0)	(-40, -69)	(40, -69)	diamond	green	dif	right	right	(-39, 69)	(80, 0)	search	nr	True	305488	306174	right	110	160	10	85	35	60	None	None	testing
3	my	f	18	green	3	(80, 0)	(40, 69)	(-39, 69)	(-80, 0)	(-40, -69)	(40, -69)	diamond	green	same	left	left	(40, -69)	(-80, 0)	search	nr	True	307408	308079	left	110	60	160	85	10	35	None	None	testing
3	my	f	18	green	3	(80, 0)	(40, 69)	(-39, 69)	(-80, 0)	(-40, -69)	(40, -69)	diamond	none	same	right	right	N_dist	(-40, -69)	search	nr	True	309162	309966	right	160	135	10	60	85	110	None	None	testing
3	my	f	18	green	3	(80, 0)	(40, 69)	(-39, 69)	(-80, 0)	(-40, -69)	(40, -69)	diamond	none	dif	left	left	N_dist	(-40, -69)	search	nr	True	311181	311791	left	10	110	60	160	35	135	None	None	testing
3	my	f	18	green	3	(80, 0)	(40, 69)	(-39, 69)	(-80, 0)	(-40, -69)	(40, -69)	diamond	green	same	left	left	(-39, 69)	(40, 69)	search	nr	True	313035	313678	left	10	60	85	35	135	110	None	None	testing
3	my	f	18	green	3	(80, 0)	(40, 69)	(-39, 69)	(-80, 0)	(-40, -69)	(40, -69)	diamond	none	dif	right	right	N_dist	(40, -69)	probe	l_norm	None	None	None	None	110	35	160	135	85	10	(-80, 0)	31	testing
3	my	f	18	green	3	(80, 0)	(40, 69)	(-39, 69)	(-80, 0)	(-40, -69)	(40, -69)	circle	green	dif	left	left	(-39, 69)	(-40, -69)	search	nr	True	320315	321071	left	160	60	110	10	135	85	None	None	testing
3	my	f	18	green	3	(80, 0)	(40, 69)	(-39, 69)	(-80, 0)	(-40, -69)	(40, -69)	circle	green	dif	right	right	(-39, 69)	(80, 0)	search	nr	True	322302	322991	right	110	160	135	60	35	85	None	None	testing
3	my	f	18	green	3	(80, 0)	(40, 69)	(-39, 69)	(-80, 0)	(-40, -69)	(40, -69)	diamond	none	same	right	right	N_dist	(40, -69)	search	nr	True	324105	325023	right	10	85	35	60	135	110	None	None	testing
3	my	f	18	green	3	(80, 0)	(40, 69)	(-39, 69)	(-80, 0)	(-40, -69)	(40, -69)	diamond	green	dif	right	right	(-39, 69)	(40, -69)	search	nr	True	326276	326926	right	35	135	110	10	60	160	None	None	testing
3	my	f	18	green	3	(80, 0)	(40, 69)	(-39, 69)	(-80, 0)	(-40, -69)	(40, -69)	circle	green	same	right	right	(-39, 69)	(80, 0)	search	nr	True	328146	329039	right	35	160	110	60	10	85	None	None	testing
3	my	f	18	green	3	(80, 0)	(40, 69)	(-39, 69)	(-80, 0)	(-40, -69)	(40, -69)	circle	green	dif	right	right	(-80, 0)	(-40, -69)	search	nr	True	330216	330911	right	110	60	85	10	160	35	None	None	testing
3	my	f	18	green	3	(80, 0)	(40, 69)	(-39, 69)	(-80, 0)	(-40, -69)	(40, -69)	diamond	green	dif	right	right	(-39, 69)	(-80, 0)	search	nr	True	332103	333422	right	85	110	60	135	160	35	None	None	testing
3	my	f	18	green	3	(80, 0)	(40, 69)	(-39, 69)	(-80, 0)	(-40, -69)	(40, -69)	circle	none	same	left	left	N_dist	(-80, 0)	search	nr	True	334542	335758	left	35	160	110	85	135	10	None	None	testing
3	my	f	18	green	3	(80, 0)	(40, 69)	(-39, 69)	(-80, 0)	(-40, -69)	(40, -69)	diamond	green	same	left	left	(-39, 69)	(40, -69)	search	nr	True	336979	337902	left	60	10	35	85	160	110	None	None	testing
3	my	f	18	green	3	(80, 0)	(40, 69)	(-39, 69)	(-80, 0)	(-40, -69)	(40, -69)	diamond	green	dif	left	left	(-39, 69)	(-40, -69)	probe	h_sin	None	None	None	None	10	85	60	110	35	135	(-39, 69)	163	testing
3	my	f	18	green	3	(80, 0)	(40, 69)	(-39, 69)	(-80, 0)	(-40, -69)	(40, -69)	diamond	green	dif	left	left	(-39, 69)	(80, 0)	search	nr	True	343324	344046	left	35	160	10	60	85	135	None	None	testing
3	my	f	18	green	3	(80, 0)	(40, 69)	(-39, 69)	(-80, 0)	(-40, -69)	(40, -69)	circle	green	same	left	left	(-39, 69)	(40, 69)	search	nr	True	345177	346111	left	85	35	110	135	60	160	None	None	testing
3	my	f	18	green	3	(80, 0)	(40, 69)	(-39, 69)	(-80, 0)	(-40, -69)	(40, -69)	circle	green	dif	left	left	(-39, 69)	(-80, 0)	search	nr	True	347315	348014	left	110	135	160	60	35	10	None	None	testing
3	my	f	18	green	3	(80, 0)	(40, 69)	(-39, 69)	(-80, 0)	(-40, -69)	(40, -69)	circle	none	dif	left	left	N_dist	(40, -69)	search	nr	True	349101	349758	left	110	35	10	135	60	160	None	None	testing
3	my	f	18	green	3	(80, 0)	(40, 69)	(-39, 69)	(-80, 0)	(-40, -69)	(40, -69)	diamond	green	dif	right	right	(-39, 69)	(40, -69)	search	nr	True	350837	351582	right	110	135	35	60	85	160	None	None	testing
3	my	f	18	green	3	(80, 0)	(40, 69)	(-39, 69)	(-80, 0)	(-40, -69)	(40, -69)	diamond	none	same	right	right	N_dist	(40, 69)	search	nr	True	352742	353486	right	160	135	110	85	60	10	None	None	testing
3	my	f	18	green	3	(80, 0)	(40, 69)	(-39, 69)	(-80, 0)	(-40, -69)	(40, -69)	circle	green	dif	right	right	(-39, 69)	(80, 0)	probe	tar	None	None	None	None	60	10	110	85	135	35	(80, 0)	167	testing
3	my	f	18	green	3	(80, 0)	(40, 69)	(-39, 69)	(-80, 0)	(-40, -69)	(40, -69)	diamond	green	dif	right	right	(40, 69)	(40, -69)	search	nr	True	358552	359342	right	135	85	160	60	10	35	None	None	testing
3	my	f	18	green	3	(80, 0)	(40, 69)	(-39, 69)	(-80, 0)	(-40, -69)	(40, -69)	circle	none	dif	right	right	N_dist	(80, 0)	search	nr	True	360589	361294	right	160	110	10	60	35	135	None	None	testing
3	my	f	18	green	3	(80, 0)	(40, 69)	(-39, 69)	(-80, 0)	(-40, -69)	(40, -69)	diamond	none	same	right	right	N_dist	(40, 69)	search	nr	True	362376	363039	right	35	135	10	110	85	60	None	None	testing
3	my	f	18	green	3	(80, 0)	(40, 69)	(-39, 69)	(-80, 0)	(-40, -69)	(40, -69)	circle	none	same	left	left	N_dist	(80, 0)	probe	l_tar	None	None	None	None	135	160	60	10	110	85	(80, 0)	17	testing
3	my	f	18	green	3	(80, 0)	(40, 69)	(-39, 69)	(-80, 0)	(-40, -69)	(40, -69)	circle	green	same	left	left	(-39, 69)	(40, -69)	search	nr	True	369305	370270	left	110	135	85	160	35	60	None	None	testing
3	my	f	18	green	3	(80, 0)	(40, 69)	(-39, 69)	(-80, 0)	(-40, -69)	(40, -69)	diamond	green	dif	right	right	(40, 69)	(40, -69)	search	nr	True	371476	372254	right	60	135	110	85	160	10	None	None	testing
3	my	f	18	green	3	(80, 0)	(40, 69)	(-39, 69)	(-80, 0)	(-40, -69)	(40, -69)	circle	none	same	left	left	N_dist	(-80, 0)	search	nr	True	373530	374222	left	160	85	35	60	135	110	None	None	testing
3	my	f	18	green	3	(80, 0)	(40, 69)	(-39, 69)	(-80, 0)	(-40, -69)	(40, -69)	diamond	green	dif	right	right	(40, -69)	(40, 69)	search	nr	True	375450	376142	right	10	160	35	110	85	60	None	None	testing
3	my	f	18	green	3	(80, 0)	(40, 69)	(-39, 69)	(-80, 0)	(-40, -69)	(40, -69)	diamond	green	same	right	right	(-40, -69)	(40, 69)	probe	tar	None	None	None	None	35	85	135	110	160	10	(40, 69)	170	testing
3	my	f	18	green	3	(80, 0)	(40, 69)	(-39, 69)	(-80, 0)	(-40, -69)	(40, -69)	circle	none	dif	right	right	N_dist	(-39, 69)	search	nr	True	381578	382926	right	135	10	60	85	35	110	None	None	testing
3	my	f	18	green	3	(80, 0)	(40, 69)	(-39, 69)	(-80, 0)	(-40, -69)	(40, -69)	circle	green	same	right	right	(-80, 0)	(40, -69)	search	nr	True	384015	384814	right	85	110	60	135	10	35	None	None	testing
3	my	f	18	green	3	(80, 0)	(40, 69)	(-39, 69)	(-80, 0)	(-40, -69)	(40, -69)	circle	green	dif	right	right	(-80, 0)	(-40, -69)	probe	norm	None	None	None	None	10	110	85	160	135	60	(40, 69)	18	testing
3	my	f	18	green	3	(80, 0)	(40, 69)	(-39, 69)	(-80, 0)	(-40, -69)	(40, -69)	diamond	none	dif	left	left	N_dist	(-39, 69)	search	nr	True	390244	391022	left	135	110	10	160	35	60	None	None	testing
3	my	f	18	green	3	(80, 0)	(40, 69)	(-39, 69)	(-80, 0)	(-40, -69)	(40, -69)	diamond	none	dif	right	right	N_dist	(40, -69)	search	nr	True	392147	392943	right	135	35	110	60	160	85	None	None	testing
3	my	f	18	green	3	(80, 0)	(40, 69)	(-39, 69)	(-80, 0)	(-40, -69)	(40, -69)	diamond	green	dif	left	left	(40, -69)	(40, 69)	probe	norm	None	None	None	None	160	35	135	60	85	110	(80, 0)	15	testing
3	my	f	18	green	3	(80, 0)	(40, 69)	(-39, 69)	(-80, 0)	(-40, -69)	(40, -69)	diamond	none	same	left	left	N_dist	(80, 0)	probe	l_norm	None	None	None	None	135	160	10	110	60	85	(-80, 0)	9	testing
3	my	f	18	green	3	(80, 0)	(40, 69)	(-39, 69)	(-80, 0)	(-40, -69)	(40, -69)	circle	none	dif	right	right	N_dist	(-39, 69)	probe	h_tar	None	None	None	None	85	60	160	10	135	35	(-39, 69)	24	testing
3	my	f	18	green	3	(80, 0)	(40, 69)	(-39, 69)	(-80, 0)	(-40, -69)	(40, -69)	diamond	green	dif	right	right	(40, 69)	(-40, -69)	probe	l_sin	None	None	None	None	85	10	60	110	35	160	(40, 69)	29	testing
3	my	f	18	green	3	(80, 0)	(40, 69)	(-39, 69)	(-80, 0)	(-40, -69)	(40, -69)	circle	none	same	right	right	N_dist	(40, -69)	search	nr	True	414104	414846	right	10	35	85	135	110	60	None	None	testing
3	my	f	18	green	3	(80, 0)	(40, 69)	(-39, 69)	(-80, 0)	(-40, -69)	(40, -69)	diamond	green	dif	left	left	(-39, 69)	(40, 69)	search	nr	True	416007	416831	left	35	60	110	85	135	160	None	None	testing
3	my	f	18	green	3	(80, 0)	(40, 69)	(-39, 69)	(-80, 0)	(-40, -69)	(40, -69)	diamond	none	same	right	right	N_dist	(-40, -69)	probe	h_norm	None	None	None	None	10	35	160	60	110	135	(-39, 69)	22	testing
3	my	f	18	green	3	(80, 0)	(40, 69)	(-39, 69)	(-80, 0)	(-40, -69)	(40, -69)	diamond	green	dif	right	right	(-39, 69)	(-40, -69)	search	nr	True	423187	424079	right	85	110	10	60	135	35	None	None	testing
3	my	f	18	green	3	(80, 0)	(40, 69)	(-39, 69)	(-80, 0)	(-40, -69)	(40, -69)	circle	green	same	right	right	(-39, 69)	(40, -69)	search	nr	True	425308	426270	right	10	135	60	85	35	160	None	None	testing
3	my	f	18	green	3	(80, 0)	(40, 69)	(-39, 69)	(-80, 0)	(-40, -69)	(40, -69)	diamond	green	dif	left	left	(-40, -69)	(40, -69)	probe	tar	None	None	None	None	60	10	35	135	110	85	(40, -69)	168	testing
3	my	f	18	green	3	(80, 0)	(40, 69)	(-39, 69)	(-80, 0)	(-40, -69)	(40, -69)	diamond	green	same	right	right	(-39, 69)	(80, 0)	search	nr	True	431753	432478	right	60	160	135	110	35	10	None	None	testing
3	my	f	18	green	3	(80, 0)	(40, 69)	(-39, 69)	(-80, 0)	(-40, -69)	(40, -69)	circle	green	same	left	left	(80, 0)	(-40, -69)	probe	norm	None	None	None	None	135	10	160	60	85	35	(40, -69)	157	testing
3	my	f	18	green	3	(80, 0)	(40, 69)	(-39, 69)	(-80, 0)	(-40, -69)	(40, -69)	circle	green	dif	right	right	(-39, 69)	(40, -69)	search	nr	True	438082	438846	right	160	85	110	35	60	135	None	None	testing
3	my	f	18	green	3	(80, 0)	(40, 69)	(-39, 69)	(-80, 0)	(-40, -69)	(40, -69)	circle	green	dif	left	left	(-39, 69)	(-80, 0)	probe	norm	None	None	None	None	85	35	160	135	110	10	(-40, -69)	13	testing
3	my	f	18	green	3	(80, 0)	(40, 69)	(-39, 69)	(-80, 0)	(-40, -69)	(40, -69)	circle	none	dif	right	right	N_dist	(-40, -69)	search	nr	True	444443	445167	right	135	35	110	10	160	85	None	None	testing
3	my	f	18	green	3	(80, 0)	(40, 69)	(-39, 69)	(-80, 0)	(-40, -69)	(40, -69)	circle	green	same	left	left	(-39, 69)	(40, 69)	search	nr	True	446364	447102	left	135	110	10	160	60	35	None	None	testing
3	my	f	18	green	3	(80, 0)	(40, 69)	(-39, 69)	(-80, 0)	(-40, -69)	(40, -69)	diamond	green	dif	left	left	(80, 0)	(40, -69)	search	nr	True	448167	449390	left	135	110	10	160	35	60	None	None	testing
3	my	f	18	green	3	(80, 0)	(40, 69)	(-39, 69)	(-80, 0)	(-40, -69)	(40, -69)	circle	green	same	right	right	(-39, 69)	(80, 0)	probe	tar	None	None	None	None	60	35	10	110	135	85	(80, 0)	162	testing
3	my	f	18	green	3	(80, 0)	(40, 69)	(-39, 69)	(-80, 0)	(-40, -69)	(40, -69)	diamond	green	dif	right	right	(-39, 69)	(-40, -69)	search	nr	True	454311	455022	right	160	60	85	110	10	35	None	None	testing
3	my	f	18	green	3	(80, 0)	(40, 69)	(-39, 69)	(-80, 0)	(-40, -69)	(40, -69)	circle	none	dif	right	right	N_dist	(-80, 0)	search	nr	True	456131	457455	right	10	160	60	135	35	85	None	None	testing
3	my	f	18	green	3	(80, 0)	(40, 69)	(-39, 69)	(-80, 0)	(-40, -69)	(40, -69)	circle	green	same	left	left	(-80, 0)	(40, 69)	search	nr	True	458736	459406	left	110	85	35	135	160	60	None	None	testing
3	my	f	18	green	3	(80, 0)	(40, 69)	(-39, 69)	(-80, 0)	(-40, -69)	(40, -69)	circle	none	same	right	right	N_dist	(40, -69)	search	nr	True	460473	461102	right	60	85	135	110	10	35	None	None	testing
3	my	f	18	green	3	(80, 0)	(40, 69)	(-39, 69)	(-80, 0)	(-40, -69)	(40, -69)	diamond	none	same	left	left	N_dist	(40, 69)	probe	h_norm	None	None	None	None	10	35	85	135	110	60	(-39, 69)	166	testing
3	my	f	18	green	3	(80, 0)	(40, 69)	(-39, 69)	(-80, 0)	(-40, -69)	(40, -69)	circle	green	same	left	left	(-80, 0)	(40, 69)	search	nr	True	467669	468415	left	10	135	60	35	110	85	None	None	testing
3	my	f	18	green	3	(80, 0)	(40, 69)	(-39, 69)	(-80, 0)	(-40, -69)	(40, -69)	circle	none	same	right	right	N_dist	(80, 0)	probe	l_norm	None	None	None	None	85	160	135	10	110	60	(-80, 0)	31	testing
3	my	f	18	green	3	(80, 0)	(40, 69)	(-39, 69)	(-80, 0)	(-40, -69)	(40, -69)	circle	green	dif	right	right	(-39, 69)	(40, 69)	search	nr	True	478088	478846	right	110	160	35	10	60	85	None	None	testing
3	my	f	18	green	3	(80, 0)	(40, 69)	(-39, 69)	(-80, 0)	(-40, -69)	(40, -69)	diamond	green	same	right	right	(-39, 69)	(40, -69)	search	nr	True	480008	480846	right	35	60	85	135	110	160	None	None	testing
3	my	f	18	green	3	(80, 0)	(40, 69)	(-39, 69)	(-80, 0)	(-40, -69)	(40, -69)	diamond	none	same	right	right	N_dist	(-40, -69)	search	nr	True	482079	482783	right	110	60	135	35	10	85	None	None	testing
3	my	f	18	green	3	(80, 0)	(40, 69)	(-39, 69)	(-80, 0)	(-40, -69)	(40, -69)	circle	green	dif	right	right	(40, 69)	(40, -69)	probe	l_sin	None	None	None	None	10	60	35	160	110	135	(40, 69)	162	testing
3	my	f	18	green	3	(80, 0)	(40, 69)	(-39, 69)	(-80, 0)	(-40, -69)	(40, -69)	diamond	green	same	left	left	(40, -69)	(-80, 0)	search	nr	True	487823	489615	left	85	60	135	110	35	10	None	None	testing
3	my	f	18	green	3	(80, 0)	(40, 69)	(-39, 69)	(-80, 0)	(-40, -69)	(40, -69)	diamond	green	same	right	right	(-39, 69)	(-80, 0)	search	nr	True	490678	491774	right	110	85	135	35	10	160	None	None	testing
3	my	f	18	green	3	(80, 0)	(40, 69)	(-39, 69)	(-80, 0)	(-40, -69)	(40, -69)	circle	green	dif	right	right	(-39, 69)	(-80, 0)	search	nr	True	492833	494078	right	10	35	110	60	160	85	None	None	testing
3	my	f	18	green	3	(80, 0)	(40, 69)	(-39, 69)	(-80, 0)	(-40, -69)	(40, -69)	diamond	green	same	left	left	(-39, 69)	(-40, -69)	search	nr	True	495169	496126	left	135	110	85	35	10	60	None	None	testing
3	my	f	18	green	3	(80, 0)	(40, 69)	(-39, 69)	(-80, 0)	(-40, -69)	(40, -69)	diamond	green	dif	right	right	(-39, 69)	(-80, 0)	search	nr	True	497223	498126	right	110	160	85	35	10	135	None	None	testing
3	my	f	18	green	3	(80, 0)	(40, 69)	(-39, 69)	(-80, 0)	(-40, -69)	(40, -69)	diamond	green	dif	left	left	(80, 0)	(40, -69)	search	nr	True	499227	500030	left	110	135	85	10	60	35	None	None	testing
3	my	f	18	green	3	(80, 0)	(40, 69)	(-39, 69)	(-80, 0)	(-40, -69)	(40, -69)	diamond	green	dif	left	left	(40, -69)	(40, 69)	search	nr	True	501148	502126	left	10	85	135	110	160	35	None	None	testing
3	my	f	18	green	3	(80, 0)	(40, 69)	(-39, 69)	(-80, 0)	(-40, -69)	(40, -69)	diamond	green	dif	right	right	(40, 69)	(40, -69)	search	nr	True	503301	504142	right	135	85	110	10	60	35	None	None	testing
3	my	f	18	green	3	(80, 0)	(40, 69)	(-39, 69)	(-80, 0)	(-40, -69)	(40, -69)	circle	none	dif	left	left	N_dist	(-80, 0)	search	nr	True	505239	506430	left	160	110	85	60	135	10	None	None	testing
3	my	f	18	green	3	(80, 0)	(40, 69)	(-39, 69)	(-80, 0)	(-40, -69)	(40, -69)	circle	none	same	right	right	N_dist	(-39, 69)	probe	h_tar	None	None	None	None	60	35	10	135	85	110	(-39, 69)	163	testing
3	my	f	18	green	3	(80, 0)	(40, 69)	(-39, 69)	(-80, 0)	(-40, -69)	(40, -69)	diamond	green	dif	left	left	(-39, 69)	(80, 0)	probe	norm	None	None	None	None	110	135	10	160	35	85	(40, 69)	20	testing
3	my	f	18	green	3	(80, 0)	(40, 69)	(-39, 69)	(-80, 0)	(-40, -69)	(40, -69)	circle	green	same	left	left	(-39, 69)	(-40, -69)	search	nr	True	518029	519038	left	60	110	135	160	85	35	None	None	testing
3	my	f	18	green	3	(80, 0)	(40, 69)	(-39, 69)	(-80, 0)	(-40, -69)	(40, -69)	diamond	green	dif	left	left	(40, -69)	(40, 69)	search	nr	True	520132	520846	left	10	160	135	60	35	110	None	None	testing
3	my	f	18	green	3	(80, 0)	(40, 69)	(-39, 69)	(-80, 0)	(-40, -69)	(40, -69)	circle	green	dif	left	left	(-39, 69)	(-80, 0)	search	nr	True	522120	522959	left	160	35	110	10	60	135	None	None	testing
3	my	f	18	green	3	(80, 0)	(40, 69)	(-39, 69)	(-80, 0)	(-40, -69)	(40, -69)	diamond	green	same	left	left	(-39, 69)	(40, 69)	search	nr	True	524157	524894	left	110	60	85	35	10	135	None	None	testing
3	my	f	18	green	3	(80, 0)	(40, 69)	(-39, 69)	(-80, 0)	(-40, -69)	(40, -69)	diamond	green	same	right	right	(-39, 69)	(80, 0)	probe	norm	None	None	None	None	110	160	60	135	85	35	(40, 69)	27	testing
3	my	f	18	green	3	(80, 0)	(40, 69)	(-39, 69)	(-80, 0)	(-40, -69)	(40, -69)	circle	none	dif	right	right	N_dist	(-39, 69)	search	nr	True	531336	532142	right	60	160	135	110	85	35	None	None	testing
3	my	f	18	green	3	(80, 0)	(40, 69)	(-39, 69)	(-80, 0)	(-40, -69)	(40, -69)	diamond	green	same	left	left	(-39, 69)	(40, -69)	probe	h_sin	None	None	None	None	160	10	135	60	35	85	(-39, 69)	21	testing
3	my	f	18	green	3	(80, 0)	(40, 69)	(-39, 69)	(-80, 0)	(-40, -69)	(40, -69)	circle	none	same	right	right	N_dist	(40, -69)	search	nr	True	537714	538798	right	35	160	60	10	135	85	None	None	testing
3	my	f	18	green	3	(80, 0)	(40, 69)	(-39, 69)	(-80, 0)	(-40, -69)	(40, -69)	diamond	none	dif	right	right	N_dist	(-39, 69)	search	nr	True	540102	540766	right	135	60	35	10	160	85	None	None	testing
3	my	f	18	green	3	(80, 0)	(40, 69)	(-39, 69)	(-80, 0)	(-40, -69)	(40, -69)	circle	none	dif	right	right	N_dist	(40, 69)	probe	l_norm	None	None	None	None	60	160	10	85	110	135	(40, -69)	17	testing
3	my	f	18	green	3	(80, 0)	(40, 69)	(-39, 69)	(-80, 0)	(-40, -69)	(40, -69)	diamond	green	same	left	left	(-39, 69)	(40, -69)	search	nr	True	547116	547934	left	160	135	60	85	35	110	None	None	testing
3	my	f	18	green	3	(80, 0)	(40, 69)	(-39, 69)	(-80, 0)	(-40, -69)	(40, -69)	diamond	green	dif	right	right	(80, 0)	(40, -69)	search	nr	True	549252	550462	right	135	10	35	160	110	85	None	None	testing
3	my	f	18	green	3	(80, 0)	(40, 69)	(-39, 69)	(-80, 0)	(-40, -69)	(40, -69)	circle	none	same	left	left	N_dist	(40, 69)	search	nr	True	551757	553614	left	60	35	85	135	110	10	None	None	testing
3	my	f	18	green	3	(80, 0)	(40, 69)	(-39, 69)	(-80, 0)	(-40, -69)	(40, -69)	circle	green	dif	right	right	(40, 69)	(40, -69)	search	nr	True	554863	555646	right	110	85	10	60	160	135	None	None	testing
3	my	f	18	green	3	(80, 0)	(40, 69)	(-39, 69)	(-80, 0)	(-40, -69)	(40, -69)	circle	green	same	right	right	(-39, 69)	(-40, -69)	search	nr	True	556950	557758	right	110	160	35	85	10	60	None	None	testing
3	my	f	18	green	3	(80, 0)	(40, 69)	(-39, 69)	(-80, 0)	(-40, -69)	(40, -69)	circle	green	dif	left	left	(-39, 69)	(-40, -69)	search	nr	True	558970	559758	left	10	160	85	135	35	110	None	None	testing
3	my	f	18	green	3	(80, 0)	(40, 69)	(-39, 69)	(-80, 0)	(-40, -69)	(40, -69)	circle	green	same	right	right	(-39, 69)	(80, 0)	search	nr	True	560991	561774	right	110	85	60	135	10	35	None	None	testing
3	my	f	18	green	3	(80, 0)	(40, 69)	(-39, 69)	(-80, 0)	(-40, -69)	(40, -69)	diamond	green	dif	left	left	(40, -69)	(80, 0)	search	nr	True	562945	563998	left	35	135	85	60	160	110	None	None	testing
3	my	f	18	green	3	(80, 0)	(40, 69)	(-39, 69)	(-80, 0)	(-40, -69)	(40, -69)	diamond	green	dif	right	right	(40, 69)	(40, -69)	probe	l_sin	None	None	None	None	135	85	60	110	10	160	(40, 69)	168	testing
3	my	f	18	green	3	(80, 0)	(40, 69)	(-39, 69)	(-80, 0)	(-40, -69)	(40, -69)	circle	green	same	left	left	(-39, 69)	(40, 69)	probe	norm	None	None	None	None	135	35	10	85	60	110	(-80, 0)	5	testing
3	my	f	18	green	3	(80, 0)	(40, 69)	(-39, 69)	(-80, 0)	(-40, -69)	(40, -69)	diamond	none	dif	left	left	N_dist	(-39, 69)	search	nr	True	573263	574014	left	110	35	60	135	160	10	None	None	testing
3	my	f	18	green	3	(80, 0)	(40, 69)	(-39, 69)	(-80, 0)	(-40, -69)	(40, -69)	circle	green	same	right	right	(-80, 0)	(40, -69)	probe	l_sin	None	None	None	None	160	10	85	60	110	35	(-80, 0)	168	testing
3	my	f	18	green	3	(80, 0)	(40, 69)	(-39, 69)	(-80, 0)	(-40, -69)	(40, -69)	diamond	green	same	right	right	(-39, 69)	(40, 69)	search	nr	True	579558	580287	right	60	110	160	85	10	35	None	None	testing
3	my	f	18	green	3	(80, 0)	(40, 69)	(-39, 69)	(-80, 0)	(-40, -69)	(40, -69)	diamond	green	same	left	left	(-39, 69)	(40, 69)	probe	norm	None	None	None	None	110	135	10	35	160	85	(-80, 0)	161	testing
3	my	f	18	green	3	(80, 0)	(40, 69)	(-39, 69)	(-80, 0)	(-40, -69)	(40, -69)	circle	green	dif	right	right	(40, 69)	(40, -69)	search	nr	True	587039	587917	right	60	35	160	10	135	110	None	None	testing
3	my	f	18	green	3	(80, 0)	(40, 69)	(-39, 69)	(-80, 0)	(-40, -69)	(40, -69)	diamond	green	dif	left	left	(80, 0)	(-80, 0)	probe	tar	None	None	None	None	135	35	10	85	110	160	(-80, 0)	8	testing
3	my	f	18	green	3	(80, 0)	(40, 69)	(-39, 69)	(-80, 0)	(-40, -69)	(40, -69)	diamond	none	same	left	left	N_dist	(40, 69)	search	nr	True	592933	593630	left	135	85	160	60	35	10	None	None	testing
3	my	f	18	green	3	(80, 0)	(40, 69)	(-39, 69)	(-80, 0)	(-40, -69)	(40, -69)	diamond	green	dif	left	left	(-39, 69)	(80, 0)	search	nr	True	594886	595534	left	110	60	160	85	135	35	None	None	testing
3	my	f	18	green	3	(80, 0)	(40, 69)	(-39, 69)	(-80, 0)	(-40, -69)	(40, -69)	diamond	none	dif	right	right	N_dist	(40, -69)	search	nr	True	596657	597406	right	35	10	60	135	110	160	None	None	testing
3	my	f	18	green	3	(80, 0)	(40, 69)	(-39, 69)	(-80, 0)	(-40, -69)	(40, -69)	circle	green	same	left	left	(-39, 69)	(40, -69)	search	nr	True	598677	599326	left	60	110	160	85	35	10	None	None	testing
3	my	f	18	green	3	(80, 0)	(40, 69)	(-39, 69)	(-80, 0)	(-40, -69)	(40, -69)	circle	green	dif	left	left	(-39, 69)	(-80, 0)	search	nr	True	600614	601566	left	10	85	160	35	110	60	None	None	testing
3	my	f	18	green	3	(80, 0)	(40, 69)	(-39, 69)	(-80, 0)	(-40, -69)	(40, -69)	diamond	green	dif	left	left	(-39, 69)	(-40, -69)	search	nr	True	602834	603469	left	60	35	10	85	110	135	None	None	testing
3	my	f	18	green	3	(80, 0)	(40, 69)	(-39, 69)	(-80, 0)	(-40, -69)	(40, -69)	circle	green	dif	left	left	(-39, 69)	(-40, -69)	search	nr	True	604538	605167	left	85	160	60	110	10	135	None	None	testing
3	my	f	18	green	3	(80, 0)	(40, 69)	(-39, 69)	(-80, 0)	(-40, -69)	(40, -69)	circle	none	dif	left	left	N_dist	(-80, 0)	search	nr	True	606325	606911	left	60	135	35	110	160	10	None	None	testing
3	my	f	18	green	3	(80, 0)	(40, 69)	(-39, 69)	(-80, 0)	(-40, -69)	(40, -69)	circle	green	dif	left	left	(-39, 69)	(80, 0)	probe	tar	None	None	None	None	135	110	160	85	60	35	(80, 0)	17	testing
3	my	f	18	green	3	(80, 0)	(40, 69)	(-39, 69)	(-80, 0)	(-40, -69)	(40, -69)	diamond	none	same	right	right	N_dist	(40, 69)	probe	h_norm	None	None	None	None	85	10	160	35	60	135	(-39, 69)	19	testing
3	my	f	18	green	3	(80, 0)	(40, 69)	(-39, 69)	(-80, 0)	(-40, -69)	(40, -69)	circle	green	dif	left	left	(-39, 69)	(-40, -69)	search	nr	True	617645	618494	left	110	60	10	35	85	160	None	None	testing
3	my	f	18	green	3	(80, 0)	(40, 69)	(-39, 69)	(-80, 0)	(-40, -69)	(40, -69)	diamond	green	same	right	right	(-39, 69)	(40, -69)	probe	tar	None	None	None	None	85	10	135	35	60	110	(40, -69)	16	testing
3	my	f	18	green	3	(80, 0)	(40, 69)	(-39, 69)	(-80, 0)	(-40, -69)	(40, -69)	diamond	green	same	left	left	(40, -69)	(80, 0)	probe	l_sin	None	None	None	None	160	110	85	10	135	35	(40, -69)	155	testing
3	my	f	18	green	3	(80, 0)	(40, 69)	(-39, 69)	(-80, 0)	(-40, -69)	(40, -69)	circle	green	same	right	right	(-39, 69)	(-40, -69)	probe	h_sin	None	None	None	None	10	135	160	110	35	85	(-39, 69)	23	testing
3	my	f	18	green	3	(80, 0)	(40, 69)	(-39, 69)	(-80, 0)	(-40, -69)	(40, -69)	diamond	none	dif	left	left	N_dist	(-39, 69)	search	nr	True	633291	634094	left	35	135	160	85	110	60	None	None	testing
3	my	f	18	green	3	(80, 0)	(40, 69)	(-39, 69)	(-80, 0)	(-40, -69)	(40, -69)	diamond	none	dif	left	left	N_dist	(-39, 69)	search	nr	True	635261	635774	left	160	35	110	60	85	10	None	None	testing
3	my	f	18	green	3	(80, 0)	(40, 69)	(-39, 69)	(-80, 0)	(-40, -69)	(40, -69)	circle	green	same	left	left	(-80, 0)	(40, 69)	probe	tar	None	None	None	None	135	60	85	160	110	35	(40, 69)	166	testing
3	my	f	18	green	3	(80, 0)	(40, 69)	(-39, 69)	(-80, 0)	(-40, -69)	(40, -69)	diamond	green	dif	left	left	(-39, 69)	(40, -69)	probe	tar	None	None	None	None	10	35	160	60	110	135	(40, -69)	29	testing
3	my	f	18	green	3	(80, 0)	(40, 69)	(-39, 69)	(-80, 0)	(-40, -69)	(40, -69)	circle	green	same	right	right	(-39, 69)	(40, -69)	probe	tar	None	None	None	None	60	10	85	110	160	35	(40, -69)	148	testing
3	my	f	18	green	3	(80, 0)	(40, 69)	(-39, 69)	(-80, 0)	(-40, -69)	(40, -69)	diamond	green	same	right	right	(-40, -69)	(40, 69)	search	nr	True	651891	652669	right	60	160	10	85	35	110	None	None	testing
3	my	f	18	green	3	(80, 0)	(40, 69)	(-39, 69)	(-80, 0)	(-40, -69)	(40, -69)	circle	green	dif	right	right	(-39, 69)	(40, -69)	search	nr	True	653778	654638	right	60	35	160	10	85	135	None	None	testing
3	my	f	18	green	3	(80, 0)	(40, 69)	(-39, 69)	(-80, 0)	(-40, -69)	(40, -69)	diamond	green	same	left	left	(40, -69)	(-80, 0)	probe	l_sin	None	None	None	None	60	85	10	135	35	110	(40, -69)	21	testing
3	my	f	18	green	3	(80, 0)	(40, 69)	(-39, 69)	(-80, 0)	(-40, -69)	(40, -69)	circle	none	dif	left	left	N_dist	(-40, -69)	search	nr	True	660040	660718	left	160	110	85	135	35	10	None	None	testing
3	my	f	18	green	3	(80, 0)	(40, 69)	(-39, 69)	(-80, 0)	(-40, -69)	(40, -69)	diamond	none	dif	right	right	N_dist	(-40, -69)	search	nr	True	661792	662751	right	110	35	60	160	135	85	None	None	testing
3	my	f	18	green	3	(80, 0)	(40, 69)	(-39, 69)	(-80, 0)	(-40, -69)	(40, -69)	diamond	green	dif	right	right	(40, -69)	(40, 69)	search	nr	True	663830	664494	right	85	35	60	110	10	135	None	None	testing
3	my	f	18	green	3	(80, 0)	(40, 69)	(-39, 69)	(-80, 0)	(-40, -69)	(40, -69)	diamond	none	dif	right	right	N_dist	(-40, -69)	search	nr	True	665767	667022	right	35	10	160	110	85	135	None	None	testing
3	my	f	18	green	3	(80, 0)	(40, 69)	(-39, 69)	(-80, 0)	(-40, -69)	(40, -69)	circle	green	same	right	right	(-39, 69)	(-40, -69)	search	nr	True	668155	668974	right	85	35	160	110	135	60	None	None	testing
3	my	f	18	green	3	(80, 0)	(40, 69)	(-39, 69)	(-80, 0)	(-40, -69)	(40, -69)	diamond	green	dif	right	right	(-39, 69)	(80, 0)	search	nr	True	670108	670878	right	110	60	160	85	35	10	None	None	testing
3	my	f	18	green	3	(80, 0)	(40, 69)	(-39, 69)	(-80, 0)	(-40, -69)	(40, -69)	circle	green	dif	left	left	(40, 69)	(-80, 0)	search	nr	True	672062	673102	left	85	110	60	135	160	35	None	None	testing
3	my	f	18	green	3	(80, 0)	(40, 69)	(-39, 69)	(-80, 0)	(-40, -69)	(40, -69)	circle	green	dif	left	left	(-39, 69)	(80, 0)	search	nr	True	674316	675006	left	85	60	10	135	110	35	None	None	testing
3	my	f	18	green	3	(80, 0)	(40, 69)	(-39, 69)	(-80, 0)	(-40, -69)	(40, -69)	diamond	none	dif	right	right	N_dist	(-39, 69)	probe	h_tar	None	None	None	None	85	10	60	35	160	135	(-39, 69)	169	testing
3	my	f	18	green	3	(80, 0)	(40, 69)	(-39, 69)	(-80, 0)	(-40, -69)	(40, -69)	circle	none	same	right	right	N_dist	(40, -69)	probe	l_tar	None	None	None	None	60	85	110	135	35	160	(40, -69)	27	testing
3	my	f	18	green	3	(80, 0)	(40, 69)	(-39, 69)	(-80, 0)	(-40, -69)	(40, -69)	circle	green	same	left	left	(-39, 69)	(-40, -69)	search	nr	True	684368	685134	left	35	85	160	10	110	135	None	None	testing
3	my	f	18	green	3	(80, 0)	(40, 69)	(-39, 69)	(-80, 0)	(-40, -69)	(40, -69)	circle	green	same	right	right	(-39, 69)	(-40, -69)	search	nr	True	686271	687085	right	60	35	110	135	10	85	None	None	testing
3	my	f	18	green	3	(80, 0)	(40, 69)	(-39, 69)	(-80, 0)	(-40, -69)	(40, -69)	diamond	green	same	right	right	(-40, -69)	(80, 0)	search	nr	True	688358	689102	right	10	60	160	35	85	135	None	None	testing
3	my	f	18	green	3	(80, 0)	(40, 69)	(-39, 69)	(-80, 0)	(-40, -69)	(40, -69)	circle	green	dif	left	left	(-39, 69)	(-40, -69)	search	nr	True	690395	691070	left	85	160	35	10	60	135	None	None	testing
3	my	f	18	green	3	(80, 0)	(40, 69)	(-39, 69)	(-80, 0)	(-40, -69)	(40, -69)	diamond	none	dif	right	right	N_dist	(-40, -69)	probe	h_norm	None	None	None	None	10	35	160	60	110	85	(-39, 69)	16	testing
3	my	f	18	green	3	(80, 0)	(40, 69)	(-39, 69)	(-80, 0)	(-40, -69)	(40, -69)	circle	green	dif	left	left	(-39, 69)	(-80, 0)	search	nr	True	696824	698494	left	160	85	110	135	35	10	None	None	testing
3	my	f	18	green	3	(80, 0)	(40, 69)	(-39, 69)	(-80, 0)	(-40, -69)	(40, -69)	circle	none	dif	left	left	N_dist	(40, -69)	probe	h_norm	None	None	None	None	10	85	160	35	110	135	(-39, 69)	21	testing
3	my	f	18	green	3	(80, 0)	(40, 69)	(-39, 69)	(-80, 0)	(-40, -69)	(40, -69)	circle	none	dif	left	left	N_dist	(-40, -69)	probe	l_tar	None	None	None	None	60	35	110	160	85	10	(-40, -69)	170	testing
3	my	f	18	green	3	(80, 0)	(40, 69)	(-39, 69)	(-80, 0)	(-40, -69)	(40, -69)	circle	green	dif	right	right	(-39, 69)	(40, 69)	probe	h_sin	None	None	None	None	110	10	60	35	160	135	(-39, 69)	169	testing
3	my	f	18	green	3	(80, 0)	(40, 69)	(-39, 69)	(-80, 0)	(-40, -69)	(40, -69)	circle	none	dif	right	right	N_dist	(80, 0)	probe	l_norm	None	None	None	None	85	10	160	110	135	60	(40, -69)	157	testing
3	my	f	18	green	3	(80, 0)	(40, 69)	(-39, 69)	(-80, 0)	(-40, -69)	(40, -69)	circle	none	dif	left	left	N_dist	(-40, -69)	search	nr	True	716661	717950	left	110	35	85	10	135	160	None	None	testing
3	my	f	18	green	3	(80, 0)	(40, 69)	(-39, 69)	(-80, 0)	(-40, -69)	(40, -69)	circle	green	dif	right	right	(-39, 69)	(40, -69)	probe	norm	None	None	None	None	110	160	60	10	35	135	(80, 0)	156	testing
3	my	f	18	green	3	(80, 0)	(40, 69)	(-39, 69)	(-80, 0)	(-40, -69)	(40, -69)	circle	green	dif	left	left	(-39, 69)	(-40, -69)	probe	tar	None	None	None	None	35	85	60	160	10	110	(-40, -69)	155	testing
3	my	f	18	green	3	(80, 0)	(40, 69)	(-39, 69)	(-80, 0)	(-40, -69)	(40, -69)	diamond	green	dif	right	right	(40, 69)	(-40, -69)	search	nr	True	728465	729230	right	135	160	60	85	35	10	None	None	testing
3	my	f	18	green	3	(80, 0)	(40, 69)	(-39, 69)	(-80, 0)	(-40, -69)	(40, -69)	circle	none	same	left	left	N_dist	(-80, 0)	search	nr	True	730469	731326	left	10	60	35	110	85	135	None	None	testing
3	my	f	18	green	3	(80, 0)	(40, 69)	(-39, 69)	(-80, 0)	(-40, -69)	(40, -69)	circle	green	same	left	left	(-39, 69)	(40, -69)	probe	tar	None	None	None	None	60	85	10	35	110	135	(40, -69)	25	testing
3	my	f	18	green	3	(80, 0)	(40, 69)	(-39, 69)	(-80, 0)	(-40, -69)	(40, -69)	circle	none	same	left	left	N_dist	(40, 69)	search	nr	True	737365	738078	left	85	35	60	160	10	110	None	None	testing
3	my	f	18	green	3	(80, 0)	(40, 69)	(-39, 69)	(-80, 0)	(-40, -69)	(40, -69)	diamond	green	same	left	left	(-39, 69)	(-40, -69)	search	nr	True	739168	739837	left	60	85	110	135	160	10	None	None	testing
3	my	f	18	green	3	(80, 0)	(40, 69)	(-39, 69)	(-80, 0)	(-40, -69)	(40, -69)	diamond	green	same	right	right	(-39, 69)	(40, 69)	probe	tar	None	None	None	None	10	85	160	110	135	60	(40, 69)	169	testing
3	my	f	18	green	3	(80, 0)	(40, 69)	(-39, 69)	(-80, 0)	(-40, -69)	(40, -69)	circle	green	same	left	left	(-39, 69)	(-40, -69)	search	nr	True	744696	745470	left	85	160	60	35	135	10	None	None	testing
3	my	f	18	green	3	(80, 0)	(40, 69)	(-39, 69)	(-80, 0)	(-40, -69)	(40, -69)	circle	green	same	left	left	(-39, 69)	(40, 69)	search	nr	True	746666	747326	left	135	110	35	10	85	160	None	None	testing
3	my	f	18	green	3	(80, 0)	(40, 69)	(-39, 69)	(-80, 0)	(-40, -69)	(40, -69)	circle	none	same	right	right	N_dist	(40, -69)	probe	l_tar	None	None	None	None	60	110	135	85	160	10	(40, -69)	58	testing
3	my	f	18	green	3	(80, 0)	(40, 69)	(-39, 69)	(-80, 0)	(-40, -69)	(40, -69)	circle	green	dif	right	right	(-40, -69)	(40, -69)	search	nr	True	753829	754910	right	60	10	110	85	135	160	None	None	testing
3	my	f	18	green	3	(80, 0)	(40, 69)	(-39, 69)	(-80, 0)	(-40, -69)	(40, -69)	circle	green	same	right	right	(-80, 0)	(80, 0)	search	nr	True	756183	757422	right	60	135	160	85	35	110	None	None	testing
3	my	f	18	green	3	(80, 0)	(40, 69)	(-39, 69)	(-80, 0)	(-40, -69)	(40, -69)	diamond	green	dif	right	right	(80, 0)	(40, -69)	probe	l_sin	None	None	None	None	160	60	135	10	35	85	(80, 0)	31	testing
3	my	f	18	green	3	(80, 0)	(40, 69)	(-39, 69)	(-80, 0)	(-40, -69)	(40, -69)	circle	none	same	left	left	N_dist	(-80, 0)	search	nr	True	762662	763294	left	35	110	60	85	135	10	None	None	testing
3	my	f	18	green	3	(80, 0)	(40, 69)	(-39, 69)	(-80, 0)	(-40, -69)	(40, -69)	diamond	green	dif	right	right	(-39, 69)	(-40, -69)	probe	tar	None	None	None	None	35	110	160	60	135	10	(-40, -69)	27	testing
3	my	f	18	green	3	(80, 0)	(40, 69)	(-39, 69)	(-80, 0)	(-40, -69)	(40, -69)	diamond	green	same	right	right	(-40, -69)	(40, -69)	search	nr	True	771227	772014	right	135	10	85	35	160	110	None	None	testing
3	my	f	18	green	3	(80, 0)	(40, 69)	(-39, 69)	(-80, 0)	(-40, -69)	(40, -69)	circle	green	dif	right	right	(-39, 69)	(80, 0)	search	nr	True	773332	774158	right	110	60	135	10	35	85	None	None	testing
3	my	f	18	green	3	(80, 0)	(40, 69)	(-39, 69)	(-80, 0)	(-40, -69)	(40, -69)	circle	green	same	right	right	(-39, 69)	(-80, 0)	search	nr	True	775352	776366	right	85	35	110	135	160	60	None	None	testing
3	my	f	18	green	3	(80, 0)	(40, 69)	(-39, 69)	(-80, 0)	(-40, -69)	(40, -69)	circle	green	same	right	right	(-39, 69)	(40, -69)	probe	h_sin	None	None	None	None	35	110	85	60	10	135	(-39, 69)	9	testing
3	my	f	18	green	3	(80, 0)	(40, 69)	(-39, 69)	(-80, 0)	(-40, -69)	(40, -69)	circle	green	dif	right	right	(-39, 69)	(80, 0)	probe	tar	None	None	None	None	85	10	60	35	110	160	(80, 0)	165	testing
3	my	f	18	green	3	(80, 0)	(40, 69)	(-39, 69)	(-80, 0)	(-40, -69)	(40, -69)	diamond	none	dif	right	right	N_dist	(-39, 69)	probe	h_tar	None	None	None	None	35	60	10	110	85	135	(-39, 69)	159	testing
3	my	f	18	green	3	(80, 0)	(40, 69)	(-39, 69)	(-80, 0)	(-40, -69)	(40, -69)	diamond	green	dif	right	right	(-39, 69)	(80, 0)	probe	norm	None	None	None	None	35	135	85	60	160	110	(40, -69)	26	testing
3	my	f	18	green	3	(80, 0)	(40, 69)	(-39, 69)	(-80, 0)	(-40, -69)	(40, -69)	diamond	green	dif	left	left	(-39, 69)	(40, 69)	probe	norm	None	None	None	None	85	60	160	110	10	35	(-80, 0)	7	testing
3	my	f	18	green	3	(80, 0)	(40, 69)	(-39, 69)	(-80, 0)	(-40, -69)	(40, -69)	diamond	green	same	left	left	(-39, 69)	(40, 69)	search	nr	True	803069	804301	left	160	35	10	110	60	85	None	None	testing
3	my	f	18	green	3	(80, 0)	(40, 69)	(-39, 69)	(-80, 0)	(-40, -69)	(40, -69)	diamond	green	same	left	left	(-39, 69)	(40, 69)	search	nr	True	805458	806110	left	85	110	60	160	35	10	None	None	testing
3	my	f	18	green	3	(80, 0)	(40, 69)	(-39, 69)	(-80, 0)	(-40, -69)	(40, -69)	circle	green	dif	right	right	(-39, 69)	(40, -69)	search	nr	True	807411	808526	right	85	10	135	110	35	160	None	None	testing
3	my	f	18	green	3	(80, 0)	(40, 69)	(-39, 69)	(-80, 0)	(-40, -69)	(40, -69)	circle	green	dif	right	right	(-40, -69)	(40, -69)	search	nr	True	809715	811166	right	10	85	35	110	160	135	None	None	testing
3	my	f	18	green	3	(80, 0)	(40, 69)	(-39, 69)	(-80, 0)	(-40, -69)	(40, -69)	diamond	green	same	right	right	(-40, -69)	(40, -69)	probe	tar	None	None	None	None	85	160	35	135	60	110	(40, -69)	15	testing
3	my	f	18	green	3	(80, 0)	(40, 69)	(-39, 69)	(-80, 0)	(-40, -69)	(40, -69)	circle	green	same	right	right	(-39, 69)	(80, 0)	search	nr	True	815609	816862	right	10	110	60	160	135	35	None	None	testing
3	my	f	18	green	3	(80, 0)	(40, 69)	(-39, 69)	(-80, 0)	(-40, -69)	(40, -69)	diamond	none	same	left	left	N_dist	(80, 0)	search	nr	True	818180	818893	left	160	35	135	10	110	85	None	None	testing
3	my	f	18	green	3	(80, 0)	(40, 69)	(-39, 69)	(-80, 0)	(-40, -69)	(40, -69)	circle	none	same	left	left	N_dist	(40, 69)	probe	l_tar	None	None	None	None	10	160	135	110	35	85	(40, 69)	28	testing
3	my	f	18	green	3	(80, 0)	(40, 69)	(-39, 69)	(-80, 0)	(-40, -69)	(40, -69)	circle	green	same	right	right	(-39, 69)	(-80, 0)	search	nr	True	824058	825070	right	110	135	60	85	160	10	None	None	testing
3	my	f	18	green	3	(80, 0)	(40, 69)	(-39, 69)	(-80, 0)	(-40, -69)	(40, -69)	circle	green	same	left	left	(-39, 69)	(-40, -69)	search	nr	True	826345	827118	left	60	135	160	10	110	35	None	None	testing
3	my	f	18	green	3	(80, 0)	(40, 69)	(-39, 69)	(-80, 0)	(-40, -69)	(40, -69)	diamond	green	dif	left	left	(-39, 69)	(40, -69)	search	nr	True	828416	829294	left	35	10	110	135	85	60	None	None	testing
3	my	f	18	green	3	(80, 0)	(40, 69)	(-39, 69)	(-80, 0)	(-40, -69)	(40, -69)	diamond	none	dif	right	right	N_dist	(-40, -69)	search	nr	True	830436	831293	right	85	35	135	160	60	110	None	None	testing
3	my	f	18	green	3	(80, 0)	(40, 69)	(-39, 69)	(-80, 0)	(-40, -69)	(40, -69)	circle	none	same	right	right	N_dist	(40, -69)	search	nr	True	832490	833230	right	85	10	110	60	135	35	None	None	testing
3	my	f	18	green	3	(80, 0)	(40, 69)	(-39, 69)	(-80, 0)	(-40, -69)	(40, -69)	diamond	green	dif	left	left	(-39, 69)	(-40, -69)	search	nr	True	834411	835022	left	110	10	85	60	135	160	None	None	testing
3	my	f	18	green	3	(80, 0)	(40, 69)	(-39, 69)	(-80, 0)	(-40, -69)	(40, -69)	circle	green	dif	left	left	(-80, 0)	(40, 69)	search	nr	True	836080	837501	left	60	135	10	85	110	160	None	None	testing
3	my	f	18	green	3	(80, 0)	(40, 69)	(-39, 69)	(-80, 0)	(-40, -69)	(40, -69)	circle	none	dif	left	left	N_dist	(-80, 0)	probe	l_tar	None	None	None	None	10	60	110	160	35	85	(-80, 0)	19	testing
3	my	f	18	green	3	(80, 0)	(40, 69)	(-39, 69)	(-80, 0)	(-40, -69)	(40, -69)	diamond	green	dif	right	right	(40, -69)	(40, 69)	probe	l_sin	None	None	None	None	10	135	85	110	60	160	(40, -69)	25	testing
3	my	f	18	green	3	(80, 0)	(40, 69)	(-39, 69)	(-80, 0)	(-40, -69)	(40, -69)	diamond	green	same	left	left	(40, -69)	(80, 0)	search	nr	True	847384	848238	left	135	10	110	160	85	35	None	None	testing
3	my	f	18	green	3	(80, 0)	(40, 69)	(-39, 69)	(-80, 0)	(-40, -69)	(40, -69)	diamond	green	dif	left	left	(-39, 69)	(80, 0)	search	nr	True	849521	850142	left	10	35	110	60	85	135	None	None	testing
3	my	f	18	green	3	(80, 0)	(40, 69)	(-39, 69)	(-80, 0)	(-40, -69)	(40, -69)	diamond	none	same	left	left	N_dist	(80, 0)	search	nr	True	851341	852061	left	110	85	35	160	60	10	None	None	testing
3	my	f	18	green	3	(80, 0)	(40, 69)	(-39, 69)	(-80, 0)	(-40, -69)	(40, -69)	circle	green	same	right	right	(-39, 69)	(80, 0)	probe	norm	None	None	None	None	110	10	60	135	85	160	(-80, 0)	10	testing
3	my	f	18	green	3	(80, 0)	(40, 69)	(-39, 69)	(-80, 0)	(-40, -69)	(40, -69)	circle	green	same	right	right	(-80, 0)	(40, -69)	search	nr	True	858187	859102	right	85	35	110	160	10	60	None	None	testing
3	my	f	18	green	3	(80, 0)	(40, 69)	(-39, 69)	(-80, 0)	(-40, -69)	(40, -69)	circle	green	dif	right	right	(-39, 69)	(80, 0)	search	nr	True	860341	861085	right	135	160	110	85	60	10	None	None	testing
3	my	f	18	green	3	(80, 0)	(40, 69)	(-39, 69)	(-80, 0)	(-40, -69)	(40, -69)	circle	green	same	left	left	(-39, 69)	(-80, 0)	search	nr	True	862395	863006	left	10	160	60	85	35	135	None	None	testing
3	my	f	18	green	3	(80, 0)	(40, 69)	(-39, 69)	(-80, 0)	(-40, -69)	(40, -69)	circle	green	same	left	left	(-39, 69)	(80, 0)	probe	h_sin	None	None	None	None	110	35	160	135	10	85	(-39, 69)	21	testing
3	my	f	18	green	3	(80, 0)	(40, 69)	(-39, 69)	(-80, 0)	(-40, -69)	(40, -69)	diamond	green	same	right	right	(-40, -69)	(40, -69)	search	nr	True	868707	869454	right	35	10	60	110	85	135	None	None	testing
3	my	f	18	green	3	(80, 0)	(40, 69)	(-39, 69)	(-80, 0)	(-40, -69)	(40, -69)	circle	green	same	right	right	(-39, 69)	(-80, 0)	search	nr	True	870560	871757	right	60	10	110	85	160	35	None	None	testing
3	my	f	18	green	3	(80, 0)	(40, 69)	(-39, 69)	(-80, 0)	(-40, -69)	(40, -69)	circle	none	dif	right	right	N_dist	(40, 69)	search	nr	True	872981	873646	right	160	135	35	110	85	10	None	None	testing
3	my	f	18	green	3	(80, 0)	(40, 69)	(-39, 69)	(-80, 0)	(-40, -69)	(40, -69)	diamond	green	same	right	right	(-39, 69)	(40, 69)	search	nr	True	874818	875470	right	10	160	35	60	110	85	None	None	testing
3	my	f	18	green	3	(80, 0)	(40, 69)	(-39, 69)	(-80, 0)	(-40, -69)	(40, -69)	circle	green	same	left	left	(-80, 0)	(40, 69)	probe	l_sin	None	None	None	None	85	10	35	110	60	135	(-80, 0)	9	testing
3	my	f	18	green	3	(80, 0)	(40, 69)	(-39, 69)	(-80, 0)	(-40, -69)	(40, -69)	diamond	green	same	right	right	(80, 0)	(-40, -69)	search	nr	True	880612	881678	right	35	10	110	160	60	135	None	None	testing
3	my	f	18	green	3	(80, 0)	(40, 69)	(-39, 69)	(-80, 0)	(-40, -69)	(40, -69)	circle	none	dif	right	right	N_dist	(-40, -69)	probe	h_norm	None	None	None	None	60	85	160	35	10	135	(-39, 69)	28	testing
3	my	f	18	green	3	(80, 0)	(40, 69)	(-39, 69)	(-80, 0)	(-40, -69)	(40, -69)	diamond	green	same	right	right	(-39, 69)	(-80, 0)	probe	h_sin	None	None	None	None	60	135	160	35	85	110	(-39, 69)	21	testing
3	my	f	18	green	3	(80, 0)	(40, 69)	(-39, 69)	(-80, 0)	(-40, -69)	(40, -69)	circle	none	same	right	right	N_dist	(80, 0)	search	nr	True	891365	892190	right	160	110	85	10	60	35	None	None	testing
3	my	f	18	green	3	(80, 0)	(40, 69)	(-39, 69)	(-80, 0)	(-40, -69)	(40, -69)	circle	green	same	left	left	(-39, 69)	(-40, -69)	probe	norm	None	None	None	None	110	35	85	135	160	10	(80, 0)	20	testing
3	my	f	18	green	3	(80, 0)	(40, 69)	(-39, 69)	(-80, 0)	(-40, -69)	(40, -69)	circle	green	same	right	right	(-80, 0)	(80, 0)	search	nr	True	897927	898830	right	135	110	60	10	85	35	None	None	testing
3	my	f	18	green	3	(80, 0)	(40, 69)	(-39, 69)	(-80, 0)	(-40, -69)	(40, -69)	diamond	green	dif	left	left	(-39, 69)	(80, 0)	probe	norm	None	None	None	None	35	85	60	160	135	110	(40, -69)	23	testing
3	my	f	18	green	3	(80, 0)	(40, 69)	(-39, 69)	(-80, 0)	(-40, -69)	(40, -69)	diamond	green	dif	left	left	(80, 0)	(-80, 0)	search	nr	True	904439	905166	left	10	135	60	110	160	85	None	None	testing
3	my	f	18	green	3	(80, 0)	(40, 69)	(-39, 69)	(-80, 0)	(-40, -69)	(40, -69)	circle	none	dif	left	left	N_dist	(40, -69)	search	nr	True	906309	907598	left	35	160	135	110	60	85	None	None	testing
3	my	f	18	green	3	(80, 0)	(40, 69)	(-39, 69)	(-80, 0)	(-40, -69)	(40, -69)	diamond	green	same	left	left	(-39, 69)	(-40, -69)	probe	h_sin	None	None	None	None	135	10	85	35	110	60	(-39, 69)	14	testing
3	my	f	18	green	3	(80, 0)	(40, 69)	(-39, 69)	(-80, 0)	(-40, -69)	(40, -69)	diamond	green	same	right	right	(-40, -69)	(40, 69)	search	nr	True	913222	913950	right	35	135	85	10	60	160	None	None	testing
3	my	f	18	green	3	(80, 0)	(40, 69)	(-39, 69)	(-80, 0)	(-40, -69)	(40, -69)	circle	none	same	left	left	N_dist	(80, 0)	search	nr	True	915025	915790	left	135	35	110	60	160	85	None	None	testing
3	my	f	18	green	3	(80, 0)	(40, 69)	(-39, 69)	(-80, 0)	(-40, -69)	(40, -69)	circle	green	dif	right	right	(-39, 69)	(-80, 0)	search	nr	True	917079	917998	right	60	135	160	10	85	35	None	None	testing
3	my	f	18	green	3	(80, 0)	(40, 69)	(-39, 69)	(-80, 0)	(-40, -69)	(40, -69)	circle	green	same	left	left	(-39, 69)	(40, 69)	probe	tar	None	None	None	None	85	135	160	10	35	60	(40, 69)	20	testing
3	my	f	18	green	3	(80, 0)	(40, 69)	(-39, 69)	(-80, 0)	(-40, -69)	(40, -69)	circle	none	dif	left	left	N_dist	(40, -69)	probe	l_norm	None	None	None	None	85	160	135	110	10	35	(80, 0)	178	testing
3	my	f	18	green	3	(80, 0)	(40, 69)	(-39, 69)	(-80, 0)	(-40, -69)	(40, -69)	circle	none	same	right	right	N_dist	(80, 0)	search	nr	True	930287	930942	right	110	85	35	135	160	10	None	None	testing
3	my	f	18	green	3	(80, 0)	(40, 69)	(-39, 69)	(-80, 0)	(-40, -69)	(40, -69)	diamond	none	same	right	right	N_dist	(40, -69)	search	nr	True	932056	933293	right	85	160	60	135	35	10	None	None	testing
3	my	f	18	green	3	(80, 0)	(40, 69)	(-39, 69)	(-80, 0)	(-40, -69)	(40, -69)	diamond	none	same	left	left	N_dist	(40, 69)	search	nr	True	934427	935166	left	85	135	110	10	35	160	None	None	testing
3	my	f	18	green	3	(80, 0)	(40, 69)	(-39, 69)	(-80, 0)	(-40, -69)	(40, -69)	diamond	green	same	right	right	(-40, -69)	(40, -69)	probe	tar	None	None	None	None	35	60	10	85	135	110	(40, -69)	11	testing
3	my	f	18	green	3	(80, 0)	(40, 69)	(-39, 69)	(-80, 0)	(-40, -69)	(40, -69)	circle	green	dif	left	left	(-39, 69)	(-40, -69)	search	nr	True	940823	941501	left	85	10	110	35	135	60	None	None	testing
3	my	f	18	green	3	(80, 0)	(40, 69)	(-39, 69)	(-80, 0)	(-40, -69)	(40, -69)	diamond	green	same	right	right	(-40, -69)	(40, -69)	search	nr	True	942660	943614	right	110	160	85	60	10	135	None	None	testing
3	my	f	18	green	3	(80, 0)	(40, 69)	(-39, 69)	(-80, 0)	(-40, -69)	(40, -69)	circle	none	same	left	left	N_dist	(-80, 0)	probe	l_norm	None	None	None	None	10	135	60	110	160	85	(40, -69)	14	testing
3	my	f	18	green	3	(80, 0)	(40, 69)	(-39, 69)	(-80, 0)	(-40, -69)	(40, -69)	circle	none	same	left	left	N_dist	(80, 0)	search	nr	True	949372	950045	left	10	135	160	85	60	35	None	None	testing
3	my	f	18	green	3	(80, 0)	(40, 69)	(-39, 69)	(-80, 0)	(-40, -69)	(40, -69)	circle	none	same	left	left	N_dist	(-80, 0)	search	nr	True	951225	952206	left	85	135	110	10	160	60	None	None	testing
3	my	f	18	green	3	(80, 0)	(40, 69)	(-39, 69)	(-80, 0)	(-40, -69)	(40, -69)	diamond	none	same	right	right	N_dist	(40, 69)	probe	h_norm	None	None	None	None	60	110	10	135	35	85	(-39, 69)	159	testing
3	my	f	18	green	3	(80, 0)	(40, 69)	(-39, 69)	(-80, 0)	(-40, -69)	(40, -69)	circle	none	dif	left	left	N_dist	(40, -69)	search	nr	True	958271	959005	left	35	160	135	110	10	85	None	None	testing
3	my	f	18	green	3	(80, 0)	(40, 69)	(-39, 69)	(-80, 0)	(-40, -69)	(40, -69)	diamond	green	dif	left	left	(-39, 69)	(80, 0)	search	nr	True	960308	960925	left	160	35	135	110	85	60	None	None	testing
3	my	f	18	green	3	(80, 0)	(40, 69)	(-39, 69)	(-80, 0)	(-40, -69)	(40, -69)	diamond	green	dif	left	left	(-40, -69)	(40, -69)	search	nr	True	961995	962958	left	85	60	10	135	35	110	None	None	testing
3	my	f	18	green	3	(80, 0)	(40, 69)	(-39, 69)	(-80, 0)	(-40, -69)	(40, -69)	diamond	none	same	right	right	N_dist	(-39, 69)	probe	h_tar	None	None	None	None	110	35	10	135	85	160	(-39, 69)	160	testing
3	my	f	18	green	3	(80, 0)	(40, 69)	(-39, 69)	(-80, 0)	(-40, -69)	(40, -69)	diamond	green	dif	left	left	(40, -69)	(80, 0)	search	nr	True	968507	969118	left	10	60	160	135	35	110	None	None	testing
3	my	f	18	green	3	(80, 0)	(40, 69)	(-39, 69)	(-80, 0)	(-40, -69)	(40, -69)	circle	green	dif	right	right	(-39, 69)	(40, -69)	search	nr	True	970227	971022	right	135	10	60	110	160	35	None	None	testing
3	my	f	18	green	3	(80, 0)	(40, 69)	(-39, 69)	(-80, 0)	(-40, -69)	(40, -69)	diamond	none	dif	right	right	N_dist	(-39, 69)	search	nr	True	972264	973118	right	160	135	85	110	35	10	None	None	testing
3	my	f	18	green	3	(80, 0)	(40, 69)	(-39, 69)	(-80, 0)	(-40, -69)	(40, -69)	circle	green	dif	right	right	(-80, 0)	(-40, -69)	search	nr	True	974401	975694	right	60	85	160	110	35	135	None	None	testing
3	my	f	18	green	3	(80, 0)	(40, 69)	(-39, 69)	(-80, 0)	(-40, -69)	(40, -69)	diamond	none	same	left	left	N_dist	(40, 69)	probe	l_norm	None	None	None	None	60	35	160	110	10	85	(40, -69)	17	testing
3	my	f	18	green	3	(80, 0)	(40, 69)	(-39, 69)	(-80, 0)	(-40, -69)	(40, -69)	diamond	green	same	left	left	(-39, 69)	(40, 69)	search	nr	True	980896	981629	left	110	60	135	160	10	35	None	None	testing
3	my	f	18	green	3	(80, 0)	(40, 69)	(-39, 69)	(-80, 0)	(-40, -69)	(40, -69)	diamond	green	dif	left	left	(80, 0)	(-80, 0)	search	nr	True	982900	983742	left	35	110	10	60	160	85	None	None	testing
3	my	f	18	green	3	(80, 0)	(40, 69)	(-39, 69)	(-80, 0)	(-40, -69)	(40, -69)	diamond	green	same	right	right	(-39, 69)	(40, -69)	search	nr	True	984987	985757	right	110	60	10	135	160	35	None	None	testing
3	my	f	18	green	3	(80, 0)	(40, 69)	(-39, 69)	(-80, 0)	(-40, -69)	(40, -69)	diamond	none	same	left	left	N_dist	(40, 69)	search	nr	True	986857	987421	left	110	60	85	135	35	10	None	None	testing
3	my	f	18	green	3	(80, 0)	(40, 69)	(-39, 69)	(-80, 0)	(-40, -69)	(40, -69)	diamond	green	same	left	left	(-39, 69)	(40, 69)	search	nr	True	988644	989213	left	110	160	85	135	60	35	None	None	testing
3	my	f	18	green	3	(80, 0)	(40, 69)	(-39, 69)	(-80, 0)	(-40, -69)	(40, -69)	circle	none	dif	left	left	N_dist	(-80, 0)	search	nr	True	990430	991469	left	85	110	160	135	60	35	None	None	testing
3	my	f	18	green	3	(80, 0)	(40, 69)	(-39, 69)	(-80, 0)	(-40, -69)	(40, -69)	circle	green	same	left	left	(80, 0)	(-40, -69)	search	nr	True	992551	993421	left	10	110	135	85	60	35	None	None	testing
3	my	f	18	green	3	(80, 0)	(40, 69)	(-39, 69)	(-80, 0)	(-40, -69)	(40, -69)	circle	green	dif	left	left	(-80, 0)	(40, 69)	search	nr	True	994722	995310	left	35	60	85	10	160	135	None	None	testing
3	my	f	18	green	3	(80, 0)	(40, 69)	(-39, 69)	(-80, 0)	(-40, -69)	(40, -69)	diamond	none	dif	right	right	N_dist	(-40, -69)	search	nr	True	996425	997326	right	85	110	35	60	135	160	None	None	testing
3	my	f	18	green	3	(80, 0)	(40, 69)	(-39, 69)	(-80, 0)	(-40, -69)	(40, -69)	diamond	none	dif	right	right	N_dist	(-39, 69)	search	nr	True	998579	999565	right	60	10	110	135	35	160	None	None	testing
3	my	f	18	green	3	(80, 0)	(40, 69)	(-39, 69)	(-80, 0)	(-40, -69)	(40, -69)	diamond	green	same	left	left	(-39, 69)	(40, 69)	probe	h_sin	None	None	None	None	85	110	60	35	135	10	(-39, 69)	171	testing
3	my	f	18	green	3	(80, 0)	(40, 69)	(-39, 69)	(-80, 0)	(-40, -69)	(40, -69)	diamond	green	dif	right	right	(-39, 69)	(40, -69)	probe	h_sin	None	None	None	None	160	35	10	110	85	60	(-39, 69)	160	testing
3	my	f	18	green	3	(80, 0)	(40, 69)	(-39, 69)	(-80, 0)	(-40, -69)	(40, -69)	circle	green	same	right	right	(-39, 69)	(-40, -69)	probe	norm	None	None	None	None	35	85	60	160	110	135	(40, 69)	159	testing
3	my	f	18	green	3	(80, 0)	(40, 69)	(-39, 69)	(-80, 0)	(-40, -69)	(40, -69)	circle	none	dif	left	left	N_dist	(-80, 0)	search	nr	True	1012838	1013598	left	160	10	85	135	35	60	None	None	testing
3	my	f	18	green	3	(80, 0)	(40, 69)	(-39, 69)	(-80, 0)	(-40, -69)	(40, -69)	diamond	green	same	left	left	(-39, 69)	(40, -69)	probe	norm	None	None	None	None	60	135	35	110	160	10	(-40, -69)	24	testing
3	my	f	18	green	3	(80, 0)	(40, 69)	(-39, 69)	(-80, 0)	(-40, -69)	(40, -69)	circle	green	same	right	right	(-39, 69)	(-40, -69)	search	nr	True	1019484	1020190	right	135	85	110	160	60	35	None	None	testing
3	my	f	18	green	3	(80, 0)	(40, 69)	(-39, 69)	(-80, 0)	(-40, -69)	(40, -69)	diamond	green	same	right	right	(-39, 69)	(-80, 0)	search	nr	True	1021488	1022158	right	135	60	110	85	160	35	None	None	testing
3	my	f	18	green	3	(80, 0)	(40, 69)	(-39, 69)	(-80, 0)	(-40, -69)	(40, -69)	circle	green	dif	left	left	(40, 69)	(-40, -69)	probe	l_sin	None	None	None	None	85	60	110	160	10	35	(40, 69)	156	testing
3	my	f	18	green	3	(80, 0)	(40, 69)	(-39, 69)	(-80, 0)	(-40, -69)	(40, -69)	diamond	green	dif	left	left	(40, -69)	(80, 0)	probe	tar	None	None	None	None	60	110	35	135	85	160	(80, 0)	167	testing
3	my	f	18	green	3	(80, 0)	(40, 69)	(-39, 69)	(-80, 0)	(-40, -69)	(40, -69)	diamond	green	same	left	left	(-39, 69)	(40, 69)	probe	norm	None	None	None	None	35	85	160	135	60	110	(40, -69)	22	testing
3	my	f	18	green	3	(80, 0)	(40, 69)	(-39, 69)	(-80, 0)	(-40, -69)	(40, -69)	circle	none	dif	left	left	N_dist	(-80, 0)	probe	h_norm	None	None	None	None	35	135	160	110	60	85	(-39, 69)	109	testing
3	my	f	18	green	3	(80, 0)	(40, 69)	(-39, 69)	(-80, 0)	(-40, -69)	(40, -69)	circle	green	same	right	right	(-80, 0)	(80, 0)	probe	l_sin	None	None	None	None	60	160	10	85	35	110	(-80, 0)	5	testing
3	my	f	18	green	3	(80, 0)	(40, 69)	(-39, 69)	(-80, 0)	(-40, -69)	(40, -69)	diamond	green	same	right	right	(-39, 69)	(80, 0)	search	nr	True	1045966	1046830	right	10	35	110	160	85	60	None	None	testing
3	my	f	18	green	3	(80, 0)	(40, 69)	(-39, 69)	(-80, 0)	(-40, -69)	(40, -69)	circle	green	dif	left	left	(40, 69)	(-80, 0)	search	nr	True	1047969	1049261	left	60	35	85	160	110	135	None	None	testing
3	my	f	18	green	3	(80, 0)	(40, 69)	(-39, 69)	(-80, 0)	(-40, -69)	(40, -69)	circle	green	dif	right	right	(-40, -69)	(40, -69)	probe	l_sin	None	None	None	None	35	10	160	85	110	60	(-40, -69)	10	testing
3	my	f	18	green	3	(80, 0)	(40, 69)	(-39, 69)	(-80, 0)	(-40, -69)	(40, -69)	diamond	none	dif	left	left	N_dist	(80, 0)	search	nr	True	1054315	1055102	left	85	160	135	35	60	10	None	None	testing
3	my	f	18	green	3	(80, 0)	(40, 69)	(-39, 69)	(-80, 0)	(-40, -69)	(40, -69)	circle	none	same	right	right	N_dist	(-39, 69)	search	nr	True	1056369	1057438	right	110	135	10	85	35	160	None	None	testing
3	my	f	18	green	3	(80, 0)	(40, 69)	(-39, 69)	(-80, 0)	(-40, -69)	(40, -69)	circle	green	dif	left	left	(-39, 69)	(-80, 0)	search	nr	True	1058556	1059406	left	135	35	110	10	160	60	None	None	testing
3	my	f	18	green	3	(80, 0)	(40, 69)	(-39, 69)	(-80, 0)	(-40, -69)	(40, -69)	circle	none	same	right	right	N_dist	(40, -69)	probe	l_norm	None	None	None	None	160	35	10	135	110	60	(-40, -69)	13	testing
3	my	f	18	green	3	(80, 0)	(40, 69)	(-39, 69)	(-80, 0)	(-40, -69)	(40, -69)	circle	green	dif	left	left	(-80, 0)	(40, 69)	probe	l_sin	None	None	None	None	135	85	10	110	35	60	(-80, 0)	13	testing
3	my	f	18	green	3	(80, 0)	(40, 69)	(-39, 69)	(-80, 0)	(-40, -69)	(40, -69)	circle	green	dif	left	left	(-39, 69)	(-80, 0)	probe	h_sin	None	None	None	None	110	60	85	135	10	160	(-39, 69)	6	testing
3	my	f	18	green	3	(80, 0)	(40, 69)	(-39, 69)	(-80, 0)	(-40, -69)	(40, -69)	diamond	green	dif	right	right	(80, 0)	(40, -69)	search	nr	True	1074685	1076045	right	10	135	160	110	35	60	None	None	testing
3	my	f	18	green	3	(80, 0)	(40, 69)	(-39, 69)	(-80, 0)	(-40, -69)	(40, -69)	circle	green	dif	right	right	(-39, 69)	(40, 69)	search	nr	True	1077190	1079038	right	85	135	110	35	160	60	None	None	testing
3	my	f	18	green	3	(80, 0)	(40, 69)	(-39, 69)	(-80, 0)	(-40, -69)	(40, -69)	circle	none	dif	right	right	N_dist	(-80, 0)	probe	h_norm	None	None	None	None	35	10	60	85	135	110	(-39, 69)	165	testing
3	my	f	18	green	3	(80, 0)	(40, 69)	(-39, 69)	(-80, 0)	(-40, -69)	(40, -69)	circle	green	same	right	right	(-39, 69)	(40, -69)	search	nr	True	1084437	1085406	right	110	60	160	135	10	35	None	None	testing
3	my	f	18	green	3	(80, 0)	(40, 69)	(-39, 69)	(-80, 0)	(-40, -69)	(40, -69)	circle	green	same	right	right	(-39, 69)	(-80, 0)	probe	tar	None	None	None	None	110	60	135	10	160	35	(-80, 0)	159	testing
3	my	f	18	green	3	(80, 0)	(40, 69)	(-39, 69)	(-80, 0)	(-40, -69)	(40, -69)	circle	green	dif	right	right	(-39, 69)	(40, -69)	probe	tar	None	None	None	None	160	35	135	110	60	85	(40, -69)	5	testing
3	my	f	18	green	3	(80, 0)	(40, 69)	(-39, 69)	(-80, 0)	(-40, -69)	(40, -69)	circle	none	same	right	right	N_dist	(-39, 69)	search	nr	True	1097293	1098125	right	10	110	160	60	85	135	None	None	testing
3	my	f	18	green	3	(80, 0)	(40, 69)	(-39, 69)	(-80, 0)	(-40, -69)	(40, -69)	diamond	green	same	right	right	(40, -69)	(-40, -69)	search	nr	True	1099380	1100942	right	10	110	135	160	85	35	None	None	testing
3	my	f	18	green	3	(80, 0)	(40, 69)	(-39, 69)	(-80, 0)	(-40, -69)	(40, -69)	diamond	green	same	right	right	(40, -69)	(-40, -69)	probe	l_sin	None	None	None	None	135	35	60	10	160	110	(40, -69)	18	testing
3	my	f	18	green	3	(80, 0)	(40, 69)	(-39, 69)	(-80, 0)	(-40, -69)	(40, -69)	circle	none	same	left	left	N_dist	(-80, 0)	search	nr	True	1105943	1107005	left	85	10	35	60	135	110	None	None	testing
