subj	name	gender	age	dist	run	tar_locs1	tar_locs2	tar_locs3	tar_locs4	tar_locs5	tar_locs6	shape	dist	td_dif	detection	resp_key	dis_loc	tar_loc	task_type	probe_cond	gotKey	startTime	respTime	resp	o1	o2	o3	o4	o5	o6	pro_loc	ori_resp	mode
3	my	f	18	green	1	(80, 0)	(40, 69)	(-39, 69)	(-80, 0)	(-40, -69)	(40, -69)	circle	green	same	right	right	(-39, 69)	(40, -69)	search	nr	True	215434	216547	right	110	10	160	60	135	85	None	None	practice
3	my	f	18	green	1	(80, 0)	(40, 69)	(-39, 69)	(-80, 0)	(-40, -69)	(40, -69)	diamond	green	dif	left	left	(-80, 0)	(40, 69)	search	nr	True	217654	219444	left	35	135	60	110	10	85	None	None	practice
3	my	f	18	green	1	(80, 0)	(40, 69)	(-39, 69)	(-80, 0)	(-40, -69)	(40, -69)	circle	green	same	left	left	(-39, 69)	(40, 69)	search	nr	True	220560	221652	left	135	110	160	85	60	35	None	None	practice
3	my	f	18	green	1	(80, 0)	(40, 69)	(-39, 69)	(-80, 0)	(-40, -69)	(40, -69)	diamond	green	dif	right	right	(-80, 0)	(-40, -69)	search	nr	True	222880	223795	right	85	110	35	60	135	10	None	None	practice
3	my	f	18	green	1	(80, 0)	(40, 69)	(-39, 69)	(-80, 0)	(-40, -69)	(40, -69)	diamond	green	dif	right	right	(-39, 69)	(-80, 0)	search	nr	True	224917	226163	right	10	85	60	110	135	35	None	None	practice
3	my	f	18	green	1	(80, 0)	(40, 69)	(-39, 69)	(-80, 0)	(-40, -69)	(40, -69)	diamond	green	dif	left	left	(-39, 69)	(40, 69)	probe	norm	None	None	None	None	85	160	10	60	110	35	(-40, -69)	76	practice
3	my	f	18	green	1	(80, 0)	(40, 69)	(-39, 69)	(-80, 0)	(-40, -69)	(40, -69)	diamond	green	same	left	left	(-39, 69)	(-80, 0)	probe	tar	None	None	None	None	160	10	110	35	85	60	(-80, 0)	167	practice
3	my	f	18	green	1	(80, 0)	(40, 69)	(-39, 69)	(-80, 0)	(-40, -69)	(40, -69)	diamond	green	same	right	right	(-39, 69)	(40, -69)	search	nr	True	257243	258227	right	10	160	85	60	135	35	None	None	practice
3	my	f	18	green	1	(80, 0)	(40, 69)	(-39, 69)	(-80, 0)	(-40, -69)	(40, -69)	diamond	green	same	right	right	(80, 0)	(-80, 0)	search	nr	True	259348	260659	right	60	160	135	10	35	110	None	None	practice
3	my	f	18	green	1	(80, 0)	(40, 69)	(-39, 69)	(-80, 0)	(-40, -69)	(40, -69)	circle	green	same	left	left	(-39, 69)	(80, 0)	probe	tar	None	None	None	None	10	85	160	35	135	110	(80, 0)	167	practice
3	my	f	18	green	1	(80, 0)	(40, 69)	(-39, 69)	(-80, 0)	(-40, -69)	(40, -69)	diamond	green	same	left	left	(-39, 69)	(80, 0)	search	nr	True	269866	270531	left	85	110	10	35	160	135	None	None	practice
3	my	f	18	green	1	(80, 0)	(40, 69)	(-39, 69)	(-80, 0)	(-40, -69)	(40, -69)	diamond	green	same	left	left	(40, 69)	(40, -69)	search	nr	True	271687	272867	left	35	60	135	10	160	85	None	None	practice
3	my	f	18	green	1	(80, 0)	(40, 69)	(-39, 69)	(-80, 0)	(-40, -69)	(40, -69)	diamond	none	same	right	right	N_dist	(40, 69)	search	nr	True	274058	274755	right	160	10	60	135	35	85	None	None	practice
3	my	f	18	green	1	(80, 0)	(40, 69)	(-39, 69)	(-80, 0)	(-40, -69)	(40, -69)	diamond	green	same	left	left	(-40, -69)	(-80, 0)	search	nr	True	275878	276643	left	60	135	85	35	10	160	None	None	practice
3	my	f	18	green	1	(80, 0)	(40, 69)	(-39, 69)	(-80, 0)	(-40, -69)	(40, -69)	circle	none	same	left	left	N_dist	(40, -69)	search	nr	True	277882	278995	left	10	60	135	85	35	110	None	None	practice
3	my	f	18	green	1	(80, 0)	(40, 69)	(-39, 69)	(-80, 0)	(-40, -69)	(40, -69)	diamond	green	dif	left	left	(40, -69)	(-40, -69)	search	nr	True	280103	281075	left	160	60	10	110	35	135	None	None	practice
3	my	f	18	green	1	(80, 0)	(40, 69)	(-39, 69)	(-80, 0)	(-40, -69)	(40, -69)	diamond	green	dif	left	left	(-39, 69)	(40, 69)	search	nr	True	282140	282851	left	160	135	10	110	85	60	None	None	practice
3	my	f	18	green	1	(80, 0)	(40, 69)	(-39, 69)	(-80, 0)	(-40, -69)	(40, -69)	diamond	green	dif	right	right	(-39, 69)	(-80, 0)	probe	h_sin	None	None	None	None	135	110	160	35	85	60	(-39, 69)	78	practice
3	my	f	18	green	1	(80, 0)	(40, 69)	(-39, 69)	(-80, 0)	(-40, -69)	(40, -69)	circle	green	same	right	right	(80, 0)	(40, 69)	probe	norm	None	None	None	None	35	135	160	85	110	10	(-80, 0)	4	practice
3	my	f	18	green	1	(80, 0)	(40, 69)	(-39, 69)	(-80, 0)	(-40, -69)	(40, -69)	circle	none	same	right	right	N_dist	(40, -69)	search	nr	True	307619	309010	right	135	85	60	160	35	10	None	None	practice
3	my	f	18	green	1	(80, 0)	(40, 69)	(-39, 69)	(-80, 0)	(-40, -69)	(40, -69)	diamond	none	dif	right	right	N_dist	(-40, -69)	search	nr	True	310091	310915	right	135	60	85	160	10	35	None	None	practice
3	my	f	18	green	1	(80, 0)	(40, 69)	(-39, 69)	(-80, 0)	(-40, -69)	(40, -69)	circle	green	dif	left	left	(-39, 69)	(40, -69)	search	nr	True	312061	313283	left	85	135	160	10	60	35	None	None	practice
3	my	f	18	green	1	(80, 0)	(40, 69)	(-39, 69)	(-80, 0)	(-40, -69)	(40, -69)	circle	green	dif	right	right	(-39, 69)	(-40, -69)	probe	tar	None	None	None	None	135	160	110	35	10	85	(-40, -69)	0	practice
3	my	f	18	green	1	(80, 0)	(40, 69)	(-39, 69)	(-80, 0)	(-40, -69)	(40, -69)	diamond	none	same	left	left	N_dist	(-80, 0)	search	nr	False	320460	None	None	110	10	35	60	135	160	None	None	practice
3	my	f	18	green	1	(80, 0)	(40, 69)	(-39, 69)	(-80, 0)	(-40, -69)	(40, -69)	circle	green	same	left	left	(-39, 69)	(-80, 0)	search	nr	True	326254	327652	left	110	35	85	60	160	10	None	None	practice
3	my	f	18	green	1	(80, 0)	(40, 69)	(-39, 69)	(-80, 0)	(-40, -69)	(40, -69)	diamond	green	same	right	right	(-39, 69)	(-80, 0)	search	nr	True	328776	329459	right	35	10	85	60	110	135	None	None	practice
3	my	f	18	green	1	(80, 0)	(40, 69)	(-39, 69)	(-80, 0)	(-40, -69)	(40, -69)	diamond	green	dif	left	left	(-39, 69)	(40, 69)	search	nr	True	330695	331507	left	10	60	35	160	110	135	None	None	practice
3	my	f	18	green	1	(80, 0)	(40, 69)	(-39, 69)	(-80, 0)	(-40, -69)	(40, -69)	circle	green	same	right	right	(-39, 69)	(80, 0)	search	nr	True	332582	333427	right	160	110	35	60	85	135	None	None	practice
3	my	f	18	green	1	(80, 0)	(40, 69)	(-39, 69)	(-80, 0)	(-40, -69)	(40, -69)	diamond	green	dif	left	left	(40, -69)	(40, 69)	probe	norm	None	None	None	None	35	135	110	60	10	160	(-39, 69)	8	practice
3	my	f	18	green	1	(80, 0)	(40, 69)	(-39, 69)	(-80, 0)	(-40, -69)	(40, -69)	diamond	none	same	right	right	N_dist	(40, -69)	search	nr	True	341515	342451	right	35	160	60	10	110	85	None	None	practice
3	my	f	18	green	1	(80, 0)	(40, 69)	(-39, 69)	(-80, 0)	(-40, -69)	(40, -69)	diamond	green	dif	right	right	(-39, 69)	(-40, -69)	search	nr	True	343702	344547	right	110	160	10	35	85	60	None	None	practice
3	my	f	18	green	1	(80, 0)	(40, 69)	(-39, 69)	(-80, 0)	(-40, -69)	(40, -69)	diamond	green	same	left	left	(-39, 69)	(-40, -69)	search	nr	True	345807	346547	left	160	10	135	110	85	60	None	None	practice
3	my	f	18	green	1	(80, 0)	(40, 69)	(-39, 69)	(-80, 0)	(-40, -69)	(40, -69)	circle	green	dif	left	left	(-39, 69)	(-80, 0)	search	nr	True	347727	348787	left	135	110	160	35	60	85	None	None	practice
3	my	f	18	green	1	(80, 0)	(40, 69)	(-39, 69)	(-80, 0)	(-40, -69)	(40, -69)	diamond	none	same	right	right	N_dist	(40, -69)	probe	h_norm	None	None	None	None	10	85	35	110	135	160	(-39, 69)	0	practice
3	my	f	18	green	1	(80, 0)	(40, 69)	(-39, 69)	(-80, 0)	(-40, -69)	(40, -69)	circle	none	same	left	left	N_dist	(40, -69)	probe	h_norm	None	None	None	None	85	60	10	110	160	35	(-39, 69)	0	practice
3	my	f	18	green	1	(80, 0)	(40, 69)	(-39, 69)	(-80, 0)	(-40, -69)	(40, -69)	circle	green	same	left	left	(-39, 69)	(40, -69)	search	nr	False	360267	None	None	110	60	135	160	10	35	None	None	practice
3	my	f	18	green	1	(80, 0)	(40, 69)	(-39, 69)	(-80, 0)	(-40, -69)	(40, -69)	diamond	none	dif	right	right	N_dist	(80, 0)	search	nr	True	366077	366755	right	60	135	10	85	160	35	None	None	practice
3	my	f	18	green	1	(80, 0)	(40, 69)	(-39, 69)	(-80, 0)	(-40, -69)	(40, -69)	circle	none	dif	left	left	N_dist	(-80, 0)	probe	h_norm	None	None	None	None	135	160	10	110	85	60	(-39, 69)	23	practice
3	my	f	18	green	1	(80, 0)	(40, 69)	(-39, 69)	(-80, 0)	(-40, -69)	(40, -69)	diamond	none	same	left	left	N_dist	(-40, -69)	search	nr	True	381856	382612	left	110	135	160	60	35	10	None	None	practice
3	my	f	18	green	1	(80, 0)	(40, 69)	(-39, 69)	(-80, 0)	(-40, -69)	(40, -69)	diamond	green	same	left	left	(-39, 69)	(80, 0)	search	nr	True	383910	384627	left	135	85	10	60	110	160	None	None	practice
3	my	f	18	green	1	(80, 0)	(40, 69)	(-39, 69)	(-80, 0)	(-40, -69)	(40, -69)	circle	none	same	left	left	N_dist	(-39, 69)	search	nr	True	434670	435874	left	135	60	10	110	160	85	None	None	testing
3	my	f	18	green	1	(80, 0)	(40, 69)	(-39, 69)	(-80, 0)	(-40, -69)	(40, -69)	diamond	green	dif	left	left	(-39, 69)	(80, 0)	search	nr	True	437074	438163	left	10	110	35	160	135	60	None	None	testing
3	my	f	18	green	1	(80, 0)	(40, 69)	(-39, 69)	(-80, 0)	(-40, -69)	(40, -69)	circle	green	dif	right	right	(-39, 69)	(-40, -69)	search	nr	True	439378	440339	right	135	10	110	60	85	160	None	None	testing
3	my	f	18	green	1	(80, 0)	(40, 69)	(-39, 69)	(-80, 0)	(-40, -69)	(40, -69)	circle	green	same	left	left	(-39, 69)	(-80, 0)	search	nr	True	441516	442306	left	35	110	135	10	60	85	None	None	testing
3	my	f	18	green	1	(80, 0)	(40, 69)	(-39, 69)	(-80, 0)	(-40, -69)	(40, -69)	circle	green	dif	left	left	(-39, 69)	(40, -69)	probe	norm	None	None	None	None	135	35	160	10	60	110	(40, 69)	0	testing
3	my	f	18	green	1	(80, 0)	(40, 69)	(-39, 69)	(-80, 0)	(-40, -69)	(40, -69)	diamond	green	same	right	right	(-39, 69)	(40, -69)	probe	norm	None	None	None	None	10	160	35	60	135	110	(40, 69)	21	testing
3	my	f	18	green	1	(80, 0)	(40, 69)	(-39, 69)	(-80, 0)	(-40, -69)	(40, -69)	circle	green	dif	left	left	(-39, 69)	(40, 69)	probe	norm	None	None	None	None	160	85	35	110	10	135	(-80, 0)	171	testing
3	my	f	18	green	1	(80, 0)	(40, 69)	(-39, 69)	(-80, 0)	(-40, -69)	(40, -69)	circle	none	dif	right	right	N_dist	(40, 69)	search	nr	True	460050	460883	right	110	160	85	135	60	35	None	None	testing
3	my	f	18	green	1	(80, 0)	(40, 69)	(-39, 69)	(-80, 0)	(-40, -69)	(40, -69)	diamond	green	same	right	right	(-39, 69)	(40, -69)	search	nr	True	461987	462707	right	110	135	160	35	10	60	None	None	testing
3	my	f	18	green	1	(80, 0)	(40, 69)	(-39, 69)	(-80, 0)	(-40, -69)	(40, -69)	circle	green	same	right	right	(-39, 69)	(40, -69)	search	nr	True	463941	464627	right	160	135	35	85	60	110	None	None	testing
3	my	f	18	green	1	(80, 0)	(40, 69)	(-39, 69)	(-80, 0)	(-40, -69)	(40, -69)	diamond	none	dif	left	left	N_dist	(80, 0)	probe	l_norm	None	None	None	None	110	60	160	35	85	135	(40, 69)	0	testing
3	my	f	18	green	1	(80, 0)	(40, 69)	(-39, 69)	(-80, 0)	(-40, -69)	(40, -69)	diamond	green	same	left	left	(40, 69)	(80, 0)	search	nr	True	469617	471315	left	85	60	35	110	10	160	None	None	testing
3	my	f	18	green	1	(80, 0)	(40, 69)	(-39, 69)	(-80, 0)	(-40, -69)	(40, -69)	circle	green	same	right	right	(80, 0)	(40, -69)	search	nr	True	472372	474195	right	110	60	85	35	160	135	None	None	testing
3	my	f	18	green	1	(80, 0)	(40, 69)	(-39, 69)	(-80, 0)	(-40, -69)	(40, -69)	circle	none	same	right	right	N_dist	(40, 69)	probe	h_norm	None	None	None	None	60	110	85	135	10	35	(-39, 69)	10	testing
3	my	f	18	green	1	(80, 0)	(40, 69)	(-39, 69)	(-80, 0)	(-40, -69)	(40, -69)	diamond	green	same	right	right	(-39, 69)	(40, 69)	search	nr	True	482090	482851	right	85	160	35	10	135	60	None	None	testing
3	my	f	18	green	1	(80, 0)	(40, 69)	(-39, 69)	(-80, 0)	(-40, -69)	(40, -69)	circle	green	same	right	right	(-39, 69)	(-80, 0)	search	nr	True	483977	485043	right	135	35	60	10	110	160	None	None	testing
3	my	f	18	green	1	(80, 0)	(40, 69)	(-39, 69)	(-80, 0)	(-40, -69)	(40, -69)	circle	green	same	right	right	(-39, 69)	(80, 0)	search	nr	True	486265	487154	right	35	110	60	10	85	135	None	None	testing
3	my	f	18	green	1	(80, 0)	(40, 69)	(-39, 69)	(-80, 0)	(-40, -69)	(40, -69)	circle	none	same	left	left	N_dist	(40, 69)	search	nr	True	488302	489027	left	110	60	85	160	35	10	None	None	testing
3	my	f	18	green	1	(80, 0)	(40, 69)	(-39, 69)	(-80, 0)	(-40, -69)	(40, -69)	diamond	green	same	left	left	(-40, -69)	(-80, 0)	search	nr	True	490222	491570	left	135	35	10	60	160	85	None	None	testing
3	my	f	18	green	1	(80, 0)	(40, 69)	(-39, 69)	(-80, 0)	(-40, -69)	(40, -69)	diamond	green	dif	left	left	(-39, 69)	(80, 0)	search	nr	True	492826	493506	left	35	85	135	60	10	160	None	None	testing
3	my	f	18	green	1	(80, 0)	(40, 69)	(-39, 69)	(-80, 0)	(-40, -69)	(40, -69)	circle	none	same	right	right	N_dist	(40, -69)	search	nr	True	494797	495955	right	35	135	160	85	60	10	None	None	testing
3	my	f	18	green	1	(80, 0)	(40, 69)	(-39, 69)	(-80, 0)	(-40, -69)	(40, -69)	diamond	none	dif	right	right	N_dist	(-40, -69)	probe	l_norm	None	None	None	None	35	85	10	60	110	160	(40, -69)	15	testing
3	my	f	18	green	1	(80, 0)	(40, 69)	(-39, 69)	(-80, 0)	(-40, -69)	(40, -69)	circle	green	dif	left	left	(-39, 69)	(40, -69)	search	nr	True	504181	505570	left	85	135	10	60	160	110	None	None	testing
3	my	f	18	green	1	(80, 0)	(40, 69)	(-39, 69)	(-80, 0)	(-40, -69)	(40, -69)	circle	green	same	right	right	(-40, -69)	(80, 0)	search	nr	True	506752	508019	right	10	35	85	160	110	135	None	None	testing
3	my	f	18	green	1	(80, 0)	(40, 69)	(-39, 69)	(-80, 0)	(-40, -69)	(40, -69)	diamond	green	same	left	left	(-39, 69)	(-40, -69)	search	nr	True	509156	510355	left	85	10	35	110	60	135	None	None	testing
3	my	f	18	green	1	(80, 0)	(40, 69)	(-39, 69)	(-80, 0)	(-40, -69)	(40, -69)	diamond	none	same	right	right	N_dist	(40, 69)	search	nr	True	511445	512339	right	10	85	35	60	110	160	None	None	testing
3	my	f	18	green	1	(80, 0)	(40, 69)	(-39, 69)	(-80, 0)	(-40, -69)	(40, -69)	diamond	green	same	left	left	(-39, 69)	(80, 0)	search	nr	True	513414	514179	left	85	60	135	10	110	160	None	None	testing
3	my	f	18	green	1	(80, 0)	(40, 69)	(-39, 69)	(-80, 0)	(-40, -69)	(40, -69)	diamond	green	same	right	right	(-39, 69)	(40, -69)	search	nr	True	515335	516131	right	85	60	35	110	10	160	None	None	testing
3	my	f	18	green	1	(80, 0)	(40, 69)	(-39, 69)	(-80, 0)	(-40, -69)	(40, -69)	circle	green	dif	right	right	(-80, 0)	(40, -69)	search	nr	True	517288	518307	right	60	85	10	110	160	35	None	None	testing
3	my	f	18	green	1	(80, 0)	(40, 69)	(-39, 69)	(-80, 0)	(-40, -69)	(40, -69)	circle	green	same	left	left	(-39, 69)	(40, 69)	search	nr	True	519492	520275	left	60	110	135	35	160	10	None	None	testing
3	my	f	18	green	1	(80, 0)	(40, 69)	(-39, 69)	(-80, 0)	(-40, -69)	(40, -69)	circle	none	dif	right	right	N_dist	(80, 0)	search	nr	True	521362	522322	right	135	10	85	60	160	35	None	None	testing
3	my	f	18	green	1	(80, 0)	(40, 69)	(-39, 69)	(-80, 0)	(-40, -69)	(40, -69)	diamond	green	same	left	left	(-39, 69)	(-80, 0)	search	nr	True	523449	524227	left	160	35	10	110	135	60	None	None	testing
3	my	f	18	green	1	(80, 0)	(40, 69)	(-39, 69)	(-80, 0)	(-40, -69)	(40, -69)	diamond	green	dif	right	right	(-39, 69)	(-40, -69)	search	nr	True	525370	526114	right	85	135	60	35	10	110	None	None	testing
3	my	f	18	green	1	(80, 0)	(40, 69)	(-39, 69)	(-80, 0)	(-40, -69)	(40, -69)	circle	green	dif	right	right	(-39, 69)	(-40, -69)	search	nr	True	527224	528195	right	10	85	60	135	160	35	None	None	testing
3	my	f	18	green	1	(80, 0)	(40, 69)	(-39, 69)	(-80, 0)	(-40, -69)	(40, -69)	diamond	green	same	left	left	(-80, 0)	(40, 69)	search	nr	True	529478	530114	left	35	110	160	85	60	10	None	None	testing
3	my	f	18	green	1	(80, 0)	(40, 69)	(-39, 69)	(-80, 0)	(-40, -69)	(40, -69)	diamond	none	dif	left	left	N_dist	(40, -69)	probe	l_norm	None	None	None	None	135	160	10	110	60	85	(40, 69)	161	testing
3	my	f	18	green	1	(80, 0)	(40, 69)	(-39, 69)	(-80, 0)	(-40, -69)	(40, -69)	diamond	none	dif	right	right	N_dist	(-39, 69)	search	nr	True	538260	538931	right	60	135	110	35	160	85	None	None	testing
3	my	f	18	green	1	(80, 0)	(40, 69)	(-39, 69)	(-80, 0)	(-40, -69)	(40, -69)	circle	green	dif	left	left	(-40, -69)	(40, -69)	search	nr	True	540014	541331	left	60	35	85	135	10	160	None	None	testing
3	my	f	18	green	1	(80, 0)	(40, 69)	(-39, 69)	(-80, 0)	(-40, -69)	(40, -69)	circle	none	same	right	right	N_dist	(40, 69)	search	nr	True	542585	543282	right	85	110	135	60	35	160	None	None	testing
3	my	f	18	green	1	(80, 0)	(40, 69)	(-39, 69)	(-80, 0)	(-40, -69)	(40, -69)	circle	green	same	right	right	(80, 0)	(40, -69)	probe	l_sin	None	None	None	None	85	35	110	60	135	160	(80, 0)	0	testing
3	my	f	18	green	1	(80, 0)	(40, 69)	(-39, 69)	(-80, 0)	(-40, -69)	(40, -69)	diamond	green	dif	right	right	(-39, 69)	(80, 0)	search	nr	True	549447	550131	right	60	110	160	35	135	10	None	None	testing
3	my	f	18	green	1	(80, 0)	(40, 69)	(-39, 69)	(-80, 0)	(-40, -69)	(40, -69)	diamond	green	dif	left	left	(40, -69)	(40, 69)	search	nr	True	551235	551859	left	60	160	10	135	85	35	None	None	testing
3	my	f	18	green	1	(80, 0)	(40, 69)	(-39, 69)	(-80, 0)	(-40, -69)	(40, -69)	diamond	green	same	left	left	(40, 69)	(40, -69)	search	nr	True	553037	554003	left	10	85	60	110	160	135	None	None	testing
3	my	f	18	green	1	(80, 0)	(40, 69)	(-39, 69)	(-80, 0)	(-40, -69)	(40, -69)	diamond	green	dif	left	left	(40, -69)	(-40, -69)	search	nr	True	555108	556099	left	10	35	60	85	160	135	None	None	testing
3	my	f	18	green	1	(80, 0)	(40, 69)	(-39, 69)	(-80, 0)	(-40, -69)	(40, -69)	circle	green	same	right	right	(80, 0)	(-40, -69)	probe	tar	None	None	None	None	10	85	35	135	110	60	(-40, -69)	171	testing
3	my	f	18	green	1	(80, 0)	(40, 69)	(-39, 69)	(-80, 0)	(-40, -69)	(40, -69)	diamond	green	same	left	left	(-80, 0)	(40, 69)	probe	norm	None	None	None	None	60	10	110	135	85	160	(80, 0)	71	testing
3	my	f	18	green	1	(80, 0)	(40, 69)	(-39, 69)	(-80, 0)	(-40, -69)	(40, -69)	diamond	green	dif	right	right	(-39, 69)	(80, 0)	search	nr	True	570536	571523	right	135	60	85	160	35	10	None	None	testing
3	my	f	18	green	1	(80, 0)	(40, 69)	(-39, 69)	(-80, 0)	(-40, -69)	(40, -69)	circle	none	same	left	left	N_dist	(-39, 69)	search	nr	True	572757	574019	left	160	35	60	135	110	85	None	None	testing
3	my	f	18	green	1	(80, 0)	(40, 69)	(-39, 69)	(-80, 0)	(-40, -69)	(40, -69)	circle	green	same	left	left	(-39, 69)	(40, -69)	probe	norm	None	None	None	None	10	160	135	110	85	35	(-40, -69)	169	testing
3	my	f	18	green	1	(80, 0)	(40, 69)	(-39, 69)	(-80, 0)	(-40, -69)	(40, -69)	circle	green	same	right	right	(-39, 69)	(-80, 0)	probe	tar	None	None	None	None	35	85	110	160	135	10	(-80, 0)	28	testing
3	my	f	18	green	1	(80, 0)	(40, 69)	(-39, 69)	(-80, 0)	(-40, -69)	(40, -69)	diamond	green	same	right	right	(-39, 69)	(40, 69)	probe	norm	None	None	None	None	35	160	10	60	135	85	(-80, 0)	170	testing
3	my	f	18	green	1	(80, 0)	(40, 69)	(-39, 69)	(-80, 0)	(-40, -69)	(40, -69)	circle	none	dif	left	left	N_dist	(-80, 0)	search	nr	True	593763	594803	left	110	85	35	10	160	135	None	None	testing
3	my	f	18	green	1	(80, 0)	(40, 69)	(-39, 69)	(-80, 0)	(-40, -69)	(40, -69)	diamond	none	same	left	left	N_dist	(-80, 0)	probe	h_norm	None	None	None	None	85	60	135	35	10	160	(-39, 69)	20	testing
3	my	f	18	green	1	(80, 0)	(40, 69)	(-39, 69)	(-80, 0)	(-40, -69)	(40, -69)	circle	none	dif	left	left	N_dist	(-80, 0)	search	nr	True	602145	603043	left	135	110	35	160	60	10	None	None	testing
3	my	f	18	green	1	(80, 0)	(40, 69)	(-39, 69)	(-80, 0)	(-40, -69)	(40, -69)	circle	none	dif	right	right	N_dist	(40, 69)	probe	l_norm	None	None	None	None	160	110	85	35	135	60	(40, -69)	13	testing
3	my	f	18	green	1	(80, 0)	(40, 69)	(-39, 69)	(-80, 0)	(-40, -69)	(40, -69)	diamond	green	same	left	left	(-39, 69)	(80, 0)	search	nr	True	610460	611219	left	110	35	60	10	160	85	None	None	testing
3	my	f	18	green	1	(80, 0)	(40, 69)	(-39, 69)	(-80, 0)	(-40, -69)	(40, -69)	diamond	green	same	left	left	(-39, 69)	(-80, 0)	search	nr	True	612330	613154	left	10	135	160	60	110	35	None	None	testing
3	my	f	18	green	1	(80, 0)	(40, 69)	(-39, 69)	(-80, 0)	(-40, -69)	(40, -69)	diamond	green	same	left	left	(-39, 69)	(80, 0)	probe	tar	None	None	None	None	110	135	160	60	35	85	(80, 0)	16	testing
3	my	f	18	green	1	(80, 0)	(40, 69)	(-39, 69)	(-80, 0)	(-40, -69)	(40, -69)	diamond	none	dif	left	left	N_dist	(-40, -69)	search	nr	True	620628	621314	left	85	35	10	60	110	160	None	None	testing
3	my	f	18	green	1	(80, 0)	(40, 69)	(-39, 69)	(-80, 0)	(-40, -69)	(40, -69)	circle	green	dif	right	right	(-39, 69)	(80, 0)	probe	h_sin	None	None	None	None	85	10	160	60	110	135	(-39, 69)	22	testing
3	my	f	18	green	1	(80, 0)	(40, 69)	(-39, 69)	(-80, 0)	(-40, -69)	(40, -69)	circle	green	dif	right	right	(-40, -69)	(-80, 0)	search	nr	True	628643	629906	right	85	160	35	110	135	10	None	None	testing
3	my	f	18	green	1	(80, 0)	(40, 69)	(-39, 69)	(-80, 0)	(-40, -69)	(40, -69)	diamond	none	same	right	right	N_dist	(-80, 0)	probe	h_norm	None	None	None	None	35	85	135	160	60	110	(-39, 69)	28	testing
3	my	f	18	green	1	(80, 0)	(40, 69)	(-39, 69)	(-80, 0)	(-40, -69)	(40, -69)	diamond	none	same	right	right	N_dist	(-80, 0)	search	nr	True	637910	638611	right	110	10	160	85	60	35	None	None	testing
3	my	f	18	green	1	(80, 0)	(40, 69)	(-39, 69)	(-80, 0)	(-40, -69)	(40, -69)	circle	green	same	right	right	(-39, 69)	(40, -69)	search	nr	True	639714	640771	right	135	35	160	10	110	85	None	None	testing
3	my	f	18	green	1	(80, 0)	(40, 69)	(-39, 69)	(-80, 0)	(-40, -69)	(40, -69)	diamond	none	same	right	right	N_dist	(40, 69)	search	nr	True	642034	642706	right	35	10	160	85	60	110	None	None	testing
3	my	f	18	green	1	(80, 0)	(40, 69)	(-39, 69)	(-80, 0)	(-40, -69)	(40, -69)	diamond	green	dif	left	left	(40, -69)	(40, 69)	probe	norm	None	None	None	None	35	135	160	85	60	10	(80, 0)	16	testing
3	my	f	18	green	1	(80, 0)	(40, 69)	(-39, 69)	(-80, 0)	(-40, -69)	(40, -69)	circle	green	dif	left	left	(-39, 69)	(-80, 0)	search	nr	True	651051	651890	left	85	135	10	110	60	35	None	None	testing
3	my	f	18	green	1	(80, 0)	(40, 69)	(-39, 69)	(-80, 0)	(-40, -69)	(40, -69)	diamond	green	dif	left	left	(40, -69)	(80, 0)	search	nr	True	653121	653939	left	160	10	60	135	110	85	None	None	testing
3	my	f	18	green	1	(80, 0)	(40, 69)	(-39, 69)	(-80, 0)	(-40, -69)	(40, -69)	circle	green	same	right	right	(40, 69)	(80, 0)	search	nr	True	655175	656162	right	10	35	135	110	60	160	None	None	testing
3	my	f	18	green	1	(80, 0)	(40, 69)	(-39, 69)	(-80, 0)	(-40, -69)	(40, -69)	diamond	green	dif	left	left	(-40, -69)	(40, 69)	probe	norm	None	None	None	None	110	160	35	60	10	85	(-80, 0)	14	testing
3	my	f	18	green	1	(80, 0)	(40, 69)	(-39, 69)	(-80, 0)	(-40, -69)	(40, -69)	circle	none	same	right	right	N_dist	(40, -69)	probe	h_norm	None	None	None	None	135	60	35	110	160	10	(-39, 69)	164	testing
3	my	f	18	green	1	(80, 0)	(40, 69)	(-39, 69)	(-80, 0)	(-40, -69)	(40, -69)	circle	green	dif	left	left	(-40, -69)	(80, 0)	search	nr	True	668867	670099	left	85	135	110	35	60	10	None	None	testing
3	my	f	18	green	1	(80, 0)	(40, 69)	(-39, 69)	(-80, 0)	(-40, -69)	(40, -69)	circle	green	dif	right	right	(-39, 69)	(40, -69)	search	nr	True	671389	672195	right	135	110	160	10	35	85	None	None	testing
3	my	f	18	green	1	(80, 0)	(40, 69)	(-39, 69)	(-80, 0)	(-40, -69)	(40, -69)	diamond	green	dif	right	right	(-39, 69)	(80, 0)	probe	h_sin	None	None	None	None	160	110	35	85	135	60	(-39, 69)	161	testing
3	my	f	18	green	1	(80, 0)	(40, 69)	(-39, 69)	(-80, 0)	(-40, -69)	(40, -69)	circle	none	dif	left	left	N_dist	(-80, 0)	search	nr	True	678819	679507	left	60	110	35	135	85	160	None	None	testing
3	my	f	18	green	1	(80, 0)	(40, 69)	(-39, 69)	(-80, 0)	(-40, -69)	(40, -69)	diamond	none	dif	left	left	N_dist	(-40, -69)	search	nr	True	680806	681555	left	110	85	160	135	60	35	None	None	testing
3	my	f	18	green	1	(80, 0)	(40, 69)	(-39, 69)	(-80, 0)	(-40, -69)	(40, -69)	diamond	green	same	left	left	(-80, 0)	(40, 69)	search	nr	True	682843	683555	left	10	60	85	35	110	135	None	None	testing
3	my	f	18	green	1	(80, 0)	(40, 69)	(-39, 69)	(-80, 0)	(-40, -69)	(40, -69)	circle	green	dif	right	right	(40, -69)	(80, 0)	search	nr	True	684629	685618	right	85	110	35	60	135	160	None	None	testing
3	my	f	18	green	1	(80, 0)	(40, 69)	(-39, 69)	(-80, 0)	(-40, -69)	(40, -69)	diamond	green	same	left	left	(40, 69)	(80, 0)	probe	l_sin	None	None	None	None	160	85	10	60	35	110	(40, 69)	12	testing
3	my	f	18	green	1	(80, 0)	(40, 69)	(-39, 69)	(-80, 0)	(-40, -69)	(40, -69)	circle	green	dif	right	right	(-40, -69)	(-80, 0)	probe	tar	None	None	None	None	110	10	160	35	135	60	(-80, 0)	172	testing
3	my	f	18	green	1	(80, 0)	(40, 69)	(-39, 69)	(-80, 0)	(-40, -69)	(40, -69)	circle	green	dif	right	right	(-40, -69)	(-80, 0)	search	nr	True	697052	697843	right	135	60	110	35	10	160	None	None	testing
3	my	f	18	green	1	(80, 0)	(40, 69)	(-39, 69)	(-80, 0)	(-40, -69)	(40, -69)	circle	green	same	right	right	(80, 0)	(-40, -69)	search	nr	True	698956	699683	right	35	160	10	110	60	85	None	None	testing
3	my	f	18	green	1	(80, 0)	(40, 69)	(-39, 69)	(-80, 0)	(-40, -69)	(40, -69)	circle	green	dif	right	right	(-39, 69)	(-80, 0)	search	nr	True	700860	701443	right	85	110	135	60	160	10	None	None	testing
3	my	f	18	green	1	(80, 0)	(40, 69)	(-39, 69)	(-80, 0)	(-40, -69)	(40, -69)	circle	green	same	left	left	(-39, 69)	(-80, 0)	probe	tar	None	None	None	None	160	85	135	10	60	110	(-80, 0)	169	testing
3	my	f	18	green	1	(80, 0)	(40, 69)	(-39, 69)	(-80, 0)	(-40, -69)	(40, -69)	circle	green	same	right	right	(80, 0)	(-40, -69)	search	nr	True	708273	709362	right	35	110	135	160	60	85	None	None	testing
3	my	f	18	green	1	(80, 0)	(40, 69)	(-39, 69)	(-80, 0)	(-40, -69)	(40, -69)	diamond	green	dif	left	left	(40, -69)	(-40, -69)	probe	l_sin	None	None	None	None	60	135	85	10	110	160	(40, -69)	27	testing
3	my	f	18	green	1	(80, 0)	(40, 69)	(-39, 69)	(-80, 0)	(-40, -69)	(40, -69)	diamond	none	same	left	left	N_dist	(-39, 69)	search	nr	True	716237	717091	left	10	160	35	60	135	85	None	None	testing
3	my	f	18	green	1	(80, 0)	(40, 69)	(-39, 69)	(-80, 0)	(-40, -69)	(40, -69)	circle	none	same	right	right	N_dist	(80, 0)	search	nr	True	718275	718835	right	110	85	160	60	10	135	None	None	testing
3	my	f	18	green	1	(80, 0)	(40, 69)	(-39, 69)	(-80, 0)	(-40, -69)	(40, -69)	diamond	none	dif	right	right	N_dist	(-39, 69)	probe	h_tar	None	None	None	None	85	110	160	60	35	135	(-39, 69)	27	testing
3	my	f	18	green	1	(80, 0)	(40, 69)	(-39, 69)	(-80, 0)	(-40, -69)	(40, -69)	diamond	green	same	right	right	(40, 69)	(-80, 0)	search	nr	True	726056	726723	right	35	135	110	160	85	10	None	None	testing
3	my	f	18	green	1	(80, 0)	(40, 69)	(-39, 69)	(-80, 0)	(-40, -69)	(40, -69)	diamond	none	dif	right	right	N_dist	(-40, -69)	search	nr	True	727809	728483	right	135	85	60	110	35	160	None	None	testing
3	my	f	18	green	1	(80, 0)	(40, 69)	(-39, 69)	(-80, 0)	(-40, -69)	(40, -69)	diamond	green	dif	right	right	(80, 0)	(40, -69)	search	nr	True	729646	731410	right	85	110	10	160	35	135	None	None	testing
3	my	f	18	green	1	(80, 0)	(40, 69)	(-39, 69)	(-80, 0)	(-40, -69)	(40, -69)	diamond	none	same	right	right	N_dist	(80, 0)	search	nr	True	732617	733250	right	160	35	135	60	110	10	None	None	testing
3	my	f	18	green	1	(80, 0)	(40, 69)	(-39, 69)	(-80, 0)	(-40, -69)	(40, -69)	circle	green	dif	left	left	(-39, 69)	(-40, -69)	probe	tar	None	None	None	None	110	160	10	35	135	85	(-40, -69)	17	testing
3	my	f	18	green	1	(80, 0)	(40, 69)	(-39, 69)	(-80, 0)	(-40, -69)	(40, -69)	diamond	none	same	right	right	N_dist	(40, -69)	probe	h_norm	None	None	None	None	110	85	35	160	60	135	(-39, 69)	166	testing
3	my	f	18	green	1	(80, 0)	(40, 69)	(-39, 69)	(-80, 0)	(-40, -69)	(40, -69)	diamond	green	dif	left	left	(-80, 0)	(40, 69)	probe	l_sin	None	None	None	None	60	135	160	35	10	110	(-80, 0)	67	testing
3	my	f	18	green	1	(80, 0)	(40, 69)	(-39, 69)	(-80, 0)	(-40, -69)	(40, -69)	diamond	green	same	right	right	(-39, 69)	(-80, 0)	search	nr	True	751168	751843	right	10	35	160	110	60	85	None	None	testing
3	my	f	18	green	1	(80, 0)	(40, 69)	(-39, 69)	(-80, 0)	(-40, -69)	(40, -69)	circle	none	same	left	left	N_dist	(-39, 69)	search	nr	True	753055	753987	left	110	60	35	10	135	160	None	None	testing
3	my	f	18	green	1	(80, 0)	(40, 69)	(-39, 69)	(-80, 0)	(-40, -69)	(40, -69)	diamond	none	dif	right	right	N_dist	(-80, 0)	search	nr	True	755226	755987	right	110	85	135	35	60	160	None	None	testing
3	my	f	18	green	1	(80, 0)	(40, 69)	(-39, 69)	(-80, 0)	(-40, -69)	(40, -69)	diamond	none	dif	left	left	N_dist	(40, -69)	search	nr	True	757096	757778	left	35	85	160	110	10	135	None	None	testing
3	my	f	18	green	1	(80, 0)	(40, 69)	(-39, 69)	(-80, 0)	(-40, -69)	(40, -69)	circle	green	dif	right	right	(-39, 69)	(-80, 0)	search	nr	True	758966	759922	right	135	35	60	85	10	110	None	None	testing
3	my	f	18	green	1	(80, 0)	(40, 69)	(-39, 69)	(-80, 0)	(-40, -69)	(40, -69)	circle	green	same	left	left	(-39, 69)	(40, 69)	probe	norm	None	None	None	None	160	10	35	60	135	85	(-80, 0)	173	testing
3	my	f	18	green	1	(80, 0)	(40, 69)	(-39, 69)	(-80, 0)	(-40, -69)	(40, -69)	diamond	none	dif	right	right	N_dist	(-39, 69)	search	nr	True	766864	767506	right	85	160	35	135	10	110	None	None	testing
3	my	f	18	green	1	(80, 0)	(40, 69)	(-39, 69)	(-80, 0)	(-40, -69)	(40, -69)	circle	green	same	right	right	(-39, 69)	(40, -69)	search	nr	True	768617	769587	right	110	85	160	10	60	35	None	None	testing
3	my	f	18	green	1	(80, 0)	(40, 69)	(-39, 69)	(-80, 0)	(-40, -69)	(40, -69)	diamond	none	same	right	right	N_dist	(80, 0)	search	nr	True	770754	771250	right	160	10	85	135	35	60	None	None	testing
3	my	f	18	green	1	(80, 0)	(40, 69)	(-39, 69)	(-80, 0)	(-40, -69)	(40, -69)	circle	green	same	right	right	(-39, 69)	(40, -69)	search	nr	True	772374	773042	right	10	35	60	110	160	135	None	None	testing
3	my	f	18	green	1	(80, 0)	(40, 69)	(-39, 69)	(-80, 0)	(-40, -69)	(40, -69)	circle	green	same	left	left	(-39, 69)	(-80, 0)	search	nr	True	774127	774914	left	160	35	85	60	110	10	None	None	testing
3	my	f	18	green	1	(80, 0)	(40, 69)	(-39, 69)	(-80, 0)	(-40, -69)	(40, -69)	diamond	green	dif	right	right	(-39, 69)	(-80, 0)	probe	h_sin	None	None	None	None	60	85	35	135	10	160	(-39, 69)	164	testing
3	my	f	18	green	1	(80, 0)	(40, 69)	(-39, 69)	(-80, 0)	(-40, -69)	(40, -69)	diamond	green	same	left	left	(-39, 69)	(-40, -69)	probe	norm	None	None	None	None	60	160	35	85	135	110	(40, 69)	12	testing
3	my	f	18	green	1	(80, 0)	(40, 69)	(-39, 69)	(-80, 0)	(-40, -69)	(40, -69)	diamond	green	same	right	right	(-39, 69)	(-40, -69)	probe	norm	None	None	None	None	10	35	135	160	110	85	(80, 0)	60	testing
3	my	f	18	green	1	(80, 0)	(40, 69)	(-39, 69)	(-80, 0)	(-40, -69)	(40, -69)	diamond	green	dif	left	left	(-39, 69)	(-40, -69)	search	nr	True	795550	796435	left	10	135	35	85	60	110	None	None	testing
3	my	f	18	green	1	(80, 0)	(40, 69)	(-39, 69)	(-80, 0)	(-40, -69)	(40, -69)	diamond	green	same	left	left	(-40, -69)	(-80, 0)	search	nr	True	797704	798546	left	60	85	10	160	35	135	None	None	testing
3	my	f	18	green	1	(80, 0)	(40, 69)	(-39, 69)	(-80, 0)	(-40, -69)	(40, -69)	diamond	green	same	right	right	(-39, 69)	(-80, 0)	probe	tar	None	None	None	None	160	85	135	10	35	110	(-80, 0)	66	testing
3	my	f	18	green	1	(80, 0)	(40, 69)	(-39, 69)	(-80, 0)	(-40, -69)	(40, -69)	diamond	green	dif	right	right	(-39, 69)	(40, -69)	search	nr	True	808391	809027	right	160	110	10	60	85	35	None	None	testing
3	my	f	18	green	1	(80, 0)	(40, 69)	(-39, 69)	(-80, 0)	(-40, -69)	(40, -69)	circle	green	dif	left	left	(-39, 69)	(40, 69)	search	nr	True	810127	811219	left	10	135	160	35	60	110	None	None	testing
3	my	f	18	green	1	(80, 0)	(40, 69)	(-39, 69)	(-80, 0)	(-40, -69)	(40, -69)	circle	green	same	left	left	(-39, 69)	(40, -69)	search	nr	True	812348	813107	left	60	85	110	10	35	160	None	None	testing
3	my	f	18	green	1	(80, 0)	(40, 69)	(-39, 69)	(-80, 0)	(-40, -69)	(40, -69)	circle	green	same	left	left	(-39, 69)	(80, 0)	search	nr	True	814201	814834	left	85	35	110	160	135	10	None	None	testing
3	my	f	18	green	1	(80, 0)	(40, 69)	(-39, 69)	(-80, 0)	(-40, -69)	(40, -69)	diamond	none	dif	right	right	N_dist	(-80, 0)	search	nr	True	816004	816738	right	135	35	110	160	60	10	None	None	testing
3	my	f	18	green	1	(80, 0)	(40, 69)	(-39, 69)	(-80, 0)	(-40, -69)	(40, -69)	diamond	green	dif	left	left	(-39, 69)	(80, 0)	probe	tar	None	None	None	None	60	85	35	10	110	135	(80, 0)	168	testing
3	my	f	18	green	1	(80, 0)	(40, 69)	(-39, 69)	(-80, 0)	(-40, -69)	(40, -69)	diamond	green	same	left	left	(40, -69)	(80, 0)	search	nr	True	822366	823218	left	160	110	10	35	135	85	None	None	testing
3	my	f	18	green	1	(80, 0)	(40, 69)	(-39, 69)	(-80, 0)	(-40, -69)	(40, -69)	circle	green	dif	left	left	(-39, 69)	(40, -69)	search	nr	True	824470	825330	left	135	85	10	60	35	160	None	None	testing
3	my	f	18	green	1	(80, 0)	(40, 69)	(-39, 69)	(-80, 0)	(-40, -69)	(40, -69)	circle	green	dif	left	left	(-40, -69)	(80, 0)	search	nr	True	826441	827042	left	10	85	60	160	35	135	None	None	testing
3	my	f	18	green	1	(80, 0)	(40, 69)	(-39, 69)	(-80, 0)	(-40, -69)	(40, -69)	circle	green	same	right	right	(-39, 69)	(40, 69)	search	nr	True	828210	829010	right	35	160	110	85	10	60	None	None	testing
3	my	f	18	green	1	(80, 0)	(40, 69)	(-39, 69)	(-80, 0)	(-40, -69)	(40, -69)	diamond	green	same	right	right	(-39, 69)	(40, 69)	search	nr	True	830097	830786	right	85	10	160	35	135	60	None	None	testing
3	my	f	18	green	1	(80, 0)	(40, 69)	(-39, 69)	(-80, 0)	(-40, -69)	(40, -69)	diamond	green	dif	right	right	(-39, 69)	(80, 0)	search	nr	True	831884	832674	right	35	85	60	110	160	135	None	None	testing
3	my	f	18	green	1	(80, 0)	(40, 69)	(-39, 69)	(-80, 0)	(-40, -69)	(40, -69)	diamond	green	same	right	right	(-39, 69)	(40, 69)	search	nr	True	833804	834563	right	35	60	160	10	110	135	None	None	testing
3	my	f	18	green	1	(80, 0)	(40, 69)	(-39, 69)	(-80, 0)	(-40, -69)	(40, -69)	circle	green	dif	left	left	(40, 69)	(-40, -69)	search	nr	True	835674	836578	left	35	60	135	160	110	10	None	None	testing
3	my	f	18	green	1	(80, 0)	(40, 69)	(-39, 69)	(-80, 0)	(-40, -69)	(40, -69)	circle	green	same	left	left	(-39, 69)	(40, -69)	search	nr	True	837878	838866	left	110	35	10	135	60	160	None	None	testing
3	my	f	18	green	1	(80, 0)	(40, 69)	(-39, 69)	(-80, 0)	(-40, -69)	(40, -69)	diamond	none	dif	left	left	N_dist	(40, -69)	probe	l_norm	None	None	None	None	160	135	10	35	85	110	(-40, -69)	173	testing
3	my	f	18	green	1	(80, 0)	(40, 69)	(-39, 69)	(-80, 0)	(-40, -69)	(40, -69)	diamond	green	same	right	right	(-39, 69)	(80, 0)	search	nr	True	844824	845490	right	35	110	160	60	10	85	None	None	testing
3	my	f	18	green	1	(80, 0)	(40, 69)	(-39, 69)	(-80, 0)	(-40, -69)	(40, -69)	diamond	green	dif	right	right	(80, 0)	(40, -69)	probe	l_sin	None	None	None	None	10	135	60	35	85	110	(80, 0)	163	testing
3	my	f	18	green	1	(80, 0)	(40, 69)	(-39, 69)	(-80, 0)	(-40, -69)	(40, -69)	circle	green	same	left	left	(-39, 69)	(-40, -69)	search	nr	True	853039	854050	left	35	160	10	85	110	60	None	None	testing
3	my	f	18	green	1	(80, 0)	(40, 69)	(-39, 69)	(-80, 0)	(-40, -69)	(40, -69)	diamond	green	same	left	left	(40, -69)	(80, 0)	probe	l_sin	None	None	None	None	160	135	85	10	110	60	(40, -69)	169	testing
3	my	f	18	green	1	(80, 0)	(40, 69)	(-39, 69)	(-80, 0)	(-40, -69)	(40, -69)	circle	none	same	right	right	N_dist	(40, -69)	search	nr	True	859685	860770	right	110	85	60	135	35	160	None	None	testing
3	my	f	18	green	1	(80, 0)	(40, 69)	(-39, 69)	(-80, 0)	(-40, -69)	(40, -69)	diamond	green	same	right	right	(-39, 69)	(80, 0)	search	nr	True	861955	863059	right	110	60	160	85	135	10	None	None	testing
3	my	f	18	green	1	(80, 0)	(40, 69)	(-39, 69)	(-80, 0)	(-40, -69)	(40, -69)	diamond	none	same	right	right	N_dist	(40, -69)	search	nr	True	864159	864819	right	10	110	85	60	160	135	None	None	testing
3	my	f	18	green	1	(80, 0)	(40, 69)	(-39, 69)	(-80, 0)	(-40, -69)	(40, -69)	circle	none	same	left	left	N_dist	(40, -69)	search	nr	True	866063	866723	left	110	10	160	35	60	85	None	None	testing
3	my	f	18	green	1	(80, 0)	(40, 69)	(-39, 69)	(-80, 0)	(-40, -69)	(40, -69)	circle	green	same	left	left	(-80, 0)	(40, -69)	probe	l_sin	None	None	None	None	110	35	85	10	135	160	(-80, 0)	63	testing
3	my	f	18	green	1	(80, 0)	(40, 69)	(-39, 69)	(-80, 0)	(-40, -69)	(40, -69)	diamond	none	dif	left	left	N_dist	(40, -69)	search	nr	True	873677	874418	left	35	85	160	135	60	10	None	None	testing
3	my	f	18	green	1	(80, 0)	(40, 69)	(-39, 69)	(-80, 0)	(-40, -69)	(40, -69)	circle	green	same	right	right	(-39, 69)	(80, 0)	search	nr	True	875681	876435	right	60	35	110	10	135	160	None	None	testing
3	my	f	18	green	1	(80, 0)	(40, 69)	(-39, 69)	(-80, 0)	(-40, -69)	(40, -69)	diamond	none	same	right	right	N_dist	(40, 69)	probe	l_norm	None	None	None	None	35	160	10	135	85	60	(-40, -69)	172	testing
3	my	f	18	green	1	(80, 0)	(40, 69)	(-39, 69)	(-80, 0)	(-40, -69)	(40, -69)	circle	green	same	right	right	(-39, 69)	(40, -69)	probe	h_sin	None	None	None	None	60	35	135	85	160	10	(-39, 69)	20	testing
3	my	f	18	green	1	(80, 0)	(40, 69)	(-39, 69)	(-80, 0)	(-40, -69)	(40, -69)	circle	green	dif	right	right	(-39, 69)	(40, 69)	search	nr	True	890224	891250	right	35	160	110	10	85	135	None	None	testing
3	my	f	18	green	1	(80, 0)	(40, 69)	(-39, 69)	(-80, 0)	(-40, -69)	(40, -69)	circle	none	dif	left	left	N_dist	(-39, 69)	probe	h_tar	None	None	None	None	135	160	110	85	35	60	(-39, 69)	174	testing
3	my	f	18	green	1	(80, 0)	(40, 69)	(-39, 69)	(-80, 0)	(-40, -69)	(40, -69)	diamond	green	dif	left	left	(-39, 69)	(80, 0)	search	nr	True	899291	900418	left	60	85	10	110	35	160	None	None	testing
3	my	f	18	green	1	(80, 0)	(40, 69)	(-39, 69)	(-80, 0)	(-40, -69)	(40, -69)	circle	green	dif	right	right	(-39, 69)	(40, -69)	search	nr	True	901562	902403	right	135	110	10	85	35	60	None	None	testing
3	my	f	18	green	1	(80, 0)	(40, 69)	(-39, 69)	(-80, 0)	(-40, -69)	(40, -69)	diamond	green	dif	right	right	(-39, 69)	(-40, -69)	probe	norm	None	None	None	None	110	135	160	10	60	35	(40, -69)	169	testing
3	my	f	18	green	1	(80, 0)	(40, 69)	(-39, 69)	(-80, 0)	(-40, -69)	(40, -69)	circle	green	same	right	right	(-39, 69)	(-80, 0)	search	nr	True	909009	910178	right	110	85	60	35	135	10	None	None	testing
3	my	f	18	green	1	(80, 0)	(40, 69)	(-39, 69)	(-80, 0)	(-40, -69)	(40, -69)	diamond	none	same	right	right	N_dist	(40, 69)	search	nr	True	911446	912099	right	110	160	10	85	35	135	None	None	testing
3	my	f	18	green	1	(80, 0)	(40, 69)	(-39, 69)	(-80, 0)	(-40, -69)	(40, -69)	diamond	green	dif	right	right	(-39, 69)	(-80, 0)	probe	tar	None	None	None	None	60	85	110	35	160	10	(-80, 0)	164	testing
3	my	f	18	green	1	(80, 0)	(40, 69)	(-39, 69)	(-80, 0)	(-40, -69)	(40, -69)	circle	none	dif	right	right	N_dist	(-80, 0)	probe	l_norm	None	None	None	None	10	110	35	60	85	160	(80, 0)	25	testing
3	my	f	18	green	1	(80, 0)	(40, 69)	(-39, 69)	(-80, 0)	(-40, -69)	(40, -69)	circle	green	dif	right	right	(40, -69)	(80, 0)	probe	norm	None	None	None	None	135	35	60	160	110	10	(-80, 0)	75	testing
3	my	f	18	green	1	(80, 0)	(40, 69)	(-39, 69)	(-80, 0)	(-40, -69)	(40, -69)	diamond	green	same	left	left	(40, 69)	(40, -69)	search	nr	True	937461	938786	left	110	160	85	35	135	10	None	None	testing
3	my	f	18	green	1	(80, 0)	(40, 69)	(-39, 69)	(-80, 0)	(-40, -69)	(40, -69)	diamond	none	same	left	left	N_dist	(-80, 0)	search	nr	True	939999	940642	left	85	110	160	135	35	60	None	None	testing
3	my	f	18	green	1	(80, 0)	(40, 69)	(-39, 69)	(-80, 0)	(-40, -69)	(40, -69)	circle	green	same	left	left	(-39, 69)	(-40, -69)	probe	h_sin	None	None	None	None	110	85	10	160	35	135	(-39, 69)	164	testing
3	my	f	18	green	1	(80, 0)	(40, 69)	(-39, 69)	(-80, 0)	(-40, -69)	(40, -69)	diamond	none	same	left	left	N_dist	(-39, 69)	search	nr	True	950235	950866	left	110	10	60	35	85	135	None	None	testing
3	my	f	18	green	1	(80, 0)	(40, 69)	(-39, 69)	(-80, 0)	(-40, -69)	(40, -69)	circle	none	same	right	right	N_dist	(40, 69)	search	nr	True	952121	953042	right	35	85	60	110	10	160	None	None	testing
3	my	f	18	green	1	(80, 0)	(40, 69)	(-39, 69)	(-80, 0)	(-40, -69)	(40, -69)	diamond	green	same	right	right	(40, 69)	(-80, 0)	search	nr	True	954125	955490	right	35	135	85	10	110	60	None	None	testing
3	my	f	18	green	1	(80, 0)	(40, 69)	(-39, 69)	(-80, 0)	(-40, -69)	(40, -69)	diamond	none	dif	left	left	N_dist	(-40, -69)	search	nr	True	956730	957443	left	35	110	160	85	60	135	None	None	testing
3	my	f	18	green	1	(80, 0)	(40, 69)	(-39, 69)	(-80, 0)	(-40, -69)	(40, -69)	diamond	green	same	left	left	(-39, 69)	(80, 0)	search	nr	True	958684	959426	left	110	160	60	135	85	10	None	None	testing
3	my	f	18	green	1	(80, 0)	(40, 69)	(-39, 69)	(-80, 0)	(-40, -69)	(40, -69)	circle	none	dif	right	right	N_dist	(-40, -69)	probe	h_norm	None	None	None	None	85	135	160	60	35	10	(-39, 69)	31	testing
3	my	f	18	green	1	(80, 0)	(40, 69)	(-39, 69)	(-80, 0)	(-40, -69)	(40, -69)	circle	none	same	left	left	N_dist	(-39, 69)	probe	h_tar	None	None	None	None	35	85	135	160	60	10	(-39, 69)	22	testing
3	my	f	18	green	1	(80, 0)	(40, 69)	(-39, 69)	(-80, 0)	(-40, -69)	(40, -69)	circle	green	same	left	left	(-39, 69)	(-40, -69)	probe	tar	None	None	None	None	85	160	35	10	110	60	(-40, -69)	15	testing
3	my	f	18	green	1	(80, 0)	(40, 69)	(-39, 69)	(-80, 0)	(-40, -69)	(40, -69)	circle	green	dif	left	left	(40, 69)	(-40, -69)	probe	l_sin	None	None	None	None	135	35	85	60	110	10	(40, 69)	163	testing
3	my	f	18	green	1	(80, 0)	(40, 69)	(-39, 69)	(-80, 0)	(-40, -69)	(40, -69)	circle	none	dif	left	left	N_dist	(80, 0)	probe	h_norm	None	None	None	None	135	10	60	110	35	85	(-39, 69)	169	testing
3	my	f	18	green	1	(80, 0)	(40, 69)	(-39, 69)	(-80, 0)	(-40, -69)	(40, -69)	circle	green	dif	left	left	(-40, -69)	(80, 0)	probe	l_sin	None	None	None	None	110	85	10	135	160	60	(-40, -69)	25	testing
3	my	f	18	green	1	(80, 0)	(40, 69)	(-39, 69)	(-80, 0)	(-40, -69)	(40, -69)	diamond	none	dif	right	right	N_dist	(80, 0)	probe	l_norm	None	None	None	None	135	85	160	10	35	110	(40, -69)	28	testing
3	my	f	18	green	1	(80, 0)	(40, 69)	(-39, 69)	(-80, 0)	(-40, -69)	(40, -69)	circle	green	dif	left	left	(-39, 69)	(-80, 0)	probe	h_sin	None	None	None	None	110	60	135	160	35	85	(-39, 69)	19	testing
3	my	f	18	green	1	(80, 0)	(40, 69)	(-39, 69)	(-80, 0)	(-40, -69)	(40, -69)	diamond	green	same	left	left	(40, -69)	(80, 0)	search	nr	True	1006621	1007874	left	60	160	110	135	85	10	None	None	testing
3	my	f	18	green	1	(80, 0)	(40, 69)	(-39, 69)	(-80, 0)	(-40, -69)	(40, -69)	diamond	green	dif	left	left	(-40, -69)	(40, 69)	search	nr	True	1008959	1009666	left	10	85	160	60	135	110	None	None	testing
3	my	f	18	green	1	(80, 0)	(40, 69)	(-39, 69)	(-80, 0)	(-40, -69)	(40, -69)	circle	green	dif	right	right	(40, -69)	(-40, -69)	search	nr	True	1010829	1011731	right	35	60	85	10	135	110	None	None	testing
3	my	f	18	green	1	(80, 0)	(40, 69)	(-39, 69)	(-80, 0)	(-40, -69)	(40, -69)	diamond	green	same	left	left	(-40, -69)	(-80, 0)	probe	tar	None	None	None	None	85	110	10	135	160	35	(-80, 0)	22	testing
3	my	f	18	green	1	(80, 0)	(40, 69)	(-39, 69)	(-80, 0)	(-40, -69)	(40, -69)	circle	green	dif	right	right	(40, -69)	(80, 0)	search	nr	True	1017475	1018771	right	160	35	60	85	110	10	None	None	testing
3	my	f	18	green	1	(80, 0)	(40, 69)	(-39, 69)	(-80, 0)	(-40, -69)	(40, -69)	circle	green	same	right	right	(-39, 69)	(80, 0)	probe	norm	None	None	None	None	135	85	110	10	35	160	(-80, 0)	53	testing
3	my	f	18	green	1	(80, 0)	(40, 69)	(-39, 69)	(-80, 0)	(-40, -69)	(40, -69)	circle	none	dif	right	right	N_dist	(40, 69)	probe	l_norm	None	None	None	None	35	135	10	85	60	110	(80, 0)	162	testing
3	my	f	18	green	1	(80, 0)	(40, 69)	(-39, 69)	(-80, 0)	(-40, -69)	(40, -69)	diamond	none	dif	left	left	N_dist	(-40, -69)	probe	h_norm	None	None	None	None	160	135	10	85	35	110	(-39, 69)	163	testing
3	my	f	18	green	1	(80, 0)	(40, 69)	(-39, 69)	(-80, 0)	(-40, -69)	(40, -69)	diamond	green	dif	left	left	(-39, 69)	(-40, -69)	probe	h_sin	None	None	None	None	35	85	10	110	160	135	(-39, 69)	161	testing
3	my	f	18	green	1	(80, 0)	(40, 69)	(-39, 69)	(-80, 0)	(-40, -69)	(40, -69)	circle	none	dif	left	left	N_dist	(-80, 0)	probe	l_tar	None	None	None	None	135	110	60	10	85	35	(-80, 0)	65	testing
3	my	f	18	green	1	(80, 0)	(40, 69)	(-39, 69)	(-80, 0)	(-40, -69)	(40, -69)	diamond	green	dif	right	right	(-39, 69)	(-40, -69)	search	nr	True	1051271	1052354	right	110	135	85	60	10	160	None	None	testing
3	my	f	18	green	1	(80, 0)	(40, 69)	(-39, 69)	(-80, 0)	(-40, -69)	(40, -69)	circle	green	dif	right	right	(-39, 69)	(80, 0)	search	nr	True	1053608	1054786	right	135	85	35	160	60	110	None	None	testing
3	my	f	18	green	1	(80, 0)	(40, 69)	(-39, 69)	(-80, 0)	(-40, -69)	(40, -69)	diamond	green	dif	left	left	(40, -69)	(80, 0)	probe	norm	None	None	None	None	110	85	10	35	135	160	(-39, 69)	165	testing
3	my	f	18	green	1	(80, 0)	(40, 69)	(-39, 69)	(-80, 0)	(-40, -69)	(40, -69)	diamond	green	dif	right	right	(-39, 69)	(40, 69)	probe	h_sin	None	None	None	None	85	160	110	60	35	135	(-39, 69)	164	testing
3	my	f	18	green	1	(80, 0)	(40, 69)	(-39, 69)	(-80, 0)	(-40, -69)	(40, -69)	diamond	green	dif	left	left	(-39, 69)	(80, 0)	probe	h_sin	None	None	None	None	10	60	135	110	160	85	(-39, 69)	24	testing
3	my	f	18	green	1	(80, 0)	(40, 69)	(-39, 69)	(-80, 0)	(-40, -69)	(40, -69)	diamond	none	dif	right	right	N_dist	(-39, 69)	search	nr	False	1074379	None	None	135	10	160	85	60	110	None	None	testing
3	my	f	18	green	1	(80, 0)	(40, 69)	(-39, 69)	(-80, 0)	(-40, -69)	(40, -69)	diamond	green	same	right	right	(-39, 69)	(-80, 0)	search	nr	True	1079956	1080882	right	135	60	160	10	85	110	None	None	testing
3	my	f	18	green	1	(80, 0)	(40, 69)	(-39, 69)	(-80, 0)	(-40, -69)	(40, -69)	diamond	none	same	left	left	N_dist	(-80, 0)	search	nr	True	1081944	1082611	left	60	110	35	85	135	160	None	None	testing
3	my	f	18	green	1	(80, 0)	(40, 69)	(-39, 69)	(-80, 0)	(-40, -69)	(40, -69)	diamond	green	same	right	right	(40, 69)	(-80, 0)	search	nr	True	1083713	1084658	right	160	135	60	85	10	35	None	None	testing
3	my	f	18	green	1	(80, 0)	(40, 69)	(-39, 69)	(-80, 0)	(-40, -69)	(40, -69)	circle	green	same	left	left	(-39, 69)	(40, -69)	probe	h_sin	None	None	None	None	60	160	35	85	10	110	(-39, 69)	166	testing
3	my	f	18	green	1	(80, 0)	(40, 69)	(-39, 69)	(-80, 0)	(-40, -69)	(40, -69)	circle	green	same	right	right	(80, 0)	(40, 69)	search	nr	True	1089858	1090866	right	110	60	35	160	85	135	None	None	testing
3	my	f	18	green	1	(80, 0)	(40, 69)	(-39, 69)	(-80, 0)	(-40, -69)	(40, -69)	diamond	green	dif	right	right	(-39, 69)	(-80, 0)	search	nr	True	1092045	1092753	right	85	60	160	10	135	110	None	None	testing
3	my	f	18	green	1	(80, 0)	(40, 69)	(-39, 69)	(-80, 0)	(-40, -69)	(40, -69)	diamond	green	dif	right	right	(-39, 69)	(-80, 0)	search	nr	True	1094049	1094594	right	85	60	135	110	35	10	None	None	testing
3	my	f	18	green	1	(80, 0)	(40, 69)	(-39, 69)	(-80, 0)	(-40, -69)	(40, -69)	diamond	green	same	right	right	(-39, 69)	(-40, -69)	search	nr	True	1095702	1096274	right	160	10	135	85	35	60	None	None	testing
3	my	f	18	green	1	(80, 0)	(40, 69)	(-39, 69)	(-80, 0)	(-40, -69)	(40, -69)	circle	green	same	right	right	(40, 69)	(80, 0)	search	nr	True	1097522	1098658	right	85	160	35	110	135	60	None	None	testing
3	my	f	18	green	1	(80, 0)	(40, 69)	(-39, 69)	(-80, 0)	(-40, -69)	(40, -69)	diamond	green	dif	right	right	(-39, 69)	(-80, 0)	search	nr	True	1099810	1100498	right	10	35	110	135	60	160	None	None	testing
3	my	f	18	green	1	(80, 0)	(40, 69)	(-39, 69)	(-80, 0)	(-40, -69)	(40, -69)	circle	green	same	left	left	(-39, 69)	(-40, -69)	search	nr	True	1101746	1102403	left	35	60	85	110	135	160	None	None	testing
3	my	f	18	green	1	(80, 0)	(40, 69)	(-39, 69)	(-80, 0)	(-40, -69)	(40, -69)	diamond	none	same	right	right	N_dist	(-80, 0)	search	nr	True	1103633	1104161	right	160	35	85	60	10	110	None	None	testing
3	my	f	18	green	1	(80, 0)	(40, 69)	(-39, 69)	(-80, 0)	(-40, -69)	(40, -69)	diamond	green	dif	right	right	(-80, 0)	(-40, -69)	search	nr	True	1105420	1106321	left	160	60	110	135	10	85	None	None	testing
3	my	f	18	green	1	(80, 0)	(40, 69)	(-39, 69)	(-80, 0)	(-40, -69)	(40, -69)	diamond	green	same	right	right	(-39, 69)	(-40, -69)	search	nr	True	1108993	1109730	right	10	135	35	85	60	160	None	None	testing
3	my	f	18	green	1	(80, 0)	(40, 69)	(-39, 69)	(-80, 0)	(-40, -69)	(40, -69)	diamond	green	same	left	left	(80, 0)	(40, 69)	search	nr	True	1110913	1111731	left	35	10	160	60	110	85	None	None	testing
3	my	f	18	green	1	(80, 0)	(40, 69)	(-39, 69)	(-80, 0)	(-40, -69)	(40, -69)	circle	green	dif	left	left	(-39, 69)	(-80, 0)	probe	h_sin	None	None	None	None	35	160	60	85	110	10	(-39, 69)	163	testing
3	my	f	18	green	1	(80, 0)	(40, 69)	(-39, 69)	(-80, 0)	(-40, -69)	(40, -69)	circle	none	dif	right	right	N_dist	(-40, -69)	search	nr	True	1117192	1118530	right	110	60	135	160	35	85	None	None	testing
3	my	f	18	green	1	(80, 0)	(40, 69)	(-39, 69)	(-80, 0)	(-40, -69)	(40, -69)	diamond	green	same	right	right	(-39, 69)	(40, 69)	search	nr	True	1119763	1120946	right	35	135	160	110	85	60	None	None	testing
3	my	f	18	green	1	(80, 0)	(40, 69)	(-39, 69)	(-80, 0)	(-40, -69)	(40, -69)	diamond	green	same	left	left	(40, 69)	(80, 0)	search	nr	True	1122184	1122914	left	35	135	10	60	110	85	None	None	testing
3	my	f	18	green	1	(80, 0)	(40, 69)	(-39, 69)	(-80, 0)	(-40, -69)	(40, -69)	diamond	green	same	left	left	(-39, 69)	(80, 0)	search	nr	True	1124088	1124882	left	160	35	110	135	60	10	None	None	testing
3	my	f	18	green	1	(80, 0)	(40, 69)	(-39, 69)	(-80, 0)	(-40, -69)	(40, -69)	diamond	none	same	left	left	N_dist	(-40, -69)	search	nr	True	1126091	1126834	left	60	160	10	35	135	110	None	None	testing
3	my	f	18	green	1	(80, 0)	(40, 69)	(-39, 69)	(-80, 0)	(-40, -69)	(40, -69)	circle	green	same	right	right	(80, 0)	(40, 69)	probe	norm	None	None	None	None	135	60	35	110	160	10	(-80, 0)	169	testing
3	my	f	18	green	1	(80, 0)	(40, 69)	(-39, 69)	(-80, 0)	(-40, -69)	(40, -69)	diamond	none	same	left	left	N_dist	(-39, 69)	probe	h_tar	None	None	None	None	60	160	110	35	135	85	(-39, 69)	163	testing
3	my	f	18	green	1	(80, 0)	(40, 69)	(-39, 69)	(-80, 0)	(-40, -69)	(40, -69)	diamond	green	dif	right	right	(-39, 69)	(40, -69)	probe	tar	None	None	None	None	35	85	135	60	160	110	(40, -69)	19	testing
3	my	f	18	green	1	(80, 0)	(40, 69)	(-39, 69)	(-80, 0)	(-40, -69)	(40, -69)	diamond	green	dif	left	left	(-80, 0)	(40, -69)	search	nr	True	1145243	1146241	left	10	60	85	35	135	160	None	None	testing
3	my	f	18	green	1	(80, 0)	(40, 69)	(-39, 69)	(-80, 0)	(-40, -69)	(40, -69)	circle	none	dif	right	right	N_dist	(-40, -69)	search	nr	True	1147330	1148658	right	160	60	110	135	10	35	None	None	testing
3	my	f	18	green	1	(80, 0)	(40, 69)	(-39, 69)	(-80, 0)	(-40, -69)	(40, -69)	diamond	green	dif	right	right	(-80, 0)	(-40, -69)	search	nr	True	1149785	1150642	right	10	85	35	110	160	135	None	None	testing
3	my	f	18	green	1	(80, 0)	(40, 69)	(-39, 69)	(-80, 0)	(-40, -69)	(40, -69)	circle	none	same	left	left	N_dist	(40, -69)	probe	l_tar	None	None	None	None	60	160	10	35	110	135	(40, -69)	17	testing
3	my	f	18	green	1	(80, 0)	(40, 69)	(-39, 69)	(-80, 0)	(-40, -69)	(40, -69)	diamond	green	same	right	right	(40, 69)	(-80, 0)	search	nr	True	1157282	1158306	right	110	160	135	35	85	10	None	None	testing
3	my	f	18	green	1	(80, 0)	(40, 69)	(-39, 69)	(-80, 0)	(-40, -69)	(40, -69)	circle	none	same	right	right	N_dist	(80, 0)	probe	h_norm	None	None	None	None	160	85	110	135	60	35	(-39, 69)	19	testing
3	my	f	18	green	1	(80, 0)	(40, 69)	(-39, 69)	(-80, 0)	(-40, -69)	(40, -69)	circle	green	dif	left	left	(-39, 69)	(-40, -69)	probe	tar	None	None	None	None	160	110	60	35	85	135	(-40, -69)	167	testing
3	my	f	18	green	1	(80, 0)	(40, 69)	(-39, 69)	(-80, 0)	(-40, -69)	(40, -69)	circle	green	same	left	left	(-39, 69)	(40, 69)	search	nr	True	1168285	1169314	left	110	60	135	85	10	35	None	None	testing
3	my	f	18	green	1	(80, 0)	(40, 69)	(-39, 69)	(-80, 0)	(-40, -69)	(40, -69)	diamond	none	same	right	right	N_dist	(40, 69)	search	nr	True	1170489	1171218	right	160	60	85	110	135	35	None	None	testing
3	my	f	18	green	1	(80, 0)	(40, 69)	(-39, 69)	(-80, 0)	(-40, -69)	(40, -69)	circle	green	dif	left	left	(-40, -69)	(40, -69)	probe	tar	None	None	None	None	35	85	110	10	160	135	(40, -69)	38	testing
3	my	f	18	green	1	(80, 0)	(40, 69)	(-39, 69)	(-80, 0)	(-40, -69)	(40, -69)	diamond	green	same	left	left	(80, 0)	(40, 69)	probe	l_sin	None	None	None	None	160	35	135	85	60	110	(80, 0)	27	testing
3	my	f	18	green	1	(80, 0)	(40, 69)	(-39, 69)	(-80, 0)	(-40, -69)	(40, -69)	diamond	green	dif	right	right	(-39, 69)	(40, 69)	search	nr	True	1183430	1184098	right	110	85	135	60	10	160	None	None	testing
3	my	f	18	green	1	(80, 0)	(40, 69)	(-39, 69)	(-80, 0)	(-40, -69)	(40, -69)	circle	green	dif	left	left	(-39, 69)	(-40, -69)	search	nr	True	1185184	1186114	left	135	110	160	10	35	60	None	None	testing
3	my	f	18	green	1	(80, 0)	(40, 69)	(-39, 69)	(-80, 0)	(-40, -69)	(40, -69)	circle	green	same	right	right	(40, 69)	(80, 0)	probe	l_sin	None	None	None	None	160	35	110	85	135	60	(40, 69)	150	testing
3	my	f	18	green	1	(80, 0)	(40, 69)	(-39, 69)	(-80, 0)	(-40, -69)	(40, -69)	diamond	none	dif	right	right	N_dist	(80, 0)	search	nr	True	1194935	1195794	right	35	60	110	85	160	10	None	None	testing
3	my	f	18	green	1	(80, 0)	(40, 69)	(-39, 69)	(-80, 0)	(-40, -69)	(40, -69)	circle	green	same	left	left	(-39, 69)	(-40, -69)	search	nr	True	1197022	1197970	left	135	160	35	10	85	110	None	None	testing
3	my	f	18	green	1	(80, 0)	(40, 69)	(-39, 69)	(-80, 0)	(-40, -69)	(40, -69)	circle	green	dif	right	right	(-39, 69)	(80, 0)	search	nr	True	1199159	1200049	right	160	60	10	35	110	135	None	None	testing
3	my	f	18	green	1	(80, 0)	(40, 69)	(-39, 69)	(-80, 0)	(-40, -69)	(40, -69)	circle	green	dif	right	right	(-80, 0)	(40, -69)	search	nr	True	1201129	1202098	right	135	60	10	160	35	110	None	None	testing
3	my	f	18	green	1	(80, 0)	(40, 69)	(-39, 69)	(-80, 0)	(-40, -69)	(40, -69)	diamond	green	same	left	left	(80, 0)	(40, 69)	search	nr	True	1203267	1203986	left	60	110	10	135	85	160	None	None	testing
3	my	f	18	green	1	(80, 0)	(40, 69)	(-39, 69)	(-80, 0)	(-40, -69)	(40, -69)	diamond	green	dif	right	right	(-39, 69)	(-80, 0)	search	nr	True	1205170	1205890	right	160	85	60	10	35	135	None	None	testing
3	my	f	18	green	1	(80, 0)	(40, 69)	(-39, 69)	(-80, 0)	(-40, -69)	(40, -69)	diamond	green	dif	left	left	(-80, 0)	(40, 69)	search	nr	True	1206956	1207602	left	35	110	135	60	160	85	None	None	testing
3	my	f	18	green	1	(80, 0)	(40, 69)	(-39, 69)	(-80, 0)	(-40, -69)	(40, -69)	diamond	green	dif	left	left	(-80, 0)	(40, 69)	search	nr	True	1208877	1209394	left	160	60	135	10	85	110	None	None	testing
3	my	f	18	green	1	(80, 0)	(40, 69)	(-39, 69)	(-80, 0)	(-40, -69)	(40, -69)	circle	green	dif	left	left	(-39, 69)	(-40, -69)	search	nr	True	1210496	1211442	left	85	160	110	35	135	10	None	None	testing
3	my	f	18	green	1	(80, 0)	(40, 69)	(-39, 69)	(-80, 0)	(-40, -69)	(40, -69)	circle	green	dif	right	right	(-39, 69)	(40, 69)	probe	h_sin	None	None	None	None	10	60	110	85	160	135	(-39, 69)	10	testing
3	my	f	18	green	1	(80, 0)	(40, 69)	(-39, 69)	(-80, 0)	(-40, -69)	(40, -69)	diamond	none	same	left	left	N_dist	(-39, 69)	search	nr	True	1218612	1219346	left	35	60	85	160	10	110	None	None	testing
3	my	f	18	green	1	(80, 0)	(40, 69)	(-39, 69)	(-80, 0)	(-40, -69)	(40, -69)	diamond	green	dif	right	right	(-39, 69)	(-80, 0)	probe	h_sin	None	None	None	None	135	60	110	10	85	160	(-39, 69)	16	testing
3	my	f	18	green	1	(80, 0)	(40, 69)	(-39, 69)	(-80, 0)	(-40, -69)	(40, -69)	circle	green	same	right	right	(-40, -69)	(80, 0)	probe	l_sin	None	None	None	None	60	35	160	85	10	135	(-40, -69)	158	testing
3	my	f	18	green	1	(80, 0)	(40, 69)	(-39, 69)	(-80, 0)	(-40, -69)	(40, -69)	circle	none	dif	left	left	N_dist	(-40, -69)	search	nr	True	1230133	1231570	left	10	160	60	35	135	110	None	None	testing
3	my	f	18	green	1	(80, 0)	(40, 69)	(-39, 69)	(-80, 0)	(-40, -69)	(40, -69)	circle	green	dif	left	left	(-39, 69)	(-80, 0)	search	nr	True	1232637	1233282	left	35	85	10	110	60	160	None	None	testing
3	my	f	18	green	1	(80, 0)	(40, 69)	(-39, 69)	(-80, 0)	(-40, -69)	(40, -69)	diamond	green	dif	right	right	(-39, 69)	(-80, 0)	search	nr	True	1234424	1235362	right	10	60	110	35	135	160	None	None	testing
3	my	f	18	green	1	(80, 0)	(40, 69)	(-39, 69)	(-80, 0)	(-40, -69)	(40, -69)	circle	none	dif	right	right	N_dist	(40, 69)	search	nr	True	1236595	1237490	right	35	85	135	10	60	160	None	None	testing
3	my	f	18	green	1	(80, 0)	(40, 69)	(-39, 69)	(-80, 0)	(-40, -69)	(40, -69)	circle	green	same	right	right	(-40, -69)	(80, 0)	search	nr	True	1238765	1240066	right	160	135	110	35	10	60	None	None	testing
3	my	f	18	green	1	(80, 0)	(40, 69)	(-39, 69)	(-80, 0)	(-40, -69)	(40, -69)	diamond	green	dif	left	left	(-80, 0)	(40, -69)	search	nr	True	1241336	1242306	left	60	10	85	160	110	135	None	None	testing
3	my	f	18	green	1	(80, 0)	(40, 69)	(-39, 69)	(-80, 0)	(-40, -69)	(40, -69)	circle	green	same	left	left	(-39, 69)	(40, 69)	probe	h_sin	None	None	None	None	160	35	60	85	135	110	(-39, 69)	16	testing
3	my	f	18	green	1	(80, 0)	(40, 69)	(-39, 69)	(-80, 0)	(-40, -69)	(40, -69)	circle	green	dif	left	left	(-39, 69)	(40, 69)	search	nr	True	1248233	1249426	left	85	110	135	10	60	35	None	None	testing
3	my	f	18	green	1	(80, 0)	(40, 69)	(-39, 69)	(-80, 0)	(-40, -69)	(40, -69)	diamond	green	same	right	right	(-39, 69)	(40, 69)	probe	norm	None	None	None	None	85	35	160	135	10	110	(-80, 0)	17	testing
3	my	f	18	green	1	(80, 0)	(40, 69)	(-39, 69)	(-80, 0)	(-40, -69)	(40, -69)	circle	green	same	left	left	(-39, 69)	(40, -69)	search	nr	True	1255313	1256082	left	85	135	110	10	60	160	None	None	testing
3	my	f	18	green	1	(80, 0)	(40, 69)	(-39, 69)	(-80, 0)	(-40, -69)	(40, -69)	circle	none	dif	left	left	N_dist	(-80, 0)	probe	h_norm	None	None	None	None	135	85	160	10	35	60	(-39, 69)	29	testing
3	my	f	18	green	1	(80, 0)	(40, 69)	(-39, 69)	(-80, 0)	(-40, -69)	(40, -69)	circle	green	dif	left	left	(-39, 69)	(-80, 0)	search	nr	True	1262442	1263602	left	110	35	10	85	60	160	None	None	testing
3	my	f	18	green	1	(80, 0)	(40, 69)	(-39, 69)	(-80, 0)	(-40, -69)	(40, -69)	circle	green	same	left	left	(-39, 69)	(80, 0)	probe	tar	None	None	None	None	35	135	85	110	160	60	(80, 0)	153	testing
3	my	f	18	green	1	(80, 0)	(40, 69)	(-39, 69)	(-80, 0)	(-40, -69)	(40, -69)	circle	green	same	left	left	(-39, 69)	(40, -69)	search	nr	True	1269472	1270242	left	10	135	110	85	60	35	None	None	testing
3	my	f	18	green	1	(80, 0)	(40, 69)	(-39, 69)	(-80, 0)	(-40, -69)	(40, -69)	circle	none	same	left	left	N_dist	(40, 69)	search	nr	True	1271359	1272242	left	10	135	110	160	85	35	None	None	testing
3	my	f	18	green	1	(80, 0)	(40, 69)	(-39, 69)	(-80, 0)	(-40, -69)	(40, -69)	circle	none	dif	right	right	N_dist	(80, 0)	search	nr	True	1273379	1274146	right	10	35	135	160	85	60	None	None	testing
3	my	f	18	green	1	(80, 0)	(40, 69)	(-39, 69)	(-80, 0)	(-40, -69)	(40, -69)	diamond	green	dif	left	left	(-39, 69)	(40, 69)	probe	norm	None	None	None	None	10	35	60	110	160	85	(80, 0)	151	testing
3	my	f	18	green	1	(80, 0)	(40, 69)	(-39, 69)	(-80, 0)	(-40, -69)	(40, -69)	circle	green	same	left	left	(-39, 69)	(80, 0)	search	nr	True	1280458	1281218	left	135	110	10	60	35	85	None	None	testing
3	my	f	18	green	1	(80, 0)	(40, 69)	(-39, 69)	(-80, 0)	(-40, -69)	(40, -69)	diamond	green	dif	left	left	(-39, 69)	(80, 0)	search	nr	True	1282396	1282994	left	35	10	160	135	60	110	None	None	testing
3	my	f	18	green	1	(80, 0)	(40, 69)	(-39, 69)	(-80, 0)	(-40, -69)	(40, -69)	circle	green	same	right	right	(80, 0)	(40, 69)	search	nr	True	1284132	1285266	right	85	35	110	160	60	10	None	None	testing
3	my	f	18	green	1	(80, 0)	(40, 69)	(-39, 69)	(-80, 0)	(-40, -69)	(40, -69)	diamond	none	same	right	right	N_dist	(40, 69)	probe	l_tar	None	None	None	None	110	160	35	85	60	10	(40, 69)	31	testing
3	my	f	18	green	1	(80, 0)	(40, 69)	(-39, 69)	(-80, 0)	(-40, -69)	(40, -69)	diamond	green	same	left	left	(-39, 69)	(80, 0)	probe	tar	None	None	None	None	85	10	135	60	160	110	(80, 0)	166	testing
3	my	f	18	green	1	(80, 0)	(40, 69)	(-39, 69)	(-80, 0)	(-40, -69)	(40, -69)	circle	green	dif	right	right	(-39, 69)	(-40, -69)	probe	norm	None	None	None	None	135	10	60	160	85	35	(80, 0)	20	testing
3	my	f	18	green	1	(80, 0)	(40, 69)	(-39, 69)	(-80, 0)	(-40, -69)	(40, -69)	circle	none	dif	left	left	N_dist	(80, 0)	search	nr	True	1304553	1305442	left	160	85	135	35	60	110	None	None	testing
3	my	f	18	green	1	(80, 0)	(40, 69)	(-39, 69)	(-80, 0)	(-40, -69)	(40, -69)	diamond	green	same	right	right	(-39, 69)	(80, 0)	probe	tar	None	None	None	None	35	60	110	135	85	160	(80, 0)	158	testing
3	my	f	18	green	1	(80, 0)	(40, 69)	(-39, 69)	(-80, 0)	(-40, -69)	(40, -69)	circle	none	same	right	right	N_dist	(40, -69)	probe	h_norm	None	None	None	None	85	60	110	35	10	135	(-39, 69)	13	testing
3	my	f	18	green	1	(80, 0)	(40, 69)	(-39, 69)	(-80, 0)	(-40, -69)	(40, -69)	circle	green	dif	right	right	(-39, 69)	(-40, -69)	probe	tar	None	None	None	None	85	160	60	10	135	35	(-40, -69)	13	testing
3	my	f	18	green	1	(80, 0)	(40, 69)	(-39, 69)	(-80, 0)	(-40, -69)	(40, -69)	diamond	green	same	left	left	(40, 69)	(40, -69)	probe	l_sin	None	None	None	None	160	135	85	35	10	110	(40, 69)	20	testing
3	my	f	18	green	1	(80, 0)	(40, 69)	(-39, 69)	(-80, 0)	(-40, -69)	(40, -69)	circle	green	dif	left	left	(-39, 69)	(-80, 0)	search	nr	True	1325541	1326978	left	160	60	85	35	10	110	None	None	testing
3	my	f	18	green	1	(80, 0)	(40, 69)	(-39, 69)	(-80, 0)	(-40, -69)	(40, -69)	diamond	none	same	left	left	N_dist	(-39, 69)	probe	h_tar	None	None	None	None	60	110	10	35	85	135	(-39, 69)	62	testing
3	my	f	18	green	1	(80, 0)	(40, 69)	(-39, 69)	(-80, 0)	(-40, -69)	(40, -69)	circle	green	same	left	left	(-39, 69)	(40, -69)	search	nr	True	1337764	1338498	left	10	110	60	85	135	35	None	None	testing
3	my	f	18	green	1	(80, 0)	(40, 69)	(-39, 69)	(-80, 0)	(-40, -69)	(40, -69)	circle	none	same	left	left	N_dist	(40, -69)	search	nr	True	1339617	1340321	left	60	10	160	35	110	85	None	None	testing
3	my	f	18	green	1	(80, 0)	(40, 69)	(-39, 69)	(-80, 0)	(-40, -69)	(40, -69)	circle	none	same	left	left	N_dist	(40, -69)	search	nr	True	1341471	1342258	left	160	135	110	85	35	10	None	None	testing
3	my	f	18	green	1	(80, 0)	(40, 69)	(-39, 69)	(-80, 0)	(-40, -69)	(40, -69)	diamond	none	same	left	left	N_dist	(-80, 0)	search	nr	True	1343441	1344402	left	160	110	135	35	10	85	None	None	testing
3	my	f	18	green	1	(80, 0)	(40, 69)	(-39, 69)	(-80, 0)	(-40, -69)	(40, -69)	circle	none	dif	right	right	N_dist	(40, 69)	search	nr	True	1345595	1346498	right	35	135	160	85	60	10	None	None	testing
3	my	f	18	green	1	(80, 0)	(40, 69)	(-39, 69)	(-80, 0)	(-40, -69)	(40, -69)	circle	green	same	left	left	(-39, 69)	(40, -69)	probe	norm	None	None	None	None	110	60	160	35	135	10	(-80, 0)	167	testing
3	my	f	18	green	1	(80, 0)	(40, 69)	(-39, 69)	(-80, 0)	(-40, -69)	(40, -69)	diamond	green	same	left	left	(-39, 69)	(-80, 0)	probe	tar	None	None	None	None	160	110	35	60	10	135	(-80, 0)	168	testing
3	my	f	18	green	1	(80, 0)	(40, 69)	(-39, 69)	(-80, 0)	(-40, -69)	(40, -69)	circle	green	dif	left	left	(-39, 69)	(-40, -69)	search	nr	True	1358352	1359346	left	160	35	135	85	60	110	None	None	testing
3	my	f	18	green	1	(80, 0)	(40, 69)	(-39, 69)	(-80, 0)	(-40, -69)	(40, -69)	diamond	green	same	left	left	(-39, 69)	(-40, -69)	search	nr	True	1360439	1361458	left	135	35	10	85	160	110	None	None	testing
3	my	f	18	green	1	(80, 0)	(40, 69)	(-39, 69)	(-80, 0)	(-40, -69)	(40, -69)	diamond	none	dif	left	left	N_dist	(-40, -69)	probe	l_tar	None	None	None	None	160	10	85	135	60	110	(-40, -69)	166	testing
3	my	f	18	green	1	(80, 0)	(40, 69)	(-39, 69)	(-80, 0)	(-40, -69)	(40, -69)	diamond	none	same	left	left	N_dist	(-80, 0)	search	nr	True	1367168	1367842	left	110	135	35	85	10	60	None	None	testing
3	my	f	18	green	1	(80, 0)	(40, 69)	(-39, 69)	(-80, 0)	(-40, -69)	(40, -69)	diamond	green	dif	left	left	(-39, 69)	(40, 69)	search	nr	True	1368954	1369570	left	10	60	35	110	85	135	None	None	testing
3	my	f	18	green	1	(80, 0)	(40, 69)	(-39, 69)	(-80, 0)	(-40, -69)	(40, -69)	circle	green	dif	right	right	(40, -69)	(-40, -69)	probe	tar	None	None	None	None	85	35	60	110	135	160	(-40, -69)	23	testing
3	my	f	18	green	1	(80, 0)	(40, 69)	(-39, 69)	(-80, 0)	(-40, -69)	(40, -69)	circle	none	dif	right	right	N_dist	(-80, 0)	search	nr	True	1375567	1376226	right	160	60	85	35	10	110	None	None	testing
3	my	f	18	green	1	(80, 0)	(40, 69)	(-39, 69)	(-80, 0)	(-40, -69)	(40, -69)	diamond	green	same	right	right	(80, 0)	(-80, 0)	search	nr	True	1377337	1378082	right	10	85	160	35	110	135	None	None	testing
3	my	f	18	green	1	(80, 0)	(40, 69)	(-39, 69)	(-80, 0)	(-40, -69)	(40, -69)	circle	green	same	left	left	(-39, 69)	(40, -69)	search	nr	True	1379240	1380162	left	35	135	110	60	160	10	None	None	testing
3	my	f	18	green	1	(80, 0)	(40, 69)	(-39, 69)	(-80, 0)	(-40, -69)	(40, -69)	circle	green	dif	left	left	(40, 69)	(-40, -69)	search	nr	True	1381461	1382274	left	110	60	135	160	10	85	None	None	testing
3	my	f	18	green	1	(80, 0)	(40, 69)	(-39, 69)	(-80, 0)	(-40, -69)	(40, -69)	circle	green	dif	left	left	(-39, 69)	(40, -69)	probe	h_sin	None	None	None	None	35	85	135	110	160	10	(-39, 69)	19	testing
3	my	f	18	green	1	(80, 0)	(40, 69)	(-39, 69)	(-80, 0)	(-40, -69)	(40, -69)	diamond	green	dif	left	left	(-80, 0)	(40, -69)	probe	l_sin	None	None	None	None	10	85	110	160	35	135	(-80, 0)	26	testing
3	my	f	18	green	1	(80, 0)	(40, 69)	(-39, 69)	(-80, 0)	(-40, -69)	(40, -69)	diamond	none	dif	left	left	N_dist	(40, -69)	search	nr	True	1393567	1394402	left	85	160	110	10	35	135	None	None	testing
3	my	f	18	green	1	(80, 0)	(40, 69)	(-39, 69)	(-80, 0)	(-40, -69)	(40, -69)	circle	green	same	left	left	(-39, 69)	(40, 69)	search	nr	True	1395470	1396402	left	60	10	85	135	160	35	None	None	testing
3	my	f	18	green	1	(80, 0)	(40, 69)	(-39, 69)	(-80, 0)	(-40, -69)	(40, -69)	circle	green	dif	right	right	(-80, 0)	(40, -69)	probe	tar	None	None	None	None	160	60	135	10	85	35	(40, -69)	161	testing
3	my	f	18	green	1	(80, 0)	(40, 69)	(-39, 69)	(-80, 0)	(-40, -69)	(40, -69)	circle	none	same	right	right	N_dist	(40, -69)	search	nr	True	1402149	1402898	right	60	160	35	110	85	135	None	None	testing
3	my	f	18	green	1	(80, 0)	(40, 69)	(-39, 69)	(-80, 0)	(-40, -69)	(40, -69)	diamond	none	same	right	right	N_dist	(80, 0)	probe	l_norm	None	None	None	None	85	160	35	10	135	60	(-80, 0)	16	testing
3	my	f	18	green	1	(80, 0)	(40, 69)	(-39, 69)	(-80, 0)	(-40, -69)	(40, -69)	diamond	none	dif	right	right	N_dist	(-39, 69)	search	nr	True	1408577	1409378	right	60	160	35	10	110	135	None	None	testing
3	my	f	18	green	1	(80, 0)	(40, 69)	(-39, 69)	(-80, 0)	(-40, -69)	(40, -69)	circle	none	dif	right	right	N_dist	(80, 0)	probe	l_norm	None	None	None	None	85	35	135	110	160	10	(40, 69)	158	testing
3	my	f	18	green	1	(80, 0)	(40, 69)	(-39, 69)	(-80, 0)	(-40, -69)	(40, -69)	diamond	none	dif	left	left	N_dist	(40, -69)	search	nr	True	1414705	1415474	left	10	35	160	135	110	60	None	None	testing
3	my	f	18	green	1	(80, 0)	(40, 69)	(-39, 69)	(-80, 0)	(-40, -69)	(40, -69)	circle	green	dif	right	right	(40, -69)	(-40, -69)	search	nr	True	1416676	1417825	right	85	160	135	60	10	35	None	None	testing
3	my	f	18	green	1	(80, 0)	(40, 69)	(-39, 69)	(-80, 0)	(-40, -69)	(40, -69)	diamond	green	dif	right	right	(80, 0)	(40, -69)	search	nr	True	1418930	1420226	right	85	35	110	160	135	60	None	None	testing
3	my	f	18	green	1	(80, 0)	(40, 69)	(-39, 69)	(-80, 0)	(-40, -69)	(40, -69)	diamond	none	same	left	left	N_dist	(-39, 69)	search	nr	True	1421301	1421938	left	10	110	60	135	35	160	None	None	testing
3	my	f	18	green	1	(80, 0)	(40, 69)	(-39, 69)	(-80, 0)	(-40, -69)	(40, -69)	circle	none	same	left	left	N_dist	(40, 69)	probe	h_norm	None	None	None	None	110	85	35	10	60	135	(-39, 69)	162	testing
3	my	f	18	green	1	(80, 0)	(40, 69)	(-39, 69)	(-80, 0)	(-40, -69)	(40, -69)	diamond	none	dif	right	right	N_dist	(-80, 0)	probe	l_tar	None	None	None	None	160	110	85	35	60	135	(-80, 0)	160	testing
3	my	f	18	green	1	(80, 0)	(40, 69)	(-39, 69)	(-80, 0)	(-40, -69)	(40, -69)	circle	none	same	right	right	N_dist	(40, 69)	probe	l_tar	None	None	None	None	135	85	160	10	35	60	(40, 69)	167	testing
3	my	f	18	green	1	(80, 0)	(40, 69)	(-39, 69)	(-80, 0)	(-40, -69)	(40, -69)	circle	green	dif	left	left	(-39, 69)	(40, -69)	search	nr	True	1438833	1439794	left	110	135	60	160	35	10	None	None	testing
3	my	f	18	green	1	(80, 0)	(40, 69)	(-39, 69)	(-80, 0)	(-40, -69)	(40, -69)	diamond	none	dif	left	left	N_dist	(-40, -69)	search	nr	True	1440920	1441794	left	60	135	85	35	110	10	None	None	testing
3	my	f	18	green	1	(80, 0)	(40, 69)	(-39, 69)	(-80, 0)	(-40, -69)	(40, -69)	diamond	green	dif	right	right	(-39, 69)	(40, 69)	search	nr	True	1442891	1443537	right	35	10	160	110	85	135	None	None	testing
3	my	f	18	green	1	(80, 0)	(40, 69)	(-39, 69)	(-80, 0)	(-40, -69)	(40, -69)	circle	green	same	left	left	(-80, 0)	(40, -69)	search	nr	True	1444611	1445585	left	135	60	110	160	35	85	None	None	testing
3	my	f	18	green	1	(80, 0)	(40, 69)	(-39, 69)	(-80, 0)	(-40, -69)	(40, -69)	circle	none	same	left	left	N_dist	(-39, 69)	probe	h_tar	None	None	None	None	110	135	35	85	160	60	(-39, 69)	161	testing
3	my	f	18	green	1	(80, 0)	(40, 69)	(-39, 69)	(-80, 0)	(-40, -69)	(40, -69)	diamond	green	same	right	right	(40, 69)	(-80, 0)	probe	tar	None	None	None	None	135	10	160	110	60	85	(-80, 0)	22	testing
3	my	f	18	green	1	(80, 0)	(40, 69)	(-39, 69)	(-80, 0)	(-40, -69)	(40, -69)	circle	none	same	left	left	N_dist	(40, -69)	search	nr	True	1455848	1456562	left	60	10	110	85	160	135	None	None	testing
3	my	f	18	green	1	(80, 0)	(40, 69)	(-39, 69)	(-80, 0)	(-40, -69)	(40, -69)	diamond	green	dif	right	right	(-80, 0)	(-40, -69)	probe	norm	None	None	None	None	135	10	110	60	85	160	(40, 69)	156	testing
3	my	f	18	green	1	(80, 0)	(40, 69)	(-39, 69)	(-80, 0)	(-40, -69)	(40, -69)	circle	none	same	right	right	N_dist	(80, 0)	search	nr	True	1462126	1462930	right	160	135	35	85	110	10	None	None	testing
3	my	f	18	green	1	(80, 0)	(40, 69)	(-39, 69)	(-80, 0)	(-40, -69)	(40, -69)	diamond	green	same	right	right	(80, 0)	(-80, 0)	search	nr	True	1464046	1465298	right	160	35	60	85	10	135	None	None	testing
3	my	f	18	green	1	(80, 0)	(40, 69)	(-39, 69)	(-80, 0)	(-40, -69)	(40, -69)	circle	none	same	left	left	N_dist	(-39, 69)	search	nr	True	1466484	1467137	left	85	10	160	60	135	35	None	None	testing
3	my	f	18	green	1	(80, 0)	(40, 69)	(-39, 69)	(-80, 0)	(-40, -69)	(40, -69)	circle	green	dif	left	left	(-39, 69)	(-40, -69)	search	nr	True	1468254	1469121	left	135	160	60	110	85	10	None	None	testing
3	my	f	18	green	1	(80, 0)	(40, 69)	(-39, 69)	(-80, 0)	(-40, -69)	(40, -69)	diamond	none	dif	left	left	N_dist	(80, 0)	search	nr	True	1470207	1470865	left	85	110	35	135	60	160	None	None	testing
3	my	f	18	green	1	(80, 0)	(40, 69)	(-39, 69)	(-80, 0)	(-40, -69)	(40, -69)	circle	green	same	left	left	(-80, 0)	(40, -69)	search	nr	True	1472044	1472977	left	110	60	135	85	35	10	None	None	testing
3	my	f	18	green	1	(80, 0)	(40, 69)	(-39, 69)	(-80, 0)	(-40, -69)	(40, -69)	diamond	green	dif	left	left	(-40, -69)	(40, 69)	search	nr	True	1474198	1474865	left	35	110	85	135	60	10	None	None	testing
3	my	f	18	green	1	(80, 0)	(40, 69)	(-39, 69)	(-80, 0)	(-40, -69)	(40, -69)	circle	green	dif	right	right	(-39, 69)	(-80, 0)	probe	norm	None	None	None	None	60	35	85	160	135	110	(40, 69)	159	testing
3	my	f	18	green	1	(80, 0)	(40, 69)	(-39, 69)	(-80, 0)	(-40, -69)	(40, -69)	diamond	none	same	left	left	N_dist	(-40, -69)	probe	l_norm	None	None	None	None	110	35	135	85	10	60	(40, 69)	154	testing
3	my	f	18	green	1	(80, 0)	(40, 69)	(-39, 69)	(-80, 0)	(-40, -69)	(40, -69)	circle	none	dif	left	left	N_dist	(-40, -69)	search	nr	True	1485469	1486178	left	35	60	160	110	85	10	None	None	testing
3	my	f	18	green	1	(80, 0)	(40, 69)	(-39, 69)	(-80, 0)	(-40, -69)	(40, -69)	circle	none	dif	left	left	N_dist	(-39, 69)	search	nr	True	1487289	1487970	left	85	135	60	110	35	160	None	None	testing
3	my	f	18	green	1	(80, 0)	(40, 69)	(-39, 69)	(-80, 0)	(-40, -69)	(40, -69)	circle	green	same	right	right	(80, 0)	(40, -69)	search	nr	True	1489092	1489953	right	10	85	160	35	135	110	None	None	testing
3	my	f	18	green	1	(80, 0)	(40, 69)	(-39, 69)	(-80, 0)	(-40, -69)	(40, -69)	circle	green	same	right	right	(-39, 69)	(40, -69)	probe	norm	None	None	None	None	160	110	60	135	10	35	(80, 0)	22	testing
3	my	f	18	green	1	(80, 0)	(40, 69)	(-39, 69)	(-80, 0)	(-40, -69)	(40, -69)	diamond	green	same	right	right	(40, 69)	(-80, 0)	probe	l_sin	None	None	None	None	60	85	110	35	10	160	(40, 69)	157	testing
3	my	f	18	green	1	(80, 0)	(40, 69)	(-39, 69)	(-80, 0)	(-40, -69)	(40, -69)	diamond	none	dif	right	right	N_dist	(-39, 69)	probe	h_tar	None	None	None	None	60	160	110	35	85	135	(-39, 69)	163	testing
3	my	f	18	green	1	(80, 0)	(40, 69)	(-39, 69)	(-80, 0)	(-40, -69)	(40, -69)	circle	green	dif	right	right	(-39, 69)	(40, -69)	probe	tar	None	None	None	None	135	60	10	35	85	110	(40, -69)	26	testing
3	my	f	18	green	1	(80, 0)	(40, 69)	(-39, 69)	(-80, 0)	(-40, -69)	(40, -69)	circle	none	dif	left	left	N_dist	(-80, 0)	search	nr	True	1510581	1511570	left	110	160	85	60	135	35	None	None	testing
3	my	f	18	green	1	(80, 0)	(40, 69)	(-39, 69)	(-80, 0)	(-40, -69)	(40, -69)	diamond	green	dif	left	left	(-39, 69)	(-40, -69)	search	nr	True	1512686	1513457	left	60	135	85	110	10	35	None	None	testing
3	my	f	18	green	1	(80, 0)	(40, 69)	(-39, 69)	(-80, 0)	(-40, -69)	(40, -69)	diamond	green	dif	left	left	(40, -69)	(40, 69)	search	nr	True	1514655	1515602	left	160	60	135	10	110	35	None	None	testing
3	my	f	18	green	1	(80, 0)	(40, 69)	(-39, 69)	(-80, 0)	(-40, -69)	(40, -69)	circle	none	dif	left	left	N_dist	(80, 0)	search	nr	True	1516843	1517634	left	135	60	85	110	160	35	None	None	testing
3	my	f	18	green	1	(80, 0)	(40, 69)	(-39, 69)	(-80, 0)	(-40, -69)	(40, -69)	circle	green	same	left	left	(-39, 69)	(40, 69)	search	nr	True	1518780	1519585	left	160	35	60	85	10	110	None	None	testing
3	my	f	18	green	1	(80, 0)	(40, 69)	(-39, 69)	(-80, 0)	(-40, -69)	(40, -69)	circle	green	same	right	right	(-39, 69)	(40, 69)	search	nr	True	1520750	1522210	right	10	85	60	135	160	110	None	None	testing
3	my	f	18	green	1	(80, 0)	(40, 69)	(-39, 69)	(-80, 0)	(-40, -69)	(40, -69)	circle	none	dif	left	left	N_dist	(-39, 69)	search	nr	True	1523272	1524081	left	85	10	110	160	35	135	None	None	testing
3	my	f	18	green	1	(80, 0)	(40, 69)	(-39, 69)	(-80, 0)	(-40, -69)	(40, -69)	diamond	green	dif	right	right	(-39, 69)	(80, 0)	search	nr	True	1525142	1525970	right	60	35	10	135	85	160	None	None	testing
3	my	f	18	green	1	(80, 0)	(40, 69)	(-39, 69)	(-80, 0)	(-40, -69)	(40, -69)	circle	green	dif	left	left	(-39, 69)	(40, -69)	search	nr	True	1527279	1527953	left	110	160	85	10	35	60	None	None	testing
3	my	f	18	green	1	(80, 0)	(40, 69)	(-39, 69)	(-80, 0)	(-40, -69)	(40, -69)	diamond	green	dif	left	left	(40, -69)	(-40, -69)	search	nr	True	1529150	1530098	left	160	35	110	85	135	60	None	None	testing
3	my	f	18	green	1	(80, 0)	(40, 69)	(-39, 69)	(-80, 0)	(-40, -69)	(40, -69)	diamond	none	dif	left	left	N_dist	(80, 0)	search	nr	True	1531220	1531986	left	160	60	110	35	10	135	None	None	testing
3	my	f	18	green	1	(80, 0)	(40, 69)	(-39, 69)	(-80, 0)	(-40, -69)	(40, -69)	circle	none	same	left	left	N_dist	(40, -69)	probe	h_norm	None	None	None	None	135	85	160	60	35	110	(-39, 69)	15	testing
3	my	f	18	green	1	(80, 0)	(40, 69)	(-39, 69)	(-80, 0)	(-40, -69)	(40, -69)	diamond	green	same	right	right	(-39, 69)	(40, 69)	search	nr	True	1537932	1538722	right	160	10	135	110	85	35	None	None	testing
3	my	f	18	green	1	(80, 0)	(40, 69)	(-39, 69)	(-80, 0)	(-40, -69)	(40, -69)	diamond	green	dif	left	left	(40, -69)	(80, 0)	search	nr	True	1539835	1540737	left	85	110	160	35	10	135	None	None	testing
3	my	f	18	green	1	(80, 0)	(40, 69)	(-39, 69)	(-80, 0)	(-40, -69)	(40, -69)	diamond	green	dif	right	right	(-39, 69)	(40, -69)	search	nr	True	1541822	1542610	right	110	85	35	10	135	60	None	None	testing
3	my	f	18	green	1	(80, 0)	(40, 69)	(-39, 69)	(-80, 0)	(-40, -69)	(40, -69)	diamond	none	same	right	right	N_dist	(40, -69)	search	nr	True	1543876	1544546	right	160	110	135	10	60	35	None	None	testing
3	my	f	18	green	1	(80, 0)	(40, 69)	(-39, 69)	(-80, 0)	(-40, -69)	(40, -69)	diamond	green	same	right	right	(80, 0)	(-80, 0)	probe	l_sin	None	None	None	None	35	85	110	60	160	135	(80, 0)	151	testing
3	my	f	18	green	1	(80, 0)	(40, 69)	(-39, 69)	(-80, 0)	(-40, -69)	(40, -69)	diamond	green	dif	left	left	(-39, 69)	(40, 69)	search	nr	True	1550472	1551106	left	10	35	110	135	60	85	None	None	testing
3	my	f	18	green	1	(80, 0)	(40, 69)	(-39, 69)	(-80, 0)	(-40, -69)	(40, -69)	circle	none	same	right	right	N_dist	(40, 69)	search	nr	True	1552325	1553394	right	10	85	60	160	135	35	None	None	testing
3	my	f	18	green	1	(80, 0)	(40, 69)	(-39, 69)	(-80, 0)	(-40, -69)	(40, -69)	circle	none	dif	left	left	N_dist	(-40, -69)	probe	l_tar	None	None	None	None	135	110	35	10	85	160	(-40, -69)	169	testing
3	my	f	18	green	1	(80, 0)	(40, 69)	(-39, 69)	(-80, 0)	(-40, -69)	(40, -69)	circle	green	dif	left	left	(-40, -69)	(40, -69)	search	nr	True	1559021	1560050	left	35	10	60	110	160	85	None	None	testing
3	my	f	18	green	1	(80, 0)	(40, 69)	(-39, 69)	(-80, 0)	(-40, -69)	(40, -69)	circle	none	same	right	right	N_dist	(40, 69)	search	nr	True	1561175	1561778	right	10	35	85	160	60	110	None	None	testing
3	my	f	18	green	1	(80, 0)	(40, 69)	(-39, 69)	(-80, 0)	(-40, -69)	(40, -69)	diamond	none	dif	right	right	N_dist	(80, 0)	search	nr	True	1562895	1563696	right	160	110	135	35	60	85	None	None	testing
3	my	f	18	green	1	(80, 0)	(40, 69)	(-39, 69)	(-80, 0)	(-40, -69)	(40, -69)	circle	green	dif	right	right	(-39, 69)	(40, 69)	search	nr	True	1564915	1565665	right	110	35	85	10	160	135	None	None	testing
3	my	f	18	green	1	(80, 0)	(40, 69)	(-39, 69)	(-80, 0)	(-40, -69)	(40, -69)	diamond	green	dif	right	right	(-39, 69)	(-80, 0)	search	nr	True	1566885	1567489	right	160	110	10	60	135	85	None	None	testing
3	my	f	18	green	1	(80, 0)	(40, 69)	(-39, 69)	(-80, 0)	(-40, -69)	(40, -69)	diamond	none	dif	right	right	N_dist	(-40, -69)	search	nr	True	1568722	1569329	right	85	160	10	60	110	135	None	None	testing
3	my	f	18	green	1	(80, 0)	(40, 69)	(-39, 69)	(-80, 0)	(-40, -69)	(40, -69)	circle	green	same	right	right	(-39, 69)	(40, 69)	probe	tar	None	None	None	None	60	35	135	160	110	85	(40, 69)	161	testing
3	my	f	18	green	1	(80, 0)	(40, 69)	(-39, 69)	(-80, 0)	(-40, -69)	(40, -69)	circle	none	same	right	right	N_dist	(40, -69)	search	nr	True	1574833	1575730	right	35	135	160	10	110	85	None	None	testing
3	my	f	18	green	1	(80, 0)	(40, 69)	(-39, 69)	(-80, 0)	(-40, -69)	(40, -69)	diamond	green	same	right	right	(-39, 69)	(40, 69)	probe	norm	None	None	None	None	160	85	110	60	135	35	(-80, 0)	75	testing
3	my	f	18	green	1	(80, 0)	(40, 69)	(-39, 69)	(-80, 0)	(-40, -69)	(40, -69)	circle	none	dif	right	right	N_dist	(40, 69)	search	nr	True	1583800	1584402	right	110	135	10	35	160	60	None	None	testing
3	my	f	18	green	1	(80, 0)	(40, 69)	(-39, 69)	(-80, 0)	(-40, -69)	(40, -69)	circle	none	dif	right	right	N_dist	(-80, 0)	search	nr	True	1585503	1586338	right	10	110	160	85	135	35	None	None	testing
3	my	f	18	green	1	(80, 0)	(40, 69)	(-39, 69)	(-80, 0)	(-40, -69)	(40, -69)	diamond	green	dif	right	right	(-39, 69)	(80, 0)	probe	h_sin	None	None	None	None	85	60	10	135	35	160	(-39, 69)	161	testing
3	my	f	18	green	1	(80, 0)	(40, 69)	(-39, 69)	(-80, 0)	(-40, -69)	(40, -69)	diamond	none	same	left	left	N_dist	(-80, 0)	probe	l_norm	None	None	None	None	35	160	110	10	135	60	(40, -69)	23	testing
3	my	f	18	green	1	(80, 0)	(40, 69)	(-39, 69)	(-80, 0)	(-40, -69)	(40, -69)	circle	green	same	left	left	(-39, 69)	(-40, -69)	search	nr	True	1601316	1602386	left	35	10	160	135	60	110	None	None	testing
3	my	f	18	green	1	(80, 0)	(40, 69)	(-39, 69)	(-80, 0)	(-40, -69)	(40, -69)	diamond	none	same	left	left	N_dist	(-40, -69)	search	nr	True	1603519	1604321	left	135	160	60	10	85	110	None	None	testing
3	my	f	18	green	1	(80, 0)	(40, 69)	(-39, 69)	(-80, 0)	(-40, -69)	(40, -69)	circle	green	dif	right	right	(-39, 69)	(-40, -69)	search	nr	True	1605556	1606417	right	160	85	110	10	60	35	None	None	testing
3	my	f	18	green	1	(80, 0)	(40, 69)	(-39, 69)	(-80, 0)	(-40, -69)	(40, -69)	diamond	green	same	right	right	(-39, 69)	(40, 69)	search	nr	True	1607527	1608226	right	85	110	35	135	60	10	None	None	testing
3	my	f	18	green	1	(80, 0)	(40, 69)	(-39, 69)	(-80, 0)	(-40, -69)	(40, -69)	circle	green	dif	right	right	(-39, 69)	(-40, -69)	search	nr	True	1609380	1610033	right	160	85	10	110	35	60	None	None	testing
