subj	name	gender	age	dist	run	tar_locs1	tar_locs2	tar_locs3	tar_locs4	tar_locs5	tar_locs6	shape	dist	td_dif	detection	resp_key	dis_loc	tar_loc	task_type	probe_cond	gotKey	startTime	respTime	resp	o1	o2	o3	o4	o5	o6	pro_loc	ori_resp	mode
3	my	f	18	green	Le	(80, 0)	(40, 69)	(-39, 69)	(-80, 0)	(-40, -69)	(40, -69)	circle	none	dif	right	right	N_dist	(-80, 0)	search	nr	True	162225	163215	right	10	135	85	60	110	35	None	None	practice
3	my	f	18	green	Le	(80, 0)	(40, 69)	(-39, 69)	(-80, 0)	(-40, -69)	(40, -69)	circle	green	dif	right	right	(-39, 69)	(40, 69)	search	nr	True	164411	165038	right	35	85	110	10	135	60	None	None	practice
3	my	f	18	green	Le	(80, 0)	(40, 69)	(-39, 69)	(-80, 0)	(-40, -69)	(40, -69)	diamond	green	same	left	left	(80, 0)	(40, -69)	search	nr	True	166298	168447	left	10	85	160	35	60	110	None	None	practice
3	my	f	18	green	Le	(80, 0)	(40, 69)	(-39, 69)	(-80, 0)	(-40, -69)	(40, -69)	circle	none	dif	right	right	N_dist	(-40, -69)	search	nr	True	169671	170623	right	10	85	35	110	160	135	None	None	practice
3	my	f	18	green	Le	(80, 0)	(40, 69)	(-39, 69)	(-80, 0)	(-40, -69)	(40, -69)	circle	green	dif	right	right	(-39, 69)	(40, 69)	search	nr	True	171875	172783	left	60	35	85	135	10	160	None	None	practice
3	my	f	18	green	Le	(80, 0)	(40, 69)	(-39, 69)	(-80, 0)	(-40, -69)	(40, -69)	diamond	green	same	right	right	(-39, 69)	(40, 69)	search	nr	True	175582	176943	right	60	160	110	35	85	135	None	None	practice
3	my	f	18	green	Le	(80, 0)	(40, 69)	(-39, 69)	(-80, 0)	(-40, -69)	(40, -69)	circle	none	dif	right	right	N_dist	(-40, -69)	search	nr	True	178070	179951	right	60	160	85	10	110	135	None	None	practice
3	my	f	18	green	Le	(80, 0)	(40, 69)	(-39, 69)	(-80, 0)	(-40, -69)	(40, -69)	circle	none	dif	right	right	N_dist	(-80, 0)	search	nr	True	181242	182079	right	160	85	110	35	135	10	None	None	practice
3	my	f	18	green	Le	(80, 0)	(40, 69)	(-39, 69)	(-80, 0)	(-40, -69)	(40, -69)	diamond	green	same	right	right	(-39, 69)	(-40, -69)	search	nr	True	183163	184191	right	110	10	135	85	60	160	None	None	practice
3	my	f	18	green	Le	(80, 0)	(40, 69)	(-39, 69)	(-80, 0)	(-40, -69)	(40, -69)	diamond	green	same	right	right	(-39, 69)	(-40, -69)	search	nr	True	185350	186911	right	10	60	160	85	35	110	None	None	practice
3	my	f	18	green	Le	(80, 0)	(40, 69)	(-39, 69)	(-80, 0)	(-40, -69)	(40, -69)	circle	none	dif	left	left	N_dist	(-39, 69)	search	nr	True	187972	189375	left	135	110	85	160	35	10	None	None	practice
3	my	f	18	green	Le	(80, 0)	(40, 69)	(-39, 69)	(-80, 0)	(-40, -69)	(40, -69)	diamond	green	dif	right	right	(-39, 69)	(-80, 0)	search	nr	True	190459	192415	right	135	10	85	60	110	160	None	None	practice
3	my	f	18	green	Le	(80, 0)	(40, 69)	(-39, 69)	(-80, 0)	(-40, -69)	(40, -69)	diamond	green	dif	right	right	(-39, 69)	(40, -69)	search	nr	True	193599	194527	right	160	60	35	85	135	110	None	None	practice
3	my	f	18	green	Le	(80, 0)	(40, 69)	(-39, 69)	(-80, 0)	(-40, -69)	(40, -69)	circle	green	same	left	left	(-80, 0)	(40, -69)	search	nr	True	195803	197455	left	135	10	85	160	35	60	None	None	practice
3	my	f	18	green	Le	(80, 0)	(40, 69)	(-39, 69)	(-80, 0)	(-40, -69)	(40, -69)	diamond	none	dif	right	right	N_dist	(40, -69)	search	nr	True	198558	199743	right	135	85	60	10	110	160	None	None	practice
3	my	f	18	green	Le	(80, 0)	(40, 69)	(-39, 69)	(-80, 0)	(-40, -69)	(40, -69)	diamond	green	same	right	right	(40, -69)	(-40, -69)	search	nr	True	200862	202511	right	60	10	160	135	110	85	None	None	practice
3	my	f	18	green	Le	(80, 0)	(40, 69)	(-39, 69)	(-80, 0)	(-40, -69)	(40, -69)	circle	green	same	left	left	(-39, 69)	(80, 0)	search	nr	True	203684	204511	left	135	60	35	160	110	10	None	None	practice
3	my	f	18	green	Le	(80, 0)	(40, 69)	(-39, 69)	(-80, 0)	(-40, -69)	(40, -69)	diamond	green	dif	left	left	(-80, 0)	(40, 69)	search	nr	True	205771	206527	right	85	160	60	35	10	110	None	None	practice
3	my	f	18	green	Le	(80, 0)	(40, 69)	(-39, 69)	(-80, 0)	(-40, -69)	(40, -69)	circle	none	dif	right	right	N_dist	(40, -69)	search	nr	True	209211	211375	right	85	135	160	60	110	10	None	None	practice
3	my	f	18	green	Le	(80, 0)	(40, 69)	(-39, 69)	(-80, 0)	(-40, -69)	(40, -69)	circle	none	same	right	right	N_dist	(80, 0)	search	nr	True	212517	214111	right	10	160	110	35	135	60	None	None	practice
3	my	f	18	green	Le	(80, 0)	(40, 69)	(-39, 69)	(-80, 0)	(-40, -69)	(40, -69)	circle	none	same	left	left	N_dist	(40, 69)	search	nr	True	215389	217135	left	35	10	135	85	110	160	None	None	practice
3	my	f	18	green	Le	(80, 0)	(40, 69)	(-39, 69)	(-80, 0)	(-40, -69)	(40, -69)	diamond	none	same	right	right	N_dist	(40, -69)	search	nr	True	218327	219791	right	60	160	35	110	135	10	None	None	practice
3	my	f	18	green	Le	(80, 0)	(40, 69)	(-39, 69)	(-80, 0)	(-40, -69)	(40, -69)	circle	green	same	right	right	(40, -69)	(-40, -69)	search	nr	True	220849	223326	right	35	110	60	135	10	160	None	None	practice
3	my	f	18	green	Le	(80, 0)	(40, 69)	(-39, 69)	(-80, 0)	(-40, -69)	(40, -69)	circle	green	dif	right	right	(-40, -69)	(40, -69)	search	nr	True	224539	225903	right	35	110	60	85	160	10	None	None	practice
3	my	f	18	green	Le	(80, 0)	(40, 69)	(-39, 69)	(-80, 0)	(-40, -69)	(40, -69)	diamond	none	dif	left	left	N_dist	(-80, 0)	search	nr	True	226960	228047	left	135	85	10	160	35	60	None	None	practice
3	my	f	18	green	Le	(80, 0)	(40, 69)	(-39, 69)	(-80, 0)	(-40, -69)	(40, -69)	circle	green	dif	right	right	(-39, 69)	(40, 69)	search	nr	True	229281	230446	right	10	35	110	135	60	160	None	None	practice
3	my	f	18	green	Le	(80, 0)	(40, 69)	(-39, 69)	(-80, 0)	(-40, -69)	(40, -69)	circle	none	same	left	left	N_dist	(80, 0)	search	nr	True	231535	232495	left	10	35	60	160	135	110	None	None	practice
3	my	f	18	green	Le	(80, 0)	(40, 69)	(-39, 69)	(-80, 0)	(-40, -69)	(40, -69)	diamond	green	same	right	right	(-39, 69)	(-40, -69)	search	nr	True	233589	234847	right	110	10	135	35	85	60	None	None	practice
3	my	f	18	green	Le	(80, 0)	(40, 69)	(-39, 69)	(-80, 0)	(-40, -69)	(40, -69)	diamond	green	dif	left	left	(-80, 0)	(40, 69)	search	nr	True	235927	236831	left	60	135	35	110	160	85	None	None	practice
3	my	f	18	green	Le	(80, 0)	(40, 69)	(-39, 69)	(-80, 0)	(-40, -69)	(40, -69)	circle	green	same	left	left	(-39, 69)	(-80, 0)	search	nr	True	238113	240190	left	10	85	60	160	135	110	None	None	practice
3	my	f	18	green	Le	(80, 0)	(40, 69)	(-39, 69)	(-80, 0)	(-40, -69)	(40, -69)	diamond	none	dif	left	left	N_dist	(-39, 69)	search	nr	True	241303	243391	left	35	135	110	60	85	160	None	None	practice
3	my	f	18	green	Le	(80, 0)	(40, 69)	(-39, 69)	(-80, 0)	(-40, -69)	(40, -69)	circle	none	dif	left	left	N_dist	(-39, 69)	search	nr	True	244692	245759	left	135	110	35	160	10	60	None	None	practice
3	my	f	18	green	Le	(80, 0)	(40, 69)	(-39, 69)	(-80, 0)	(-40, -69)	(40, -69)	circle	none	same	right	right	N_dist	(80, 0)	search	nr	True	247014	248207	right	110	85	35	60	10	160	None	None	practice
3	my	f	18	green	Le	(80, 0)	(40, 69)	(-39, 69)	(-80, 0)	(-40, -69)	(40, -69)	circle	none	dif	right	right	N_dist	(40, 69)	search	nr	True	249284	250559	right	60	110	10	85	160	35	None	None	practice
3	my	f	18	green	Le	(80, 0)	(40, 69)	(-39, 69)	(-80, 0)	(-40, -69)	(40, -69)	diamond	green	dif	right	right	(40, 69)	(80, 0)	search	nr	True	251672	252927	right	135	85	160	110	10	60	None	None	practice
3	my	f	18	green	Le	(80, 0)	(40, 69)	(-39, 69)	(-80, 0)	(-40, -69)	(40, -69)	diamond	none	same	left	left	N_dist	(-80, 0)	search	nr	True	254043	255007	left	35	85	10	110	60	135	None	None	practice
3	my	f	18	green	Le	(80, 0)	(40, 69)	(-39, 69)	(-80, 0)	(-40, -69)	(40, -69)	diamond	none	dif	left	left	N_dist	(-39, 69)	search	nr	True	256247	257327	left	85	10	60	35	110	160	None	None	practice
3	my	f	18	green	Le	(80, 0)	(40, 69)	(-39, 69)	(-80, 0)	(-40, -69)	(40, -69)	circle	none	same	left	left	N_dist	(80, 0)	search	nr	True	258518	259567	left	135	10	160	60	85	35	None	None	practice
3	my	f	18	green	Le	(80, 0)	(40, 69)	(-39, 69)	(-80, 0)	(-40, -69)	(40, -69)	circle	green	same	right	right	(-39, 69)	(40, 69)	search	nr	True	260755	262447	right	110	135	60	35	85	160	None	None	practice
3	my	f	18	green	Le	(80, 0)	(40, 69)	(-39, 69)	(-80, 0)	(-40, -69)	(40, -69)	diamond	green	same	left	left	(40, -69)	(40, 69)	search	nr	True	263594	264767	left	160	85	60	10	35	135	None	None	practice
3	my	f	18	green	Le	(80, 0)	(40, 69)	(-39, 69)	(-80, 0)	(-40, -69)	(40, -69)	diamond	none	dif	left	left	N_dist	(-39, 69)	search	nr	True	286186	287151	left	35	160	110	60	10	85	None	None	testing
3	my	f	18	green	Le	(80, 0)	(40, 69)	(-39, 69)	(-80, 0)	(-40, -69)	(40, -69)	diamond	none	dif	right	right	N_dist	(-40, -69)	search	nr	True	288439	289615	right	135	160	60	35	85	110	None	None	testing
3	my	f	18	green	Le	(80, 0)	(40, 69)	(-39, 69)	(-80, 0)	(-40, -69)	(40, -69)	circle	green	same	right	right	(80, 0)	(40, -69)	search	nr	True	290877	292335	right	85	60	10	160	35	110	None	None	testing
3	my	f	18	green	Le	(80, 0)	(40, 69)	(-39, 69)	(-80, 0)	(-40, -69)	(40, -69)	diamond	none	same	left	left	N_dist	(-80, 0)	search	nr	True	293565	294591	left	135	35	110	60	160	85	None	None	testing
3	my	f	18	green	Le	(80, 0)	(40, 69)	(-39, 69)	(-80, 0)	(-40, -69)	(40, -69)	circle	green	dif	right	right	(-40, -69)	(40, -69)	search	nr	True	295753	296719	right	160	135	85	10	35	110	None	None	testing
3	my	f	18	green	Le	(80, 0)	(40, 69)	(-39, 69)	(-80, 0)	(-40, -69)	(40, -69)	diamond	green	dif	left	left	(-39, 69)	(40, 69)	search	nr	True	297957	298751	left	35	85	10	160	110	135	None	None	testing
3	my	f	18	green	Le	(80, 0)	(40, 69)	(-39, 69)	(-80, 0)	(-40, -69)	(40, -69)	diamond	none	same	right	right	N_dist	(40, -69)	search	nr	True	299978	300783	right	85	35	10	60	160	110	None	None	testing
3	my	f	18	green	Le	(80, 0)	(40, 69)	(-39, 69)	(-80, 0)	(-40, -69)	(40, -69)	diamond	green	dif	left	left	(-39, 69)	(40, -69)	search	nr	True	301965	302639	left	60	160	135	35	110	85	None	None	testing
3	my	f	18	green	Le	(80, 0)	(40, 69)	(-39, 69)	(-80, 0)	(-40, -69)	(40, -69)	diamond	green	same	right	right	(40, -69)	(-40, -69)	search	nr	True	303801	304847	right	110	135	35	160	10	85	None	None	testing
3	my	f	18	green	Le	(80, 0)	(40, 69)	(-39, 69)	(-80, 0)	(-40, -69)	(40, -69)	diamond	none	same	right	right	N_dist	(40, -69)	search	nr	True	305905	306751	right	85	110	135	35	10	160	None	None	testing
3	my	f	18	green	Le	(80, 0)	(40, 69)	(-39, 69)	(-80, 0)	(-40, -69)	(40, -69)	circle	none	dif	left	left	N_dist	(-39, 69)	search	nr	True	307875	308783	left	60	35	10	85	110	160	None	None	testing
3	my	f	18	green	Le	(80, 0)	(40, 69)	(-39, 69)	(-80, 0)	(-40, -69)	(40, -69)	circle	green	dif	right	right	(-39, 69)	(-80, 0)	search	nr	True	310079	311438	right	35	110	85	160	60	10	None	None	testing
3	my	f	18	green	Le	(80, 0)	(40, 69)	(-39, 69)	(-80, 0)	(-40, -69)	(40, -69)	diamond	none	dif	left	left	N_dist	(-39, 69)	search	nr	True	312701	313374	left	135	60	85	10	35	160	None	None	testing
3	my	f	18	green	Le	(80, 0)	(40, 69)	(-39, 69)	(-80, 0)	(-40, -69)	(40, -69)	circle	green	dif	right	right	(-39, 69)	(80, 0)	search	nr	True	314471	315279	right	85	160	135	110	10	35	None	None	testing
3	my	f	18	green	Le	(80, 0)	(40, 69)	(-39, 69)	(-80, 0)	(-40, -69)	(40, -69)	circle	green	dif	right	right	(-39, 69)	(80, 0)	search	nr	True	316491	317566	right	10	110	135	85	160	35	None	None	testing
3	my	f	18	green	Le	(80, 0)	(40, 69)	(-39, 69)	(-80, 0)	(-40, -69)	(40, -69)	diamond	green	same	left	left	(-39, 69)	(-40, -69)	search	nr	True	318813	319646	left	85	135	35	160	110	10	None	None	testing
3	my	f	18	green	Le	(80, 0)	(40, 69)	(-39, 69)	(-80, 0)	(-40, -69)	(40, -69)	diamond	green	same	right	right	(-39, 69)	(40, 69)	search	nr	True	320949	322623	right	160	135	110	35	60	85	None	None	testing
3	my	f	18	green	Le	(80, 0)	(40, 69)	(-39, 69)	(-80, 0)	(-40, -69)	(40, -69)	circle	green	dif	left	left	(-39, 69)	(80, 0)	search	nr	True	323721	324431	left	10	60	160	110	85	135	None	None	testing
3	my	f	18	green	Le	(80, 0)	(40, 69)	(-39, 69)	(-80, 0)	(-40, -69)	(40, -69)	diamond	none	same	left	left	N_dist	(80, 0)	search	nr	True	325691	326463	left	160	10	85	60	110	135	None	None	testing
3	my	f	18	green	Le	(80, 0)	(40, 69)	(-39, 69)	(-80, 0)	(-40, -69)	(40, -69)	circle	none	dif	right	right	N_dist	(-80, 0)	search	nr	True	327679	329007	right	60	85	135	35	160	10	None	None	testing
3	my	f	18	green	Le	(80, 0)	(40, 69)	(-39, 69)	(-80, 0)	(-40, -69)	(40, -69)	circle	green	same	left	left	(-40, -69)	(-80, 0)	search	nr	True	330183	331807	left	60	110	135	85	35	10	None	None	testing
3	my	f	18	green	Le	(80, 0)	(40, 69)	(-39, 69)	(-80, 0)	(-40, -69)	(40, -69)	diamond	green	dif	left	left	(-39, 69)	(40, -69)	search	nr	True	333105	334351	left	60	35	160	135	110	10	None	None	testing
3	my	f	18	green	Le	(80, 0)	(40, 69)	(-39, 69)	(-80, 0)	(-40, -69)	(40, -69)	diamond	green	same	right	right	(-39, 69)	(40, -69)	search	nr	True	335593	336638	right	135	60	35	160	10	85	None	None	testing
3	my	f	18	green	Le	(80, 0)	(40, 69)	(-39, 69)	(-80, 0)	(-40, -69)	(40, -69)	circle	green	same	left	left	(-39, 69)	(80, 0)	search	nr	True	337730	338814	left	60	160	135	10	85	35	None	None	testing
3	my	f	18	green	Le	(80, 0)	(40, 69)	(-39, 69)	(-80, 0)	(-40, -69)	(40, -69)	circle	green	same	left	left	(-39, 69)	(80, 0)	search	nr	True	339884	340719	left	135	35	160	10	85	60	None	None	testing
3	my	f	18	green	Le	(80, 0)	(40, 69)	(-39, 69)	(-80, 0)	(-40, -69)	(40, -69)	diamond	green	dif	right	right	(-39, 69)	(-40, -69)	search	nr	True	341821	343103	right	35	135	85	10	60	160	None	None	testing
3	my	f	18	green	Le	(80, 0)	(40, 69)	(-39, 69)	(-80, 0)	(-40, -69)	(40, -69)	circle	green	dif	left	left	(-39, 69)	(-40, -69)	search	nr	True	344192	345423	left	160	110	35	135	85	60	None	None	testing
3	my	f	18	green	Le	(80, 0)	(40, 69)	(-39, 69)	(-80, 0)	(-40, -69)	(40, -69)	diamond	green	dif	left	left	(-39, 69)	(40, -69)	search	nr	True	346496	347263	left	135	110	60	85	160	10	None	None	testing
3	my	f	18	green	Le	(80, 0)	(40, 69)	(-39, 69)	(-80, 0)	(-40, -69)	(40, -69)	diamond	green	dif	left	left	(40, -69)	(80, 0)	search	nr	True	348366	349663	left	135	35	60	10	160	110	None	None	testing
3	my	f	18	green	Le	(80, 0)	(40, 69)	(-39, 69)	(-80, 0)	(-40, -69)	(40, -69)	circle	green	dif	right	right	(-40, -69)	(40, -69)	search	nr	True	350921	352911	right	10	135	35	110	60	85	None	None	testing
3	my	f	18	green	Le	(80, 0)	(40, 69)	(-39, 69)	(-80, 0)	(-40, -69)	(40, -69)	circle	green	dif	right	right	(-40, -69)	(40, -69)	search	nr	True	354010	355119	right	60	35	10	160	110	85	None	None	testing
3	my	f	18	green	Le	(80, 0)	(40, 69)	(-39, 69)	(-80, 0)	(-40, -69)	(40, -69)	diamond	green	same	right	right	(-39, 69)	(40, 69)	search	nr	True	356314	357774	right	60	85	135	35	160	10	None	None	testing
3	my	f	18	green	Le	(80, 0)	(40, 69)	(-39, 69)	(-80, 0)	(-40, -69)	(40, -69)	circle	green	dif	right	right	(-80, 0)	(-40, -69)	search	nr	True	359020	360415	right	85	110	35	135	60	10	None	None	testing
3	my	f	18	green	Le	(80, 0)	(40, 69)	(-39, 69)	(-80, 0)	(-40, -69)	(40, -69)	diamond	none	dif	left	left	N_dist	(40, 69)	search	nr	True	361657	362526	left	60	110	135	35	85	10	None	None	testing
3	my	f	18	green	Le	(80, 0)	(40, 69)	(-39, 69)	(-80, 0)	(-40, -69)	(40, -69)	circle	none	dif	right	right	N_dist	(-40, -69)	search	nr	True	363762	364847	right	35	110	10	135	85	160	None	None	testing
3	my	f	18	green	Le	(80, 0)	(40, 69)	(-39, 69)	(-80, 0)	(-40, -69)	(40, -69)	diamond	green	same	right	right	(-39, 69)	(-40, -69)	search	nr	True	365915	366783	right	160	35	10	135	110	60	None	None	testing
3	my	f	18	green	Le	(80, 0)	(40, 69)	(-39, 69)	(-80, 0)	(-40, -69)	(40, -69)	circle	none	same	left	left	N_dist	(80, 0)	search	nr	True	367969	368847	left	85	135	160	110	60	10	None	None	testing
3	my	f	18	green	Le	(80, 0)	(40, 69)	(-39, 69)	(-80, 0)	(-40, -69)	(40, -69)	diamond	none	same	left	left	N_dist	(80, 0)	search	nr	True	369923	370623	left	135	60	110	10	85	160	None	None	testing
3	my	f	18	green	Le	(80, 0)	(40, 69)	(-39, 69)	(-80, 0)	(-40, -69)	(40, -69)	circle	green	same	right	right	(40, -69)	(80, 0)	search	nr	True	371726	372671	right	10	160	35	85	60	110	None	None	testing
3	my	f	18	green	Le	(80, 0)	(40, 69)	(-39, 69)	(-80, 0)	(-40, -69)	(40, -69)	circle	green	same	right	right	(-39, 69)	(-80, 0)	search	nr	True	373896	374911	right	60	135	35	85	10	160	None	None	testing
3	my	f	18	green	Le	(80, 0)	(40, 69)	(-39, 69)	(-80, 0)	(-40, -69)	(40, -69)	circle	green	same	left	left	(-39, 69)	(-80, 0)	search	nr	True	376051	377215	left	110	160	85	35	60	135	None	None	testing
3	my	f	18	green	Le	(80, 0)	(40, 69)	(-39, 69)	(-80, 0)	(-40, -69)	(40, -69)	circle	none	same	left	left	N_dist	(-39, 69)	search	nr	True	378389	379311	left	60	110	10	85	160	35	None	None	testing
3	my	f	18	green	Le	(80, 0)	(40, 69)	(-39, 69)	(-80, 0)	(-40, -69)	(40, -69)	circle	green	dif	right	right	(-39, 69)	(40, -69)	search	nr	True	380476	381230	right	135	60	35	110	160	85	None	None	testing
3	my	f	18	green	Le	(80, 0)	(40, 69)	(-39, 69)	(-80, 0)	(-40, -69)	(40, -69)	circle	green	same	right	right	(-39, 69)	(40, -69)	search	nr	True	382445	383103	right	10	60	110	85	160	135	None	None	testing
3	my	f	18	green	Le	(80, 0)	(40, 69)	(-39, 69)	(-80, 0)	(-40, -69)	(40, -69)	circle	green	same	left	left	(-80, 0)	(-40, -69)	search	nr	True	384366	385119	left	85	35	10	60	110	135	None	None	testing
3	my	f	18	green	Le	(80, 0)	(40, 69)	(-39, 69)	(-80, 0)	(-40, -69)	(40, -69)	circle	none	same	left	left	N_dist	(40, 69)	search	nr	True	386253	387071	left	110	135	35	60	10	85	None	None	testing
3	my	f	18	green	Le	(80, 0)	(40, 69)	(-39, 69)	(-80, 0)	(-40, -69)	(40, -69)	circle	green	dif	right	right	(-39, 69)	(-80, 0)	search	nr	True	388189	389951	right	85	160	110	35	60	135	None	None	testing
3	my	f	18	green	Le	(80, 0)	(40, 69)	(-39, 69)	(-80, 0)	(-40, -69)	(40, -69)	circle	green	dif	left	left	(-39, 69)	(-80, 0)	search	nr	True	391095	392415	left	135	85	60	35	110	160	None	None	testing
3	my	f	18	green	Le	(80, 0)	(40, 69)	(-39, 69)	(-80, 0)	(-40, -69)	(40, -69)	diamond	green	same	left	left	(80, 0)	(40, 69)	search	nr	True	393550	394238	left	60	160	35	110	135	85	None	None	testing
3	my	f	18	green	Le	(80, 0)	(40, 69)	(-39, 69)	(-80, 0)	(-40, -69)	(40, -69)	diamond	green	dif	left	left	(-80, 0)	(40, 69)	search	nr	True	395336	396575	left	110	160	35	60	85	10	None	None	testing
3	my	f	18	green	Le	(80, 0)	(40, 69)	(-39, 69)	(-80, 0)	(-40, -69)	(40, -69)	circle	green	same	left	left	(-39, 69)	(-80, 0)	search	nr	True	397824	398975	left	85	160	110	135	35	60	None	None	testing
3	my	f	18	green	Le	(80, 0)	(40, 69)	(-39, 69)	(-80, 0)	(-40, -69)	(40, -69)	circle	none	same	right	right	N_dist	(-39, 69)	search	nr	True	400229	401423	right	35	85	110	10	160	60	None	None	testing
3	my	f	18	green	Le	(80, 0)	(40, 69)	(-39, 69)	(-80, 0)	(-40, -69)	(40, -69)	circle	none	dif	right	right	N_dist	(40, 69)	search	nr	True	402683	403583	right	10	35	135	60	85	110	None	None	testing
3	my	f	18	green	Le	(80, 0)	(40, 69)	(-39, 69)	(-80, 0)	(-40, -69)	(40, -69)	diamond	none	same	left	left	N_dist	(-80, 0)	search	nr	True	404703	405471	left	135	160	60	110	85	35	None	None	testing
3	my	f	18	green	Le	(80, 0)	(40, 69)	(-39, 69)	(-80, 0)	(-40, -69)	(40, -69)	diamond	none	dif	left	left	N_dist	(-39, 69)	search	nr	True	406740	407423	left	35	110	85	10	160	60	None	None	testing
3	my	f	18	green	Le	(80, 0)	(40, 69)	(-39, 69)	(-80, 0)	(-40, -69)	(40, -69)	circle	green	dif	left	left	(-39, 69)	(80, 0)	search	nr	True	408660	409759	left	110	135	85	10	60	35	None	None	testing
3	my	f	18	green	Le	(80, 0)	(40, 69)	(-39, 69)	(-80, 0)	(-40, -69)	(40, -69)	diamond	green	same	left	left	(-39, 69)	(-40, -69)	search	nr	True	410965	412079	left	160	60	35	110	10	135	None	None	testing
3	my	f	18	green	Le	(80, 0)	(40, 69)	(-39, 69)	(-80, 0)	(-40, -69)	(40, -69)	diamond	green	same	left	left	(-80, 0)	(80, 0)	search	nr	True	413202	413999	left	135	85	110	10	160	60	None	None	testing
3	my	f	18	green	Le	(80, 0)	(40, 69)	(-39, 69)	(-80, 0)	(-40, -69)	(40, -69)	diamond	green	dif	right	right	(-39, 69)	(-40, -69)	search	nr	True	415122	416143	right	10	85	135	60	110	35	None	None	testing
3	my	f	18	green	Le	(80, 0)	(40, 69)	(-39, 69)	(-80, 0)	(-40, -69)	(40, -69)	diamond	none	dif	right	right	N_dist	(-40, -69)	search	nr	True	417344	418079	right	35	135	10	60	85	110	None	None	testing
3	my	f	18	green	Le	(80, 0)	(40, 69)	(-39, 69)	(-80, 0)	(-40, -69)	(40, -69)	circle	green	same	right	right	(-39, 69)	(40, -69)	search	nr	True	419196	420095	right	160	10	85	35	110	135	None	None	testing
3	my	f	18	green	Le	(80, 0)	(40, 69)	(-39, 69)	(-80, 0)	(-40, -69)	(40, -69)	diamond	green	same	right	right	(-39, 69)	(-40, -69)	search	nr	True	421268	422190	right	85	110	160	60	135	10	None	None	testing
3	my	f	18	green	Le	(80, 0)	(40, 69)	(-39, 69)	(-80, 0)	(-40, -69)	(40, -69)	diamond	green	same	right	right	(-39, 69)	(40, 69)	search	nr	True	423321	424079	right	85	135	160	110	10	35	None	None	testing
3	my	f	18	green	Le	(80, 0)	(40, 69)	(-39, 69)	(-80, 0)	(-40, -69)	(40, -69)	circle	green	dif	left	left	(40, 69)	(-40, -69)	search	nr	True	425324	426367	left	85	60	10	35	110	160	None	None	testing
3	my	f	18	green	Le	(80, 0)	(40, 69)	(-39, 69)	(-80, 0)	(-40, -69)	(40, -69)	circle	green	same	left	left	(-39, 69)	(80, 0)	search	nr	True	427679	428462	left	10	160	35	85	135	110	None	None	testing
3	my	f	18	green	Le	(80, 0)	(40, 69)	(-39, 69)	(-80, 0)	(-40, -69)	(40, -69)	circle	green	dif	left	left	(-39, 69)	(80, 0)	search	nr	True	429749	430463	left	160	110	135	60	35	10	None	None	testing
3	my	f	18	green	Le	(80, 0)	(40, 69)	(-39, 69)	(-80, 0)	(-40, -69)	(40, -69)	diamond	green	dif	right	right	(-39, 69)	(-80, 0)	search	nr	True	431569	432511	right	10	110	160	135	60	35	None	None	testing
3	my	f	18	green	Le	(80, 0)	(40, 69)	(-39, 69)	(-80, 0)	(-40, -69)	(40, -69)	diamond	green	dif	left	left	(40, 69)	(40, -69)	search	nr	True	433690	434543	left	60	160	10	85	110	35	None	None	testing
3	my	f	18	green	Le	(80, 0)	(40, 69)	(-39, 69)	(-80, 0)	(-40, -69)	(40, -69)	diamond	green	same	right	right	(40, 69)	(40, -69)	search	nr	True	435844	436654	right	85	110	135	35	160	10	None	None	testing
3	my	f	18	green	Le	(80, 0)	(40, 69)	(-39, 69)	(-80, 0)	(-40, -69)	(40, -69)	diamond	none	same	right	right	N_dist	(40, -69)	search	nr	True	437714	438383	right	160	85	60	135	110	10	None	None	testing
3	my	f	18	green	Le	(80, 0)	(40, 69)	(-39, 69)	(-80, 0)	(-40, -69)	(40, -69)	diamond	green	same	right	right	(40, 69)	(40, -69)	search	nr	True	439484	440127	right	135	110	60	10	85	160	None	None	testing
3	my	f	18	green	Le	(80, 0)	(40, 69)	(-39, 69)	(-80, 0)	(-40, -69)	(40, -69)	diamond	green	dif	right	right	(-39, 69)	(40, -69)	search	nr	True	441421	442063	right	10	160	85	135	110	35	None	None	testing
3	my	f	18	green	Le	(80, 0)	(40, 69)	(-39, 69)	(-80, 0)	(-40, -69)	(40, -69)	circle	green	same	right	right	(-39, 69)	(-80, 0)	search	nr	True	443190	444703	right	160	60	10	35	110	85	None	None	testing
3	my	f	18	green	Le	(80, 0)	(40, 69)	(-39, 69)	(-80, 0)	(-40, -69)	(40, -69)	circle	green	same	right	right	(-39, 69)	(80, 0)	search	nr	True	445862	446751	right	10	85	135	35	60	160	None	None	testing
3	my	f	18	green	Le	(80, 0)	(40, 69)	(-39, 69)	(-80, 0)	(-40, -69)	(40, -69)	circle	green	same	left	left	(-39, 69)	(80, 0)	search	nr	True	448000	449343	left	110	85	35	10	60	160	None	None	testing
3	my	f	18	green	Le	(80, 0)	(40, 69)	(-39, 69)	(-80, 0)	(-40, -69)	(40, -69)	diamond	green	same	right	right	(40, 69)	(80, 0)	search	nr	True	450404	451486	right	110	60	85	160	135	10	None	None	testing
3	my	f	18	green	Le	(80, 0)	(40, 69)	(-39, 69)	(-80, 0)	(-40, -69)	(40, -69)	circle	green	same	left	left	(-80, 0)	(-40, -69)	search	nr	True	452691	453710	left	35	85	10	110	60	160	None	None	testing
3	my	f	18	green	Le	(80, 0)	(40, 69)	(-39, 69)	(-80, 0)	(-40, -69)	(40, -69)	diamond	green	dif	right	right	(-40, -69)	(-80, 0)	search	nr	True	454829	457311	right	60	10	110	85	160	35	None	None	testing
3	my	f	18	green	Le	(80, 0)	(40, 69)	(-39, 69)	(-80, 0)	(-40, -69)	(40, -69)	circle	none	same	left	left	N_dist	(80, 0)	search	nr	True	458436	459839	left	110	35	60	10	160	85	None	None	testing
3	my	f	18	green	Le	(80, 0)	(40, 69)	(-39, 69)	(-80, 0)	(-40, -69)	(40, -69)	circle	green	same	left	left	(-39, 69)	(80, 0)	search	nr	True	461057	462015	left	60	135	160	85	10	110	None	None	testing
3	my	f	18	green	Le	(80, 0)	(40, 69)	(-39, 69)	(-80, 0)	(-40, -69)	(40, -69)	diamond	green	same	left	left	(-39, 69)	(40, 69)	search	nr	True	463312	464975	left	110	85	160	60	35	135	None	None	testing
3	my	f	18	green	Le	(80, 0)	(40, 69)	(-39, 69)	(-80, 0)	(-40, -69)	(40, -69)	diamond	green	same	right	right	(-39, 69)	(-40, -69)	search	nr	True	466133	467007	right	85	35	135	60	110	160	None	None	testing
3	my	f	18	green	Le	(80, 0)	(40, 69)	(-39, 69)	(-80, 0)	(-40, -69)	(40, -69)	circle	green	dif	right	right	(-40, -69)	(40, -69)	search	nr	True	468271	469263	right	10	135	60	110	160	85	None	None	testing
3	my	f	18	green	Le	(80, 0)	(40, 69)	(-39, 69)	(-80, 0)	(-40, -69)	(40, -69)	circle	none	same	left	left	N_dist	(40, 69)	search	nr	True	470341	471103	left	160	110	60	135	35	85	None	None	testing
3	my	f	18	green	Le	(80, 0)	(40, 69)	(-39, 69)	(-80, 0)	(-40, -69)	(40, -69)	circle	green	dif	left	left	(-39, 69)	(80, 0)	search	nr	True	472194	472975	left	10	85	60	135	35	160	None	None	testing
3	my	f	18	green	Le	(80, 0)	(40, 69)	(-39, 69)	(-80, 0)	(-40, -69)	(40, -69)	circle	green	same	right	right	(-39, 69)	(40, -69)	search	nr	True	474215	474927	right	135	110	10	60	85	35	None	None	testing
3	my	f	18	green	Le	(80, 0)	(40, 69)	(-39, 69)	(-80, 0)	(-40, -69)	(40, -69)	circle	green	dif	left	left	(-39, 69)	(-80, 0)	search	nr	True	476102	477215	left	35	85	60	160	110	135	None	None	testing
3	my	f	18	green	Le	(80, 0)	(40, 69)	(-39, 69)	(-80, 0)	(-40, -69)	(40, -69)	diamond	green	dif	right	right	(-39, 69)	(80, 0)	search	nr	True	478489	479230	right	10	60	160	35	110	85	None	None	testing
3	my	f	18	green	Le	(80, 0)	(40, 69)	(-39, 69)	(-80, 0)	(-40, -69)	(40, -69)	diamond	green	dif	right	right	(-39, 69)	(80, 0)	search	nr	True	480526	481198	right	85	10	135	60	110	35	None	None	testing
3	my	f	18	green	Le	(80, 0)	(40, 69)	(-39, 69)	(-80, 0)	(-40, -69)	(40, -69)	diamond	none	same	left	left	N_dist	(-40, -69)	search	nr	True	482346	483150	left	10	85	160	135	60	110	None	None	testing
3	my	f	18	green	Le	(80, 0)	(40, 69)	(-39, 69)	(-80, 0)	(-40, -69)	(40, -69)	diamond	green	same	left	left	(-39, 69)	(40, -69)	search	nr	True	484366	485103	left	160	10	85	35	135	60	None	None	testing
3	my	f	18	green	Le	(80, 0)	(40, 69)	(-39, 69)	(-80, 0)	(-40, -69)	(40, -69)	circle	green	dif	right	right	(40, -69)	(-80, 0)	search	nr	True	486337	487742	right	60	135	85	160	10	35	None	None	testing
3	my	f	18	green	Le	(80, 0)	(40, 69)	(-39, 69)	(-80, 0)	(-40, -69)	(40, -69)	diamond	none	dif	left	left	N_dist	(-80, 0)	search	nr	True	488808	489743	left	135	35	160	60	10	110	None	None	testing
3	my	f	18	green	Le	(80, 0)	(40, 69)	(-39, 69)	(-80, 0)	(-40, -69)	(40, -69)	diamond	green	dif	left	left	(-39, 69)	(40, -69)	search	nr	True	490995	492590	left	110	135	85	35	10	160	None	None	testing
3	my	f	18	green	Le	(80, 0)	(40, 69)	(-39, 69)	(-80, 0)	(-40, -69)	(40, -69)	diamond	none	same	left	left	N_dist	(-40, -69)	search	nr	True	493851	494590	left	60	110	35	85	135	160	None	None	testing
3	my	f	18	green	Le	(80, 0)	(40, 69)	(-39, 69)	(-80, 0)	(-40, -69)	(40, -69)	diamond	green	dif	right	right	(-39, 69)	(-80, 0)	search	nr	True	495787	496479	right	85	60	135	10	160	35	None	None	testing
3	my	f	18	green	Le	(80, 0)	(40, 69)	(-39, 69)	(-80, 0)	(-40, -69)	(40, -69)	diamond	none	dif	right	right	N_dist	(-80, 0)	search	nr	True	497541	498255	right	160	85	10	60	110	35	None	None	testing
3	my	f	18	green	Le	(80, 0)	(40, 69)	(-39, 69)	(-80, 0)	(-40, -69)	(40, -69)	diamond	none	dif	left	left	N_dist	(40, 69)	search	nr	True	499378	499999	left	160	85	110	35	60	10	None	None	testing
3	my	f	18	green	Le	(80, 0)	(40, 69)	(-39, 69)	(-80, 0)	(-40, -69)	(40, -69)	diamond	none	same	right	right	N_dist	(80, 0)	search	nr	True	501131	502446	right	135	60	35	85	10	160	None	None	testing
3	my	f	18	green	Le	(80, 0)	(40, 69)	(-39, 69)	(-80, 0)	(-40, -69)	(40, -69)	circle	green	same	right	right	(40, -69)	(-40, -69)	search	nr	True	503568	504831	right	110	135	160	85	60	10	None	None	testing
3	my	f	18	green	Le	(80, 0)	(40, 69)	(-39, 69)	(-80, 0)	(-40, -69)	(40, -69)	circle	green	dif	right	right	(-39, 69)	(40, 69)	search	nr	True	505989	507087	right	35	85	110	60	10	135	None	None	testing
3	my	f	18	green	Le	(80, 0)	(40, 69)	(-39, 69)	(-80, 0)	(-40, -69)	(40, -69)	diamond	none	dif	right	right	N_dist	(40, -69)	search	nr	True	508277	509326	right	60	110	10	160	35	85	None	None	testing
3	my	f	18	green	Le	(80, 0)	(40, 69)	(-39, 69)	(-80, 0)	(-40, -69)	(40, -69)	diamond	green	same	left	left	(-39, 69)	(-40, -69)	search	nr	True	510448	511294	left	110	135	160	85	35	60	None	None	testing
3	my	f	18	green	Le	(80, 0)	(40, 69)	(-39, 69)	(-80, 0)	(-40, -69)	(40, -69)	diamond	green	same	left	left	(-39, 69)	(40, -69)	search	nr	True	512519	513551	left	10	85	35	60	110	135	None	None	testing
3	my	f	18	green	Le	(80, 0)	(40, 69)	(-39, 69)	(-80, 0)	(-40, -69)	(40, -69)	diamond	green	same	left	left	(-39, 69)	(-40, -69)	search	nr	True	514639	515711	left	60	160	10	110	35	85	None	None	testing
3	my	f	18	green	Le	(80, 0)	(40, 69)	(-39, 69)	(-80, 0)	(-40, -69)	(40, -69)	diamond	green	same	left	left	(80, 0)	(40, -69)	search	nr	True	516977	518175	left	10	85	135	110	60	35	None	None	testing
3	my	f	18	green	Le	(80, 0)	(40, 69)	(-39, 69)	(-80, 0)	(-40, -69)	(40, -69)	circle	green	same	right	right	(80, 0)	(40, -69)	search	nr	True	519314	520654	right	160	35	110	135	60	85	None	None	testing
3	my	f	18	green	Le	(80, 0)	(40, 69)	(-39, 69)	(-80, 0)	(-40, -69)	(40, -69)	circle	green	same	right	right	(-39, 69)	(-80, 0)	search	nr	True	521853	523230	right	35	135	60	10	160	110	None	None	testing
3	my	f	18	green	Le	(80, 0)	(40, 69)	(-39, 69)	(-80, 0)	(-40, -69)	(40, -69)	diamond	green	dif	left	left	(-39, 69)	(-40, -69)	search	nr	True	524407	525486	left	160	110	60	10	85	135	None	None	testing
3	my	f	18	green	Le	(80, 0)	(40, 69)	(-39, 69)	(-80, 0)	(-40, -69)	(40, -69)	circle	green	same	left	left	(-39, 69)	(-80, 0)	search	nr	True	526711	528158	left	110	160	10	35	135	60	None	None	testing
3	my	f	18	green	Le	(80, 0)	(40, 69)	(-39, 69)	(-80, 0)	(-40, -69)	(40, -69)	circle	green	dif	left	left	(-39, 69)	(-40, -69)	search	nr	True	529249	531103	left	135	85	35	10	110	60	None	None	testing
3	my	f	18	green	Le	(80, 0)	(40, 69)	(-39, 69)	(-80, 0)	(-40, -69)	(40, -69)	circle	none	dif	left	left	N_dist	(40, 69)	search	nr	True	532288	533055	left	110	85	60	35	10	135	None	None	testing
3	my	f	18	green	Le	(80, 0)	(40, 69)	(-39, 69)	(-80, 0)	(-40, -69)	(40, -69)	diamond	green	same	right	right	(-39, 69)	(40, 69)	search	nr	True	534275	535247	right	85	110	160	135	60	35	None	None	testing
3	my	f	18	green	Le	(80, 0)	(40, 69)	(-39, 69)	(-80, 0)	(-40, -69)	(40, -69)	diamond	none	same	right	right	N_dist	(40, -69)	search	nr	True	536529	537229	right	85	135	160	35	110	60	None	None	testing
3	my	f	18	green	Le	(80, 0)	(40, 69)	(-39, 69)	(-80, 0)	(-40, -69)	(40, -69)	circle	green	dif	right	right	(-39, 69)	(80, 0)	search	nr	True	538449	540959	right	110	85	60	160	35	135	None	None	testing
3	my	f	18	green	Le	(80, 0)	(40, 69)	(-39, 69)	(-80, 0)	(-40, -69)	(40, -69)	circle	green	same	right	right	(-39, 69)	(80, 0)	search	nr	True	542072	542719	right	160	110	85	35	60	10	None	None	testing
3	my	f	18	green	Le	(80, 0)	(40, 69)	(-39, 69)	(-80, 0)	(-40, -69)	(40, -69)	diamond	green	same	left	left	(-39, 69)	(-40, -69)	search	nr	True	544010	544814	left	110	60	35	160	85	10	None	None	testing
3	my	f	18	green	Le	(80, 0)	(40, 69)	(-39, 69)	(-80, 0)	(-40, -69)	(40, -69)	circle	none	dif	left	left	N_dist	(-39, 69)	search	nr	True	545930	547375	left	135	35	60	10	110	85	None	None	testing
3	my	f	18	green	Le	(80, 0)	(40, 69)	(-39, 69)	(-80, 0)	(-40, -69)	(40, -69)	diamond	green	same	left	left	(-39, 69)	(-40, -69)	search	nr	True	548568	549646	left	160	135	60	110	10	35	None	None	testing
3	my	f	18	green	Le	(80, 0)	(40, 69)	(-39, 69)	(-80, 0)	(-40, -69)	(40, -69)	circle	green	same	right	right	(-39, 69)	(-80, 0)	search	nr	True	550905	551935	right	10	35	60	110	85	135	None	None	testing
3	my	f	18	green	Le	(80, 0)	(40, 69)	(-39, 69)	(-80, 0)	(-40, -69)	(40, -69)	circle	green	same	right	right	(-40, -69)	(40, 69)	search	nr	True	553243	554094	right	110	10	35	60	85	135	None	None	testing
3	my	f	18	green	Le	(80, 0)	(40, 69)	(-39, 69)	(-80, 0)	(-40, -69)	(40, -69)	diamond	none	dif	right	right	N_dist	(-40, -69)	search	nr	True	555214	556271	right	85	135	110	10	160	35	None	None	testing
3	my	f	18	green	Le	(80, 0)	(40, 69)	(-39, 69)	(-80, 0)	(-40, -69)	(40, -69)	diamond	green	same	right	right	(-39, 69)	(40, 69)	search	nr	True	557384	558126	right	35	60	160	10	85	110	None	None	testing
3	my	f	18	green	Le	(80, 0)	(40, 69)	(-39, 69)	(-80, 0)	(-40, -69)	(40, -69)	diamond	green	same	left	left	(-80, 0)	(80, 0)	search	nr	True	559438	560623	left	10	35	110	85	135	60	None	None	testing
3	my	f	18	green	Le	(80, 0)	(40, 69)	(-39, 69)	(-80, 0)	(-40, -69)	(40, -69)	circle	green	dif	right	right	(-40, -69)	(40, -69)	search	nr	True	561742	563183	right	135	85	60	110	10	35	None	None	testing
3	my	f	18	green	Le	(80, 0)	(40, 69)	(-39, 69)	(-80, 0)	(-40, -69)	(40, -69)	circle	none	dif	left	left	N_dist	(-40, -69)	search	nr	True	564347	565486	left	135	35	85	110	60	160	None	None	testing
3	my	f	18	green	Le	(80, 0)	(40, 69)	(-39, 69)	(-80, 0)	(-40, -69)	(40, -69)	diamond	green	same	right	right	(-39, 69)	(-40, -69)	search	nr	True	566651	567391	right	110	85	160	35	135	60	None	None	testing
3	my	f	18	green	Le	(80, 0)	(40, 69)	(-39, 69)	(-80, 0)	(-40, -69)	(40, -69)	circle	green	same	left	left	(-39, 69)	(-40, -69)	search	nr	True	568555	569246	left	10	160	60	85	35	135	None	None	testing
3	my	f	18	green	Le	(80, 0)	(40, 69)	(-39, 69)	(-80, 0)	(-40, -69)	(40, -69)	circle	none	dif	right	right	N_dist	(40, 69)	search	nr	True	570458	571118	right	60	135	35	10	160	85	None	None	testing
3	my	f	18	green	Le	(80, 0)	(40, 69)	(-39, 69)	(-80, 0)	(-40, -69)	(40, -69)	diamond	none	same	left	left	N_dist	(-80, 0)	search	nr	True	572178	572830	left	60	10	35	135	160	110	None	None	testing
3	my	f	18	green	Le	(80, 0)	(40, 69)	(-39, 69)	(-80, 0)	(-40, -69)	(40, -69)	circle	green	dif	right	right	(-39, 69)	(-80, 0)	search	nr	True	573932	575070	right	10	60	35	110	135	160	None	None	testing
3	my	f	18	green	Le	(80, 0)	(40, 69)	(-39, 69)	(-80, 0)	(-40, -69)	(40, -69)	diamond	green	dif	right	right	(-39, 69)	(80, 0)	search	nr	True	576152	577054	right	85	160	35	110	60	10	None	None	testing
3	my	f	18	green	Le	(80, 0)	(40, 69)	(-39, 69)	(-80, 0)	(-40, -69)	(40, -69)	circle	none	same	left	left	N_dist	(-40, -69)	search	nr	True	578272	578910	left	60	160	35	135	110	85	None	None	testing
3	my	f	18	green	Le	(80, 0)	(40, 69)	(-39, 69)	(-80, 0)	(-40, -69)	(40, -69)	diamond	none	dif	left	left	N_dist	(40, 69)	search	nr	True	580060	580623	left	35	135	60	10	85	110	None	None	testing
3	my	f	18	green	Le	(80, 0)	(40, 69)	(-39, 69)	(-80, 0)	(-40, -69)	(40, -69)	diamond	none	same	left	left	N_dist	(80, 0)	search	nr	True	581813	582494	left	60	110	135	160	35	85	None	None	testing
3	my	f	18	green	Le	(80, 0)	(40, 69)	(-39, 69)	(-80, 0)	(-40, -69)	(40, -69)	circle	green	dif	left	left	(-39, 69)	(-80, 0)	search	nr	True	583666	584751	left	135	60	35	160	110	85	None	None	testing
3	my	f	18	green	Le	(80, 0)	(40, 69)	(-39, 69)	(-80, 0)	(-40, -69)	(40, -69)	circle	none	same	right	right	N_dist	(80, 0)	search	nr	True	585837	586543	right	110	60	35	10	135	160	None	None	testing
3	my	f	18	green	Le	(80, 0)	(40, 69)	(-39, 69)	(-80, 0)	(-40, -69)	(40, -69)	circle	green	same	left	left	(-39, 69)	(-40, -69)	search	nr	True	587840	588671	left	85	160	135	60	10	35	None	None	testing
3	my	f	18	green	Le	(80, 0)	(40, 69)	(-39, 69)	(-80, 0)	(-40, -69)	(40, -69)	circle	green	same	right	right	(-39, 69)	(-80, 0)	search	nr	True	589844	590606	right	35	110	160	85	60	10	None	None	testing
3	my	f	18	green	Le	(80, 0)	(40, 69)	(-39, 69)	(-80, 0)	(-40, -69)	(40, -69)	diamond	green	dif	left	left	(80, 0)	(40, -69)	search	nr	True	591798	592431	right	60	135	35	10	160	110	None	None	testing
3	my	f	18	green	Le	(80, 0)	(40, 69)	(-39, 69)	(-80, 0)	(-40, -69)	(40, -69)	diamond	green	dif	left	left	(-39, 69)	(40, 69)	search	nr	True	595221	596190	left	110	35	160	60	85	10	None	None	testing
3	my	f	18	green	Le	(80, 0)	(40, 69)	(-39, 69)	(-80, 0)	(-40, -69)	(40, -69)	diamond	green	dif	left	left	(80, 0)	(40, -69)	search	nr	True	597407	598975	left	160	135	35	60	10	110	None	None	testing
3	my	f	18	green	Le	(80, 0)	(40, 69)	(-39, 69)	(-80, 0)	(-40, -69)	(40, -69)	diamond	green	same	left	left	(40, -69)	(40, 69)	search	nr	True	600146	601198	left	10	85	35	160	60	110	None	None	testing
3	my	f	18	green	Le	(80, 0)	(40, 69)	(-39, 69)	(-80, 0)	(-40, -69)	(40, -69)	circle	green	same	right	right	(-39, 69)	(80, 0)	search	nr	True	602351	604190	right	135	35	85	110	60	10	None	None	testing
3	my	f	18	green	Le	(80, 0)	(40, 69)	(-39, 69)	(-80, 0)	(-40, -69)	(40, -69)	circle	green	dif	left	left	(-39, 69)	(40, -69)	search	nr	True	605423	606606	left	35	160	60	110	10	135	None	None	testing
3	my	f	18	green	Le	(80, 0)	(40, 69)	(-39, 69)	(-80, 0)	(-40, -69)	(40, -69)	diamond	green	same	right	right	(-39, 69)	(40, -69)	search	nr	True	607877	608671	right	85	160	110	10	135	35	None	None	testing
3	my	f	18	green	Le	(80, 0)	(40, 69)	(-39, 69)	(-80, 0)	(-40, -69)	(40, -69)	diamond	none	same	right	right	N_dist	(40, -69)	search	nr	True	609848	610719	right	110	35	160	60	135	10	None	None	testing
3	my	f	18	green	Le	(80, 0)	(40, 69)	(-39, 69)	(-80, 0)	(-40, -69)	(40, -69)	diamond	green	same	right	right	(-39, 69)	(-40, -69)	search	nr	True	611984	612862	right	35	160	60	110	10	85	None	None	testing
3	my	f	18	green	Le	(80, 0)	(40, 69)	(-39, 69)	(-80, 0)	(-40, -69)	(40, -69)	circle	green	same	left	left	(-39, 69)	(40, -69)	search	nr	True	613938	614895	left	160	10	35	110	85	135	None	None	testing
3	my	f	18	green	Le	(80, 0)	(40, 69)	(-39, 69)	(-80, 0)	(-40, -69)	(40, -69)	diamond	green	same	left	left	(-39, 69)	(-40, -69)	search	nr	True	616192	617486	left	10	135	60	35	160	110	None	None	testing
3	my	f	18	green	Le	(80, 0)	(40, 69)	(-39, 69)	(-80, 0)	(-40, -69)	(40, -69)	circle	green	dif	left	left	(-39, 69)	(80, 0)	search	nr	True	618563	620158	left	135	110	10	160	60	85	None	None	testing
3	my	f	18	green	Le	(80, 0)	(40, 69)	(-39, 69)	(-80, 0)	(-40, -69)	(40, -69)	diamond	green	same	right	right	(-39, 69)	(-40, -69)	search	nr	True	621352	622175	right	160	110	35	85	135	10	None	None	testing
3	my	f	18	green	Le	(80, 0)	(40, 69)	(-39, 69)	(-80, 0)	(-40, -69)	(40, -69)	diamond	none	dif	left	left	N_dist	(40, 69)	search	nr	True	623322	623982	left	110	85	60	35	10	160	None	None	testing
3	my	f	18	green	Le	(80, 0)	(40, 69)	(-39, 69)	(-80, 0)	(-40, -69)	(40, -69)	circle	none	same	right	right	N_dist	(-39, 69)	search	nr	True	625075	626047	right	110	10	135	60	85	160	None	None	testing
3	my	f	18	green	Le	(80, 0)	(40, 69)	(-39, 69)	(-80, 0)	(-40, -69)	(40, -69)	circle	green	same	left	left	(-39, 69)	(-80, 0)	search	nr	True	627179	628078	left	110	85	60	160	10	135	None	None	testing
3	my	f	18	green	Le	(80, 0)	(40, 69)	(-39, 69)	(-80, 0)	(-40, -69)	(40, -69)	diamond	green	same	right	right	(-39, 69)	(-40, -69)	search	nr	True	629183	629839	right	60	110	35	160	85	10	None	None	testing
3	my	f	18	green	Le	(80, 0)	(40, 69)	(-39, 69)	(-80, 0)	(-40, -69)	(40, -69)	circle	green	dif	right	right	(40, 69)	(-80, 0)	search	nr	True	630986	632654	right	160	135	85	35	10	60	None	None	testing
3	my	f	18	green	Le	(80, 0)	(40, 69)	(-39, 69)	(-80, 0)	(-40, -69)	(40, -69)	diamond	green	same	right	right	(-39, 69)	(-40, -69)	search	nr	True	633975	635038	right	60	160	35	135	85	10	None	None	testing
3	my	f	18	green	Le	(80, 0)	(40, 69)	(-39, 69)	(-80, 0)	(-40, -69)	(40, -69)	diamond	none	dif	left	left	N_dist	(40, 69)	search	nr	True	636229	637182	left	10	160	85	110	135	35	None	None	testing
3	my	f	18	green	Le	(80, 0)	(40, 69)	(-39, 69)	(-80, 0)	(-40, -69)	(40, -69)	circle	green	same	right	right	(-39, 69)	(-80, 0)	search	nr	True	638483	639438	right	135	35	110	160	60	85	None	None	testing
3	my	f	18	green	Le	(80, 0)	(40, 69)	(-39, 69)	(-80, 0)	(-40, -69)	(40, -69)	diamond	green	dif	left	left	(-39, 69)	(40, 69)	search	nr	True	640671	641566	left	135	10	110	60	160	35	None	None	testing
3	my	f	18	green	Le	(80, 0)	(40, 69)	(-39, 69)	(-80, 0)	(-40, -69)	(40, -69)	diamond	green	dif	right	right	(-39, 69)	(40, -69)	search	nr	True	642808	643679	right	35	135	110	10	85	160	None	None	testing
3	my	f	18	green	Le	(80, 0)	(40, 69)	(-39, 69)	(-80, 0)	(-40, -69)	(40, -69)	diamond	none	same	left	left	N_dist	(-80, 0)	search	nr	True	644896	645662	left	10	85	110	60	35	160	None	None	testing
3	my	f	18	green	Le	(80, 0)	(40, 69)	(-39, 69)	(-80, 0)	(-40, -69)	(40, -69)	circle	none	dif	right	right	N_dist	(40, 69)	search	nr	True	646799	648110	right	10	35	160	110	60	135	None	None	testing
3	my	f	18	green	Le	(80, 0)	(40, 69)	(-39, 69)	(-80, 0)	(-40, -69)	(40, -69)	circle	green	dif	left	left	(-39, 69)	(-40, -69)	search	nr	True	649354	650542	left	85	35	160	60	110	135	None	None	testing
3	my	f	18	green	Le	(80, 0)	(40, 69)	(-39, 69)	(-80, 0)	(-40, -69)	(40, -69)	diamond	green	dif	left	left	(-39, 69)	(-40, -69)	search	nr	True	651641	652606	left	35	85	135	10	60	110	None	None	testing
3	my	f	18	green	Le	(80, 0)	(40, 69)	(-39, 69)	(-80, 0)	(-40, -69)	(40, -69)	diamond	none	same	right	right	N_dist	(80, 0)	search	nr	True	653745	654414	right	60	160	85	135	10	35	None	None	testing
3	my	f	18	green	Le	(80, 0)	(40, 69)	(-39, 69)	(-80, 0)	(-40, -69)	(40, -69)	circle	none	dif	right	right	N_dist	(40, 69)	search	nr	True	655564	656622	right	160	35	135	60	85	110	None	None	testing
3	my	f	18	green	Le	(80, 0)	(40, 69)	(-39, 69)	(-80, 0)	(-40, -69)	(40, -69)	circle	green	same	right	right	(40, -69)	(-40, -69)	search	nr	True	657735	659902	right	35	10	135	110	160	85	None	None	testing
3	my	f	18	green	Le	(80, 0)	(40, 69)	(-39, 69)	(-80, 0)	(-40, -69)	(40, -69)	diamond	green	dif	right	right	(-40, -69)	(-80, 0)	search	nr	True	661041	662175	right	60	110	160	85	10	135	None	None	testing
3	my	f	18	green	Le	(80, 0)	(40, 69)	(-39, 69)	(-80, 0)	(-40, -69)	(40, -69)	circle	none	same	right	right	N_dist	(-40, -69)	search	nr	True	663313	663998	right	35	160	85	60	110	10	None	None	testing
3	my	f	18	green	Le	(80, 0)	(40, 69)	(-39, 69)	(-80, 0)	(-40, -69)	(40, -69)	circle	none	dif	right	right	N_dist	(40, 69)	search	nr	True	665065	665773	right	85	160	10	110	135	60	None	None	testing
3	my	f	18	green	Le	(80, 0)	(40, 69)	(-39, 69)	(-80, 0)	(-40, -69)	(40, -69)	diamond	none	dif	left	left	N_dist	(40, 69)	search	nr	True	666835	667566	left	60	135	160	85	35	10	None	None	testing
3	my	f	18	green	Le	(80, 0)	(40, 69)	(-39, 69)	(-80, 0)	(-40, -69)	(40, -69)	circle	none	same	left	left	N_dist	(-40, -69)	search	nr	True	668688	669790	left	135	35	110	160	85	60	None	None	testing
3	my	f	18	green	Le	(80, 0)	(40, 69)	(-39, 69)	(-80, 0)	(-40, -69)	(40, -69)	diamond	none	dif	left	left	N_dist	(-80, 0)	search	nr	True	670876	671534	left	160	85	60	110	35	135	None	None	testing
3	my	f	18	green	Le	(80, 0)	(40, 69)	(-39, 69)	(-80, 0)	(-40, -69)	(40, -69)	circle	none	same	right	right	N_dist	(-80, 0)	search	nr	True	672796	674095	right	85	10	160	35	110	60	None	None	testing
3	my	f	18	green	Le	(80, 0)	(40, 69)	(-39, 69)	(-80, 0)	(-40, -69)	(40, -69)	diamond	none	same	right	right	N_dist	(40, -69)	search	nr	True	675301	676446	right	60	135	160	35	10	110	None	None	testing
3	my	f	18	green	Le	(80, 0)	(40, 69)	(-39, 69)	(-80, 0)	(-40, -69)	(40, -69)	diamond	green	same	right	right	(-39, 69)	(40, 69)	search	nr	True	677589	678286	right	60	135	110	10	160	85	None	None	testing
3	my	f	18	green	Le	(80, 0)	(40, 69)	(-39, 69)	(-80, 0)	(-40, -69)	(40, -69)	diamond	green	same	right	right	(40, -69)	(-40, -69)	search	nr	True	679559	680687	right	35	135	10	110	60	85	None	None	testing
3	my	f	18	green	Le	(80, 0)	(40, 69)	(-39, 69)	(-80, 0)	(-40, -69)	(40, -69)	diamond	green	dif	left	left	(-39, 69)	(40, 69)	search	nr	True	681796	682543	left	10	60	35	85	110	160	None	None	testing
3	my	f	18	green	Le	(80, 0)	(40, 69)	(-39, 69)	(-80, 0)	(-40, -69)	(40, -69)	diamond	green	same	right	right	(-39, 69)	(40, -69)	search	nr	True	683600	684398	right	110	35	160	85	135	10	None	None	testing
3	my	f	18	green	Le	(80, 0)	(40, 69)	(-39, 69)	(-80, 0)	(-40, -69)	(40, -69)	diamond	green	same	right	right	(-80, 0)	(-40, -69)	search	nr	True	685587	686559	right	135	10	110	60	85	35	None	None	testing
3	my	f	18	green	Le	(80, 0)	(40, 69)	(-39, 69)	(-80, 0)	(-40, -69)	(40, -69)	circle	none	same	left	left	N_dist	(80, 0)	search	nr	True	687808	689118	left	85	60	35	160	10	135	None	None	testing
3	my	f	18	green	Le	(80, 0)	(40, 69)	(-39, 69)	(-80, 0)	(-40, -69)	(40, -69)	diamond	none	dif	right	right	N_dist	(-39, 69)	search	nr	True	690245	690942	right	135	60	35	110	85	160	None	None	testing
3	my	f	18	green	Le	(80, 0)	(40, 69)	(-39, 69)	(-80, 0)	(-40, -69)	(40, -69)	circle	none	same	right	right	N_dist	(-40, -69)	search	nr	True	692115	692975	right	60	85	160	135	35	110	None	None	testing
3	my	f	18	green	Le	(80, 0)	(40, 69)	(-39, 69)	(-80, 0)	(-40, -69)	(40, -69)	diamond	none	dif	left	left	N_dist	(-80, 0)	search	nr	True	694103	694767	left	10	85	35	110	135	160	None	None	testing
3	my	f	18	green	Le	(80, 0)	(40, 69)	(-39, 69)	(-80, 0)	(-40, -69)	(40, -69)	diamond	green	dif	right	right	(-39, 69)	(40, 69)	search	nr	True	696006	696510	right	10	60	85	110	35	160	None	None	testing
3	my	f	18	green	Le	(80, 0)	(40, 69)	(-39, 69)	(-80, 0)	(-40, -69)	(40, -69)	circle	green	dif	left	left	(80, 0)	(40, -69)	search	nr	True	697809	699102	left	60	160	110	35	85	10	None	None	testing
3	my	f	18	green	Le	(80, 0)	(40, 69)	(-39, 69)	(-80, 0)	(-40, -69)	(40, -69)	circle	green	same	left	left	(-39, 69)	(-40, -69)	search	nr	True	700247	701246	left	85	35	10	135	60	160	None	None	testing
3	my	f	18	green	Le	(80, 0)	(40, 69)	(-39, 69)	(-80, 0)	(-40, -69)	(40, -69)	circle	green	same	right	right	(-39, 69)	(40, 69)	search	nr	True	702351	703311	right	85	60	35	110	10	160	None	None	testing
3	my	f	18	green	Le	(80, 0)	(40, 69)	(-39, 69)	(-80, 0)	(-40, -69)	(40, -69)	diamond	none	same	left	left	N_dist	(80, 0)	search	nr	True	704438	705374	left	85	60	160	35	10	110	None	None	testing
3	my	f	18	green	Le	(80, 0)	(40, 69)	(-39, 69)	(-80, 0)	(-40, -69)	(40, -69)	circle	green	dif	left	left	(-39, 69)	(40, -69)	search	nr	True	706458	707934	left	135	35	110	160	10	85	None	None	testing
3	my	f	18	green	Le	(80, 0)	(40, 69)	(-39, 69)	(-80, 0)	(-40, -69)	(40, -69)	circle	green	dif	left	left	(40, 69)	(-40, -69)	search	nr	True	709196	709918	left	135	35	85	160	60	10	None	None	testing
3	my	f	18	green	Le	(80, 0)	(40, 69)	(-39, 69)	(-80, 0)	(-40, -69)	(40, -69)	diamond	green	same	left	left	(80, 0)	(40, 69)	search	nr	True	711184	711982	left	85	10	135	160	110	60	None	None	testing
3	my	f	18	green	Le	(80, 0)	(40, 69)	(-39, 69)	(-80, 0)	(-40, -69)	(40, -69)	diamond	green	dif	right	right	(-39, 69)	(40, -69)	search	nr	True	713237	714158	right	135	85	160	110	10	35	None	None	testing
3	my	f	18	green	Le	(80, 0)	(40, 69)	(-39, 69)	(-80, 0)	(-40, -69)	(40, -69)	diamond	green	dif	right	right	(-39, 69)	(40, -69)	search	nr	True	715392	716175	right	135	60	160	10	35	85	None	None	testing
3	my	f	18	green	Le	(80, 0)	(40, 69)	(-39, 69)	(-80, 0)	(-40, -69)	(40, -69)	circle	none	same	left	left	N_dist	(80, 0)	search	nr	True	717361	718318	left	10	160	85	135	35	60	None	None	testing
3	my	f	18	green	Le	(80, 0)	(40, 69)	(-39, 69)	(-80, 0)	(-40, -69)	(40, -69)	circle	green	same	left	left	(-39, 69)	(40, -69)	search	nr	True	719415	720398	left	160	35	85	135	10	60	None	None	testing
3	my	f	18	green	Le	(80, 0)	(40, 69)	(-39, 69)	(-80, 0)	(-40, -69)	(40, -69)	circle	none	same	right	right	N_dist	(80, 0)	search	nr	True	721486	722479	right	60	135	160	10	85	35	None	None	testing
3	my	f	18	green	Le	(80, 0)	(40, 69)	(-39, 69)	(-80, 0)	(-40, -69)	(40, -69)	diamond	none	same	right	right	N_dist	(40, -69)	search	nr	True	723573	724479	left	60	10	35	110	160	85	None	None	testing
3	my	f	18	green	Le	(80, 0)	(40, 69)	(-39, 69)	(-80, 0)	(-40, -69)	(40, -69)	circle	none	dif	right	right	N_dist	(40, -69)	search	nr	True	727180	728190	right	85	160	35	135	110	10	None	None	testing
3	my	f	18	green	Le	(80, 0)	(40, 69)	(-39, 69)	(-80, 0)	(-40, -69)	(40, -69)	circle	none	dif	left	left	N_dist	(-39, 69)	search	nr	True	729384	730862	left	10	85	135	160	110	35	None	None	testing
3	my	f	18	green	Le	(80, 0)	(40, 69)	(-39, 69)	(-80, 0)	(-40, -69)	(40, -69)	diamond	none	same	right	right	N_dist	(40, -69)	search	nr	True	731972	732702	right	10	110	85	60	135	160	None	None	testing
3	my	f	18	green	Le	(80, 0)	(40, 69)	(-39, 69)	(-80, 0)	(-40, -69)	(40, -69)	circle	green	dif	right	right	(40, -69)	(-80, 0)	search	nr	True	733942	736190	right	10	110	85	135	35	160	None	None	testing
3	my	f	18	green	Le	(80, 0)	(40, 69)	(-39, 69)	(-80, 0)	(-40, -69)	(40, -69)	diamond	green	same	left	left	(80, 0)	(40, -69)	search	nr	True	737315	739422	left	10	135	35	160	60	110	None	None	testing
3	my	f	18	green	Le	(80, 0)	(40, 69)	(-39, 69)	(-80, 0)	(-40, -69)	(40, -69)	circle	green	dif	left	left	(-39, 69)	(40, -69)	search	nr	True	740638	741502	left	135	160	35	110	60	10	None	None	testing
3	my	f	18	green	Le	(80, 0)	(40, 69)	(-39, 69)	(-80, 0)	(-40, -69)	(40, -69)	diamond	green	dif	right	right	(-39, 69)	(40, -69)	search	nr	True	742592	743614	left	110	135	160	10	35	85	None	None	testing
3	my	f	18	green	Le	(80, 0)	(40, 69)	(-39, 69)	(-80, 0)	(-40, -69)	(40, -69)	diamond	green	dif	left	left	(-80, 0)	(40, 69)	search	nr	True	746248	748158	left	60	85	10	110	35	135	None	None	testing
3	my	f	18	green	Le	(80, 0)	(40, 69)	(-39, 69)	(-80, 0)	(-40, -69)	(40, -69)	circle	green	same	left	left	(-39, 69)	(80, 0)	search	nr	True	749438	751342	left	85	135	35	110	10	60	None	None	testing
3	my	f	18	green	Le	(80, 0)	(40, 69)	(-39, 69)	(-80, 0)	(-40, -69)	(40, -69)	diamond	green	dif	left	left	(80, 0)	(40, -69)	search	nr	True	752409	754366	left	135	85	35	60	10	110	None	None	testing
3	my	f	18	green	Le	(80, 0)	(40, 69)	(-39, 69)	(-80, 0)	(-40, -69)	(40, -69)	circle	green	dif	right	right	(-39, 69)	(80, 0)	search	nr	True	755448	757742	right	85	35	10	60	110	160	None	None	testing
3	my	f	18	green	Le	(80, 0)	(40, 69)	(-39, 69)	(-80, 0)	(-40, -69)	(40, -69)	diamond	green	same	right	right	(40, 69)	(80, 0)	search	nr	True	758972	760847	right	160	10	60	135	35	85	None	None	testing
3	my	f	18	green	Le	(80, 0)	(40, 69)	(-39, 69)	(-80, 0)	(-40, -69)	(40, -69)	diamond	green	same	left	left	(-39, 69)	(40, 69)	search	nr	True	761994	762894	left	10	160	110	85	60	135	None	None	testing
3	my	f	18	green	Le	(80, 0)	(40, 69)	(-39, 69)	(-80, 0)	(-40, -69)	(40, -69)	circle	green	same	right	right	(40, -69)	(80, 0)	search	nr	True	763980	765470	right	85	160	110	60	35	10	None	None	testing
3	my	f	18	green	Le	(80, 0)	(40, 69)	(-39, 69)	(-80, 0)	(-40, -69)	(40, -69)	diamond	green	dif	right	right	(40, 69)	(80, 0)	search	nr	True	766535	767422	right	60	160	85	135	35	110	None	None	testing
3	my	f	18	green	Le	(80, 0)	(40, 69)	(-39, 69)	(-80, 0)	(-40, -69)	(40, -69)	circle	green	same	left	left	(-39, 69)	(80, 0)	search	nr	True	768556	769391	left	35	135	110	10	60	160	None	None	testing
3	my	f	18	green	Le	(80, 0)	(40, 69)	(-39, 69)	(-80, 0)	(-40, -69)	(40, -69)	circle	green	dif	left	left	(80, 0)	(40, -69)	search	nr	True	770659	772206	left	160	110	60	85	135	35	None	None	testing
3	my	f	18	green	Le	(80, 0)	(40, 69)	(-39, 69)	(-80, 0)	(-40, -69)	(40, -69)	diamond	green	same	right	right	(-39, 69)	(-40, -69)	search	nr	True	773432	775086	right	85	135	160	10	35	60	None	None	testing
3	my	f	18	green	Le	(80, 0)	(40, 69)	(-39, 69)	(-80, 0)	(-40, -69)	(40, -69)	diamond	green	same	left	left	(-39, 69)	(40, 69)	search	nr	True	776337	778046	left	160	85	110	10	135	60	None	None	testing
3	my	f	18	green	Le	(80, 0)	(40, 69)	(-39, 69)	(-80, 0)	(-40, -69)	(40, -69)	circle	green	dif	left	left	(-39, 69)	(-80, 0)	search	nr	True	779259	781135	left	135	110	35	10	85	60	None	None	testing
3	my	f	18	green	Le	(80, 0)	(40, 69)	(-39, 69)	(-80, 0)	(-40, -69)	(40, -69)	diamond	green	same	left	left	(-80, 0)	(80, 0)	search	nr	True	782230	783022	left	60	110	35	85	135	10	None	None	testing
3	my	f	18	green	Le	(80, 0)	(40, 69)	(-39, 69)	(-80, 0)	(-40, -69)	(40, -69)	circle	green	dif	left	left	(-39, 69)	(80, 0)	search	nr	True	784084	784847	left	35	85	160	60	135	10	None	None	testing
3	my	f	18	green	Le	(80, 0)	(40, 69)	(-39, 69)	(-80, 0)	(-40, -69)	(40, -69)	circle	green	same	right	right	(-40, -69)	(40, 69)	search	nr	True	786038	786910	right	35	160	85	60	110	10	None	None	testing
3	my	f	18	green	Le	(80, 0)	(40, 69)	(-39, 69)	(-80, 0)	(-40, -69)	(40, -69)	diamond	green	dif	left	left	(40, 69)	(40, -69)	search	nr	True	788209	789438	left	135	110	85	60	10	35	None	None	testing
3	my	f	18	green	Le	(80, 0)	(40, 69)	(-39, 69)	(-80, 0)	(-40, -69)	(40, -69)	circle	none	same	left	left	N_dist	(80, 0)	search	nr	True	790597	791310	left	60	110	135	10	160	85	None	None	testing
3	my	f	18	green	Le	(80, 0)	(40, 69)	(-39, 69)	(-80, 0)	(-40, -69)	(40, -69)	circle	none	dif	left	left	N_dist	(-39, 69)	search	nr	True	792383	793198	left	35	110	60	160	85	10	None	None	testing
3	my	f	18	green	Le	(80, 0)	(40, 69)	(-39, 69)	(-80, 0)	(-40, -69)	(40, -69)	circle	none	dif	left	left	N_dist	(-40, -69)	search	nr	True	794270	795230	left	110	160	85	10	135	60	None	None	testing
3	my	f	18	green	Le	(80, 0)	(40, 69)	(-39, 69)	(-80, 0)	(-40, -69)	(40, -69)	circle	green	same	right	right	(40, -69)	(-40, -69)	search	nr	True	796474	797518	right	160	85	110	60	10	35	None	None	testing
3	my	f	18	green	Le	(80, 0)	(40, 69)	(-39, 69)	(-80, 0)	(-40, -69)	(40, -69)	diamond	green	dif	right	right	(-40, -69)	(-80, 0)	search	nr	True	798628	799887	right	135	85	160	60	10	110	None	None	testing
3	my	f	18	green	Le	(80, 0)	(40, 69)	(-39, 69)	(-80, 0)	(-40, -69)	(40, -69)	circle	green	dif	right	right	(-39, 69)	(40, 69)	search	nr	True	801032	804015	right	135	160	10	85	110	35	None	None	testing
3	my	f	18	green	Le	(80, 0)	(40, 69)	(-39, 69)	(-80, 0)	(-40, -69)	(40, -69)	diamond	green	same	right	right	(40, 69)	(80, 0)	search	nr	True	805224	806271	right	10	60	35	110	160	135	None	None	testing
3	my	f	18	green	Le	(80, 0)	(40, 69)	(-39, 69)	(-80, 0)	(-40, -69)	(40, -69)	circle	green	dif	left	left	(80, 0)	(40, -69)	search	nr	True	807427	809502	left	110	10	135	60	35	160	None	None	testing
3	my	f	18	green	Le	(80, 0)	(40, 69)	(-39, 69)	(-80, 0)	(-40, -69)	(40, -69)	diamond	none	same	left	left	N_dist	(-80, 0)	search	nr	True	810667	811519	left	135	35	110	160	60	10	None	None	testing
3	my	f	18	green	Le	(80, 0)	(40, 69)	(-39, 69)	(-80, 0)	(-40, -69)	(40, -69)	circle	green	dif	left	left	(-39, 69)	(80, 0)	search	nr	True	812620	813630	left	160	60	10	110	85	35	None	None	testing
3	my	f	18	green	Le	(80, 0)	(40, 69)	(-39, 69)	(-80, 0)	(-40, -69)	(40, -69)	diamond	green	dif	right	right	(-39, 69)	(-40, -69)	search	nr	True	814758	815599	right	160	135	85	110	60	35	None	None	testing
3	my	f	18	green	Le	(80, 0)	(40, 69)	(-39, 69)	(-80, 0)	(-40, -69)	(40, -69)	diamond	green	dif	left	left	(-39, 69)	(40, -69)	search	nr	True	816795	817502	left	10	60	35	160	135	110	None	None	testing
3	my	f	18	green	Le	(80, 0)	(40, 69)	(-39, 69)	(-80, 0)	(-40, -69)	(40, -69)	diamond	none	same	right	right	N_dist	(40, -69)	search	nr	True	818698	819790	right	35	85	110	10	135	160	None	None	testing
3	my	f	18	green	Le	(80, 0)	(40, 69)	(-39, 69)	(-80, 0)	(-40, -69)	(40, -69)	circle	none	same	left	left	N_dist	(-39, 69)	search	nr	True	821002	822078	left	35	135	110	10	60	160	None	None	testing
3	my	f	18	green	Le	(80, 0)	(40, 69)	(-39, 69)	(-80, 0)	(-40, -69)	(40, -69)	circle	green	dif	left	left	(-39, 69)	(80, 0)	search	nr	True	823156	824431	left	160	110	35	135	10	60	None	None	testing
3	my	f	18	green	Le	(80, 0)	(40, 69)	(-39, 69)	(-80, 0)	(-40, -69)	(40, -69)	diamond	none	dif	right	right	N_dist	(-40, -69)	search	nr	True	825645	826526	right	60	160	10	135	35	110	None	None	testing
3	my	f	18	green	Le	(80, 0)	(40, 69)	(-39, 69)	(-80, 0)	(-40, -69)	(40, -69)	diamond	green	dif	right	right	(-39, 69)	(-80, 0)	search	nr	True	827647	829326	right	85	60	135	10	160	35	None	None	testing
3	my	f	18	green	Le	(80, 0)	(40, 69)	(-39, 69)	(-80, 0)	(-40, -69)	(40, -69)	circle	green	same	right	right	(40, -69)	(80, 0)	search	nr	True	830587	832479	right	10	60	35	85	160	110	None	None	testing
3	my	f	18	green	Le	(80, 0)	(40, 69)	(-39, 69)	(-80, 0)	(-40, -69)	(40, -69)	diamond	green	dif	left	left	(40, 69)	(40, -69)	search	nr	True	833608	834639	left	10	110	35	160	60	85	None	None	testing
3	my	f	18	green	Le	(80, 0)	(40, 69)	(-39, 69)	(-80, 0)	(-40, -69)	(40, -69)	diamond	green	dif	left	left	(40, -69)	(80, 0)	search	nr	True	835729	837069	left	110	160	135	35	60	85	None	None	testing
3	my	f	18	green	Le	(80, 0)	(40, 69)	(-39, 69)	(-80, 0)	(-40, -69)	(40, -69)	circle	green	same	left	left	(-39, 69)	(80, 0)	search	nr	True	838367	839326	left	85	35	60	10	135	110	None	None	testing
3	my	f	18	green	Le	(80, 0)	(40, 69)	(-39, 69)	(-80, 0)	(-40, -69)	(40, -69)	diamond	green	same	right	right	(40, 69)	(40, -69)	search	nr	True	840622	842271	right	160	85	60	35	135	10	None	None	testing
3	my	f	18	green	Le	(80, 0)	(40, 69)	(-39, 69)	(-80, 0)	(-40, -69)	(40, -69)	diamond	green	dif	right	right	(40, 69)	(80, 0)	search	nr	True	843344	844190	right	35	60	85	135	10	110	None	None	testing
3	my	f	18	green	Le	(80, 0)	(40, 69)	(-39, 69)	(-80, 0)	(-40, -69)	(40, -69)	circle	none	same	left	left	N_dist	(80, 0)	search	nr	True	845464	846174	left	85	135	60	10	110	35	None	None	testing
3	my	f	18	green	Le	(80, 0)	(40, 69)	(-39, 69)	(-80, 0)	(-40, -69)	(40, -69)	circle	none	dif	left	left	N_dist	(-39, 69)	search	nr	True	847268	848413	left	60	160	135	110	35	10	None	None	testing
3	my	f	18	green	Le	(80, 0)	(40, 69)	(-39, 69)	(-80, 0)	(-40, -69)	(40, -69)	circle	none	same	right	right	N_dist	(80, 0)	search	nr	True	849688	850510	right	35	10	60	85	135	110	None	None	testing
3	my	f	18	green	Le	(80, 0)	(40, 69)	(-39, 69)	(-80, 0)	(-40, -69)	(40, -69)	circle	none	same	right	right	N_dist	(-39, 69)	search	nr	True	851642	852526	right	85	135	110	35	160	10	None	None	testing
3	my	f	18	green	Le	(80, 0)	(40, 69)	(-39, 69)	(-80, 0)	(-40, -69)	(40, -69)	circle	none	same	right	right	N_dist	(-40, -69)	search	nr	True	853746	854494	right	110	135	60	160	85	10	None	None	testing
3	my	f	18	green	Le	(80, 0)	(40, 69)	(-39, 69)	(-80, 0)	(-40, -69)	(40, -69)	diamond	green	same	right	right	(40, -69)	(-40, -69)	search	nr	True	855582	856478	right	160	10	60	85	35	110	None	None	testing
3	my	f	18	green	Le	(80, 0)	(40, 69)	(-39, 69)	(-80, 0)	(-40, -69)	(40, -69)	circle	green	same	right	right	(-39, 69)	(-80, 0)	search	nr	True	857720	858430	right	85	110	60	35	135	160	None	None	testing
3	my	f	18	green	Le	(80, 0)	(40, 69)	(-39, 69)	(-80, 0)	(-40, -69)	(40, -69)	diamond	green	dif	right	right	(-39, 69)	(-80, 0)	search	nr	True	859557	860206	right	135	160	35	85	60	10	None	None	testing
3	my	f	18	green	Le	(80, 0)	(40, 69)	(-39, 69)	(-80, 0)	(-40, -69)	(40, -69)	diamond	green	same	right	right	(-80, 0)	(-40, -69)	search	nr	True	861343	863246	right	160	135	110	35	85	10	None	None	testing
3	my	f	18	green	Le	(80, 0)	(40, 69)	(-39, 69)	(-80, 0)	(-40, -69)	(40, -69)	circle	green	dif	left	left	(-39, 69)	(80, 0)	search	nr	True	864482	865374	left	85	135	110	10	160	35	None	None	testing
3	my	f	18	green	Le	(80, 0)	(40, 69)	(-39, 69)	(-80, 0)	(-40, -69)	(40, -69)	circle	green	same	right	right	(-39, 69)	(-80, 0)	search	nr	True	866469	867678	right	10	85	35	60	160	135	None	None	testing
3	my	f	18	green	Le	(80, 0)	(40, 69)	(-39, 69)	(-80, 0)	(-40, -69)	(40, -69)	circle	green	same	left	left	(-40, -69)	(-80, 0)	search	nr	True	868856	869710	left	10	110	35	85	60	135	None	None	testing
3	my	f	18	green	Le	(80, 0)	(40, 69)	(-39, 69)	(-80, 0)	(-40, -69)	(40, -69)	circle	none	same	right	right	N_dist	(80, 0)	search	nr	True	870844	871678	right	10	110	85	160	60	35	None	None	testing
3	my	f	18	green	Le	(80, 0)	(40, 69)	(-39, 69)	(-80, 0)	(-40, -69)	(40, -69)	diamond	none	same	left	left	N_dist	(-80, 0)	search	nr	True	872965	873774	left	35	10	135	60	160	110	None	None	testing
3	my	f	18	green	Le	(80, 0)	(40, 69)	(-39, 69)	(-80, 0)	(-40, -69)	(40, -69)	diamond	green	dif	right	right	(-39, 69)	(40, 69)	search	nr	True	874935	875790	right	110	10	135	160	35	60	None	None	testing
3	my	f	18	green	Le	(80, 0)	(40, 69)	(-39, 69)	(-80, 0)	(-40, -69)	(40, -69)	circle	none	same	left	left	N_dist	(-39, 69)	search	nr	True	876955	877806	left	85	60	35	135	160	110	None	None	testing
3	my	f	18	green	Le	(80, 0)	(40, 69)	(-39, 69)	(-80, 0)	(-40, -69)	(40, -69)	circle	none	dif	left	left	N_dist	(40, 69)	search	nr	True	878875	880430	left	85	60	35	10	135	160	None	None	testing
3	my	f	18	green	Le	(80, 0)	(40, 69)	(-39, 69)	(-80, 0)	(-40, -69)	(40, -69)	diamond	green	dif	right	right	(-39, 69)	(40, -69)	search	nr	True	881681	882559	right	135	60	10	85	160	35	None	None	testing
3	my	f	18	green	Le	(80, 0)	(40, 69)	(-39, 69)	(-80, 0)	(-40, -69)	(40, -69)	circle	none	dif	right	right	N_dist	(40, -69)	search	nr	True	883701	884479	right	135	60	85	35	110	160	None	None	testing
3	my	f	18	green	Le	(80, 0)	(40, 69)	(-39, 69)	(-80, 0)	(-40, -69)	(40, -69)	diamond	green	dif	left	left	(-39, 69)	(40, 69)	search	nr	True	885588	886526	left	160	85	60	110	35	135	None	None	testing
3	my	f	18	green	Le	(80, 0)	(40, 69)	(-39, 69)	(-80, 0)	(-40, -69)	(40, -69)	diamond	green	same	left	left	(80, 0)	(40, -69)	search	nr	True	887825	888990	left	60	110	135	85	35	160	None	None	testing
3	my	f	18	green	Le	(80, 0)	(40, 69)	(-39, 69)	(-80, 0)	(-40, -69)	(40, -69)	circle	none	dif	left	left	N_dist	(-39, 69)	search	nr	True	890163	891150	left	35	85	160	10	135	60	None	None	testing
3	my	f	18	green	Le	(80, 0)	(40, 69)	(-39, 69)	(-80, 0)	(-40, -69)	(40, -69)	circle	none	dif	right	right	N_dist	(-80, 0)	search	nr	True	892250	893374	right	60	135	160	110	85	10	None	None	testing
3	my	f	18	green	Le	(80, 0)	(40, 69)	(-39, 69)	(-80, 0)	(-40, -69)	(40, -69)	diamond	none	dif	left	left	N_dist	(40, 69)	search	nr	True	894471	895358	left	85	60	10	110	135	35	None	None	testing
3	my	f	18	green	Le	(80, 0)	(40, 69)	(-39, 69)	(-80, 0)	(-40, -69)	(40, -69)	diamond	green	dif	right	right	(-40, -69)	(-80, 0)	search	nr	True	896591	897918	right	110	60	85	35	135	10	None	None	testing
3	my	f	18	green	Le	(80, 0)	(40, 69)	(-39, 69)	(-80, 0)	(-40, -69)	(40, -69)	circle	green	same	right	right	(80, 0)	(40, -69)	search	nr	True	899029	900574	right	85	60	35	160	110	135	None	None	testing
3	my	f	18	green	Le	(80, 0)	(40, 69)	(-39, 69)	(-80, 0)	(-40, -69)	(40, -69)	diamond	green	dif	right	right	(-40, -69)	(-80, 0)	search	nr	True	901867	902974	right	60	160	35	10	110	135	None	None	testing
3	my	f	18	green	Le	(80, 0)	(40, 69)	(-39, 69)	(-80, 0)	(-40, -69)	(40, -69)	circle	none	same	left	left	N_dist	(-40, -69)	search	nr	True	904105	905854	left	10	60	135	35	110	160	None	None	testing
3	my	f	18	green	Le	(80, 0)	(40, 69)	(-39, 69)	(-80, 0)	(-40, -69)	(40, -69)	diamond	green	same	left	left	(40, -69)	(40, 69)	search	nr	True	907144	909006	left	135	160	35	85	10	110	None	None	testing
3	my	f	18	green	Le	(80, 0)	(40, 69)	(-39, 69)	(-80, 0)	(-40, -69)	(40, -69)	diamond	green	dif	left	left	(40, -69)	(80, 0)	search	nr	True	910267	911374	left	35	60	110	10	160	85	None	None	testing
3	my	f	18	green	Le	(80, 0)	(40, 69)	(-39, 69)	(-80, 0)	(-40, -69)	(40, -69)	circle	none	dif	left	left	N_dist	(-39, 69)	search	nr	True	912604	914174	left	160	135	35	110	10	60	None	None	testing
3	my	f	18	green	Le	(80, 0)	(40, 69)	(-39, 69)	(-80, 0)	(-40, -69)	(40, -69)	circle	green	same	right	right	(-40, -69)	(40, 69)	search	nr	True	915275	916206	right	160	110	60	10	35	135	None	None	testing
3	my	f	18	green	Le	(80, 0)	(40, 69)	(-39, 69)	(-80, 0)	(-40, -69)	(40, -69)	circle	green	dif	right	right	(-40, -69)	(40, -69)	search	nr	True	917362	919070	right	10	110	35	60	85	135	None	None	testing
3	my	f	18	green	Le	(80, 0)	(40, 69)	(-39, 69)	(-80, 0)	(-40, -69)	(40, -69)	circle	green	same	left	left	(-39, 69)	(40, -69)	search	nr	True	920168	921134	left	60	10	110	135	85	35	None	None	testing
3	my	f	18	green	Le	(80, 0)	(40, 69)	(-39, 69)	(-80, 0)	(-40, -69)	(40, -69)	circle	green	dif	left	left	(80, 0)	(40, -69)	search	nr	True	922438	923486	left	160	10	110	60	135	85	None	None	testing
3	my	f	18	green	Le	(80, 0)	(40, 69)	(-39, 69)	(-80, 0)	(-40, -69)	(40, -69)	diamond	none	same	left	left	N_dist	(-40, -69)	search	nr	True	924727	925678	left	35	110	160	60	85	135	None	None	testing
3	my	f	18	green	Le	(80, 0)	(40, 69)	(-39, 69)	(-80, 0)	(-40, -69)	(40, -69)	circle	green	dif	left	left	(-39, 69)	(-80, 0)	search	nr	True	926880	928271	left	135	60	10	110	35	85	None	None	testing
3	my	f	18	green	Le	(80, 0)	(40, 69)	(-39, 69)	(-80, 0)	(-40, -69)	(40, -69)	circle	none	dif	right	right	N_dist	(-40, -69)	search	nr	True	929502	930430	right	135	110	160	60	85	10	None	None	testing
3	my	f	18	green	Le	(80, 0)	(40, 69)	(-39, 69)	(-80, 0)	(-40, -69)	(40, -69)	circle	none	dif	left	left	N_dist	(-39, 69)	search	nr	True	931723	932558	left	160	135	35	60	10	85	None	None	testing
3	my	f	18	green	Le	(80, 0)	(40, 69)	(-39, 69)	(-80, 0)	(-40, -69)	(40, -69)	diamond	none	same	right	right	N_dist	(40, -69)	search	nr	True	933727	934718	right	10	60	35	160	85	110	None	None	testing
3	my	f	18	green	Le	(80, 0)	(40, 69)	(-39, 69)	(-80, 0)	(-40, -69)	(40, -69)	circle	none	same	right	right	N_dist	(-80, 0)	search	nr	True	935913	936990	right	160	60	110	85	135	35	None	None	testing
3	my	f	18	green	Le	(80, 0)	(40, 69)	(-39, 69)	(-80, 0)	(-40, -69)	(40, -69)	circle	green	dif	right	right	(40, 69)	(-80, 0)	search	nr	True	938268	939438	right	110	60	10	135	160	85	None	None	testing
3	my	f	18	green	Le	(80, 0)	(40, 69)	(-39, 69)	(-80, 0)	(-40, -69)	(40, -69)	circle	none	dif	left	left	N_dist	(-40, -69)	search	nr	True	940723	941486	left	135	35	10	110	60	160	None	None	testing
3	my	f	18	green	Le	(80, 0)	(40, 69)	(-39, 69)	(-80, 0)	(-40, -69)	(40, -69)	diamond	green	dif	left	left	(-39, 69)	(-40, -69)	search	nr	True	942776	943550	left	160	110	60	135	35	10	None	None	testing
3	my	f	18	green	Le	(80, 0)	(40, 69)	(-39, 69)	(-80, 0)	(-40, -69)	(40, -69)	circle	green	dif	left	left	(80, 0)	(40, -69)	search	nr	True	944630	946334	left	135	60	110	10	85	160	None	None	testing
3	my	f	18	green	Le	(80, 0)	(40, 69)	(-39, 69)	(-80, 0)	(-40, -69)	(40, -69)	diamond	none	dif	right	right	N_dist	(-39, 69)	search	nr	True	947484	948542	right	60	110	160	135	10	35	None	None	testing
3	my	f	18	green	Le	(80, 0)	(40, 69)	(-39, 69)	(-80, 0)	(-40, -69)	(40, -69)	circle	green	dif	right	right	(40, -69)	(-80, 0)	search	nr	True	949688	950510	right	60	135	110	10	160	85	None	None	testing
3	my	f	18	green	Le	(80, 0)	(40, 69)	(-39, 69)	(-80, 0)	(-40, -69)	(40, -69)	circle	green	dif	right	right	(-39, 69)	(80, 0)	search	nr	True	951575	953246	right	60	10	85	110	35	160	None	None	testing
3	my	f	18	green	Le	(80, 0)	(40, 69)	(-39, 69)	(-80, 0)	(-40, -69)	(40, -69)	diamond	green	dif	left	left	(-39, 69)	(40, 69)	search	nr	True	954515	956014	left	60	85	35	135	110	10	None	None	testing
3	my	f	18	green	Le	(80, 0)	(40, 69)	(-39, 69)	(-80, 0)	(-40, -69)	(40, -69)	diamond	green	dif	left	left	(-39, 69)	(40, 69)	search	nr	True	957086	957869	left	35	60	135	85	110	160	None	None	testing
3	my	f	18	green	Le	(80, 0)	(40, 69)	(-39, 69)	(-80, 0)	(-40, -69)	(40, -69)	diamond	none	same	left	left	N_dist	(80, 0)	search	nr	True	959123	960382	left	35	10	160	135	60	110	None	None	testing
3	my	f	18	green	Le	(80, 0)	(40, 69)	(-39, 69)	(-80, 0)	(-40, -69)	(40, -69)	diamond	green	dif	left	left	(-39, 69)	(40, 69)	search	nr	True	961661	962334	left	10	60	35	160	110	85	None	None	testing
3	my	f	18	green	Le	(80, 0)	(40, 69)	(-39, 69)	(-80, 0)	(-40, -69)	(40, -69)	circle	green	same	right	right	(-39, 69)	(40, 69)	search	nr	True	963414	964238	right	160	60	135	110	85	10	None	None	testing
3	my	f	18	green	Le	(80, 0)	(40, 69)	(-39, 69)	(-80, 0)	(-40, -69)	(40, -69)	circle	green	dif	right	right	(-39, 69)	(40, -69)	search	nr	True	965518	966687	right	135	160	110	35	85	10	None	None	testing
3	my	f	18	green	Le	(80, 0)	(40, 69)	(-39, 69)	(-80, 0)	(-40, -69)	(40, -69)	diamond	green	dif	left	left	(-39, 69)	(40, -69)	search	nr	True	967806	968478	left	10	160	110	135	60	85	None	None	testing
3	my	f	18	green	Le	(80, 0)	(40, 69)	(-39, 69)	(-80, 0)	(-40, -69)	(40, -69)	circle	none	dif	left	left	N_dist	(40, 69)	search	nr	True	969643	970494	left	135	160	35	10	85	60	None	None	testing
3	my	f	18	green	Le	(80, 0)	(40, 69)	(-39, 69)	(-80, 0)	(-40, -69)	(40, -69)	circle	green	same	left	left	(-80, 0)	(40, -69)	search	nr	True	971662	973118	left	110	35	60	85	10	160	None	None	testing
3	my	f	18	green	Le	(80, 0)	(40, 69)	(-39, 69)	(-80, 0)	(-40, -69)	(40, -69)	circle	none	same	right	right	N_dist	(80, 0)	search	nr	True	974351	975006	right	35	160	10	85	60	135	None	None	testing
3	my	f	18	green	Le	(80, 0)	(40, 69)	(-39, 69)	(-80, 0)	(-40, -69)	(40, -69)	diamond	green	same	left	left	(-39, 69)	(-40, -69)	search	nr	True	976237	977006	left	135	110	35	85	10	60	None	None	testing
3	my	f	18	green	Le	(80, 0)	(40, 69)	(-39, 69)	(-80, 0)	(-40, -69)	(40, -69)	diamond	green	dif	right	right	(-40, -69)	(-80, 0)	search	nr	True	978107	978974	right	10	110	160	135	35	85	None	None	testing
3	my	f	18	green	Le	(80, 0)	(40, 69)	(-39, 69)	(-80, 0)	(-40, -69)	(40, -69)	diamond	none	same	right	right	N_dist	(40, -69)	search	nr	True	980095	980798	right	85	160	60	135	35	110	None	None	testing
3	my	f	18	green	Le	(80, 0)	(40, 69)	(-39, 69)	(-80, 0)	(-40, -69)	(40, -69)	diamond	green	dif	right	right	(-39, 69)	(-80, 0)	search	nr	True	982082	982975	right	35	85	160	10	110	135	None	None	testing
3	my	f	18	green	Le	(80, 0)	(40, 69)	(-39, 69)	(-80, 0)	(-40, -69)	(40, -69)	diamond	none	dif	right	right	N_dist	(-80, 0)	search	nr	True	984103	984782	right	135	85	10	160	35	110	None	None	testing
3	my	f	18	green	Le	(80, 0)	(40, 69)	(-39, 69)	(-80, 0)	(-40, -69)	(40, -69)	circle	green	dif	right	right	(-80, 0)	(-40, -69)	search	nr	True	985839	986638	left	85	60	10	35	160	135	None	None	testing
3	my	f	18	green	Le	(80, 0)	(40, 69)	(-39, 69)	(-80, 0)	(-40, -69)	(40, -69)	circle	green	dif	left	left	(-39, 69)	(-80, 0)	search	nr	True	989412	990238	left	85	60	10	110	160	135	None	None	testing
3	my	f	18	green	Le	(80, 0)	(40, 69)	(-39, 69)	(-80, 0)	(-40, -69)	(40, -69)	circle	none	same	left	left	N_dist	(40, 69)	search	nr	True	991398	992702	left	85	10	160	60	135	35	None	None	testing
3	my	f	18	green	Le	(80, 0)	(40, 69)	(-39, 69)	(-80, 0)	(-40, -69)	(40, -69)	diamond	none	dif	right	right	N_dist	(-40, -69)	search	nr	True	993770	995726	right	60	135	160	110	35	85	None	None	testing
3	my	f	18	green	Le	(80, 0)	(40, 69)	(-39, 69)	(-80, 0)	(-40, -69)	(40, -69)	diamond	green	same	left	left	(-39, 69)	(40, 69)	search	nr	True	996842	998222	left	10	110	85	60	160	35	None	None	testing
3	my	f	18	green	Le	(80, 0)	(40, 69)	(-39, 69)	(-80, 0)	(-40, -69)	(40, -69)	circle	none	same	right	right	N_dist	(-80, 0)	search	nr	True	999380	1000686	right	10	60	35	85	135	110	None	None	testing
3	my	f	18	green	Le	(80, 0)	(40, 69)	(-39, 69)	(-80, 0)	(-40, -69)	(40, -69)	circle	green	same	left	left	(-80, 0)	(40, -69)	search	nr	True	1001951	1003198	left	10	35	85	135	160	60	None	None	testing
3	my	f	18	green	Le	(80, 0)	(40, 69)	(-39, 69)	(-80, 0)	(-40, -69)	(40, -69)	circle	green	same	left	left	(-39, 69)	(-80, 0)	search	nr	True	1004306	1005998	left	85	135	10	60	160	35	None	None	testing
3	my	f	18	green	Le	(80, 0)	(40, 69)	(-39, 69)	(-80, 0)	(-40, -69)	(40, -69)	diamond	green	dif	left	left	(-39, 69)	(40, 69)	search	nr	True	1007295	1008351	left	85	60	35	160	10	135	None	None	testing
3	my	f	18	green	Le	(80, 0)	(40, 69)	(-39, 69)	(-80, 0)	(-40, -69)	(40, -69)	diamond	none	dif	right	right	N_dist	(40, -69)	search	nr	True	1009565	1010334	right	110	10	60	35	160	85	None	None	testing
3	my	f	18	green	Le	(80, 0)	(40, 69)	(-39, 69)	(-80, 0)	(-40, -69)	(40, -69)	diamond	green	dif	left	left	(-80, 0)	(40, 69)	search	nr	True	1011569	1012366	left	160	60	135	85	110	10	None	None	testing
3	my	f	18	green	Le	(80, 0)	(40, 69)	(-39, 69)	(-80, 0)	(-40, -69)	(40, -69)	circle	green	dif	left	left	(40, 69)	(-40, -69)	search	nr	True	1013456	1014446	left	85	60	135	110	160	35	None	None	testing
3	my	f	18	green	Le	(80, 0)	(40, 69)	(-39, 69)	(-80, 0)	(-40, -69)	(40, -69)	circle	none	dif	left	left	N_dist	(-39, 69)	search	nr	True	1015693	1016350	left	110	85	160	135	35	60	None	None	testing
3	my	f	18	green	Le	(80, 0)	(40, 69)	(-39, 69)	(-80, 0)	(-40, -69)	(40, -69)	circle	green	dif	right	right	(-39, 69)	(40, 69)	search	nr	True	1017514	1018462	right	135	60	35	110	160	85	None	None	testing
3	my	f	18	green	Le	(80, 0)	(40, 69)	(-39, 69)	(-80, 0)	(-40, -69)	(40, -69)	circle	none	dif	right	right	N_dist	(40, 69)	search	nr	True	1019534	1020318	right	135	160	35	110	60	10	None	None	testing
3	my	f	18	green	Le	(80, 0)	(40, 69)	(-39, 69)	(-80, 0)	(-40, -69)	(40, -69)	circle	green	same	left	left	(-80, 0)	(-40, -69)	search	nr	True	1021604	1022382	left	60	10	135	110	35	85	None	None	testing
3	my	f	18	green	Le	(80, 0)	(40, 69)	(-39, 69)	(-80, 0)	(-40, -69)	(40, -69)	diamond	none	dif	left	left	N_dist	(40, 69)	search	nr	True	1023691	1024397	left	135	110	85	160	10	60	None	None	testing
3	my	f	18	green	Le	(80, 0)	(40, 69)	(-39, 69)	(-80, 0)	(-40, -69)	(40, -69)	diamond	green	dif	right	right	(40, 69)	(80, 0)	search	nr	True	1025562	1026573	right	110	35	10	160	60	135	None	None	testing
3	my	f	18	green	Le	(80, 0)	(40, 69)	(-39, 69)	(-80, 0)	(-40, -69)	(40, -69)	circle	green	same	right	right	(-39, 69)	(40, 69)	search	nr	True	1027749	1029182	right	160	10	110	35	135	85	None	None	testing
3	my	f	18	green	Le	(80, 0)	(40, 69)	(-39, 69)	(-80, 0)	(-40, -69)	(40, -69)	diamond	green	same	left	left	(80, 0)	(40, 69)	search	nr	True	1030471	1031342	left	85	135	10	110	160	35	None	None	testing
3	my	f	18	green	Le	(80, 0)	(40, 69)	(-39, 69)	(-80, 0)	(-40, -69)	(40, -69)	circle	green	dif	right	right	(-39, 69)	(40, -69)	search	nr	True	1032558	1033310	right	10	60	110	135	160	85	None	None	testing
3	my	f	18	green	Le	(80, 0)	(40, 69)	(-39, 69)	(-80, 0)	(-40, -69)	(40, -69)	circle	green	same	left	left	(-40, -69)	(-80, 0)	search	nr	True	1034461	1035790	left	60	110	160	135	35	85	None	None	testing
3	my	f	18	green	Le	(80, 0)	(40, 69)	(-39, 69)	(-80, 0)	(-40, -69)	(40, -69)	circle	none	dif	right	right	N_dist	(-80, 0)	search	nr	True	1037033	1038895	right	10	135	85	35	60	160	None	None	testing
3	my	f	18	green	Le	(80, 0)	(40, 69)	(-39, 69)	(-80, 0)	(-40, -69)	(40, -69)	circle	none	same	right	right	N_dist	(80, 0)	search	nr	True	1039955	1040606	right	135	160	110	10	35	60	None	None	testing
3	my	f	18	green	Le	(80, 0)	(40, 69)	(-39, 69)	(-80, 0)	(-40, -69)	(40, -69)	circle	green	dif	right	right	(-39, 69)	(80, 0)	search	nr	True	1041792	1042606	right	35	160	10	110	135	85	None	None	testing
3	my	f	18	green	Le	(80, 0)	(40, 69)	(-39, 69)	(-80, 0)	(-40, -69)	(40, -69)	circle	green	same	left	left	(-80, 0)	(40, -69)	search	nr	True	1043795	1044542	left	110	35	160	10	60	135	None	None	testing
3	my	f	18	green	Le	(80, 0)	(40, 69)	(-39, 69)	(-80, 0)	(-40, -69)	(40, -69)	circle	green	same	left	left	(-39, 69)	(80, 0)	search	nr	True	1045815	1046510	left	135	60	10	160	110	85	None	None	testing
3	my	f	18	green	Le	(80, 0)	(40, 69)	(-39, 69)	(-80, 0)	(-40, -69)	(40, -69)	circle	green	same	right	right	(-39, 69)	(-80, 0)	search	nr	True	1047719	1048782	right	160	10	110	35	60	85	None	None	testing
3	my	f	18	green	Le	(80, 0)	(40, 69)	(-39, 69)	(-80, 0)	(-40, -69)	(40, -69)	diamond	none	same	left	left	N_dist	(80, 0)	search	nr	True	1050040	1050830	left	110	135	160	85	35	60	None	None	testing
3	my	f	18	green	Le	(80, 0)	(40, 69)	(-39, 69)	(-80, 0)	(-40, -69)	(40, -69)	diamond	green	dif	right	right	(-39, 69)	(-80, 0)	search	nr	True	1052077	1053502	left	135	60	160	85	110	35	None	None	testing
3	my	f	18	green	Le	(80, 0)	(40, 69)	(-39, 69)	(-80, 0)	(-40, -69)	(40, -69)	diamond	none	dif	right	right	N_dist	(40, -69)	search	nr	True	1056201	1057198	right	60	160	35	135	110	10	None	None	testing
3	my	f	18	green	Le	(80, 0)	(40, 69)	(-39, 69)	(-80, 0)	(-40, -69)	(40, -69)	circle	none	dif	right	right	N_dist	(-40, -69)	search	nr	True	1058372	1059278	right	60	160	35	110	10	135	None	None	testing
3	my	f	18	green	Le	(80, 0)	(40, 69)	(-39, 69)	(-80, 0)	(-40, -69)	(40, -69)	circle	green	dif	right	right	(40, 69)	(-80, 0)	search	nr	True	1060492	1061262	right	85	135	35	10	60	160	None	None	testing
3	my	f	18	green	Le	(80, 0)	(40, 69)	(-39, 69)	(-80, 0)	(-40, -69)	(40, -69)	circle	green	dif	right	right	(-80, 0)	(-40, -69)	search	nr	True	1062362	1064653	right	135	60	10	110	160	35	None	None	testing
3	my	f	18	green	Le	(80, 0)	(40, 69)	(-39, 69)	(-80, 0)	(-40, -69)	(40, -69)	circle	green	dif	left	left	(80, 0)	(40, -69)	search	nr	True	1065919	1067310	left	110	135	35	10	85	160	None	None	testing
3	my	f	18	green	Le	(80, 0)	(40, 69)	(-39, 69)	(-80, 0)	(-40, -69)	(40, -69)	diamond	green	same	left	left	(-39, 69)	(40, 69)	search	nr	True	1068424	1069678	left	10	160	110	135	60	85	None	None	testing
3	my	f	18	green	Le	(80, 0)	(40, 69)	(-39, 69)	(-80, 0)	(-40, -69)	(40, -69)	diamond	none	same	right	right	N_dist	(80, 0)	search	nr	True	1070979	1072366	right	10	160	35	85	60	135	None	None	testing
3	my	f	18	green	Le	(80, 0)	(40, 69)	(-39, 69)	(-80, 0)	(-40, -69)	(40, -69)	diamond	none	dif	right	right	N_dist	(-39, 69)	search	nr	True	1073483	1074446	right	35	110	60	160	135	85	None	None	testing
3	my	f	18	green	Le	(80, 0)	(40, 69)	(-39, 69)	(-80, 0)	(-40, -69)	(40, -69)	diamond	green	dif	right	right	(-39, 69)	(40, 69)	search	nr	True	1075671	1076926	right	35	60	110	160	85	10	None	None	testing
3	my	f	18	green	Le	(80, 0)	(40, 69)	(-39, 69)	(-80, 0)	(-40, -69)	(40, -69)	circle	none	dif	right	right	N_dist	(40, -69)	search	nr	True	1078092	1079294	right	10	135	85	60	35	110	None	None	testing
3	my	f	18	green	Le	(80, 0)	(40, 69)	(-39, 69)	(-80, 0)	(-40, -69)	(40, -69)	diamond	none	same	right	right	N_dist	(40, -69)	search	nr	True	1080579	1081405	right	10	110	135	85	160	60	None	None	testing
3	my	f	18	green	Le	(80, 0)	(40, 69)	(-39, 69)	(-80, 0)	(-40, -69)	(40, -69)	diamond	none	dif	left	left	N_dist	(40, 69)	search	nr	True	1082616	1083374	left	60	135	160	85	10	35	None	None	testing
3	my	f	18	green	Le	(80, 0)	(40, 69)	(-39, 69)	(-80, 0)	(-40, -69)	(40, -69)	circle	green	same	left	left	(-39, 69)	(-80, 0)	search	nr	True	1084521	1085454	left	135	85	160	10	110	60	None	None	testing
3	my	f	18	green	Le	(80, 0)	(40, 69)	(-39, 69)	(-80, 0)	(-40, -69)	(40, -69)	diamond	green	same	left	left	(-39, 69)	(-40, -69)	search	nr	True	1086741	1087630	left	160	10	135	85	35	60	None	None	testing
3	my	f	18	green	Le	(80, 0)	(40, 69)	(-39, 69)	(-80, 0)	(-40, -69)	(40, -69)	diamond	green	same	left	left	(-39, 69)	(40, -69)	search	nr	True	1088744	1089357	left	60	35	160	85	110	135	None	None	testing
3	my	f	18	green	Le	(80, 0)	(40, 69)	(-39, 69)	(-80, 0)	(-40, -69)	(40, -69)	diamond	green	same	left	left	(-39, 69)	(40, 69)	search	nr	True	1090632	1091374	left	85	60	35	10	110	135	None	None	testing
3	my	f	18	green	Le	(80, 0)	(40, 69)	(-39, 69)	(-80, 0)	(-40, -69)	(40, -69)	diamond	none	dif	right	right	N_dist	(-80, 0)	search	nr	True	1092585	1093438	right	135	160	60	35	85	110	None	None	testing
3	my	f	18	green	Le	(80, 0)	(40, 69)	(-39, 69)	(-80, 0)	(-40, -69)	(40, -69)	diamond	none	dif	right	right	N_dist	(-40, -69)	search	nr	True	1094723	1095405	right	60	85	135	160	10	110	None	None	testing
3	my	f	18	green	Le	(80, 0)	(40, 69)	(-39, 69)	(-80, 0)	(-40, -69)	(40, -69)	diamond	green	same	left	left	(40, -69)	(40, 69)	search	nr	True	1096692	1097374	left	85	10	135	160	110	35	None	None	testing
3	my	f	18	green	Le	(80, 0)	(40, 69)	(-39, 69)	(-80, 0)	(-40, -69)	(40, -69)	diamond	green	same	right	right	(-80, 0)	(-40, -69)	search	nr	True	1098463	1099310	right	135	60	160	10	35	85	None	None	testing
