subj	name	gender	age	dist	run	tar_locs1	tar_locs2	tar_locs3	tar_locs4	tar_locs5	tar_locs6	shape	dist	td_dif	detection	resp_key	dis_loc	tar_loc	task_type	probe_cond	gotKey	startTime	respTime	resp	o1	o2	o3	o4	o5	o6	pro_loc	ori_resp	mode
3	yn	f	18	red	5	(80, 0)	(40, 69)	(-39, 69)	(-80, 0)	(-40, -69)	(40, -69)	diamond	red	same	left	left	(40, 69)	(-80, 0)	search	nr	True	84313	84843	left	85	110	10	35	60	160	None	None	testing
3	yn	f	18	red	5	(80, 0)	(40, 69)	(-39, 69)	(-80, 0)	(-40, -69)	(40, -69)	circle	none	dif	left	left	N_dist	(-39, 69)	search	nr	True	85917	86698	left	135	160	85	110	10	35	None	None	testing
3	yn	f	18	red	5	(80, 0)	(40, 69)	(-39, 69)	(-80, 0)	(-40, -69)	(40, -69)	circle	red	dif	right	right	(-39, 69)	(-80, 0)	search	nr	True	87771	88874	right	35	85	135	110	160	10	None	None	testing
3	yn	f	18	red	5	(80, 0)	(40, 69)	(-39, 69)	(-80, 0)	(-40, -69)	(40, -69)	diamond	red	dif	right	right	(-39, 69)	(80, 0)	probe	tar	None	None	None	None	85	135	110	10	35	60	(80, 0)	174	testing
3	yn	f	18	red	5	(80, 0)	(40, 69)	(-39, 69)	(-80, 0)	(-40, -69)	(40, -69)	circle	red	dif	left	left	(-39, 69)	(-40, -69)	probe	tar	None	None	None	None	10	110	35	135	85	60	(-40, -69)	167	testing
3	yn	f	18	red	5	(80, 0)	(40, 69)	(-39, 69)	(-80, 0)	(-40, -69)	(40, -69)	diamond	none	same	left	left	N_dist	(-40, -69)	search	nr	True	97955	98698	left	10	110	85	35	60	135	None	None	testing
3	yn	f	18	red	5	(80, 0)	(40, 69)	(-39, 69)	(-80, 0)	(-40, -69)	(40, -69)	circle	none	dif	right	right	N_dist	(80, 0)	search	nr	True	99893	100795	right	110	85	10	35	135	160	None	None	testing
3	yn	f	18	red	5	(80, 0)	(40, 69)	(-39, 69)	(-80, 0)	(-40, -69)	(40, -69)	diamond	none	dif	right	right	N_dist	(-39, 69)	probe	h_tar	None	None	None	None	60	85	110	135	35	10	(-39, 69)	4	testing
3	yn	f	18	red	5	(80, 0)	(40, 69)	(-39, 69)	(-80, 0)	(-40, -69)	(40, -69)	diamond	none	dif	left	left	N_dist	(-80, 0)	search	nr	True	105903	106522	left	10	110	60	160	35	135	None	None	testing
3	yn	f	18	red	5	(80, 0)	(40, 69)	(-39, 69)	(-80, 0)	(-40, -69)	(40, -69)	diamond	red	dif	left	left	(-39, 69)	(40, 69)	search	nr	True	107640	108299	left	35	60	110	135	85	10	None	None	testing
3	yn	f	18	red	5	(80, 0)	(40, 69)	(-39, 69)	(-80, 0)	(-40, -69)	(40, -69)	circle	red	same	left	left	(-39, 69)	(-80, 0)	search	nr	True	109493	110203	left	85	160	35	135	110	60	None	None	testing
3	yn	f	18	red	5	(80, 0)	(40, 69)	(-39, 69)	(-80, 0)	(-40, -69)	(40, -69)	circle	none	same	left	left	N_dist	(40, 69)	search	nr	True	111363	111962	left	60	135	85	160	110	10	None	None	testing
3	yn	f	18	red	5	(80, 0)	(40, 69)	(-39, 69)	(-80, 0)	(-40, -69)	(40, -69)	circle	none	dif	right	right	N_dist	(40, -69)	probe	l_tar	None	None	None	None	160	60	35	85	110	135	(40, -69)	15	testing
3	yn	f	18	red	5	(80, 0)	(40, 69)	(-39, 69)	(-80, 0)	(-40, -69)	(40, -69)	diamond	none	same	right	right	N_dist	(40, -69)	search	nr	True	116256	117019	right	160	10	110	135	60	35	None	None	testing
3	yn	f	18	red	5	(80, 0)	(40, 69)	(-39, 69)	(-80, 0)	(-40, -69)	(40, -69)	circle	none	same	right	right	N_dist	(40, 69)	search	nr	True	118192	118858	right	160	10	85	110	135	35	None	None	testing
3	yn	f	18	red	5	(80, 0)	(40, 69)	(-39, 69)	(-80, 0)	(-40, -69)	(40, -69)	diamond	none	same	left	left	N_dist	(-40, -69)	probe	l_norm	None	None	None	None	160	135	110	35	85	10	(40, 69)	9	testing
3	yn	f	18	red	5	(80, 0)	(40, 69)	(-39, 69)	(-80, 0)	(-40, -69)	(40, -69)	circle	none	same	right	right	N_dist	(80, 0)	probe	l_norm	None	None	None	None	85	60	35	160	10	135	(-80, 0)	14	testing
3	yn	f	18	red	5	(80, 0)	(40, 69)	(-39, 69)	(-80, 0)	(-40, -69)	(40, -69)	circle	none	same	right	right	N_dist	(40, 69)	search	nr	True	128295	128986	left	60	160	85	135	10	35	None	None	testing
3	yn	f	18	red	5	(80, 0)	(40, 69)	(-39, 69)	(-80, 0)	(-40, -69)	(40, -69)	circle	none	same	left	left	N_dist	(-39, 69)	search	nr	True	131801	132475	left	10	135	35	85	160	110	None	None	testing
3	yn	f	18	red	5	(80, 0)	(40, 69)	(-39, 69)	(-80, 0)	(-40, -69)	(40, -69)	diamond	red	dif	right	right	(-39, 69)	(-40, -69)	search	nr	True	133588	134475	right	160	110	85	60	135	10	None	None	testing
3	yn	f	18	red	5	(80, 0)	(40, 69)	(-39, 69)	(-80, 0)	(-40, -69)	(40, -69)	diamond	red	dif	right	right	(-40, -69)	(40, -69)	search	nr	True	135759	136458	right	160	85	135	60	35	10	None	None	testing
3	yn	f	18	red	5	(80, 0)	(40, 69)	(-39, 69)	(-80, 0)	(-40, -69)	(40, -69)	diamond	red	same	right	right	(-39, 69)	(-40, -69)	search	nr	True	137528	138139	right	135	85	10	60	35	160	None	None	testing
3	yn	f	18	red	5	(80, 0)	(40, 69)	(-39, 69)	(-80, 0)	(-40, -69)	(40, -69)	diamond	red	dif	left	left	(-40, -69)	(80, 0)	search	nr	True	139432	140763	left	160	85	60	110	35	10	None	None	testing
3	yn	f	18	red	5	(80, 0)	(40, 69)	(-39, 69)	(-80, 0)	(-40, -69)	(40, -69)	circle	none	dif	left	left	N_dist	(-39, 69)	search	nr	True	142037	142778	left	110	135	10	60	160	85	None	None	testing
3	yn	f	18	red	5	(80, 0)	(40, 69)	(-39, 69)	(-80, 0)	(-40, -69)	(40, -69)	diamond	red	same	right	right	(-39, 69)	(-40, -69)	probe	norm	None	None	None	None	135	10	160	85	110	60	(40, 69)	166	testing
3	yn	f	18	red	5	(80, 0)	(40, 69)	(-39, 69)	(-80, 0)	(-40, -69)	(40, -69)	diamond	red	dif	left	left	(-39, 69)	(40, -69)	search	nr	True	147279	147947	left	110	85	135	60	35	160	None	None	testing
3	yn	f	18	red	5	(80, 0)	(40, 69)	(-39, 69)	(-80, 0)	(-40, -69)	(40, -69)	diamond	none	dif	left	left	N_dist	(-40, -69)	probe	h_norm	None	None	None	None	85	10	160	60	135	35	(-39, 69)	15	testing
3	yn	f	18	red	5	(80, 0)	(40, 69)	(-39, 69)	(-80, 0)	(-40, -69)	(40, -69)	circle	none	same	right	right	N_dist	(-80, 0)	search	nr	True	153774	154411	left	135	85	10	60	35	160	None	None	testing
3	yn	f	18	red	5	(80, 0)	(40, 69)	(-39, 69)	(-80, 0)	(-40, -69)	(40, -69)	diamond	none	same	right	right	N_dist	(40, -69)	search	nr	True	157164	157963	right	10	60	110	85	160	135	None	None	testing
3	yn	f	18	red	5	(80, 0)	(40, 69)	(-39, 69)	(-80, 0)	(-40, -69)	(40, -69)	diamond	none	same	right	right	N_dist	(-39, 69)	probe	h_tar	None	None	None	None	85	10	160	60	35	135	(-39, 69)	18	testing
3	yn	f	18	red	5	(80, 0)	(40, 69)	(-39, 69)	(-80, 0)	(-40, -69)	(40, -69)	circle	red	dif	right	right	(-39, 69)	(-40, -69)	search	nr	True	163343	164219	right	60	10	110	135	160	85	None	None	testing
3	yn	f	18	red	5	(80, 0)	(40, 69)	(-39, 69)	(-80, 0)	(-40, -69)	(40, -69)	circle	none	dif	left	left	N_dist	(40, -69)	search	nr	True	165362	165995	left	85	60	160	135	35	10	None	None	testing
3	yn	f	18	red	5	(80, 0)	(40, 69)	(-39, 69)	(-80, 0)	(-40, -69)	(40, -69)	diamond	none	dif	left	left	N_dist	(-40, -69)	search	nr	True	167133	168250	left	85	160	135	35	60	10	None	None	testing
3	yn	f	18	red	5	(80, 0)	(40, 69)	(-39, 69)	(-80, 0)	(-40, -69)	(40, -69)	circle	red	same	right	right	(40, 69)	(-40, -69)	search	nr	True	169538	170362	right	85	10	110	35	160	60	None	None	testing
3	yn	f	18	red	5	(80, 0)	(40, 69)	(-39, 69)	(-80, 0)	(-40, -69)	(40, -69)	diamond	red	same	left	left	(40, 69)	(-80, 0)	probe	norm	None	None	None	None	135	160	60	10	110	35	(40, -69)	162	testing
3	yn	f	18	red	5	(80, 0)	(40, 69)	(-39, 69)	(-80, 0)	(-40, -69)	(40, -69)	diamond	none	same	right	right	N_dist	(80, 0)	probe	l_norm	None	None	None	None	60	160	10	110	35	135	(40, -69)	19	testing
3	yn	f	18	red	5	(80, 0)	(40, 69)	(-39, 69)	(-80, 0)	(-40, -69)	(40, -69)	circle	red	dif	left	left	(40, -69)	(-80, 0)	probe	l_sin	None	None	None	None	35	135	160	85	10	60	(40, -69)	168	testing
3	yn	f	18	red	5	(80, 0)	(40, 69)	(-39, 69)	(-80, 0)	(-40, -69)	(40, -69)	diamond	none	dif	left	left	N_dist	(-80, 0)	probe	h_norm	None	None	None	None	10	85	60	160	110	35	(-39, 69)	161	testing
3	yn	f	18	red	5	(80, 0)	(40, 69)	(-39, 69)	(-80, 0)	(-40, -69)	(40, -69)	diamond	none	dif	left	left	N_dist	(40, 69)	probe	l_tar	None	None	None	None	110	60	135	10	85	160	(40, 69)	162	testing
3	yn	f	18	red	5	(80, 0)	(40, 69)	(-39, 69)	(-80, 0)	(-40, -69)	(40, -69)	circle	red	dif	right	right	(-80, 0)	(-40, -69)	search	nr	True	191344	192843	right	60	135	35	160	85	110	None	None	testing
3	yn	f	18	red	5	(80, 0)	(40, 69)	(-39, 69)	(-80, 0)	(-40, -69)	(40, -69)	circle	red	same	right	right	(-40, -69)	(40, 69)	probe	tar	None	None	None	None	85	135	160	35	110	60	(40, 69)	16	testing
3	yn	f	18	red	5	(80, 0)	(40, 69)	(-39, 69)	(-80, 0)	(-40, -69)	(40, -69)	circle	none	dif	right	right	N_dist	(80, 0)	search	nr	True	198073	198858	right	35	60	110	10	160	85	None	None	testing
3	yn	f	18	red	5	(80, 0)	(40, 69)	(-39, 69)	(-80, 0)	(-40, -69)	(40, -69)	diamond	red	dif	left	left	(-39, 69)	(40, -69)	probe	norm	None	None	None	None	85	35	110	135	60	160	(-80, 0)	5	testing
3	yn	f	18	red	5	(80, 0)	(40, 69)	(-39, 69)	(-80, 0)	(-40, -69)	(40, -69)	diamond	red	dif	right	right	(-39, 69)	(80, 0)	search	nr	True	205119	206267	right	160	35	85	60	110	135	None	None	testing
3	yn	f	18	red	5	(80, 0)	(40, 69)	(-39, 69)	(-80, 0)	(-40, -69)	(40, -69)	diamond	red	same	left	left	(-39, 69)	(40, 69)	search	nr	True	207474	208123	left	85	10	160	60	35	135	None	None	testing
3	yn	f	18	red	5	(80, 0)	(40, 69)	(-39, 69)	(-80, 0)	(-40, -69)	(40, -69)	diamond	none	dif	left	left	N_dist	(-40, -69)	search	nr	True	209394	210362	left	10	160	110	135	85	60	None	None	testing
3	yn	f	18	red	5	(80, 0)	(40, 69)	(-39, 69)	(-80, 0)	(-40, -69)	(40, -69)	circle	red	dif	left	left	(-39, 69)	(-80, 0)	search	nr	True	211647	212747	left	60	10	160	35	85	135	None	None	testing
3	yn	f	18	red	5	(80, 0)	(40, 69)	(-39, 69)	(-80, 0)	(-40, -69)	(40, -69)	diamond	red	dif	right	right	(-39, 69)	(40, 69)	probe	tar	None	None	None	None	60	10	110	135	85	160	(40, 69)	149	testing
3	yn	f	18	red	5	(80, 0)	(40, 69)	(-39, 69)	(-80, 0)	(-40, -69)	(40, -69)	circle	red	dif	left	left	(-39, 69)	(-80, 0)	probe	h_sin	None	None	None	None	10	85	160	60	110	135	(-39, 69)	12	testing
3	yn	f	18	red	5	(80, 0)	(40, 69)	(-39, 69)	(-80, 0)	(-40, -69)	(40, -69)	diamond	red	dif	left	left	(40, -69)	(-40, -69)	search	nr	True	222101	222907	left	60	10	160	35	135	110	None	None	testing
3	yn	f	18	red	5	(80, 0)	(40, 69)	(-39, 69)	(-80, 0)	(-40, -69)	(40, -69)	circle	red	same	right	right	(40, -69)	(80, 0)	search	nr	True	224154	225322	right	35	135	160	110	10	60	None	None	testing
3	yn	f	18	red	5	(80, 0)	(40, 69)	(-39, 69)	(-80, 0)	(-40, -69)	(40, -69)	circle	none	same	left	left	N_dist	(-39, 69)	search	nr	True	226475	227259	left	60	10	85	135	35	110	None	None	testing
3	yn	f	18	red	5	(80, 0)	(40, 69)	(-39, 69)	(-80, 0)	(-40, -69)	(40, -69)	circle	red	dif	left	left	(-39, 69)	(-40, -69)	search	nr	True	228529	229211	left	85	35	135	60	160	110	None	None	testing
3	yn	f	18	red	5	(80, 0)	(40, 69)	(-39, 69)	(-80, 0)	(-40, -69)	(40, -69)	circle	red	dif	right	right	(80, 0)	(-40, -69)	search	nr	True	230499	231307	right	110	35	135	10	85	60	None	None	testing
3	yn	f	18	red	5	(80, 0)	(40, 69)	(-39, 69)	(-80, 0)	(-40, -69)	(40, -69)	diamond	red	dif	right	right	(-39, 69)	(-40, -69)	search	nr	True	232603	233435	right	135	85	60	35	160	10	None	None	testing
3	yn	f	18	red	5	(80, 0)	(40, 69)	(-39, 69)	(-80, 0)	(-40, -69)	(40, -69)	diamond	red	same	right	right	(-39, 69)	(-40, -69)	search	nr	True	234590	235274	right	10	160	85	60	35	110	None	None	testing
3	yn	f	18	red	5	(80, 0)	(40, 69)	(-39, 69)	(-80, 0)	(-40, -69)	(40, -69)	circle	none	dif	left	left	N_dist	(40, -69)	search	nr	True	236477	237131	left	160	85	110	35	10	60	None	None	testing
3	yn	f	18	red	5	(80, 0)	(40, 69)	(-39, 69)	(-80, 0)	(-40, -69)	(40, -69)	circle	red	same	left	left	(-39, 69)	(40, -69)	search	nr	True	238280	239003	left	160	85	35	10	135	60	None	None	testing
3	yn	f	18	red	5	(80, 0)	(40, 69)	(-39, 69)	(-80, 0)	(-40, -69)	(40, -69)	circle	none	dif	right	right	N_dist	(-40, -69)	search	nr	True	240117	240763	right	135	85	10	110	60	35	None	None	testing
3	yn	f	18	red	5	(80, 0)	(40, 69)	(-39, 69)	(-80, 0)	(-40, -69)	(40, -69)	diamond	red	same	left	left	(40, 69)	(40, -69)	search	nr	True	242037	242747	left	35	110	135	60	160	85	None	None	testing
3	yn	f	18	red	5	(80, 0)	(40, 69)	(-39, 69)	(-80, 0)	(-40, -69)	(40, -69)	circle	red	same	left	left	(80, 0)	(40, 69)	search	nr	True	243874	244635	left	60	160	135	35	85	110	None	None	testing
3	yn	f	18	red	5	(80, 0)	(40, 69)	(-39, 69)	(-80, 0)	(-40, -69)	(40, -69)	circle	red	same	right	right	(-39, 69)	(40, -69)	probe	norm	None	None	None	None	60	135	160	10	85	35	(-80, 0)	155	testing
3	yn	f	18	red	5	(80, 0)	(40, 69)	(-39, 69)	(-80, 0)	(-40, -69)	(40, -69)	circle	red	dif	left	left	(80, 0)	(40, 69)	search	nr	True	250736	251322	left	110	85	160	10	35	60	None	None	testing
3	yn	f	18	red	5	(80, 0)	(40, 69)	(-39, 69)	(-80, 0)	(-40, -69)	(40, -69)	circle	red	same	left	left	(-39, 69)	(40, 69)	search	nr	True	252573	253146	left	135	35	110	85	10	160	None	None	testing
3	yn	f	18	red	5	(80, 0)	(40, 69)	(-39, 69)	(-80, 0)	(-40, -69)	(40, -69)	diamond	red	dif	left	left	(-39, 69)	(-80, 0)	search	nr	True	254260	254971	left	60	35	135	160	10	110	None	None	testing
3	yn	f	18	red	5	(80, 0)	(40, 69)	(-39, 69)	(-80, 0)	(-40, -69)	(40, -69)	diamond	none	same	right	right	N_dist	(-39, 69)	search	nr	True	256246	256971	right	60	135	10	35	110	160	None	None	testing
3	yn	f	18	red	5	(80, 0)	(40, 69)	(-39, 69)	(-80, 0)	(-40, -69)	(40, -69)	diamond	none	dif	left	left	N_dist	(-40, -69)	probe	h_norm	None	None	None	None	85	160	10	110	35	60	(-39, 69)	155	testing
3	yn	f	18	red	5	(80, 0)	(40, 69)	(-39, 69)	(-80, 0)	(-40, -69)	(40, -69)	circle	red	dif	left	left	(-39, 69)	(-40, -69)	probe	h_sin	None	None	None	None	135	85	10	35	160	60	(-39, 69)	32	testing
3	yn	f	18	red	5	(80, 0)	(40, 69)	(-39, 69)	(-80, 0)	(-40, -69)	(40, -69)	circle	none	dif	left	left	N_dist	(-39, 69)	probe	h_tar	None	None	None	None	35	135	160	60	10	85	(-39, 69)	32	testing
3	yn	f	18	red	5	(80, 0)	(40, 69)	(-39, 69)	(-80, 0)	(-40, -69)	(40, -69)	diamond	none	same	left	left	N_dist	(-40, -69)	search	nr	True	270924	271642	left	60	135	160	110	85	35	None	None	testing
3	yn	f	18	red	5	(80, 0)	(40, 69)	(-39, 69)	(-80, 0)	(-40, -69)	(40, -69)	diamond	red	same	right	right	(-39, 69)	(40, 69)	search	nr	True	272844	273610	right	110	85	60	10	35	135	None	None	testing
3	yn	f	18	red	5	(80, 0)	(40, 69)	(-39, 69)	(-80, 0)	(-40, -69)	(40, -69)	circle	red	dif	left	left	(-40, -69)	(-80, 0)	probe	tar	None	None	None	None	110	85	35	60	10	135	(-80, 0)	169	testing
3	yn	f	18	red	5	(80, 0)	(40, 69)	(-39, 69)	(-80, 0)	(-40, -69)	(40, -69)	circle	none	dif	left	left	N_dist	(-40, -69)	search	nr	True	278521	279562	left	10	135	35	110	160	60	None	None	testing
3	yn	f	18	red	5	(80, 0)	(40, 69)	(-39, 69)	(-80, 0)	(-40, -69)	(40, -69)	diamond	none	dif	right	right	N_dist	(-80, 0)	probe	l_norm	None	None	None	None	85	10	35	160	60	110	(-40, -69)	172	testing
3	yn	f	18	red	5	(80, 0)	(40, 69)	(-39, 69)	(-80, 0)	(-40, -69)	(40, -69)	diamond	none	same	left	left	N_dist	(-80, 0)	search	nr	True	284215	284843	left	85	135	35	110	10	60	None	None	testing
3	yn	f	18	red	5	(80, 0)	(40, 69)	(-39, 69)	(-80, 0)	(-40, -69)	(40, -69)	diamond	none	dif	left	left	N_dist	(80, 0)	probe	l_tar	None	None	None	None	35	85	60	110	135	10	(80, 0)	164	testing
3	yn	f	18	red	5	(80, 0)	(40, 69)	(-39, 69)	(-80, 0)	(-40, -69)	(40, -69)	circle	red	dif	right	right	(80, 0)	(-40, -69)	search	nr	True	289925	290923	right	10	135	85	60	110	35	None	None	testing
3	yn	f	18	red	5	(80, 0)	(40, 69)	(-39, 69)	(-80, 0)	(-40, -69)	(40, -69)	circle	red	same	left	left	(-39, 69)	(40, 69)	search	nr	True	292029	292683	left	160	135	85	10	110	35	None	None	testing
3	yn	f	18	red	5	(80, 0)	(40, 69)	(-39, 69)	(-80, 0)	(-40, -69)	(40, -69)	diamond	red	same	right	right	(-39, 69)	(-40, -69)	probe	h_sin	None	None	None	None	35	60	10	85	110	135	(-39, 69)	152	testing
3	yn	f	18	red	5	(80, 0)	(40, 69)	(-39, 69)	(-80, 0)	(-40, -69)	(40, -69)	diamond	red	dif	right	right	(-39, 69)	(40, 69)	search	nr	True	297906	298715	right	110	160	60	135	85	35	None	None	testing
3	yn	f	18	red	5	(80, 0)	(40, 69)	(-39, 69)	(-80, 0)	(-40, -69)	(40, -69)	circle	red	dif	left	left	(-39, 69)	(80, 0)	search	nr	True	299843	300507	left	10	160	110	85	135	35	None	None	testing
3	yn	f	18	red	5	(80, 0)	(40, 69)	(-39, 69)	(-80, 0)	(-40, -69)	(40, -69)	diamond	red	same	right	right	(-39, 69)	(-40, -69)	probe	h_sin	None	None	None	None	10	135	35	85	110	60	(-39, 69)	155	testing
3	yn	f	18	red	5	(80, 0)	(40, 69)	(-39, 69)	(-80, 0)	(-40, -69)	(40, -69)	diamond	red	dif	left	left	(-39, 69)	(-80, 0)	search	nr	True	305704	306459	left	10	160	85	60	135	35	None	None	testing
3	yn	f	18	red	5	(80, 0)	(40, 69)	(-39, 69)	(-80, 0)	(-40, -69)	(40, -69)	diamond	red	dif	left	left	(-39, 69)	(-80, 0)	probe	norm	None	None	None	None	160	10	110	85	135	60	(80, 0)	15	testing
3	yn	f	18	red	5	(80, 0)	(40, 69)	(-39, 69)	(-80, 0)	(-40, -69)	(40, -69)	circle	red	same	right	right	(80, 0)	(-80, 0)	search	nr	True	311932	312683	right	160	110	135	85	60	10	None	None	testing
3	yn	f	18	red	5	(80, 0)	(40, 69)	(-39, 69)	(-80, 0)	(-40, -69)	(40, -69)	diamond	red	dif	right	right	(-39, 69)	(-80, 0)	probe	tar	None	None	None	None	60	160	110	10	35	85	(-80, 0)	152	testing
3	yn	f	18	red	5	(80, 0)	(40, 69)	(-39, 69)	(-80, 0)	(-40, -69)	(40, -69)	circle	none	same	right	right	N_dist	(40, 69)	probe	l_norm	None	None	None	None	135	110	160	85	10	35	(-40, -69)	158	testing
3	yn	f	18	red	5	(80, 0)	(40, 69)	(-39, 69)	(-80, 0)	(-40, -69)	(40, -69)	diamond	red	dif	left	left	(-80, 0)	(80, 0)	probe	l_sin	None	None	None	None	85	60	10	110	35	135	(-80, 0)	9	testing
3	yn	f	18	red	5	(80, 0)	(40, 69)	(-39, 69)	(-80, 0)	(-40, -69)	(40, -69)	diamond	red	same	right	right	(-39, 69)	(-80, 0)	probe	h_sin	None	None	None	None	110	135	60	10	85	35	(-39, 69)	159	testing
3	yn	f	18	red	5	(80, 0)	(40, 69)	(-39, 69)	(-80, 0)	(-40, -69)	(40, -69)	diamond	red	same	left	left	(-39, 69)	(40, 69)	search	nr	True	329264	330074	left	85	35	60	110	135	160	None	None	testing
3	yn	f	18	red	5	(80, 0)	(40, 69)	(-39, 69)	(-80, 0)	(-40, -69)	(40, -69)	diamond	red	same	right	right	(40, 69)	(-40, -69)	search	nr	True	331251	332154	right	85	135	10	160	60	110	None	None	testing
3	yn	f	18	red	5	(80, 0)	(40, 69)	(-39, 69)	(-80, 0)	(-40, -69)	(40, -69)	circle	red	same	right	right	(40, 69)	(-40, -69)	search	nr	True	333422	334347	right	60	110	135	10	85	160	None	None	testing
3	yn	f	18	red	5	(80, 0)	(40, 69)	(-39, 69)	(-80, 0)	(-40, -69)	(40, -69)	diamond	red	same	right	right	(-80, 0)	(80, 0)	search	nr	True	335575	336251	right	85	110	10	135	35	60	None	None	testing
3	yn	f	18	red	5	(80, 0)	(40, 69)	(-39, 69)	(-80, 0)	(-40, -69)	(40, -69)	circle	none	dif	left	left	N_dist	(-39, 69)	probe	h_tar	None	None	None	None	110	60	160	135	35	10	(-39, 69)	16	testing
3	yn	f	18	red	5	(80, 0)	(40, 69)	(-39, 69)	(-80, 0)	(-40, -69)	(40, -69)	diamond	none	dif	left	left	N_dist	(80, 0)	search	nr	True	341369	341979	left	35	135	85	60	160	110	None	None	testing
3	yn	f	18	red	5	(80, 0)	(40, 69)	(-39, 69)	(-80, 0)	(-40, -69)	(40, -69)	circle	none	dif	right	right	N_dist	(40, 69)	probe	h_norm	None	None	None	None	160	135	85	10	60	110	(-39, 69)	1	testing
3	yn	f	18	red	5	(80, 0)	(40, 69)	(-39, 69)	(-80, 0)	(-40, -69)	(40, -69)	circle	red	same	left	left	(40, 69)	(40, -69)	search	nr	True	347014	347818	left	60	110	85	160	35	135	None	None	testing
3	yn	f	18	red	5	(80, 0)	(40, 69)	(-39, 69)	(-80, 0)	(-40, -69)	(40, -69)	circle	red	dif	right	right	(80, 0)	(-80, 0)	search	nr	True	349051	349930	right	35	60	10	160	110	85	None	None	testing
3	yn	f	18	red	5	(80, 0)	(40, 69)	(-39, 69)	(-80, 0)	(-40, -69)	(40, -69)	circle	red	same	left	left	(80, 0)	(40, 69)	search	nr	True	351004	351578	left	135	60	35	85	10	110	None	None	testing
3	yn	f	18	red	5	(80, 0)	(40, 69)	(-39, 69)	(-80, 0)	(-40, -69)	(40, -69)	circle	none	same	left	left	N_dist	(40, 69)	search	nr	True	352874	353435	left	110	135	60	160	85	35	None	None	testing
3	yn	f	18	red	5	(80, 0)	(40, 69)	(-39, 69)	(-80, 0)	(-40, -69)	(40, -69)	diamond	none	same	left	left	N_dist	(-80, 0)	search	nr	True	354494	355211	right	85	35	135	160	110	10	None	None	testing
3	yn	f	18	red	5	(80, 0)	(40, 69)	(-39, 69)	(-80, 0)	(-40, -69)	(40, -69)	circle	red	dif	left	left	(-39, 69)	(-40, -69)	search	nr	True	358000	359194	left	10	160	135	110	35	85	None	None	testing
3	yn	f	18	red	5	(80, 0)	(40, 69)	(-39, 69)	(-80, 0)	(-40, -69)	(40, -69)	diamond	red	same	left	left	(40, -69)	(40, 69)	probe	tar	None	None	None	None	10	110	35	135	85	60	(40, 69)	9	testing
3	yn	f	18	red	5	(80, 0)	(40, 69)	(-39, 69)	(-80, 0)	(-40, -69)	(40, -69)	circle	red	same	left	left	(-39, 69)	(40, 69)	probe	norm	None	None	None	None	160	10	110	85	60	35	(-40, -69)	166	testing
3	yn	f	18	red	5	(80, 0)	(40, 69)	(-39, 69)	(-80, 0)	(-40, -69)	(40, -69)	circle	red	same	left	left	(-39, 69)	(-80, 0)	search	nr	True	367685	368411	left	85	10	110	160	135	60	None	None	testing
3	yn	f	18	red	5	(80, 0)	(40, 69)	(-39, 69)	(-80, 0)	(-40, -69)	(40, -69)	circle	none	dif	right	right	N_dist	(40, -69)	search	nr	True	369672	370555	right	110	60	135	160	10	35	None	None	testing
3	yn	f	18	red	5	(80, 0)	(40, 69)	(-39, 69)	(-80, 0)	(-40, -69)	(40, -69)	diamond	none	dif	left	left	N_dist	(80, 0)	search	nr	True	371658	372427	right	135	85	160	110	60	10	None	None	testing
3	yn	f	18	red	5	(80, 0)	(40, 69)	(-39, 69)	(-80, 0)	(-40, -69)	(40, -69)	circle	red	same	left	left	(-39, 69)	(40, -69)	probe	tar	None	None	None	None	85	135	160	35	60	110	(40, -69)	9	testing
3	yn	f	18	red	5	(80, 0)	(40, 69)	(-39, 69)	(-80, 0)	(-40, -69)	(40, -69)	circle	red	dif	right	right	(-80, 0)	(-40, -69)	probe	norm	None	None	None	None	110	60	135	85	160	10	(40, -69)	155	testing
3	yn	f	18	red	5	(80, 0)	(40, 69)	(-39, 69)	(-80, 0)	(-40, -69)	(40, -69)	circle	red	dif	left	left	(40, -69)	(-80, 0)	search	nr	True	382963	383723	left	35	160	135	60	10	85	None	None	testing
3	yn	f	18	red	5	(80, 0)	(40, 69)	(-39, 69)	(-80, 0)	(-40, -69)	(40, -69)	diamond	red	dif	left	left	(-80, 0)	(80, 0)	search	nr	True	384816	386154	left	85	35	10	110	135	60	None	None	testing
3	yn	f	18	red	5	(80, 0)	(40, 69)	(-39, 69)	(-80, 0)	(-40, -69)	(40, -69)	diamond	red	dif	left	left	(-80, 0)	(80, 0)	search	nr	True	387354	387979	left	110	85	160	10	60	135	None	None	testing
3	yn	f	18	red	5	(80, 0)	(40, 69)	(-39, 69)	(-80, 0)	(-40, -69)	(40, -69)	circle	red	dif	right	right	(-39, 69)	(80, 0)	probe	norm	None	None	None	None	60	10	35	110	160	85	(40, 69)	154	testing
3	yn	f	18	red	5	(80, 0)	(40, 69)	(-39, 69)	(-80, 0)	(-40, -69)	(40, -69)	circle	none	same	right	right	N_dist	(80, 0)	probe	h_norm	None	None	None	None	85	10	110	135	160	35	(-39, 69)	7	testing
3	yn	f	18	red	5	(80, 0)	(40, 69)	(-39, 69)	(-80, 0)	(-40, -69)	(40, -69)	diamond	red	dif	left	left	(-39, 69)	(40, -69)	search	nr	True	398407	399354	left	160	135	10	85	60	110	None	None	testing
3	yn	f	18	red	5	(80, 0)	(40, 69)	(-39, 69)	(-80, 0)	(-40, -69)	(40, -69)	diamond	red	dif	left	left	(-80, 0)	(80, 0)	probe	tar	None	None	None	None	110	160	60	85	35	10	(80, 0)	15	testing
3	yn	f	18	red	5	(80, 0)	(40, 69)	(-39, 69)	(-80, 0)	(-40, -69)	(40, -69)	diamond	red	dif	right	right	(-39, 69)	(40, 69)	search	nr	True	403667	404811	right	60	135	35	10	110	160	None	None	testing
3	yn	f	18	red	5	(80, 0)	(40, 69)	(-39, 69)	(-80, 0)	(-40, -69)	(40, -69)	diamond	red	dif	right	right	(-39, 69)	(-40, -69)	search	nr	True	406055	406938	right	35	160	10	85	110	135	None	None	testing
3	yn	f	18	red	5	(80, 0)	(40, 69)	(-39, 69)	(-80, 0)	(-40, -69)	(40, -69)	diamond	red	same	left	left	(-39, 69)	(80, 0)	search	nr	True	408192	408906	left	135	160	10	35	85	110	None	None	testing
3	yn	f	18	red	5	(80, 0)	(40, 69)	(-39, 69)	(-80, 0)	(-40, -69)	(40, -69)	diamond	red	dif	right	right	(-39, 69)	(-40, -69)	probe	tar	None	None	None	None	35	160	60	85	10	110	(-40, -69)	158	testing
3	yn	f	18	red	5	(80, 0)	(40, 69)	(-39, 69)	(-80, 0)	(-40, -69)	(40, -69)	diamond	none	dif	right	right	N_dist	(-80, 0)	search	nr	True	414271	414986	right	160	85	135	110	35	10	None	None	testing
3	yn	f	18	red	5	(80, 0)	(40, 69)	(-39, 69)	(-80, 0)	(-40, -69)	(40, -69)	diamond	red	same	right	right	(-39, 69)	(80, 0)	search	nr	True	416141	416906	right	135	35	10	60	110	85	None	None	testing
3	yn	f	18	red	5	(80, 0)	(40, 69)	(-39, 69)	(-80, 0)	(-40, -69)	(40, -69)	circle	red	dif	right	right	(-39, 69)	(80, 0)	probe	norm	None	None	None	None	35	85	60	10	135	160	(40, -69)	13	testing
3	yn	f	18	red	5	(80, 0)	(40, 69)	(-39, 69)	(-80, 0)	(-40, -69)	(40, -69)	circle	red	dif	right	right	(-80, 0)	(40, 69)	probe	norm	None	None	None	None	135	110	10	35	85	160	(40, -69)	19	testing
3	yn	f	18	red	5	(80, 0)	(40, 69)	(-39, 69)	(-80, 0)	(-40, -69)	(40, -69)	circle	red	dif	right	right	(-39, 69)	(-80, 0)	search	nr	True	425708	426490	right	110	35	135	160	85	60	None	None	testing
3	yn	f	18	red	5	(80, 0)	(40, 69)	(-39, 69)	(-80, 0)	(-40, -69)	(40, -69)	diamond	none	dif	right	right	N_dist	(-39, 69)	probe	h_tar	None	None	None	None	35	110	10	85	135	160	(-39, 69)	156	testing
3	yn	f	18	red	5	(80, 0)	(40, 69)	(-39, 69)	(-80, 0)	(-40, -69)	(40, -69)	diamond	red	dif	right	right	(-39, 69)	(40, 69)	probe	h_sin	None	None	None	None	160	85	35	60	135	110	(-39, 69)	152	testing
3	yn	f	18	red	5	(80, 0)	(40, 69)	(-39, 69)	(-80, 0)	(-40, -69)	(40, -69)	circle	red	same	right	right	(40, 69)	(-40, -69)	probe	l_sin	None	None	None	None	10	110	85	160	35	135	(40, 69)	15	testing
3	yn	f	18	red	5	(80, 0)	(40, 69)	(-39, 69)	(-80, 0)	(-40, -69)	(40, -69)	diamond	red	same	right	right	(40, 69)	(-40, -69)	search	nr	True	439667	440683	right	60	135	160	10	85	110	None	None	testing
3	yn	f	18	red	5	(80, 0)	(40, 69)	(-39, 69)	(-80, 0)	(-40, -69)	(40, -69)	circle	red	same	right	right	(-39, 69)	(80, 0)	search	nr	True	441937	442811	right	10	160	35	85	110	135	None	None	testing
3	yn	f	18	red	5	(80, 0)	(40, 69)	(-39, 69)	(-80, 0)	(-40, -69)	(40, -69)	circle	none	dif	left	left	N_dist	(40, -69)	probe	h_norm	None	None	None	None	10	160	60	135	110	85	(-39, 69)	157	testing
3	yn	f	18	red	5	(80, 0)	(40, 69)	(-39, 69)	(-80, 0)	(-40, -69)	(40, -69)	diamond	none	same	right	right	N_dist	(80, 0)	probe	h_norm	None	None	None	None	160	35	110	10	85	135	(-39, 69)	7	testing
3	yn	f	18	red	5	(80, 0)	(40, 69)	(-39, 69)	(-80, 0)	(-40, -69)	(40, -69)	circle	none	dif	right	right	N_dist	(40, -69)	search	nr	True	451723	452650	right	160	110	35	135	85	60	None	None	testing
3	yn	f	18	red	5	(80, 0)	(40, 69)	(-39, 69)	(-80, 0)	(-40, -69)	(40, -69)	diamond	red	dif	left	left	(-40, -69)	(80, 0)	search	nr	True	453743	454490	left	85	135	10	35	60	110	None	None	testing
3	yn	f	18	red	5	(80, 0)	(40, 69)	(-39, 69)	(-80, 0)	(-40, -69)	(40, -69)	circle	red	dif	right	right	(-80, 0)	(40, 69)	search	nr	True	455630	456683	right	85	110	160	10	60	135	None	None	testing
3	yn	f	18	red	5	(80, 0)	(40, 69)	(-39, 69)	(-80, 0)	(-40, -69)	(40, -69)	circle	red	dif	left	left	(40, -69)	(-40, -69)	search	nr	True	457867	458698	left	135	160	35	110	85	10	None	None	testing
3	yn	f	18	red	5	(80, 0)	(40, 69)	(-39, 69)	(-80, 0)	(-40, -69)	(40, -69)	circle	none	dif	left	left	N_dist	(-40, -69)	search	nr	True	459921	460570	left	60	110	85	135	10	160	None	None	testing
3	yn	f	18	red	5	(80, 0)	(40, 69)	(-39, 69)	(-80, 0)	(-40, -69)	(40, -69)	circle	none	dif	right	right	N_dist	(80, 0)	probe	l_tar	None	None	None	None	160	110	10	60	35	85	(80, 0)	24	testing
3	yn	f	18	red	5	(80, 0)	(40, 69)	(-39, 69)	(-80, 0)	(-40, -69)	(40, -69)	diamond	red	dif	right	right	(-39, 69)	(-80, 0)	search	nr	True	465397	466282	right	85	10	110	135	60	160	None	None	testing
3	yn	f	18	red	5	(80, 0)	(40, 69)	(-39, 69)	(-80, 0)	(-40, -69)	(40, -69)	circle	red	same	right	right	(-40, -69)	(40, 69)	search	nr	True	467518	468346	right	35	110	60	135	160	10	None	None	testing
3	yn	f	18	red	5	(80, 0)	(40, 69)	(-39, 69)	(-80, 0)	(-40, -69)	(40, -69)	circle	red	same	right	right	(-40, -69)	(40, 69)	search	nr	True	469605	470219	right	85	110	10	60	160	135	None	None	testing
3	yn	f	18	red	5	(80, 0)	(40, 69)	(-39, 69)	(-80, 0)	(-40, -69)	(40, -69)	circle	red	dif	left	left	(-39, 69)	(-80, 0)	search	nr	True	471325	472059	left	135	60	160	35	10	110	None	None	testing
3	yn	f	18	red	5	(80, 0)	(40, 69)	(-39, 69)	(-80, 0)	(-40, -69)	(40, -69)	diamond	none	same	left	left	N_dist	(40, -69)	search	nr	True	473179	474234	left	160	10	60	110	35	135	None	None	testing
3	yn	f	18	red	5	(80, 0)	(40, 69)	(-39, 69)	(-80, 0)	(-40, -69)	(40, -69)	circle	red	dif	right	right	(-39, 69)	(-40, -69)	probe	h_sin	None	None	None	None	135	110	35	160	10	85	(-39, 69)	13	testing
3	yn	f	18	red	5	(80, 0)	(40, 69)	(-39, 69)	(-80, 0)	(-40, -69)	(40, -69)	diamond	red	same	left	left	(40, -69)	(40, 69)	search	nr	True	479557	480170	left	35	135	110	10	85	160	None	None	testing
3	yn	f	18	red	5	(80, 0)	(40, 69)	(-39, 69)	(-80, 0)	(-40, -69)	(40, -69)	circle	red	dif	right	right	(80, 0)	(-40, -69)	probe	l_sin	None	None	None	None	60	10	135	85	160	110	(80, 0)	166	testing
3	yn	f	18	red	5	(80, 0)	(40, 69)	(-39, 69)	(-80, 0)	(-40, -69)	(40, -69)	diamond	none	same	left	left	N_dist	(-80, 0)	probe	l_norm	None	None	None	None	135	10	110	85	160	60	(40, -69)	10	testing
3	yn	f	18	red	5	(80, 0)	(40, 69)	(-39, 69)	(-80, 0)	(-40, -69)	(40, -69)	circle	red	dif	right	right	(80, 0)	(-80, 0)	search	nr	True	489175	490091	right	35	85	160	135	60	110	None	None	testing
3	yn	f	18	red	5	(80, 0)	(40, 69)	(-39, 69)	(-80, 0)	(-40, -69)	(40, -69)	diamond	red	dif	right	right	(-39, 69)	(80, 0)	search	nr	True	491262	492187	right	85	10	60	135	110	35	None	None	testing
3	yn	f	18	red	5	(80, 0)	(40, 69)	(-39, 69)	(-80, 0)	(-40, -69)	(40, -69)	circle	none	same	left	left	N_dist	(-40, -69)	search	nr	True	493365	494234	left	110	60	135	10	160	85	None	None	testing
3	yn	f	18	red	5	(80, 0)	(40, 69)	(-39, 69)	(-80, 0)	(-40, -69)	(40, -69)	diamond	red	dif	right	right	(-39, 69)	(40, 69)	search	nr	True	495353	496106	right	135	60	110	160	35	10	None	None	testing
3	yn	f	18	red	5	(80, 0)	(40, 69)	(-39, 69)	(-80, 0)	(-40, -69)	(40, -69)	circle	red	dif	right	right	(-80, 0)	(40, 69)	search	nr	True	497323	498059	right	10	135	85	110	160	35	None	None	testing
3	yn	f	18	red	5	(80, 0)	(40, 69)	(-39, 69)	(-80, 0)	(-40, -69)	(40, -69)	diamond	red	same	right	right	(-39, 69)	(80, 0)	probe	tar	None	None	None	None	60	135	110	160	85	10	(80, 0)	169	testing
3	yn	f	18	red	5	(80, 0)	(40, 69)	(-39, 69)	(-80, 0)	(-40, -69)	(40, -69)	diamond	red	dif	left	left	(-39, 69)	(-80, 0)	probe	norm	None	None	None	None	85	10	160	60	35	110	(40, 69)	146	testing
3	yn	f	18	red	5	(80, 0)	(40, 69)	(-39, 69)	(-80, 0)	(-40, -69)	(40, -69)	diamond	red	same	right	right	(40, 69)	(-40, -69)	probe	norm	None	None	None	None	110	135	10	60	85	160	(80, 0)	12	testing
3	yn	f	18	red	5	(80, 0)	(40, 69)	(-39, 69)	(-80, 0)	(-40, -69)	(40, -69)	circle	red	dif	right	right	(-39, 69)	(40, -69)	probe	h_sin	None	None	None	None	85	160	135	10	60	110	(-39, 69)	6	testing
3	yn	f	18	red	5	(80, 0)	(40, 69)	(-39, 69)	(-80, 0)	(-40, -69)	(40, -69)	diamond	red	dif	right	right	(-39, 69)	(-40, -69)	probe	h_sin	None	None	None	None	110	85	60	10	135	160	(-39, 69)	167	testing
3	yn	f	18	red	5	(80, 0)	(40, 69)	(-39, 69)	(-80, 0)	(-40, -69)	(40, -69)	circle	none	dif	right	right	N_dist	(40, -69)	search	nr	True	519497	520330	right	110	60	135	160	10	85	None	None	testing
3	yn	f	18	red	5	(80, 0)	(40, 69)	(-39, 69)	(-80, 0)	(-40, -69)	(40, -69)	circle	red	dif	left	left	(-39, 69)	(40, -69)	search	nr	True	521467	522091	left	85	35	10	60	110	160	None	None	testing
3	yn	f	18	red	5	(80, 0)	(40, 69)	(-39, 69)	(-80, 0)	(-40, -69)	(40, -69)	circle	red	same	right	right	(-40, -69)	(40, 69)	search	nr	True	523337	524106	right	135	60	160	85	10	35	None	None	testing
3	yn	f	18	red	5	(80, 0)	(40, 69)	(-39, 69)	(-80, 0)	(-40, -69)	(40, -69)	diamond	red	same	left	left	(-39, 69)	(40, 69)	search	nr	True	525408	525963	left	110	60	160	10	135	35	None	None	testing
3	yn	f	18	red	5	(80, 0)	(40, 69)	(-39, 69)	(-80, 0)	(-40, -69)	(40, -69)	diamond	none	same	left	left	N_dist	(-80, 0)	probe	l_tar	None	None	None	None	85	60	10	110	160	135	(-80, 0)	8	testing
3	yn	f	18	red	5	(80, 0)	(40, 69)	(-39, 69)	(-80, 0)	(-40, -69)	(40, -69)	diamond	none	dif	right	right	N_dist	(40, 69)	search	nr	True	530701	531467	right	135	110	85	10	60	160	None	None	testing
3	yn	f	18	red	5	(80, 0)	(40, 69)	(-39, 69)	(-80, 0)	(-40, -69)	(40, -69)	circle	red	dif	right	right	(-39, 69)	(40, -69)	search	nr	True	532687	534026	right	60	10	110	135	160	85	None	None	testing
3	yn	f	18	red	5	(80, 0)	(40, 69)	(-39, 69)	(-80, 0)	(-40, -69)	(40, -69)	circle	red	dif	right	right	(-39, 69)	(40, -69)	search	nr	True	535143	535817	right	10	35	60	160	85	110	None	None	testing
3	yn	f	18	red	5	(80, 0)	(40, 69)	(-39, 69)	(-80, 0)	(-40, -69)	(40, -69)	circle	none	dif	right	right	N_dist	(-40, -69)	search	nr	True	537079	537690	right	10	110	35	160	85	135	None	None	testing
3	yn	f	18	red	5	(80, 0)	(40, 69)	(-39, 69)	(-80, 0)	(-40, -69)	(40, -69)	diamond	red	dif	left	left	(-39, 69)	(-80, 0)	search	nr	True	538815	539514	left	110	60	85	135	160	35	None	None	testing
3	yn	f	18	red	5	(80, 0)	(40, 69)	(-39, 69)	(-80, 0)	(-40, -69)	(40, -69)	circle	red	dif	left	left	(-39, 69)	(-40, -69)	search	nr	True	540686	541322	left	35	160	60	110	10	135	None	None	testing
3	yn	f	18	red	5	(80, 0)	(40, 69)	(-39, 69)	(-80, 0)	(-40, -69)	(40, -69)	diamond	red	dif	left	left	(-39, 69)	(40, 69)	search	nr	True	542423	543034	left	110	135	60	85	10	35	None	None	testing
3	yn	f	18	red	5	(80, 0)	(40, 69)	(-39, 69)	(-80, 0)	(-40, -69)	(40, -69)	circle	none	dif	right	right	N_dist	(40, 69)	search	nr	True	544242	545066	right	160	60	85	110	35	10	None	None	testing
3	yn	f	18	red	5	(80, 0)	(40, 69)	(-39, 69)	(-80, 0)	(-40, -69)	(40, -69)	circle	red	same	left	left	(-39, 69)	(-80, 0)	search	nr	True	546180	547003	left	110	35	85	10	160	135	None	None	testing
3	yn	f	18	red	5	(80, 0)	(40, 69)	(-39, 69)	(-80, 0)	(-40, -69)	(40, -69)	circle	red	same	right	right	(-39, 69)	(40, -69)	search	nr	True	548116	549034	right	60	135	85	160	35	10	None	None	testing
3	yn	f	18	red	5	(80, 0)	(40, 69)	(-39, 69)	(-80, 0)	(-40, -69)	(40, -69)	circle	red	same	left	left	(-39, 69)	(40, -69)	search	nr	True	550236	550858	left	10	35	135	60	85	160	None	None	testing
3	yn	f	18	red	5	(80, 0)	(40, 69)	(-39, 69)	(-80, 0)	(-40, -69)	(40, -69)	circle	red	dif	right	right	(-39, 69)	(80, 0)	search	nr	True	551957	552554	right	110	135	35	60	10	85	None	None	testing
3	yn	f	18	red	5	(80, 0)	(40, 69)	(-39, 69)	(-80, 0)	(-40, -69)	(40, -69)	diamond	none	same	right	right	N_dist	(80, 0)	search	nr	True	553810	554458	right	10	110	85	135	35	160	None	None	testing
3	yn	f	18	red	5	(80, 0)	(40, 69)	(-39, 69)	(-80, 0)	(-40, -69)	(40, -69)	circle	red	same	left	left	(-39, 69)	(40, -69)	probe	tar	None	None	None	None	60	110	35	85	10	160	(40, -69)	27	testing
3	yn	f	18	red	5	(80, 0)	(40, 69)	(-39, 69)	(-80, 0)	(-40, -69)	(40, -69)	diamond	red	dif	right	right	(-39, 69)	(-40, -69)	probe	h_sin	None	None	None	None	60	135	160	85	110	35	(-39, 69)	17	testing
3	yn	f	18	red	5	(80, 0)	(40, 69)	(-39, 69)	(-80, 0)	(-40, -69)	(40, -69)	circle	red	same	left	left	(-39, 69)	(40, -69)	search	nr	True	563160	563994	left	110	35	160	85	135	60	None	None	testing
3	yn	f	18	red	5	(80, 0)	(40, 69)	(-39, 69)	(-80, 0)	(-40, -69)	(40, -69)	circle	none	same	left	left	N_dist	(-39, 69)	search	nr	True	565265	565979	left	60	35	10	135	85	110	None	None	testing
3	yn	f	18	red	5	(80, 0)	(40, 69)	(-39, 69)	(-80, 0)	(-40, -69)	(40, -69)	circle	none	dif	left	left	N_dist	(-39, 69)	search	nr	True	567251	567786	left	135	35	10	60	85	110	None	None	testing
3	yn	f	18	red	5	(80, 0)	(40, 69)	(-39, 69)	(-80, 0)	(-40, -69)	(40, -69)	diamond	red	dif	left	left	(-40, -69)	(80, 0)	probe	l_sin	None	None	None	None	160	35	10	60	110	135	(-40, -69)	177	testing
3	yn	f	18	red	5	(80, 0)	(40, 69)	(-39, 69)	(-80, 0)	(-40, -69)	(40, -69)	diamond	red	dif	right	right	(-39, 69)	(40, 69)	probe	norm	None	None	None	None	60	110	85	10	160	135	(-80, 0)	154	testing
3	yn	f	18	red	5	(80, 0)	(40, 69)	(-39, 69)	(-80, 0)	(-40, -69)	(40, -69)	diamond	none	same	right	right	N_dist	(40, -69)	search	nr	True	577253	578171	right	60	85	10	160	110	35	None	None	testing
3	yn	f	18	red	5	(80, 0)	(40, 69)	(-39, 69)	(-80, 0)	(-40, -69)	(40, -69)	circle	red	dif	right	right	(-39, 69)	(80, 0)	search	nr	True	579440	580299	right	160	135	110	35	60	85	None	None	testing
3	yn	f	18	red	5	(80, 0)	(40, 69)	(-39, 69)	(-80, 0)	(-40, -69)	(40, -69)	diamond	red	same	left	left	(-40, -69)	(80, 0)	search	nr	True	581444	582026	left	35	85	10	110	160	60	None	None	testing
3	yn	f	18	red	5	(80, 0)	(40, 69)	(-39, 69)	(-80, 0)	(-40, -69)	(40, -69)	diamond	red	same	right	right	(-39, 69)	(40, -69)	search	nr	True	583131	584026	right	85	135	110	160	10	60	None	None	testing
3	yn	f	18	red	5	(80, 0)	(40, 69)	(-39, 69)	(-80, 0)	(-40, -69)	(40, -69)	circle	red	same	left	left	(-39, 69)	(40, 69)	search	nr	True	585201	586059	left	160	110	135	60	85	35	None	None	testing
3	yn	f	18	red	5	(80, 0)	(40, 69)	(-39, 69)	(-80, 0)	(-40, -69)	(40, -69)	circle	red	same	right	right	(-40, -69)	(40, 69)	search	nr	True	587154	588379	right	85	160	135	110	35	10	None	None	testing
3	yn	f	18	red	5	(80, 0)	(40, 69)	(-39, 69)	(-80, 0)	(-40, -69)	(40, -69)	circle	red	dif	right	right	(-39, 69)	(-40, -69)	search	nr	True	589476	590171	left	110	135	85	160	60	10	None	None	testing
3	yn	f	18	red	5	(80, 0)	(40, 69)	(-39, 69)	(-80, 0)	(-40, -69)	(40, -69)	diamond	red	same	right	right	(-39, 69)	(-40, -69)	search	nr	True	592832	593467	right	110	60	85	135	35	160	None	None	testing
3	yn	f	18	red	5	(80, 0)	(40, 69)	(-39, 69)	(-80, 0)	(-40, -69)	(40, -69)	circle	red	dif	left	left	(-39, 69)	(80, 0)	search	nr	True	594535	595131	left	60	135	160	10	85	35	None	None	testing
3	yn	f	18	red	5	(80, 0)	(40, 69)	(-39, 69)	(-80, 0)	(-40, -69)	(40, -69)	circle	red	same	right	right	(40, -69)	(40, 69)	search	nr	True	596187	596874	right	35	85	10	160	135	60	None	None	testing
3	yn	f	18	red	5	(80, 0)	(40, 69)	(-39, 69)	(-80, 0)	(-40, -69)	(40, -69)	circle	none	same	right	right	N_dist	(-80, 0)	probe	l_norm	None	None	None	None	110	135	10	85	60	35	(40, 69)	17	testing
3	yn	f	18	red	5	(80, 0)	(40, 69)	(-39, 69)	(-80, 0)	(-40, -69)	(40, -69)	circle	none	dif	right	right	N_dist	(40, 69)	search	nr	True	603301	604395	right	60	160	10	85	110	35	None	None	testing
3	yn	f	18	red	5	(80, 0)	(40, 69)	(-39, 69)	(-80, 0)	(-40, -69)	(40, -69)	diamond	red	dif	right	right	(-39, 69)	(-80, 0)	search	nr	True	605488	606299	right	10	60	110	160	135	85	None	None	testing
3	yn	f	18	red	5	(80, 0)	(40, 69)	(-39, 69)	(-80, 0)	(-40, -69)	(40, -69)	diamond	red	dif	left	left	(-39, 69)	(-80, 0)	search	nr	True	607459	608043	left	160	10	85	135	60	110	None	None	testing
3	yn	f	18	red	5	(80, 0)	(40, 69)	(-39, 69)	(-80, 0)	(-40, -69)	(40, -69)	circle	none	dif	right	right	N_dist	(40, -69)	probe	h_norm	None	None	None	None	135	10	110	160	35	85	(-39, 69)	4	testing
3	yn	f	18	red	5	(80, 0)	(40, 69)	(-39, 69)	(-80, 0)	(-40, -69)	(40, -69)	circle	red	dif	left	left	(-39, 69)	(-80, 0)	search	nr	True	614639	615690	left	110	160	85	35	10	135	None	None	testing
3	yn	f	18	red	5	(80, 0)	(40, 69)	(-39, 69)	(-80, 0)	(-40, -69)	(40, -69)	diamond	none	same	right	right	N_dist	(40, -69)	probe	h_norm	None	None	None	None	160	85	110	10	60	35	(-39, 69)	11	testing
3	yn	f	18	red	5	(80, 0)	(40, 69)	(-39, 69)	(-80, 0)	(-40, -69)	(40, -69)	diamond	red	dif	right	right	(-39, 69)	(40, 69)	search	nr	True	620800	622219	right	160	135	35	60	110	85	None	None	testing
3	yn	f	18	red	5	(80, 0)	(40, 69)	(-39, 69)	(-80, 0)	(-40, -69)	(40, -69)	circle	red	same	right	right	(-39, 69)	(80, 0)	probe	tar	None	None	None	None	35	135	85	10	60	160	(80, 0)	152	testing
3	yn	f	18	red	5	(80, 0)	(40, 69)	(-39, 69)	(-80, 0)	(-40, -69)	(40, -69)	circle	red	dif	left	left	(80, 0)	(40, 69)	probe	l_sin	None	None	None	None	110	35	160	60	10	135	(80, 0)	20	testing
3	yn	f	18	red	5	(80, 0)	(40, 69)	(-39, 69)	(-80, 0)	(-40, -69)	(40, -69)	circle	red	dif	right	right	(-80, 0)	(-40, -69)	search	nr	True	631119	632587	right	110	160	60	135	10	35	None	None	testing
3	yn	f	18	red	5	(80, 0)	(40, 69)	(-39, 69)	(-80, 0)	(-40, -69)	(40, -69)	diamond	red	same	left	left	(-39, 69)	(40, 69)	probe	h_sin	None	None	None	None	35	110	60	85	135	160	(-39, 69)	165	testing
3	yn	f	18	red	5	(80, 0)	(40, 69)	(-39, 69)	(-80, 0)	(-40, -69)	(40, -69)	circle	red	same	left	left	(80, 0)	(40, 69)	probe	l_sin	None	None	None	None	85	110	35	60	10	135	(80, 0)	169	testing
3	yn	f	18	red	5	(80, 0)	(40, 69)	(-39, 69)	(-80, 0)	(-40, -69)	(40, -69)	diamond	none	dif	right	right	N_dist	(40, 69)	probe	l_norm	None	None	None	None	60	135	35	10	160	85	(-80, 0)	24	testing
3	yn	f	18	red	5	(80, 0)	(40, 69)	(-39, 69)	(-80, 0)	(-40, -69)	(40, -69)	diamond	none	dif	right	right	N_dist	(-80, 0)	probe	h_norm	None	None	None	None	35	10	160	110	135	85	(-39, 69)	14	testing
3	yn	f	18	red	5	(80, 0)	(40, 69)	(-39, 69)	(-80, 0)	(-40, -69)	(40, -69)	diamond	red	same	right	right	(-39, 69)	(80, 0)	search	nr	True	652858	653771	right	60	85	160	10	110	35	None	None	testing
3	yn	f	18	red	5	(80, 0)	(40, 69)	(-39, 69)	(-80, 0)	(-40, -69)	(40, -69)	circle	red	same	right	right	(80, 0)	(-80, 0)	probe	l_sin	None	None	None	None	35	85	135	10	60	110	(80, 0)	163	testing
3	yn	f	18	red	5	(80, 0)	(40, 69)	(-39, 69)	(-80, 0)	(-40, -69)	(40, -69)	circle	red	dif	left	left	(40, -69)	(-80, 0)	search	nr	True	658920	660635	left	135	35	60	160	85	10	None	None	testing
3	yn	f	18	red	5	(80, 0)	(40, 69)	(-39, 69)	(-80, 0)	(-40, -69)	(40, -69)	diamond	none	same	right	right	N_dist	(40, -69)	probe	h_norm	None	None	None	None	110	60	35	85	10	135	(-39, 69)	160	testing
3	yn	f	18	red	5	(80, 0)	(40, 69)	(-39, 69)	(-80, 0)	(-40, -69)	(40, -69)	diamond	red	dif	left	left	(-80, 0)	(80, 0)	search	nr	True	665916	666586	left	35	60	160	10	135	110	None	None	testing
3	yn	f	18	red	5	(80, 0)	(40, 69)	(-39, 69)	(-80, 0)	(-40, -69)	(40, -69)	diamond	red	same	left	left	(40, 69)	(-80, 0)	search	nr	True	667887	668555	left	110	35	160	135	60	10	None	None	testing
3	yn	f	18	red	5	(80, 0)	(40, 69)	(-39, 69)	(-80, 0)	(-40, -69)	(40, -69)	circle	red	dif	right	right	(-39, 69)	(80, 0)	search	nr	True	669840	670618	right	85	110	160	135	35	10	None	None	testing
3	yn	f	18	red	5	(80, 0)	(40, 69)	(-39, 69)	(-80, 0)	(-40, -69)	(40, -69)	diamond	red	same	left	left	(40, 69)	(40, -69)	search	nr	True	671677	672507	left	110	85	35	160	135	10	None	None	testing
3	yn	f	18	red	5	(80, 0)	(40, 69)	(-39, 69)	(-80, 0)	(-40, -69)	(40, -69)	diamond	red	dif	left	left	(-39, 69)	(-80, 0)	probe	norm	None	None	None	None	35	60	160	85	110	10	(-40, -69)	12	testing
3	yn	f	18	red	5	(80, 0)	(40, 69)	(-39, 69)	(-80, 0)	(-40, -69)	(40, -69)	diamond	none	same	left	left	N_dist	(-80, 0)	search	nr	True	677854	678489	left	110	35	10	135	160	85	None	None	testing
3	yn	f	18	red	5	(80, 0)	(40, 69)	(-39, 69)	(-80, 0)	(-40, -69)	(40, -69)	circle	red	dif	right	right	(-39, 69)	(80, 0)	search	nr	True	679642	680906	right	135	160	110	10	85	60	None	None	testing
3	yn	f	18	red	5	(80, 0)	(40, 69)	(-39, 69)	(-80, 0)	(-40, -69)	(40, -69)	diamond	none	same	left	left	N_dist	(40, -69)	probe	l_tar	None	None	None	None	135	10	110	85	60	35	(40, -69)	156	testing
3	yn	f	18	red	5	(80, 0)	(40, 69)	(-39, 69)	(-80, 0)	(-40, -69)	(40, -69)	circle	red	dif	left	left	(80, 0)	(40, 69)	search	nr	True	685686	686618	left	110	135	60	10	160	35	None	None	testing
3	yn	f	18	red	5	(80, 0)	(40, 69)	(-39, 69)	(-80, 0)	(-40, -69)	(40, -69)	diamond	red	dif	left	left	(-80, 0)	(80, 0)	search	nr	True	687706	688314	left	35	85	60	160	135	10	None	None	testing
3	yn	f	18	red	5	(80, 0)	(40, 69)	(-39, 69)	(-80, 0)	(-40, -69)	(40, -69)	circle	none	same	left	left	N_dist	(-40, -69)	search	nr	True	689560	690378	left	60	10	35	160	135	85	None	None	testing
3	yn	f	18	red	5	(80, 0)	(40, 69)	(-39, 69)	(-80, 0)	(-40, -69)	(40, -69)	diamond	red	same	left	left	(-39, 69)	(40, 69)	probe	tar	None	None	None	None	110	135	85	10	160	60	(40, 69)	19	testing
3	yn	f	18	red	5	(80, 0)	(40, 69)	(-39, 69)	(-80, 0)	(-40, -69)	(40, -69)	diamond	red	same	left	left	(40, 69)	(80, 0)	search	nr	True	695370	696362	left	110	60	85	135	35	10	None	None	testing
3	yn	f	18	red	5	(80, 0)	(40, 69)	(-39, 69)	(-80, 0)	(-40, -69)	(40, -69)	diamond	red	dif	left	left	(-39, 69)	(40, -69)	probe	norm	None	None	None	None	110	60	135	10	35	85	(80, 0)	13	testing
3	yn	f	18	red	5	(80, 0)	(40, 69)	(-39, 69)	(-80, 0)	(-40, -69)	(40, -69)	circle	red	same	left	left	(-39, 69)	(40, -69)	search	nr	True	701815	702666	left	85	160	60	35	135	10	None	None	testing
3	yn	f	18	red	5	(80, 0)	(40, 69)	(-39, 69)	(-80, 0)	(-40, -69)	(40, -69)	diamond	red	dif	right	right	(-39, 69)	(-40, -69)	search	nr	True	703819	704522	right	10	85	60	160	35	110	None	None	testing
3	yn	f	18	red	5	(80, 0)	(40, 69)	(-39, 69)	(-80, 0)	(-40, -69)	(40, -69)	circle	none	same	left	left	N_dist	(40, -69)	probe	h_norm	None	None	None	None	35	60	10	160	85	135	(-39, 69)	12	testing
3	yn	f	18	red	5	(80, 0)	(40, 69)	(-39, 69)	(-80, 0)	(-40, -69)	(40, -69)	diamond	none	same	right	right	N_dist	(80, 0)	search	nr	True	710265	711259	right	110	10	160	35	85	60	None	None	testing
3	yn	f	18	red	5	(80, 0)	(40, 69)	(-39, 69)	(-80, 0)	(-40, -69)	(40, -69)	diamond	none	dif	right	right	N_dist	(-39, 69)	search	nr	True	712352	713050	right	60	135	10	85	110	35	None	None	testing
3	yn	f	18	red	5	(80, 0)	(40, 69)	(-39, 69)	(-80, 0)	(-40, -69)	(40, -69)	diamond	none	same	left	left	N_dist	(-80, 0)	probe	l_norm	None	None	None	None	135	110	160	35	60	85	(40, 69)	21	testing
3	yn	f	18	red	5	(80, 0)	(40, 69)	(-39, 69)	(-80, 0)	(-40, -69)	(40, -69)	circle	red	same	left	left	(-39, 69)	(40, -69)	search	nr	True	720099	720843	left	110	10	160	135	85	35	None	None	testing
3	yn	f	18	red	5	(80, 0)	(40, 69)	(-39, 69)	(-80, 0)	(-40, -69)	(40, -69)	diamond	red	same	left	left	(-39, 69)	(40, -69)	probe	tar	None	None	None	None	135	85	110	60	35	10	(40, -69)	148	testing
3	yn	f	18	red	5	(80, 0)	(40, 69)	(-39, 69)	(-80, 0)	(-40, -69)	(40, -69)	circle	red	dif	right	right	(-80, 0)	(40, 69)	search	nr	True	727112	727866	right	35	110	135	160	10	60	None	None	testing
3	yn	f	18	red	5	(80, 0)	(40, 69)	(-39, 69)	(-80, 0)	(-40, -69)	(40, -69)	circle	red	same	left	left	(80, 0)	(-80, 0)	probe	l_sin	None	None	None	None	160	110	60	85	10	135	(80, 0)	19	testing
3	yn	f	18	red	5	(80, 0)	(40, 69)	(-39, 69)	(-80, 0)	(-40, -69)	(40, -69)	circle	none	same	right	right	N_dist	(80, 0)	search	nr	True	733223	733962	right	35	110	135	10	160	85	None	None	testing
3	yn	f	18	red	5	(80, 0)	(40, 69)	(-39, 69)	(-80, 0)	(-40, -69)	(40, -69)	circle	red	same	left	left	(-39, 69)	(-80, 0)	search	nr	True	735093	735754	left	35	10	110	85	135	160	None	None	testing
3	yn	f	18	red	5	(80, 0)	(40, 69)	(-39, 69)	(-80, 0)	(-40, -69)	(40, -69)	diamond	none	dif	right	right	N_dist	(40, 69)	search	nr	True	736880	737578	right	35	160	85	110	60	10	None	None	testing
3	yn	f	18	red	5	(80, 0)	(40, 69)	(-39, 69)	(-80, 0)	(-40, -69)	(40, -69)	circle	none	dif	left	left	N_dist	(40, 69)	search	nr	True	738816	739482	left	85	10	135	60	160	110	None	None	testing
3	yn	f	18	red	5	(80, 0)	(40, 69)	(-39, 69)	(-80, 0)	(-40, -69)	(40, -69)	diamond	red	same	left	left	(40, 69)	(80, 0)	search	nr	True	740720	742026	left	160	60	110	85	135	35	None	None	testing
3	yn	f	18	red	5	(80, 0)	(40, 69)	(-39, 69)	(-80, 0)	(-40, -69)	(40, -69)	diamond	red	same	right	right	(-39, 69)	(-80, 0)	search	nr	True	743309	744138	right	85	160	135	60	110	35	None	None	testing
3	yn	f	18	red	5	(80, 0)	(40, 69)	(-39, 69)	(-80, 0)	(-40, -69)	(40, -69)	diamond	none	dif	left	left	N_dist	(-40, -69)	search	nr	True	745445	746267	left	10	160	35	135	60	85	None	None	testing
3	yn	f	18	red	5	(80, 0)	(40, 69)	(-39, 69)	(-80, 0)	(-40, -69)	(40, -69)	diamond	red	dif	right	right	(-39, 69)	(80, 0)	search	nr	True	747416	747979	right	35	110	60	85	160	135	None	None	testing
3	yn	f	18	red	5	(80, 0)	(40, 69)	(-39, 69)	(-80, 0)	(-40, -69)	(40, -69)	diamond	red	same	right	right	(-39, 69)	(40, 69)	search	nr	True	749103	749706	right	110	35	85	135	60	160	None	None	testing
3	yn	f	18	red	5	(80, 0)	(40, 69)	(-39, 69)	(-80, 0)	(-40, -69)	(40, -69)	diamond	red	same	left	left	(-39, 69)	(40, 69)	probe	tar	None	None	None	None	35	110	60	10	85	135	(40, 69)	14	testing
3	yn	f	18	red	5	(80, 0)	(40, 69)	(-39, 69)	(-80, 0)	(-40, -69)	(40, -69)	diamond	red	dif	left	left	(40, -69)	(-40, -69)	probe	norm	None	None	None	None	85	110	10	160	35	135	(-39, 69)	60	testing
3	yn	f	18	red	5	(80, 0)	(40, 69)	(-39, 69)	(-80, 0)	(-40, -69)	(40, -69)	diamond	red	same	left	left	(40, 69)	(80, 0)	probe	l_sin	None	None	None	None	135	10	85	60	160	110	(40, 69)	154	testing
3	yn	f	18	red	5	(80, 0)	(40, 69)	(-39, 69)	(-80, 0)	(-40, -69)	(40, -69)	diamond	red	same	right	right	(-39, 69)	(80, 0)	probe	h_sin	None	None	None	None	10	60	35	85	160	110	(-39, 69)	157	testing
3	yn	f	18	red	5	(80, 0)	(40, 69)	(-39, 69)	(-80, 0)	(-40, -69)	(40, -69)	diamond	red	same	left	left	(-39, 69)	(40, -69)	search	nr	True	770308	771179	left	110	160	35	60	135	10	None	None	testing
3	yn	f	18	red	5	(80, 0)	(40, 69)	(-39, 69)	(-80, 0)	(-40, -69)	(40, -69)	diamond	red	same	right	right	(-39, 69)	(80, 0)	search	nr	True	772378	773066	right	135	60	85	35	10	110	None	None	testing
3	yn	f	18	red	5	(80, 0)	(40, 69)	(-39, 69)	(-80, 0)	(-40, -69)	(40, -69)	diamond	red	dif	right	right	(-39, 69)	(-40, -69)	search	nr	True	774248	774954	right	135	60	85	160	110	10	None	None	testing
3	yn	f	18	red	5	(80, 0)	(40, 69)	(-39, 69)	(-80, 0)	(-40, -69)	(40, -69)	circle	red	same	right	right	(40, -69)	(80, 0)	probe	l_sin	None	None	None	None	110	10	135	160	85	35	(40, -69)	157	testing
3	yn	f	18	red	5	(80, 0)	(40, 69)	(-39, 69)	(-80, 0)	(-40, -69)	(40, -69)	circle	red	same	right	right	(-39, 69)	(-40, -69)	search	nr	True	780761	781498	right	35	135	60	85	110	160	None	None	testing
3	yn	f	18	red	5	(80, 0)	(40, 69)	(-39, 69)	(-80, 0)	(-40, -69)	(40, -69)	circle	none	dif	left	left	N_dist	(40, 69)	probe	h_norm	None	None	None	None	135	160	60	110	35	10	(-39, 69)	165	testing
3	yn	f	18	red	5	(80, 0)	(40, 69)	(-39, 69)	(-80, 0)	(-40, -69)	(40, -69)	diamond	none	dif	right	right	N_dist	(-80, 0)	search	nr	True	786287	786891	right	110	85	60	35	160	135	None	None	testing
3	yn	f	18	red	5	(80, 0)	(40, 69)	(-39, 69)	(-80, 0)	(-40, -69)	(40, -69)	diamond	none	dif	right	right	N_dist	(-80, 0)	search	nr	True	788091	788666	right	10	110	135	85	60	160	None	None	testing
3	yn	f	18	red	5	(80, 0)	(40, 69)	(-39, 69)	(-80, 0)	(-40, -69)	(40, -69)	diamond	red	same	right	right	(-39, 69)	(-80, 0)	search	nr	True	789794	790378	right	85	10	110	35	60	160	None	None	testing
3	yn	f	18	red	5	(80, 0)	(40, 69)	(-39, 69)	(-80, 0)	(-40, -69)	(40, -69)	diamond	none	same	right	right	N_dist	(40, -69)	search	nr	True	791631	792299	right	160	10	85	135	60	35	None	None	testing
3	yn	f	18	red	5	(80, 0)	(40, 69)	(-39, 69)	(-80, 0)	(-40, -69)	(40, -69)	circle	none	dif	right	right	N_dist	(-40, -69)	probe	l_norm	None	None	None	None	160	10	135	60	85	110	(80, 0)	21	testing
3	yn	f	18	red	5	(80, 0)	(40, 69)	(-39, 69)	(-80, 0)	(-40, -69)	(40, -69)	circle	red	same	right	right	(40, -69)	(40, 69)	search	nr	True	797407	798170	right	135	10	110	60	35	85	None	None	testing
3	yn	f	18	red	5	(80, 0)	(40, 69)	(-39, 69)	(-80, 0)	(-40, -69)	(40, -69)	circle	red	same	left	left	(-39, 69)	(40, -69)	probe	norm	None	None	None	None	135	35	10	110	160	85	(80, 0)	20	testing
3	yn	f	18	red	5	(80, 0)	(40, 69)	(-39, 69)	(-80, 0)	(-40, -69)	(40, -69)	diamond	red	same	left	left	(-39, 69)	(40, 69)	search	nr	True	803318	803914	left	60	110	10	85	160	35	None	None	testing
3	yn	f	18	red	5	(80, 0)	(40, 69)	(-39, 69)	(-80, 0)	(-40, -69)	(40, -69)	diamond	red	dif	left	left	(-39, 69)	(-80, 0)	search	nr	True	805205	805882	left	135	60	10	110	85	160	None	None	testing
3	yn	f	18	red	5	(80, 0)	(40, 69)	(-39, 69)	(-80, 0)	(-40, -69)	(40, -69)	circle	red	same	right	right	(-39, 69)	(80, 0)	search	nr	True	807075	809130	right	60	135	10	110	35	85	None	None	testing
3	yn	f	18	red	5	(80, 0)	(40, 69)	(-39, 69)	(-80, 0)	(-40, -69)	(40, -69)	diamond	red	same	left	left	(-40, -69)	(80, 0)	probe	l_sin	None	None	None	None	85	35	110	10	160	135	(-40, -69)	169	testing
3	yn	f	18	red	5	(80, 0)	(40, 69)	(-39, 69)	(-80, 0)	(-40, -69)	(40, -69)	circle	red	same	left	left	(80, 0)	(-80, 0)	search	nr	True	814489	815179	left	110	85	35	135	160	60	None	None	testing
3	yn	f	18	red	5	(80, 0)	(40, 69)	(-39, 69)	(-80, 0)	(-40, -69)	(40, -69)	diamond	none	dif	left	left	N_dist	(40, 69)	search	nr	True	816493	817082	left	60	35	160	85	10	135	None	None	testing
3	yn	f	18	red	5	(80, 0)	(40, 69)	(-39, 69)	(-80, 0)	(-40, -69)	(40, -69)	diamond	red	dif	left	left	(40, -69)	(-40, -69)	search	nr	True	818329	819034	left	160	135	85	60	110	35	None	None	testing
3	yn	f	18	red	5	(80, 0)	(40, 69)	(-39, 69)	(-80, 0)	(-40, -69)	(40, -69)	circle	red	dif	right	right	(-80, 0)	(40, 69)	search	nr	True	820216	821019	right	160	135	110	85	10	60	None	None	testing
3	yn	f	18	red	5	(80, 0)	(40, 69)	(-39, 69)	(-80, 0)	(-40, -69)	(40, -69)	circle	red	same	left	left	(40, 69)	(40, -69)	search	nr	True	822203	822843	left	85	10	160	60	135	35	None	None	testing
3	yn	f	18	red	5	(80, 0)	(40, 69)	(-39, 69)	(-80, 0)	(-40, -69)	(40, -69)	diamond	red	dif	right	right	(-39, 69)	(80, 0)	search	nr	True	824123	825066	right	135	160	35	85	60	110	None	None	testing
3	yn	f	18	red	5	(80, 0)	(40, 69)	(-39, 69)	(-80, 0)	(-40, -69)	(40, -69)	diamond	red	same	right	right	(-80, 0)	(80, 0)	search	nr	True	826361	827098	right	10	135	35	60	160	110	None	None	testing
3	yn	f	18	red	5	(80, 0)	(40, 69)	(-39, 69)	(-80, 0)	(-40, -69)	(40, -69)	circle	red	dif	left	left	(-39, 69)	(40, -69)	search	nr	True	828314	828970	left	35	60	135	85	10	160	None	None	testing
3	yn	f	18	red	5	(80, 0)	(40, 69)	(-39, 69)	(-80, 0)	(-40, -69)	(40, -69)	diamond	red	dif	right	right	(-40, -69)	(40, -69)	probe	norm	None	None	None	None	160	85	35	60	135	110	(80, 0)	23	testing
3	yn	f	18	red	5	(80, 0)	(40, 69)	(-39, 69)	(-80, 0)	(-40, -69)	(40, -69)	circle	red	dif	left	left	(40, -69)	(-40, -69)	search	nr	True	833925	835658	left	10	35	110	160	85	135	None	None	testing
3	yn	f	18	red	5	(80, 0)	(40, 69)	(-39, 69)	(-80, 0)	(-40, -69)	(40, -69)	circle	none	same	right	right	N_dist	(40, 69)	search	nr	True	836747	837435	right	85	110	135	160	10	35	None	None	testing
3	yn	f	18	red	5	(80, 0)	(40, 69)	(-39, 69)	(-80, 0)	(-40, -69)	(40, -69)	circle	none	same	left	left	N_dist	(40, 69)	probe	l_tar	None	None	None	None	35	110	135	10	85	160	(40, 69)	16	testing
3	yn	f	18	red	5	(80, 0)	(40, 69)	(-39, 69)	(-80, 0)	(-40, -69)	(40, -69)	diamond	none	dif	left	left	N_dist	(40, 69)	search	nr	True	842407	842906	left	60	160	110	135	10	85	None	None	testing
3	yn	f	18	red	5	(80, 0)	(40, 69)	(-39, 69)	(-80, 0)	(-40, -69)	(40, -69)	diamond	none	dif	right	right	N_dist	(-39, 69)	search	nr	True	844010	844746	right	60	10	135	110	160	35	None	None	testing
3	yn	f	18	red	5	(80, 0)	(40, 69)	(-39, 69)	(-80, 0)	(-40, -69)	(40, -69)	diamond	red	same	left	left	(-39, 69)	(80, 0)	probe	norm	None	None	None	None	35	85	10	110	135	160	(40, -69)	10	testing
3	yn	f	18	red	5	(80, 0)	(40, 69)	(-39, 69)	(-80, 0)	(-40, -69)	(40, -69)	circle	red	dif	right	right	(-39, 69)	(-80, 0)	probe	tar	None	None	None	None	85	135	35	110	160	60	(-80, 0)	8	testing
3	yn	f	18	red	5	(80, 0)	(40, 69)	(-39, 69)	(-80, 0)	(-40, -69)	(40, -69)	circle	red	same	right	right	(40, -69)	(80, 0)	search	nr	True	853778	854522	right	10	60	85	35	135	160	None	None	testing
3	yn	f	18	red	5	(80, 0)	(40, 69)	(-39, 69)	(-80, 0)	(-40, -69)	(40, -69)	diamond	none	same	right	right	N_dist	(80, 0)	search	nr	True	855614	856282	right	60	10	160	110	85	135	None	None	testing
3	yn	f	18	red	5	(80, 0)	(40, 69)	(-39, 69)	(-80, 0)	(-40, -69)	(40, -69)	diamond	none	dif	right	right	N_dist	(-39, 69)	search	nr	True	857401	857978	left	35	160	10	110	85	135	None	None	testing
3	yn	f	18	red	5	(80, 0)	(40, 69)	(-39, 69)	(-80, 0)	(-40, -69)	(40, -69)	diamond	red	same	left	left	(-39, 69)	(40, 69)	search	nr	True	860591	861242	left	60	10	85	160	110	35	None	None	testing
3	yn	f	18	red	5	(80, 0)	(40, 69)	(-39, 69)	(-80, 0)	(-40, -69)	(40, -69)	diamond	none	same	right	right	N_dist	(80, 0)	search	nr	True	862344	862922	right	160	35	60	85	135	10	None	None	testing
3	yn	f	18	red	5	(80, 0)	(40, 69)	(-39, 69)	(-80, 0)	(-40, -69)	(40, -69)	diamond	none	dif	right	right	N_dist	(-39, 69)	search	nr	True	864014	864650	right	85	35	110	160	10	60	None	None	testing
3	yn	f	18	red	5	(80, 0)	(40, 69)	(-39, 69)	(-80, 0)	(-40, -69)	(40, -69)	circle	red	dif	left	left	(-40, -69)	(-80, 0)	search	nr	True	865934	867162	left	110	60	10	160	35	85	None	None	testing
3	yn	f	18	red	5	(80, 0)	(40, 69)	(-39, 69)	(-80, 0)	(-40, -69)	(40, -69)	diamond	red	same	left	left	(40, 69)	(40, -69)	probe	l_sin	None	None	None	None	10	85	110	135	60	160	(40, 69)	167	testing
3	yn	f	18	red	5	(80, 0)	(40, 69)	(-39, 69)	(-80, 0)	(-40, -69)	(40, -69)	diamond	none	same	left	left	N_dist	(-80, 0)	search	nr	True	872078	872826	left	35	85	160	110	10	60	None	None	testing
3	yn	f	18	red	5	(80, 0)	(40, 69)	(-39, 69)	(-80, 0)	(-40, -69)	(40, -69)	diamond	none	same	left	left	N_dist	(40, -69)	search	nr	True	873915	874555	left	135	10	60	35	85	110	None	None	testing
3	yn	f	18	red	5	(80, 0)	(40, 69)	(-39, 69)	(-80, 0)	(-40, -69)	(40, -69)	circle	none	same	left	left	N_dist	(40, -69)	search	nr	True	875701	876313	left	35	160	60	110	10	135	None	None	testing
3	yn	f	18	red	5	(80, 0)	(40, 69)	(-39, 69)	(-80, 0)	(-40, -69)	(40, -69)	diamond	red	same	left	left	(-39, 69)	(40, -69)	search	nr	True	877455	878042	left	135	60	110	160	10	35	None	None	testing
3	yn	f	18	red	5	(80, 0)	(40, 69)	(-39, 69)	(-80, 0)	(-40, -69)	(40, -69)	circle	red	same	right	right	(-39, 69)	(80, 0)	search	nr	True	879325	880059	right	85	60	110	160	10	35	None	None	testing
3	yn	f	18	red	5	(80, 0)	(40, 69)	(-39, 69)	(-80, 0)	(-40, -69)	(40, -69)	circle	red	same	right	right	(-39, 69)	(-40, -69)	search	nr	True	881312	882170	right	60	85	160	135	110	10	None	None	testing
3	yn	f	18	red	5	(80, 0)	(40, 69)	(-39, 69)	(-80, 0)	(-40, -69)	(40, -69)	diamond	red	dif	right	right	(-39, 69)	(40, 69)	search	nr	True	883249	884074	right	35	10	60	135	160	110	None	None	testing
3	yn	f	18	red	5	(80, 0)	(40, 69)	(-39, 69)	(-80, 0)	(-40, -69)	(40, -69)	diamond	red	same	right	right	(-39, 69)	(40, -69)	search	nr	True	885152	885818	right	135	160	85	110	10	60	None	None	testing
3	yn	f	18	red	5	(80, 0)	(40, 69)	(-39, 69)	(-80, 0)	(-40, -69)	(40, -69)	circle	red	same	left	left	(-39, 69)	(40, 69)	search	nr	True	886973	887785	left	60	85	35	110	160	135	None	None	testing
3	yn	f	18	red	5	(80, 0)	(40, 69)	(-39, 69)	(-80, 0)	(-40, -69)	(40, -69)	diamond	none	same	right	right	N_dist	(-39, 69)	search	nr	True	888876	889530	right	60	35	110	160	10	85	None	None	testing
3	yn	f	18	red	5	(80, 0)	(40, 69)	(-39, 69)	(-80, 0)	(-40, -69)	(40, -69)	circle	none	same	left	left	N_dist	(-39, 69)	probe	h_tar	None	None	None	None	85	160	135	60	110	35	(-39, 69)	16	testing
3	yn	f	18	red	5	(80, 0)	(40, 69)	(-39, 69)	(-80, 0)	(-40, -69)	(40, -69)	circle	none	same	right	right	N_dist	(40, 69)	probe	l_norm	None	None	None	None	135	160	85	10	110	35	(-80, 0)	61	testing
3	yn	f	18	red	5	(80, 0)	(40, 69)	(-39, 69)	(-80, 0)	(-40, -69)	(40, -69)	diamond	red	dif	right	right	(-39, 69)	(-40, -69)	search	nr	True	900330	901034	right	85	60	160	10	135	35	None	None	testing
3	yn	f	18	red	5	(80, 0)	(40, 69)	(-39, 69)	(-80, 0)	(-40, -69)	(40, -69)	circle	none	same	right	right	N_dist	(-80, 0)	search	nr	True	902134	902730	left	10	160	60	135	110	35	None	None	testing
3	yn	f	18	red	5	(80, 0)	(40, 69)	(-39, 69)	(-80, 0)	(-40, -69)	(40, -69)	circle	none	dif	right	right	N_dist	(40, -69)	search	nr	True	905489	906234	right	160	60	35	110	85	135	None	None	testing
3	yn	f	18	red	5	(80, 0)	(40, 69)	(-39, 69)	(-80, 0)	(-40, -69)	(40, -69)	diamond	red	same	left	left	(40, -69)	(40, 69)	search	nr	True	907526	908170	left	60	85	35	110	10	160	None	None	testing
3	yn	f	18	red	5	(80, 0)	(40, 69)	(-39, 69)	(-80, 0)	(-40, -69)	(40, -69)	circle	red	dif	right	right	(80, 0)	(-80, 0)	probe	tar	None	None	None	None	35	135	60	110	85	160	(-80, 0)	10	testing
3	yn	f	18	red	5	(80, 0)	(40, 69)	(-39, 69)	(-80, 0)	(-40, -69)	(40, -69)	diamond	red	dif	right	right	(-39, 69)	(80, 0)	probe	norm	None	None	None	None	60	110	35	85	160	10	(40, 69)	167	testing
3	yn	f	18	red	5	(80, 0)	(40, 69)	(-39, 69)	(-80, 0)	(-40, -69)	(40, -69)	circle	red	same	right	right	(40, -69)	(40, 69)	probe	tar	None	None	None	None	10	135	35	160	85	110	(40, 69)	17	testing
3	yn	f	18	red	5	(80, 0)	(40, 69)	(-39, 69)	(-80, 0)	(-40, -69)	(40, -69)	diamond	red	same	right	right	(-39, 69)	(80, 0)	search	nr	True	921085	921931	right	160	10	35	85	135	110	None	None	testing
3	yn	f	18	red	5	(80, 0)	(40, 69)	(-39, 69)	(-80, 0)	(-40, -69)	(40, -69)	circle	red	dif	left	left	(40, -69)	(-40, -69)	probe	tar	None	None	None	None	10	110	85	135	35	60	(-40, -69)	159	testing
3	yn	f	18	red	5	(80, 0)	(40, 69)	(-39, 69)	(-80, 0)	(-40, -69)	(40, -69)	circle	red	same	right	right	(-39, 69)	(80, 0)	search	nr	True	928114	929546	right	135	60	35	85	160	10	None	None	testing
3	yn	f	18	red	5	(80, 0)	(40, 69)	(-39, 69)	(-80, 0)	(-40, -69)	(40, -69)	diamond	red	dif	left	left	(-39, 69)	(40, -69)	search	nr	True	930652	931402	left	110	10	60	160	35	135	None	None	testing
3	yn	f	18	red	5	(80, 0)	(40, 69)	(-39, 69)	(-80, 0)	(-40, -69)	(40, -69)	diamond	red	dif	left	left	(-39, 69)	(40, -69)	search	nr	True	932623	933210	left	160	110	10	85	135	35	None	None	testing
3	yn	f	18	red	5	(80, 0)	(40, 69)	(-39, 69)	(-80, 0)	(-40, -69)	(40, -69)	diamond	red	same	right	right	(-39, 69)	(-40, -69)	search	nr	True	934510	935227	right	35	160	110	60	10	135	None	None	testing
3	yn	f	18	red	5	(80, 0)	(40, 69)	(-39, 69)	(-80, 0)	(-40, -69)	(40, -69)	circle	none	same	right	right	N_dist	(80, 0)	search	nr	True	936530	937354	right	160	35	60	110	135	85	None	None	testing
3	yn	f	18	red	5	(80, 0)	(40, 69)	(-39, 69)	(-80, 0)	(-40, -69)	(40, -69)	circle	none	dif	left	left	N_dist	(-40, -69)	probe	l_norm	None	None	None	None	110	135	85	10	160	60	(40, 69)	18	testing
3	yn	f	18	red	5	(80, 0)	(40, 69)	(-39, 69)	(-80, 0)	(-40, -69)	(40, -69)	diamond	red	same	right	right	(-39, 69)	(40, -69)	probe	h_sin	None	None	None	None	110	10	85	135	160	60	(-39, 69)	3	testing
3	yn	f	18	red	5	(80, 0)	(40, 69)	(-39, 69)	(-80, 0)	(-40, -69)	(40, -69)	circle	red	dif	left	left	(-39, 69)	(-80, 0)	search	nr	True	948920	949658	left	60	10	160	35	135	85	None	None	testing
3	yn	f	18	red	5	(80, 0)	(40, 69)	(-39, 69)	(-80, 0)	(-40, -69)	(40, -69)	diamond	red	same	left	left	(-39, 69)	(40, 69)	search	nr	True	950772	951402	left	35	110	135	60	85	10	None	None	testing
3	yn	f	18	red	5	(80, 0)	(40, 69)	(-39, 69)	(-80, 0)	(-40, -69)	(40, -69)	diamond	none	same	left	left	N_dist	(-80, 0)	search	nr	True	952476	953162	left	10	160	135	85	60	110	None	None	testing
3	yn	f	18	red	5	(80, 0)	(40, 69)	(-39, 69)	(-80, 0)	(-40, -69)	(40, -69)	circle	red	same	left	left	(-39, 69)	(-80, 0)	probe	norm	None	None	None	None	60	135	160	35	10	85	(80, 0)	162	testing
3	yn	f	18	red	5	(80, 0)	(40, 69)	(-39, 69)	(-80, 0)	(-40, -69)	(40, -69)	circle	red	same	left	left	(-39, 69)	(40, 69)	probe	h_sin	None	None	None	None	10	60	35	110	160	135	(-39, 69)	154	testing
3	yn	f	18	red	5	(80, 0)	(40, 69)	(-39, 69)	(-80, 0)	(-40, -69)	(40, -69)	circle	red	same	left	left	(-39, 69)	(40, -69)	search	nr	True	962661	963338	left	10	160	85	110	35	135	None	None	testing
3	yn	f	18	red	5	(80, 0)	(40, 69)	(-39, 69)	(-80, 0)	(-40, -69)	(40, -69)	circle	red	dif	left	left	(-39, 69)	(-80, 0)	probe	h_sin	None	None	None	None	60	85	35	160	135	10	(-39, 69)	157	testing
3	yn	f	18	red	5	(80, 0)	(40, 69)	(-39, 69)	(-80, 0)	(-40, -69)	(40, -69)	diamond	red	dif	right	right	(-39, 69)	(40, 69)	search	nr	True	969140	969994	right	85	60	35	110	160	135	None	None	testing
3	yn	f	18	red	5	(80, 0)	(40, 69)	(-39, 69)	(-80, 0)	(-40, -69)	(40, -69)	diamond	red	dif	right	right	(-40, -69)	(40, -69)	search	nr	True	971077	971866	right	135	85	60	160	35	110	None	None	testing
3	yn	f	18	red	5	(80, 0)	(40, 69)	(-39, 69)	(-80, 0)	(-40, -69)	(40, -69)	diamond	red	same	right	right	(-39, 69)	(40, 69)	probe	norm	None	None	None	None	60	85	35	110	135	10	(-80, 0)	5	testing
3	yn	f	18	red	5	(80, 0)	(40, 69)	(-39, 69)	(-80, 0)	(-40, -69)	(40, -69)	circle	red	dif	left	left	(-39, 69)	(-40, -69)	search	nr	True	976820	977674	left	35	110	135	85	60	10	None	None	testing
3	yn	f	18	red	5	(80, 0)	(40, 69)	(-39, 69)	(-80, 0)	(-40, -69)	(40, -69)	diamond	red	dif	left	left	(-39, 69)	(-80, 0)	search	nr	True	978774	979322	left	110	60	35	85	135	160	None	None	testing
3	yn	f	18	red	5	(80, 0)	(40, 69)	(-39, 69)	(-80, 0)	(-40, -69)	(40, -69)	circle	none	same	right	right	N_dist	(80, 0)	search	nr	True	980428	981562	right	135	160	60	85	10	35	None	None	testing
3	yn	f	18	red	5	(80, 0)	(40, 69)	(-39, 69)	(-80, 0)	(-40, -69)	(40, -69)	diamond	red	same	left	left	(-40, -69)	(80, 0)	search	nr	True	982665	983322	left	35	85	10	110	135	160	None	None	testing
3	yn	f	18	red	5	(80, 0)	(40, 69)	(-39, 69)	(-80, 0)	(-40, -69)	(40, -69)	circle	none	same	right	right	N_dist	(40, 69)	search	nr	True	984519	985210	right	35	60	135	10	160	85	None	None	testing
3	yn	f	18	red	5	(80, 0)	(40, 69)	(-39, 69)	(-80, 0)	(-40, -69)	(40, -69)	circle	none	same	right	right	N_dist	(80, 0)	search	nr	True	986389	987130	right	160	85	10	60	135	35	None	None	testing
3	yn	f	18	red	5	(80, 0)	(40, 69)	(-39, 69)	(-80, 0)	(-40, -69)	(40, -69)	diamond	red	same	right	right	(-80, 0)	(80, 0)	probe	l_sin	None	None	None	None	10	135	85	60	160	35	(-80, 0)	169	testing
3	yn	f	18	red	5	(80, 0)	(40, 69)	(-39, 69)	(-80, 0)	(-40, -69)	(40, -69)	diamond	none	dif	right	right	N_dist	(-80, 0)	search	nr	True	991882	993529	right	160	35	85	135	10	60	None	None	testing
3	yn	f	18	red	5	(80, 0)	(40, 69)	(-39, 69)	(-80, 0)	(-40, -69)	(40, -69)	diamond	red	same	right	right	(-39, 69)	(-40, -69)	search	nr	True	994620	995562	right	10	85	160	35	135	60	None	None	testing
3	yn	f	18	red	5	(80, 0)	(40, 69)	(-39, 69)	(-80, 0)	(-40, -69)	(40, -69)	circle	none	dif	left	left	N_dist	(40, 69)	search	nr	True	996707	997450	left	35	160	135	10	110	60	None	None	testing
3	yn	f	18	red	5	(80, 0)	(40, 69)	(-39, 69)	(-80, 0)	(-40, -69)	(40, -69)	circle	none	same	left	left	N_dist	(-39, 69)	search	nr	True	998645	999626	left	60	10	135	110	85	160	None	None	testing
3	yn	f	18	red	5	(80, 0)	(40, 69)	(-39, 69)	(-80, 0)	(-40, -69)	(40, -69)	circle	red	same	right	right	(-40, -69)	(40, 69)	probe	l_sin	None	None	None	None	10	135	85	160	110	60	(-40, -69)	19	testing
3	yn	f	18	red	5	(80, 0)	(40, 69)	(-39, 69)	(-80, 0)	(-40, -69)	(40, -69)	diamond	red	same	right	right	(-39, 69)	(-40, -69)	search	nr	True	1005106	1005962	right	110	60	35	160	10	85	None	None	testing
3	yn	f	18	red	5	(80, 0)	(40, 69)	(-39, 69)	(-80, 0)	(-40, -69)	(40, -69)	circle	red	dif	right	right	(-80, 0)	(40, 69)	probe	norm	None	None	None	None	160	35	60	110	10	85	(80, 0)	27	testing
3	yn	f	18	red	5	(80, 0)	(40, 69)	(-39, 69)	(-80, 0)	(-40, -69)	(40, -69)	diamond	none	same	left	left	N_dist	(-80, 0)	search	nr	True	1011284	1011979	left	10	35	85	60	160	110	None	None	testing
3	yn	f	18	red	5	(80, 0)	(40, 69)	(-39, 69)	(-80, 0)	(-40, -69)	(40, -69)	circle	red	same	right	right	(-39, 69)	(-40, -69)	probe	h_sin	None	None	None	None	110	10	85	160	60	135	(-39, 69)	168	testing
3	yn	f	18	red	5	(80, 0)	(40, 69)	(-39, 69)	(-80, 0)	(-40, -69)	(40, -69)	circle	red	same	left	left	(40, 69)	(40, -69)	probe	l_sin	None	None	None	None	35	110	85	10	135	160	(40, 69)	16	testing
3	yn	f	18	red	5	(80, 0)	(40, 69)	(-39, 69)	(-80, 0)	(-40, -69)	(40, -69)	circle	red	same	left	left	(80, 0)	(-80, 0)	search	nr	True	1019767	1020362	left	60	85	10	160	135	35	None	None	testing
3	yn	f	18	red	5	(80, 0)	(40, 69)	(-39, 69)	(-80, 0)	(-40, -69)	(40, -69)	circle	red	same	right	right	(-39, 69)	(80, 0)	probe	norm	None	None	None	None	10	110	160	135	85	60	(40, 69)	18	testing
3	yn	f	18	red	5	(80, 0)	(40, 69)	(-39, 69)	(-80, 0)	(-40, -69)	(40, -69)	circle	red	same	right	right	(80, 0)	(-80, 0)	search	nr	True	1025394	1026059	right	10	135	110	60	85	35	None	None	testing
3	yn	f	18	red	5	(80, 0)	(40, 69)	(-39, 69)	(-80, 0)	(-40, -69)	(40, -69)	circle	red	dif	left	left	(-39, 69)	(80, 0)	probe	tar	None	None	None	None	35	60	85	160	110	135	(80, 0)	161	testing
3	yn	f	18	red	5	(80, 0)	(40, 69)	(-39, 69)	(-80, 0)	(-40, -69)	(40, -69)	diamond	red	dif	left	left	(-39, 69)	(40, 69)	probe	tar	None	None	None	None	160	110	85	35	135	10	(40, 69)	11	testing
3	yn	f	18	red	5	(80, 0)	(40, 69)	(-39, 69)	(-80, 0)	(-40, -69)	(40, -69)	circle	red	dif	left	left	(-40, -69)	(-80, 0)	search	nr	True	1035078	1035818	left	85	135	110	10	60	35	None	None	testing
3	yn	f	18	red	5	(80, 0)	(40, 69)	(-39, 69)	(-80, 0)	(-40, -69)	(40, -69)	diamond	red	same	left	left	(-39, 69)	(80, 0)	search	nr	True	1036998	1038106	left	135	110	10	60	85	35	None	None	testing
3	yn	f	18	red	5	(80, 0)	(40, 69)	(-39, 69)	(-80, 0)	(-40, -69)	(40, -69)	circle	red	same	right	right	(-39, 69)	(40, -69)	search	nr	True	1039303	1040106	right	135	60	35	110	85	10	None	None	testing
3	yn	f	18	red	5	(80, 0)	(40, 69)	(-39, 69)	(-80, 0)	(-40, -69)	(40, -69)	circle	red	same	left	left	(-39, 69)	(-80, 0)	probe	tar	None	None	None	None	10	60	135	160	110	35	(-80, 0)	16	testing
3	yn	f	18	red	5	(80, 0)	(40, 69)	(-39, 69)	(-80, 0)	(-40, -69)	(40, -69)	diamond	none	dif	left	left	N_dist	(-80, 0)	search	nr	True	1045280	1045898	left	60	110	35	135	160	10	None	None	testing
3	yn	f	18	red	5	(80, 0)	(40, 69)	(-39, 69)	(-80, 0)	(-40, -69)	(40, -69)	circle	none	same	left	left	N_dist	(-40, -69)	probe	l_norm	None	None	None	None	85	10	35	60	160	110	(40, -69)	14	testing
3	yn	f	18	red	5	(80, 0)	(40, 69)	(-39, 69)	(-80, 0)	(-40, -69)	(40, -69)	circle	none	same	left	left	N_dist	(-39, 69)	probe	h_tar	None	None	None	None	35	135	85	10	60	160	(-39, 69)	4	testing
3	yn	f	18	red	5	(80, 0)	(40, 69)	(-39, 69)	(-80, 0)	(-40, -69)	(40, -69)	circle	red	dif	left	left	(-39, 69)	(40, -69)	probe	tar	None	None	None	None	35	160	60	85	135	110	(40, -69)	19	testing
3	yn	f	18	red	5	(80, 0)	(40, 69)	(-39, 69)	(-80, 0)	(-40, -69)	(40, -69)	circle	none	dif	left	left	N_dist	(-39, 69)	search	nr	True	1060124	1061002	left	135	35	160	85	60	110	None	None	testing
3	yn	f	18	red	5	(80, 0)	(40, 69)	(-39, 69)	(-80, 0)	(-40, -69)	(40, -69)	circle	none	same	left	left	N_dist	(40, -69)	search	nr	True	1062161	1062906	left	110	60	85	35	10	135	None	None	testing
3	yn	f	18	red	5	(80, 0)	(40, 69)	(-39, 69)	(-80, 0)	(-40, -69)	(40, -69)	diamond	none	dif	left	left	N_dist	(-40, -69)	search	nr	True	1064147	1065099	left	60	110	85	135	35	10	None	None	testing
