subj	name	gender	age	dist	run	tar_locs1	tar_locs2	tar_locs3	tar_locs4	tar_locs5	tar_locs6	shape	dist	td_dif	detection	resp_key	dis_loc	tar_loc	task_type	probe_cond	gotKey	startTime	respTime	resp	o1	o2	o3	o4	o5	o6	pro_loc	ori_resp	mode
3	yn	f	18	red	1	(80, 0)	(40, 69)	(-39, 69)	(-80, 0)	(-40, -69)	(40, -69)	diamond	none	dif	right	right	N_dist	(40, -69)	probe	l_tar	None	None	None	None	135	160	10	110	85	35	(40, -69)	13	practice
3	yn	f	18	red	1	(80, 0)	(40, 69)	(-39, 69)	(-80, 0)	(-40, -69)	(40, -69)	circle	red	same	right	right	(-39, 69)	(-40, -69)	probe	norm	None	None	None	None	60	160	135	85	35	10	(40, 69)	170	practice
3	yn	f	18	red	1	(80, 0)	(40, 69)	(-39, 69)	(-80, 0)	(-40, -69)	(40, -69)	diamond	none	same	left	left	N_dist	(80, 0)	search	nr	False	229760	None	None	85	160	10	110	35	60	None	None	practice
3	yn	f	18	red	1	(80, 0)	(40, 69)	(-39, 69)	(-80, 0)	(-40, -69)	(40, -69)	diamond	none	dif	right	right	N_dist	(-40, -69)	search	nr	False	235554	None	None	160	110	135	85	60	35	None	None	practice
3	yn	f	18	red	1	(80, 0)	(40, 69)	(-39, 69)	(-80, 0)	(-40, -69)	(40, -69)	circle	red	same	right	right	(-39, 69)	(40, 69)	search	nr	True	241181	242884	right	35	85	160	135	60	10	None	None	practice
3	yn	f	18	red	1	(80, 0)	(40, 69)	(-39, 69)	(-80, 0)	(-40, -69)	(40, -69)	circle	red	dif	left	left	(-80, 0)	(40, 69)	probe	tar	None	None	None	None	110	10	160	60	35	85	(40, 69)	160	practice
3	yn	f	18	red	1	(80, 0)	(40, 69)	(-39, 69)	(-80, 0)	(-40, -69)	(40, -69)	diamond	none	dif	left	left	N_dist	(40, 69)	search	nr	True	248344	248963	left	85	135	60	35	160	10	None	None	practice
3	yn	f	18	red	1	(80, 0)	(40, 69)	(-39, 69)	(-80, 0)	(-40, -69)	(40, -69)	diamond	none	same	left	left	N_dist	(-40, -69)	probe	l_tar	None	None	None	None	85	35	160	110	60	135	(-40, -69)	164	practice
3	yn	f	18	red	1	(80, 0)	(40, 69)	(-39, 69)	(-80, 0)	(-40, -69)	(40, -69)	circle	red	dif	right	right	(-39, 69)	(-40, -69)	search	nr	True	255458	256340	right	35	135	110	85	10	160	None	None	practice
3	yn	f	18	red	1	(80, 0)	(40, 69)	(-39, 69)	(-80, 0)	(-40, -69)	(40, -69)	circle	red	dif	right	right	(-39, 69)	(40, 69)	probe	h_sin	None	None	None	None	10	160	60	85	35	110	(-39, 69)	14	practice
3	yn	f	18	red	1	(80, 0)	(40, 69)	(-39, 69)	(-80, 0)	(-40, -69)	(40, -69)	diamond	none	same	left	left	N_dist	(-39, 69)	search	nr	True	261953	262709	left	160	135	35	10	85	110	None	None	practice
3	yn	f	18	red	1	(80, 0)	(40, 69)	(-39, 69)	(-80, 0)	(-40, -69)	(40, -69)	diamond	red	same	left	left	(80, 0)	(-40, -69)	search	nr	True	263772	265621	left	85	60	110	135	35	10	None	None	practice
3	yn	f	18	red	1	(80, 0)	(40, 69)	(-39, 69)	(-80, 0)	(-40, -69)	(40, -69)	diamond	none	same	right	right	N_dist	(-80, 0)	probe	l_tar	None	None	None	None	110	160	60	10	85	35	(-80, 0)	15	practice
3	yn	f	18	red	1	(80, 0)	(40, 69)	(-39, 69)	(-80, 0)	(-40, -69)	(40, -69)	circle	red	same	right	right	(-39, 69)	(40, -69)	search	nr	True	271003	272277	right	135	160	10	85	110	60	None	None	practice
3	yn	f	18	red	1	(80, 0)	(40, 69)	(-39, 69)	(-80, 0)	(-40, -69)	(40, -69)	circle	none	dif	right	right	N_dist	(40, -69)	search	nr	True	273390	274453	right	85	135	110	10	160	35	None	None	practice
3	yn	f	18	red	1	(80, 0)	(40, 69)	(-39, 69)	(-80, 0)	(-40, -69)	(40, -69)	circle	red	same	left	left	(-39, 69)	(40, -69)	search	nr	True	275661	276613	left	60	135	35	160	10	110	None	None	practice
3	yn	f	18	red	1	(80, 0)	(40, 69)	(-39, 69)	(-80, 0)	(-40, -69)	(40, -69)	circle	red	same	left	left	(-39, 69)	(40, 69)	probe	h_sin	None	None	None	None	160	110	85	35	10	60	(-39, 69)	13	practice
3	yn	f	18	red	1	(80, 0)	(40, 69)	(-39, 69)	(-80, 0)	(-40, -69)	(40, -69)	diamond	red	same	right	right	(-40, -69)	(40, 69)	probe	l_sin	None	None	None	None	85	160	110	35	60	10	(-40, -69)	170	practice
3	yn	f	18	red	1	(80, 0)	(40, 69)	(-39, 69)	(-80, 0)	(-40, -69)	(40, -69)	circle	none	same	right	right	N_dist	(40, -69)	probe	l_norm	None	None	None	None	160	85	110	135	10	60	(-80, 0)	4	practice
3	yn	f	18	red	1	(80, 0)	(40, 69)	(-39, 69)	(-80, 0)	(-40, -69)	(40, -69)	diamond	none	same	right	right	N_dist	(-80, 0)	search	nr	True	290205	290821	right	110	85	10	135	160	35	None	None	practice
3	yn	f	18	red	1	(80, 0)	(40, 69)	(-39, 69)	(-80, 0)	(-40, -69)	(40, -69)	diamond	none	same	right	right	N_dist	(-80, 0)	search	nr	True	292042	292901	right	60	110	160	85	35	10	None	None	practice
3	yn	f	18	red	1	(80, 0)	(40, 69)	(-39, 69)	(-80, 0)	(-40, -69)	(40, -69)	circle	none	same	left	left	N_dist	(-39, 69)	search	nr	True	294028	294852	left	160	35	10	135	110	60	None	None	practice
3	yn	f	18	red	1	(80, 0)	(40, 69)	(-39, 69)	(-80, 0)	(-40, -69)	(40, -69)	diamond	red	dif	right	right	(-80, 0)	(80, 0)	search	nr	True	296098	297428	right	135	60	85	35	160	10	None	None	practice
3	yn	f	18	red	1	(80, 0)	(40, 69)	(-39, 69)	(-80, 0)	(-40, -69)	(40, -69)	circle	red	dif	right	right	(-39, 69)	(40, -69)	search	nr	True	298620	299733	right	110	10	35	85	160	135	None	None	practice
3	yn	f	18	red	1	(80, 0)	(40, 69)	(-39, 69)	(-80, 0)	(-40, -69)	(40, -69)	diamond	red	same	left	left	(40, -69)	(80, 0)	search	nr	True	300958	302213	left	85	135	10	35	60	160	None	None	practice
3	yn	f	18	red	1	(80, 0)	(40, 69)	(-39, 69)	(-80, 0)	(-40, -69)	(40, -69)	circle	none	dif	left	left	N_dist	(40, -69)	search	nr	True	303296	304293	left	85	110	160	60	10	135	None	None	practice
3	yn	f	18	red	1	(80, 0)	(40, 69)	(-39, 69)	(-80, 0)	(-40, -69)	(40, -69)	circle	red	dif	left	left	(40, -69)	(80, 0)	search	nr	True	305500	306917	left	60	135	85	10	110	160	None	None	practice
3	yn	f	18	red	1	(80, 0)	(40, 69)	(-39, 69)	(-80, 0)	(-40, -69)	(40, -69)	circle	red	dif	right	right	(-39, 69)	(40, 69)	search	nr	True	308020	308837	right	110	85	10	60	35	160	None	None	practice
3	yn	f	18	red	1	(80, 0)	(40, 69)	(-39, 69)	(-80, 0)	(-40, -69)	(40, -69)	circle	red	same	left	left	(-39, 69)	(-80, 0)	search	nr	True	310108	310949	left	10	135	60	85	110	35	None	None	practice
3	yn	f	18	red	1	(80, 0)	(40, 69)	(-39, 69)	(-80, 0)	(-40, -69)	(40, -69)	circle	red	dif	right	right	(40, 69)	(-40, -69)	probe	norm	None	None	None	None	60	160	85	10	135	110	(80, 0)	17	practice
3	yn	f	18	red	1	(80, 0)	(40, 69)	(-39, 69)	(-80, 0)	(-40, -69)	(40, -69)	diamond	none	same	left	left	N_dist	(-39, 69)	search	nr	True	315985	316869	left	60	110	35	10	135	160	None	None	practice
3	yn	f	18	red	1	(80, 0)	(40, 69)	(-39, 69)	(-80, 0)	(-40, -69)	(40, -69)	circle	red	same	left	left	(-39, 69)	(40, -69)	probe	h_sin	None	None	None	None	110	10	35	135	160	85	(-39, 69)	7	practice
3	yn	f	18	red	1	(80, 0)	(40, 69)	(-39, 69)	(-80, 0)	(-40, -69)	(40, -69)	circle	none	dif	right	right	N_dist	(40, -69)	probe	l_norm	None	None	None	None	35	60	10	110	85	135	(-40, -69)	170	practice
3	yn	f	18	red	1	(80, 0)	(40, 69)	(-39, 69)	(-80, 0)	(-40, -69)	(40, -69)	circle	red	same	right	right	(40, 69)	(-40, -69)	search	nr	True	327657	328756	right	160	135	35	60	85	10	None	None	practice
3	yn	f	18	red	1	(80, 0)	(40, 69)	(-39, 69)	(-80, 0)	(-40, -69)	(40, -69)	circle	red	same	left	left	(40, 69)	(-40, -69)	probe	l_sin	None	None	None	None	35	110	85	160	60	135	(40, 69)	9	practice
3	yn	f	18	red	1	(80, 0)	(40, 69)	(-39, 69)	(-80, 0)	(-40, -69)	(40, -69)	circle	red	dif	left	left	(-39, 69)	(80, 0)	probe	norm	None	None	None	None	60	85	160	10	35	135	(-40, -69)	174	practice
3	yn	f	18	red	1	(80, 0)	(40, 69)	(-39, 69)	(-80, 0)	(-40, -69)	(40, -69)	diamond	red	same	right	right	(40, 69)	(40, -69)	probe	l_sin	None	None	None	None	60	10	160	135	35	85	(40, 69)	16	practice
3	yn	f	18	red	1	(80, 0)	(40, 69)	(-39, 69)	(-80, 0)	(-40, -69)	(40, -69)	diamond	none	same	left	left	N_dist	(-40, -69)	probe	h_norm	None	None	None	None	135	10	60	85	160	35	(-39, 69)	172	practice
3	yn	f	18	red	1	(80, 0)	(40, 69)	(-39, 69)	(-80, 0)	(-40, -69)	(40, -69)	circle	red	dif	right	right	(-39, 69)	(-40, -69)	search	nr	True	345122	346197	right	135	10	85	35	160	60	None	None	practice
3	yn	f	18	red	1	(80, 0)	(40, 69)	(-39, 69)	(-80, 0)	(-40, -69)	(40, -69)	circle	red	same	right	right	(40, -69)	(40, 69)	search	nr	True	347309	348228	right	35	85	10	60	135	160	None	None	practice
3	yn	f	18	red	1	(80, 0)	(40, 69)	(-39, 69)	(-80, 0)	(-40, -69)	(40, -69)	circle	none	same	left	left	N_dist	(80, 0)	probe	h_norm	None	None	None	None	60	35	160	85	10	135	(-39, 69)	12	testing
3	yn	f	18	red	1	(80, 0)	(40, 69)	(-39, 69)	(-80, 0)	(-40, -69)	(40, -69)	circle	none	dif	left	left	N_dist	(80, 0)	probe	h_norm	None	None	None	None	85	160	35	135	10	110	(-39, 69)	10	testing
3	yn	f	18	red	1	(80, 0)	(40, 69)	(-39, 69)	(-80, 0)	(-40, -69)	(40, -69)	diamond	red	dif	left	left	(-39, 69)	(40, -69)	search	nr	True	417322	419092	left	35	60	110	160	85	135	None	None	testing
3	yn	f	18	red	1	(80, 0)	(40, 69)	(-39, 69)	(-80, 0)	(-40, -69)	(40, -69)	diamond	red	dif	right	right	(-40, -69)	(-80, 0)	search	nr	True	420244	421285	right	35	135	60	110	160	85	None	None	testing
3	yn	f	18	red	1	(80, 0)	(40, 69)	(-39, 69)	(-80, 0)	(-40, -69)	(40, -69)	circle	red	dif	right	right	(-39, 69)	(-40, -69)	search	nr	True	422565	423909	right	160	85	60	10	35	110	None	None	testing
3	yn	f	18	red	1	(80, 0)	(40, 69)	(-39, 69)	(-80, 0)	(-40, -69)	(40, -69)	diamond	red	same	right	right	(40, 69)	(-80, 0)	probe	tar	None	None	None	None	10	110	60	135	35	85	(-80, 0)	7	testing
3	yn	f	18	red	1	(80, 0)	(40, 69)	(-39, 69)	(-80, 0)	(-40, -69)	(40, -69)	circle	red	dif	right	right	(40, 69)	(-40, -69)	probe	norm	None	None	None	None	160	135	85	110	60	35	(-39, 69)	19	testing
3	yn	f	18	red	1	(80, 0)	(40, 69)	(-39, 69)	(-80, 0)	(-40, -69)	(40, -69)	diamond	none	dif	right	right	N_dist	(80, 0)	probe	l_norm	None	None	None	None	60	110	35	85	160	10	(40, -69)	164	testing
3	yn	f	18	red	1	(80, 0)	(40, 69)	(-39, 69)	(-80, 0)	(-40, -69)	(40, -69)	circle	red	dif	left	left	(-39, 69)	(-40, -69)	search	nr	True	436741	437669	left	35	10	110	85	160	135	None	None	testing
3	yn	f	18	red	1	(80, 0)	(40, 69)	(-39, 69)	(-80, 0)	(-40, -69)	(40, -69)	diamond	red	same	right	right	(-39, 69)	(-80, 0)	search	nr	True	438912	439956	right	160	85	10	135	35	60	None	None	testing
3	yn	f	18	red	1	(80, 0)	(40, 69)	(-39, 69)	(-80, 0)	(-40, -69)	(40, -69)	diamond	red	dif	right	right	(-39, 69)	(40, -69)	search	nr	True	441032	442068	right	110	60	160	135	10	35	None	None	testing
3	yn	f	18	red	1	(80, 0)	(40, 69)	(-39, 69)	(-80, 0)	(-40, -69)	(40, -69)	circle	red	dif	right	right	(-39, 69)	(40, -69)	probe	norm	None	None	None	None	110	60	160	135	35	10	(80, 0)	25	testing
3	yn	f	18	red	1	(80, 0)	(40, 69)	(-39, 69)	(-80, 0)	(-40, -69)	(40, -69)	diamond	red	same	left	left	(-39, 69)	(40, 69)	search	nr	True	448028	449140	left	10	160	110	85	60	35	None	None	testing
3	yn	f	18	red	1	(80, 0)	(40, 69)	(-39, 69)	(-80, 0)	(-40, -69)	(40, -69)	circle	red	same	right	right	(40, 69)	(-40, -69)	search	nr	True	450416	451524	right	35	110	85	135	10	160	None	None	testing
3	yn	f	18	red	1	(80, 0)	(40, 69)	(-39, 69)	(-80, 0)	(-40, -69)	(40, -69)	circle	red	same	right	right	(-39, 69)	(40, 69)	probe	tar	None	None	None	None	110	135	10	60	85	160	(40, 69)	162	testing
3	yn	f	18	red	1	(80, 0)	(40, 69)	(-39, 69)	(-80, 0)	(-40, -69)	(40, -69)	circle	none	same	right	right	N_dist	(-40, -69)	probe	l_norm	None	None	None	None	110	160	10	35	85	135	(40, -69)	162	testing
3	yn	f	18	red	1	(80, 0)	(40, 69)	(-39, 69)	(-80, 0)	(-40, -69)	(40, -69)	diamond	red	same	right	right	(-39, 69)	(-40, -69)	search	nr	True	460434	461285	right	85	60	35	10	160	110	None	None	testing
3	yn	f	18	red	1	(80, 0)	(40, 69)	(-39, 69)	(-80, 0)	(-40, -69)	(40, -69)	diamond	none	dif	right	right	N_dist	(-40, -69)	search	nr	True	462405	463028	right	85	10	110	160	60	35	None	None	testing
3	yn	f	18	red	1	(80, 0)	(40, 69)	(-39, 69)	(-80, 0)	(-40, -69)	(40, -69)	diamond	red	dif	left	left	(-39, 69)	(80, 0)	search	nr	True	464208	465092	left	85	135	10	160	60	35	None	None	testing
3	yn	f	18	red	1	(80, 0)	(40, 69)	(-39, 69)	(-80, 0)	(-40, -69)	(40, -69)	circle	red	same	right	right	(-39, 69)	(40, -69)	probe	h_sin	None	None	None	None	35	85	10	160	135	110	(-39, 69)	19	testing
3	yn	f	18	red	1	(80, 0)	(40, 69)	(-39, 69)	(-80, 0)	(-40, -69)	(40, -69)	circle	red	same	left	left	(-39, 69)	(80, 0)	search	nr	True	470719	471621	left	160	110	35	60	10	85	None	None	testing
3	yn	f	18	red	1	(80, 0)	(40, 69)	(-39, 69)	(-80, 0)	(-40, -69)	(40, -69)	circle	red	dif	right	right	(-39, 69)	(40, 69)	probe	h_sin	None	None	None	None	135	35	110	160	85	10	(-39, 69)	23	testing
3	yn	f	18	red	1	(80, 0)	(40, 69)	(-39, 69)	(-80, 0)	(-40, -69)	(40, -69)	circle	red	same	left	left	(-39, 69)	(40, 69)	search	nr	True	477382	479253	left	110	10	160	35	85	60	None	None	testing
3	yn	f	18	red	1	(80, 0)	(40, 69)	(-39, 69)	(-80, 0)	(-40, -69)	(40, -69)	diamond	red	same	left	left	(-39, 69)	(80, 0)	search	nr	True	480505	482037	left	85	10	35	135	160	110	None	None	testing
3	yn	f	18	red	1	(80, 0)	(40, 69)	(-39, 69)	(-80, 0)	(-40, -69)	(40, -69)	diamond	none	same	left	left	N_dist	(-40, -69)	search	nr	True	483243	483988	left	10	35	60	110	160	135	None	None	testing
3	yn	f	18	red	1	(80, 0)	(40, 69)	(-39, 69)	(-80, 0)	(-40, -69)	(40, -69)	circle	red	dif	left	left	(-39, 69)	(-80, 0)	search	nr	True	485197	486404	left	110	135	10	60	160	35	None	None	testing
3	yn	f	18	red	1	(80, 0)	(40, 69)	(-39, 69)	(-80, 0)	(-40, -69)	(40, -69)	circle	none	dif	right	right	N_dist	(40, -69)	search	nr	True	487550	488387	right	110	60	35	85	10	135	None	None	testing
3	yn	f	18	red	1	(80, 0)	(40, 69)	(-39, 69)	(-80, 0)	(-40, -69)	(40, -69)	circle	red	same	right	right	(-39, 69)	(80, 0)	probe	norm	None	None	None	None	85	160	35	10	135	60	(-40, -69)	169	testing
3	yn	f	18	red	1	(80, 0)	(40, 69)	(-39, 69)	(-80, 0)	(-40, -69)	(40, -69)	circle	red	dif	right	right	(-39, 69)	(40, 69)	search	nr	True	493128	493908	right	10	60	110	35	85	135	None	None	testing
3	yn	f	18	red	1	(80, 0)	(40, 69)	(-39, 69)	(-80, 0)	(-40, -69)	(40, -69)	circle	red	dif	right	right	(-39, 69)	(-80, 0)	search	nr	True	495115	496068	right	135	85	35	110	160	60	None	None	testing
3	yn	f	18	red	1	(80, 0)	(40, 69)	(-39, 69)	(-80, 0)	(-40, -69)	(40, -69)	diamond	none	same	left	left	N_dist	(-40, -69)	probe	h_norm	None	None	None	None	160	110	10	35	60	85	(-39, 69)	166	testing
3	yn	f	18	red	1	(80, 0)	(40, 69)	(-39, 69)	(-80, 0)	(-40, -69)	(40, -69)	diamond	none	dif	left	left	N_dist	(-40, -69)	search	nr	True	501493	502260	left	10	35	85	60	160	110	None	None	testing
3	yn	f	18	red	1	(80, 0)	(40, 69)	(-39, 69)	(-80, 0)	(-40, -69)	(40, -69)	diamond	red	dif	left	left	(-39, 69)	(80, 0)	search	nr	True	503463	504148	left	135	110	35	60	10	85	None	None	testing
3	yn	f	18	red	1	(80, 0)	(40, 69)	(-39, 69)	(-80, 0)	(-40, -69)	(40, -69)	circle	none	dif	left	left	N_dist	(40, -69)	probe	l_norm	None	None	None	None	135	110	160	10	60	85	(-40, -69)	162	testing
3	yn	f	18	red	1	(80, 0)	(40, 69)	(-39, 69)	(-80, 0)	(-40, -69)	(40, -69)	circle	red	dif	right	right	(-80, 0)	(40, -69)	probe	l_sin	None	None	None	None	35	110	60	160	10	85	(-80, 0)	21	testing
3	yn	f	18	red	1	(80, 0)	(40, 69)	(-39, 69)	(-80, 0)	(-40, -69)	(40, -69)	circle	none	same	right	right	N_dist	(40, -69)	search	nr	True	513499	515172	right	160	135	35	110	60	85	None	None	testing
3	yn	f	18	red	1	(80, 0)	(40, 69)	(-39, 69)	(-80, 0)	(-40, -69)	(40, -69)	circle	none	same	left	left	N_dist	(80, 0)	probe	h_norm	None	None	None	None	60	85	160	110	35	135	(-39, 69)	26	testing
3	yn	f	18	red	1	(80, 0)	(40, 69)	(-39, 69)	(-80, 0)	(-40, -69)	(40, -69)	diamond	red	dif	left	left	(-39, 69)	(40, 69)	search	nr	True	520177	521572	left	110	10	85	135	160	35	None	None	testing
3	yn	f	18	red	1	(80, 0)	(40, 69)	(-39, 69)	(-80, 0)	(-40, -69)	(40, -69)	diamond	red	dif	left	left	(80, 0)	(-40, -69)	search	nr	True	522631	523412	left	10	135	35	160	85	60	None	None	testing
3	yn	f	18	red	1	(80, 0)	(40, 69)	(-39, 69)	(-80, 0)	(-40, -69)	(40, -69)	circle	none	same	left	left	N_dist	(40, 69)	search	nr	True	524552	525140	left	160	135	35	85	60	110	None	None	testing
3	yn	f	18	red	1	(80, 0)	(40, 69)	(-39, 69)	(-80, 0)	(-40, -69)	(40, -69)	circle	red	same	left	left	(-39, 69)	(-80, 0)	search	nr	True	526239	527124	left	60	85	10	35	135	110	None	None	testing
3	yn	f	18	red	1	(80, 0)	(40, 69)	(-39, 69)	(-80, 0)	(-40, -69)	(40, -69)	diamond	none	same	left	left	N_dist	(-39, 69)	search	nr	True	528359	529300	left	85	60	160	135	110	35	None	None	testing
3	yn	f	18	red	1	(80, 0)	(40, 69)	(-39, 69)	(-80, 0)	(-40, -69)	(40, -69)	circle	red	same	left	left	(-39, 69)	(80, 0)	probe	tar	None	None	None	None	85	110	10	160	35	135	(80, 0)	152	testing
3	yn	f	18	red	1	(80, 0)	(40, 69)	(-39, 69)	(-80, 0)	(-40, -69)	(40, -69)	circle	red	same	left	left	(-39, 69)	(80, 0)	search	nr	True	534922	535684	left	135	10	60	110	85	35	None	None	testing
3	yn	f	18	red	1	(80, 0)	(40, 69)	(-39, 69)	(-80, 0)	(-40, -69)	(40, -69)	circle	red	same	left	left	(-39, 69)	(40, 69)	search	nr	True	536841	537652	left	10	160	60	135	110	85	None	None	testing
3	yn	f	18	red	1	(80, 0)	(40, 69)	(-39, 69)	(-80, 0)	(-40, -69)	(40, -69)	diamond	red	dif	right	right	(-39, 69)	(-40, -69)	search	nr	True	538879	539909	right	135	60	10	85	35	110	None	None	testing
3	yn	f	18	red	1	(80, 0)	(40, 69)	(-39, 69)	(-80, 0)	(-40, -69)	(40, -69)	circle	red	same	right	right	(40, -69)	(80, 0)	search	nr	True	541166	542388	right	35	135	85	160	60	10	None	None	testing
3	yn	f	18	red	1	(80, 0)	(40, 69)	(-39, 69)	(-80, 0)	(-40, -69)	(40, -69)	circle	red	same	right	right	(80, 0)	(-80, 0)	search	nr	True	543553	544564	right	85	160	35	60	10	110	None	None	testing
3	yn	f	18	red	1	(80, 0)	(40, 69)	(-39, 69)	(-80, 0)	(-40, -69)	(40, -69)	circle	none	dif	right	right	N_dist	(-39, 69)	probe	h_tar	None	None	None	None	110	160	10	135	85	60	(-39, 69)	29	testing
3	yn	f	18	red	1	(80, 0)	(40, 69)	(-39, 69)	(-80, 0)	(-40, -69)	(40, -69)	circle	red	dif	left	left	(40, -69)	(80, 0)	search	nr	True	549365	550164	left	135	60	85	35	10	110	None	None	testing
3	yn	f	18	red	1	(80, 0)	(40, 69)	(-39, 69)	(-80, 0)	(-40, -69)	(40, -69)	diamond	red	same	left	left	(-39, 69)	(40, 69)	probe	h_sin	None	None	None	None	10	110	35	135	85	160	(-39, 69)	167	testing
3	yn	f	18	red	1	(80, 0)	(40, 69)	(-39, 69)	(-80, 0)	(-40, -69)	(40, -69)	circle	red	same	left	left	(-39, 69)	(-80, 0)	search	nr	True	556761	557924	left	35	160	85	60	110	135	None	None	testing
3	yn	f	18	red	1	(80, 0)	(40, 69)	(-39, 69)	(-80, 0)	(-40, -69)	(40, -69)	circle	none	dif	right	right	N_dist	(-39, 69)	search	nr	True	559083	559796	right	160	85	135	35	60	10	None	None	testing
3	yn	f	18	red	1	(80, 0)	(40, 69)	(-39, 69)	(-80, 0)	(-40, -69)	(40, -69)	diamond	red	same	right	right	(-39, 69)	(-80, 0)	probe	norm	None	None	None	None	10	135	110	60	35	85	(40, 69)	166	testing
3	yn	f	18	red	1	(80, 0)	(40, 69)	(-39, 69)	(-80, 0)	(-40, -69)	(40, -69)	circle	none	same	left	left	N_dist	(-80, 0)	search	nr	True	566162	566932	left	135	160	60	10	85	110	None	None	testing
3	yn	f	18	red	1	(80, 0)	(40, 69)	(-39, 69)	(-80, 0)	(-40, -69)	(40, -69)	circle	none	dif	left	left	N_dist	(80, 0)	search	nr	True	568116	568820	left	10	35	135	85	160	110	None	None	testing
3	yn	f	18	red	1	(80, 0)	(40, 69)	(-39, 69)	(-80, 0)	(-40, -69)	(40, -69)	circle	none	dif	right	right	N_dist	(40, -69)	probe	l_norm	None	None	None	None	85	60	10	160	135	35	(80, 0)	178	testing
3	yn	f	18	red	1	(80, 0)	(40, 69)	(-39, 69)	(-80, 0)	(-40, -69)	(40, -69)	circle	red	same	right	right	(80, 0)	(-80, 0)	probe	norm	None	None	None	None	85	110	135	160	10	35	(40, 69)	160	testing
3	yn	f	18	red	1	(80, 0)	(40, 69)	(-39, 69)	(-80, 0)	(-40, -69)	(40, -69)	circle	red	dif	right	right	(40, 69)	(-40, -69)	search	nr	True	578050	579348	right	160	135	60	110	35	10	None	None	testing
3	yn	f	18	red	1	(80, 0)	(40, 69)	(-39, 69)	(-80, 0)	(-40, -69)	(40, -69)	circle	red	dif	left	left	(-80, 0)	(80, 0)	probe	l_sin	None	None	None	None	85	110	10	135	160	35	(-80, 0)	8	testing
3	yn	f	18	red	1	(80, 0)	(40, 69)	(-39, 69)	(-80, 0)	(-40, -69)	(40, -69)	circle	red	dif	left	left	(-80, 0)	(40, 69)	search	nr	True	584913	585556	left	60	160	110	35	85	135	None	None	testing
3	yn	f	18	red	1	(80, 0)	(40, 69)	(-39, 69)	(-80, 0)	(-40, -69)	(40, -69)	diamond	red	dif	left	left	(-39, 69)	(-40, -69)	search	nr	True	586850	587829	left	160	110	10	35	85	135	None	None	testing
3	yn	f	18	red	1	(80, 0)	(40, 69)	(-39, 69)	(-80, 0)	(-40, -69)	(40, -69)	diamond	red	same	right	right	(-39, 69)	(40, 69)	search	nr	True	589054	589828	right	85	10	160	60	110	35	None	None	testing
3	yn	f	18	red	1	(80, 0)	(40, 69)	(-39, 69)	(-80, 0)	(-40, -69)	(40, -69)	circle	red	same	right	right	(-39, 69)	(40, -69)	search	nr	True	591024	591940	right	35	10	60	85	110	135	None	None	testing
3	yn	f	18	red	1	(80, 0)	(40, 69)	(-39, 69)	(-80, 0)	(-40, -69)	(40, -69)	circle	red	dif	right	right	(-39, 69)	(40, -69)	search	nr	True	593061	593749	right	110	160	10	60	35	135	None	None	testing
3	yn	f	18	red	1	(80, 0)	(40, 69)	(-39, 69)	(-80, 0)	(-40, -69)	(40, -69)	diamond	red	same	right	right	(-80, 0)	(40, 69)	search	nr	True	595015	595812	right	135	60	160	10	110	35	None	None	testing
3	yn	f	18	red	1	(80, 0)	(40, 69)	(-39, 69)	(-80, 0)	(-40, -69)	(40, -69)	diamond	none	same	left	left	N_dist	(-40, -69)	search	nr	True	597002	598212	left	35	135	160	60	85	10	None	None	testing
3	yn	f	18	red	1	(80, 0)	(40, 69)	(-39, 69)	(-80, 0)	(-40, -69)	(40, -69)	circle	red	same	left	left	(-39, 69)	(-80, 0)	search	nr	True	599473	600772	left	160	135	110	10	85	35	None	None	testing
3	yn	f	18	red	1	(80, 0)	(40, 69)	(-39, 69)	(-80, 0)	(-40, -69)	(40, -69)	circle	red	dif	left	left	(40, -69)	(80, 0)	search	nr	True	601962	603028	left	160	10	110	135	85	35	None	None	testing
3	yn	f	18	red	1	(80, 0)	(40, 69)	(-39, 69)	(-80, 0)	(-40, -69)	(40, -69)	circle	red	same	left	left	(-39, 69)	(40, 69)	search	nr	True	604315	604868	left	110	35	85	60	160	10	None	None	testing
3	yn	f	18	red	1	(80, 0)	(40, 69)	(-39, 69)	(-80, 0)	(-40, -69)	(40, -69)	diamond	none	same	right	right	N_dist	(-80, 0)	search	nr	True	605968	607236	right	35	60	85	110	10	135	None	None	testing
3	yn	f	18	red	1	(80, 0)	(40, 69)	(-39, 69)	(-80, 0)	(-40, -69)	(40, -69)	circle	red	dif	left	left	(-39, 69)	(80, 0)	search	nr	True	608423	609092	left	10	160	135	60	35	85	None	None	testing
3	yn	f	18	red	1	(80, 0)	(40, 69)	(-39, 69)	(-80, 0)	(-40, -69)	(40, -69)	circle	red	dif	left	left	(-39, 69)	(40, -69)	probe	norm	None	None	None	None	85	35	60	160	135	10	(-40, -69)	24	testing
3	yn	f	18	red	1	(80, 0)	(40, 69)	(-39, 69)	(-80, 0)	(-40, -69)	(40, -69)	diamond	red	same	left	left	(40, -69)	(80, 0)	search	nr	True	614568	615156	left	160	85	35	135	110	60	None	None	testing
3	yn	f	18	red	1	(80, 0)	(40, 69)	(-39, 69)	(-80, 0)	(-40, -69)	(40, -69)	circle	red	dif	right	right	(40, -69)	(-40, -69)	search	nr	True	616271	617508	right	60	10	160	135	110	35	None	None	testing
3	yn	f	18	red	1	(80, 0)	(40, 69)	(-39, 69)	(-80, 0)	(-40, -69)	(40, -69)	diamond	none	dif	left	left	N_dist	(80, 0)	probe	l_norm	None	None	None	None	110	60	85	160	135	35	(-80, 0)	5	testing
3	yn	f	18	red	1	(80, 0)	(40, 69)	(-39, 69)	(-80, 0)	(-40, -69)	(40, -69)	circle	red	dif	left	left	(80, 0)	(40, 69)	search	nr	True	622799	623476	left	135	60	160	10	85	35	None	None	testing
3	yn	f	18	red	1	(80, 0)	(40, 69)	(-39, 69)	(-80, 0)	(-40, -69)	(40, -69)	diamond	red	same	left	left	(40, -69)	(80, 0)	search	nr	True	624603	625764	left	135	10	110	160	60	35	None	None	testing
3	yn	f	18	red	1	(80, 0)	(40, 69)	(-39, 69)	(-80, 0)	(-40, -69)	(40, -69)	circle	none	same	left	left	N_dist	(-39, 69)	search	nr	True	627057	627812	left	160	60	10	110	85	135	None	None	testing
3	yn	f	18	red	1	(80, 0)	(40, 69)	(-39, 69)	(-80, 0)	(-40, -69)	(40, -69)	diamond	red	same	right	right	(40, 69)	(-80, 0)	search	nr	True	629061	630020	right	135	10	160	35	60	110	None	None	testing
3	yn	f	18	red	1	(80, 0)	(40, 69)	(-39, 69)	(-80, 0)	(-40, -69)	(40, -69)	circle	none	same	right	right	N_dist	(-40, -69)	search	nr	True	631232	632308	right	10	60	35	135	85	110	None	None	testing
3	yn	f	18	red	1	(80, 0)	(40, 69)	(-39, 69)	(-80, 0)	(-40, -69)	(40, -69)	circle	red	same	left	left	(-39, 69)	(80, 0)	search	nr	True	633385	634340	left	10	85	60	35	110	160	None	None	testing
3	yn	f	18	red	1	(80, 0)	(40, 69)	(-39, 69)	(-80, 0)	(-40, -69)	(40, -69)	diamond	red	same	left	left	(-39, 69)	(-80, 0)	search	nr	True	635490	636324	left	135	10	110	60	160	35	None	None	testing
3	yn	f	18	red	1	(80, 0)	(40, 69)	(-39, 69)	(-80, 0)	(-40, -69)	(40, -69)	circle	none	same	left	left	N_dist	(80, 0)	search	nr	True	637527	638373	left	160	85	60	110	10	35	None	None	testing
3	yn	f	18	red	1	(80, 0)	(40, 69)	(-39, 69)	(-80, 0)	(-40, -69)	(40, -69)	diamond	none	dif	left	left	N_dist	(40, -69)	search	nr	True	639480	640324	left	135	10	110	85	60	160	None	None	testing
3	yn	f	18	red	1	(80, 0)	(40, 69)	(-39, 69)	(-80, 0)	(-40, -69)	(40, -69)	diamond	red	same	left	left	(-39, 69)	(40, 69)	probe	tar	None	None	None	None	160	85	10	135	110	35	(40, 69)	167	testing
3	yn	f	18	red	1	(80, 0)	(40, 69)	(-39, 69)	(-80, 0)	(-40, -69)	(40, -69)	diamond	red	dif	left	left	(40, -69)	(40, 69)	search	nr	True	645424	646085	left	60	85	160	35	110	135	None	None	testing
3	yn	f	18	red	1	(80, 0)	(40, 69)	(-39, 69)	(-80, 0)	(-40, -69)	(40, -69)	diamond	red	dif	right	right	(-39, 69)	(-40, -69)	search	nr	True	647261	648324	right	110	60	85	10	35	160	None	None	testing
3	yn	f	18	red	1	(80, 0)	(40, 69)	(-39, 69)	(-80, 0)	(-40, -69)	(40, -69)	diamond	none	dif	right	right	N_dist	(-39, 69)	search	nr	True	649548	650340	right	160	85	60	110	135	35	None	None	testing
3	yn	f	18	red	1	(80, 0)	(40, 69)	(-39, 69)	(-80, 0)	(-40, -69)	(40, -69)	diamond	red	same	left	left	(-39, 69)	(-40, -69)	search	nr	True	651452	652196	left	10	85	110	60	35	135	None	None	testing
3	yn	f	18	red	1	(80, 0)	(40, 69)	(-39, 69)	(-80, 0)	(-40, -69)	(40, -69)	circle	red	dif	left	left	(-39, 69)	(40, -69)	search	nr	True	653255	654116	left	10	60	85	135	35	110	None	None	testing
3	yn	f	18	red	1	(80, 0)	(40, 69)	(-39, 69)	(-80, 0)	(-40, -69)	(40, -69)	diamond	none	dif	right	right	N_dist	(-39, 69)	probe	h_tar	None	None	None	None	110	35	135	160	60	85	(-39, 69)	18	testing
3	yn	f	18	red	1	(80, 0)	(40, 69)	(-39, 69)	(-80, 0)	(-40, -69)	(40, -69)	circle	red	dif	left	left	(-39, 69)	(-80, 0)	search	nr	True	659033	660917	left	135	160	85	35	60	10	None	None	testing
3	yn	f	18	red	1	(80, 0)	(40, 69)	(-39, 69)	(-80, 0)	(-40, -69)	(40, -69)	circle	red	same	left	left	(-39, 69)	(-80, 0)	probe	norm	None	None	None	None	35	85	10	60	110	135	(-40, -69)	170	testing
3	yn	f	18	red	1	(80, 0)	(40, 69)	(-39, 69)	(-80, 0)	(-40, -69)	(40, -69)	diamond	red	dif	right	right	(-39, 69)	(-40, -69)	probe	tar	None	None	None	None	85	135	160	10	110	35	(-40, -69)	171	testing
3	yn	f	18	red	1	(80, 0)	(40, 69)	(-39, 69)	(-80, 0)	(-40, -69)	(40, -69)	diamond	red	dif	left	left	(80, 0)	(-40, -69)	probe	l_sin	None	None	None	None	85	10	135	160	110	60	(80, 0)	15	testing
3	yn	f	18	red	1	(80, 0)	(40, 69)	(-39, 69)	(-80, 0)	(-40, -69)	(40, -69)	diamond	none	dif	left	left	N_dist	(40, 69)	probe	l_norm	None	None	None	None	85	60	35	110	135	160	(80, 0)	16	testing
3	yn	f	18	red	1	(80, 0)	(40, 69)	(-39, 69)	(-80, 0)	(-40, -69)	(40, -69)	circle	none	dif	left	left	N_dist	(40, -69)	search	nr	True	679671	681028	left	60	135	85	10	110	35	None	None	testing
3	yn	f	18	red	1	(80, 0)	(40, 69)	(-39, 69)	(-80, 0)	(-40, -69)	(40, -69)	circle	red	dif	right	right	(-80, 0)	(40, -69)	search	nr	True	682276	683316	right	10	135	35	110	60	160	None	None	testing
3	yn	f	18	red	1	(80, 0)	(40, 69)	(-39, 69)	(-80, 0)	(-40, -69)	(40, -69)	circle	none	dif	left	left	N_dist	(80, 0)	search	nr	True	684513	685140	left	10	160	60	35	110	135	None	None	testing
3	yn	f	18	red	1	(80, 0)	(40, 69)	(-39, 69)	(-80, 0)	(-40, -69)	(40, -69)	diamond	red	same	right	right	(-39, 69)	(40, 69)	search	nr	True	686417	687444	right	110	60	35	160	85	135	None	None	testing
3	yn	f	18	red	1	(80, 0)	(40, 69)	(-39, 69)	(-80, 0)	(-40, -69)	(40, -69)	diamond	none	same	right	right	N_dist	(-39, 69)	probe	h_tar	None	None	None	None	85	160	35	110	10	135	(-39, 69)	163	testing
3	yn	f	18	red	1	(80, 0)	(40, 69)	(-39, 69)	(-80, 0)	(-40, -69)	(40, -69)	circle	red	dif	right	right	(-39, 69)	(-40, -69)	probe	tar	None	None	None	None	135	60	35	160	85	110	(-40, -69)	21	testing
3	yn	f	18	red	1	(80, 0)	(40, 69)	(-39, 69)	(-80, 0)	(-40, -69)	(40, -69)	diamond	none	dif	left	left	N_dist	(-80, 0)	search	nr	True	697120	697828	left	60	85	10	35	135	160	None	None	testing
3	yn	f	18	red	1	(80, 0)	(40, 69)	(-39, 69)	(-80, 0)	(-40, -69)	(40, -69)	diamond	red	dif	left	left	(-39, 69)	(40, -69)	search	nr	True	698990	699604	left	135	35	85	60	110	160	None	None	testing
3	yn	f	18	red	1	(80, 0)	(40, 69)	(-39, 69)	(-80, 0)	(-40, -69)	(40, -69)	diamond	red	same	right	right	(-80, 0)	(40, 69)	search	nr	True	700793	701555	right	60	135	35	110	10	85	None	None	testing
3	yn	f	18	red	1	(80, 0)	(40, 69)	(-39, 69)	(-80, 0)	(-40, -69)	(40, -69)	circle	none	dif	left	left	N_dist	(40, -69)	search	nr	True	702747	703380	left	135	35	10	160	110	85	None	None	testing
3	yn	f	18	red	1	(80, 0)	(40, 69)	(-39, 69)	(-80, 0)	(-40, -69)	(40, -69)	circle	none	same	left	left	N_dist	(-39, 69)	search	nr	True	704584	705957	left	85	135	35	10	160	60	None	None	testing
3	yn	f	18	red	1	(80, 0)	(40, 69)	(-39, 69)	(-80, 0)	(-40, -69)	(40, -69)	diamond	red	same	right	right	(-39, 69)	(40, -69)	probe	h_sin	None	None	None	None	35	160	10	110	60	135	(-39, 69)	25	testing
3	yn	f	18	red	1	(80, 0)	(40, 69)	(-39, 69)	(-80, 0)	(-40, -69)	(40, -69)	circle	red	same	right	right	(-39, 69)	(80, 0)	search	nr	True	711563	712453	right	10	85	35	135	60	110	None	None	testing
3	yn	f	18	red	1	(80, 0)	(40, 69)	(-39, 69)	(-80, 0)	(-40, -69)	(40, -69)	diamond	none	dif	left	left	N_dist	(40, -69)	probe	l_tar	None	None	None	None	10	35	85	110	60	135	(40, -69)	21	testing
3	yn	f	18	red	1	(80, 0)	(40, 69)	(-39, 69)	(-80, 0)	(-40, -69)	(40, -69)	circle	none	same	left	left	N_dist	(-39, 69)	probe	h_tar	None	None	None	None	10	35	60	85	135	110	(-39, 69)	164	testing
3	yn	f	18	red	1	(80, 0)	(40, 69)	(-39, 69)	(-80, 0)	(-40, -69)	(40, -69)	diamond	none	same	left	left	N_dist	(-40, -69)	search	nr	True	723819	724564	left	85	160	35	60	135	10	None	None	testing
3	yn	f	18	red	1	(80, 0)	(40, 69)	(-39, 69)	(-80, 0)	(-40, -69)	(40, -69)	diamond	red	dif	right	right	(-39, 69)	(-40, -69)	probe	h_sin	None	None	None	None	110	10	35	135	60	160	(-39, 69)	15	testing
3	yn	f	18	red	1	(80, 0)	(40, 69)	(-39, 69)	(-80, 0)	(-40, -69)	(40, -69)	circle	none	dif	right	right	N_dist	(40, 69)	search	nr	True	729830	730900	right	10	60	160	110	135	85	None	None	testing
3	yn	f	18	red	1	(80, 0)	(40, 69)	(-39, 69)	(-80, 0)	(-40, -69)	(40, -69)	circle	none	same	left	left	N_dist	(40, 69)	search	nr	True	731984	732837	left	60	110	10	135	85	160	None	None	testing
3	yn	f	18	red	1	(80, 0)	(40, 69)	(-39, 69)	(-80, 0)	(-40, -69)	(40, -69)	circle	none	same	left	left	N_dist	(80, 0)	search	nr	True	734004	734836	left	160	85	35	60	10	110	None	None	testing
3	yn	f	18	red	1	(80, 0)	(40, 69)	(-39, 69)	(-80, 0)	(-40, -69)	(40, -69)	diamond	red	same	left	left	(-39, 69)	(40, 69)	search	nr	True	735958	736772	left	85	10	110	35	160	60	None	None	testing
3	yn	f	18	red	1	(80, 0)	(40, 69)	(-39, 69)	(-80, 0)	(-40, -69)	(40, -69)	diamond	red	dif	right	right	(-39, 69)	(-80, 0)	probe	tar	None	None	None	None	85	135	35	60	10	160	(-80, 0)	172	testing
3	yn	f	18	red	1	(80, 0)	(40, 69)	(-39, 69)	(-80, 0)	(-40, -69)	(40, -69)	diamond	red	dif	right	right	(-39, 69)	(-40, -69)	search	nr	True	741735	743236	right	60	35	135	85	110	10	None	None	testing
3	yn	f	18	red	1	(80, 0)	(40, 69)	(-39, 69)	(-80, 0)	(-40, -69)	(40, -69)	diamond	red	dif	left	left	(-39, 69)	(40, -69)	probe	h_sin	None	None	None	None	110	160	35	60	85	135	(-39, 69)	160	testing
3	yn	f	18	red	1	(80, 0)	(40, 69)	(-39, 69)	(-80, 0)	(-40, -69)	(40, -69)	circle	none	same	right	right	N_dist	(40, -69)	probe	l_norm	None	None	None	None	110	135	10	85	160	60	(-80, 0)	1	testing
3	yn	f	18	red	1	(80, 0)	(40, 69)	(-39, 69)	(-80, 0)	(-40, -69)	(40, -69)	diamond	red	same	right	right	(40, 69)	(-80, 0)	search	nr	True	753757	755236	left	135	10	35	110	160	60	None	None	testing
3	yn	f	18	red	1	(80, 0)	(40, 69)	(-39, 69)	(-80, 0)	(-40, -69)	(40, -69)	diamond	red	dif	left	left	(80, 0)	(-40, -69)	search	nr	True	757831	758644	left	160	60	10	85	35	110	None	None	testing
3	yn	f	18	red	1	(80, 0)	(40, 69)	(-39, 69)	(-80, 0)	(-40, -69)	(40, -69)	circle	red	same	left	left	(-39, 69)	(40, 69)	probe	h_sin	None	None	None	None	10	35	135	110	85	60	(-39, 69)	14	testing
3	yn	f	18	red	1	(80, 0)	(40, 69)	(-39, 69)	(-80, 0)	(-40, -69)	(40, -69)	circle	red	dif	right	right	(40, -69)	(-40, -69)	search	nr	True	763809	765332	right	110	60	85	35	135	10	None	None	testing
3	yn	f	18	red	1	(80, 0)	(40, 69)	(-39, 69)	(-80, 0)	(-40, -69)	(40, -69)	circle	red	dif	left	left	(-39, 69)	(-80, 0)	search	nr	True	766531	767636	left	60	85	160	10	110	135	None	None	testing
3	yn	f	18	red	1	(80, 0)	(40, 69)	(-39, 69)	(-80, 0)	(-40, -69)	(40, -69)	diamond	red	dif	left	left	(40, 69)	(80, 0)	probe	l_sin	None	None	None	None	110	10	85	60	135	160	(40, 69)	157	testing
3	yn	f	18	red	1	(80, 0)	(40, 69)	(-39, 69)	(-80, 0)	(-40, -69)	(40, -69)	diamond	red	dif	left	left	(-39, 69)	(-80, 0)	search	nr	True	772675	773412	left	60	10	85	110	135	160	None	None	testing
3	yn	f	18	red	1	(80, 0)	(40, 69)	(-39, 69)	(-80, 0)	(-40, -69)	(40, -69)	circle	none	dif	right	right	N_dist	(40, 69)	probe	l_norm	None	None	None	None	110	35	135	85	160	60	(80, 0)	4	testing
3	yn	f	18	red	1	(80, 0)	(40, 69)	(-39, 69)	(-80, 0)	(-40, -69)	(40, -69)	circle	red	dif	left	left	(-39, 69)	(-40, -69)	search	nr	True	780806	782004	left	85	35	110	60	10	160	None	None	testing
3	yn	f	18	red	1	(80, 0)	(40, 69)	(-39, 69)	(-80, 0)	(-40, -69)	(40, -69)	diamond	red	same	right	right	(-39, 69)	(80, 0)	probe	tar	None	None	None	None	60	135	10	85	35	160	(80, 0)	169	testing
3	yn	f	18	red	1	(80, 0)	(40, 69)	(-39, 69)	(-80, 0)	(-40, -69)	(40, -69)	diamond	none	dif	left	left	N_dist	(40, 69)	search	nr	True	787235	788452	left	110	10	85	60	160	35	None	None	testing
3	yn	f	18	red	1	(80, 0)	(40, 69)	(-39, 69)	(-80, 0)	(-40, -69)	(40, -69)	diamond	none	dif	right	right	N_dist	(80, 0)	search	nr	True	789673	790516	right	135	160	60	85	10	110	None	None	testing
3	yn	f	18	red	1	(80, 0)	(40, 69)	(-39, 69)	(-80, 0)	(-40, -69)	(40, -69)	circle	red	dif	left	left	(-80, 0)	(40, 69)	search	nr	True	791777	792868	left	35	110	85	160	60	135	None	None	testing
3	yn	f	18	red	1	(80, 0)	(40, 69)	(-39, 69)	(-80, 0)	(-40, -69)	(40, -69)	diamond	red	dif	right	right	(-80, 0)	(80, 0)	probe	l_sin	None	None	None	None	160	60	35	135	110	10	(-80, 0)	2	testing
3	yn	f	18	red	1	(80, 0)	(40, 69)	(-39, 69)	(-80, 0)	(-40, -69)	(40, -69)	diamond	none	dif	right	right	N_dist	(-40, -69)	search	nr	True	797437	798116	right	160	10	110	85	35	60	None	None	testing
3	yn	f	18	red	1	(80, 0)	(40, 69)	(-39, 69)	(-80, 0)	(-40, -69)	(40, -69)	diamond	none	same	left	left	N_dist	(40, 69)	search	nr	True	799274	799860	left	85	135	60	160	110	10	None	None	testing
3	yn	f	18	red	1	(80, 0)	(40, 69)	(-39, 69)	(-80, 0)	(-40, -69)	(40, -69)	diamond	none	dif	right	right	N_dist	(-80, 0)	search	nr	True	800944	801604	right	160	35	110	85	10	135	None	None	testing
3	yn	f	18	red	1	(80, 0)	(40, 69)	(-39, 69)	(-80, 0)	(-40, -69)	(40, -69)	circle	red	dif	right	right	(-39, 69)	(-40, -69)	search	nr	True	802664	803892	right	60	85	110	10	135	35	None	None	testing
3	yn	f	18	red	1	(80, 0)	(40, 69)	(-39, 69)	(-80, 0)	(-40, -69)	(40, -69)	diamond	red	same	right	right	(-40, -69)	(40, 69)	search	nr	True	805018	805732	right	10	110	60	85	135	160	None	None	testing
3	yn	f	18	red	1	(80, 0)	(40, 69)	(-39, 69)	(-80, 0)	(-40, -69)	(40, -69)	circle	red	dif	left	left	(-39, 69)	(80, 0)	probe	norm	None	None	None	None	35	160	10	60	85	110	(40, 69)	160	testing
3	yn	f	18	red	1	(80, 0)	(40, 69)	(-39, 69)	(-80, 0)	(-40, -69)	(40, -69)	circle	red	dif	right	right	(-39, 69)	(-80, 0)	search	nr	True	811346	812228	left	160	60	85	110	10	35	None	None	testing
3	yn	f	18	red	1	(80, 0)	(40, 69)	(-39, 69)	(-80, 0)	(-40, -69)	(40, -69)	circle	none	dif	right	right	N_dist	(40, 69)	search	nr	True	815019	815684	right	10	85	35	110	160	135	None	None	testing
3	yn	f	18	red	1	(80, 0)	(40, 69)	(-39, 69)	(-80, 0)	(-40, -69)	(40, -69)	circle	red	dif	left	left	(-39, 69)	(80, 0)	probe	norm	None	None	None	None	35	10	160	60	110	135	(-80, 0)	172	testing
3	yn	f	18	red	1	(80, 0)	(40, 69)	(-39, 69)	(-80, 0)	(-40, -69)	(40, -69)	diamond	red	dif	left	left	(-40, -69)	(40, 69)	search	nr	True	823318	824020	left	10	110	135	85	60	35	None	None	testing
3	yn	f	18	red	1	(80, 0)	(40, 69)	(-39, 69)	(-80, 0)	(-40, -69)	(40, -69)	diamond	none	same	left	left	N_dist	(-39, 69)	probe	h_tar	None	None	None	None	60	160	135	35	85	110	(-39, 69)	18	testing
3	yn	f	18	red	1	(80, 0)	(40, 69)	(-39, 69)	(-80, 0)	(-40, -69)	(40, -69)	circle	red	dif	right	right	(-39, 69)	(40, -69)	probe	h_sin	None	None	None	None	60	10	110	85	135	35	(-39, 69)	8	testing
3	yn	f	18	red	1	(80, 0)	(40, 69)	(-39, 69)	(-80, 0)	(-40, -69)	(40, -69)	diamond	none	same	right	right	N_dist	(-80, 0)	search	nr	True	833386	834260	right	135	160	35	110	60	85	None	None	testing
3	yn	f	18	red	1	(80, 0)	(40, 69)	(-39, 69)	(-80, 0)	(-40, -69)	(40, -69)	diamond	red	dif	left	left	(-39, 69)	(-40, -69)	search	nr	True	835440	836435	left	60	110	85	135	35	10	None	None	testing
3	yn	f	18	red	1	(80, 0)	(40, 69)	(-39, 69)	(-80, 0)	(-40, -69)	(40, -69)	circle	red	same	right	right	(-39, 69)	(80, 0)	search	nr	True	837678	839060	right	85	60	160	35	10	110	None	None	testing
3	yn	f	18	red	1	(80, 0)	(40, 69)	(-39, 69)	(-80, 0)	(-40, -69)	(40, -69)	diamond	none	dif	right	right	N_dist	(-39, 69)	search	nr	True	840283	841156	right	110	35	135	85	160	10	None	None	testing
3	yn	f	18	red	1	(80, 0)	(40, 69)	(-39, 69)	(-80, 0)	(-40, -69)	(40, -69)	circle	red	dif	left	left	(-39, 69)	(80, 0)	search	nr	True	842236	842932	left	160	60	135	10	85	35	None	None	testing
3	yn	f	18	red	1	(80, 0)	(40, 69)	(-39, 69)	(-80, 0)	(-40, -69)	(40, -69)	diamond	red	same	left	left	(-39, 69)	(-80, 0)	search	nr	True	844140	845092	left	85	10	110	35	160	60	None	None	testing
3	yn	f	18	red	1	(80, 0)	(40, 69)	(-39, 69)	(-80, 0)	(-40, -69)	(40, -69)	diamond	red	same	right	right	(-39, 69)	(80, 0)	probe	tar	None	None	None	None	35	110	160	60	135	10	(80, 0)	161	testing
3	yn	f	18	red	1	(80, 0)	(40, 69)	(-39, 69)	(-80, 0)	(-40, -69)	(40, -69)	diamond	none	dif	right	right	N_dist	(40, -69)	search	nr	True	849883	850644	right	35	160	60	110	135	10	None	None	testing
3	yn	f	18	red	1	(80, 0)	(40, 69)	(-39, 69)	(-80, 0)	(-40, -69)	(40, -69)	circle	red	same	right	right	(-39, 69)	(80, 0)	probe	tar	None	None	None	None	60	110	10	85	35	160	(80, 0)	160	testing
3	yn	f	18	red	1	(80, 0)	(40, 69)	(-39, 69)	(-80, 0)	(-40, -69)	(40, -69)	diamond	red	dif	right	right	(-40, -69)	(-80, 0)	probe	tar	None	None	None	None	85	35	10	160	135	110	(-80, 0)	18	testing
3	yn	f	18	red	1	(80, 0)	(40, 69)	(-39, 69)	(-80, 0)	(-40, -69)	(40, -69)	circle	red	same	right	right	(-39, 69)	(-40, -69)	search	nr	True	859752	861044	right	160	10	110	135	85	60	None	None	testing
3	yn	f	18	red	1	(80, 0)	(40, 69)	(-39, 69)	(-80, 0)	(-40, -69)	(40, -69)	circle	none	dif	right	right	N_dist	(40, -69)	search	nr	True	862173	862932	right	110	160	85	10	135	60	None	None	testing
3	yn	f	18	red	1	(80, 0)	(40, 69)	(-39, 69)	(-80, 0)	(-40, -69)	(40, -69)	diamond	none	same	right	right	N_dist	(-80, 0)	probe	l_tar	None	None	None	None	160	110	85	35	10	60	(-80, 0)	168	testing
3	yn	f	18	red	1	(80, 0)	(40, 69)	(-39, 69)	(-80, 0)	(-40, -69)	(40, -69)	diamond	red	dif	right	right	(-39, 69)	(-40, -69)	search	nr	True	868418	869139	right	110	35	160	85	135	10	None	None	testing
3	yn	f	18	red	1	(80, 0)	(40, 69)	(-39, 69)	(-80, 0)	(-40, -69)	(40, -69)	circle	red	same	left	left	(-39, 69)	(-80, 0)	probe	tar	None	None	None	None	135	60	110	85	35	10	(-80, 0)	175	testing
3	yn	f	18	red	1	(80, 0)	(40, 69)	(-39, 69)	(-80, 0)	(-40, -69)	(40, -69)	circle	red	dif	right	right	(40, -69)	(-40, -69)	probe	tar	None	None	None	None	85	135	110	10	160	60	(-40, -69)	25	testing
3	yn	f	18	red	1	(80, 0)	(40, 69)	(-39, 69)	(-80, 0)	(-40, -69)	(40, -69)	diamond	red	dif	right	right	(-39, 69)	(40, -69)	probe	norm	None	None	None	None	85	135	35	160	110	60	(-80, 0)	14	testing
3	yn	f	18	red	1	(80, 0)	(40, 69)	(-39, 69)	(-80, 0)	(-40, -69)	(40, -69)	diamond	red	same	left	left	(80, 0)	(-40, -69)	search	nr	True	883028	883892	left	135	85	60	160	35	110	None	None	testing
3	yn	f	18	red	1	(80, 0)	(40, 69)	(-39, 69)	(-80, 0)	(-40, -69)	(40, -69)	circle	red	dif	left	left	(-39, 69)	(40, -69)	search	nr	True	885166	886179	left	10	35	85	110	60	160	None	None	testing
3	yn	f	18	red	1	(80, 0)	(40, 69)	(-39, 69)	(-80, 0)	(-40, -69)	(40, -69)	diamond	none	dif	left	left	N_dist	(80, 0)	search	nr	True	887469	888116	left	160	85	35	10	110	135	None	None	testing
3	yn	f	18	red	1	(80, 0)	(40, 69)	(-39, 69)	(-80, 0)	(-40, -69)	(40, -69)	diamond	red	dif	left	left	(-39, 69)	(40, -69)	search	nr	True	889206	889828	left	110	10	135	60	35	160	None	None	testing
3	yn	f	18	red	1	(80, 0)	(40, 69)	(-39, 69)	(-80, 0)	(-40, -69)	(40, -69)	diamond	red	dif	left	left	(-40, -69)	(40, 69)	search	nr	True	890943	891796	left	135	35	85	110	10	60	None	None	testing
3	yn	f	18	red	1	(80, 0)	(40, 69)	(-39, 69)	(-80, 0)	(-40, -69)	(40, -69)	diamond	red	same	left	left	(80, 0)	(-40, -69)	probe	l_sin	None	None	None	None	160	60	135	10	85	110	(80, 0)	26	testing
3	yn	f	18	red	1	(80, 0)	(40, 69)	(-39, 69)	(-80, 0)	(-40, -69)	(40, -69)	circle	red	dif	left	left	(80, 0)	(40, 69)	search	nr	True	896837	897604	right	60	160	10	135	110	35	None	None	testing
3	yn	f	18	red	1	(80, 0)	(40, 69)	(-39, 69)	(-80, 0)	(-40, -69)	(40, -69)	circle	red	dif	right	right	(-39, 69)	(40, -69)	search	nr	True	900360	901108	right	35	10	135	60	85	110	None	None	testing
3	yn	f	18	red	1	(80, 0)	(40, 69)	(-39, 69)	(-80, 0)	(-40, -69)	(40, -69)	diamond	red	same	right	right	(-39, 69)	(80, 0)	search	nr	True	902213	903364	right	85	110	135	35	160	10	None	None	testing
3	yn	f	18	red	1	(80, 0)	(40, 69)	(-39, 69)	(-80, 0)	(-40, -69)	(40, -69)	circle	red	dif	left	left	(-39, 69)	(80, 0)	search	nr	True	904534	905220	left	110	35	10	160	135	85	None	None	testing
3	yn	f	18	red	1	(80, 0)	(40, 69)	(-39, 69)	(-80, 0)	(-40, -69)	(40, -69)	diamond	red	same	left	left	(-39, 69)	(80, 0)	search	nr	True	906471	907044	left	160	110	35	60	85	135	None	None	testing
3	yn	f	18	red	1	(80, 0)	(40, 69)	(-39, 69)	(-80, 0)	(-40, -69)	(40, -69)	circle	none	same	right	right	N_dist	(-39, 69)	search	nr	True	908158	909124	right	160	135	110	35	85	10	None	None	testing
3	yn	f	18	red	1	(80, 0)	(40, 69)	(-39, 69)	(-80, 0)	(-40, -69)	(40, -69)	circle	none	same	left	left	N_dist	(40, 69)	probe	h_norm	None	None	None	None	10	160	35	135	85	110	(-39, 69)	167	testing
3	yn	f	18	red	1	(80, 0)	(40, 69)	(-39, 69)	(-80, 0)	(-40, -69)	(40, -69)	circle	red	dif	left	left	(-80, 0)	(80, 0)	search	nr	True	914653	915732	left	85	110	135	10	35	60	None	None	testing
3	yn	f	18	red	1	(80, 0)	(40, 69)	(-39, 69)	(-80, 0)	(-40, -69)	(40, -69)	circle	none	same	right	right	N_dist	(-40, -69)	search	nr	True	916840	918308	right	35	60	10	160	85	135	None	None	testing
3	yn	f	18	red	1	(80, 0)	(40, 69)	(-39, 69)	(-80, 0)	(-40, -69)	(40, -69)	diamond	red	dif	left	left	(-39, 69)	(40, -69)	search	nr	True	919595	920244	left	110	10	160	35	135	85	None	None	testing
3	yn	f	18	red	1	(80, 0)	(40, 69)	(-39, 69)	(-80, 0)	(-40, -69)	(40, -69)	circle	red	same	right	right	(-39, 69)	(-40, -69)	search	nr	True	921416	922772	right	10	35	110	160	85	135	None	None	testing
3	yn	f	18	red	1	(80, 0)	(40, 69)	(-39, 69)	(-80, 0)	(-40, -69)	(40, -69)	circle	red	dif	right	right	(-40, -69)	(40, 69)	search	nr	True	923954	924820	right	60	85	160	135	35	10	None	None	testing
3	yn	f	18	red	1	(80, 0)	(40, 69)	(-39, 69)	(-80, 0)	(-40, -69)	(40, -69)	diamond	none	dif	left	left	N_dist	(-40, -69)	search	nr	True	926074	926916	left	60	110	160	135	85	35	None	None	testing
3	yn	f	18	red	1	(80, 0)	(40, 69)	(-39, 69)	(-80, 0)	(-40, -69)	(40, -69)	circle	red	same	left	left	(40, 69)	(-40, -69)	search	nr	True	928078	928836	left	10	85	35	110	60	160	None	None	testing
3	yn	f	18	red	1	(80, 0)	(40, 69)	(-39, 69)	(-80, 0)	(-40, -69)	(40, -69)	diamond	red	dif	right	right	(80, 0)	(-40, -69)	search	nr	True	929948	931572	right	135	160	85	10	60	110	None	None	testing
3	yn	f	18	red	1	(80, 0)	(40, 69)	(-39, 69)	(-80, 0)	(-40, -69)	(40, -69)	circle	red	dif	right	right	(-80, 0)	(40, -69)	search	nr	True	932686	934276	right	60	35	110	160	10	85	None	None	testing
3	yn	f	18	red	1	(80, 0)	(40, 69)	(-39, 69)	(-80, 0)	(-40, -69)	(40, -69)	diamond	none	same	right	right	N_dist	(40, -69)	search	nr	True	935358	936067	right	110	35	10	60	135	85	None	None	testing
3	yn	f	18	red	1	(80, 0)	(40, 69)	(-39, 69)	(-80, 0)	(-40, -69)	(40, -69)	circle	none	dif	right	right	N_dist	(-80, 0)	probe	l_tar	None	None	None	None	135	10	85	35	60	160	(-80, 0)	171	testing
3	yn	f	18	red	1	(80, 0)	(40, 69)	(-39, 69)	(-80, 0)	(-40, -69)	(40, -69)	diamond	none	same	left	left	N_dist	(-40, -69)	probe	l_tar	None	None	None	None	35	85	60	10	135	110	(-40, -69)	168	testing
3	yn	f	18	red	1	(80, 0)	(40, 69)	(-39, 69)	(-80, 0)	(-40, -69)	(40, -69)	circle	red	same	right	right	(40, -69)	(80, 0)	probe	tar	None	None	None	None	60	110	10	160	135	85	(80, 0)	161	testing
3	yn	f	18	red	1	(80, 0)	(40, 69)	(-39, 69)	(-80, 0)	(-40, -69)	(40, -69)	circle	none	same	right	right	N_dist	(-40, -69)	search	nr	True	949083	949844	right	160	135	85	35	60	110	None	None	testing
3	yn	f	18	red	1	(80, 0)	(40, 69)	(-39, 69)	(-80, 0)	(-40, -69)	(40, -69)	diamond	none	dif	left	left	N_dist	(40, -69)	search	nr	True	951120	952084	left	85	10	135	110	160	35	None	None	testing
3	yn	f	18	red	1	(80, 0)	(40, 69)	(-39, 69)	(-80, 0)	(-40, -69)	(40, -69)	circle	red	dif	left	left	(-39, 69)	(-80, 0)	search	nr	True	953274	954547	left	135	35	160	85	110	10	None	None	testing
3	yn	f	18	red	1	(80, 0)	(40, 69)	(-39, 69)	(-80, 0)	(-40, -69)	(40, -69)	circle	none	dif	right	right	N_dist	(-80, 0)	search	nr	True	955745	956836	right	160	35	10	135	85	60	None	None	testing
3	yn	f	18	red	1	(80, 0)	(40, 69)	(-39, 69)	(-80, 0)	(-40, -69)	(40, -69)	diamond	red	same	right	right	(40, 69)	(40, -69)	search	nr	True	958000	959508	right	85	110	135	60	35	10	None	None	testing
3	yn	f	18	red	1	(80, 0)	(40, 69)	(-39, 69)	(-80, 0)	(-40, -69)	(40, -69)	circle	none	same	left	left	N_dist	(80, 0)	search	nr	True	960571	961524	left	10	35	160	60	110	85	None	None	testing
3	yn	f	18	red	1	(80, 0)	(40, 69)	(-39, 69)	(-80, 0)	(-40, -69)	(40, -69)	diamond	red	dif	right	right	(-39, 69)	(-40, -69)	search	nr	True	962658	964005	right	160	110	85	135	35	10	None	None	testing
3	yn	f	18	red	1	(80, 0)	(40, 69)	(-39, 69)	(-80, 0)	(-40, -69)	(40, -69)	circle	red	same	left	left	(-40, -69)	(40, -69)	probe	l_sin	None	None	None	None	35	135	10	110	160	85	(-40, -69)	26	testing
3	yn	f	18	red	1	(80, 0)	(40, 69)	(-39, 69)	(-80, 0)	(-40, -69)	(40, -69)	diamond	red	dif	right	right	(80, 0)	(-40, -69)	search	nr	True	968953	969699	right	60	10	110	85	135	35	None	None	testing
3	yn	f	18	red	1	(80, 0)	(40, 69)	(-39, 69)	(-80, 0)	(-40, -69)	(40, -69)	circle	red	same	right	right	(-39, 69)	(80, 0)	search	nr	True	970873	971684	right	10	85	160	35	110	135	None	None	testing
3	yn	f	18	red	1	(80, 0)	(40, 69)	(-39, 69)	(-80, 0)	(-40, -69)	(40, -69)	circle	none	dif	left	left	N_dist	(40, 69)	probe	h_norm	None	None	None	None	10	160	110	85	60	35	(-39, 69)	171	testing
3	yn	f	18	red	1	(80, 0)	(40, 69)	(-39, 69)	(-80, 0)	(-40, -69)	(40, -69)	diamond	red	same	right	right	(-39, 69)	(80, 0)	search	nr	True	976584	977764	right	135	35	110	60	160	10	None	None	testing
3	yn	f	18	red	1	(80, 0)	(40, 69)	(-39, 69)	(-80, 0)	(-40, -69)	(40, -69)	diamond	red	dif	right	right	(80, 0)	(40, 69)	probe	norm	None	None	None	None	110	35	85	10	60	135	(-80, 0)	13	testing
3	yn	f	18	red	1	(80, 0)	(40, 69)	(-39, 69)	(-80, 0)	(-40, -69)	(40, -69)	circle	none	dif	right	right	N_dist	(-80, 0)	search	nr	True	983095	984372	right	85	35	135	110	160	60	None	None	testing
3	yn	f	18	red	1	(80, 0)	(40, 69)	(-39, 69)	(-80, 0)	(-40, -69)	(40, -69)	diamond	red	dif	left	left	(40, -69)	(40, 69)	probe	l_sin	None	None	None	None	10	110	135	60	85	160	(40, -69)	21	testing
3	yn	f	18	red	1	(80, 0)	(40, 69)	(-39, 69)	(-80, 0)	(-40, -69)	(40, -69)	circle	none	dif	left	left	N_dist	(40, -69)	search	nr	True	989791	990628	left	35	85	135	60	10	110	None	None	testing
3	yn	f	18	red	1	(80, 0)	(40, 69)	(-39, 69)	(-80, 0)	(-40, -69)	(40, -69)	diamond	red	same	left	left	(-80, 0)	(-40, -69)	probe	norm	None	None	None	None	10	35	135	110	160	85	(-39, 69)	17	testing
3	yn	f	18	red	1	(80, 0)	(40, 69)	(-39, 69)	(-80, 0)	(-40, -69)	(40, -69)	circle	red	same	left	left	(-39, 69)	(80, 0)	probe	norm	None	None	None	None	135	110	35	85	60	160	(-40, -69)	173	testing
3	yn	f	18	red	1	(80, 0)	(40, 69)	(-39, 69)	(-80, 0)	(-40, -69)	(40, -69)	diamond	red	same	right	right	(40, 69)	(40, -69)	search	nr	True	1000510	1001988	right	110	35	60	85	135	160	None	None	testing
3	yn	f	18	red	1	(80, 0)	(40, 69)	(-39, 69)	(-80, 0)	(-40, -69)	(40, -69)	circle	red	dif	left	left	(-39, 69)	(-80, 0)	probe	h_sin	None	None	None	None	10	135	110	35	160	60	(-39, 69)	168	testing
3	yn	f	18	red	1	(80, 0)	(40, 69)	(-39, 69)	(-80, 0)	(-40, -69)	(40, -69)	circle	red	same	right	right	(40, 69)	(-40, -69)	search	nr	True	1007473	1008804	right	60	10	35	110	85	160	None	None	testing
3	yn	f	18	red	1	(80, 0)	(40, 69)	(-39, 69)	(-80, 0)	(-40, -69)	(40, -69)	diamond	red	dif	left	left	(-39, 69)	(-80, 0)	probe	h_sin	None	None	None	None	85	60	160	35	135	110	(-39, 69)	21	testing
3	yn	f	18	red	1	(80, 0)	(40, 69)	(-39, 69)	(-80, 0)	(-40, -69)	(40, -69)	circle	none	dif	left	left	N_dist	(40, -69)	probe	l_tar	None	None	None	None	35	135	85	160	60	110	(40, -69)	18	testing
3	yn	f	18	red	1	(80, 0)	(40, 69)	(-39, 69)	(-80, 0)	(-40, -69)	(40, -69)	diamond	none	dif	right	right	N_dist	(-80, 0)	probe	l_norm	None	None	None	None	60	110	35	160	135	85	(40, -69)	20	testing
3	yn	f	18	red	1	(80, 0)	(40, 69)	(-39, 69)	(-80, 0)	(-40, -69)	(40, -69)	circle	red	same	left	left	(-39, 69)	(40, 69)	search	nr	True	1022067	1023572	left	35	85	110	135	60	160	None	None	testing
3	yn	f	18	red	1	(80, 0)	(40, 69)	(-39, 69)	(-80, 0)	(-40, -69)	(40, -69)	diamond	none	dif	left	left	N_dist	(-40, -69)	probe	h_norm	None	None	None	None	160	60	10	110	135	85	(-39, 69)	6	testing
3	yn	f	18	red	1	(80, 0)	(40, 69)	(-39, 69)	(-80, 0)	(-40, -69)	(40, -69)	circle	red	same	left	left	(-39, 69)	(40, 69)	probe	norm	None	None	None	None	110	85	135	160	35	60	(80, 0)	2	testing
3	yn	f	18	red	1	(80, 0)	(40, 69)	(-39, 69)	(-80, 0)	(-40, -69)	(40, -69)	diamond	red	dif	right	right	(-39, 69)	(-40, -69)	search	nr	True	1032519	1033860	right	110	60	10	135	85	160	None	None	testing
3	yn	f	18	red	1	(80, 0)	(40, 69)	(-39, 69)	(-80, 0)	(-40, -69)	(40, -69)	diamond	red	dif	right	right	(-39, 69)	(-80, 0)	search	nr	True	1034974	1035700	right	135	85	160	110	10	35	None	None	testing
3	yn	f	18	red	1	(80, 0)	(40, 69)	(-39, 69)	(-80, 0)	(-40, -69)	(40, -69)	diamond	red	dif	left	left	(-39, 69)	(-40, -69)	probe	tar	None	None	None	None	10	35	85	135	110	160	(-40, -69)	13	testing
3	yn	f	18	red	1	(80, 0)	(40, 69)	(-39, 69)	(-80, 0)	(-40, -69)	(40, -69)	circle	none	same	right	right	N_dist	(40, 69)	search	nr	True	1042037	1042868	right	110	160	35	85	135	60	None	None	testing
3	yn	f	18	red	1	(80, 0)	(40, 69)	(-39, 69)	(-80, 0)	(-40, -69)	(40, -69)	circle	red	same	right	right	(40, -69)	(80, 0)	search	nr	True	1044141	1045668	right	110	10	160	60	135	35	None	None	testing
3	yn	f	18	red	1	(80, 0)	(40, 69)	(-39, 69)	(-80, 0)	(-40, -69)	(40, -69)	circle	red	same	left	left	(-40, -69)	(40, -69)	search	nr	True	1046830	1047604	left	135	60	10	35	85	110	None	None	testing
3	yn	f	18	red	1	(80, 0)	(40, 69)	(-39, 69)	(-80, 0)	(-40, -69)	(40, -69)	diamond	red	dif	left	left	(-39, 69)	(-80, 0)	search	nr	True	1048750	1050084	left	10	160	60	110	85	135	None	None	testing
3	yn	f	18	red	1	(80, 0)	(40, 69)	(-39, 69)	(-80, 0)	(-40, -69)	(40, -69)	diamond	none	dif	right	right	N_dist	(40, -69)	probe	l_tar	None	None	None	None	60	10	85	160	35	135	(40, -69)	25	testing
3	yn	f	18	red	1	(80, 0)	(40, 69)	(-39, 69)	(-80, 0)	(-40, -69)	(40, -69)	diamond	none	same	right	right	N_dist	(-80, 0)	search	nr	True	1055128	1055908	right	110	85	35	135	60	160	None	None	testing
3	yn	f	18	red	1	(80, 0)	(40, 69)	(-39, 69)	(-80, 0)	(-40, -69)	(40, -69)	diamond	none	dif	left	left	N_dist	(40, 69)	search	nr	True	1056981	1057588	left	135	35	160	60	110	10	None	None	testing
3	yn	f	18	red	1	(80, 0)	(40, 69)	(-39, 69)	(-80, 0)	(-40, -69)	(40, -69)	diamond	red	same	right	right	(40, 69)	(40, -69)	probe	l_sin	None	None	None	None	110	135	35	160	60	85	(40, 69)	12	testing
3	yn	f	18	red	1	(80, 0)	(40, 69)	(-39, 69)	(-80, 0)	(-40, -69)	(40, -69)	circle	none	dif	right	right	N_dist	(40, 69)	search	nr	True	1062826	1063700	right	35	110	60	135	10	160	None	None	testing
3	yn	f	18	red	1	(80, 0)	(40, 69)	(-39, 69)	(-80, 0)	(-40, -69)	(40, -69)	diamond	red	same	right	right	(-39, 69)	(80, 0)	search	nr	True	1064979	1066420	right	160	135	85	35	60	110	None	None	testing
3	yn	f	18	red	1	(80, 0)	(40, 69)	(-39, 69)	(-80, 0)	(-40, -69)	(40, -69)	diamond	none	dif	right	right	N_dist	(-80, 0)	search	nr	True	1067634	1068276	right	85	110	35	60	160	135	None	None	testing
3	yn	f	18	red	1	(80, 0)	(40, 69)	(-39, 69)	(-80, 0)	(-40, -69)	(40, -69)	diamond	none	dif	left	left	N_dist	(-80, 0)	search	nr	True	1069454	1070196	left	160	10	85	60	35	135	None	None	testing
3	yn	f	18	red	1	(80, 0)	(40, 69)	(-39, 69)	(-80, 0)	(-40, -69)	(40, -69)	circle	red	same	right	right	(-39, 69)	(-40, -69)	search	nr	True	1071324	1072788	right	60	35	110	10	135	85	None	None	testing
3	yn	f	18	red	1	(80, 0)	(40, 69)	(-39, 69)	(-80, 0)	(-40, -69)	(40, -69)	circle	none	same	right	right	N_dist	(-39, 69)	probe	h_tar	None	None	None	None	35	10	135	85	110	160	(-39, 69)	6	testing
3	yn	f	18	red	1	(80, 0)	(40, 69)	(-39, 69)	(-80, 0)	(-40, -69)	(40, -69)	diamond	red	same	left	left	(-80, 0)	(-40, -69)	search	nr	True	1077569	1078675	left	85	160	35	110	60	10	None	None	testing
3	yn	f	18	red	1	(80, 0)	(40, 69)	(-39, 69)	(-80, 0)	(-40, -69)	(40, -69)	diamond	red	dif	left	left	(-39, 69)	(40, -69)	probe	tar	None	None	None	None	110	160	85	135	60	10	(40, -69)	158	testing
3	yn	f	18	red	1	(80, 0)	(40, 69)	(-39, 69)	(-80, 0)	(-40, -69)	(40, -69)	circle	red	same	left	left	(-39, 69)	(40, -69)	search	nr	True	1084398	1085748	left	160	110	10	60	35	135	None	None	testing
3	yn	f	18	red	1	(80, 0)	(40, 69)	(-39, 69)	(-80, 0)	(-40, -69)	(40, -69)	circle	none	same	right	right	N_dist	(40, 69)	probe	l_norm	None	None	None	None	35	10	110	160	135	85	(-40, -69)	165	testing
3	yn	f	18	red	1	(80, 0)	(40, 69)	(-39, 69)	(-80, 0)	(-40, -69)	(40, -69)	circle	red	same	right	right	(-39, 69)	(40, 69)	search	nr	True	1091678	1092420	right	10	60	85	135	35	110	None	None	testing
3	yn	f	18	red	1	(80, 0)	(40, 69)	(-39, 69)	(-80, 0)	(-40, -69)	(40, -69)	circle	none	dif	left	left	N_dist	(-39, 69)	probe	h_tar	None	None	None	None	10	135	35	110	160	60	(-39, 69)	163	testing
3	yn	f	18	red	1	(80, 0)	(40, 69)	(-39, 69)	(-80, 0)	(-40, -69)	(40, -69)	circle	none	same	right	right	N_dist	(40, -69)	search	nr	True	1098057	1098740	right	135	60	35	10	85	110	None	None	testing
3	yn	f	18	red	1	(80, 0)	(40, 69)	(-39, 69)	(-80, 0)	(-40, -69)	(40, -69)	diamond	none	same	right	right	N_dist	(-80, 0)	search	nr	True	1100060	1101188	right	60	85	10	35	135	160	None	None	testing
3	yn	f	18	red	1	(80, 0)	(40, 69)	(-39, 69)	(-80, 0)	(-40, -69)	(40, -69)	circle	red	dif	right	right	(-39, 69)	(40, -69)	search	nr	True	1102398	1103204	right	10	60	110	35	160	135	None	None	testing
3	yn	f	18	red	1	(80, 0)	(40, 69)	(-39, 69)	(-80, 0)	(-40, -69)	(40, -69)	diamond	red	same	left	left	(-39, 69)	(40, 69)	search	nr	True	1104435	1105076	left	60	35	135	85	110	160	None	None	testing
3	yn	f	18	red	1	(80, 0)	(40, 69)	(-39, 69)	(-80, 0)	(-40, -69)	(40, -69)	diamond	none	same	right	right	N_dist	(-80, 0)	probe	l_tar	None	None	None	None	110	60	10	35	85	160	(-80, 0)	167	testing
3	yn	f	18	red	1	(80, 0)	(40, 69)	(-39, 69)	(-80, 0)	(-40, -69)	(40, -69)	diamond	none	same	left	left	N_dist	(-39, 69)	search	nr	True	1111281	1112004	left	35	135	110	10	160	60	None	None	testing
3	yn	f	18	red	1	(80, 0)	(40, 69)	(-39, 69)	(-80, 0)	(-40, -69)	(40, -69)	circle	red	dif	right	right	(-39, 69)	(-80, 0)	probe	tar	None	None	None	None	135	110	160	10	60	35	(-80, 0)	5	testing
3	yn	f	18	red	1	(80, 0)	(40, 69)	(-39, 69)	(-80, 0)	(-40, -69)	(40, -69)	circle	red	same	left	left	(-39, 69)	(40, 69)	probe	h_sin	None	None	None	None	35	85	10	110	60	135	(-39, 69)	163	testing
3	yn	f	18	red	1	(80, 0)	(40, 69)	(-39, 69)	(-80, 0)	(-40, -69)	(40, -69)	circle	red	dif	right	right	(40, 69)	(-40, -69)	search	nr	True	1124138	1125348	right	135	85	60	160	35	110	None	None	testing
3	yn	f	18	red	1	(80, 0)	(40, 69)	(-39, 69)	(-80, 0)	(-40, -69)	(40, -69)	diamond	red	same	right	right	(-39, 69)	(-40, -69)	probe	h_sin	None	None	None	None	35	85	60	135	10	160	(-39, 69)	70	testing
3	yn	f	18	red	1	(80, 0)	(40, 69)	(-39, 69)	(-80, 0)	(-40, -69)	(40, -69)	circle	red	dif	left	left	(-39, 69)	(-40, -69)	probe	norm	None	None	None	None	85	10	35	135	160	60	(40, -69)	19	testing
3	yn	f	18	red	1	(80, 0)	(40, 69)	(-39, 69)	(-80, 0)	(-40, -69)	(40, -69)	circle	none	dif	left	left	N_dist	(40, 69)	search	nr	True	1139250	1139860	left	160	85	135	60	35	110	None	None	testing
3	yn	f	18	red	1	(80, 0)	(40, 69)	(-39, 69)	(-80, 0)	(-40, -69)	(40, -69)	circle	none	dif	right	right	N_dist	(40, 69)	search	nr	True	1140986	1141652	right	60	135	85	10	35	110	None	None	testing
3	yn	f	18	red	1	(80, 0)	(40, 69)	(-39, 69)	(-80, 0)	(-40, -69)	(40, -69)	circle	red	dif	left	left	(40, -69)	(80, 0)	probe	norm	None	None	None	None	85	110	35	10	135	60	(-40, -69)	170	testing
3	yn	f	18	red	1	(80, 0)	(40, 69)	(-39, 69)	(-80, 0)	(-40, -69)	(40, -69)	circle	red	dif	left	left	(-39, 69)	(-80, 0)	probe	norm	None	None	None	None	85	110	135	35	160	60	(-40, -69)	23	testing
3	yn	f	18	red	1	(80, 0)	(40, 69)	(-39, 69)	(-80, 0)	(-40, -69)	(40, -69)	circle	red	same	left	left	(40, 69)	(-40, -69)	probe	l_sin	None	None	None	None	10	110	60	85	135	35	(40, 69)	19	testing
3	yn	f	18	red	1	(80, 0)	(40, 69)	(-39, 69)	(-80, 0)	(-40, -69)	(40, -69)	circle	red	same	left	left	(-40, -69)	(40, -69)	search	nr	True	1156498	1157284	left	10	135	160	110	85	35	None	None	testing
3	yn	f	18	red	1	(80, 0)	(40, 69)	(-39, 69)	(-80, 0)	(-40, -69)	(40, -69)	circle	none	dif	right	right	N_dist	(-39, 69)	search	nr	True	1158468	1159172	right	160	110	135	10	35	85	None	None	testing
3	yn	f	18	red	1	(80, 0)	(40, 69)	(-39, 69)	(-80, 0)	(-40, -69)	(40, -69)	diamond	none	same	left	left	N_dist	(80, 0)	search	nr	True	1160438	1161284	left	160	35	10	85	135	60	None	None	testing
3	yn	f	18	red	1	(80, 0)	(40, 69)	(-39, 69)	(-80, 0)	(-40, -69)	(40, -69)	diamond	none	dif	right	right	N_dist	(80, 0)	search	nr	True	1162358	1163076	right	60	35	85	160	10	110	None	None	testing
3	yn	f	18	red	1	(80, 0)	(40, 69)	(-39, 69)	(-80, 0)	(-40, -69)	(40, -69)	diamond	red	dif	right	right	(80, 0)	(-40, -69)	probe	tar	None	None	None	None	110	10	85	60	35	135	(-40, -69)	165	testing
3	yn	f	18	red	1	(80, 0)	(40, 69)	(-39, 69)	(-80, 0)	(-40, -69)	(40, -69)	diamond	red	same	left	left	(-80, 0)	(-40, -69)	search	nr	True	1168603	1169540	left	135	35	110	160	85	10	None	None	testing
3	yn	f	18	red	1	(80, 0)	(40, 69)	(-39, 69)	(-80, 0)	(-40, -69)	(40, -69)	circle	red	same	right	right	(-39, 69)	(-40, -69)	probe	norm	None	None	None	None	135	10	85	110	60	35	(40, -69)	159	testing
3	yn	f	18	red	1	(80, 0)	(40, 69)	(-39, 69)	(-80, 0)	(-40, -69)	(40, -69)	circle	red	dif	right	right	(-40, -69)	(40, 69)	probe	l_sin	None	None	None	None	160	60	35	110	10	135	(-40, -69)	166	testing
3	yn	f	18	red	1	(80, 0)	(40, 69)	(-39, 69)	(-80, 0)	(-40, -69)	(40, -69)	diamond	none	same	left	left	N_dist	(80, 0)	probe	h_norm	None	None	None	None	35	110	10	135	85	160	(-39, 69)	54	testing
3	yn	f	18	red	1	(80, 0)	(40, 69)	(-39, 69)	(-80, 0)	(-40, -69)	(40, -69)	diamond	none	same	right	right	N_dist	(-39, 69)	search	nr	True	1186553	1188323	right	110	10	85	135	60	160	None	None	testing
3	yn	f	18	red	1	(80, 0)	(40, 69)	(-39, 69)	(-80, 0)	(-40, -69)	(40, -69)	circle	red	dif	left	left	(80, 0)	(40, 69)	probe	l_sin	None	None	None	None	60	135	85	35	110	160	(80, 0)	15	testing
3	yn	f	18	red	1	(80, 0)	(40, 69)	(-39, 69)	(-80, 0)	(-40, -69)	(40, -69)	diamond	red	dif	left	left	(-39, 69)	(80, 0)	probe	norm	None	None	None	None	35	110	160	10	60	85	(-40, -69)	162	testing
3	yn	f	18	red	1	(80, 0)	(40, 69)	(-39, 69)	(-80, 0)	(-40, -69)	(40, -69)	circle	none	same	left	left	N_dist	(80, 0)	search	nr	True	1198492	1199219	left	85	160	35	60	135	110	None	None	testing
3	yn	f	18	red	1	(80, 0)	(40, 69)	(-39, 69)	(-80, 0)	(-40, -69)	(40, -69)	circle	none	same	right	right	N_dist	(40, 69)	search	nr	True	1200295	1201204	right	160	10	35	85	135	60	None	None	testing
3	yn	f	18	red	1	(80, 0)	(40, 69)	(-39, 69)	(-80, 0)	(-40, -69)	(40, -69)	diamond	none	same	right	right	N_dist	(-80, 0)	probe	h_norm	None	None	None	None	160	35	110	60	85	10	(-39, 69)	158	testing
3	yn	f	18	red	1	(80, 0)	(40, 69)	(-39, 69)	(-80, 0)	(-40, -69)	(40, -69)	circle	red	same	right	right	(-39, 69)	(-40, -69)	probe	h_sin	None	None	None	None	85	10	60	160	35	110	(-39, 69)	9	testing
3	yn	f	18	red	1	(80, 0)	(40, 69)	(-39, 69)	(-80, 0)	(-40, -69)	(40, -69)	circle	none	dif	left	left	N_dist	(40, 69)	search	nr	True	1214287	1215299	left	10	85	135	60	160	110	None	None	testing
3	yn	f	18	red	1	(80, 0)	(40, 69)	(-39, 69)	(-80, 0)	(-40, -69)	(40, -69)	circle	red	same	right	right	(-39, 69)	(40, 69)	search	nr	True	1216474	1218179	right	85	135	60	10	110	35	None	None	testing
3	yn	f	18	red	1	(80, 0)	(40, 69)	(-39, 69)	(-80, 0)	(-40, -69)	(40, -69)	circle	red	dif	right	right	(-39, 69)	(40, -69)	search	nr	True	1219463	1220372	right	10	35	60	85	160	110	None	None	testing
3	yn	f	18	red	1	(80, 0)	(40, 69)	(-39, 69)	(-80, 0)	(-40, -69)	(40, -69)	circle	red	same	left	left	(-39, 69)	(40, 69)	search	nr	True	1221567	1222404	left	85	135	160	35	110	60	None	None	testing
3	yn	f	18	red	1	(80, 0)	(40, 69)	(-39, 69)	(-80, 0)	(-40, -69)	(40, -69)	diamond	red	dif	right	right	(-39, 69)	(-80, 0)	search	nr	True	1223621	1224788	right	110	35	10	160	135	60	None	None	testing
3	yn	f	18	red	1	(80, 0)	(40, 69)	(-39, 69)	(-80, 0)	(-40, -69)	(40, -69)	diamond	none	dif	left	left	N_dist	(-80, 0)	probe	h_norm	None	None	None	None	110	60	35	85	135	160	(-39, 69)	162	testing
3	yn	f	18	red	1	(80, 0)	(40, 69)	(-39, 69)	(-80, 0)	(-40, -69)	(40, -69)	diamond	none	same	left	left	N_dist	(40, 69)	probe	h_norm	None	None	None	None	85	160	60	35	110	10	(-39, 69)	166	testing
3	yn	f	18	red	1	(80, 0)	(40, 69)	(-39, 69)	(-80, 0)	(-40, -69)	(40, -69)	diamond	none	same	left	left	N_dist	(80, 0)	search	nr	True	1234825	1235492	left	135	110	35	10	160	60	None	None	testing
3	yn	f	18	red	1	(80, 0)	(40, 69)	(-39, 69)	(-80, 0)	(-40, -69)	(40, -69)	diamond	red	same	left	left	(-39, 69)	(80, 0)	probe	h_sin	None	None	None	None	135	60	35	10	85	110	(-39, 69)	13	testing
3	yn	f	18	red	1	(80, 0)	(40, 69)	(-39, 69)	(-80, 0)	(-40, -69)	(40, -69)	diamond	red	same	right	right	(-39, 69)	(40, -69)	search	nr	True	1240586	1241651	right	110	35	160	10	85	135	None	None	testing
3	yn	f	18	red	1	(80, 0)	(40, 69)	(-39, 69)	(-80, 0)	(-40, -69)	(40, -69)	circle	none	same	right	right	N_dist	(-39, 69)	search	nr	True	1242839	1244131	right	60	135	110	85	10	35	None	None	testing
3	yn	f	18	red	1	(80, 0)	(40, 69)	(-39, 69)	(-80, 0)	(-40, -69)	(40, -69)	circle	none	dif	left	left	N_dist	(40, -69)	search	nr	True	1245328	1245971	left	60	110	160	135	85	10	None	None	testing
3	yn	f	18	red	1	(80, 0)	(40, 69)	(-39, 69)	(-80, 0)	(-40, -69)	(40, -69)	diamond	none	dif	right	right	N_dist	(40, -69)	search	nr	True	1247097	1247843	right	10	85	60	35	110	135	None	None	testing
3	yn	f	18	red	1	(80, 0)	(40, 69)	(-39, 69)	(-80, 0)	(-40, -69)	(40, -69)	diamond	red	same	left	left	(-39, 69)	(-80, 0)	search	nr	True	1249101	1250803	left	60	135	160	35	85	10	None	None	testing
3	yn	f	18	red	1	(80, 0)	(40, 69)	(-39, 69)	(-80, 0)	(-40, -69)	(40, -69)	diamond	red	dif	right	right	(-80, 0)	(80, 0)	search	nr	True	1252107	1252803	right	85	135	60	160	110	10	None	None	testing
3	yn	f	18	red	1	(80, 0)	(40, 69)	(-39, 69)	(-80, 0)	(-40, -69)	(40, -69)	circle	red	same	left	left	(-39, 69)	(40, -69)	probe	h_sin	None	None	None	None	85	10	110	160	135	35	(-39, 69)	14	testing
3	yn	f	18	red	1	(80, 0)	(40, 69)	(-39, 69)	(-80, 0)	(-40, -69)	(40, -69)	circle	red	same	right	right	(40, -69)	(40, 69)	search	nr	True	1258753	1260148	right	110	35	160	85	135	10	None	None	testing
3	yn	f	18	red	1	(80, 0)	(40, 69)	(-39, 69)	(-80, 0)	(-40, -69)	(40, -69)	diamond	red	dif	right	right	(-40, -69)	(40, 69)	search	nr	True	1261223	1262020	right	35	110	60	135	85	10	None	None	testing
3	yn	f	18	red	1	(80, 0)	(40, 69)	(-39, 69)	(-80, 0)	(-40, -69)	(40, -69)	circle	red	same	left	left	(40, 69)	(-40, -69)	search	nr	True	1263194	1264452	left	60	110	135	10	35	85	None	None	testing
3	yn	f	18	red	1	(80, 0)	(40, 69)	(-39, 69)	(-80, 0)	(-40, -69)	(40, -69)	circle	red	same	left	left	(-39, 69)	(80, 0)	search	nr	True	1265681	1266372	left	60	85	10	110	160	35	None	None	testing
3	yn	f	18	red	1	(80, 0)	(40, 69)	(-39, 69)	(-80, 0)	(-40, -69)	(40, -69)	diamond	red	dif	right	right	(-40, -69)	(-80, 0)	search	nr	True	1267435	1269091	right	10	135	35	60	110	85	None	None	testing
3	yn	f	18	red	1	(80, 0)	(40, 69)	(-39, 69)	(-80, 0)	(-40, -69)	(40, -69)	diamond	none	dif	left	left	N_dist	(80, 0)	search	nr	True	1270273	1270820	left	35	10	160	60	85	135	None	None	testing
3	yn	f	18	red	1	(80, 0)	(40, 69)	(-39, 69)	(-80, 0)	(-40, -69)	(40, -69)	diamond	red	dif	right	right	(-80, 0)	(80, 0)	search	nr	True	1272010	1272819	right	110	135	85	35	10	160	None	None	testing
3	yn	f	18	red	1	(80, 0)	(40, 69)	(-39, 69)	(-80, 0)	(-40, -69)	(40, -69)	diamond	red	dif	left	left	(40, 69)	(80, 0)	search	nr	True	1273914	1274452	left	60	110	160	135	85	35	None	None	testing
3	yn	f	18	red	1	(80, 0)	(40, 69)	(-39, 69)	(-80, 0)	(-40, -69)	(40, -69)	diamond	none	same	right	right	N_dist	(-80, 0)	search	nr	True	1275734	1276948	right	135	110	85	10	60	35	None	None	testing
3	yn	f	18	red	1	(80, 0)	(40, 69)	(-39, 69)	(-80, 0)	(-40, -69)	(40, -69)	diamond	red	dif	left	left	(-39, 69)	(40, 69)	probe	tar	None	None	None	None	35	10	135	110	160	60	(40, 69)	152	testing
3	yn	f	18	red	1	(80, 0)	(40, 69)	(-39, 69)	(-80, 0)	(-40, -69)	(40, -69)	diamond	red	same	right	right	(-39, 69)	(-40, -69)	search	nr	True	1283248	1284116	right	60	110	135	35	85	10	None	None	testing
3	yn	f	18	red	1	(80, 0)	(40, 69)	(-39, 69)	(-80, 0)	(-40, -69)	(40, -69)	diamond	red	dif	right	right	(80, 0)	(40, 69)	search	nr	True	1285217	1286324	right	10	60	110	85	35	160	None	None	testing
3	yn	f	18	red	1	(80, 0)	(40, 69)	(-39, 69)	(-80, 0)	(-40, -69)	(40, -69)	circle	none	dif	left	left	N_dist	(-39, 69)	search	nr	True	1287505	1288339	left	135	160	110	35	60	10	None	None	testing
3	yn	f	18	red	1	(80, 0)	(40, 69)	(-39, 69)	(-80, 0)	(-40, -69)	(40, -69)	diamond	red	same	left	left	(-39, 69)	(40, 69)	search	nr	True	1289576	1290452	left	85	110	135	60	160	10	None	None	testing
3	yn	f	18	red	1	(80, 0)	(40, 69)	(-39, 69)	(-80, 0)	(-40, -69)	(40, -69)	circle	red	same	right	right	(40, -69)	(40, 69)	probe	norm	None	None	None	None	135	160	60	10	85	110	(-39, 69)	165	testing
3	yn	f	18	red	1	(80, 0)	(40, 69)	(-39, 69)	(-80, 0)	(-40, -69)	(40, -69)	circle	none	same	right	right	N_dist	(-40, -69)	search	nr	True	1295720	1296500	right	160	110	60	10	35	135	None	None	testing
3	yn	f	18	red	1	(80, 0)	(40, 69)	(-39, 69)	(-80, 0)	(-40, -69)	(40, -69)	circle	red	dif	right	right	(-39, 69)	(40, -69)	probe	h_sin	None	None	None	None	35	135	85	110	160	10	(-39, 69)	161	testing
3	yn	f	18	red	1	(80, 0)	(40, 69)	(-39, 69)	(-80, 0)	(-40, -69)	(40, -69)	diamond	none	same	right	right	N_dist	(40, -69)	probe	l_norm	None	None	None	None	135	160	60	35	10	110	(80, 0)	23	testing
3	yn	f	18	red	1	(80, 0)	(40, 69)	(-39, 69)	(-80, 0)	(-40, -69)	(40, -69)	diamond	red	same	left	left	(-39, 69)	(-40, -69)	probe	norm	None	None	None	None	35	110	10	60	135	160	(-80, 0)	168	testing
3	yn	f	18	red	1	(80, 0)	(40, 69)	(-39, 69)	(-80, 0)	(-40, -69)	(40, -69)	diamond	red	dif	left	left	(-40, -69)	(40, 69)	probe	norm	None	None	None	None	10	60	160	35	110	85	(40, -69)	155	testing
3	yn	f	18	red	1	(80, 0)	(40, 69)	(-39, 69)	(-80, 0)	(-40, -69)	(40, -69)	circle	red	dif	right	right	(-39, 69)	(40, 69)	search	nr	True	1316642	1317987	right	135	85	10	110	60	160	None	None	testing
3	yn	f	18	red	1	(80, 0)	(40, 69)	(-39, 69)	(-80, 0)	(-40, -69)	(40, -69)	circle	none	same	left	left	N_dist	(-80, 0)	probe	h_norm	None	None	None	None	35	160	135	85	110	60	(-39, 69)	23	testing
3	yn	f	18	red	1	(80, 0)	(40, 69)	(-39, 69)	(-80, 0)	(-40, -69)	(40, -69)	circle	red	same	left	left	(-39, 69)	(-80, 0)	search	nr	True	1323705	1324484	left	85	135	160	110	60	35	None	None	testing
3	yn	f	18	red	1	(80, 0)	(40, 69)	(-39, 69)	(-80, 0)	(-40, -69)	(40, -69)	diamond	red	same	left	left	(-39, 69)	(-80, 0)	probe	tar	None	None	None	None	110	60	10	35	160	135	(-80, 0)	163	testing
3	yn	f	18	red	1	(80, 0)	(40, 69)	(-39, 69)	(-80, 0)	(-40, -69)	(40, -69)	circle	red	dif	left	left	(-80, 0)	(80, 0)	search	nr	True	1329833	1330564	left	35	135	85	110	160	10	None	None	testing
3	yn	f	18	red	1	(80, 0)	(40, 69)	(-39, 69)	(-80, 0)	(-40, -69)	(40, -69)	diamond	red	same	left	left	(-39, 69)	(-40, -69)	search	nr	True	1331754	1332723	left	60	160	110	10	135	85	None	None	testing
3	yn	f	18	red	1	(80, 0)	(40, 69)	(-39, 69)	(-80, 0)	(-40, -69)	(40, -69)	diamond	red	dif	right	right	(-39, 69)	(40, -69)	search	nr	True	1333857	1334595	right	60	110	135	35	10	160	None	None	testing
3	yn	f	18	red	1	(80, 0)	(40, 69)	(-39, 69)	(-80, 0)	(-40, -69)	(40, -69)	diamond	none	same	right	right	N_dist	(-80, 0)	search	nr	True	1335677	1336564	right	110	85	160	10	35	135	None	None	testing
3	yn	f	18	red	1	(80, 0)	(40, 69)	(-39, 69)	(-80, 0)	(-40, -69)	(40, -69)	diamond	red	same	left	left	(-39, 69)	(-80, 0)	probe	norm	None	None	None	None	35	10	110	85	60	135	(-40, -69)	156	testing
3	yn	f	18	red	1	(80, 0)	(40, 69)	(-39, 69)	(-80, 0)	(-40, -69)	(40, -69)	circle	red	same	left	left	(-39, 69)	(40, -69)	search	nr	True	1342473	1343124	left	60	85	35	135	110	10	None	None	testing
3	yn	f	18	red	1	(80, 0)	(40, 69)	(-39, 69)	(-80, 0)	(-40, -69)	(40, -69)	diamond	red	same	right	right	(-40, -69)	(40, 69)	probe	l_sin	None	None	None	None	110	10	85	135	160	60	(-40, -69)	17	testing
3	yn	f	18	red	1	(80, 0)	(40, 69)	(-39, 69)	(-80, 0)	(-40, -69)	(40, -69)	circle	red	dif	left	left	(-80, 0)	(40, 69)	probe	tar	None	None	None	None	135	35	110	85	60	10	(40, 69)	151	testing
3	yn	f	18	red	1	(80, 0)	(40, 69)	(-39, 69)	(-80, 0)	(-40, -69)	(40, -69)	diamond	red	same	right	right	(-39, 69)	(80, 0)	search	nr	True	1352625	1353492	right	135	60	85	160	10	35	None	None	testing
3	yn	f	18	red	1	(80, 0)	(40, 69)	(-39, 69)	(-80, 0)	(-40, -69)	(40, -69)	diamond	red	same	right	right	(-39, 69)	(40, 69)	probe	tar	None	None	None	None	10	35	85	135	110	60	(40, 69)	155	testing
3	yn	f	18	red	1	(80, 0)	(40, 69)	(-39, 69)	(-80, 0)	(-40, -69)	(40, -69)	diamond	red	dif	right	right	(-40, -69)	(40, 69)	search	nr	True	1358469	1359876	right	35	60	110	10	160	135	None	None	testing
3	yn	f	18	red	1	(80, 0)	(40, 69)	(-39, 69)	(-80, 0)	(-40, -69)	(40, -69)	circle	red	same	right	right	(-39, 69)	(80, 0)	search	nr	True	1360940	1362019	right	10	60	110	85	35	135	None	None	testing
3	yn	f	18	red	1	(80, 0)	(40, 69)	(-39, 69)	(-80, 0)	(-40, -69)	(40, -69)	diamond	none	same	right	right	N_dist	(40, -69)	search	nr	True	1363111	1363988	right	35	10	160	135	85	60	None	None	testing
3	yn	f	18	red	1	(80, 0)	(40, 69)	(-39, 69)	(-80, 0)	(-40, -69)	(40, -69)	diamond	red	same	right	right	(-80, 0)	(40, 69)	probe	tar	None	None	None	None	10	35	85	60	135	110	(40, 69)	161	testing
3	yn	f	18	red	1	(80, 0)	(40, 69)	(-39, 69)	(-80, 0)	(-40, -69)	(40, -69)	circle	none	dif	left	left	N_dist	(-39, 69)	search	nr	True	1368755	1370532	left	110	85	135	160	60	10	None	None	testing
3	yn	f	18	red	1	(80, 0)	(40, 69)	(-39, 69)	(-80, 0)	(-40, -69)	(40, -69)	circle	red	same	right	right	(40, -69)	(40, 69)	search	nr	True	1371777	1373427	right	60	10	110	85	160	135	None	None	testing
3	yn	f	18	red	1	(80, 0)	(40, 69)	(-39, 69)	(-80, 0)	(-40, -69)	(40, -69)	diamond	red	same	left	left	(40, -69)	(80, 0)	probe	l_sin	None	None	None	None	135	60	35	160	85	10	(40, -69)	151	testing
3	yn	f	18	red	1	(80, 0)	(40, 69)	(-39, 69)	(-80, 0)	(-40, -69)	(40, -69)	circle	red	same	right	right	(40, 69)	(-40, -69)	probe	l_sin	None	None	None	None	110	160	10	135	85	35	(40, 69)	14	testing
3	yn	f	18	red	1	(80, 0)	(40, 69)	(-39, 69)	(-80, 0)	(-40, -69)	(40, -69)	circle	red	dif	right	right	(-39, 69)	(40, -69)	search	nr	True	1385285	1386292	right	160	35	10	135	60	110	None	None	testing
3	yn	f	18	red	1	(80, 0)	(40, 69)	(-39, 69)	(-80, 0)	(-40, -69)	(40, -69)	circle	red	same	right	right	(-39, 69)	(40, -69)	search	nr	True	1387522	1388212	right	85	10	60	35	135	110	None	None	testing
3	yn	f	18	red	1	(80, 0)	(40, 69)	(-39, 69)	(-80, 0)	(-40, -69)	(40, -69)	diamond	red	same	left	left	(-39, 69)	(-80, 0)	search	nr	True	1389376	1390323	left	10	60	135	85	110	160	None	None	testing
3	yn	f	18	red	1	(80, 0)	(40, 69)	(-39, 69)	(-80, 0)	(-40, -69)	(40, -69)	diamond	red	same	right	right	(-39, 69)	(-80, 0)	search	nr	True	1391396	1393124	right	160	85	35	110	60	135	None	None	testing
3	yn	f	18	red	1	(80, 0)	(40, 69)	(-39, 69)	(-80, 0)	(-40, -69)	(40, -69)	diamond	red	same	left	left	(-39, 69)	(40, 69)	search	nr	True	1394252	1394883	left	35	160	10	110	60	135	None	None	testing
3	yn	f	18	red	1	(80, 0)	(40, 69)	(-39, 69)	(-80, 0)	(-40, -69)	(40, -69)	circle	red	dif	right	right	(-39, 69)	(40, -69)	search	nr	True	1396155	1396851	right	85	135	160	60	10	35	None	None	testing
3	yn	f	18	red	1	(80, 0)	(40, 69)	(-39, 69)	(-80, 0)	(-40, -69)	(40, -69)	diamond	none	dif	right	right	N_dist	(-40, -69)	probe	l_norm	None	None	None	None	135	160	85	110	35	10	(40, -69)	19	testing
3	yn	f	18	red	1	(80, 0)	(40, 69)	(-39, 69)	(-80, 0)	(-40, -69)	(40, -69)	diamond	none	same	right	right	N_dist	(-39, 69)	search	nr	True	1402516	1403492	right	135	85	110	60	160	35	None	None	testing
3	yn	f	18	red	1	(80, 0)	(40, 69)	(-39, 69)	(-80, 0)	(-40, -69)	(40, -69)	circle	red	same	right	right	(-39, 69)	(-40, -69)	search	nr	True	1404571	1405731	right	60	85	110	135	35	160	None	None	testing
3	yn	f	18	red	1	(80, 0)	(40, 69)	(-39, 69)	(-80, 0)	(-40, -69)	(40, -69)	circle	red	same	left	left	(-39, 69)	(40, 69)	search	nr	True	1406891	1407572	left	135	110	160	10	60	35	None	None	testing
3	yn	f	18	red	1	(80, 0)	(40, 69)	(-39, 69)	(-80, 0)	(-40, -69)	(40, -69)	diamond	red	dif	left	left	(40, -69)	(40, 69)	search	nr	True	1408728	1409492	left	160	85	135	110	10	60	None	None	testing
3	yn	f	18	red	1	(80, 0)	(40, 69)	(-39, 69)	(-80, 0)	(-40, -69)	(40, -69)	diamond	red	same	left	left	(-39, 69)	(40, 69)	search	nr	True	1410648	1411187	left	60	160	135	35	110	10	None	None	testing
3	yn	f	18	red	1	(80, 0)	(40, 69)	(-39, 69)	(-80, 0)	(-40, -69)	(40, -69)	circle	none	dif	right	right	N_dist	(40, 69)	probe	l_norm	None	None	None	None	135	35	10	160	110	85	(-40, -69)	162	testing
3	yn	f	18	red	1	(80, 0)	(40, 69)	(-39, 69)	(-80, 0)	(-40, -69)	(40, -69)	diamond	red	dif	right	right	(-40, -69)	(40, 69)	probe	l_sin	None	None	None	None	135	85	60	35	160	10	(-40, -69)	30	testing
3	yn	f	18	red	1	(80, 0)	(40, 69)	(-39, 69)	(-80, 0)	(-40, -69)	(40, -69)	diamond	none	same	left	left	N_dist	(-40, -69)	search	nr	True	1420700	1421652	left	35	135	60	85	160	10	None	None	testing
3	yn	f	18	red	1	(80, 0)	(40, 69)	(-39, 69)	(-80, 0)	(-40, -69)	(40, -69)	diamond	red	same	right	right	(-40, -69)	(40, 69)	search	nr	True	1422720	1423588	right	85	10	35	110	160	135	None	None	testing
3	yn	f	18	red	1	(80, 0)	(40, 69)	(-39, 69)	(-80, 0)	(-40, -69)	(40, -69)	diamond	none	same	left	left	N_dist	(40, 69)	search	nr	True	1424741	1425332	left	85	35	110	10	135	160	None	None	testing
3	yn	f	18	red	1	(80, 0)	(40, 69)	(-39, 69)	(-80, 0)	(-40, -69)	(40, -69)	circle	red	dif	right	right	(-40, -69)	(40, 69)	search	nr	True	1426411	1427347	right	160	60	135	35	10	110	None	None	testing
3	yn	f	18	red	1	(80, 0)	(40, 69)	(-39, 69)	(-80, 0)	(-40, -69)	(40, -69)	diamond	red	dif	left	left	(-39, 69)	(40, 69)	search	nr	True	1428464	1429044	left	110	60	35	10	160	135	None	None	testing
3	yn	f	18	red	1	(80, 0)	(40, 69)	(-39, 69)	(-80, 0)	(-40, -69)	(40, -69)	diamond	red	same	left	left	(80, 0)	(-40, -69)	search	nr	True	1430251	1431187	left	110	60	160	35	85	10	None	None	testing
3	yn	f	18	red	1	(80, 0)	(40, 69)	(-39, 69)	(-80, 0)	(-40, -69)	(40, -69)	diamond	red	same	left	left	(-39, 69)	(40, 69)	probe	tar	None	None	None	None	60	160	35	10	85	110	(40, 69)	34	testing
3	yn	f	18	red	1	(80, 0)	(40, 69)	(-39, 69)	(-80, 0)	(-40, -69)	(40, -69)	circle	none	same	right	right	N_dist	(-40, -69)	probe	h_norm	None	None	None	None	85	10	35	60	135	110	(-39, 69)	51	testing
3	yn	f	18	red	1	(80, 0)	(40, 69)	(-39, 69)	(-80, 0)	(-40, -69)	(40, -69)	circle	red	dif	left	left	(-39, 69)	(80, 0)	search	nr	True	1443776	1444931	left	110	160	60	10	85	135	None	None	testing
3	yn	f	18	red	1	(80, 0)	(40, 69)	(-39, 69)	(-80, 0)	(-40, -69)	(40, -69)	diamond	red	dif	left	left	(40, 69)	(80, 0)	search	nr	True	1446114	1447475	left	35	60	160	85	10	135	None	None	testing
3	yn	f	18	red	1	(80, 0)	(40, 69)	(-39, 69)	(-80, 0)	(-40, -69)	(40, -69)	diamond	red	dif	right	right	(-39, 69)	(-40, -69)	probe	norm	None	None	None	None	85	10	135	160	60	110	(40, -69)	14	testing
3	yn	f	18	red	1	(80, 0)	(40, 69)	(-39, 69)	(-80, 0)	(-40, -69)	(40, -69)	circle	red	same	right	right	(80, 0)	(-80, 0)	search	nr	True	1452926	1454483	right	60	135	160	35	85	10	None	None	testing
3	yn	f	18	red	1	(80, 0)	(40, 69)	(-39, 69)	(-80, 0)	(-40, -69)	(40, -69)	circle	none	same	left	left	N_dist	(-80, 0)	search	nr	True	1455764	1456420	left	160	60	135	110	85	35	None	None	testing
3	yn	f	18	red	1	(80, 0)	(40, 69)	(-39, 69)	(-80, 0)	(-40, -69)	(40, -69)	diamond	red	dif	right	right	(80, 0)	(40, 69)	search	nr	True	1457702	1458851	right	85	160	60	35	110	10	None	None	testing
3	yn	f	18	red	1	(80, 0)	(40, 69)	(-39, 69)	(-80, 0)	(-40, -69)	(40, -69)	diamond	red	same	right	right	(-39, 69)	(40, -69)	search	nr	True	1460139	1460963	right	35	85	135	60	160	110	None	None	testing
