subj	name	gender	age	dist	run	tar_locs1	tar_locs2	tar_locs3	tar_locs4	tar_locs5	tar_locs6	shape	dist	td_dif	detection	resp_key	dis_loc	tar_loc	task_type	probe_cond	gotKey	startTime	respTime	resp	o1	o2	o3	o4	o5	o6	pro_loc	ori_resp	mode
3	yn	f	18	red	Le	(80, 0)	(40, 69)	(-39, 69)	(-80, 0)	(-40, -69)	(40, -69)	diamond	red	same	left	left	(-39, 69)	(-80, 0)	search	nr	True	136057	137998	left	110	60	10	85	160	35	None	None	practice
3	yn	f	18	red	Le	(80, 0)	(40, 69)	(-39, 69)	(-80, 0)	(-40, -69)	(40, -69)	circle	red	same	left	left	(-39, 69)	(80, 0)	search	nr	True	139180	141662	left	135	160	60	35	85	10	None	None	practice
3	yn	f	18	red	Le	(80, 0)	(40, 69)	(-39, 69)	(-80, 0)	(-40, -69)	(40, -69)	circle	red	dif	right	right	(-39, 69)	(40, 69)	search	nr	True	142820	144047	right	160	110	10	85	135	60	None	None	practice
3	yn	f	18	red	Le	(80, 0)	(40, 69)	(-39, 69)	(-80, 0)	(-40, -69)	(40, -69)	circle	red	dif	left	left	(-39, 69)	(-40, -69)	search	nr	True	145191	146446	left	110	160	85	35	135	10	None	None	practice
3	yn	f	18	red	Le	(80, 0)	(40, 69)	(-39, 69)	(-80, 0)	(-40, -69)	(40, -69)	circle	red	dif	right	right	(-39, 69)	(-40, -69)	search	nr	True	147512	148382	right	160	10	60	135	110	35	None	None	practice
3	yn	f	18	red	Le	(80, 0)	(40, 69)	(-39, 69)	(-80, 0)	(-40, -69)	(40, -69)	circle	none	same	right	right	N_dist	(-80, 0)	search	nr	True	149616	150799	right	160	135	10	110	60	85	None	None	practice
3	yn	f	18	red	Le	(80, 0)	(40, 69)	(-39, 69)	(-80, 0)	(-40, -69)	(40, -69)	diamond	none	dif	left	left	N_dist	(-39, 69)	search	nr	True	152054	153439	left	135	60	160	35	110	85	None	None	practice
3	yn	f	18	red	Le	(80, 0)	(40, 69)	(-39, 69)	(-80, 0)	(-40, -69)	(40, -69)	diamond	none	dif	left	left	N_dist	(-39, 69)	search	nr	True	154508	155247	left	110	35	60	85	135	160	None	None	practice
3	yn	f	18	red	Le	(80, 0)	(40, 69)	(-39, 69)	(-80, 0)	(-40, -69)	(40, -69)	circle	red	same	left	left	(-39, 69)	(-80, 0)	search	nr	True	156361	157534	left	135	35	160	60	110	10	None	None	practice
3	yn	f	18	red	Le	(80, 0)	(40, 69)	(-39, 69)	(-80, 0)	(-40, -69)	(40, -69)	diamond	red	dif	right	right	(-39, 69)	(-80, 0)	search	nr	True	158766	160318	right	35	135	10	160	85	60	None	None	practice
3	yn	f	18	red	Le	(80, 0)	(40, 69)	(-39, 69)	(-80, 0)	(-40, -69)	(40, -69)	circle	none	same	left	left	N_dist	(40, -69)	search	nr	True	161421	162431	left	35	110	85	60	160	10	None	None	practice
3	yn	f	18	red	Le	(80, 0)	(40, 69)	(-39, 69)	(-80, 0)	(-40, -69)	(40, -69)	circle	red	same	right	right	(-39, 69)	(-80, 0)	search	nr	True	163675	164415	right	110	60	160	135	10	85	None	None	practice
3	yn	f	18	red	Le	(80, 0)	(40, 69)	(-39, 69)	(-80, 0)	(-40, -69)	(40, -69)	diamond	red	same	right	right	(-80, 0)	(80, 0)	search	nr	True	165578	166605	right	110	60	135	35	85	10	None	None	practice
3	yn	f	18	red	Le	(80, 0)	(40, 69)	(-39, 69)	(-80, 0)	(-40, -69)	(40, -69)	diamond	red	same	left	left	(-40, -69)	(40, -69)	search	nr	True	167799	168879	left	135	110	35	160	60	10	None	None	practice
3	yn	f	18	red	Le	(80, 0)	(40, 69)	(-39, 69)	(-80, 0)	(-40, -69)	(40, -69)	circle	red	dif	left	left	(-39, 69)	(40, 69)	search	nr	True	170103	170990	left	160	110	35	10	135	85	None	None	practice
3	yn	f	18	red	Le	(80, 0)	(40, 69)	(-39, 69)	(-80, 0)	(-40, -69)	(40, -69)	circle	red	dif	left	left	(-39, 69)	(-40, -69)	search	nr	True	172141	172959	left	135	35	10	110	160	85	None	None	practice
3	yn	f	18	red	Le	(80, 0)	(40, 69)	(-39, 69)	(-80, 0)	(-40, -69)	(40, -69)	circle	none	dif	left	left	N_dist	(80, 0)	search	nr	True	174161	174799	left	85	10	135	160	110	60	None	None	practice
3	yn	f	18	red	Le	(80, 0)	(40, 69)	(-39, 69)	(-80, 0)	(-40, -69)	(40, -69)	diamond	red	dif	right	right	(-39, 69)	(40, -69)	search	nr	True	175931	177374	right	35	135	60	10	110	85	None	None	practice
3	yn	f	18	red	Le	(80, 0)	(40, 69)	(-39, 69)	(-80, 0)	(-40, -69)	(40, -69)	circle	red	same	left	left	(-39, 69)	(80, 0)	search	nr	True	178469	179310	left	110	35	10	60	160	85	None	None	practice
3	yn	f	18	red	Le	(80, 0)	(40, 69)	(-39, 69)	(-80, 0)	(-40, -69)	(40, -69)	circle	red	same	left	left	(-39, 69)	(-80, 0)	search	nr	True	180473	181854	left	35	135	60	160	110	10	None	None	practice
3	yn	f	18	red	Le	(80, 0)	(40, 69)	(-39, 69)	(-80, 0)	(-40, -69)	(40, -69)	circle	none	same	left	left	N_dist	(-40, -69)	search	nr	True	182943	183679	left	85	60	35	135	10	160	None	None	practice
3	yn	f	18	red	Le	(80, 0)	(40, 69)	(-39, 69)	(-80, 0)	(-40, -69)	(40, -69)	diamond	red	same	left	left	(-40, -69)	(40, -69)	search	nr	True	184897	186095	left	60	10	85	35	110	160	None	None	practice
3	yn	f	18	red	Le	(80, 0)	(40, 69)	(-39, 69)	(-80, 0)	(-40, -69)	(40, -69)	diamond	red	dif	left	left	(-39, 69)	(80, 0)	search	nr	True	187184	188510	left	110	160	85	35	10	135	None	None	practice
3	yn	f	18	red	Le	(80, 0)	(40, 69)	(-39, 69)	(-80, 0)	(-40, -69)	(40, -69)	diamond	none	same	right	right	N_dist	(40, -69)	search	nr	True	189739	190623	right	35	10	160	85	110	135	None	None	practice
3	yn	f	18	red	Le	(80, 0)	(40, 69)	(-39, 69)	(-80, 0)	(-40, -69)	(40, -69)	circle	red	dif	right	right	(-39, 69)	(40, 69)	search	nr	True	191844	192783	right	85	10	60	135	160	35	None	None	practice
3	yn	f	18	red	Le	(80, 0)	(40, 69)	(-39, 69)	(-80, 0)	(-40, -69)	(40, -69)	circle	red	dif	left	left	(-39, 69)	(-40, -69)	search	nr	True	194030	195262	left	60	85	135	110	35	10	None	None	practice
3	yn	f	18	red	Le	(80, 0)	(40, 69)	(-39, 69)	(-80, 0)	(-40, -69)	(40, -69)	diamond	none	same	right	right	N_dist	(-80, 0)	search	nr	True	196385	197294	right	60	10	35	85	160	135	None	None	practice
3	yn	f	18	red	Le	(80, 0)	(40, 69)	(-39, 69)	(-80, 0)	(-40, -69)	(40, -69)	diamond	red	dif	left	left	(-40, -69)	(40, -69)	search	nr	True	198372	199407	left	35	135	10	85	110	160	None	None	practice
3	yn	f	18	red	Le	(80, 0)	(40, 69)	(-39, 69)	(-80, 0)	(-40, -69)	(40, -69)	diamond	red	dif	left	left	(80, 0)	(-80, 0)	search	nr	True	200677	201710	left	10	160	85	135	60	110	None	None	practice
3	yn	f	18	red	Le	(80, 0)	(40, 69)	(-39, 69)	(-80, 0)	(-40, -69)	(40, -69)	diamond	red	same	right	right	(-39, 69)	(-80, 0)	search	nr	True	202797	203998	left	10	135	110	60	160	35	None	None	practice
3	yn	f	18	red	Le	(80, 0)	(40, 69)	(-39, 69)	(-80, 0)	(-40, -69)	(40, -69)	circle	red	same	left	left	(-39, 69)	(-40, -69)	search	nr	True	206671	207775	left	110	160	135	35	85	60	None	None	practice
3	yn	f	18	red	Le	(80, 0)	(40, 69)	(-39, 69)	(-80, 0)	(-40, -69)	(40, -69)	diamond	red	dif	right	right	(40, -69)	(-80, 0)	search	nr	True	209025	210046	right	35	85	60	110	160	135	None	None	practice
3	yn	f	18	red	Le	(80, 0)	(40, 69)	(-39, 69)	(-80, 0)	(-40, -69)	(40, -69)	circle	red	same	left	left	(-39, 69)	(40, 69)	search	nr	True	211129	211822	left	110	160	35	135	85	10	None	None	practice
3	yn	f	18	red	Le	(80, 0)	(40, 69)	(-39, 69)	(-80, 0)	(-40, -69)	(40, -69)	circle	none	same	left	left	N_dist	(40, 69)	search	nr	True	213065	214189	left	60	35	135	160	110	85	None	None	practice
3	yn	f	18	red	Le	(80, 0)	(40, 69)	(-39, 69)	(-80, 0)	(-40, -69)	(40, -69)	circle	red	same	right	right	(-39, 69)	(40, -69)	search	nr	True	215353	216286	right	160	10	85	60	135	35	None	None	practice
3	yn	f	18	red	Le	(80, 0)	(40, 69)	(-39, 69)	(-80, 0)	(-40, -69)	(40, -69)	circle	red	same	right	right	(-39, 69)	(80, 0)	search	nr	True	217457	218238	right	135	110	35	85	60	10	None	None	practice
3	yn	f	18	red	Le	(80, 0)	(40, 69)	(-39, 69)	(-80, 0)	(-40, -69)	(40, -69)	diamond	none	dif	right	right	N_dist	(-40, -69)	search	nr	True	219527	220671	right	10	60	85	135	35	160	None	None	practice
3	yn	f	18	red	Le	(80, 0)	(40, 69)	(-39, 69)	(-80, 0)	(-40, -69)	(40, -69)	diamond	red	dif	left	left	(-39, 69)	(40, -69)	search	nr	True	221865	222591	left	135	35	160	85	10	60	None	None	practice
3	yn	f	18	red	Le	(80, 0)	(40, 69)	(-39, 69)	(-80, 0)	(-40, -69)	(40, -69)	circle	red	same	left	left	(-39, 69)	(-40, -69)	search	nr	True	223836	224654	left	85	10	35	60	160	110	None	None	practice
3	yn	f	18	red	Le	(80, 0)	(40, 69)	(-39, 69)	(-80, 0)	(-40, -69)	(40, -69)	circle	red	dif	left	left	(-40, -69)	(40, -69)	search	nr	True	225772	226831	right	110	35	160	10	135	60	None	None	practice
3	yn	f	18	red	Le	(80, 0)	(40, 69)	(-39, 69)	(-80, 0)	(-40, -69)	(40, -69)	circle	red	same	right	right	(-39, 69)	(40, -69)	search	nr	True	272091	272830	right	35	10	160	60	85	110	None	None	testing
3	yn	f	18	red	Le	(80, 0)	(40, 69)	(-39, 69)	(-80, 0)	(-40, -69)	(40, -69)	circle	none	same	left	left	N_dist	(40, 69)	search	nr	True	273928	274574	left	35	110	10	60	85	135	None	None	testing
3	yn	f	18	red	Le	(80, 0)	(40, 69)	(-39, 69)	(-80, 0)	(-40, -69)	(40, -69)	circle	none	same	right	right	N_dist	(-40, -69)	search	nr	True	275831	276494	right	135	35	110	10	85	60	None	None	testing
3	yn	f	18	red	Le	(80, 0)	(40, 69)	(-39, 69)	(-80, 0)	(-40, -69)	(40, -69)	diamond	none	same	right	right	N_dist	(-80, 0)	search	nr	True	277584	278206	right	10	135	35	160	60	110	None	None	testing
3	yn	f	18	red	Le	(80, 0)	(40, 69)	(-39, 69)	(-80, 0)	(-40, -69)	(40, -69)	circle	red	same	right	right	(-39, 69)	(40, -69)	search	nr	True	279521	280270	right	160	135	110	35	10	60	None	None	testing
3	yn	f	18	red	Le	(80, 0)	(40, 69)	(-39, 69)	(-80, 0)	(-40, -69)	(40, -69)	circle	red	dif	right	right	(40, -69)	(-40, -69)	search	nr	True	281474	282078	left	10	160	85	35	60	135	None	None	testing
3	yn	f	18	red	Le	(80, 0)	(40, 69)	(-39, 69)	(-80, 0)	(-40, -69)	(40, -69)	diamond	red	dif	right	right	(-39, 69)	(40, -69)	search	nr	True	284730	285471	right	85	60	10	135	160	110	None	None	testing
3	yn	f	18	red	Le	(80, 0)	(40, 69)	(-39, 69)	(-80, 0)	(-40, -69)	(40, -69)	circle	red	dif	right	right	(-39, 69)	(40, 69)	search	nr	True	286718	287423	right	160	110	10	85	60	35	None	None	testing
3	yn	f	18	red	Le	(80, 0)	(40, 69)	(-39, 69)	(-80, 0)	(-40, -69)	(40, -69)	circle	none	same	right	right	N_dist	(80, 0)	search	nr	True	288571	289343	right	110	160	10	85	60	135	None	None	testing
3	yn	f	18	red	Le	(80, 0)	(40, 69)	(-39, 69)	(-80, 0)	(-40, -69)	(40, -69)	diamond	red	dif	left	left	(-40, -69)	(40, -69)	search	nr	True	290592	291406	right	60	35	135	160	110	85	None	None	testing
3	yn	f	18	red	Le	(80, 0)	(40, 69)	(-39, 69)	(-80, 0)	(-40, -69)	(40, -69)	circle	red	same	left	left	(40, 69)	(80, 0)	search	nr	True	294132	295277	left	160	135	60	85	110	35	None	None	testing
3	yn	f	18	red	Le	(80, 0)	(40, 69)	(-39, 69)	(-80, 0)	(-40, -69)	(40, -69)	diamond	red	dif	right	right	(-39, 69)	(40, -69)	search	nr	True	296435	297358	right	110	60	160	135	35	85	None	None	testing
3	yn	f	18	red	Le	(80, 0)	(40, 69)	(-39, 69)	(-80, 0)	(-40, -69)	(40, -69)	diamond	red	same	left	left	(40, 69)	(-80, 0)	search	nr	True	298557	299599	left	85	110	60	10	135	160	None	None	testing
3	yn	f	18	red	Le	(80, 0)	(40, 69)	(-39, 69)	(-80, 0)	(-40, -69)	(40, -69)	circle	none	dif	right	right	N_dist	(40, 69)	search	nr	True	300726	301374	right	110	60	10	135	160	35	None	None	testing
3	yn	f	18	red	Le	(80, 0)	(40, 69)	(-39, 69)	(-80, 0)	(-40, -69)	(40, -69)	circle	red	dif	right	right	(-39, 69)	(40, -69)	search	nr	True	302480	303118	right	60	135	35	160	10	85	None	None	testing
3	yn	f	18	red	Le	(80, 0)	(40, 69)	(-39, 69)	(-80, 0)	(-40, -69)	(40, -69)	circle	none	same	left	left	N_dist	(-40, -69)	search	nr	True	304400	304958	right	135	110	160	60	35	10	None	None	testing
3	yn	f	18	red	Le	(80, 0)	(40, 69)	(-39, 69)	(-80, 0)	(-40, -69)	(40, -69)	circle	none	dif	right	right	N_dist	(-39, 69)	search	nr	True	307689	308606	right	160	10	85	110	60	135	None	None	testing
3	yn	f	18	red	Le	(80, 0)	(40, 69)	(-39, 69)	(-80, 0)	(-40, -69)	(40, -69)	diamond	none	same	right	right	N_dist	(-39, 69)	search	nr	True	309726	310990	right	160	60	110	135	85	35	None	None	testing
3	yn	f	18	red	Le	(80, 0)	(40, 69)	(-39, 69)	(-80, 0)	(-40, -69)	(40, -69)	circle	red	dif	right	right	(-39, 69)	(-40, -69)	search	nr	True	312164	313038	right	110	60	85	135	10	35	None	None	testing
3	yn	f	18	red	Le	(80, 0)	(40, 69)	(-39, 69)	(-80, 0)	(-40, -69)	(40, -69)	circle	red	same	left	left	(-40, -69)	(40, 69)	search	nr	True	314118	314990	left	60	110	35	85	160	135	None	None	testing
3	yn	f	18	red	Le	(80, 0)	(40, 69)	(-39, 69)	(-80, 0)	(-40, -69)	(40, -69)	diamond	none	dif	right	right	N_dist	(40, 69)	search	nr	True	316139	316782	right	60	85	160	135	110	35	None	None	testing
3	yn	f	18	red	Le	(80, 0)	(40, 69)	(-39, 69)	(-80, 0)	(-40, -69)	(40, -69)	circle	red	dif	right	right	(40, -69)	(-40, -69)	search	nr	True	317908	318639	right	10	35	135	160	85	110	None	None	testing
3	yn	f	18	red	Le	(80, 0)	(40, 69)	(-39, 69)	(-80, 0)	(-40, -69)	(40, -69)	diamond	red	dif	left	left	(-39, 69)	(40, -69)	search	nr	True	319762	320958	left	135	35	60	110	160	85	None	None	testing
3	yn	f	18	red	Le	(80, 0)	(40, 69)	(-39, 69)	(-80, 0)	(-40, -69)	(40, -69)	diamond	red	dif	right	right	(40, -69)	(-40, -69)	search	nr	True	322032	322927	right	10	135	85	35	60	110	None	None	testing
3	yn	f	18	red	Le	(80, 0)	(40, 69)	(-39, 69)	(-80, 0)	(-40, -69)	(40, -69)	circle	red	dif	left	left	(40, -69)	(-40, -69)	search	nr	True	324087	325263	right	60	135	85	160	10	35	None	None	testing
3	yn	f	18	red	Le	(80, 0)	(40, 69)	(-39, 69)	(-80, 0)	(-40, -69)	(40, -69)	diamond	red	dif	right	right	(40, 69)	(-40, -69)	search	nr	True	327860	328574	right	135	10	85	110	60	160	None	None	testing
3	yn	f	18	red	Le	(80, 0)	(40, 69)	(-39, 69)	(-80, 0)	(-40, -69)	(40, -69)	diamond	red	same	right	right	(-80, 0)	(80, 0)	search	nr	True	329630	330557	left	60	135	35	110	10	160	None	None	testing
3	yn	f	18	red	Le	(80, 0)	(40, 69)	(-39, 69)	(-80, 0)	(-40, -69)	(40, -69)	circle	red	dif	right	right	(-39, 69)	(40, 69)	search	nr	True	333253	334526	right	10	110	85	160	35	60	None	None	testing
3	yn	f	18	red	Le	(80, 0)	(40, 69)	(-39, 69)	(-80, 0)	(-40, -69)	(40, -69)	circle	red	same	left	left	(-39, 69)	(80, 0)	search	nr	True	335824	336766	left	60	10	85	35	110	135	None	None	testing
3	yn	f	18	red	Le	(80, 0)	(40, 69)	(-39, 69)	(-80, 0)	(-40, -69)	(40, -69)	diamond	red	dif	right	right	(-39, 69)	(-40, -69)	search	nr	True	338028	338702	right	160	85	10	110	60	35	None	None	testing
3	yn	f	18	red	Le	(80, 0)	(40, 69)	(-39, 69)	(-80, 0)	(-40, -69)	(40, -69)	circle	none	same	right	right	N_dist	(-40, -69)	search	nr	True	339782	340734	right	60	35	10	85	110	135	None	None	testing
3	yn	f	18	red	Le	(80, 0)	(40, 69)	(-39, 69)	(-80, 0)	(-40, -69)	(40, -69)	diamond	red	dif	right	right	(-39, 69)	(-80, 0)	search	nr	True	342036	343406	right	10	135	35	60	160	85	None	None	testing
3	yn	f	18	red	Le	(80, 0)	(40, 69)	(-39, 69)	(-80, 0)	(-40, -69)	(40, -69)	circle	red	dif	right	right	(-39, 69)	(40, -69)	search	nr	True	344641	345710	right	135	110	35	85	160	60	None	None	testing
3	yn	f	18	red	Le	(80, 0)	(40, 69)	(-39, 69)	(-80, 0)	(-40, -69)	(40, -69)	circle	red	same	left	left	(-39, 69)	(-80, 0)	search	nr	True	346962	347790	left	60	110	135	35	160	85	None	None	testing
3	yn	f	18	red	Le	(80, 0)	(40, 69)	(-39, 69)	(-80, 0)	(-40, -69)	(40, -69)	diamond	red	dif	left	left	(-39, 69)	(80, 0)	search	nr	True	349032	350223	left	160	35	85	135	110	10	None	None	testing
3	yn	f	18	red	Le	(80, 0)	(40, 69)	(-39, 69)	(-80, 0)	(-40, -69)	(40, -69)	diamond	red	same	right	right	(-39, 69)	(-40, -69)	search	nr	True	351303	351918	right	35	60	160	110	85	135	None	None	testing
3	yn	f	18	red	Le	(80, 0)	(40, 69)	(-39, 69)	(-80, 0)	(-40, -69)	(40, -69)	circle	red	same	left	left	(-39, 69)	(80, 0)	search	nr	True	353073	353967	left	110	135	85	35	160	60	None	None	testing
3	yn	f	18	red	Le	(80, 0)	(40, 69)	(-39, 69)	(-80, 0)	(-40, -69)	(40, -69)	diamond	red	same	left	left	(-39, 69)	(80, 0)	search	nr	True	355177	355742	left	110	85	60	160	135	10	None	None	testing
3	yn	f	18	red	Le	(80, 0)	(40, 69)	(-39, 69)	(-80, 0)	(-40, -69)	(40, -69)	diamond	red	same	right	right	(-39, 69)	(-80, 0)	search	nr	True	356880	357534	left	60	35	160	110	85	10	None	None	testing
3	yn	f	18	red	Le	(80, 0)	(40, 69)	(-39, 69)	(-80, 0)	(-40, -69)	(40, -69)	diamond	none	same	right	right	N_dist	(-40, -69)	search	nr	True	360353	360990	right	60	10	135	35	85	160	None	None	testing
3	yn	f	18	red	Le	(80, 0)	(40, 69)	(-39, 69)	(-80, 0)	(-40, -69)	(40, -69)	circle	none	same	left	left	N_dist	(40, -69)	search	nr	True	362257	362926	left	85	135	10	35	110	60	None	None	testing
3	yn	f	18	red	Le	(80, 0)	(40, 69)	(-39, 69)	(-80, 0)	(-40, -69)	(40, -69)	diamond	none	dif	left	left	N_dist	(40, 69)	search	nr	True	364160	364878	left	35	160	10	85	135	60	None	None	testing
3	yn	f	18	red	Le	(80, 0)	(40, 69)	(-39, 69)	(-80, 0)	(-40, -69)	(40, -69)	circle	red	same	left	left	(-39, 69)	(-40, -69)	search	nr	True	366047	367246	left	10	110	60	135	85	160	None	None	testing
3	yn	f	18	red	Le	(80, 0)	(40, 69)	(-39, 69)	(-80, 0)	(-40, -69)	(40, -69)	circle	none	dif	right	right	N_dist	(80, 0)	search	nr	True	368368	369134	left	160	85	110	35	10	135	None	None	testing
3	yn	f	18	red	Le	(80, 0)	(40, 69)	(-39, 69)	(-80, 0)	(-40, -69)	(40, -69)	diamond	none	dif	right	right	N_dist	(-39, 69)	search	nr	True	371874	373118	right	60	160	35	85	135	110	None	None	testing
3	yn	f	18	red	Le	(80, 0)	(40, 69)	(-39, 69)	(-80, 0)	(-40, -69)	(40, -69)	circle	none	dif	right	right	N_dist	(80, 0)	search	nr	True	374228	375214	right	160	10	60	35	110	135	None	None	testing
3	yn	f	18	red	Le	(80, 0)	(40, 69)	(-39, 69)	(-80, 0)	(-40, -69)	(40, -69)	circle	red	dif	right	right	(-39, 69)	(-40, -69)	search	nr	True	376416	377742	right	160	110	35	135	85	60	None	None	testing
3	yn	f	18	red	Le	(80, 0)	(40, 69)	(-39, 69)	(-80, 0)	(-40, -69)	(40, -69)	circle	none	dif	left	left	N_dist	(40, 69)	search	nr	True	378937	379726	left	60	10	160	110	35	135	None	None	testing
3	yn	f	18	red	Le	(80, 0)	(40, 69)	(-39, 69)	(-80, 0)	(-40, -69)	(40, -69)	diamond	red	same	right	right	(-39, 69)	(-80, 0)	search	nr	True	380974	381790	right	160	10	110	85	35	60	None	None	testing
3	yn	f	18	red	Le	(80, 0)	(40, 69)	(-39, 69)	(-80, 0)	(-40, -69)	(40, -69)	circle	red	dif	right	right	(-39, 69)	(80, 0)	search	nr	True	383045	384349	right	10	35	135	85	60	110	None	None	testing
3	yn	f	18	red	Le	(80, 0)	(40, 69)	(-39, 69)	(-80, 0)	(-40, -69)	(40, -69)	circle	red	dif	left	left	(-80, 0)	(40, -69)	search	nr	True	385499	386606	left	110	160	10	35	60	85	None	None	testing
3	yn	f	18	red	Le	(80, 0)	(40, 69)	(-39, 69)	(-80, 0)	(-40, -69)	(40, -69)	circle	red	same	left	left	(-39, 69)	(80, 0)	search	nr	True	387686	388269	left	135	110	60	160	85	10	None	None	testing
3	yn	f	18	red	Le	(80, 0)	(40, 69)	(-39, 69)	(-80, 0)	(-40, -69)	(40, -69)	circle	red	same	left	left	(40, 69)	(80, 0)	search	nr	True	389406	390015	left	135	10	60	35	160	110	None	None	testing
3	yn	f	18	red	Le	(80, 0)	(40, 69)	(-39, 69)	(-80, 0)	(-40, -69)	(40, -69)	diamond	red	dif	left	left	(-39, 69)	(40, 69)	search	nr	True	391160	391679	left	110	85	60	35	135	10	None	None	testing
3	yn	f	18	red	Le	(80, 0)	(40, 69)	(-39, 69)	(-80, 0)	(-40, -69)	(40, -69)	diamond	red	dif	left	left	(80, 0)	(-40, -69)	search	nr	True	392880	393533	right	10	35	85	110	135	60	None	None	testing
3	yn	f	18	red	Le	(80, 0)	(40, 69)	(-39, 69)	(-80, 0)	(-40, -69)	(40, -69)	diamond	red	dif	right	right	(-39, 69)	(-40, -69)	search	nr	True	396136	397438	right	60	10	160	110	85	35	None	None	testing
3	yn	f	18	red	Le	(80, 0)	(40, 69)	(-39, 69)	(-80, 0)	(-40, -69)	(40, -69)	diamond	red	same	left	left	(-80, 0)	(40, 69)	search	nr	True	398523	399486	left	110	135	85	10	160	60	None	None	testing
3	yn	f	18	red	Le	(80, 0)	(40, 69)	(-39, 69)	(-80, 0)	(-40, -69)	(40, -69)	diamond	none	dif	left	left	N_dist	(40, 69)	search	nr	True	400594	401278	left	35	10	135	85	110	160	None	None	testing
3	yn	f	18	red	Le	(80, 0)	(40, 69)	(-39, 69)	(-80, 0)	(-40, -69)	(40, -69)	diamond	red	dif	right	right	(40, -69)	(-40, -69)	search	nr	True	402464	403614	right	60	35	135	85	160	10	None	None	testing
3	yn	f	18	red	Le	(80, 0)	(40, 69)	(-39, 69)	(-80, 0)	(-40, -69)	(40, -69)	diamond	red	same	left	left	(40, 69)	(80, 0)	search	nr	True	404752	405502	left	160	135	35	60	85	110	None	None	testing
3	yn	f	18	red	Le	(80, 0)	(40, 69)	(-39, 69)	(-80, 0)	(-40, -69)	(40, -69)	diamond	red	dif	right	right	(40, -69)	(-80, 0)	search	nr	True	406639	407902	right	110	135	85	60	160	10	None	None	testing
3	yn	f	18	red	Le	(80, 0)	(40, 69)	(-39, 69)	(-80, 0)	(-40, -69)	(40, -69)	circle	none	dif	left	left	N_dist	(-39, 69)	search	nr	True	409142	410446	left	85	135	35	160	10	110	None	None	testing
3	yn	f	18	red	Le	(80, 0)	(40, 69)	(-39, 69)	(-80, 0)	(-40, -69)	(40, -69)	circle	none	same	left	left	N_dist	(-80, 0)	search	nr	True	411564	412431	left	160	60	135	85	10	35	None	None	testing
3	yn	f	18	red	Le	(80, 0)	(40, 69)	(-39, 69)	(-80, 0)	(-40, -69)	(40, -69)	diamond	red	dif	left	left	(-39, 69)	(40, -69)	search	nr	True	413584	414446	left	110	10	160	135	85	60	None	None	testing
3	yn	f	18	red	Le	(80, 0)	(40, 69)	(-39, 69)	(-80, 0)	(-40, -69)	(40, -69)	diamond	none	dif	right	right	N_dist	(-39, 69)	search	nr	True	415688	416478	right	35	85	10	110	160	60	None	None	testing
3	yn	f	18	red	Le	(80, 0)	(40, 69)	(-39, 69)	(-80, 0)	(-40, -69)	(40, -69)	circle	none	dif	left	left	N_dist	(40, -69)	search	nr	True	417558	418334	left	35	10	110	160	60	85	None	None	testing
3	yn	f	18	red	Le	(80, 0)	(40, 69)	(-39, 69)	(-80, 0)	(-40, -69)	(40, -69)	diamond	none	same	left	left	N_dist	(-39, 69)	search	nr	True	419528	420238	left	35	60	135	85	10	110	None	None	testing
3	yn	f	18	red	Le	(80, 0)	(40, 69)	(-39, 69)	(-80, 0)	(-40, -69)	(40, -69)	diamond	red	same	right	right	(80, 0)	(-80, 0)	search	nr	True	421398	422622	right	35	135	10	60	110	160	None	None	testing
3	yn	f	18	red	Le	(80, 0)	(40, 69)	(-39, 69)	(-80, 0)	(-40, -69)	(40, -69)	diamond	red	dif	right	right	(-39, 69)	(-40, -69)	search	nr	True	423820	424927	right	35	85	60	135	10	110	None	None	testing
3	yn	f	18	red	Le	(80, 0)	(40, 69)	(-39, 69)	(-80, 0)	(-40, -69)	(40, -69)	circle	red	dif	right	right	(-39, 69)	(40, -69)	search	nr	True	426174	426958	right	85	60	110	160	135	10	None	None	testing
3	yn	f	18	red	Le	(80, 0)	(40, 69)	(-39, 69)	(-80, 0)	(-40, -69)	(40, -69)	diamond	none	dif	right	right	N_dist	(80, 0)	search	nr	True	428194	429006	right	110	160	35	10	60	85	None	None	testing
3	yn	f	18	red	Le	(80, 0)	(40, 69)	(-39, 69)	(-80, 0)	(-40, -69)	(40, -69)	circle	red	dif	left	left	(-40, -69)	(40, -69)	search	nr	True	430182	430958	left	35	110	135	85	10	60	None	None	testing
3	yn	f	18	red	Le	(80, 0)	(40, 69)	(-39, 69)	(-80, 0)	(-40, -69)	(40, -69)	diamond	none	dif	right	right	N_dist	(40, 69)	search	nr	True	432185	433134	right	160	85	35	10	135	60	None	None	testing
3	yn	f	18	red	Le	(80, 0)	(40, 69)	(-39, 69)	(-80, 0)	(-40, -69)	(40, -69)	diamond	red	dif	right	right	(-39, 69)	(40, -69)	search	nr	True	434339	435069	right	60	110	135	160	85	10	None	None	testing
3	yn	f	18	red	Le	(80, 0)	(40, 69)	(-39, 69)	(-80, 0)	(-40, -69)	(40, -69)	circle	none	same	right	right	N_dist	(-80, 0)	search	nr	True	436326	437182	left	160	35	110	10	60	135	None	None	testing
3	yn	f	18	red	Le	(80, 0)	(40, 69)	(-39, 69)	(-80, 0)	(-40, -69)	(40, -69)	circle	red	dif	right	right	(-39, 69)	(40, 69)	search	nr	True	439883	440830	right	135	60	110	10	160	85	None	None	testing
3	yn	f	18	red	Le	(80, 0)	(40, 69)	(-39, 69)	(-80, 0)	(-40, -69)	(40, -69)	circle	none	same	left	left	N_dist	(-80, 0)	search	nr	True	441970	442782	left	135	10	35	85	160	60	None	None	testing
3	yn	f	18	red	Le	(80, 0)	(40, 69)	(-39, 69)	(-80, 0)	(-40, -69)	(40, -69)	diamond	none	same	left	left	N_dist	(-39, 69)	search	nr	True	443856	444814	left	10	135	35	110	60	85	None	None	testing
3	yn	f	18	red	Le	(80, 0)	(40, 69)	(-39, 69)	(-80, 0)	(-40, -69)	(40, -69)	diamond	red	dif	left	left	(-39, 69)	(40, -69)	search	nr	True	445893	446638	left	35	10	60	160	135	110	None	None	testing
3	yn	f	18	red	Le	(80, 0)	(40, 69)	(-39, 69)	(-80, 0)	(-40, -69)	(40, -69)	diamond	red	same	right	right	(80, 0)	(-80, 0)	search	nr	True	447831	449150	right	60	110	35	85	135	10	None	None	testing
3	yn	f	18	red	Le	(80, 0)	(40, 69)	(-39, 69)	(-80, 0)	(-40, -69)	(40, -69)	diamond	red	dif	left	left	(-39, 69)	(-80, 0)	search	nr	True	450318	451070	left	110	60	10	35	85	160	None	None	testing
3	yn	f	18	red	Le	(80, 0)	(40, 69)	(-39, 69)	(-80, 0)	(-40, -69)	(40, -69)	diamond	red	same	left	left	(-39, 69)	(80, 0)	search	nr	True	452188	452893	left	135	10	160	85	35	110	None	None	testing
3	yn	f	18	red	Le	(80, 0)	(40, 69)	(-39, 69)	(-80, 0)	(-40, -69)	(40, -69)	diamond	red	dif	right	right	(40, -69)	(-80, 0)	search	nr	True	453992	454782	right	85	135	160	110	60	10	None	None	testing
3	yn	f	18	red	Le	(80, 0)	(40, 69)	(-39, 69)	(-80, 0)	(-40, -69)	(40, -69)	diamond	none	same	right	right	N_dist	(-39, 69)	search	nr	True	455895	456606	right	110	85	135	160	35	60	None	None	testing
3	yn	f	18	red	Le	(80, 0)	(40, 69)	(-39, 69)	(-80, 0)	(-40, -69)	(40, -69)	diamond	none	dif	left	left	N_dist	(-40, -69)	search	nr	True	457899	458702	left	110	85	160	60	135	35	None	None	testing
3	yn	f	18	red	Le	(80, 0)	(40, 69)	(-39, 69)	(-80, 0)	(-40, -69)	(40, -69)	diamond	red	same	right	right	(-80, 0)	(80, 0)	search	nr	True	459886	460798	right	160	85	60	110	10	135	None	None	testing
3	yn	f	18	red	Le	(80, 0)	(40, 69)	(-39, 69)	(-80, 0)	(-40, -69)	(40, -69)	diamond	none	dif	left	left	N_dist	(-39, 69)	search	nr	True	461856	462478	left	160	110	35	85	10	135	None	None	testing
3	yn	f	18	red	Le	(80, 0)	(40, 69)	(-39, 69)	(-80, 0)	(-40, -69)	(40, -69)	diamond	none	same	right	right	N_dist	(-39, 69)	search	nr	True	463726	464349	right	110	85	135	35	60	10	None	None	testing
3	yn	f	18	red	Le	(80, 0)	(40, 69)	(-39, 69)	(-80, 0)	(-40, -69)	(40, -69)	circle	red	dif	left	left	(-39, 69)	(40, 69)	search	nr	True	465430	466109	right	10	110	85	35	135	160	None	None	testing
3	yn	f	18	red	Le	(80, 0)	(40, 69)	(-39, 69)	(-80, 0)	(-40, -69)	(40, -69)	circle	none	same	right	right	N_dist	(80, 0)	search	nr	True	468852	470062	right	35	60	10	110	160	135	None	None	testing
3	yn	f	18	red	Le	(80, 0)	(40, 69)	(-39, 69)	(-80, 0)	(-40, -69)	(40, -69)	diamond	red	same	right	right	(-39, 69)	(-40, -69)	search	nr	True	471341	472286	right	110	85	60	160	135	35	None	None	testing
3	yn	f	18	red	Le	(80, 0)	(40, 69)	(-39, 69)	(-80, 0)	(-40, -69)	(40, -69)	diamond	red	dif	left	left	(80, 0)	(-40, -69)	search	nr	True	473528	474462	left	60	85	160	10	35	110	None	None	testing
3	yn	f	18	red	Le	(80, 0)	(40, 69)	(-39, 69)	(-80, 0)	(-40, -69)	(40, -69)	circle	red	same	right	right	(-39, 69)	(40, -69)	search	nr	True	475698	476686	right	160	135	110	10	35	60	None	None	testing
3	yn	f	18	red	Le	(80, 0)	(40, 69)	(-39, 69)	(-80, 0)	(-40, -69)	(40, -69)	circle	red	same	right	right	(-39, 69)	(-80, 0)	search	nr	True	477953	479422	right	135	110	60	10	85	160	None	None	testing
3	yn	f	18	red	Le	(80, 0)	(40, 69)	(-39, 69)	(-80, 0)	(-40, -69)	(40, -69)	circle	none	same	left	left	N_dist	(-80, 0)	search	nr	True	480607	481342	left	60	35	85	10	160	135	None	None	testing
3	yn	f	18	red	Le	(80, 0)	(40, 69)	(-39, 69)	(-80, 0)	(-40, -69)	(40, -69)	circle	none	dif	left	left	N_dist	(40, -69)	search	nr	True	482461	483198	left	60	85	35	10	110	135	None	None	testing
3	yn	f	18	red	Le	(80, 0)	(40, 69)	(-39, 69)	(-80, 0)	(-40, -69)	(40, -69)	diamond	red	same	left	left	(40, 69)	(80, 0)	search	nr	True	484498	485566	left	85	110	10	60	35	160	None	None	testing
3	yn	f	18	red	Le	(80, 0)	(40, 69)	(-39, 69)	(-80, 0)	(-40, -69)	(40, -69)	diamond	none	dif	right	right	N_dist	(80, 0)	search	nr	True	486836	487678	right	110	135	85	35	60	10	None	None	testing
3	yn	f	18	red	Le	(80, 0)	(40, 69)	(-39, 69)	(-80, 0)	(-40, -69)	(40, -69)	diamond	none	same	right	right	N_dist	(-80, 0)	search	nr	True	488772	489966	right	85	110	10	35	135	160	None	None	testing
3	yn	f	18	red	Le	(80, 0)	(40, 69)	(-39, 69)	(-80, 0)	(-40, -69)	(40, -69)	diamond	red	same	right	right	(-80, 0)	(80, 0)	search	nr	True	491244	492142	right	35	10	110	135	160	85	None	None	testing
3	yn	f	18	red	Le	(80, 0)	(40, 69)	(-39, 69)	(-80, 0)	(-40, -69)	(40, -69)	circle	red	dif	right	right	(-39, 69)	(40, -69)	search	nr	True	493397	494414	right	10	135	160	60	35	85	None	None	testing
3	yn	f	18	red	Le	(80, 0)	(40, 69)	(-39, 69)	(-80, 0)	(-40, -69)	(40, -69)	circle	red	dif	right	right	(-39, 69)	(-40, -69)	search	nr	True	495685	496317	right	10	160	85	110	35	60	None	None	testing
3	yn	f	18	red	Le	(80, 0)	(40, 69)	(-39, 69)	(-80, 0)	(-40, -69)	(40, -69)	circle	none	dif	left	left	N_dist	(40, -69)	search	nr	True	497488	498238	left	10	160	85	135	110	60	None	None	testing
3	yn	f	18	red	Le	(80, 0)	(40, 69)	(-39, 69)	(-80, 0)	(-40, -69)	(40, -69)	diamond	none	dif	left	left	N_dist	(-39, 69)	search	nr	True	499492	500398	left	10	60	85	135	35	110	None	None	testing
3	yn	f	18	red	Le	(80, 0)	(40, 69)	(-39, 69)	(-80, 0)	(-40, -69)	(40, -69)	diamond	none	same	left	left	N_dist	(40, -69)	search	nr	True	501597	502286	left	160	135	60	110	35	85	None	None	testing
3	yn	f	18	red	Le	(80, 0)	(40, 69)	(-39, 69)	(-80, 0)	(-40, -69)	(40, -69)	circle	red	dif	left	left	(-39, 69)	(-40, -69)	search	nr	True	503583	504846	left	160	135	35	85	110	60	None	None	testing
3	yn	f	18	red	Le	(80, 0)	(40, 69)	(-39, 69)	(-80, 0)	(-40, -69)	(40, -69)	diamond	none	dif	right	right	N_dist	(-40, -69)	search	nr	True	506121	506862	right	10	160	135	85	60	35	None	None	testing
3	yn	f	18	red	Le	(80, 0)	(40, 69)	(-39, 69)	(-80, 0)	(-40, -69)	(40, -69)	diamond	red	same	left	left	(-39, 69)	(80, 0)	search	nr	True	507991	508654	left	160	10	85	35	110	60	None	None	testing
3	yn	f	18	red	Le	(80, 0)	(40, 69)	(-39, 69)	(-80, 0)	(-40, -69)	(40, -69)	diamond	red	same	left	left	(-39, 69)	(80, 0)	search	nr	True	509911	510510	left	35	160	60	85	10	135	None	None	testing
3	yn	f	18	red	Le	(80, 0)	(40, 69)	(-39, 69)	(-80, 0)	(-40, -69)	(40, -69)	circle	none	same	left	left	N_dist	(40, 69)	search	nr	True	511815	512542	right	85	135	160	60	10	35	None	None	testing
3	yn	f	18	red	Le	(80, 0)	(40, 69)	(-39, 69)	(-80, 0)	(-40, -69)	(40, -69)	diamond	none	same	left	left	N_dist	(40, -69)	search	nr	True	515271	515918	left	110	135	60	85	10	35	None	None	testing
3	yn	f	18	red	Le	(80, 0)	(40, 69)	(-39, 69)	(-80, 0)	(-40, -69)	(40, -69)	circle	none	dif	right	right	N_dist	(80, 0)	search	nr	True	517057	517854	right	135	85	60	35	10	160	None	None	testing
3	yn	f	18	red	Le	(80, 0)	(40, 69)	(-39, 69)	(-80, 0)	(-40, -69)	(40, -69)	circle	red	same	left	left	(-39, 69)	(40, 69)	search	nr	True	519145	520382	left	135	60	160	85	110	35	None	None	testing
3	yn	f	18	red	Le	(80, 0)	(40, 69)	(-39, 69)	(-80, 0)	(-40, -69)	(40, -69)	circle	red	dif	right	right	(-39, 69)	(40, -69)	search	nr	True	521533	522350	right	110	60	160	35	85	10	None	None	testing
3	yn	f	18	red	Le	(80, 0)	(40, 69)	(-39, 69)	(-80, 0)	(-40, -69)	(40, -69)	diamond	red	same	right	right	(-39, 69)	(-40, -69)	search	nr	True	523536	524686	right	160	135	60	35	10	85	None	None	testing
3	yn	f	18	red	Le	(80, 0)	(40, 69)	(-39, 69)	(-80, 0)	(-40, -69)	(40, -69)	diamond	none	same	left	left	N_dist	(40, -69)	search	nr	True	525758	526366	left	60	85	110	10	160	135	None	None	testing
3	yn	f	18	red	Le	(80, 0)	(40, 69)	(-39, 69)	(-80, 0)	(-40, -69)	(40, -69)	diamond	red	dif	left	left	(-40, -69)	(40, -69)	search	nr	True	527644	528205	left	60	110	35	160	135	10	None	None	testing
3	yn	f	18	red	Le	(80, 0)	(40, 69)	(-39, 69)	(-80, 0)	(-40, -69)	(40, -69)	circle	none	same	left	left	N_dist	(-40, -69)	search	nr	True	529480	530862	left	35	110	60	135	10	85	None	None	testing
3	yn	f	18	red	Le	(80, 0)	(40, 69)	(-39, 69)	(-80, 0)	(-40, -69)	(40, -69)	circle	none	same	left	left	N_dist	(-80, 0)	search	nr	True	532119	533022	left	35	10	85	160	110	135	None	None	testing
3	yn	f	18	red	Le	(80, 0)	(40, 69)	(-39, 69)	(-80, 0)	(-40, -69)	(40, -69)	diamond	none	dif	left	left	N_dist	(40, 69)	search	nr	True	534239	534958	left	35	85	110	60	160	135	None	None	testing
3	yn	f	18	red	Le	(80, 0)	(40, 69)	(-39, 69)	(-80, 0)	(-40, -69)	(40, -69)	diamond	red	same	left	left	(80, 0)	(40, 69)	search	nr	True	536109	537374	left	35	110	85	60	10	135	None	None	testing
3	yn	f	18	red	Le	(80, 0)	(40, 69)	(-39, 69)	(-80, 0)	(-40, -69)	(40, -69)	diamond	red	dif	right	right	(-39, 69)	(40, -69)	search	nr	True	538664	539742	right	135	160	60	35	110	10	None	None	testing
3	yn	f	18	red	Le	(80, 0)	(40, 69)	(-39, 69)	(-80, 0)	(-40, -69)	(40, -69)	circle	none	same	right	right	N_dist	(-80, 0)	search	nr	True	541035	541678	right	160	85	60	10	35	110	None	None	testing
3	yn	f	18	red	Le	(80, 0)	(40, 69)	(-39, 69)	(-80, 0)	(-40, -69)	(40, -69)	circle	red	same	left	left	(-39, 69)	(-80, 0)	search	nr	True	542989	544398	left	135	10	60	85	160	110	None	None	testing
3	yn	f	18	red	Le	(80, 0)	(40, 69)	(-39, 69)	(-80, 0)	(-40, -69)	(40, -69)	diamond	red	dif	left	left	(80, 0)	(-40, -69)	search	nr	True	545577	546398	left	10	135	85	110	160	60	None	None	testing
3	yn	f	18	red	Le	(80, 0)	(40, 69)	(-39, 69)	(-80, 0)	(-40, -69)	(40, -69)	circle	red	same	left	left	(-39, 69)	(-40, -69)	search	nr	True	547647	548494	left	160	85	110	135	60	35	None	None	testing
3	yn	f	18	red	Le	(80, 0)	(40, 69)	(-39, 69)	(-80, 0)	(-40, -69)	(40, -69)	circle	none	dif	right	right	N_dist	(40, 69)	search	nr	True	549651	550462	right	10	135	60	160	35	85	None	None	testing
3	yn	f	18	red	Le	(80, 0)	(40, 69)	(-39, 69)	(-80, 0)	(-40, -69)	(40, -69)	diamond	red	same	right	right	(-80, 0)	(80, 0)	search	nr	True	551655	552462	right	110	85	160	10	35	60	None	None	testing
3	yn	f	18	red	Le	(80, 0)	(40, 69)	(-39, 69)	(-80, 0)	(-40, -69)	(40, -69)	diamond	red	same	left	left	(80, 0)	(40, 69)	search	nr	True	553525	554126	left	110	10	85	60	135	160	None	None	testing
3	yn	f	18	red	Le	(80, 0)	(40, 69)	(-39, 69)	(-80, 0)	(-40, -69)	(40, -69)	diamond	red	same	right	right	(-39, 69)	(-40, -69)	search	nr	True	555395	556286	left	35	110	160	60	85	10	None	None	testing
3	yn	f	18	red	Le	(80, 0)	(40, 69)	(-39, 69)	(-80, 0)	(-40, -69)	(40, -69)	circle	red	dif	left	left	(40, -69)	(-40, -69)	search	nr	True	559068	560366	left	85	110	10	35	135	160	None	None	testing
3	yn	f	18	red	Le	(80, 0)	(40, 69)	(-39, 69)	(-80, 0)	(-40, -69)	(40, -69)	diamond	none	dif	left	left	N_dist	(40, 69)	search	nr	True	561439	562254	left	60	85	10	160	35	135	None	None	testing
3	yn	f	18	red	Le	(80, 0)	(40, 69)	(-39, 69)	(-80, 0)	(-40, -69)	(40, -69)	diamond	none	same	right	right	N_dist	(-80, 0)	search	nr	True	563493	564206	right	160	85	60	135	35	110	None	None	testing
3	yn	f	18	red	Le	(80, 0)	(40, 69)	(-39, 69)	(-80, 0)	(-40, -69)	(40, -69)	circle	red	same	left	left	(-39, 69)	(80, 0)	search	nr	True	565447	566286	left	135	10	35	160	85	110	None	None	testing
3	yn	f	18	red	Le	(80, 0)	(40, 69)	(-39, 69)	(-80, 0)	(-40, -69)	(40, -69)	diamond	red	same	right	right	(-39, 69)	(-80, 0)	search	nr	True	567584	568830	right	60	10	85	35	110	135	None	None	testing
3	yn	f	18	red	Le	(80, 0)	(40, 69)	(-39, 69)	(-80, 0)	(-40, -69)	(40, -69)	diamond	red	same	left	left	(-80, 0)	(40, 69)	search	nr	True	569938	570557	left	85	110	160	10	35	60	None	None	testing
3	yn	f	18	red	Le	(80, 0)	(40, 69)	(-39, 69)	(-80, 0)	(-40, -69)	(40, -69)	circle	none	same	left	left	N_dist	(-80, 0)	search	nr	True	571641	572414	left	160	60	35	135	110	85	None	None	testing
3	yn	f	18	red	Le	(80, 0)	(40, 69)	(-39, 69)	(-80, 0)	(-40, -69)	(40, -69)	diamond	red	same	right	right	(-39, 69)	(80, 0)	search	nr	True	573478	574046	right	60	135	110	85	160	35	None	None	testing
3	yn	f	18	red	Le	(80, 0)	(40, 69)	(-39, 69)	(-80, 0)	(-40, -69)	(40, -69)	diamond	red	dif	left	left	(80, 0)	(-80, 0)	search	nr	True	575215	575966	left	160	110	10	60	135	85	None	None	testing
3	yn	f	18	red	Le	(80, 0)	(40, 69)	(-39, 69)	(-80, 0)	(-40, -69)	(40, -69)	circle	red	dif	left	left	(-40, -69)	(40, -69)	search	nr	True	577235	578318	right	60	85	135	110	10	35	None	None	testing
3	yn	f	18	red	Le	(80, 0)	(40, 69)	(-39, 69)	(-80, 0)	(-40, -69)	(40, -69)	diamond	none	dif	left	left	N_dist	(40, 69)	search	nr	True	581093	581693	left	35	110	135	85	160	60	None	None	testing
3	yn	f	18	red	Le	(80, 0)	(40, 69)	(-39, 69)	(-80, 0)	(-40, -69)	(40, -69)	diamond	red	same	right	right	(-39, 69)	(-80, 0)	search	nr	True	582912	583630	right	110	85	10	60	135	35	None	None	testing
3	yn	f	18	red	Le	(80, 0)	(40, 69)	(-39, 69)	(-80, 0)	(-40, -69)	(40, -69)	circle	red	same	right	right	(40, -69)	(80, 0)	search	nr	True	584883	586029	right	110	135	60	10	35	85	None	None	testing
3	yn	f	18	red	Le	(80, 0)	(40, 69)	(-39, 69)	(-80, 0)	(-40, -69)	(40, -69)	diamond	red	same	right	right	(-39, 69)	(-80, 0)	search	nr	True	587186	587854	right	60	10	160	110	35	85	None	None	testing
3	yn	f	18	red	Le	(80, 0)	(40, 69)	(-39, 69)	(-80, 0)	(-40, -69)	(40, -69)	diamond	none	dif	left	left	N_dist	(40, 69)	search	nr	True	588940	589614	left	160	110	10	85	135	60	None	None	testing
3	yn	f	18	red	Le	(80, 0)	(40, 69)	(-39, 69)	(-80, 0)	(-40, -69)	(40, -69)	circle	red	same	left	left	(-39, 69)	(-40, -69)	search	nr	True	590893	592030	left	35	10	60	85	135	160	None	None	testing
3	yn	f	18	red	Le	(80, 0)	(40, 69)	(-39, 69)	(-80, 0)	(-40, -69)	(40, -69)	circle	red	same	left	left	(-39, 69)	(-80, 0)	search	nr	True	593314	594061	left	85	160	35	110	10	135	None	None	testing
3	yn	f	18	red	Le	(80, 0)	(40, 69)	(-39, 69)	(-80, 0)	(-40, -69)	(40, -69)	circle	red	dif	left	left	(-39, 69)	(-40, -69)	search	nr	True	595351	596094	left	135	160	85	110	10	60	None	None	testing
3	yn	f	18	red	Le	(80, 0)	(40, 69)	(-39, 69)	(-80, 0)	(-40, -69)	(40, -69)	diamond	red	dif	right	right	(-39, 69)	(-80, 0)	search	nr	True	597256	597982	right	10	35	160	110	85	60	None	None	testing
3	yn	f	18	red	Le	(80, 0)	(40, 69)	(-39, 69)	(-80, 0)	(-40, -69)	(40, -69)	circle	red	dif	left	left	(40, -69)	(-40, -69)	search	nr	True	599075	600158	right	135	160	10	85	35	110	None	None	testing
3	yn	f	18	red	Le	(80, 0)	(40, 69)	(-39, 69)	(-80, 0)	(-40, -69)	(40, -69)	diamond	red	same	right	right	(-39, 69)	(40, -69)	search	nr	True	602949	603854	right	60	160	110	35	85	10	None	None	testing
3	yn	f	18	red	Le	(80, 0)	(40, 69)	(-39, 69)	(-80, 0)	(-40, -69)	(40, -69)	diamond	red	dif	right	right	(40, 69)	(-40, -69)	search	nr	True	604936	605630	right	35	60	135	85	160	110	None	None	testing
3	yn	f	18	red	Le	(80, 0)	(40, 69)	(-39, 69)	(-80, 0)	(-40, -69)	(40, -69)	circle	none	same	left	left	N_dist	(40, 69)	search	nr	True	606906	608174	left	135	85	160	10	60	110	None	None	testing
3	yn	f	18	red	Le	(80, 0)	(40, 69)	(-39, 69)	(-80, 0)	(-40, -69)	(40, -69)	circle	red	dif	left	left	(-39, 69)	(80, 0)	search	nr	True	609477	610190	left	160	35	60	85	110	135	None	None	testing
3	yn	f	18	red	Le	(80, 0)	(40, 69)	(-39, 69)	(-80, 0)	(-40, -69)	(40, -69)	diamond	red	dif	right	right	(-39, 69)	(-40, -69)	search	nr	True	611265	611918	right	85	160	10	60	35	135	None	None	testing
3	yn	f	18	red	Le	(80, 0)	(40, 69)	(-39, 69)	(-80, 0)	(-40, -69)	(40, -69)	diamond	red	dif	left	left	(80, 0)	(-80, 0)	search	nr	True	613218	614062	left	35	110	85	160	135	60	None	None	testing
3	yn	f	18	red	Le	(80, 0)	(40, 69)	(-39, 69)	(-80, 0)	(-40, -69)	(40, -69)	circle	none	dif	left	left	N_dist	(80, 0)	search	nr	True	615238	615933	left	110	160	35	10	135	60	None	None	testing
3	yn	f	18	red	Le	(80, 0)	(40, 69)	(-39, 69)	(-80, 0)	(-40, -69)	(40, -69)	diamond	red	dif	right	right	(-39, 69)	(-80, 0)	search	nr	True	617176	618366	left	135	110	35	160	85	10	None	None	testing
3	yn	f	18	red	Le	(80, 0)	(40, 69)	(-39, 69)	(-80, 0)	(-40, -69)	(40, -69)	diamond	red	dif	left	left	(-40, -69)	(40, -69)	search	nr	True	621049	622638	right	35	160	85	135	60	110	None	None	testing
3	yn	f	18	red	Le	(80, 0)	(40, 69)	(-39, 69)	(-80, 0)	(-40, -69)	(40, -69)	circle	red	dif	right	right	(-39, 69)	(80, 0)	search	nr	True	625440	627214	right	35	60	10	160	85	110	None	None	testing
3	yn	f	18	red	Le	(80, 0)	(40, 69)	(-39, 69)	(-80, 0)	(-40, -69)	(40, -69)	circle	none	dif	left	left	N_dist	(-39, 69)	search	nr	True	628513	629118	left	60	85	110	10	35	135	None	None	testing
3	yn	f	18	red	Le	(80, 0)	(40, 69)	(-39, 69)	(-80, 0)	(-40, -69)	(40, -69)	circle	red	same	left	left	(-39, 69)	(40, 69)	search	nr	True	630349	631102	left	85	110	35	60	10	135	None	None	testing
3	yn	f	18	red	Le	(80, 0)	(40, 69)	(-39, 69)	(-80, 0)	(-40, -69)	(40, -69)	circle	none	same	right	right	N_dist	(-40, -69)	search	nr	True	632353	633022	right	60	135	85	110	160	10	None	None	testing
3	yn	f	18	red	Le	(80, 0)	(40, 69)	(-39, 69)	(-80, 0)	(-40, -69)	(40, -69)	circle	red	same	left	left	(-39, 69)	(-80, 0)	search	nr	True	634307	634990	left	110	85	10	60	35	135	None	None	testing
3	yn	f	18	red	Le	(80, 0)	(40, 69)	(-39, 69)	(-80, 0)	(-40, -69)	(40, -69)	circle	red	dif	left	left	(-40, -69)	(40, -69)	search	nr	True	636294	637150	left	135	110	60	35	160	10	None	None	testing
3	yn	f	18	red	Le	(80, 0)	(40, 69)	(-39, 69)	(-80, 0)	(-40, -69)	(40, -69)	circle	none	same	right	right	N_dist	(-40, -69)	search	nr	True	638265	638878	right	85	160	110	35	135	10	None	None	testing
3	yn	f	18	red	Le	(80, 0)	(40, 69)	(-39, 69)	(-80, 0)	(-40, -69)	(40, -69)	diamond	red	same	left	left	(-80, 0)	(40, -69)	search	nr	True	640067	641470	left	60	110	160	135	10	85	None	None	testing
3	yn	f	18	red	Le	(80, 0)	(40, 69)	(-39, 69)	(-80, 0)	(-40, -69)	(40, -69)	circle	red	same	left	left	(-39, 69)	(40, 69)	search	nr	True	642655	643998	left	35	10	160	60	85	135	None	None	testing
3	yn	f	18	red	Le	(80, 0)	(40, 69)	(-39, 69)	(-80, 0)	(-40, -69)	(40, -69)	circle	red	dif	right	right	(-39, 69)	(40, 69)	search	nr	True	645077	645741	right	35	10	60	85	110	160	None	None	testing
3	yn	f	18	red	Le	(80, 0)	(40, 69)	(-39, 69)	(-80, 0)	(-40, -69)	(40, -69)	circle	red	dif	right	right	(-39, 69)	(40, -69)	search	nr	True	646980	647725	right	60	10	135	85	160	110	None	None	testing
3	yn	f	18	red	Le	(80, 0)	(40, 69)	(-39, 69)	(-80, 0)	(-40, -69)	(40, -69)	diamond	red	same	left	left	(-39, 69)	(80, 0)	search	nr	True	648900	649662	right	160	85	110	135	60	35	None	None	testing
3	yn	f	18	red	Le	(80, 0)	(40, 69)	(-39, 69)	(-80, 0)	(-40, -69)	(40, -69)	diamond	red	dif	left	left	(-39, 69)	(-80, 0)	search	nr	True	652323	653262	left	160	10	135	110	35	85	None	None	testing
3	yn	f	18	red	Le	(80, 0)	(40, 69)	(-39, 69)	(-80, 0)	(-40, -69)	(40, -69)	circle	red	dif	right	right	(-39, 69)	(40, -69)	search	nr	True	654428	655246	right	160	60	135	85	35	110	None	None	testing
3	yn	f	18	red	Le	(80, 0)	(40, 69)	(-39, 69)	(-80, 0)	(-40, -69)	(40, -69)	diamond	red	same	right	right	(-39, 69)	(80, 0)	search	nr	True	656331	657614	right	110	60	10	160	35	85	None	None	testing
3	yn	f	18	red	Le	(80, 0)	(40, 69)	(-39, 69)	(-80, 0)	(-40, -69)	(40, -69)	diamond	red	same	right	right	(-39, 69)	(-80, 0)	search	nr	True	658902	660334	right	110	85	160	35	60	135	None	None	testing
3	yn	f	18	red	Le	(80, 0)	(40, 69)	(-39, 69)	(-80, 0)	(-40, -69)	(40, -69)	diamond	none	same	right	right	N_dist	(-40, -69)	search	nr	True	661424	662206	right	10	110	135	85	160	60	None	None	testing
3	yn	f	18	red	Le	(80, 0)	(40, 69)	(-39, 69)	(-80, 0)	(-40, -69)	(40, -69)	circle	red	same	right	right	(-39, 69)	(-40, -69)	search	nr	True	663410	664398	right	135	110	160	60	85	35	None	None	testing
3	yn	f	18	red	Le	(80, 0)	(40, 69)	(-39, 69)	(-80, 0)	(-40, -69)	(40, -69)	diamond	none	same	right	right	N_dist	(-40, -69)	search	nr	True	665531	666446	right	135	85	60	10	160	110	None	None	testing
3	yn	f	18	red	Le	(80, 0)	(40, 69)	(-39, 69)	(-80, 0)	(-40, -69)	(40, -69)	circle	red	dif	left	left	(-80, 0)	(40, -69)	search	nr	True	667618	668893	left	10	60	135	35	110	85	None	None	testing
3	yn	f	18	red	Le	(80, 0)	(40, 69)	(-39, 69)	(-80, 0)	(-40, -69)	(40, -69)	circle	red	dif	left	left	(-39, 69)	(80, 0)	search	nr	True	670056	670670	left	160	10	35	110	85	60	None	None	testing
3	yn	f	18	red	Le	(80, 0)	(40, 69)	(-39, 69)	(-80, 0)	(-40, -69)	(40, -69)	circle	red	same	right	right	(80, 0)	(-80, 0)	search	nr	True	671943	672734	right	110	35	135	10	60	160	None	None	testing
3	yn	f	18	red	Le	(80, 0)	(40, 69)	(-39, 69)	(-80, 0)	(-40, -69)	(40, -69)	circle	red	dif	left	left	(-39, 69)	(40, 69)	search	nr	True	673880	674446	left	35	85	160	60	135	110	None	None	testing
3	yn	f	18	red	Le	(80, 0)	(40, 69)	(-39, 69)	(-80, 0)	(-40, -69)	(40, -69)	circle	none	same	right	right	N_dist	(80, 0)	search	nr	True	675750	676638	right	60	135	85	110	35	160	None	None	testing
3	yn	f	18	red	Le	(80, 0)	(40, 69)	(-39, 69)	(-80, 0)	(-40, -69)	(40, -69)	diamond	red	dif	left	left	(-39, 69)	(-80, 0)	search	nr	True	677804	679182	left	135	60	85	110	35	10	None	None	testing
3	yn	f	18	red	Le	(80, 0)	(40, 69)	(-39, 69)	(-80, 0)	(-40, -69)	(40, -69)	circle	red	dif	left	left	(40, -69)	(-40, -69)	search	nr	True	680408	681310	left	85	10	135	160	110	60	None	None	testing
3	yn	f	18	red	Le	(80, 0)	(40, 69)	(-39, 69)	(-80, 0)	(-40, -69)	(40, -69)	diamond	red	dif	left	left	(-40, -69)	(40, -69)	search	nr	True	682562	683758	left	110	60	135	85	160	10	None	None	testing
3	yn	f	18	red	Le	(80, 0)	(40, 69)	(-39, 69)	(-80, 0)	(-40, -69)	(40, -69)	circle	none	dif	right	right	N_dist	(40, 69)	search	nr	True	684917	685630	left	135	35	85	60	110	160	None	None	testing
3	yn	f	18	red	Le	(80, 0)	(40, 69)	(-39, 69)	(-80, 0)	(-40, -69)	(40, -69)	diamond	red	dif	left	left	(-40, -69)	(40, -69)	search	nr	True	688356	689918	left	135	60	85	35	10	160	None	None	testing
3	yn	f	18	red	Le	(80, 0)	(40, 69)	(-39, 69)	(-80, 0)	(-40, -69)	(40, -69)	circle	none	dif	left	left	N_dist	(40, 69)	search	nr	True	691045	692014	left	60	135	85	10	160	35	None	None	testing
3	yn	f	18	red	Le	(80, 0)	(40, 69)	(-39, 69)	(-80, 0)	(-40, -69)	(40, -69)	diamond	none	same	right	right	N_dist	(-80, 0)	search	nr	True	693266	694398	right	160	110	35	60	85	10	None	None	testing
3	yn	f	18	red	Le	(80, 0)	(40, 69)	(-39, 69)	(-80, 0)	(-40, -69)	(40, -69)	diamond	red	same	right	right	(-80, 0)	(80, 0)	search	nr	True	695553	696622	right	85	35	10	135	60	160	None	None	testing
3	yn	f	18	red	Le	(80, 0)	(40, 69)	(-39, 69)	(-80, 0)	(-40, -69)	(40, -69)	circle	red	same	left	left	(-40, -69)	(40, 69)	search	nr	True	697757	698670	left	135	110	85	60	160	10	None	None	testing
3	yn	f	18	red	Le	(80, 0)	(40, 69)	(-39, 69)	(-80, 0)	(-40, -69)	(40, -69)	diamond	none	dif	left	left	N_dist	(-40, -69)	search	nr	True	699777	700926	left	135	85	60	110	10	35	None	None	testing
3	yn	f	18	red	Le	(80, 0)	(40, 69)	(-39, 69)	(-80, 0)	(-40, -69)	(40, -69)	diamond	red	dif	left	left	(80, 0)	(-80, 0)	search	nr	True	702115	703406	left	135	160	110	85	10	60	None	None	testing
3	yn	f	18	red	Le	(80, 0)	(40, 69)	(-39, 69)	(-80, 0)	(-40, -69)	(40, -69)	diamond	red	dif	left	left	(80, 0)	(-80, 0)	search	nr	True	704569	705437	left	60	110	35	10	85	160	None	None	testing
3	yn	f	18	red	Le	(80, 0)	(40, 69)	(-39, 69)	(-80, 0)	(-40, -69)	(40, -69)	diamond	red	dif	right	right	(40, 69)	(-40, -69)	search	nr	True	706690	707614	right	110	35	85	10	160	135	None	None	testing
3	yn	f	18	red	Le	(80, 0)	(40, 69)	(-39, 69)	(-80, 0)	(-40, -69)	(40, -69)	circle	none	same	left	left	N_dist	(40, -69)	search	nr	True	708777	709470	left	60	110	135	160	35	85	None	None	testing
3	yn	f	18	red	Le	(80, 0)	(40, 69)	(-39, 69)	(-80, 0)	(-40, -69)	(40, -69)	circle	red	dif	left	left	(-40, -69)	(40, -69)	search	nr	True	710697	711534	left	35	160	135	85	60	10	None	None	testing
3	yn	f	18	red	Le	(80, 0)	(40, 69)	(-39, 69)	(-80, 0)	(-40, -69)	(40, -69)	circle	red	same	left	left	(-39, 69)	(80, 0)	search	nr	True	712802	713790	left	85	35	135	10	160	60	None	None	testing
3	yn	f	18	red	Le	(80, 0)	(40, 69)	(-39, 69)	(-80, 0)	(-40, -69)	(40, -69)	circle	red	same	right	right	(-39, 69)	(80, 0)	search	nr	True	714938	715854	right	160	135	10	110	60	85	None	None	testing
3	yn	f	18	red	Le	(80, 0)	(40, 69)	(-39, 69)	(-80, 0)	(-40, -69)	(40, -69)	circle	red	same	right	right	(-39, 69)	(-40, -69)	search	nr	True	716992	717774	right	160	85	135	110	10	35	None	None	testing
3	yn	f	18	red	Le	(80, 0)	(40, 69)	(-39, 69)	(-80, 0)	(-40, -69)	(40, -69)	diamond	none	same	right	right	N_dist	(40, -69)	search	nr	True	718846	719950	right	85	160	135	110	60	10	None	None	testing
3	yn	f	18	red	Le	(80, 0)	(40, 69)	(-39, 69)	(-80, 0)	(-40, -69)	(40, -69)	diamond	none	same	right	right	N_dist	(-80, 0)	search	nr	True	721016	722206	right	110	60	160	135	85	35	None	None	testing
3	yn	f	18	red	Le	(80, 0)	(40, 69)	(-39, 69)	(-80, 0)	(-40, -69)	(40, -69)	circle	red	dif	left	left	(-39, 69)	(-40, -69)	search	nr	True	723454	724382	left	110	85	60	135	35	160	None	None	testing
3	yn	f	18	red	Le	(80, 0)	(40, 69)	(-39, 69)	(-80, 0)	(-40, -69)	(40, -69)	diamond	red	same	right	right	(-39, 69)	(-80, 0)	search	nr	True	725575	726590	right	160	35	110	85	60	135	None	None	testing
3	yn	f	18	red	Le	(80, 0)	(40, 69)	(-39, 69)	(-80, 0)	(-40, -69)	(40, -69)	circle	red	same	right	right	(-39, 69)	(80, 0)	search	nr	True	727812	728654	right	160	35	10	60	85	110	None	None	testing
3	yn	f	18	red	Le	(80, 0)	(40, 69)	(-39, 69)	(-80, 0)	(-40, -69)	(40, -69)	diamond	red	dif	left	left	(-39, 69)	(80, 0)	search	nr	True	729932	730605	left	85	110	10	35	135	60	None	None	testing
3	yn	f	18	red	Le	(80, 0)	(40, 69)	(-39, 69)	(-80, 0)	(-40, -69)	(40, -69)	diamond	red	dif	left	left	(80, 0)	(-80, 0)	search	nr	True	731720	732750	left	160	10	135	85	60	35	None	None	testing
3	yn	f	18	red	Le	(80, 0)	(40, 69)	(-39, 69)	(-80, 0)	(-40, -69)	(40, -69)	circle	none	same	left	left	N_dist	(40, -69)	search	nr	True	733957	734893	left	10	135	85	110	160	60	None	None	testing
3	yn	f	18	red	Le	(80, 0)	(40, 69)	(-39, 69)	(-80, 0)	(-40, -69)	(40, -69)	diamond	red	same	right	right	(-39, 69)	(-40, -69)	search	nr	True	735961	736670	right	60	110	135	85	160	10	None	None	testing
3	yn	f	18	red	Le	(80, 0)	(40, 69)	(-39, 69)	(-80, 0)	(-40, -69)	(40, -69)	diamond	none	same	left	left	N_dist	(80, 0)	search	nr	True	737848	738542	left	60	85	135	35	110	10	None	None	testing
3	yn	f	18	red	Le	(80, 0)	(40, 69)	(-39, 69)	(-80, 0)	(-40, -69)	(40, -69)	circle	red	same	right	right	(-39, 69)	(40, -69)	search	nr	True	739784	740526	left	85	160	135	60	35	110	None	None	testing
3	yn	f	18	red	Le	(80, 0)	(40, 69)	(-39, 69)	(-80, 0)	(-40, -69)	(40, -69)	circle	red	same	right	right	(-80, 0)	(-40, -69)	search	nr	True	743224	744574	right	60	35	135	10	110	160	None	None	testing
3	yn	f	18	red	Le	(80, 0)	(40, 69)	(-39, 69)	(-80, 0)	(-40, -69)	(40, -69)	circle	none	dif	left	left	N_dist	(80, 0)	search	nr	True	745795	746366	left	135	60	35	85	110	10	None	None	testing
3	yn	f	18	red	Le	(80, 0)	(40, 69)	(-39, 69)	(-80, 0)	(-40, -69)	(40, -69)	circle	red	same	right	right	(-39, 69)	(40, -69)	search	nr	True	747532	748366	right	35	60	85	160	10	110	None	None	testing
3	yn	f	18	red	Le	(80, 0)	(40, 69)	(-39, 69)	(-80, 0)	(-40, -69)	(40, -69)	diamond	none	same	left	left	N_dist	(80, 0)	search	nr	True	749535	750174	left	135	85	10	160	110	35	None	None	testing
3	yn	f	18	red	Le	(80, 0)	(40, 69)	(-39, 69)	(-80, 0)	(-40, -69)	(40, -69)	circle	red	dif	right	right	(-39, 69)	(40, -69)	search	nr	True	751289	752030	right	85	110	160	35	60	135	None	None	testing
3	yn	f	18	red	Le	(80, 0)	(40, 69)	(-39, 69)	(-80, 0)	(-40, -69)	(40, -69)	circle	red	same	right	right	(-39, 69)	(80, 0)	search	nr	True	753242	754077	right	10	135	35	110	160	85	None	None	testing
3	yn	f	18	red	Le	(80, 0)	(40, 69)	(-39, 69)	(-80, 0)	(-40, -69)	(40, -69)	diamond	red	dif	left	left	(-39, 69)	(40, 69)	search	nr	True	755329	756414	left	135	10	60	85	35	110	None	None	testing
3	yn	f	18	red	Le	(80, 0)	(40, 69)	(-39, 69)	(-80, 0)	(-40, -69)	(40, -69)	circle	red	same	left	left	(-39, 69)	(40, 69)	search	nr	True	757516	758510	left	110	10	160	135	60	85	None	None	testing
3	yn	f	18	red	Le	(80, 0)	(40, 69)	(-39, 69)	(-80, 0)	(-40, -69)	(40, -69)	circle	red	same	right	right	(40, -69)	(80, 0)	search	nr	True	759704	760798	right	110	10	35	60	85	135	None	None	testing
3	yn	f	18	red	Le	(80, 0)	(40, 69)	(-39, 69)	(-80, 0)	(-40, -69)	(40, -69)	diamond	none	dif	right	right	N_dist	(-40, -69)	search	nr	True	761858	763214	right	160	110	135	85	35	10	None	None	testing
3	yn	f	18	red	Le	(80, 0)	(40, 69)	(-39, 69)	(-80, 0)	(-40, -69)	(40, -69)	circle	red	same	right	right	(-39, 69)	(80, 0)	search	nr	True	764329	765214	left	35	135	160	85	10	60	None	None	testing
3	yn	f	18	red	Le	(80, 0)	(40, 69)	(-39, 69)	(-80, 0)	(-40, -69)	(40, -69)	diamond	red	dif	right	right	(40, 69)	(-40, -69)	search	nr	True	767919	769405	right	85	110	35	160	60	10	None	None	testing
3	yn	f	18	red	Le	(80, 0)	(40, 69)	(-39, 69)	(-80, 0)	(-40, -69)	(40, -69)	diamond	red	dif	left	left	(80, 0)	(-80, 0)	search	nr	True	770658	771933	left	35	85	110	160	135	60	None	None	testing
3	yn	f	18	red	Le	(80, 0)	(40, 69)	(-39, 69)	(-80, 0)	(-40, -69)	(40, -69)	circle	none	dif	right	right	N_dist	(-40, -69)	search	nr	True	772995	773870	right	10	160	60	135	110	85	None	None	testing
3	yn	f	18	red	Le	(80, 0)	(40, 69)	(-39, 69)	(-80, 0)	(-40, -69)	(40, -69)	circle	red	same	right	right	(-39, 69)	(-80, 0)	search	nr	True	774999	776238	right	35	10	110	135	85	60	None	None	testing
3	yn	f	18	red	Le	(80, 0)	(40, 69)	(-39, 69)	(-80, 0)	(-40, -69)	(40, -69)	circle	none	dif	right	right	N_dist	(-40, -69)	search	nr	True	777520	778269	right	135	110	35	160	10	85	None	None	testing
3	yn	f	18	red	Le	(80, 0)	(40, 69)	(-39, 69)	(-80, 0)	(-40, -69)	(40, -69)	diamond	red	dif	right	right	(40, -69)	(-80, 0)	search	nr	True	779508	780926	right	10	35	135	160	85	110	None	None	testing
3	yn	f	18	red	Le	(80, 0)	(40, 69)	(-39, 69)	(-80, 0)	(-40, -69)	(40, -69)	circle	red	same	right	right	(-39, 69)	(-80, 0)	search	nr	True	782079	783118	right	135	110	85	160	35	10	None	None	testing
3	yn	f	18	red	Le	(80, 0)	(40, 69)	(-39, 69)	(-80, 0)	(-40, -69)	(40, -69)	diamond	red	dif	right	right	(-39, 69)	(40, -69)	search	nr	True	784383	785374	right	60	135	10	110	160	35	None	None	testing
3	yn	f	18	red	Le	(80, 0)	(40, 69)	(-39, 69)	(-80, 0)	(-40, -69)	(40, -69)	circle	red	same	right	right	(-80, 0)	(-40, -69)	search	nr	True	786504	787390	right	110	160	35	85	135	10	None	None	testing
3	yn	f	18	red	Le	(80, 0)	(40, 69)	(-39, 69)	(-80, 0)	(-40, -69)	(40, -69)	diamond	red	same	left	left	(-39, 69)	(80, 0)	search	nr	True	788457	789517	left	10	35	135	60	160	110	None	None	testing
3	yn	f	18	red	Le	(80, 0)	(40, 69)	(-39, 69)	(-80, 0)	(-40, -69)	(40, -69)	circle	red	dif	right	right	(-39, 69)	(80, 0)	search	nr	True	790628	791550	right	60	85	35	10	110	135	None	None	testing
3	yn	f	18	red	Le	(80, 0)	(40, 69)	(-39, 69)	(-80, 0)	(-40, -69)	(40, -69)	diamond	red	same	right	right	(-39, 69)	(80, 0)	search	nr	True	792698	793630	right	60	10	110	85	35	160	None	None	testing
3	yn	f	18	red	Le	(80, 0)	(40, 69)	(-39, 69)	(-80, 0)	(-40, -69)	(40, -69)	diamond	none	same	left	left	N_dist	(40, -69)	search	nr	True	794685	795566	left	60	135	10	110	160	85	None	None	testing
3	yn	f	18	red	Le	(80, 0)	(40, 69)	(-39, 69)	(-80, 0)	(-40, -69)	(40, -69)	circle	red	same	left	left	(-39, 69)	(80, 0)	search	nr	True	796873	797694	left	35	160	135	60	10	110	None	None	testing
3	yn	f	18	red	Le	(80, 0)	(40, 69)	(-39, 69)	(-80, 0)	(-40, -69)	(40, -69)	diamond	red	same	left	left	(-40, -69)	(40, -69)	search	nr	True	798793	800702	left	85	135	35	160	110	60	None	None	testing
3	yn	f	18	red	Le	(80, 0)	(40, 69)	(-39, 69)	(-80, 0)	(-40, -69)	(40, -69)	diamond	none	dif	right	right	N_dist	(40, -69)	search	nr	True	801999	802846	right	85	110	60	160	35	135	None	None	testing
3	yn	f	18	red	Le	(80, 0)	(40, 69)	(-39, 69)	(-80, 0)	(-40, -69)	(40, -69)	diamond	red	dif	right	right	(40, 69)	(-40, -69)	search	nr	True	803952	805230	right	160	110	35	135	85	10	None	None	testing
3	yn	f	18	red	Le	(80, 0)	(40, 69)	(-39, 69)	(-80, 0)	(-40, -69)	(40, -69)	circle	none	same	right	right	N_dist	(-80, 0)	search	nr	True	806523	807309	right	110	35	160	85	10	60	None	None	testing
3	yn	f	18	red	Le	(80, 0)	(40, 69)	(-39, 69)	(-80, 0)	(-40, -69)	(40, -69)	diamond	red	dif	right	right	(-39, 69)	(-80, 0)	search	nr	True	808511	810078	right	60	110	135	35	10	160	None	None	testing
3	yn	f	18	red	Le	(80, 0)	(40, 69)	(-39, 69)	(-80, 0)	(-40, -69)	(40, -69)	circle	red	same	right	right	(-39, 69)	(-40, -69)	search	nr	True	811166	813118	right	60	10	110	35	135	85	None	None	testing
3	yn	f	18	red	Le	(80, 0)	(40, 69)	(-39, 69)	(-80, 0)	(-40, -69)	(40, -69)	diamond	red	same	left	left	(40, 69)	(-80, 0)	search	nr	True	814187	815021	left	35	135	60	160	10	110	None	None	testing
3	yn	f	18	red	Le	(80, 0)	(40, 69)	(-39, 69)	(-80, 0)	(-40, -69)	(40, -69)	circle	none	dif	right	right	N_dist	(80, 0)	search	nr	True	816275	817086	right	10	135	60	110	85	35	None	None	testing
3	yn	f	18	red	Le	(80, 0)	(40, 69)	(-39, 69)	(-80, 0)	(-40, -69)	(40, -69)	diamond	red	dif	right	right	(-39, 69)	(40, -69)	search	nr	True	818245	819182	right	10	160	135	60	85	110	None	None	testing
3	yn	f	18	red	Le	(80, 0)	(40, 69)	(-39, 69)	(-80, 0)	(-40, -69)	(40, -69)	diamond	red	same	left	left	(-39, 69)	(-80, 0)	search	nr	True	820482	821198	left	85	35	160	110	10	135	None	None	testing
3	yn	f	18	red	Le	(80, 0)	(40, 69)	(-39, 69)	(-80, 0)	(-40, -69)	(40, -69)	diamond	red	dif	right	right	(40, 69)	(-40, -69)	search	nr	True	822319	822989	right	85	10	160	135	35	60	None	None	testing
3	yn	f	18	red	Le	(80, 0)	(40, 69)	(-39, 69)	(-80, 0)	(-40, -69)	(40, -69)	diamond	red	same	left	left	(-40, -69)	(40, -69)	search	nr	True	824273	825198	left	160	135	110	35	60	10	None	None	testing
3	yn	f	18	red	Le	(80, 0)	(40, 69)	(-39, 69)	(-80, 0)	(-40, -69)	(40, -69)	circle	red	dif	right	right	(-39, 69)	(40, 69)	search	nr	True	826443	827085	left	160	135	60	110	85	10	None	None	testing
3	yn	f	18	red	Le	(80, 0)	(40, 69)	(-39, 69)	(-80, 0)	(-40, -69)	(40, -69)	diamond	none	same	right	right	N_dist	(40, -69)	search	nr	True	829717	830590	right	160	85	10	110	35	135	None	None	testing
3	yn	f	18	red	Le	(80, 0)	(40, 69)	(-39, 69)	(-80, 0)	(-40, -69)	(40, -69)	diamond	none	dif	right	right	N_dist	(40, -69)	search	nr	True	831653	832462	right	160	85	10	110	60	135	None	None	testing
3	yn	f	18	red	Le	(80, 0)	(40, 69)	(-39, 69)	(-80, 0)	(-40, -69)	(40, -69)	diamond	none	dif	right	right	N_dist	(40, 69)	search	nr	True	833757	834525	right	85	60	160	110	135	10	None	None	testing
3	yn	f	18	red	Le	(80, 0)	(40, 69)	(-39, 69)	(-80, 0)	(-40, -69)	(40, -69)	diamond	red	same	left	left	(-39, 69)	(-80, 0)	search	nr	True	835594	836813	left	60	110	160	135	85	10	None	None	testing
3	yn	f	18	red	Le	(80, 0)	(40, 69)	(-39, 69)	(-80, 0)	(-40, -69)	(40, -69)	diamond	red	same	right	right	(-80, 0)	(80, 0)	search	nr	True	838082	838654	right	135	85	110	35	160	10	None	None	testing
3	yn	f	18	red	Le	(80, 0)	(40, 69)	(-39, 69)	(-80, 0)	(-40, -69)	(40, -69)	circle	none	dif	right	right	N_dist	(80, 0)	search	nr	True	839818	840749	right	10	135	85	160	35	60	None	None	testing
3	yn	f	18	red	Le	(80, 0)	(40, 69)	(-39, 69)	(-80, 0)	(-40, -69)	(40, -69)	diamond	none	same	left	left	N_dist	(-39, 69)	search	nr	True	841855	842685	left	85	110	60	10	35	135	None	None	testing
3	yn	f	18	red	Le	(80, 0)	(40, 69)	(-39, 69)	(-80, 0)	(-40, -69)	(40, -69)	circle	red	dif	right	right	(-39, 69)	(40, 69)	search	nr	True	843942	845134	right	60	85	10	135	110	160	None	None	testing
3	yn	f	18	red	Le	(80, 0)	(40, 69)	(-39, 69)	(-80, 0)	(-40, -69)	(40, -69)	diamond	red	same	left	left	(-39, 69)	(-80, 0)	search	nr	True	846230	847309	left	10	35	85	110	135	60	None	None	testing
3	yn	f	18	red	Le	(80, 0)	(40, 69)	(-39, 69)	(-80, 0)	(-40, -69)	(40, -69)	diamond	red	same	left	left	(40, 69)	(80, 0)	search	nr	True	848484	849598	left	60	135	85	10	35	160	None	None	testing
3	yn	f	18	red	Le	(80, 0)	(40, 69)	(-39, 69)	(-80, 0)	(-40, -69)	(40, -69)	circle	red	dif	left	left	(-39, 69)	(40, 69)	search	nr	True	850805	852158	left	35	160	135	10	85	60	None	None	testing
3	yn	f	18	red	Le	(80, 0)	(40, 69)	(-39, 69)	(-80, 0)	(-40, -69)	(40, -69)	circle	none	dif	left	left	N_dist	(40, 69)	search	nr	True	853260	854269	left	35	110	160	60	85	10	None	None	testing
3	yn	f	18	red	Le	(80, 0)	(40, 69)	(-39, 69)	(-80, 0)	(-40, -69)	(40, -69)	circle	red	same	left	left	(-39, 69)	(-80, 0)	search	nr	True	855547	856494	left	85	10	60	35	110	135	None	None	testing
3	yn	f	18	red	Le	(80, 0)	(40, 69)	(-39, 69)	(-80, 0)	(-40, -69)	(40, -69)	circle	red	dif	right	right	(-39, 69)	(40, -69)	search	nr	True	857617	858782	right	10	35	60	160	110	135	None	None	testing
3	yn	f	18	red	Le	(80, 0)	(40, 69)	(-39, 69)	(-80, 0)	(-40, -69)	(40, -69)	diamond	none	same	left	left	N_dist	(40, -69)	search	nr	True	859872	860494	left	85	35	60	10	160	110	None	None	testing
3	yn	f	18	red	Le	(80, 0)	(40, 69)	(-39, 69)	(-80, 0)	(-40, -69)	(40, -69)	circle	none	same	left	left	N_dist	(-80, 0)	search	nr	True	861608	862670	left	160	10	85	35	110	60	None	None	testing
3	yn	f	18	red	Le	(80, 0)	(40, 69)	(-39, 69)	(-80, 0)	(-40, -69)	(40, -69)	circle	red	same	right	right	(-39, 69)	(-40, -69)	search	nr	True	863930	864589	right	10	60	135	85	110	160	None	None	testing
3	yn	f	18	red	Le	(80, 0)	(40, 69)	(-39, 69)	(-80, 0)	(-40, -69)	(40, -69)	diamond	red	same	right	right	(-39, 69)	(-80, 0)	search	nr	True	865833	866654	right	35	60	160	135	10	85	None	None	testing
3	yn	f	18	red	Le	(80, 0)	(40, 69)	(-39, 69)	(-80, 0)	(-40, -69)	(40, -69)	diamond	none	dif	left	left	N_dist	(-39, 69)	search	nr	True	867887	869422	right	35	85	160	10	110	60	None	None	testing
3	yn	f	18	red	Le	(80, 0)	(40, 69)	(-39, 69)	(-80, 0)	(-40, -69)	(40, -69)	diamond	none	dif	right	right	N_dist	(-40, -69)	search	nr	True	872077	872861	right	60	135	35	110	10	85	None	None	testing
3	yn	f	18	red	Le	(80, 0)	(40, 69)	(-39, 69)	(-80, 0)	(-40, -69)	(40, -69)	circle	none	dif	left	left	N_dist	(40, -69)	search	nr	True	874132	874862	left	110	135	85	60	160	35	None	None	testing
3	yn	f	18	red	Le	(80, 0)	(40, 69)	(-39, 69)	(-80, 0)	(-40, -69)	(40, -69)	diamond	none	dif	left	left	N_dist	(-40, -69)	search	nr	True	876085	877054	left	10	110	60	85	160	35	None	None	testing
3	yn	f	18	red	Le	(80, 0)	(40, 69)	(-39, 69)	(-80, 0)	(-40, -69)	(40, -69)	diamond	red	same	left	left	(40, 69)	(80, 0)	search	nr	True	878256	879229	left	85	160	110	60	35	135	None	None	testing
3	yn	f	18	red	Le	(80, 0)	(40, 69)	(-39, 69)	(-80, 0)	(-40, -69)	(40, -69)	diamond	red	dif	left	left	(-40, -69)	(40, -69)	search	nr	True	880359	881101	left	110	135	10	35	160	60	None	None	testing
3	yn	f	18	red	Le	(80, 0)	(40, 69)	(-39, 69)	(-80, 0)	(-40, -69)	(40, -69)	circle	none	same	right	right	N_dist	(-80, 0)	search	nr	True	882213	883437	right	60	135	10	35	85	110	None	None	testing
3	yn	f	18	red	Le	(80, 0)	(40, 69)	(-39, 69)	(-80, 0)	(-40, -69)	(40, -69)	diamond	none	dif	right	right	N_dist	(80, 0)	search	nr	True	884534	885838	right	135	10	35	160	85	60	None	None	testing
3	yn	f	18	red	Le	(80, 0)	(40, 69)	(-39, 69)	(-80, 0)	(-40, -69)	(40, -69)	circle	red	same	right	right	(-80, 0)	(-40, -69)	search	nr	True	887089	887981	right	160	35	60	110	85	135	None	None	testing
3	yn	f	18	red	Le	(80, 0)	(40, 69)	(-39, 69)	(-80, 0)	(-40, -69)	(40, -69)	circle	red	dif	right	right	(-39, 69)	(40, 69)	search	nr	True	889092	890126	right	35	85	110	60	160	10	None	None	testing
3	yn	f	18	red	Le	(80, 0)	(40, 69)	(-39, 69)	(-80, 0)	(-40, -69)	(40, -69)	diamond	red	same	left	left	(-80, 0)	(40, -69)	search	nr	True	891347	893262	left	135	85	160	10	60	35	None	None	testing
3	yn	f	18	red	Le	(80, 0)	(40, 69)	(-39, 69)	(-80, 0)	(-40, -69)	(40, -69)	diamond	red	same	left	left	(-80, 0)	(40, -69)	search	nr	True	894351	895086	left	35	10	85	110	135	160	None	None	testing
3	yn	f	18	red	Le	(80, 0)	(40, 69)	(-39, 69)	(-80, 0)	(-40, -69)	(40, -69)	circle	red	same	left	left	(-39, 69)	(40, 69)	search	nr	True	896289	897374	left	35	60	135	85	110	10	None	None	testing
3	yn	f	18	red	Le	(80, 0)	(40, 69)	(-39, 69)	(-80, 0)	(-40, -69)	(40, -69)	diamond	red	same	left	left	(-80, 0)	(40, 69)	search	nr	True	898493	899581	left	160	35	10	135	85	60	None	None	testing
3	yn	f	18	red	Le	(80, 0)	(40, 69)	(-39, 69)	(-80, 0)	(-40, -69)	(40, -69)	circle	red	dif	left	left	(-40, -69)	(40, -69)	search	nr	True	900764	902046	left	160	85	60	110	35	135	None	None	testing
3	yn	f	18	red	Le	(80, 0)	(40, 69)	(-39, 69)	(-80, 0)	(-40, -69)	(40, -69)	circle	red	same	left	left	(-39, 69)	(40, 69)	search	nr	True	903268	903918	left	10	35	160	60	85	110	None	None	testing
3	yn	f	18	red	Le	(80, 0)	(40, 69)	(-39, 69)	(-80, 0)	(-40, -69)	(40, -69)	diamond	red	dif	right	right	(-39, 69)	(-40, -69)	search	nr	True	905222	906286	right	110	85	10	135	60	160	None	None	testing
3	yn	f	18	red	Le	(80, 0)	(40, 69)	(-39, 69)	(-80, 0)	(-40, -69)	(40, -69)	diamond	red	same	left	left	(80, 0)	(40, 69)	search	nr	True	907559	908990	left	35	10	110	85	60	160	None	None	testing
3	yn	f	18	red	Le	(80, 0)	(40, 69)	(-39, 69)	(-80, 0)	(-40, -69)	(40, -69)	circle	red	same	right	right	(-39, 69)	(80, 0)	search	nr	True	910248	911246	right	60	35	10	160	85	135	None	None	testing
3	yn	f	18	red	Le	(80, 0)	(40, 69)	(-39, 69)	(-80, 0)	(-40, -69)	(40, -69)	circle	none	dif	right	right	N_dist	(80, 0)	search	nr	True	912335	913454	right	10	160	60	85	35	110	None	None	testing
3	yn	f	18	red	Le	(80, 0)	(40, 69)	(-39, 69)	(-80, 0)	(-40, -69)	(40, -69)	circle	none	same	right	right	N_dist	(-40, -69)	search	nr	True	914539	915262	right	10	110	60	135	160	35	None	None	testing
3	yn	f	18	red	Le	(80, 0)	(40, 69)	(-39, 69)	(-80, 0)	(-40, -69)	(40, -69)	circle	red	dif	right	right	(-39, 69)	(40, 69)	search	nr	True	916376	917501	right	110	160	85	10	135	35	None	None	testing
3	yn	f	18	red	Le	(80, 0)	(40, 69)	(-39, 69)	(-80, 0)	(-40, -69)	(40, -69)	diamond	red	dif	left	left	(-39, 69)	(40, -69)	search	nr	True	918663	919326	left	60	35	110	85	10	135	None	None	testing
3	yn	f	18	red	Le	(80, 0)	(40, 69)	(-39, 69)	(-80, 0)	(-40, -69)	(40, -69)	diamond	red	same	left	left	(-40, -69)	(40, -69)	search	nr	True	920500	921245	left	10	160	60	85	35	110	None	None	testing
3	yn	f	18	red	Le	(80, 0)	(40, 69)	(-39, 69)	(-80, 0)	(-40, -69)	(40, -69)	circle	none	same	right	right	N_dist	(-80, 0)	search	nr	True	922337	922989	right	160	60	10	35	85	135	None	None	testing
3	yn	f	18	red	Le	(80, 0)	(40, 69)	(-39, 69)	(-80, 0)	(-40, -69)	(40, -69)	circle	red	dif	left	left	(-40, -69)	(40, -69)	search	nr	True	924273	924958	left	35	135	160	85	110	60	None	None	testing
3	yn	f	18	red	Le	(80, 0)	(40, 69)	(-39, 69)	(-80, 0)	(-40, -69)	(40, -69)	circle	red	dif	left	left	(-39, 69)	(40, 69)	search	nr	True	926110	926813	left	160	60	135	10	110	85	None	None	testing
3	yn	f	18	red	Le	(80, 0)	(40, 69)	(-39, 69)	(-80, 0)	(-40, -69)	(40, -69)	circle	red	dif	left	left	(-39, 69)	(40, 69)	search	nr	True	927947	928653	left	160	35	110	135	85	60	None	None	testing
3	yn	f	18	red	Le	(80, 0)	(40, 69)	(-39, 69)	(-80, 0)	(-40, -69)	(40, -69)	circle	red	same	right	right	(-39, 69)	(-40, -69)	search	nr	True	929951	930733	right	160	85	10	60	135	110	None	None	testing
3	yn	f	18	red	Le	(80, 0)	(40, 69)	(-39, 69)	(-80, 0)	(-40, -69)	(40, -69)	diamond	red	dif	right	right	(-39, 69)	(-80, 0)	search	nr	True	931987	933277	right	10	85	35	135	60	160	None	None	testing
3	yn	f	18	red	Le	(80, 0)	(40, 69)	(-39, 69)	(-80, 0)	(-40, -69)	(40, -69)	circle	red	dif	left	left	(-39, 69)	(-40, -69)	search	nr	True	934459	935229	left	60	135	10	160	35	85	None	None	testing
3	yn	f	18	red	Le	(80, 0)	(40, 69)	(-39, 69)	(-80, 0)	(-40, -69)	(40, -69)	diamond	red	dif	left	left	(-39, 69)	(40, 69)	search	nr	True	936329	937069	left	35	60	110	10	135	160	None	None	testing
3	yn	f	18	red	Le	(80, 0)	(40, 69)	(-39, 69)	(-80, 0)	(-40, -69)	(40, -69)	diamond	red	dif	left	left	(-39, 69)	(40, -69)	search	nr	True	938249	939134	left	110	35	85	135	10	160	None	None	testing
3	yn	f	18	red	Le	(80, 0)	(40, 69)	(-39, 69)	(-80, 0)	(-40, -69)	(40, -69)	circle	red	same	left	left	(-39, 69)	(-80, 0)	search	nr	True	940236	941054	left	60	10	85	35	110	160	None	None	testing
3	yn	f	18	red	Le	(80, 0)	(40, 69)	(-39, 69)	(-80, 0)	(-40, -69)	(40, -69)	circle	red	same	left	left	(-39, 69)	(40, 69)	search	nr	True	942224	942926	left	60	10	85	135	35	160	None	None	testing
3	yn	f	18	red	Le	(80, 0)	(40, 69)	(-39, 69)	(-80, 0)	(-40, -69)	(40, -69)	circle	red	dif	left	left	(-39, 69)	(40, 69)	search	nr	True	944193	944782	left	35	110	135	60	160	85	None	None	testing
3	yn	f	18	red	Le	(80, 0)	(40, 69)	(-39, 69)	(-80, 0)	(-40, -69)	(40, -69)	diamond	none	same	left	left	N_dist	(-39, 69)	search	nr	True	945863	946813	left	85	60	135	10	110	35	None	None	testing
3	yn	f	18	red	Le	(80, 0)	(40, 69)	(-39, 69)	(-80, 0)	(-40, -69)	(40, -69)	diamond	none	dif	right	right	N_dist	(40, -69)	search	nr	True	948117	948989	right	135	60	35	85	160	110	None	None	testing
3	yn	f	18	red	Le	(80, 0)	(40, 69)	(-39, 69)	(-80, 0)	(-40, -69)	(40, -69)	diamond	red	same	right	right	(80, 0)	(-80, 0)	search	nr	True	950104	951678	right	60	110	35	135	160	10	None	None	testing
3	yn	f	18	red	Le	(80, 0)	(40, 69)	(-39, 69)	(-80, 0)	(-40, -69)	(40, -69)	circle	none	dif	right	right	N_dist	(-39, 69)	search	nr	True	952843	953806	right	85	10	160	110	35	60	None	None	testing
3	yn	f	18	red	Le	(80, 0)	(40, 69)	(-39, 69)	(-80, 0)	(-40, -69)	(40, -69)	diamond	red	dif	right	right	(-39, 69)	(-80, 0)	search	nr	True	954930	956109	right	160	135	60	85	110	10	None	None	testing
3	yn	f	18	red	Le	(80, 0)	(40, 69)	(-39, 69)	(-80, 0)	(-40, -69)	(40, -69)	circle	none	same	right	right	N_dist	(-80, 0)	search	nr	True	957368	958254	right	160	10	60	35	110	135	None	None	testing
3	yn	f	18	red	Le	(80, 0)	(40, 69)	(-39, 69)	(-80, 0)	(-40, -69)	(40, -69)	diamond	none	same	left	left	N_dist	(-39, 69)	search	nr	True	959488	960334	left	60	10	160	135	35	85	None	None	testing
3	yn	f	18	red	Le	(80, 0)	(40, 69)	(-39, 69)	(-80, 0)	(-40, -69)	(40, -69)	circle	none	same	left	left	N_dist	(-40, -69)	search	nr	True	961408	962285	left	10	160	35	85	110	60	None	None	testing
3	yn	f	18	red	Le	(80, 0)	(40, 69)	(-39, 69)	(-80, 0)	(-40, -69)	(40, -69)	circle	red	dif	right	right	(40, -69)	(-40, -69)	search	nr	True	963379	965021	right	60	10	160	35	135	85	None	None	testing
3	yn	f	18	red	Le	(80, 0)	(40, 69)	(-39, 69)	(-80, 0)	(-40, -69)	(40, -69)	circle	red	same	left	left	(-40, -69)	(40, 69)	search	nr	True	966117	967597	left	135	85	10	160	35	110	None	None	testing
3	yn	f	18	red	Le	(80, 0)	(40, 69)	(-39, 69)	(-80, 0)	(-40, -69)	(40, -69)	diamond	red	dif	right	right	(40, -69)	(-40, -69)	search	nr	True	968772	969821	right	35	135	160	60	85	110	None	None	testing
3	yn	f	18	red	Le	(80, 0)	(40, 69)	(-39, 69)	(-80, 0)	(-40, -69)	(40, -69)	diamond	red	same	right	right	(-39, 69)	(40, -69)	search	nr	True	970926	971742	right	35	85	110	135	60	160	None	None	testing
3	yn	f	18	red	Le	(80, 0)	(40, 69)	(-39, 69)	(-80, 0)	(-40, -69)	(40, -69)	diamond	none	dif	left	left	N_dist	(40, 69)	search	nr	True	972847	973773	left	160	35	60	110	10	85	None	None	testing
3	yn	f	18	red	Le	(80, 0)	(40, 69)	(-39, 69)	(-80, 0)	(-40, -69)	(40, -69)	circle	red	dif	left	left	(-39, 69)	(-40, -69)	search	nr	True	974866	976349	left	135	110	85	35	10	160	None	None	testing
3	yn	f	18	red	Le	(80, 0)	(40, 69)	(-39, 69)	(-80, 0)	(-40, -69)	(40, -69)	circle	red	dif	left	left	(40, -69)	(-40, -69)	search	nr	True	977639	978670	left	85	110	60	135	35	160	None	None	testing
3	yn	f	18	red	Le	(80, 0)	(40, 69)	(-39, 69)	(-80, 0)	(-40, -69)	(40, -69)	diamond	red	dif	left	left	(-39, 69)	(40, -69)	search	nr	True	979942	981261	left	35	160	135	110	60	85	None	None	testing
3	yn	f	18	red	Le	(80, 0)	(40, 69)	(-39, 69)	(-80, 0)	(-40, -69)	(40, -69)	diamond	none	dif	left	left	N_dist	(40, 69)	search	nr	True	982530	983182	left	160	85	35	110	10	135	None	None	testing
3	yn	f	18	red	Le	(80, 0)	(40, 69)	(-39, 69)	(-80, 0)	(-40, -69)	(40, -69)	diamond	red	same	left	left	(40, 69)	(80, 0)	search	nr	True	984451	985933	left	60	160	135	85	35	110	None	None	testing
3	yn	f	18	red	Le	(80, 0)	(40, 69)	(-39, 69)	(-80, 0)	(-40, -69)	(40, -69)	circle	none	dif	left	left	N_dist	(-39, 69)	search	nr	True	987239	988382	left	110	35	160	10	135	85	None	None	testing
3	yn	f	18	red	Le	(80, 0)	(40, 69)	(-39, 69)	(-80, 0)	(-40, -69)	(40, -69)	diamond	none	same	left	left	N_dist	(-39, 69)	search	nr	True	989510	990494	left	110	35	60	160	135	10	None	None	testing
3	yn	f	18	red	Le	(80, 0)	(40, 69)	(-39, 69)	(-80, 0)	(-40, -69)	(40, -69)	circle	red	same	right	right	(80, 0)	(-80, 0)	search	nr	True	991731	993454	left	110	135	10	60	35	160	None	None	testing
3	yn	f	18	red	Le	(80, 0)	(40, 69)	(-39, 69)	(-80, 0)	(-40, -69)	(40, -69)	circle	none	dif	right	right	N_dist	(-40, -69)	search	nr	True	996139	997309	right	60	85	10	135	160	110	None	None	testing
3	yn	f	18	red	Le	(80, 0)	(40, 69)	(-39, 69)	(-80, 0)	(-40, -69)	(40, -69)	circle	red	same	right	right	(-39, 69)	(40, -69)	search	nr	True	998577	999565	right	10	135	85	160	35	60	None	None	testing
3	yn	f	18	red	Le	(80, 0)	(40, 69)	(-39, 69)	(-80, 0)	(-40, -69)	(40, -69)	circle	none	dif	right	right	N_dist	(-39, 69)	search	nr	True	1000730	1001662	right	160	110	135	60	10	35	None	None	testing
3	yn	f	18	red	Le	(80, 0)	(40, 69)	(-39, 69)	(-80, 0)	(-40, -69)	(40, -69)	circle	red	dif	right	right	(-39, 69)	(40, 69)	search	nr	True	1002734	1003501	right	110	160	60	85	35	135	None	None	testing
3	yn	f	18	red	Le	(80, 0)	(40, 69)	(-39, 69)	(-80, 0)	(-40, -69)	(40, -69)	diamond	red	dif	right	right	(-39, 69)	(-40, -69)	search	nr	True	1004604	1005485	right	35	10	160	135	85	60	None	None	testing
3	yn	f	18	red	Le	(80, 0)	(40, 69)	(-39, 69)	(-80, 0)	(-40, -69)	(40, -69)	diamond	red	same	right	right	(-39, 69)	(40, -69)	search	nr	True	1006608	1007550	right	160	35	60	10	85	135	None	None	testing
3	yn	f	18	red	Le	(80, 0)	(40, 69)	(-39, 69)	(-80, 0)	(-40, -69)	(40, -69)	circle	none	dif	left	left	N_dist	(40, -69)	search	nr	True	1008612	1009901	left	135	85	60	110	10	160	None	None	testing
3	yn	f	18	red	Le	(80, 0)	(40, 69)	(-39, 69)	(-80, 0)	(-40, -69)	(40, -69)	circle	none	dif	left	left	N_dist	(80, 0)	search	nr	True	1011083	1012046	left	60	10	135	110	160	35	None	None	testing
3	yn	f	18	red	Le	(80, 0)	(40, 69)	(-39, 69)	(-80, 0)	(-40, -69)	(40, -69)	circle	red	same	right	right	(40, -69)	(80, 0)	search	nr	True	1013337	1013998	right	35	60	160	135	10	110	None	None	testing
3	yn	f	18	red	Le	(80, 0)	(40, 69)	(-39, 69)	(-80, 0)	(-40, -69)	(40, -69)	circle	red	dif	right	right	(-39, 69)	(40, 69)	search	nr	True	1015157	1015886	right	60	135	85	10	110	35	None	None	testing
3	yn	f	18	red	Le	(80, 0)	(40, 69)	(-39, 69)	(-80, 0)	(-40, -69)	(40, -69)	circle	none	same	right	right	N_dist	(-40, -69)	search	nr	True	1017161	1017773	right	110	85	60	35	135	10	None	None	testing
3	yn	f	18	red	Le	(80, 0)	(40, 69)	(-39, 69)	(-80, 0)	(-40, -69)	(40, -69)	circle	red	same	left	left	(-39, 69)	(40, 69)	search	nr	True	1019048	1019693	left	85	160	110	60	35	10	None	None	testing
3	yn	f	18	red	Le	(80, 0)	(40, 69)	(-39, 69)	(-80, 0)	(-40, -69)	(40, -69)	circle	red	dif	right	right	(-39, 69)	(40, 69)	search	nr	True	1020817	1021869	right	160	35	10	60	135	85	None	None	testing
3	yn	f	18	red	Le	(80, 0)	(40, 69)	(-39, 69)	(-80, 0)	(-40, -69)	(40, -69)	diamond	red	same	left	left	(40, 69)	(80, 0)	search	nr	True	1023172	1024189	left	10	85	135	160	110	35	None	None	testing
3	yn	f	18	red	Le	(80, 0)	(40, 69)	(-39, 69)	(-80, 0)	(-40, -69)	(40, -69)	diamond	none	dif	right	right	N_dist	(-39, 69)	search	nr	True	1025392	1026126	right	110	10	60	135	85	160	None	None	testing
3	yn	f	18	red	Le	(80, 0)	(40, 69)	(-39, 69)	(-80, 0)	(-40, -69)	(40, -69)	diamond	red	same	left	left	(40, 69)	(-80, 0)	search	nr	True	1027380	1028286	left	135	85	110	10	160	60	None	None	testing
3	yn	f	18	red	Le	(80, 0)	(40, 69)	(-39, 69)	(-80, 0)	(-40, -69)	(40, -69)	circle	red	same	right	right	(-39, 69)	(-40, -69)	search	nr	True	1029567	1030286	right	60	10	135	85	35	160	None	None	testing
3	yn	f	18	red	Le	(80, 0)	(40, 69)	(-39, 69)	(-80, 0)	(-40, -69)	(40, -69)	circle	red	same	right	right	(80, 0)	(-80, 0)	search	nr	True	1031421	1032206	right	160	135	60	85	10	35	None	None	testing
3	yn	f	18	red	Le	(80, 0)	(40, 69)	(-39, 69)	(-80, 0)	(-40, -69)	(40, -69)	circle	red	dif	left	left	(-39, 69)	(-40, -69)	search	nr	True	1033424	1034157	left	10	35	85	110	160	135	None	None	testing
3	yn	f	18	red	Le	(80, 0)	(40, 69)	(-39, 69)	(-80, 0)	(-40, -69)	(40, -69)	diamond	none	same	left	left	N_dist	(80, 0)	search	nr	True	1035277	1036094	left	110	135	85	60	160	10	None	None	testing
3	yn	f	18	red	Le	(80, 0)	(40, 69)	(-39, 69)	(-80, 0)	(-40, -69)	(40, -69)	circle	red	dif	left	left	(40, -69)	(-40, -69)	search	nr	True	1037231	1038430	left	110	160	135	35	10	85	None	None	testing
3	yn	f	18	red	Le	(80, 0)	(40, 69)	(-39, 69)	(-80, 0)	(-40, -69)	(40, -69)	diamond	none	same	right	right	N_dist	(40, -69)	search	nr	True	1039502	1040365	right	110	135	85	60	160	35	None	None	testing
3	yn	f	18	red	Le	(80, 0)	(40, 69)	(-39, 69)	(-80, 0)	(-40, -69)	(40, -69)	diamond	none	dif	left	left	N_dist	(40, 69)	search	nr	True	1041456	1042141	left	35	160	60	110	85	135	None	None	testing
3	yn	f	18	red	Le	(80, 0)	(40, 69)	(-39, 69)	(-80, 0)	(-40, -69)	(40, -69)	circle	red	same	left	left	(40, 69)	(80, 0)	search	nr	True	1043426	1045517	left	110	10	160	135	35	60	None	None	testing
3	yn	f	18	red	Le	(80, 0)	(40, 69)	(-39, 69)	(-80, 0)	(-40, -69)	(40, -69)	circle	red	same	right	right	(-39, 69)	(80, 0)	search	nr	True	1046732	1047502	right	60	10	160	85	35	110	None	None	testing
3	yn	f	18	red	Le	(80, 0)	(40, 69)	(-39, 69)	(-80, 0)	(-40, -69)	(40, -69)	circle	red	dif	right	right	(-39, 69)	(40, 69)	search	nr	True	1048636	1049374	right	35	110	10	85	60	160	None	None	testing
3	yn	f	18	red	Le	(80, 0)	(40, 69)	(-39, 69)	(-80, 0)	(-40, -69)	(40, -69)	circle	red	dif	left	left	(-39, 69)	(80, 0)	search	nr	True	1050438	1051005	left	60	35	10	85	110	160	None	None	testing
3	yn	f	18	red	Le	(80, 0)	(40, 69)	(-39, 69)	(-80, 0)	(-40, -69)	(40, -69)	circle	red	dif	left	left	(-80, 0)	(40, -69)	search	nr	True	1052108	1052910	left	85	110	160	135	35	10	None	None	testing
3	yn	f	18	red	Le	(80, 0)	(40, 69)	(-39, 69)	(-80, 0)	(-40, -69)	(40, -69)	diamond	red	same	right	right	(-39, 69)	(-80, 0)	search	nr	True	1054112	1056157	right	10	85	35	135	60	110	None	None	testing
3	yn	f	18	red	Le	(80, 0)	(40, 69)	(-39, 69)	(-80, 0)	(-40, -69)	(40, -69)	diamond	red	same	right	right	(-39, 69)	(-40, -69)	search	nr	True	1057368	1058382	right	160	110	60	35	85	10	None	None	testing
3	yn	f	18	red	Le	(80, 0)	(40, 69)	(-39, 69)	(-80, 0)	(-40, -69)	(40, -69)	circle	red	same	left	left	(-39, 69)	(40, 69)	search	nr	True	1059506	1060237	left	160	10	60	85	35	135	None	None	testing
3	yn	f	18	red	Le	(80, 0)	(40, 69)	(-39, 69)	(-80, 0)	(-40, -69)	(40, -69)	diamond	red	dif	left	left	(-39, 69)	(80, 0)	search	nr	True	1061376	1062638	left	35	60	10	85	135	110	None	None	testing
3	yn	f	18	red	Le	(80, 0)	(40, 69)	(-39, 69)	(-80, 0)	(-40, -69)	(40, -69)	diamond	none	same	left	left	N_dist	(40, -69)	search	nr	True	1063747	1064430	left	160	135	35	60	10	110	None	None	testing
3	yn	f	18	red	Le	(80, 0)	(40, 69)	(-39, 69)	(-80, 0)	(-40, -69)	(40, -69)	diamond	none	same	right	right	N_dist	(-80, 0)	search	nr	True	1065650	1066286	right	160	135	85	35	110	60	None	None	testing
3	yn	f	18	red	Le	(80, 0)	(40, 69)	(-39, 69)	(-80, 0)	(-40, -69)	(40, -69)	circle	none	dif	left	left	N_dist	(40, -69)	search	nr	True	1067471	1068430	left	35	60	110	135	10	160	None	None	testing
