subj	name	gender	age	dist	run	tar_locs1	tar_locs2	tar_locs3	tar_locs4	tar_locs5	tar_locs6	shape	dist	td_dif	detection	resp_key	dis_loc	tar_loc	task_type	probe_cond	gotKey	startTime	respTime	resp	o1	o2	o3	o4	o5	o6	pro_loc	ori_resp	mode
3	yn	f	18	red	7	(80, 0)	(40, 69)	(-39, 69)	(-80, 0)	(-40, -69)	(40, -69)	diamond	none	same	left	left	N_dist	(40, 69)	probe	h_norm	None	None	None	None	35	60	110	85	135	10	(-39, 69)	18	testing
3	yn	f	18	red	7	(80, 0)	(40, 69)	(-39, 69)	(-80, 0)	(-40, -69)	(40, -69)	diamond	red	same	left	left	(-40, -69)	(40, 69)	probe	l_sin	None	None	None	None	110	60	85	10	135	35	(-40, -69)	173	testing
3	yn	f	18	red	7	(80, 0)	(40, 69)	(-39, 69)	(-80, 0)	(-40, -69)	(40, -69)	diamond	red	same	left	left	(-39, 69)	(-80, 0)	search	nr	True	109184	109801	left	35	60	10	160	85	135	None	None	testing
3	yn	f	18	red	7	(80, 0)	(40, 69)	(-39, 69)	(-80, 0)	(-40, -69)	(40, -69)	diamond	red	same	left	left	(-39, 69)	(-80, 0)	probe	norm	None	None	None	None	135	110	10	60	35	85	(40, 69)	9	testing
3	yn	f	18	red	7	(80, 0)	(40, 69)	(-39, 69)	(-80, 0)	(-40, -69)	(40, -69)	circle	red	same	left	left	(-39, 69)	(-80, 0)	probe	norm	None	None	None	None	85	35	160	60	135	10	(40, 69)	157	testing
3	yn	f	18	red	7	(80, 0)	(40, 69)	(-39, 69)	(-80, 0)	(-40, -69)	(40, -69)	diamond	red	dif	right	right	(-80, 0)	(40, 69)	search	nr	True	118317	119145	right	110	35	60	10	85	135	None	None	testing
3	yn	f	18	red	7	(80, 0)	(40, 69)	(-39, 69)	(-80, 0)	(-40, -69)	(40, -69)	diamond	red	dif	right	right	(-39, 69)	(80, 0)	probe	h_sin	None	None	None	None	85	35	110	60	135	10	(-39, 69)	7	testing
3	yn	f	18	red	7	(80, 0)	(40, 69)	(-39, 69)	(-80, 0)	(-40, -69)	(40, -69)	diamond	red	dif	left	left	(80, 0)	(40, 69)	search	nr	True	123927	124569	left	10	35	160	60	135	85	None	None	testing
3	yn	f	18	red	7	(80, 0)	(40, 69)	(-39, 69)	(-80, 0)	(-40, -69)	(40, -69)	circle	none	same	right	right	N_dist	(-80, 0)	search	nr	True	125748	126538	right	85	60	10	160	135	110	None	None	testing
3	yn	f	18	red	7	(80, 0)	(40, 69)	(-39, 69)	(-80, 0)	(-40, -69)	(40, -69)	circle	red	dif	right	right	(80, 0)	(40, 69)	probe	tar	None	None	None	None	135	60	160	35	10	85	(40, 69)	167	testing
3	yn	f	18	red	7	(80, 0)	(40, 69)	(-39, 69)	(-80, 0)	(-40, -69)	(40, -69)	circle	none	dif	right	right	N_dist	(-40, -69)	search	nr	True	131459	133001	right	85	35	135	60	10	160	None	None	testing
3	yn	f	18	red	7	(80, 0)	(40, 69)	(-39, 69)	(-80, 0)	(-40, -69)	(40, -69)	circle	none	same	right	right	N_dist	(-40, -69)	search	nr	True	134163	134729	right	60	85	160	10	135	35	None	None	testing
3	yn	f	18	red	7	(80, 0)	(40, 69)	(-39, 69)	(-80, 0)	(-40, -69)	(40, -69)	circle	red	same	right	right	(-39, 69)	(80, 0)	search	nr	True	135917	136521	right	35	85	135	160	10	110	None	None	testing
3	yn	f	18	red	7	(80, 0)	(40, 69)	(-39, 69)	(-80, 0)	(-40, -69)	(40, -69)	diamond	none	same	left	left	N_dist	(40, 69)	search	nr	True	137686	138698	left	135	10	160	85	110	60	None	None	testing
3	yn	f	18	red	7	(80, 0)	(40, 69)	(-39, 69)	(-80, 0)	(-40, -69)	(40, -69)	circle	red	same	left	left	(-39, 69)	(-40, -69)	search	nr	True	139824	140697	left	135	85	10	160	110	60	None	None	testing
3	yn	f	18	red	7	(80, 0)	(40, 69)	(-39, 69)	(-80, 0)	(-40, -69)	(40, -69)	diamond	red	dif	left	left	(40, -69)	(-40, -69)	probe	norm	None	None	None	None	110	10	160	135	35	85	(-39, 69)	21	testing
3	yn	f	18	red	7	(80, 0)	(40, 69)	(-39, 69)	(-80, 0)	(-40, -69)	(40, -69)	circle	none	same	left	left	N_dist	(-39, 69)	search	nr	True	145868	146441	left	60	85	35	160	10	135	None	None	testing
3	yn	f	18	red	7	(80, 0)	(40, 69)	(-39, 69)	(-80, 0)	(-40, -69)	(40, -69)	circle	red	same	left	left	(40, -69)	(40, 69)	probe	l_sin	None	None	None	None	85	35	110	160	10	60	(40, -69)	15	testing
3	yn	f	18	red	7	(80, 0)	(40, 69)	(-39, 69)	(-80, 0)	(-40, -69)	(40, -69)	diamond	none	same	right	right	N_dist	(40, -69)	search	nr	True	151228	152185	right	35	10	160	135	85	110	None	None	testing
3	yn	f	18	red	7	(80, 0)	(40, 69)	(-39, 69)	(-80, 0)	(-40, -69)	(40, -69)	diamond	red	dif	right	right	(-39, 69)	(40, -69)	search	nr	True	153399	153977	right	135	160	110	85	10	35	None	None	testing
3	yn	f	18	red	7	(80, 0)	(40, 69)	(-39, 69)	(-80, 0)	(-40, -69)	(40, -69)	circle	red	dif	left	left	(-40, -69)	(80, 0)	probe	l_sin	None	None	None	None	35	160	110	135	10	85	(-40, -69)	167	testing
3	yn	f	18	red	7	(80, 0)	(40, 69)	(-39, 69)	(-80, 0)	(-40, -69)	(40, -69)	diamond	none	dif	left	left	N_dist	(-80, 0)	search	nr	True	158441	159162	left	85	35	60	160	135	10	None	None	testing
3	yn	f	18	red	7	(80, 0)	(40, 69)	(-39, 69)	(-80, 0)	(-40, -69)	(40, -69)	circle	none	dif	right	right	N_dist	(-40, -69)	probe	l_norm	None	None	None	None	85	160	135	10	35	110	(80, 0)	170	testing
3	yn	f	18	red	7	(80, 0)	(40, 69)	(-39, 69)	(-80, 0)	(-40, -69)	(40, -69)	circle	red	dif	left	left	(-80, 0)	(80, 0)	search	nr	True	164018	164921	left	135	10	35	110	160	85	None	None	testing
3	yn	f	18	red	7	(80, 0)	(40, 69)	(-39, 69)	(-80, 0)	(-40, -69)	(40, -69)	diamond	red	dif	left	left	(-39, 69)	(80, 0)	probe	norm	None	None	None	None	85	110	35	60	160	135	(40, -69)	12	testing
3	yn	f	18	red	7	(80, 0)	(40, 69)	(-39, 69)	(-80, 0)	(-40, -69)	(40, -69)	circle	red	same	right	right	(-39, 69)	(40, 69)	search	nr	True	169579	170409	right	85	35	110	160	135	10	None	None	testing
3	yn	f	18	red	7	(80, 0)	(40, 69)	(-39, 69)	(-80, 0)	(-40, -69)	(40, -69)	diamond	red	same	left	left	(-39, 69)	(40, -69)	probe	tar	None	None	None	None	160	110	135	85	10	60	(40, -69)	166	testing
3	yn	f	18	red	7	(80, 0)	(40, 69)	(-39, 69)	(-80, 0)	(-40, -69)	(40, -69)	circle	none	dif	left	left	N_dist	(80, 0)	search	nr	True	175105	175786	left	35	110	135	160	10	85	None	None	testing
3	yn	f	18	red	7	(80, 0)	(40, 69)	(-39, 69)	(-80, 0)	(-40, -69)	(40, -69)	diamond	none	dif	right	right	N_dist	(40, -69)	search	nr	True	176975	177769	right	85	60	10	110	160	135	None	None	testing
3	yn	f	18	red	7	(80, 0)	(40, 69)	(-39, 69)	(-80, 0)	(-40, -69)	(40, -69)	diamond	red	same	right	right	(-39, 69)	(-80, 0)	search	nr	True	178946	179721	right	60	160	35	135	110	85	None	None	testing
3	yn	f	18	red	7	(80, 0)	(40, 69)	(-39, 69)	(-80, 0)	(-40, -69)	(40, -69)	diamond	red	same	right	right	(40, 69)	(40, -69)	search	nr	True	181016	181769	right	35	110	160	85	135	10	None	None	testing
3	yn	f	18	red	7	(80, 0)	(40, 69)	(-39, 69)	(-80, 0)	(-40, -69)	(40, -69)	circle	red	same	left	left	(-80, 0)	(40, 69)	search	nr	True	183070	183897	left	10	160	110	60	35	85	None	None	testing
3	yn	f	18	red	7	(80, 0)	(40, 69)	(-39, 69)	(-80, 0)	(-40, -69)	(40, -69)	diamond	none	dif	right	right	N_dist	(40, -69)	search	nr	True	185090	185706	right	10	35	110	60	135	85	None	None	testing
3	yn	f	18	red	7	(80, 0)	(40, 69)	(-39, 69)	(-80, 0)	(-40, -69)	(40, -69)	diamond	red	same	right	right	(-39, 69)	(-40, -69)	search	nr	True	187010	187673	right	160	35	10	110	60	85	None	None	testing
3	yn	f	18	red	7	(80, 0)	(40, 69)	(-39, 69)	(-80, 0)	(-40, -69)	(40, -69)	circle	red	same	right	right	(-39, 69)	(40, 69)	search	nr	True	188847	189498	right	85	60	10	160	35	135	None	None	testing
3	yn	f	18	red	7	(80, 0)	(40, 69)	(-39, 69)	(-80, 0)	(-40, -69)	(40, -69)	diamond	none	dif	left	left	N_dist	(40, -69)	search	nr	True	190633	191370	left	35	60	10	160	110	135	None	None	testing
3	yn	f	18	red	7	(80, 0)	(40, 69)	(-39, 69)	(-80, 0)	(-40, -69)	(40, -69)	diamond	red	same	left	left	(-40, -69)	(40, 69)	search	nr	True	192604	193145	left	35	160	110	85	135	60	None	None	testing
3	yn	f	18	red	7	(80, 0)	(40, 69)	(-39, 69)	(-80, 0)	(-40, -69)	(40, -69)	diamond	none	dif	right	right	N_dist	(40, -69)	search	nr	True	194207	194809	right	10	160	135	60	35	110	None	None	testing
3	yn	f	18	red	7	(80, 0)	(40, 69)	(-39, 69)	(-80, 0)	(-40, -69)	(40, -69)	diamond	red	dif	right	right	(-39, 69)	(-80, 0)	probe	tar	None	None	None	None	110	35	160	60	135	85	(-80, 0)	169	testing
3	yn	f	18	red	7	(80, 0)	(40, 69)	(-39, 69)	(-80, 0)	(-40, -69)	(40, -69)	circle	red	dif	left	left	(-39, 69)	(40, -69)	search	nr	True	199450	200056	left	160	135	35	85	110	60	None	None	testing
3	yn	f	18	red	7	(80, 0)	(40, 69)	(-39, 69)	(-80, 0)	(-40, -69)	(40, -69)	diamond	none	dif	right	right	N_dist	(40, -69)	search	nr	True	201353	201881	right	85	160	60	135	110	10	None	None	testing
3	yn	f	18	red	7	(80, 0)	(40, 69)	(-39, 69)	(-80, 0)	(-40, -69)	(40, -69)	diamond	red	dif	left	left	(80, 0)	(40, 69)	probe	norm	None	None	None	None	135	35	85	160	60	110	(-39, 69)	8	testing
3	yn	f	18	red	7	(80, 0)	(40, 69)	(-39, 69)	(-80, 0)	(-40, -69)	(40, -69)	circle	none	dif	left	left	N_dist	(80, 0)	search	nr	True	207448	208073	left	35	110	160	85	135	10	None	None	testing
3	yn	f	18	red	7	(80, 0)	(40, 69)	(-39, 69)	(-80, 0)	(-40, -69)	(40, -69)	circle	red	same	right	right	(-39, 69)	(-40, -69)	search	nr	True	209184	210057	right	85	60	35	160	135	10	None	None	testing
3	yn	f	18	red	7	(80, 0)	(40, 69)	(-39, 69)	(-80, 0)	(-40, -69)	(40, -69)	circle	red	dif	left	left	(-39, 69)	(40, 69)	probe	h_sin	None	None	None	None	10	135	35	110	160	60	(-39, 69)	160	testing
3	yn	f	18	red	7	(80, 0)	(40, 69)	(-39, 69)	(-80, 0)	(-40, -69)	(40, -69)	circle	red	dif	right	right	(80, 0)	(40, 69)	search	nr	True	215112	216296	right	35	110	10	85	135	160	None	None	testing
3	yn	f	18	red	7	(80, 0)	(40, 69)	(-39, 69)	(-80, 0)	(-40, -69)	(40, -69)	circle	red	dif	left	left	(80, 0)	(-40, -69)	search	nr	True	217417	218105	left	85	10	110	160	135	35	None	None	testing
3	yn	f	18	red	7	(80, 0)	(40, 69)	(-39, 69)	(-80, 0)	(-40, -69)	(40, -69)	circle	none	same	left	left	N_dist	(-40, -69)	search	nr	True	219203	219865	left	60	160	85	35	110	135	None	None	testing
3	yn	f	18	red	7	(80, 0)	(40, 69)	(-39, 69)	(-80, 0)	(-40, -69)	(40, -69)	diamond	red	same	right	right	(-39, 69)	(-80, 0)	search	nr	True	221123	222025	left	35	85	160	135	60	10	None	None	testing
3	yn	f	18	red	7	(80, 0)	(40, 69)	(-39, 69)	(-80, 0)	(-40, -69)	(40, -69)	circle	red	dif	left	left	(40, 69)	(-40, -69)	search	nr	True	224613	225290	left	85	35	110	10	60	160	None	None	testing
3	yn	f	18	red	7	(80, 0)	(40, 69)	(-39, 69)	(-80, 0)	(-40, -69)	(40, -69)	diamond	red	same	right	right	(-39, 69)	(-80, 0)	probe	h_sin	None	None	None	None	160	35	60	110	85	135	(-39, 69)	162	testing
3	yn	f	18	red	7	(80, 0)	(40, 69)	(-39, 69)	(-80, 0)	(-40, -69)	(40, -69)	circle	none	same	right	right	N_dist	(-80, 0)	search	nr	True	231158	231834	right	110	10	135	60	35	85	None	None	testing
3	yn	f	18	red	7	(80, 0)	(40, 69)	(-39, 69)	(-80, 0)	(-40, -69)	(40, -69)	circle	red	dif	right	right	(40, -69)	(40, 69)	search	nr	True	233095	233801	right	60	35	10	160	110	135	None	None	testing
3	yn	f	18	red	7	(80, 0)	(40, 69)	(-39, 69)	(-80, 0)	(-40, -69)	(40, -69)	circle	red	same	left	left	(-39, 69)	(-40, -69)	probe	norm	None	None	None	None	135	160	110	85	10	60	(40, -69)	154	testing
3	yn	f	18	red	7	(80, 0)	(40, 69)	(-39, 69)	(-80, 0)	(-40, -69)	(40, -69)	diamond	red	same	left	left	(-39, 69)	(40, -69)	probe	norm	None	None	None	None	110	10	35	60	160	135	(-80, 0)	169	testing
3	yn	f	18	red	7	(80, 0)	(40, 69)	(-39, 69)	(-80, 0)	(-40, -69)	(40, -69)	circle	red	same	right	right	(-39, 69)	(40, 69)	search	nr	True	242963	244538	right	35	135	160	10	60	110	None	None	testing
3	yn	f	18	red	7	(80, 0)	(40, 69)	(-39, 69)	(-80, 0)	(-40, -69)	(40, -69)	circle	none	dif	right	right	N_dist	(-40, -69)	search	nr	True	245618	246281	right	85	160	110	35	60	135	None	None	testing
3	yn	f	18	red	7	(80, 0)	(40, 69)	(-39, 69)	(-80, 0)	(-40, -69)	(40, -69)	diamond	red	same	left	left	(-39, 69)	(-80, 0)	search	nr	True	247555	249241	left	160	85	35	135	60	10	None	None	testing
3	yn	f	18	red	7	(80, 0)	(40, 69)	(-39, 69)	(-80, 0)	(-40, -69)	(40, -69)	diamond	none	dif	left	left	N_dist	(-80, 0)	search	nr	True	250327	250888	left	35	60	85	135	110	160	None	None	testing
3	yn	f	18	red	7	(80, 0)	(40, 69)	(-39, 69)	(-80, 0)	(-40, -69)	(40, -69)	diamond	none	dif	right	right	N_dist	(40, -69)	search	nr	True	252030	252761	right	10	85	135	160	35	110	None	None	testing
3	yn	f	18	red	7	(80, 0)	(40, 69)	(-39, 69)	(-80, 0)	(-40, -69)	(40, -69)	circle	none	dif	right	right	N_dist	(40, 69)	search	nr	True	254034	254632	right	160	35	60	135	85	10	None	None	testing
3	yn	f	18	red	7	(80, 0)	(40, 69)	(-39, 69)	(-80, 0)	(-40, -69)	(40, -69)	diamond	red	same	left	left	(-39, 69)	(-40, -69)	search	nr	True	255737	257176	right	110	85	160	135	35	60	None	None	testing
3	yn	f	18	red	7	(80, 0)	(40, 69)	(-39, 69)	(-80, 0)	(-40, -69)	(40, -69)	diamond	red	same	left	left	(-39, 69)	(40, -69)	search	nr	True	259894	260874	left	35	160	85	60	110	10	None	None	testing
3	yn	f	18	red	7	(80, 0)	(40, 69)	(-39, 69)	(-80, 0)	(-40, -69)	(40, -69)	circle	red	dif	left	left	(-40, -69)	(80, 0)	search	nr	True	262048	262937	left	135	10	110	160	60	35	None	None	testing
3	yn	f	18	red	7	(80, 0)	(40, 69)	(-39, 69)	(-80, 0)	(-40, -69)	(40, -69)	circle	none	same	right	right	N_dist	(80, 0)	search	nr	True	264001	264697	right	110	35	10	85	135	60	None	None	testing
3	yn	f	18	red	7	(80, 0)	(40, 69)	(-39, 69)	(-80, 0)	(-40, -69)	(40, -69)	circle	red	same	left	left	(-39, 69)	(-80, 0)	search	nr	True	265805	266601	left	160	60	135	85	110	10	None	None	testing
3	yn	f	18	red	7	(80, 0)	(40, 69)	(-39, 69)	(-80, 0)	(-40, -69)	(40, -69)	diamond	red	same	left	left	(40, 69)	(40, -69)	probe	norm	None	None	None	None	160	85	35	10	60	135	(-40, -69)	167	testing
3	yn	f	18	red	7	(80, 0)	(40, 69)	(-39, 69)	(-80, 0)	(-40, -69)	(40, -69)	circle	red	same	left	left	(-39, 69)	(-40, -69)	search	nr	True	271632	272297	left	60	35	160	135	85	10	None	None	testing
3	yn	f	18	red	7	(80, 0)	(40, 69)	(-39, 69)	(-80, 0)	(-40, -69)	(40, -69)	diamond	red	same	right	right	(-39, 69)	(-40, -69)	search	nr	True	273586	274297	right	35	160	135	60	110	10	None	None	testing
3	yn	f	18	red	7	(80, 0)	(40, 69)	(-39, 69)	(-80, 0)	(-40, -69)	(40, -69)	diamond	none	dif	left	left	N_dist	(-39, 69)	search	nr	True	275540	276313	left	35	10	135	60	110	85	None	None	testing
3	yn	f	18	red	7	(80, 0)	(40, 69)	(-39, 69)	(-80, 0)	(-40, -69)	(40, -69)	circle	none	dif	left	left	N_dist	(80, 0)	probe	h_norm	None	None	None	None	85	110	35	160	60	135	(-39, 69)	164	testing
3	yn	f	18	red	7	(80, 0)	(40, 69)	(-39, 69)	(-80, 0)	(-40, -69)	(40, -69)	circle	red	dif	right	right	(-39, 69)	(40, 69)	search	nr	True	281768	282585	right	10	110	60	160	85	135	None	None	testing
3	yn	f	18	red	7	(80, 0)	(40, 69)	(-39, 69)	(-80, 0)	(-40, -69)	(40, -69)	diamond	red	same	left	left	(-39, 69)	(-40, -69)	search	nr	True	283872	284601	left	60	160	35	110	135	85	None	None	testing
3	yn	f	18	red	7	(80, 0)	(40, 69)	(-39, 69)	(-80, 0)	(-40, -69)	(40, -69)	circle	none	same	left	left	N_dist	(40, 69)	probe	l_tar	None	None	None	None	35	110	135	10	85	60	(40, 69)	7	testing
3	yn	f	18	red	7	(80, 0)	(40, 69)	(-39, 69)	(-80, 0)	(-40, -69)	(40, -69)	circle	none	same	left	left	N_dist	(40, 69)	search	nr	True	289783	290441	left	135	10	160	110	35	85	None	None	testing
3	yn	f	18	red	7	(80, 0)	(40, 69)	(-39, 69)	(-80, 0)	(-40, -69)	(40, -69)	diamond	red	dif	left	left	(-39, 69)	(40, -69)	search	nr	True	291519	292201	left	110	85	160	60	35	135	None	None	testing
3	yn	f	18	red	7	(80, 0)	(40, 69)	(-39, 69)	(-80, 0)	(-40, -69)	(40, -69)	diamond	none	same	right	right	N_dist	(40, -69)	probe	l_tar	None	None	None	None	135	10	60	85	110	160	(40, -69)	25	testing
3	yn	f	18	red	7	(80, 0)	(40, 69)	(-39, 69)	(-80, 0)	(-40, -69)	(40, -69)	diamond	red	same	left	left	(-39, 69)	(-40, -69)	search	nr	True	297029	297753	left	160	135	10	110	35	85	None	None	testing
3	yn	f	18	red	7	(80, 0)	(40, 69)	(-39, 69)	(-80, 0)	(-40, -69)	(40, -69)	circle	red	dif	left	left	(-39, 69)	(80, 0)	search	nr	True	298950	299561	left	160	35	60	85	10	135	None	None	testing
3	yn	f	18	red	7	(80, 0)	(40, 69)	(-39, 69)	(-80, 0)	(-40, -69)	(40, -69)	diamond	none	same	right	right	N_dist	(40, 69)	search	nr	True	300635	301449	right	10	60	135	85	110	160	None	None	testing
3	yn	f	18	red	7	(80, 0)	(40, 69)	(-39, 69)	(-80, 0)	(-40, -69)	(40, -69)	diamond	red	dif	left	left	(-39, 69)	(40, 69)	search	nr	True	302505	303065	left	10	110	85	160	35	60	None	None	testing
3	yn	f	18	red	7	(80, 0)	(40, 69)	(-39, 69)	(-80, 0)	(-40, -69)	(40, -69)	circle	red	same	right	right	(-39, 69)	(-40, -69)	search	nr	True	304243	305225	right	35	60	10	85	110	135	None	None	testing
3	yn	f	18	red	7	(80, 0)	(40, 69)	(-39, 69)	(-80, 0)	(-40, -69)	(40, -69)	diamond	red	dif	right	right	(-80, 0)	(40, 69)	probe	l_sin	None	None	None	None	135	110	10	60	85	160	(-80, 0)	168	testing
3	yn	f	18	red	7	(80, 0)	(40, 69)	(-39, 69)	(-80, 0)	(-40, -69)	(40, -69)	circle	red	same	left	left	(-80, 0)	(40, 69)	probe	tar	None	None	None	None	135	35	60	160	85	10	(40, 69)	153	testing
3	yn	f	18	red	7	(80, 0)	(40, 69)	(-39, 69)	(-80, 0)	(-40, -69)	(40, -69)	diamond	none	dif	left	left	N_dist	(-80, 0)	search	nr	True	314278	314874	left	85	135	60	110	160	10	None	None	testing
3	yn	f	18	red	7	(80, 0)	(40, 69)	(-39, 69)	(-80, 0)	(-40, -69)	(40, -69)	circle	none	same	left	left	N_dist	(-80, 0)	search	nr	True	316047	316713	left	10	35	85	160	135	60	None	None	testing
3	yn	f	18	red	7	(80, 0)	(40, 69)	(-39, 69)	(-80, 0)	(-40, -69)	(40, -69)	circle	red	dif	right	right	(-39, 69)	(40, -69)	search	nr	True	317918	318889	right	10	35	85	60	135	160	None	None	testing
3	yn	f	18	red	7	(80, 0)	(40, 69)	(-39, 69)	(-80, 0)	(-40, -69)	(40, -69)	diamond	none	same	right	right	N_dist	(40, -69)	probe	l_tar	None	None	None	None	110	135	60	35	160	10	(40, -69)	62	testing
3	yn	f	18	red	7	(80, 0)	(40, 69)	(-39, 69)	(-80, 0)	(-40, -69)	(40, -69)	diamond	red	same	left	left	(-39, 69)	(-40, -69)	probe	norm	None	None	None	None	160	10	60	110	35	135	(40, 69)	152	testing
3	yn	f	18	red	7	(80, 0)	(40, 69)	(-39, 69)	(-80, 0)	(-40, -69)	(40, -69)	circle	red	dif	right	right	(-39, 69)	(40, 69)	search	nr	True	329272	330250	right	10	35	160	135	110	60	None	None	testing
3	yn	f	18	red	7	(80, 0)	(40, 69)	(-39, 69)	(-80, 0)	(-40, -69)	(40, -69)	diamond	red	dif	right	right	(-40, -69)	(-80, 0)	probe	l_sin	None	None	None	None	35	85	110	135	160	10	(-40, -69)	34	testing
3	yn	f	18	red	7	(80, 0)	(40, 69)	(-39, 69)	(-80, 0)	(-40, -69)	(40, -69)	diamond	none	dif	right	right	N_dist	(40, -69)	probe	l_norm	None	None	None	None	85	10	160	60	135	110	(-40, -69)	172	testing
3	yn	f	18	red	7	(80, 0)	(40, 69)	(-39, 69)	(-80, 0)	(-40, -69)	(40, -69)	diamond	red	dif	right	right	(40, 69)	(80, 0)	search	nr	True	342229	343689	right	110	10	135	60	160	85	None	None	testing
3	yn	f	18	red	7	(80, 0)	(40, 69)	(-39, 69)	(-80, 0)	(-40, -69)	(40, -69)	circle	none	dif	right	right	N_dist	(-39, 69)	search	nr	True	344984	345705	right	85	135	60	10	35	160	None	None	testing
3	yn	f	18	red	7	(80, 0)	(40, 69)	(-39, 69)	(-80, 0)	(-40, -69)	(40, -69)	diamond	none	dif	right	right	N_dist	(80, 0)	search	nr	True	346770	347577	right	10	160	60	35	110	135	None	None	testing
3	yn	f	18	red	7	(80, 0)	(40, 69)	(-39, 69)	(-80, 0)	(-40, -69)	(40, -69)	circle	none	same	left	left	N_dist	(-40, -69)	probe	l_norm	None	None	None	None	110	35	135	10	85	160	(40, 69)	157	testing
3	yn	f	18	red	7	(80, 0)	(40, 69)	(-39, 69)	(-80, 0)	(-40, -69)	(40, -69)	diamond	red	same	left	left	(-39, 69)	(40, -69)	search	nr	True	352698	353369	left	35	110	160	10	60	85	None	None	testing
3	yn	f	18	red	7	(80, 0)	(40, 69)	(-39, 69)	(-80, 0)	(-40, -69)	(40, -69)	diamond	red	same	right	right	(40, 69)	(40, -69)	search	nr	True	354485	355193	right	160	35	10	60	85	110	None	None	testing
3	yn	f	18	red	7	(80, 0)	(40, 69)	(-39, 69)	(-80, 0)	(-40, -69)	(40, -69)	circle	red	dif	left	left	(40, 69)	(-40, -69)	probe	tar	None	None	None	None	160	35	60	10	135	110	(-40, -69)	22	testing
3	yn	f	18	red	7	(80, 0)	(40, 69)	(-39, 69)	(-80, 0)	(-40, -69)	(40, -69)	circle	red	same	left	left	(-39, 69)	(-40, -69)	probe	tar	None	None	None	None	110	10	85	160	35	60	(-40, -69)	164	testing
3	yn	f	18	red	7	(80, 0)	(40, 69)	(-39, 69)	(-80, 0)	(-40, -69)	(40, -69)	circle	red	same	right	right	(-39, 69)	(40, -69)	search	nr	True	365388	366585	right	85	60	110	135	10	35	None	None	testing
3	yn	f	18	red	7	(80, 0)	(40, 69)	(-39, 69)	(-80, 0)	(-40, -69)	(40, -69)	circle	red	dif	left	left	(-39, 69)	(40, -69)	search	nr	True	367692	368297	left	160	85	135	35	60	10	None	None	testing
3	yn	f	18	red	7	(80, 0)	(40, 69)	(-39, 69)	(-80, 0)	(-40, -69)	(40, -69)	circle	red	dif	left	left	(80, 0)	(-80, 0)	probe	l_sin	None	None	None	None	60	35	85	110	160	10	(80, 0)	153	testing
3	yn	f	18	red	7	(80, 0)	(40, 69)	(-39, 69)	(-80, 0)	(-40, -69)	(40, -69)	diamond	none	same	left	left	N_dist	(-39, 69)	search	nr	True	372935	373721	left	60	35	10	135	110	160	None	None	testing
3	yn	f	18	red	7	(80, 0)	(40, 69)	(-39, 69)	(-80, 0)	(-40, -69)	(40, -69)	circle	none	same	left	left	N_dist	(-80, 0)	probe	l_norm	None	None	None	None	85	35	10	60	160	110	(-40, -69)	14	testing
3	yn	f	18	red	7	(80, 0)	(40, 69)	(-39, 69)	(-80, 0)	(-40, -69)	(40, -69)	circle	red	same	left	left	(-39, 69)	(80, 0)	probe	h_sin	None	None	None	None	160	10	135	35	110	60	(-39, 69)	10	testing
3	yn	f	18	red	7	(80, 0)	(40, 69)	(-39, 69)	(-80, 0)	(-40, -69)	(40, -69)	diamond	none	same	right	right	N_dist	(-39, 69)	search	nr	True	382052	383097	right	85	135	10	60	160	35	None	None	testing
3	yn	f	18	red	7	(80, 0)	(40, 69)	(-39, 69)	(-80, 0)	(-40, -69)	(40, -69)	diamond	red	same	right	right	(40, 69)	(40, -69)	probe	norm	None	None	None	None	110	85	35	10	60	160	(80, 0)	15	testing
3	yn	f	18	red	7	(80, 0)	(40, 69)	(-39, 69)	(-80, 0)	(-40, -69)	(40, -69)	diamond	none	same	left	left	N_dist	(40, 69)	search	nr	True	387863	388538	left	160	135	10	85	110	60	None	None	testing
3	yn	f	18	red	7	(80, 0)	(40, 69)	(-39, 69)	(-80, 0)	(-40, -69)	(40, -69)	diamond	none	same	left	left	N_dist	(40, 69)	search	nr	True	389716	390297	left	35	10	135	110	160	60	None	None	testing
3	yn	f	18	red	7	(80, 0)	(40, 69)	(-39, 69)	(-80, 0)	(-40, -69)	(40, -69)	circle	none	same	right	right	N_dist	(-40, -69)	search	nr	True	391502	392472	right	60	135	160	10	85	35	None	None	testing
3	yn	f	18	red	7	(80, 0)	(40, 69)	(-39, 69)	(-80, 0)	(-40, -69)	(40, -69)	diamond	red	dif	left	left	(80, 0)	(-80, 0)	search	nr	True	393690	394457	left	160	60	135	110	10	35	None	None	testing
3	yn	f	18	red	7	(80, 0)	(40, 69)	(-39, 69)	(-80, 0)	(-40, -69)	(40, -69)	diamond	red	dif	left	left	(-80, 0)	(-40, -69)	search	nr	True	395727	396953	left	160	110	85	60	10	135	None	None	testing
3	yn	f	18	red	7	(80, 0)	(40, 69)	(-39, 69)	(-80, 0)	(-40, -69)	(40, -69)	circle	red	same	left	left	(-39, 69)	(-40, -69)	search	nr	True	398065	398905	left	160	135	110	35	60	10	None	None	testing
3	yn	f	18	red	7	(80, 0)	(40, 69)	(-39, 69)	(-80, 0)	(-40, -69)	(40, -69)	diamond	none	dif	left	left	N_dist	(40, -69)	probe	h_norm	None	None	None	None	110	35	135	60	10	160	(-39, 69)	13	testing
3	yn	f	18	red	7	(80, 0)	(40, 69)	(-39, 69)	(-80, 0)	(-40, -69)	(40, -69)	circle	red	same	left	left	(-39, 69)	(-40, -69)	search	nr	True	404443	405096	left	35	60	110	10	85	160	None	None	testing
3	yn	f	18	red	7	(80, 0)	(40, 69)	(-39, 69)	(-80, 0)	(-40, -69)	(40, -69)	diamond	none	dif	left	left	N_dist	(-39, 69)	search	nr	True	406296	406889	left	10	160	85	110	60	135	None	None	testing
3	yn	f	18	red	7	(80, 0)	(40, 69)	(-39, 69)	(-80, 0)	(-40, -69)	(40, -69)	diamond	red	dif	left	left	(40, -69)	(-40, -69)	search	nr	True	407983	408601	left	35	85	60	110	135	10	None	None	testing
3	yn	f	18	red	7	(80, 0)	(40, 69)	(-39, 69)	(-80, 0)	(-40, -69)	(40, -69)	diamond	red	same	right	right	(-39, 69)	(80, 0)	probe	norm	None	None	None	None	10	85	35	110	135	160	(-40, -69)	8	testing
3	yn	f	18	red	7	(80, 0)	(40, 69)	(-39, 69)	(-80, 0)	(-40, -69)	(40, -69)	circle	red	dif	left	left	(40, -69)	(40, 69)	probe	l_sin	None	None	None	None	85	135	110	60	10	160	(40, -69)	23	testing
3	yn	f	18	red	7	(80, 0)	(40, 69)	(-39, 69)	(-80, 0)	(-40, -69)	(40, -69)	diamond	red	dif	right	right	(-39, 69)	(80, 0)	probe	norm	None	None	None	None	110	60	85	10	160	135	(-40, -69)	23	testing
3	yn	f	18	red	7	(80, 0)	(40, 69)	(-39, 69)	(-80, 0)	(-40, -69)	(40, -69)	circle	red	same	left	left	(-39, 69)	(-40, -69)	probe	h_sin	None	None	None	None	135	110	85	35	160	60	(-39, 69)	172	testing
3	yn	f	18	red	7	(80, 0)	(40, 69)	(-39, 69)	(-80, 0)	(-40, -69)	(40, -69)	circle	red	same	right	right	(40, -69)	(40, 69)	search	nr	True	425315	426489	right	10	85	160	110	60	35	None	None	testing
3	yn	f	18	red	7	(80, 0)	(40, 69)	(-39, 69)	(-80, 0)	(-40, -69)	(40, -69)	circle	red	same	left	left	(40, -69)	(40, 69)	search	nr	True	427636	428265	left	135	10	85	160	60	110	None	None	testing
3	yn	f	18	red	7	(80, 0)	(40, 69)	(-39, 69)	(-80, 0)	(-40, -69)	(40, -69)	circle	red	dif	right	right	(-39, 69)	(40, 69)	search	nr	True	429523	430361	right	60	135	110	10	160	85	None	None	testing
3	yn	f	18	red	7	(80, 0)	(40, 69)	(-39, 69)	(-80, 0)	(-40, -69)	(40, -69)	circle	red	dif	left	left	(40, -69)	(40, 69)	search	nr	True	431560	432121	left	10	135	160	85	110	35	None	None	testing
3	yn	f	18	red	7	(80, 0)	(40, 69)	(-39, 69)	(-80, 0)	(-40, -69)	(40, -69)	diamond	red	dif	left	left	(40, -69)	(-40, -69)	search	nr	True	433247	434233	left	60	160	35	85	110	135	None	None	testing
3	yn	f	18	red	7	(80, 0)	(40, 69)	(-39, 69)	(-80, 0)	(-40, -69)	(40, -69)	circle	red	dif	right	right	(-39, 69)	(40, -69)	search	nr	True	435400	436025	right	110	35	60	85	10	135	None	None	testing
3	yn	f	18	red	7	(80, 0)	(40, 69)	(-39, 69)	(-80, 0)	(-40, -69)	(40, -69)	diamond	red	dif	right	right	(-39, 69)	(40, 69)	search	nr	True	437237	437945	right	10	85	60	160	110	35	None	None	testing
3	yn	f	18	red	7	(80, 0)	(40, 69)	(-39, 69)	(-80, 0)	(-40, -69)	(40, -69)	diamond	none	same	right	right	N_dist	(-39, 69)	search	nr	True	439023	440281	right	110	135	35	60	10	160	None	None	testing
3	yn	f	18	red	7	(80, 0)	(40, 69)	(-39, 69)	(-80, 0)	(-40, -69)	(40, -69)	circle	none	same	left	left	N_dist	(40, 69)	probe	l_tar	None	None	None	None	10	85	110	35	60	160	(40, 69)	165	testing
3	yn	f	18	red	7	(80, 0)	(40, 69)	(-39, 69)	(-80, 0)	(-40, -69)	(40, -69)	circle	none	same	left	left	N_dist	(-40, -69)	search	nr	True	444633	445881	left	160	135	35	60	85	110	None	None	testing
3	yn	f	18	red	7	(80, 0)	(40, 69)	(-39, 69)	(-80, 0)	(-40, -69)	(40, -69)	diamond	none	dif	right	right	N_dist	(80, 0)	probe	h_norm	None	None	None	None	160	110	10	135	85	35	(-39, 69)	62	testing
3	yn	f	18	red	7	(80, 0)	(40, 69)	(-39, 69)	(-80, 0)	(-40, -69)	(40, -69)	circle	none	same	right	right	N_dist	(80, 0)	search	nr	True	455086	455834	right	60	135	160	110	35	10	None	None	testing
3	yn	f	18	red	7	(80, 0)	(40, 69)	(-39, 69)	(-80, 0)	(-40, -69)	(40, -69)	circle	red	dif	right	right	(-39, 69)	(-80, 0)	search	nr	True	457006	458025	right	35	85	110	10	60	160	None	None	testing
3	yn	f	18	red	7	(80, 0)	(40, 69)	(-39, 69)	(-80, 0)	(-40, -69)	(40, -69)	circle	red	dif	left	left	(-39, 69)	(-40, -69)	search	nr	True	459093	459801	left	35	10	85	110	160	135	None	None	testing
3	yn	f	18	red	7	(80, 0)	(40, 69)	(-39, 69)	(-80, 0)	(-40, -69)	(40, -69)	circle	none	dif	left	left	N_dist	(80, 0)	search	nr	True	461097	461865	left	160	35	110	85	60	10	None	None	testing
3	yn	f	18	red	7	(80, 0)	(40, 69)	(-39, 69)	(-80, 0)	(-40, -69)	(40, -69)	diamond	red	same	right	right	(-39, 69)	(-80, 0)	probe	h_sin	None	None	None	None	85	110	35	135	160	60	(-39, 69)	155	testing
3	yn	f	18	red	7	(80, 0)	(40, 69)	(-39, 69)	(-80, 0)	(-40, -69)	(40, -69)	diamond	red	dif	right	right	(-39, 69)	(40, 69)	probe	tar	None	None	None	None	35	160	135	110	10	60	(40, 69)	32	testing
3	yn	f	18	red	7	(80, 0)	(40, 69)	(-39, 69)	(-80, 0)	(-40, -69)	(40, -69)	circle	red	dif	right	right	(-39, 69)	(-80, 0)	search	nr	True	471817	472617	right	35	10	60	135	160	85	None	None	testing
3	yn	f	18	red	7	(80, 0)	(40, 69)	(-39, 69)	(-80, 0)	(-40, -69)	(40, -69)	diamond	none	dif	right	right	N_dist	(80, 0)	search	nr	True	473771	474457	right	60	10	85	110	35	160	None	None	testing
3	yn	f	18	red	7	(80, 0)	(40, 69)	(-39, 69)	(-80, 0)	(-40, -69)	(40, -69)	diamond	none	same	left	left	N_dist	(40, 69)	probe	h_norm	None	None	None	None	10	85	160	60	110	35	(-39, 69)	25	testing
3	yn	f	18	red	7	(80, 0)	(40, 69)	(-39, 69)	(-80, 0)	(-40, -69)	(40, -69)	circle	red	dif	left	left	(80, 0)	(-40, -69)	search	nr	True	479464	480264	left	35	135	10	110	160	85	None	None	testing
3	yn	f	18	red	7	(80, 0)	(40, 69)	(-39, 69)	(-80, 0)	(-40, -69)	(40, -69)	diamond	none	same	right	right	N_dist	(40, -69)	search	nr	True	481468	482329	left	10	85	60	135	35	160	None	None	testing
3	yn	f	18	red	7	(80, 0)	(40, 69)	(-39, 69)	(-80, 0)	(-40, -69)	(40, -69)	diamond	none	dif	right	right	N_dist	(80, 0)	search	nr	True	484924	485560	right	110	135	160	10	60	85	None	None	testing
3	yn	f	18	red	7	(80, 0)	(40, 69)	(-39, 69)	(-80, 0)	(-40, -69)	(40, -69)	circle	red	dif	left	left	(-39, 69)	(-40, -69)	probe	norm	None	None	None	None	135	110	10	35	85	160	(40, -69)	29	testing
3	yn	f	18	red	7	(80, 0)	(40, 69)	(-39, 69)	(-80, 0)	(-40, -69)	(40, -69)	diamond	red	dif	right	right	(-39, 69)	(80, 0)	search	nr	True	490468	491225	right	10	160	135	110	60	35	None	None	testing
3	yn	f	18	red	7	(80, 0)	(40, 69)	(-39, 69)	(-80, 0)	(-40, -69)	(40, -69)	circle	red	dif	left	left	(40, 69)	(-40, -69)	search	nr	True	492372	493305	left	60	135	160	10	110	85	None	None	testing
3	yn	f	18	red	7	(80, 0)	(40, 69)	(-39, 69)	(-80, 0)	(-40, -69)	(40, -69)	diamond	red	dif	right	right	(-40, -69)	(-80, 0)	search	nr	True	494459	496009	right	110	160	35	10	85	135	None	None	testing
3	yn	f	18	red	7	(80, 0)	(40, 69)	(-39, 69)	(-80, 0)	(-40, -69)	(40, -69)	circle	red	same	left	left	(40, 69)	(40, -69)	probe	l_sin	None	None	None	None	60	35	10	135	110	160	(40, 69)	158	testing
3	yn	f	18	red	7	(80, 0)	(40, 69)	(-39, 69)	(-80, 0)	(-40, -69)	(40, -69)	diamond	none	dif	right	right	N_dist	(80, 0)	search	nr	True	501522	502201	right	35	110	10	85	135	60	None	None	testing
3	yn	f	18	red	7	(80, 0)	(40, 69)	(-39, 69)	(-80, 0)	(-40, -69)	(40, -69)	circle	none	dif	left	left	N_dist	(-80, 0)	search	nr	True	503308	504345	left	60	160	135	35	110	10	None	None	testing
3	yn	f	18	red	7	(80, 0)	(40, 69)	(-39, 69)	(-80, 0)	(-40, -69)	(40, -69)	diamond	red	dif	right	right	(-39, 69)	(80, 0)	search	nr	True	505479	506185	right	35	10	110	60	135	85	None	None	testing
3	yn	f	18	red	7	(80, 0)	(40, 69)	(-39, 69)	(-80, 0)	(-40, -69)	(40, -69)	circle	red	same	left	left	(-39, 69)	(-40, -69)	search	nr	True	507366	508185	left	10	110	135	160	35	60	None	None	testing
3	yn	f	18	red	7	(80, 0)	(40, 69)	(-39, 69)	(-80, 0)	(-40, -69)	(40, -69)	diamond	red	same	right	right	(-39, 69)	(-80, 0)	search	nr	True	509319	510793	left	35	160	135	110	85	10	None	None	testing
3	yn	f	18	red	7	(80, 0)	(40, 69)	(-39, 69)	(-80, 0)	(-40, -69)	(40, -69)	circle	red	dif	right	right	(80, 0)	(40, 69)	search	nr	True	513460	514313	right	85	60	110	10	35	135	None	None	testing
3	yn	f	18	red	7	(80, 0)	(40, 69)	(-39, 69)	(-80, 0)	(-40, -69)	(40, -69)	diamond	red	same	right	right	(-40, -69)	(80, 0)	search	nr	True	515564	516281	right	160	10	35	60	135	85	None	None	testing
3	yn	f	18	red	7	(80, 0)	(40, 69)	(-39, 69)	(-80, 0)	(-40, -69)	(40, -69)	circle	red	same	right	right	(40, -69)	(40, 69)	probe	norm	None	None	None	None	35	10	160	60	135	110	(-39, 69)	30	testing
3	yn	f	18	red	7	(80, 0)	(40, 69)	(-39, 69)	(-80, 0)	(-40, -69)	(40, -69)	circle	none	dif	left	left	N_dist	(-80, 0)	search	nr	True	521892	523033	left	60	35	110	135	85	10	None	None	testing
3	yn	f	18	red	7	(80, 0)	(40, 69)	(-39, 69)	(-80, 0)	(-40, -69)	(40, -69)	diamond	red	dif	right	right	(-39, 69)	(80, 0)	search	nr	True	524096	524921	right	85	160	110	10	135	35	None	None	testing
3	yn	f	18	red	7	(80, 0)	(40, 69)	(-39, 69)	(-80, 0)	(-40, -69)	(40, -69)	circle	red	same	right	right	(-39, 69)	(40, -69)	probe	norm	None	None	None	None	35	160	85	135	10	60	(-40, -69)	165	testing
3	yn	f	18	red	7	(80, 0)	(40, 69)	(-39, 69)	(-80, 0)	(-40, -69)	(40, -69)	circle	red	same	right	right	(-39, 69)	(-40, -69)	probe	norm	None	None	None	None	160	85	35	10	110	135	(80, 0)	22	testing
3	yn	f	18	red	7	(80, 0)	(40, 69)	(-39, 69)	(-80, 0)	(-40, -69)	(40, -69)	diamond	red	same	right	right	(-40, -69)	(80, 0)	probe	tar	None	None	None	None	35	135	85	110	10	60	(80, 0)	165	testing
3	yn	f	18	red	7	(80, 0)	(40, 69)	(-39, 69)	(-80, 0)	(-40, -69)	(40, -69)	circle	red	dif	left	left	(-39, 69)	(-40, -69)	search	nr	True	538022	539128	left	110	10	60	35	160	85	None	None	testing
3	yn	f	18	red	7	(80, 0)	(40, 69)	(-39, 69)	(-80, 0)	(-40, -69)	(40, -69)	circle	red	dif	right	right	(-39, 69)	(-80, 0)	probe	norm	None	None	None	None	135	60	85	110	35	10	(-40, -69)	166	testing
3	yn	f	18	red	7	(80, 0)	(40, 69)	(-39, 69)	(-80, 0)	(-40, -69)	(40, -69)	circle	none	dif	left	left	N_dist	(80, 0)	probe	l_norm	None	None	None	None	160	35	10	135	60	85	(-80, 0)	8	testing
3	yn	f	18	red	7	(80, 0)	(40, 69)	(-39, 69)	(-80, 0)	(-40, -69)	(40, -69)	circle	none	same	left	left	N_dist	(-39, 69)	search	nr	True	546921	548329	left	10	135	85	110	35	60	None	None	testing
3	yn	f	18	red	7	(80, 0)	(40, 69)	(-39, 69)	(-80, 0)	(-40, -69)	(40, -69)	circle	red	same	right	right	(-39, 69)	(80, 0)	search	nr	True	549626	551225	right	85	160	10	135	60	35	None	None	testing
3	yn	f	18	red	7	(80, 0)	(40, 69)	(-39, 69)	(-80, 0)	(-40, -69)	(40, -69)	circle	red	same	right	right	(-39, 69)	(80, 0)	probe	tar	None	None	None	None	10	85	135	60	160	35	(80, 0)	151	testing
3	yn	f	18	red	7	(80, 0)	(40, 69)	(-39, 69)	(-80, 0)	(-40, -69)	(40, -69)	circle	red	dif	left	left	(-80, 0)	(80, 0)	probe	l_sin	None	None	None	None	135	160	60	35	110	85	(-80, 0)	158	testing
3	yn	f	18	red	7	(80, 0)	(40, 69)	(-39, 69)	(-80, 0)	(-40, -69)	(40, -69)	circle	red	dif	left	left	(-39, 69)	(40, -69)	probe	tar	None	None	None	None	160	60	110	85	10	135	(40, -69)	17	testing
3	yn	f	18	red	7	(80, 0)	(40, 69)	(-39, 69)	(-80, 0)	(-40, -69)	(40, -69)	diamond	red	dif	right	right	(-39, 69)	(80, 0)	search	nr	True	563936	565497	right	135	160	110	85	35	60	None	None	testing
3	yn	f	18	red	7	(80, 0)	(40, 69)	(-39, 69)	(-80, 0)	(-40, -69)	(40, -69)	diamond	none	dif	left	left	N_dist	(-40, -69)	search	nr	True	566775	567529	left	10	160	135	110	60	85	None	None	testing
3	yn	f	18	red	7	(80, 0)	(40, 69)	(-39, 69)	(-80, 0)	(-40, -69)	(40, -69)	circle	red	dif	right	right	(-80, 0)	(80, 0)	search	nr	True	568779	570073	right	35	60	85	135	160	10	None	None	testing
3	yn	f	18	red	7	(80, 0)	(40, 69)	(-39, 69)	(-80, 0)	(-40, -69)	(40, -69)	circle	none	same	left	left	N_dist	(40, 69)	search	nr	True	571350	572009	left	110	35	10	160	60	135	None	None	testing
3	yn	f	18	red	7	(80, 0)	(40, 69)	(-39, 69)	(-80, 0)	(-40, -69)	(40, -69)	circle	red	dif	right	right	(40, -69)	(40, 69)	probe	norm	None	None	None	None	10	85	135	160	110	60	(-80, 0)	44	testing
3	yn	f	18	red	7	(80, 0)	(40, 69)	(-39, 69)	(-80, 0)	(-40, -69)	(40, -69)	diamond	red	dif	left	left	(-39, 69)	(80, 0)	search	nr	True	577845	578457	left	85	35	110	135	10	160	None	None	testing
3	yn	f	18	red	7	(80, 0)	(40, 69)	(-39, 69)	(-80, 0)	(-40, -69)	(40, -69)	circle	red	same	left	left	(80, 0)	(-40, -69)	search	nr	True	579565	581241	right	10	60	110	135	160	35	None	None	testing
3	yn	f	18	red	7	(80, 0)	(40, 69)	(-39, 69)	(-80, 0)	(-40, -69)	(40, -69)	diamond	red	same	right	right	(-39, 69)	(40, 69)	search	nr	True	583923	585097	right	135	60	10	85	35	160	None	None	testing
3	yn	f	18	red	7	(80, 0)	(40, 69)	(-39, 69)	(-80, 0)	(-40, -69)	(40, -69)	circle	red	same	left	left	(-39, 69)	(80, 0)	search	nr	True	586361	586969	left	60	35	110	10	135	160	None	None	testing
3	yn	f	18	red	7	(80, 0)	(40, 69)	(-39, 69)	(-80, 0)	(-40, -69)	(40, -69)	diamond	red	same	left	left	(-39, 69)	(-80, 0)	search	nr	True	588165	589449	left	10	135	35	85	110	60	None	None	testing
3	yn	f	18	red	7	(80, 0)	(40, 69)	(-39, 69)	(-80, 0)	(-40, -69)	(40, -69)	circle	none	dif	left	left	N_dist	(80, 0)	search	nr	True	590703	591353	left	160	10	85	60	35	110	None	None	testing
3	yn	f	18	red	7	(80, 0)	(40, 69)	(-39, 69)	(-80, 0)	(-40, -69)	(40, -69)	circle	red	dif	right	right	(-39, 69)	(40, 69)	probe	h_sin	None	None	None	None	110	35	85	160	135	60	(-39, 69)	176	testing
3	yn	f	18	red	7	(80, 0)	(40, 69)	(-39, 69)	(-80, 0)	(-40, -69)	(40, -69)	diamond	none	dif	right	right	N_dist	(80, 0)	probe	l_norm	None	None	None	None	110	85	35	135	10	160	(-40, -69)	12	testing
3	yn	f	18	red	7	(80, 0)	(40, 69)	(-39, 69)	(-80, 0)	(-40, -69)	(40, -69)	diamond	none	dif	left	left	N_dist	(-40, -69)	search	nr	True	600437	601225	left	160	110	135	35	60	10	None	None	testing
3	yn	f	18	red	7	(80, 0)	(40, 69)	(-39, 69)	(-80, 0)	(-40, -69)	(40, -69)	diamond	red	dif	left	left	(-39, 69)	(40, 69)	search	nr	True	602340	602985	left	85	10	160	110	135	35	None	None	testing
3	yn	f	18	red	7	(80, 0)	(40, 69)	(-39, 69)	(-80, 0)	(-40, -69)	(40, -69)	circle	none	dif	left	left	N_dist	(80, 0)	probe	l_norm	None	None	None	None	10	160	110	35	135	60	(-40, -69)	10	testing
3	yn	f	18	red	7	(80, 0)	(40, 69)	(-39, 69)	(-80, 0)	(-40, -69)	(40, -69)	circle	red	dif	right	right	(-39, 69)	(-80, 0)	search	nr	True	607767	608889	right	160	135	35	60	85	110	None	None	testing
3	yn	f	18	red	7	(80, 0)	(40, 69)	(-39, 69)	(-80, 0)	(-40, -69)	(40, -69)	diamond	red	dif	right	right	(-39, 69)	(40, -69)	search	nr	True	610071	611049	right	60	10	110	160	135	85	None	None	testing
3	yn	f	18	red	7	(80, 0)	(40, 69)	(-39, 69)	(-80, 0)	(-40, -69)	(40, -69)	circle	none	dif	right	right	N_dist	(40, 69)	probe	l_norm	None	None	None	None	85	160	35	10	60	110	(-40, -69)	15	testing
3	yn	f	18	red	7	(80, 0)	(40, 69)	(-39, 69)	(-80, 0)	(-40, -69)	(40, -69)	diamond	none	same	right	right	N_dist	(40, -69)	search	nr	True	616283	617049	right	110	60	10	160	135	35	None	None	testing
3	yn	f	18	red	7	(80, 0)	(40, 69)	(-39, 69)	(-80, 0)	(-40, -69)	(40, -69)	diamond	red	same	left	left	(-39, 69)	(-80, 0)	probe	norm	None	None	None	None	35	135	110	10	60	160	(80, 0)	158	testing
3	yn	f	18	red	7	(80, 0)	(40, 69)	(-39, 69)	(-80, 0)	(-40, -69)	(40, -69)	diamond	red	dif	right	right	(-39, 69)	(-40, -69)	search	nr	True	622160	622905	right	60	135	85	110	10	35	None	None	testing
3	yn	f	18	red	7	(80, 0)	(40, 69)	(-39, 69)	(-80, 0)	(-40, -69)	(40, -69)	diamond	none	same	left	left	N_dist	(-39, 69)	search	nr	True	624097	624793	left	85	60	10	110	35	135	None	None	testing
3	yn	f	18	red	7	(80, 0)	(40, 69)	(-39, 69)	(-80, 0)	(-40, -69)	(40, -69)	diamond	red	same	right	right	(-39, 69)	(-40, -69)	probe	tar	None	None	None	None	160	135	85	10	35	60	(-40, -69)	158	testing
3	yn	f	18	red	7	(80, 0)	(40, 69)	(-39, 69)	(-80, 0)	(-40, -69)	(40, -69)	diamond	red	dif	left	left	(-39, 69)	(40, -69)	probe	tar	None	None	None	None	160	35	85	60	10	110	(40, -69)	15	testing
3	yn	f	18	red	7	(80, 0)	(40, 69)	(-39, 69)	(-80, 0)	(-40, -69)	(40, -69)	circle	none	dif	left	left	N_dist	(-80, 0)	search	nr	True	633999	634745	left	35	110	85	10	60	135	None	None	testing
3	yn	f	18	red	7	(80, 0)	(40, 69)	(-39, 69)	(-80, 0)	(-40, -69)	(40, -69)	circle	red	dif	right	right	(-40, -69)	(80, 0)	probe	tar	None	None	None	None	110	10	135	60	35	85	(80, 0)	14	testing
3	yn	f	18	red	7	(80, 0)	(40, 69)	(-39, 69)	(-80, 0)	(-40, -69)	(40, -69)	circle	red	dif	right	right	(-39, 69)	(40, 69)	probe	tar	None	None	None	None	35	10	135	110	60	85	(40, 69)	150	testing
3	yn	f	18	red	7	(80, 0)	(40, 69)	(-39, 69)	(-80, 0)	(-40, -69)	(40, -69)	diamond	red	same	right	right	(40, 69)	(40, -69)	probe	tar	None	None	None	None	135	85	60	10	35	110	(40, -69)	20	testing
3	yn	f	18	red	7	(80, 0)	(40, 69)	(-39, 69)	(-80, 0)	(-40, -69)	(40, -69)	circle	red	same	left	left	(-80, 0)	(40, 69)	search	nr	True	647323	648329	left	135	60	10	35	110	85	None	None	testing
3	yn	f	18	red	7	(80, 0)	(40, 69)	(-39, 69)	(-80, 0)	(-40, -69)	(40, -69)	diamond	red	dif	left	left	(-39, 69)	(40, -69)	probe	norm	None	None	None	None	60	135	110	160	85	10	(80, 0)	159	testing
3	yn	f	18	red	7	(80, 0)	(40, 69)	(-39, 69)	(-80, 0)	(-40, -69)	(40, -69)	circle	red	same	right	right	(-39, 69)	(40, 69)	search	nr	True	653017	653929	left	60	35	85	110	135	160	None	None	testing
3	yn	f	18	red	7	(80, 0)	(40, 69)	(-39, 69)	(-80, 0)	(-40, -69)	(40, -69)	circle	none	dif	right	right	N_dist	(40, 69)	probe	l_norm	None	None	None	None	110	60	160	35	85	135	(-80, 0)	154	testing
3	yn	f	18	red	7	(80, 0)	(40, 69)	(-39, 69)	(-80, 0)	(-40, -69)	(40, -69)	circle	none	same	left	left	N_dist	(-80, 0)	search	nr	True	662801	663625	left	60	35	10	135	85	160	None	None	testing
3	yn	f	18	red	7	(80, 0)	(40, 69)	(-39, 69)	(-80, 0)	(-40, -69)	(40, -69)	diamond	red	same	right	right	(-40, -69)	(80, 0)	probe	l_sin	None	None	None	None	85	135	110	35	10	60	(-40, -69)	72	testing
3	yn	f	18	red	7	(80, 0)	(40, 69)	(-39, 69)	(-80, 0)	(-40, -69)	(40, -69)	circle	red	same	left	left	(-39, 69)	(-80, 0)	search	nr	True	669531	670153	left	85	60	10	135	35	160	None	None	testing
3	yn	f	18	red	7	(80, 0)	(40, 69)	(-39, 69)	(-80, 0)	(-40, -69)	(40, -69)	diamond	red	dif	left	left	(-39, 69)	(80, 0)	search	nr	True	671300	672760	left	35	160	10	135	60	110	None	None	testing
3	yn	f	18	red	7	(80, 0)	(40, 69)	(-39, 69)	(-80, 0)	(-40, -69)	(40, -69)	circle	red	dif	right	right	(-39, 69)	(40, 69)	search	nr	True	673905	675385	right	60	110	135	160	85	35	None	None	testing
3	yn	f	18	red	7	(80, 0)	(40, 69)	(-39, 69)	(-80, 0)	(-40, -69)	(40, -69)	diamond	none	same	left	left	N_dist	(40, 69)	search	nr	True	676493	677401	left	35	135	110	10	60	85	None	None	testing
3	yn	f	18	red	7	(80, 0)	(40, 69)	(-39, 69)	(-80, 0)	(-40, -69)	(40, -69)	diamond	red	dif	right	right	(-80, 0)	(40, 69)	search	nr	True	678547	679321	right	160	35	85	60	135	10	None	None	testing
3	yn	f	18	red	7	(80, 0)	(40, 69)	(-39, 69)	(-80, 0)	(-40, -69)	(40, -69)	circle	red	same	left	left	(-39, 69)	(80, 0)	search	nr	True	680418	680969	left	35	85	160	110	10	60	None	None	testing
3	yn	f	18	red	7	(80, 0)	(40, 69)	(-39, 69)	(-80, 0)	(-40, -69)	(40, -69)	circle	red	dif	right	right	(-40, -69)	(80, 0)	search	nr	True	682170	682857	right	60	135	85	110	10	35	None	None	testing
3	yn	f	18	red	7	(80, 0)	(40, 69)	(-39, 69)	(-80, 0)	(-40, -69)	(40, -69)	circle	red	same	right	right	(-39, 69)	(40, -69)	search	nr	True	683991	684712	right	10	160	85	110	35	60	None	None	testing
3	yn	f	18	red	7	(80, 0)	(40, 69)	(-39, 69)	(-80, 0)	(-40, -69)	(40, -69)	circle	red	dif	left	left	(-39, 69)	(40, 69)	search	nr	True	685843	686441	left	110	85	135	60	10	35	None	None	testing
3	yn	f	18	red	7	(80, 0)	(40, 69)	(-39, 69)	(-80, 0)	(-40, -69)	(40, -69)	circle	red	dif	right	right	(40, -69)	(40, 69)	search	nr	True	687614	688249	right	135	85	10	60	110	160	None	None	testing
3	yn	f	18	red	7	(80, 0)	(40, 69)	(-39, 69)	(-80, 0)	(-40, -69)	(40, -69)	circle	red	same	left	left	(40, 69)	(40, -69)	search	nr	True	689434	690265	left	10	160	85	135	110	60	None	None	testing
3	yn	f	18	red	7	(80, 0)	(40, 69)	(-39, 69)	(-80, 0)	(-40, -69)	(40, -69)	diamond	none	same	right	right	N_dist	(40, 69)	probe	l_tar	None	None	None	None	60	135	85	110	35	160	(40, 69)	17	testing
3	yn	f	18	red	7	(80, 0)	(40, 69)	(-39, 69)	(-80, 0)	(-40, -69)	(40, -69)	circle	red	same	right	right	(-39, 69)	(-40, -69)	probe	tar	None	None	None	None	35	60	135	160	10	110	(-40, -69)	43	testing
3	yn	f	18	red	7	(80, 0)	(40, 69)	(-39, 69)	(-80, 0)	(-40, -69)	(40, -69)	diamond	none	same	right	right	N_dist	(-39, 69)	search	nr	True	700587	701593	right	85	160	35	110	10	60	None	None	testing
3	yn	f	18	red	7	(80, 0)	(40, 69)	(-39, 69)	(-80, 0)	(-40, -69)	(40, -69)	diamond	red	dif	left	left	(-80, 0)	(-40, -69)	search	nr	True	702674	703560	left	160	110	60	35	135	85	None	None	testing
3	yn	f	18	red	7	(80, 0)	(40, 69)	(-39, 69)	(-80, 0)	(-40, -69)	(40, -69)	circle	none	dif	left	left	N_dist	(80, 0)	search	nr	True	704662	705321	right	35	85	135	10	160	60	None	None	testing
3	yn	f	18	red	7	(80, 0)	(40, 69)	(-39, 69)	(-80, 0)	(-40, -69)	(40, -69)	diamond	red	dif	right	right	(-39, 69)	(80, 0)	probe	norm	None	None	None	None	10	160	135	110	85	35	(40, -69)	164	testing
3	yn	f	18	red	7	(80, 0)	(40, 69)	(-39, 69)	(-80, 0)	(-40, -69)	(40, -69)	diamond	none	same	right	right	N_dist	(40, -69)	search	nr	True	711891	712745	right	160	10	60	135	110	85	None	None	testing
3	yn	f	18	red	7	(80, 0)	(40, 69)	(-39, 69)	(-80, 0)	(-40, -69)	(40, -69)	diamond	red	dif	left	left	(-39, 69)	(40, -69)	search	nr	True	714029	714649	left	110	160	85	135	35	10	None	None	testing
3	yn	f	18	red	7	(80, 0)	(40, 69)	(-39, 69)	(-80, 0)	(-40, -69)	(40, -69)	circle	none	dif	left	left	N_dist	(80, 0)	search	nr	True	715732	717161	left	85	160	135	110	35	10	None	None	testing
3	yn	f	18	red	7	(80, 0)	(40, 69)	(-39, 69)	(-80, 0)	(-40, -69)	(40, -69)	diamond	none	same	right	right	N_dist	(-39, 69)	probe	h_tar	None	None	None	None	35	135	10	110	60	85	(-39, 69)	150	testing
3	yn	f	18	red	7	(80, 0)	(40, 69)	(-39, 69)	(-80, 0)	(-40, -69)	(40, -69)	diamond	none	dif	left	left	N_dist	(-80, 0)	probe	h_norm	None	None	None	None	160	35	10	110	135	60	(-39, 69)	143	testing
3	yn	f	18	red	7	(80, 0)	(40, 69)	(-39, 69)	(-80, 0)	(-40, -69)	(40, -69)	diamond	red	dif	right	right	(40, 69)	(80, 0)	search	nr	True	727988	728808	right	110	60	35	85	160	135	None	None	testing
3	yn	f	18	red	7	(80, 0)	(40, 69)	(-39, 69)	(-80, 0)	(-40, -69)	(40, -69)	circle	red	dif	right	right	(-39, 69)	(40, 69)	search	nr	True	729959	731241	right	60	35	135	85	10	110	None	None	testing
3	yn	f	18	red	7	(80, 0)	(40, 69)	(-39, 69)	(-80, 0)	(-40, -69)	(40, -69)	diamond	red	dif	right	right	(-39, 69)	(-40, -69)	probe	h_sin	None	None	None	None	60	160	10	35	135	85	(-39, 69)	30	testing
3	yn	f	18	red	7	(80, 0)	(40, 69)	(-39, 69)	(-80, 0)	(-40, -69)	(40, -69)	diamond	red	same	left	left	(-80, 0)	(40, 69)	probe	l_sin	None	None	None	None	85	10	160	135	60	35	(-80, 0)	177	testing
3	yn	f	18	red	7	(80, 0)	(40, 69)	(-39, 69)	(-80, 0)	(-40, -69)	(40, -69)	circle	red	dif	left	left	(-39, 69)	(80, 0)	probe	tar	None	None	None	None	160	85	60	35	10	135	(80, 0)	28	testing
3	yn	f	18	red	7	(80, 0)	(40, 69)	(-39, 69)	(-80, 0)	(-40, -69)	(40, -69)	diamond	red	same	right	right	(-39, 69)	(40, 69)	search	nr	True	744085	746409	right	135	110	85	10	60	35	None	None	testing
3	yn	f	18	red	7	(80, 0)	(40, 69)	(-39, 69)	(-80, 0)	(-40, -69)	(40, -69)	circle	red	same	right	right	(40, -69)	(80, 0)	search	nr	True	747708	748489	right	110	60	35	10	85	160	None	None	testing
3	yn	f	18	red	7	(80, 0)	(40, 69)	(-39, 69)	(-80, 0)	(-40, -69)	(40, -69)	diamond	red	same	right	right	(40, 69)	(40, -69)	search	nr	True	749761	750488	right	135	60	10	160	85	110	None	None	testing
3	yn	f	18	red	7	(80, 0)	(40, 69)	(-39, 69)	(-80, 0)	(-40, -69)	(40, -69)	diamond	none	same	right	right	N_dist	(40, 69)	search	nr	True	751714	752345	right	160	60	110	135	35	85	None	None	testing
3	yn	f	18	red	7	(80, 0)	(40, 69)	(-39, 69)	(-80, 0)	(-40, -69)	(40, -69)	circle	none	dif	right	right	N_dist	(-39, 69)	search	nr	True	753601	754409	right	35	160	135	60	85	10	None	None	testing
3	yn	f	18	red	7	(80, 0)	(40, 69)	(-39, 69)	(-80, 0)	(-40, -69)	(40, -69)	diamond	red	dif	left	left	(-39, 69)	(80, 0)	search	nr	True	755489	756520	right	60	110	135	160	35	10	None	None	testing
3	yn	f	18	red	7	(80, 0)	(40, 69)	(-39, 69)	(-80, 0)	(-40, -69)	(40, -69)	circle	none	dif	left	left	N_dist	(-80, 0)	search	nr	True	759329	760793	left	110	60	85	35	135	10	None	None	testing
3	yn	f	18	red	7	(80, 0)	(40, 69)	(-39, 69)	(-80, 0)	(-40, -69)	(40, -69)	circle	none	dif	right	right	N_dist	(-40, -69)	probe	l_norm	None	None	None	None	85	135	60	160	110	35	(80, 0)	168	testing
3	yn	f	18	red	7	(80, 0)	(40, 69)	(-39, 69)	(-80, 0)	(-40, -69)	(40, -69)	circle	none	same	right	right	N_dist	(-39, 69)	search	nr	True	765190	765993	right	135	35	10	110	160	85	None	None	testing
3	yn	f	18	red	7	(80, 0)	(40, 69)	(-39, 69)	(-80, 0)	(-40, -69)	(40, -69)	circle	none	dif	right	right	N_dist	(-40, -69)	search	nr	True	767160	767865	right	35	160	135	110	85	60	None	None	testing
3	yn	f	18	red	7	(80, 0)	(40, 69)	(-39, 69)	(-80, 0)	(-40, -69)	(40, -69)	diamond	red	dif	right	right	(-39, 69)	(40, -69)	probe	h_sin	None	None	None	None	110	35	10	160	85	135	(-39, 69)	145	testing
3	yn	f	18	red	7	(80, 0)	(40, 69)	(-39, 69)	(-80, 0)	(-40, -69)	(40, -69)	diamond	none	dif	left	left	N_dist	(-80, 0)	probe	h_norm	None	None	None	None	110	85	35	160	10	135	(-39, 69)	156	testing
3	yn	f	18	red	7	(80, 0)	(40, 69)	(-39, 69)	(-80, 0)	(-40, -69)	(40, -69)	diamond	red	same	right	right	(-40, -69)	(80, 0)	search	nr	True	779382	780073	right	60	160	85	35	110	10	None	None	testing
3	yn	f	18	red	7	(80, 0)	(40, 69)	(-39, 69)	(-80, 0)	(-40, -69)	(40, -69)	circle	red	same	left	left	(-39, 69)	(-80, 0)	search	nr	True	781286	782121	left	110	35	135	10	85	160	None	None	testing
3	yn	f	18	red	7	(80, 0)	(40, 69)	(-39, 69)	(-80, 0)	(-40, -69)	(40, -69)	circle	red	same	right	right	(-39, 69)	(-40, -69)	search	nr	True	783407	784168	right	35	135	10	110	85	160	None	None	testing
3	yn	f	18	red	7	(80, 0)	(40, 69)	(-39, 69)	(-80, 0)	(-40, -69)	(40, -69)	diamond	red	dif	right	right	(-39, 69)	(-80, 0)	search	nr	True	785360	787113	left	85	60	10	135	35	160	None	None	testing
3	yn	f	18	red	7	(80, 0)	(40, 69)	(-39, 69)	(-80, 0)	(-40, -69)	(40, -69)	diamond	red	same	right	right	(40, 69)	(40, -69)	search	nr	True	789935	790665	right	135	35	60	110	85	10	None	None	testing
3	yn	f	18	red	7	(80, 0)	(40, 69)	(-39, 69)	(-80, 0)	(-40, -69)	(40, -69)	circle	red	dif	right	right	(-80, 0)	(80, 0)	search	nr	True	791822	792473	right	35	110	60	10	135	160	None	None	testing
3	yn	f	18	red	7	(80, 0)	(40, 69)	(-39, 69)	(-80, 0)	(-40, -69)	(40, -69)	circle	none	dif	left	left	N_dist	(-80, 0)	probe	l_tar	None	None	None	None	160	35	110	60	10	85	(-80, 0)	169	testing
3	yn	f	18	red	7	(80, 0)	(40, 69)	(-39, 69)	(-80, 0)	(-40, -69)	(40, -69)	circle	red	same	left	left	(-39, 69)	(-80, 0)	probe	tar	None	None	None	None	110	60	85	135	160	35	(-80, 0)	11	testing
3	yn	f	18	red	7	(80, 0)	(40, 69)	(-39, 69)	(-80, 0)	(-40, -69)	(40, -69)	diamond	red	same	left	left	(-39, 69)	(-80, 0)	search	nr	True	801890	803417	left	85	160	60	135	35	110	None	None	testing
3	yn	f	18	red	7	(80, 0)	(40, 69)	(-39, 69)	(-80, 0)	(-40, -69)	(40, -69)	circle	red	dif	right	right	(-39, 69)	(-80, 0)	search	nr	True	804478	805752	right	110	160	135	85	10	60	None	None	testing
3	yn	f	18	red	7	(80, 0)	(40, 69)	(-39, 69)	(-80, 0)	(-40, -69)	(40, -69)	diamond	none	same	right	right	N_dist	(-39, 69)	probe	h_tar	None	None	None	None	110	135	10	60	160	85	(-39, 69)	37	testing
3	yn	f	18	red	7	(80, 0)	(40, 69)	(-39, 69)	(-80, 0)	(-40, -69)	(40, -69)	diamond	none	same	left	left	N_dist	(-40, -69)	search	nr	True	811758	812697	left	110	10	85	35	160	60	None	None	testing
3	yn	f	18	red	7	(80, 0)	(40, 69)	(-39, 69)	(-80, 0)	(-40, -69)	(40, -69)	circle	red	same	right	right	(-39, 69)	(80, 0)	search	nr	True	813979	814665	right	160	110	10	135	35	60	None	None	testing
3	yn	f	18	red	7	(80, 0)	(40, 69)	(-39, 69)	(-80, 0)	(-40, -69)	(40, -69)	diamond	red	dif	left	left	(-39, 69)	(40, -69)	search	nr	True	815933	816633	left	110	85	135	60	160	35	None	None	testing
3	yn	f	18	red	7	(80, 0)	(40, 69)	(-39, 69)	(-80, 0)	(-40, -69)	(40, -69)	circle	none	same	right	right	N_dist	(80, 0)	probe	h_norm	None	None	None	None	160	10	110	60	135	85	(-39, 69)	4	testing
3	yn	f	18	red	7	(80, 0)	(40, 69)	(-39, 69)	(-80, 0)	(-40, -69)	(40, -69)	diamond	red	same	left	left	(-39, 69)	(40, -69)	search	nr	True	821460	822153	left	10	135	160	85	35	60	None	None	testing
3	yn	f	18	red	7	(80, 0)	(40, 69)	(-39, 69)	(-80, 0)	(-40, -69)	(40, -69)	diamond	red	same	left	left	(-39, 69)	(-80, 0)	search	nr	True	823414	824137	left	160	10	135	85	110	60	None	None	testing
3	yn	f	18	red	7	(80, 0)	(40, 69)	(-39, 69)	(-80, 0)	(-40, -69)	(40, -69)	diamond	red	dif	left	left	(-39, 69)	(40, -69)	search	nr	True	825284	825880	left	110	60	35	10	85	135	None	None	testing
3	yn	f	18	red	7	(80, 0)	(40, 69)	(-39, 69)	(-80, 0)	(-40, -69)	(40, -69)	diamond	red	same	left	left	(-80, 0)	(40, 69)	search	nr	True	827003	827657	left	135	10	110	85	60	160	None	None	testing
3	yn	f	18	red	7	(80, 0)	(40, 69)	(-39, 69)	(-80, 0)	(-40, -69)	(40, -69)	diamond	none	dif	right	right	N_dist	(40, -69)	probe	l_norm	None	None	None	None	110	35	160	10	85	135	(80, 0)	10	testing
3	yn	f	18	red	7	(80, 0)	(40, 69)	(-39, 69)	(-80, 0)	(-40, -69)	(40, -69)	diamond	red	same	left	left	(-39, 69)	(-80, 0)	probe	h_sin	None	None	None	None	110	85	135	160	35	10	(-39, 69)	18	testing
3	yn	f	18	red	7	(80, 0)	(40, 69)	(-39, 69)	(-80, 0)	(-40, -69)	(40, -69)	diamond	red	same	right	right	(-40, -69)	(80, 0)	search	nr	True	836688	837433	right	85	10	135	160	35	60	None	None	testing
3	yn	f	18	red	7	(80, 0)	(40, 69)	(-39, 69)	(-80, 0)	(-40, -69)	(40, -69)	diamond	red	dif	left	left	(-80, 0)	(-40, -69)	probe	tar	None	None	None	None	85	135	160	10	35	110	(-40, -69)	162	testing
3	yn	f	18	red	7	(80, 0)	(40, 69)	(-39, 69)	(-80, 0)	(-40, -69)	(40, -69)	circle	red	same	left	left	(-39, 69)	(-80, 0)	search	nr	True	842548	843321	left	60	160	135	110	10	85	None	None	testing
3	yn	f	18	red	7	(80, 0)	(40, 69)	(-39, 69)	(-80, 0)	(-40, -69)	(40, -69)	diamond	red	dif	right	right	(-39, 69)	(80, 0)	search	nr	True	844552	845273	right	60	10	110	85	35	135	None	None	testing
3	yn	f	18	red	7	(80, 0)	(40, 69)	(-39, 69)	(-80, 0)	(-40, -69)	(40, -69)	diamond	red	same	right	right	(-40, -69)	(80, 0)	search	nr	True	846389	847048	right	85	10	135	35	160	110	None	None	testing
3	yn	f	18	red	7	(80, 0)	(40, 69)	(-39, 69)	(-80, 0)	(-40, -69)	(40, -69)	circle	red	dif	left	left	(-39, 69)	(40, 69)	search	nr	True	848225	849960	left	85	60	110	35	10	160	None	None	testing
3	yn	f	18	red	7	(80, 0)	(40, 69)	(-39, 69)	(-80, 0)	(-40, -69)	(40, -69)	circle	red	dif	left	left	(-40, -69)	(80, 0)	search	nr	True	851198	852633	left	35	160	85	60	10	135	None	None	testing
3	yn	f	18	red	7	(80, 0)	(40, 69)	(-39, 69)	(-80, 0)	(-40, -69)	(40, -69)	diamond	red	same	right	right	(-39, 69)	(80, 0)	search	nr	True	853870	854537	right	135	85	10	35	160	110	None	None	testing
3	yn	f	18	red	7	(80, 0)	(40, 69)	(-39, 69)	(-80, 0)	(-40, -69)	(40, -69)	circle	red	dif	right	right	(-39, 69)	(40, 69)	probe	h_sin	None	None	None	None	60	110	85	160	10	35	(-39, 69)	168	testing
3	yn	f	18	red	7	(80, 0)	(40, 69)	(-39, 69)	(-80, 0)	(-40, -69)	(40, -69)	diamond	none	same	right	right	N_dist	(-39, 69)	search	nr	True	859346	860345	right	10	160	35	60	85	135	None	None	testing
3	yn	f	18	red	7	(80, 0)	(40, 69)	(-39, 69)	(-80, 0)	(-40, -69)	(40, -69)	circle	none	same	right	right	N_dist	(80, 0)	search	nr	True	861550	862585	right	85	60	160	135	110	10	None	None	testing
3	yn	f	18	red	7	(80, 0)	(40, 69)	(-39, 69)	(-80, 0)	(-40, -69)	(40, -69)	diamond	red	dif	left	left	(80, 0)	(40, 69)	search	nr	True	863837	864809	right	160	135	10	85	110	35	None	None	testing
3	yn	f	18	red	7	(80, 0)	(40, 69)	(-39, 69)	(-80, 0)	(-40, -69)	(40, -69)	circle	red	same	left	left	(-39, 69)	(-40, -69)	search	nr	True	867427	868184	left	60	85	135	10	35	160	None	None	testing
3	yn	f	18	red	7	(80, 0)	(40, 69)	(-39, 69)	(-80, 0)	(-40, -69)	(40, -69)	diamond	red	dif	left	left	(-39, 69)	(80, 0)	probe	tar	None	None	None	None	85	110	60	135	35	160	(80, 0)	166	testing
3	yn	f	18	red	7	(80, 0)	(40, 69)	(-39, 69)	(-80, 0)	(-40, -69)	(40, -69)	circle	red	same	right	right	(-39, 69)	(-40, -69)	search	nr	True	872470	873401	right	35	135	10	110	160	60	None	None	testing
3	yn	f	18	red	7	(80, 0)	(40, 69)	(-39, 69)	(-80, 0)	(-40, -69)	(40, -69)	circle	red	dif	left	left	(80, 0)	(-40, -69)	probe	l_sin	None	None	None	None	60	85	160	10	110	35	(80, 0)	161	testing
3	yn	f	18	red	7	(80, 0)	(40, 69)	(-39, 69)	(-80, 0)	(-40, -69)	(40, -69)	diamond	none	same	left	left	N_dist	(-80, 0)	search	nr	True	878331	879401	left	60	135	35	85	160	110	None	None	testing
3	yn	f	18	red	7	(80, 0)	(40, 69)	(-39, 69)	(-80, 0)	(-40, -69)	(40, -69)	diamond	none	same	left	left	N_dist	(-40, -69)	probe	h_norm	None	None	None	None	160	10	60	110	85	35	(-39, 69)	166	testing
3	yn	f	18	red	7	(80, 0)	(40, 69)	(-39, 69)	(-80, 0)	(-40, -69)	(40, -69)	circle	red	same	right	right	(-39, 69)	(80, 0)	probe	h_sin	None	None	None	None	10	35	135	60	85	110	(-39, 69)	10	testing
3	yn	f	18	red	7	(80, 0)	(40, 69)	(-39, 69)	(-80, 0)	(-40, -69)	(40, -69)	circle	red	same	right	right	(-39, 69)	(40, -69)	search	nr	True	889335	890344	right	135	10	60	160	35	85	None	None	testing
3	yn	f	18	red	7	(80, 0)	(40, 69)	(-39, 69)	(-80, 0)	(-40, -69)	(40, -69)	diamond	none	dif	left	left	N_dist	(40, -69)	search	nr	True	891622	892296	left	135	85	110	60	35	160	None	None	testing
3	yn	f	18	red	7	(80, 0)	(40, 69)	(-39, 69)	(-80, 0)	(-40, -69)	(40, -69)	diamond	red	dif	left	left	(-39, 69)	(80, 0)	search	nr	True	893592	894296	left	110	135	160	35	60	10	None	None	testing
3	yn	f	18	red	7	(80, 0)	(40, 69)	(-39, 69)	(-80, 0)	(-40, -69)	(40, -69)	circle	red	dif	right	right	(-39, 69)	(-80, 0)	probe	h_sin	None	None	None	None	60	110	160	35	85	135	(-39, 69)	22	testing
3	yn	f	18	red	7	(80, 0)	(40, 69)	(-39, 69)	(-80, 0)	(-40, -69)	(40, -69)	circle	red	dif	right	right	(-39, 69)	(40, -69)	probe	tar	None	None	None	None	35	60	160	85	10	110	(40, -69)	6	testing
3	yn	f	18	red	7	(80, 0)	(40, 69)	(-39, 69)	(-80, 0)	(-40, -69)	(40, -69)	diamond	none	dif	left	left	N_dist	(-80, 0)	search	nr	True	903844	904569	left	85	35	10	110	160	135	None	None	testing
3	yn	f	18	red	7	(80, 0)	(40, 69)	(-39, 69)	(-80, 0)	(-40, -69)	(40, -69)	circle	red	same	right	right	(-39, 69)	(40, -69)	search	nr	True	905798	906665	right	60	10	35	135	160	110	None	None	testing
3	yn	f	18	red	7	(80, 0)	(40, 69)	(-39, 69)	(-80, 0)	(-40, -69)	(40, -69)	circle	none	dif	right	right	N_dist	(40, 69)	search	nr	True	907902	909001	right	85	60	110	135	160	10	None	None	testing
3	yn	f	18	red	7	(80, 0)	(40, 69)	(-39, 69)	(-80, 0)	(-40, -69)	(40, -69)	diamond	red	dif	left	left	(-39, 69)	(40, -69)	search	nr	True	910240	911128	left	160	110	10	135	85	35	None	None	testing
3	yn	f	18	red	7	(80, 0)	(40, 69)	(-39, 69)	(-80, 0)	(-40, -69)	(40, -69)	circle	red	same	right	right	(-39, 69)	(40, -69)	probe	tar	None	None	None	None	110	35	160	60	10	135	(40, -69)	17	testing
3	yn	f	18	red	7	(80, 0)	(40, 69)	(-39, 69)	(-80, 0)	(-40, -69)	(40, -69)	diamond	red	dif	left	left	(-39, 69)	(40, -69)	search	nr	True	916251	916905	left	110	60	135	35	85	10	None	None	testing
3	yn	f	18	red	7	(80, 0)	(40, 69)	(-39, 69)	(-80, 0)	(-40, -69)	(40, -69)	circle	red	same	right	right	(-39, 69)	(40, 69)	probe	h_sin	None	None	None	None	85	110	60	135	160	10	(-39, 69)	168	testing
3	yn	f	18	red	7	(80, 0)	(40, 69)	(-39, 69)	(-80, 0)	(-40, -69)	(40, -69)	circle	none	same	right	right	N_dist	(80, 0)	probe	h_norm	None	None	None	None	135	10	160	85	60	110	(-39, 69)	25	testing
3	yn	f	18	red	7	(80, 0)	(40, 69)	(-39, 69)	(-80, 0)	(-40, -69)	(40, -69)	diamond	none	dif	right	right	N_dist	(40, -69)	probe	h_norm	None	None	None	None	85	160	35	10	60	135	(-39, 69)	155	testing
3	yn	f	18	red	7	(80, 0)	(40, 69)	(-39, 69)	(-80, 0)	(-40, -69)	(40, -69)	circle	red	same	right	right	(40, -69)	(80, 0)	search	nr	True	930677	931752	right	135	160	85	110	10	60	None	None	testing
3	yn	f	18	red	7	(80, 0)	(40, 69)	(-39, 69)	(-80, 0)	(-40, -69)	(40, -69)	circle	red	same	right	right	(-39, 69)	(40, 69)	probe	h_sin	None	None	None	None	135	110	35	160	60	10	(-39, 69)	151	testing
3	yn	f	18	red	7	(80, 0)	(40, 69)	(-39, 69)	(-80, 0)	(-40, -69)	(40, -69)	diamond	red	same	right	right	(-39, 69)	(40, 69)	search	nr	True	937055	939272	right	35	135	85	110	160	10	None	None	testing
3	yn	f	18	red	7	(80, 0)	(40, 69)	(-39, 69)	(-80, 0)	(-40, -69)	(40, -69)	circle	none	same	left	left	N_dist	(40, 69)	search	nr	True	940495	941865	left	160	135	110	60	85	10	None	None	testing
3	yn	f	18	red	7	(80, 0)	(40, 69)	(-39, 69)	(-80, 0)	(-40, -69)	(40, -69)	circle	none	same	right	right	N_dist	(-39, 69)	search	nr	True	943084	943945	right	110	85	35	60	135	160	None	None	testing
3	yn	f	18	red	7	(80, 0)	(40, 69)	(-39, 69)	(-80, 0)	(-40, -69)	(40, -69)	diamond	red	dif	left	left	(-39, 69)	(40, -69)	probe	norm	None	None	None	None	35	85	10	110	160	135	(-40, -69)	10	testing
3	yn	f	18	red	7	(80, 0)	(40, 69)	(-39, 69)	(-80, 0)	(-40, -69)	(40, -69)	circle	none	same	right	right	N_dist	(-40, -69)	probe	l_norm	None	None	None	None	35	60	85	110	160	10	(40, -69)	162	testing
3	yn	f	18	red	7	(80, 0)	(40, 69)	(-39, 69)	(-80, 0)	(-40, -69)	(40, -69)	diamond	red	same	right	right	(-39, 69)	(40, 69)	search	nr	True	953302	954249	right	135	35	10	160	85	60	None	None	testing
3	yn	f	18	red	7	(80, 0)	(40, 69)	(-39, 69)	(-80, 0)	(-40, -69)	(40, -69)	diamond	none	same	left	left	N_dist	(-80, 0)	search	nr	True	955406	956233	left	10	110	35	60	85	135	None	None	testing
3	yn	f	18	red	7	(80, 0)	(40, 69)	(-39, 69)	(-80, 0)	(-40, -69)	(40, -69)	diamond	red	same	left	left	(-39, 69)	(-40, -69)	probe	norm	None	None	None	None	160	35	110	10	85	60	(80, 0)	18	testing
3	yn	f	18	red	7	(80, 0)	(40, 69)	(-39, 69)	(-80, 0)	(-40, -69)	(40, -69)	diamond	red	dif	left	left	(80, 0)	(-80, 0)	probe	l_sin	None	None	None	None	60	135	10	35	85	110	(80, 0)	162	testing
3	yn	f	18	red	7	(80, 0)	(40, 69)	(-39, 69)	(-80, 0)	(-40, -69)	(40, -69)	diamond	red	same	right	right	(-39, 69)	(40, 69)	probe	h_sin	None	None	None	None	60	35	85	110	135	10	(-39, 69)	3	testing
3	yn	f	18	red	7	(80, 0)	(40, 69)	(-39, 69)	(-80, 0)	(-40, -69)	(40, -69)	diamond	red	same	left	left	(-39, 69)	(-40, -69)	search	nr	True	970250	971048	left	110	60	135	10	85	160	None	None	testing
3	yn	f	18	red	7	(80, 0)	(40, 69)	(-39, 69)	(-80, 0)	(-40, -69)	(40, -69)	circle	none	same	left	left	N_dist	(40, 69)	search	nr	True	972187	972889	left	60	85	160	135	10	35	None	None	testing
3	yn	f	18	red	7	(80, 0)	(40, 69)	(-39, 69)	(-80, 0)	(-40, -69)	(40, -69)	diamond	red	dif	left	left	(-39, 69)	(40, 69)	probe	tar	None	None	None	None	135	110	60	85	35	160	(40, 69)	9	testing
3	yn	f	18	red	7	(80, 0)	(40, 69)	(-39, 69)	(-80, 0)	(-40, -69)	(40, -69)	circle	none	dif	left	left	N_dist	(-80, 0)	probe	l_norm	None	None	None	None	60	85	160	110	10	35	(40, -69)	162	testing
3	yn	f	18	red	7	(80, 0)	(40, 69)	(-39, 69)	(-80, 0)	(-40, -69)	(40, -69)	diamond	red	same	left	left	(-39, 69)	(-80, 0)	search	nr	True	982722	983304	left	135	85	10	35	60	160	None	None	testing
3	yn	f	18	red	7	(80, 0)	(40, 69)	(-39, 69)	(-80, 0)	(-40, -69)	(40, -69)	circle	red	same	left	left	(80, 0)	(-40, -69)	probe	l_sin	None	None	None	None	60	110	135	10	35	160	(80, 0)	166	testing
3	yn	f	18	red	7	(80, 0)	(40, 69)	(-39, 69)	(-80, 0)	(-40, -69)	(40, -69)	diamond	red	same	left	left	(40, 69)	(40, -69)	search	nr	True	988216	989657	left	35	60	110	135	85	10	None	None	testing
3	yn	f	18	red	7	(80, 0)	(40, 69)	(-39, 69)	(-80, 0)	(-40, -69)	(40, -69)	circle	red	same	right	right	(40, -69)	(40, 69)	search	nr	True	990938	991705	right	10	160	110	35	85	60	None	None	testing
3	yn	f	18	red	7	(80, 0)	(40, 69)	(-39, 69)	(-80, 0)	(-40, -69)	(40, -69)	circle	none	dif	right	right	N_dist	(-40, -69)	search	nr	True	992959	993833	right	160	35	135	85	60	10	None	None	testing
3	yn	f	18	red	7	(80, 0)	(40, 69)	(-39, 69)	(-80, 0)	(-40, -69)	(40, -69)	circle	red	same	left	left	(80, 0)	(-40, -69)	search	nr	True	995145	995880	left	85	110	160	10	35	135	None	None	testing
3	yn	f	18	red	7	(80, 0)	(40, 69)	(-39, 69)	(-80, 0)	(-40, -69)	(40, -69)	circle	red	same	left	left	(40, 69)	(40, -69)	search	nr	True	997116	997816	left	135	85	35	110	10	60	None	None	testing
3	yn	f	18	red	7	(80, 0)	(40, 69)	(-39, 69)	(-80, 0)	(-40, -69)	(40, -69)	diamond	none	dif	left	left	N_dist	(-40, -69)	probe	h_norm	None	None	None	None	85	35	60	10	135	160	(-39, 69)	169	testing
3	yn	f	18	red	7	(80, 0)	(40, 69)	(-39, 69)	(-80, 0)	(-40, -69)	(40, -69)	diamond	red	same	right	right	(-39, 69)	(-80, 0)	search	nr	True	1002910	1003464	left	35	110	135	160	10	85	None	None	testing
3	yn	f	18	red	7	(80, 0)	(40, 69)	(-39, 69)	(-80, 0)	(-40, -69)	(40, -69)	diamond	none	same	left	left	N_dist	(-40, -69)	search	nr	True	1006116	1006760	left	10	135	60	110	85	160	None	None	testing
3	yn	f	18	red	7	(80, 0)	(40, 69)	(-39, 69)	(-80, 0)	(-40, -69)	(40, -69)	circle	red	dif	right	right	(-80, 0)	(80, 0)	probe	l_sin	None	None	None	None	160	10	60	135	85	110	(-80, 0)	9	testing
3	yn	f	18	red	7	(80, 0)	(40, 69)	(-39, 69)	(-80, 0)	(-40, -69)	(40, -69)	circle	red	dif	right	right	(-39, 69)	(40, 69)	search	nr	True	1011793	1012825	right	60	35	110	10	85	135	None	None	testing
3	yn	f	18	red	7	(80, 0)	(40, 69)	(-39, 69)	(-80, 0)	(-40, -69)	(40, -69)	diamond	red	dif	right	right	(-40, -69)	(-80, 0)	search	nr	True	1013947	1015320	right	110	35	135	160	85	10	None	None	testing
3	yn	f	18	red	7	(80, 0)	(40, 69)	(-39, 69)	(-80, 0)	(-40, -69)	(40, -69)	circle	red	dif	left	left	(80, 0)	(-80, 0)	search	nr	True	1016568	1017209	left	110	85	135	35	160	10	None	None	testing
3	yn	f	18	red	7	(80, 0)	(40, 69)	(-39, 69)	(-80, 0)	(-40, -69)	(40, -69)	diamond	red	dif	left	left	(80, 0)	(-80, 0)	search	nr	True	1018355	1018985	left	85	35	10	60	135	160	None	None	testing
3	yn	f	18	red	7	(80, 0)	(40, 69)	(-39, 69)	(-80, 0)	(-40, -69)	(40, -69)	circle	red	dif	left	left	(-39, 69)	(80, 0)	search	nr	True	1020192	1020793	left	60	135	35	85	10	160	None	None	testing
3	yn	f	18	red	7	(80, 0)	(40, 69)	(-39, 69)	(-80, 0)	(-40, -69)	(40, -69)	diamond	red	same	left	left	(-80, 0)	(40, 69)	search	nr	True	1021895	1022681	left	60	160	135	110	85	35	None	None	testing
3	yn	f	18	red	7	(80, 0)	(40, 69)	(-39, 69)	(-80, 0)	(-40, -69)	(40, -69)	diamond	red	dif	right	right	(-39, 69)	(-80, 0)	search	nr	True	1023915	1024665	right	35	135	160	60	110	85	None	None	testing
3	yn	f	18	red	7	(80, 0)	(40, 69)	(-39, 69)	(-80, 0)	(-40, -69)	(40, -69)	diamond	none	same	left	left	N_dist	(-39, 69)	probe	h_tar	None	None	None	None	135	35	160	110	60	10	(-39, 69)	33	testing
3	yn	f	18	red	7	(80, 0)	(40, 69)	(-39, 69)	(-80, 0)	(-40, -69)	(40, -69)	diamond	red	same	right	right	(-39, 69)	(40, 69)	probe	tar	None	None	None	None	160	110	10	135	35	85	(40, 69)	16	testing
3	yn	f	18	red	7	(80, 0)	(40, 69)	(-39, 69)	(-80, 0)	(-40, -69)	(40, -69)	diamond	none	dif	right	right	N_dist	(40, -69)	search	nr	True	1035386	1036153	right	110	60	35	85	160	10	None	None	testing
3	yn	f	18	red	7	(80, 0)	(40, 69)	(-39, 69)	(-80, 0)	(-40, -69)	(40, -69)	circle	red	dif	left	left	(80, 0)	(-80, 0)	search	nr	True	1037423	1038521	left	85	35	10	110	160	60	None	None	testing
3	yn	f	18	red	7	(80, 0)	(40, 69)	(-39, 69)	(-80, 0)	(-40, -69)	(40, -69)	diamond	red	dif	right	right	(40, 69)	(80, 0)	probe	l_sin	None	None	None	None	60	110	160	35	10	135	(40, 69)	15	testing
3	yn	f	18	red	7	(80, 0)	(40, 69)	(-39, 69)	(-80, 0)	(-40, -69)	(40, -69)	circle	red	same	left	left	(40, -69)	(40, 69)	search	nr	True	1043284	1044056	left	160	85	135	10	60	35	None	None	testing
3	yn	f	18	red	7	(80, 0)	(40, 69)	(-39, 69)	(-80, 0)	(-40, -69)	(40, -69)	circle	red	same	right	right	(40, -69)	(80, 0)	probe	norm	None	None	None	None	160	110	135	35	10	60	(-40, -69)	9	testing
3	yn	f	18	red	7	(80, 0)	(40, 69)	(-39, 69)	(-80, 0)	(-40, -69)	(40, -69)	circle	none	same	right	right	N_dist	(-80, 0)	probe	l_tar	None	None	None	None	60	160	10	110	85	35	(-80, 0)	10	testing
3	yn	f	18	red	7	(80, 0)	(40, 69)	(-39, 69)	(-80, 0)	(-40, -69)	(40, -69)	diamond	red	same	right	right	(-39, 69)	(80, 0)	search	nr	True	1053937	1054968	right	35	160	85	110	10	60	None	None	testing
3	yn	f	18	red	7	(80, 0)	(40, 69)	(-39, 69)	(-80, 0)	(-40, -69)	(40, -69)	diamond	red	same	left	left	(-40, -69)	(40, 69)	search	nr	True	1056024	1056648	left	135	60	110	160	85	35	None	None	testing
3	yn	f	18	red	7	(80, 0)	(40, 69)	(-39, 69)	(-80, 0)	(-40, -69)	(40, -69)	diamond	none	dif	left	left	N_dist	(-39, 69)	probe	h_tar	None	None	None	None	35	135	60	10	160	110	(-39, 69)	169	testing
3	yn	f	18	red	7	(80, 0)	(40, 69)	(-39, 69)	(-80, 0)	(-40, -69)	(40, -69)	circle	red	dif	left	left	(-80, 0)	(80, 0)	search	nr	True	1061367	1061977	left	10	135	60	35	110	160	None	None	testing
3	yn	f	18	red	7	(80, 0)	(40, 69)	(-39, 69)	(-80, 0)	(-40, -69)	(40, -69)	circle	red	dif	right	right	(-40, -69)	(80, 0)	search	nr	True	1063220	1063929	right	160	85	110	35	10	135	None	None	testing
3	yn	f	18	red	7	(80, 0)	(40, 69)	(-39, 69)	(-80, 0)	(-40, -69)	(40, -69)	diamond	red	dif	right	right	(-39, 69)	(80, 0)	search	nr	True	1065057	1065721	right	160	60	10	110	35	85	None	None	testing
3	yn	f	18	red	7	(80, 0)	(40, 69)	(-39, 69)	(-80, 0)	(-40, -69)	(40, -69)	circle	none	dif	right	right	N_dist	(40, 69)	search	nr	True	1066927	1067897	left	10	135	110	35	85	60	None	None	testing
3	yn	f	18	red	7	(80, 0)	(40, 69)	(-39, 69)	(-80, 0)	(-40, -69)	(40, -69)	diamond	red	dif	right	right	(-39, 69)	(-40, -69)	search	nr	True	1070568	1072457	right	35	135	60	85	10	110	None	None	testing
3	yn	f	18	red	7	(80, 0)	(40, 69)	(-39, 69)	(-80, 0)	(-40, -69)	(40, -69)	circle	none	dif	right	right	N_dist	(40, 69)	search	nr	True	1073640	1074424	right	135	85	60	160	35	110	None	None	testing
3	yn	f	18	red	7	(80, 0)	(40, 69)	(-39, 69)	(-80, 0)	(-40, -69)	(40, -69)	circle	none	same	right	right	N_dist	(-39, 69)	probe	h_tar	None	None	None	None	110	135	160	35	10	60	(-39, 69)	32	testing
3	yn	f	18	red	7	(80, 0)	(40, 69)	(-39, 69)	(-80, 0)	(-40, -69)	(40, -69)	diamond	red	dif	right	right	(-39, 69)	(40, 69)	search	nr	True	1080502	1081369	right	110	135	60	10	85	160	None	None	testing
3	yn	f	18	red	7	(80, 0)	(40, 69)	(-39, 69)	(-80, 0)	(-40, -69)	(40, -69)	diamond	red	same	left	left	(40, 69)	(40, -69)	search	nr	True	1082540	1083625	left	35	10	85	135	60	160	None	None	testing
3	yn	f	18	red	7	(80, 0)	(40, 69)	(-39, 69)	(-80, 0)	(-40, -69)	(40, -69)	diamond	red	same	left	left	(-39, 69)	(40, -69)	search	nr	True	1084827	1085417	left	110	60	160	35	10	135	None	None	testing
3	yn	f	18	red	7	(80, 0)	(40, 69)	(-39, 69)	(-80, 0)	(-40, -69)	(40, -69)	circle	none	same	right	right	N_dist	(80, 0)	search	nr	True	1086581	1087497	right	60	135	85	10	35	160	None	None	testing
3	yn	f	18	red	7	(80, 0)	(40, 69)	(-39, 69)	(-80, 0)	(-40, -69)	(40, -69)	circle	red	dif	left	left	(40, -69)	(40, 69)	search	nr	True	1088801	1089449	left	85	60	160	10	35	135	None	None	testing
3	yn	f	18	red	7	(80, 0)	(40, 69)	(-39, 69)	(-80, 0)	(-40, -69)	(40, -69)	circle	none	dif	right	right	N_dist	(-39, 69)	probe	h_tar	None	None	None	None	160	35	85	135	110	10	(-39, 69)	2	testing
3	yn	f	18	red	7	(80, 0)	(40, 69)	(-39, 69)	(-80, 0)	(-40, -69)	(40, -69)	circle	red	same	right	right	(-39, 69)	(80, 0)	search	nr	True	1095530	1096313	right	10	85	160	135	60	35	None	None	testing
3	yn	f	18	red	7	(80, 0)	(40, 69)	(-39, 69)	(-80, 0)	(-40, -69)	(40, -69)	diamond	none	same	left	left	N_dist	(-80, 0)	probe	h_norm	None	None	None	None	160	85	135	35	110	60	(-39, 69)	17	testing
3	yn	f	18	red	7	(80, 0)	(40, 69)	(-39, 69)	(-80, 0)	(-40, -69)	(40, -69)	circle	none	same	left	left	N_dist	(-39, 69)	probe	h_tar	None	None	None	None	60	35	135	85	160	110	(-39, 69)	19	testing
