subj	name	gender	age	dist	run	tar_locs1	tar_locs2	tar_locs3	tar_locs4	tar_locs5	tar_locs6	shape	dist	td_dif	detection	resp_key	dis_loc	tar_loc	task_type	probe_cond	gotKey	startTime	respTime	resp	o1	o2	o3	o4	o5	o6	pro_loc	ori_resp	mode
4	hm	f	19	red	5	(80, 0)	(40, 69)	(-39, 69)	(-80, 0)	(-40, -69)	(40, -69)	diamond	red	same	left	left	(-80, 0)	(40, -69)	search	nr	True	55531	56173	left	35	160	110	10	60	85	None	None	testing
4	hm	f	19	red	5	(80, 0)	(40, 69)	(-39, 69)	(-80, 0)	(-40, -69)	(40, -69)	circle	red	dif	right	right	(40, -69)	(80, 0)	search	nr	True	57469	58189	right	60	10	160	135	35	85	None	None	testing
4	hm	f	19	red	5	(80, 0)	(40, 69)	(-39, 69)	(-80, 0)	(-40, -69)	(40, -69)	diamond	none	same	right	right	N_dist	(40, 69)	search	nr	True	59439	60173	right	160	110	135	60	35	85	None	None	testing
4	hm	f	19	red	5	(80, 0)	(40, 69)	(-39, 69)	(-80, 0)	(-40, -69)	(40, -69)	circle	red	dif	right	right	(-80, 0)	(80, 0)	search	nr	True	61409	62077	right	60	85	110	10	160	135	None	None	testing
4	hm	f	19	red	5	(80, 0)	(40, 69)	(-39, 69)	(-80, 0)	(-40, -69)	(40, -69)	circle	red	same	left	left	(-80, 0)	(40, -69)	search	nr	True	63213	63981	left	110	35	60	135	160	10	None	None	testing
4	hm	f	19	red	5	(80, 0)	(40, 69)	(-39, 69)	(-80, 0)	(-40, -69)	(40, -69)	circle	red	same	right	right	(-80, 0)	(-40, -69)	search	nr	True	65133	65885	right	135	35	60	85	110	10	None	None	testing
4	hm	f	19	red	5	(80, 0)	(40, 69)	(-39, 69)	(-80, 0)	(-40, -69)	(40, -69)	circle	red	dif	left	left	(-80, 0)	(80, 0)	search	nr	True	67153	67885	left	110	160	135	10	60	85	None	None	testing
4	hm	f	19	red	5	(80, 0)	(40, 69)	(-39, 69)	(-80, 0)	(-40, -69)	(40, -69)	circle	none	same	left	left	N_dist	(-80, 0)	search	nr	True	69057	69693	left	160	35	10	135	85	60	None	None	testing
4	hm	f	19	red	5	(80, 0)	(40, 69)	(-39, 69)	(-80, 0)	(-40, -69)	(40, -69)	circle	red	dif	left	left	(-80, 0)	(-40, -69)	search	nr	True	70793	71837	left	10	35	160	60	135	110	None	None	testing
4	hm	f	19	red	5	(80, 0)	(40, 69)	(-39, 69)	(-80, 0)	(-40, -69)	(40, -69)	diamond	red	same	right	right	(-80, 0)	(-39, 69)	search	nr	True	73114	73917	right	10	135	60	160	35	85	None	None	testing
4	hm	f	19	red	5	(80, 0)	(40, 69)	(-39, 69)	(-80, 0)	(-40, -69)	(40, -69)	diamond	none	dif	right	right	N_dist	(-80, 0)	search	nr	True	75084	76365	right	85	35	135	10	110	60	None	None	testing
4	hm	f	19	red	5	(80, 0)	(40, 69)	(-39, 69)	(-80, 0)	(-40, -69)	(40, -69)	circle	red	dif	left	left	(40, 69)	(80, 0)	search	nr	True	77622	78637	left	35	160	10	60	110	85	None	None	testing
4	hm	f	19	red	5	(80, 0)	(40, 69)	(-39, 69)	(-80, 0)	(-40, -69)	(40, -69)	circle	red	dif	right	right	(-80, 0)	(40, -69)	search	nr	True	79910	81085	right	160	85	35	10	135	110	None	None	testing
4	hm	f	19	red	5	(80, 0)	(40, 69)	(-39, 69)	(-80, 0)	(-40, -69)	(40, -69)	diamond	red	same	left	left	(-40, -69)	(-39, 69)	search	nr	True	82264	83005	left	60	110	160	135	85	10	None	None	testing
4	hm	f	19	red	5	(80, 0)	(40, 69)	(-39, 69)	(-80, 0)	(-40, -69)	(40, -69)	diamond	red	same	left	left	(-80, 0)	(-40, -69)	search	nr	True	84084	84717	left	110	10	160	35	135	60	None	None	testing
4	hm	f	19	red	5	(80, 0)	(40, 69)	(-39, 69)	(-80, 0)	(-40, -69)	(40, -69)	circle	red	dif	right	right	(80, 0)	(-40, -69)	search	nr	True	85837	86637	right	160	85	10	110	60	35	None	None	testing
4	hm	f	19	red	5	(80, 0)	(40, 69)	(-39, 69)	(-80, 0)	(-40, -69)	(40, -69)	diamond	none	dif	left	left	N_dist	(40, 69)	probe	l_tar	None	None	None	None	135	160	35	110	10	85	(40, 69)	17	testing
4	hm	f	19	red	5	(80, 0)	(40, 69)	(-39, 69)	(-80, 0)	(-40, -69)	(40, -69)	circle	red	dif	left	left	(-80, 0)	(-40, -69)	probe	h_sin	None	None	None	None	10	60	135	85	160	35	(-80, 0)	167	testing
4	hm	f	19	red	5	(80, 0)	(40, 69)	(-39, 69)	(-80, 0)	(-40, -69)	(40, -69)	diamond	none	same	left	left	N_dist	(80, 0)	search	nr	True	95522	96269	left	110	85	10	35	60	160	None	None	testing
4	hm	f	19	red	5	(80, 0)	(40, 69)	(-39, 69)	(-80, 0)	(-40, -69)	(40, -69)	circle	red	dif	left	left	(-80, 0)	(-40, -69)	search	nr	True	97459	98221	left	110	135	10	85	160	60	None	None	testing
4	hm	f	19	red	5	(80, 0)	(40, 69)	(-39, 69)	(-80, 0)	(-40, -69)	(40, -69)	diamond	red	same	left	left	(40, 69)	(-40, -69)	search	nr	True	99480	100316	left	85	110	35	160	10	135	None	None	testing
4	hm	f	19	red	5	(80, 0)	(40, 69)	(-39, 69)	(-80, 0)	(-40, -69)	(40, -69)	diamond	red	same	left	left	(-80, 0)	(80, 0)	search	nr	True	101417	102077	left	35	60	10	160	110	135	None	None	testing
4	hm	f	19	red	5	(80, 0)	(40, 69)	(-39, 69)	(-80, 0)	(-40, -69)	(40, -69)	circle	red	same	left	left	(-80, 0)	(40, -69)	probe	tar	None	None	None	None	35	135	160	10	85	110	(40, -69)	13	testing
4	hm	f	19	red	5	(80, 0)	(40, 69)	(-39, 69)	(-80, 0)	(-40, -69)	(40, -69)	diamond	red	dif	left	left	(-39, 69)	(-40, -69)	search	nr	True	106408	107501	left	160	35	135	60	10	85	None	None	testing
4	hm	f	19	red	5	(80, 0)	(40, 69)	(-39, 69)	(-80, 0)	(-40, -69)	(40, -69)	diamond	red	dif	left	left	(-80, 0)	(40, -69)	search	nr	True	108730	109469	left	35	60	85	160	110	135	None	None	testing
4	hm	f	19	red	5	(80, 0)	(40, 69)	(-39, 69)	(-80, 0)	(-40, -69)	(40, -69)	circle	red	dif	right	right	(80, 0)	(-40, -69)	probe	l_sin	None	None	None	None	85	10	60	110	135	160	(80, 0)	170	testing
4	hm	f	19	red	5	(80, 0)	(40, 69)	(-39, 69)	(-80, 0)	(-40, -69)	(40, -69)	diamond	red	dif	right	right	(-80, 0)	(80, 0)	probe	tar	None	None	None	None	160	135	10	60	85	110	(80, 0)	26	testing
4	hm	f	19	red	5	(80, 0)	(40, 69)	(-39, 69)	(-80, 0)	(-40, -69)	(40, -69)	diamond	red	dif	left	left	(-39, 69)	(-40, -69)	probe	l_sin	None	None	None	None	85	160	110	35	135	60	(-39, 69)	168	testing
4	hm	f	19	red	5	(80, 0)	(40, 69)	(-39, 69)	(-80, 0)	(-40, -69)	(40, -69)	diamond	red	dif	left	left	(-80, 0)	(-39, 69)	search	nr	True	119449	120205	left	35	85	135	10	160	110	None	None	testing
4	hm	f	19	red	5	(80, 0)	(40, 69)	(-39, 69)	(-80, 0)	(-40, -69)	(40, -69)	circle	red	dif	left	left	(-80, 0)	(-40, -69)	probe	h_sin	None	None	None	None	110	10	135	160	35	60	(-80, 0)	6	testing
4	hm	f	19	red	5	(80, 0)	(40, 69)	(-39, 69)	(-80, 0)	(-40, -69)	(40, -69)	diamond	none	dif	left	left	N_dist	(40, 69)	search	nr	True	124325	125085	left	110	85	135	10	60	160	None	None	testing
4	hm	f	19	red	5	(80, 0)	(40, 69)	(-39, 69)	(-80, 0)	(-40, -69)	(40, -69)	diamond	red	dif	right	right	(-80, 0)	(40, 69)	search	nr	True	126145	127229	right	10	35	135	110	160	85	None	None	testing
4	hm	f	19	red	5	(80, 0)	(40, 69)	(-39, 69)	(-80, 0)	(-40, -69)	(40, -69)	circle	red	same	left	left	(40, -69)	(-39, 69)	probe	norm	None	None	None	None	10	110	135	85	160	60	(-80, 0)	6	testing
4	hm	f	19	red	5	(80, 0)	(40, 69)	(-39, 69)	(-80, 0)	(-40, -69)	(40, -69)	circle	red	dif	left	left	(-80, 0)	(40, 69)	search	nr	True	131154	132316	left	160	85	35	110	60	135	None	None	testing
4	hm	f	19	red	5	(80, 0)	(40, 69)	(-39, 69)	(-80, 0)	(-40, -69)	(40, -69)	circle	none	same	right	right	N_dist	(80, 0)	search	nr	True	133458	134173	right	35	135	160	85	60	110	None	None	testing
4	hm	f	19	red	5	(80, 0)	(40, 69)	(-39, 69)	(-80, 0)	(-40, -69)	(40, -69)	diamond	red	dif	right	right	(40, -69)	(-40, -69)	search	nr	True	135429	136317	right	35	85	10	160	110	60	None	None	testing
4	hm	f	19	red	5	(80, 0)	(40, 69)	(-39, 69)	(-80, 0)	(-40, -69)	(40, -69)	diamond	red	same	right	right	(40, -69)	(-39, 69)	probe	tar	None	None	None	None	110	135	160	35	10	85	(-39, 69)	19	testing
4	hm	f	19	red	5	(80, 0)	(40, 69)	(-39, 69)	(-80, 0)	(-40, -69)	(40, -69)	diamond	none	dif	left	left	N_dist	(40, -69)	search	nr	True	141473	142269	left	160	85	60	110	135	10	None	None	testing
4	hm	f	19	red	5	(80, 0)	(40, 69)	(-39, 69)	(-80, 0)	(-40, -69)	(40, -69)	circle	red	dif	right	right	(80, 0)	(40, -69)	probe	l_sin	None	None	None	None	110	10	35	85	60	135	(80, 0)	175	testing
4	hm	f	19	red	5	(80, 0)	(40, 69)	(-39, 69)	(-80, 0)	(-40, -69)	(40, -69)	diamond	none	same	right	right	N_dist	(40, 69)	search	nr	True	147217	148045	right	10	110	85	35	135	60	None	None	testing
4	hm	f	19	red	5	(80, 0)	(40, 69)	(-39, 69)	(-80, 0)	(-40, -69)	(40, -69)	diamond	red	dif	right	right	(-80, 0)	(40, 69)	search	nr	True	149254	149901	right	10	135	110	160	85	60	None	None	testing
4	hm	f	19	red	5	(80, 0)	(40, 69)	(-39, 69)	(-80, 0)	(-40, -69)	(40, -69)	circle	none	same	right	right	N_dist	(-39, 69)	search	nr	True	150957	152077	right	35	135	85	60	110	160	None	None	testing
4	hm	f	19	red	5	(80, 0)	(40, 69)	(-39, 69)	(-80, 0)	(-40, -69)	(40, -69)	diamond	red	same	left	left	(-80, 0)	(-39, 69)	search	nr	True	153211	153917	left	10	135	160	35	110	85	None	None	testing
4	hm	f	19	red	5	(80, 0)	(40, 69)	(-39, 69)	(-80, 0)	(-40, -69)	(40, -69)	diamond	red	same	left	left	(80, 0)	(40, 69)	search	nr	True	155215	155917	left	85	110	60	160	135	10	None	None	testing
4	hm	f	19	red	5	(80, 0)	(40, 69)	(-39, 69)	(-80, 0)	(-40, -69)	(40, -69)	diamond	red	dif	left	left	(-80, 0)	(-39, 69)	probe	h_sin	None	None	None	None	160	60	85	35	135	110	(-80, 0)	5	testing
4	hm	f	19	red	5	(80, 0)	(40, 69)	(-39, 69)	(-80, 0)	(-40, -69)	(40, -69)	circle	red	same	right	right	(-80, 0)	(40, -69)	probe	norm	None	None	None	None	85	60	110	135	160	10	(40, 69)	164	testing
4	hm	f	19	red	5	(80, 0)	(40, 69)	(-39, 69)	(-80, 0)	(-40, -69)	(40, -69)	diamond	red	same	left	left	(80, 0)	(40, 69)	search	nr	True	163279	164061	left	60	160	85	10	110	135	None	None	testing
4	hm	f	19	red	5	(80, 0)	(40, 69)	(-39, 69)	(-80, 0)	(-40, -69)	(40, -69)	diamond	red	same	right	right	(-80, 0)	(-40, -69)	probe	norm	None	None	None	None	160	110	135	60	10	85	(-39, 69)	9	testing
4	hm	f	19	red	5	(80, 0)	(40, 69)	(-39, 69)	(-80, 0)	(-40, -69)	(40, -69)	circle	none	same	left	left	N_dist	(-39, 69)	probe	h_norm	None	None	None	None	110	85	35	10	60	135	(-80, 0)	9	testing
4	hm	f	19	red	5	(80, 0)	(40, 69)	(-39, 69)	(-80, 0)	(-40, -69)	(40, -69)	circle	none	dif	right	right	N_dist	(-80, 0)	search	nr	True	172413	173325	right	135	10	110	85	160	60	None	None	testing
4	hm	f	19	red	5	(80, 0)	(40, 69)	(-39, 69)	(-80, 0)	(-40, -69)	(40, -69)	diamond	none	dif	right	right	N_dist	(-80, 0)	search	nr	True	174467	175389	right	160	135	85	110	10	60	None	None	testing
4	hm	f	19	red	5	(80, 0)	(40, 69)	(-39, 69)	(-80, 0)	(-40, -69)	(40, -69)	diamond	red	dif	left	left	(-80, 0)	(80, 0)	probe	h_sin	None	None	None	None	85	35	160	10	60	135	(-80, 0)	3	testing
4	hm	f	19	red	5	(80, 0)	(40, 69)	(-39, 69)	(-80, 0)	(-40, -69)	(40, -69)	circle	red	same	right	right	(-80, 0)	(40, 69)	probe	tar	None	None	None	None	10	60	35	135	160	110	(40, 69)	169	testing
4	hm	f	19	red	5	(80, 0)	(40, 69)	(-39, 69)	(-80, 0)	(-40, -69)	(40, -69)	circle	none	dif	right	right	N_dist	(80, 0)	probe	l_norm	None	None	None	None	35	85	135	10	160	60	(-39, 69)	9	testing
4	hm	f	19	red	5	(80, 0)	(40, 69)	(-39, 69)	(-80, 0)	(-40, -69)	(40, -69)	circle	red	same	left	left	(-39, 69)	(80, 0)	probe	l_sin	None	None	None	None	85	110	35	10	160	135	(-39, 69)	168	testing
4	hm	f	19	red	5	(80, 0)	(40, 69)	(-39, 69)	(-80, 0)	(-40, -69)	(40, -69)	circle	red	same	left	left	(-80, 0)	(80, 0)	search	nr	True	192267	192973	left	35	85	160	135	110	60	None	None	testing
4	hm	f	19	red	5	(80, 0)	(40, 69)	(-39, 69)	(-80, 0)	(-40, -69)	(40, -69)	diamond	none	dif	left	left	N_dist	(40, 69)	probe	h_norm	None	None	None	None	85	135	10	160	35	110	(-80, 0)	7	testing
4	hm	f	19	red	5	(80, 0)	(40, 69)	(-39, 69)	(-80, 0)	(-40, -69)	(40, -69)	diamond	none	dif	right	right	N_dist	(40, -69)	probe	h_norm	None	None	None	None	10	60	85	110	135	160	(-80, 0)	11	testing
4	hm	f	19	red	5	(80, 0)	(40, 69)	(-39, 69)	(-80, 0)	(-40, -69)	(40, -69)	circle	red	same	left	left	(-80, 0)	(80, 0)	search	nr	True	200933	201805	left	135	110	10	35	160	85	None	None	testing
4	hm	f	19	red	5	(80, 0)	(40, 69)	(-39, 69)	(-80, 0)	(-40, -69)	(40, -69)	circle	none	same	left	left	N_dist	(-39, 69)	search	nr	True	202919	203661	left	10	35	135	110	85	60	None	None	testing
4	hm	f	19	red	5	(80, 0)	(40, 69)	(-39, 69)	(-80, 0)	(-40, -69)	(40, -69)	circle	none	same	left	left	N_dist	(-80, 0)	probe	h_tar	None	None	None	None	110	60	35	85	135	160	(-80, 0)	177	testing
4	hm	f	19	red	5	(80, 0)	(40, 69)	(-39, 69)	(-80, 0)	(-40, -69)	(40, -69)	circle	none	dif	right	right	N_dist	(80, 0)	search	nr	True	208597	209341	right	160	85	10	60	110	35	None	None	testing
4	hm	f	19	red	5	(80, 0)	(40, 69)	(-39, 69)	(-80, 0)	(-40, -69)	(40, -69)	diamond	red	same	right	right	(-80, 0)	(40, -69)	search	nr	True	210500	211085	right	160	35	135	60	85	110	None	None	testing
4	hm	f	19	red	5	(80, 0)	(40, 69)	(-39, 69)	(-80, 0)	(-40, -69)	(40, -69)	diamond	red	same	left	left	(-80, 0)	(-40, -69)	probe	tar	None	None	None	None	135	10	160	85	35	60	(-40, -69)	156	testing
4	hm	f	19	red	5	(80, 0)	(40, 69)	(-39, 69)	(-80, 0)	(-40, -69)	(40, -69)	circle	none	same	left	left	N_dist	(-39, 69)	probe	h_norm	None	None	None	None	85	60	10	35	160	110	(-80, 0)	167	testing
4	hm	f	19	red	5	(80, 0)	(40, 69)	(-39, 69)	(-80, 0)	(-40, -69)	(40, -69)	diamond	red	same	right	right	(-80, 0)	(80, 0)	probe	norm	None	None	None	None	35	110	10	60	160	135	(40, 69)	19	testing
4	hm	f	19	red	5	(80, 0)	(40, 69)	(-39, 69)	(-80, 0)	(-40, -69)	(40, -69)	diamond	red	same	left	left	(40, 69)	(-39, 69)	probe	l_sin	None	None	None	None	60	110	135	10	35	85	(40, 69)	169	testing
4	hm	f	19	red	5	(80, 0)	(40, 69)	(-39, 69)	(-80, 0)	(-40, -69)	(40, -69)	circle	none	same	right	right	N_dist	(-40, -69)	probe	l_tar	None	None	None	None	110	35	85	10	135	160	(-40, -69)	11	testing
4	hm	f	19	red	5	(80, 0)	(40, 69)	(-39, 69)	(-80, 0)	(-40, -69)	(40, -69)	diamond	none	same	right	right	N_dist	(-40, -69)	search	nr	True	230186	230877	right	60	85	160	35	110	135	None	None	testing
4	hm	f	19	red	5	(80, 0)	(40, 69)	(-39, 69)	(-80, 0)	(-40, -69)	(40, -69)	circle	none	dif	right	right	N_dist	(-80, 0)	search	nr	True	232090	233229	right	160	10	110	35	60	135	None	None	testing
4	hm	f	19	red	5	(80, 0)	(40, 69)	(-39, 69)	(-80, 0)	(-40, -69)	(40, -69)	circle	none	dif	left	left	N_dist	(-80, 0)	search	nr	True	234527	235229	left	60	35	10	110	85	135	None	None	testing
4	hm	f	19	red	5	(80, 0)	(40, 69)	(-39, 69)	(-80, 0)	(-40, -69)	(40, -69)	circle	red	dif	left	left	(-80, 0)	(-39, 69)	probe	h_sin	None	None	None	None	10	60	85	135	160	110	(-80, 0)	5	testing
4	hm	f	19	red	5	(80, 0)	(40, 69)	(-39, 69)	(-80, 0)	(-40, -69)	(40, -69)	diamond	none	same	left	left	N_dist	(-40, -69)	probe	h_norm	None	None	None	None	10	85	110	135	60	160	(-80, 0)	171	testing
4	hm	f	19	red	5	(80, 0)	(40, 69)	(-39, 69)	(-80, 0)	(-40, -69)	(40, -69)	diamond	none	dif	right	right	N_dist	(80, 0)	probe	l_norm	None	None	None	None	60	135	85	110	35	10	(-39, 69)	7	testing
4	hm	f	19	red	5	(80, 0)	(40, 69)	(-39, 69)	(-80, 0)	(-40, -69)	(40, -69)	circle	none	same	left	left	N_dist	(-80, 0)	search	nr	True	246550	247261	left	60	35	110	10	160	85	None	None	testing
4	hm	f	19	red	5	(80, 0)	(40, 69)	(-39, 69)	(-80, 0)	(-40, -69)	(40, -69)	diamond	red	same	right	right	(-80, 0)	(-39, 69)	probe	h_sin	None	None	None	None	35	135	10	110	85	160	(-80, 0)	5	testing
4	hm	f	19	red	5	(80, 0)	(40, 69)	(-39, 69)	(-80, 0)	(-40, -69)	(40, -69)	diamond	red	dif	right	right	(-80, 0)	(80, 0)	search	nr	True	251843	252509	right	35	160	60	85	110	135	None	None	testing
4	hm	f	19	red	5	(80, 0)	(40, 69)	(-39, 69)	(-80, 0)	(-40, -69)	(40, -69)	circle	red	dif	left	left	(-80, 0)	(-40, -69)	search	nr	True	253680	254301	left	85	35	110	10	135	160	None	None	testing
4	hm	f	19	red	5	(80, 0)	(40, 69)	(-39, 69)	(-80, 0)	(-40, -69)	(40, -69)	circle	red	dif	left	left	(-80, 0)	(40, -69)	search	nr	True	255466	256716	left	60	135	35	160	85	10	None	None	testing
4	hm	f	19	red	5	(80, 0)	(40, 69)	(-39, 69)	(-80, 0)	(-40, -69)	(40, -69)	diamond	red	same	right	right	(-80, 0)	(40, -69)	search	nr	True	257820	258429	right	10	85	160	135	35	60	None	None	testing
4	hm	f	19	red	5	(80, 0)	(40, 69)	(-39, 69)	(-80, 0)	(-40, -69)	(40, -69)	circle	red	dif	left	left	(-39, 69)	(40, -69)	search	nr	True	259540	260157	left	60	110	135	85	35	10	None	None	testing
4	hm	f	19	red	5	(80, 0)	(40, 69)	(-39, 69)	(-80, 0)	(-40, -69)	(40, -69)	circle	red	same	right	right	(40, -69)	(80, 0)	probe	norm	None	None	None	None	35	60	135	160	10	85	(-40, -69)	157	testing
4	hm	f	19	red	5	(80, 0)	(40, 69)	(-39, 69)	(-80, 0)	(-40, -69)	(40, -69)	diamond	red	dif	right	right	(-80, 0)	(40, 69)	search	nr	True	265101	266028	right	110	85	35	60	160	10	None	None	testing
4	hm	f	19	red	5	(80, 0)	(40, 69)	(-39, 69)	(-80, 0)	(-40, -69)	(40, -69)	diamond	none	same	left	left	N_dist	(80, 0)	search	nr	True	267237	267965	left	85	110	160	135	10	60	None	None	testing
4	hm	f	19	red	5	(80, 0)	(40, 69)	(-39, 69)	(-80, 0)	(-40, -69)	(40, -69)	diamond	none	same	left	left	N_dist	(40, -69)	probe	l_norm	None	None	None	None	10	85	160	35	135	110	(-40, -69)	8	testing
4	hm	f	19	red	5	(80, 0)	(40, 69)	(-39, 69)	(-80, 0)	(-40, -69)	(40, -69)	diamond	red	dif	right	right	(-39, 69)	(40, -69)	search	nr	True	272497	273500	right	35	60	85	110	160	135	None	None	testing
4	hm	f	19	red	5	(80, 0)	(40, 69)	(-39, 69)	(-80, 0)	(-40, -69)	(40, -69)	diamond	none	same	left	left	N_dist	(40, -69)	search	nr	True	274685	275996	left	35	135	110	160	10	60	None	None	testing
4	hm	f	19	red	5	(80, 0)	(40, 69)	(-39, 69)	(-80, 0)	(-40, -69)	(40, -69)	circle	red	dif	right	right	(-39, 69)	(-40, -69)	search	nr	True	277206	278653	right	110	135	85	10	35	60	None	None	testing
4	hm	f	19	red	5	(80, 0)	(40, 69)	(-39, 69)	(-80, 0)	(-40, -69)	(40, -69)	circle	none	dif	left	left	N_dist	(-40, -69)	probe	h_norm	None	None	None	None	35	85	60	10	160	135	(-80, 0)	11	testing
4	hm	f	19	red	5	(80, 0)	(40, 69)	(-39, 69)	(-80, 0)	(-40, -69)	(40, -69)	circle	red	same	left	left	(-80, 0)	(-39, 69)	probe	tar	None	None	None	None	110	35	135	160	85	10	(-39, 69)	14	testing
4	hm	f	19	red	5	(80, 0)	(40, 69)	(-39, 69)	(-80, 0)	(-40, -69)	(40, -69)	circle	red	same	left	left	(-80, 0)	(-39, 69)	search	nr	True	287040	288044	left	135	110	160	60	35	10	None	None	testing
4	hm	f	19	red	5	(80, 0)	(40, 69)	(-39, 69)	(-80, 0)	(-40, -69)	(40, -69)	circle	red	dif	left	left	(-80, 0)	(40, -69)	search	nr	True	289312	289900	left	60	110	85	160	35	10	None	None	testing
4	hm	f	19	red	5	(80, 0)	(40, 69)	(-39, 69)	(-80, 0)	(-40, -69)	(40, -69)	circle	red	dif	right	right	(-80, 0)	(-39, 69)	search	nr	True	291215	291981	right	110	135	10	60	85	160	None	None	testing
4	hm	f	19	red	5	(80, 0)	(40, 69)	(-39, 69)	(-80, 0)	(-40, -69)	(40, -69)	circle	none	dif	left	left	N_dist	(40, 69)	search	nr	True	293269	293885	left	60	110	160	135	85	35	None	None	testing
4	hm	f	19	red	5	(80, 0)	(40, 69)	(-39, 69)	(-80, 0)	(-40, -69)	(40, -69)	diamond	red	same	right	right	(-80, 0)	(40, -69)	probe	tar	None	None	None	None	160	35	135	60	10	110	(40, -69)	9	testing
4	hm	f	19	red	5	(80, 0)	(40, 69)	(-39, 69)	(-80, 0)	(-40, -69)	(40, -69)	diamond	red	same	right	right	(-80, 0)	(80, 0)	search	nr	True	299180	300173	right	60	35	85	110	10	160	None	None	testing
4	hm	f	19	red	5	(80, 0)	(40, 69)	(-39, 69)	(-80, 0)	(-40, -69)	(40, -69)	diamond	red	same	right	right	(40, -69)	(-39, 69)	search	nr	True	301400	302189	right	135	35	10	85	60	110	None	None	testing
4	hm	f	19	red	5	(80, 0)	(40, 69)	(-39, 69)	(-80, 0)	(-40, -69)	(40, -69)	circle	red	same	left	left	(-40, -69)	(80, 0)	search	nr	True	303354	304108	left	85	135	160	35	10	60	None	None	testing
4	hm	f	19	red	5	(80, 0)	(40, 69)	(-39, 69)	(-80, 0)	(-40, -69)	(40, -69)	diamond	red	same	left	left	(-40, -69)	(-39, 69)	probe	l_sin	None	None	None	None	35	10	85	110	60	135	(-40, -69)	172	testing
4	hm	f	19	red	5	(80, 0)	(40, 69)	(-39, 69)	(-80, 0)	(-40, -69)	(40, -69)	circle	none	dif	right	right	N_dist	(-80, 0)	probe	h_tar	None	None	None	None	35	160	85	110	10	60	(-80, 0)	10	testing
4	hm	f	19	red	5	(80, 0)	(40, 69)	(-39, 69)	(-80, 0)	(-40, -69)	(40, -69)	circle	red	dif	right	right	(-80, 0)	(40, -69)	probe	norm	None	None	None	None	110	85	135	10	160	60	(80, 0)	12	testing
4	hm	f	19	red	5	(80, 0)	(40, 69)	(-39, 69)	(-80, 0)	(-40, -69)	(40, -69)	diamond	none	same	right	right	N_dist	(-80, 0)	probe	h_tar	None	None	None	None	35	10	160	85	135	60	(-80, 0)	172	testing
4	hm	f	19	red	5	(80, 0)	(40, 69)	(-39, 69)	(-80, 0)	(-40, -69)	(40, -69)	circle	red	dif	right	right	(-80, 0)	(40, -69)	search	nr	True	317714	318749	right	110	10	60	160	35	135	None	None	testing
4	hm	f	19	red	5	(80, 0)	(40, 69)	(-39, 69)	(-80, 0)	(-40, -69)	(40, -69)	circle	red	dif	left	left	(-80, 0)	(-40, -69)	search	nr	True	319951	320701	left	60	160	85	10	135	110	None	None	testing
4	hm	f	19	red	5	(80, 0)	(40, 69)	(-39, 69)	(-80, 0)	(-40, -69)	(40, -69)	diamond	red	dif	right	right	(-80, 0)	(40, 69)	search	nr	True	321988	323133	right	60	135	160	85	35	10	None	None	testing
4	hm	f	19	red	5	(80, 0)	(40, 69)	(-39, 69)	(-80, 0)	(-40, -69)	(40, -69)	circle	none	dif	right	right	N_dist	(40, -69)	search	nr	True	324309	325117	right	60	85	160	135	110	35	None	None	testing
4	hm	f	19	red	5	(80, 0)	(40, 69)	(-39, 69)	(-80, 0)	(-40, -69)	(40, -69)	circle	none	same	left	left	N_dist	(-80, 0)	search	nr	True	326346	327068	left	10	60	85	35	135	160	None	None	testing
4	hm	f	19	red	5	(80, 0)	(40, 69)	(-39, 69)	(-80, 0)	(-40, -69)	(40, -69)	diamond	red	same	right	right	(40, -69)	(-39, 69)	search	nr	True	328366	329165	right	85	135	160	10	35	60	None	None	testing
4	hm	f	19	red	5	(80, 0)	(40, 69)	(-39, 69)	(-80, 0)	(-40, -69)	(40, -69)	circle	red	dif	right	right	(80, 0)	(40, -69)	search	nr	True	330287	331484	right	135	85	160	110	10	60	None	None	testing
4	hm	f	19	red	5	(80, 0)	(40, 69)	(-39, 69)	(-80, 0)	(-40, -69)	(40, -69)	circle	none	same	left	left	N_dist	(40, 69)	search	nr	True	332607	333245	left	60	85	160	35	10	110	None	None	testing
4	hm	f	19	red	5	(80, 0)	(40, 69)	(-39, 69)	(-80, 0)	(-40, -69)	(40, -69)	diamond	red	dif	left	left	(-40, -69)	(-39, 69)	search	nr	True	334344	335261	left	110	10	160	85	60	35	None	None	testing
4	hm	f	19	red	5	(80, 0)	(40, 69)	(-39, 69)	(-80, 0)	(-40, -69)	(40, -69)	diamond	none	dif	left	left	N_dist	(-40, -69)	search	nr	True	336432	337196	left	110	85	10	35	60	160	None	None	testing
4	hm	f	19	red	5	(80, 0)	(40, 69)	(-39, 69)	(-80, 0)	(-40, -69)	(40, -69)	diamond	none	dif	right	right	N_dist	(-39, 69)	search	nr	True	338268	338893	right	135	35	60	10	160	85	None	None	testing
4	hm	f	19	red	5	(80, 0)	(40, 69)	(-39, 69)	(-80, 0)	(-40, -69)	(40, -69)	diamond	red	dif	right	right	(40, -69)	(-40, -69)	probe	tar	None	None	None	None	135	160	60	10	35	85	(-40, -69)	155	testing
4	hm	f	19	red	5	(80, 0)	(40, 69)	(-39, 69)	(-80, 0)	(-40, -69)	(40, -69)	diamond	none	same	right	right	N_dist	(-39, 69)	probe	l_norm	None	None	None	None	160	135	85	35	110	10	(80, 0)	22	testing
4	hm	f	19	red	5	(80, 0)	(40, 69)	(-39, 69)	(-80, 0)	(-40, -69)	(40, -69)	diamond	none	same	right	right	N_dist	(-80, 0)	search	nr	True	347853	349373	right	85	35	135	110	10	60	None	None	testing
4	hm	f	19	red	5	(80, 0)	(40, 69)	(-39, 69)	(-80, 0)	(-40, -69)	(40, -69)	diamond	red	same	right	right	(-80, 0)	(-40, -69)	search	nr	True	350558	351196	right	10	85	35	135	160	110	None	None	testing
4	hm	f	19	red	5	(80, 0)	(40, 69)	(-39, 69)	(-80, 0)	(-40, -69)	(40, -69)	diamond	none	same	left	left	N_dist	(80, 0)	probe	l_tar	None	None	None	None	60	35	10	85	135	160	(80, 0)	162	testing
4	hm	f	19	red	5	(80, 0)	(40, 69)	(-39, 69)	(-80, 0)	(-40, -69)	(40, -69)	circle	none	dif	left	left	N_dist	(-80, 0)	probe	h_tar	None	None	None	None	160	10	35	110	85	135	(-80, 0)	8	testing
4	hm	f	19	red	5	(80, 0)	(40, 69)	(-39, 69)	(-80, 0)	(-40, -69)	(40, -69)	diamond	red	dif	left	left	(-80, 0)	(-39, 69)	search	nr	True	361828	362620	left	135	10	110	85	35	160	None	None	testing
4	hm	f	19	red	5	(80, 0)	(40, 69)	(-39, 69)	(-80, 0)	(-40, -69)	(40, -69)	circle	red	same	left	left	(40, -69)	(-39, 69)	search	nr	True	363715	364605	left	160	35	85	110	10	135	None	None	testing
4	hm	f	19	red	5	(80, 0)	(40, 69)	(-39, 69)	(-80, 0)	(-40, -69)	(40, -69)	diamond	red	same	left	left	(40, 69)	(-39, 69)	search	nr	True	365902	366509	left	85	135	10	60	110	160	None	None	testing
4	hm	f	19	red	5	(80, 0)	(40, 69)	(-39, 69)	(-80, 0)	(-40, -69)	(40, -69)	circle	red	dif	right	right	(80, 0)	(-39, 69)	search	nr	True	367672	368541	right	85	160	135	10	35	110	None	None	testing
4	hm	f	19	red	5	(80, 0)	(40, 69)	(-39, 69)	(-80, 0)	(-40, -69)	(40, -69)	circle	red	same	right	right	(40, -69)	(80, 0)	search	nr	True	369659	370381	right	35	60	160	85	10	135	None	None	testing
4	hm	f	19	red	5	(80, 0)	(40, 69)	(-39, 69)	(-80, 0)	(-40, -69)	(40, -69)	diamond	none	dif	right	right	N_dist	(-80, 0)	probe	h_tar	None	None	None	None	35	85	110	60	10	135	(-80, 0)	170	testing
4	hm	f	19	red	5	(80, 0)	(40, 69)	(-39, 69)	(-80, 0)	(-40, -69)	(40, -69)	circle	red	same	right	right	(40, -69)	(80, 0)	search	nr	True	375103	375773	right	110	35	60	160	135	10	None	None	testing
4	hm	f	19	red	5	(80, 0)	(40, 69)	(-39, 69)	(-80, 0)	(-40, -69)	(40, -69)	circle	none	same	left	left	N_dist	(-39, 69)	search	nr	True	377023	378189	left	10	35	110	85	60	160	None	None	testing
4	hm	f	19	red	5	(80, 0)	(40, 69)	(-39, 69)	(-80, 0)	(-40, -69)	(40, -69)	diamond	none	same	right	right	N_dist	(-40, -69)	search	nr	True	379494	380236	right	135	110	10	160	35	60	None	None	testing
4	hm	f	19	red	5	(80, 0)	(40, 69)	(-39, 69)	(-80, 0)	(-40, -69)	(40, -69)	circle	red	same	left	left	(40, 69)	(-40, -69)	search	nr	True	381364	381981	left	110	10	160	35	135	60	None	None	testing
4	hm	f	19	red	5	(80, 0)	(40, 69)	(-39, 69)	(-80, 0)	(-40, -69)	(40, -69)	circle	none	dif	left	left	N_dist	(40, 69)	probe	h_norm	None	None	None	None	110	135	160	10	35	85	(-80, 0)	6	testing
4	hm	f	19	red	5	(80, 0)	(40, 69)	(-39, 69)	(-80, 0)	(-40, -69)	(40, -69)	circle	red	dif	right	right	(-80, 0)	(-39, 69)	search	nr	True	386474	387309	right	85	110	60	135	10	35	None	None	testing
4	hm	f	19	red	5	(80, 0)	(40, 69)	(-39, 69)	(-80, 0)	(-40, -69)	(40, -69)	circle	red	dif	right	right	(40, -69)	(80, 0)	probe	l_sin	None	None	None	None	160	135	85	10	110	35	(40, -69)	11	testing
4	hm	f	19	red	5	(80, 0)	(40, 69)	(-39, 69)	(-80, 0)	(-40, -69)	(40, -69)	circle	red	dif	left	left	(40, 69)	(80, 0)	probe	norm	None	None	None	None	135	160	110	85	60	10	(-80, 0)	176	testing
4	hm	f	19	red	5	(80, 0)	(40, 69)	(-39, 69)	(-80, 0)	(-40, -69)	(40, -69)	diamond	none	dif	right	right	N_dist	(80, 0)	search	nr	True	394705	395452	right	85	160	135	110	60	35	None	None	testing
4	hm	f	19	red	5	(80, 0)	(40, 69)	(-39, 69)	(-80, 0)	(-40, -69)	(40, -69)	circle	red	dif	right	right	(-80, 0)	(80, 0)	probe	tar	None	None	None	None	10	110	160	85	60	35	(80, 0)	75	testing
4	hm	f	19	red	5	(80, 0)	(40, 69)	(-39, 69)	(-80, 0)	(-40, -69)	(40, -69)	circle	red	dif	right	right	(-39, 69)	(-40, -69)	search	nr	True	400433	401293	right	10	160	60	85	35	135	None	None	testing
4	hm	f	19	red	5	(80, 0)	(40, 69)	(-39, 69)	(-80, 0)	(-40, -69)	(40, -69)	diamond	none	same	left	left	N_dist	(-40, -69)	search	nr	True	402419	403101	left	85	160	135	60	110	35	None	None	testing
4	hm	f	19	red	5	(80, 0)	(40, 69)	(-39, 69)	(-80, 0)	(-40, -69)	(40, -69)	diamond	red	dif	right	right	(-80, 0)	(40, 69)	search	nr	True	404173	404765	right	85	135	35	60	160	110	None	None	testing
4	hm	f	19	red	5	(80, 0)	(40, 69)	(-39, 69)	(-80, 0)	(-40, -69)	(40, -69)	diamond	none	dif	left	left	N_dist	(40, 69)	probe	l_norm	None	None	None	None	35	85	60	10	110	160	(40, -69)	13	testing
4	hm	f	19	red	5	(80, 0)	(40, 69)	(-39, 69)	(-80, 0)	(-40, -69)	(40, -69)	diamond	red	dif	left	left	(-80, 0)	(80, 0)	probe	norm	None	None	None	None	85	60	110	135	10	160	(40, 69)	13	testing
4	hm	f	19	red	5	(80, 0)	(40, 69)	(-39, 69)	(-80, 0)	(-40, -69)	(40, -69)	diamond	red	dif	right	right	(-39, 69)	(40, -69)	search	nr	True	413656	414621	right	160	60	135	10	85	110	None	None	testing
4	hm	f	19	red	5	(80, 0)	(40, 69)	(-39, 69)	(-80, 0)	(-40, -69)	(40, -69)	diamond	red	same	right	right	(-80, 0)	(-40, -69)	search	nr	True	415827	416685	right	85	60	160	110	35	135	None	None	testing
4	hm	f	19	red	5	(80, 0)	(40, 69)	(-39, 69)	(-80, 0)	(-40, -69)	(40, -69)	diamond	none	dif	right	right	N_dist	(-80, 0)	probe	h_tar	None	None	None	None	160	60	85	10	35	135	(-80, 0)	170	testing
4	hm	f	19	red	5	(80, 0)	(40, 69)	(-39, 69)	(-80, 0)	(-40, -69)	(40, -69)	diamond	red	dif	left	left	(-39, 69)	(40, -69)	search	nr	True	421037	421628	left	85	135	160	110	10	60	None	None	testing
4	hm	f	19	red	5	(80, 0)	(40, 69)	(-39, 69)	(-80, 0)	(-40, -69)	(40, -69)	diamond	none	dif	left	left	N_dist	(40, -69)	search	nr	True	422757	423437	left	35	85	160	135	110	10	None	None	testing
4	hm	f	19	red	5	(80, 0)	(40, 69)	(-39, 69)	(-80, 0)	(-40, -69)	(40, -69)	circle	red	same	right	right	(80, 0)	(-39, 69)	probe	tar	None	None	None	None	10	85	60	160	135	110	(-39, 69)	173	testing
4	hm	f	19	red	5	(80, 0)	(40, 69)	(-39, 69)	(-80, 0)	(-40, -69)	(40, -69)	circle	none	dif	left	left	N_dist	(-40, -69)	search	nr	True	428050	428589	left	10	135	160	85	60	110	None	None	testing
4	hm	f	19	red	5	(80, 0)	(40, 69)	(-39, 69)	(-80, 0)	(-40, -69)	(40, -69)	diamond	none	dif	right	right	N_dist	(80, 0)	search	nr	True	429753	430541	right	85	160	10	135	60	110	None	None	testing
4	hm	f	19	red	5	(80, 0)	(40, 69)	(-39, 69)	(-80, 0)	(-40, -69)	(40, -69)	circle	none	same	left	left	N_dist	(-80, 0)	search	nr	True	431656	432285	left	35	160	135	10	60	110	None	None	testing
4	hm	f	19	red	5	(80, 0)	(40, 69)	(-39, 69)	(-80, 0)	(-40, -69)	(40, -69)	circle	red	dif	right	right	(-40, -69)	(40, 69)	search	nr	True	433376	434205	right	35	60	160	10	110	135	None	None	testing
4	hm	f	19	red	5	(80, 0)	(40, 69)	(-39, 69)	(-80, 0)	(-40, -69)	(40, -69)	diamond	red	same	right	right	(-80, 0)	(-40, -69)	probe	tar	None	None	None	None	10	110	85	60	160	35	(-40, -69)	9	testing
4	hm	f	19	red	5	(80, 0)	(40, 69)	(-39, 69)	(-80, 0)	(-40, -69)	(40, -69)	circle	none	same	right	right	N_dist	(80, 0)	probe	l_norm	None	None	None	None	85	10	160	135	35	110	(-40, -69)	170	testing
4	hm	f	19	red	5	(80, 0)	(40, 69)	(-39, 69)	(-80, 0)	(-40, -69)	(40, -69)	circle	red	dif	right	right	(80, 0)	(-40, -69)	search	nr	True	441809	442749	right	10	60	135	110	160	35	None	None	testing
4	hm	f	19	red	5	(80, 0)	(40, 69)	(-39, 69)	(-80, 0)	(-40, -69)	(40, -69)	diamond	red	dif	left	left	(-80, 0)	(40, -69)	search	nr	True	443929	444701	left	60	10	135	160	85	110	None	None	testing
4	hm	f	19	red	5	(80, 0)	(40, 69)	(-39, 69)	(-80, 0)	(-40, -69)	(40, -69)	diamond	red	same	right	right	(-80, 0)	(-39, 69)	probe	tar	None	None	None	None	160	10	85	110	35	135	(-39, 69)	7	testing
4	hm	f	19	red	5	(80, 0)	(40, 69)	(-39, 69)	(-80, 0)	(-40, -69)	(40, -69)	diamond	none	same	left	left	N_dist	(-39, 69)	search	nr	True	451409	452045	left	135	160	35	110	85	60	None	None	testing
4	hm	f	19	red	5	(80, 0)	(40, 69)	(-39, 69)	(-80, 0)	(-40, -69)	(40, -69)	circle	red	same	right	right	(-80, 0)	(40, -69)	search	nr	True	453313	454045	right	135	85	10	160	110	35	None	None	testing
4	hm	f	19	red	5	(80, 0)	(40, 69)	(-39, 69)	(-80, 0)	(-40, -69)	(40, -69)	diamond	red	same	left	left	(-80, 0)	(40, 69)	search	nr	True	455233	456108	left	10	85	135	60	35	160	None	None	testing
4	hm	f	19	red	5	(80, 0)	(40, 69)	(-39, 69)	(-80, 0)	(-40, -69)	(40, -69)	circle	red	dif	left	left	(-39, 69)	(40, -69)	probe	l_sin	None	None	None	None	85	110	10	35	60	135	(-39, 69)	7	testing
4	hm	f	19	red	5	(80, 0)	(40, 69)	(-39, 69)	(-80, 0)	(-40, -69)	(40, -69)	diamond	none	same	right	right	N_dist	(-39, 69)	search	nr	True	460209	460892	right	85	160	110	60	10	135	None	None	testing
4	hm	f	19	red	5	(80, 0)	(40, 69)	(-39, 69)	(-80, 0)	(-40, -69)	(40, -69)	circle	red	same	left	left	(40, 69)	(-40, -69)	probe	tar	None	None	None	None	10	110	60	160	35	85	(-40, -69)	167	testing
4	hm	f	19	red	5	(80, 0)	(40, 69)	(-39, 69)	(-80, 0)	(-40, -69)	(40, -69)	circle	red	same	left	left	(-80, 0)	(80, 0)	probe	norm	None	None	None	None	160	10	60	35	110	135	(-39, 69)	11	testing
4	hm	f	19	red	5	(80, 0)	(40, 69)	(-39, 69)	(-80, 0)	(-40, -69)	(40, -69)	circle	red	same	right	right	(-80, 0)	(-39, 69)	search	nr	True	468191	468956	right	60	35	10	160	110	85	None	None	testing
4	hm	f	19	red	5	(80, 0)	(40, 69)	(-39, 69)	(-80, 0)	(-40, -69)	(40, -69)	diamond	red	dif	left	left	(-80, 0)	(-39, 69)	search	nr	True	470144	470797	left	110	10	135	35	85	60	None	None	testing
4	hm	f	19	red	5	(80, 0)	(40, 69)	(-39, 69)	(-80, 0)	(-40, -69)	(40, -69)	diamond	none	dif	right	right	N_dist	(-80, 0)	search	nr	True	472014	472780	right	110	160	85	35	10	135	None	None	testing
4	hm	f	19	red	5	(80, 0)	(40, 69)	(-39, 69)	(-80, 0)	(-40, -69)	(40, -69)	diamond	red	same	right	right	(-80, 0)	(-40, -69)	search	nr	True	473951	474524	right	135	85	35	60	160	110	None	None	testing
4	hm	f	19	red	5	(80, 0)	(40, 69)	(-39, 69)	(-80, 0)	(-40, -69)	(40, -69)	diamond	none	dif	left	left	N_dist	(40, 69)	search	nr	True	475737	476717	left	160	60	10	35	110	135	None	None	testing
4	hm	f	19	red	5	(80, 0)	(40, 69)	(-39, 69)	(-80, 0)	(-40, -69)	(40, -69)	circle	none	dif	right	right	N_dist	(80, 0)	search	nr	True	477875	478541	right	85	160	110	10	135	60	None	None	testing
4	hm	f	19	red	5	(80, 0)	(40, 69)	(-39, 69)	(-80, 0)	(-40, -69)	(40, -69)	circle	none	dif	left	left	N_dist	(-80, 0)	search	nr	True	479661	480268	left	60	35	10	160	135	85	None	None	testing
4	hm	f	19	red	5	(80, 0)	(40, 69)	(-39, 69)	(-80, 0)	(-40, -69)	(40, -69)	circle	red	same	right	right	(-80, 0)	(40, 69)	search	nr	True	481398	482429	right	110	135	85	60	35	10	None	None	testing
4	hm	f	19	red	5	(80, 0)	(40, 69)	(-39, 69)	(-80, 0)	(-40, -69)	(40, -69)	diamond	red	dif	right	right	(40, 69)	(-39, 69)	search	nr	True	483602	485341	right	35	60	110	135	85	160	None	None	testing
4	hm	f	19	red	5	(80, 0)	(40, 69)	(-39, 69)	(-80, 0)	(-40, -69)	(40, -69)	circle	red	dif	left	left	(-80, 0)	(-40, -69)	search	nr	True	486558	487484	left	135	110	85	160	10	60	None	None	testing
4	hm	f	19	red	5	(80, 0)	(40, 69)	(-39, 69)	(-80, 0)	(-40, -69)	(40, -69)	diamond	red	dif	right	right	(40, 69)	(-39, 69)	search	nr	True	488678	489452	right	135	10	110	160	60	35	None	None	testing
4	hm	f	19	red	5	(80, 0)	(40, 69)	(-39, 69)	(-80, 0)	(-40, -69)	(40, -69)	diamond	red	dif	right	right	(-80, 0)	(40, 69)	search	nr	True	490565	491597	right	85	160	135	10	35	60	None	None	testing
4	hm	f	19	red	5	(80, 0)	(40, 69)	(-39, 69)	(-80, 0)	(-40, -69)	(40, -69)	diamond	red	same	left	left	(-80, 0)	(40, -69)	search	nr	True	492886	493469	left	35	85	160	10	60	110	None	None	testing
4	hm	f	19	red	5	(80, 0)	(40, 69)	(-39, 69)	(-80, 0)	(-40, -69)	(40, -69)	diamond	none	dif	right	right	N_dist	(-80, 0)	search	nr	True	494622	495357	right	35	135	60	10	110	160	None	None	testing
4	hm	f	19	red	5	(80, 0)	(40, 69)	(-39, 69)	(-80, 0)	(-40, -69)	(40, -69)	diamond	none	same	left	left	N_dist	(-40, -69)	search	nr	True	496459	497165	left	10	35	135	85	110	60	None	None	testing
4	hm	f	19	red	5	(80, 0)	(40, 69)	(-39, 69)	(-80, 0)	(-40, -69)	(40, -69)	diamond	red	same	right	right	(-80, 0)	(-39, 69)	search	nr	True	498296	499068	right	160	110	35	60	85	10	None	None	testing
4	hm	f	19	red	5	(80, 0)	(40, 69)	(-39, 69)	(-80, 0)	(-40, -69)	(40, -69)	diamond	red	dif	left	left	(-80, 0)	(-40, -69)	probe	norm	None	None	None	None	10	60	135	160	35	85	(-39, 69)	18	testing
4	hm	f	19	red	5	(80, 0)	(40, 69)	(-39, 69)	(-80, 0)	(-40, -69)	(40, -69)	circle	red	dif	left	left	(-80, 0)	(-40, -69)	search	nr	True	503655	504461	left	10	85	135	60	160	35	None	None	testing
4	hm	f	19	red	5	(80, 0)	(40, 69)	(-39, 69)	(-80, 0)	(-40, -69)	(40, -69)	diamond	none	dif	right	right	N_dist	(-39, 69)	search	nr	True	505692	506397	right	135	160	10	110	35	85	None	None	testing
4	hm	f	19	red	5	(80, 0)	(40, 69)	(-39, 69)	(-80, 0)	(-40, -69)	(40, -69)	diamond	red	dif	left	left	(-80, 0)	(40, -69)	search	nr	True	507680	508444	left	135	10	85	35	110	160	None	None	testing
4	hm	f	19	red	5	(80, 0)	(40, 69)	(-39, 69)	(-80, 0)	(-40, -69)	(40, -69)	diamond	none	dif	left	left	N_dist	(40, 69)	search	nr	True	509750	510557	left	85	110	60	135	10	35	None	None	testing
4	hm	f	19	red	5	(80, 0)	(40, 69)	(-39, 69)	(-80, 0)	(-40, -69)	(40, -69)	diamond	red	dif	left	left	(-80, 0)	(80, 0)	search	nr	True	511787	512828	left	110	85	35	160	10	60	None	None	testing
4	hm	f	19	red	5	(80, 0)	(40, 69)	(-39, 69)	(-80, 0)	(-40, -69)	(40, -69)	diamond	red	same	right	right	(-80, 0)	(-39, 69)	search	nr	True	514008	514765	right	135	160	10	35	60	110	None	None	testing
4	hm	f	19	red	5	(80, 0)	(40, 69)	(-39, 69)	(-80, 0)	(-40, -69)	(40, -69)	circle	none	same	right	right	N_dist	(-39, 69)	probe	l_norm	None	None	None	None	35	135	160	85	10	110	(40, -69)	21	testing
4	hm	f	19	red	5	(80, 0)	(40, 69)	(-39, 69)	(-80, 0)	(-40, -69)	(40, -69)	diamond	red	dif	left	left	(-80, 0)	(80, 0)	search	nr	True	519251	520429	left	85	60	160	135	110	10	None	None	testing
4	hm	f	19	red	5	(80, 0)	(40, 69)	(-39, 69)	(-80, 0)	(-40, -69)	(40, -69)	diamond	red	same	right	right	(40, -69)	(-39, 69)	search	nr	True	521606	522284	right	10	160	85	35	110	135	None	None	testing
4	hm	f	19	red	5	(80, 0)	(40, 69)	(-39, 69)	(-80, 0)	(-40, -69)	(40, -69)	diamond	red	same	left	left	(80, 0)	(40, 69)	probe	l_sin	None	None	None	None	10	60	160	110	135	35	(80, 0)	171	testing
4	hm	f	19	red	5	(80, 0)	(40, 69)	(-39, 69)	(-80, 0)	(-40, -69)	(40, -69)	diamond	red	dif	left	left	(-80, 0)	(40, -69)	probe	norm	None	None	None	None	135	35	10	60	160	85	(40, 69)	153	testing
4	hm	f	19	red	5	(80, 0)	(40, 69)	(-39, 69)	(-80, 0)	(-40, -69)	(40, -69)	circle	red	same	right	right	(80, 0)	(-39, 69)	search	nr	True	530488	531404	right	135	160	35	60	110	10	None	None	testing
4	hm	f	19	red	5	(80, 0)	(40, 69)	(-39, 69)	(-80, 0)	(-40, -69)	(40, -69)	diamond	red	same	left	left	(-80, 0)	(80, 0)	search	nr	True	532542	533932	left	110	160	35	135	10	60	None	None	testing
4	hm	f	19	red	5	(80, 0)	(40, 69)	(-39, 69)	(-80, 0)	(-40, -69)	(40, -69)	diamond	red	dif	right	right	(-80, 0)	(40, 69)	probe	norm	None	None	None	None	85	135	10	35	110	60	(-40, -69)	14	testing
4	hm	f	19	red	5	(80, 0)	(40, 69)	(-39, 69)	(-80, 0)	(-40, -69)	(40, -69)	diamond	red	same	right	right	(40, -69)	(-39, 69)	probe	l_sin	None	None	None	None	60	85	135	110	160	10	(40, -69)	18	testing
4	hm	f	19	red	5	(80, 0)	(40, 69)	(-39, 69)	(-80, 0)	(-40, -69)	(40, -69)	circle	none	same	right	right	N_dist	(-39, 69)	probe	l_norm	None	None	None	None	60	85	160	135	110	35	(40, 69)	160	testing
4	hm	f	19	red	5	(80, 0)	(40, 69)	(-39, 69)	(-80, 0)	(-40, -69)	(40, -69)	circle	red	same	left	left	(40, -69)	(-39, 69)	search	nr	True	544765	545452	left	160	60	35	135	10	85	None	None	testing
4	hm	f	19	red	5	(80, 0)	(40, 69)	(-39, 69)	(-80, 0)	(-40, -69)	(40, -69)	circle	none	dif	left	left	N_dist	(-40, -69)	search	nr	True	546518	547276	left	110	135	35	85	10	60	None	None	testing
4	hm	f	19	red	5	(80, 0)	(40, 69)	(-39, 69)	(-80, 0)	(-40, -69)	(40, -69)	diamond	red	dif	left	left	(-80, 0)	(80, 0)	search	nr	True	548421	549261	left	85	60	35	10	135	110	None	None	testing
4	hm	f	19	red	5	(80, 0)	(40, 69)	(-39, 69)	(-80, 0)	(-40, -69)	(40, -69)	diamond	none	same	right	right	N_dist	(-40, -69)	probe	l_tar	None	None	None	None	60	10	110	35	85	160	(-40, -69)	173	testing
4	hm	f	19	red	5	(80, 0)	(40, 69)	(-39, 69)	(-80, 0)	(-40, -69)	(40, -69)	circle	red	same	left	left	(-39, 69)	(80, 0)	search	nr	True	554081	554765	left	85	60	110	35	10	160	None	None	testing
4	hm	f	19	red	5	(80, 0)	(40, 69)	(-39, 69)	(-80, 0)	(-40, -69)	(40, -69)	circle	red	dif	left	left	(-80, 0)	(80, 0)	search	nr	True	555885	556509	left	10	35	135	160	85	60	None	None	testing
4	hm	f	19	red	5	(80, 0)	(40, 69)	(-39, 69)	(-80, 0)	(-40, -69)	(40, -69)	diamond	red	dif	right	right	(-80, 0)	(40, 69)	probe	h_sin	None	None	None	None	60	10	35	135	85	110	(-80, 0)	6	testing
4	hm	f	19	red	5	(80, 0)	(40, 69)	(-39, 69)	(-80, 0)	(-40, -69)	(40, -69)	diamond	red	same	left	left	(40, 69)	(-39, 69)	search	nr	True	560777	561740	left	135	60	10	85	35	160	None	None	testing
4	hm	f	19	red	5	(80, 0)	(40, 69)	(-39, 69)	(-80, 0)	(-40, -69)	(40, -69)	diamond	red	dif	left	left	(-39, 69)	(40, -69)	probe	l_sin	None	None	None	None	60	10	160	135	35	110	(-39, 69)	8	testing
4	hm	f	19	red	5	(80, 0)	(40, 69)	(-39, 69)	(-80, 0)	(-40, -69)	(40, -69)	circle	red	dif	left	left	(-80, 0)	(-40, -69)	probe	norm	None	None	None	None	35	110	160	135	85	60	(80, 0)	171	testing
4	hm	f	19	red	5	(80, 0)	(40, 69)	(-39, 69)	(-80, 0)	(-40, -69)	(40, -69)	circle	red	same	right	right	(-80, 0)	(40, 69)	probe	norm	None	None	None	None	85	10	60	160	135	110	(40, -69)	10	testing
4	hm	f	19	red	5	(80, 0)	(40, 69)	(-39, 69)	(-80, 0)	(-40, -69)	(40, -69)	circle	red	same	right	right	(-80, 0)	(40, -69)	search	nr	True	572883	573532	right	85	160	110	10	35	60	None	None	testing
4	hm	f	19	red	5	(80, 0)	(40, 69)	(-39, 69)	(-80, 0)	(-40, -69)	(40, -69)	circle	none	dif	left	left	N_dist	(-40, -69)	search	nr	True	574603	575276	left	60	110	35	135	85	10	None	None	testing
4	hm	f	19	red	5	(80, 0)	(40, 69)	(-39, 69)	(-80, 0)	(-40, -69)	(40, -69)	diamond	none	dif	left	left	N_dist	(40, 69)	search	nr	True	576339	577101	left	160	110	10	35	60	135	None	None	testing
4	hm	f	19	red	5	(80, 0)	(40, 69)	(-39, 69)	(-80, 0)	(-40, -69)	(40, -69)	circle	none	same	right	right	N_dist	(80, 0)	probe	h_norm	None	None	None	None	135	35	10	85	160	110	(-80, 0)	172	testing
4	hm	f	19	red	5	(80, 0)	(40, 69)	(-39, 69)	(-80, 0)	(-40, -69)	(40, -69)	circle	none	dif	right	right	N_dist	(40, -69)	search	nr	True	581615	582349	right	10	35	110	85	160	135	None	None	testing
4	hm	f	19	red	5	(80, 0)	(40, 69)	(-39, 69)	(-80, 0)	(-40, -69)	(40, -69)	diamond	red	same	right	right	(-80, 0)	(-39, 69)	search	nr	True	583485	584397	right	135	35	60	160	10	110	None	None	testing
4	hm	f	19	red	5	(80, 0)	(40, 69)	(-39, 69)	(-80, 0)	(-40, -69)	(40, -69)	diamond	red	dif	right	right	(40, -69)	(-40, -69)	search	nr	True	585690	586605	right	110	35	60	10	85	135	None	None	testing
4	hm	f	19	red	5	(80, 0)	(40, 69)	(-39, 69)	(-80, 0)	(-40, -69)	(40, -69)	diamond	red	dif	left	left	(-40, -69)	(-39, 69)	probe	l_sin	None	None	None	None	85	110	160	60	10	35	(-40, -69)	170	testing
4	hm	f	19	red	5	(80, 0)	(40, 69)	(-39, 69)	(-80, 0)	(-40, -69)	(40, -69)	circle	red	same	right	right	(-80, 0)	(40, -69)	probe	h_sin	None	None	None	None	110	85	60	35	135	160	(-80, 0)	6	testing
4	hm	f	19	red	5	(80, 0)	(40, 69)	(-39, 69)	(-80, 0)	(-40, -69)	(40, -69)	circle	none	same	right	right	N_dist	(-39, 69)	search	nr	True	594189	594973	right	10	110	160	35	60	85	None	None	testing
4	hm	f	19	red	5	(80, 0)	(40, 69)	(-39, 69)	(-80, 0)	(-40, -69)	(40, -69)	diamond	none	dif	left	left	N_dist	(-40, -69)	probe	h_norm	None	None	None	None	110	10	35	85	60	135	(-80, 0)	171	testing
4	hm	f	19	red	5	(80, 0)	(40, 69)	(-39, 69)	(-80, 0)	(-40, -69)	(40, -69)	circle	red	same	left	left	(-40, -69)	(80, 0)	search	nr	True	599081	599789	left	10	160	85	135	60	35	None	None	testing
4	hm	f	19	red	5	(80, 0)	(40, 69)	(-39, 69)	(-80, 0)	(-40, -69)	(40, -69)	circle	none	dif	right	right	N_dist	(40, -69)	probe	l_tar	None	None	None	None	10	110	60	85	35	160	(40, -69)	31	testing
4	hm	f	19	red	5	(80, 0)	(40, 69)	(-39, 69)	(-80, 0)	(-40, -69)	(40, -69)	circle	red	same	right	right	(-80, 0)	(40, 69)	search	nr	True	604140	604893	right	35	60	135	85	10	160	None	None	testing
4	hm	f	19	red	5	(80, 0)	(40, 69)	(-39, 69)	(-80, 0)	(-40, -69)	(40, -69)	diamond	red	same	left	left	(-80, 0)	(40, -69)	probe	h_sin	None	None	None	None	60	85	160	10	35	135	(-80, 0)	174	testing
4	hm	f	19	red	5	(80, 0)	(40, 69)	(-39, 69)	(-80, 0)	(-40, -69)	(40, -69)	diamond	red	dif	right	right	(-80, 0)	(40, 69)	search	nr	True	609199	610108	right	160	10	135	60	110	85	None	None	testing
4	hm	f	19	red	5	(80, 0)	(40, 69)	(-39, 69)	(-80, 0)	(-40, -69)	(40, -69)	circle	red	dif	left	left	(-40, -69)	(-39, 69)	search	nr	True	611337	612045	left	135	60	85	160	35	110	None	None	testing
4	hm	f	19	red	5	(80, 0)	(40, 69)	(-39, 69)	(-80, 0)	(-40, -69)	(40, -69)	diamond	none	dif	right	right	N_dist	(40, -69)	search	nr	True	613140	613916	right	35	60	10	160	110	135	None	None	testing
4	hm	f	19	red	5	(80, 0)	(40, 69)	(-39, 69)	(-80, 0)	(-40, -69)	(40, -69)	circle	red	same	left	left	(-80, 0)	(40, -69)	search	nr	True	615144	615773	left	10	135	110	60	160	35	None	None	testing
4	hm	f	19	red	5	(80, 0)	(40, 69)	(-39, 69)	(-80, 0)	(-40, -69)	(40, -69)	circle	red	dif	right	right	(-80, 0)	(-39, 69)	probe	h_sin	None	None	None	None	135	110	10	160	35	60	(-80, 0)	4	testing
4	hm	f	19	red	5	(80, 0)	(40, 69)	(-39, 69)	(-80, 0)	(-40, -69)	(40, -69)	circle	red	same	right	right	(80, 0)	(-39, 69)	search	nr	True	619985	621004	right	110	160	35	60	135	85	None	None	testing
4	hm	f	19	red	5	(80, 0)	(40, 69)	(-39, 69)	(-80, 0)	(-40, -69)	(40, -69)	circle	none	dif	left	left	N_dist	(-40, -69)	probe	l_norm	None	None	None	None	160	85	135	10	110	35	(-39, 69)	13	testing
4	hm	f	19	red	5	(80, 0)	(40, 69)	(-39, 69)	(-80, 0)	(-40, -69)	(40, -69)	circle	red	same	right	right	(-80, 0)	(-40, -69)	search	nr	True	625680	626444	right	85	160	110	35	135	60	None	None	testing
4	hm	f	19	red	5	(80, 0)	(40, 69)	(-39, 69)	(-80, 0)	(-40, -69)	(40, -69)	circle	red	same	left	left	(-40, -69)	(80, 0)	probe	norm	None	None	None	None	85	110	60	135	160	35	(40, 69)	14	testing
4	hm	f	19	red	5	(80, 0)	(40, 69)	(-39, 69)	(-80, 0)	(-40, -69)	(40, -69)	circle	red	same	right	right	(80, 0)	(-40, -69)	search	nr	True	631941	632605	right	160	110	60	85	135	10	None	None	testing
4	hm	f	19	red	5	(80, 0)	(40, 69)	(-39, 69)	(-80, 0)	(-40, -69)	(40, -69)	circle	red	same	left	left	(-39, 69)	(80, 0)	search	nr	True	633795	634557	left	160	35	10	135	110	60	None	None	testing
4	hm	f	19	red	5	(80, 0)	(40, 69)	(-39, 69)	(-80, 0)	(-40, -69)	(40, -69)	diamond	red	same	right	right	(-80, 0)	(40, 69)	search	nr	True	635798	636893	right	160	85	35	135	60	110	None	None	testing
4	hm	f	19	red	5	(80, 0)	(40, 69)	(-39, 69)	(-80, 0)	(-40, -69)	(40, -69)	circle	none	dif	right	right	N_dist	(40, -69)	search	nr	True	638186	639084	right	10	135	35	160	60	85	None	None	testing
4	hm	f	19	red	5	(80, 0)	(40, 69)	(-39, 69)	(-80, 0)	(-40, -69)	(40, -69)	diamond	red	dif	right	right	(-80, 0)	(40, 69)	search	nr	True	640340	642013	right	60	110	10	135	160	85	None	None	testing
4	hm	f	19	red	5	(80, 0)	(40, 69)	(-39, 69)	(-80, 0)	(-40, -69)	(40, -69)	circle	red	same	left	left	(-80, 0)	(80, 0)	probe	h_sin	None	None	None	None	135	160	110	85	10	35	(-80, 0)	9	testing
4	hm	f	19	red	5	(80, 0)	(40, 69)	(-39, 69)	(-80, 0)	(-40, -69)	(40, -69)	diamond	red	same	left	left	(40, 69)	(-40, -69)	probe	norm	None	None	None	None	35	10	85	110	135	160	(40, -69)	30	testing
4	hm	f	19	red	5	(80, 0)	(40, 69)	(-39, 69)	(-80, 0)	(-40, -69)	(40, -69)	circle	red	same	left	left	(-80, 0)	(40, -69)	search	nr	True	649674	650269	left	60	85	110	35	160	135	None	None	testing
4	hm	f	19	red	5	(80, 0)	(40, 69)	(-39, 69)	(-80, 0)	(-40, -69)	(40, -69)	circle	none	dif	right	right	N_dist	(40, -69)	search	nr	True	651410	652013	right	160	10	135	35	110	60	None	None	testing
4	hm	f	19	red	5	(80, 0)	(40, 69)	(-39, 69)	(-80, 0)	(-40, -69)	(40, -69)	circle	none	dif	right	right	N_dist	(40, -69)	probe	h_norm	None	None	None	None	85	60	135	110	160	35	(-80, 0)	9	testing
4	hm	f	19	red	5	(80, 0)	(40, 69)	(-39, 69)	(-80, 0)	(-40, -69)	(40, -69)	diamond	red	dif	right	right	(40, 69)	(-39, 69)	probe	norm	None	None	None	None	135	85	110	160	35	10	(-40, -69)	167	testing
4	hm	f	19	red	5	(80, 0)	(40, 69)	(-39, 69)	(-80, 0)	(-40, -69)	(40, -69)	circle	red	same	left	left	(-80, 0)	(80, 0)	search	nr	True	660276	661036	left	35	85	10	135	60	110	None	None	testing
4	hm	f	19	red	5	(80, 0)	(40, 69)	(-39, 69)	(-80, 0)	(-40, -69)	(40, -69)	diamond	none	same	left	left	N_dist	(40, -69)	search	nr	True	662163	663196	left	135	35	110	10	85	60	None	None	testing
4	hm	f	19	red	5	(80, 0)	(40, 69)	(-39, 69)	(-80, 0)	(-40, -69)	(40, -69)	diamond	red	same	left	left	(-80, 0)	(80, 0)	probe	norm	None	None	None	None	135	85	60	160	35	10	(-39, 69)	10	testing
4	hm	f	19	red	5	(80, 0)	(40, 69)	(-39, 69)	(-80, 0)	(-40, -69)	(40, -69)	diamond	none	same	left	left	N_dist	(80, 0)	probe	h_norm	None	None	None	None	60	135	10	85	160	110	(-80, 0)	6	testing
4	hm	f	19	red	5	(80, 0)	(40, 69)	(-39, 69)	(-80, 0)	(-40, -69)	(40, -69)	circle	red	same	left	left	(-80, 0)	(40, -69)	probe	norm	None	None	None	None	10	110	60	135	160	35	(80, 0)	161	testing
4	hm	f	19	red	5	(80, 0)	(40, 69)	(-39, 69)	(-80, 0)	(-40, -69)	(40, -69)	circle	red	dif	left	left	(-80, 0)	(-39, 69)	search	nr	True	674736	675484	left	85	160	35	60	10	135	None	None	testing
4	hm	f	19	red	5	(80, 0)	(40, 69)	(-39, 69)	(-80, 0)	(-40, -69)	(40, -69)	diamond	none	same	right	right	N_dist	(-80, 0)	search	nr	True	676640	677260	left	60	85	135	10	35	160	None	None	testing
4	hm	f	19	red	5	(80, 0)	(40, 69)	(-39, 69)	(-80, 0)	(-40, -69)	(40, -69)	circle	red	dif	left	left	(-40, -69)	(-39, 69)	probe	tar	None	None	None	None	35	85	135	10	110	160	(-39, 69)	16	testing
4	hm	f	19	red	5	(80, 0)	(40, 69)	(-39, 69)	(-80, 0)	(-40, -69)	(40, -69)	diamond	red	same	left	left	(-80, 0)	(80, 0)	probe	h_sin	None	None	None	None	110	60	10	85	135	160	(-80, 0)	175	testing
4	hm	f	19	red	5	(80, 0)	(40, 69)	(-39, 69)	(-80, 0)	(-40, -69)	(40, -69)	circle	red	same	right	right	(-80, 0)	(-40, -69)	probe	tar	None	None	None	None	160	85	35	10	110	135	(-40, -69)	15	testing
4	hm	f	19	red	5	(80, 0)	(40, 69)	(-39, 69)	(-80, 0)	(-40, -69)	(40, -69)	circle	none	same	right	right	N_dist	(80, 0)	search	nr	True	689430	690236	right	85	60	35	10	110	160	None	None	testing
4	hm	f	19	red	5	(80, 0)	(40, 69)	(-39, 69)	(-80, 0)	(-40, -69)	(40, -69)	circle	red	same	left	left	(-40, -69)	(80, 0)	probe	l_sin	None	None	None	None	85	160	135	110	10	60	(-40, -69)	172	testing
4	hm	f	19	red	5	(80, 0)	(40, 69)	(-39, 69)	(-80, 0)	(-40, -69)	(40, -69)	diamond	red	dif	right	right	(-80, 0)	(40, 69)	search	nr	True	694273	695213	right	85	35	135	160	110	10	None	None	testing
4	hm	f	19	red	5	(80, 0)	(40, 69)	(-39, 69)	(-80, 0)	(-40, -69)	(40, -69)	diamond	red	same	right	right	(-80, 0)	(40, 69)	search	nr	True	696326	697181	right	85	110	135	60	10	35	None	None	testing
4	hm	f	19	red	5	(80, 0)	(40, 69)	(-39, 69)	(-80, 0)	(-40, -69)	(40, -69)	circle	red	dif	left	left	(-80, 0)	(40, -69)	probe	tar	None	None	None	None	10	35	60	160	110	135	(40, -69)	15	testing
4	hm	f	19	red	5	(80, 0)	(40, 69)	(-39, 69)	(-80, 0)	(-40, -69)	(40, -69)	diamond	none	dif	right	right	N_dist	(40, -69)	search	nr	True	701386	702028	right	60	35	10	135	110	160	None	None	testing
4	hm	f	19	red	5	(80, 0)	(40, 69)	(-39, 69)	(-80, 0)	(-40, -69)	(40, -69)	circle	none	dif	left	left	N_dist	(40, 69)	search	nr	True	703189	704060	left	85	135	110	160	60	10	None	None	testing
4	hm	f	19	red	5	(80, 0)	(40, 69)	(-39, 69)	(-80, 0)	(-40, -69)	(40, -69)	diamond	none	same	right	right	N_dist	(-40, -69)	search	nr	True	705242	706076	right	110	60	135	10	85	160	None	None	testing
4	hm	f	19	red	5	(80, 0)	(40, 69)	(-39, 69)	(-80, 0)	(-40, -69)	(40, -69)	diamond	red	same	right	right	(-80, 0)	(40, 69)	probe	tar	None	None	None	None	160	135	85	10	110	35	(40, 69)	12	testing
4	hm	f	19	red	5	(80, 0)	(40, 69)	(-39, 69)	(-80, 0)	(-40, -69)	(40, -69)	diamond	red	same	right	right	(-80, 0)	(-40, -69)	search	nr	True	710619	711372	right	135	60	10	160	85	110	None	None	testing
4	hm	f	19	red	5	(80, 0)	(40, 69)	(-39, 69)	(-80, 0)	(-40, -69)	(40, -69)	circle	none	same	right	right	N_dist	(-39, 69)	search	nr	True	712523	713308	right	35	10	160	110	135	85	None	None	testing
4	hm	f	19	red	5	(80, 0)	(40, 69)	(-39, 69)	(-80, 0)	(-40, -69)	(40, -69)	circle	red	same	right	right	(-80, 0)	(40, 69)	search	nr	True	714426	715149	right	135	160	60	10	35	85	None	None	testing
4	hm	f	19	red	5	(80, 0)	(40, 69)	(-39, 69)	(-80, 0)	(-40, -69)	(40, -69)	circle	red	dif	right	right	(-39, 69)	(-40, -69)	probe	l_sin	None	None	None	None	60	110	85	135	10	160	(-39, 69)	13	testing
4	hm	f	19	red	5	(80, 0)	(40, 69)	(-39, 69)	(-80, 0)	(-40, -69)	(40, -69)	diamond	red	same	left	left	(-40, -69)	(-39, 69)	search	nr	True	719535	720284	left	85	60	10	160	135	110	None	None	testing
4	hm	f	19	red	5	(80, 0)	(40, 69)	(-39, 69)	(-80, 0)	(-40, -69)	(40, -69)	circle	red	dif	right	right	(80, 0)	(40, -69)	search	nr	True	721473	722332	right	85	60	10	35	110	160	None	None	testing
4	hm	f	19	red	5	(80, 0)	(40, 69)	(-39, 69)	(-80, 0)	(-40, -69)	(40, -69)	circle	none	same	left	left	N_dist	(-39, 69)	search	nr	True	723442	724253	left	35	135	60	85	160	110	None	None	testing
4	hm	f	19	red	5	(80, 0)	(40, 69)	(-39, 69)	(-80, 0)	(-40, -69)	(40, -69)	diamond	none	same	right	right	N_dist	(-39, 69)	search	nr	True	725346	726013	right	35	160	60	135	10	110	None	None	testing
4	hm	f	19	red	5	(80, 0)	(40, 69)	(-39, 69)	(-80, 0)	(-40, -69)	(40, -69)	diamond	red	dif	left	left	(-40, -69)	(-39, 69)	search	nr	True	727300	728013	left	85	110	10	35	135	60	None	None	testing
4	hm	f	19	red	5	(80, 0)	(40, 69)	(-39, 69)	(-80, 0)	(-40, -69)	(40, -69)	diamond	red	dif	left	left	(-80, 0)	(-40, -69)	search	nr	True	729120	730476	left	10	60	85	135	110	35	None	None	testing
4	hm	f	19	red	5	(80, 0)	(40, 69)	(-39, 69)	(-80, 0)	(-40, -69)	(40, -69)	circle	red	same	left	left	(-80, 0)	(40, -69)	search	nr	True	731675	732925	left	160	135	110	60	10	35	None	None	testing
4	hm	f	19	red	5	(80, 0)	(40, 69)	(-39, 69)	(-80, 0)	(-40, -69)	(40, -69)	diamond	red	dif	left	left	(-80, 0)	(40, -69)	search	nr	True	734230	734925	left	10	160	135	85	60	110	None	None	testing
4	hm	f	19	red	5	(80, 0)	(40, 69)	(-39, 69)	(-80, 0)	(-40, -69)	(40, -69)	diamond	red	dif	right	right	(-80, 0)	(40, 69)	search	nr	True	735999	736668	right	85	35	60	110	135	160	None	None	testing
4	hm	f	19	red	5	(80, 0)	(40, 69)	(-39, 69)	(-80, 0)	(-40, -69)	(40, -69)	circle	red	dif	right	right	(40, 69)	(40, -69)	probe	tar	None	None	None	None	160	135	110	10	35	60	(40, -69)	166	testing
4	hm	f	19	red	5	(80, 0)	(40, 69)	(-39, 69)	(-80, 0)	(-40, -69)	(40, -69)	diamond	red	dif	right	right	(-80, 0)	(40, 69)	probe	norm	None	None	None	None	10	60	35	85	135	160	(40, -69)	23	testing
4	hm	f	19	red	5	(80, 0)	(40, 69)	(-39, 69)	(-80, 0)	(-40, -69)	(40, -69)	circle	red	same	left	left	(40, 69)	(-40, -69)	search	nr	True	744265	745164	left	35	160	135	60	85	10	None	None	testing
4	hm	f	19	red	5	(80, 0)	(40, 69)	(-39, 69)	(-80, 0)	(-40, -69)	(40, -69)	circle	red	dif	right	right	(40, 69)	(40, -69)	search	nr	True	746385	747324	right	160	35	135	60	10	85	None	None	testing
4	hm	f	19	red	5	(80, 0)	(40, 69)	(-39, 69)	(-80, 0)	(-40, -69)	(40, -69)	diamond	red	same	right	right	(-80, 0)	(-40, -69)	search	nr	True	748488	749580	right	160	110	35	135	60	10	None	None	testing
4	hm	f	19	red	5	(80, 0)	(40, 69)	(-39, 69)	(-80, 0)	(-40, -69)	(40, -69)	circle	red	same	right	right	(-80, 0)	(40, -69)	search	nr	True	750743	751357	right	85	110	135	60	160	10	None	None	testing
4	hm	f	19	red	5	(80, 0)	(40, 69)	(-39, 69)	(-80, 0)	(-40, -69)	(40, -69)	diamond	red	dif	right	right	(-39, 69)	(40, -69)	probe	norm	None	None	None	None	110	10	135	160	85	35	(-40, -69)	15	testing
4	hm	f	19	red	5	(80, 0)	(40, 69)	(-39, 69)	(-80, 0)	(-40, -69)	(40, -69)	circle	red	dif	left	left	(-80, 0)	(80, 0)	probe	norm	None	None	None	None	60	110	10	160	35	135	(40, -69)	22	testing
4	hm	f	19	red	5	(80, 0)	(40, 69)	(-39, 69)	(-80, 0)	(-40, -69)	(40, -69)	diamond	red	dif	left	left	(-80, 0)	(40, -69)	probe	tar	None	None	None	None	85	10	60	35	160	110	(40, -69)	11	testing
4	hm	f	19	red	5	(80, 0)	(40, 69)	(-39, 69)	(-80, 0)	(-40, -69)	(40, -69)	diamond	red	dif	right	right	(-80, 0)	(-39, 69)	search	nr	True	763216	764156	right	60	160	35	135	10	85	None	None	testing
4	hm	f	19	red	5	(80, 0)	(40, 69)	(-39, 69)	(-80, 0)	(-40, -69)	(40, -69)	circle	red	same	right	right	(-80, 0)	(-39, 69)	probe	h_sin	None	None	None	None	85	60	10	160	135	35	(-80, 0)	5	testing
4	hm	f	19	red	5	(80, 0)	(40, 69)	(-39, 69)	(-80, 0)	(-40, -69)	(40, -69)	circle	none	same	right	right	N_dist	(-39, 69)	search	nr	True	769144	769916	right	35	160	135	85	60	110	None	None	testing
4	hm	f	19	red	5	(80, 0)	(40, 69)	(-39, 69)	(-80, 0)	(-40, -69)	(40, -69)	diamond	none	same	right	right	N_dist	(-40, -69)	probe	h_norm	None	None	None	None	10	60	135	35	160	110	(-80, 0)	174	testing
4	hm	f	19	red	5	(80, 0)	(40, 69)	(-39, 69)	(-80, 0)	(-40, -69)	(40, -69)	circle	red	same	left	left	(-80, 0)	(80, 0)	search	nr	True	774319	775005	left	10	60	85	135	160	35	None	None	testing
4	hm	f	19	red	5	(80, 0)	(40, 69)	(-39, 69)	(-80, 0)	(-40, -69)	(40, -69)	circle	red	dif	left	left	(-80, 0)	(40, 69)	search	nr	True	776107	776780	left	110	10	60	35	85	160	None	None	testing
4	hm	f	19	red	5	(80, 0)	(40, 69)	(-39, 69)	(-80, 0)	(-40, -69)	(40, -69)	diamond	red	dif	right	right	(-80, 0)	(40, 69)	probe	h_sin	None	None	None	None	160	135	85	60	110	10	(-80, 0)	6	testing
4	hm	f	19	red	5	(80, 0)	(40, 69)	(-39, 69)	(-80, 0)	(-40, -69)	(40, -69)	circle	red	same	left	left	(-80, 0)	(-39, 69)	search	nr	True	781199	781933	left	160	135	35	10	60	85	None	None	testing
4	hm	f	19	red	5	(80, 0)	(40, 69)	(-39, 69)	(-80, 0)	(-40, -69)	(40, -69)	circle	red	dif	right	right	(40, 69)	(40, -69)	search	nr	True	783152	783788	right	110	85	135	160	10	60	None	None	testing
4	hm	f	19	red	5	(80, 0)	(40, 69)	(-39, 69)	(-80, 0)	(-40, -69)	(40, -69)	diamond	red	dif	right	right	(-80, 0)	(80, 0)	search	nr	True	784889	785692	left	85	35	135	160	110	60	None	None	testing
4	hm	f	19	red	5	(80, 0)	(40, 69)	(-39, 69)	(-80, 0)	(-40, -69)	(40, -69)	circle	none	dif	left	left	N_dist	(40, 69)	probe	l_tar	None	None	None	None	35	160	10	60	85	110	(40, 69)	28	testing
4	hm	f	19	red	5	(80, 0)	(40, 69)	(-39, 69)	(-80, 0)	(-40, -69)	(40, -69)	circle	none	same	left	left	N_dist	(-39, 69)	search	nr	True	792002	792748	left	160	60	135	10	85	110	None	None	testing
4	hm	f	19	red	5	(80, 0)	(40, 69)	(-39, 69)	(-80, 0)	(-40, -69)	(40, -69)	circle	red	same	left	left	(-40, -69)	(80, 0)	search	nr	True	793806	794637	left	135	35	10	110	60	85	None	None	testing
4	hm	f	19	red	5	(80, 0)	(40, 69)	(-39, 69)	(-80, 0)	(-40, -69)	(40, -69)	circle	red	same	right	right	(-80, 0)	(-40, -69)	search	nr	True	795726	796397	right	10	135	160	35	60	110	None	None	testing
4	hm	f	19	red	5	(80, 0)	(40, 69)	(-39, 69)	(-80, 0)	(-40, -69)	(40, -69)	diamond	red	same	left	left	(-80, 0)	(80, 0)	search	nr	True	797529	798381	left	135	35	110	160	10	60	None	None	testing
4	hm	f	19	red	5	(80, 0)	(40, 69)	(-39, 69)	(-80, 0)	(-40, -69)	(40, -69)	circle	none	same	right	right	N_dist	(-40, -69)	search	nr	True	799499	800236	right	135	110	60	85	160	35	None	None	testing
4	hm	f	19	red	5	(80, 0)	(40, 69)	(-39, 69)	(-80, 0)	(-40, -69)	(40, -69)	circle	red	same	left	left	(-40, -69)	(80, 0)	search	nr	True	801353	802124	left	110	135	160	60	10	85	None	None	testing
4	hm	f	19	red	5	(80, 0)	(40, 69)	(-39, 69)	(-80, 0)	(-40, -69)	(40, -69)	diamond	none	dif	left	left	N_dist	(40, -69)	probe	l_norm	None	None	None	None	35	160	135	85	60	10	(80, 0)	162	testing
4	hm	f	19	red	5	(80, 0)	(40, 69)	(-39, 69)	(-80, 0)	(-40, -69)	(40, -69)	diamond	red	dif	left	left	(-80, 0)	(-40, -69)	search	nr	True	807130	808013	left	60	10	110	35	160	85	None	None	testing
4	hm	f	19	red	5	(80, 0)	(40, 69)	(-39, 69)	(-80, 0)	(-40, -69)	(40, -69)	diamond	none	dif	left	left	N_dist	(-40, -69)	search	nr	True	809233	810028	left	10	135	160	110	35	60	None	None	testing
4	hm	f	19	red	5	(80, 0)	(40, 69)	(-39, 69)	(-80, 0)	(-40, -69)	(40, -69)	diamond	none	same	right	right	N_dist	(-40, -69)	search	nr	True	811104	811757	right	85	110	160	35	135	10	None	None	testing
4	hm	f	19	red	5	(80, 0)	(40, 69)	(-39, 69)	(-80, 0)	(-40, -69)	(40, -69)	circle	red	dif	right	right	(80, 0)	(-39, 69)	probe	l_sin	None	None	None	None	10	35	135	85	110	160	(80, 0)	162	testing
4	hm	f	19	red	5	(80, 0)	(40, 69)	(-39, 69)	(-80, 0)	(-40, -69)	(40, -69)	diamond	none	dif	left	left	N_dist	(40, 69)	search	nr	True	816514	817276	left	110	10	35	85	60	135	None	None	testing
4	hm	f	19	red	5	(80, 0)	(40, 69)	(-39, 69)	(-80, 0)	(-40, -69)	(40, -69)	circle	red	same	right	right	(-80, 0)	(40, -69)	search	nr	True	818450	819213	right	160	85	10	60	35	135	None	None	testing
4	hm	f	19	red	5	(80, 0)	(40, 69)	(-39, 69)	(-80, 0)	(-40, -69)	(40, -69)	diamond	red	dif	right	right	(-80, 0)	(-39, 69)	search	nr	True	820504	821260	right	135	110	160	10	35	85	None	None	testing
4	hm	f	19	red	5	(80, 0)	(40, 69)	(-39, 69)	(-80, 0)	(-40, -69)	(40, -69)	diamond	none	same	left	left	N_dist	(-39, 69)	probe	h_norm	None	None	None	None	35	60	110	135	160	10	(-80, 0)	9	testing
4	hm	f	19	red	5	(80, 0)	(40, 69)	(-39, 69)	(-80, 0)	(-40, -69)	(40, -69)	circle	red	dif	right	right	(-40, -69)	(40, 69)	probe	tar	None	None	None	None	160	85	35	10	135	60	(40, 69)	174	testing
4	hm	f	19	red	5	(80, 0)	(40, 69)	(-39, 69)	(-80, 0)	(-40, -69)	(40, -69)	diamond	red	dif	left	left	(-39, 69)	(40, -69)	search	nr	True	829471	830349	left	35	160	135	60	85	10	None	None	testing
4	hm	f	19	red	5	(80, 0)	(40, 69)	(-39, 69)	(-80, 0)	(-40, -69)	(40, -69)	circle	red	dif	left	left	(40, 69)	(80, 0)	search	nr	True	831558	832605	left	160	110	60	135	85	35	None	None	testing
4	hm	f	19	red	5	(80, 0)	(40, 69)	(-39, 69)	(-80, 0)	(-40, -69)	(40, -69)	diamond	red	same	left	left	(40, 69)	(-40, -69)	search	nr	True	833796	834477	left	35	60	160	110	10	85	None	None	testing
4	hm	f	19	red	5	(80, 0)	(40, 69)	(-39, 69)	(-80, 0)	(-40, -69)	(40, -69)	diamond	red	same	left	left	(-80, 0)	(40, 69)	probe	tar	None	None	None	None	10	160	85	35	60	135	(40, 69)	22	testing
4	hm	f	19	red	5	(80, 0)	(40, 69)	(-39, 69)	(-80, 0)	(-40, -69)	(40, -69)	circle	none	dif	right	right	N_dist	(40, -69)	search	nr	True	838838	839580	right	110	135	10	85	60	160	None	None	testing
4	hm	f	19	red	5	(80, 0)	(40, 69)	(-39, 69)	(-80, 0)	(-40, -69)	(40, -69)	circle	none	same	left	left	N_dist	(-80, 0)	probe	h_tar	None	None	None	None	160	10	60	110	135	85	(-80, 0)	4	testing
4	hm	f	19	red	5	(80, 0)	(40, 69)	(-39, 69)	(-80, 0)	(-40, -69)	(40, -69)	diamond	red	dif	left	left	(-80, 0)	(80, 0)	search	nr	True	843898	844540	left	110	135	60	85	160	10	None	None	testing
4	hm	f	19	red	5	(80, 0)	(40, 69)	(-39, 69)	(-80, 0)	(-40, -69)	(40, -69)	circle	red	dif	right	right	(40, -69)	(80, 0)	search	nr	True	845684	846492	right	110	135	35	85	10	160	None	None	testing
4	hm	f	19	red	5	(80, 0)	(40, 69)	(-39, 69)	(-80, 0)	(-40, -69)	(40, -69)	circle	red	same	right	right	(80, 0)	(-40, -69)	search	nr	True	847554	848444	right	35	60	10	85	110	135	None	None	testing
4	hm	f	19	red	5	(80, 0)	(40, 69)	(-39, 69)	(-80, 0)	(-40, -69)	(40, -69)	circle	none	dif	left	left	N_dist	(40, 69)	search	nr	True	849574	850301	left	110	135	10	160	85	60	None	None	testing
4	hm	f	19	red	5	(80, 0)	(40, 69)	(-39, 69)	(-80, 0)	(-40, -69)	(40, -69)	diamond	red	dif	left	left	(-80, 0)	(-39, 69)	probe	tar	None	None	None	None	135	160	35	110	85	10	(-39, 69)	167	testing
4	hm	f	19	red	5	(80, 0)	(40, 69)	(-39, 69)	(-80, 0)	(-40, -69)	(40, -69)	circle	none	same	left	left	N_dist	(40, 69)	probe	l_tar	None	None	None	None	60	10	85	110	35	160	(40, 69)	38	testing
4	hm	f	19	red	5	(80, 0)	(40, 69)	(-39, 69)	(-80, 0)	(-40, -69)	(40, -69)	diamond	red	same	left	left	(-80, 0)	(40, 69)	search	nr	True	861881	862492	left	60	135	35	85	110	160	None	None	testing
4	hm	f	19	red	5	(80, 0)	(40, 69)	(-39, 69)	(-80, 0)	(-40, -69)	(40, -69)	circle	red	dif	left	left	(-80, 0)	(-39, 69)	search	nr	True	863784	864652	left	160	60	10	135	110	85	None	None	testing
4	hm	f	19	red	5	(80, 0)	(40, 69)	(-39, 69)	(-80, 0)	(-40, -69)	(40, -69)	circle	red	dif	left	left	(-39, 69)	(40, -69)	search	nr	True	865788	866908	left	10	60	35	135	85	160	None	None	testing
4	hm	f	19	red	5	(80, 0)	(40, 69)	(-39, 69)	(-80, 0)	(-40, -69)	(40, -69)	diamond	red	same	right	right	(-80, 0)	(-40, -69)	probe	norm	None	None	None	None	135	35	60	110	160	85	(80, 0)	9	testing
4	hm	f	19	red	5	(80, 0)	(40, 69)	(-39, 69)	(-80, 0)	(-40, -69)	(40, -69)	circle	red	dif	left	left	(-80, 0)	(40, 69)	probe	h_sin	None	None	None	None	85	160	60	135	110	35	(-80, 0)	176	testing
4	hm	f	19	red	5	(80, 0)	(40, 69)	(-39, 69)	(-80, 0)	(-40, -69)	(40, -69)	circle	none	same	right	right	N_dist	(80, 0)	search	nr	True	874771	875548	right	160	60	10	135	85	35	None	None	testing
4	hm	f	19	red	5	(80, 0)	(40, 69)	(-39, 69)	(-80, 0)	(-40, -69)	(40, -69)	diamond	red	dif	right	right	(-80, 0)	(40, 69)	probe	h_sin	None	None	None	None	85	60	135	35	160	10	(-80, 0)	4	testing
4	hm	f	19	red	5	(80, 0)	(40, 69)	(-39, 69)	(-80, 0)	(-40, -69)	(40, -69)	circle	red	same	right	right	(-80, 0)	(-40, -69)	search	nr	True	880080	880620	right	10	135	85	60	35	110	None	None	testing
4	hm	f	19	red	5	(80, 0)	(40, 69)	(-39, 69)	(-80, 0)	(-40, -69)	(40, -69)	diamond	red	same	right	right	(-80, 0)	(-40, -69)	search	nr	True	881851	882444	right	135	160	35	110	60	10	None	None	testing
4	hm	f	19	red	5	(80, 0)	(40, 69)	(-39, 69)	(-80, 0)	(-40, -69)	(40, -69)	diamond	none	same	right	right	N_dist	(40, 69)	probe	l_norm	None	None	None	None	110	35	135	85	60	10	(-39, 69)	23	testing
4	hm	f	19	red	5	(80, 0)	(40, 69)	(-39, 69)	(-80, 0)	(-40, -69)	(40, -69)	circle	red	dif	right	right	(80, 0)	(-39, 69)	search	nr	True	887344	888108	right	160	85	60	135	110	35	None	None	testing
4	hm	f	19	red	5	(80, 0)	(40, 69)	(-39, 69)	(-80, 0)	(-40, -69)	(40, -69)	diamond	red	same	left	left	(-80, 0)	(-40, -69)	search	nr	True	889298	890124	left	60	10	85	110	135	35	None	None	testing
4	hm	f	19	red	5	(80, 0)	(40, 69)	(-39, 69)	(-80, 0)	(-40, -69)	(40, -69)	circle	none	dif	right	right	N_dist	(40, -69)	search	nr	True	891352	892076	right	60	10	85	135	160	110	None	None	testing
4	hm	f	19	red	5	(80, 0)	(40, 69)	(-39, 69)	(-80, 0)	(-40, -69)	(40, -69)	circle	red	dif	left	left	(-40, -69)	(-39, 69)	search	nr	True	893171	894092	left	135	10	35	160	110	60	None	None	testing
4	hm	f	19	red	5	(80, 0)	(40, 69)	(-39, 69)	(-80, 0)	(-40, -69)	(40, -69)	diamond	none	same	left	left	N_dist	(80, 0)	search	nr	True	895242	896028	left	160	85	60	135	110	35	None	None	testing
4	hm	f	19	red	5	(80, 0)	(40, 69)	(-39, 69)	(-80, 0)	(-40, -69)	(40, -69)	diamond	none	dif	right	right	N_dist	(-39, 69)	probe	l_norm	None	None	None	None	35	85	60	10	135	110	(40, -69)	16	testing
4	hm	f	19	red	5	(80, 0)	(40, 69)	(-39, 69)	(-80, 0)	(-40, -69)	(40, -69)	diamond	red	same	right	right	(40, -69)	(-39, 69)	search	nr	True	900936	901660	right	10	35	110	160	85	135	None	None	testing
4	hm	f	19	red	5	(80, 0)	(40, 69)	(-39, 69)	(-80, 0)	(-40, -69)	(40, -69)	diamond	none	same	left	left	N_dist	(-39, 69)	search	nr	True	902806	903484	left	85	60	160	35	10	135	None	None	testing
4	hm	f	19	red	5	(80, 0)	(40, 69)	(-39, 69)	(-80, 0)	(-40, -69)	(40, -69)	circle	red	same	right	right	(80, 0)	(-40, -69)	probe	l_sin	None	None	None	None	10	110	35	85	160	135	(80, 0)	173	testing
4	hm	f	19	red	5	(80, 0)	(40, 69)	(-39, 69)	(-80, 0)	(-40, -69)	(40, -69)	circle	none	same	left	left	N_dist	(40, 69)	search	nr	True	907748	908876	left	35	85	10	135	110	160	None	None	testing
4	hm	f	19	red	5	(80, 0)	(40, 69)	(-39, 69)	(-80, 0)	(-40, -69)	(40, -69)	diamond	red	same	right	right	(-80, 0)	(80, 0)	search	nr	True	910152	910876	right	60	35	10	160	135	110	None	None	testing
4	hm	f	19	red	5	(80, 0)	(40, 69)	(-39, 69)	(-80, 0)	(-40, -69)	(40, -69)	circle	none	dif	right	right	N_dist	(40, -69)	probe	l_norm	None	None	None	None	110	135	85	60	10	160	(40, 69)	15	testing
4	hm	f	19	red	5	(80, 0)	(40, 69)	(-39, 69)	(-80, 0)	(-40, -69)	(40, -69)	diamond	red	same	left	left	(-80, 0)	(-39, 69)	probe	norm	None	None	None	None	135	60	110	35	85	160	(-40, -69)	168	testing
4	hm	f	19	red	5	(80, 0)	(40, 69)	(-39, 69)	(-80, 0)	(-40, -69)	(40, -69)	circle	none	same	right	right	N_dist	(80, 0)	search	nr	True	917900	918668	right	135	160	85	110	35	10	None	None	testing
4	hm	f	19	red	5	(80, 0)	(40, 69)	(-39, 69)	(-80, 0)	(-40, -69)	(40, -69)	circle	red	dif	right	right	(-80, 0)	(80, 0)	search	nr	True	919938	920700	right	110	135	60	10	85	160	None	None	testing
4	hm	f	19	red	5	(80, 0)	(40, 69)	(-39, 69)	(-80, 0)	(-40, -69)	(40, -69)	diamond	red	dif	left	left	(-39, 69)	(-40, -69)	search	nr	True	921991	922941	left	35	110	160	135	60	85	None	None	testing
4	hm	f	19	red	5	(80, 0)	(40, 69)	(-39, 69)	(-80, 0)	(-40, -69)	(40, -69)	diamond	red	dif	right	right	(-80, 0)	(-39, 69)	probe	tar	None	None	None	None	110	85	60	35	135	10	(-39, 69)	171	testing
4	hm	f	19	red	5	(80, 0)	(40, 69)	(-39, 69)	(-80, 0)	(-40, -69)	(40, -69)	diamond	red	same	left	left	(-80, 0)	(80, 0)	search	nr	True	927585	928235	left	35	110	85	160	135	60	None	None	testing
4	hm	f	19	red	5	(80, 0)	(40, 69)	(-39, 69)	(-80, 0)	(-40, -69)	(40, -69)	circle	red	dif	right	right	(-40, -69)	(40, 69)	search	nr	True	929455	930397	right	60	135	35	10	160	85	None	None	testing
4	hm	f	19	red	5	(80, 0)	(40, 69)	(-39, 69)	(-80, 0)	(-40, -69)	(40, -69)	circle	none	dif	left	left	N_dist	(-40, -69)	search	nr	True	931575	932189	left	135	160	35	110	10	85	None	None	testing
4	hm	f	19	red	5	(80, 0)	(40, 69)	(-39, 69)	(-80, 0)	(-40, -69)	(40, -69)	circle	red	same	right	right	(-80, 0)	(-40, -69)	probe	tar	None	None	None	None	160	10	60	85	35	110	(-40, -69)	165	testing
4	hm	f	19	red	5	(80, 0)	(40, 69)	(-39, 69)	(-80, 0)	(-40, -69)	(40, -69)	circle	red	same	right	right	(-80, 0)	(40, 69)	search	nr	True	936534	937196	right	160	85	110	60	10	35	None	None	testing
4	hm	f	19	red	5	(80, 0)	(40, 69)	(-39, 69)	(-80, 0)	(-40, -69)	(40, -69)	diamond	red	dif	left	left	(-80, 0)	(-39, 69)	search	nr	True	938488	939213	left	110	60	85	160	135	35	None	None	testing
4	hm	f	19	red	5	(80, 0)	(40, 69)	(-39, 69)	(-80, 0)	(-40, -69)	(40, -69)	circle	none	dif	left	left	N_dist	(40, 69)	search	nr	True	940358	940972	left	160	35	10	85	135	60	None	None	testing
4	hm	f	19	red	5	(80, 0)	(40, 69)	(-39, 69)	(-80, 0)	(-40, -69)	(40, -69)	diamond	none	same	left	left	N_dist	(80, 0)	search	nr	True	942262	942860	left	35	110	60	135	10	85	None	None	testing
4	hm	f	19	red	5	(80, 0)	(40, 69)	(-39, 69)	(-80, 0)	(-40, -69)	(40, -69)	diamond	red	same	left	left	(-80, 0)	(-39, 69)	search	nr	True	944115	944780	left	60	35	135	10	85	110	None	None	testing
4	hm	f	19	red	5	(80, 0)	(40, 69)	(-39, 69)	(-80, 0)	(-40, -69)	(40, -69)	circle	none	same	right	right	N_dist	(-40, -69)	search	nr	True	945935	946637	right	135	60	10	160	35	110	None	None	testing
4	hm	f	19	red	5	(80, 0)	(40, 69)	(-39, 69)	(-80, 0)	(-40, -69)	(40, -69)	diamond	none	dif	left	left	N_dist	(40, 69)	search	nr	True	947755	948508	left	35	85	135	160	60	10	None	None	testing
4	hm	f	19	red	5	(80, 0)	(40, 69)	(-39, 69)	(-80, 0)	(-40, -69)	(40, -69)	circle	red	same	right	right	(-80, 0)	(-39, 69)	search	nr	True	949792	950524	right	160	60	10	85	35	135	None	None	testing
