subj	name	gender	age	dist	run	tar_locs1	tar_locs2	tar_locs3	tar_locs4	tar_locs5	tar_locs6	shape	dist	td_dif	detection	resp_key	dis_loc	tar_loc	task_type	probe_cond	gotKey	startTime	respTime	resp	o1	o2	o3	o4	o5	o6	pro_loc	ori_resp	mode
4	hm	f	19	red	6	(80, 0)	(40, 69)	(-39, 69)	(-80, 0)	(-40, -69)	(40, -69)	circle	none	same	right	right	N_dist	(-80, 0)	search	nr	True	77508	78177	right	110	135	35	10	85	160	None	None	testing
4	hm	f	19	red	6	(80, 0)	(40, 69)	(-39, 69)	(-80, 0)	(-40, -69)	(40, -69)	circle	red	same	right	right	(-39, 69)	(80, 0)	search	nr	True	79462	80097	right	110	160	85	35	10	60	None	None	testing
4	hm	f	19	red	6	(80, 0)	(40, 69)	(-39, 69)	(-80, 0)	(-40, -69)	(40, -69)	diamond	red	same	left	left	(-80, 0)	(-40, -69)	search	nr	True	81366	82353	left	160	110	135	85	10	60	None	None	testing
4	hm	f	19	red	6	(80, 0)	(40, 69)	(-39, 69)	(-80, 0)	(-40, -69)	(40, -69)	diamond	red	dif	left	left	(-80, 0)	(80, 0)	probe	norm	None	None	None	None	110	160	10	85	35	60	(-40, -69)	172	testing
4	hm	f	19	red	6	(80, 0)	(40, 69)	(-39, 69)	(-80, 0)	(-40, -69)	(40, -69)	diamond	red	dif	right	right	(-80, 0)	(-40, -69)	probe	tar	None	None	None	None	160	35	10	135	60	110	(-40, -69)	168	testing
4	hm	f	19	red	6	(80, 0)	(40, 69)	(-39, 69)	(-80, 0)	(-40, -69)	(40, -69)	circle	none	dif	left	left	N_dist	(-80, 0)	search	nr	True	90366	90977	left	85	135	110	60	35	160	None	None	testing
4	hm	f	19	red	6	(80, 0)	(40, 69)	(-39, 69)	(-80, 0)	(-40, -69)	(40, -69)	diamond	none	dif	left	left	N_dist	(40, 69)	probe	l_norm	None	None	None	None	60	10	110	135	85	35	(40, -69)	22	testing
4	hm	f	19	red	6	(80, 0)	(40, 69)	(-39, 69)	(-80, 0)	(-40, -69)	(40, -69)	circle	none	same	right	right	N_dist	(-40, -69)	search	nr	True	95375	96097	right	160	60	110	10	85	135	None	None	testing
4	hm	f	19	red	6	(80, 0)	(40, 69)	(-39, 69)	(-80, 0)	(-40, -69)	(40, -69)	diamond	red	same	right	right	(-80, 0)	(40, -69)	search	nr	True	97245	97825	right	110	10	160	85	60	135	None	None	testing
4	hm	f	19	red	6	(80, 0)	(40, 69)	(-39, 69)	(-80, 0)	(-40, -69)	(40, -69)	diamond	none	dif	right	right	N_dist	(40, 69)	search	nr	True	98881	99794	right	85	160	10	60	35	135	None	None	testing
4	hm	f	19	red	6	(80, 0)	(40, 69)	(-39, 69)	(-80, 0)	(-40, -69)	(40, -69)	circle	red	dif	right	right	(40, -69)	(-40, -69)	probe	tar	None	None	None	None	160	60	85	110	135	10	(-40, -69)	15	testing
4	hm	f	19	red	6	(80, 0)	(40, 69)	(-39, 69)	(-80, 0)	(-40, -69)	(40, -69)	circle	red	dif	right	right	(-80, 0)	(-40, -69)	search	nr	True	103991	104673	right	60	35	160	85	135	10	None	None	testing
4	hm	f	19	red	6	(80, 0)	(40, 69)	(-39, 69)	(-80, 0)	(-40, -69)	(40, -69)	diamond	red	dif	right	right	(-80, 0)	(-39, 69)	search	nr	True	105877	106849	right	35	85	135	10	110	160	None	None	testing
4	hm	f	19	red	6	(80, 0)	(40, 69)	(-39, 69)	(-80, 0)	(-40, -69)	(40, -69)	diamond	red	same	right	right	(-80, 0)	(80, 0)	probe	norm	None	None	None	None	160	135	10	110	60	35	(-39, 69)	14	testing
4	hm	f	19	red	6	(80, 0)	(40, 69)	(-39, 69)	(-80, 0)	(-40, -69)	(40, -69)	diamond	red	dif	right	right	(40, 69)	(40, -69)	probe	l_sin	None	None	None	None	135	60	85	160	110	10	(40, 69)	169	testing
4	hm	f	19	red	6	(80, 0)	(40, 69)	(-39, 69)	(-80, 0)	(-40, -69)	(40, -69)	diamond	red	same	right	right	(-40, -69)	(40, -69)	search	nr	True	114660	115457	right	160	85	135	35	110	10	None	None	testing
4	hm	f	19	red	6	(80, 0)	(40, 69)	(-39, 69)	(-80, 0)	(-40, -69)	(40, -69)	diamond	none	dif	left	left	N_dist	(40, 69)	search	nr	True	116664	117409	left	60	135	35	110	160	85	None	None	testing
4	hm	f	19	red	6	(80, 0)	(40, 69)	(-39, 69)	(-80, 0)	(-40, -69)	(40, -69)	diamond	red	dif	right	right	(-80, 0)	(-40, -69)	search	nr	True	118634	119377	right	35	60	160	10	85	110	None	None	testing
4	hm	f	19	red	6	(80, 0)	(40, 69)	(-39, 69)	(-80, 0)	(-40, -69)	(40, -69)	diamond	red	same	left	left	(-80, 0)	(-39, 69)	search	nr	True	120521	121169	left	85	10	60	35	135	160	None	None	testing
4	hm	f	19	red	6	(80, 0)	(40, 69)	(-39, 69)	(-80, 0)	(-40, -69)	(40, -69)	diamond	red	same	left	left	(-80, 0)	(-39, 69)	search	nr	True	122274	122849	left	110	85	160	35	60	135	None	None	testing
4	hm	f	19	red	6	(80, 0)	(40, 69)	(-39, 69)	(-80, 0)	(-40, -69)	(40, -69)	circle	none	dif	right	right	N_dist	(-40, -69)	search	nr	True	124078	124849	right	160	10	60	110	35	85	None	None	testing
4	hm	f	19	red	6	(80, 0)	(40, 69)	(-39, 69)	(-80, 0)	(-40, -69)	(40, -69)	circle	red	dif	right	right	(40, -69)	(-39, 69)	probe	l_sin	None	None	None	None	85	60	135	110	160	35	(40, -69)	15	testing
4	hm	f	19	red	6	(80, 0)	(40, 69)	(-39, 69)	(-80, 0)	(-40, -69)	(40, -69)	circle	none	same	left	left	N_dist	(-39, 69)	probe	l_norm	None	None	None	None	10	135	85	35	60	110	(40, 69)	15	testing
4	hm	f	19	red	6	(80, 0)	(40, 69)	(-39, 69)	(-80, 0)	(-40, -69)	(40, -69)	diamond	red	dif	left	left	(-80, 0)	(40, 69)	probe	norm	None	None	None	None	135	35	85	160	60	10	(80, 0)	166	testing
4	hm	f	19	red	6	(80, 0)	(40, 69)	(-39, 69)	(-80, 0)	(-40, -69)	(40, -69)	circle	red	same	left	left	(40, -69)	(-40, -69)	search	nr	True	135882	136849	left	135	85	35	60	160	110	None	None	testing
4	hm	f	19	red	6	(80, 0)	(40, 69)	(-39, 69)	(-80, 0)	(-40, -69)	(40, -69)	diamond	red	dif	left	left	(-80, 0)	(40, -69)	probe	tar	None	None	None	None	10	85	110	160	35	60	(40, -69)	13	testing
4	hm	f	19	red	6	(80, 0)	(40, 69)	(-39, 69)	(-80, 0)	(-40, -69)	(40, -69)	diamond	red	same	left	left	(40, -69)	(40, 69)	search	nr	True	141426	142193	left	10	35	85	135	60	160	None	None	testing
4	hm	f	19	red	6	(80, 0)	(40, 69)	(-39, 69)	(-80, 0)	(-40, -69)	(40, -69)	circle	red	dif	right	right	(-80, 0)	(-40, -69)	probe	norm	None	None	None	None	110	35	135	85	10	60	(-39, 69)	8	testing
4	hm	f	19	red	6	(80, 0)	(40, 69)	(-39, 69)	(-80, 0)	(-40, -69)	(40, -69)	diamond	none	same	left	left	N_dist	(-39, 69)	search	nr	True	146752	147425	left	10	110	85	160	35	135	None	None	testing
4	hm	f	19	red	6	(80, 0)	(40, 69)	(-39, 69)	(-80, 0)	(-40, -69)	(40, -69)	diamond	none	same	left	left	N_dist	(-39, 69)	search	nr	True	148722	149537	left	160	10	135	35	85	110	None	None	testing
4	hm	f	19	red	6	(80, 0)	(40, 69)	(-39, 69)	(-80, 0)	(-40, -69)	(40, -69)	circle	none	dif	left	left	N_dist	(80, 0)	search	nr	True	150810	151761	left	135	35	10	160	110	60	None	None	testing
4	hm	f	19	red	6	(80, 0)	(40, 69)	(-39, 69)	(-80, 0)	(-40, -69)	(40, -69)	diamond	none	same	left	left	N_dist	(40, -69)	probe	h_norm	None	None	None	None	160	110	10	85	60	135	(-80, 0)	175	testing
4	hm	f	19	red	6	(80, 0)	(40, 69)	(-39, 69)	(-80, 0)	(-40, -69)	(40, -69)	diamond	red	same	right	right	(-80, 0)	(40, -69)	probe	tar	None	None	None	None	35	160	135	10	85	110	(40, -69)	13	testing
4	hm	f	19	red	6	(80, 0)	(40, 69)	(-39, 69)	(-80, 0)	(-40, -69)	(40, -69)	circle	red	dif	left	left	(-80, 0)	(80, 0)	search	nr	True	159159	160241	left	135	160	10	60	110	85	None	None	testing
4	hm	f	19	red	6	(80, 0)	(40, 69)	(-39, 69)	(-80, 0)	(-40, -69)	(40, -69)	diamond	red	same	right	right	(-40, -69)	(40, -69)	search	nr	True	161497	162241	right	10	60	35	135	160	85	None	None	testing
4	hm	f	19	red	6	(80, 0)	(40, 69)	(-39, 69)	(-80, 0)	(-40, -69)	(40, -69)	circle	none	same	left	left	N_dist	(-39, 69)	probe	l_norm	None	None	None	None	35	10	135	85	60	160	(40, 69)	161	testing
4	hm	f	19	red	6	(80, 0)	(40, 69)	(-39, 69)	(-80, 0)	(-40, -69)	(40, -69)	diamond	red	dif	left	left	(-40, -69)	(40, 69)	search	nr	True	166839	167489	left	10	60	85	135	110	160	None	None	testing
4	hm	f	19	red	6	(80, 0)	(40, 69)	(-39, 69)	(-80, 0)	(-40, -69)	(40, -69)	circle	red	dif	right	right	(-80, 0)	(-40, -69)	search	nr	True	168660	169425	right	10	110	85	35	60	160	None	None	testing
4	hm	f	19	red	6	(80, 0)	(40, 69)	(-39, 69)	(-80, 0)	(-40, -69)	(40, -69)	diamond	red	dif	right	right	(-80, 0)	(-39, 69)	search	nr	True	170546	171329	right	135	35	60	160	85	110	None	None	testing
4	hm	f	19	red	6	(80, 0)	(40, 69)	(-39, 69)	(-80, 0)	(-40, -69)	(40, -69)	diamond	none	dif	left	left	N_dist	(40, 69)	search	nr	True	172617	173345	left	110	35	135	160	60	85	None	None	testing
4	hm	f	19	red	6	(80, 0)	(40, 69)	(-39, 69)	(-80, 0)	(-40, -69)	(40, -69)	diamond	red	same	left	left	(-80, 0)	(-39, 69)	search	nr	True	174403	175089	left	10	60	160	135	85	35	None	None	testing
4	hm	f	19	red	6	(80, 0)	(40, 69)	(-39, 69)	(-80, 0)	(-40, -69)	(40, -69)	diamond	none	dif	right	right	N_dist	(80, 0)	search	nr	True	176207	177057	right	60	10	135	160	85	35	None	None	testing
4	hm	f	19	red	6	(80, 0)	(40, 69)	(-39, 69)	(-80, 0)	(-40, -69)	(40, -69)	circle	none	same	left	left	N_dist	(-39, 69)	search	nr	True	178244	179137	left	110	85	35	10	135	60	None	None	testing
4	hm	f	19	red	6	(80, 0)	(40, 69)	(-39, 69)	(-80, 0)	(-40, -69)	(40, -69)	circle	none	same	right	right	N_dist	(40, 69)	search	nr	True	180214	181345	right	60	35	110	135	10	85	None	None	testing
4	hm	f	19	red	6	(80, 0)	(40, 69)	(-39, 69)	(-80, 0)	(-40, -69)	(40, -69)	diamond	none	dif	right	right	N_dist	(80, 0)	search	nr	True	182602	183297	right	10	160	135	35	60	110	None	None	testing
4	hm	f	19	red	6	(80, 0)	(40, 69)	(-39, 69)	(-80, 0)	(-40, -69)	(40, -69)	diamond	red	same	left	left	(-80, 0)	(-40, -69)	search	nr	True	184405	185233	left	35	10	85	110	135	160	None	None	testing
4	hm	f	19	red	6	(80, 0)	(40, 69)	(-39, 69)	(-80, 0)	(-40, -69)	(40, -69)	circle	red	same	left	left	(-80, 0)	(40, -69)	probe	tar	None	None	None	None	35	85	135	160	60	10	(40, -69)	63	testing
4	hm	f	19	red	6	(80, 0)	(40, 69)	(-39, 69)	(-80, 0)	(-40, -69)	(40, -69)	circle	none	same	left	left	N_dist	(80, 0)	search	nr	True	191301	191985	left	160	35	60	10	135	110	None	None	testing
4	hm	f	19	red	6	(80, 0)	(40, 69)	(-39, 69)	(-80, 0)	(-40, -69)	(40, -69)	diamond	none	dif	left	left	N_dist	(-39, 69)	search	nr	True	193104	193873	left	10	35	160	60	135	110	None	None	testing
4	hm	f	19	red	6	(80, 0)	(40, 69)	(-39, 69)	(-80, 0)	(-40, -69)	(40, -69)	diamond	red	dif	left	left	(-80, 0)	(80, 0)	search	nr	True	195025	195665	left	85	60	160	135	110	10	None	None	testing
4	hm	f	19	red	6	(80, 0)	(40, 69)	(-39, 69)	(-80, 0)	(-40, -69)	(40, -69)	diamond	red	same	left	left	(-80, 0)	(-40, -69)	search	nr	True	196745	197521	left	10	160	60	135	35	85	None	None	testing
4	hm	f	19	red	6	(80, 0)	(40, 69)	(-39, 69)	(-80, 0)	(-40, -69)	(40, -69)	circle	none	same	left	left	N_dist	(40, 69)	search	nr	True	198615	199857	left	110	60	85	35	160	135	None	None	testing
4	hm	f	19	red	6	(80, 0)	(40, 69)	(-39, 69)	(-80, 0)	(-40, -69)	(40, -69)	circle	red	dif	right	right	(-39, 69)	(40, 69)	search	nr	True	200986	201937	right	10	35	110	160	85	60	None	None	testing
4	hm	f	19	red	6	(80, 0)	(40, 69)	(-39, 69)	(-80, 0)	(-40, -69)	(40, -69)	circle	red	same	right	right	(-80, 0)	(40, 69)	probe	h_sin	None	None	None	None	10	60	85	35	160	135	(-80, 0)	8	testing
4	hm	f	19	red	6	(80, 0)	(40, 69)	(-39, 69)	(-80, 0)	(-40, -69)	(40, -69)	diamond	none	dif	right	right	N_dist	(40, -69)	search	nr	True	206646	207377	right	135	35	85	10	110	60	None	None	testing
4	hm	f	19	red	6	(80, 0)	(40, 69)	(-39, 69)	(-80, 0)	(-40, -69)	(40, -69)	circle	red	same	right	right	(-40, -69)	(-39, 69)	search	nr	True	208566	209505	right	110	60	35	85	10	160	None	None	testing
4	hm	f	19	red	6	(80, 0)	(40, 69)	(-39, 69)	(-80, 0)	(-40, -69)	(40, -69)	circle	red	dif	right	right	(-80, 0)	(80, 0)	search	nr	True	210687	211345	right	160	110	135	10	35	60	None	None	testing
4	hm	f	19	red	6	(80, 0)	(40, 69)	(-39, 69)	(-80, 0)	(-40, -69)	(40, -69)	circle	red	dif	left	left	(40, 69)	(40, -69)	search	nr	True	212457	213025	left	110	35	135	160	10	60	None	None	testing
4	hm	f	19	red	6	(80, 0)	(40, 69)	(-39, 69)	(-80, 0)	(-40, -69)	(40, -69)	diamond	red	dif	left	left	(-80, 0)	(40, 69)	search	nr	True	214243	215777	left	135	35	60	85	160	10	None	None	testing
4	hm	f	19	red	6	(80, 0)	(40, 69)	(-39, 69)	(-80, 0)	(-40, -69)	(40, -69)	circle	red	dif	right	right	(-80, 0)	(80, 0)	search	nr	True	217065	217857	right	110	85	135	10	160	60	None	None	testing
4	hm	f	19	red	6	(80, 0)	(40, 69)	(-39, 69)	(-80, 0)	(-40, -69)	(40, -69)	circle	red	same	left	left	(-39, 69)	(-40, -69)	search	nr	True	218952	219729	left	60	110	160	10	135	85	None	None	testing
4	hm	f	19	red	6	(80, 0)	(40, 69)	(-39, 69)	(-80, 0)	(-40, -69)	(40, -69)	diamond	red	same	right	right	(40, 69)	(-40, -69)	probe	tar	None	None	None	None	135	160	60	35	85	10	(-40, -69)	177	testing
4	hm	f	19	red	6	(80, 0)	(40, 69)	(-39, 69)	(-80, 0)	(-40, -69)	(40, -69)	diamond	red	dif	right	right	(-80, 0)	(-39, 69)	search	nr	True	224395	225121	right	85	10	35	160	110	135	None	None	testing
4	hm	f	19	red	6	(80, 0)	(40, 69)	(-39, 69)	(-80, 0)	(-40, -69)	(40, -69)	diamond	red	same	left	left	(-80, 0)	(-39, 69)	probe	norm	None	None	None	None	135	35	10	110	85	60	(-40, -69)	11	testing
4	hm	f	19	red	6	(80, 0)	(40, 69)	(-39, 69)	(-80, 0)	(-40, -69)	(40, -69)	circle	red	dif	left	left	(-80, 0)	(-40, -69)	probe	tar	None	None	None	None	85	35	110	160	135	10	(-40, -69)	14	testing
4	hm	f	19	red	6	(80, 0)	(40, 69)	(-39, 69)	(-80, 0)	(-40, -69)	(40, -69)	circle	none	dif	right	right	N_dist	(80, 0)	search	nr	True	232494	233425	right	85	135	160	35	60	10	None	None	testing
4	hm	f	19	red	6	(80, 0)	(40, 69)	(-39, 69)	(-80, 0)	(-40, -69)	(40, -69)	circle	none	same	right	right	N_dist	(-80, 0)	search	nr	True	234480	235169	right	85	10	160	35	60	110	None	None	testing
4	hm	f	19	red	6	(80, 0)	(40, 69)	(-39, 69)	(-80, 0)	(-40, -69)	(40, -69)	diamond	none	same	right	right	N_dist	(-40, -69)	probe	l_norm	None	None	None	None	10	110	160	35	60	135	(80, 0)	157	testing
4	hm	f	19	red	6	(80, 0)	(40, 69)	(-39, 69)	(-80, 0)	(-40, -69)	(40, -69)	circle	red	same	left	left	(-80, 0)	(40, -69)	search	nr	True	239857	240609	left	60	160	135	110	35	10	None	None	testing
4	hm	f	19	red	6	(80, 0)	(40, 69)	(-39, 69)	(-80, 0)	(-40, -69)	(40, -69)	circle	red	dif	right	right	(-80, 0)	(40, 69)	probe	norm	None	None	None	None	35	135	60	160	10	85	(80, 0)	149	testing
4	hm	f	19	red	6	(80, 0)	(40, 69)	(-39, 69)	(-80, 0)	(-40, -69)	(40, -69)	circle	red	same	left	left	(-80, 0)	(40, -69)	search	nr	True	245668	246241	left	60	35	85	160	110	135	None	None	testing
4	hm	f	19	red	6	(80, 0)	(40, 69)	(-39, 69)	(-80, 0)	(-40, -69)	(40, -69)	circle	none	same	right	right	N_dist	(-80, 0)	probe	h_tar	None	None	None	None	60	85	160	135	110	35	(-80, 0)	8	testing
4	hm	f	19	red	6	(80, 0)	(40, 69)	(-39, 69)	(-80, 0)	(-40, -69)	(40, -69)	diamond	none	dif	right	right	N_dist	(-40, -69)	search	nr	True	250226	251073	right	10	60	85	160	110	135	None	None	testing
4	hm	f	19	red	6	(80, 0)	(40, 69)	(-39, 69)	(-80, 0)	(-40, -69)	(40, -69)	circle	red	same	right	right	(-39, 69)	(80, 0)	search	nr	True	252280	253185	right	135	60	160	110	10	35	None	None	testing
4	hm	f	19	red	6	(80, 0)	(40, 69)	(-39, 69)	(-80, 0)	(-40, -69)	(40, -69)	diamond	none	same	left	left	N_dist	(-39, 69)	search	nr	True	254383	255281	left	135	10	110	35	85	160	None	None	testing
4	hm	f	19	red	6	(80, 0)	(40, 69)	(-39, 69)	(-80, 0)	(-40, -69)	(40, -69)	circle	red	dif	left	left	(-80, 0)	(-40, -69)	search	nr	True	256420	257169	left	110	10	135	85	35	60	None	None	testing
4	hm	f	19	red	6	(80, 0)	(40, 69)	(-39, 69)	(-80, 0)	(-40, -69)	(40, -69)	diamond	red	same	right	right	(-80, 0)	(40, -69)	search	nr	True	258257	259361	right	85	160	10	60	135	35	None	None	testing
4	hm	f	19	red	6	(80, 0)	(40, 69)	(-39, 69)	(-80, 0)	(-40, -69)	(40, -69)	diamond	red	dif	right	right	(-39, 69)	(40, -69)	search	nr	True	260445	261057	right	10	110	135	35	60	85	None	None	testing
4	hm	f	19	red	6	(80, 0)	(40, 69)	(-39, 69)	(-80, 0)	(-40, -69)	(40, -69)	circle	red	dif	left	left	(-80, 0)	(80, 0)	search	nr	True	262231	262929	left	110	85	135	35	60	160	None	None	testing
4	hm	f	19	red	6	(80, 0)	(40, 69)	(-39, 69)	(-80, 0)	(-40, -69)	(40, -69)	diamond	none	same	right	right	N_dist	(-40, -69)	search	nr	True	264002	265105	right	10	60	135	160	35	85	None	None	testing
4	hm	f	19	red	6	(80, 0)	(40, 69)	(-39, 69)	(-80, 0)	(-40, -69)	(40, -69)	diamond	red	dif	right	right	(40, 69)	(40, -69)	search	nr	True	266389	267377	right	10	60	135	35	110	160	None	None	testing
4	hm	f	19	red	6	(80, 0)	(40, 69)	(-39, 69)	(-80, 0)	(-40, -69)	(40, -69)	diamond	none	dif	right	right	N_dist	(40, -69)	search	nr	True	268460	269185	right	110	60	35	85	10	135	None	None	testing
4	hm	f	19	red	6	(80, 0)	(40, 69)	(-39, 69)	(-80, 0)	(-40, -69)	(40, -69)	diamond	red	same	left	left	(-80, 0)	(-40, -69)	probe	norm	None	None	None	None	160	110	135	85	60	10	(40, 69)	13	testing
4	hm	f	19	red	6	(80, 0)	(40, 69)	(-39, 69)	(-80, 0)	(-40, -69)	(40, -69)	diamond	none	same	left	left	N_dist	(40, -69)	search	nr	True	274003	275121	left	85	110	35	160	135	10	None	None	testing
4	hm	f	19	red	6	(80, 0)	(40, 69)	(-39, 69)	(-80, 0)	(-40, -69)	(40, -69)	circle	red	dif	left	left	(-80, 0)	(-39, 69)	search	nr	True	276408	277265	left	10	35	60	160	110	135	None	None	testing
4	hm	f	19	red	6	(80, 0)	(40, 69)	(-39, 69)	(-80, 0)	(-40, -69)	(40, -69)	circle	red	dif	right	right	(-80, 0)	(-40, -69)	search	nr	True	278445	279217	right	110	10	135	85	60	35	None	None	testing
4	hm	f	19	red	6	(80, 0)	(40, 69)	(-39, 69)	(-80, 0)	(-40, -69)	(40, -69)	diamond	red	same	right	right	(40, 69)	(-40, -69)	search	nr	True	280482	281217	right	135	85	60	160	110	35	None	None	testing
4	hm	f	19	red	6	(80, 0)	(40, 69)	(-39, 69)	(-80, 0)	(-40, -69)	(40, -69)	circle	red	same	right	right	(-40, -69)	(40, -69)	search	nr	True	282285	283105	right	60	35	85	135	110	10	None	None	testing
4	hm	f	19	red	6	(80, 0)	(40, 69)	(-39, 69)	(-80, 0)	(-40, -69)	(40, -69)	circle	none	dif	right	right	N_dist	(-39, 69)	search	nr	True	284239	284929	right	135	35	160	85	110	60	None	None	testing
4	hm	f	19	red	6	(80, 0)	(40, 69)	(-39, 69)	(-80, 0)	(-40, -69)	(40, -69)	diamond	none	same	right	right	N_dist	(-40, -69)	search	nr	True	286142	287169	right	10	110	35	135	85	160	None	None	testing
4	hm	f	19	red	6	(80, 0)	(40, 69)	(-39, 69)	(-80, 0)	(-40, -69)	(40, -69)	diamond	red	same	left	left	(-39, 69)	(80, 0)	search	nr	True	288279	289377	left	85	60	35	110	10	135	None	None	testing
4	hm	f	19	red	6	(80, 0)	(40, 69)	(-39, 69)	(-80, 0)	(-40, -69)	(40, -69)	diamond	red	dif	right	right	(-80, 0)	(40, 69)	search	nr	True	290600	291409	right	110	10	35	160	60	135	None	None	testing
4	hm	f	19	red	6	(80, 0)	(40, 69)	(-39, 69)	(-80, 0)	(-40, -69)	(40, -69)	circle	none	dif	left	left	N_dist	(40, 69)	search	nr	True	292654	293633	left	160	135	85	60	110	10	None	None	testing
4	hm	f	19	red	6	(80, 0)	(40, 69)	(-39, 69)	(-80, 0)	(-40, -69)	(40, -69)	circle	none	same	right	right	N_dist	(-80, 0)	probe	h_tar	None	None	None	None	60	135	35	10	160	85	(-80, 0)	71	testing
4	hm	f	19	red	6	(80, 0)	(40, 69)	(-39, 69)	(-80, 0)	(-40, -69)	(40, -69)	diamond	none	same	left	left	N_dist	(40, -69)	search	nr	True	299366	299985	left	60	110	135	160	85	10	None	None	testing
4	hm	f	19	red	6	(80, 0)	(40, 69)	(-39, 69)	(-80, 0)	(-40, -69)	(40, -69)	circle	red	dif	right	right	(40, -69)	(-40, -69)	search	nr	True	301203	302145	right	160	60	85	135	35	110	None	None	testing
4	hm	f	19	red	6	(80, 0)	(40, 69)	(-39, 69)	(-80, 0)	(-40, -69)	(40, -69)	diamond	red	dif	left	left	(-80, 0)	(80, 0)	search	nr	True	303273	304017	left	10	160	110	35	85	60	None	None	testing
4	hm	f	19	red	6	(80, 0)	(40, 69)	(-39, 69)	(-80, 0)	(-40, -69)	(40, -69)	circle	none	same	right	right	N_dist	(-40, -69)	probe	l_tar	None	None	None	None	85	160	10	135	110	60	(-40, -69)	6	testing
4	hm	f	19	red	6	(80, 0)	(40, 69)	(-39, 69)	(-80, 0)	(-40, -69)	(40, -69)	diamond	red	dif	right	right	(-80, 0)	(-40, -69)	search	nr	True	308500	309137	right	10	85	135	160	110	60	None	None	testing
4	hm	f	19	red	6	(80, 0)	(40, 69)	(-39, 69)	(-80, 0)	(-40, -69)	(40, -69)	circle	red	dif	right	right	(-80, 0)	(40, -69)	search	nr	True	310403	311633	right	160	85	10	110	135	35	None	None	testing
4	hm	f	19	red	6	(80, 0)	(40, 69)	(-39, 69)	(-80, 0)	(-40, -69)	(40, -69)	diamond	red	same	right	right	(80, 0)	(40, 69)	search	nr	True	312691	313553	right	60	160	10	135	110	35	None	None	testing
4	hm	f	19	red	6	(80, 0)	(40, 69)	(-39, 69)	(-80, 0)	(-40, -69)	(40, -69)	diamond	red	dif	right	right	(-80, 0)	(40, 69)	probe	norm	None	None	None	None	110	35	60	10	135	85	(-40, -69)	172	testing
4	hm	f	19	red	6	(80, 0)	(40, 69)	(-39, 69)	(-80, 0)	(-40, -69)	(40, -69)	circle	red	dif	left	left	(40, 69)	(40, -69)	probe	tar	None	None	None	None	110	60	35	10	160	135	(40, -69)	26	testing
4	hm	f	19	red	6	(80, 0)	(40, 69)	(-39, 69)	(-80, 0)	(-40, -69)	(40, -69)	diamond	red	dif	right	right	(40, 69)	(40, -69)	search	nr	True	321708	322432	right	85	110	10	35	135	160	None	None	testing
4	hm	f	19	red	6	(80, 0)	(40, 69)	(-39, 69)	(-80, 0)	(-40, -69)	(40, -69)	circle	red	same	right	right	(-39, 69)	(80, 0)	probe	tar	None	None	None	None	135	35	110	160	60	10	(80, 0)	28	testing
4	hm	f	19	red	6	(80, 0)	(40, 69)	(-39, 69)	(-80, 0)	(-40, -69)	(40, -69)	circle	red	same	left	left	(-80, 0)	(40, -69)	probe	tar	None	None	None	None	85	160	35	135	110	60	(40, -69)	168	testing
4	hm	f	19	red	6	(80, 0)	(40, 69)	(-39, 69)	(-80, 0)	(-40, -69)	(40, -69)	diamond	red	same	right	right	(80, 0)	(-39, 69)	probe	norm	None	None	None	None	85	10	110	160	35	60	(-80, 0)	4	testing
4	hm	f	19	red	6	(80, 0)	(40, 69)	(-39, 69)	(-80, 0)	(-40, -69)	(40, -69)	circle	red	same	right	right	(-80, 0)	(-39, 69)	probe	h_sin	None	None	None	None	35	85	60	10	135	110	(-80, 0)	7	testing
4	hm	f	19	red	6	(80, 0)	(40, 69)	(-39, 69)	(-80, 0)	(-40, -69)	(40, -69)	circle	red	same	left	left	(-80, 0)	(-40, -69)	search	nr	True	337770	339041	left	160	60	85	110	10	135	None	None	testing
4	hm	f	19	red	6	(80, 0)	(40, 69)	(-39, 69)	(-80, 0)	(-40, -69)	(40, -69)	diamond	red	dif	left	left	(-80, 0)	(40, -69)	search	nr	True	340208	341249	left	10	160	35	60	135	85	None	None	testing
4	hm	f	19	red	6	(80, 0)	(40, 69)	(-39, 69)	(-80, 0)	(-40, -69)	(40, -69)	circle	red	dif	left	left	(-80, 0)	(40, 69)	search	nr	True	342462	343441	left	10	135	110	85	60	160	None	None	testing
4	hm	f	19	red	6	(80, 0)	(40, 69)	(-39, 69)	(-80, 0)	(-40, -69)	(40, -69)	circle	red	same	left	left	(80, 0)	(-39, 69)	search	nr	True	344616	345473	left	135	35	85	110	10	160	None	None	testing
4	hm	f	19	red	6	(80, 0)	(40, 69)	(-39, 69)	(-80, 0)	(-40, -69)	(40, -69)	diamond	red	dif	left	left	(-80, 0)	(40, 69)	probe	h_sin	None	None	None	None	110	10	85	135	35	160	(-80, 0)	5	testing
4	hm	f	19	red	6	(80, 0)	(40, 69)	(-39, 69)	(-80, 0)	(-40, -69)	(40, -69)	circle	red	dif	right	right	(40, -69)	(-39, 69)	search	nr	True	349943	350736	right	160	35	10	60	110	135	None	None	testing
4	hm	f	19	red	6	(80, 0)	(40, 69)	(-39, 69)	(-80, 0)	(-40, -69)	(40, -69)	circle	red	same	right	right	(40, 69)	(-40, -69)	search	nr	True	351879	352657	right	135	35	10	160	60	85	None	None	testing
4	hm	f	19	red	6	(80, 0)	(40, 69)	(-39, 69)	(-80, 0)	(-40, -69)	(40, -69)	circle	red	same	left	left	(-80, 0)	(-40, -69)	probe	tar	None	None	None	None	160	10	60	35	85	110	(-40, -69)	175	testing
4	hm	f	19	red	6	(80, 0)	(40, 69)	(-39, 69)	(-80, 0)	(-40, -69)	(40, -69)	diamond	none	same	left	left	N_dist	(-80, 0)	probe	h_tar	None	None	None	None	60	135	160	85	110	10	(-80, 0)	177	testing
4	hm	f	19	red	6	(80, 0)	(40, 69)	(-39, 69)	(-80, 0)	(-40, -69)	(40, -69)	diamond	none	same	right	right	N_dist	(40, -69)	search	nr	True	360428	361121	right	110	35	160	60	135	10	None	None	testing
4	hm	f	19	red	6	(80, 0)	(40, 69)	(-39, 69)	(-80, 0)	(-40, -69)	(40, -69)	circle	red	same	right	right	(-80, 0)	(80, 0)	search	nr	True	362182	362960	right	85	110	10	60	135	160	None	None	testing
4	hm	f	19	red	6	(80, 0)	(40, 69)	(-39, 69)	(-80, 0)	(-40, -69)	(40, -69)	circle	none	same	right	right	N_dist	(40, -69)	probe	h_norm	None	None	None	None	60	135	35	110	10	160	(-80, 0)	10	testing
4	hm	f	19	red	6	(80, 0)	(40, 69)	(-39, 69)	(-80, 0)	(-40, -69)	(40, -69)	diamond	red	dif	left	left	(-80, 0)	(40, 69)	search	nr	True	368059	368737	left	60	85	135	160	110	35	None	None	testing
4	hm	f	19	red	6	(80, 0)	(40, 69)	(-39, 69)	(-80, 0)	(-40, -69)	(40, -69)	circle	red	dif	right	right	(40, -69)	(80, 0)	search	nr	True	369996	370913	right	60	35	135	110	10	160	None	None	testing
4	hm	f	19	red	6	(80, 0)	(40, 69)	(-39, 69)	(-80, 0)	(-40, -69)	(40, -69)	diamond	none	same	left	left	N_dist	(-80, 0)	search	nr	True	372100	372737	left	135	85	35	160	110	60	None	None	testing
4	hm	f	19	red	6	(80, 0)	(40, 69)	(-39, 69)	(-80, 0)	(-40, -69)	(40, -69)	circle	none	dif	left	left	N_dist	(40, 69)	search	nr	True	374037	374785	left	60	160	135	85	10	110	None	None	testing
4	hm	f	19	red	6	(80, 0)	(40, 69)	(-39, 69)	(-80, 0)	(-40, -69)	(40, -69)	circle	none	dif	left	left	N_dist	(40, 69)	probe	h_norm	None	None	None	None	85	60	35	110	160	10	(-80, 0)	8	testing
4	hm	f	19	red	6	(80, 0)	(40, 69)	(-39, 69)	(-80, 0)	(-40, -69)	(40, -69)	diamond	red	dif	left	left	(-80, 0)	(40, 69)	search	nr	True	379129	379777	left	35	10	85	60	110	135	None	None	testing
4	hm	f	19	red	6	(80, 0)	(40, 69)	(-39, 69)	(-80, 0)	(-40, -69)	(40, -69)	diamond	red	same	left	left	(40, 69)	(-39, 69)	search	nr	True	380833	381537	left	85	35	160	60	110	10	None	None	testing
4	hm	f	19	red	6	(80, 0)	(40, 69)	(-39, 69)	(-80, 0)	(-40, -69)	(40, -69)	diamond	none	dif	left	left	N_dist	(80, 0)	probe	l_norm	None	None	None	None	85	10	110	160	60	35	(40, 69)	153	testing
4	hm	f	19	red	6	(80, 0)	(40, 69)	(-39, 69)	(-80, 0)	(-40, -69)	(40, -69)	circle	red	dif	left	left	(-80, 0)	(80, 0)	search	nr	True	386877	387761	left	85	10	135	160	35	60	None	None	testing
4	hm	f	19	red	6	(80, 0)	(40, 69)	(-39, 69)	(-80, 0)	(-40, -69)	(40, -69)	diamond	red	same	left	left	(40, -69)	(40, 69)	probe	l_sin	None	None	None	None	110	10	60	135	160	35	(40, -69)	21	testing
4	hm	f	19	red	6	(80, 0)	(40, 69)	(-39, 69)	(-80, 0)	(-40, -69)	(40, -69)	diamond	none	dif	right	right	N_dist	(40, 69)	search	nr	True	392655	393409	right	10	85	135	35	160	110	None	None	testing
4	hm	f	19	red	6	(80, 0)	(40, 69)	(-39, 69)	(-80, 0)	(-40, -69)	(40, -69)	diamond	red	same	left	left	(-80, 0)	(40, 69)	probe	h_sin	None	None	None	None	35	85	135	60	160	110	(-80, 0)	11	testing
4	hm	f	19	red	6	(80, 0)	(40, 69)	(-39, 69)	(-80, 0)	(-40, -69)	(40, -69)	circle	red	same	right	right	(-80, 0)	(-40, -69)	search	nr	True	397931	398833	right	160	110	60	85	135	10	None	None	testing
4	hm	f	19	red	6	(80, 0)	(40, 69)	(-39, 69)	(-80, 0)	(-40, -69)	(40, -69)	circle	red	dif	right	right	(80, 0)	(-39, 69)	search	nr	True	400068	400801	right	85	110	10	160	35	60	None	None	testing
4	hm	f	19	red	6	(80, 0)	(40, 69)	(-39, 69)	(-80, 0)	(-40, -69)	(40, -69)	circle	red	same	right	right	(-40, -69)	(40, -69)	probe	l_sin	None	None	None	None	135	110	10	85	60	35	(-40, -69)	172	testing
4	hm	f	19	red	6	(80, 0)	(40, 69)	(-39, 69)	(-80, 0)	(-40, -69)	(40, -69)	diamond	red	same	right	right	(80, 0)	(40, -69)	search	nr	True	405227	406001	right	85	160	110	135	10	35	None	None	testing
4	hm	f	19	red	6	(80, 0)	(40, 69)	(-39, 69)	(-80, 0)	(-40, -69)	(40, -69)	circle	none	dif	right	right	N_dist	(-39, 69)	probe	l_norm	None	None	None	None	110	85	10	35	160	135	(-40, -69)	170	testing
4	hm	f	19	red	6	(80, 0)	(40, 69)	(-39, 69)	(-80, 0)	(-40, -69)	(40, -69)	diamond	red	same	left	left	(-39, 69)	(40, 69)	search	nr	True	410754	411969	left	135	60	110	10	85	160	None	None	testing
4	hm	f	19	red	6	(80, 0)	(40, 69)	(-39, 69)	(-80, 0)	(-40, -69)	(40, -69)	diamond	red	same	right	right	(-80, 0)	(40, -69)	search	nr	True	413259	413969	right	85	110	135	10	60	160	None	None	testing
4	hm	f	19	red	6	(80, 0)	(40, 69)	(-39, 69)	(-80, 0)	(-40, -69)	(40, -69)	diamond	red	same	right	right	(80, 0)	(-39, 69)	search	nr	True	415079	415729	right	60	110	85	35	160	10	None	None	testing
4	hm	f	19	red	6	(80, 0)	(40, 69)	(-39, 69)	(-80, 0)	(-40, -69)	(40, -69)	circle	none	same	left	left	N_dist	(-39, 69)	search	nr	True	416982	417697	left	10	60	110	160	35	85	None	None	testing
4	hm	f	19	red	6	(80, 0)	(40, 69)	(-39, 69)	(-80, 0)	(-40, -69)	(40, -69)	diamond	red	dif	right	right	(-80, 0)	(-39, 69)	probe	h_sin	None	None	None	None	160	10	110	35	60	135	(-80, 0)	8	testing
4	hm	f	19	red	6	(80, 0)	(40, 69)	(-39, 69)	(-80, 0)	(-40, -69)	(40, -69)	circle	red	same	right	right	(-80, 0)	(-40, -69)	search	nr	True	422509	423185	right	85	135	160	110	35	10	None	None	testing
4	hm	f	19	red	6	(80, 0)	(40, 69)	(-39, 69)	(-80, 0)	(-40, -69)	(40, -69)	circle	none	dif	left	left	N_dist	(40, 69)	probe	h_norm	None	None	None	None	110	160	135	85	10	35	(-80, 0)	175	testing
4	hm	f	19	red	6	(80, 0)	(40, 69)	(-39, 69)	(-80, 0)	(-40, -69)	(40, -69)	diamond	none	same	right	right	N_dist	(-40, -69)	search	nr	True	427268	427936	right	160	35	10	60	85	110	None	None	testing
4	hm	f	19	red	6	(80, 0)	(40, 69)	(-39, 69)	(-80, 0)	(-40, -69)	(40, -69)	circle	none	dif	left	left	N_dist	(-80, 0)	probe	h_tar	None	None	None	None	35	160	110	135	60	10	(-80, 0)	8	testing
4	hm	f	19	red	6	(80, 0)	(40, 69)	(-39, 69)	(-80, 0)	(-40, -69)	(40, -69)	circle	red	same	left	left	(-80, 0)	(80, 0)	search	nr	True	432394	433041	left	110	135	85	10	60	35	None	None	testing
4	hm	f	19	red	6	(80, 0)	(40, 69)	(-39, 69)	(-80, 0)	(-40, -69)	(40, -69)	circle	red	dif	right	right	(40, -69)	(80, 0)	search	nr	True	434231	434897	right	135	85	10	60	160	35	None	None	testing
4	hm	f	19	red	6	(80, 0)	(40, 69)	(-39, 69)	(-80, 0)	(-40, -69)	(40, -69)	diamond	none	dif	left	left	N_dist	(40, -69)	probe	l_norm	None	None	None	None	110	35	10	160	60	135	(-39, 69)	20	testing
4	hm	f	19	red	6	(80, 0)	(40, 69)	(-39, 69)	(-80, 0)	(-40, -69)	(40, -69)	circle	red	same	right	right	(-80, 0)	(-39, 69)	search	nr	True	440042	440752	right	35	135	160	60	85	110	None	None	testing
4	hm	f	19	red	6	(80, 0)	(40, 69)	(-39, 69)	(-80, 0)	(-40, -69)	(40, -69)	circle	red	dif	left	left	(80, 0)	(-39, 69)	search	nr	True	441912	442641	left	110	60	10	135	85	35	None	None	testing
4	hm	f	19	red	6	(80, 0)	(40, 69)	(-39, 69)	(-80, 0)	(-40, -69)	(40, -69)	circle	none	dif	left	left	N_dist	(40, 69)	probe	l_norm	None	None	None	None	60	135	110	35	160	85	(80, 0)	164	testing
4	hm	f	19	red	6	(80, 0)	(40, 69)	(-39, 69)	(-80, 0)	(-40, -69)	(40, -69)	circle	none	same	left	left	N_dist	(40, 69)	search	nr	True	447254	447920	left	135	110	60	85	160	10	None	None	testing
4	hm	f	19	red	6	(80, 0)	(40, 69)	(-39, 69)	(-80, 0)	(-40, -69)	(40, -69)	circle	red	same	left	left	(-80, 0)	(40, -69)	search	nr	True	449058	449777	left	160	35	110	135	85	10	None	None	testing
4	hm	f	19	red	6	(80, 0)	(40, 69)	(-39, 69)	(-80, 0)	(-40, -69)	(40, -69)	circle	red	dif	left	left	(-80, 0)	(40, 69)	search	nr	True	451028	451712	left	135	110	35	160	60	85	None	None	testing
4	hm	f	19	red	6	(80, 0)	(40, 69)	(-39, 69)	(-80, 0)	(-40, -69)	(40, -69)	circle	red	dif	right	right	(-80, 0)	(40, 69)	search	nr	True	452881	453569	right	60	10	85	160	135	35	None	None	testing
4	hm	f	19	red	6	(80, 0)	(40, 69)	(-39, 69)	(-80, 0)	(-40, -69)	(40, -69)	diamond	red	dif	right	right	(-39, 69)	(40, -69)	probe	l_sin	None	None	None	None	10	160	110	60	35	135	(-39, 69)	7	testing
4	hm	f	19	red	6	(80, 0)	(40, 69)	(-39, 69)	(-80, 0)	(-40, -69)	(40, -69)	diamond	red	dif	left	left	(-80, 0)	(40, -69)	search	nr	True	458893	459761	left	135	10	160	60	110	85	None	None	testing
4	hm	f	19	red	6	(80, 0)	(40, 69)	(-39, 69)	(-80, 0)	(-40, -69)	(40, -69)	diamond	red	same	right	right	(-80, 0)	(40, -69)	probe	h_sin	None	None	None	None	10	135	85	35	110	60	(-80, 0)	9	testing
4	hm	f	19	red	6	(80, 0)	(40, 69)	(-39, 69)	(-80, 0)	(-40, -69)	(40, -69)	circle	none	same	right	right	N_dist	(40, 69)	probe	h_norm	None	None	None	None	135	85	10	110	35	160	(-80, 0)	10	testing
4	hm	f	19	red	6	(80, 0)	(40, 69)	(-39, 69)	(-80, 0)	(-40, -69)	(40, -69)	diamond	none	same	left	left	N_dist	(-39, 69)	search	nr	True	467492	468225	left	60	135	110	85	10	160	None	None	testing
4	hm	f	19	red	6	(80, 0)	(40, 69)	(-39, 69)	(-80, 0)	(-40, -69)	(40, -69)	circle	red	same	left	left	(80, 0)	(-39, 69)	probe	l_sin	None	None	None	None	35	85	10	135	160	110	(80, 0)	163	testing
4	hm	f	19	red	6	(80, 0)	(40, 69)	(-39, 69)	(-80, 0)	(-40, -69)	(40, -69)	diamond	red	dif	right	right	(-80, 0)	(40, 69)	search	nr	True	472318	473153	right	60	110	135	85	160	35	None	None	testing
4	hm	f	19	red	6	(80, 0)	(40, 69)	(-39, 69)	(-80, 0)	(-40, -69)	(40, -69)	circle	red	same	left	left	(40, -69)	(-40, -69)	search	nr	True	474321	475057	left	110	10	135	85	60	160	None	None	testing
4	hm	f	19	red	6	(80, 0)	(40, 69)	(-39, 69)	(-80, 0)	(-40, -69)	(40, -69)	diamond	red	same	left	left	(-80, 0)	(-40, -69)	search	nr	True	476325	476960	left	160	35	135	85	110	10	None	None	testing
4	hm	f	19	red	6	(80, 0)	(40, 69)	(-39, 69)	(-80, 0)	(-40, -69)	(40, -69)	circle	red	dif	left	left	(-80, 0)	(-39, 69)	probe	h_sin	None	None	None	None	110	10	135	160	60	35	(-80, 0)	6	testing
4	hm	f	19	red	6	(80, 0)	(40, 69)	(-39, 69)	(-80, 0)	(-40, -69)	(40, -69)	circle	red	same	right	right	(-80, 0)	(80, 0)	probe	norm	None	None	None	None	110	10	135	85	35	60	(40, 69)	35	testing
4	hm	f	19	red	6	(80, 0)	(40, 69)	(-39, 69)	(-80, 0)	(-40, -69)	(40, -69)	diamond	red	same	right	right	(80, 0)	(40, -69)	search	nr	True	487094	488033	right	10	135	85	35	60	110	None	None	testing
4	hm	f	19	red	6	(80, 0)	(40, 69)	(-39, 69)	(-80, 0)	(-40, -69)	(40, -69)	diamond	red	same	right	right	(-80, 0)	(40, -69)	search	nr	True	489215	490001	right	110	160	85	135	10	35	None	None	testing
4	hm	f	19	red	6	(80, 0)	(40, 69)	(-39, 69)	(-80, 0)	(-40, -69)	(40, -69)	circle	red	dif	right	right	(-39, 69)	(40, 69)	search	nr	True	491085	491888	right	160	110	10	35	135	85	None	None	testing
4	hm	f	19	red	6	(80, 0)	(40, 69)	(-39, 69)	(-80, 0)	(-40, -69)	(40, -69)	circle	none	same	left	left	N_dist	(80, 0)	probe	l_tar	None	None	None	None	160	85	110	135	60	10	(80, 0)	18	testing
4	hm	f	19	red	6	(80, 0)	(40, 69)	(-39, 69)	(-80, 0)	(-40, -69)	(40, -69)	diamond	none	dif	left	left	N_dist	(40, -69)	search	nr	True	496612	497216	left	85	110	135	160	60	35	None	None	testing
4	hm	f	19	red	6	(80, 0)	(40, 69)	(-39, 69)	(-80, 0)	(-40, -69)	(40, -69)	circle	red	same	right	right	(-40, -69)	(40, -69)	search	nr	True	498465	499201	right	135	35	10	85	110	60	None	None	testing
4	hm	f	19	red	6	(80, 0)	(40, 69)	(-39, 69)	(-80, 0)	(-40, -69)	(40, -69)	diamond	red	dif	left	left	(-80, 0)	(40, -69)	search	nr	True	500469	501169	left	85	135	160	60	35	10	None	None	testing
4	hm	f	19	red	6	(80, 0)	(40, 69)	(-39, 69)	(-80, 0)	(-40, -69)	(40, -69)	diamond	none	same	right	right	N_dist	(-40, -69)	search	nr	True	502273	502993	right	85	110	60	35	135	160	None	None	testing
4	hm	f	19	red	6	(80, 0)	(40, 69)	(-39, 69)	(-80, 0)	(-40, -69)	(40, -69)	circle	red	dif	left	left	(-80, 0)	(80, 0)	search	nr	True	504143	504785	left	60	135	160	110	85	35	None	None	testing
4	hm	f	19	red	6	(80, 0)	(40, 69)	(-39, 69)	(-80, 0)	(-40, -69)	(40, -69)	diamond	none	dif	right	right	N_dist	(80, 0)	search	nr	True	506046	506945	right	85	35	60	110	160	10	None	None	testing
4	hm	f	19	red	6	(80, 0)	(40, 69)	(-39, 69)	(-80, 0)	(-40, -69)	(40, -69)	circle	red	dif	left	left	(-80, 0)	(-40, -69)	search	nr	True	508267	509025	left	110	10	35	135	85	60	None	None	testing
4	hm	f	19	red	6	(80, 0)	(40, 69)	(-39, 69)	(-80, 0)	(-40, -69)	(40, -69)	diamond	red	same	left	left	(40, 69)	(-39, 69)	search	nr	True	510187	511057	left	160	35	85	60	135	10	None	None	testing
4	hm	f	19	red	6	(80, 0)	(40, 69)	(-39, 69)	(-80, 0)	(-40, -69)	(40, -69)	circle	none	same	right	right	N_dist	(40, 69)	search	nr	True	512124	512865	right	10	85	60	160	35	110	None	None	testing
4	hm	f	19	red	6	(80, 0)	(40, 69)	(-39, 69)	(-80, 0)	(-40, -69)	(40, -69)	diamond	red	same	left	left	(-39, 69)	(80, 0)	search	nr	True	514094	515105	left	60	160	10	110	135	35	None	None	testing
4	hm	f	19	red	6	(80, 0)	(40, 69)	(-39, 69)	(-80, 0)	(-40, -69)	(40, -69)	circle	red	same	left	left	(-80, 0)	(40, -69)	search	nr	True	516315	516897	left	35	10	135	110	85	60	None	None	testing
4	hm	f	19	red	6	(80, 0)	(40, 69)	(-39, 69)	(-80, 0)	(-40, -69)	(40, -69)	diamond	red	dif	left	left	(-80, 0)	(40, 69)	search	nr	True	517985	518800	left	60	85	135	110	35	10	None	None	testing
4	hm	f	19	red	6	(80, 0)	(40, 69)	(-39, 69)	(-80, 0)	(-40, -69)	(40, -69)	circle	red	dif	right	right	(80, 0)	(-39, 69)	search	nr	True	520055	520705	right	10	60	85	160	110	135	None	None	testing
4	hm	f	19	red	6	(80, 0)	(40, 69)	(-39, 69)	(-80, 0)	(-40, -69)	(40, -69)	diamond	red	same	right	right	(-80, 0)	(80, 0)	search	nr	True	522008	522592	right	60	135	35	85	110	160	None	None	testing
4	hm	f	19	red	6	(80, 0)	(40, 69)	(-39, 69)	(-80, 0)	(-40, -69)	(40, -69)	diamond	red	same	right	right	(-80, 0)	(80, 0)	search	nr	True	523862	524464	right	110	35	10	85	135	60	None	None	testing
4	hm	f	19	red	6	(80, 0)	(40, 69)	(-39, 69)	(-80, 0)	(-40, -69)	(40, -69)	circle	red	same	right	right	(-40, -69)	(40, 69)	probe	tar	None	None	None	None	35	60	110	135	160	85	(40, 69)	163	testing
4	hm	f	19	red	6	(80, 0)	(40, 69)	(-39, 69)	(-80, 0)	(-40, -69)	(40, -69)	diamond	red	same	left	left	(-80, 0)	(-39, 69)	probe	tar	None	None	None	None	60	10	35	160	110	135	(-39, 69)	159	testing
4	hm	f	19	red	6	(80, 0)	(40, 69)	(-39, 69)	(-80, 0)	(-40, -69)	(40, -69)	diamond	none	same	right	right	N_dist	(40, -69)	search	nr	True	534131	535025	right	35	60	85	110	160	135	None	None	testing
4	hm	f	19	red	6	(80, 0)	(40, 69)	(-39, 69)	(-80, 0)	(-40, -69)	(40, -69)	diamond	red	same	left	left	(-39, 69)	(40, 69)	probe	tar	None	None	None	None	85	60	135	10	35	160	(40, 69)	164	testing
4	hm	f	19	red	6	(80, 0)	(40, 69)	(-39, 69)	(-80, 0)	(-40, -69)	(40, -69)	diamond	red	same	left	left	(-80, 0)	(-40, -69)	probe	h_sin	None	None	None	None	85	60	135	160	10	35	(-80, 0)	9	testing
4	hm	f	19	red	6	(80, 0)	(40, 69)	(-39, 69)	(-80, 0)	(-40, -69)	(40, -69)	diamond	none	same	left	left	N_dist	(-80, 0)	search	nr	True	542948	543665	left	160	85	10	135	110	35	None	None	testing
4	hm	f	19	red	6	(80, 0)	(40, 69)	(-39, 69)	(-80, 0)	(-40, -69)	(40, -69)	diamond	none	dif	right	right	N_dist	(-40, -69)	probe	l_tar	None	None	None	None	135	160	85	60	10	110	(-40, -69)	172	testing
4	hm	f	19	red	6	(80, 0)	(40, 69)	(-39, 69)	(-80, 0)	(-40, -69)	(40, -69)	circle	red	same	left	left	(-80, 0)	(80, 0)	search	nr	True	548324	548929	left	10	35	85	110	160	135	None	None	testing
4	hm	f	19	red	6	(80, 0)	(40, 69)	(-39, 69)	(-80, 0)	(-40, -69)	(40, -69)	circle	red	same	right	right	(-80, 0)	(-39, 69)	search	nr	True	550010	551088	right	60	10	110	135	85	35	None	None	testing
4	hm	f	19	red	6	(80, 0)	(40, 69)	(-39, 69)	(-80, 0)	(-40, -69)	(40, -69)	diamond	none	dif	left	left	N_dist	(80, 0)	search	nr	True	552348	553121	left	110	85	160	60	135	10	None	None	testing
4	hm	f	19	red	6	(80, 0)	(40, 69)	(-39, 69)	(-80, 0)	(-40, -69)	(40, -69)	circle	none	same	left	left	N_dist	(-80, 0)	probe	h_tar	None	None	None	None	35	160	110	10	135	85	(-80, 0)	153	testing
4	hm	f	19	red	6	(80, 0)	(40, 69)	(-39, 69)	(-80, 0)	(-40, -69)	(40, -69)	diamond	red	dif	right	right	(-80, 0)	(-39, 69)	search	nr	True	558526	559264	right	35	85	10	110	160	135	None	None	testing
4	hm	f	19	red	6	(80, 0)	(40, 69)	(-39, 69)	(-80, 0)	(-40, -69)	(40, -69)	circle	red	same	left	left	(-39, 69)	(-40, -69)	search	nr	True	560379	561057	left	110	35	135	160	60	85	None	None	testing
4	hm	f	19	red	6	(80, 0)	(40, 69)	(-39, 69)	(-80, 0)	(-40, -69)	(40, -69)	diamond	red	dif	left	left	(-80, 0)	(40, 69)	search	nr	True	562182	562817	left	85	35	135	60	110	160	None	None	testing
4	hm	f	19	red	6	(80, 0)	(40, 69)	(-39, 69)	(-80, 0)	(-40, -69)	(40, -69)	diamond	red	dif	left	left	(-80, 0)	(80, 0)	search	nr	True	563986	564625	left	85	110	60	10	35	135	None	None	testing
4	hm	f	19	red	6	(80, 0)	(40, 69)	(-39, 69)	(-80, 0)	(-40, -69)	(40, -69)	circle	none	dif	right	right	N_dist	(-80, 0)	search	nr	True	565722	566385	right	110	60	160	135	10	35	None	None	testing
4	hm	f	19	red	6	(80, 0)	(40, 69)	(-39, 69)	(-80, 0)	(-40, -69)	(40, -69)	circle	none	same	right	right	N_dist	(-80, 0)	search	nr	True	567442	568097	right	110	35	10	160	60	135	None	None	testing
4	hm	f	19	red	6	(80, 0)	(40, 69)	(-39, 69)	(-80, 0)	(-40, -69)	(40, -69)	diamond	red	dif	left	left	(-80, 0)	(40, -69)	search	nr	True	569279	570449	left	85	160	135	35	10	110	None	None	testing
4	hm	f	19	red	6	(80, 0)	(40, 69)	(-39, 69)	(-80, 0)	(-40, -69)	(40, -69)	circle	none	same	right	right	N_dist	(-40, -69)	search	nr	True	571533	572256	right	35	10	85	160	110	60	None	None	testing
4	hm	f	19	red	6	(80, 0)	(40, 69)	(-39, 69)	(-80, 0)	(-40, -69)	(40, -69)	diamond	none	dif	right	right	N_dist	(80, 0)	probe	l_norm	None	None	None	None	160	110	135	85	10	60	(-39, 69)	10	testing
4	hm	f	19	red	6	(80, 0)	(40, 69)	(-39, 69)	(-80, 0)	(-40, -69)	(40, -69)	diamond	none	same	right	right	N_dist	(-40, -69)	probe	l_tar	None	None	None	None	160	10	35	85	60	110	(-40, -69)	164	testing
4	hm	f	19	red	6	(80, 0)	(40, 69)	(-39, 69)	(-80, 0)	(-40, -69)	(40, -69)	circle	red	same	left	left	(-80, 0)	(40, -69)	search	nr	True	580283	581857	left	60	135	110	35	10	160	None	None	testing
4	hm	f	19	red	6	(80, 0)	(40, 69)	(-39, 69)	(-80, 0)	(-40, -69)	(40, -69)	circle	red	dif	right	right	(40, -69)	(80, 0)	probe	l_sin	None	None	None	None	135	160	35	10	60	110	(40, -69)	19	testing
4	hm	f	19	red	6	(80, 0)	(40, 69)	(-39, 69)	(-80, 0)	(-40, -69)	(40, -69)	circle	none	dif	left	left	N_dist	(40, 69)	search	nr	True	586578	587233	left	110	60	35	10	85	160	None	None	testing
4	hm	f	19	red	6	(80, 0)	(40, 69)	(-39, 69)	(-80, 0)	(-40, -69)	(40, -69)	diamond	red	dif	right	right	(-80, 0)	(40, 69)	search	nr	True	588331	589057	right	85	160	35	60	110	10	None	None	testing
4	hm	f	19	red	6	(80, 0)	(40, 69)	(-39, 69)	(-80, 0)	(-40, -69)	(40, -69)	diamond	red	same	right	right	(40, 69)	(-40, -69)	search	nr	True	590234	590976	right	10	110	60	135	85	35	None	None	testing
4	hm	f	19	red	6	(80, 0)	(40, 69)	(-39, 69)	(-80, 0)	(-40, -69)	(40, -69)	circle	red	same	left	left	(-80, 0)	(40, -69)	search	nr	True	592104	592880	left	10	110	160	85	60	135	None	None	testing
4	hm	f	19	red	6	(80, 0)	(40, 69)	(-39, 69)	(-80, 0)	(-40, -69)	(40, -69)	circle	red	dif	left	left	(-80, 0)	(80, 0)	probe	tar	None	None	None	None	160	85	135	60	110	10	(80, 0)	23	testing
4	hm	f	19	red	6	(80, 0)	(40, 69)	(-39, 69)	(-80, 0)	(-40, -69)	(40, -69)	diamond	red	dif	left	left	(-80, 0)	(-40, -69)	probe	norm	None	None	None	None	35	110	160	135	85	60	(40, 69)	11	testing
4	hm	f	19	red	6	(80, 0)	(40, 69)	(-39, 69)	(-80, 0)	(-40, -69)	(40, -69)	circle	none	dif	left	left	N_dist	(80, 0)	search	nr	True	600737	601840	left	160	85	35	135	10	60	None	None	testing
4	hm	f	19	red	6	(80, 0)	(40, 69)	(-39, 69)	(-80, 0)	(-40, -69)	(40, -69)	diamond	none	same	right	right	N_dist	(-40, -69)	probe	h_norm	None	None	None	None	135	160	60	85	110	10	(-80, 0)	175	testing
4	hm	f	19	red	6	(80, 0)	(40, 69)	(-39, 69)	(-80, 0)	(-40, -69)	(40, -69)	diamond	red	same	right	right	(80, 0)	(40, -69)	probe	l_sin	None	None	None	None	160	35	135	60	110	10	(80, 0)	14	testing
4	hm	f	19	red	6	(80, 0)	(40, 69)	(-39, 69)	(-80, 0)	(-40, -69)	(40, -69)	diamond	red	same	left	left	(40, -69)	(40, 69)	search	nr	True	609002	610289	left	60	35	135	10	110	85	None	None	testing
4	hm	f	19	red	6	(80, 0)	(40, 69)	(-39, 69)	(-80, 0)	(-40, -69)	(40, -69)	circle	red	dif	left	left	(-80, 0)	(80, 0)	probe	tar	None	None	None	None	135	35	10	110	85	160	(80, 0)	15	testing
4	hm	f	19	red	6	(80, 0)	(40, 69)	(-39, 69)	(-80, 0)	(-40, -69)	(40, -69)	circle	red	dif	left	left	(-80, 0)	(40, 69)	probe	h_sin	None	None	None	None	85	110	10	60	35	160	(-80, 0)	11	testing
4	hm	f	19	red	6	(80, 0)	(40, 69)	(-39, 69)	(-80, 0)	(-40, -69)	(40, -69)	circle	none	same	right	right	N_dist	(-80, 0)	search	nr	True	619304	620097	right	10	35	160	110	60	85	None	None	testing
4	hm	f	19	red	6	(80, 0)	(40, 69)	(-39, 69)	(-80, 0)	(-40, -69)	(40, -69)	diamond	red	dif	right	right	(-80, 0)	(-39, 69)	probe	h_sin	None	None	None	None	60	10	35	135	85	110	(-80, 0)	12	testing
4	hm	f	19	red	6	(80, 0)	(40, 69)	(-39, 69)	(-80, 0)	(-40, -69)	(40, -69)	circle	red	dif	right	right	(-80, 0)	(40, 69)	search	nr	True	624714	625569	right	135	160	85	10	110	35	None	None	testing
4	hm	f	19	red	6	(80, 0)	(40, 69)	(-39, 69)	(-80, 0)	(-40, -69)	(40, -69)	circle	red	same	right	right	(-80, 0)	(40, 69)	search	nr	True	626885	627776	right	35	160	110	60	135	85	None	None	testing
4	hm	f	19	red	6	(80, 0)	(40, 69)	(-39, 69)	(-80, 0)	(-40, -69)	(40, -69)	diamond	red	same	left	left	(40, 69)	(-39, 69)	probe	norm	None	None	None	None	110	60	135	35	10	160	(-40, -69)	164	testing
4	hm	f	19	red	6	(80, 0)	(40, 69)	(-39, 69)	(-80, 0)	(-40, -69)	(40, -69)	circle	red	dif	left	left	(-80, 0)	(-39, 69)	search	nr	True	632195	633201	left	10	85	35	160	135	60	None	None	testing
4	hm	f	19	red	6	(80, 0)	(40, 69)	(-39, 69)	(-80, 0)	(-40, -69)	(40, -69)	diamond	red	dif	right	right	(-40, -69)	(80, 0)	search	nr	True	634348	635073	right	85	110	10	160	60	135	None	None	testing
4	hm	f	19	red	6	(80, 0)	(40, 69)	(-39, 69)	(-80, 0)	(-40, -69)	(40, -69)	circle	red	same	left	left	(-80, 0)	(40, -69)	search	nr	True	636286	637025	left	85	10	35	135	160	110	None	None	testing
4	hm	f	19	red	6	(80, 0)	(40, 69)	(-39, 69)	(-80, 0)	(-40, -69)	(40, -69)	circle	none	same	left	left	N_dist	(-39, 69)	search	nr	True	638222	638977	left	35	85	10	160	135	110	None	None	testing
4	hm	f	19	red	6	(80, 0)	(40, 69)	(-39, 69)	(-80, 0)	(-40, -69)	(40, -69)	diamond	none	same	left	left	N_dist	(-39, 69)	search	nr	True	640210	640880	left	110	160	60	85	10	135	None	None	testing
4	hm	f	19	red	6	(80, 0)	(40, 69)	(-39, 69)	(-80, 0)	(-40, -69)	(40, -69)	diamond	red	same	left	left	(-80, 0)	(-39, 69)	search	nr	True	641962	642544	left	135	10	110	160	85	60	None	None	testing
4	hm	f	19	red	6	(80, 0)	(40, 69)	(-39, 69)	(-80, 0)	(-40, -69)	(40, -69)	circle	none	same	left	left	N_dist	(40, 69)	probe	l_tar	None	None	None	None	160	135	10	110	85	60	(40, 69)	11	testing
4	hm	f	19	red	6	(80, 0)	(40, 69)	(-39, 69)	(-80, 0)	(-40, -69)	(40, -69)	diamond	none	dif	left	left	N_dist	(40, -69)	search	nr	True	647556	648193	left	85	160	135	10	110	35	None	None	testing
4	hm	f	19	red	6	(80, 0)	(40, 69)	(-39, 69)	(-80, 0)	(-40, -69)	(40, -69)	circle	red	same	left	left	(-80, 0)	(40, -69)	probe	h_sin	None	None	None	None	85	160	10	110	135	35	(-80, 0)	10	testing
4	hm	f	19	red	6	(80, 0)	(40, 69)	(-39, 69)	(-80, 0)	(-40, -69)	(40, -69)	diamond	red	dif	left	left	(-40, -69)	(40, 69)	probe	norm	None	None	None	None	10	60	135	85	110	160	(-39, 69)	12	testing
4	hm	f	19	red	6	(80, 0)	(40, 69)	(-39, 69)	(-80, 0)	(-40, -69)	(40, -69)	circle	red	dif	left	left	(80, 0)	(-39, 69)	probe	norm	None	None	None	None	35	160	110	135	10	60	(40, -69)	17	testing
4	hm	f	19	red	6	(80, 0)	(40, 69)	(-39, 69)	(-80, 0)	(-40, -69)	(40, -69)	circle	red	dif	right	right	(-80, 0)	(80, 0)	probe	h_sin	None	None	None	None	160	85	10	110	60	35	(-80, 0)	10	testing
4	hm	f	19	red	6	(80, 0)	(40, 69)	(-39, 69)	(-80, 0)	(-40, -69)	(40, -69)	circle	red	same	left	left	(-39, 69)	(-40, -69)	probe	l_sin	None	None	None	None	110	10	135	35	160	60	(-39, 69)	13	testing
4	hm	f	19	red	6	(80, 0)	(40, 69)	(-39, 69)	(-80, 0)	(-40, -69)	(40, -69)	circle	red	same	left	left	(-80, 0)	(-40, -69)	search	nr	True	666758	667665	left	35	10	135	160	110	60	None	None	testing
4	hm	f	19	red	6	(80, 0)	(40, 69)	(-39, 69)	(-80, 0)	(-40, -69)	(40, -69)	diamond	none	dif	left	left	N_dist	(80, 0)	probe	l_norm	None	None	None	None	10	60	135	35	110	85	(-40, -69)	174	testing
4	hm	f	19	red	6	(80, 0)	(40, 69)	(-39, 69)	(-80, 0)	(-40, -69)	(40, -69)	circle	none	dif	right	right	N_dist	(-80, 0)	search	nr	True	672319	673457	right	85	160	10	35	60	110	None	None	testing
4	hm	f	19	red	6	(80, 0)	(40, 69)	(-39, 69)	(-80, 0)	(-40, -69)	(40, -69)	circle	red	same	right	right	(-40, -69)	(40, 69)	search	nr	True	674707	675665	right	60	10	135	35	110	160	None	None	testing
4	hm	f	19	red	6	(80, 0)	(40, 69)	(-39, 69)	(-80, 0)	(-40, -69)	(40, -69)	circle	red	dif	left	left	(-80, 0)	(80, 0)	search	nr	True	676860	677552	left	135	85	35	10	60	160	None	None	testing
4	hm	f	19	red	6	(80, 0)	(40, 69)	(-39, 69)	(-80, 0)	(-40, -69)	(40, -69)	circle	red	dif	left	left	(-80, 0)	(80, 0)	search	nr	True	678847	679424	left	110	10	85	35	135	60	None	None	testing
4	hm	f	19	red	6	(80, 0)	(40, 69)	(-39, 69)	(-80, 0)	(-40, -69)	(40, -69)	circle	none	same	left	left	N_dist	(-80, 0)	search	nr	True	680567	681264	left	60	10	160	135	85	35	None	None	testing
4	hm	f	19	red	6	(80, 0)	(40, 69)	(-39, 69)	(-80, 0)	(-40, -69)	(40, -69)	diamond	none	same	right	right	N_dist	(40, -69)	search	nr	True	682437	683569	right	160	85	10	35	60	135	None	None	testing
4	hm	f	19	red	6	(80, 0)	(40, 69)	(-39, 69)	(-80, 0)	(-40, -69)	(40, -69)	diamond	none	dif	right	right	N_dist	(80, 0)	search	nr	True	684841	685504	right	110	160	10	60	35	85	None	None	testing
4	hm	f	19	red	6	(80, 0)	(40, 69)	(-39, 69)	(-80, 0)	(-40, -69)	(40, -69)	circle	red	dif	right	right	(-39, 69)	(40, 69)	probe	l_sin	None	None	None	None	35	110	10	160	85	135	(-39, 69)	173	testing
4	hm	f	19	red	6	(80, 0)	(40, 69)	(-39, 69)	(-80, 0)	(-40, -69)	(40, -69)	circle	red	dif	left	left	(40, 69)	(40, -69)	search	nr	True	690134	690752	left	110	135	160	85	35	10	None	None	testing
4	hm	f	19	red	6	(80, 0)	(40, 69)	(-39, 69)	(-80, 0)	(-40, -69)	(40, -69)	diamond	red	dif	left	left	(40, -69)	(80, 0)	search	nr	True	691905	693121	left	10	85	160	135	60	35	None	None	testing
4	hm	f	19	red	6	(80, 0)	(40, 69)	(-39, 69)	(-80, 0)	(-40, -69)	(40, -69)	diamond	none	same	right	right	N_dist	(-40, -69)	search	nr	True	694258	695008	right	135	60	35	85	10	160	None	None	testing
4	hm	f	19	red	6	(80, 0)	(40, 69)	(-39, 69)	(-80, 0)	(-40, -69)	(40, -69)	diamond	none	same	left	left	N_dist	(-39, 69)	probe	h_norm	None	None	None	None	110	35	160	135	60	10	(-80, 0)	8	testing
4	hm	f	19	red	6	(80, 0)	(40, 69)	(-39, 69)	(-80, 0)	(-40, -69)	(40, -69)	circle	red	dif	left	left	(-80, 0)	(80, 0)	probe	tar	None	None	None	None	160	10	60	135	85	110	(80, 0)	25	testing
4	hm	f	19	red	6	(80, 0)	(40, 69)	(-39, 69)	(-80, 0)	(-40, -69)	(40, -69)	diamond	red	dif	left	left	(40, -69)	(80, 0)	search	nr	True	702440	703312	left	135	160	35	85	10	110	None	None	testing
4	hm	f	19	red	6	(80, 0)	(40, 69)	(-39, 69)	(-80, 0)	(-40, -69)	(40, -69)	circle	red	same	right	right	(40, 69)	(-40, -69)	probe	norm	None	None	None	None	85	60	135	110	10	160	(-39, 69)	12	testing
4	hm	f	19	red	6	(80, 0)	(40, 69)	(-39, 69)	(-80, 0)	(-40, -69)	(40, -69)	circle	red	dif	left	left	(-80, 0)	(-39, 69)	search	nr	True	707951	708641	left	160	10	135	110	35	85	None	None	testing
4	hm	f	19	red	6	(80, 0)	(40, 69)	(-39, 69)	(-80, 0)	(-40, -69)	(40, -69)	diamond	red	dif	left	left	(-80, 0)	(40, -69)	probe	norm	None	None	None	None	35	10	110	160	85	135	(80, 0)	163	testing
4	hm	f	19	red	6	(80, 0)	(40, 69)	(-39, 69)	(-80, 0)	(-40, -69)	(40, -69)	circle	red	dif	right	right	(-80, 0)	(-40, -69)	search	nr	True	712893	713537	right	110	135	60	10	160	35	None	None	testing
4	hm	f	19	red	6	(80, 0)	(40, 69)	(-39, 69)	(-80, 0)	(-40, -69)	(40, -69)	circle	none	dif	right	right	N_dist	(-80, 0)	search	nr	True	714646	715393	right	135	10	60	160	85	35	None	None	testing
4	hm	f	19	red	6	(80, 0)	(40, 69)	(-39, 69)	(-80, 0)	(-40, -69)	(40, -69)	diamond	red	same	left	left	(-39, 69)	(40, 69)	search	nr	True	716584	717745	right	35	10	85	60	160	135	None	None	testing
4	hm	f	19	red	6	(80, 0)	(40, 69)	(-39, 69)	(-80, 0)	(-40, -69)	(40, -69)	diamond	red	same	right	right	(-80, 0)	(-39, 69)	search	nr	True	720457	721361	right	35	110	135	10	60	85	None	None	testing
4	hm	f	19	red	6	(80, 0)	(40, 69)	(-39, 69)	(-80, 0)	(-40, -69)	(40, -69)	diamond	none	dif	right	right	N_dist	(-40, -69)	search	nr	True	722460	723105	right	10	135	160	110	60	35	None	None	testing
4	hm	f	19	red	6	(80, 0)	(40, 69)	(-39, 69)	(-80, 0)	(-40, -69)	(40, -69)	circle	none	dif	right	right	N_dist	(-40, -69)	search	nr	True	724297	725169	right	110	60	135	160	85	10	None	None	testing
4	hm	f	19	red	6	(80, 0)	(40, 69)	(-39, 69)	(-80, 0)	(-40, -69)	(40, -69)	diamond	none	dif	left	left	N_dist	(80, 0)	search	nr	True	726452	727216	left	10	160	135	60	85	110	None	None	testing
4	hm	f	19	red	6	(80, 0)	(40, 69)	(-39, 69)	(-80, 0)	(-40, -69)	(40, -69)	diamond	none	same	right	right	N_dist	(-40, -69)	search	nr	True	728338	729008	right	110	35	135	60	160	85	None	None	testing
4	hm	f	19	red	6	(80, 0)	(40, 69)	(-39, 69)	(-80, 0)	(-40, -69)	(40, -69)	diamond	red	dif	left	left	(-80, 0)	(40, 69)	search	nr	True	730258	731008	left	110	85	160	10	35	135	None	None	testing
4	hm	f	19	red	6	(80, 0)	(40, 69)	(-39, 69)	(-80, 0)	(-40, -69)	(40, -69)	circle	red	same	right	right	(-80, 0)	(40, 69)	search	nr	True	732195	732993	right	10	160	60	110	35	85	None	None	testing
4	hm	f	19	red	6	(80, 0)	(40, 69)	(-39, 69)	(-80, 0)	(-40, -69)	(40, -69)	circle	none	dif	right	right	N_dist	(-80, 0)	search	nr	True	734166	734945	right	10	160	110	35	85	135	None	None	testing
4	hm	f	19	red	6	(80, 0)	(40, 69)	(-39, 69)	(-80, 0)	(-40, -69)	(40, -69)	diamond	red	same	right	right	(-80, 0)	(40, -69)	search	nr	True	736236	737216	right	85	35	10	60	110	160	None	None	testing
4	hm	f	19	red	6	(80, 0)	(40, 69)	(-39, 69)	(-80, 0)	(-40, -69)	(40, -69)	diamond	red	same	right	right	(-40, -69)	(40, -69)	probe	l_sin	None	None	None	None	35	60	135	160	110	85	(-40, -69)	9	testing
4	hm	f	19	red	6	(80, 0)	(40, 69)	(-39, 69)	(-80, 0)	(-40, -69)	(40, -69)	circle	none	dif	right	right	N_dist	(80, 0)	probe	l_norm	None	None	None	None	135	35	110	10	85	160	(-39, 69)	13	testing
4	hm	f	19	red	6	(80, 0)	(40, 69)	(-39, 69)	(-80, 0)	(-40, -69)	(40, -69)	circle	none	dif	right	right	N_dist	(80, 0)	search	nr	True	744952	745712	right	135	85	110	160	35	10	None	None	testing
4	hm	f	19	red	6	(80, 0)	(40, 69)	(-39, 69)	(-80, 0)	(-40, -69)	(40, -69)	circle	red	dif	right	right	(40, -69)	(-40, -69)	search	nr	True	746822	747712	right	35	160	85	10	60	110	None	None	testing
4	hm	f	19	red	6	(80, 0)	(40, 69)	(-39, 69)	(-80, 0)	(-40, -69)	(40, -69)	circle	red	same	left	left	(-80, 0)	(-40, -69)	probe	tar	None	None	None	None	135	160	110	60	85	35	(-40, -69)	174	testing
4	hm	f	19	red	6	(80, 0)	(40, 69)	(-39, 69)	(-80, 0)	(-40, -69)	(40, -69)	diamond	none	same	right	right	N_dist	(40, -69)	probe	h_norm	None	None	None	None	110	35	85	135	160	60	(-80, 0)	6	testing
4	hm	f	19	red	6	(80, 0)	(40, 69)	(-39, 69)	(-80, 0)	(-40, -69)	(40, -69)	diamond	red	same	right	right	(-80, 0)	(40, -69)	probe	tar	None	None	None	None	160	35	85	110	135	60	(40, -69)	168	testing
4	hm	f	19	red	6	(80, 0)	(40, 69)	(-39, 69)	(-80, 0)	(-40, -69)	(40, -69)	diamond	red	dif	right	right	(-80, 0)	(40, 69)	probe	h_sin	None	None	None	None	160	135	85	10	110	35	(-80, 0)	162	testing
4	hm	f	19	red	6	(80, 0)	(40, 69)	(-39, 69)	(-80, 0)	(-40, -69)	(40, -69)	diamond	red	dif	right	right	(-80, 0)	(-39, 69)	search	nr	True	763369	764241	right	60	135	160	10	110	85	None	None	testing
4	hm	f	19	red	6	(80, 0)	(40, 69)	(-39, 69)	(-80, 0)	(-40, -69)	(40, -69)	circle	none	dif	right	right	N_dist	(-80, 0)	probe	h_tar	None	None	None	None	160	85	35	60	135	10	(-80, 0)	173	testing
4	hm	f	19	red	6	(80, 0)	(40, 69)	(-39, 69)	(-80, 0)	(-40, -69)	(40, -69)	circle	red	dif	left	left	(-80, 0)	(-39, 69)	search	nr	True	768929	769857	left	60	110	135	35	160	10	None	None	testing
4	hm	f	19	red	6	(80, 0)	(40, 69)	(-39, 69)	(-80, 0)	(-40, -69)	(40, -69)	circle	red	dif	right	right	(-80, 0)	(40, -69)	probe	norm	None	None	None	None	85	10	110	60	135	160	(-40, -69)	166	testing
4	hm	f	19	red	6	(80, 0)	(40, 69)	(-39, 69)	(-80, 0)	(-40, -69)	(40, -69)	circle	red	same	left	left	(-80, 0)	(80, 0)	probe	h_sin	None	None	None	None	35	135	85	10	110	60	(-80, 0)	8	testing
4	hm	f	19	red	6	(80, 0)	(40, 69)	(-39, 69)	(-80, 0)	(-40, -69)	(40, -69)	circle	red	same	right	right	(40, 69)	(-40, -69)	search	nr	True	777679	778304	right	160	135	85	60	10	35	None	None	testing
4	hm	f	19	red	6	(80, 0)	(40, 69)	(-39, 69)	(-80, 0)	(-40, -69)	(40, -69)	diamond	red	dif	right	right	(-80, 0)	(80, 0)	probe	tar	None	None	None	None	110	10	135	60	160	35	(80, 0)	17	testing
4	hm	f	19	red	6	(80, 0)	(40, 69)	(-39, 69)	(-80, 0)	(-40, -69)	(40, -69)	diamond	red	dif	left	left	(-40, -69)	(40, 69)	search	nr	True	782587	783201	left	35	135	10	60	110	160	None	None	testing
4	hm	f	19	red	6	(80, 0)	(40, 69)	(-39, 69)	(-80, 0)	(-40, -69)	(40, -69)	diamond	red	dif	right	right	(-40, -69)	(80, 0)	search	nr	True	784492	785121	right	110	85	35	160	10	60	None	None	testing
4	hm	f	19	red	6	(80, 0)	(40, 69)	(-39, 69)	(-80, 0)	(-40, -69)	(40, -69)	circle	red	same	right	right	(-80, 0)	(40, 69)	probe	tar	None	None	None	None	110	160	60	135	10	85	(40, 69)	21	testing
4	hm	f	19	red	6	(80, 0)	(40, 69)	(-39, 69)	(-80, 0)	(-40, -69)	(40, -69)	diamond	red	dif	left	left	(-80, 0)	(80, 0)	search	nr	True	789618	790241	left	160	85	35	110	135	60	None	None	testing
4	hm	f	19	red	6	(80, 0)	(40, 69)	(-39, 69)	(-80, 0)	(-40, -69)	(40, -69)	circle	none	same	left	left	N_dist	(-39, 69)	search	nr	True	791337	792656	left	85	110	135	160	10	35	None	None	testing
4	hm	f	19	red	6	(80, 0)	(40, 69)	(-39, 69)	(-80, 0)	(-40, -69)	(40, -69)	circle	none	dif	right	right	N_dist	(-39, 69)	search	nr	True	793758	794608	right	135	160	110	35	60	10	None	None	testing
4	hm	f	19	red	6	(80, 0)	(40, 69)	(-39, 69)	(-80, 0)	(-40, -69)	(40, -69)	circle	red	dif	left	left	(40, 69)	(-40, -69)	search	nr	True	795812	796592	left	160	60	85	110	35	10	None	None	testing
4	hm	f	19	red	6	(80, 0)	(40, 69)	(-39, 69)	(-80, 0)	(-40, -69)	(40, -69)	circle	none	dif	right	right	N_dist	(-40, -69)	probe	l_tar	None	None	None	None	85	10	35	60	160	110	(-40, -69)	13	testing
4	hm	f	19	red	6	(80, 0)	(40, 69)	(-39, 69)	(-80, 0)	(-40, -69)	(40, -69)	diamond	none	dif	right	right	N_dist	(40, -69)	probe	l_norm	None	None	None	None	35	135	110	85	160	10	(80, 0)	160	testing
4	hm	f	19	red	6	(80, 0)	(40, 69)	(-39, 69)	(-80, 0)	(-40, -69)	(40, -69)	diamond	red	same	right	right	(80, 0)	(-39, 69)	search	nr	True	804377	805121	right	10	160	85	135	35	110	None	None	testing
4	hm	f	19	red	6	(80, 0)	(40, 69)	(-39, 69)	(-80, 0)	(-40, -69)	(40, -69)	diamond	none	same	left	left	N_dist	(-39, 69)	probe	h_norm	None	None	None	None	60	10	85	160	35	110	(-80, 0)	4	testing
4	hm	f	19	red	6	(80, 0)	(40, 69)	(-39, 69)	(-80, 0)	(-40, -69)	(40, -69)	circle	red	same	left	left	(-80, 0)	(-40, -69)	search	nr	True	809971	810672	left	135	10	60	110	85	160	None	None	testing
4	hm	f	19	red	6	(80, 0)	(40, 69)	(-39, 69)	(-80, 0)	(-40, -69)	(40, -69)	diamond	red	same	left	left	(-80, 0)	(40, 69)	search	nr	True	811841	812496	left	135	10	85	160	110	35	None	None	testing
4	hm	f	19	red	6	(80, 0)	(40, 69)	(-39, 69)	(-80, 0)	(-40, -69)	(40, -69)	diamond	red	dif	left	left	(-80, 0)	(-40, -69)	search	nr	True	813578	814273	left	60	135	160	35	85	10	None	None	testing
4	hm	f	19	red	6	(80, 0)	(40, 69)	(-39, 69)	(-80, 0)	(-40, -69)	(40, -69)	diamond	red	same	left	left	(-80, 0)	(-39, 69)	search	nr	True	815398	816128	left	135	110	35	10	85	160	None	None	testing
4	hm	f	19	red	6	(80, 0)	(40, 69)	(-39, 69)	(-80, 0)	(-40, -69)	(40, -69)	circle	red	same	right	right	(-40, -69)	(40, 69)	search	nr	True	817369	818785	right	35	110	135	60	85	10	None	None	testing
4	hm	f	19	red	6	(80, 0)	(40, 69)	(-39, 69)	(-80, 0)	(-40, -69)	(40, -69)	circle	red	same	left	left	(-80, 0)	(-40, -69)	search	nr	True	819990	820625	left	60	135	10	160	35	110	None	None	testing
4	hm	f	19	red	6	(80, 0)	(40, 69)	(-39, 69)	(-80, 0)	(-40, -69)	(40, -69)	circle	none	dif	left	left	N_dist	(-80, 0)	search	nr	True	821860	822544	left	135	160	10	35	110	85	None	None	testing
4	hm	f	19	red	6	(80, 0)	(40, 69)	(-39, 69)	(-80, 0)	(-40, -69)	(40, -69)	circle	none	dif	left	left	N_dist	(40, 69)	search	nr	True	823847	824737	left	60	10	110	135	85	35	None	None	testing
4	hm	f	19	red	6	(80, 0)	(40, 69)	(-39, 69)	(-80, 0)	(-40, -69)	(40, -69)	circle	none	same	left	left	N_dist	(-80, 0)	search	nr	True	825834	826496	left	10	110	160	85	135	60	None	None	testing
4	hm	f	19	red	6	(80, 0)	(40, 69)	(-39, 69)	(-80, 0)	(-40, -69)	(40, -69)	circle	red	dif	left	left	(-80, 0)	(-39, 69)	probe	norm	None	None	None	None	135	160	110	35	60	10	(80, 0)	166	testing
4	hm	f	19	red	6	(80, 0)	(40, 69)	(-39, 69)	(-80, 0)	(-40, -69)	(40, -69)	diamond	red	dif	left	left	(-80, 0)	(40, 69)	probe	norm	None	None	None	None	10	35	110	85	135	60	(-40, -69)	172	testing
4	hm	f	19	red	6	(80, 0)	(40, 69)	(-39, 69)	(-80, 0)	(-40, -69)	(40, -69)	circle	red	same	right	right	(-40, -69)	(-39, 69)	probe	l_sin	None	None	None	None	85	110	160	135	10	35	(-40, -69)	173	testing
4	hm	f	19	red	6	(80, 0)	(40, 69)	(-39, 69)	(-80, 0)	(-40, -69)	(40, -69)	diamond	red	dif	right	right	(-80, 0)	(80, 0)	search	nr	True	838858	839569	right	35	10	110	135	85	160	None	None	testing
4	hm	f	19	red	6	(80, 0)	(40, 69)	(-39, 69)	(-80, 0)	(-40, -69)	(40, -69)	circle	red	same	left	left	(-80, 0)	(40, -69)	probe	norm	None	None	None	None	135	160	35	60	85	10	(40, 69)	16	testing
4	hm	f	19	red	6	(80, 0)	(40, 69)	(-39, 69)	(-80, 0)	(-40, -69)	(40, -69)	diamond	red	same	left	left	(-80, 0)	(-39, 69)	search	nr	True	844384	845361	left	160	135	35	110	85	60	None	None	testing
4	hm	f	19	red	6	(80, 0)	(40, 69)	(-39, 69)	(-80, 0)	(-40, -69)	(40, -69)	circle	red	dif	right	right	(40, -69)	(-39, 69)	search	nr	True	846656	847392	right	35	60	85	10	135	160	None	None	testing
4	hm	f	19	red	6	(80, 0)	(40, 69)	(-39, 69)	(-80, 0)	(-40, -69)	(40, -69)	diamond	none	dif	left	left	N_dist	(80, 0)	search	nr	True	848509	849169	left	85	60	35	160	10	135	None	None	testing
4	hm	f	19	red	6	(80, 0)	(40, 69)	(-39, 69)	(-80, 0)	(-40, -69)	(40, -69)	circle	none	dif	right	right	N_dist	(-80, 0)	probe	h_tar	None	None	None	None	60	85	160	110	135	35	(-80, 0)	7	testing
4	hm	f	19	red	6	(80, 0)	(40, 69)	(-39, 69)	(-80, 0)	(-40, -69)	(40, -69)	circle	red	dif	left	left	(40, 69)	(-40, -69)	probe	tar	None	None	None	None	60	10	135	160	35	85	(-40, -69)	163	testing
4	hm	f	19	red	6	(80, 0)	(40, 69)	(-39, 69)	(-80, 0)	(-40, -69)	(40, -69)	diamond	none	dif	left	left	N_dist	(-39, 69)	search	nr	True	857826	858529	left	160	60	110	10	85	135	None	None	testing
4	hm	f	19	red	6	(80, 0)	(40, 69)	(-39, 69)	(-80, 0)	(-40, -69)	(40, -69)	circle	none	same	right	right	N_dist	(40, -69)	search	nr	True	859796	860448	right	35	85	60	110	10	135	None	None	testing
4	hm	f	19	red	6	(80, 0)	(40, 69)	(-39, 69)	(-80, 0)	(-40, -69)	(40, -69)	diamond	red	dif	left	left	(-80, 0)	(80, 0)	probe	h_sin	None	None	None	None	85	35	10	160	110	135	(-80, 0)	6	testing
4	hm	f	19	red	6	(80, 0)	(40, 69)	(-39, 69)	(-80, 0)	(-40, -69)	(40, -69)	diamond	red	same	left	left	(-80, 0)	(40, 69)	search	nr	True	864605	865361	left	110	60	85	160	10	135	None	None	testing
4	hm	f	19	red	6	(80, 0)	(40, 69)	(-39, 69)	(-80, 0)	(-40, -69)	(40, -69)	circle	red	dif	right	right	(-80, 0)	(-40, -69)	probe	h_sin	None	None	None	None	160	110	35	85	135	10	(-80, 0)	7	testing
4	hm	f	19	red	6	(80, 0)	(40, 69)	(-39, 69)	(-80, 0)	(-40, -69)	(40, -69)	circle	red	same	left	left	(80, 0)	(-39, 69)	search	nr	True	870048	870960	left	35	135	85	60	160	110	None	None	testing
4	hm	f	19	red	6	(80, 0)	(40, 69)	(-39, 69)	(-80, 0)	(-40, -69)	(40, -69)	diamond	red	same	right	right	(-80, 0)	(-39, 69)	probe	norm	None	None	None	None	85	35	160	135	10	60	(80, 0)	160	testing
4	hm	f	19	red	6	(80, 0)	(40, 69)	(-39, 69)	(-80, 0)	(-40, -69)	(40, -69)	diamond	red	dif	right	right	(-40, -69)	(80, 0)	probe	l_sin	None	None	None	None	35	110	135	10	60	85	(-40, -69)	7	testing
4	hm	f	19	red	6	(80, 0)	(40, 69)	(-39, 69)	(-80, 0)	(-40, -69)	(40, -69)	diamond	red	dif	right	right	(-80, 0)	(-39, 69)	search	nr	True	878531	880016	right	60	10	135	35	110	85	None	None	testing
4	hm	f	19	red	6	(80, 0)	(40, 69)	(-39, 69)	(-80, 0)	(-40, -69)	(40, -69)	diamond	none	same	left	left	N_dist	(-39, 69)	search	nr	True	881085	881808	left	35	135	110	60	10	160	None	None	testing
4	hm	f	19	red	6	(80, 0)	(40, 69)	(-39, 69)	(-80, 0)	(-40, -69)	(40, -69)	circle	red	same	right	right	(-80, 0)	(80, 0)	search	nr	True	882989	883680	right	60	10	85	160	110	35	None	None	testing
4	hm	f	19	red	6	(80, 0)	(40, 69)	(-39, 69)	(-80, 0)	(-40, -69)	(40, -69)	diamond	none	same	right	right	N_dist	(40, -69)	probe	h_norm	None	None	None	None	110	135	85	35	60	10	(-80, 0)	175	testing
4	hm	f	19	red	6	(80, 0)	(40, 69)	(-39, 69)	(-80, 0)	(-40, -69)	(40, -69)	circle	red	same	left	left	(40, -69)	(-40, -69)	probe	norm	None	None	None	None	85	60	160	135	110	10	(40, 69)	7	testing
4	hm	f	19	red	6	(80, 0)	(40, 69)	(-39, 69)	(-80, 0)	(-40, -69)	(40, -69)	diamond	red	same	right	right	(-80, 0)	(40, -69)	search	nr	True	890954	891600	right	85	10	35	135	110	60	None	None	testing
4	hm	f	19	red	6	(80, 0)	(40, 69)	(-39, 69)	(-80, 0)	(-40, -69)	(40, -69)	diamond	red	same	left	left	(-80, 0)	(-39, 69)	probe	tar	None	None	None	None	85	35	10	110	60	160	(-39, 69)	149	testing
4	hm	f	19	red	6	(80, 0)	(40, 69)	(-39, 69)	(-80, 0)	(-40, -69)	(40, -69)	circle	red	same	right	right	(-80, 0)	(40, 69)	search	nr	True	897015	897968	right	10	110	60	35	85	160	None	None	testing
4	hm	f	19	red	6	(80, 0)	(40, 69)	(-39, 69)	(-80, 0)	(-40, -69)	(40, -69)	circle	none	dif	left	left	N_dist	(80, 0)	probe	l_norm	None	None	None	None	135	110	60	35	85	160	(-40, -69)	174	testing
4	hm	f	19	red	6	(80, 0)	(40, 69)	(-39, 69)	(-80, 0)	(-40, -69)	(40, -69)	diamond	none	dif	left	left	N_dist	(-39, 69)	probe	h_norm	None	None	None	None	135	60	35	85	110	160	(-80, 0)	3	testing
4	hm	f	19	red	6	(80, 0)	(40, 69)	(-39, 69)	(-80, 0)	(-40, -69)	(40, -69)	circle	red	same	left	left	(-80, 0)	(40, -69)	search	nr	True	905581	906464	left	60	110	135	160	35	85	None	None	testing
4	hm	f	19	red	6	(80, 0)	(40, 69)	(-39, 69)	(-80, 0)	(-40, -69)	(40, -69)	circle	red	dif	left	left	(80, 0)	(-39, 69)	search	nr	True	907668	908273	left	160	110	60	85	135	10	None	None	testing
4	hm	f	19	red	6	(80, 0)	(40, 69)	(-39, 69)	(-80, 0)	(-40, -69)	(40, -69)	circle	red	dif	right	right	(80, 0)	(-39, 69)	probe	l_sin	None	None	None	None	110	35	160	60	10	85	(80, 0)	173	testing
4	hm	f	19	red	6	(80, 0)	(40, 69)	(-39, 69)	(-80, 0)	(-40, -69)	(40, -69)	circle	none	same	left	left	N_dist	(80, 0)	search	nr	True	913445	914096	left	160	85	60	110	10	35	None	None	testing
4	hm	f	19	red	6	(80, 0)	(40, 69)	(-39, 69)	(-80, 0)	(-40, -69)	(40, -69)	circle	red	dif	left	left	(40, 69)	(-40, -69)	search	nr	True	915232	915937	left	135	160	10	85	60	35	None	None	testing
4	hm	f	19	red	6	(80, 0)	(40, 69)	(-39, 69)	(-80, 0)	(-40, -69)	(40, -69)	diamond	none	dif	right	right	N_dist	(40, 69)	probe	h_norm	None	None	None	None	160	10	135	60	85	110	(-80, 0)	176	testing
4	hm	f	19	red	6	(80, 0)	(40, 69)	(-39, 69)	(-80, 0)	(-40, -69)	(40, -69)	diamond	red	same	right	right	(-80, 0)	(-39, 69)	search	nr	True	920441	921216	right	110	10	135	160	85	35	None	None	testing
4	hm	f	19	red	6	(80, 0)	(40, 69)	(-39, 69)	(-80, 0)	(-40, -69)	(40, -69)	circle	none	dif	left	left	N_dist	(40, 69)	search	nr	True	922511	923136	left	160	10	110	60	135	85	None	None	testing
4	hm	f	19	red	6	(80, 0)	(40, 69)	(-39, 69)	(-80, 0)	(-40, -69)	(40, -69)	diamond	none	same	left	left	N_dist	(-39, 69)	probe	h_norm	None	None	None	None	85	60	110	10	35	135	(-80, 0)	5	testing
4	hm	f	19	red	6	(80, 0)	(40, 69)	(-39, 69)	(-80, 0)	(-40, -69)	(40, -69)	circle	none	same	right	right	N_dist	(40, -69)	search	nr	True	927688	928432	right	110	60	160	10	35	85	None	None	testing
4	hm	f	19	red	6	(80, 0)	(40, 69)	(-39, 69)	(-80, 0)	(-40, -69)	(40, -69)	diamond	red	dif	right	right	(-80, 0)	(40, 69)	search	nr	True	929692	930608	right	60	110	160	135	35	10	None	None	testing
4	hm	f	19	red	6	(80, 0)	(40, 69)	(-39, 69)	(-80, 0)	(-40, -69)	(40, -69)	circle	red	same	right	right	(-40, -69)	(-39, 69)	search	nr	True	931779	932512	right	60	160	35	85	135	10	None	None	testing
4	hm	f	19	red	6	(80, 0)	(40, 69)	(-39, 69)	(-80, 0)	(-40, -69)	(40, -69)	diamond	red	dif	right	right	(-80, 0)	(-39, 69)	probe	norm	None	None	None	None	35	10	110	60	85	160	(-40, -69)	174	testing
4	hm	f	19	red	6	(80, 0)	(40, 69)	(-39, 69)	(-80, 0)	(-40, -69)	(40, -69)	diamond	red	same	left	left	(-39, 69)	(80, 0)	probe	l_sin	None	None	None	None	35	135	10	85	60	110	(-39, 69)	151	testing
4	hm	f	19	red	6	(80, 0)	(40, 69)	(-39, 69)	(-80, 0)	(-40, -69)	(40, -69)	circle	red	dif	right	right	(-80, 0)	(40, -69)	search	nr	True	940946	941552	right	35	60	110	10	135	160	None	None	testing
4	hm	f	19	red	6	(80, 0)	(40, 69)	(-39, 69)	(-80, 0)	(-40, -69)	(40, -69)	circle	red	same	right	right	(-80, 0)	(-40, -69)	probe	tar	None	None	None	None	160	135	35	85	60	110	(-40, -69)	169	testing
4	hm	f	19	red	6	(80, 0)	(40, 69)	(-39, 69)	(-80, 0)	(-40, -69)	(40, -69)	diamond	red	dif	left	left	(40, -69)	(80, 0)	probe	l_sin	None	None	None	None	110	160	60	135	35	85	(40, -69)	16	testing
4	hm	f	19	red	6	(80, 0)	(40, 69)	(-39, 69)	(-80, 0)	(-40, -69)	(40, -69)	diamond	red	dif	right	right	(-39, 69)	(40, -69)	search	nr	True	949561	950384	right	10	35	160	85	60	110	None	None	testing
4	hm	f	19	red	6	(80, 0)	(40, 69)	(-39, 69)	(-80, 0)	(-40, -69)	(40, -69)	diamond	red	dif	right	right	(-80, 0)	(80, 0)	search	nr	True	951464	952128	right	85	160	135	60	110	35	None	None	testing
4	hm	f	19	red	6	(80, 0)	(40, 69)	(-39, 69)	(-80, 0)	(-40, -69)	(40, -69)	circle	red	same	right	right	(-80, 0)	(40, 69)	search	nr	True	953419	954241	right	85	135	60	35	160	110	None	None	testing
4	hm	f	19	red	6	(80, 0)	(40, 69)	(-39, 69)	(-80, 0)	(-40, -69)	(40, -69)	diamond	red	same	right	right	(80, 0)	(40, 69)	probe	norm	None	None	None	None	60	85	135	110	160	10	(-40, -69)	170	testing
4	hm	f	19	red	6	(80, 0)	(40, 69)	(-39, 69)	(-80, 0)	(-40, -69)	(40, -69)	diamond	none	dif	left	left	N_dist	(80, 0)	search	nr	True	958645	959392	left	35	10	160	60	85	135	None	None	testing
4	hm	f	19	red	6	(80, 0)	(40, 69)	(-39, 69)	(-80, 0)	(-40, -69)	(40, -69)	diamond	red	dif	left	left	(-80, 0)	(-40, -69)	search	nr	True	960582	961600	left	10	110	160	60	135	35	None	None	testing
4	hm	f	19	red	6	(80, 0)	(40, 69)	(-39, 69)	(-80, 0)	(-40, -69)	(40, -69)	diamond	none	same	right	right	N_dist	(40, -69)	search	nr	True	962685	963504	right	110	60	35	160	135	85	None	None	testing
4	hm	f	19	red	6	(80, 0)	(40, 69)	(-39, 69)	(-80, 0)	(-40, -69)	(40, -69)	diamond	none	dif	right	right	N_dist	(80, 0)	probe	l_tar	None	None	None	None	10	110	60	160	135	35	(80, 0)	141	testing
4	hm	f	19	red	6	(80, 0)	(40, 69)	(-39, 69)	(-80, 0)	(-40, -69)	(40, -69)	circle	none	dif	left	left	N_dist	(40, 69)	search	nr	True	970250	970833	left	35	160	85	110	135	10	None	None	testing
4	hm	f	19	red	6	(80, 0)	(40, 69)	(-39, 69)	(-80, 0)	(-40, -69)	(40, -69)	diamond	red	same	right	right	(80, 0)	(40, 69)	search	nr	True	972036	972800	right	160	60	110	85	10	135	None	None	testing
