subj	name	gender	age	dist	run	tar_locs1	tar_locs2	tar_locs3	tar_locs4	tar_locs5	tar_locs6	shape	dist	td_dif	detection	resp_key	dis_loc	tar_loc	task_type	probe_cond	gotKey	startTime	respTime	resp	o1	o2	o3	o4	o5	o6	pro_loc	ori_resp	mode
4	ym	f	19	green	Le	(80, 0)	(40, 69)	(-39, 69)	(-80, 0)	(-40, -69)	(40, -69)	circle	green	same	right	right	(-40, -69)	(40, -69)	search	nr	True	119399	120432	right	10	110	60	160	135	35	None	None	practice
4	ym	f	19	green	Le	(80, 0)	(40, 69)	(-39, 69)	(-80, 0)	(-40, -69)	(40, -69)	circle	none	same	left	left	N_dist	(-39, 69)	search	nr	True	121502	122591	left	85	135	35	110	60	160	None	None	practice
4	ym	f	19	green	Le	(80, 0)	(40, 69)	(-39, 69)	(-80, 0)	(-40, -69)	(40, -69)	circle	green	dif	right	right	(-40, -69)	(80, 0)	search	nr	True	123740	125536	right	10	60	85	160	35	110	None	None	practice
4	ym	f	19	green	Le	(80, 0)	(40, 69)	(-39, 69)	(-80, 0)	(-40, -69)	(40, -69)	circle	green	same	left	left	(-80, 0)	(80, 0)	search	nr	True	126678	128559	left	85	10	160	60	35	135	None	None	practice
4	ym	f	19	green	Le	(80, 0)	(40, 69)	(-39, 69)	(-80, 0)	(-40, -69)	(40, -69)	circle	green	dif	right	right	(-80, 0)	(40, 69)	search	nr	True	129667	131328	right	10	110	160	60	35	85	None	None	practice
4	ym	f	19	green	Le	(80, 0)	(40, 69)	(-39, 69)	(-80, 0)	(-40, -69)	(40, -69)	circle	green	same	left	left	(-80, 0)	(80, 0)	search	nr	True	132505	133503	left	10	135	85	110	60	35	None	None	practice
4	ym	f	19	green	Le	(80, 0)	(40, 69)	(-39, 69)	(-80, 0)	(-40, -69)	(40, -69)	circle	green	dif	left	left	(-80, 0)	(-39, 69)	search	nr	True	134727	135808	left	35	60	85	135	110	10	None	None	practice
4	ym	f	19	green	Le	(80, 0)	(40, 69)	(-39, 69)	(-80, 0)	(-40, -69)	(40, -69)	diamond	green	same	right	right	(-80, 0)	(-39, 69)	search	nr	True	137064	138207	right	160	110	85	60	10	135	None	None	practice
4	ym	f	19	green	Le	(80, 0)	(40, 69)	(-39, 69)	(-80, 0)	(-40, -69)	(40, -69)	diamond	none	dif	left	left	N_dist	(-40, -69)	search	nr	True	139468	140608	left	35	160	135	10	110	60	None	None	practice
4	ym	f	19	green	Le	(80, 0)	(40, 69)	(-39, 69)	(-80, 0)	(-40, -69)	(40, -69)	diamond	none	dif	left	left	N_dist	(-80, 0)	search	nr	True	141890	142656	left	35	85	60	110	160	135	None	None	practice
4	ym	f	19	green	Le	(80, 0)	(40, 69)	(-39, 69)	(-80, 0)	(-40, -69)	(40, -69)	diamond	green	dif	left	left	(-80, 0)	(-40, -69)	search	nr	True	143827	145039	left	35	10	135	85	60	160	None	None	practice
4	ym	f	19	green	Le	(80, 0)	(40, 69)	(-39, 69)	(-80, 0)	(-40, -69)	(40, -69)	diamond	none	dif	left	left	N_dist	(-80, 0)	search	nr	True	146331	147744	left	85	10	35	135	160	110	None	None	practice
4	ym	f	19	green	Le	(80, 0)	(40, 69)	(-39, 69)	(-80, 0)	(-40, -69)	(40, -69)	diamond	none	same	left	left	N_dist	(-40, -69)	search	nr	True	149053	150160	left	135	35	160	10	110	85	None	None	practice
4	ym	f	19	green	Le	(80, 0)	(40, 69)	(-39, 69)	(-80, 0)	(-40, -69)	(40, -69)	circle	none	dif	left	left	N_dist	(-80, 0)	search	nr	True	151257	152495	left	110	35	85	135	160	60	None	None	practice
4	ym	f	19	green	Le	(80, 0)	(40, 69)	(-39, 69)	(-80, 0)	(-40, -69)	(40, -69)	circle	green	same	right	right	(-80, 0)	(40, 69)	search	nr	True	153628	154959	right	135	85	60	160	10	110	None	None	practice
4	ym	f	19	green	Le	(80, 0)	(40, 69)	(-39, 69)	(-80, 0)	(-40, -69)	(40, -69)	circle	green	dif	right	right	(-39, 69)	(80, 0)	search	nr	True	156216	157375	right	60	160	35	10	110	85	None	None	practice
4	ym	f	19	green	Le	(80, 0)	(40, 69)	(-39, 69)	(-80, 0)	(-40, -69)	(40, -69)	diamond	green	same	left	left	(-80, 0)	(80, 0)	search	nr	True	158554	159568	left	10	35	110	160	85	135	None	None	practice
4	ym	f	19	green	Le	(80, 0)	(40, 69)	(-39, 69)	(-80, 0)	(-40, -69)	(40, -69)	circle	none	same	left	left	N_dist	(40, 69)	search	nr	True	160758	161808	left	160	10	60	85	35	135	None	None	practice
4	ym	f	19	green	Le	(80, 0)	(40, 69)	(-39, 69)	(-80, 0)	(-40, -69)	(40, -69)	diamond	green	dif	left	left	(-80, 0)	(40, -69)	search	nr	True	163112	164335	left	85	160	60	110	135	35	None	None	practice
4	ym	f	19	green	Le	(80, 0)	(40, 69)	(-39, 69)	(-80, 0)	(-40, -69)	(40, -69)	diamond	green	dif	left	left	(-40, -69)	(40, 69)	search	nr	True	165617	166959	left	85	110	135	35	10	60	None	None	practice
4	ym	f	19	green	Le	(80, 0)	(40, 69)	(-39, 69)	(-80, 0)	(-40, -69)	(40, -69)	circle	none	same	right	right	N_dist	(-39, 69)	search	nr	True	168155	169455	right	35	110	60	135	85	160	None	None	practice
4	ym	f	19	green	Le	(80, 0)	(40, 69)	(-39, 69)	(-80, 0)	(-40, -69)	(40, -69)	diamond	green	dif	right	right	(-80, 0)	(-40, -69)	search	nr	True	170693	171808	right	110	85	35	60	135	10	None	None	practice
4	ym	f	19	green	Le	(80, 0)	(40, 69)	(-39, 69)	(-80, 0)	(-40, -69)	(40, -69)	circle	green	dif	right	right	(-80, 0)	(80, 0)	search	nr	True	173014	174271	right	10	35	110	160	85	60	None	None	practice
4	ym	f	19	green	Le	(80, 0)	(40, 69)	(-39, 69)	(-80, 0)	(-40, -69)	(40, -69)	circle	green	same	left	left	(-80, 0)	(40, -69)	search	nr	True	175368	176287	left	35	85	110	60	160	135	None	None	practice
4	ym	f	19	green	Le	(80, 0)	(40, 69)	(-39, 69)	(-80, 0)	(-40, -69)	(40, -69)	circle	green	dif	left	left	(-40, -69)	(-39, 69)	search	nr	True	177572	178479	left	10	135	110	85	60	160	None	None	practice
4	ym	f	19	green	Le	(80, 0)	(40, 69)	(-39, 69)	(-80, 0)	(-40, -69)	(40, -69)	circle	green	dif	right	right	(80, 0)	(-40, -69)	search	nr	True	179609	180944	right	135	160	110	60	85	10	None	None	practice
4	ym	f	19	green	Le	(80, 0)	(40, 69)	(-39, 69)	(-80, 0)	(-40, -69)	(40, -69)	circle	none	dif	left	left	N_dist	(-80, 0)	search	nr	True	182114	182848	left	135	10	35	160	85	60	None	None	practice
4	ym	f	19	green	Le	(80, 0)	(40, 69)	(-39, 69)	(-80, 0)	(-40, -69)	(40, -69)	diamond	green	dif	left	left	(-80, 0)	(-39, 69)	search	nr	True	184084	184912	left	10	110	60	160	85	35	None	None	practice
4	ym	f	19	green	Le	(80, 0)	(40, 69)	(-39, 69)	(-80, 0)	(-40, -69)	(40, -69)	circle	green	dif	right	right	(-80, 0)	(80, 0)	search	nr	True	186071	187120	right	110	60	160	10	85	35	None	None	practice
4	ym	f	19	green	Le	(80, 0)	(40, 69)	(-39, 69)	(-80, 0)	(-40, -69)	(40, -69)	circle	none	dif	right	right	N_dist	(80, 0)	search	nr	True	188192	189167	right	35	60	10	135	85	110	None	None	practice
4	ym	f	19	green	Le	(80, 0)	(40, 69)	(-39, 69)	(-80, 0)	(-40, -69)	(40, -69)	diamond	green	dif	left	left	(-80, 0)	(-39, 69)	search	nr	True	190312	191295	left	135	110	35	10	160	60	None	None	practice
4	ym	f	19	green	Le	(80, 0)	(40, 69)	(-39, 69)	(-80, 0)	(-40, -69)	(40, -69)	circle	green	same	right	right	(-40, -69)	(40, -69)	search	nr	True	192600	193600	right	110	60	35	160	10	135	None	None	practice
4	ym	f	19	green	Le	(80, 0)	(40, 69)	(-39, 69)	(-80, 0)	(-40, -69)	(40, -69)	diamond	green	same	right	right	(-80, 0)	(40, 69)	search	nr	True	194854	195839	right	10	160	60	135	85	35	None	None	practice
4	ym	f	19	green	Le	(80, 0)	(40, 69)	(-39, 69)	(-80, 0)	(-40, -69)	(40, -69)	diamond	green	same	left	left	(-80, 0)	(-40, -69)	search	nr	True	196924	197776	left	110	135	85	160	10	35	None	None	practice
4	ym	f	19	green	Le	(80, 0)	(40, 69)	(-39, 69)	(-80, 0)	(-40, -69)	(40, -69)	diamond	none	dif	left	left	N_dist	(80, 0)	search	nr	True	198945	199679	left	110	60	10	135	160	85	None	None	practice
4	ym	f	19	green	Le	(80, 0)	(40, 69)	(-39, 69)	(-80, 0)	(-40, -69)	(40, -69)	circle	green	dif	left	left	(-80, 0)	(80, 0)	search	nr	True	200765	201616	left	160	35	85	110	60	135	None	None	practice
4	ym	f	19	green	Le	(80, 0)	(40, 69)	(-39, 69)	(-80, 0)	(-40, -69)	(40, -69)	diamond	green	dif	left	left	(-80, 0)	(40, -69)	search	nr	True	202802	203616	left	160	135	10	35	85	60	None	None	practice
4	ym	f	19	green	Le	(80, 0)	(40, 69)	(-39, 69)	(-80, 0)	(-40, -69)	(40, -69)	circle	none	same	right	right	N_dist	(-39, 69)	search	nr	True	204839	205663	right	110	135	85	60	35	160	None	None	practice
4	ym	f	19	green	Le	(80, 0)	(40, 69)	(-39, 69)	(-80, 0)	(-40, -69)	(40, -69)	circle	green	same	right	right	(-80, 0)	(80, 0)	search	nr	True	206876	207551	right	60	110	135	85	160	10	None	None	practice
4	ym	f	19	green	Le	(80, 0)	(40, 69)	(-39, 69)	(-80, 0)	(-40, -69)	(40, -69)	circle	none	same	right	right	N_dist	(-39, 69)	search	nr	True	208662	209455	right	135	35	60	110	160	10	None	None	practice
4	ym	f	19	green	Le	(80, 0)	(40, 69)	(-39, 69)	(-80, 0)	(-40, -69)	(40, -69)	circle	green	same	left	left	(-80, 0)	(80, 0)	search	nr	True	249521	250383	left	35	60	10	110	135	160	None	None	testing
4	ym	f	19	green	Le	(80, 0)	(40, 69)	(-39, 69)	(-80, 0)	(-40, -69)	(40, -69)	circle	green	dif	left	left	(-39, 69)	(40, -69)	search	nr	True	251441	252431	left	85	110	160	60	10	35	None	None	testing
4	ym	f	19	green	Le	(80, 0)	(40, 69)	(-39, 69)	(-80, 0)	(-40, -69)	(40, -69)	diamond	green	dif	right	right	(-40, -69)	(80, 0)	search	nr	True	253712	254576	right	10	35	60	110	160	135	None	None	testing
4	ym	f	19	green	Le	(80, 0)	(40, 69)	(-39, 69)	(-80, 0)	(-40, -69)	(40, -69)	circle	none	same	right	right	N_dist	(-39, 69)	search	nr	True	255699	256816	right	60	160	10	110	135	85	None	None	testing
4	ym	f	19	green	Le	(80, 0)	(40, 69)	(-39, 69)	(-80, 0)	(-40, -69)	(40, -69)	circle	green	same	right	right	(80, 0)	(-40, -69)	search	nr	True	258104	259391	right	85	10	110	35	160	135	None	None	testing
4	ym	f	19	green	Le	(80, 0)	(40, 69)	(-39, 69)	(-80, 0)	(-40, -69)	(40, -69)	diamond	green	dif	right	right	(-80, 0)	(40, 69)	search	nr	True	260541	261568	right	160	135	110	85	35	60	None	None	testing
4	ym	f	19	green	Le	(80, 0)	(40, 69)	(-39, 69)	(-80, 0)	(-40, -69)	(40, -69)	diamond	none	same	left	left	N_dist	(-40, -69)	search	nr	True	262662	263471	left	110	10	160	35	85	135	None	None	testing
4	ym	f	19	green	Le	(80, 0)	(40, 69)	(-39, 69)	(-80, 0)	(-40, -69)	(40, -69)	circle	none	same	left	left	N_dist	(-40, -69)	search	nr	True	264548	265343	left	110	60	85	35	10	160	None	None	testing
4	ym	f	19	green	Le	(80, 0)	(40, 69)	(-39, 69)	(-80, 0)	(-40, -69)	(40, -69)	diamond	green	dif	right	right	(-40, -69)	(80, 0)	search	nr	True	266585	267455	right	10	60	160	35	110	135	None	None	testing
4	ym	f	19	green	Le	(80, 0)	(40, 69)	(-39, 69)	(-80, 0)	(-40, -69)	(40, -69)	circle	green	dif	right	right	(40, -69)	(80, 0)	search	nr	True	268723	270736	right	60	85	135	35	160	110	None	None	testing
4	ym	f	19	green	Le	(80, 0)	(40, 69)	(-39, 69)	(-80, 0)	(-40, -69)	(40, -69)	diamond	none	dif	right	right	N_dist	(80, 0)	search	nr	True	271896	273039	right	60	35	160	135	10	85	None	None	testing
4	ym	f	19	green	Le	(80, 0)	(40, 69)	(-39, 69)	(-80, 0)	(-40, -69)	(40, -69)	circle	green	same	left	left	(-80, 0)	(40, -69)	search	nr	True	274100	275007	left	135	60	35	10	85	160	None	None	testing
4	ym	f	19	green	Le	(80, 0)	(40, 69)	(-39, 69)	(-80, 0)	(-40, -69)	(40, -69)	diamond	green	same	left	left	(-80, 0)	(-39, 69)	search	nr	True	276220	277759	left	35	85	110	135	60	160	None	None	testing
4	ym	f	19	green	Le	(80, 0)	(40, 69)	(-39, 69)	(-80, 0)	(-40, -69)	(40, -69)	circle	green	dif	left	left	(-80, 0)	(80, 0)	search	nr	True	278875	279824	left	60	110	85	160	135	35	None	None	testing
4	ym	f	19	green	Le	(80, 0)	(40, 69)	(-39, 69)	(-80, 0)	(-40, -69)	(40, -69)	circle	green	same	right	right	(-40, -69)	(-39, 69)	search	nr	True	281045	281856	right	35	160	135	110	60	85	None	None	testing
4	ym	f	19	green	Le	(80, 0)	(40, 69)	(-39, 69)	(-80, 0)	(-40, -69)	(40, -69)	diamond	none	same	left	left	N_dist	(-39, 69)	search	nr	True	283066	284031	left	135	160	110	60	35	85	None	None	testing
4	ym	f	19	green	Le	(80, 0)	(40, 69)	(-39, 69)	(-80, 0)	(-40, -69)	(40, -69)	diamond	green	same	left	left	(-80, 0)	(40, -69)	search	nr	True	285337	286463	left	160	85	60	35	135	110	None	None	testing
4	ym	f	19	green	Le	(80, 0)	(40, 69)	(-39, 69)	(-80, 0)	(-40, -69)	(40, -69)	circle	none	dif	left	left	N_dist	(-80, 0)	search	nr	True	287641	288671	left	160	110	60	35	85	135	None	None	testing
4	ym	f	19	green	Le	(80, 0)	(40, 69)	(-39, 69)	(-80, 0)	(-40, -69)	(40, -69)	diamond	green	same	right	right	(40, -69)	(40, 69)	search	nr	True	289912	291087	right	160	10	35	60	135	85	None	None	testing
4	ym	f	19	green	Le	(80, 0)	(40, 69)	(-39, 69)	(-80, 0)	(-40, -69)	(40, -69)	circle	none	dif	left	left	N_dist	(-80, 0)	search	nr	True	292216	293087	left	35	110	60	160	135	10	None	None	testing
4	ym	f	19	green	Le	(80, 0)	(40, 69)	(-39, 69)	(-80, 0)	(-40, -69)	(40, -69)	diamond	none	dif	left	left	N_dist	(40, -69)	search	nr	True	294303	295167	left	135	35	110	160	10	85	None	None	testing
4	ym	f	19	green	Le	(80, 0)	(40, 69)	(-39, 69)	(-80, 0)	(-40, -69)	(40, -69)	circle	none	same	right	right	N_dist	(40, -69)	search	nr	True	296424	297391	right	110	35	60	135	85	160	None	None	testing
4	ym	f	19	green	Le	(80, 0)	(40, 69)	(-39, 69)	(-80, 0)	(-40, -69)	(40, -69)	diamond	none	same	right	right	N_dist	(40, 69)	search	nr	True	298662	299648	right	160	10	135	110	85	60	None	None	testing
4	ym	f	19	green	Le	(80, 0)	(40, 69)	(-39, 69)	(-80, 0)	(-40, -69)	(40, -69)	circle	green	dif	right	right	(-40, -69)	(80, 0)	search	nr	True	300798	301710	right	110	160	60	135	35	85	None	None	testing
4	ym	f	19	green	Le	(80, 0)	(40, 69)	(-39, 69)	(-80, 0)	(-40, -69)	(40, -69)	circle	none	same	left	left	N_dist	(-39, 69)	search	nr	True	302802	303631	left	60	160	10	110	85	35	None	None	testing
4	ym	f	19	green	Le	(80, 0)	(40, 69)	(-39, 69)	(-80, 0)	(-40, -69)	(40, -69)	diamond	green	same	left	left	(-39, 69)	(40, 69)	search	nr	True	304889	306079	left	60	35	160	135	10	110	None	None	testing
4	ym	f	19	green	Le	(80, 0)	(40, 69)	(-39, 69)	(-80, 0)	(-40, -69)	(40, -69)	circle	green	dif	left	left	(40, -69)	(80, 0)	search	nr	True	307277	308351	left	10	35	85	160	110	135	None	None	testing
4	ym	f	19	green	Le	(80, 0)	(40, 69)	(-39, 69)	(-80, 0)	(-40, -69)	(40, -69)	diamond	none	dif	left	left	N_dist	(80, 0)	search	nr	True	309448	311087	left	10	110	135	60	35	160	None	None	testing
4	ym	f	19	green	Le	(80, 0)	(40, 69)	(-39, 69)	(-80, 0)	(-40, -69)	(40, -69)	diamond	green	same	left	left	(-80, 0)	(-40, -69)	search	nr	True	312386	313215	left	35	60	10	85	160	110	None	None	testing
4	ym	f	19	green	Le	(80, 0)	(40, 69)	(-39, 69)	(-80, 0)	(-40, -69)	(40, -69)	diamond	green	same	right	right	(-80, 0)	(-39, 69)	search	nr	True	314324	316463	right	160	35	110	135	60	10	None	None	testing
4	ym	f	19	green	Le	(80, 0)	(40, 69)	(-39, 69)	(-80, 0)	(-40, -69)	(40, -69)	circle	green	same	left	left	(-80, 0)	(-39, 69)	search	nr	True	317563	319104	right	35	110	10	160	135	60	None	None	testing
4	ym	f	19	green	Le	(80, 0)	(40, 69)	(-39, 69)	(-80, 0)	(-40, -69)	(40, -69)	circle	green	same	right	right	(80, 0)	(40, -69)	search	nr	True	321804	323759	right	60	35	85	110	10	160	None	None	testing
4	ym	f	19	green	Le	(80, 0)	(40, 69)	(-39, 69)	(-80, 0)	(-40, -69)	(40, -69)	diamond	green	dif	right	right	(-80, 0)	(-39, 69)	search	nr	True	324843	326047	right	85	160	10	135	110	35	None	None	testing
4	ym	f	19	green	Le	(80, 0)	(40, 69)	(-39, 69)	(-80, 0)	(-40, -69)	(40, -69)	circle	green	same	left	left	(-80, 0)	(40, -69)	search	nr	True	327114	328287	left	10	160	60	110	85	35	None	None	testing
4	ym	f	19	green	Le	(80, 0)	(40, 69)	(-39, 69)	(-80, 0)	(-40, -69)	(40, -69)	circle	green	same	left	left	(40, -69)	(-39, 69)	search	nr	True	329351	330560	left	35	135	160	85	110	10	None	None	testing
4	ym	f	19	green	Le	(80, 0)	(40, 69)	(-39, 69)	(-80, 0)	(-40, -69)	(40, -69)	diamond	green	same	left	left	(-39, 69)	(40, 69)	search	nr	True	331705	332992	left	160	10	135	110	60	35	None	None	testing
4	ym	f	19	green	Le	(80, 0)	(40, 69)	(-39, 69)	(-80, 0)	(-40, -69)	(40, -69)	diamond	green	same	left	left	(-80, 0)	(-39, 69)	search	nr	True	334143	335247	left	35	85	110	160	60	135	None	None	testing
4	ym	f	19	green	Le	(80, 0)	(40, 69)	(-39, 69)	(-80, 0)	(-40, -69)	(40, -69)	circle	green	same	right	right	(-80, 0)	(80, 0)	search	nr	True	336464	337871	right	60	35	110	10	85	160	None	None	testing
4	ym	f	19	green	Le	(80, 0)	(40, 69)	(-39, 69)	(-80, 0)	(-40, -69)	(40, -69)	circle	green	same	right	right	(-80, 0)	(80, 0)	search	nr	True	338986	340175	right	85	60	160	10	35	110	None	None	testing
4	ym	f	19	green	Le	(80, 0)	(40, 69)	(-39, 69)	(-80, 0)	(-40, -69)	(40, -69)	diamond	green	same	right	right	(40, 69)	(80, 0)	search	nr	True	341373	342879	right	35	160	135	60	110	10	None	None	testing
4	ym	f	19	green	Le	(80, 0)	(40, 69)	(-39, 69)	(-80, 0)	(-40, -69)	(40, -69)	circle	green	dif	left	left	(-80, 0)	(-40, -69)	search	nr	True	344062	345135	left	10	35	85	135	110	60	None	None	testing
4	ym	f	19	green	Le	(80, 0)	(40, 69)	(-39, 69)	(-80, 0)	(-40, -69)	(40, -69)	diamond	none	dif	left	left	N_dist	(-80, 0)	search	nr	True	346283	347455	left	10	60	110	85	135	35	None	None	testing
4	ym	f	19	green	Le	(80, 0)	(40, 69)	(-39, 69)	(-80, 0)	(-40, -69)	(40, -69)	circle	green	same	left	left	(-80, 0)	(-40, -69)	search	nr	True	348603	349999	left	10	35	135	85	60	110	None	None	testing
4	ym	f	19	green	Le	(80, 0)	(40, 69)	(-39, 69)	(-80, 0)	(-40, -69)	(40, -69)	circle	green	dif	left	left	(-80, 0)	(40, -69)	search	nr	True	351174	352368	left	60	135	10	85	35	110	None	None	testing
4	ym	f	19	green	Le	(80, 0)	(40, 69)	(-39, 69)	(-80, 0)	(-40, -69)	(40, -69)	diamond	green	same	right	right	(-80, 0)	(-39, 69)	search	nr	True	353579	354559	right	135	35	10	60	85	160	None	None	testing
4	ym	f	19	green	Le	(80, 0)	(40, 69)	(-39, 69)	(-80, 0)	(-40, -69)	(40, -69)	diamond	green	same	left	left	(40, 69)	(40, -69)	search	nr	True	355616	356799	left	85	160	35	10	110	60	None	None	testing
4	ym	f	19	green	Le	(80, 0)	(40, 69)	(-39, 69)	(-80, 0)	(-40, -69)	(40, -69)	diamond	green	dif	right	right	(-80, 0)	(-40, -69)	search	nr	True	358087	359599	right	135	35	10	60	85	160	None	None	testing
4	ym	f	19	green	Le	(80, 0)	(40, 69)	(-39, 69)	(-80, 0)	(-40, -69)	(40, -69)	circle	none	same	right	right	N_dist	(-39, 69)	search	nr	True	360859	361710	right	10	110	60	160	135	85	None	None	testing
4	ym	f	19	green	Le	(80, 0)	(40, 69)	(-39, 69)	(-80, 0)	(-40, -69)	(40, -69)	circle	none	same	left	left	N_dist	(-40, -69)	search	nr	True	362796	363583	left	60	110	35	160	85	10	None	None	testing
4	ym	f	19	green	Le	(80, 0)	(40, 69)	(-39, 69)	(-80, 0)	(-40, -69)	(40, -69)	circle	green	dif	right	right	(80, 0)	(-40, -69)	search	nr	True	364700	365887	right	160	35	85	110	10	60	None	None	testing
4	ym	f	19	green	Le	(80, 0)	(40, 69)	(-39, 69)	(-80, 0)	(-40, -69)	(40, -69)	circle	green	same	left	left	(-80, 0)	(80, 0)	search	nr	True	366954	367952	left	160	110	35	10	135	85	None	None	testing
4	ym	f	19	green	Le	(80, 0)	(40, 69)	(-39, 69)	(-80, 0)	(-40, -69)	(40, -69)	circle	none	same	left	left	N_dist	(-39, 69)	search	nr	True	369225	370032	left	85	110	135	160	35	60	None	None	testing
4	ym	f	19	green	Le	(80, 0)	(40, 69)	(-39, 69)	(-80, 0)	(-40, -69)	(40, -69)	diamond	green	same	left	left	(-80, 0)	(-40, -69)	search	nr	True	371195	372175	left	135	35	110	160	60	10	None	None	testing
4	ym	f	19	green	Le	(80, 0)	(40, 69)	(-39, 69)	(-80, 0)	(-40, -69)	(40, -69)	circle	green	same	right	right	(-80, 0)	(40, -69)	search	nr	True	373415	374287	right	160	110	85	135	60	35	None	None	testing
4	ym	f	19	green	Le	(80, 0)	(40, 69)	(-39, 69)	(-80, 0)	(-40, -69)	(40, -69)	circle	none	dif	right	right	N_dist	(40, -69)	search	nr	True	375453	376207	right	85	35	10	135	60	160	None	None	testing
4	ym	f	19	green	Le	(80, 0)	(40, 69)	(-39, 69)	(-80, 0)	(-40, -69)	(40, -69)	circle	green	same	right	right	(-80, 0)	(80, 0)	search	nr	True	377356	378191	right	85	160	35	60	135	10	None	None	testing
4	ym	f	19	green	Le	(80, 0)	(40, 69)	(-39, 69)	(-80, 0)	(-40, -69)	(40, -69)	diamond	none	same	left	left	N_dist	(40, -69)	search	nr	True	379327	380367	left	135	35	160	60	10	85	None	None	testing
4	ym	f	19	green	Le	(80, 0)	(40, 69)	(-39, 69)	(-80, 0)	(-40, -69)	(40, -69)	diamond	green	same	right	right	(-39, 69)	(80, 0)	search	nr	True	381497	382480	right	60	135	10	35	160	110	None	None	testing
4	ym	f	19	green	Le	(80, 0)	(40, 69)	(-39, 69)	(-80, 0)	(-40, -69)	(40, -69)	diamond	none	dif	left	left	N_dist	(-80, 0)	search	nr	True	383651	384368	left	10	85	135	60	35	160	None	None	testing
4	ym	f	19	green	Le	(80, 0)	(40, 69)	(-39, 69)	(-80, 0)	(-40, -69)	(40, -69)	diamond	green	dif	left	left	(-80, 0)	(80, 0)	search	nr	True	385554	386687	left	85	35	160	60	10	135	None	None	testing
4	ym	f	19	green	Le	(80, 0)	(40, 69)	(-39, 69)	(-80, 0)	(-40, -69)	(40, -69)	circle	none	same	left	left	N_dist	(40, 69)	search	nr	True	387809	388831	left	110	35	135	10	60	85	None	None	testing
4	ym	f	19	green	Le	(80, 0)	(40, 69)	(-39, 69)	(-80, 0)	(-40, -69)	(40, -69)	diamond	green	dif	left	left	(-80, 0)	(-39, 69)	search	nr	True	389896	390784	left	35	110	160	60	10	85	None	None	testing
4	ym	f	19	green	Le	(80, 0)	(40, 69)	(-39, 69)	(-80, 0)	(-40, -69)	(40, -69)	diamond	green	dif	right	right	(-80, 0)	(-40, -69)	search	nr	True	392033	393247	right	10	110	60	135	85	160	None	None	testing
4	ym	f	19	green	Le	(80, 0)	(40, 69)	(-39, 69)	(-80, 0)	(-40, -69)	(40, -69)	circle	green	dif	left	left	(-80, 0)	(80, 0)	search	nr	True	394454	395359	left	160	110	60	135	10	85	None	None	testing
4	ym	f	19	green	Le	(80, 0)	(40, 69)	(-39, 69)	(-80, 0)	(-40, -69)	(40, -69)	diamond	green	same	right	right	(-80, 0)	(-39, 69)	search	nr	True	396457	397343	right	110	160	10	35	60	85	None	None	testing
4	ym	f	19	green	Le	(80, 0)	(40, 69)	(-39, 69)	(-80, 0)	(-40, -69)	(40, -69)	circle	green	dif	left	left	(40, -69)	(80, 0)	search	nr	True	398628	399568	left	110	160	60	10	85	35	None	None	testing
4	ym	f	19	green	Le	(80, 0)	(40, 69)	(-39, 69)	(-80, 0)	(-40, -69)	(40, -69)	circle	none	dif	left	left	N_dist	(40, -69)	search	nr	True	400682	401790	left	85	10	110	60	160	35	None	None	testing
4	ym	f	19	green	Le	(80, 0)	(40, 69)	(-39, 69)	(-80, 0)	(-40, -69)	(40, -69)	circle	green	dif	right	right	(-80, 0)	(40, -69)	search	nr	True	402954	404127	right	35	110	160	85	135	60	None	None	testing
4	ym	f	19	green	Le	(80, 0)	(40, 69)	(-39, 69)	(-80, 0)	(-40, -69)	(40, -69)	diamond	green	dif	right	right	(40, 69)	(-39, 69)	search	nr	True	405424	406847	right	10	35	110	160	60	135	None	None	testing
4	ym	f	19	green	Le	(80, 0)	(40, 69)	(-39, 69)	(-80, 0)	(-40, -69)	(40, -69)	circle	green	dif	right	right	(-80, 0)	(40, 69)	search	nr	True	408046	409280	right	35	135	60	160	10	110	None	None	testing
4	ym	f	19	green	Le	(80, 0)	(40, 69)	(-39, 69)	(-80, 0)	(-40, -69)	(40, -69)	circle	green	dif	right	right	(-40, -69)	(80, 0)	search	nr	True	410416	411520	right	160	110	10	35	60	85	None	None	testing
4	ym	f	19	green	Le	(80, 0)	(40, 69)	(-39, 69)	(-80, 0)	(-40, -69)	(40, -69)	diamond	green	dif	right	right	(-80, 0)	(40, 69)	search	nr	True	412620	414079	right	160	135	35	10	110	60	None	None	testing
4	ym	f	19	green	Le	(80, 0)	(40, 69)	(-39, 69)	(-80, 0)	(-40, -69)	(40, -69)	diamond	none	dif	right	right	N_dist	(-39, 69)	search	nr	True	415175	416175	right	160	85	135	10	35	110	None	None	testing
4	ym	f	19	green	Le	(80, 0)	(40, 69)	(-39, 69)	(-80, 0)	(-40, -69)	(40, -69)	circle	green	same	right	right	(80, 0)	(40, -69)	search	nr	True	417263	418959	right	110	10	135	35	60	85	None	None	testing
4	ym	f	19	green	Le	(80, 0)	(40, 69)	(-39, 69)	(-80, 0)	(-40, -69)	(40, -69)	circle	green	same	right	right	(-40, -69)	(40, -69)	search	nr	True	420218	422112	right	10	35	135	110	85	160	None	None	testing
4	ym	f	19	green	Le	(80, 0)	(40, 69)	(-39, 69)	(-80, 0)	(-40, -69)	(40, -69)	circle	green	dif	right	right	(80, 0)	(-40, -69)	search	nr	True	423224	424927	right	60	85	10	110	135	35	None	None	testing
4	ym	f	19	green	Le	(80, 0)	(40, 69)	(-39, 69)	(-80, 0)	(-40, -69)	(40, -69)	diamond	green	dif	left	left	(-80, 0)	(40, -69)	search	nr	True	426012	428047	left	35	60	135	160	85	110	None	None	testing
4	ym	f	19	green	Le	(80, 0)	(40, 69)	(-39, 69)	(-80, 0)	(-40, -69)	(40, -69)	circle	none	same	left	left	N_dist	(40, 69)	search	nr	True	429134	430511	left	85	10	160	60	35	110	None	None	testing
4	ym	f	19	green	Le	(80, 0)	(40, 69)	(-39, 69)	(-80, 0)	(-40, -69)	(40, -69)	circle	green	same	left	left	(-80, 0)	(80, 0)	search	nr	True	431789	433023	left	85	160	110	35	60	135	None	None	testing
4	ym	f	19	green	Le	(80, 0)	(40, 69)	(-39, 69)	(-80, 0)	(-40, -69)	(40, -69)	circle	green	same	right	right	(-80, 0)	(40, -69)	search	nr	True	434194	435294	right	85	135	160	60	35	10	None	None	testing
4	ym	f	19	green	Le	(80, 0)	(40, 69)	(-39, 69)	(-80, 0)	(-40, -69)	(40, -69)	diamond	green	same	right	right	(-80, 0)	(40, 69)	search	nr	True	436414	437583	right	110	60	160	135	10	85	None	None	testing
4	ym	f	19	green	Le	(80, 0)	(40, 69)	(-39, 69)	(-80, 0)	(-40, -69)	(40, -69)	circle	none	same	right	right	N_dist	(80, 0)	search	nr	True	438736	439663	right	35	135	110	60	10	85	None	None	testing
4	ym	f	19	green	Le	(80, 0)	(40, 69)	(-39, 69)	(-80, 0)	(-40, -69)	(40, -69)	diamond	green	same	right	right	(-80, 0)	(40, 69)	search	nr	True	440872	441759	right	135	10	35	60	160	85	None	None	testing
4	ym	f	19	green	Le	(80, 0)	(40, 69)	(-39, 69)	(-80, 0)	(-40, -69)	(40, -69)	diamond	green	same	left	left	(-39, 69)	(40, 69)	search	nr	True	442944	444415	left	160	110	35	85	10	60	None	None	testing
4	ym	f	19	green	Le	(80, 0)	(40, 69)	(-39, 69)	(-80, 0)	(-40, -69)	(40, -69)	diamond	none	same	left	left	N_dist	(-39, 69)	search	nr	True	445581	446271	left	35	160	110	10	135	60	None	None	testing
4	ym	f	19	green	Le	(80, 0)	(40, 69)	(-39, 69)	(-80, 0)	(-40, -69)	(40, -69)	diamond	none	same	left	left	N_dist	(80, 0)	search	nr	True	447385	448287	left	160	60	85	110	135	35	None	None	testing
4	ym	f	19	green	Le	(80, 0)	(40, 69)	(-39, 69)	(-80, 0)	(-40, -69)	(40, -69)	circle	green	dif	left	left	(40, 69)	(80, 0)	search	nr	True	449472	450991	left	60	135	85	10	110	160	None	None	testing
4	ym	f	19	green	Le	(80, 0)	(40, 69)	(-39, 69)	(-80, 0)	(-40, -69)	(40, -69)	diamond	green	dif	left	left	(-80, 0)	(40, -69)	search	nr	True	452194	454383	left	10	110	35	60	160	85	None	None	testing
4	ym	f	19	green	Le	(80, 0)	(40, 69)	(-39, 69)	(-80, 0)	(-40, -69)	(40, -69)	diamond	green	dif	right	right	(-80, 0)	(-40, -69)	search	nr	True	455683	456639	right	135	85	110	60	35	160	None	None	testing
4	ym	f	19	green	Le	(80, 0)	(40, 69)	(-39, 69)	(-80, 0)	(-40, -69)	(40, -69)	diamond	green	dif	left	left	(-80, 0)	(40, -69)	search	nr	True	457754	458608	left	160	35	110	10	85	135	None	None	testing
4	ym	f	19	green	Le	(80, 0)	(40, 69)	(-39, 69)	(-80, 0)	(-40, -69)	(40, -69)	diamond	green	same	right	right	(-80, 0)	(-39, 69)	search	nr	True	459674	460751	right	60	135	10	85	35	110	None	None	testing
4	ym	f	19	green	Le	(80, 0)	(40, 69)	(-39, 69)	(-80, 0)	(-40, -69)	(40, -69)	diamond	green	dif	right	right	(-80, 0)	(-39, 69)	search	nr	True	461811	462656	right	85	35	160	135	110	60	None	None	testing
4	ym	f	19	green	Le	(80, 0)	(40, 69)	(-39, 69)	(-80, 0)	(-40, -69)	(40, -69)	circle	none	same	right	right	N_dist	(-39, 69)	search	nr	True	463798	464656	right	85	160	35	135	60	10	None	None	testing
4	ym	f	19	green	Le	(80, 0)	(40, 69)	(-39, 69)	(-80, 0)	(-40, -69)	(40, -69)	diamond	none	same	right	right	N_dist	(-80, 0)	search	nr	True	465736	466784	right	160	85	10	35	110	60	None	None	testing
4	ym	f	19	green	Le	(80, 0)	(40, 69)	(-39, 69)	(-80, 0)	(-40, -69)	(40, -69)	circle	none	dif	left	left	N_dist	(40, -69)	search	nr	True	468006	469455	left	60	135	110	160	85	10	None	None	testing
4	ym	f	19	green	Le	(80, 0)	(40, 69)	(-39, 69)	(-80, 0)	(-40, -69)	(40, -69)	diamond	green	dif	left	left	(-80, 0)	(-40, -69)	search	nr	True	470678	472368	left	85	35	60	10	110	135	None	None	testing
4	ym	f	19	green	Le	(80, 0)	(40, 69)	(-39, 69)	(-80, 0)	(-40, -69)	(40, -69)	diamond	none	same	right	right	N_dist	(40, 69)	search	nr	True	473567	474415	right	135	35	85	10	160	110	None	None	testing
4	ym	f	19	green	Le	(80, 0)	(40, 69)	(-39, 69)	(-80, 0)	(-40, -69)	(40, -69)	circle	green	same	left	left	(-80, 0)	(80, 0)	search	nr	True	475520	476671	left	135	160	10	110	60	85	None	None	testing
4	ym	f	19	green	Le	(80, 0)	(40, 69)	(-39, 69)	(-80, 0)	(-40, -69)	(40, -69)	circle	green	same	right	right	(-80, 0)	(40, 69)	search	nr	True	477908	479039	right	85	135	60	35	160	10	None	None	testing
4	ym	f	19	green	Le	(80, 0)	(40, 69)	(-39, 69)	(-80, 0)	(-40, -69)	(40, -69)	circle	none	same	right	right	N_dist	(80, 0)	search	nr	True	480128	481263	right	135	110	60	35	160	10	None	None	testing
4	ym	f	19	green	Le	(80, 0)	(40, 69)	(-39, 69)	(-80, 0)	(-40, -69)	(40, -69)	diamond	green	dif	right	right	(-80, 0)	(40, -69)	search	nr	True	482433	484656	right	60	35	85	110	135	160	None	None	testing
4	ym	f	19	green	Le	(80, 0)	(40, 69)	(-39, 69)	(-80, 0)	(-40, -69)	(40, -69)	diamond	green	same	left	left	(-80, 0)	(40, -69)	search	nr	True	485805	486719	left	35	85	160	110	60	10	None	None	testing
4	ym	f	19	green	Le	(80, 0)	(40, 69)	(-39, 69)	(-80, 0)	(-40, -69)	(40, -69)	diamond	green	dif	right	right	(-80, 0)	(40, 69)	search	nr	True	487842	488767	right	160	110	10	135	85	60	None	None	testing
4	ym	f	19	green	Le	(80, 0)	(40, 69)	(-39, 69)	(-80, 0)	(-40, -69)	(40, -69)	circle	green	dif	left	left	(40, -69)	(-40, -69)	search	nr	True	489829	491055	left	160	60	110	135	35	85	None	None	testing
4	ym	f	19	green	Le	(80, 0)	(40, 69)	(-39, 69)	(-80, 0)	(-40, -69)	(40, -69)	diamond	green	same	left	left	(40, 69)	(40, -69)	search	nr	True	492351	493855	left	60	135	85	10	110	160	None	None	testing
4	ym	f	19	green	Le	(80, 0)	(40, 69)	(-39, 69)	(-80, 0)	(-40, -69)	(40, -69)	circle	green	same	left	left	(-80, 0)	(80, 0)	search	nr	True	495139	495919	left	110	10	160	35	60	85	None	None	testing
4	ym	f	19	green	Le	(80, 0)	(40, 69)	(-39, 69)	(-80, 0)	(-40, -69)	(40, -69)	circle	none	dif	right	right	N_dist	(40, 69)	search	nr	True	496976	498143	right	35	160	135	60	110	10	None	None	testing
4	ym	f	19	green	Le	(80, 0)	(40, 69)	(-39, 69)	(-80, 0)	(-40, -69)	(40, -69)	circle	green	same	right	right	(40, -69)	(-40, -69)	search	nr	True	499430	501103	right	85	35	60	135	160	110	None	None	testing
4	ym	f	19	green	Le	(80, 0)	(40, 69)	(-39, 69)	(-80, 0)	(-40, -69)	(40, -69)	circle	green	same	right	right	(-80, 0)	(80, 0)	search	nr	True	502302	503311	right	160	110	85	135	35	10	None	None	testing
4	ym	f	19	green	Le	(80, 0)	(40, 69)	(-39, 69)	(-80, 0)	(-40, -69)	(40, -69)	circle	green	dif	left	left	(-40, -69)	(-39, 69)	search	nr	True	504557	505374	left	160	135	110	35	60	85	None	None	testing
4	ym	f	19	green	Le	(80, 0)	(40, 69)	(-39, 69)	(-80, 0)	(-40, -69)	(40, -69)	diamond	none	same	left	left	N_dist	(40, -69)	search	nr	True	506694	507727	left	60	110	10	160	85	35	None	None	testing
4	ym	f	19	green	Le	(80, 0)	(40, 69)	(-39, 69)	(-80, 0)	(-40, -69)	(40, -69)	circle	none	same	right	right	N_dist	(-80, 0)	search	nr	True	508914	509952	right	160	10	135	85	110	35	None	None	testing
4	ym	f	19	green	Le	(80, 0)	(40, 69)	(-39, 69)	(-80, 0)	(-40, -69)	(40, -69)	circle	green	same	left	left	(-80, 0)	(40, 69)	search	nr	True	511102	512047	left	135	35	110	10	85	160	None	None	testing
4	ym	f	19	green	Le	(80, 0)	(40, 69)	(-39, 69)	(-80, 0)	(-40, -69)	(40, -69)	circle	none	same	left	left	N_dist	(40, 69)	search	nr	True	513122	513855	left	10	60	85	135	35	110	None	None	testing
4	ym	f	19	green	Le	(80, 0)	(40, 69)	(-39, 69)	(-80, 0)	(-40, -69)	(40, -69)	circle	green	same	left	left	(-80, 0)	(80, 0)	search	nr	True	514976	515967	left	35	160	85	60	10	110	None	None	testing
4	ym	f	19	green	Le	(80, 0)	(40, 69)	(-39, 69)	(-80, 0)	(-40, -69)	(40, -69)	diamond	none	same	left	left	N_dist	(-40, -69)	search	nr	True	517046	517952	left	10	85	110	60	35	135	None	None	testing
4	ym	f	19	green	Le	(80, 0)	(40, 69)	(-39, 69)	(-80, 0)	(-40, -69)	(40, -69)	diamond	green	same	left	left	(-80, 0)	(-40, -69)	search	nr	True	519034	519824	left	10	60	135	110	85	160	None	None	testing
4	ym	f	19	green	Le	(80, 0)	(40, 69)	(-39, 69)	(-80, 0)	(-40, -69)	(40, -69)	diamond	none	dif	left	left	N_dist	(-80, 0)	search	nr	True	521071	521791	left	160	85	135	10	60	110	None	None	testing
4	ym	f	19	green	Le	(80, 0)	(40, 69)	(-39, 69)	(-80, 0)	(-40, -69)	(40, -69)	circle	green	dif	right	right	(-39, 69)	(80, 0)	search	nr	True	522907	523824	right	135	60	85	110	160	35	None	None	testing
4	ym	f	19	green	Le	(80, 0)	(40, 69)	(-39, 69)	(-80, 0)	(-40, -69)	(40, -69)	diamond	none	same	right	right	N_dist	(40, -69)	search	nr	True	525127	526320	right	160	135	10	60	85	110	None	None	testing
4	ym	f	19	green	Le	(80, 0)	(40, 69)	(-39, 69)	(-80, 0)	(-40, -69)	(40, -69)	diamond	green	same	right	right	(-80, 0)	(-39, 69)	search	nr	True	527533	528448	right	10	60	135	35	85	110	None	None	testing
4	ym	f	19	green	Le	(80, 0)	(40, 69)	(-39, 69)	(-80, 0)	(-40, -69)	(40, -69)	diamond	green	dif	left	left	(-80, 0)	(40, -69)	search	nr	True	529719	530542	left	85	60	35	135	10	160	None	None	testing
4	ym	f	19	green	Le	(80, 0)	(40, 69)	(-39, 69)	(-80, 0)	(-40, -69)	(40, -69)	circle	green	dif	left	left	(-80, 0)	(-39, 69)	search	nr	True	531807	532927	left	60	110	135	35	10	160	None	None	testing
4	ym	f	19	green	Le	(80, 0)	(40, 69)	(-39, 69)	(-80, 0)	(-40, -69)	(40, -69)	circle	green	same	right	right	(-40, -69)	(40, -69)	search	nr	True	534078	535247	right	60	85	35	160	10	110	None	None	testing
4	ym	f	19	green	Le	(80, 0)	(40, 69)	(-39, 69)	(-80, 0)	(-40, -69)	(40, -69)	circle	green	dif	left	left	(-80, 0)	(-39, 69)	search	nr	True	536331	537536	left	60	160	135	85	110	10	None	None	testing
4	ym	f	19	green	Le	(80, 0)	(40, 69)	(-39, 69)	(-80, 0)	(-40, -69)	(40, -69)	circle	none	same	left	left	N_dist	(-39, 69)	search	nr	True	538686	539727	left	110	160	60	10	85	35	None	None	testing
4	ym	f	19	green	Le	(80, 0)	(40, 69)	(-39, 69)	(-80, 0)	(-40, -69)	(40, -69)	diamond	none	dif	left	left	N_dist	(-40, -69)	search	nr	True	540956	542079	left	110	160	35	85	60	10	None	None	testing
4	ym	f	19	green	Le	(80, 0)	(40, 69)	(-39, 69)	(-80, 0)	(-40, -69)	(40, -69)	diamond	green	dif	left	left	(-80, 0)	(80, 0)	search	nr	True	543228	544448	left	135	10	110	160	60	85	None	None	testing
4	ym	f	19	green	Le	(80, 0)	(40, 69)	(-39, 69)	(-80, 0)	(-40, -69)	(40, -69)	diamond	green	dif	right	right	(-80, 0)	(40, 69)	search	nr	True	545749	547087	right	135	35	85	10	60	160	None	None	testing
4	ym	f	19	green	Le	(80, 0)	(40, 69)	(-39, 69)	(-80, 0)	(-40, -69)	(40, -69)	circle	green	same	left	left	(-80, 0)	(40, -69)	search	nr	True	548154	549343	left	35	135	110	85	10	160	None	None	testing
4	ym	f	19	green	Le	(80, 0)	(40, 69)	(-39, 69)	(-80, 0)	(-40, -69)	(40, -69)	circle	none	same	left	left	N_dist	(40, 69)	search	nr	True	550491	551662	left	35	110	160	85	10	60	None	None	testing
4	ym	f	19	green	Le	(80, 0)	(40, 69)	(-39, 69)	(-80, 0)	(-40, -69)	(40, -69)	circle	green	same	left	left	(40, -69)	(-39, 69)	search	nr	True	552829	554143	left	35	10	135	160	85	110	None	None	testing
4	ym	f	19	green	Le	(80, 0)	(40, 69)	(-39, 69)	(-80, 0)	(-40, -69)	(40, -69)	circle	green	dif	left	left	(40, 69)	(80, 0)	search	nr	True	555233	556415	left	110	35	85	10	60	160	None	None	testing
4	ym	f	19	green	Le	(80, 0)	(40, 69)	(-39, 69)	(-80, 0)	(-40, -69)	(40, -69)	diamond	green	same	left	left	(-39, 69)	(40, 69)	search	nr	True	557504	559568	left	10	85	110	135	35	160	None	None	testing
4	ym	f	19	green	Le	(80, 0)	(40, 69)	(-39, 69)	(-80, 0)	(-40, -69)	(40, -69)	diamond	none	same	left	left	N_dist	(-40, -69)	search	nr	True	560710	561696	left	85	110	160	35	135	10	None	None	testing
4	ym	f	19	green	Le	(80, 0)	(40, 69)	(-39, 69)	(-80, 0)	(-40, -69)	(40, -69)	circle	green	same	left	left	(-80, 0)	(-40, -69)	search	nr	True	562814	565375	left	135	160	35	10	60	85	None	None	testing
4	ym	f	19	green	Le	(80, 0)	(40, 69)	(-39, 69)	(-80, 0)	(-40, -69)	(40, -69)	circle	none	dif	right	right	N_dist	(40, 69)	search	nr	True	566437	567744	right	160	135	85	110	35	10	None	None	testing
4	ym	f	19	green	Le	(80, 0)	(40, 69)	(-39, 69)	(-80, 0)	(-40, -69)	(40, -69)	diamond	green	same	right	right	(40, 69)	(40, -69)	search	nr	True	568975	570767	right	160	110	60	10	35	85	None	None	testing
4	ym	f	19	green	Le	(80, 0)	(40, 69)	(-39, 69)	(-80, 0)	(-40, -69)	(40, -69)	diamond	green	same	left	left	(-80, 0)	(-40, -69)	search	nr	True	571880	572719	left	160	85	10	110	60	135	None	None	testing
4	ym	f	19	green	Le	(80, 0)	(40, 69)	(-39, 69)	(-80, 0)	(-40, -69)	(40, -69)	circle	green	dif	right	right	(-80, 0)	(-40, -69)	search	nr	True	573800	575072	right	60	10	35	110	160	85	None	None	testing
4	ym	f	19	green	Le	(80, 0)	(40, 69)	(-39, 69)	(-80, 0)	(-40, -69)	(40, -69)	diamond	none	same	right	right	N_dist	(40, 69)	search	nr	True	576305	577247	right	135	160	85	60	110	35	None	None	testing
4	ym	f	19	green	Le	(80, 0)	(40, 69)	(-39, 69)	(-80, 0)	(-40, -69)	(40, -69)	diamond	none	dif	right	right	N_dist	(40, 69)	search	nr	True	578426	579200	right	85	135	110	60	10	35	None	None	testing
4	ym	f	19	green	Le	(80, 0)	(40, 69)	(-39, 69)	(-80, 0)	(-40, -69)	(40, -69)	diamond	none	dif	left	left	N_dist	(80, 0)	search	nr	True	580463	581535	left	85	60	35	135	10	110	None	None	testing
4	ym	f	19	green	Le	(80, 0)	(40, 69)	(-39, 69)	(-80, 0)	(-40, -69)	(40, -69)	circle	none	same	left	left	N_dist	(40, 69)	search	nr	True	582617	583663	left	10	160	60	110	135	85	None	None	testing
4	ym	f	19	green	Le	(80, 0)	(40, 69)	(-39, 69)	(-80, 0)	(-40, -69)	(40, -69)	circle	none	same	right	right	N_dist	(-39, 69)	search	nr	True	584938	586207	right	135	60	110	35	10	160	None	None	testing
4	ym	f	19	green	Le	(80, 0)	(40, 69)	(-39, 69)	(-80, 0)	(-40, -69)	(40, -69)	circle	green	same	right	right	(-80, 0)	(80, 0)	search	nr	True	587459	588415	right	35	135	110	160	10	85	None	None	testing
4	ym	f	19	green	Le	(80, 0)	(40, 69)	(-39, 69)	(-80, 0)	(-40, -69)	(40, -69)	circle	green	dif	right	right	(-80, 0)	(80, 0)	search	nr	True	589613	590271	right	85	135	35	110	160	10	None	None	testing
4	ym	f	19	green	Le	(80, 0)	(40, 69)	(-39, 69)	(-80, 0)	(-40, -69)	(40, -69)	circle	none	dif	left	left	N_dist	(-80, 0)	search	nr	True	591534	592254	left	160	135	35	10	110	60	None	None	testing
4	ym	f	19	green	Le	(80, 0)	(40, 69)	(-39, 69)	(-80, 0)	(-40, -69)	(40, -69)	circle	none	dif	left	left	N_dist	(80, 0)	search	nr	True	593554	594368	left	135	10	60	110	160	85	None	None	testing
4	ym	f	19	green	Le	(80, 0)	(40, 69)	(-39, 69)	(-80, 0)	(-40, -69)	(40, -69)	diamond	green	dif	right	right	(-80, 0)	(40, 69)	search	nr	True	595608	596623	right	160	135	60	110	10	85	None	None	testing
4	ym	f	19	green	Le	(80, 0)	(40, 69)	(-39, 69)	(-80, 0)	(-40, -69)	(40, -69)	diamond	green	dif	right	right	(-80, 0)	(40, 69)	search	nr	True	597812	598975	right	160	35	10	110	60	135	None	None	testing
4	ym	f	19	green	Le	(80, 0)	(40, 69)	(-39, 69)	(-80, 0)	(-40, -69)	(40, -69)	circle	none	same	left	left	N_dist	(-39, 69)	search	nr	True	600182	601503	left	160	10	85	110	135	60	None	None	testing
4	ym	f	19	green	Le	(80, 0)	(40, 69)	(-39, 69)	(-80, 0)	(-40, -69)	(40, -69)	diamond	green	same	right	right	(-80, 0)	(-39, 69)	search	nr	True	602670	603662	right	110	135	60	85	10	35	None	None	testing
4	ym	f	19	green	Le	(80, 0)	(40, 69)	(-39, 69)	(-80, 0)	(-40, -69)	(40, -69)	diamond	none	same	right	right	N_dist	(-40, -69)	search	nr	True	604791	605711	right	35	10	60	135	110	85	None	None	testing
4	ym	f	19	green	Le	(80, 0)	(40, 69)	(-39, 69)	(-80, 0)	(-40, -69)	(40, -69)	diamond	green	dif	left	left	(-80, 0)	(-39, 69)	search	nr	True	606945	608032	left	160	85	110	60	10	135	None	None	testing
4	ym	f	19	green	Le	(80, 0)	(40, 69)	(-39, 69)	(-80, 0)	(-40, -69)	(40, -69)	circle	green	same	right	right	(-80, 0)	(40, 69)	search	nr	True	609182	610335	right	110	35	160	135	60	10	None	None	testing
4	ym	f	19	green	Le	(80, 0)	(40, 69)	(-39, 69)	(-80, 0)	(-40, -69)	(40, -69)	diamond	none	same	left	left	N_dist	(80, 0)	search	nr	True	611570	612431	left	60	10	135	85	35	110	None	None	testing
4	ym	f	19	green	Le	(80, 0)	(40, 69)	(-39, 69)	(-80, 0)	(-40, -69)	(40, -69)	diamond	green	dif	left	left	(-80, 0)	(80, 0)	search	nr	True	613590	614718	right	85	10	135	110	160	35	None	None	testing
4	ym	f	19	green	Le	(80, 0)	(40, 69)	(-39, 69)	(-80, 0)	(-40, -69)	(40, -69)	diamond	none	dif	left	left	N_dist	(-80, 0)	search	nr	True	617531	618335	left	85	160	110	60	10	35	None	None	testing
4	ym	f	19	green	Le	(80, 0)	(40, 69)	(-39, 69)	(-80, 0)	(-40, -69)	(40, -69)	diamond	green	dif	left	left	(-80, 0)	(-39, 69)	search	nr	True	619518	620351	left	110	35	85	135	60	160	None	None	testing
4	ym	f	19	green	Le	(80, 0)	(40, 69)	(-39, 69)	(-80, 0)	(-40, -69)	(40, -69)	diamond	none	dif	right	right	N_dist	(-80, 0)	search	nr	True	621438	622335	right	10	60	85	135	110	160	None	None	testing
4	ym	f	19	green	Le	(80, 0)	(40, 69)	(-39, 69)	(-80, 0)	(-40, -69)	(40, -69)	diamond	green	dif	right	right	(40, 69)	(-39, 69)	search	nr	True	623609	624670	left	35	60	85	10	160	110	None	None	testing
4	ym	f	19	green	Le	(80, 0)	(40, 69)	(-39, 69)	(-80, 0)	(-40, -69)	(40, -69)	diamond	green	dif	right	right	(-80, 0)	(40, -69)	search	nr	True	627248	628495	right	10	85	135	110	160	60	None	None	testing
4	ym	f	19	green	Le	(80, 0)	(40, 69)	(-39, 69)	(-80, 0)	(-40, -69)	(40, -69)	diamond	green	dif	left	left	(-80, 0)	(-40, -69)	search	nr	True	629654	630879	left	110	10	85	160	35	60	None	None	testing
4	ym	f	19	green	Le	(80, 0)	(40, 69)	(-39, 69)	(-80, 0)	(-40, -69)	(40, -69)	diamond	none	dif	left	left	N_dist	(-80, 0)	search	nr	True	632091	633087	left	85	110	35	135	10	60	None	None	testing
4	ym	f	19	green	Le	(80, 0)	(40, 69)	(-39, 69)	(-80, 0)	(-40, -69)	(40, -69)	diamond	green	dif	left	left	(-80, 0)	(40, 69)	search	nr	True	634178	635455	left	160	135	85	110	10	35	None	None	testing
4	ym	f	19	green	Le	(80, 0)	(40, 69)	(-39, 69)	(-80, 0)	(-40, -69)	(40, -69)	diamond	green	same	right	right	(40, -69)	(40, 69)	search	nr	True	636633	637582	right	160	60	35	135	85	110	None	None	testing
4	ym	f	19	green	Le	(80, 0)	(40, 69)	(-39, 69)	(-80, 0)	(-40, -69)	(40, -69)	diamond	green	same	left	left	(-80, 0)	(80, 0)	search	nr	True	638854	639759	left	110	35	160	10	135	60	None	None	testing
4	ym	f	19	green	Le	(80, 0)	(40, 69)	(-39, 69)	(-80, 0)	(-40, -69)	(40, -69)	diamond	green	same	left	left	(-39, 69)	(40, 69)	search	nr	True	640891	642175	left	10	135	160	85	35	110	None	None	testing
4	ym	f	19	green	Le	(80, 0)	(40, 69)	(-39, 69)	(-80, 0)	(-40, -69)	(40, -69)	diamond	none	same	right	right	N_dist	(-80, 0)	search	nr	True	643362	644223	right	60	10	110	85	35	135	None	None	testing
4	ym	f	19	green	Le	(80, 0)	(40, 69)	(-39, 69)	(-80, 0)	(-40, -69)	(40, -69)	diamond	green	dif	right	right	(-80, 0)	(40, -69)	search	nr	True	645282	646207	right	10	160	60	110	85	135	None	None	testing
4	ym	f	19	green	Le	(80, 0)	(40, 69)	(-39, 69)	(-80, 0)	(-40, -69)	(40, -69)	circle	none	dif	right	right	N_dist	(80, 0)	search	nr	True	647469	649199	right	85	110	160	35	10	135	None	None	testing
4	ym	f	19	green	Le	(80, 0)	(40, 69)	(-39, 69)	(-80, 0)	(-40, -69)	(40, -69)	diamond	green	same	left	left	(-80, 0)	(80, 0)	search	nr	True	650275	651454	left	135	10	35	110	60	160	None	None	testing
4	ym	f	19	green	Le	(80, 0)	(40, 69)	(-39, 69)	(-80, 0)	(-40, -69)	(40, -69)	circle	green	dif	left	left	(40, 69)	(80, 0)	search	nr	True	652662	654079	left	35	85	110	60	135	160	None	None	testing
4	ym	f	19	green	Le	(80, 0)	(40, 69)	(-39, 69)	(-80, 0)	(-40, -69)	(40, -69)	diamond	none	dif	right	right	N_dist	(-39, 69)	search	nr	True	655384	657166	right	35	110	10	135	160	85	None	None	testing
4	ym	f	19	green	Le	(80, 0)	(40, 69)	(-39, 69)	(-80, 0)	(-40, -69)	(40, -69)	diamond	green	same	right	right	(-80, 0)	(40, 69)	search	nr	True	658407	659328	right	85	35	110	60	160	135	None	None	testing
4	ym	f	19	green	Le	(80, 0)	(40, 69)	(-39, 69)	(-80, 0)	(-40, -69)	(40, -69)	diamond	green	dif	left	left	(-80, 0)	(-40, -69)	search	nr	True	660627	661983	left	35	110	160	135	85	10	None	None	testing
4	ym	f	19	green	Le	(80, 0)	(40, 69)	(-39, 69)	(-80, 0)	(-40, -69)	(40, -69)	circle	none	same	left	left	N_dist	(-39, 69)	search	nr	True	663199	664159	left	35	135	110	10	160	60	None	None	testing
4	ym	f	19	green	Le	(80, 0)	(40, 69)	(-39, 69)	(-80, 0)	(-40, -69)	(40, -69)	diamond	green	dif	left	left	(-80, 0)	(-39, 69)	search	nr	True	665436	667055	left	60	135	35	160	85	110	None	None	testing
4	ym	f	19	green	Le	(80, 0)	(40, 69)	(-39, 69)	(-80, 0)	(-40, -69)	(40, -69)	circle	none	dif	left	left	N_dist	(40, 69)	search	nr	True	668207	669967	left	160	10	135	110	60	85	None	None	testing
4	ym	f	19	green	Le	(80, 0)	(40, 69)	(-39, 69)	(-80, 0)	(-40, -69)	(40, -69)	circle	green	same	left	left	(-80, 0)	(-39, 69)	search	nr	True	671063	672383	left	35	135	85	60	160	110	None	None	testing
4	ym	f	19	green	Le	(80, 0)	(40, 69)	(-39, 69)	(-80, 0)	(-40, -69)	(40, -69)	circle	green	dif	left	left	(-80, 0)	(40, -69)	search	nr	True	673551	674671	left	135	35	10	160	110	85	None	None	testing
4	ym	f	19	green	Le	(80, 0)	(40, 69)	(-39, 69)	(-80, 0)	(-40, -69)	(40, -69)	circle	none	same	right	right	N_dist	(40, -69)	search	nr	True	675754	676831	right	85	110	35	10	60	160	None	None	testing
4	ym	f	19	green	Le	(80, 0)	(40, 69)	(-39, 69)	(-80, 0)	(-40, -69)	(40, -69)	circle	none	same	right	right	N_dist	(-80, 0)	search	nr	True	678109	679630	right	135	110	35	10	85	160	None	None	testing
4	ym	f	19	green	Le	(80, 0)	(40, 69)	(-39, 69)	(-80, 0)	(-40, -69)	(40, -69)	circle	green	same	right	right	(-80, 0)	(40, 69)	search	nr	True	680898	681744	right	35	160	85	10	110	135	None	None	testing
4	ym	f	19	green	Le	(80, 0)	(40, 69)	(-39, 69)	(-80, 0)	(-40, -69)	(40, -69)	diamond	green	dif	left	left	(-80, 0)	(-40, -69)	search	nr	True	682935	684815	left	35	60	110	85	10	135	None	None	testing
4	ym	f	19	green	Le	(80, 0)	(40, 69)	(-39, 69)	(-80, 0)	(-40, -69)	(40, -69)	circle	none	dif	right	right	N_dist	(80, 0)	search	nr	True	686007	686847	right	160	110	85	35	60	135	None	None	testing
4	ym	f	19	green	Le	(80, 0)	(40, 69)	(-39, 69)	(-80, 0)	(-40, -69)	(40, -69)	circle	green	same	left	left	(-80, 0)	(80, 0)	search	nr	True	687927	688831	left	35	10	85	60	135	160	None	None	testing
4	ym	f	19	green	Le	(80, 0)	(40, 69)	(-39, 69)	(-80, 0)	(-40, -69)	(40, -69)	circle	none	dif	right	right	N_dist	(40, -69)	search	nr	True	690031	691072	right	60	10	135	160	35	110	None	None	testing
4	ym	f	19	green	Le	(80, 0)	(40, 69)	(-39, 69)	(-80, 0)	(-40, -69)	(40, -69)	circle	green	same	right	right	(-80, 0)	(40, -69)	search	nr	True	692335	693536	right	10	110	135	35	85	160	None	None	testing
4	ym	f	19	green	Le	(80, 0)	(40, 69)	(-39, 69)	(-80, 0)	(-40, -69)	(40, -69)	diamond	green	same	right	right	(40, 69)	(40, -69)	search	nr	True	694756	695647	right	110	10	60	135	35	160	None	None	testing
4	ym	f	19	green	Le	(80, 0)	(40, 69)	(-39, 69)	(-80, 0)	(-40, -69)	(40, -69)	circle	green	same	right	right	(-40, -69)	(40, -69)	search	nr	True	696827	697695	right	85	35	60	110	10	160	None	None	testing
4	ym	f	19	green	Le	(80, 0)	(40, 69)	(-39, 69)	(-80, 0)	(-40, -69)	(40, -69)	diamond	green	dif	left	left	(-80, 0)	(-40, -69)	search	nr	True	698897	699903	left	60	110	160	35	135	85	None	None	testing
4	ym	f	19	green	Le	(80, 0)	(40, 69)	(-39, 69)	(-80, 0)	(-40, -69)	(40, -69)	diamond	none	dif	right	right	N_dist	(-80, 0)	search	nr	True	701185	702143	right	160	60	35	85	135	10	None	None	testing
4	ym	f	19	green	Le	(80, 0)	(40, 69)	(-39, 69)	(-80, 0)	(-40, -69)	(40, -69)	diamond	green	same	right	right	(40, 69)	(80, 0)	search	nr	True	703272	704735	right	85	160	10	110	60	35	None	None	testing
4	ym	f	19	green	Le	(80, 0)	(40, 69)	(-39, 69)	(-80, 0)	(-40, -69)	(40, -69)	diamond	green	same	left	left	(-80, 0)	(-40, -69)	search	nr	True	705927	706895	left	110	35	60	10	85	135	None	None	testing
4	ym	f	19	green	Le	(80, 0)	(40, 69)	(-39, 69)	(-80, 0)	(-40, -69)	(40, -69)	diamond	green	dif	left	left	(-40, -69)	(40, 69)	search	nr	True	708047	709071	left	85	135	35	10	110	60	None	None	testing
4	ym	f	19	green	Le	(80, 0)	(40, 69)	(-39, 69)	(-80, 0)	(-40, -69)	(40, -69)	circle	none	same	right	right	N_dist	(-39, 69)	search	nr	True	710268	711263	right	60	85	135	35	160	10	None	None	testing
4	ym	f	19	green	Le	(80, 0)	(40, 69)	(-39, 69)	(-80, 0)	(-40, -69)	(40, -69)	circle	green	same	left	left	(-80, 0)	(40, -69)	search	nr	True	712356	713375	left	60	135	85	110	10	35	None	None	testing
4	ym	f	19	green	Le	(80, 0)	(40, 69)	(-39, 69)	(-80, 0)	(-40, -69)	(40, -69)	circle	green	same	left	left	(-80, 0)	(-40, -69)	search	nr	True	714660	715807	left	160	85	35	10	60	110	None	None	testing
4	ym	f	19	green	Le	(80, 0)	(40, 69)	(-39, 69)	(-80, 0)	(-40, -69)	(40, -69)	diamond	green	same	right	right	(-80, 0)	(40, 69)	search	nr	True	717064	718031	right	10	135	160	85	110	35	None	None	testing
4	ym	f	19	green	Le	(80, 0)	(40, 69)	(-39, 69)	(-80, 0)	(-40, -69)	(40, -69)	circle	green	dif	left	left	(-40, -69)	(-39, 69)	search	nr	True	719318	720559	left	85	10	160	60	135	35	None	None	testing
4	ym	f	19	green	Le	(80, 0)	(40, 69)	(-39, 69)	(-80, 0)	(-40, -69)	(40, -69)	diamond	green	dif	left	left	(-80, 0)	(-39, 69)	search	nr	True	721672	722576	left	60	85	135	160	10	110	None	None	testing
4	ym	f	19	green	Le	(80, 0)	(40, 69)	(-39, 69)	(-80, 0)	(-40, -69)	(40, -69)	diamond	none	dif	left	left	N_dist	(40, -69)	search	nr	True	723777	724799	left	110	35	60	160	85	10	None	None	testing
4	ym	f	19	green	Le	(80, 0)	(40, 69)	(-39, 69)	(-80, 0)	(-40, -69)	(40, -69)	diamond	green	dif	left	left	(-80, 0)	(-39, 69)	search	nr	True	725913	726704	left	135	110	160	35	60	10	None	None	testing
4	ym	f	19	green	Le	(80, 0)	(40, 69)	(-39, 69)	(-80, 0)	(-40, -69)	(40, -69)	diamond	none	dif	left	left	N_dist	(-40, -69)	search	nr	True	727851	728559	left	85	60	35	10	160	110	None	None	testing
4	ym	f	19	green	Le	(80, 0)	(40, 69)	(-39, 69)	(-80, 0)	(-40, -69)	(40, -69)	circle	none	dif	left	left	N_dist	(80, 0)	search	nr	True	729721	730719	left	160	35	85	135	60	110	None	None	testing
4	ym	f	19	green	Le	(80, 0)	(40, 69)	(-39, 69)	(-80, 0)	(-40, -69)	(40, -69)	circle	green	same	right	right	(80, 0)	(-40, -69)	search	nr	True	731825	733215	right	160	85	35	110	10	135	None	None	testing
4	ym	f	19	green	Le	(80, 0)	(40, 69)	(-39, 69)	(-80, 0)	(-40, -69)	(40, -69)	diamond	green	same	right	right	(40, 69)	(80, 0)	search	nr	True	734446	735439	right	85	135	35	60	110	10	None	None	testing
4	ym	f	19	green	Le	(80, 0)	(40, 69)	(-39, 69)	(-80, 0)	(-40, -69)	(40, -69)	circle	green	same	right	right	(40, -69)	(-40, -69)	search	nr	True	736650	737855	right	85	10	35	160	110	135	None	None	testing
4	ym	f	19	green	Le	(80, 0)	(40, 69)	(-39, 69)	(-80, 0)	(-40, -69)	(40, -69)	circle	green	dif	right	right	(-40, -69)	(80, 0)	search	nr	True	739054	739855	right	110	10	35	85	135	60	None	None	testing
4	ym	f	19	green	Le	(80, 0)	(40, 69)	(-39, 69)	(-80, 0)	(-40, -69)	(40, -69)	diamond	green	same	left	left	(80, 0)	(-39, 69)	search	nr	True	740942	742767	left	85	35	10	160	110	60	None	None	testing
4	ym	f	19	green	Le	(80, 0)	(40, 69)	(-39, 69)	(-80, 0)	(-40, -69)	(40, -69)	circle	green	same	left	left	(-80, 0)	(-40, -69)	search	nr	True	743880	745023	left	110	60	35	85	135	10	None	None	testing
4	ym	f	19	green	Le	(80, 0)	(40, 69)	(-39, 69)	(-80, 0)	(-40, -69)	(40, -69)	circle	green	dif	left	left	(40, -69)	(-40, -69)	search	nr	True	746101	747103	left	85	110	60	35	10	160	None	None	testing
4	ym	f	19	green	Le	(80, 0)	(40, 69)	(-39, 69)	(-80, 0)	(-40, -69)	(40, -69)	circle	green	dif	right	right	(-80, 0)	(-40, -69)	search	nr	True	748204	749215	right	135	35	160	110	60	10	None	None	testing
4	ym	f	19	green	Le	(80, 0)	(40, 69)	(-39, 69)	(-80, 0)	(-40, -69)	(40, -69)	circle	green	dif	left	left	(-80, 0)	(40, -69)	search	nr	True	750442	751616	left	60	85	35	10	110	160	None	None	testing
4	ym	f	19	green	Le	(80, 0)	(40, 69)	(-39, 69)	(-80, 0)	(-40, -69)	(40, -69)	diamond	none	dif	left	left	N_dist	(-80, 0)	search	nr	True	752713	754046	left	10	85	35	60	110	135	None	None	testing
4	ym	f	19	green	Le	(80, 0)	(40, 69)	(-39, 69)	(-80, 0)	(-40, -69)	(40, -69)	diamond	none	same	right	right	N_dist	(40, -69)	search	nr	True	755201	756175	right	110	10	160	60	135	35	None	None	testing
4	ym	f	19	green	Le	(80, 0)	(40, 69)	(-39, 69)	(-80, 0)	(-40, -69)	(40, -69)	circle	green	same	right	right	(-40, -69)	(-39, 69)	search	nr	True	757405	758847	right	110	85	60	135	160	35	None	None	testing
4	ym	f	19	green	Le	(80, 0)	(40, 69)	(-39, 69)	(-80, 0)	(-40, -69)	(40, -69)	diamond	green	dif	left	left	(-80, 0)	(40, 69)	search	nr	True	759976	761487	left	160	85	10	60	135	35	None	None	testing
4	ym	f	19	green	Le	(80, 0)	(40, 69)	(-39, 69)	(-80, 0)	(-40, -69)	(40, -69)	circle	green	same	left	left	(-80, 0)	(40, 69)	search	nr	True	762714	764319	left	135	60	160	10	85	110	None	None	testing
4	ym	f	19	green	Le	(80, 0)	(40, 69)	(-39, 69)	(-80, 0)	(-40, -69)	(40, -69)	diamond	none	dif	left	left	N_dist	(40, -69)	search	nr	True	765487	766591	left	160	10	35	85	135	110	None	None	testing
4	ym	f	19	green	Le	(80, 0)	(40, 69)	(-39, 69)	(-80, 0)	(-40, -69)	(40, -69)	circle	green	dif	right	right	(-80, 0)	(80, 0)	search	nr	True	767824	769375	right	85	135	60	160	110	35	None	None	testing
4	ym	f	19	green	Le	(80, 0)	(40, 69)	(-39, 69)	(-80, 0)	(-40, -69)	(40, -69)	diamond	none	same	left	left	N_dist	(-40, -69)	search	nr	True	770646	771536	left	10	35	60	135	160	85	None	None	testing
4	ym	f	19	green	Le	(80, 0)	(40, 69)	(-39, 69)	(-80, 0)	(-40, -69)	(40, -69)	diamond	green	dif	left	left	(-39, 69)	(40, 69)	search	nr	True	772733	773599	left	85	135	160	10	60	110	None	None	testing
4	ym	f	19	green	Le	(80, 0)	(40, 69)	(-39, 69)	(-80, 0)	(-40, -69)	(40, -69)	circle	green	same	right	right	(-80, 0)	(80, 0)	search	nr	True	774821	775791	right	135	160	110	60	85	35	None	None	testing
4	ym	f	19	green	Le	(80, 0)	(40, 69)	(-39, 69)	(-80, 0)	(-40, -69)	(40, -69)	diamond	none	same	left	left	N_dist	(80, 0)	search	nr	False	776957	None	None	60	110	135	35	10	160	None	None	testing
4	ym	f	19	green	Le	(80, 0)	(40, 69)	(-39, 69)	(-80, 0)	(-40, -69)	(40, -69)	circle	green	same	left	left	(-80, 0)	(40, -69)	search	nr	True	782702	784447	left	60	10	135	160	85	110	None	None	testing
4	ym	f	19	green	Le	(80, 0)	(40, 69)	(-39, 69)	(-80, 0)	(-40, -69)	(40, -69)	diamond	none	dif	right	right	N_dist	(40, 69)	search	nr	True	785607	786799	right	135	60	160	85	10	110	None	None	testing
4	ym	f	19	green	Le	(80, 0)	(40, 69)	(-39, 69)	(-80, 0)	(-40, -69)	(40, -69)	diamond	green	dif	right	right	(-80, 0)	(40, 69)	search	nr	True	787928	788815	right	160	60	110	10	35	135	None	None	testing
4	ym	f	19	green	Le	(80, 0)	(40, 69)	(-39, 69)	(-80, 0)	(-40, -69)	(40, -69)	circle	green	dif	right	right	(-80, 0)	(-40, -69)	search	nr	True	790048	791215	right	85	160	35	135	110	10	None	None	testing
4	ym	f	19	green	Le	(80, 0)	(40, 69)	(-39, 69)	(-80, 0)	(-40, -69)	(40, -69)	diamond	green	same	right	right	(40, -69)	(40, 69)	search	nr	True	792436	793311	right	10	35	85	110	60	135	None	None	testing
4	ym	f	19	green	Le	(80, 0)	(40, 69)	(-39, 69)	(-80, 0)	(-40, -69)	(40, -69)	diamond	none	dif	right	right	N_dist	(80, 0)	search	nr	True	794423	795359	right	35	85	60	10	135	110	None	None	testing
4	ym	f	19	green	Le	(80, 0)	(40, 69)	(-39, 69)	(-80, 0)	(-40, -69)	(40, -69)	circle	green	same	right	right	(-80, 0)	(40, -69)	search	nr	True	796510	797374	right	135	35	85	110	60	160	None	None	testing
4	ym	f	19	green	Le	(80, 0)	(40, 69)	(-39, 69)	(-80, 0)	(-40, -69)	(40, -69)	circle	green	dif	right	right	(80, 0)	(-40, -69)	search	nr	True	798497	799791	right	110	10	35	60	135	160	None	None	testing
4	ym	f	19	green	Le	(80, 0)	(40, 69)	(-39, 69)	(-80, 0)	(-40, -69)	(40, -69)	circle	green	dif	right	right	(-80, 0)	(40, -69)	search	nr	True	801052	802079	right	10	110	160	35	135	60	None	None	testing
4	ym	f	19	green	Le	(80, 0)	(40, 69)	(-39, 69)	(-80, 0)	(-40, -69)	(40, -69)	circle	green	dif	left	left	(-80, 0)	(-40, -69)	search	nr	True	803139	804031	left	10	85	60	110	135	160	None	None	testing
4	ym	f	19	green	Le	(80, 0)	(40, 69)	(-39, 69)	(-80, 0)	(-40, -69)	(40, -69)	circle	green	dif	right	right	(-80, 0)	(40, 69)	search	nr	True	805293	806079	right	110	135	160	35	85	10	None	None	testing
4	ym	f	19	green	Le	(80, 0)	(40, 69)	(-39, 69)	(-80, 0)	(-40, -69)	(40, -69)	circle	green	same	left	left	(-80, 0)	(80, 0)	search	nr	True	807197	808735	left	110	60	160	35	85	135	None	None	testing
4	ym	f	19	green	Le	(80, 0)	(40, 69)	(-39, 69)	(-80, 0)	(-40, -69)	(40, -69)	diamond	green	same	left	left	(-80, 0)	(-39, 69)	search	nr	True	809918	810799	left	160	110	135	60	85	10	None	None	testing
4	ym	f	19	green	Le	(80, 0)	(40, 69)	(-39, 69)	(-80, 0)	(-40, -69)	(40, -69)	diamond	none	same	right	right	N_dist	(-40, -69)	search	nr	True	811888	812863	right	10	135	110	85	160	35	None	None	testing
4	ym	f	19	green	Le	(80, 0)	(40, 69)	(-39, 69)	(-80, 0)	(-40, -69)	(40, -69)	diamond	none	dif	right	right	N_dist	(-40, -69)	search	nr	True	814109	814799	right	110	160	85	60	35	135	None	None	testing
4	ym	f	19	green	Le	(80, 0)	(40, 69)	(-39, 69)	(-80, 0)	(-40, -69)	(40, -69)	circle	green	dif	right	right	(-80, 0)	(40, 69)	search	nr	True	815979	816655	right	160	10	85	110	60	35	None	None	testing
4	ym	f	19	green	Le	(80, 0)	(40, 69)	(-39, 69)	(-80, 0)	(-40, -69)	(40, -69)	circle	green	same	right	right	(80, 0)	(40, -69)	search	nr	True	817733	818527	right	110	10	85	35	60	160	None	None	testing
4	ym	f	19	green	Le	(80, 0)	(40, 69)	(-39, 69)	(-80, 0)	(-40, -69)	(40, -69)	diamond	green	same	right	right	(-80, 0)	(40, 69)	search	nr	True	819836	820799	right	135	35	60	85	160	110	None	None	testing
4	ym	f	19	green	Le	(80, 0)	(40, 69)	(-39, 69)	(-80, 0)	(-40, -69)	(40, -69)	circle	none	same	right	right	N_dist	(-80, 0)	search	nr	True	822024	822991	right	135	160	85	35	10	110	None	None	testing
4	ym	f	19	green	Le	(80, 0)	(40, 69)	(-39, 69)	(-80, 0)	(-40, -69)	(40, -69)	circle	none	dif	left	left	N_dist	(-80, 0)	search	nr	True	824161	825135	left	60	35	110	85	135	10	None	None	testing
4	ym	f	19	green	Le	(80, 0)	(40, 69)	(-39, 69)	(-80, 0)	(-40, -69)	(40, -69)	circle	green	dif	left	left	(-80, 0)	(-40, -69)	search	nr	True	826232	827439	left	60	85	135	110	160	35	None	None	testing
4	ym	f	19	green	Le	(80, 0)	(40, 69)	(-39, 69)	(-80, 0)	(-40, -69)	(40, -69)	diamond	none	dif	right	right	N_dist	(80, 0)	search	nr	True	828669	829583	right	35	60	10	85	110	135	None	None	testing
4	ym	f	19	green	Le	(80, 0)	(40, 69)	(-39, 69)	(-80, 0)	(-40, -69)	(40, -69)	diamond	green	dif	right	right	(80, 0)	(-39, 69)	search	nr	True	830740	831790	right	10	160	35	135	85	110	None	None	testing
4	ym	f	19	green	Le	(80, 0)	(40, 69)	(-39, 69)	(-80, 0)	(-40, -69)	(40, -69)	diamond	none	dif	right	right	N_dist	(40, 69)	search	nr	True	833010	833759	right	35	85	110	135	160	10	None	None	testing
4	ym	f	19	green	Le	(80, 0)	(40, 69)	(-39, 69)	(-80, 0)	(-40, -69)	(40, -69)	diamond	none	same	right	right	N_dist	(40, 69)	search	nr	True	835031	835679	right	35	135	85	60	110	160	None	None	testing
4	ym	f	19	green	Le	(80, 0)	(40, 69)	(-39, 69)	(-80, 0)	(-40, -69)	(40, -69)	circle	green	dif	right	right	(-80, 0)	(-40, -69)	search	nr	True	836917	838031	right	160	110	135	35	85	10	None	None	testing
4	ym	f	19	green	Le	(80, 0)	(40, 69)	(-39, 69)	(-80, 0)	(-40, -69)	(40, -69)	circle	green	dif	left	left	(-80, 0)	(80, 0)	search	nr	True	839272	840175	left	135	10	160	85	60	35	None	None	testing
4	ym	f	19	green	Le	(80, 0)	(40, 69)	(-39, 69)	(-80, 0)	(-40, -69)	(40, -69)	circle	none	dif	left	left	N_dist	(-80, 0)	search	nr	True	841393	842287	left	10	35	85	135	60	160	None	None	testing
4	ym	f	19	green	Le	(80, 0)	(40, 69)	(-39, 69)	(-80, 0)	(-40, -69)	(40, -69)	circle	green	same	right	right	(-40, -69)	(-39, 69)	search	nr	True	843447	844319	right	110	85	135	60	35	10	None	None	testing
4	ym	f	19	green	Le	(80, 0)	(40, 69)	(-39, 69)	(-80, 0)	(-40, -69)	(40, -69)	circle	green	dif	right	right	(-80, 0)	(40, -69)	search	nr	True	845500	846367	right	160	85	60	135	10	35	None	None	testing
4	ym	f	19	green	Le	(80, 0)	(40, 69)	(-39, 69)	(-80, 0)	(-40, -69)	(40, -69)	diamond	green	dif	left	left	(-40, -69)	(40, 69)	search	nr	True	847654	848623	left	135	35	10	160	110	85	None	None	testing
4	ym	f	19	green	Le	(80, 0)	(40, 69)	(-39, 69)	(-80, 0)	(-40, -69)	(40, -69)	diamond	green	same	right	right	(-80, 0)	(-39, 69)	search	nr	True	849875	850479	right	110	160	85	135	35	10	None	None	testing
4	ym	f	19	green	Le	(80, 0)	(40, 69)	(-39, 69)	(-80, 0)	(-40, -69)	(40, -69)	diamond	green	dif	right	right	(-80, 0)	(-39, 69)	search	nr	True	851544	852095	right	135	60	85	35	10	110	None	None	testing
4	ym	f	19	green	Le	(80, 0)	(40, 69)	(-39, 69)	(-80, 0)	(-40, -69)	(40, -69)	diamond	green	same	right	right	(-39, 69)	(80, 0)	search	nr	True	853214	854207	right	110	10	60	35	135	85	None	None	testing
4	ym	f	19	green	Le	(80, 0)	(40, 69)	(-39, 69)	(-80, 0)	(-40, -69)	(40, -69)	diamond	green	dif	right	right	(-80, 0)	(40, 69)	search	nr	True	855285	855998	right	110	60	10	160	135	35	None	None	testing
4	ym	f	19	green	Le	(80, 0)	(40, 69)	(-39, 69)	(-80, 0)	(-40, -69)	(40, -69)	circle	green	dif	right	right	(-39, 69)	(80, 0)	search	nr	True	857055	858351	right	85	10	110	160	35	60	None	None	testing
4	ym	f	19	green	Le	(80, 0)	(40, 69)	(-39, 69)	(-80, 0)	(-40, -69)	(40, -69)	circle	green	same	left	left	(-80, 0)	(-40, -69)	search	nr	True	859410	860495	left	110	135	85	60	35	10	None	None	testing
4	ym	f	19	green	Le	(80, 0)	(40, 69)	(-39, 69)	(-80, 0)	(-40, -69)	(40, -69)	circle	green	dif	right	right	(-39, 69)	(80, 0)	search	nr	True	861630	862383	right	10	60	35	85	110	160	None	None	testing
4	ym	f	19	green	Le	(80, 0)	(40, 69)	(-39, 69)	(-80, 0)	(-40, -69)	(40, -69)	diamond	green	same	left	left	(80, 0)	(-39, 69)	search	nr	True	863617	865359	left	10	60	135	85	160	110	None	None	testing
4	ym	f	19	green	Le	(80, 0)	(40, 69)	(-39, 69)	(-80, 0)	(-40, -69)	(40, -69)	circle	green	dif	left	left	(-40, -69)	(-39, 69)	search	nr	True	866422	867567	left	35	135	10	60	110	160	None	None	testing
4	ym	f	19	green	Le	(80, 0)	(40, 69)	(-39, 69)	(-80, 0)	(-40, -69)	(40, -69)	circle	none	dif	left	left	N_dist	(80, 0)	search	nr	True	868626	869630	left	60	10	85	135	35	160	None	None	testing
4	ym	f	19	green	Le	(80, 0)	(40, 69)	(-39, 69)	(-80, 0)	(-40, -69)	(40, -69)	circle	green	same	right	right	(-80, 0)	(40, -69)	search	nr	True	870713	871823	right	85	135	10	110	160	35	None	None	testing
4	ym	f	19	green	Le	(80, 0)	(40, 69)	(-39, 69)	(-80, 0)	(-40, -69)	(40, -69)	circle	green	dif	right	right	(40, -69)	(80, 0)	search	nr	True	872934	874479	right	60	85	110	10	160	35	None	None	testing
4	ym	f	19	green	Le	(80, 0)	(40, 69)	(-39, 69)	(-80, 0)	(-40, -69)	(40, -69)	circle	none	dif	right	right	N_dist	(40, -69)	search	nr	True	875672	876590	right	110	85	60	160	135	35	None	None	testing
4	ym	f	19	green	Le	(80, 0)	(40, 69)	(-39, 69)	(-80, 0)	(-40, -69)	(40, -69)	circle	green	dif	right	right	(40, -69)	(80, 0)	search	nr	True	877893	879183	right	135	60	85	35	10	160	None	None	testing
4	ym	f	19	green	Le	(80, 0)	(40, 69)	(-39, 69)	(-80, 0)	(-40, -69)	(40, -69)	diamond	green	same	right	right	(-80, 0)	(40, 69)	search	nr	True	880398	881423	right	110	60	35	135	10	160	None	None	testing
4	ym	f	19	green	Le	(80, 0)	(40, 69)	(-39, 69)	(-80, 0)	(-40, -69)	(40, -69)	circle	green	same	left	left	(-80, 0)	(40, -69)	search	nr	True	882702	883839	left	85	110	160	35	60	135	None	None	testing
4	ym	f	19	green	Le	(80, 0)	(40, 69)	(-39, 69)	(-80, 0)	(-40, -69)	(40, -69)	circle	green	dif	left	left	(40, -69)	(80, 0)	search	nr	True	885073	886399	left	10	60	35	160	110	85	None	None	testing
4	ym	f	19	green	Le	(80, 0)	(40, 69)	(-39, 69)	(-80, 0)	(-40, -69)	(40, -69)	diamond	green	dif	right	right	(40, 69)	(-39, 69)	search	nr	True	887695	888704	right	160	35	135	60	110	10	None	None	testing
4	ym	f	19	green	Le	(80, 0)	(40, 69)	(-39, 69)	(-80, 0)	(-40, -69)	(40, -69)	circle	green	dif	right	right	(80, 0)	(-40, -69)	search	nr	True	889932	891007	right	35	60	135	160	10	110	None	None	testing
4	ym	f	19	green	Le	(80, 0)	(40, 69)	(-39, 69)	(-80, 0)	(-40, -69)	(40, -69)	diamond	green	same	left	left	(-80, 0)	(-40, -69)	search	nr	True	892236	893183	left	10	85	160	60	135	110	None	None	testing
4	ym	f	19	green	Le	(80, 0)	(40, 69)	(-39, 69)	(-80, 0)	(-40, -69)	(40, -69)	circle	green	same	left	left	(-80, 0)	(40, 69)	search	nr	True	894324	895183	left	35	60	110	10	135	160	None	None	testing
4	ym	f	19	green	Le	(80, 0)	(40, 69)	(-39, 69)	(-80, 0)	(-40, -69)	(40, -69)	diamond	green	dif	right	right	(-80, 0)	(-39, 69)	search	nr	True	896310	897071	right	135	10	60	35	110	85	None	None	testing
4	ym	f	19	green	Le	(80, 0)	(40, 69)	(-39, 69)	(-80, 0)	(-40, -69)	(40, -69)	diamond	green	same	right	right	(-80, 0)	(40, 69)	search	nr	True	898147	898927	right	85	60	10	35	160	135	None	None	testing
4	ym	f	19	green	Le	(80, 0)	(40, 69)	(-39, 69)	(-80, 0)	(-40, -69)	(40, -69)	diamond	green	dif	left	left	(-80, 0)	(40, -69)	search	nr	True	900050	901135	left	10	85	135	35	60	110	None	None	testing
4	ym	f	19	green	Le	(80, 0)	(40, 69)	(-39, 69)	(-80, 0)	(-40, -69)	(40, -69)	diamond	green	same	right	right	(-80, 0)	(-39, 69)	search	nr	True	902287	902912	right	110	85	10	160	35	135	None	None	testing
4	ym	f	19	green	Le	(80, 0)	(40, 69)	(-39, 69)	(-80, 0)	(-40, -69)	(40, -69)	circle	green	same	left	left	(40, -69)	(-39, 69)	search	nr	True	904108	904911	left	85	10	160	35	135	110	None	None	testing
4	ym	f	19	green	Le	(80, 0)	(40, 69)	(-39, 69)	(-80, 0)	(-40, -69)	(40, -69)	diamond	green	dif	right	right	(80, 0)	(-39, 69)	search	nr	True	906229	907487	right	85	60	110	135	10	160	None	None	testing
4	ym	f	19	green	Le	(80, 0)	(40, 69)	(-39, 69)	(-80, 0)	(-40, -69)	(40, -69)	circle	none	dif	left	left	N_dist	(-80, 0)	search	nr	True	908566	909695	left	10	160	110	35	85	135	None	None	testing
4	ym	f	19	green	Le	(80, 0)	(40, 69)	(-39, 69)	(-80, 0)	(-40, -69)	(40, -69)	diamond	none	dif	right	right	N_dist	(-80, 0)	search	nr	True	910920	912111	right	160	110	60	35	135	85	None	None	testing
4	ym	f	19	green	Le	(80, 0)	(40, 69)	(-39, 69)	(-80, 0)	(-40, -69)	(40, -69)	diamond	none	same	left	left	N_dist	(-39, 69)	search	nr	True	913258	914079	left	35	60	85	110	10	135	None	None	testing
4	ym	f	19	green	Le	(80, 0)	(40, 69)	(-39, 69)	(-80, 0)	(-40, -69)	(40, -69)	diamond	green	same	right	right	(-39, 69)	(80, 0)	search	nr	True	915145	915951	right	135	85	10	60	110	160	None	None	testing
4	ym	f	19	green	Le	(80, 0)	(40, 69)	(-39, 69)	(-80, 0)	(-40, -69)	(40, -69)	diamond	none	same	left	left	N_dist	(40, -69)	search	nr	True	917199	918111	left	35	110	60	160	10	85	None	None	testing
4	ym	f	19	green	Le	(80, 0)	(40, 69)	(-39, 69)	(-80, 0)	(-40, -69)	(40, -69)	diamond	green	same	left	left	(40, 69)	(40, -69)	search	nr	True	919269	920542	left	60	85	110	35	160	10	None	None	testing
4	ym	f	19	green	Le	(80, 0)	(40, 69)	(-39, 69)	(-80, 0)	(-40, -69)	(40, -69)	circle	green	dif	left	left	(-80, 0)	(80, 0)	search	nr	True	921774	922719	left	85	110	10	135	60	35	None	None	testing
4	ym	f	19	green	Le	(80, 0)	(40, 69)	(-39, 69)	(-80, 0)	(-40, -69)	(40, -69)	circle	green	same	right	right	(40, -69)	(-40, -69)	search	nr	True	923995	925359	right	135	110	35	60	160	85	None	None	testing
4	ym	f	19	green	Le	(80, 0)	(40, 69)	(-39, 69)	(-80, 0)	(-40, -69)	(40, -69)	circle	none	dif	right	right	N_dist	(-40, -69)	search	nr	True	926616	927471	right	10	85	160	135	110	35	None	None	testing
4	ym	f	19	green	Le	(80, 0)	(40, 69)	(-39, 69)	(-80, 0)	(-40, -69)	(40, -69)	diamond	none	dif	left	left	N_dist	(-40, -69)	search	nr	True	928687	929487	left	85	160	35	60	10	135	None	None	testing
4	ym	f	19	green	Le	(80, 0)	(40, 69)	(-39, 69)	(-80, 0)	(-40, -69)	(40, -69)	diamond	none	same	right	right	N_dist	(40, -69)	search	nr	True	930757	931983	right	60	85	135	110	160	10	None	None	testing
4	ym	f	19	green	Le	(80, 0)	(40, 69)	(-39, 69)	(-80, 0)	(-40, -69)	(40, -69)	circle	green	dif	right	right	(-80, 0)	(-40, -69)	search	nr	True	933112	933919	right	10	135	85	160	60	110	None	None	testing
4	ym	f	19	green	Le	(80, 0)	(40, 69)	(-39, 69)	(-80, 0)	(-40, -69)	(40, -69)	diamond	none	same	right	right	N_dist	(40, 69)	search	nr	True	935165	936479	right	10	60	35	85	135	160	None	None	testing
4	ym	f	19	green	Le	(80, 0)	(40, 69)	(-39, 69)	(-80, 0)	(-40, -69)	(40, -69)	diamond	none	same	right	right	N_dist	(-80, 0)	search	nr	True	937653	938351	right	135	60	110	35	10	160	None	None	testing
4	ym	f	19	green	Le	(80, 0)	(40, 69)	(-39, 69)	(-80, 0)	(-40, -69)	(40, -69)	circle	green	same	left	left	(-80, 0)	(-39, 69)	search	nr	True	939407	940447	left	160	60	10	110	135	85	None	None	testing
4	ym	f	19	green	Le	(80, 0)	(40, 69)	(-39, 69)	(-80, 0)	(-40, -69)	(40, -69)	circle	green	same	right	right	(80, 0)	(-40, -69)	search	nr	True	941593	942639	right	35	135	10	85	160	110	None	None	testing
4	ym	f	19	green	Le	(80, 0)	(40, 69)	(-39, 69)	(-80, 0)	(-40, -69)	(40, -69)	circle	green	dif	left	left	(40, -69)	(-40, -69)	search	nr	True	943848	944735	left	110	60	85	135	10	35	None	None	testing
4	ym	f	19	green	Le	(80, 0)	(40, 69)	(-39, 69)	(-80, 0)	(-40, -69)	(40, -69)	circle	none	same	left	left	N_dist	(-39, 69)	search	nr	True	945918	946655	left	110	60	135	85	160	10	None	None	testing
4	ym	f	19	green	Le	(80, 0)	(40, 69)	(-39, 69)	(-80, 0)	(-40, -69)	(40, -69)	circle	none	dif	right	right	N_dist	(40, -69)	search	nr	True	947739	948847	right	160	135	110	10	35	85	None	None	testing
4	ym	f	19	green	Le	(80, 0)	(40, 69)	(-39, 69)	(-80, 0)	(-40, -69)	(40, -69)	diamond	green	dif	left	left	(-80, 0)	(40, -69)	search	nr	True	949925	951023	left	160	35	110	60	85	135	None	None	testing
4	ym	f	19	green	Le	(80, 0)	(40, 69)	(-39, 69)	(-80, 0)	(-40, -69)	(40, -69)	diamond	green	same	left	left	(-39, 69)	(40, 69)	search	nr	True	952280	953870	left	10	85	135	60	160	110	None	None	testing
4	ym	f	19	green	Le	(80, 0)	(40, 69)	(-39, 69)	(-80, 0)	(-40, -69)	(40, -69)	diamond	green	dif	left	left	(-39, 69)	(40, 69)	search	nr	True	954935	955631	left	160	60	35	110	135	85	None	None	testing
4	ym	f	19	green	Le	(80, 0)	(40, 69)	(-39, 69)	(-80, 0)	(-40, -69)	(40, -69)	diamond	green	same	left	left	(40, 69)	(40, -69)	search	nr	True	956838	957679	left	135	10	160	60	110	35	None	None	testing
4	ym	f	19	green	Le	(80, 0)	(40, 69)	(-39, 69)	(-80, 0)	(-40, -69)	(40, -69)	circle	none	dif	left	left	N_dist	(40, -69)	search	nr	True	958958	960079	left	60	110	35	160	85	135	None	None	testing
4	ym	f	19	green	Le	(80, 0)	(40, 69)	(-39, 69)	(-80, 0)	(-40, -69)	(40, -69)	diamond	green	dif	right	right	(-80, 0)	(-39, 69)	search	nr	True	961280	962063	right	10	135	85	160	60	110	None	None	testing
4	ym	f	19	green	Le	(80, 0)	(40, 69)	(-39, 69)	(-80, 0)	(-40, -69)	(40, -69)	circle	none	same	right	right	N_dist	(40, -69)	search	nr	True	963133	964207	right	35	110	85	160	135	10	None	None	testing
4	ym	f	19	green	Le	(80, 0)	(40, 69)	(-39, 69)	(-80, 0)	(-40, -69)	(40, -69)	circle	none	same	right	right	N_dist	(80, 0)	search	nr	True	965504	966399	right	85	60	135	35	160	10	None	None	testing
4	ym	f	19	green	Le	(80, 0)	(40, 69)	(-39, 69)	(-80, 0)	(-40, -69)	(40, -69)	circle	green	dif	left	left	(-39, 69)	(40, -69)	search	nr	True	967591	968863	left	135	85	110	35	160	10	None	None	testing
4	ym	f	19	green	Le	(80, 0)	(40, 69)	(-39, 69)	(-80, 0)	(-40, -69)	(40, -69)	diamond	green	dif	right	right	(80, 0)	(-39, 69)	search	nr	True	970129	971007	right	85	135	60	110	160	35	None	None	testing
4	ym	f	19	green	Le	(80, 0)	(40, 69)	(-39, 69)	(-80, 0)	(-40, -69)	(40, -69)	circle	none	dif	left	left	N_dist	(40, 69)	search	nr	True	972083	972912	left	160	85	35	135	10	60	None	None	testing
4	ym	f	19	green	Le	(80, 0)	(40, 69)	(-39, 69)	(-80, 0)	(-40, -69)	(40, -69)	circle	none	dif	right	right	N_dist	(-40, -69)	search	nr	True	974154	975038	right	110	160	10	60	35	85	None	None	testing
4	ym	f	19	green	Le	(80, 0)	(40, 69)	(-39, 69)	(-80, 0)	(-40, -69)	(40, -69)	diamond	green	same	right	right	(40, 69)	(40, -69)	search	nr	True	976123	977279	right	135	10	160	60	35	85	None	None	testing
4	ym	f	19	green	Le	(80, 0)	(40, 69)	(-39, 69)	(-80, 0)	(-40, -69)	(40, -69)	circle	none	dif	right	right	N_dist	(40, -69)	search	nr	True	978378	979023	right	85	135	10	60	110	160	None	None	testing
4	ym	f	19	green	Le	(80, 0)	(40, 69)	(-39, 69)	(-80, 0)	(-40, -69)	(40, -69)	diamond	none	same	left	left	N_dist	(-40, -69)	search	nr	True	980115	980895	left	35	110	160	135	85	60	None	None	testing
4	ym	f	19	green	Le	(80, 0)	(40, 69)	(-39, 69)	(-80, 0)	(-40, -69)	(40, -69)	circle	none	same	left	left	N_dist	(-40, -69)	search	nr	True	982152	982895	left	10	135	35	60	85	110	None	None	testing
4	ym	f	19	green	Le	(80, 0)	(40, 69)	(-39, 69)	(-80, 0)	(-40, -69)	(40, -69)	diamond	green	same	left	left	(-80, 0)	(80, 0)	search	nr	True	984138	985439	left	160	10	35	60	85	135	None	None	testing
4	ym	f	19	green	Le	(80, 0)	(40, 69)	(-39, 69)	(-80, 0)	(-40, -69)	(40, -69)	diamond	green	same	left	left	(-80, 0)	(40, -69)	search	nr	True	986626	987903	left	35	85	160	110	10	60	None	None	testing
4	ym	f	19	green	Le	(80, 0)	(40, 69)	(-39, 69)	(-80, 0)	(-40, -69)	(40, -69)	circle	green	dif	left	left	(-80, 0)	(-39, 69)	search	nr	True	989064	990143	left	60	160	85	110	135	10	None	None	testing
4	ym	f	19	green	Le	(80, 0)	(40, 69)	(-39, 69)	(-80, 0)	(-40, -69)	(40, -69)	diamond	green	dif	right	right	(-80, 0)	(40, 69)	search	nr	True	991435	992718	right	110	10	135	60	85	35	None	None	testing
4	ym	f	19	green	Le	(80, 0)	(40, 69)	(-39, 69)	(-80, 0)	(-40, -69)	(40, -69)	circle	none	dif	right	right	N_dist	(40, -69)	search	nr	True	993823	995071	right	85	10	60	35	160	110	None	None	testing
4	ym	f	19	green	Le	(80, 0)	(40, 69)	(-39, 69)	(-80, 0)	(-40, -69)	(40, -69)	diamond	green	dif	left	left	(-80, 0)	(40, 69)	search	nr	True	996161	997327	left	35	160	10	135	110	60	None	None	testing
4	ym	f	19	green	Le	(80, 0)	(40, 69)	(-39, 69)	(-80, 0)	(-40, -69)	(40, -69)	circle	green	same	left	left	(-80, 0)	(-40, -69)	search	nr	True	998632	1000095	left	35	85	160	135	10	110	None	None	testing
4	ym	f	19	green	Le	(80, 0)	(40, 69)	(-39, 69)	(-80, 0)	(-40, -69)	(40, -69)	diamond	green	same	left	left	(40, 69)	(40, -69)	search	nr	True	1001270	1002479	left	85	10	135	60	160	35	None	None	testing
4	ym	f	19	green	Le	(80, 0)	(40, 69)	(-39, 69)	(-80, 0)	(-40, -69)	(40, -69)	diamond	none	same	right	right	N_dist	(-40, -69)	search	nr	True	1003591	1004367	right	60	135	110	35	10	160	None	None	testing
4	ym	f	19	green	Le	(80, 0)	(40, 69)	(-39, 69)	(-80, 0)	(-40, -69)	(40, -69)	diamond	none	dif	right	right	N_dist	(-39, 69)	search	nr	True	1005678	1006495	right	85	135	110	160	10	60	None	None	testing
4	ym	f	19	green	Le	(80, 0)	(40, 69)	(-39, 69)	(-80, 0)	(-40, -69)	(40, -69)	diamond	green	dif	left	left	(-80, 0)	(-40, -69)	search	nr	True	1007665	1008479	left	135	35	110	85	10	60	None	None	testing
4	ym	f	19	green	Le	(80, 0)	(40, 69)	(-39, 69)	(-80, 0)	(-40, -69)	(40, -69)	circle	green	dif	right	right	(-80, 0)	(-40, -69)	search	nr	True	1009635	1010430	right	160	35	85	10	60	110	None	None	testing
4	ym	f	19	green	Le	(80, 0)	(40, 69)	(-39, 69)	(-80, 0)	(-40, -69)	(40, -69)	circle	none	same	left	left	N_dist	(40, 69)	search	nr	True	1011639	1012527	left	135	10	110	60	35	160	None	None	testing
4	ym	f	19	green	Le	(80, 0)	(40, 69)	(-39, 69)	(-80, 0)	(-40, -69)	(40, -69)	circle	green	dif	right	right	(-80, 0)	(80, 0)	search	nr	True	1013693	1014431	right	60	85	10	160	110	135	None	None	testing
4	ym	f	19	green	Le	(80, 0)	(40, 69)	(-39, 69)	(-80, 0)	(-40, -69)	(40, -69)	diamond	none	dif	left	left	N_dist	(80, 0)	search	nr	True	1015647	1016527	left	160	35	135	10	110	85	None	None	testing
4	ym	f	19	green	Le	(80, 0)	(40, 69)	(-39, 69)	(-80, 0)	(-40, -69)	(40, -69)	circle	green	dif	left	left	(-80, 0)	(80, 0)	search	nr	True	1017633	1018303	left	85	135	35	10	160	110	None	None	testing
4	ym	f	19	green	Le	(80, 0)	(40, 69)	(-39, 69)	(-80, 0)	(-40, -69)	(40, -69)	circle	green	same	left	left	(-80, 0)	(80, 0)	search	nr	True	1019454	1020622	left	110	160	35	60	10	135	None	None	testing
4	ym	f	19	green	Le	(80, 0)	(40, 69)	(-39, 69)	(-80, 0)	(-40, -69)	(40, -69)	diamond	green	same	right	right	(-80, 0)	(-39, 69)	search	nr	True	1021757	1022495	right	35	60	10	110	85	135	None	None	testing
4	ym	f	19	green	Le	(80, 0)	(40, 69)	(-39, 69)	(-80, 0)	(-40, -69)	(40, -69)	diamond	green	dif	right	right	(-80, 0)	(-39, 69)	search	nr	True	1023728	1024542	right	135	110	85	60	160	10	None	None	testing
4	ym	f	19	green	Le	(80, 0)	(40, 69)	(-39, 69)	(-80, 0)	(-40, -69)	(40, -69)	diamond	none	dif	right	right	N_dist	(-40, -69)	search	nr	True	1025648	1026383	right	35	10	85	135	160	60	None	None	testing
4	ym	f	19	green	Le	(80, 0)	(40, 69)	(-39, 69)	(-80, 0)	(-40, -69)	(40, -69)	circle	green	dif	left	left	(-80, 0)	(80, 0)	search	nr	True	1027685	1028575	left	85	110	60	135	35	10	None	None	testing
4	ym	f	19	green	Le	(80, 0)	(40, 69)	(-39, 69)	(-80, 0)	(-40, -69)	(40, -69)	circle	none	same	right	right	N_dist	(-39, 69)	search	nr	True	1029773	1030479	right	135	60	85	160	110	10	None	None	testing
4	ym	f	19	green	Le	(80, 0)	(40, 69)	(-39, 69)	(-80, 0)	(-40, -69)	(40, -69)	circle	none	dif	right	right	N_dist	(40, 69)	search	nr	True	1031660	1032447	right	135	160	85	60	10	35	None	None	testing
4	ym	f	19	green	Le	(80, 0)	(40, 69)	(-39, 69)	(-80, 0)	(-40, -69)	(40, -69)	diamond	none	same	left	left	N_dist	(-40, -69)	search	nr	True	1033513	1034206	left	110	60	135	35	10	85	None	None	testing
4	ym	f	19	green	Le	(80, 0)	(40, 69)	(-39, 69)	(-80, 0)	(-40, -69)	(40, -69)	diamond	green	dif	left	left	(-40, -69)	(40, 69)	search	nr	True	1035382	1035951	left	160	35	85	135	60	10	None	None	testing
4	ym	f	19	green	Le	(80, 0)	(40, 69)	(-39, 69)	(-80, 0)	(-40, -69)	(40, -69)	diamond	green	dif	right	right	(-40, -69)	(80, 0)	search	nr	True	1037036	1037743	left	85	135	60	10	35	110	None	None	testing
4	ym	f	19	green	Le	(80, 0)	(40, 69)	(-39, 69)	(-80, 0)	(-40, -69)	(40, -69)	circle	green	dif	right	right	(80, 0)	(-40, -69)	search	nr	True	1040526	1041998	right	60	35	10	135	110	160	None	None	testing
4	ym	f	19	green	Le	(80, 0)	(40, 69)	(-39, 69)	(-80, 0)	(-40, -69)	(40, -69)	circle	green	dif	left	left	(-39, 69)	(40, -69)	search	nr	True	1043214	1044111	left	60	35	135	10	110	85	None	None	testing
4	ym	f	19	green	Le	(80, 0)	(40, 69)	(-39, 69)	(-80, 0)	(-40, -69)	(40, -69)	diamond	green	dif	left	left	(-39, 69)	(40, 69)	search	nr	True	1045167	1046015	left	160	135	85	60	110	10	None	None	testing
4	ym	f	19	green	Le	(80, 0)	(40, 69)	(-39, 69)	(-80, 0)	(-40, -69)	(40, -69)	circle	none	dif	left	left	N_dist	(40, 69)	search	nr	True	1047138	1047870	left	35	60	135	110	85	10	None	None	testing
4	ym	f	19	green	Le	(80, 0)	(40, 69)	(-39, 69)	(-80, 0)	(-40, -69)	(40, -69)	diamond	green	same	left	left	(80, 0)	(-39, 69)	search	nr	True	1049175	1050335	left	135	85	60	110	35	10	None	None	testing
4	ym	f	19	green	Le	(80, 0)	(40, 69)	(-39, 69)	(-80, 0)	(-40, -69)	(40, -69)	diamond	green	same	right	right	(-80, 0)	(40, 69)	search	nr	True	1051596	1052239	right	35	10	60	85	135	110	None	None	testing
4	ym	f	19	green	Le	(80, 0)	(40, 69)	(-39, 69)	(-80, 0)	(-40, -69)	(40, -69)	circle	green	same	right	right	(-80, 0)	(40, -69)	search	nr	True	1053499	1054447	right	160	35	60	110	10	85	None	None	testing
4	ym	f	19	green	Le	(80, 0)	(40, 69)	(-39, 69)	(-80, 0)	(-40, -69)	(40, -69)	diamond	none	dif	right	right	N_dist	(-40, -69)	search	nr	True	1055570	1056303	right	35	60	135	85	10	110	None	None	testing
4	ym	f	19	green	Le	(80, 0)	(40, 69)	(-39, 69)	(-80, 0)	(-40, -69)	(40, -69)	circle	none	dif	right	right	N_dist	(80, 0)	search	nr	True	1057456	1058175	right	60	35	110	85	135	10	None	None	testing
4	ym	f	19	green	Le	(80, 0)	(40, 69)	(-39, 69)	(-80, 0)	(-40, -69)	(40, -69)	circle	green	dif	right	right	(80, 0)	(-40, -69)	search	nr	True	1059327	1060190	right	110	60	160	135	10	85	None	None	testing
4	ym	f	19	green	Le	(80, 0)	(40, 69)	(-39, 69)	(-80, 0)	(-40, -69)	(40, -69)	diamond	none	same	right	right	N_dist	(40, 69)	search	nr	True	1061281	1062175	right	60	85	10	160	135	110	None	None	testing
4	ym	f	19	green	Le	(80, 0)	(40, 69)	(-39, 69)	(-80, 0)	(-40, -69)	(40, -69)	circle	none	dif	right	right	N_dist	(-40, -69)	search	nr	True	1063434	1064974	right	60	35	110	160	10	85	None	None	testing
4	ym	f	19	green	Le	(80, 0)	(40, 69)	(-39, 69)	(-80, 0)	(-40, -69)	(40, -69)	diamond	green	same	right	right	(-80, 0)	(40, 69)	search	nr	True	1066039	1067231	right	10	35	135	110	85	160	None	None	testing
4	ym	f	19	green	Le	(80, 0)	(40, 69)	(-39, 69)	(-80, 0)	(-40, -69)	(40, -69)	diamond	green	same	left	left	(40, 69)	(40, -69)	search	nr	True	1068427	1069567	left	85	60	160	110	10	135	None	None	testing
