subj	name	gender	age	dist	run	tar_locs1	tar_locs2	tar_locs3	tar_locs4	tar_locs5	tar_locs6	shape	dist	td_dif	detection	resp_key	dis_loc	tar_loc	task_type	probe_cond	gotKey	startTime	respTime	resp	o1	o2	o3	o4	o5	o6	pro_loc	ori_resp	mode
4	ym	f	19	green	6	(80, 0)	(40, 69)	(-39, 69)	(-80, 0)	(-40, -69)	(40, -69)	diamond	none	same	left	left	N_dist	(40, -69)	probe	l_norm	None	None	None	None	110	160	85	135	60	10	(-39, 69)	167	testing
4	ym	f	19	green	6	(80, 0)	(40, 69)	(-39, 69)	(-80, 0)	(-40, -69)	(40, -69)	diamond	none	dif	left	left	N_dist	(-80, 0)	search	nr	True	14055	14807	left	10	160	60	85	35	135	None	None	testing
4	ym	f	19	green	6	(80, 0)	(40, 69)	(-39, 69)	(-80, 0)	(-40, -69)	(40, -69)	circle	green	dif	right	right	(-40, -69)	(40, 69)	probe	l_sin	None	None	None	None	85	10	160	35	60	110	(-40, -69)	163	testing
4	ym	f	19	green	6	(80, 0)	(40, 69)	(-39, 69)	(-80, 0)	(-40, -69)	(40, -69)	circle	none	dif	right	right	N_dist	(80, 0)	search	nr	True	20166	20855	right	85	135	60	160	10	35	None	None	testing
4	ym	f	19	green	6	(80, 0)	(40, 69)	(-39, 69)	(-80, 0)	(-40, -69)	(40, -69)	diamond	none	dif	right	right	N_dist	(-80, 0)	probe	h_tar	None	None	None	None	10	35	85	160	60	110	(-80, 0)	27	testing
4	ym	f	19	green	6	(80, 0)	(40, 69)	(-39, 69)	(-80, 0)	(-40, -69)	(40, -69)	circle	green	same	right	right	(-80, 0)	(40, -69)	probe	norm	None	None	None	None	110	85	10	135	160	35	(-40, -69)	25	testing
4	ym	f	19	green	6	(80, 0)	(40, 69)	(-39, 69)	(-80, 0)	(-40, -69)	(40, -69)	circle	green	dif	right	right	(-80, 0)	(40, 69)	probe	h_sin	None	None	None	None	110	135	10	160	60	85	(-80, 0)	37	testing
4	ym	f	19	green	6	(80, 0)	(40, 69)	(-39, 69)	(-80, 0)	(-40, -69)	(40, -69)	diamond	none	same	left	left	N_dist	(-40, -69)	search	nr	True	34995	35718	left	135	85	110	160	60	10	None	None	testing
4	ym	f	19	green	6	(80, 0)	(40, 69)	(-39, 69)	(-80, 0)	(-40, -69)	(40, -69)	diamond	none	dif	left	left	N_dist	(40, -69)	search	nr	True	36949	37639	left	85	60	10	160	110	135	None	None	testing
4	ym	f	19	green	6	(80, 0)	(40, 69)	(-39, 69)	(-80, 0)	(-40, -69)	(40, -69)	diamond	none	same	left	left	N_dist	(40, 69)	search	nr	True	38735	39351	left	60	110	135	160	10	85	None	None	testing
4	ym	f	19	green	6	(80, 0)	(40, 69)	(-39, 69)	(-80, 0)	(-40, -69)	(40, -69)	diamond	green	same	left	left	(40, -69)	(-40, -69)	probe	l_sin	None	None	None	None	135	10	85	110	35	60	(40, -69)	166	testing
4	ym	f	19	green	6	(80, 0)	(40, 69)	(-39, 69)	(-80, 0)	(-40, -69)	(40, -69)	diamond	none	dif	left	left	N_dist	(-40, -69)	probe	l_norm	None	None	None	None	35	60	85	110	160	135	(40, -69)	14	testing
4	ym	f	19	green	6	(80, 0)	(40, 69)	(-39, 69)	(-80, 0)	(-40, -69)	(40, -69)	circle	green	same	left	left	(-40, -69)	(40, -69)	search	nr	True	49188	49927	left	85	135	110	10	60	160	None	None	testing
4	ym	f	19	green	6	(80, 0)	(40, 69)	(-39, 69)	(-80, 0)	(-40, -69)	(40, -69)	circle	green	dif	right	right	(-80, 0)	(-39, 69)	search	nr	True	51091	51799	right	35	85	60	160	10	135	None	None	testing
4	ym	f	19	green	6	(80, 0)	(40, 69)	(-39, 69)	(-80, 0)	(-40, -69)	(40, -69)	circle	green	dif	right	right	(-40, -69)	(40, 69)	search	nr	True	52912	53655	right	10	110	160	35	85	135	None	None	testing
4	ym	f	19	green	6	(80, 0)	(40, 69)	(-39, 69)	(-80, 0)	(-40, -69)	(40, -69)	circle	green	same	left	left	(-80, 0)	(40, 69)	search	nr	True	54832	55863	left	35	60	135	85	160	10	None	None	testing
4	ym	f	19	green	6	(80, 0)	(40, 69)	(-39, 69)	(-80, 0)	(-40, -69)	(40, -69)	diamond	green	dif	right	right	(-80, 0)	(-39, 69)	search	nr	True	57003	57703	right	60	160	35	110	135	85	None	None	testing
4	ym	f	19	green	6	(80, 0)	(40, 69)	(-39, 69)	(-80, 0)	(-40, -69)	(40, -69)	circle	green	dif	left	left	(-80, 0)	(80, 0)	probe	h_sin	None	None	None	None	135	60	110	85	160	35	(-80, 0)	0	testing
4	ym	f	19	green	6	(80, 0)	(40, 69)	(-39, 69)	(-80, 0)	(-40, -69)	(40, -69)	circle	none	same	right	right	N_dist	(40, -69)	probe	h_norm	None	None	None	None	85	10	110	160	60	135	(-80, 0)	33	testing
4	ym	f	19	green	6	(80, 0)	(40, 69)	(-39, 69)	(-80, 0)	(-40, -69)	(40, -69)	diamond	green	same	left	left	(-39, 69)	(40, -69)	search	nr	True	67405	68023	left	10	35	160	110	135	60	None	None	testing
4	ym	f	19	green	6	(80, 0)	(40, 69)	(-39, 69)	(-80, 0)	(-40, -69)	(40, -69)	diamond	green	dif	right	right	(-80, 0)	(40, -69)	probe	tar	None	None	None	None	60	135	35	85	10	110	(40, -69)	12	testing
4	ym	f	19	green	6	(80, 0)	(40, 69)	(-39, 69)	(-80, 0)	(-40, -69)	(40, -69)	circle	green	dif	right	right	(-80, 0)	(80, 0)	probe	tar	None	None	None	None	160	60	35	10	110	135	(80, 0)	30	testing
4	ym	f	19	green	6	(80, 0)	(40, 69)	(-39, 69)	(-80, 0)	(-40, -69)	(40, -69)	circle	green	dif	right	right	(80, 0)	(40, 69)	search	nr	True	77406	78551	right	135	85	160	10	35	110	None	None	testing
4	ym	f	19	green	6	(80, 0)	(40, 69)	(-39, 69)	(-80, 0)	(-40, -69)	(40, -69)	diamond	green	dif	left	left	(80, 0)	(40, 69)	search	nr	True	79828	80967	left	160	10	60	110	85	35	None	None	testing
4	ym	f	19	green	6	(80, 0)	(40, 69)	(-39, 69)	(-80, 0)	(-40, -69)	(40, -69)	diamond	none	dif	left	left	N_dist	(-40, -69)	search	nr	True	82148	82759	left	60	160	35	85	135	10	None	None	testing
4	ym	f	19	green	6	(80, 0)	(40, 69)	(-39, 69)	(-80, 0)	(-40, -69)	(40, -69)	diamond	none	same	right	right	N_dist	(-39, 69)	probe	h_norm	None	None	None	None	60	35	160	10	135	85	(-80, 0)	155	testing
4	ym	f	19	green	6	(80, 0)	(40, 69)	(-39, 69)	(-80, 0)	(-40, -69)	(40, -69)	diamond	green	same	left	left	(-80, 0)	(40, -69)	search	nr	True	89696	90471	left	85	35	160	110	135	10	None	None	testing
4	ym	f	19	green	6	(80, 0)	(40, 69)	(-39, 69)	(-80, 0)	(-40, -69)	(40, -69)	diamond	green	dif	left	left	(-80, 0)	(-40, -69)	search	nr	True	91599	92183	left	85	160	110	135	35	60	None	None	testing
4	ym	f	19	green	6	(80, 0)	(40, 69)	(-39, 69)	(-80, 0)	(-40, -69)	(40, -69)	circle	green	dif	right	right	(-80, 0)	(40, 69)	search	nr	True	93486	94263	right	10	35	85	135	110	160	None	None	testing
4	ym	f	19	green	6	(80, 0)	(40, 69)	(-39, 69)	(-80, 0)	(-40, -69)	(40, -69)	circle	none	same	right	right	N_dist	(80, 0)	probe	l_norm	None	None	None	None	110	10	135	85	35	60	(40, -69)	158	testing
4	ym	f	19	green	6	(80, 0)	(40, 69)	(-39, 69)	(-80, 0)	(-40, -69)	(40, -69)	circle	green	same	left	left	(80, 0)	(40, -69)	probe	norm	None	None	None	None	35	135	85	160	60	110	(-40, -69)	167	testing
4	ym	f	19	green	6	(80, 0)	(40, 69)	(-39, 69)	(-80, 0)	(-40, -69)	(40, -69)	circle	none	same	left	left	N_dist	(-80, 0)	probe	h_tar	None	None	None	None	35	110	160	135	85	60	(-80, 0)	14	testing
4	ym	f	19	green	6	(80, 0)	(40, 69)	(-39, 69)	(-80, 0)	(-40, -69)	(40, -69)	diamond	green	same	right	right	(-40, -69)	(80, 0)	search	nr	True	107445	108168	right	110	85	35	60	135	10	None	None	testing
4	ym	f	19	green	6	(80, 0)	(40, 69)	(-39, 69)	(-80, 0)	(-40, -69)	(40, -69)	circle	none	same	right	right	N_dist	(-80, 0)	probe	h_tar	None	None	None	None	135	10	110	160	60	35	(-80, 0)	26	testing
4	ym	f	19	green	6	(80, 0)	(40, 69)	(-39, 69)	(-80, 0)	(-40, -69)	(40, -69)	circle	green	dif	left	left	(-80, 0)	(80, 0)	search	nr	True	114591	115143	left	110	85	35	160	60	135	None	None	testing
4	ym	f	19	green	6	(80, 0)	(40, 69)	(-39, 69)	(-80, 0)	(-40, -69)	(40, -69)	circle	green	dif	right	right	(-80, 0)	(-39, 69)	search	nr	True	116378	116983	right	35	160	10	135	85	60	None	None	testing
4	ym	f	19	green	6	(80, 0)	(40, 69)	(-39, 69)	(-80, 0)	(-40, -69)	(40, -69)	diamond	green	dif	right	right	(40, -69)	(-39, 69)	search	nr	True	118181	119062	right	135	60	85	110	160	35	None	None	testing
4	ym	f	19	green	6	(80, 0)	(40, 69)	(-39, 69)	(-80, 0)	(-40, -69)	(40, -69)	diamond	green	same	right	right	(40, 69)	(-39, 69)	probe	l_sin	None	None	None	None	135	10	85	35	60	110	(40, 69)	138	testing
4	ym	f	19	green	6	(80, 0)	(40, 69)	(-39, 69)	(-80, 0)	(-40, -69)	(40, -69)	circle	green	dif	left	left	(-80, 0)	(40, -69)	probe	norm	None	None	None	None	10	135	110	160	35	85	(80, 0)	143	testing
4	ym	f	19	green	6	(80, 0)	(40, 69)	(-39, 69)	(-80, 0)	(-40, -69)	(40, -69)	circle	green	same	right	right	(-80, 0)	(-40, -69)	search	nr	True	128818	129591	right	60	110	35	160	85	135	None	None	testing
4	ym	f	19	green	6	(80, 0)	(40, 69)	(-39, 69)	(-80, 0)	(-40, -69)	(40, -69)	circle	none	dif	left	left	N_dist	(40, -69)	search	nr	True	130705	131367	left	35	135	10	110	160	60	None	None	testing
4	ym	f	19	green	6	(80, 0)	(40, 69)	(-39, 69)	(-80, 0)	(-40, -69)	(40, -69)	circle	green	same	right	right	(-80, 0)	(-40, -69)	probe	tar	None	None	None	None	35	110	60	135	85	10	(-40, -69)	0	testing
4	ym	f	19	green	6	(80, 0)	(40, 69)	(-39, 69)	(-80, 0)	(-40, -69)	(40, -69)	circle	green	dif	right	right	(-39, 69)	(40, -69)	search	nr	True	135998	136792	right	60	110	10	160	135	85	None	None	testing
4	ym	f	19	green	6	(80, 0)	(40, 69)	(-39, 69)	(-80, 0)	(-40, -69)	(40, -69)	diamond	none	dif	left	left	N_dist	(-39, 69)	probe	l_tar	None	None	None	None	85	135	35	160	60	10	(-39, 69)	143	testing
4	ym	f	19	green	6	(80, 0)	(40, 69)	(-39, 69)	(-80, 0)	(-40, -69)	(40, -69)	diamond	green	dif	right	right	(-39, 69)	(-40, -69)	probe	norm	None	None	None	None	60	160	85	10	135	35	(40, 69)	17	testing
4	ym	f	19	green	6	(80, 0)	(40, 69)	(-39, 69)	(-80, 0)	(-40, -69)	(40, -69)	diamond	green	dif	right	right	(-80, 0)	(40, -69)	search	nr	True	147435	148376	right	160	85	10	110	60	135	None	None	testing
4	ym	f	19	green	6	(80, 0)	(40, 69)	(-39, 69)	(-80, 0)	(-40, -69)	(40, -69)	diamond	none	dif	right	right	N_dist	(40, 69)	probe	l_norm	None	None	None	None	110	85	160	60	35	135	(-40, -69)	156	testing
4	ym	f	19	green	6	(80, 0)	(40, 69)	(-39, 69)	(-80, 0)	(-40, -69)	(40, -69)	diamond	none	dif	left	left	N_dist	(40, -69)	search	nr	True	154298	154920	left	135	110	60	160	85	35	None	None	testing
4	ym	f	19	green	6	(80, 0)	(40, 69)	(-39, 69)	(-80, 0)	(-40, -69)	(40, -69)	diamond	green	dif	right	right	(-80, 0)	(-40, -69)	search	nr	True	156184	156903	right	60	10	35	110	135	160	None	None	testing
4	ym	f	19	green	6	(80, 0)	(40, 69)	(-39, 69)	(-80, 0)	(-40, -69)	(40, -69)	diamond	green	dif	left	left	(-80, 0)	(40, 69)	probe	h_sin	None	None	None	None	60	85	135	160	35	110	(-80, 0)	24	testing
4	ym	f	19	green	6	(80, 0)	(40, 69)	(-39, 69)	(-80, 0)	(-40, -69)	(40, -69)	circle	green	same	left	left	(-80, 0)	(40, 69)	search	nr	True	163281	163991	left	35	135	85	110	160	10	None	None	testing
4	ym	f	19	green	6	(80, 0)	(40, 69)	(-39, 69)	(-80, 0)	(-40, -69)	(40, -69)	diamond	green	same	right	right	(80, 0)	(40, -69)	probe	tar	None	None	None	None	60	160	35	135	85	110	(40, -69)	11	testing
4	ym	f	19	green	6	(80, 0)	(40, 69)	(-39, 69)	(-80, 0)	(-40, -69)	(40, -69)	circle	green	same	right	right	(-80, 0)	(40, -69)	search	nr	True	169342	170327	right	10	35	60	110	85	135	None	None	testing
4	ym	f	19	green	6	(80, 0)	(40, 69)	(-39, 69)	(-80, 0)	(-40, -69)	(40, -69)	diamond	none	same	left	left	N_dist	(-39, 69)	search	nr	True	171529	172263	left	60	160	35	10	110	135	None	None	testing
4	ym	f	19	green	6	(80, 0)	(40, 69)	(-39, 69)	(-80, 0)	(-40, -69)	(40, -69)	circle	green	same	left	left	(80, 0)	(40, -69)	search	nr	True	173466	174216	left	160	85	35	110	10	60	None	None	testing
4	ym	f	19	green	6	(80, 0)	(40, 69)	(-39, 69)	(-80, 0)	(-40, -69)	(40, -69)	diamond	none	same	right	right	N_dist	(-39, 69)	search	nr	True	175470	176279	right	135	35	60	85	110	10	None	None	testing
4	ym	f	19	green	6	(80, 0)	(40, 69)	(-39, 69)	(-80, 0)	(-40, -69)	(40, -69)	diamond	green	dif	left	left	(-80, 0)	(40, -69)	search	nr	True	177374	178055	left	85	10	135	60	35	160	None	None	testing
4	ym	f	19	green	6	(80, 0)	(40, 69)	(-39, 69)	(-80, 0)	(-40, -69)	(40, -69)	diamond	green	dif	right	right	(-80, 0)	(40, -69)	search	nr	True	179260	179927	right	135	110	85	160	10	60	None	None	testing
4	ym	f	19	green	6	(80, 0)	(40, 69)	(-39, 69)	(-80, 0)	(-40, -69)	(40, -69)	diamond	none	dif	right	right	N_dist	(40, 69)	probe	h_norm	None	None	None	None	160	60	110	10	135	35	(-80, 0)	152	testing
4	ym	f	19	green	6	(80, 0)	(40, 69)	(-39, 69)	(-80, 0)	(-40, -69)	(40, -69)	circle	green	dif	left	left	(-80, 0)	(-39, 69)	search	nr	True	187793	188504	left	10	135	35	110	60	85	None	None	testing
4	ym	f	19	green	6	(80, 0)	(40, 69)	(-39, 69)	(-80, 0)	(-40, -69)	(40, -69)	diamond	green	dif	right	right	(-80, 0)	(-39, 69)	probe	norm	None	None	None	None	35	160	85	10	135	110	(40, -69)	18	testing
4	ym	f	19	green	6	(80, 0)	(40, 69)	(-39, 69)	(-80, 0)	(-40, -69)	(40, -69)	diamond	green	same	right	right	(-80, 0)	(80, 0)	probe	h_sin	None	None	None	None	135	10	85	35	160	60	(-80, 0)	164	testing
4	ym	f	19	green	6	(80, 0)	(40, 69)	(-39, 69)	(-80, 0)	(-40, -69)	(40, -69)	diamond	green	same	left	left	(-80, 0)	(-40, -69)	probe	tar	None	None	None	None	35	60	10	135	110	160	(-40, -69)	0	testing
4	ym	f	19	green	6	(80, 0)	(40, 69)	(-39, 69)	(-80, 0)	(-40, -69)	(40, -69)	diamond	green	dif	left	left	(-80, 0)	(-40, -69)	search	nr	True	201585	202359	left	35	160	60	110	135	10	None	None	testing
4	ym	f	19	green	6	(80, 0)	(40, 69)	(-39, 69)	(-80, 0)	(-40, -69)	(40, -69)	diamond	green	same	left	left	(40, 69)	(40, -69)	probe	l_sin	None	None	None	None	110	60	35	135	160	85	(40, 69)	165	testing
4	ym	f	19	green	6	(80, 0)	(40, 69)	(-39, 69)	(-80, 0)	(-40, -69)	(40, -69)	diamond	green	dif	right	right	(40, -69)	(-39, 69)	search	nr	True	207329	208039	right	110	160	135	60	10	35	None	None	testing
4	ym	f	19	green	6	(80, 0)	(40, 69)	(-39, 69)	(-80, 0)	(-40, -69)	(40, -69)	diamond	none	same	left	left	N_dist	(-39, 69)	probe	l_tar	None	None	None	None	160	135	35	10	60	110	(-39, 69)	153	testing
4	ym	f	19	green	6	(80, 0)	(40, 69)	(-39, 69)	(-80, 0)	(-40, -69)	(40, -69)	circle	green	dif	right	right	(40, 69)	(-40, -69)	search	nr	True	214041	214775	right	85	110	135	10	160	60	None	None	testing
4	ym	f	19	green	6	(80, 0)	(40, 69)	(-39, 69)	(-80, 0)	(-40, -69)	(40, -69)	diamond	none	same	left	left	N_dist	(-40, -69)	search	nr	True	216028	216679	left	135	35	10	160	110	60	None	None	testing
4	ym	f	19	green	6	(80, 0)	(40, 69)	(-39, 69)	(-80, 0)	(-40, -69)	(40, -69)	circle	green	same	right	right	(-80, 0)	(40, -69)	search	nr	True	217748	218599	right	135	60	160	35	110	10	None	None	testing
4	ym	f	19	green	6	(80, 0)	(40, 69)	(-39, 69)	(-80, 0)	(-40, -69)	(40, -69)	diamond	green	dif	left	left	(80, 0)	(40, 69)	search	nr	True	219785	220727	left	10	85	135	160	60	110	None	None	testing
4	ym	f	19	green	6	(80, 0)	(40, 69)	(-39, 69)	(-80, 0)	(-40, -69)	(40, -69)	diamond	green	dif	left	left	(-80, 0)	(40, 69)	search	nr	True	221939	222615	left	60	10	135	85	160	35	None	None	testing
4	ym	f	19	green	6	(80, 0)	(40, 69)	(-39, 69)	(-80, 0)	(-40, -69)	(40, -69)	circle	green	dif	left	left	(-39, 69)	(40, -69)	probe	l_sin	None	None	None	None	85	160	60	35	10	110	(-39, 69)	155	testing
4	ym	f	19	green	6	(80, 0)	(40, 69)	(-39, 69)	(-80, 0)	(-40, -69)	(40, -69)	diamond	none	same	right	right	N_dist	(-39, 69)	search	nr	True	227750	228359	right	160	135	10	110	85	35	None	None	testing
4	ym	f	19	green	6	(80, 0)	(40, 69)	(-39, 69)	(-80, 0)	(-40, -69)	(40, -69)	diamond	none	same	right	right	N_dist	(-80, 0)	probe	h_tar	None	None	None	None	160	110	60	85	135	35	(-80, 0)	0	testing
4	ym	f	19	green	6	(80, 0)	(40, 69)	(-39, 69)	(-80, 0)	(-40, -69)	(40, -69)	diamond	green	dif	right	right	(-80, 0)	(-39, 69)	search	nr	True	232475	233111	right	160	85	60	135	10	110	None	None	testing
4	ym	f	19	green	6	(80, 0)	(40, 69)	(-39, 69)	(-80, 0)	(-40, -69)	(40, -69)	circle	green	dif	right	right	(-80, 0)	(-39, 69)	probe	tar	None	None	None	None	135	160	85	110	60	10	(-39, 69)	0	testing
4	ym	f	19	green	6	(80, 0)	(40, 69)	(-39, 69)	(-80, 0)	(-40, -69)	(40, -69)	diamond	none	dif	right	right	N_dist	(-39, 69)	search	nr	True	237216	237783	right	10	135	110	60	35	85	None	None	testing
4	ym	f	19	green	6	(80, 0)	(40, 69)	(-39, 69)	(-80, 0)	(-40, -69)	(40, -69)	circle	green	dif	right	right	(-80, 0)	(40, 69)	probe	h_sin	None	None	None	None	35	160	85	10	60	135	(-80, 0)	146	testing
4	ym	f	19	green	6	(80, 0)	(40, 69)	(-39, 69)	(-80, 0)	(-40, -69)	(40, -69)	circle	green	dif	right	right	(-80, 0)	(-40, -69)	probe	norm	None	None	None	None	160	10	110	35	60	85	(80, 0)	43	testing
4	ym	f	19	green	6	(80, 0)	(40, 69)	(-39, 69)	(-80, 0)	(-40, -69)	(40, -69)	diamond	green	same	left	left	(-39, 69)	(40, -69)	search	nr	True	248053	248775	left	35	135	110	60	160	10	None	None	testing
4	ym	f	19	green	6	(80, 0)	(40, 69)	(-39, 69)	(-80, 0)	(-40, -69)	(40, -69)	diamond	green	same	left	left	(40, 69)	(40, -69)	search	nr	True	250074	250759	left	85	10	60	160	35	135	None	None	testing
4	ym	f	19	green	6	(80, 0)	(40, 69)	(-39, 69)	(-80, 0)	(-40, -69)	(40, -69)	diamond	green	same	left	left	(40, 69)	(80, 0)	probe	l_sin	None	None	None	None	10	35	135	85	160	60	(40, 69)	152	testing
4	ym	f	19	green	6	(80, 0)	(40, 69)	(-39, 69)	(-80, 0)	(-40, -69)	(40, -69)	diamond	none	dif	right	right	N_dist	(-39, 69)	probe	h_norm	None	None	None	None	60	10	35	110	85	135	(-80, 0)	0	testing
4	ym	f	19	green	6	(80, 0)	(40, 69)	(-39, 69)	(-80, 0)	(-40, -69)	(40, -69)	diamond	none	same	right	right	N_dist	(-39, 69)	probe	h_norm	None	None	None	None	160	110	10	60	85	35	(-80, 0)	172	testing
4	ym	f	19	green	6	(80, 0)	(40, 69)	(-39, 69)	(-80, 0)	(-40, -69)	(40, -69)	circle	none	same	left	left	N_dist	(40, -69)	search	nr	True	263649	264551	left	10	60	85	135	35	160	None	None	testing
4	ym	f	19	green	6	(80, 0)	(40, 69)	(-39, 69)	(-80, 0)	(-40, -69)	(40, -69)	circle	none	same	left	left	N_dist	(-80, 0)	search	nr	True	265786	266455	left	160	135	110	10	85	60	None	None	testing
4	ym	f	19	green	6	(80, 0)	(40, 69)	(-39, 69)	(-80, 0)	(-40, -69)	(40, -69)	diamond	green	same	right	right	(-80, 0)	(80, 0)	probe	h_sin	None	None	None	None	10	110	135	60	160	85	(-80, 0)	167	testing
4	ym	f	19	green	6	(80, 0)	(40, 69)	(-39, 69)	(-80, 0)	(-40, -69)	(40, -69)	circle	green	same	left	left	(-80, 0)	(-39, 69)	search	nr	True	271680	272439	left	135	10	60	35	85	110	None	None	testing
4	ym	f	19	green	6	(80, 0)	(40, 69)	(-39, 69)	(-80, 0)	(-40, -69)	(40, -69)	diamond	green	dif	right	right	(-80, 0)	(40, -69)	search	nr	True	273668	274647	right	110	160	85	10	60	135	None	None	testing
4	ym	f	19	green	6	(80, 0)	(40, 69)	(-39, 69)	(-80, 0)	(-40, -69)	(40, -69)	circle	green	dif	left	left	(-80, 0)	(-39, 69)	probe	tar	None	None	None	None	35	10	110	60	85	135	(-39, 69)	8	testing
4	ym	f	19	green	6	(80, 0)	(40, 69)	(-39, 69)	(-80, 0)	(-40, -69)	(40, -69)	diamond	none	dif	left	left	N_dist	(40, -69)	probe	h_norm	None	None	None	None	110	85	160	60	35	135	(-80, 0)	166	testing
4	ym	f	19	green	6	(80, 0)	(40, 69)	(-39, 69)	(-80, 0)	(-40, -69)	(40, -69)	diamond	green	same	right	right	(-80, 0)	(80, 0)	probe	norm	None	None	None	None	135	60	35	110	160	85	(40, -69)	162	testing
4	ym	f	19	green	6	(80, 0)	(40, 69)	(-39, 69)	(-80, 0)	(-40, -69)	(40, -69)	circle	none	dif	right	right	N_dist	(-39, 69)	probe	l_norm	None	None	None	None	110	35	10	135	85	160	(-40, -69)	174	testing
4	ym	f	19	green	6	(80, 0)	(40, 69)	(-39, 69)	(-80, 0)	(-40, -69)	(40, -69)	circle	green	same	left	left	(40, -69)	(-39, 69)	search	nr	True	292134	292855	left	110	35	135	85	60	10	None	None	testing
4	ym	f	19	green	6	(80, 0)	(40, 69)	(-39, 69)	(-80, 0)	(-40, -69)	(40, -69)	circle	green	same	left	left	(-80, 0)	(-39, 69)	probe	norm	None	None	None	None	35	60	10	110	135	160	(40, 69)	168	testing
4	ym	f	19	green	6	(80, 0)	(40, 69)	(-39, 69)	(-80, 0)	(-40, -69)	(40, -69)	circle	green	dif	left	left	(-80, 0)	(40, 69)	probe	norm	None	None	None	None	135	160	35	85	60	10	(40, -69)	143	testing
4	ym	f	19	green	6	(80, 0)	(40, 69)	(-39, 69)	(-80, 0)	(-40, -69)	(40, -69)	circle	green	dif	right	right	(40, 69)	(-40, -69)	probe	l_sin	None	None	None	None	10	60	160	85	110	35	(40, 69)	161	testing
4	ym	f	19	green	6	(80, 0)	(40, 69)	(-39, 69)	(-80, 0)	(-40, -69)	(40, -69)	diamond	none	dif	right	right	N_dist	(-39, 69)	search	nr	True	306644	307271	right	10	160	110	60	85	135	None	None	testing
4	ym	f	19	green	6	(80, 0)	(40, 69)	(-39, 69)	(-80, 0)	(-40, -69)	(40, -69)	circle	green	same	left	left	(-40, -69)	(-39, 69)	search	nr	True	308565	309367	left	160	35	110	135	85	10	None	None	testing
4	ym	f	19	green	6	(80, 0)	(40, 69)	(-39, 69)	(-80, 0)	(-40, -69)	(40, -69)	circle	green	same	right	right	(-80, 0)	(-39, 69)	probe	tar	None	None	None	None	160	85	10	110	60	35	(-39, 69)	152	testing
4	ym	f	19	green	6	(80, 0)	(40, 69)	(-39, 69)	(-80, 0)	(-40, -69)	(40, -69)	circle	none	dif	left	left	N_dist	(-40, -69)	search	nr	True	315327	316134	left	35	110	135	85	10	60	None	None	testing
4	ym	f	19	green	6	(80, 0)	(40, 69)	(-39, 69)	(-80, 0)	(-40, -69)	(40, -69)	diamond	green	dif	right	right	(-80, 0)	(40, -69)	probe	h_sin	None	None	None	None	60	10	135	160	85	35	(-80, 0)	29	testing
4	ym	f	19	green	6	(80, 0)	(40, 69)	(-39, 69)	(-80, 0)	(-40, -69)	(40, -69)	diamond	none	dif	right	right	N_dist	(40, 69)	search	nr	True	321706	322503	right	60	160	135	10	35	110	None	None	testing
4	ym	f	19	green	6	(80, 0)	(40, 69)	(-39, 69)	(-80, 0)	(-40, -69)	(40, -69)	circle	none	same	right	right	N_dist	(-40, -69)	search	nr	True	323642	324279	right	135	60	85	10	110	160	None	None	testing
4	ym	f	19	green	6	(80, 0)	(40, 69)	(-39, 69)	(-80, 0)	(-40, -69)	(40, -69)	diamond	green	dif	left	left	(-80, 0)	(80, 0)	search	nr	True	325345	326007	left	60	110	160	135	35	10	None	None	testing
4	ym	f	19	green	6	(80, 0)	(40, 69)	(-39, 69)	(-80, 0)	(-40, -69)	(40, -69)	circle	none	dif	right	right	N_dist	(80, 0)	search	nr	True	327299	328119	right	60	135	85	10	35	110	None	None	testing
4	ym	f	19	green	6	(80, 0)	(40, 69)	(-39, 69)	(-80, 0)	(-40, -69)	(40, -69)	diamond	green	same	left	left	(-80, 0)	(-40, -69)	search	nr	True	329403	330231	left	60	160	135	85	110	10	None	None	testing
4	ym	f	19	green	6	(80, 0)	(40, 69)	(-39, 69)	(-80, 0)	(-40, -69)	(40, -69)	circle	green	dif	left	left	(80, 0)	(-40, -69)	search	nr	True	331473	332296	left	110	35	135	10	160	60	None	None	testing
4	ym	f	19	green	6	(80, 0)	(40, 69)	(-39, 69)	(-80, 0)	(-40, -69)	(40, -69)	circle	green	same	right	right	(-80, 0)	(-40, -69)	search	nr	True	333461	334199	right	110	35	160	10	85	60	None	None	testing
4	ym	f	19	green	6	(80, 0)	(40, 69)	(-39, 69)	(-80, 0)	(-40, -69)	(40, -69)	diamond	green	same	left	left	(-80, 0)	(40, -69)	search	nr	True	335364	336008	left	35	85	135	110	10	60	None	None	testing
4	ym	f	19	green	6	(80, 0)	(40, 69)	(-39, 69)	(-80, 0)	(-40, -69)	(40, -69)	diamond	green	same	right	right	(-80, 0)	(80, 0)	search	nr	True	337267	337943	right	135	85	10	110	35	160	None	None	testing
4	ym	f	19	green	6	(80, 0)	(40, 69)	(-39, 69)	(-80, 0)	(-40, -69)	(40, -69)	diamond	green	same	right	right	(-80, 0)	(-40, -69)	probe	norm	None	None	None	None	110	35	85	60	10	160	(40, -69)	33	testing
4	ym	f	19	green	6	(80, 0)	(40, 69)	(-39, 69)	(-80, 0)	(-40, -69)	(40, -69)	diamond	none	same	left	left	N_dist	(40, 69)	probe	l_tar	None	None	None	None	60	35	135	110	85	160	(40, 69)	156	testing
4	ym	f	19	green	6	(80, 0)	(40, 69)	(-39, 69)	(-80, 0)	(-40, -69)	(40, -69)	diamond	green	dif	right	right	(-39, 69)	(-40, -69)	search	nr	True	347269	347895	right	35	110	85	135	160	10	None	None	testing
4	ym	f	19	green	6	(80, 0)	(40, 69)	(-39, 69)	(-80, 0)	(-40, -69)	(40, -69)	circle	green	same	right	right	(-80, 0)	(40, -69)	search	nr	True	349056	349815	right	135	160	60	35	10	110	None	None	testing
4	ym	f	19	green	6	(80, 0)	(40, 69)	(-39, 69)	(-80, 0)	(-40, -69)	(40, -69)	diamond	green	same	left	left	(-80, 0)	(40, -69)	search	nr	True	350892	351495	left	85	10	110	60	135	35	None	None	testing
4	ym	f	19	green	6	(80, 0)	(40, 69)	(-39, 69)	(-80, 0)	(-40, -69)	(40, -69)	circle	none	dif	right	right	N_dist	(80, 0)	probe	l_norm	None	None	None	None	85	110	10	160	135	60	(-39, 69)	153	testing
4	ym	f	19	green	6	(80, 0)	(40, 69)	(-39, 69)	(-80, 0)	(-40, -69)	(40, -69)	diamond	green	dif	left	left	(-80, 0)	(80, 0)	search	nr	True	357121	357766	left	110	85	60	10	160	35	None	None	testing
4	ym	f	19	green	6	(80, 0)	(40, 69)	(-39, 69)	(-80, 0)	(-40, -69)	(40, -69)	diamond	green	dif	right	right	(-80, 0)	(-39, 69)	search	nr	True	358824	359591	right	85	160	35	135	10	60	None	None	testing
4	ym	f	19	green	6	(80, 0)	(40, 69)	(-39, 69)	(-80, 0)	(-40, -69)	(40, -69)	circle	green	same	left	left	(-40, -69)	(40, -69)	probe	tar	None	None	None	None	160	10	35	85	110	135	(40, -69)	21	testing
4	ym	f	19	green	6	(80, 0)	(40, 69)	(-39, 69)	(-80, 0)	(-40, -69)	(40, -69)	diamond	none	same	right	right	N_dist	(80, 0)	search	nr	True	364084	364646	right	35	85	135	60	110	10	None	None	testing
4	ym	f	19	green	6	(80, 0)	(40, 69)	(-39, 69)	(-80, 0)	(-40, -69)	(40, -69)	diamond	none	dif	left	left	N_dist	(80, 0)	search	nr	True	365904	366503	left	135	110	160	85	10	60	None	None	testing
4	ym	f	19	green	6	(80, 0)	(40, 69)	(-39, 69)	(-80, 0)	(-40, -69)	(40, -69)	circle	green	same	right	right	(-80, 0)	(-40, -69)	search	nr	True	367723	368727	right	85	135	110	60	160	35	None	None	testing
4	ym	f	19	green	6	(80, 0)	(40, 69)	(-39, 69)	(-80, 0)	(-40, -69)	(40, -69)	diamond	green	dif	right	right	(-80, 0)	(40, -69)	search	nr	True	370011	370647	right	35	135	85	10	60	160	None	None	testing
4	ym	f	19	green	6	(80, 0)	(40, 69)	(-39, 69)	(-80, 0)	(-40, -69)	(40, -69)	circle	green	dif	left	left	(-39, 69)	(-40, -69)	probe	norm	None	None	None	None	35	85	160	135	10	110	(-80, 0)	5	testing
4	ym	f	19	green	6	(80, 0)	(40, 69)	(-39, 69)	(-80, 0)	(-40, -69)	(40, -69)	diamond	green	same	right	right	(-80, 0)	(40, -69)	search	nr	True	375822	376471	right	35	110	135	10	160	60	None	None	testing
4	ym	f	19	green	6	(80, 0)	(40, 69)	(-39, 69)	(-80, 0)	(-40, -69)	(40, -69)	circle	green	dif	left	left	(40, -69)	(40, 69)	search	nr	True	377591	378632	left	85	10	110	60	35	160	None	None	testing
4	ym	f	19	green	6	(80, 0)	(40, 69)	(-39, 69)	(-80, 0)	(-40, -69)	(40, -69)	circle	green	same	right	right	(40, 69)	(-40, -69)	probe	tar	None	None	None	None	35	60	10	110	160	85	(-40, -69)	27	testing
4	ym	f	19	green	6	(80, 0)	(40, 69)	(-39, 69)	(-80, 0)	(-40, -69)	(40, -69)	circle	green	dif	right	right	(-80, 0)	(-40, -69)	search	nr	True	385540	386182	right	35	85	60	160	135	10	None	None	testing
4	ym	f	19	green	6	(80, 0)	(40, 69)	(-39, 69)	(-80, 0)	(-40, -69)	(40, -69)	diamond	none	dif	left	left	N_dist	(-80, 0)	probe	h_tar	None	None	None	None	60	110	10	160	35	135	(-80, 0)	30	testing
4	ym	f	19	green	6	(80, 0)	(40, 69)	(-39, 69)	(-80, 0)	(-40, -69)	(40, -69)	diamond	none	same	right	right	N_dist	(-40, -69)	search	nr	True	392235	392823	right	110	10	60	160	35	85	None	None	testing
4	ym	f	19	green	6	(80, 0)	(40, 69)	(-39, 69)	(-80, 0)	(-40, -69)	(40, -69)	diamond	none	same	right	right	N_dist	(-40, -69)	probe	l_tar	None	None	None	None	35	60	85	10	110	135	(-40, -69)	8	testing
4	ym	f	19	green	6	(80, 0)	(40, 69)	(-39, 69)	(-80, 0)	(-40, -69)	(40, -69)	diamond	green	same	left	left	(-80, 0)	(40, 69)	probe	norm	None	None	None	None	10	110	35	60	160	85	(80, 0)	137	testing
4	ym	f	19	green	6	(80, 0)	(40, 69)	(-39, 69)	(-80, 0)	(-40, -69)	(40, -69)	circle	none	dif	right	right	N_dist	(-39, 69)	search	nr	True	402254	403191	right	110	60	85	160	35	135	None	None	testing
4	ym	f	19	green	6	(80, 0)	(40, 69)	(-39, 69)	(-80, 0)	(-40, -69)	(40, -69)	circle	none	dif	left	left	N_dist	(40, 69)	search	nr	True	404408	405047	left	85	135	160	110	10	35	None	None	testing
4	ym	f	19	green	6	(80, 0)	(40, 69)	(-39, 69)	(-80, 0)	(-40, -69)	(40, -69)	circle	green	same	right	right	(-80, 0)	(-40, -69)	search	nr	True	406161	406855	right	85	10	35	60	160	110	None	None	testing
4	ym	f	19	green	6	(80, 0)	(40, 69)	(-39, 69)	(-80, 0)	(-40, -69)	(40, -69)	circle	green	dif	left	left	(80, 0)	(-40, -69)	probe	tar	None	None	None	None	135	60	85	35	10	160	(-40, -69)	142	testing
4	ym	f	19	green	6	(80, 0)	(40, 69)	(-39, 69)	(-80, 0)	(-40, -69)	(40, -69)	diamond	green	same	left	left	(40, -69)	(-40, -69)	search	nr	True	412522	413255	left	85	10	160	110	60	35	None	None	testing
4	ym	f	19	green	6	(80, 0)	(40, 69)	(-39, 69)	(-80, 0)	(-40, -69)	(40, -69)	diamond	green	dif	left	left	(-80, 0)	(80, 0)	probe	norm	None	None	None	None	60	85	110	135	35	10	(40, -69)	146	testing
4	ym	f	19	green	6	(80, 0)	(40, 69)	(-39, 69)	(-80, 0)	(-40, -69)	(40, -69)	circle	green	dif	right	right	(-80, 0)	(80, 0)	search	nr	True	419051	419735	right	60	160	35	10	85	135	None	None	testing
4	ym	f	19	green	6	(80, 0)	(40, 69)	(-39, 69)	(-80, 0)	(-40, -69)	(40, -69)	diamond	green	same	left	left	(40, 69)	(40, -69)	search	nr	True	420804	421559	left	160	85	110	10	135	35	None	None	testing
4	ym	f	19	green	6	(80, 0)	(40, 69)	(-39, 69)	(-80, 0)	(-40, -69)	(40, -69)	circle	none	dif	right	right	N_dist	(-39, 69)	search	nr	True	422758	423559	right	110	135	10	85	160	35	None	None	testing
4	ym	f	19	green	6	(80, 0)	(40, 69)	(-39, 69)	(-80, 0)	(-40, -69)	(40, -69)	circle	green	same	right	right	(-80, 0)	(-39, 69)	search	nr	True	424829	425495	right	160	35	10	85	135	110	None	None	testing
4	ym	f	19	green	6	(80, 0)	(40, 69)	(-39, 69)	(-80, 0)	(-40, -69)	(40, -69)	circle	green	same	left	left	(-39, 69)	(-40, -69)	search	nr	True	426699	427335	left	85	10	35	110	60	135	None	None	testing
4	ym	f	19	green	6	(80, 0)	(40, 69)	(-39, 69)	(-80, 0)	(-40, -69)	(40, -69)	circle	none	same	right	right	N_dist	(-80, 0)	search	nr	True	428518	429191	right	85	35	135	10	110	160	None	None	testing
4	ym	f	19	green	6	(80, 0)	(40, 69)	(-39, 69)	(-80, 0)	(-40, -69)	(40, -69)	diamond	green	same	left	left	(-80, 0)	(-40, -69)	search	nr	True	430355	431174	left	110	85	60	35	10	135	None	None	testing
4	ym	f	19	green	6	(80, 0)	(40, 69)	(-39, 69)	(-80, 0)	(-40, -69)	(40, -69)	circle	none	dif	right	right	N_dist	(40, 69)	search	nr	True	432425	433047	right	85	10	160	35	110	60	None	None	testing
4	ym	f	19	green	6	(80, 0)	(40, 69)	(-39, 69)	(-80, 0)	(-40, -69)	(40, -69)	circle	green	dif	left	left	(-80, 0)	(-40, -69)	search	nr	True	434246	434967	left	135	160	10	110	35	85	None	None	testing
4	ym	f	19	green	6	(80, 0)	(40, 69)	(-39, 69)	(-80, 0)	(-40, -69)	(40, -69)	circle	none	dif	left	left	N_dist	(-40, -69)	search	nr	True	436083	436663	left	85	60	135	10	35	110	None	None	testing
4	ym	f	19	green	6	(80, 0)	(40, 69)	(-39, 69)	(-80, 0)	(-40, -69)	(40, -69)	circle	green	dif	left	left	(80, 0)	(-40, -69)	search	nr	True	437920	438487	left	60	160	35	110	10	85	None	None	testing
4	ym	f	19	green	6	(80, 0)	(40, 69)	(-39, 69)	(-80, 0)	(-40, -69)	(40, -69)	diamond	green	same	left	left	(40, 69)	(80, 0)	search	nr	True	439555	440327	left	110	85	35	10	135	160	None	None	testing
4	ym	f	19	green	6	(80, 0)	(40, 69)	(-39, 69)	(-80, 0)	(-40, -69)	(40, -69)	circle	none	same	left	left	N_dist	(40, 69)	search	nr	True	441626	442551	left	135	60	160	110	35	10	None	None	testing
4	ym	f	19	green	6	(80, 0)	(40, 69)	(-39, 69)	(-80, 0)	(-40, -69)	(40, -69)	circle	green	same	left	left	(40, 69)	(-39, 69)	probe	l_sin	None	None	None	None	35	10	110	135	160	85	(40, 69)	149	testing
4	ym	f	19	green	6	(80, 0)	(40, 69)	(-39, 69)	(-80, 0)	(-40, -69)	(40, -69)	circle	green	same	right	right	(40, 69)	(-40, -69)	search	nr	True	449190	449927	right	10	60	110	135	85	35	None	None	testing
4	ym	f	19	green	6	(80, 0)	(40, 69)	(-39, 69)	(-80, 0)	(-40, -69)	(40, -69)	circle	green	same	left	left	(40, -69)	(-39, 69)	probe	norm	None	None	None	None	60	135	35	160	10	85	(80, 0)	157	testing
4	ym	f	19	green	6	(80, 0)	(40, 69)	(-39, 69)	(-80, 0)	(-40, -69)	(40, -69)	circle	green	dif	left	left	(40, -69)	(40, 69)	search	nr	True	455585	456279	left	35	10	110	135	85	160	None	None	testing
4	ym	f	19	green	6	(80, 0)	(40, 69)	(-39, 69)	(-80, 0)	(-40, -69)	(40, -69)	circle	green	dif	left	left	(-80, 0)	(-39, 69)	probe	h_sin	None	None	None	None	35	85	60	10	110	160	(-80, 0)	149	testing
4	ym	f	19	green	6	(80, 0)	(40, 69)	(-39, 69)	(-80, 0)	(-40, -69)	(40, -69)	diamond	green	same	right	right	(-80, 0)	(80, 0)	probe	tar	None	None	None	None	85	135	110	35	60	160	(80, 0)	0	testing
4	ym	f	19	green	6	(80, 0)	(40, 69)	(-39, 69)	(-80, 0)	(-40, -69)	(40, -69)	diamond	green	dif	right	right	(-39, 69)	(-40, -69)	search	nr	True	464819	465687	right	135	110	60	35	10	85	None	None	testing
4	ym	f	19	green	6	(80, 0)	(40, 69)	(-39, 69)	(-80, 0)	(-40, -69)	(40, -69)	circle	green	dif	right	right	(-39, 69)	(40, -69)	search	nr	True	466856	467511	right	60	110	85	160	35	10	None	None	testing
4	ym	f	19	green	6	(80, 0)	(40, 69)	(-39, 69)	(-80, 0)	(-40, -69)	(40, -69)	circle	green	dif	right	right	(-80, 0)	(-40, -69)	search	nr	True	468759	469431	right	110	160	35	60	10	85	None	None	testing
4	ym	f	19	green	6	(80, 0)	(40, 69)	(-39, 69)	(-80, 0)	(-40, -69)	(40, -69)	diamond	green	dif	left	left	(-80, 0)	(80, 0)	search	nr	True	470546	471255	left	10	135	160	85	110	35	None	None	testing
4	ym	f	19	green	6	(80, 0)	(40, 69)	(-39, 69)	(-80, 0)	(-40, -69)	(40, -69)	diamond	green	dif	right	right	(-80, 0)	(-39, 69)	search	nr	True	472533	473143	right	35	10	60	110	85	160	None	None	testing
4	ym	f	19	green	6	(80, 0)	(40, 69)	(-39, 69)	(-80, 0)	(-40, -69)	(40, -69)	diamond	green	dif	left	left	(80, 0)	(40, 69)	probe	l_sin	None	None	None	None	35	110	60	135	85	10	(80, 0)	146	testing
4	ym	f	19	green	6	(80, 0)	(40, 69)	(-39, 69)	(-80, 0)	(-40, -69)	(40, -69)	diamond	green	dif	left	left	(-80, 0)	(-40, -69)	probe	norm	None	None	None	None	60	10	35	135	85	160	(80, 0)	158	testing
4	ym	f	19	green	6	(80, 0)	(40, 69)	(-39, 69)	(-80, 0)	(-40, -69)	(40, -69)	circle	green	dif	left	left	(-80, 0)	(40, 69)	search	nr	True	482551	483191	left	35	110	135	85	160	60	None	None	testing
4	ym	f	19	green	6	(80, 0)	(40, 69)	(-39, 69)	(-80, 0)	(-40, -69)	(40, -69)	circle	green	same	left	left	(40, 69)	(-39, 69)	search	nr	True	484255	485094	left	10	135	60	35	110	85	None	None	testing
4	ym	f	19	green	6	(80, 0)	(40, 69)	(-39, 69)	(-80, 0)	(-40, -69)	(40, -69)	circle	green	same	left	left	(80, 0)	(-39, 69)	probe	tar	None	None	None	None	10	160	135	60	35	85	(-39, 69)	12	testing
4	ym	f	19	green	6	(80, 0)	(40, 69)	(-39, 69)	(-80, 0)	(-40, -69)	(40, -69)	circle	green	same	right	right	(-80, 0)	(-40, -69)	probe	tar	None	None	None	None	35	135	160	110	10	60	(-40, -69)	146	testing
4	ym	f	19	green	6	(80, 0)	(40, 69)	(-39, 69)	(-80, 0)	(-40, -69)	(40, -69)	diamond	green	same	right	right	(-80, 0)	(80, 0)	search	nr	True	495125	495846	right	85	135	60	110	10	160	None	None	testing
4	ym	f	19	green	6	(80, 0)	(40, 69)	(-39, 69)	(-80, 0)	(-40, -69)	(40, -69)	circle	green	same	right	right	(-80, 0)	(-39, 69)	probe	tar	None	None	None	None	60	135	110	35	85	160	(-39, 69)	10	testing
4	ym	f	19	green	6	(80, 0)	(40, 69)	(-39, 69)	(-80, 0)	(-40, -69)	(40, -69)	circle	none	same	left	left	N_dist	(-80, 0)	search	nr	True	500501	501415	left	110	85	135	60	160	35	None	None	testing
4	ym	f	19	green	6	(80, 0)	(40, 69)	(-39, 69)	(-80, 0)	(-40, -69)	(40, -69)	diamond	green	same	left	left	(40, 69)	(80, 0)	search	nr	True	502622	503463	left	85	110	10	135	35	160	None	None	testing
4	ym	f	19	green	6	(80, 0)	(40, 69)	(-39, 69)	(-80, 0)	(-40, -69)	(40, -69)	diamond	green	same	right	right	(-80, 0)	(40, -69)	search	nr	True	504725	505447	right	10	85	35	160	135	110	None	None	testing
4	ym	f	19	green	6	(80, 0)	(40, 69)	(-39, 69)	(-80, 0)	(-40, -69)	(40, -69)	circle	green	dif	left	left	(-80, 0)	(40, -69)	search	nr	True	506645	507591	left	160	60	10	110	85	135	None	None	testing
4	ym	f	19	green	6	(80, 0)	(40, 69)	(-39, 69)	(-80, 0)	(-40, -69)	(40, -69)	circle	none	same	right	right	N_dist	(80, 0)	search	nr	True	508799	509463	right	10	110	60	160	85	35	None	None	testing
4	ym	f	19	green	6	(80, 0)	(40, 69)	(-39, 69)	(-80, 0)	(-40, -69)	(40, -69)	circle	green	dif	left	left	(-39, 69)	(-40, -69)	search	nr	True	510636	511303	left	160	135	85	60	110	10	None	None	testing
4	ym	f	19	green	6	(80, 0)	(40, 69)	(-39, 69)	(-80, 0)	(-40, -69)	(40, -69)	circle	none	dif	right	right	N_dist	(40, 69)	search	nr	True	512373	513063	right	10	110	60	135	35	85	None	None	testing
4	ym	f	19	green	6	(80, 0)	(40, 69)	(-39, 69)	(-80, 0)	(-40, -69)	(40, -69)	diamond	green	same	left	left	(-80, 0)	(40, -69)	probe	h_sin	None	None	None	None	60	160	85	110	10	135	(-80, 0)	0	testing
4	ym	f	19	green	6	(80, 0)	(40, 69)	(-39, 69)	(-80, 0)	(-40, -69)	(40, -69)	circle	green	same	left	left	(-80, 0)	(-39, 69)	search	nr	True	517849	518551	left	85	60	10	135	110	160	None	None	testing
4	ym	f	19	green	6	(80, 0)	(40, 69)	(-39, 69)	(-80, 0)	(-40, -69)	(40, -69)	diamond	green	same	left	left	(-80, 0)	(40, -69)	search	nr	True	519653	520535	right	135	10	35	160	85	110	None	None	testing
4	ym	f	19	green	6	(80, 0)	(40, 69)	(-39, 69)	(-80, 0)	(-40, -69)	(40, -69)	circle	none	dif	left	left	N_dist	(-40, -69)	probe	h_norm	None	None	None	None	160	85	135	60	35	10	(-80, 0)	171	testing
4	ym	f	19	green	6	(80, 0)	(40, 69)	(-39, 69)	(-80, 0)	(-40, -69)	(40, -69)	diamond	green	dif	right	right	(-80, 0)	(40, -69)	search	nr	True	527618	528295	right	135	110	60	85	160	10	None	None	testing
4	ym	f	19	green	6	(80, 0)	(40, 69)	(-39, 69)	(-80, 0)	(-40, -69)	(40, -69)	diamond	none	dif	right	right	N_dist	(-80, 0)	search	nr	True	529421	530039	right	110	160	10	135	60	35	None	None	testing
4	ym	f	19	green	6	(80, 0)	(40, 69)	(-39, 69)	(-80, 0)	(-40, -69)	(40, -69)	circle	green	dif	left	left	(40, -69)	(40, 69)	probe	norm	None	None	None	None	60	135	10	160	85	110	(80, 0)	161	testing
4	ym	f	19	green	6	(80, 0)	(40, 69)	(-39, 69)	(-80, 0)	(-40, -69)	(40, -69)	diamond	green	dif	right	right	(-80, 0)	(-40, -69)	probe	norm	None	None	None	None	110	135	85	35	160	10	(40, -69)	144	testing
4	ym	f	19	green	6	(80, 0)	(40, 69)	(-39, 69)	(-80, 0)	(-40, -69)	(40, -69)	circle	green	dif	left	left	(-39, 69)	(40, -69)	search	nr	True	540441	541111	left	10	135	35	85	110	60	None	None	testing
4	ym	f	19	green	6	(80, 0)	(40, 69)	(-39, 69)	(-80, 0)	(-40, -69)	(40, -69)	circle	green	same	right	right	(-80, 0)	(40, -69)	search	nr	True	542245	542983	right	160	110	135	60	10	35	None	None	testing
4	ym	f	19	green	6	(80, 0)	(40, 69)	(-39, 69)	(-80, 0)	(-40, -69)	(40, -69)	circle	none	dif	left	left	N_dist	(40, -69)	search	nr	True	544064	544679	left	160	135	35	110	60	10	None	None	testing
4	ym	f	19	green	6	(80, 0)	(40, 69)	(-39, 69)	(-80, 0)	(-40, -69)	(40, -69)	circle	none	same	right	right	N_dist	(40, -69)	search	nr	True	545751	546471	right	160	135	85	35	110	10	None	None	testing
4	ym	f	19	green	6	(80, 0)	(40, 69)	(-39, 69)	(-80, 0)	(-40, -69)	(40, -69)	diamond	none	dif	right	right	N_dist	(40, 69)	search	nr	True	547654	548775	right	35	160	60	10	110	85	None	None	testing
4	ym	f	19	green	6	(80, 0)	(40, 69)	(-39, 69)	(-80, 0)	(-40, -69)	(40, -69)	circle	green	dif	left	left	(-39, 69)	(-40, -69)	search	nr	True	549959	550966	left	10	60	85	135	160	110	None	None	testing
4	ym	f	19	green	6	(80, 0)	(40, 69)	(-39, 69)	(-80, 0)	(-40, -69)	(40, -69)	circle	green	dif	left	left	(-80, 0)	(-40, -69)	search	nr	True	552229	553015	left	135	85	160	110	35	60	None	None	testing
4	ym	f	19	green	6	(80, 0)	(40, 69)	(-39, 69)	(-80, 0)	(-40, -69)	(40, -69)	diamond	green	dif	right	right	(-80, 0)	(80, 0)	search	nr	True	554133	554935	right	10	85	60	160	110	35	None	None	testing
4	ym	f	19	green	6	(80, 0)	(40, 69)	(-39, 69)	(-80, 0)	(-40, -69)	(40, -69)	circle	none	dif	left	left	N_dist	(40, -69)	search	nr	True	556053	556791	left	160	35	85	135	60	10	None	None	testing
4	ym	f	19	green	6	(80, 0)	(40, 69)	(-39, 69)	(-80, 0)	(-40, -69)	(40, -69)	circle	green	same	right	right	(-80, 0)	(40, -69)	probe	norm	None	None	None	None	160	10	110	35	135	60	(80, 0)	27	testing
4	ym	f	19	green	6	(80, 0)	(40, 69)	(-39, 69)	(-80, 0)	(-40, -69)	(40, -69)	diamond	green	same	left	left	(-80, 0)	(-40, -69)	search	nr	True	562148	562839	left	10	35	160	60	135	110	None	None	testing
4	ym	f	19	green	6	(80, 0)	(40, 69)	(-39, 69)	(-80, 0)	(-40, -69)	(40, -69)	diamond	green	same	right	right	(-80, 0)	(80, 0)	search	nr	True	564068	564743	right	60	135	35	85	110	10	None	None	testing
4	ym	f	19	green	6	(80, 0)	(40, 69)	(-39, 69)	(-80, 0)	(-40, -69)	(40, -69)	diamond	none	same	right	right	N_dist	(-80, 0)	search	nr	True	565955	566807	right	135	110	35	60	85	160	None	None	testing
4	ym	f	19	green	6	(80, 0)	(40, 69)	(-39, 69)	(-80, 0)	(-40, -69)	(40, -69)	circle	none	same	right	right	N_dist	(80, 0)	search	nr	True	568042	568631	right	160	60	85	135	10	35	None	None	testing
4	ym	f	19	green	6	(80, 0)	(40, 69)	(-39, 69)	(-80, 0)	(-40, -69)	(40, -69)	circle	green	same	right	right	(-80, 0)	(-39, 69)	search	nr	True	569712	570503	right	10	85	160	60	135	35	None	None	testing
4	ym	f	19	green	6	(80, 0)	(40, 69)	(-39, 69)	(-80, 0)	(-40, -69)	(40, -69)	circle	none	same	left	left	N_dist	(80, 0)	search	nr	True	571582	572311	left	35	135	160	60	10	110	None	None	testing
4	ym	f	19	green	6	(80, 0)	(40, 69)	(-39, 69)	(-80, 0)	(-40, -69)	(40, -69)	circle	green	dif	right	right	(-80, 0)	(40, 69)	search	nr	True	573385	574327	right	160	60	35	110	10	85	None	None	testing
4	ym	f	19	green	6	(80, 0)	(40, 69)	(-39, 69)	(-80, 0)	(-40, -69)	(40, -69)	circle	green	same	right	right	(-80, 0)	(-39, 69)	search	nr	True	575388	576071	right	85	60	135	35	110	10	None	None	testing
4	ym	f	19	green	6	(80, 0)	(40, 69)	(-39, 69)	(-80, 0)	(-40, -69)	(40, -69)	circle	green	dif	right	right	(-80, 0)	(80, 0)	search	nr	True	577359	577991	right	10	85	160	135	35	60	None	None	testing
4	ym	f	19	green	6	(80, 0)	(40, 69)	(-39, 69)	(-80, 0)	(-40, -69)	(40, -69)	diamond	none	dif	left	left	N_dist	(80, 0)	search	nr	True	579229	580231	left	135	110	85	35	60	160	None	None	testing
4	ym	f	19	green	6	(80, 0)	(40, 69)	(-39, 69)	(-80, 0)	(-40, -69)	(40, -69)	diamond	green	dif	left	left	(-80, 0)	(40, 69)	search	nr	True	581400	582167	left	160	110	60	85	10	35	None	None	testing
4	ym	f	19	green	6	(80, 0)	(40, 69)	(-39, 69)	(-80, 0)	(-40, -69)	(40, -69)	circle	green	same	right	right	(-40, -69)	(-39, 69)	search	nr	True	583337	584407	right	35	85	10	135	60	160	None	None	testing
4	ym	f	19	green	6	(80, 0)	(40, 69)	(-39, 69)	(-80, 0)	(-40, -69)	(40, -69)	diamond	none	dif	right	right	N_dist	(40, 69)	search	nr	True	585591	586359	right	60	160	35	110	135	85	None	None	testing
4	ym	f	19	green	6	(80, 0)	(40, 69)	(-39, 69)	(-80, 0)	(-40, -69)	(40, -69)	diamond	green	dif	right	right	(-80, 0)	(-39, 69)	search	nr	True	587427	588055	right	110	35	135	60	10	85	None	None	testing
4	ym	f	19	green	6	(80, 0)	(40, 69)	(-39, 69)	(-80, 0)	(-40, -69)	(40, -69)	diamond	green	same	right	right	(-40, -69)	(40, 69)	search	nr	True	589215	589911	right	160	35	60	10	85	110	None	None	testing
4	ym	f	19	green	6	(80, 0)	(40, 69)	(-39, 69)	(-80, 0)	(-40, -69)	(40, -69)	circle	none	dif	right	right	N_dist	(-40, -69)	search	nr	True	591101	592071	right	160	35	135	110	85	60	None	None	testing
4	ym	f	19	green	6	(80, 0)	(40, 69)	(-39, 69)	(-80, 0)	(-40, -69)	(40, -69)	circle	none	same	left	left	N_dist	(80, 0)	search	nr	True	593372	594375	left	10	60	135	85	160	35	None	None	testing
4	ym	f	19	green	6	(80, 0)	(40, 69)	(-39, 69)	(-80, 0)	(-40, -69)	(40, -69)	diamond	green	dif	left	left	(-80, 0)	(40, -69)	probe	h_sin	None	None	None	None	85	10	160	135	110	60	(-80, 0)	13	testing
4	ym	f	19	green	6	(80, 0)	(40, 69)	(-39, 69)	(-80, 0)	(-40, -69)	(40, -69)	diamond	green	same	right	right	(-40, -69)	(80, 0)	search	nr	True	599817	600455	right	110	160	135	85	60	10	None	None	testing
4	ym	f	19	green	6	(80, 0)	(40, 69)	(-39, 69)	(-80, 0)	(-40, -69)	(40, -69)	circle	green	same	right	right	(40, -69)	(-40, -69)	search	nr	True	601603	602535	right	160	110	135	35	60	85	None	None	testing
4	ym	f	19	green	6	(80, 0)	(40, 69)	(-39, 69)	(-80, 0)	(-40, -69)	(40, -69)	diamond	green	same	right	right	(-80, 0)	(-40, -69)	search	nr	True	603674	604295	right	60	135	110	160	35	85	None	None	testing
4	ym	f	19	green	6	(80, 0)	(40, 69)	(-39, 69)	(-80, 0)	(-40, -69)	(40, -69)	diamond	green	dif	right	right	(-80, 0)	(80, 0)	search	nr	True	605411	606023	right	160	85	60	35	110	10	None	None	testing
4	ym	f	19	green	6	(80, 0)	(40, 69)	(-39, 69)	(-80, 0)	(-40, -69)	(40, -69)	circle	green	dif	left	left	(-80, 0)	(40, -69)	search	nr	True	607180	608071	left	85	160	110	60	10	35	None	None	testing
4	ym	f	19	green	6	(80, 0)	(40, 69)	(-39, 69)	(-80, 0)	(-40, -69)	(40, -69)	circle	green	dif	left	left	(-80, 0)	(-40, -69)	probe	norm	None	None	None	None	35	110	135	160	60	10	(-39, 69)	17	testing
4	ym	f	19	green	6	(80, 0)	(40, 69)	(-39, 69)	(-80, 0)	(-40, -69)	(40, -69)	circle	none	dif	right	right	N_dist	(40, 69)	probe	l_norm	None	None	None	None	10	85	60	110	160	135	(-40, -69)	23	testing
4	ym	f	19	green	6	(80, 0)	(40, 69)	(-39, 69)	(-80, 0)	(-40, -69)	(40, -69)	diamond	green	dif	left	left	(-80, 0)	(80, 0)	search	nr	True	618050	618695	left	35	135	60	10	160	85	None	None	testing
4	ym	f	19	green	6	(80, 0)	(40, 69)	(-39, 69)	(-80, 0)	(-40, -69)	(40, -69)	circle	green	dif	right	right	(-80, 0)	(40, 69)	search	nr	True	619904	620678	right	135	110	35	60	85	160	None	None	testing
4	ym	f	19	green	6	(80, 0)	(40, 69)	(-39, 69)	(-80, 0)	(-40, -69)	(40, -69)	diamond	none	same	left	left	N_dist	(40, -69)	search	nr	True	621891	622631	left	160	85	110	35	135	10	None	None	testing
4	ym	f	19	green	6	(80, 0)	(40, 69)	(-39, 69)	(-80, 0)	(-40, -69)	(40, -69)	circle	none	same	right	right	N_dist	(-80, 0)	search	nr	True	623861	624903	right	60	135	110	35	85	10	None	None	testing
4	ym	f	19	green	6	(80, 0)	(40, 69)	(-39, 69)	(-80, 0)	(-40, -69)	(40, -69)	circle	none	dif	right	right	N_dist	(80, 0)	search	nr	True	626182	626855	right	10	85	160	60	110	135	None	None	testing
4	ym	f	19	green	6	(80, 0)	(40, 69)	(-39, 69)	(-80, 0)	(-40, -69)	(40, -69)	diamond	green	dif	right	right	(-80, 0)	(-39, 69)	probe	h_sin	None	None	None	None	85	135	160	35	60	10	(-80, 0)	158	testing
4	ym	f	19	green	6	(80, 0)	(40, 69)	(-39, 69)	(-80, 0)	(-40, -69)	(40, -69)	circle	green	dif	left	left	(-80, 0)	(-39, 69)	search	nr	True	632410	633239	left	110	60	135	10	35	85	None	None	testing
4	ym	f	19	green	6	(80, 0)	(40, 69)	(-39, 69)	(-80, 0)	(-40, -69)	(40, -69)	diamond	green	same	left	left	(-80, 0)	(-40, -69)	search	nr	True	634347	635223	left	135	60	10	85	110	35	None	None	testing
4	ym	f	19	green	6	(80, 0)	(40, 69)	(-39, 69)	(-80, 0)	(-40, -69)	(40, -69)	diamond	green	dif	left	left	(-80, 0)	(40, 69)	search	nr	True	636517	637287	left	85	60	110	160	135	10	None	None	testing
4	ym	f	19	green	6	(80, 0)	(40, 69)	(-39, 69)	(-80, 0)	(-40, -69)	(40, -69)	diamond	green	dif	left	left	(40, -69)	(-40, -69)	search	nr	True	638521	639207	left	85	35	60	160	110	10	None	None	testing
4	ym	f	19	green	6	(80, 0)	(40, 69)	(-39, 69)	(-80, 0)	(-40, -69)	(40, -69)	diamond	none	dif	left	left	N_dist	(-80, 0)	search	nr	True	640275	640919	left	35	135	160	110	10	85	None	None	testing
4	ym	f	19	green	6	(80, 0)	(40, 69)	(-39, 69)	(-80, 0)	(-40, -69)	(40, -69)	diamond	green	dif	right	right	(-80, 0)	(40, -69)	search	nr	True	642011	642711	right	60	160	35	110	135	10	None	None	testing
4	ym	f	19	green	6	(80, 0)	(40, 69)	(-39, 69)	(-80, 0)	(-40, -69)	(40, -69)	diamond	none	dif	right	right	N_dist	(-39, 69)	search	nr	True	643882	644455	right	60	160	10	35	85	135	None	None	testing
4	ym	f	19	green	6	(80, 0)	(40, 69)	(-39, 69)	(-80, 0)	(-40, -69)	(40, -69)	circle	green	dif	right	right	(-80, 0)	(40, 69)	search	nr	True	645651	646423	right	85	60	10	135	160	110	None	None	testing
4	ym	f	19	green	6	(80, 0)	(40, 69)	(-39, 69)	(-80, 0)	(-40, -69)	(40, -69)	diamond	none	dif	left	left	N_dist	(80, 0)	probe	h_norm	None	None	None	None	10	135	60	160	110	85	(-80, 0)	30	testing
4	ym	f	19	green	6	(80, 0)	(40, 69)	(-39, 69)	(-80, 0)	(-40, -69)	(40, -69)	circle	green	same	right	right	(40, 69)	(-40, -69)	search	nr	True	653098	653879	right	160	10	135	85	110	35	None	None	testing
4	ym	f	19	green	6	(80, 0)	(40, 69)	(-39, 69)	(-80, 0)	(-40, -69)	(40, -69)	diamond	green	dif	left	left	(-80, 0)	(40, 69)	search	nr	True	655051	655767	left	110	35	135	60	160	10	None	None	testing
4	ym	f	19	green	6	(80, 0)	(40, 69)	(-39, 69)	(-80, 0)	(-40, -69)	(40, -69)	diamond	green	dif	right	right	(-80, 0)	(40, -69)	probe	norm	None	None	None	None	10	85	160	135	35	110	(80, 0)	144	testing
4	ym	f	19	green	6	(80, 0)	(40, 69)	(-39, 69)	(-80, 0)	(-40, -69)	(40, -69)	circle	green	same	right	right	(-80, 0)	(-40, -69)	search	nr	True	662065	662839	right	135	60	110	85	160	10	None	None	testing
4	ym	f	19	green	6	(80, 0)	(40, 69)	(-39, 69)	(-80, 0)	(-40, -69)	(40, -69)	circle	none	same	left	left	N_dist	(-80, 0)	search	nr	True	663935	664855	left	135	110	160	85	10	60	None	None	testing
4	ym	f	19	green	6	(80, 0)	(40, 69)	(-39, 69)	(-80, 0)	(-40, -69)	(40, -69)	diamond	green	same	left	left	(-80, 0)	(40, 69)	search	nr	True	665955	666567	left	160	10	35	85	60	110	None	None	testing
4	ym	f	19	green	6	(80, 0)	(40, 69)	(-39, 69)	(-80, 0)	(-40, -69)	(40, -69)	diamond	none	dif	left	left	N_dist	(-39, 69)	search	nr	True	667742	668327	left	10	85	60	135	35	110	None	None	testing
4	ym	f	19	green	6	(80, 0)	(40, 69)	(-39, 69)	(-80, 0)	(-40, -69)	(40, -69)	circle	none	same	right	right	N_dist	(-80, 0)	probe	h_tar	None	None	None	None	60	35	110	10	85	160	(-80, 0)	144	testing
4	ym	f	19	green	6	(80, 0)	(40, 69)	(-39, 69)	(-80, 0)	(-40, -69)	(40, -69)	circle	none	dif	left	left	N_dist	(40, -69)	probe	h_norm	None	None	None	None	10	135	110	85	160	60	(-80, 0)	173	testing
4	ym	f	19	green	6	(80, 0)	(40, 69)	(-39, 69)	(-80, 0)	(-40, -69)	(40, -69)	circle	none	dif	right	right	N_dist	(-40, -69)	search	nr	True	679046	679926	right	60	110	135	10	35	160	None	None	testing
4	ym	f	19	green	6	(80, 0)	(40, 69)	(-39, 69)	(-80, 0)	(-40, -69)	(40, -69)	diamond	green	same	left	left	(-80, 0)	(-39, 69)	search	nr	True	681000	681735	left	110	85	35	10	135	160	None	None	testing
4	ym	f	19	green	6	(80, 0)	(40, 69)	(-39, 69)	(-80, 0)	(-40, -69)	(40, -69)	circle	green	dif	left	left	(-80, 0)	(-39, 69)	search	nr	True	682802	683527	left	60	10	110	135	35	85	None	None	testing
4	ym	f	19	green	6	(80, 0)	(40, 69)	(-39, 69)	(-80, 0)	(-40, -69)	(40, -69)	circle	none	same	left	left	N_dist	(80, 0)	probe	l_tar	None	None	None	None	85	10	110	135	160	35	(80, 0)	0	testing
4	ym	f	19	green	6	(80, 0)	(40, 69)	(-39, 69)	(-80, 0)	(-40, -69)	(40, -69)	diamond	green	dif	left	left	(-80, 0)	(40, -69)	search	nr	True	687712	688406	left	135	10	35	85	110	160	None	None	testing
4	ym	f	19	green	6	(80, 0)	(40, 69)	(-39, 69)	(-80, 0)	(-40, -69)	(40, -69)	circle	none	same	right	right	N_dist	(-80, 0)	search	nr	True	689666	690535	right	60	10	160	85	35	110	None	None	testing
4	ym	f	19	green	6	(80, 0)	(40, 69)	(-39, 69)	(-80, 0)	(-40, -69)	(40, -69)	circle	none	same	left	left	N_dist	(40, -69)	search	nr	True	691786	692534	left	60	160	85	110	135	10	None	None	testing
4	ym	f	19	green	6	(80, 0)	(40, 69)	(-39, 69)	(-80, 0)	(-40, -69)	(40, -69)	diamond	green	same	right	right	(40, 69)	(-39, 69)	search	nr	True	693656	694550	right	35	60	110	135	10	160	None	None	testing
4	ym	f	19	green	6	(80, 0)	(40, 69)	(-39, 69)	(-80, 0)	(-40, -69)	(40, -69)	circle	green	dif	right	right	(80, 0)	(40, 69)	probe	l_sin	None	None	None	None	60	135	160	35	110	85	(80, 0)	159	testing
4	ym	f	19	green	6	(80, 0)	(40, 69)	(-39, 69)	(-80, 0)	(-40, -69)	(40, -69)	circle	none	dif	left	left	N_dist	(40, 69)	probe	h_norm	None	None	None	None	135	35	110	60	160	10	(-80, 0)	0	testing
4	ym	f	19	green	6	(80, 0)	(40, 69)	(-39, 69)	(-80, 0)	(-40, -69)	(40, -69)	diamond	none	same	right	right	N_dist	(-39, 69)	search	nr	True	702489	703110	right	10	35	135	60	160	110	None	None	testing
4	ym	f	19	green	6	(80, 0)	(40, 69)	(-39, 69)	(-80, 0)	(-40, -69)	(40, -69)	circle	green	same	right	right	(40, -69)	(-40, -69)	search	nr	True	704276	705335	right	35	85	110	160	10	60	None	None	testing
4	ym	f	19	green	6	(80, 0)	(40, 69)	(-39, 69)	(-80, 0)	(-40, -69)	(40, -69)	circle	none	same	right	right	N_dist	(40, -69)	search	nr	True	706596	707399	right	60	10	35	160	135	85	None	None	testing
4	ym	f	19	green	6	(80, 0)	(40, 69)	(-39, 69)	(-80, 0)	(-40, -69)	(40, -69)	diamond	green	dif	left	left	(-80, 0)	(40, 69)	probe	h_sin	None	None	None	None	60	110	35	10	135	85	(-80, 0)	137	testing
4	ym	f	19	green	6	(80, 0)	(40, 69)	(-39, 69)	(-80, 0)	(-40, -69)	(40, -69)	diamond	green	same	left	left	(-80, 0)	(-39, 69)	probe	h_sin	None	None	None	None	135	110	10	60	160	85	(-80, 0)	167	testing
4	ym	f	19	green	6	(80, 0)	(40, 69)	(-39, 69)	(-80, 0)	(-40, -69)	(40, -69)	diamond	green	dif	left	left	(-80, 0)	(80, 0)	probe	norm	None	None	None	None	135	160	85	60	110	35	(-39, 69)	14	testing
4	ym	f	19	green	6	(80, 0)	(40, 69)	(-39, 69)	(-80, 0)	(-40, -69)	(40, -69)	circle	green	same	right	right	(-80, 0)	(-40, -69)	search	nr	True	724496	725319	right	160	10	110	60	85	35	None	None	testing
4	ym	f	19	green	6	(80, 0)	(40, 69)	(-39, 69)	(-80, 0)	(-40, -69)	(40, -69)	diamond	green	dif	left	left	(-80, 0)	(40, 69)	search	nr	True	726600	727831	left	35	160	85	135	110	10	None	None	testing
4	ym	f	19	green	6	(80, 0)	(40, 69)	(-39, 69)	(-80, 0)	(-40, -69)	(40, -69)	circle	none	dif	left	left	N_dist	(40, -69)	search	nr	True	729138	730007	left	10	110	85	60	35	160	None	None	testing
4	ym	f	19	green	6	(80, 0)	(40, 69)	(-39, 69)	(-80, 0)	(-40, -69)	(40, -69)	diamond	green	same	left	left	(-80, 0)	(40, -69)	probe	tar	None	None	None	None	60	10	160	110	85	135	(40, -69)	22	testing
4	ym	f	19	green	6	(80, 0)	(40, 69)	(-39, 69)	(-80, 0)	(-40, -69)	(40, -69)	diamond	none	same	left	left	N_dist	(40, -69)	search	nr	True	735032	735895	left	85	160	135	60	110	35	None	None	testing
4	ym	f	19	green	6	(80, 0)	(40, 69)	(-39, 69)	(-80, 0)	(-40, -69)	(40, -69)	circle	green	same	left	left	(-39, 69)	(-40, -69)	probe	l_sin	None	None	None	None	160	135	60	110	85	10	(-39, 69)	165	testing
4	ym	f	19	green	6	(80, 0)	(40, 69)	(-39, 69)	(-80, 0)	(-40, -69)	(40, -69)	circle	green	same	right	right	(-80, 0)	(-40, -69)	probe	h_sin	None	None	None	None	135	35	160	10	60	85	(-80, 0)	146	testing
4	ym	f	19	green	6	(80, 0)	(40, 69)	(-39, 69)	(-80, 0)	(-40, -69)	(40, -69)	diamond	green	same	left	left	(-80, 0)	(-40, -69)	probe	tar	None	None	None	None	60	110	85	35	160	10	(-40, -69)	32	testing
4	ym	f	19	green	6	(80, 0)	(40, 69)	(-39, 69)	(-80, 0)	(-40, -69)	(40, -69)	diamond	none	same	right	right	N_dist	(-39, 69)	search	nr	True	753933	754583	right	10	60	110	135	160	85	None	None	testing
4	ym	f	19	green	6	(80, 0)	(40, 69)	(-39, 69)	(-80, 0)	(-40, -69)	(40, -69)	diamond	none	same	left	left	N_dist	(-39, 69)	search	nr	True	755820	756487	left	35	60	85	10	135	110	None	None	testing
4	ym	f	19	green	6	(80, 0)	(40, 69)	(-39, 69)	(-80, 0)	(-40, -69)	(40, -69)	circle	none	same	right	right	N_dist	(-80, 0)	search	nr	True	757607	758503	right	110	10	135	35	85	60	None	None	testing
4	ym	f	19	green	6	(80, 0)	(40, 69)	(-39, 69)	(-80, 0)	(-40, -69)	(40, -69)	circle	none	dif	left	left	N_dist	(-40, -69)	probe	l_norm	None	None	None	None	85	35	10	135	110	60	(-39, 69)	139	testing
4	ym	f	19	green	6	(80, 0)	(40, 69)	(-39, 69)	(-80, 0)	(-40, -69)	(40, -69)	circle	green	same	left	left	(-39, 69)	(-40, -69)	search	nr	True	765004	765783	left	10	160	60	85	110	35	None	None	testing
4	ym	f	19	green	6	(80, 0)	(40, 69)	(-39, 69)	(-80, 0)	(-40, -69)	(40, -69)	circle	none	dif	right	right	N_dist	(80, 0)	probe	h_norm	None	None	None	None	85	10	35	60	110	160	(-80, 0)	163	testing
4	ym	f	19	green	6	(80, 0)	(40, 69)	(-39, 69)	(-80, 0)	(-40, -69)	(40, -69)	circle	green	dif	left	left	(-80, 0)	(40, 69)	search	nr	True	770798	771527	left	60	35	160	135	110	10	None	None	testing
4	ym	f	19	green	6	(80, 0)	(40, 69)	(-39, 69)	(-80, 0)	(-40, -69)	(40, -69)	diamond	none	same	left	left	N_dist	(80, 0)	probe	l_norm	None	None	None	None	135	10	85	60	160	35	(-39, 69)	9	testing
4	ym	f	19	green	6	(80, 0)	(40, 69)	(-39, 69)	(-80, 0)	(-40, -69)	(40, -69)	circle	green	dif	left	left	(-80, 0)	(80, 0)	search	nr	True	776558	777255	left	35	10	135	60	110	85	None	None	testing
4	ym	f	19	green	6	(80, 0)	(40, 69)	(-39, 69)	(-80, 0)	(-40, -69)	(40, -69)	circle	green	dif	right	right	(-80, 0)	(80, 0)	search	nr	True	778379	779094	right	160	135	110	10	60	35	None	None	testing
4	ym	f	19	green	6	(80, 0)	(40, 69)	(-39, 69)	(-80, 0)	(-40, -69)	(40, -69)	diamond	none	dif	right	right	N_dist	(40, 69)	search	nr	True	780216	781079	right	35	10	160	135	85	60	None	None	testing
4	ym	f	19	green	6	(80, 0)	(40, 69)	(-39, 69)	(-80, 0)	(-40, -69)	(40, -69)	diamond	green	same	right	right	(-40, -69)	(80, 0)	probe	l_sin	None	None	None	None	85	10	160	110	35	135	(-40, -69)	154	testing
4	ym	f	19	green	6	(80, 0)	(40, 69)	(-39, 69)	(-80, 0)	(-40, -69)	(40, -69)	circle	none	same	left	left	N_dist	(40, 69)	search	nr	True	786927	787686	left	35	110	135	160	10	85	None	None	testing
4	ym	f	19	green	6	(80, 0)	(40, 69)	(-39, 69)	(-80, 0)	(-40, -69)	(40, -69)	diamond	none	same	left	left	N_dist	(80, 0)	search	nr	True	788814	789430	left	10	35	160	135	60	85	None	None	testing
4	ym	f	19	green	6	(80, 0)	(40, 69)	(-39, 69)	(-80, 0)	(-40, -69)	(40, -69)	diamond	green	dif	left	left	(-80, 0)	(40, 69)	search	nr	True	790618	791287	left	60	160	135	110	85	35	None	None	testing
4	ym	f	19	green	6	(80, 0)	(40, 69)	(-39, 69)	(-80, 0)	(-40, -69)	(40, -69)	circle	green	same	right	right	(40, -69)	(-40, -69)	probe	l_sin	None	None	None	None	110	10	60	35	135	85	(40, -69)	163	testing
4	ym	f	19	green	6	(80, 0)	(40, 69)	(-39, 69)	(-80, 0)	(-40, -69)	(40, -69)	diamond	none	same	right	right	N_dist	(-40, -69)	search	nr	True	796328	797031	right	60	85	160	135	10	110	None	None	testing
4	ym	f	19	green	6	(80, 0)	(40, 69)	(-39, 69)	(-80, 0)	(-40, -69)	(40, -69)	diamond	none	dif	right	right	N_dist	(-80, 0)	search	nr	True	798115	798711	right	135	10	60	35	85	110	None	None	testing
4	ym	f	19	green	6	(80, 0)	(40, 69)	(-39, 69)	(-80, 0)	(-40, -69)	(40, -69)	circle	green	same	left	left	(-40, -69)	(40, -69)	search	nr	True	799884	800806	left	85	60	35	160	135	10	None	None	testing
4	ym	f	19	green	6	(80, 0)	(40, 69)	(-39, 69)	(-80, 0)	(-40, -69)	(40, -69)	circle	green	same	right	right	(-40, -69)	(-39, 69)	search	nr	True	802105	802823	right	135	60	85	160	110	35	None	None	testing
4	ym	f	19	green	6	(80, 0)	(40, 69)	(-39, 69)	(-80, 0)	(-40, -69)	(40, -69)	circle	none	dif	right	right	N_dist	(-40, -69)	probe	l_norm	None	None	None	None	160	35	10	110	60	85	(80, 0)	30	testing
4	ym	f	19	green	6	(80, 0)	(40, 69)	(-39, 69)	(-80, 0)	(-40, -69)	(40, -69)	diamond	green	dif	left	left	(-80, 0)	(40, 69)	search	nr	True	808284	808886	left	35	160	110	85	60	135	None	None	testing
4	ym	f	19	green	6	(80, 0)	(40, 69)	(-39, 69)	(-80, 0)	(-40, -69)	(40, -69)	circle	none	dif	left	left	N_dist	(-40, -69)	search	nr	True	809954	810631	left	60	135	85	110	10	35	None	None	testing
4	ym	f	19	green	6	(80, 0)	(40, 69)	(-39, 69)	(-80, 0)	(-40, -69)	(40, -69)	circle	none	same	left	left	N_dist	(-80, 0)	search	nr	True	811841	812439	left	10	85	160	35	110	60	None	None	testing
4	ym	f	19	green	6	(80, 0)	(40, 69)	(-39, 69)	(-80, 0)	(-40, -69)	(40, -69)	diamond	green	same	right	right	(-80, 0)	(80, 0)	search	nr	True	813526	814199	right	35	60	160	110	85	135	None	None	testing
4	ym	f	19	green	6	(80, 0)	(40, 69)	(-39, 69)	(-80, 0)	(-40, -69)	(40, -69)	diamond	green	same	right	right	(-80, 0)	(80, 0)	search	nr	True	815330	815926	right	60	110	10	160	35	85	None	None	testing
4	ym	f	19	green	6	(80, 0)	(40, 69)	(-39, 69)	(-80, 0)	(-40, -69)	(40, -69)	diamond	green	dif	right	right	(-80, 0)	(80, 0)	probe	h_sin	None	None	None	None	60	10	135	110	85	160	(-80, 0)	5	testing
4	ym	f	19	green	6	(80, 0)	(40, 69)	(-39, 69)	(-80, 0)	(-40, -69)	(40, -69)	circle	green	dif	left	left	(-80, 0)	(-39, 69)	search	nr	True	821208	822023	left	160	10	110	85	60	135	None	None	testing
4	ym	f	19	green	6	(80, 0)	(40, 69)	(-39, 69)	(-80, 0)	(-40, -69)	(40, -69)	diamond	green	same	right	right	(-80, 0)	(80, 0)	search	nr	True	823261	823895	right	35	10	60	160	85	110	None	None	testing
4	ym	f	19	green	6	(80, 0)	(40, 69)	(-39, 69)	(-80, 0)	(-40, -69)	(40, -69)	circle	green	same	left	left	(-80, 0)	(40, 69)	probe	tar	None	None	None	None	10	60	85	35	135	110	(40, 69)	156	testing
4	ym	f	19	green	6	(80, 0)	(40, 69)	(-39, 69)	(-80, 0)	(-40, -69)	(40, -69)	diamond	green	same	left	left	(-80, 0)	(-39, 69)	search	nr	True	829239	829863	left	160	135	85	60	110	35	None	None	testing
4	ym	f	19	green	6	(80, 0)	(40, 69)	(-39, 69)	(-80, 0)	(-40, -69)	(40, -69)	diamond	green	same	right	right	(-80, 0)	(-40, -69)	search	nr	True	831025	831735	right	60	35	135	85	110	160	None	None	testing
4	ym	f	19	green	6	(80, 0)	(40, 69)	(-39, 69)	(-80, 0)	(-40, -69)	(40, -69)	diamond	green	dif	left	left	(40, -69)	(-40, -69)	search	nr	True	832946	833591	left	35	85	160	60	110	10	None	None	testing
4	ym	f	19	green	6	(80, 0)	(40, 69)	(-39, 69)	(-80, 0)	(-40, -69)	(40, -69)	diamond	none	same	right	right	N_dist	(-80, 0)	search	nr	True	834799	835510	right	10	135	35	60	85	110	None	None	testing
4	ym	f	19	green	6	(80, 0)	(40, 69)	(-39, 69)	(-80, 0)	(-40, -69)	(40, -69)	diamond	green	same	right	right	(80, 0)	(40, -69)	search	nr	True	836753	837686	right	60	110	160	85	10	135	None	None	testing
4	ym	f	19	green	6	(80, 0)	(40, 69)	(-39, 69)	(-80, 0)	(-40, -69)	(40, -69)	diamond	green	same	left	left	(-80, 0)	(40, 69)	search	nr	True	838940	839638	left	10	110	160	60	35	135	None	None	testing
4	ym	f	19	green	6	(80, 0)	(40, 69)	(-39, 69)	(-80, 0)	(-40, -69)	(40, -69)	diamond	green	dif	left	left	(-80, 0)	(40, 69)	search	nr	True	840910	841623	left	110	60	160	85	135	10	None	None	testing
4	ym	f	19	green	6	(80, 0)	(40, 69)	(-39, 69)	(-80, 0)	(-40, -69)	(40, -69)	diamond	none	same	left	left	N_dist	(80, 0)	search	nr	True	842730	843479	left	85	60	110	160	135	10	None	None	testing
4	ym	f	19	green	6	(80, 0)	(40, 69)	(-39, 69)	(-80, 0)	(-40, -69)	(40, -69)	diamond	none	same	right	right	N_dist	(80, 0)	search	nr	True	844684	845302	right	160	135	110	10	60	85	None	None	testing
4	ym	f	19	green	6	(80, 0)	(40, 69)	(-39, 69)	(-80, 0)	(-40, -69)	(40, -69)	circle	none	same	left	left	N_dist	(40, 69)	probe	h_norm	None	None	None	None	135	60	85	10	160	35	(-80, 0)	146	testing
4	ym	f	19	green	6	(80, 0)	(40, 69)	(-39, 69)	(-80, 0)	(-40, -69)	(40, -69)	circle	green	same	left	left	(80, 0)	(-39, 69)	search	nr	True	851881	852710	left	60	135	10	110	35	85	None	None	testing
4	ym	f	19	green	6	(80, 0)	(40, 69)	(-39, 69)	(-80, 0)	(-40, -69)	(40, -69)	circle	green	same	left	left	(40, 69)	(-39, 69)	search	nr	True	853800	854407	left	60	135	85	35	160	110	None	None	testing
4	ym	f	19	green	6	(80, 0)	(40, 69)	(-39, 69)	(-80, 0)	(-40, -69)	(40, -69)	circle	green	same	left	left	(80, 0)	(40, -69)	search	nr	True	855687	856615	left	35	135	60	10	110	160	None	None	testing
4	ym	f	19	green	6	(80, 0)	(40, 69)	(-39, 69)	(-80, 0)	(-40, -69)	(40, -69)	circle	none	same	left	left	N_dist	(40, -69)	probe	l_tar	None	None	None	None	60	85	110	160	35	135	(40, -69)	19	testing
4	ym	f	19	green	6	(80, 0)	(40, 69)	(-39, 69)	(-80, 0)	(-40, -69)	(40, -69)	circle	green	same	right	right	(-80, 0)	(-39, 69)	search	nr	True	861916	862614	right	85	35	160	60	110	135	None	None	testing
4	ym	f	19	green	6	(80, 0)	(40, 69)	(-39, 69)	(-80, 0)	(-40, -69)	(40, -69)	diamond	green	same	right	right	(-40, -69)	(40, 69)	probe	l_sin	None	None	None	None	10	85	35	160	110	135	(-40, -69)	5	testing
4	ym	f	19	green	6	(80, 0)	(40, 69)	(-39, 69)	(-80, 0)	(-40, -69)	(40, -69)	diamond	green	dif	left	left	(-80, 0)	(40, 69)	probe	tar	None	None	None	None	160	35	135	110	10	85	(40, 69)	152	testing
4	ym	f	19	green	6	(80, 0)	(40, 69)	(-39, 69)	(-80, 0)	(-40, -69)	(40, -69)	diamond	green	dif	left	left	(-80, 0)	(40, 69)	probe	tar	None	None	None	None	60	85	135	110	160	10	(40, 69)	164	testing
4	ym	f	19	green	6	(80, 0)	(40, 69)	(-39, 69)	(-80, 0)	(-40, -69)	(40, -69)	circle	green	dif	right	right	(-40, -69)	(40, 69)	search	nr	True	876626	877991	right	35	135	85	10	160	110	None	None	testing
4	ym	f	19	green	6	(80, 0)	(40, 69)	(-39, 69)	(-80, 0)	(-40, -69)	(40, -69)	circle	none	same	right	right	N_dist	(-40, -69)	search	nr	True	879180	879815	right	35	110	135	60	10	85	None	None	testing
4	ym	f	19	green	6	(80, 0)	(40, 69)	(-39, 69)	(-80, 0)	(-40, -69)	(40, -69)	diamond	none	same	left	left	N_dist	(40, 69)	search	nr	True	881017	881638	left	85	35	60	135	110	160	None	None	testing
4	ym	f	19	green	6	(80, 0)	(40, 69)	(-39, 69)	(-80, 0)	(-40, -69)	(40, -69)	diamond	green	dif	left	left	(40, -69)	(-40, -69)	probe	l_sin	None	None	None	None	160	35	10	85	135	110	(40, -69)	7	testing
4	ym	f	19	green	6	(80, 0)	(40, 69)	(-39, 69)	(-80, 0)	(-40, -69)	(40, -69)	circle	green	same	left	left	(80, 0)	(-39, 69)	search	nr	True	887279	888215	left	135	35	85	60	160	110	None	None	testing
4	ym	f	19	green	6	(80, 0)	(40, 69)	(-39, 69)	(-80, 0)	(-40, -69)	(40, -69)	diamond	green	same	right	right	(-80, 0)	(80, 0)	search	nr	True	889316	890086	right	10	85	35	60	135	110	None	None	testing
4	ym	f	19	green	6	(80, 0)	(40, 69)	(-39, 69)	(-80, 0)	(-40, -69)	(40, -69)	diamond	none	dif	right	right	N_dist	(-39, 69)	probe	l_norm	None	None	None	None	10	35	135	60	110	85	(40, -69)	171	testing
4	ym	f	19	green	6	(80, 0)	(40, 69)	(-39, 69)	(-80, 0)	(-40, -69)	(40, -69)	circle	green	same	right	right	(-40, -69)	(-39, 69)	probe	l_sin	None	None	None	None	160	135	35	85	110	60	(-40, -69)	9	testing
4	ym	f	19	green	6	(80, 0)	(40, 69)	(-39, 69)	(-80, 0)	(-40, -69)	(40, -69)	circle	green	dif	left	left	(-39, 69)	(40, -69)	search	nr	True	899184	899991	left	85	10	135	35	160	110	None	None	testing
4	ym	f	19	green	6	(80, 0)	(40, 69)	(-39, 69)	(-80, 0)	(-40, -69)	(40, -69)	circle	green	dif	right	right	(-39, 69)	(40, -69)	probe	tar	None	None	None	None	110	60	85	160	10	35	(40, -69)	151	testing
4	ym	f	19	green	6	(80, 0)	(40, 69)	(-39, 69)	(-80, 0)	(-40, -69)	(40, -69)	diamond	none	dif	left	left	N_dist	(-40, -69)	search	nr	True	905212	905879	left	35	60	10	85	110	135	None	None	testing
4	ym	f	19	green	6	(80, 0)	(40, 69)	(-39, 69)	(-80, 0)	(-40, -69)	(40, -69)	circle	none	same	left	left	N_dist	(-80, 0)	probe	h_tar	None	None	None	None	160	35	85	10	110	135	(-80, 0)	148	testing
4	ym	f	19	green	6	(80, 0)	(40, 69)	(-39, 69)	(-80, 0)	(-40, -69)	(40, -69)	circle	green	dif	right	right	(-80, 0)	(80, 0)	search	nr	True	912725	913447	right	135	10	35	160	85	110	None	None	testing
4	ym	f	19	green	6	(80, 0)	(40, 69)	(-39, 69)	(-80, 0)	(-40, -69)	(40, -69)	diamond	green	same	right	right	(-40, -69)	(40, 69)	search	nr	True	914713	915510	right	60	135	10	85	35	110	None	None	testing
4	ym	f	19	green	6	(80, 0)	(40, 69)	(-39, 69)	(-80, 0)	(-40, -69)	(40, -69)	diamond	none	same	left	left	N_dist	(-40, -69)	probe	l_norm	None	None	None	None	10	135	110	60	85	160	(40, -69)	29	testing
4	ym	f	19	green	6	(80, 0)	(40, 69)	(-39, 69)	(-80, 0)	(-40, -69)	(40, -69)	diamond	green	same	left	left	(-39, 69)	(40, -69)	probe	norm	None	None	None	None	110	85	60	135	160	35	(-80, 0)	9	testing
4	ym	f	19	green	6	(80, 0)	(40, 69)	(-39, 69)	(-80, 0)	(-40, -69)	(40, -69)	circle	green	dif	right	right	(-80, 0)	(80, 0)	probe	tar	None	None	None	None	10	60	85	135	160	35	(80, 0)	137	testing
4	ym	f	19	green	6	(80, 0)	(40, 69)	(-39, 69)	(-80, 0)	(-40, -69)	(40, -69)	circle	green	same	left	left	(-80, 0)	(40, 69)	search	nr	True	931627	932518	left	85	35	10	135	160	110	None	None	testing
4	ym	f	19	green	6	(80, 0)	(40, 69)	(-39, 69)	(-80, 0)	(-40, -69)	(40, -69)	diamond	green	same	left	left	(40, -69)	(-40, -69)	search	nr	True	933597	934311	left	60	10	85	110	135	35	None	None	testing
4	ym	f	19	green	6	(80, 0)	(40, 69)	(-39, 69)	(-80, 0)	(-40, -69)	(40, -69)	diamond	green	dif	right	right	(-80, 0)	(-40, -69)	search	nr	True	935484	936199	right	35	160	85	135	10	110	None	None	testing
4	ym	f	19	green	6	(80, 0)	(40, 69)	(-39, 69)	(-80, 0)	(-40, -69)	(40, -69)	circle	green	same	left	left	(40, -69)	(-39, 69)	search	nr	True	937404	938230	left	10	160	110	35	60	135	None	None	testing
4	ym	f	19	green	6	(80, 0)	(40, 69)	(-39, 69)	(-80, 0)	(-40, -69)	(40, -69)	circle	none	dif	right	right	N_dist	(80, 0)	search	nr	True	939391	940199	right	135	85	110	35	160	10	None	None	testing
4	ym	f	19	green	6	(80, 0)	(40, 69)	(-39, 69)	(-80, 0)	(-40, -69)	(40, -69)	diamond	green	same	right	right	(40, 69)	(-39, 69)	search	nr	True	941311	942022	right	160	60	135	35	110	10	None	None	testing
4	ym	f	19	green	6	(80, 0)	(40, 69)	(-39, 69)	(-80, 0)	(-40, -69)	(40, -69)	circle	none	dif	left	left	N_dist	(40, 69)	search	nr	True	943115	943846	left	35	135	60	110	160	85	None	None	testing
4	ym	f	19	green	6	(80, 0)	(40, 69)	(-39, 69)	(-80, 0)	(-40, -69)	(40, -69)	diamond	none	dif	right	right	N_dist	(-39, 69)	search	nr	True	944918	945558	right	135	10	35	85	160	60	None	None	testing
4	ym	f	19	green	6	(80, 0)	(40, 69)	(-39, 69)	(-80, 0)	(-40, -69)	(40, -69)	circle	none	dif	left	left	N_dist	(-40, -69)	search	nr	True	946755	947415	right	85	135	35	10	60	160	None	None	testing
4	ym	f	19	green	6	(80, 0)	(40, 69)	(-39, 69)	(-80, 0)	(-40, -69)	(40, -69)	diamond	green	dif	right	right	(-80, 0)	(-39, 69)	search	nr	True	950177	950934	right	135	35	110	10	160	85	None	None	testing
4	ym	f	19	green	6	(80, 0)	(40, 69)	(-39, 69)	(-80, 0)	(-40, -69)	(40, -69)	circle	green	same	left	left	(-80, 0)	(40, 69)	probe	h_sin	None	None	None	None	135	160	35	10	85	60	(-80, 0)	139	testing
4	ym	f	19	green	6	(80, 0)	(40, 69)	(-39, 69)	(-80, 0)	(-40, -69)	(40, -69)	circle	green	dif	right	right	(80, 0)	(40, 69)	search	nr	True	959562	960230	right	85	135	10	160	35	110	None	None	testing
4	ym	f	19	green	6	(80, 0)	(40, 69)	(-39, 69)	(-80, 0)	(-40, -69)	(40, -69)	diamond	green	same	right	right	(-80, 0)	(80, 0)	search	nr	True	961415	962054	right	135	60	160	10	110	85	None	None	testing
4	ym	f	19	green	6	(80, 0)	(40, 69)	(-39, 69)	(-80, 0)	(-40, -69)	(40, -69)	diamond	none	dif	left	left	N_dist	(-39, 69)	search	nr	True	963152	963862	left	160	60	135	35	85	10	None	None	testing
4	ym	f	19	green	6	(80, 0)	(40, 69)	(-39, 69)	(-80, 0)	(-40, -69)	(40, -69)	circle	green	dif	right	right	(40, 69)	(-40, -69)	search	nr	True	965105	965831	right	60	110	160	85	135	10	None	None	testing
4	ym	f	19	green	6	(80, 0)	(40, 69)	(-39, 69)	(-80, 0)	(-40, -69)	(40, -69)	diamond	green	same	right	right	(-80, 0)	(40, -69)	probe	tar	None	None	None	None	10	110	60	135	160	85	(40, -69)	10	testing
4	ym	f	19	green	6	(80, 0)	(40, 69)	(-39, 69)	(-80, 0)	(-40, -69)	(40, -69)	diamond	none	same	right	right	N_dist	(80, 0)	probe	h_norm	None	None	None	None	60	135	160	10	35	85	(-80, 0)	149	testing
4	ym	f	19	green	6	(80, 0)	(40, 69)	(-39, 69)	(-80, 0)	(-40, -69)	(40, -69)	circle	none	dif	left	left	N_dist	(40, -69)	probe	l_tar	None	None	None	None	35	160	60	135	85	110	(40, -69)	5	testing
4	ym	f	19	green	6	(80, 0)	(40, 69)	(-39, 69)	(-80, 0)	(-40, -69)	(40, -69)	circle	green	same	left	left	(-80, 0)	(40, 69)	search	nr	True	979465	980279	left	10	35	160	135	60	110	None	None	testing
4	ym	f	19	green	6	(80, 0)	(40, 69)	(-39, 69)	(-80, 0)	(-40, -69)	(40, -69)	diamond	green	dif	right	right	(-80, 0)	(-39, 69)	probe	norm	None	None	None	None	135	10	110	60	160	85	(80, 0)	17	testing
4	ym	f	19	green	6	(80, 0)	(40, 69)	(-39, 69)	(-80, 0)	(-40, -69)	(40, -69)	circle	green	same	left	left	(-40, -69)	(-39, 69)	search	nr	True	985293	986182	left	10	60	160	110	85	35	None	None	testing
4	ym	f	19	green	6	(80, 0)	(40, 69)	(-39, 69)	(-80, 0)	(-40, -69)	(40, -69)	circle	green	same	left	left	(-40, -69)	(-39, 69)	probe	norm	None	None	None	None	135	160	60	110	85	35	(40, 69)	24	testing
4	ym	f	19	green	6	(80, 0)	(40, 69)	(-39, 69)	(-80, 0)	(-40, -69)	(40, -69)	diamond	green	dif	right	right	(40, -69)	(-39, 69)	probe	tar	None	None	None	None	85	135	160	60	10	110	(-39, 69)	26	testing
4	ym	f	19	green	6	(80, 0)	(40, 69)	(-39, 69)	(-80, 0)	(-40, -69)	(40, -69)	circle	none	same	right	right	N_dist	(-40, -69)	probe	l_norm	None	None	None	None	160	135	110	60	10	35	(40, 69)	20	testing
4	ym	f	19	green	6	(80, 0)	(40, 69)	(-39, 69)	(-80, 0)	(-40, -69)	(40, -69)	diamond	green	same	right	right	(80, 0)	(40, -69)	search	nr	True	1003609	1004518	right	110	85	160	135	10	60	None	None	testing
