subj	name	gender	age	dist	run	tar_locs1	tar_locs2	tar_locs3	tar_locs4	tar_locs5	tar_locs6	shape	dist	td_dif	detection	resp_key	dis_loc	tar_loc	task_type	probe_cond	gotKey	startTime	respTime	resp	o1	o2	o3	o4	o5	o6	pro_loc	ori_resp	mode
4	ym	f	19	green	3	(80, 0)	(40, 69)	(-39, 69)	(-80, 0)	(-40, -69)	(40, -69)	circle	green	same	right	right	(-80, 0)	(40, 69)	search	nr	True	174226	175252	right	160	10	85	35	60	110	None	None	testing
4	ym	f	19	green	3	(80, 0)	(40, 69)	(-39, 69)	(-80, 0)	(-40, -69)	(40, -69)	diamond	green	dif	left	left	(-39, 69)	(40, -69)	search	nr	True	176364	177252	left	35	110	60	10	135	160	None	None	testing
4	ym	f	19	green	3	(80, 0)	(40, 69)	(-39, 69)	(-80, 0)	(-40, -69)	(40, -69)	circle	green	dif	left	left	(-80, 0)	(-39, 69)	search	nr	True	178401	179044	left	35	60	110	160	135	10	None	None	testing
4	ym	f	19	green	3	(80, 0)	(40, 69)	(-39, 69)	(-80, 0)	(-40, -69)	(40, -69)	diamond	green	same	left	left	(-80, 0)	(-40, -69)	search	nr	True	180204	180996	left	160	10	35	60	85	135	None	None	testing
4	ym	f	19	green	3	(80, 0)	(40, 69)	(-39, 69)	(-80, 0)	(-40, -69)	(40, -69)	circle	green	dif	left	left	(40, 69)	(40, -69)	probe	tar	None	None	None	None	160	10	35	135	110	60	(40, -69)	164	testing
4	ym	f	19	green	3	(80, 0)	(40, 69)	(-39, 69)	(-80, 0)	(-40, -69)	(40, -69)	diamond	green	dif	left	left	(-39, 69)	(40, 69)	search	nr	True	186733	187635	left	60	35	160	85	10	135	None	None	testing
4	ym	f	19	green	3	(80, 0)	(40, 69)	(-39, 69)	(-80, 0)	(-40, -69)	(40, -69)	circle	none	same	right	right	N_dist	(-39, 69)	search	nr	True	188903	189715	right	60	35	10	160	85	135	None	None	testing
4	ym	f	19	green	3	(80, 0)	(40, 69)	(-39, 69)	(-80, 0)	(-40, -69)	(40, -69)	diamond	green	same	right	right	(-80, 0)	(80, 0)	search	nr	True	190773	191540	right	160	110	35	135	85	60	None	None	testing
4	ym	f	19	green	3	(80, 0)	(40, 69)	(-39, 69)	(-80, 0)	(-40, -69)	(40, -69)	diamond	green	same	left	left	(40, 69)	(40, -69)	probe	norm	None	None	None	None	110	135	35	60	160	85	(-39, 69)	160	testing
4	ym	f	19	green	3	(80, 0)	(40, 69)	(-39, 69)	(-80, 0)	(-40, -69)	(40, -69)	diamond	green	dif	left	left	(-39, 69)	(40, 69)	search	nr	True	197319	197971	left	85	160	110	135	35	60	None	None	testing
4	ym	f	19	green	3	(80, 0)	(40, 69)	(-39, 69)	(-80, 0)	(-40, -69)	(40, -69)	diamond	none	dif	left	left	N_dist	(80, 0)	search	nr	True	199189	199828	left	110	35	60	135	85	10	None	None	testing
4	ym	f	19	green	3	(80, 0)	(40, 69)	(-39, 69)	(-80, 0)	(-40, -69)	(40, -69)	circle	green	dif	right	right	(-80, 0)	(40, 69)	search	nr	True	200925	201780	right	85	110	10	135	35	60	None	None	testing
4	ym	f	19	green	3	(80, 0)	(40, 69)	(-39, 69)	(-80, 0)	(-40, -69)	(40, -69)	diamond	green	same	left	left	(-40, -69)	(40, -69)	search	nr	True	203012	203780	left	85	10	135	110	60	160	None	None	testing
4	ym	f	19	green	3	(80, 0)	(40, 69)	(-39, 69)	(-80, 0)	(-40, -69)	(40, -69)	diamond	green	dif	left	left	(-80, 0)	(80, 0)	search	nr	True	205000	205620	left	135	85	110	10	60	35	None	None	testing
4	ym	f	19	green	3	(80, 0)	(40, 69)	(-39, 69)	(-80, 0)	(-40, -69)	(40, -69)	diamond	green	same	right	right	(-80, 0)	(80, 0)	search	nr	True	206803	207540	right	135	85	110	60	10	35	None	None	testing
4	ym	f	19	green	3	(80, 0)	(40, 69)	(-39, 69)	(-80, 0)	(-40, -69)	(40, -69)	circle	none	same	right	right	N_dist	(40, -69)	probe	l_norm	None	None	None	None	60	135	35	110	10	160	(-40, -69)	150	testing
4	ym	f	19	green	3	(80, 0)	(40, 69)	(-39, 69)	(-80, 0)	(-40, -69)	(40, -69)	circle	green	dif	right	right	(40, 69)	(80, 0)	search	nr	True	214367	215284	right	110	10	135	85	160	35	None	None	testing
4	ym	f	19	green	3	(80, 0)	(40, 69)	(-39, 69)	(-80, 0)	(-40, -69)	(40, -69)	diamond	green	dif	right	right	(-80, 0)	(80, 0)	probe	tar	None	None	None	None	110	160	85	35	10	135	(80, 0)	28	testing
4	ym	f	19	green	3	(80, 0)	(40, 69)	(-39, 69)	(-80, 0)	(-40, -69)	(40, -69)	diamond	green	same	left	left	(40, -69)	(80, 0)	search	nr	True	220128	220755	left	135	85	110	35	10	160	None	None	testing
4	ym	f	19	green	3	(80, 0)	(40, 69)	(-39, 69)	(-80, 0)	(-40, -69)	(40, -69)	circle	none	dif	right	right	N_dist	(40, 69)	search	nr	True	221897	222851	right	60	110	10	160	35	135	None	None	testing
4	ym	f	19	green	3	(80, 0)	(40, 69)	(-39, 69)	(-80, 0)	(-40, -69)	(40, -69)	diamond	green	same	right	right	(-80, 0)	(40, 69)	probe	h_sin	None	None	None	None	110	35	135	10	160	60	(-80, 0)	157	testing
4	ym	f	19	green	3	(80, 0)	(40, 69)	(-39, 69)	(-80, 0)	(-40, -69)	(40, -69)	circle	green	same	right	right	(-80, 0)	(40, 69)	search	nr	True	229462	230131	right	60	160	10	85	110	135	None	None	testing
4	ym	f	19	green	3	(80, 0)	(40, 69)	(-39, 69)	(-80, 0)	(-40, -69)	(40, -69)	diamond	green	same	right	right	(-80, 0)	(-39, 69)	search	nr	True	231381	232068	right	160	110	135	10	35	85	None	None	testing
4	ym	f	19	green	3	(80, 0)	(40, 69)	(-39, 69)	(-80, 0)	(-40, -69)	(40, -69)	circle	green	same	left	left	(-39, 69)	(40, 69)	search	nr	True	233369	234532	left	10	85	160	35	135	110	None	None	testing
4	ym	f	19	green	3	(80, 0)	(40, 69)	(-39, 69)	(-80, 0)	(-40, -69)	(40, -69)	diamond	green	dif	right	right	(-80, 0)	(80, 0)	search	nr	True	235790	236420	right	35	110	60	85	160	10	None	None	testing
4	ym	f	19	green	3	(80, 0)	(40, 69)	(-39, 69)	(-80, 0)	(-40, -69)	(40, -69)	diamond	none	same	left	left	N_dist	(-80, 0)	search	nr	True	237693	238355	right	85	60	10	110	160	135	None	None	testing
4	ym	f	19	green	3	(80, 0)	(40, 69)	(-39, 69)	(-80, 0)	(-40, -69)	(40, -69)	diamond	green	dif	left	left	(-80, 0)	(40, -69)	search	nr	True	240932	241683	left	110	60	135	10	35	160	None	None	testing
4	ym	f	19	green	3	(80, 0)	(40, 69)	(-39, 69)	(-80, 0)	(-40, -69)	(40, -69)	circle	green	dif	left	left	(-80, 0)	(-39, 69)	search	nr	True	242953	243668	left	10	85	60	35	160	135	None	None	testing
4	ym	f	19	green	3	(80, 0)	(40, 69)	(-39, 69)	(-80, 0)	(-40, -69)	(40, -69)	circle	green	same	left	left	(80, 0)	(40, -69)	search	nr	True	244839	246019	left	60	110	85	10	135	35	None	None	testing
4	ym	f	19	green	3	(80, 0)	(40, 69)	(-39, 69)	(-80, 0)	(-40, -69)	(40, -69)	circle	green	same	right	right	(-80, 0)	(40, 69)	search	nr	True	247294	248258	right	160	35	60	110	10	85	None	None	testing
4	ym	f	19	green	3	(80, 0)	(40, 69)	(-39, 69)	(-80, 0)	(-40, -69)	(40, -69)	circle	green	dif	left	left	(-80, 0)	(40, 69)	search	nr	True	249381	250099	left	60	135	110	10	35	160	None	None	testing
4	ym	f	19	green	3	(80, 0)	(40, 69)	(-39, 69)	(-80, 0)	(-40, -69)	(40, -69)	diamond	none	dif	left	left	N_dist	(80, 0)	search	nr	True	251402	252883	left	85	110	10	35	60	160	None	None	testing
4	ym	f	19	green	3	(80, 0)	(40, 69)	(-39, 69)	(-80, 0)	(-40, -69)	(40, -69)	diamond	none	dif	right	right	N_dist	(40, -69)	search	nr	True	254124	255187	right	10	85	160	35	110	135	None	None	testing
4	ym	f	19	green	3	(80, 0)	(40, 69)	(-39, 69)	(-80, 0)	(-40, -69)	(40, -69)	circle	none	dif	right	right	N_dist	(40, 69)	probe	h_norm	None	None	None	None	85	35	10	135	60	110	(-80, 0)	8	testing
4	ym	f	19	green	3	(80, 0)	(40, 69)	(-39, 69)	(-80, 0)	(-40, -69)	(40, -69)	circle	green	dif	right	right	(-80, 0)	(40, -69)	probe	norm	None	None	None	None	110	35	135	60	85	10	(-39, 69)	14	testing
4	ym	f	19	green	3	(80, 0)	(40, 69)	(-39, 69)	(-80, 0)	(-40, -69)	(40, -69)	diamond	none	dif	left	left	N_dist	(-40, -69)	search	nr	True	267214	268019	left	35	60	10	85	110	160	None	None	testing
4	ym	f	19	green	3	(80, 0)	(40, 69)	(-39, 69)	(-80, 0)	(-40, -69)	(40, -69)	circle	none	dif	right	right	N_dist	(-39, 69)	search	nr	True	269118	270595	right	60	110	10	160	85	135	None	None	testing
4	ym	f	19	green	3	(80, 0)	(40, 69)	(-39, 69)	(-80, 0)	(-40, -69)	(40, -69)	circle	green	same	left	left	(-80, 0)	(-39, 69)	search	nr	True	271906	272740	left	85	35	110	160	135	10	None	None	testing
4	ym	f	19	green	3	(80, 0)	(40, 69)	(-39, 69)	(-80, 0)	(-40, -69)	(40, -69)	diamond	green	dif	left	left	(80, 0)	(40, -69)	probe	norm	None	None	None	None	160	85	60	135	10	110	(40, 69)	8	testing
4	ym	f	19	green	3	(80, 0)	(40, 69)	(-39, 69)	(-80, 0)	(-40, -69)	(40, -69)	circle	green	same	left	left	(-80, 0)	(-40, -69)	probe	h_sin	None	None	None	None	35	10	110	135	160	85	(-80, 0)	24	testing
4	ym	f	19	green	3	(80, 0)	(40, 69)	(-39, 69)	(-80, 0)	(-40, -69)	(40, -69)	diamond	none	dif	right	right	N_dist	(-80, 0)	search	nr	True	284446	285299	right	35	160	10	85	135	60	None	None	testing
4	ym	f	19	green	3	(80, 0)	(40, 69)	(-39, 69)	(-80, 0)	(-40, -69)	(40, -69)	circle	green	same	right	right	(-80, 0)	(80, 0)	probe	tar	None	None	None	None	85	110	135	60	10	35	(80, 0)	168	testing
4	ym	f	19	green	3	(80, 0)	(40, 69)	(-39, 69)	(-80, 0)	(-40, -69)	(40, -69)	circle	green	dif	right	right	(-80, 0)	(40, -69)	search	nr	True	290390	291316	right	35	135	10	85	110	160	None	None	testing
4	ym	f	19	green	3	(80, 0)	(40, 69)	(-39, 69)	(-80, 0)	(-40, -69)	(40, -69)	circle	none	dif	left	left	N_dist	(40, 69)	search	nr	True	292477	293620	left	60	135	160	110	35	10	None	None	testing
4	ym	f	19	green	3	(80, 0)	(40, 69)	(-39, 69)	(-80, 0)	(-40, -69)	(40, -69)	circle	green	same	left	left	(-80, 0)	(-39, 69)	probe	norm	None	None	None	None	135	85	10	110	60	35	(-40, -69)	160	testing
4	ym	f	19	green	3	(80, 0)	(40, 69)	(-39, 69)	(-80, 0)	(-40, -69)	(40, -69)	diamond	none	dif	left	left	N_dist	(40, -69)	search	nr	True	300592	301411	left	160	135	35	10	110	85	None	None	testing
4	ym	f	19	green	3	(80, 0)	(40, 69)	(-39, 69)	(-80, 0)	(-40, -69)	(40, -69)	circle	none	same	right	right	N_dist	(-40, -69)	search	nr	True	302630	303588	right	10	35	110	85	135	60	None	None	testing
4	ym	f	19	green	3	(80, 0)	(40, 69)	(-39, 69)	(-80, 0)	(-40, -69)	(40, -69)	diamond	green	same	right	right	(-80, 0)	(-40, -69)	search	nr	True	304766	305588	right	35	10	85	110	160	135	None	None	testing
4	ym	f	19	green	3	(80, 0)	(40, 69)	(-39, 69)	(-80, 0)	(-40, -69)	(40, -69)	diamond	none	dif	left	left	N_dist	(80, 0)	probe	l_tar	None	None	None	None	60	135	110	35	10	85	(80, 0)	162	testing
4	ym	f	19	green	3	(80, 0)	(40, 69)	(-39, 69)	(-80, 0)	(-40, -69)	(40, -69)	diamond	none	dif	left	left	N_dist	(40, -69)	probe	l_tar	None	None	None	None	160	85	135	35	10	60	(40, -69)	162	testing
4	ym	f	19	green	3	(80, 0)	(40, 69)	(-39, 69)	(-80, 0)	(-40, -69)	(40, -69)	circle	none	dif	left	left	N_dist	(-80, 0)	search	nr	True	315770	316628	left	10	35	60	85	135	110	None	None	testing
4	ym	f	19	green	3	(80, 0)	(40, 69)	(-39, 69)	(-80, 0)	(-40, -69)	(40, -69)	diamond	green	same	right	right	(40, 69)	(-39, 69)	probe	l_sin	None	None	None	None	10	110	85	35	135	60	(40, 69)	11	testing
4	ym	f	19	green	3	(80, 0)	(40, 69)	(-39, 69)	(-80, 0)	(-40, -69)	(40, -69)	circle	green	dif	left	left	(-80, 0)	(40, 69)	search	nr	True	324002	326740	left	10	160	135	110	60	85	None	None	testing
4	ym	f	19	green	3	(80, 0)	(40, 69)	(-39, 69)	(-80, 0)	(-40, -69)	(40, -69)	diamond	green	same	right	right	(-80, 0)	(-40, -69)	search	nr	True	327976	329236	right	110	60	35	85	135	10	None	None	testing
4	ym	f	19	green	3	(80, 0)	(40, 69)	(-39, 69)	(-80, 0)	(-40, -69)	(40, -69)	diamond	green	dif	right	right	(-80, 0)	(-40, -69)	search	nr	True	330531	331283	right	160	135	35	60	110	10	None	None	testing
4	ym	f	19	green	3	(80, 0)	(40, 69)	(-39, 69)	(-80, 0)	(-40, -69)	(40, -69)	diamond	none	same	right	right	N_dist	(-40, -69)	search	nr	True	332501	333171	right	160	85	10	110	135	60	None	None	testing
4	ym	f	19	green	3	(80, 0)	(40, 69)	(-39, 69)	(-80, 0)	(-40, -69)	(40, -69)	circle	none	dif	right	right	N_dist	(40, -69)	probe	h_norm	None	None	None	None	110	135	10	160	35	85	(-80, 0)	19	testing
4	ym	f	19	green	3	(80, 0)	(40, 69)	(-39, 69)	(-80, 0)	(-40, -69)	(40, -69)	circle	none	same	left	left	N_dist	(-80, 0)	search	nr	True	339880	340788	left	10	60	160	135	110	35	None	None	testing
4	ym	f	19	green	3	(80, 0)	(40, 69)	(-39, 69)	(-80, 0)	(-40, -69)	(40, -69)	diamond	green	dif	left	left	(-80, 0)	(40, -69)	probe	norm	None	None	None	None	135	160	10	60	85	110	(-39, 69)	26	testing
4	ym	f	19	green	3	(80, 0)	(40, 69)	(-39, 69)	(-80, 0)	(-40, -69)	(40, -69)	circle	none	same	right	right	N_dist	(-40, -69)	search	nr	True	347378	348227	right	35	10	110	85	135	160	None	None	testing
4	ym	f	19	green	3	(80, 0)	(40, 69)	(-39, 69)	(-80, 0)	(-40, -69)	(40, -69)	circle	green	dif	left	left	(-39, 69)	(40, -69)	search	nr	True	349532	350851	left	60	35	110	135	10	160	None	None	testing
4	ym	f	19	green	3	(80, 0)	(40, 69)	(-39, 69)	(-80, 0)	(-40, -69)	(40, -69)	circle	green	dif	right	right	(-80, 0)	(-40, -69)	search	nr	True	352154	352963	right	35	60	160	10	110	85	None	None	testing
4	ym	f	19	green	3	(80, 0)	(40, 69)	(-39, 69)	(-80, 0)	(-40, -69)	(40, -69)	circle	green	same	left	left	(-80, 0)	(80, 0)	probe	norm	None	None	None	None	160	110	60	10	135	35	(-40, -69)	12	testing
4	ym	f	19	green	3	(80, 0)	(40, 69)	(-39, 69)	(-80, 0)	(-40, -69)	(40, -69)	circle	none	same	right	right	N_dist	(80, 0)	search	nr	True	359000	360164	right	160	135	35	85	60	110	None	None	testing
4	ym	f	19	green	3	(80, 0)	(40, 69)	(-39, 69)	(-80, 0)	(-40, -69)	(40, -69)	diamond	none	same	left	left	N_dist	(80, 0)	search	nr	True	361287	361876	left	85	160	135	110	35	10	None	None	testing
4	ym	f	19	green	3	(80, 0)	(40, 69)	(-39, 69)	(-80, 0)	(-40, -69)	(40, -69)	circle	green	dif	left	left	(-80, 0)	(-39, 69)	search	nr	True	363057	364227	left	135	160	35	85	110	60	None	None	testing
4	ym	f	19	green	3	(80, 0)	(40, 69)	(-39, 69)	(-80, 0)	(-40, -69)	(40, -69)	circle	none	dif	left	left	N_dist	(-80, 0)	search	nr	True	365344	366099	left	85	135	10	110	60	160	None	None	testing
4	ym	f	19	green	3	(80, 0)	(40, 69)	(-39, 69)	(-80, 0)	(-40, -69)	(40, -69)	diamond	none	dif	left	left	N_dist	(-40, -69)	search	nr	True	367264	368067	left	60	135	110	10	85	35	None	None	testing
4	ym	f	19	green	3	(80, 0)	(40, 69)	(-39, 69)	(-80, 0)	(-40, -69)	(40, -69)	circle	none	same	left	left	N_dist	(80, 0)	search	nr	True	369134	370819	left	135	10	160	35	60	85	None	None	testing
4	ym	f	19	green	3	(80, 0)	(40, 69)	(-39, 69)	(-80, 0)	(-40, -69)	(40, -69)	circle	green	same	right	right	(-80, 0)	(-39, 69)	probe	tar	None	None	None	None	35	160	110	60	10	135	(-39, 69)	13	testing
4	ym	f	19	green	3	(80, 0)	(40, 69)	(-39, 69)	(-80, 0)	(-40, -69)	(40, -69)	circle	green	dif	right	right	(40, 69)	(-39, 69)	search	nr	True	376982	378131	right	10	135	160	60	35	85	None	None	testing
4	ym	f	19	green	3	(80, 0)	(40, 69)	(-39, 69)	(-80, 0)	(-40, -69)	(40, -69)	diamond	none	same	right	right	N_dist	(-40, -69)	search	nr	True	379220	380227	right	60	135	10	35	160	85	None	None	testing
4	ym	f	19	green	3	(80, 0)	(40, 69)	(-39, 69)	(-80, 0)	(-40, -69)	(40, -69)	diamond	green	dif	right	right	(-80, 0)	(40, -69)	probe	tar	None	None	None	None	85	135	60	160	35	10	(40, -69)	151	testing
4	ym	f	19	green	3	(80, 0)	(40, 69)	(-39, 69)	(-80, 0)	(-40, -69)	(40, -69)	diamond	green	same	left	left	(-80, 0)	(40, -69)	search	nr	True	386400	387107	left	85	110	135	60	35	160	None	None	testing
4	ym	f	19	green	3	(80, 0)	(40, 69)	(-39, 69)	(-80, 0)	(-40, -69)	(40, -69)	diamond	none	dif	left	left	N_dist	(-40, -69)	search	nr	True	388254	388868	left	85	10	135	35	110	60	None	None	testing
4	ym	f	19	green	3	(80, 0)	(40, 69)	(-39, 69)	(-80, 0)	(-40, -69)	(40, -69)	circle	green	dif	right	right	(-80, 0)	(-40, -69)	search	nr	True	390073	390979	right	35	60	110	135	85	10	None	None	testing
4	ym	f	19	green	3	(80, 0)	(40, 69)	(-39, 69)	(-80, 0)	(-40, -69)	(40, -69)	circle	green	same	right	right	(-80, 0)	(40, 69)	probe	tar	None	None	None	None	10	35	60	135	160	85	(40, 69)	155	testing
4	ym	f	19	green	3	(80, 0)	(40, 69)	(-39, 69)	(-80, 0)	(-40, -69)	(40, -69)	circle	none	same	left	left	N_dist	(80, 0)	search	nr	True	397621	398307	left	60	160	135	85	110	35	None	None	testing
4	ym	f	19	green	3	(80, 0)	(40, 69)	(-39, 69)	(-80, 0)	(-40, -69)	(40, -69)	circle	none	same	left	left	N_dist	(80, 0)	probe	h_norm	None	None	None	None	35	160	110	85	10	60	(-80, 0)	6	testing
4	ym	f	19	green	3	(80, 0)	(40, 69)	(-39, 69)	(-80, 0)	(-40, -69)	(40, -69)	circle	green	dif	left	left	(-80, 0)	(40, -69)	search	nr	True	403448	404147	left	110	35	60	85	10	160	None	None	testing
4	ym	f	19	green	3	(80, 0)	(40, 69)	(-39, 69)	(-80, 0)	(-40, -69)	(40, -69)	diamond	green	same	left	left	(-80, 0)	(40, -69)	search	nr	True	405468	406147	left	35	60	135	160	110	10	None	None	testing
4	ym	f	19	green	3	(80, 0)	(40, 69)	(-39, 69)	(-80, 0)	(-40, -69)	(40, -69)	diamond	green	same	right	right	(-80, 0)	(80, 0)	probe	h_sin	None	None	None	None	160	60	10	35	85	135	(-80, 0)	163	testing
4	ym	f	19	green	3	(80, 0)	(40, 69)	(-39, 69)	(-80, 0)	(-40, -69)	(40, -69)	diamond	green	same	left	left	(-80, 0)	(40, 69)	search	nr	True	412832	413571	left	85	35	60	160	110	135	None	None	testing
4	ym	f	19	green	3	(80, 0)	(40, 69)	(-39, 69)	(-80, 0)	(-40, -69)	(40, -69)	diamond	none	dif	right	right	N_dist	(-39, 69)	search	nr	True	414735	415555	right	10	85	135	60	160	110	None	None	testing
4	ym	f	19	green	3	(80, 0)	(40, 69)	(-39, 69)	(-80, 0)	(-40, -69)	(40, -69)	diamond	none	same	left	left	N_dist	(80, 0)	probe	h_norm	None	None	None	None	135	35	10	85	160	110	(-80, 0)	0	testing
4	ym	f	19	green	3	(80, 0)	(40, 69)	(-39, 69)	(-80, 0)	(-40, -69)	(40, -69)	diamond	green	dif	right	right	(-80, 0)	(-40, -69)	probe	norm	None	None	None	None	10	85	160	60	135	35	(-39, 69)	24	testing
4	ym	f	19	green	3	(80, 0)	(40, 69)	(-39, 69)	(-80, 0)	(-40, -69)	(40, -69)	diamond	green	same	right	right	(-80, 0)	(80, 0)	search	nr	True	425137	426212	right	110	160	60	135	35	10	None	None	testing
4	ym	f	19	green	3	(80, 0)	(40, 69)	(-39, 69)	(-80, 0)	(-40, -69)	(40, -69)	diamond	none	same	right	right	N_dist	(-40, -69)	search	nr	True	427425	428211	right	85	60	10	160	35	135	None	None	testing
4	ym	f	19	green	3	(80, 0)	(40, 69)	(-39, 69)	(-80, 0)	(-40, -69)	(40, -69)	diamond	green	dif	right	right	(-40, -69)	(40, 69)	probe	l_sin	None	None	None	None	160	110	10	135	85	35	(-40, -69)	5	testing
4	ym	f	19	green	3	(80, 0)	(40, 69)	(-39, 69)	(-80, 0)	(-40, -69)	(40, -69)	circle	none	dif	right	right	N_dist	(40, -69)	search	nr	True	434605	436003	right	10	135	160	110	85	35	None	None	testing
4	ym	f	19	green	3	(80, 0)	(40, 69)	(-39, 69)	(-80, 0)	(-40, -69)	(40, -69)	circle	none	dif	right	right	N_dist	(-39, 69)	search	nr	True	437193	437828	right	135	60	160	10	35	110	None	None	testing
4	ym	f	19	green	3	(80, 0)	(40, 69)	(-39, 69)	(-80, 0)	(-40, -69)	(40, -69)	circle	green	same	right	right	(80, 0)	(-40, -69)	search	nr	True	438896	439779	right	110	10	85	35	160	135	None	None	testing
4	ym	f	19	green	3	(80, 0)	(40, 69)	(-39, 69)	(-80, 0)	(-40, -69)	(40, -69)	circle	green	same	left	left	(-80, 0)	(-39, 69)	search	nr	True	441084	441763	left	10	60	160	110	35	85	None	None	testing
4	ym	f	19	green	3	(80, 0)	(40, 69)	(-39, 69)	(-80, 0)	(-40, -69)	(40, -69)	diamond	green	dif	right	right	(-80, 0)	(-39, 69)	search	nr	True	442904	443571	right	35	135	110	60	10	85	None	None	testing
4	ym	f	19	green	3	(80, 0)	(40, 69)	(-39, 69)	(-80, 0)	(-40, -69)	(40, -69)	circle	none	dif	left	left	N_dist	(40, 69)	search	nr	True	444874	445588	left	160	60	85	110	35	10	None	None	testing
4	ym	f	19	green	3	(80, 0)	(40, 69)	(-39, 69)	(-80, 0)	(-40, -69)	(40, -69)	circle	green	dif	left	left	(-80, 0)	(-39, 69)	search	nr	True	446844	447603	left	135	85	110	10	160	60	None	None	testing
4	ym	f	19	green	3	(80, 0)	(40, 69)	(-39, 69)	(-80, 0)	(-40, -69)	(40, -69)	diamond	green	dif	left	left	(40, -69)	(-39, 69)	search	nr	True	448748	449363	left	160	60	35	85	135	10	None	None	testing
4	ym	f	19	green	3	(80, 0)	(40, 69)	(-39, 69)	(-80, 0)	(-40, -69)	(40, -69)	diamond	none	dif	left	left	N_dist	(80, 0)	search	nr	True	450484	451139	left	10	35	160	110	60	135	None	None	testing
4	ym	f	19	green	3	(80, 0)	(40, 69)	(-39, 69)	(-80, 0)	(-40, -69)	(40, -69)	diamond	green	dif	right	right	(-40, -69)	(80, 0)	search	nr	True	452221	452931	right	160	135	10	85	110	60	None	None	testing
4	ym	f	19	green	3	(80, 0)	(40, 69)	(-39, 69)	(-80, 0)	(-40, -69)	(40, -69)	diamond	none	same	right	right	N_dist	(-39, 69)	search	nr	True	454191	454803	right	135	60	10	85	160	35	None	None	testing
4	ym	f	19	green	3	(80, 0)	(40, 69)	(-39, 69)	(-80, 0)	(-40, -69)	(40, -69)	diamond	green	dif	left	left	(-39, 69)	(40, 69)	search	nr	True	456045	456771	left	10	60	110	160	35	85	None	None	testing
4	ym	f	19	green	3	(80, 0)	(40, 69)	(-39, 69)	(-80, 0)	(-40, -69)	(40, -69)	circle	green	dif	right	right	(80, 0)	(-40, -69)	search	nr	True	457848	458867	right	85	35	10	60	135	160	None	None	testing
4	ym	f	19	green	3	(80, 0)	(40, 69)	(-39, 69)	(-80, 0)	(-40, -69)	(40, -69)	diamond	green	dif	right	right	(-80, 0)	(-40, -69)	search	nr	True	460018	460722	right	10	110	85	160	35	60	None	None	testing
4	ym	f	19	green	3	(80, 0)	(40, 69)	(-39, 69)	(-80, 0)	(-40, -69)	(40, -69)	diamond	green	same	right	right	(-80, 0)	(40, 69)	search	nr	True	461989	462771	right	35	135	110	85	160	10	None	None	testing
4	ym	f	19	green	3	(80, 0)	(40, 69)	(-39, 69)	(-80, 0)	(-40, -69)	(40, -69)	diamond	green	same	right	right	(40, 69)	(-39, 69)	search	nr	True	463993	464628	right	60	110	10	85	135	35	None	None	testing
4	ym	f	19	green	3	(80, 0)	(40, 69)	(-39, 69)	(-80, 0)	(-40, -69)	(40, -69)	circle	none	dif	left	left	N_dist	(40, 69)	search	nr	True	465863	467956	left	135	35	110	10	60	85	None	None	testing
4	ym	f	19	green	3	(80, 0)	(40, 69)	(-39, 69)	(-80, 0)	(-40, -69)	(40, -69)	circle	none	dif	left	left	N_dist	(40, 69)	probe	l_norm	None	None	None	None	110	35	135	160	85	60	(80, 0)	24	testing
4	ym	f	19	green	3	(80, 0)	(40, 69)	(-39, 69)	(-80, 0)	(-40, -69)	(40, -69)	circle	green	dif	right	right	(40, 69)	(-39, 69)	probe	l_sin	None	None	None	None	110	135	60	160	10	85	(40, 69)	12	testing
4	ym	f	19	green	3	(80, 0)	(40, 69)	(-39, 69)	(-80, 0)	(-40, -69)	(40, -69)	circle	green	dif	right	right	(-80, 0)	(-40, -69)	probe	h_sin	None	None	None	None	35	85	60	160	135	10	(-80, 0)	28	testing
4	ym	f	19	green	3	(80, 0)	(40, 69)	(-39, 69)	(-80, 0)	(-40, -69)	(40, -69)	diamond	green	same	right	right	(-80, 0)	(40, 69)	search	nr	True	484012	484930	right	135	35	10	60	110	160	None	None	testing
4	ym	f	19	green	3	(80, 0)	(40, 69)	(-39, 69)	(-80, 0)	(-40, -69)	(40, -69)	circle	green	same	right	right	(-40, -69)	(40, 69)	search	nr	True	486183	487651	right	85	160	10	135	35	60	None	None	testing
4	ym	f	19	green	3	(80, 0)	(40, 69)	(-39, 69)	(-80, 0)	(-40, -69)	(40, -69)	diamond	green	dif	right	right	(-40, -69)	(80, 0)	search	nr	True	488738	489859	right	110	60	10	35	160	135	None	None	testing
4	ym	f	19	green	3	(80, 0)	(40, 69)	(-39, 69)	(-80, 0)	(-40, -69)	(40, -69)	diamond	green	same	left	left	(-80, 0)	(40, -69)	search	nr	True	491109	491987	left	110	60	135	35	160	85	None	None	testing
4	ym	f	19	green	3	(80, 0)	(40, 69)	(-39, 69)	(-80, 0)	(-40, -69)	(40, -69)	diamond	green	same	left	left	(40, -69)	(80, 0)	probe	l_sin	None	None	None	None	135	110	35	160	10	85	(40, -69)	162	testing
4	ym	f	19	green	3	(80, 0)	(40, 69)	(-39, 69)	(-80, 0)	(-40, -69)	(40, -69)	circle	green	dif	left	left	(-80, 0)	(-39, 69)	probe	tar	None	None	None	None	60	35	110	160	135	10	(-39, 69)	6	testing
4	ym	f	19	green	3	(80, 0)	(40, 69)	(-39, 69)	(-80, 0)	(-40, -69)	(40, -69)	diamond	green	same	right	right	(-80, 0)	(80, 0)	search	nr	True	502413	503332	right	10	110	85	160	35	60	None	None	testing
4	ym	f	19	green	3	(80, 0)	(40, 69)	(-39, 69)	(-80, 0)	(-40, -69)	(40, -69)	circle	none	same	right	right	N_dist	(40, -69)	search	nr	True	504433	505540	right	110	135	85	60	35	160	None	None	testing
4	ym	f	19	green	3	(80, 0)	(40, 69)	(-39, 69)	(-80, 0)	(-40, -69)	(40, -69)	diamond	none	dif	left	left	N_dist	(-40, -69)	probe	l_norm	None	None	None	None	135	35	85	160	110	10	(40, 69)	158	testing
4	ym	f	19	green	3	(80, 0)	(40, 69)	(-39, 69)	(-80, 0)	(-40, -69)	(40, -69)	diamond	green	dif	right	right	(-80, 0)	(-39, 69)	search	nr	True	511179	511876	right	85	35	135	110	60	160	None	None	testing
4	ym	f	19	green	3	(80, 0)	(40, 69)	(-39, 69)	(-80, 0)	(-40, -69)	(40, -69)	circle	green	dif	left	left	(-80, 0)	(40, -69)	search	nr	True	513132	514179	left	135	85	10	110	60	160	None	None	testing
4	ym	f	19	green	3	(80, 0)	(40, 69)	(-39, 69)	(-80, 0)	(-40, -69)	(40, -69)	circle	green	dif	right	right	(-80, 0)	(-40, -69)	search	nr	True	515421	516708	right	110	85	60	160	135	10	None	None	testing
4	ym	f	19	green	3	(80, 0)	(40, 69)	(-39, 69)	(-80, 0)	(-40, -69)	(40, -69)	diamond	green	same	right	right	(80, 0)	(-40, -69)	search	nr	True	517792	518500	right	135	85	160	35	10	60	None	None	testing
4	ym	f	19	green	3	(80, 0)	(40, 69)	(-39, 69)	(-80, 0)	(-40, -69)	(40, -69)	circle	green	same	right	right	(-80, 0)	(40, 69)	probe	h_sin	None	None	None	None	85	135	160	10	110	60	(-80, 0)	160	testing
4	ym	f	19	green	3	(80, 0)	(40, 69)	(-39, 69)	(-80, 0)	(-40, -69)	(40, -69)	diamond	none	same	left	left	N_dist	(-80, 0)	probe	h_tar	None	None	None	None	160	110	60	135	85	10	(-80, 0)	17	testing
4	ym	f	19	green	3	(80, 0)	(40, 69)	(-39, 69)	(-80, 0)	(-40, -69)	(40, -69)	diamond	none	same	left	left	N_dist	(-80, 0)	search	nr	True	531500	532467	left	85	135	35	110	60	10	None	None	testing
4	ym	f	19	green	3	(80, 0)	(40, 69)	(-39, 69)	(-80, 0)	(-40, -69)	(40, -69)	circle	green	dif	left	left	(-80, 0)	(-40, -69)	search	nr	True	533537	534674	left	10	35	135	110	160	60	None	None	testing
4	ym	f	19	green	3	(80, 0)	(40, 69)	(-39, 69)	(-80, 0)	(-40, -69)	(40, -69)	diamond	green	dif	left	left	(-80, 0)	(40, -69)	search	nr	True	535975	536788	left	10	160	85	110	60	135	None	None	testing
4	ym	f	19	green	3	(80, 0)	(40, 69)	(-39, 69)	(-80, 0)	(-40, -69)	(40, -69)	circle	green	same	left	left	(-80, 0)	(-40, -69)	search	nr	True	537879	538788	left	10	60	35	160	110	85	None	None	testing
4	ym	f	19	green	3	(80, 0)	(40, 69)	(-39, 69)	(-80, 0)	(-40, -69)	(40, -69)	diamond	none	same	right	right	N_dist	(-40, -69)	search	nr	True	539916	541380	right	35	10	110	85	135	60	None	None	testing
4	ym	f	19	green	3	(80, 0)	(40, 69)	(-39, 69)	(-80, 0)	(-40, -69)	(40, -69)	diamond	green	same	right	right	(-80, 0)	(-39, 69)	probe	norm	None	None	None	None	35	160	110	135	60	85	(80, 0)	164	testing
4	ym	f	19	green	3	(80, 0)	(40, 69)	(-39, 69)	(-80, 0)	(-40, -69)	(40, -69)	diamond	green	same	left	left	(-40, -69)	(40, -69)	probe	l_sin	None	None	None	None	60	135	85	35	10	160	(-40, -69)	155	testing
4	ym	f	19	green	3	(80, 0)	(40, 69)	(-39, 69)	(-80, 0)	(-40, -69)	(40, -69)	diamond	none	dif	left	left	N_dist	(40, -69)	search	nr	True	552472	553267	left	85	60	110	135	160	10	None	None	testing
4	ym	f	19	green	3	(80, 0)	(40, 69)	(-39, 69)	(-80, 0)	(-40, -69)	(40, -69)	diamond	green	dif	left	left	(-40, -69)	(-39, 69)	search	nr	True	554325	554979	left	160	10	35	135	110	85	None	None	testing
4	ym	f	19	green	3	(80, 0)	(40, 69)	(-39, 69)	(-80, 0)	(-40, -69)	(40, -69)	circle	green	same	left	left	(80, 0)	(40, -69)	search	nr	True	556062	556899	left	110	85	35	10	135	160	None	None	testing
4	ym	f	19	green	3	(80, 0)	(40, 69)	(-39, 69)	(-80, 0)	(-40, -69)	(40, -69)	circle	none	same	right	right	N_dist	(-39, 69)	search	nr	True	557965	558788	right	10	110	60	160	135	85	None	None	testing
4	ym	f	19	green	3	(80, 0)	(40, 69)	(-39, 69)	(-80, 0)	(-40, -69)	(40, -69)	circle	none	dif	right	right	N_dist	(40, 69)	probe	h_norm	None	None	None	None	10	35	85	110	60	160	(-80, 0)	0	testing
4	ym	f	19	green	3	(80, 0)	(40, 69)	(-39, 69)	(-80, 0)	(-40, -69)	(40, -69)	circle	green	same	left	left	(-80, 0)	(40, -69)	probe	tar	None	None	None	None	135	60	85	110	160	10	(40, -69)	62	testing
4	ym	f	19	green	3	(80, 0)	(40, 69)	(-39, 69)	(-80, 0)	(-40, -69)	(40, -69)	circle	green	same	left	left	(-39, 69)	(40, 69)	probe	l_sin	None	None	None	None	60	35	135	10	160	85	(-39, 69)	18	testing
4	ym	f	19	green	3	(80, 0)	(40, 69)	(-39, 69)	(-80, 0)	(-40, -69)	(40, -69)	diamond	none	dif	right	right	N_dist	(-80, 0)	probe	h_tar	None	None	None	None	110	135	160	85	35	60	(-80, 0)	0	testing
4	ym	f	19	green	3	(80, 0)	(40, 69)	(-39, 69)	(-80, 0)	(-40, -69)	(40, -69)	diamond	green	dif	right	right	(-40, -69)	(40, 69)	search	nr	True	577985	578788	right	60	135	10	110	85	35	None	None	testing
4	ym	f	19	green	3	(80, 0)	(40, 69)	(-39, 69)	(-80, 0)	(-40, -69)	(40, -69)	circle	green	dif	right	right	(40, 69)	(80, 0)	probe	tar	None	None	None	None	135	60	160	110	85	10	(80, 0)	23	testing
4	ym	f	19	green	3	(80, 0)	(40, 69)	(-39, 69)	(-80, 0)	(-40, -69)	(40, -69)	circle	green	same	left	left	(40, -69)	(-39, 69)	search	nr	True	584347	585523	left	110	160	135	35	60	85	None	None	testing
4	ym	f	19	green	3	(80, 0)	(40, 69)	(-39, 69)	(-80, 0)	(-40, -69)	(40, -69)	circle	green	same	left	left	(-80, 0)	(80, 0)	search	nr	True	586785	587651	left	135	35	85	110	10	60	None	None	testing
4	ym	f	19	green	3	(80, 0)	(40, 69)	(-39, 69)	(-80, 0)	(-40, -69)	(40, -69)	diamond	green	same	left	left	(-39, 69)	(80, 0)	search	nr	True	588939	590004	left	160	110	60	35	135	10	None	None	testing
4	ym	f	19	green	3	(80, 0)	(40, 69)	(-39, 69)	(-80, 0)	(-40, -69)	(40, -69)	circle	green	same	left	left	(-80, 0)	(40, 69)	search	nr	True	591176	591971	left	10	35	60	135	85	160	None	None	testing
4	ym	f	19	green	3	(80, 0)	(40, 69)	(-39, 69)	(-80, 0)	(-40, -69)	(40, -69)	circle	green	same	left	left	(40, -69)	(80, 0)	probe	l_sin	None	None	None	None	60	135	160	35	85	110	(40, -69)	10	testing
4	ym	f	19	green	3	(80, 0)	(40, 69)	(-39, 69)	(-80, 0)	(-40, -69)	(40, -69)	diamond	green	same	left	left	(-39, 69)	(80, 0)	search	nr	True	597238	597891	left	85	135	10	35	110	60	None	None	testing
4	ym	f	19	green	3	(80, 0)	(40, 69)	(-39, 69)	(-80, 0)	(-40, -69)	(40, -69)	circle	none	dif	right	right	N_dist	(40, -69)	search	nr	True	599158	600227	right	135	10	85	110	35	160	None	None	testing
4	ym	f	19	green	3	(80, 0)	(40, 69)	(-39, 69)	(-80, 0)	(-40, -69)	(40, -69)	diamond	green	same	right	right	(-80, 0)	(40, 69)	search	nr	True	601478	602259	right	135	160	85	60	10	35	None	None	testing
4	ym	f	19	green	3	(80, 0)	(40, 69)	(-39, 69)	(-80, 0)	(-40, -69)	(40, -69)	diamond	none	dif	right	right	N_dist	(-80, 0)	search	nr	True	603549	604259	right	35	135	85	60	160	10	None	None	testing
4	ym	f	19	green	3	(80, 0)	(40, 69)	(-39, 69)	(-80, 0)	(-40, -69)	(40, -69)	circle	none	same	right	right	N_dist	(-39, 69)	probe	l_norm	None	None	None	None	35	160	110	10	135	60	(40, -69)	172	testing
4	ym	f	19	green	3	(80, 0)	(40, 69)	(-39, 69)	(-80, 0)	(-40, -69)	(40, -69)	diamond	green	same	left	left	(-80, 0)	(-40, -69)	probe	tar	None	None	None	None	35	160	135	60	110	10	(-40, -69)	7	testing
4	ym	f	19	green	3	(80, 0)	(40, 69)	(-39, 69)	(-80, 0)	(-40, -69)	(40, -69)	circle	green	dif	left	left	(-39, 69)	(40, -69)	search	nr	True	614018	615027	left	110	35	135	60	160	85	None	None	testing
4	ym	f	19	green	3	(80, 0)	(40, 69)	(-39, 69)	(-80, 0)	(-40, -69)	(40, -69)	circle	green	dif	left	left	(40, 69)	(40, -69)	search	nr	True	616139	617380	left	35	110	85	60	160	10	None	None	testing
4	ym	f	19	green	3	(80, 0)	(40, 69)	(-39, 69)	(-80, 0)	(-40, -69)	(40, -69)	diamond	green	same	left	left	(-80, 0)	(40, -69)	search	nr	True	618610	619571	left	135	110	35	10	60	85	None	None	testing
4	ym	f	19	green	3	(80, 0)	(40, 69)	(-39, 69)	(-80, 0)	(-40, -69)	(40, -69)	circle	green	dif	right	right	(80, 0)	(-40, -69)	probe	l_sin	None	None	None	None	35	135	10	60	85	160	(80, 0)	157	testing
4	ym	f	19	green	3	(80, 0)	(40, 69)	(-39, 69)	(-80, 0)	(-40, -69)	(40, -69)	diamond	green	same	right	right	(-80, 0)	(80, 0)	probe	norm	None	None	None	None	10	160	35	60	135	85	(40, -69)	173	testing
4	ym	f	19	green	3	(80, 0)	(40, 69)	(-39, 69)	(-80, 0)	(-40, -69)	(40, -69)	diamond	green	dif	right	right	(-80, 0)	(80, 0)	search	nr	True	629063	629714	right	35	60	85	135	110	160	None	None	testing
4	ym	f	19	green	3	(80, 0)	(40, 69)	(-39, 69)	(-80, 0)	(-40, -69)	(40, -69)	diamond	none	same	left	left	N_dist	(80, 0)	probe	l_tar	None	None	None	None	135	60	35	85	10	160	(80, 0)	31	testing
4	ym	f	19	green	3	(80, 0)	(40, 69)	(-39, 69)	(-80, 0)	(-40, -69)	(40, -69)	diamond	green	same	right	right	(-80, 0)	(-40, -69)	search	nr	True	634857	636563	right	110	35	60	85	160	10	None	None	testing
4	ym	f	19	green	3	(80, 0)	(40, 69)	(-39, 69)	(-80, 0)	(-40, -69)	(40, -69)	circle	green	same	right	right	(80, 0)	(-39, 69)	search	nr	True	637812	639075	right	60	160	35	135	110	85	None	None	testing
4	ym	f	19	green	3	(80, 0)	(40, 69)	(-39, 69)	(-80, 0)	(-40, -69)	(40, -69)	diamond	green	dif	right	right	(-80, 0)	(80, 0)	search	nr	True	640266	641059	right	10	135	160	85	35	110	None	None	testing
4	ym	f	19	green	3	(80, 0)	(40, 69)	(-39, 69)	(-80, 0)	(-40, -69)	(40, -69)	diamond	none	same	right	right	N_dist	(40, 69)	probe	h_norm	None	None	None	None	10	85	135	60	35	160	(-80, 0)	170	testing
4	ym	f	19	green	3	(80, 0)	(40, 69)	(-39, 69)	(-80, 0)	(-40, -69)	(40, -69)	diamond	green	dif	left	left	(-39, 69)	(40, -69)	probe	tar	None	None	None	None	35	135	160	10	60	110	(40, -69)	12	testing
4	ym	f	19	green	3	(80, 0)	(40, 69)	(-39, 69)	(-80, 0)	(-40, -69)	(40, -69)	diamond	none	dif	left	left	N_dist	(80, 0)	search	nr	True	650836	651635	left	60	135	160	35	10	85	None	None	testing
4	ym	f	19	green	3	(80, 0)	(40, 69)	(-39, 69)	(-80, 0)	(-40, -69)	(40, -69)	circle	green	dif	left	left	(-80, 0)	(40, -69)	probe	tar	None	None	None	None	85	110	135	160	60	10	(40, -69)	55	testing
4	ym	f	19	green	3	(80, 0)	(40, 69)	(-39, 69)	(-80, 0)	(-40, -69)	(40, -69)	circle	green	dif	left	left	(-80, 0)	(-39, 69)	search	nr	True	658250	659027	left	10	160	60	135	85	35	None	None	testing
4	ym	f	19	green	3	(80, 0)	(40, 69)	(-39, 69)	(-80, 0)	(-40, -69)	(40, -69)	circle	none	same	right	right	N_dist	(-39, 69)	probe	l_tar	None	None	None	None	160	110	35	60	135	10	(-39, 69)	143	testing
4	ym	f	19	green	3	(80, 0)	(40, 69)	(-39, 69)	(-80, 0)	(-40, -69)	(40, -69)	circle	none	dif	right	right	N_dist	(40, 69)	search	nr	True	667216	667939	right	35	160	85	110	60	10	None	None	testing
4	ym	f	19	green	3	(80, 0)	(40, 69)	(-39, 69)	(-80, 0)	(-40, -69)	(40, -69)	circle	none	same	left	left	N_dist	(80, 0)	search	nr	True	669219	670019	left	10	110	35	160	135	85	None	None	testing
4	ym	f	19	green	3	(80, 0)	(40, 69)	(-39, 69)	(-80, 0)	(-40, -69)	(40, -69)	diamond	green	same	right	right	(-80, 0)	(-40, -69)	search	nr	True	671089	672051	right	110	85	35	10	160	60	None	None	testing
4	ym	f	19	green	3	(80, 0)	(40, 69)	(-39, 69)	(-80, 0)	(-40, -69)	(40, -69)	circle	green	same	right	right	(80, 0)	(-40, -69)	search	nr	True	673110	674195	right	35	135	110	10	60	160	None	None	testing
4	ym	f	19	green	3	(80, 0)	(40, 69)	(-39, 69)	(-80, 0)	(-40, -69)	(40, -69)	diamond	none	dif	right	right	N_dist	(-39, 69)	probe	h_norm	None	None	None	None	60	35	10	85	135	110	(-80, 0)	0	testing
4	ym	f	19	green	3	(80, 0)	(40, 69)	(-39, 69)	(-80, 0)	(-40, -69)	(40, -69)	circle	green	dif	left	left	(-80, 0)	(40, -69)	search	nr	True	678804	679731	left	85	60	10	160	35	135	None	None	testing
4	ym	f	19	green	3	(80, 0)	(40, 69)	(-39, 69)	(-80, 0)	(-40, -69)	(40, -69)	diamond	none	same	right	right	N_dist	(-39, 69)	search	nr	True	680825	681539	right	10	85	35	135	110	160	None	None	testing
4	ym	f	19	green	3	(80, 0)	(40, 69)	(-39, 69)	(-80, 0)	(-40, -69)	(40, -69)	circle	green	same	right	right	(-80, 0)	(-39, 69)	search	nr	True	682594	683347	right	60	110	10	35	160	85	None	None	testing
4	ym	f	19	green	3	(80, 0)	(40, 69)	(-39, 69)	(-80, 0)	(-40, -69)	(40, -69)	diamond	none	same	right	right	N_dist	(-40, -69)	probe	l_norm	None	None	None	None	135	160	10	85	110	60	(-39, 69)	140	testing
4	ym	f	19	green	3	(80, 0)	(40, 69)	(-39, 69)	(-80, 0)	(-40, -69)	(40, -69)	circle	green	same	right	right	(-80, 0)	(40, 69)	search	nr	True	690025	690691	right	35	10	85	60	160	110	None	None	testing
4	ym	f	19	green	3	(80, 0)	(40, 69)	(-39, 69)	(-80, 0)	(-40, -69)	(40, -69)	diamond	green	dif	right	right	(40, 69)	(80, 0)	search	nr	True	691761	692659	right	135	160	10	60	85	35	None	None	testing
4	ym	f	19	green	3	(80, 0)	(40, 69)	(-39, 69)	(-80, 0)	(-40, -69)	(40, -69)	diamond	green	dif	right	right	(-80, 0)	(40, -69)	search	nr	True	693782	694483	right	135	60	35	160	10	110	None	None	testing
4	ym	f	19	green	3	(80, 0)	(40, 69)	(-39, 69)	(-80, 0)	(-40, -69)	(40, -69)	circle	green	dif	right	right	(80, 0)	(-40, -69)	search	nr	True	695752	696707	right	135	85	110	160	10	60	None	None	testing
4	ym	f	19	green	3	(80, 0)	(40, 69)	(-39, 69)	(-80, 0)	(-40, -69)	(40, -69)	circle	none	same	left	left	N_dist	(-80, 0)	probe	h_tar	None	None	None	None	85	10	35	160	110	60	(-80, 0)	31	testing
4	ym	f	19	green	3	(80, 0)	(40, 69)	(-39, 69)	(-80, 0)	(-40, -69)	(40, -69)	circle	green	dif	left	left	(-80, 0)	(-40, -69)	search	nr	True	703667	704771	left	35	85	60	10	110	135	None	None	testing
4	ym	f	19	green	3	(80, 0)	(40, 69)	(-39, 69)	(-80, 0)	(-40, -69)	(40, -69)	circle	none	dif	left	left	N_dist	(40, -69)	probe	h_norm	None	None	None	None	35	85	10	110	135	60	(-80, 0)	12	testing
4	ym	f	19	green	3	(80, 0)	(40, 69)	(-39, 69)	(-80, 0)	(-40, -69)	(40, -69)	diamond	none	dif	right	right	N_dist	(-80, 0)	probe	h_tar	None	None	None	None	135	160	35	60	85	10	(-80, 0)	158	testing
4	ym	f	19	green	3	(80, 0)	(40, 69)	(-39, 69)	(-80, 0)	(-40, -69)	(40, -69)	diamond	green	same	right	right	(-80, 0)	(-39, 69)	search	nr	True	715873	717668	right	60	85	110	10	160	35	None	None	testing
4	ym	f	19	green	3	(80, 0)	(40, 69)	(-39, 69)	(-80, 0)	(-40, -69)	(40, -69)	diamond	none	dif	left	left	N_dist	(-40, -69)	search	nr	True	718962	719827	left	85	10	135	35	60	110	None	None	testing
4	ym	f	19	green	3	(80, 0)	(40, 69)	(-39, 69)	(-80, 0)	(-40, -69)	(40, -69)	diamond	green	dif	left	left	(-39, 69)	(40, -69)	search	nr	True	720965	721668	right	35	110	10	160	85	60	None	None	testing
4	ym	f	19	green	3	(80, 0)	(40, 69)	(-39, 69)	(-80, 0)	(-40, -69)	(40, -69)	circle	none	dif	right	right	N_dist	(-40, -69)	search	nr	True	724321	725219	right	110	60	135	160	35	85	None	None	testing
4	ym	f	19	green	3	(80, 0)	(40, 69)	(-39, 69)	(-80, 0)	(-40, -69)	(40, -69)	diamond	green	dif	right	right	(-80, 0)	(-40, -69)	probe	h_sin	None	None	None	None	135	35	10	110	85	160	(-80, 0)	7	testing
4	ym	f	19	green	3	(80, 0)	(40, 69)	(-39, 69)	(-80, 0)	(-40, -69)	(40, -69)	diamond	green	same	left	left	(-80, 0)	(-40, -69)	probe	h_sin	None	None	None	None	35	85	10	60	110	160	(-80, 0)	170	testing
4	ym	f	19	green	3	(80, 0)	(40, 69)	(-39, 69)	(-80, 0)	(-40, -69)	(40, -69)	diamond	green	same	left	left	(40, 69)	(40, -69)	search	nr	True	734857	735796	left	60	160	35	10	110	85	None	None	testing
4	ym	f	19	green	3	(80, 0)	(40, 69)	(-39, 69)	(-80, 0)	(-40, -69)	(40, -69)	diamond	green	same	left	left	(40, 69)	(40, -69)	search	nr	True	736894	737635	left	160	135	110	85	60	35	None	None	testing
4	ym	f	19	green	3	(80, 0)	(40, 69)	(-39, 69)	(-80, 0)	(-40, -69)	(40, -69)	diamond	none	dif	left	left	N_dist	(80, 0)	probe	l_norm	None	None	None	None	110	10	60	160	135	35	(-40, -69)	14	testing
4	ym	f	19	green	3	(80, 0)	(40, 69)	(-39, 69)	(-80, 0)	(-40, -69)	(40, -69)	circle	none	dif	left	left	N_dist	(40, 69)	search	nr	True	743323	744195	left	160	10	85	60	135	110	None	None	testing
4	ym	f	19	green	3	(80, 0)	(40, 69)	(-39, 69)	(-80, 0)	(-40, -69)	(40, -69)	circle	green	dif	right	right	(-80, 0)	(-39, 69)	search	nr	True	745310	746611	right	135	85	160	10	60	35	None	None	testing
4	ym	f	19	green	3	(80, 0)	(40, 69)	(-39, 69)	(-80, 0)	(-40, -69)	(40, -69)	circle	green	dif	left	left	(-80, 0)	(40, 69)	probe	h_sin	None	None	None	None	110	135	10	60	85	35	(-80, 0)	171	testing
4	ym	f	19	green	3	(80, 0)	(40, 69)	(-39, 69)	(-80, 0)	(-40, -69)	(40, -69)	circle	green	same	right	right	(-80, 0)	(40, 69)	search	nr	True	752072	753155	right	85	10	110	135	35	160	None	None	testing
4	ym	f	19	green	3	(80, 0)	(40, 69)	(-39, 69)	(-80, 0)	(-40, -69)	(40, -69)	circle	green	dif	right	right	(-40, -69)	(80, 0)	search	nr	True	754276	755044	right	85	60	110	160	35	10	None	None	testing
4	ym	f	19	green	3	(80, 0)	(40, 69)	(-39, 69)	(-80, 0)	(-40, -69)	(40, -69)	circle	green	dif	right	right	(-80, 0)	(40, -69)	search	nr	True	756130	756882	right	85	110	135	160	10	60	None	None	testing
4	ym	f	19	green	3	(80, 0)	(40, 69)	(-39, 69)	(-80, 0)	(-40, -69)	(40, -69)	diamond	green	dif	right	right	(40, 69)	(80, 0)	search	nr	True	758049	759571	right	35	60	10	110	160	85	None	None	testing
4	ym	f	19	green	3	(80, 0)	(40, 69)	(-39, 69)	(-80, 0)	(-40, -69)	(40, -69)	circle	none	same	left	left	N_dist	(-39, 69)	search	nr	True	760755	761491	left	135	85	110	160	60	10	None	None	testing
4	ym	f	19	green	3	(80, 0)	(40, 69)	(-39, 69)	(-80, 0)	(-40, -69)	(40, -69)	diamond	green	dif	left	left	(-80, 0)	(80, 0)	probe	norm	None	None	None	None	110	85	60	35	135	10	(40, 69)	161	testing
4	ym	f	19	green	3	(80, 0)	(40, 69)	(-39, 69)	(-80, 0)	(-40, -69)	(40, -69)	diamond	green	same	left	left	(-80, 0)	(40, -69)	probe	h_sin	None	None	None	None	135	110	35	160	60	85	(-80, 0)	30	testing
4	ym	f	19	green	3	(80, 0)	(40, 69)	(-39, 69)	(-80, 0)	(-40, -69)	(40, -69)	diamond	green	dif	left	left	(40, -69)	(-39, 69)	search	nr	True	772059	772755	left	10	110	160	85	35	60	None	None	testing
4	ym	f	19	green	3	(80, 0)	(40, 69)	(-39, 69)	(-80, 0)	(-40, -69)	(40, -69)	diamond	green	dif	left	left	(-80, 0)	(80, 0)	probe	tar	None	None	None	None	160	85	135	110	10	35	(80, 0)	38	testing
4	ym	f	19	green	3	(80, 0)	(40, 69)	(-39, 69)	(-80, 0)	(-40, -69)	(40, -69)	diamond	green	dif	right	right	(-80, 0)	(80, 0)	probe	norm	None	None	None	None	110	135	35	85	60	160	(40, 69)	21	testing
4	ym	f	19	green	3	(80, 0)	(40, 69)	(-39, 69)	(-80, 0)	(-40, -69)	(40, -69)	diamond	none	same	right	right	N_dist	(-40, -69)	search	nr	True	782979	784355	right	35	10	110	60	160	85	None	None	testing
4	ym	f	19	green	3	(80, 0)	(40, 69)	(-39, 69)	(-80, 0)	(-40, -69)	(40, -69)	circle	green	same	left	left	(-80, 0)	(40, -69)	search	nr	True	785517	786691	left	60	35	135	160	10	110	None	None	testing
4	ym	f	19	green	3	(80, 0)	(40, 69)	(-39, 69)	(-80, 0)	(-40, -69)	(40, -69)	circle	green	same	right	right	(80, 0)	(-39, 69)	search	nr	True	787788	789107	right	35	60	10	110	160	135	None	None	testing
4	ym	f	19	green	3	(80, 0)	(40, 69)	(-39, 69)	(-80, 0)	(-40, -69)	(40, -69)	circle	green	dif	right	right	(-80, 0)	(40, -69)	search	nr	True	790192	791011	right	160	110	35	135	85	60	None	None	testing
4	ym	f	19	green	3	(80, 0)	(40, 69)	(-39, 69)	(-80, 0)	(-40, -69)	(40, -69)	circle	none	dif	right	right	N_dist	(-40, -69)	search	nr	True	792229	792947	right	160	10	110	60	135	35	None	None	testing
4	ym	f	19	green	3	(80, 0)	(40, 69)	(-39, 69)	(-80, 0)	(-40, -69)	(40, -69)	diamond	green	dif	left	left	(-39, 69)	(40, 69)	search	nr	True	794183	796004	left	35	85	110	10	60	160	None	None	testing
4	ym	f	19	green	3	(80, 0)	(40, 69)	(-39, 69)	(-80, 0)	(-40, -69)	(40, -69)	diamond	green	same	right	right	(40, -69)	(-40, -69)	search	nr	True	797205	798035	right	110	60	35	10	135	85	None	None	testing
4	ym	f	19	green	3	(80, 0)	(40, 69)	(-39, 69)	(-80, 0)	(-40, -69)	(40, -69)	circle	none	dif	left	left	N_dist	(40, 69)	probe	l_norm	None	None	None	None	10	160	85	35	60	110	(80, 0)	151	testing
4	ym	f	19	green	3	(80, 0)	(40, 69)	(-39, 69)	(-80, 0)	(-40, -69)	(40, -69)	circle	green	dif	right	right	(-80, 0)	(40, 69)	probe	h_sin	None	None	None	None	160	60	85	135	110	10	(-80, 0)	16	testing
4	ym	f	19	green	3	(80, 0)	(40, 69)	(-39, 69)	(-80, 0)	(-40, -69)	(40, -69)	diamond	green	dif	right	right	(-80, 0)	(80, 0)	search	nr	True	809077	810004	right	10	110	160	85	60	35	None	None	testing
4	ym	f	19	green	3	(80, 0)	(40, 69)	(-39, 69)	(-80, 0)	(-40, -69)	(40, -69)	diamond	none	same	left	left	N_dist	(-80, 0)	search	nr	True	811081	811747	left	110	35	60	160	10	85	None	None	testing
4	ym	f	19	green	3	(80, 0)	(40, 69)	(-39, 69)	(-80, 0)	(-40, -69)	(40, -69)	circle	green	same	right	right	(80, 0)	(-39, 69)	probe	norm	None	None	None	None	135	10	160	110	60	85	(-40, -69)	156	testing
4	ym	f	19	green	3	(80, 0)	(40, 69)	(-39, 69)	(-80, 0)	(-40, -69)	(40, -69)	circle	green	same	left	left	(40, -69)	(-39, 69)	search	nr	True	818277	819123	left	10	110	135	60	35	85	None	None	testing
4	ym	f	19	green	3	(80, 0)	(40, 69)	(-39, 69)	(-80, 0)	(-40, -69)	(40, -69)	circle	none	same	left	left	N_dist	(80, 0)	search	nr	True	820431	821138	left	10	35	60	110	135	85	None	None	testing
4	ym	f	19	green	3	(80, 0)	(40, 69)	(-39, 69)	(-80, 0)	(-40, -69)	(40, -69)	diamond	none	same	left	left	N_dist	(40, 69)	search	nr	True	822419	823139	left	35	135	10	110	160	60	None	None	testing
4	ym	f	19	green	3	(80, 0)	(40, 69)	(-39, 69)	(-80, 0)	(-40, -69)	(40, -69)	diamond	green	dif	left	left	(80, 0)	(40, -69)	search	nr	True	824255	825091	left	160	110	135	85	35	60	None	None	testing
4	ym	f	19	green	3	(80, 0)	(40, 69)	(-39, 69)	(-80, 0)	(-40, -69)	(40, -69)	circle	green	same	left	left	(-80, 0)	(-40, -69)	search	nr	True	826258	827267	left	35	110	85	10	160	135	None	None	testing
4	ym	f	19	green	3	(80, 0)	(40, 69)	(-39, 69)	(-80, 0)	(-40, -69)	(40, -69)	circle	green	same	right	right	(-80, 0)	(80, 0)	search	nr	True	828479	829315	right	135	85	35	160	60	10	None	None	testing
4	ym	f	19	green	3	(80, 0)	(40, 69)	(-39, 69)	(-80, 0)	(-40, -69)	(40, -69)	circle	green	same	left	left	(40, -69)	(-39, 69)	probe	tar	None	None	None	None	160	35	135	110	10	85	(-39, 69)	15	testing
4	ym	f	19	green	3	(80, 0)	(40, 69)	(-39, 69)	(-80, 0)	(-40, -69)	(40, -69)	diamond	none	same	left	left	N_dist	(80, 0)	search	nr	True	834958	835619	left	160	35	85	135	110	10	None	None	testing
4	ym	f	19	green	3	(80, 0)	(40, 69)	(-39, 69)	(-80, 0)	(-40, -69)	(40, -69)	diamond	none	dif	right	right	N_dist	(-80, 0)	search	nr	True	836895	837715	right	10	85	110	35	160	60	None	None	testing
4	ym	f	19	green	3	(80, 0)	(40, 69)	(-39, 69)	(-80, 0)	(-40, -69)	(40, -69)	circle	none	same	right	right	N_dist	(-39, 69)	search	nr	True	838848	839619	right	60	135	110	10	85	35	None	None	testing
4	ym	f	19	green	3	(80, 0)	(40, 69)	(-39, 69)	(-80, 0)	(-40, -69)	(40, -69)	diamond	green	same	left	left	(-80, 0)	(-40, -69)	search	nr	True	840752	841699	left	110	160	35	135	85	10	None	None	testing
4	ym	f	19	green	3	(80, 0)	(40, 69)	(-39, 69)	(-80, 0)	(-40, -69)	(40, -69)	circle	none	dif	left	left	N_dist	(-80, 0)	probe	h_tar	None	None	None	None	35	160	60	110	10	85	(-80, 0)	11	testing
4	ym	f	19	green	3	(80, 0)	(40, 69)	(-39, 69)	(-80, 0)	(-40, -69)	(40, -69)	diamond	green	same	left	left	(-80, 0)	(-40, -69)	search	nr	True	847063	847859	left	135	160	10	110	85	35	None	None	testing
4	ym	f	19	green	3	(80, 0)	(40, 69)	(-39, 69)	(-80, 0)	(-40, -69)	(40, -69)	circle	none	same	right	right	N_dist	(-40, -69)	probe	h_norm	None	None	None	None	85	60	135	10	35	110	(-80, 0)	9	testing
4	ym	f	19	green	3	(80, 0)	(40, 69)	(-39, 69)	(-80, 0)	(-40, -69)	(40, -69)	circle	none	same	left	left	N_dist	(40, 69)	search	nr	True	854260	855075	left	35	160	85	60	135	10	None	None	testing
4	ym	f	19	green	3	(80, 0)	(40, 69)	(-39, 69)	(-80, 0)	(-40, -69)	(40, -69)	diamond	green	same	left	left	(-80, 0)	(40, -69)	probe	tar	None	None	None	None	35	85	10	60	135	160	(40, -69)	22	testing
4	ym	f	19	green	3	(80, 0)	(40, 69)	(-39, 69)	(-80, 0)	(-40, -69)	(40, -69)	circle	green	same	left	left	(-80, 0)	(40, -69)	search	nr	True	860555	861283	left	10	135	35	160	85	110	None	None	testing
4	ym	f	19	green	3	(80, 0)	(40, 69)	(-39, 69)	(-80, 0)	(-40, -69)	(40, -69)	circle	none	same	right	right	N_dist	(40, -69)	search	nr	True	862558	863619	right	10	110	60	160	135	35	None	None	testing
4	ym	f	19	green	3	(80, 0)	(40, 69)	(-39, 69)	(-80, 0)	(-40, -69)	(40, -69)	diamond	green	dif	right	right	(-80, 0)	(80, 0)	search	nr	True	864846	865539	right	10	110	160	60	35	135	None	None	testing
4	ym	f	19	green	3	(80, 0)	(40, 69)	(-39, 69)	(-80, 0)	(-40, -69)	(40, -69)	diamond	green	dif	right	right	(-40, -69)	(40, 69)	search	nr	True	866649	867411	right	60	35	160	85	10	110	None	None	testing
4	ym	f	19	green	3	(80, 0)	(40, 69)	(-39, 69)	(-80, 0)	(-40, -69)	(40, -69)	diamond	green	dif	left	left	(-40, -69)	(-39, 69)	probe	l_sin	None	None	None	None	110	135	10	60	85	35	(-40, -69)	160	testing
4	ym	f	19	green	3	(80, 0)	(40, 69)	(-39, 69)	(-80, 0)	(-40, -69)	(40, -69)	circle	green	dif	right	right	(-40, -69)	(80, 0)	search	nr	True	873496	874275	right	160	110	135	10	35	85	None	None	testing
4	ym	f	19	green	3	(80, 0)	(40, 69)	(-39, 69)	(-80, 0)	(-40, -69)	(40, -69)	circle	none	same	right	right	N_dist	(-39, 69)	search	nr	True	875499	876195	right	10	160	60	135	35	110	None	None	testing
4	ym	f	19	green	3	(80, 0)	(40, 69)	(-39, 69)	(-80, 0)	(-40, -69)	(40, -69)	diamond	none	dif	right	right	N_dist	(40, -69)	search	nr	True	877386	878307	right	160	110	135	10	35	85	None	None	testing
4	ym	f	19	green	3	(80, 0)	(40, 69)	(-39, 69)	(-80, 0)	(-40, -69)	(40, -69)	diamond	none	dif	right	right	N_dist	(-80, 0)	search	nr	True	879406	880115	right	160	35	110	135	10	85	None	None	testing
4	ym	f	19	green	3	(80, 0)	(40, 69)	(-39, 69)	(-80, 0)	(-40, -69)	(40, -69)	circle	none	same	left	left	N_dist	(80, 0)	probe	l_norm	None	None	None	None	60	10	135	85	35	160	(-40, -69)	159	testing
4	ym	f	19	green	3	(80, 0)	(40, 69)	(-39, 69)	(-80, 0)	(-40, -69)	(40, -69)	diamond	none	same	right	right	N_dist	(40, 69)	search	nr	True	885919	886707	right	60	10	35	135	85	160	None	None	testing
4	ym	f	19	green	3	(80, 0)	(40, 69)	(-39, 69)	(-80, 0)	(-40, -69)	(40, -69)	diamond	green	dif	right	right	(40, 69)	(80, 0)	probe	norm	None	None	None	None	10	35	60	135	110	85	(-39, 69)	167	testing
4	ym	f	19	green	3	(80, 0)	(40, 69)	(-39, 69)	(-80, 0)	(-40, -69)	(40, -69)	circle	green	same	left	left	(-80, 0)	(40, 69)	search	nr	True	892647	893539	left	60	10	85	110	35	160	None	None	testing
4	ym	f	19	green	3	(80, 0)	(40, 69)	(-39, 69)	(-80, 0)	(-40, -69)	(40, -69)	diamond	green	dif	left	left	(40, -69)	(80, 0)	search	nr	True	894668	895459	left	160	35	85	10	60	135	None	None	testing
4	ym	f	19	green	3	(80, 0)	(40, 69)	(-39, 69)	(-80, 0)	(-40, -69)	(40, -69)	circle	green	same	left	left	(-80, 0)	(40, 69)	probe	h_sin	None	None	None	None	10	85	110	160	60	135	(-80, 0)	43	testing
4	ym	f	19	green	3	(80, 0)	(40, 69)	(-39, 69)	(-80, 0)	(-40, -69)	(40, -69)	diamond	none	same	right	right	N_dist	(-40, -69)	search	nr	True	903133	903907	right	35	135	10	160	110	60	None	None	testing
4	ym	f	19	green	3	(80, 0)	(40, 69)	(-39, 69)	(-80, 0)	(-40, -69)	(40, -69)	diamond	green	dif	right	right	(-80, 0)	(-40, -69)	search	nr	True	905154	905906	right	10	35	110	135	160	60	None	None	testing
4	ym	f	19	green	3	(80, 0)	(40, 69)	(-39, 69)	(-80, 0)	(-40, -69)	(40, -69)	diamond	green	dif	left	left	(40, -69)	(80, 0)	search	nr	True	907208	908243	left	35	85	160	10	110	60	None	None	testing
4	ym	f	19	green	3	(80, 0)	(40, 69)	(-39, 69)	(-80, 0)	(-40, -69)	(40, -69)	circle	green	same	left	left	(-80, 0)	(-39, 69)	search	nr	True	909412	910355	left	10	160	60	35	110	135	None	None	testing
4	ym	f	19	green	3	(80, 0)	(40, 69)	(-39, 69)	(-80, 0)	(-40, -69)	(40, -69)	diamond	green	dif	left	left	(40, -69)	(-39, 69)	probe	tar	None	None	None	None	160	110	85	135	60	10	(-39, 69)	0	testing
4	ym	f	19	green	3	(80, 0)	(40, 69)	(-39, 69)	(-80, 0)	(-40, -69)	(40, -69)	circle	none	same	left	left	N_dist	(-39, 69)	probe	l_norm	None	None	None	None	35	85	110	10	160	60	(-40, -69)	33	testing
4	ym	f	19	green	3	(80, 0)	(40, 69)	(-39, 69)	(-80, 0)	(-40, -69)	(40, -69)	circle	none	same	right	right	N_dist	(80, 0)	probe	l_tar	None	None	None	None	110	60	160	35	85	10	(80, 0)	19	testing
4	ym	f	19	green	3	(80, 0)	(40, 69)	(-39, 69)	(-80, 0)	(-40, -69)	(40, -69)	circle	green	dif	right	right	(-80, 0)	(-40, -69)	search	nr	True	926710	927603	right	110	160	85	10	60	35	None	None	testing
4	ym	f	19	green	3	(80, 0)	(40, 69)	(-39, 69)	(-80, 0)	(-40, -69)	(40, -69)	diamond	none	dif	left	left	N_dist	(-40, -69)	probe	l_norm	None	None	None	None	10	135	35	160	60	110	(80, 0)	154	testing
4	ym	f	19	green	3	(80, 0)	(40, 69)	(-39, 69)	(-80, 0)	(-40, -69)	(40, -69)	diamond	green	same	left	left	(40, -69)	(80, 0)	search	nr	True	933656	934611	left	160	110	60	10	135	35	None	None	testing
4	ym	f	19	green	3	(80, 0)	(40, 69)	(-39, 69)	(-80, 0)	(-40, -69)	(40, -69)	diamond	green	dif	right	right	(-80, 0)	(80, 0)	probe	norm	None	None	None	None	60	160	35	85	10	135	(-39, 69)	158	testing
4	ym	f	19	green	3	(80, 0)	(40, 69)	(-39, 69)	(-80, 0)	(-40, -69)	(40, -69)	circle	green	same	left	left	(40, -69)	(80, 0)	search	nr	True	940936	941635	left	160	35	110	85	60	10	None	None	testing
4	ym	f	19	green	3	(80, 0)	(40, 69)	(-39, 69)	(-80, 0)	(-40, -69)	(40, -69)	diamond	none	dif	right	right	N_dist	(-80, 0)	probe	h_tar	None	None	None	None	110	160	10	35	135	60	(-80, 0)	148	testing
4	ym	f	19	green	3	(80, 0)	(40, 69)	(-39, 69)	(-80, 0)	(-40, -69)	(40, -69)	circle	green	same	right	right	(-80, 0)	(40, 69)	search	nr	True	948751	949491	right	10	35	60	135	160	85	None	None	testing
4	ym	f	19	green	3	(80, 0)	(40, 69)	(-39, 69)	(-80, 0)	(-40, -69)	(40, -69)	circle	green	dif	right	right	(-80, 0)	(40, -69)	probe	norm	None	None	None	None	85	160	60	135	10	110	(40, 69)	27	testing
4	ym	f	19	green	3	(80, 0)	(40, 69)	(-39, 69)	(-80, 0)	(-40, -69)	(40, -69)	circle	green	dif	right	right	(-80, 0)	(-39, 69)	search	nr	True	955697	956322	right	10	110	135	35	60	160	None	None	testing
4	ym	f	19	green	3	(80, 0)	(40, 69)	(-39, 69)	(-80, 0)	(-40, -69)	(40, -69)	diamond	green	dif	right	right	(-80, 0)	(40, -69)	search	nr	True	957567	958611	right	60	85	35	135	160	110	None	None	testing
4	ym	f	19	green	3	(80, 0)	(40, 69)	(-39, 69)	(-80, 0)	(-40, -69)	(40, -69)	circle	green	same	right	right	(-80, 0)	(-39, 69)	search	nr	True	959788	960451	right	110	60	135	35	85	10	None	None	testing
4	ym	f	19	green	3	(80, 0)	(40, 69)	(-39, 69)	(-80, 0)	(-40, -69)	(40, -69)	circle	green	dif	left	left	(-80, 0)	(80, 0)	search	nr	True	961607	962338	left	160	135	110	10	35	60	None	None	testing
4	ym	f	19	green	3	(80, 0)	(40, 69)	(-39, 69)	(-80, 0)	(-40, -69)	(40, -69)	circle	green	same	right	right	(-80, 0)	(40, 69)	probe	norm	None	None	None	None	35	60	110	85	135	10	(40, -69)	51	testing
4	ym	f	19	green	3	(80, 0)	(40, 69)	(-39, 69)	(-80, 0)	(-40, -69)	(40, -69)	circle	none	dif	left	left	N_dist	(40, -69)	search	nr	True	970440	971155	left	10	35	135	85	110	160	None	None	testing
4	ym	f	19	green	3	(80, 0)	(40, 69)	(-39, 69)	(-80, 0)	(-40, -69)	(40, -69)	diamond	none	same	left	left	N_dist	(-80, 0)	probe	h_tar	None	None	None	None	135	10	85	35	160	60	(-80, 0)	162	testing
4	ym	f	19	green	3	(80, 0)	(40, 69)	(-39, 69)	(-80, 0)	(-40, -69)	(40, -69)	circle	green	dif	right	right	(-80, 0)	(40, 69)	search	nr	True	977337	978098	right	60	110	10	135	35	160	None	None	testing
4	ym	f	19	green	3	(80, 0)	(40, 69)	(-39, 69)	(-80, 0)	(-40, -69)	(40, -69)	circle	green	dif	left	left	(-80, 0)	(-39, 69)	probe	h_sin	None	None	None	None	10	110	60	160	135	35	(-80, 0)	39	testing
4	ym	f	19	green	3	(80, 0)	(40, 69)	(-39, 69)	(-80, 0)	(-40, -69)	(40, -69)	diamond	green	dif	left	left	(40, -69)	(80, 0)	probe	l_sin	None	None	None	None	35	10	60	160	135	85	(40, -69)	172	testing
4	ym	f	19	green	3	(80, 0)	(40, 69)	(-39, 69)	(-80, 0)	(-40, -69)	(40, -69)	diamond	none	same	left	left	N_dist	(80, 0)	search	nr	True	991479	992115	left	35	110	85	160	60	135	None	None	testing
4	ym	f	19	green	3	(80, 0)	(40, 69)	(-39, 69)	(-80, 0)	(-40, -69)	(40, -69)	circle	green	same	right	right	(-80, 0)	(40, 69)	search	nr	True	993399	994386	right	160	110	10	60	35	135	None	None	testing
4	ym	f	19	green	3	(80, 0)	(40, 69)	(-39, 69)	(-80, 0)	(-40, -69)	(40, -69)	diamond	green	dif	left	left	(80, 0)	(40, -69)	search	nr	True	995469	996419	left	35	85	10	110	160	60	None	None	testing
4	ym	f	19	green	3	(80, 0)	(40, 69)	(-39, 69)	(-80, 0)	(-40, -69)	(40, -69)	diamond	green	dif	left	left	(-80, 0)	(80, 0)	search	nr	True	997523	998226	left	85	60	10	135	110	160	None	None	testing
4	ym	f	19	green	3	(80, 0)	(40, 69)	(-39, 69)	(-80, 0)	(-40, -69)	(40, -69)	circle	green	same	left	left	(-80, 0)	(80, 0)	search	nr	True	999444	1000099	left	10	135	160	35	60	85	None	None	testing
4	ym	f	19	green	3	(80, 0)	(40, 69)	(-39, 69)	(-80, 0)	(-40, -69)	(40, -69)	diamond	none	same	right	right	N_dist	(-40, -69)	probe	l_tar	None	None	None	None	135	60	110	35	160	10	(-40, -69)	28	testing
4	ym	f	19	green	3	(80, 0)	(40, 69)	(-39, 69)	(-80, 0)	(-40, -69)	(40, -69)	circle	green	same	right	right	(80, 0)	(-40, -69)	probe	norm	None	None	None	None	35	10	135	85	160	60	(40, 69)	153	testing
4	ym	f	19	green	3	(80, 0)	(40, 69)	(-39, 69)	(-80, 0)	(-40, -69)	(40, -69)	diamond	none	dif	right	right	N_dist	(-39, 69)	search	nr	True	1012668	1013331	right	160	135	35	110	60	10	None	None	testing
4	ym	f	19	green	3	(80, 0)	(40, 69)	(-39, 69)	(-80, 0)	(-40, -69)	(40, -69)	diamond	green	same	left	left	(-80, 0)	(40, -69)	probe	h_sin	None	None	None	None	85	160	110	135	35	60	(-80, 0)	11	testing
4	ym	f	19	green	3	(80, 0)	(40, 69)	(-39, 69)	(-80, 0)	(-40, -69)	(40, -69)	diamond	green	same	right	right	(40, -69)	(-40, -69)	search	nr	True	1019197	1019970	right	85	160	60	35	110	10	None	None	testing
4	ym	f	19	green	3	(80, 0)	(40, 69)	(-39, 69)	(-80, 0)	(-40, -69)	(40, -69)	diamond	green	same	right	right	(40, 69)	(-39, 69)	search	nr	True	1021217	1021811	right	160	135	10	60	110	85	None	None	testing
4	ym	f	19	green	3	(80, 0)	(40, 69)	(-39, 69)	(-80, 0)	(-40, -69)	(40, -69)	circle	green	same	right	right	(-80, 0)	(-39, 69)	search	nr	True	1023053	1023651	right	85	110	135	60	35	160	None	None	testing
4	ym	f	19	green	3	(80, 0)	(40, 69)	(-39, 69)	(-80, 0)	(-40, -69)	(40, -69)	circle	green	dif	left	left	(-80, 0)	(-39, 69)	probe	h_sin	None	None	None	None	10	110	35	60	85	135	(-80, 0)	0	testing
4	ym	f	19	green	3	(80, 0)	(40, 69)	(-39, 69)	(-80, 0)	(-40, -69)	(40, -69)	circle	green	same	right	right	(-80, 0)	(-39, 69)	search	nr	True	1028531	1029235	right	160	60	35	135	110	10	None	None	testing
4	ym	f	19	green	3	(80, 0)	(40, 69)	(-39, 69)	(-80, 0)	(-40, -69)	(40, -69)	circle	none	same	left	left	N_dist	(40, 69)	search	nr	True	1030467	1031763	left	35	10	135	85	60	160	None	None	testing
4	ym	f	19	green	3	(80, 0)	(40, 69)	(-39, 69)	(-80, 0)	(-40, -69)	(40, -69)	circle	green	dif	left	left	(-80, 0)	(40, -69)	probe	norm	None	None	None	None	10	135	60	35	110	160	(-40, -69)	0	testing
4	ym	f	19	green	3	(80, 0)	(40, 69)	(-39, 69)	(-80, 0)	(-40, -69)	(40, -69)	circle	none	dif	left	left	N_dist	(40, -69)	probe	h_norm	None	None	None	None	135	35	60	110	85	160	(-80, 0)	0	testing
4	ym	f	19	green	3	(80, 0)	(40, 69)	(-39, 69)	(-80, 0)	(-40, -69)	(40, -69)	circle	green	dif	right	right	(-80, 0)	(-40, -69)	probe	tar	None	None	None	None	160	10	110	85	35	135	(-40, -69)	157	testing
4	ym	f	19	green	3	(80, 0)	(40, 69)	(-39, 69)	(-80, 0)	(-40, -69)	(40, -69)	circle	green	same	right	right	(-80, 0)	(40, 69)	probe	tar	None	None	None	None	135	160	60	10	35	85	(40, 69)	31	testing
4	ym	f	19	green	3	(80, 0)	(40, 69)	(-39, 69)	(-80, 0)	(-40, -69)	(40, -69)	circle	green	dif	left	left	(-80, 0)	(80, 0)	probe	tar	None	None	None	None	110	160	35	60	85	10	(80, 0)	28	testing
4	ym	f	19	green	3	(80, 0)	(40, 69)	(-39, 69)	(-80, 0)	(-40, -69)	(40, -69)	circle	none	same	right	right	N_dist	(80, 0)	search	nr	True	1054177	1055218	right	60	10	110	35	85	160	None	None	testing
4	ym	f	19	green	3	(80, 0)	(40, 69)	(-39, 69)	(-80, 0)	(-40, -69)	(40, -69)	diamond	green	same	right	right	(-80, 0)	(40, 69)	search	nr	True	1056415	1057203	right	35	160	60	85	135	10	None	None	testing
4	ym	f	19	green	3	(80, 0)	(40, 69)	(-39, 69)	(-80, 0)	(-40, -69)	(40, -69)	circle	none	same	left	left	N_dist	(40, 69)	probe	l_norm	None	None	None	None	110	135	85	60	35	160	(-39, 69)	0	testing
4	ym	f	19	green	3	(80, 0)	(40, 69)	(-39, 69)	(-80, 0)	(-40, -69)	(40, -69)	diamond	none	same	left	left	N_dist	(40, 69)	probe	l_norm	None	None	None	None	135	85	35	110	60	160	(-39, 69)	164	testing
4	ym	f	19	green	3	(80, 0)	(40, 69)	(-39, 69)	(-80, 0)	(-40, -69)	(40, -69)	diamond	none	same	right	right	N_dist	(-40, -69)	probe	l_norm	None	None	None	None	110	35	85	10	135	60	(40, -69)	167	testing
4	ym	f	19	green	3	(80, 0)	(40, 69)	(-39, 69)	(-80, 0)	(-40, -69)	(40, -69)	diamond	none	dif	right	right	N_dist	(-80, 0)	search	nr	True	1070825	1071475	right	60	85	160	135	35	110	None	None	testing
4	ym	f	19	green	3	(80, 0)	(40, 69)	(-39, 69)	(-80, 0)	(-40, -69)	(40, -69)	circle	green	dif	left	left	(-80, 0)	(40, -69)	search	nr	True	1072712	1073827	left	35	110	135	160	60	85	None	None	testing
4	ym	f	19	green	3	(80, 0)	(40, 69)	(-39, 69)	(-80, 0)	(-40, -69)	(40, -69)	circle	green	same	left	left	(80, 0)	(40, -69)	probe	l_sin	None	None	None	None	85	135	160	60	35	110	(80, 0)	159	testing
4	ym	f	19	green	3	(80, 0)	(40, 69)	(-39, 69)	(-80, 0)	(-40, -69)	(40, -69)	diamond	none	same	left	left	N_dist	(80, 0)	search	nr	True	1079274	1079955	left	110	160	135	60	35	85	None	None	testing
4	ym	f	19	green	3	(80, 0)	(40, 69)	(-39, 69)	(-80, 0)	(-40, -69)	(40, -69)	circle	green	same	right	right	(-40, -69)	(40, 69)	probe	tar	None	None	None	None	35	85	135	60	160	10	(40, 69)	163	testing
4	ym	f	19	green	3	(80, 0)	(40, 69)	(-39, 69)	(-80, 0)	(-40, -69)	(40, -69)	diamond	none	dif	right	right	N_dist	(40, -69)	probe	l_tar	None	None	None	None	135	85	160	35	10	110	(40, -69)	171	testing
4	ym	f	19	green	3	(80, 0)	(40, 69)	(-39, 69)	(-80, 0)	(-40, -69)	(40, -69)	diamond	green	same	right	right	(-80, 0)	(-40, -69)	probe	norm	None	None	None	None	85	60	135	110	10	35	(80, 0)	173	testing
4	ym	f	19	green	3	(80, 0)	(40, 69)	(-39, 69)	(-80, 0)	(-40, -69)	(40, -69)	diamond	green	same	left	left	(-80, 0)	(40, 69)	search	nr	True	1093182	1093875	left	160	35	60	10	85	110	None	None	testing
4	ym	f	19	green	3	(80, 0)	(40, 69)	(-39, 69)	(-80, 0)	(-40, -69)	(40, -69)	diamond	green	dif	right	right	(-80, 0)	(-40, -69)	search	nr	True	1095170	1096019	right	160	85	60	110	10	135	None	None	testing
4	ym	f	19	green	3	(80, 0)	(40, 69)	(-39, 69)	(-80, 0)	(-40, -69)	(40, -69)	diamond	green	dif	left	left	(-80, 0)	(80, 0)	search	nr	True	1097307	1098083	left	35	10	160	110	135	85	None	None	testing
4	ym	f	19	green	3	(80, 0)	(40, 69)	(-39, 69)	(-80, 0)	(-40, -69)	(40, -69)	diamond	green	dif	left	left	(-39, 69)	(40, 69)	probe	norm	None	None	None	None	60	10	160	85	135	35	(-80, 0)	0	testing
4	ym	f	19	green	3	(80, 0)	(40, 69)	(-39, 69)	(-80, 0)	(-40, -69)	(40, -69)	circle	green	dif	right	right	(-40, -69)	(80, 0)	probe	l_sin	None	None	None	None	10	35	60	110	135	160	(-40, -69)	21	testing
4	ym	f	19	green	3	(80, 0)	(40, 69)	(-39, 69)	(-80, 0)	(-40, -69)	(40, -69)	circle	none	dif	left	left	N_dist	(40, -69)	search	nr	True	1108260	1109203	left	110	60	160	10	135	35	None	None	testing
4	ym	f	19	green	3	(80, 0)	(40, 69)	(-39, 69)	(-80, 0)	(-40, -69)	(40, -69)	circle	green	dif	left	left	(40, 69)	(40, -69)	search	nr	True	1110314	1111331	left	160	60	10	135	85	35	None	None	testing
4	ym	f	19	green	3	(80, 0)	(40, 69)	(-39, 69)	(-80, 0)	(-40, -69)	(40, -69)	circle	green	same	right	right	(-80, 0)	(-39, 69)	probe	h_sin	None	None	None	None	135	60	35	10	160	110	(-80, 0)	122	testing
4	ym	f	19	green	3	(80, 0)	(40, 69)	(-39, 69)	(-80, 0)	(-40, -69)	(40, -69)	circle	green	dif	left	left	(-80, 0)	(-40, -69)	probe	norm	None	None	None	None	85	160	35	10	60	110	(40, 69)	22	testing
4	ym	f	19	green	3	(80, 0)	(40, 69)	(-39, 69)	(-80, 0)	(-40, -69)	(40, -69)	circle	none	same	left	left	N_dist	(-80, 0)	search	nr	True	1122453	1123411	right	110	10	160	60	135	35	None	None	testing
4	ym	f	19	green	3	(80, 0)	(40, 69)	(-39, 69)	(-80, 0)	(-40, -69)	(40, -69)	diamond	green	same	right	right	(80, 0)	(-40, -69)	probe	l_sin	None	None	None	None	135	85	160	10	60	35	(80, 0)	24	testing
4	ym	f	19	green	3	(80, 0)	(40, 69)	(-39, 69)	(-80, 0)	(-40, -69)	(40, -69)	diamond	green	dif	right	right	(-40, -69)	(80, 0)	probe	l_sin	None	None	None	None	135	160	110	35	85	10	(-40, -69)	167	testing
4	ym	f	19	green	3	(80, 0)	(40, 69)	(-39, 69)	(-80, 0)	(-40, -69)	(40, -69)	circle	none	dif	left	left	N_dist	(40, -69)	search	nr	True	1134809	1135747	left	10	110	135	35	85	160	None	None	testing
4	ym	f	19	green	3	(80, 0)	(40, 69)	(-39, 69)	(-80, 0)	(-40, -69)	(40, -69)	diamond	green	same	right	right	(-80, 0)	(40, 69)	probe	norm	None	None	None	None	135	35	60	10	85	110	(-40, -69)	7	testing
4	ym	f	19	green	3	(80, 0)	(40, 69)	(-39, 69)	(-80, 0)	(-40, -69)	(40, -69)	circle	none	dif	left	left	N_dist	(40, -69)	search	nr	True	1141805	1142738	left	35	110	160	135	60	85	None	None	testing
4	ym	f	19	green	3	(80, 0)	(40, 69)	(-39, 69)	(-80, 0)	(-40, -69)	(40, -69)	circle	green	same	right	right	(-40, -69)	(40, 69)	search	nr	True	1143976	1144898	right	160	60	35	10	85	135	None	None	testing
4	ym	f	19	green	3	(80, 0)	(40, 69)	(-39, 69)	(-80, 0)	(-40, -69)	(40, -69)	circle	none	dif	right	right	N_dist	(-39, 69)	probe	h_norm	None	None	None	None	10	160	85	110	60	35	(-80, 0)	0	testing
4	ym	f	19	green	3	(80, 0)	(40, 69)	(-39, 69)	(-80, 0)	(-40, -69)	(40, -69)	diamond	green	same	left	left	(-39, 69)	(80, 0)	probe	l_sin	None	None	None	None	160	35	110	60	10	135	(-39, 69)	9	testing
4	ym	f	19	green	3	(80, 0)	(40, 69)	(-39, 69)	(-80, 0)	(-40, -69)	(40, -69)	diamond	none	same	left	left	N_dist	(-80, 0)	search	nr	True	1154846	1155587	left	85	110	60	160	10	35	None	None	testing
4	ym	f	19	green	3	(80, 0)	(40, 69)	(-39, 69)	(-80, 0)	(-40, -69)	(40, -69)	diamond	green	same	right	right	(80, 0)	(-40, -69)	search	nr	True	1156700	1158147	right	35	85	10	110	135	160	None	None	testing
4	ym	f	19	green	3	(80, 0)	(40, 69)	(-39, 69)	(-80, 0)	(-40, -69)	(40, -69)	diamond	green	dif	right	right	(-80, 0)	(80, 0)	search	nr	True	1159220	1159890	right	60	110	160	85	35	135	None	None	testing
4	ym	f	19	green	3	(80, 0)	(40, 69)	(-39, 69)	(-80, 0)	(-40, -69)	(40, -69)	diamond	green	dif	left	left	(-40, -69)	(-39, 69)	search	nr	True	1161125	1161795	left	60	35	160	110	135	10	None	None	testing
4	ym	f	19	green	3	(80, 0)	(40, 69)	(-39, 69)	(-80, 0)	(-40, -69)	(40, -69)	diamond	green	same	left	left	(-80, 0)	(-40, -69)	search	nr	True	1162878	1163875	left	160	135	35	60	85	10	None	None	testing
4	ym	f	19	green	3	(80, 0)	(40, 69)	(-39, 69)	(-80, 0)	(-40, -69)	(40, -69)	circle	green	same	left	left	(-80, 0)	(-39, 69)	search	nr	True	1164931	1165875	left	10	35	85	60	135	110	None	None	testing
4	ym	f	19	green	3	(80, 0)	(40, 69)	(-39, 69)	(-80, 0)	(-40, -69)	(40, -69)	circle	green	dif	right	right	(40, 69)	(-39, 69)	search	nr	True	1167035	1167779	right	85	35	160	10	110	60	None	None	testing
4	ym	f	19	green	3	(80, 0)	(40, 69)	(-39, 69)	(-80, 0)	(-40, -69)	(40, -69)	diamond	none	same	right	right	N_dist	(40, 69)	search	nr	True	1169022	1169714	right	160	85	35	110	10	60	None	None	testing
4	ym	f	19	green	3	(80, 0)	(40, 69)	(-39, 69)	(-80, 0)	(-40, -69)	(40, -69)	diamond	green	same	left	left	(-80, 0)	(40, 69)	probe	norm	None	None	None	None	160	135	85	110	60	10	(80, 0)	34	testing
4	ym	f	19	green	3	(80, 0)	(40, 69)	(-39, 69)	(-80, 0)	(-40, -69)	(40, -69)	diamond	green	dif	left	left	(-39, 69)	(40, 69)	probe	norm	None	None	None	None	135	110	10	35	85	160	(-40, -69)	8	testing
4	ym	f	19	green	3	(80, 0)	(40, 69)	(-39, 69)	(-80, 0)	(-40, -69)	(40, -69)	circle	green	dif	left	left	(-39, 69)	(40, -69)	probe	tar	None	None	None	None	60	10	135	110	160	85	(40, -69)	168	testing
4	ym	f	19	green	3	(80, 0)	(40, 69)	(-39, 69)	(-80, 0)	(-40, -69)	(40, -69)	circle	green	dif	left	left	(-80, 0)	(-39, 69)	search	nr	True	1185503	1186242	left	110	60	85	160	35	10	None	None	testing
4	ym	f	19	green	3	(80, 0)	(40, 69)	(-39, 69)	(-80, 0)	(-40, -69)	(40, -69)	diamond	green	dif	right	right	(-80, 0)	(-39, 69)	probe	tar	None	None	None	None	85	110	60	135	10	160	(-39, 69)	166	testing
4	ym	f	19	green	3	(80, 0)	(40, 69)	(-39, 69)	(-80, 0)	(-40, -69)	(40, -69)	circle	green	dif	right	right	(-80, 0)	(40, -69)	search	nr	True	1191547	1192451	right	160	10	135	85	60	35	None	None	testing
4	ym	f	19	green	3	(80, 0)	(40, 69)	(-39, 69)	(-80, 0)	(-40, -69)	(40, -69)	circle	green	dif	right	right	(-80, 0)	(-39, 69)	probe	tar	None	None	None	None	110	85	10	135	60	160	(-39, 69)	131	testing
4	ym	f	19	green	3	(80, 0)	(40, 69)	(-39, 69)	(-80, 0)	(-40, -69)	(40, -69)	circle	green	dif	left	left	(-80, 0)	(80, 0)	search	nr	True	1200363	1201443	left	60	35	10	160	135	85	None	None	testing
4	ym	f	19	green	3	(80, 0)	(40, 69)	(-39, 69)	(-80, 0)	(-40, -69)	(40, -69)	diamond	green	same	right	right	(-80, 0)	(-40, -69)	probe	h_sin	None	None	None	None	35	10	110	60	135	160	(-80, 0)	160	testing
4	ym	f	19	green	3	(80, 0)	(40, 69)	(-39, 69)	(-80, 0)	(-40, -69)	(40, -69)	circle	green	same	right	right	(-80, 0)	(80, 0)	search	nr	True	1207293	1208035	right	85	35	110	160	10	60	None	None	testing
4	ym	f	19	green	3	(80, 0)	(40, 69)	(-39, 69)	(-80, 0)	(-40, -69)	(40, -69)	circle	green	same	left	left	(-80, 0)	(-39, 69)	probe	tar	None	None	None	None	35	160	60	135	85	110	(-39, 69)	159	testing
4	ym	f	19	green	3	(80, 0)	(40, 69)	(-39, 69)	(-80, 0)	(-40, -69)	(40, -69)	circle	none	same	left	left	N_dist	(-39, 69)	search	nr	True	1213854	1214514	left	85	60	160	135	35	110	None	None	testing
4	ym	f	19	green	3	(80, 0)	(40, 69)	(-39, 69)	(-80, 0)	(-40, -69)	(40, -69)	diamond	green	same	right	right	(40, -69)	(-40, -69)	probe	l_sin	None	None	None	None	10	35	110	85	135	160	(40, -69)	31	testing
4	ym	f	19	green	3	(80, 0)	(40, 69)	(-39, 69)	(-80, 0)	(-40, -69)	(40, -69)	circle	green	same	left	left	(40, -69)	(80, 0)	search	nr	True	1219833	1220643	left	10	135	35	160	110	85	None	None	testing
4	ym	f	19	green	3	(80, 0)	(40, 69)	(-39, 69)	(-80, 0)	(-40, -69)	(40, -69)	diamond	none	same	left	left	N_dist	(40, 69)	search	nr	True	1221753	1222434	left	110	160	10	60	35	85	None	None	testing
4	ym	f	19	green	3	(80, 0)	(40, 69)	(-39, 69)	(-80, 0)	(-40, -69)	(40, -69)	circle	green	same	left	left	(-39, 69)	(40, 69)	search	nr	True	1223722	1224658	left	110	10	160	135	85	35	None	None	testing
4	ym	f	19	green	3	(80, 0)	(40, 69)	(-39, 69)	(-80, 0)	(-40, -69)	(40, -69)	diamond	green	same	left	left	(-80, 0)	(40, -69)	search	nr	True	1225743	1226674	left	160	10	135	60	85	110	None	None	testing
4	ym	f	19	green	3	(80, 0)	(40, 69)	(-39, 69)	(-80, 0)	(-40, -69)	(40, -69)	circle	green	dif	right	right	(40, 69)	(80, 0)	search	nr	True	1227980	1229058	right	135	85	10	60	110	35	None	None	testing
4	ym	f	19	green	3	(80, 0)	(40, 69)	(-39, 69)	(-80, 0)	(-40, -69)	(40, -69)	circle	none	dif	right	right	N_dist	(-40, -69)	probe	h_norm	None	None	None	None	85	110	10	135	60	160	(-80, 0)	16	testing
4	ym	f	19	green	3	(80, 0)	(40, 69)	(-39, 69)	(-80, 0)	(-40, -69)	(40, -69)	circle	none	dif	right	right	N_dist	(40, 69)	search	nr	True	1235260	1235987	right	35	110	85	135	10	160	None	None	testing
4	ym	f	19	green	3	(80, 0)	(40, 69)	(-39, 69)	(-80, 0)	(-40, -69)	(40, -69)	circle	none	dif	right	right	N_dist	(40, 69)	search	nr	True	1237264	1237907	right	35	85	10	110	135	60	None	None	testing
4	ym	f	19	green	3	(80, 0)	(40, 69)	(-39, 69)	(-80, 0)	(-40, -69)	(40, -69)	diamond	none	same	right	right	N_dist	(-39, 69)	probe	h_norm	None	None	None	None	85	160	35	135	60	10	(-80, 0)	10	testing
4	ym	f	19	green	3	(80, 0)	(40, 69)	(-39, 69)	(-80, 0)	(-40, -69)	(40, -69)	circle	green	same	right	right	(-80, 0)	(40, 69)	search	nr	True	1243409	1244130	right	60	110	35	85	160	10	None	None	testing
4	ym	f	19	green	3	(80, 0)	(40, 69)	(-39, 69)	(-80, 0)	(-40, -69)	(40, -69)	diamond	none	dif	right	right	N_dist	(-80, 0)	search	nr	True	1245413	1246514	right	10	35	60	160	110	135	None	None	testing
4	ym	f	19	green	3	(80, 0)	(40, 69)	(-39, 69)	(-80, 0)	(-40, -69)	(40, -69)	diamond	green	same	left	left	(-40, -69)	(40, -69)	search	nr	True	1247767	1248691	left	60	85	110	135	160	35	None	None	testing
4	ym	f	19	green	3	(80, 0)	(40, 69)	(-39, 69)	(-80, 0)	(-40, -69)	(40, -69)	diamond	green	dif	left	left	(-80, 0)	(80, 0)	search	nr	True	1249770	1250611	left	60	85	135	110	35	10	None	None	testing
4	ym	f	19	green	3	(80, 0)	(40, 69)	(-39, 69)	(-80, 0)	(-40, -69)	(40, -69)	diamond	green	same	left	left	(-80, 0)	(40, -69)	search	nr	True	1251825	1252466	left	135	85	110	160	10	60	None	None	testing
