subj	name	gender	age	dist	run	tar_locs1	tar_locs2	tar_locs3	tar_locs4	tar_locs5	tar_locs6	shape	dist	td_dif	detection	resp_key	dis_loc	tar_loc	task_type	probe_cond	gotKey	startTime	respTime	resp	o1	o2	o3	o4	o5	o6	pro_loc	ori_resp	mode
4	ym	f	19	green	1	(80, 0)	(40, 69)	(-39, 69)	(-80, 0)	(-40, -69)	(40, -69)	circle	none	same	right	right	N_dist	(-80, 0)	search	nr	True	178547	179627	right	60	35	10	85	160	135	None	None	practice
4	ym	f	19	green	1	(80, 0)	(40, 69)	(-39, 69)	(-80, 0)	(-40, -69)	(40, -69)	diamond	none	dif	right	right	N_dist	(-80, 0)	search	nr	True	180817	181707	right	35	60	135	10	160	85	None	None	practice
4	ym	f	19	green	1	(80, 0)	(40, 69)	(-39, 69)	(-80, 0)	(-40, -69)	(40, -69)	diamond	green	dif	right	right	(-80, 0)	(40, -69)	search	nr	True	183005	183931	right	135	110	160	60	85	35	None	None	practice
4	ym	f	19	green	1	(80, 0)	(40, 69)	(-39, 69)	(-80, 0)	(-40, -69)	(40, -69)	diamond	green	same	left	left	(-80, 0)	(80, 0)	search	nr	True	185209	186187	left	110	35	60	160	135	85	None	None	practice
4	ym	f	19	green	1	(80, 0)	(40, 69)	(-39, 69)	(-80, 0)	(-40, -69)	(40, -69)	diamond	green	dif	right	right	(40, 69)	(80, 0)	search	nr	True	187413	188299	right	35	60	85	160	135	10	None	None	practice
4	ym	f	19	green	1	(80, 0)	(40, 69)	(-39, 69)	(-80, 0)	(-40, -69)	(40, -69)	diamond	green	dif	left	left	(-80, 0)	(-39, 69)	search	nr	True	189467	190139	left	160	60	110	135	10	85	None	None	practice
4	ym	f	19	green	1	(80, 0)	(40, 69)	(-39, 69)	(-80, 0)	(-40, -69)	(40, -69)	circle	none	same	right	right	N_dist	(80, 0)	probe	h_norm	None	None	None	None	85	35	60	10	110	160	(-80, 0)	31	practice
4	ym	f	19	green	1	(80, 0)	(40, 69)	(-39, 69)	(-80, 0)	(-40, -69)	(40, -69)	circle	green	dif	left	left	(-80, 0)	(-40, -69)	search	nr	True	204545	205659	left	110	10	160	85	60	35	None	None	practice
4	ym	f	19	green	1	(80, 0)	(40, 69)	(-39, 69)	(-80, 0)	(-40, -69)	(40, -69)	diamond	none	same	left	left	N_dist	(80, 0)	search	nr	True	206799	207499	left	85	10	60	135	160	110	None	None	practice
4	ym	f	19	green	1	(80, 0)	(40, 69)	(-39, 69)	(-80, 0)	(-40, -69)	(40, -69)	circle	green	dif	left	left	(80, 0)	(40, 69)	search	nr	True	208735	209915	left	85	35	110	135	160	10	None	None	practice
4	ym	f	19	green	1	(80, 0)	(40, 69)	(-39, 69)	(-80, 0)	(-40, -69)	(40, -69)	diamond	green	dif	left	left	(-80, 0)	(80, 0)	search	nr	True	210990	212443	left	135	160	60	85	10	110	None	None	practice
4	ym	f	19	green	1	(80, 0)	(40, 69)	(-39, 69)	(-80, 0)	(-40, -69)	(40, -69)	diamond	green	dif	left	left	(40, -69)	(40, 69)	search	nr	True	213611	214891	left	110	135	35	160	10	60	None	None	practice
4	ym	f	19	green	1	(80, 0)	(40, 69)	(-39, 69)	(-80, 0)	(-40, -69)	(40, -69)	diamond	green	dif	left	left	(-80, 0)	(40, 69)	search	nr	True	216032	217163	left	135	10	160	110	35	60	None	None	practice
4	ym	f	19	green	1	(80, 0)	(40, 69)	(-39, 69)	(-80, 0)	(-40, -69)	(40, -69)	circle	green	same	right	right	(-80, 0)	(-39, 69)	search	nr	True	218219	219179	right	10	85	60	135	160	35	None	None	practice
4	ym	f	19	green	1	(80, 0)	(40, 69)	(-39, 69)	(-80, 0)	(-40, -69)	(40, -69)	circle	green	same	right	right	(-80, 0)	(-39, 69)	search	nr	True	220424	221468	right	85	160	10	60	35	135	None	None	practice
4	ym	f	19	green	1	(80, 0)	(40, 69)	(-39, 69)	(-80, 0)	(-40, -69)	(40, -69)	circle	green	same	left	left	(-39, 69)	(80, 0)	search	nr	True	222561	223515	left	60	110	10	135	35	160	None	None	practice
4	ym	f	19	green	1	(80, 0)	(40, 69)	(-39, 69)	(-80, 0)	(-40, -69)	(40, -69)	circle	none	same	left	left	N_dist	(80, 0)	search	nr	True	224731	225691	left	35	10	135	85	60	110	None	None	practice
4	ym	f	19	green	1	(80, 0)	(40, 69)	(-39, 69)	(-80, 0)	(-40, -69)	(40, -69)	diamond	none	dif	left	left	N_dist	(-40, -69)	search	nr	True	226902	228443	left	110	35	60	160	10	135	None	None	practice
4	ym	f	19	green	1	(80, 0)	(40, 69)	(-39, 69)	(-80, 0)	(-40, -69)	(40, -69)	circle	green	same	right	right	(80, 0)	(-40, -69)	probe	tar	None	None	None	None	110	135	85	160	10	60	(-40, -69)	14	practice
4	ym	f	19	green	1	(80, 0)	(40, 69)	(-39, 69)	(-80, 0)	(-40, -69)	(40, -69)	diamond	none	dif	left	left	N_dist	(40, -69)	probe	h_norm	None	None	None	None	10	35	135	160	60	85	(-80, 0)	10	practice
4	ym	f	19	green	1	(80, 0)	(40, 69)	(-39, 69)	(-80, 0)	(-40, -69)	(40, -69)	diamond	none	dif	right	right	N_dist	(-39, 69)	search	nr	True	270983	272699	right	160	35	135	110	10	85	None	None	practice
4	ym	f	19	green	1	(80, 0)	(40, 69)	(-39, 69)	(-80, 0)	(-40, -69)	(40, -69)	diamond	green	dif	right	right	(40, -69)	(-39, 69)	probe	norm	None	None	None	None	10	110	135	85	60	35	(80, 0)	171	practice
4	ym	f	19	green	1	(80, 0)	(40, 69)	(-39, 69)	(-80, 0)	(-40, -69)	(40, -69)	circle	green	same	left	left	(-40, -69)	(40, 69)	search	nr	True	285493	287034	left	35	135	85	10	110	60	None	None	practice
4	ym	f	19	green	1	(80, 0)	(40, 69)	(-39, 69)	(-80, 0)	(-40, -69)	(40, -69)	diamond	green	same	left	left	(40, 69)	(-39, 69)	search	nr	True	288132	288875	left	35	160	110	135	85	10	None	None	practice
4	ym	f	19	green	1	(80, 0)	(40, 69)	(-39, 69)	(-80, 0)	(-40, -69)	(40, -69)	circle	green	same	left	left	(-80, 0)	(-39, 69)	search	nr	True	290135	291067	left	135	35	10	110	60	160	None	None	practice
4	ym	f	19	green	1	(80, 0)	(40, 69)	(-39, 69)	(-80, 0)	(-40, -69)	(40, -69)	circle	green	same	right	right	(-80, 0)	(-39, 69)	search	nr	True	292256	292970	right	10	85	60	160	110	135	None	None	practice
4	ym	f	19	green	1	(80, 0)	(40, 69)	(-39, 69)	(-80, 0)	(-40, -69)	(40, -69)	circle	green	same	left	left	(-80, 0)	(-39, 69)	search	nr	True	294276	295003	left	160	85	60	135	10	35	None	None	practice
4	ym	f	19	green	1	(80, 0)	(40, 69)	(-39, 69)	(-80, 0)	(-40, -69)	(40, -69)	diamond	green	same	right	right	(-80, 0)	(-40, -69)	probe	h_sin	None	None	None	None	85	135	110	10	60	35	(-80, 0)	9	practice
4	ym	f	19	green	1	(80, 0)	(40, 69)	(-39, 69)	(-80, 0)	(-40, -69)	(40, -69)	circle	green	same	left	left	(-80, 0)	(-39, 69)	search	nr	True	302441	303227	left	135	60	85	35	10	110	None	None	practice
4	ym	f	19	green	1	(80, 0)	(40, 69)	(-39, 69)	(-80, 0)	(-40, -69)	(40, -69)	circle	none	same	right	right	N_dist	(40, -69)	search	nr	True	304445	305275	right	60	35	110	85	160	10	None	None	practice
4	ym	f	19	green	1	(80, 0)	(40, 69)	(-39, 69)	(-80, 0)	(-40, -69)	(40, -69)	diamond	none	same	left	left	N_dist	(40, 69)	probe	h_norm	None	None	None	None	110	60	10	35	160	85	(-80, 0)	0	practice
4	ym	f	19	green	1	(80, 0)	(40, 69)	(-39, 69)	(-80, 0)	(-40, -69)	(40, -69)	circle	green	same	right	right	(-80, 0)	(-39, 69)	probe	h_sin	None	None	None	None	135	60	10	110	160	35	(-80, 0)	5	practice
4	ym	f	19	green	1	(80, 0)	(40, 69)	(-39, 69)	(-80, 0)	(-40, -69)	(40, -69)	diamond	green	same	right	right	(80, 0)	(-39, 69)	probe	tar	None	None	None	None	85	35	135	110	160	60	(-39, 69)	14	practice
4	ym	f	19	green	1	(80, 0)	(40, 69)	(-39, 69)	(-80, 0)	(-40, -69)	(40, -69)	circle	green	same	left	left	(-80, 0)	(-40, -69)	search	nr	True	332079	333195	left	10	110	60	35	85	135	None	None	practice
4	ym	f	19	green	1	(80, 0)	(40, 69)	(-39, 69)	(-80, 0)	(-40, -69)	(40, -69)	diamond	green	dif	left	left	(-80, 0)	(40, 69)	search	nr	True	334450	335386	left	85	160	10	35	135	60	None	None	practice
4	ym	f	19	green	1	(80, 0)	(40, 69)	(-39, 69)	(-80, 0)	(-40, -69)	(40, -69)	diamond	green	same	right	right	(-80, 0)	(40, 69)	probe	h_sin	None	None	None	None	60	10	160	35	135	85	(-80, 0)	10	practice
4	ym	f	19	green	1	(80, 0)	(40, 69)	(-39, 69)	(-80, 0)	(-40, -69)	(40, -69)	diamond	green	same	left	left	(-39, 69)	(80, 0)	search	nr	True	345754	346811	left	110	85	135	160	60	35	None	None	practice
4	ym	f	19	green	1	(80, 0)	(40, 69)	(-39, 69)	(-80, 0)	(-40, -69)	(40, -69)	diamond	green	dif	right	right	(40, 69)	(80, 0)	search	nr	True	347992	348891	right	60	35	110	85	10	135	None	None	practice
4	ym	f	19	green	1	(80, 0)	(40, 69)	(-39, 69)	(-80, 0)	(-40, -69)	(40, -69)	diamond	green	same	right	right	(80, 0)	(40, 69)	search	nr	True	350029	351515	right	85	160	35	60	10	110	None	None	practice
4	ym	f	19	green	1	(80, 0)	(40, 69)	(-39, 69)	(-80, 0)	(-40, -69)	(40, -69)	diamond	none	dif	left	left	N_dist	(-80, 0)	search	nr	True	352817	353819	left	135	110	10	160	35	60	None	None	practice
4	ym	f	19	green	1	(80, 0)	(40, 69)	(-39, 69)	(-80, 0)	(-40, -69)	(40, -69)	circle	green	same	right	right	(-80, 0)	(80, 0)	search	nr	True	385828	386683	right	10	110	85	135	160	35	None	None	testing
4	ym	f	19	green	1	(80, 0)	(40, 69)	(-39, 69)	(-80, 0)	(-40, -69)	(40, -69)	diamond	green	dif	right	right	(40, 69)	(-40, -69)	search	nr	True	387815	388779	right	160	85	135	60	35	110	None	None	testing
4	ym	f	19	green	1	(80, 0)	(40, 69)	(-39, 69)	(-80, 0)	(-40, -69)	(40, -69)	circle	green	same	right	right	(-80, 0)	(80, 0)	probe	tar	None	None	None	None	60	35	10	160	135	110	(80, 0)	176	testing
4	ym	f	19	green	1	(80, 0)	(40, 69)	(-39, 69)	(-80, 0)	(-40, -69)	(40, -69)	diamond	green	same	left	left	(-39, 69)	(80, 0)	search	nr	True	396798	397930	left	110	135	85	160	60	10	None	None	testing
4	ym	f	19	green	1	(80, 0)	(40, 69)	(-39, 69)	(-80, 0)	(-40, -69)	(40, -69)	diamond	none	dif	left	left	N_dist	(-80, 0)	probe	h_tar	None	None	None	None	135	160	35	85	110	60	(-80, 0)	0	testing
4	ym	f	19	green	1	(80, 0)	(40, 69)	(-39, 69)	(-80, 0)	(-40, -69)	(40, -69)	circle	none	dif	right	right	N_dist	(-40, -69)	search	nr	True	402793	403675	right	35	135	160	10	85	110	None	None	testing
4	ym	f	19	green	1	(80, 0)	(40, 69)	(-39, 69)	(-80, 0)	(-40, -69)	(40, -69)	diamond	none	same	right	right	N_dist	(-39, 69)	probe	h_norm	None	None	None	None	85	160	10	110	35	135	(-80, 0)	0	testing
4	ym	f	19	green	1	(80, 0)	(40, 69)	(-39, 69)	(-80, 0)	(-40, -69)	(40, -69)	diamond	green	same	left	left	(40, 69)	(-39, 69)	probe	tar	None	None	None	None	160	10	35	60	110	85	(-39, 69)	170	testing
4	ym	f	19	green	1	(80, 0)	(40, 69)	(-39, 69)	(-80, 0)	(-40, -69)	(40, -69)	circle	green	dif	right	right	(-80, 0)	(80, 0)	search	nr	True	417636	418346	right	110	35	10	85	160	135	None	None	testing
4	ym	f	19	green	1	(80, 0)	(40, 69)	(-39, 69)	(-80, 0)	(-40, -69)	(40, -69)	circle	green	same	left	left	(-80, 0)	(40, -69)	search	nr	True	419457	420571	left	135	35	110	10	160	60	None	None	testing
4	ym	f	19	green	1	(80, 0)	(40, 69)	(-39, 69)	(-80, 0)	(-40, -69)	(40, -69)	circle	none	same	right	right	N_dist	(40, 69)	probe	h_norm	None	None	None	None	35	60	110	85	135	160	(-80, 0)	170	testing
4	ym	f	19	green	1	(80, 0)	(40, 69)	(-39, 69)	(-80, 0)	(-40, -69)	(40, -69)	circle	green	dif	left	left	(80, 0)	(40, 69)	search	nr	True	429441	430523	right	35	85	10	60	160	110	None	None	testing
4	ym	f	19	green	1	(80, 0)	(40, 69)	(-39, 69)	(-80, 0)	(-40, -69)	(40, -69)	diamond	green	dif	left	left	(-80, 0)	(40, 69)	search	nr	True	433282	434938	left	135	85	35	110	10	160	None	None	testing
4	ym	f	19	green	1	(80, 0)	(40, 69)	(-39, 69)	(-80, 0)	(-40, -69)	(40, -69)	diamond	green	same	left	left	(-80, 0)	(-39, 69)	search	nr	True	436003	437035	left	110	160	10	35	60	135	None	None	testing
4	ym	f	19	green	1	(80, 0)	(40, 69)	(-39, 69)	(-80, 0)	(-40, -69)	(40, -69)	diamond	none	dif	left	left	N_dist	(80, 0)	probe	l_tar	None	None	None	None	10	135	35	160	85	110	(80, 0)	28	testing
4	ym	f	19	green	1	(80, 0)	(40, 69)	(-39, 69)	(-80, 0)	(-40, -69)	(40, -69)	circle	none	dif	right	right	N_dist	(40, -69)	search	nr	True	445171	446075	right	110	135	85	35	60	10	None	None	testing
4	ym	f	19	green	1	(80, 0)	(40, 69)	(-39, 69)	(-80, 0)	(-40, -69)	(40, -69)	diamond	green	dif	right	right	(-80, 0)	(40, 69)	probe	h_sin	None	None	None	None	110	10	35	60	135	160	(-80, 0)	0	testing
4	ym	f	19	green	1	(80, 0)	(40, 69)	(-39, 69)	(-80, 0)	(-40, -69)	(40, -69)	diamond	green	same	right	right	(-40, -69)	(80, 0)	search	nr	True	451365	452218	right	110	135	85	10	60	35	None	None	testing
4	ym	f	19	green	1	(80, 0)	(40, 69)	(-39, 69)	(-80, 0)	(-40, -69)	(40, -69)	diamond	none	dif	left	left	N_dist	(-40, -69)	probe	l_norm	None	None	None	None	85	35	160	60	110	135	(-39, 69)	167	testing
4	ym	f	19	green	1	(80, 0)	(40, 69)	(-39, 69)	(-80, 0)	(-40, -69)	(40, -69)	circle	green	same	right	right	(-80, 0)	(40, 69)	search	nr	True	459981	460795	right	85	135	110	10	35	160	None	None	testing
4	ym	f	19	green	1	(80, 0)	(40, 69)	(-39, 69)	(-80, 0)	(-40, -69)	(40, -69)	diamond	none	dif	right	right	N_dist	(-80, 0)	search	nr	True	462001	462923	right	135	60	160	85	35	10	None	None	testing
4	ym	f	19	green	1	(80, 0)	(40, 69)	(-39, 69)	(-80, 0)	(-40, -69)	(40, -69)	diamond	green	same	left	left	(-80, 0)	(80, 0)	search	nr	True	464221	465243	left	85	35	110	10	160	60	None	None	testing
4	ym	f	19	green	1	(80, 0)	(40, 69)	(-39, 69)	(-80, 0)	(-40, -69)	(40, -69)	diamond	green	same	left	left	(40, 69)	(-39, 69)	search	nr	True	466476	467802	left	160	85	135	110	10	35	None	None	testing
4	ym	f	19	green	1	(80, 0)	(40, 69)	(-39, 69)	(-80, 0)	(-40, -69)	(40, -69)	circle	none	dif	left	left	N_dist	(40, 69)	search	nr	True	468914	469867	left	35	110	10	135	60	85	None	None	testing
4	ym	f	19	green	1	(80, 0)	(40, 69)	(-39, 69)	(-80, 0)	(-40, -69)	(40, -69)	diamond	green	dif	right	right	(-80, 0)	(-40, -69)	probe	h_sin	None	None	None	None	10	160	85	110	60	35	(-80, 0)	0	testing
4	ym	f	19	green	1	(80, 0)	(40, 69)	(-39, 69)	(-80, 0)	(-40, -69)	(40, -69)	diamond	green	dif	left	left	(-40, -69)	(40, -69)	search	nr	True	474774	475963	left	10	110	85	35	60	160	None	None	testing
4	ym	f	19	green	1	(80, 0)	(40, 69)	(-39, 69)	(-80, 0)	(-40, -69)	(40, -69)	diamond	green	dif	left	left	(-80, 0)	(-39, 69)	probe	norm	None	None	None	None	85	110	135	10	60	35	(-40, -69)	165	testing
4	ym	f	19	green	1	(80, 0)	(40, 69)	(-39, 69)	(-80, 0)	(-40, -69)	(40, -69)	circle	green	dif	left	left	(-80, 0)	(40, -69)	search	nr	True	484475	485514	left	85	60	10	160	110	35	None	None	testing
4	ym	f	19	green	1	(80, 0)	(40, 69)	(-39, 69)	(-80, 0)	(-40, -69)	(40, -69)	diamond	none	same	right	right	N_dist	(-39, 69)	search	nr	True	486714	488043	right	160	10	35	110	85	135	None	None	testing
4	ym	f	19	green	1	(80, 0)	(40, 69)	(-39, 69)	(-80, 0)	(-40, -69)	(40, -69)	circle	green	same	left	left	(-39, 69)	(40, -69)	probe	tar	None	None	None	None	60	35	135	85	110	10	(40, -69)	169	testing
4	ym	f	19	green	1	(80, 0)	(40, 69)	(-39, 69)	(-80, 0)	(-40, -69)	(40, -69)	diamond	none	same	right	right	N_dist	(-39, 69)	search	nr	True	496832	497627	right	160	35	110	10	135	60	None	None	testing
4	ym	f	19	green	1	(80, 0)	(40, 69)	(-39, 69)	(-80, 0)	(-40, -69)	(40, -69)	diamond	none	same	left	left	N_dist	(-40, -69)	search	nr	True	498802	499483	left	85	160	110	60	10	35	None	None	testing
4	ym	f	19	green	1	(80, 0)	(40, 69)	(-39, 69)	(-80, 0)	(-40, -69)	(40, -69)	diamond	green	dif	right	right	(40, 69)	(-39, 69)	search	nr	True	500589	501930	right	10	160	110	35	85	60	None	None	testing
4	ym	f	19	green	1	(80, 0)	(40, 69)	(-39, 69)	(-80, 0)	(-40, -69)	(40, -69)	circle	green	dif	left	left	(-80, 0)	(-40, -69)	search	nr	True	503193	504299	left	60	85	160	135	110	10	None	None	testing
4	ym	f	19	green	1	(80, 0)	(40, 69)	(-39, 69)	(-80, 0)	(-40, -69)	(40, -69)	circle	green	dif	left	left	(-80, 0)	(80, 0)	probe	tar	None	None	None	None	85	35	60	10	135	110	(80, 0)	166	testing
4	ym	f	19	green	1	(80, 0)	(40, 69)	(-39, 69)	(-80, 0)	(-40, -69)	(40, -69)	circle	green	dif	right	right	(40, -69)	(40, 69)	probe	tar	None	None	None	None	85	35	10	135	110	60	(40, 69)	160	testing
4	ym	f	19	green	1	(80, 0)	(40, 69)	(-39, 69)	(-80, 0)	(-40, -69)	(40, -69)	circle	none	dif	left	left	N_dist	(40, 69)	search	nr	True	518655	519499	left	135	110	35	85	10	60	None	None	testing
4	ym	f	19	green	1	(80, 0)	(40, 69)	(-39, 69)	(-80, 0)	(-40, -69)	(40, -69)	diamond	green	same	left	left	(40, -69)	(40, 69)	search	nr	True	520709	521867	left	135	35	110	60	10	85	None	None	testing
4	ym	f	19	green	1	(80, 0)	(40, 69)	(-39, 69)	(-80, 0)	(-40, -69)	(40, -69)	circle	green	same	right	right	(80, 0)	(-39, 69)	search	nr	True	523114	524539	right	160	10	60	85	135	110	None	None	testing
4	ym	f	19	green	1	(80, 0)	(40, 69)	(-39, 69)	(-80, 0)	(-40, -69)	(40, -69)	circle	green	dif	left	left	(40, 69)	(40, -69)	search	nr	True	525618	526618	left	160	10	110	85	60	35	None	None	testing
4	ym	f	19	green	1	(80, 0)	(40, 69)	(-39, 69)	(-80, 0)	(-40, -69)	(40, -69)	circle	none	dif	right	right	N_dist	(40, -69)	search	nr	True	527839	528715	right	35	60	110	10	85	160	None	None	testing
4	ym	f	19	green	1	(80, 0)	(40, 69)	(-39, 69)	(-80, 0)	(-40, -69)	(40, -69)	circle	green	dif	right	right	(-39, 69)	(40, -69)	search	nr	True	530010	530779	right	10	85	135	60	35	110	None	None	testing
4	ym	f	19	green	1	(80, 0)	(40, 69)	(-39, 69)	(-80, 0)	(-40, -69)	(40, -69)	circle	green	dif	right	right	(-80, 0)	(80, 0)	probe	norm	None	None	None	None	60	160	35	85	135	10	(40, -69)	19	testing
4	ym	f	19	green	1	(80, 0)	(40, 69)	(-39, 69)	(-80, 0)	(-40, -69)	(40, -69)	diamond	green	same	right	right	(80, 0)	(40, 69)	probe	l_sin	None	None	None	None	60	110	10	160	85	135	(80, 0)	161	testing
4	ym	f	19	green	1	(80, 0)	(40, 69)	(-39, 69)	(-80, 0)	(-40, -69)	(40, -69)	diamond	green	dif	right	right	(-80, 0)	(-40, -69)	search	nr	True	545137	546363	right	60	135	85	110	10	160	None	None	testing
4	ym	f	19	green	1	(80, 0)	(40, 69)	(-39, 69)	(-80, 0)	(-40, -69)	(40, -69)	circle	none	same	left	left	N_dist	(-40, -69)	search	nr	True	547542	548171	left	135	160	10	110	35	85	None	None	testing
4	ym	f	19	green	1	(80, 0)	(40, 69)	(-39, 69)	(-80, 0)	(-40, -69)	(40, -69)	diamond	none	same	left	left	N_dist	(40, -69)	probe	l_norm	None	None	None	None	35	160	110	135	60	85	(80, 0)	162	testing
4	ym	f	19	green	1	(80, 0)	(40, 69)	(-39, 69)	(-80, 0)	(-40, -69)	(40, -69)	circle	green	same	left	left	(-80, 0)	(-39, 69)	search	nr	True	555874	556906	left	10	60	160	85	135	110	None	None	testing
4	ym	f	19	green	1	(80, 0)	(40, 69)	(-39, 69)	(-80, 0)	(-40, -69)	(40, -69)	diamond	none	same	right	right	N_dist	(-39, 69)	probe	l_norm	None	None	None	None	110	135	35	85	60	160	(40, -69)	160	testing
4	ym	f	19	green	1	(80, 0)	(40, 69)	(-39, 69)	(-80, 0)	(-40, -69)	(40, -69)	circle	green	same	right	right	(-80, 0)	(-40, -69)	search	nr	True	564824	565930	right	10	35	110	160	135	60	None	None	testing
4	ym	f	19	green	1	(80, 0)	(40, 69)	(-39, 69)	(-80, 0)	(-40, -69)	(40, -69)	circle	green	dif	right	right	(-39, 69)	(80, 0)	search	nr	True	567010	567947	right	85	35	60	160	110	10	None	None	testing
4	ym	f	19	green	1	(80, 0)	(40, 69)	(-39, 69)	(-80, 0)	(-40, -69)	(40, -69)	circle	green	same	left	left	(-80, 0)	(-39, 69)	search	nr	True	569181	569899	left	60	35	10	85	110	160	None	None	testing
4	ym	f	19	green	1	(80, 0)	(40, 69)	(-39, 69)	(-80, 0)	(-40, -69)	(40, -69)	circle	green	dif	right	right	(-80, 0)	(80, 0)	search	nr	True	571085	571787	right	135	10	160	110	60	85	None	None	testing
4	ym	f	19	green	1	(80, 0)	(40, 69)	(-39, 69)	(-80, 0)	(-40, -69)	(40, -69)	diamond	green	same	right	right	(-80, 0)	(80, 0)	search	nr	True	572938	573642	right	85	135	110	60	160	10	None	None	testing
4	ym	f	19	green	1	(80, 0)	(40, 69)	(-39, 69)	(-80, 0)	(-40, -69)	(40, -69)	circle	none	same	left	left	N_dist	(-40, -69)	search	nr	True	574876	575770	left	10	60	35	135	85	160	None	None	testing
4	ym	f	19	green	1	(80, 0)	(40, 69)	(-39, 69)	(-80, 0)	(-40, -69)	(40, -69)	circle	none	same	left	left	N_dist	(-39, 69)	search	nr	True	576829	577499	left	135	60	160	85	35	10	None	None	testing
4	ym	f	19	green	1	(80, 0)	(40, 69)	(-39, 69)	(-80, 0)	(-40, -69)	(40, -69)	circle	green	dif	left	left	(-80, 0)	(40, 69)	probe	tar	None	None	None	None	110	85	160	35	135	60	(40, 69)	0	testing
4	ym	f	19	green	1	(80, 0)	(40, 69)	(-39, 69)	(-80, 0)	(-40, -69)	(40, -69)	diamond	green	dif	right	right	(-80, 0)	(-40, -69)	probe	h_sin	None	None	None	None	10	35	160	85	135	60	(-80, 0)	0	testing
4	ym	f	19	green	1	(80, 0)	(40, 69)	(-39, 69)	(-80, 0)	(-40, -69)	(40, -69)	circle	green	dif	left	left	(80, 0)	(40, 69)	search	nr	True	588551	589579	left	160	35	135	110	10	60	None	None	testing
4	ym	f	19	green	1	(80, 0)	(40, 69)	(-39, 69)	(-80, 0)	(-40, -69)	(40, -69)	diamond	green	dif	left	left	(-80, 0)	(40, 69)	search	nr	True	590654	591627	left	35	10	135	110	85	160	None	None	testing
4	ym	f	19	green	1	(80, 0)	(40, 69)	(-39, 69)	(-80, 0)	(-40, -69)	(40, -69)	circle	green	same	left	left	(-80, 0)	(-39, 69)	search	nr	True	592825	593563	left	85	60	10	110	35	135	None	None	testing
4	ym	f	19	green	1	(80, 0)	(40, 69)	(-39, 69)	(-80, 0)	(-40, -69)	(40, -69)	circle	none	dif	left	left	N_dist	(-39, 69)	probe	l_tar	None	None	None	None	135	110	160	35	85	10	(-39, 69)	21	testing
4	ym	f	19	green	1	(80, 0)	(40, 69)	(-39, 69)	(-80, 0)	(-40, -69)	(40, -69)	diamond	green	dif	left	left	(80, 0)	(-39, 69)	search	nr	True	601908	602682	left	60	135	10	110	35	160	None	None	testing
4	ym	f	19	green	1	(80, 0)	(40, 69)	(-39, 69)	(-80, 0)	(-40, -69)	(40, -69)	diamond	green	same	right	right	(-40, -69)	(80, 0)	search	nr	True	603778	604810	right	160	60	35	85	135	10	None	None	testing
4	ym	f	19	green	1	(80, 0)	(40, 69)	(-39, 69)	(-80, 0)	(-40, -69)	(40, -69)	diamond	green	dif	right	right	(40, 69)	(80, 0)	search	nr	True	605949	607226	right	60	110	160	135	10	35	None	None	testing
4	ym	f	19	green	1	(80, 0)	(40, 69)	(-39, 69)	(-80, 0)	(-40, -69)	(40, -69)	circle	green	dif	right	right	(-39, 69)	(40, -69)	search	nr	True	608303	609323	right	35	60	10	110	85	160	None	None	testing
4	ym	f	19	green	1	(80, 0)	(40, 69)	(-39, 69)	(-80, 0)	(-40, -69)	(40, -69)	diamond	green	dif	right	right	(-80, 0)	(40, 69)	search	nr	True	610524	611787	right	85	135	160	35	60	10	None	None	testing
4	ym	f	19	green	1	(80, 0)	(40, 69)	(-39, 69)	(-80, 0)	(-40, -69)	(40, -69)	circle	green	dif	left	left	(40, -69)	(40, 69)	search	nr	True	612862	614091	left	35	110	60	85	10	135	None	None	testing
4	ym	f	19	green	1	(80, 0)	(40, 69)	(-39, 69)	(-80, 0)	(-40, -69)	(40, -69)	circle	none	dif	right	right	N_dist	(-39, 69)	search	nr	True	615250	616043	right	135	85	160	35	10	60	None	None	testing
4	ym	f	19	green	1	(80, 0)	(40, 69)	(-39, 69)	(-80, 0)	(-40, -69)	(40, -69)	diamond	green	same	left	left	(40, -69)	(40, 69)	search	nr	True	617270	618283	left	135	10	160	60	110	35	None	None	testing
4	ym	f	19	green	1	(80, 0)	(40, 69)	(-39, 69)	(-80, 0)	(-40, -69)	(40, -69)	diamond	green	dif	left	left	(-80, 0)	(40, -69)	probe	h_sin	None	None	None	None	10	35	85	110	60	160	(-80, 0)	0	testing
4	ym	f	19	green	1	(80, 0)	(40, 69)	(-39, 69)	(-80, 0)	(-40, -69)	(40, -69)	diamond	none	dif	left	left	N_dist	(40, -69)	probe	h_norm	None	None	None	None	35	160	110	135	60	10	(-80, 0)	0	testing
4	ym	f	19	green	1	(80, 0)	(40, 69)	(-39, 69)	(-80, 0)	(-40, -69)	(40, -69)	diamond	none	same	left	left	N_dist	(40, -69)	search	nr	True	627172	627930	left	35	160	85	10	110	60	None	None	testing
4	ym	f	19	green	1	(80, 0)	(40, 69)	(-39, 69)	(-80, 0)	(-40, -69)	(40, -69)	diamond	green	same	left	left	(-39, 69)	(80, 0)	probe	l_sin	None	None	None	None	35	60	160	135	85	10	(-39, 69)	18	testing
4	ym	f	19	green	1	(80, 0)	(40, 69)	(-39, 69)	(-80, 0)	(-40, -69)	(40, -69)	circle	green	dif	left	left	(40, -69)	(40, 69)	probe	l_sin	None	None	None	None	160	35	110	85	10	60	(40, -69)	165	testing
4	ym	f	19	green	1	(80, 0)	(40, 69)	(-39, 69)	(-80, 0)	(-40, -69)	(40, -69)	diamond	green	dif	right	right	(-80, 0)	(40, -69)	search	nr	True	644003	644923	right	160	135	85	110	35	10	None	None	testing
4	ym	f	19	green	1	(80, 0)	(40, 69)	(-39, 69)	(-80, 0)	(-40, -69)	(40, -69)	circle	none	same	right	right	N_dist	(-80, 0)	search	nr	True	646073	647243	right	35	160	135	110	85	10	None	None	testing
4	ym	f	19	green	1	(80, 0)	(40, 69)	(-39, 69)	(-80, 0)	(-40, -69)	(40, -69)	diamond	none	dif	right	right	N_dist	(40, 69)	probe	l_tar	None	None	None	None	135	10	160	60	85	110	(40, 69)	145	testing
4	ym	f	19	green	1	(80, 0)	(40, 69)	(-39, 69)	(-80, 0)	(-40, -69)	(40, -69)	diamond	green	same	right	right	(-80, 0)	(-40, -69)	search	nr	True	654021	654794	right	160	35	135	85	60	110	None	None	testing
4	ym	f	19	green	1	(80, 0)	(40, 69)	(-39, 69)	(-80, 0)	(-40, -69)	(40, -69)	diamond	green	same	right	right	(80, 0)	(-39, 69)	search	nr	True	656058	656747	right	85	60	160	35	110	135	None	None	testing
4	ym	f	19	green	1	(80, 0)	(40, 69)	(-39, 69)	(-80, 0)	(-40, -69)	(40, -69)	circle	green	dif	right	right	(-80, 0)	(80, 0)	search	nr	True	657962	658875	right	110	160	135	85	10	60	None	None	testing
4	ym	f	19	green	1	(80, 0)	(40, 69)	(-39, 69)	(-80, 0)	(-40, -69)	(40, -69)	circle	green	same	right	right	(80, 0)	(-39, 69)	probe	norm	None	None	None	None	10	35	85	60	160	110	(-80, 0)	167	testing
4	ym	f	19	green	1	(80, 0)	(40, 69)	(-39, 69)	(-80, 0)	(-40, -69)	(40, -69)	circle	green	same	right	right	(-80, 0)	(-40, -69)	search	nr	True	666343	667146	right	110	85	60	160	35	10	None	None	testing
4	ym	f	19	green	1	(80, 0)	(40, 69)	(-39, 69)	(-80, 0)	(-40, -69)	(40, -69)	circle	green	same	right	right	(-80, 0)	(-39, 69)	search	nr	True	668430	669131	right	85	10	110	35	135	60	None	None	testing
4	ym	f	19	green	1	(80, 0)	(40, 69)	(-39, 69)	(-80, 0)	(-40, -69)	(40, -69)	circle	none	same	left	left	N_dist	(-80, 0)	search	nr	True	670418	671994	left	135	110	10	160	35	85	None	None	testing
4	ym	f	19	green	1	(80, 0)	(40, 69)	(-39, 69)	(-80, 0)	(-40, -69)	(40, -69)	circle	green	same	right	right	(-80, 0)	(40, 69)	probe	h_sin	None	None	None	None	85	10	60	110	35	135	(-80, 0)	173	testing
4	ym	f	19	green	1	(80, 0)	(40, 69)	(-39, 69)	(-80, 0)	(-40, -69)	(40, -69)	diamond	none	dif	right	right	N_dist	(-40, -69)	search	nr	True	679167	679947	right	135	160	10	60	110	85	None	None	testing
4	ym	f	19	green	1	(80, 0)	(40, 69)	(-39, 69)	(-80, 0)	(-40, -69)	(40, -69)	diamond	none	same	left	left	N_dist	(80, 0)	probe	l_tar	None	None	None	None	110	35	10	85	60	160	(80, 0)	17	testing
4	ym	f	19	green	1	(80, 0)	(40, 69)	(-39, 69)	(-80, 0)	(-40, -69)	(40, -69)	diamond	green	same	right	right	(-80, 0)	(40, 69)	search	nr	True	688885	689722	right	85	110	135	10	35	160	None	None	testing
4	ym	f	19	green	1	(80, 0)	(40, 69)	(-39, 69)	(-80, 0)	(-40, -69)	(40, -69)	circle	green	same	left	left	(-80, 0)	(-40, -69)	search	nr	True	690905	691850	left	35	10	60	160	110	85	None	None	testing
4	ym	f	19	green	1	(80, 0)	(40, 69)	(-39, 69)	(-80, 0)	(-40, -69)	(40, -69)	diamond	none	same	left	left	N_dist	(40, -69)	search	nr	True	693043	693770	left	160	110	85	135	35	10	None	None	testing
4	ym	f	19	green	1	(80, 0)	(40, 69)	(-39, 69)	(-80, 0)	(-40, -69)	(40, -69)	diamond	green	dif	left	left	(-80, 0)	(40, 69)	search	nr	True	694829	696010	left	135	60	85	110	10	35	None	None	testing
4	ym	f	19	green	1	(80, 0)	(40, 69)	(-39, 69)	(-80, 0)	(-40, -69)	(40, -69)	circle	none	same	right	right	N_dist	(-80, 0)	search	nr	True	697167	698043	right	10	135	35	110	160	85	None	None	testing
4	ym	f	19	green	1	(80, 0)	(40, 69)	(-39, 69)	(-80, 0)	(-40, -69)	(40, -69)	circle	green	same	left	left	(-40, -69)	(40, 69)	search	nr	True	699237	700155	left	160	85	110	135	60	35	None	None	testing
4	ym	f	19	green	1	(80, 0)	(40, 69)	(-39, 69)	(-80, 0)	(-40, -69)	(40, -69)	circle	green	dif	right	right	(-40, -69)	(80, 0)	search	nr	True	701224	702106	right	135	60	35	10	85	110	None	None	testing
4	ym	f	19	green	1	(80, 0)	(40, 69)	(-39, 69)	(-80, 0)	(-40, -69)	(40, -69)	diamond	green	same	left	left	(-80, 0)	(-39, 69)	search	nr	True	703195	703995	left	10	160	35	135	110	60	None	None	testing
4	ym	f	19	green	1	(80, 0)	(40, 69)	(-39, 69)	(-80, 0)	(-40, -69)	(40, -69)	diamond	green	same	right	right	(-80, 0)	(40, -69)	probe	norm	None	None	None	None	35	60	135	85	110	160	(-40, -69)	0	testing
4	ym	f	19	green	1	(80, 0)	(40, 69)	(-39, 69)	(-80, 0)	(-40, -69)	(40, -69)	circle	none	dif	right	right	N_dist	(-39, 69)	probe	l_norm	None	None	None	None	10	110	160	35	135	60	(40, -69)	18	testing
4	ym	f	19	green	1	(80, 0)	(40, 69)	(-39, 69)	(-80, 0)	(-40, -69)	(40, -69)	diamond	none	dif	left	left	N_dist	(40, -69)	search	nr	True	715851	716619	left	60	85	110	35	160	135	None	None	testing
4	ym	f	19	green	1	(80, 0)	(40, 69)	(-39, 69)	(-80, 0)	(-40, -69)	(40, -69)	diamond	green	dif	right	right	(40, 69)	(-39, 69)	search	nr	True	717888	719178	right	10	160	35	85	135	60	None	None	testing
4	ym	f	19	green	1	(80, 0)	(40, 69)	(-39, 69)	(-80, 0)	(-40, -69)	(40, -69)	diamond	green	same	right	right	(-80, 0)	(80, 0)	search	nr	True	720293	721178	right	85	10	110	60	35	160	None	None	testing
4	ym	f	19	green	1	(80, 0)	(40, 69)	(-39, 69)	(-80, 0)	(-40, -69)	(40, -69)	circle	green	same	right	right	(-80, 0)	(-39, 69)	search	nr	True	722480	723146	right	60	10	85	160	110	35	None	None	testing
4	ym	f	19	green	1	(80, 0)	(40, 69)	(-39, 69)	(-80, 0)	(-40, -69)	(40, -69)	circle	green	dif	left	left	(-80, 0)	(40, -69)	probe	h_sin	None	None	None	None	160	60	10	85	35	110	(-80, 0)	0	testing
4	ym	f	19	green	1	(80, 0)	(40, 69)	(-39, 69)	(-80, 0)	(-40, -69)	(40, -69)	diamond	green	same	left	left	(40, -69)	(40, 69)	probe	tar	None	None	None	None	85	10	135	110	35	60	(40, 69)	144	testing
4	ym	f	19	green	1	(80, 0)	(40, 69)	(-39, 69)	(-80, 0)	(-40, -69)	(40, -69)	circle	green	same	left	left	(-80, 0)	(-40, -69)	probe	h_sin	None	None	None	None	135	85	10	60	160	35	(-80, 0)	173	testing
4	ym	f	19	green	1	(80, 0)	(40, 69)	(-39, 69)	(-80, 0)	(-40, -69)	(40, -69)	circle	green	same	right	right	(-80, 0)	(40, 69)	search	nr	True	742901	743738	right	10	160	60	135	35	85	None	None	testing
4	ym	f	19	green	1	(80, 0)	(40, 69)	(-39, 69)	(-80, 0)	(-40, -69)	(40, -69)	circle	none	same	right	right	N_dist	(-80, 0)	probe	h_tar	None	None	None	None	160	135	85	60	35	10	(-80, 0)	169	testing
4	ym	f	19	green	1	(80, 0)	(40, 69)	(-39, 69)	(-80, 0)	(-40, -69)	(40, -69)	diamond	green	dif	left	left	(-80, 0)	(80, 0)	search	nr	True	750298	751323	left	35	135	85	110	10	60	None	None	testing
4	ym	f	19	green	1	(80, 0)	(40, 69)	(-39, 69)	(-80, 0)	(-40, -69)	(40, -69)	diamond	green	same	right	right	(-80, 0)	(-40, -69)	probe	h_sin	None	None	None	None	60	110	160	85	35	10	(-80, 0)	0	testing
4	ym	f	19	green	1	(80, 0)	(40, 69)	(-39, 69)	(-80, 0)	(-40, -69)	(40, -69)	circle	green	same	right	right	(-80, 0)	(-40, -69)	probe	norm	None	None	None	None	60	135	110	160	35	10	(40, -69)	50	testing
4	ym	f	19	green	1	(80, 0)	(40, 69)	(-39, 69)	(-80, 0)	(-40, -69)	(40, -69)	circle	none	same	right	right	N_dist	(80, 0)	search	nr	True	764641	765531	right	135	10	85	160	35	60	None	None	testing
4	ym	f	19	green	1	(80, 0)	(40, 69)	(-39, 69)	(-80, 0)	(-40, -69)	(40, -69)	circle	green	same	left	left	(-39, 69)	(80, 0)	search	nr	True	766695	767867	left	135	35	110	60	85	160	None	None	testing
4	ym	f	19	green	1	(80, 0)	(40, 69)	(-39, 69)	(-80, 0)	(-40, -69)	(40, -69)	circle	green	same	left	left	(-80, 0)	(-40, -69)	search	nr	True	769050	770026	left	60	160	35	110	85	135	None	None	testing
4	ym	f	19	green	1	(80, 0)	(40, 69)	(-39, 69)	(-80, 0)	(-40, -69)	(40, -69)	circle	green	same	right	right	(-80, 0)	(-40, -69)	probe	norm	None	None	None	None	135	110	35	10	60	160	(40, 69)	155	testing
4	ym	f	19	green	1	(80, 0)	(40, 69)	(-39, 69)	(-80, 0)	(-40, -69)	(40, -69)	circle	green	same	left	left	(-39, 69)	(40, -69)	search	nr	True	776229	776987	left	10	160	60	85	135	35	None	None	testing
4	ym	f	19	green	1	(80, 0)	(40, 69)	(-39, 69)	(-80, 0)	(-40, -69)	(40, -69)	circle	green	dif	left	left	(80, 0)	(40, 69)	probe	l_sin	None	None	None	None	35	10	85	160	60	110	(80, 0)	151	testing
4	ym	f	19	green	1	(80, 0)	(40, 69)	(-39, 69)	(-80, 0)	(-40, -69)	(40, -69)	circle	none	same	left	left	N_dist	(-40, -69)	probe	l_norm	None	None	None	None	160	60	35	85	110	135	(-39, 69)	156	testing
4	ym	f	19	green	1	(80, 0)	(40, 69)	(-39, 69)	(-80, 0)	(-40, -69)	(40, -69)	circle	green	dif	right	right	(-40, -69)	(80, 0)	probe	l_sin	None	None	None	None	60	160	35	10	110	135	(-40, -69)	169	testing
4	ym	f	19	green	1	(80, 0)	(40, 69)	(-39, 69)	(-80, 0)	(-40, -69)	(40, -69)	diamond	green	dif	right	right	(40, -69)	(-39, 69)	probe	norm	None	None	None	None	85	10	110	35	160	60	(40, 69)	146	testing
4	ym	f	19	green	1	(80, 0)	(40, 69)	(-39, 69)	(-80, 0)	(-40, -69)	(40, -69)	circle	green	dif	right	right	(-39, 69)	(40, -69)	probe	l_sin	None	None	None	None	35	110	60	85	10	160	(-39, 69)	163	testing
4	ym	f	19	green	1	(80, 0)	(40, 69)	(-39, 69)	(-80, 0)	(-40, -69)	(40, -69)	diamond	green	same	right	right	(80, 0)	(40, 69)	search	nr	True	811127	812091	right	135	35	60	10	85	110	None	None	testing
4	ym	f	19	green	1	(80, 0)	(40, 69)	(-39, 69)	(-80, 0)	(-40, -69)	(40, -69)	diamond	green	same	right	right	(-80, 0)	(40, -69)	search	nr	True	813364	814299	right	110	160	85	10	60	135	None	None	testing
4	ym	f	19	green	1	(80, 0)	(40, 69)	(-39, 69)	(-80, 0)	(-40, -69)	(40, -69)	diamond	green	dif	left	left	(-80, 0)	(40, 69)	probe	tar	None	None	None	None	110	60	160	85	10	35	(40, 69)	164	testing
4	ym	f	19	green	1	(80, 0)	(40, 69)	(-39, 69)	(-80, 0)	(-40, -69)	(40, -69)	diamond	none	dif	left	left	N_dist	(-80, 0)	search	nr	True	821796	822699	left	110	85	35	135	60	10	None	None	testing
4	ym	f	19	green	1	(80, 0)	(40, 69)	(-39, 69)	(-80, 0)	(-40, -69)	(40, -69)	circle	green	dif	left	left	(-80, 0)	(40, 69)	search	nr	True	823816	824602	left	110	35	10	135	60	160	None	None	testing
4	ym	f	19	green	1	(80, 0)	(40, 69)	(-39, 69)	(-80, 0)	(-40, -69)	(40, -69)	circle	none	same	right	right	N_dist	(80, 0)	probe	h_norm	None	None	None	None	85	135	110	10	35	160	(-80, 0)	149	testing
4	ym	f	19	green	1	(80, 0)	(40, 69)	(-39, 69)	(-80, 0)	(-40, -69)	(40, -69)	circle	none	same	left	left	N_dist	(-40, -69)	search	nr	True	832967	833867	left	35	85	60	10	135	160	None	None	testing
4	ym	f	19	green	1	(80, 0)	(40, 69)	(-39, 69)	(-80, 0)	(-40, -69)	(40, -69)	circle	none	same	right	right	N_dist	(40, -69)	search	nr	True	834954	836010	right	85	160	110	60	35	135	None	None	testing
4	ym	f	19	green	1	(80, 0)	(40, 69)	(-39, 69)	(-80, 0)	(-40, -69)	(40, -69)	circle	green	dif	right	right	(40, -69)	(40, 69)	search	nr	True	837074	837770	right	110	35	135	10	60	160	None	None	testing
4	ym	f	19	green	1	(80, 0)	(40, 69)	(-39, 69)	(-80, 0)	(-40, -69)	(40, -69)	circle	green	dif	left	left	(-80, 0)	(-40, -69)	search	nr	True	839011	839898	left	10	135	160	85	60	35	None	None	testing
4	ym	f	19	green	1	(80, 0)	(40, 69)	(-39, 69)	(-80, 0)	(-40, -69)	(40, -69)	diamond	none	dif	left	left	N_dist	(80, 0)	search	nr	True	841132	842155	left	60	160	10	85	35	110	None	None	testing
4	ym	f	19	green	1	(80, 0)	(40, 69)	(-39, 69)	(-80, 0)	(-40, -69)	(40, -69)	diamond	none	same	left	left	N_dist	(40, 69)	probe	h_norm	None	None	None	None	110	35	60	160	135	85	(-80, 0)	158	testing
4	ym	f	19	green	1	(80, 0)	(40, 69)	(-39, 69)	(-80, 0)	(-40, -69)	(40, -69)	circle	green	dif	left	left	(40, -69)	(40, 69)	search	nr	True	850014	851658	left	85	110	35	135	60	160	None	None	testing
4	ym	f	19	green	1	(80, 0)	(40, 69)	(-39, 69)	(-80, 0)	(-40, -69)	(40, -69)	diamond	none	dif	left	left	N_dist	(80, 0)	search	nr	True	852769	854043	left	135	85	110	60	35	10	None	None	testing
4	ym	f	19	green	1	(80, 0)	(40, 69)	(-39, 69)	(-80, 0)	(-40, -69)	(40, -69)	diamond	green	same	left	left	(-80, 0)	(-40, -69)	search	nr	True	855140	856123	left	35	85	135	160	10	110	None	None	testing
4	ym	f	19	green	1	(80, 0)	(40, 69)	(-39, 69)	(-80, 0)	(-40, -69)	(40, -69)	circle	green	same	left	left	(-80, 0)	(-40, -69)	probe	norm	None	None	None	None	110	135	35	85	60	160	(80, 0)	0	testing
4	ym	f	19	green	1	(80, 0)	(40, 69)	(-39, 69)	(-80, 0)	(-40, -69)	(40, -69)	diamond	green	same	left	left	(-39, 69)	(80, 0)	search	nr	True	861635	862426	left	110	60	160	35	135	85	None	None	testing
4	ym	f	19	green	1	(80, 0)	(40, 69)	(-39, 69)	(-80, 0)	(-40, -69)	(40, -69)	circle	green	same	left	left	(-40, -69)	(40, 69)	probe	l_sin	None	None	None	None	160	85	135	60	35	110	(-40, -69)	155	testing
4	ym	f	19	green	1	(80, 0)	(40, 69)	(-39, 69)	(-80, 0)	(-40, -69)	(40, -69)	diamond	green	dif	left	left	(-80, 0)	(40, 69)	search	nr	True	871004	871770	left	10	35	110	160	135	60	None	None	testing
4	ym	f	19	green	1	(80, 0)	(40, 69)	(-39, 69)	(-80, 0)	(-40, -69)	(40, -69)	diamond	none	same	right	right	N_dist	(40, -69)	probe	l_tar	None	None	None	None	135	10	35	60	85	160	(40, -69)	31	testing
4	ym	f	19	green	1	(80, 0)	(40, 69)	(-39, 69)	(-80, 0)	(-40, -69)	(40, -69)	diamond	none	dif	right	right	N_dist	(-80, 0)	search	nr	True	880821	881482	left	135	35	10	110	160	85	None	None	testing
4	ym	f	19	green	1	(80, 0)	(40, 69)	(-39, 69)	(-80, 0)	(-40, -69)	(40, -69)	diamond	none	same	left	left	N_dist	(80, 0)	search	nr	True	884194	885211	left	35	110	85	10	60	160	None	None	testing
4	ym	f	19	green	1	(80, 0)	(40, 69)	(-39, 69)	(-80, 0)	(-40, -69)	(40, -69)	diamond	green	dif	left	left	(-80, 0)	(40, 69)	probe	norm	None	None	None	None	160	110	85	135	60	10	(80, 0)	35	testing
4	ym	f	19	green	1	(80, 0)	(40, 69)	(-39, 69)	(-80, 0)	(-40, -69)	(40, -69)	circle	none	dif	right	right	N_dist	(-80, 0)	probe	h_tar	None	None	None	None	35	110	160	85	60	135	(-80, 0)	0	testing
4	ym	f	19	green	1	(80, 0)	(40, 69)	(-39, 69)	(-80, 0)	(-40, -69)	(40, -69)	diamond	green	same	left	left	(40, -69)	(40, 69)	search	nr	True	896099	896955	left	60	160	35	85	110	135	None	None	testing
4	ym	f	19	green	1	(80, 0)	(40, 69)	(-39, 69)	(-80, 0)	(-40, -69)	(40, -69)	diamond	none	dif	right	right	N_dist	(-39, 69)	probe	l_norm	None	None	None	None	85	160	60	135	35	10	(-40, -69)	158	testing
4	ym	f	19	green	1	(80, 0)	(40, 69)	(-39, 69)	(-80, 0)	(-40, -69)	(40, -69)	circle	green	same	left	left	(-80, 0)	(40, -69)	search	nr	True	903213	904218	left	85	160	135	10	35	60	None	None	testing
4	ym	f	19	green	1	(80, 0)	(40, 69)	(-39, 69)	(-80, 0)	(-40, -69)	(40, -69)	circle	none	same	left	left	N_dist	(80, 0)	probe	l_tar	None	None	None	None	35	85	160	10	60	135	(80, 0)	150	testing
4	ym	f	19	green	1	(80, 0)	(40, 69)	(-39, 69)	(-80, 0)	(-40, -69)	(40, -69)	diamond	green	dif	left	left	(-80, 0)	(40, 69)	probe	h_sin	None	None	None	None	160	35	10	110	85	135	(-80, 0)	0	testing
4	ym	f	19	green	1	(80, 0)	(40, 69)	(-39, 69)	(-80, 0)	(-40, -69)	(40, -69)	circle	green	same	left	left	(-80, 0)	(-40, -69)	search	nr	True	914751	915594	left	10	60	85	135	160	35	None	None	testing
4	ym	f	19	green	1	(80, 0)	(40, 69)	(-39, 69)	(-80, 0)	(-40, -69)	(40, -69)	circle	green	dif	left	left	(-40, -69)	(80, 0)	probe	l_sin	None	None	None	None	135	160	35	60	10	110	(-40, -69)	146	testing
4	ym	f	19	green	1	(80, 0)	(40, 69)	(-39, 69)	(-80, 0)	(-40, -69)	(40, -69)	diamond	green	dif	right	right	(-80, 0)	(40, -69)	search	nr	True	923316	924314	right	10	60	160	85	135	35	None	None	testing
4	ym	f	19	green	1	(80, 0)	(40, 69)	(-39, 69)	(-80, 0)	(-40, -69)	(40, -69)	circle	green	dif	right	right	(-80, 0)	(80, 0)	search	nr	True	925487	926379	right	160	60	10	35	85	135	None	None	testing
4	ym	f	19	green	1	(80, 0)	(40, 69)	(-39, 69)	(-80, 0)	(-40, -69)	(40, -69)	circle	green	same	right	right	(-80, 0)	(-39, 69)	probe	h_sin	None	None	None	None	10	85	110	135	160	35	(-80, 0)	0	testing
4	ym	f	19	green	1	(80, 0)	(40, 69)	(-39, 69)	(-80, 0)	(-40, -69)	(40, -69)	circle	green	same	left	left	(-80, 0)	(-39, 69)	probe	norm	None	None	None	None	135	35	60	10	85	110	(80, 0)	146	testing
4	ym	f	19	green	1	(80, 0)	(40, 69)	(-39, 69)	(-80, 0)	(-40, -69)	(40, -69)	diamond	none	same	left	left	N_dist	(80, 0)	search	nr	True	938244	939018	left	110	10	85	135	160	35	None	None	testing
4	ym	f	19	green	1	(80, 0)	(40, 69)	(-39, 69)	(-80, 0)	(-40, -69)	(40, -69)	circle	green	same	left	left	(-40, -69)	(40, 69)	search	nr	True	940147	941259	left	85	10	60	110	135	160	None	None	testing
4	ym	f	19	green	1	(80, 0)	(40, 69)	(-39, 69)	(-80, 0)	(-40, -69)	(40, -69)	diamond	green	dif	left	left	(-80, 0)	(40, -69)	search	nr	True	942468	943386	left	10	85	35	135	110	160	None	None	testing
4	ym	f	19	green	1	(80, 0)	(40, 69)	(-39, 69)	(-80, 0)	(-40, -69)	(40, -69)	circle	green	dif	right	right	(-40, -69)	(80, 0)	search	nr	True	944672	945546	right	10	160	85	110	35	135	None	None	testing
4	ym	f	19	green	1	(80, 0)	(40, 69)	(-39, 69)	(-80, 0)	(-40, -69)	(40, -69)	diamond	green	same	left	left	(-80, 0)	(80, 0)	probe	tar	None	None	None	None	85	10	110	135	35	60	(80, 0)	163	testing
4	ym	f	19	green	1	(80, 0)	(40, 69)	(-39, 69)	(-80, 0)	(-40, -69)	(40, -69)	circle	none	dif	right	right	N_dist	(-39, 69)	search	nr	True	951735	952411	right	10	60	85	110	160	35	None	None	testing
4	ym	f	19	green	1	(80, 0)	(40, 69)	(-39, 69)	(-80, 0)	(-40, -69)	(40, -69)	diamond	green	dif	right	right	(-80, 0)	(-40, -69)	search	nr	True	953622	955194	right	85	135	160	35	10	60	None	None	testing
4	ym	f	19	green	1	(80, 0)	(40, 69)	(-39, 69)	(-80, 0)	(-40, -69)	(40, -69)	diamond	none	same	right	right	N_dist	(-39, 69)	search	nr	True	956494	957499	right	85	135	35	110	160	60	None	None	testing
4	ym	f	19	green	1	(80, 0)	(40, 69)	(-39, 69)	(-80, 0)	(-40, -69)	(40, -69)	circle	green	same	right	right	(-80, 0)	(80, 0)	search	nr	True	958564	959322	right	60	110	85	10	160	35	None	None	testing
4	ym	f	19	green	1	(80, 0)	(40, 69)	(-39, 69)	(-80, 0)	(-40, -69)	(40, -69)	diamond	green	dif	right	right	(40, -69)	(-39, 69)	search	nr	True	960451	961482	right	10	60	35	85	135	160	None	None	testing
4	ym	f	19	green	1	(80, 0)	(40, 69)	(-39, 69)	(-80, 0)	(-40, -69)	(40, -69)	circle	green	dif	right	right	(-40, -69)	(80, 0)	search	nr	True	962638	964394	right	160	85	110	135	10	60	None	None	testing
4	ym	f	19	green	1	(80, 0)	(40, 69)	(-39, 69)	(-80, 0)	(-40, -69)	(40, -69)	circle	green	dif	left	left	(40, 69)	(40, -69)	probe	tar	None	None	None	None	60	35	135	160	110	10	(40, -69)	21	testing
4	ym	f	19	green	1	(80, 0)	(40, 69)	(-39, 69)	(-80, 0)	(-40, -69)	(40, -69)	diamond	green	same	left	left	(40, 69)	(-39, 69)	search	nr	True	972723	973866	left	85	60	135	35	10	110	None	None	testing
4	ym	f	19	green	1	(80, 0)	(40, 69)	(-39, 69)	(-80, 0)	(-40, -69)	(40, -69)	diamond	green	dif	right	right	(-80, 0)	(40, -69)	probe	h_sin	None	None	None	None	10	110	60	160	135	35	(-80, 0)	31	testing
4	ym	f	19	green	1	(80, 0)	(40, 69)	(-39, 69)	(-80, 0)	(-40, -69)	(40, -69)	diamond	none	dif	left	left	N_dist	(-80, 0)	search	nr	True	981841	982587	left	60	85	10	110	35	135	None	None	testing
4	ym	f	19	green	1	(80, 0)	(40, 69)	(-39, 69)	(-80, 0)	(-40, -69)	(40, -69)	diamond	green	dif	left	left	(-80, 0)	(80, 0)	search	nr	True	983643	984507	left	60	160	110	10	135	35	None	None	testing
4	ym	f	19	green	1	(80, 0)	(40, 69)	(-39, 69)	(-80, 0)	(-40, -69)	(40, -69)	diamond	none	dif	right	right	N_dist	(-40, -69)	search	nr	True	985764	986634	right	60	10	160	85	135	110	None	None	testing
4	ym	f	19	green	1	(80, 0)	(40, 69)	(-39, 69)	(-80, 0)	(-40, -69)	(40, -69)	diamond	green	dif	left	left	(80, 0)	(-39, 69)	probe	norm	None	None	None	None	85	10	160	60	135	110	(40, -69)	23	testing
4	ym	f	19	green	1	(80, 0)	(40, 69)	(-39, 69)	(-80, 0)	(-40, -69)	(40, -69)	diamond	none	dif	left	left	N_dist	(40, -69)	probe	h_norm	None	None	None	None	160	60	35	85	10	135	(-80, 0)	168	testing
4	ym	f	19	green	1	(80, 0)	(40, 69)	(-39, 69)	(-80, 0)	(-40, -69)	(40, -69)	diamond	none	same	right	right	N_dist	(40, -69)	search	nr	True	999305	1000123	right	60	10	110	85	35	135	None	None	testing
4	ym	f	19	green	1	(80, 0)	(40, 69)	(-39, 69)	(-80, 0)	(-40, -69)	(40, -69)	circle	green	dif	left	left	(-80, 0)	(80, 0)	probe	tar	None	None	None	None	10	85	160	135	35	110	(80, 0)	149	testing
4	ym	f	19	green	1	(80, 0)	(40, 69)	(-39, 69)	(-80, 0)	(-40, -69)	(40, -69)	diamond	green	dif	right	right	(-80, 0)	(40, -69)	search	nr	True	1005734	1006667	right	60	85	35	10	135	160	None	None	testing
4	ym	f	19	green	1	(80, 0)	(40, 69)	(-39, 69)	(-80, 0)	(-40, -69)	(40, -69)	circle	green	same	left	left	(-80, 0)	(-39, 69)	search	nr	True	1007738	1008587	left	10	60	35	160	85	135	None	None	testing
4	ym	f	19	green	1	(80, 0)	(40, 69)	(-39, 69)	(-80, 0)	(-40, -69)	(40, -69)	diamond	green	same	left	left	(-80, 0)	(-40, -69)	search	nr	True	1009708	1010650	left	35	85	10	110	160	135	None	None	testing
4	ym	f	19	green	1	(80, 0)	(40, 69)	(-39, 69)	(-80, 0)	(-40, -69)	(40, -69)	circle	none	same	right	right	N_dist	(40, 69)	search	nr	True	1011812	1012714	right	60	10	35	85	135	160	None	None	testing
4	ym	f	19	green	1	(80, 0)	(40, 69)	(-39, 69)	(-80, 0)	(-40, -69)	(40, -69)	diamond	green	dif	right	right	(-80, 0)	(-40, -69)	search	nr	True	1013782	1014539	right	10	35	110	60	135	85	None	None	testing
4	ym	f	19	green	1	(80, 0)	(40, 69)	(-39, 69)	(-80, 0)	(-40, -69)	(40, -69)	circle	none	dif	left	left	N_dist	(80, 0)	search	nr	True	1015686	1016635	left	110	10	85	35	135	60	None	None	testing
4	ym	f	19	green	1	(80, 0)	(40, 69)	(-39, 69)	(-80, 0)	(-40, -69)	(40, -69)	diamond	green	dif	right	right	(-80, 0)	(40, 69)	search	nr	True	1017940	1018906	right	10	135	160	85	60	110	None	None	testing
4	ym	f	19	green	1	(80, 0)	(40, 69)	(-39, 69)	(-80, 0)	(-40, -69)	(40, -69)	diamond	none	same	right	right	N_dist	(-39, 69)	search	nr	True	1020077	1020795	right	160	35	10	135	85	110	None	None	testing
4	ym	f	19	green	1	(80, 0)	(40, 69)	(-39, 69)	(-80, 0)	(-40, -69)	(40, -69)	diamond	green	same	right	right	(-80, 0)	(40, -69)	search	nr	True	1021947	1022715	right	160	10	135	85	110	35	None	None	testing
4	ym	f	19	green	1	(80, 0)	(40, 69)	(-39, 69)	(-80, 0)	(-40, -69)	(40, -69)	circle	none	dif	right	right	N_dist	(40, -69)	search	nr	True	1023984	1024889	right	135	110	60	35	85	10	None	None	testing
4	ym	f	19	green	1	(80, 0)	(40, 69)	(-39, 69)	(-80, 0)	(-40, -69)	(40, -69)	circle	green	dif	right	right	(-39, 69)	(80, 0)	search	nr	True	1026205	1027194	right	85	60	35	10	135	110	None	None	testing
4	ym	f	19	green	1	(80, 0)	(40, 69)	(-39, 69)	(-80, 0)	(-40, -69)	(40, -69)	diamond	none	dif	right	right	N_dist	(-80, 0)	probe	h_tar	None	None	None	None	160	135	110	85	60	35	(-80, 0)	0	testing
4	ym	f	19	green	1	(80, 0)	(40, 69)	(-39, 69)	(-80, 0)	(-40, -69)	(40, -69)	diamond	green	same	right	right	(40, 69)	(40, -69)	search	nr	True	1032217	1033226	right	35	60	110	10	135	160	None	None	testing
4	ym	f	19	green	1	(80, 0)	(40, 69)	(-39, 69)	(-80, 0)	(-40, -69)	(40, -69)	diamond	none	same	left	left	N_dist	(-40, -69)	probe	l_tar	None	None	None	None	160	10	35	60	85	135	(-40, -69)	166	testing
4	ym	f	19	green	1	(80, 0)	(40, 69)	(-39, 69)	(-80, 0)	(-40, -69)	(40, -69)	diamond	green	dif	right	right	(-80, 0)	(-40, -69)	search	nr	True	1040097	1040762	right	10	85	35	160	60	110	None	None	testing
4	ym	f	19	green	1	(80, 0)	(40, 69)	(-39, 69)	(-80, 0)	(-40, -69)	(40, -69)	circle	green	same	right	right	(-80, 0)	(-40, -69)	search	nr	True	1041867	1042858	right	135	110	85	160	60	10	None	None	testing
4	ym	f	19	green	1	(80, 0)	(40, 69)	(-39, 69)	(-80, 0)	(-40, -69)	(40, -69)	circle	none	dif	right	right	N_dist	(-40, -69)	probe	l_norm	None	None	None	None	160	135	35	85	110	60	(80, 0)	17	testing
4	ym	f	19	green	1	(80, 0)	(40, 69)	(-39, 69)	(-80, 0)	(-40, -69)	(40, -69)	circle	none	same	left	left	N_dist	(-40, -69)	probe	h_norm	None	None	None	None	10	135	60	35	85	160	(-80, 0)	157	testing
4	ym	f	19	green	1	(80, 0)	(40, 69)	(-39, 69)	(-80, 0)	(-40, -69)	(40, -69)	diamond	none	same	left	left	N_dist	(80, 0)	probe	l_norm	None	None	None	None	135	160	85	60	35	110	(-40, -69)	152	testing
4	ym	f	19	green	1	(80, 0)	(40, 69)	(-39, 69)	(-80, 0)	(-40, -69)	(40, -69)	circle	green	same	right	right	(-80, 0)	(-39, 69)	probe	norm	None	None	None	None	160	110	60	10	135	85	(80, 0)	34	testing
4	ym	f	19	green	1	(80, 0)	(40, 69)	(-39, 69)	(-80, 0)	(-40, -69)	(40, -69)	diamond	green	dif	right	right	(40, 69)	(-40, -69)	probe	l_sin	None	None	None	None	85	60	110	10	35	160	(40, 69)	168	testing
4	ym	f	19	green	1	(80, 0)	(40, 69)	(-39, 69)	(-80, 0)	(-40, -69)	(40, -69)	diamond	green	same	left	left	(-80, 0)	(80, 0)	search	nr	True	1075813	1076714	left	60	35	160	110	85	10	None	None	testing
4	ym	f	19	green	1	(80, 0)	(40, 69)	(-39, 69)	(-80, 0)	(-40, -69)	(40, -69)	diamond	green	same	left	left	(-80, 0)	(-40, -69)	probe	norm	None	None	None	None	160	85	110	135	60	35	(-39, 69)	14	testing
4	ym	f	19	green	1	(80, 0)	(40, 69)	(-39, 69)	(-80, 0)	(-40, -69)	(40, -69)	diamond	none	same	right	right	N_dist	(40, 69)	probe	l_norm	None	None	None	None	10	85	60	110	35	135	(80, 0)	26	testing
4	ym	f	19	green	1	(80, 0)	(40, 69)	(-39, 69)	(-80, 0)	(-40, -69)	(40, -69)	diamond	none	dif	right	right	N_dist	(40, 69)	search	nr	True	1089088	1090010	right	110	35	60	135	160	10	None	None	testing
4	ym	f	19	green	1	(80, 0)	(40, 69)	(-39, 69)	(-80, 0)	(-40, -69)	(40, -69)	diamond	green	same	left	left	(40, -69)	(40, 69)	search	nr	True	1091175	1092106	left	135	10	35	160	110	85	None	None	testing
4	ym	f	19	green	1	(80, 0)	(40, 69)	(-39, 69)	(-80, 0)	(-40, -69)	(40, -69)	diamond	green	same	left	left	(40, -69)	(40, 69)	probe	l_sin	None	None	None	None	60	85	35	110	160	135	(40, -69)	22	testing
4	ym	f	19	green	1	(80, 0)	(40, 69)	(-39, 69)	(-80, 0)	(-40, -69)	(40, -69)	diamond	green	same	left	left	(-39, 69)	(80, 0)	search	nr	True	1097987	1099547	left	35	160	10	135	85	60	None	None	testing
4	ym	f	19	green	1	(80, 0)	(40, 69)	(-39, 69)	(-80, 0)	(-40, -69)	(40, -69)	diamond	green	same	right	right	(-80, 0)	(-39, 69)	search	nr	True	1100725	1101787	right	10	135	35	60	110	85	None	None	testing
4	ym	f	19	green	1	(80, 0)	(40, 69)	(-39, 69)	(-80, 0)	(-40, -69)	(40, -69)	diamond	green	dif	right	right	(40, 69)	(-40, -69)	search	nr	True	1102880	1103706	right	85	35	160	135	60	10	None	None	testing
4	ym	f	19	green	1	(80, 0)	(40, 69)	(-39, 69)	(-80, 0)	(-40, -69)	(40, -69)	diamond	green	dif	left	left	(-80, 0)	(80, 0)	probe	tar	None	None	None	None	60	160	135	110	35	10	(80, 0)	163	testing
4	ym	f	19	green	1	(80, 0)	(40, 69)	(-39, 69)	(-80, 0)	(-40, -69)	(40, -69)	diamond	green	dif	right	right	(-80, 0)	(40, -69)	search	nr	True	1110560	1111755	right	60	35	160	135	10	85	None	None	testing
4	ym	f	19	green	1	(80, 0)	(40, 69)	(-39, 69)	(-80, 0)	(-40, -69)	(40, -69)	diamond	green	dif	left	left	(40, -69)	(40, 69)	search	nr	True	1113049	1113770	left	135	160	110	10	85	35	None	None	testing
4	ym	f	19	green	1	(80, 0)	(40, 69)	(-39, 69)	(-80, 0)	(-40, -69)	(40, -69)	circle	none	dif	left	left	N_dist	(40, 69)	probe	l_norm	None	None	None	None	160	60	35	10	110	135	(-39, 69)	165	testing
4	ym	f	19	green	1	(80, 0)	(40, 69)	(-39, 69)	(-80, 0)	(-40, -69)	(40, -69)	circle	none	same	right	right	N_dist	(80, 0)	search	nr	True	1119727	1120618	right	160	35	85	135	10	110	None	None	testing
4	ym	f	19	green	1	(80, 0)	(40, 69)	(-39, 69)	(-80, 0)	(-40, -69)	(40, -69)	diamond	green	same	right	right	(-80, 0)	(40, 69)	probe	h_sin	None	None	None	None	85	160	35	110	10	135	(-80, 0)	8	testing
4	ym	f	19	green	1	(80, 0)	(40, 69)	(-39, 69)	(-80, 0)	(-40, -69)	(40, -69)	circle	none	dif	left	left	N_dist	(-39, 69)	search	nr	True	1127191	1128299	left	135	10	35	110	160	60	None	None	testing
4	ym	f	19	green	1	(80, 0)	(40, 69)	(-39, 69)	(-80, 0)	(-40, -69)	(40, -69)	circle	none	dif	right	right	N_dist	(40, -69)	probe	h_norm	None	None	None	None	160	135	10	60	110	85	(-80, 0)	163	testing
4	ym	f	19	green	1	(80, 0)	(40, 69)	(-39, 69)	(-80, 0)	(-40, -69)	(40, -69)	diamond	none	same	right	right	N_dist	(40, 69)	search	nr	True	1134505	1135562	right	60	135	85	35	110	10	None	None	testing
4	ym	f	19	green	1	(80, 0)	(40, 69)	(-39, 69)	(-80, 0)	(-40, -69)	(40, -69)	circle	green	dif	left	left	(-40, -69)	(80, 0)	search	nr	True	1136759	1137770	left	85	35	160	60	10	110	None	None	testing
4	ym	f	19	green	1	(80, 0)	(40, 69)	(-39, 69)	(-80, 0)	(-40, -69)	(40, -69)	diamond	none	dif	right	right	N_dist	(-80, 0)	search	nr	True	1138979	1140074	right	85	110	35	10	60	160	None	None	testing
4	ym	f	19	green	1	(80, 0)	(40, 69)	(-39, 69)	(-80, 0)	(-40, -69)	(40, -69)	diamond	green	same	right	right	(40, 69)	(40, -69)	probe	l_sin	None	None	None	None	110	35	135	160	10	60	(40, 69)	156	testing
4	ym	f	19	green	1	(80, 0)	(40, 69)	(-39, 69)	(-80, 0)	(-40, -69)	(40, -69)	diamond	none	same	right	right	N_dist	(-39, 69)	search	nr	True	1147278	1148058	right	85	10	35	160	135	60	None	None	testing
4	ym	f	19	green	1	(80, 0)	(40, 69)	(-39, 69)	(-80, 0)	(-40, -69)	(40, -69)	circle	green	same	right	right	(80, 0)	(-40, -69)	probe	tar	None	None	None	None	10	160	135	110	35	85	(-40, -69)	152	testing
4	ym	f	19	green	1	(80, 0)	(40, 69)	(-39, 69)	(-80, 0)	(-40, -69)	(40, -69)	diamond	green	dif	left	left	(-80, 0)	(80, 0)	search	nr	True	1155827	1156730	left	85	160	60	35	135	110	None	None	testing
4	ym	f	19	green	1	(80, 0)	(40, 69)	(-39, 69)	(-80, 0)	(-40, -69)	(40, -69)	circle	green	dif	right	right	(-80, 0)	(-40, -69)	search	nr	True	1158031	1159034	right	35	10	160	135	110	60	None	None	testing
4	ym	f	19	green	1	(80, 0)	(40, 69)	(-39, 69)	(-80, 0)	(-40, -69)	(40, -69)	diamond	green	same	left	left	(-39, 69)	(80, 0)	probe	l_sin	None	None	None	None	160	60	35	85	135	110	(-39, 69)	161	testing
4	ym	f	19	green	1	(80, 0)	(40, 69)	(-39, 69)	(-80, 0)	(-40, -69)	(40, -69)	diamond	green	same	right	right	(40, 69)	(40, -69)	search	nr	True	1165227	1166218	right	10	110	60	160	35	85	None	None	testing
4	ym	f	19	green	1	(80, 0)	(40, 69)	(-39, 69)	(-80, 0)	(-40, -69)	(40, -69)	diamond	green	dif	left	left	(-40, -69)	(40, -69)	search	nr	True	1167348	1168186	left	60	160	10	35	110	85	None	None	testing
4	ym	f	19	green	1	(80, 0)	(40, 69)	(-39, 69)	(-80, 0)	(-40, -69)	(40, -69)	circle	none	dif	left	left	N_dist	(40, 69)	probe	h_norm	None	None	None	None	110	160	35	10	135	60	(-80, 0)	146	testing
4	ym	f	19	green	1	(80, 0)	(40, 69)	(-39, 69)	(-80, 0)	(-40, -69)	(40, -69)	diamond	green	same	left	left	(-80, 0)	(80, 0)	search	nr	True	1176615	1177434	left	160	85	135	110	10	60	None	None	testing
4	ym	f	19	green	1	(80, 0)	(40, 69)	(-39, 69)	(-80, 0)	(-40, -69)	(40, -69)	diamond	none	same	left	left	N_dist	(80, 0)	search	nr	True	1178635	1179242	left	110	135	35	10	60	85	None	None	testing
4	ym	f	19	green	1	(80, 0)	(40, 69)	(-39, 69)	(-80, 0)	(-40, -69)	(40, -69)	diamond	green	dif	left	left	(40, -69)	(40, 69)	probe	norm	None	None	None	None	35	110	160	85	60	135	(-80, 0)	9	testing
4	ym	f	19	green	1	(80, 0)	(40, 69)	(-39, 69)	(-80, 0)	(-40, -69)	(40, -69)	diamond	green	dif	left	left	(40, -69)	(40, 69)	search	nr	True	1184763	1185963	left	110	10	135	60	160	35	None	None	testing
4	ym	f	19	green	1	(80, 0)	(40, 69)	(-39, 69)	(-80, 0)	(-40, -69)	(40, -69)	diamond	green	same	left	left	(-80, 0)	(-39, 69)	probe	h_sin	None	None	None	None	10	85	160	135	35	110	(-80, 0)	4	testing
4	ym	f	19	green	1	(80, 0)	(40, 69)	(-39, 69)	(-80, 0)	(-40, -69)	(40, -69)	circle	none	same	left	left	N_dist	(80, 0)	search	nr	True	1192378	1193385	left	135	85	35	110	60	10	None	None	testing
4	ym	f	19	green	1	(80, 0)	(40, 69)	(-39, 69)	(-80, 0)	(-40, -69)	(40, -69)	diamond	green	same	left	left	(-80, 0)	(80, 0)	search	nr	True	1194531	1195258	left	35	10	135	160	85	60	None	None	testing
4	ym	f	19	green	1	(80, 0)	(40, 69)	(-39, 69)	(-80, 0)	(-40, -69)	(40, -69)	circle	none	dif	left	left	N_dist	(40, 69)	search	nr	True	1196351	1197162	left	160	60	85	135	35	110	None	None	testing
4	ym	f	19	green	1	(80, 0)	(40, 69)	(-39, 69)	(-80, 0)	(-40, -69)	(40, -69)	diamond	green	dif	left	left	(-40, -69)	(40, -69)	probe	norm	None	None	None	None	110	160	85	35	135	10	(40, 69)	24	testing
4	ym	f	19	green	1	(80, 0)	(40, 69)	(-39, 69)	(-80, 0)	(-40, -69)	(40, -69)	circle	none	dif	right	right	N_dist	(-80, 0)	search	nr	True	1203765	1205034	right	35	135	10	60	85	110	None	None	testing
4	ym	f	19	green	1	(80, 0)	(40, 69)	(-39, 69)	(-80, 0)	(-40, -69)	(40, -69)	circle	green	same	left	left	(-80, 0)	(-40, -69)	search	nr	True	1206236	1207226	left	60	10	85	110	135	35	None	None	testing
4	ym	f	19	green	1	(80, 0)	(40, 69)	(-39, 69)	(-80, 0)	(-40, -69)	(40, -69)	diamond	green	same	left	left	(-39, 69)	(80, 0)	search	nr	True	1208424	1209259	left	35	85	60	160	110	135	None	None	testing
4	ym	f	19	green	1	(80, 0)	(40, 69)	(-39, 69)	(-80, 0)	(-40, -69)	(40, -69)	diamond	none	same	left	left	N_dist	(40, 69)	search	nr	True	1210343	1211034	left	10	85	35	160	135	60	None	None	testing
4	ym	f	19	green	1	(80, 0)	(40, 69)	(-39, 69)	(-80, 0)	(-40, -69)	(40, -69)	circle	green	dif	left	left	(-80, 0)	(80, 0)	search	nr	True	1212131	1212906	left	135	35	110	85	10	160	None	None	testing
4	ym	f	19	green	1	(80, 0)	(40, 69)	(-39, 69)	(-80, 0)	(-40, -69)	(40, -69)	circle	green	same	right	right	(-80, 0)	(40, 69)	search	nr	True	1214168	1215210	right	85	60	10	160	135	35	None	None	testing
4	ym	f	19	green	1	(80, 0)	(40, 69)	(-39, 69)	(-80, 0)	(-40, -69)	(40, -69)	circle	green	dif	right	right	(-80, 0)	(40, -69)	search	nr	True	1216355	1217818	right	35	110	135	85	60	160	None	None	testing
4	ym	f	19	green	1	(80, 0)	(40, 69)	(-39, 69)	(-80, 0)	(-40, -69)	(40, -69)	circle	green	same	left	left	(-80, 0)	(40, -69)	search	nr	True	1218910	1220394	left	135	110	35	160	10	60	None	None	testing
4	ym	f	19	green	1	(80, 0)	(40, 69)	(-39, 69)	(-80, 0)	(-40, -69)	(40, -69)	circle	green	same	left	left	(-80, 0)	(40, -69)	probe	h_sin	None	None	None	None	85	10	35	60	110	160	(-80, 0)	165	testing
4	ym	f	19	green	1	(80, 0)	(40, 69)	(-39, 69)	(-80, 0)	(-40, -69)	(40, -69)	diamond	green	same	right	right	(-80, 0)	(40, -69)	search	nr	True	1226523	1227498	right	110	85	35	135	160	10	None	None	testing
4	ym	f	19	green	1	(80, 0)	(40, 69)	(-39, 69)	(-80, 0)	(-40, -69)	(40, -69)	circle	green	same	right	right	(80, 0)	(-40, -69)	search	nr	True	1228594	1229834	right	85	160	135	60	10	35	None	None	testing
4	ym	f	19	green	1	(80, 0)	(40, 69)	(-39, 69)	(-80, 0)	(-40, -69)	(40, -69)	circle	none	same	right	right	N_dist	(-80, 0)	probe	h_tar	None	None	None	None	135	10	160	35	85	60	(-80, 0)	155	testing
4	ym	f	19	green	1	(80, 0)	(40, 69)	(-39, 69)	(-80, 0)	(-40, -69)	(40, -69)	diamond	none	dif	right	right	N_dist	(-40, -69)	probe	h_norm	None	None	None	None	135	10	85	35	110	60	(-80, 0)	150	testing
4	ym	f	19	green	1	(80, 0)	(40, 69)	(-39, 69)	(-80, 0)	(-40, -69)	(40, -69)	circle	green	same	right	right	(80, 0)	(-40, -69)	search	nr	True	1242169	1243354	right	110	60	35	85	135	10	None	None	testing
4	ym	f	19	green	1	(80, 0)	(40, 69)	(-39, 69)	(-80, 0)	(-40, -69)	(40, -69)	circle	green	dif	left	left	(-80, 0)	(40, 69)	search	nr	True	1244473	1245242	left	135	85	10	35	110	160	None	None	testing
4	ym	f	19	green	1	(80, 0)	(40, 69)	(-39, 69)	(-80, 0)	(-40, -69)	(40, -69)	diamond	green	dif	left	left	(-80, 0)	(40, -69)	search	nr	True	1246461	1247450	left	35	60	110	160	10	135	None	None	testing
4	ym	f	19	green	1	(80, 0)	(40, 69)	(-39, 69)	(-80, 0)	(-40, -69)	(40, -69)	circle	green	same	right	right	(-80, 0)	(-39, 69)	probe	h_sin	None	None	None	None	85	10	60	160	110	35	(-80, 0)	36	testing
4	ym	f	19	green	1	(80, 0)	(40, 69)	(-39, 69)	(-80, 0)	(-40, -69)	(40, -69)	circle	none	same	right	right	N_dist	(-80, 0)	search	nr	True	1254041	1254938	right	10	110	135	160	85	35	None	None	testing
4	ym	f	19	green	1	(80, 0)	(40, 69)	(-39, 69)	(-80, 0)	(-40, -69)	(40, -69)	circle	none	dif	right	right	N_dist	(-40, -69)	search	nr	True	1256028	1256778	right	110	60	85	135	35	160	None	None	testing
4	ym	f	19	green	1	(80, 0)	(40, 69)	(-39, 69)	(-80, 0)	(-40, -69)	(40, -69)	circle	none	same	right	right	N_dist	(40, -69)	search	nr	True	1257931	1258715	right	35	110	10	135	60	160	None	None	testing
4	ym	f	19	green	1	(80, 0)	(40, 69)	(-39, 69)	(-80, 0)	(-40, -69)	(40, -69)	diamond	green	dif	right	right	(40, -69)	(-39, 69)	search	nr	True	1259952	1261306	right	35	110	10	60	135	160	None	None	testing
4	ym	f	19	green	1	(80, 0)	(40, 69)	(-39, 69)	(-80, 0)	(-40, -69)	(40, -69)	circle	none	dif	left	left	N_dist	(-40, -69)	search	nr	True	1262406	1263339	left	10	60	160	85	110	35	None	None	testing
4	ym	f	19	green	1	(80, 0)	(40, 69)	(-39, 69)	(-80, 0)	(-40, -69)	(40, -69)	circle	green	dif	left	left	(40, 69)	(40, -69)	search	nr	True	1264643	1265706	left	85	10	35	110	160	60	None	None	testing
4	ym	f	19	green	1	(80, 0)	(40, 69)	(-39, 69)	(-80, 0)	(-40, -69)	(40, -69)	diamond	green	same	left	left	(-80, 0)	(80, 0)	probe	tar	None	None	None	None	160	135	35	60	10	110	(80, 0)	38	testing
4	ym	f	19	green	1	(80, 0)	(40, 69)	(-39, 69)	(-80, 0)	(-40, -69)	(40, -69)	circle	green	same	left	left	(-80, 0)	(40, -69)	search	nr	True	1272175	1272969	left	35	135	10	85	160	60	None	None	testing
4	ym	f	19	green	1	(80, 0)	(40, 69)	(-39, 69)	(-80, 0)	(-40, -69)	(40, -69)	diamond	none	dif	right	right	N_dist	(-80, 0)	probe	h_tar	None	None	None	None	85	160	35	60	10	110	(-80, 0)	0	testing
4	ym	f	19	green	1	(80, 0)	(40, 69)	(-39, 69)	(-80, 0)	(-40, -69)	(40, -69)	circle	green	same	right	right	(-80, 0)	(-40, -69)	search	nr	True	1278653	1279434	right	160	85	60	35	110	135	None	None	testing
4	ym	f	19	green	1	(80, 0)	(40, 69)	(-39, 69)	(-80, 0)	(-40, -69)	(40, -69)	circle	green	dif	right	right	(40, -69)	(40, 69)	search	nr	True	1280690	1281738	right	110	160	135	35	85	60	None	None	testing
4	ym	f	19	green	1	(80, 0)	(40, 69)	(-39, 69)	(-80, 0)	(-40, -69)	(40, -69)	circle	green	same	right	right	(80, 0)	(-39, 69)	search	nr	True	1282977	1284058	right	110	35	135	160	85	10	None	None	testing
4	ym	f	19	green	1	(80, 0)	(40, 69)	(-39, 69)	(-80, 0)	(-40, -69)	(40, -69)	circle	green	dif	right	right	(-80, 0)	(-40, -69)	probe	norm	None	None	None	None	35	85	60	110	160	10	(40, 69)	164	testing
4	ym	f	19	green	1	(80, 0)	(40, 69)	(-39, 69)	(-80, 0)	(-40, -69)	(40, -69)	diamond	none	dif	right	right	N_dist	(-80, 0)	search	nr	True	1290508	1291259	right	10	110	160	85	135	60	None	None	testing
4	ym	f	19	green	1	(80, 0)	(40, 69)	(-39, 69)	(-80, 0)	(-40, -69)	(40, -69)	diamond	green	dif	right	right	(-80, 0)	(40, -69)	probe	tar	None	None	None	None	10	135	110	60	35	85	(40, -69)	0	testing
4	ym	f	19	green	1	(80, 0)	(40, 69)	(-39, 69)	(-80, 0)	(-40, -69)	(40, -69)	circle	none	dif	left	left	N_dist	(80, 0)	search	nr	True	1297170	1298042	left	10	135	60	110	160	85	None	None	testing
4	ym	f	19	green	1	(80, 0)	(40, 69)	(-39, 69)	(-80, 0)	(-40, -69)	(40, -69)	circle	green	dif	left	left	(-80, 0)	(40, -69)	search	nr	True	1299157	1300058	left	85	60	110	160	10	35	None	None	testing
4	ym	f	19	green	1	(80, 0)	(40, 69)	(-39, 69)	(-80, 0)	(-40, -69)	(40, -69)	diamond	green	dif	left	left	(-80, 0)	(80, 0)	search	nr	True	1301177	1301994	left	35	10	135	110	85	160	None	None	testing
4	ym	f	19	green	1	(80, 0)	(40, 69)	(-39, 69)	(-80, 0)	(-40, -69)	(40, -69)	diamond	green	same	right	right	(80, 0)	(40, 69)	search	nr	True	1303181	1304778	right	60	35	160	10	110	135	None	None	testing
4	ym	f	19	green	1	(80, 0)	(40, 69)	(-39, 69)	(-80, 0)	(-40, -69)	(40, -69)	circle	green	same	right	right	(-80, 0)	(40, 69)	probe	tar	None	None	None	None	60	85	110	160	35	10	(40, 69)	177	testing
4	ym	f	19	green	1	(80, 0)	(40, 69)	(-39, 69)	(-80, 0)	(-40, -69)	(40, -69)	circle	none	same	left	left	N_dist	(80, 0)	search	nr	True	1310812	1311594	left	10	110	35	160	85	135	None	None	testing
4	ym	f	19	green	1	(80, 0)	(40, 69)	(-39, 69)	(-80, 0)	(-40, -69)	(40, -69)	diamond	green	dif	right	right	(40, 69)	(80, 0)	probe	l_sin	None	None	None	None	35	160	110	135	10	85	(40, 69)	27	testing
4	ym	f	19	green	1	(80, 0)	(40, 69)	(-39, 69)	(-80, 0)	(-40, -69)	(40, -69)	circle	green	dif	left	left	(-40, -69)	(80, 0)	search	nr	True	1319127	1319963	left	60	85	110	135	35	160	None	None	testing
4	ym	f	19	green	1	(80, 0)	(40, 69)	(-39, 69)	(-80, 0)	(-40, -69)	(40, -69)	circle	none	same	left	left	N_dist	(-39, 69)	probe	l_norm	None	None	None	None	35	110	160	85	135	60	(40, -69)	168	testing
4	ym	f	19	green	1	(80, 0)	(40, 69)	(-39, 69)	(-80, 0)	(-40, -69)	(40, -69)	diamond	none	same	left	left	N_dist	(-40, -69)	search	nr	True	1327092	1327962	left	85	60	35	10	110	135	None	None	testing
4	ym	f	19	green	1	(80, 0)	(40, 69)	(-39, 69)	(-80, 0)	(-40, -69)	(40, -69)	diamond	green	dif	left	left	(-80, 0)	(-39, 69)	search	nr	True	1329213	1330171	left	35	135	110	85	160	60	None	None	testing
4	ym	f	19	green	1	(80, 0)	(40, 69)	(-39, 69)	(-80, 0)	(-40, -69)	(40, -69)	circle	green	same	right	right	(-80, 0)	(-39, 69)	search	nr	True	1331366	1332362	right	160	110	85	135	60	10	None	None	testing
4	ym	f	19	green	1	(80, 0)	(40, 69)	(-39, 69)	(-80, 0)	(-40, -69)	(40, -69)	circle	green	dif	right	right	(-80, 0)	(40, 69)	search	nr	True	1333637	1334843	right	110	60	160	35	135	85	None	None	testing
4	ym	f	19	green	1	(80, 0)	(40, 69)	(-39, 69)	(-80, 0)	(-40, -69)	(40, -69)	circle	none	same	right	right	N_dist	(40, -69)	probe	h_norm	None	None	None	None	85	35	10	110	160	60	(-80, 0)	0	testing
4	ym	f	19	green	1	(80, 0)	(40, 69)	(-39, 69)	(-80, 0)	(-40, -69)	(40, -69)	diamond	none	dif	left	left	N_dist	(40, -69)	search	nr	True	1339832	1340554	left	135	85	110	160	35	10	None	None	testing
4	ym	f	19	green	1	(80, 0)	(40, 69)	(-39, 69)	(-80, 0)	(-40, -69)	(40, -69)	circle	green	same	left	left	(-39, 69)	(80, 0)	probe	norm	None	None	None	None	135	160	35	110	10	60	(40, -69)	170	testing
4	ym	f	19	green	1	(80, 0)	(40, 69)	(-39, 69)	(-80, 0)	(-40, -69)	(40, -69)	diamond	green	same	right	right	(-80, 0)	(40, -69)	search	nr	True	1347028	1347849	right	10	110	160	60	135	85	None	None	testing
4	ym	f	19	green	1	(80, 0)	(40, 69)	(-39, 69)	(-80, 0)	(-40, -69)	(40, -69)	diamond	green	same	right	right	(-80, 0)	(80, 0)	probe	norm	None	None	None	None	10	85	135	160	60	35	(40, -69)	164	testing
4	ym	f	19	green	1	(80, 0)	(40, 69)	(-39, 69)	(-80, 0)	(-40, -69)	(40, -69)	circle	green	same	left	left	(-80, 0)	(40, -69)	search	nr	True	1354175	1354906	left	135	110	10	35	160	60	None	None	testing
4	ym	f	19	green	1	(80, 0)	(40, 69)	(-39, 69)	(-80, 0)	(-40, -69)	(40, -69)	circle	none	dif	right	right	N_dist	(40, -69)	search	nr	True	1356162	1356986	right	135	10	160	110	60	85	None	None	testing
4	ym	f	19	green	1	(80, 0)	(40, 69)	(-39, 69)	(-80, 0)	(-40, -69)	(40, -69)	circle	green	dif	right	right	(-80, 0)	(-40, -69)	search	nr	True	1358166	1359113	right	135	60	160	10	110	85	None	None	testing
4	ym	f	19	green	1	(80, 0)	(40, 69)	(-39, 69)	(-80, 0)	(-40, -69)	(40, -69)	diamond	green	dif	left	left	(-80, 0)	(80, 0)	probe	tar	None	None	None	None	85	135	35	160	60	110	(80, 0)	168	testing
4	ym	f	19	green	1	(80, 0)	(40, 69)	(-39, 69)	(-80, 0)	(-40, -69)	(40, -69)	circle	green	same	right	right	(-80, 0)	(-39, 69)	search	nr	True	1365929	1366714	right	85	160	35	60	135	10	None	None	testing
4	ym	f	19	green	1	(80, 0)	(40, 69)	(-39, 69)	(-80, 0)	(-40, -69)	(40, -69)	diamond	green	same	right	right	(-40, -69)	(80, 0)	probe	l_sin	None	None	None	None	35	135	10	110	160	85	(-40, -69)	26	testing
4	ym	f	19	green	1	(80, 0)	(40, 69)	(-39, 69)	(-80, 0)	(-40, -69)	(40, -69)	circle	green	same	left	left	(-39, 69)	(80, 0)	search	nr	True	1373527	1374266	left	85	110	35	160	135	60	None	None	testing
4	ym	f	19	green	1	(80, 0)	(40, 69)	(-39, 69)	(-80, 0)	(-40, -69)	(40, -69)	circle	none	dif	left	left	N_dist	(-39, 69)	search	nr	True	1375514	1376234	left	85	135	160	110	10	35	None	None	testing
4	ym	f	19	green	1	(80, 0)	(40, 69)	(-39, 69)	(-80, 0)	(-40, -69)	(40, -69)	circle	green	same	left	left	(-80, 0)	(40, -69)	probe	norm	None	None	None	None	135	160	60	85	10	35	(80, 0)	26	testing
4	ym	f	19	green	1	(80, 0)	(40, 69)	(-39, 69)	(-80, 0)	(-40, -69)	(40, -69)	circle	green	same	left	left	(-80, 0)	(-39, 69)	probe	tar	None	None	None	None	135	35	110	10	85	60	(-39, 69)	11	testing
4	ym	f	19	green	1	(80, 0)	(40, 69)	(-39, 69)	(-80, 0)	(-40, -69)	(40, -69)	diamond	none	same	left	left	N_dist	(40, 69)	search	nr	True	1387018	1388122	left	160	135	60	85	35	10	None	None	testing
4	ym	f	19	green	1	(80, 0)	(40, 69)	(-39, 69)	(-80, 0)	(-40, -69)	(40, -69)	circle	green	same	left	left	(-80, 0)	(40, -69)	probe	norm	None	None	None	None	60	35	110	160	135	85	(80, 0)	160	testing
4	ym	f	19	green	1	(80, 0)	(40, 69)	(-39, 69)	(-80, 0)	(-40, -69)	(40, -69)	circle	green	dif	left	left	(-80, 0)	(40, 69)	search	nr	True	1394249	1395034	left	85	110	135	10	35	160	None	None	testing
4	ym	f	19	green	1	(80, 0)	(40, 69)	(-39, 69)	(-80, 0)	(-40, -69)	(40, -69)	diamond	green	dif	right	right	(40, 69)	(-39, 69)	probe	l_sin	None	None	None	None	85	160	60	35	135	110	(40, 69)	31	testing
4	ym	f	19	green	1	(80, 0)	(40, 69)	(-39, 69)	(-80, 0)	(-40, -69)	(40, -69)	diamond	green	dif	left	left	(-80, 0)	(40, 69)	search	nr	True	1400894	1401770	left	160	60	85	10	110	135	None	None	testing
4	ym	f	19	green	1	(80, 0)	(40, 69)	(-39, 69)	(-80, 0)	(-40, -69)	(40, -69)	diamond	none	same	right	right	N_dist	(-39, 69)	probe	h_norm	None	None	None	None	10	110	60	85	160	135	(-80, 0)	0	testing
4	ym	f	19	green	1	(80, 0)	(40, 69)	(-39, 69)	(-80, 0)	(-40, -69)	(40, -69)	diamond	none	dif	right	right	N_dist	(-39, 69)	search	nr	True	1406304	1407131	right	35	160	110	135	10	60	None	None	testing
4	ym	f	19	green	1	(80, 0)	(40, 69)	(-39, 69)	(-80, 0)	(-40, -69)	(40, -69)	circle	green	dif	right	right	(-80, 0)	(40, 69)	probe	norm	None	None	None	None	60	160	85	10	135	35	(80, 0)	172	testing
4	ym	f	19	green	1	(80, 0)	(40, 69)	(-39, 69)	(-80, 0)	(-40, -69)	(40, -69)	diamond	green	dif	left	left	(80, 0)	(-39, 69)	search	nr	True	1412983	1414266	left	135	85	160	10	35	110	None	None	testing
4	ym	f	19	green	1	(80, 0)	(40, 69)	(-39, 69)	(-80, 0)	(-40, -69)	(40, -69)	circle	none	same	left	left	N_dist	(-40, -69)	search	nr	True	1415387	1416282	left	135	35	60	10	85	110	None	None	testing
4	ym	f	19	green	1	(80, 0)	(40, 69)	(-39, 69)	(-80, 0)	(-40, -69)	(40, -69)	diamond	none	dif	left	left	N_dist	(-40, -69)	search	nr	True	1417525	1418313	left	160	35	135	60	110	85	None	None	testing
4	ym	f	19	green	1	(80, 0)	(40, 69)	(-39, 69)	(-80, 0)	(-40, -69)	(40, -69)	diamond	green	same	right	right	(-80, 0)	(-39, 69)	search	nr	True	1419428	1420714	right	85	10	35	160	110	135	None	None	testing
4	ym	f	19	green	1	(80, 0)	(40, 69)	(-39, 69)	(-80, 0)	(-40, -69)	(40, -69)	diamond	green	dif	right	right	(40, 69)	(80, 0)	search	nr	True	1421983	1423482	right	35	60	135	110	10	160	None	None	testing
4	ym	f	19	green	1	(80, 0)	(40, 69)	(-39, 69)	(-80, 0)	(-40, -69)	(40, -69)	diamond	green	same	left	left	(-80, 0)	(-39, 69)	search	nr	True	1424571	1425467	left	135	110	160	10	85	60	None	None	testing
4	ym	f	19	green	1	(80, 0)	(40, 69)	(-39, 69)	(-80, 0)	(-40, -69)	(40, -69)	circle	green	dif	right	right	(-40, -69)	(80, 0)	probe	norm	None	None	None	None	60	10	135	160	35	85	(-80, 0)	8	testing
4	ym	f	19	green	1	(80, 0)	(40, 69)	(-39, 69)	(-80, 0)	(-40, -69)	(40, -69)	diamond	none	same	right	right	N_dist	(40, 69)	search	nr	True	1432218	1433034	right	10	85	35	160	110	135	None	None	testing
4	ym	f	19	green	1	(80, 0)	(40, 69)	(-39, 69)	(-80, 0)	(-40, -69)	(40, -69)	circle	green	dif	right	right	(-39, 69)	(80, 0)	probe	l_sin	None	None	None	None	10	110	60	35	135	85	(-39, 69)	171	testing
4	ym	f	19	green	1	(80, 0)	(40, 69)	(-39, 69)	(-80, 0)	(-40, -69)	(40, -69)	diamond	green	same	left	left	(-80, 0)	(-39, 69)	probe	tar	None	None	None	None	160	10	110	60	135	35	(-39, 69)	9	testing
4	ym	f	19	green	1	(80, 0)	(40, 69)	(-39, 69)	(-80, 0)	(-40, -69)	(40, -69)	circle	green	dif	left	left	(-80, 0)	(-40, -69)	probe	tar	None	None	None	None	10	160	60	135	110	35	(-40, -69)	12	testing
4	ym	f	19	green	1	(80, 0)	(40, 69)	(-39, 69)	(-80, 0)	(-40, -69)	(40, -69)	circle	green	dif	right	right	(-40, -69)	(80, 0)	search	nr	True	1451320	1452154	right	10	35	110	135	60	85	None	None	testing
4	ym	f	19	green	1	(80, 0)	(40, 69)	(-39, 69)	(-80, 0)	(-40, -69)	(40, -69)	diamond	none	same	left	left	N_dist	(80, 0)	search	nr	True	1453240	1454106	left	60	10	160	35	135	85	None	None	testing
4	ym	f	19	green	1	(80, 0)	(40, 69)	(-39, 69)	(-80, 0)	(-40, -69)	(40, -69)	circle	green	dif	right	right	(-80, 0)	(80, 0)	probe	norm	None	None	None	None	110	35	135	60	160	85	(-40, -69)	24	testing
4	ym	f	19	green	1	(80, 0)	(40, 69)	(-39, 69)	(-80, 0)	(-40, -69)	(40, -69)	circle	none	same	right	right	N_dist	(-80, 0)	search	nr	True	1461305	1462362	right	60	85	10	35	110	135	None	None	testing
4	ym	f	19	green	1	(80, 0)	(40, 69)	(-39, 69)	(-80, 0)	(-40, -69)	(40, -69)	diamond	green	same	right	right	(-80, 0)	(40, 69)	search	nr	True	1463559	1464570	right	135	160	10	60	110	85	None	None	testing
4	ym	f	19	green	1	(80, 0)	(40, 69)	(-39, 69)	(-80, 0)	(-40, -69)	(40, -69)	diamond	none	dif	left	left	N_dist	(40, -69)	search	nr	True	1465847	1467034	left	85	160	10	60	35	135	None	None	testing
4	ym	f	19	green	1	(80, 0)	(40, 69)	(-39, 69)	(-80, 0)	(-40, -69)	(40, -69)	circle	green	dif	left	left	(-80, 0)	(80, 0)	search	nr	True	1468318	1469034	left	160	35	85	60	10	135	None	None	testing
4	ym	f	19	green	1	(80, 0)	(40, 69)	(-39, 69)	(-80, 0)	(-40, -69)	(40, -69)	circle	green	dif	left	left	(-80, 0)	(40, 69)	probe	tar	None	None	None	None	10	135	110	60	160	85	(40, 69)	21	testing
4	ym	f	19	green	1	(80, 0)	(40, 69)	(-39, 69)	(-80, 0)	(-40, -69)	(40, -69)	circle	none	dif	right	right	N_dist	(40, -69)	probe	l_norm	None	None	None	None	85	135	60	110	160	35	(-40, -69)	26	testing
4	ym	f	19	green	1	(80, 0)	(40, 69)	(-39, 69)	(-80, 0)	(-40, -69)	(40, -69)	circle	none	dif	left	left	N_dist	(-40, -69)	search	nr	True	1481292	1482410	left	35	85	160	110	135	60	None	None	testing
4	ym	f	19	green	1	(80, 0)	(40, 69)	(-39, 69)	(-80, 0)	(-40, -69)	(40, -69)	circle	none	dif	left	left	N_dist	(40, 69)	search	nr	True	1483679	1484682	left	35	85	10	110	60	135	None	None	testing
4	ym	f	19	green	1	(80, 0)	(40, 69)	(-39, 69)	(-80, 0)	(-40, -69)	(40, -69)	diamond	none	same	right	right	N_dist	(-39, 69)	search	nr	True	1485900	1487225	right	85	135	35	10	160	60	None	None	testing
4	ym	f	19	green	1	(80, 0)	(40, 69)	(-39, 69)	(-80, 0)	(-40, -69)	(40, -69)	circle	green	dif	right	right	(-80, 0)	(40, -69)	search	nr	True	1488355	1489226	right	110	60	85	35	10	135	None	None	testing
4	ym	f	19	green	1	(80, 0)	(40, 69)	(-39, 69)	(-80, 0)	(-40, -69)	(40, -69)	diamond	none	dif	left	left	N_dist	(40, -69)	search	nr	True	1490392	1491194	left	85	135	60	110	10	160	None	None	testing
4	ym	f	19	green	1	(80, 0)	(40, 69)	(-39, 69)	(-80, 0)	(-40, -69)	(40, -69)	circle	green	same	right	right	(-80, 0)	(40, 69)	search	nr	True	1492312	1493194	right	35	60	160	85	110	10	None	None	testing
4	ym	f	19	green	1	(80, 0)	(40, 69)	(-39, 69)	(-80, 0)	(-40, -69)	(40, -69)	diamond	green	same	right	right	(-80, 0)	(-39, 69)	probe	norm	None	None	None	None	110	60	35	135	85	160	(40, -69)	24	testing
4	ym	f	19	green	1	(80, 0)	(40, 69)	(-39, 69)	(-80, 0)	(-40, -69)	(40, -69)	circle	none	same	left	left	N_dist	(-80, 0)	probe	h_tar	None	None	None	None	60	35	135	110	160	85	(-80, 0)	9	testing
4	ym	f	19	green	1	(80, 0)	(40, 69)	(-39, 69)	(-80, 0)	(-40, -69)	(40, -69)	circle	none	dif	right	right	N_dist	(-80, 0)	search	nr	True	1505036	1506170	right	10	160	60	85	35	110	None	None	testing
4	ym	f	19	green	1	(80, 0)	(40, 69)	(-39, 69)	(-80, 0)	(-40, -69)	(40, -69)	circle	none	dif	left	left	N_dist	(80, 0)	probe	l_norm	None	None	None	None	160	135	35	85	10	110	(40, 69)	159	testing
4	ym	f	19	green	1	(80, 0)	(40, 69)	(-39, 69)	(-80, 0)	(-40, -69)	(40, -69)	circle	green	dif	right	right	(-80, 0)	(40, 69)	search	nr	True	1511414	1512441	right	10	35	85	160	60	135	None	None	testing
4	ym	f	19	green	1	(80, 0)	(40, 69)	(-39, 69)	(-80, 0)	(-40, -69)	(40, -69)	circle	none	same	right	right	N_dist	(40, 69)	search	nr	True	1513635	1514393	right	35	110	160	60	135	10	None	None	testing
4	ym	f	19	green	1	(80, 0)	(40, 69)	(-39, 69)	(-80, 0)	(-40, -69)	(40, -69)	diamond	green	same	right	right	(-80, 0)	(40, -69)	probe	tar	None	None	None	None	60	35	160	10	85	135	(40, -69)	20	testing
4	ym	f	19	green	1	(80, 0)	(40, 69)	(-39, 69)	(-80, 0)	(-40, -69)	(40, -69)	diamond	green	dif	right	right	(-80, 0)	(-39, 69)	search	nr	True	1520096	1520954	right	35	60	160	135	10	110	None	None	testing
4	ym	f	19	green	1	(80, 0)	(40, 69)	(-39, 69)	(-80, 0)	(-40, -69)	(40, -69)	circle	green	same	left	left	(-39, 69)	(40, -69)	search	nr	True	1522234	1523210	left	135	10	35	60	110	160	None	None	testing
4	ym	f	19	green	1	(80, 0)	(40, 69)	(-39, 69)	(-80, 0)	(-40, -69)	(40, -69)	diamond	none	dif	right	right	N_dist	(-39, 69)	search	nr	True	1524505	1525433	right	110	10	135	35	160	85	None	None	testing
4	ym	f	19	green	1	(80, 0)	(40, 69)	(-39, 69)	(-80, 0)	(-40, -69)	(40, -69)	diamond	none	dif	right	right	N_dist	(40, 69)	search	nr	True	1526642	1527385	right	10	60	110	160	85	35	None	None	testing
4	ym	f	19	green	1	(80, 0)	(40, 69)	(-39, 69)	(-80, 0)	(-40, -69)	(40, -69)	diamond	green	same	left	left	(-80, 0)	(-39, 69)	search	nr	True	1528529	1529498	left	10	110	35	85	135	160	None	None	testing
4	ym	f	19	green	1	(80, 0)	(40, 69)	(-39, 69)	(-80, 0)	(-40, -69)	(40, -69)	diamond	green	dif	right	right	(-80, 0)	(-39, 69)	search	nr	True	1530750	1531418	right	110	10	135	35	60	85	None	None	testing
4	ym	f	19	green	1	(80, 0)	(40, 69)	(-39, 69)	(-80, 0)	(-40, -69)	(40, -69)	diamond	green	dif	left	left	(-80, 0)	(40, 69)	search	nr	True	1532603	1533210	left	35	160	110	85	60	135	None	None	testing
4	ym	f	19	green	1	(80, 0)	(40, 69)	(-39, 69)	(-80, 0)	(-40, -69)	(40, -69)	diamond	green	same	right	right	(80, 0)	(-39, 69)	probe	tar	None	None	None	None	135	110	35	85	60	160	(-39, 69)	163	testing
4	ym	f	19	green	1	(80, 0)	(40, 69)	(-39, 69)	(-80, 0)	(-40, -69)	(40, -69)	circle	green	same	right	right	(-80, 0)	(-39, 69)	search	nr	True	1540334	1541034	right	110	35	85	60	10	160	None	None	testing
4	ym	f	19	green	1	(80, 0)	(40, 69)	(-39, 69)	(-80, 0)	(-40, -69)	(40, -69)	circle	green	same	right	right	(-80, 0)	(-39, 69)	search	nr	True	1542187	1542842	right	60	35	160	135	110	10	None	None	testing
4	ym	f	19	green	1	(80, 0)	(40, 69)	(-39, 69)	(-80, 0)	(-40, -69)	(40, -69)	circle	green	dif	left	left	(-80, 0)	(40, 69)	search	nr	True	1544024	1544842	left	85	10	110	35	60	135	None	None	testing
4	ym	f	19	green	1	(80, 0)	(40, 69)	(-39, 69)	(-80, 0)	(-40, -69)	(40, -69)	circle	green	dif	left	left	(-80, 0)	(80, 0)	search	nr	True	1546028	1547514	left	60	10	85	110	35	135	None	None	testing
4	ym	f	19	green	1	(80, 0)	(40, 69)	(-39, 69)	(-80, 0)	(-40, -69)	(40, -69)	diamond	green	dif	right	right	(-80, 0)	(-39, 69)	probe	tar	None	None	None	None	10	110	85	160	60	35	(-39, 69)	173	testing
4	ym	f	19	green	1	(80, 0)	(40, 69)	(-39, 69)	(-80, 0)	(-40, -69)	(40, -69)	circle	none	dif	left	left	N_dist	(-40, -69)	probe	h_norm	None	None	None	None	60	110	85	10	135	35	(-80, 0)	157	testing
4	ym	f	19	green	1	(80, 0)	(40, 69)	(-39, 69)	(-80, 0)	(-40, -69)	(40, -69)	diamond	none	dif	left	left	N_dist	(-40, -69)	search	nr	True	1562274	1563689	left	160	110	60	10	35	135	None	None	testing
4	ym	f	19	green	1	(80, 0)	(40, 69)	(-39, 69)	(-80, 0)	(-40, -69)	(40, -69)	circle	none	same	left	left	N_dist	(-39, 69)	search	nr	True	1564913	1565562	left	10	60	85	135	110	160	None	None	testing
4	ym	f	19	green	1	(80, 0)	(40, 69)	(-39, 69)	(-80, 0)	(-40, -69)	(40, -69)	circle	green	dif	left	left	(-80, 0)	(80, 0)	search	nr	True	1566833	1567593	left	10	35	135	85	60	160	None	None	testing
4	ym	f	19	green	1	(80, 0)	(40, 69)	(-39, 69)	(-80, 0)	(-40, -69)	(40, -69)	diamond	green	same	right	right	(-80, 0)	(-40, -69)	search	nr	True	1568886	1569898	right	85	110	135	35	10	160	None	None	testing
4	ym	f	19	green	1	(80, 0)	(40, 69)	(-39, 69)	(-80, 0)	(-40, -69)	(40, -69)	diamond	green	dif	left	left	(-80, 0)	(-39, 69)	search	nr	True	1570973	1571689	left	85	10	60	110	135	160	None	None	testing
4	ym	f	19	green	1	(80, 0)	(40, 69)	(-39, 69)	(-80, 0)	(-40, -69)	(40, -69)	diamond	green	same	right	right	(80, 0)	(-39, 69)	search	nr	True	1572927	1573769	right	10	135	35	60	160	110	None	None	testing
4	ym	f	19	green	1	(80, 0)	(40, 69)	(-39, 69)	(-80, 0)	(-40, -69)	(40, -69)	circle	none	same	left	left	N_dist	(-80, 0)	search	nr	True	1574965	1576154	left	35	110	85	10	60	160	None	None	testing
4	ym	f	19	green	1	(80, 0)	(40, 69)	(-39, 69)	(-80, 0)	(-40, -69)	(40, -69)	diamond	none	same	right	right	N_dist	(40, -69)	search	nr	True	1577402	1578298	right	35	10	85	60	135	160	None	None	testing
4	ym	f	19	green	1	(80, 0)	(40, 69)	(-39, 69)	(-80, 0)	(-40, -69)	(40, -69)	circle	green	same	left	left	(-80, 0)	(40, -69)	search	nr	True	1579522	1580330	left	110	10	60	135	160	35	None	None	testing
4	ym	f	19	green	1	(80, 0)	(40, 69)	(-39, 69)	(-80, 0)	(-40, -69)	(40, -69)	circle	green	dif	right	right	(-80, 0)	(40, -69)	probe	h_sin	None	None	None	None	85	160	35	60	110	10	(-80, 0)	164	testing
