subj	name	gender	age	dist	run	tar_locs1	tar_locs2	tar_locs3	tar_locs4	tar_locs5	tar_locs6	shape	dist	td_dif	detection	resp_key	dis_loc	tar_loc	task_type	probe_cond	gotKey	startTime	respTime	resp	o1	o2	o3	o4	o5	o6	pro_loc	ori_resp	mode
5	yy	f	18	green	5	(80, 0)	(40, 69)	(-39, 69)	(-80, 0)	(-40, -69)	(40, -69)	circle	green	dif	left	left	(-40, -69)	(80, 0)	search	nr	True	66110	66802	left	85	135	110	10	60	160	None	None	testing
5	yy	f	18	green	5	(80, 0)	(40, 69)	(-39, 69)	(-80, 0)	(-40, -69)	(40, -69)	diamond	green	dif	right	right	(-40, -69)	(40, 69)	search	nr	True	68096	68833	right	85	60	10	160	135	35	None	None	testing
5	yy	f	18	green	5	(80, 0)	(40, 69)	(-39, 69)	(-80, 0)	(-40, -69)	(40, -69)	diamond	none	dif	left	left	N_dist	(-39, 69)	search	nr	True	70050	70674	left	110	160	35	60	135	85	None	None	testing
5	yy	f	18	green	5	(80, 0)	(40, 69)	(-39, 69)	(-80, 0)	(-40, -69)	(40, -69)	diamond	green	dif	left	left	(-40, -69)	(-80, 0)	search	nr	True	71904	72417	left	110	160	135	35	85	10	None	None	testing
5	yy	f	18	green	5	(80, 0)	(40, 69)	(-39, 69)	(-80, 0)	(-40, -69)	(40, -69)	circle	green	dif	right	right	(-40, -69)	(-80, 0)	probe	tar	None	None	None	None	160	60	110	10	35	85	(-80, 0)	138	testing
5	yy	f	18	green	5	(80, 0)	(40, 69)	(-39, 69)	(-80, 0)	(-40, -69)	(40, -69)	diamond	green	dif	left	left	(-39, 69)	(80, 0)	probe	tar	None	None	None	None	160	60	35	85	10	135	(80, 0)	21	testing
5	yy	f	18	green	5	(80, 0)	(40, 69)	(-39, 69)	(-80, 0)	(-40, -69)	(40, -69)	diamond	green	same	right	right	(80, 0)	(40, -69)	search	nr	True	81271	82066	right	60	10	160	135	110	85	None	None	testing
5	yy	f	18	green	5	(80, 0)	(40, 69)	(-39, 69)	(-80, 0)	(-40, -69)	(40, -69)	diamond	none	dif	right	right	N_dist	(-40, -69)	search	nr	True	83258	84290	right	110	10	60	85	35	135	None	None	testing
5	yy	f	18	green	5	(80, 0)	(40, 69)	(-39, 69)	(-80, 0)	(-40, -69)	(40, -69)	circle	green	dif	right	right	(-40, -69)	(-39, 69)	search	nr	True	85412	86930	right	110	60	160	135	10	85	None	None	testing
5	yy	f	18	green	5	(80, 0)	(40, 69)	(-39, 69)	(-80, 0)	(-40, -69)	(40, -69)	diamond	green	same	right	right	(-40, -69)	(80, 0)	search	nr	True	88166	89074	right	160	35	85	60	135	10	None	None	testing
5	yy	f	18	green	5	(80, 0)	(40, 69)	(-39, 69)	(-80, 0)	(-40, -69)	(40, -69)	diamond	none	dif	right	right	N_dist	(80, 0)	search	nr	True	90254	90833	right	110	135	160	85	60	10	None	None	testing
5	yy	f	18	green	5	(80, 0)	(40, 69)	(-39, 69)	(-80, 0)	(-40, -69)	(40, -69)	circle	none	same	left	left	N_dist	(80, 0)	search	nr	True	91974	92817	left	10	135	60	85	110	160	None	None	testing
5	yy	f	18	green	5	(80, 0)	(40, 69)	(-39, 69)	(-80, 0)	(-40, -69)	(40, -69)	circle	green	dif	left	left	(-40, -69)	(-39, 69)	probe	h_sin	None	None	None	None	85	160	10	35	60	135	(-40, -69)	169	testing
5	yy	f	18	green	5	(80, 0)	(40, 69)	(-39, 69)	(-80, 0)	(-40, -69)	(40, -69)	circle	green	same	right	right	(-40, -69)	(80, 0)	search	nr	True	97434	98146	right	35	135	85	110	10	160	None	None	testing
5	yy	f	18	green	5	(80, 0)	(40, 69)	(-39, 69)	(-80, 0)	(-40, -69)	(40, -69)	circle	green	dif	right	right	(-40, -69)	(-39, 69)	search	nr	True	99254	100338	right	160	10	60	35	110	135	None	None	testing
5	yy	f	18	green	5	(80, 0)	(40, 69)	(-39, 69)	(-80, 0)	(-40, -69)	(40, -69)	diamond	none	dif	right	right	N_dist	(40, -69)	probe	h_norm	None	None	None	None	110	135	160	35	10	60	(-40, -69)	162	testing
5	yy	f	18	green	5	(80, 0)	(40, 69)	(-39, 69)	(-80, 0)	(-40, -69)	(40, -69)	diamond	none	same	left	left	N_dist	(40, -69)	search	nr	True	105181	106209	left	85	60	35	10	110	160	None	None	testing
5	yy	f	18	green	5	(80, 0)	(40, 69)	(-39, 69)	(-80, 0)	(-40, -69)	(40, -69)	diamond	green	same	right	right	(-40, -69)	(80, 0)	search	nr	True	107469	108162	right	160	35	85	60	110	135	None	None	testing
5	yy	f	18	green	5	(80, 0)	(40, 69)	(-39, 69)	(-80, 0)	(-40, -69)	(40, -69)	circle	none	dif	right	right	N_dist	(-80, 0)	probe	l_norm	None	None	None	None	135	160	110	60	35	10	(40, 69)	153	testing
5	yy	f	18	green	5	(80, 0)	(40, 69)	(-39, 69)	(-80, 0)	(-40, -69)	(40, -69)	circle	none	dif	right	right	N_dist	(40, 69)	probe	l_tar	None	None	None	None	35	160	60	10	135	110	(40, 69)	16	testing
5	yy	f	18	green	5	(80, 0)	(40, 69)	(-39, 69)	(-80, 0)	(-40, -69)	(40, -69)	circle	none	same	left	left	N_dist	(-40, -69)	search	nr	True	116369	117154	left	60	10	160	110	85	135	None	None	testing
5	yy	f	18	green	5	(80, 0)	(40, 69)	(-39, 69)	(-80, 0)	(-40, -69)	(40, -69)	diamond	none	same	right	right	N_dist	(80, 0)	probe	h_norm	None	None	None	None	10	110	60	35	160	135	(-40, -69)	121	testing
5	yy	f	18	green	5	(80, 0)	(40, 69)	(-39, 69)	(-80, 0)	(-40, -69)	(40, -69)	circle	green	dif	left	left	(-40, -69)	(40, -69)	probe	norm	None	None	None	None	60	10	110	85	35	135	(-80, 0)	6	testing
5	yy	f	18	green	5	(80, 0)	(40, 69)	(-39, 69)	(-80, 0)	(-40, -69)	(40, -69)	circle	none	dif	left	left	N_dist	(-80, 0)	search	nr	True	126721	127458	left	35	160	60	135	85	10	None	None	testing
5	yy	f	18	green	5	(80, 0)	(40, 69)	(-39, 69)	(-80, 0)	(-40, -69)	(40, -69)	circle	green	same	right	right	(-40, -69)	(40, 69)	search	nr	True	128541	129602	right	85	135	10	160	35	110	None	None	testing
5	yy	f	18	green	5	(80, 0)	(40, 69)	(-39, 69)	(-80, 0)	(-40, -69)	(40, -69)	diamond	green	same	left	left	(-40, -69)	(80, 0)	search	nr	True	130878	131762	left	110	10	60	160	135	35	None	None	testing
5	yy	f	18	green	5	(80, 0)	(40, 69)	(-39, 69)	(-80, 0)	(-40, -69)	(40, -69)	diamond	none	same	left	left	N_dist	(-40, -69)	probe	h_tar	None	None	None	None	60	10	85	135	160	35	(-40, -69)	26	testing
5	yy	f	18	green	5	(80, 0)	(40, 69)	(-39, 69)	(-80, 0)	(-40, -69)	(40, -69)	diamond	green	dif	left	left	(-40, -69)	(-80, 0)	search	nr	True	137241	137921	left	60	10	135	85	35	160	None	None	testing
5	yy	f	18	green	5	(80, 0)	(40, 69)	(-39, 69)	(-80, 0)	(-40, -69)	(40, -69)	diamond	none	same	right	right	N_dist	(40, 69)	search	nr	True	139078	139682	right	85	110	135	35	160	60	None	None	testing
5	yy	f	18	green	5	(80, 0)	(40, 69)	(-39, 69)	(-80, 0)	(-40, -69)	(40, -69)	circle	green	same	left	left	(-40, -69)	(40, 69)	probe	h_sin	None	None	None	None	160	60	35	110	10	85	(-40, -69)	156	testing
5	yy	f	18	green	5	(80, 0)	(40, 69)	(-39, 69)	(-80, 0)	(-40, -69)	(40, -69)	diamond	none	same	right	right	N_dist	(80, 0)	search	nr	True	144771	145522	right	110	85	135	35	10	60	None	None	testing
5	yy	f	18	green	5	(80, 0)	(40, 69)	(-39, 69)	(-80, 0)	(-40, -69)	(40, -69)	circle	green	dif	left	left	(-40, -69)	(-39, 69)	probe	tar	None	None	None	None	60	160	10	110	135	35	(-39, 69)	165	testing
5	yy	f	18	green	5	(80, 0)	(40, 69)	(-39, 69)	(-80, 0)	(-40, -69)	(40, -69)	diamond	none	same	right	right	N_dist	(40, 69)	search	nr	True	150866	151666	right	35	60	110	160	85	135	None	None	testing
5	yy	f	18	green	5	(80, 0)	(40, 69)	(-39, 69)	(-80, 0)	(-40, -69)	(40, -69)	circle	none	same	left	left	N_dist	(80, 0)	probe	l_norm	None	None	None	None	10	135	35	110	160	85	(40, 69)	13	testing
5	yy	f	18	green	5	(80, 0)	(40, 69)	(-39, 69)	(-80, 0)	(-40, -69)	(40, -69)	circle	none	same	left	left	N_dist	(-40, -69)	search	nr	True	155992	156882	left	135	160	35	10	60	110	None	None	testing
5	yy	f	18	green	5	(80, 0)	(40, 69)	(-39, 69)	(-80, 0)	(-40, -69)	(40, -69)	circle	green	dif	left	left	(-40, -69)	(-39, 69)	search	nr	True	158029	158898	left	160	10	60	85	135	35	None	None	testing
5	yy	f	18	green	5	(80, 0)	(40, 69)	(-39, 69)	(-80, 0)	(-40, -69)	(40, -69)	diamond	green	same	left	left	(40, 69)	(80, 0)	probe	tar	None	None	None	None	10	60	135	110	160	35	(80, 0)	139	testing
5	yy	f	18	green	5	(80, 0)	(40, 69)	(-39, 69)	(-80, 0)	(-40, -69)	(40, -69)	circle	green	dif	left	left	(-40, -69)	(80, 0)	search	nr	True	163889	164530	left	85	60	110	135	35	10	None	None	testing
5	yy	f	18	green	5	(80, 0)	(40, 69)	(-39, 69)	(-80, 0)	(-40, -69)	(40, -69)	circle	green	same	right	right	(-39, 69)	(40, -69)	probe	tar	None	None	None	None	135	85	35	10	160	110	(40, -69)	12	testing
5	yy	f	18	green	5	(80, 0)	(40, 69)	(-39, 69)	(-80, 0)	(-40, -69)	(40, -69)	diamond	green	same	right	right	(80, 0)	(-39, 69)	probe	norm	None	None	None	None	135	85	160	110	10	35	(40, -69)	151	testing
5	yy	f	18	green	5	(80, 0)	(40, 69)	(-39, 69)	(-80, 0)	(-40, -69)	(40, -69)	circle	green	dif	right	right	(-39, 69)	(40, 69)	probe	norm	None	None	None	None	135	160	10	85	60	35	(40, -69)	156	testing
5	yy	f	18	green	5	(80, 0)	(40, 69)	(-39, 69)	(-80, 0)	(-40, -69)	(40, -69)	diamond	green	same	left	left	(-80, 0)	(-39, 69)	probe	l_sin	None	None	None	None	110	10	60	85	135	160	(-80, 0)	4	testing
5	yy	f	18	green	5	(80, 0)	(40, 69)	(-39, 69)	(-80, 0)	(-40, -69)	(40, -69)	circle	none	dif	left	left	N_dist	(-39, 69)	search	nr	True	179619	181394	left	135	60	160	10	110	85	None	None	testing
5	yy	f	18	green	5	(80, 0)	(40, 69)	(-39, 69)	(-80, 0)	(-40, -69)	(40, -69)	diamond	green	dif	left	left	(-40, -69)	(-80, 0)	search	nr	True	182607	184082	left	10	135	85	60	160	35	None	None	testing
5	yy	f	18	green	5	(80, 0)	(40, 69)	(-39, 69)	(-80, 0)	(-40, -69)	(40, -69)	diamond	green	dif	right	right	(-80, 0)	(80, 0)	search	nr	True	185363	185938	right	35	160	110	135	60	10	None	None	testing
5	yy	f	18	green	5	(80, 0)	(40, 69)	(-39, 69)	(-80, 0)	(-40, -69)	(40, -69)	diamond	none	dif	right	right	N_dist	(-80, 0)	search	nr	True	187015	187810	right	110	135	10	160	35	85	None	None	testing
5	yy	f	18	green	5	(80, 0)	(40, 69)	(-39, 69)	(-80, 0)	(-40, -69)	(40, -69)	circle	green	dif	right	right	(-40, -69)	(-80, 0)	search	nr	True	188986	189858	right	160	135	10	110	60	85	None	None	testing
5	yy	f	18	green	5	(80, 0)	(40, 69)	(-39, 69)	(-80, 0)	(-40, -69)	(40, -69)	diamond	green	dif	right	right	(-40, -69)	(80, 0)	search	nr	True	191123	191698	right	35	135	160	110	85	60	None	None	testing
5	yy	f	18	green	5	(80, 0)	(40, 69)	(-39, 69)	(-80, 0)	(-40, -69)	(40, -69)	diamond	green	same	left	left	(-40, -69)	(80, 0)	probe	tar	None	None	None	None	35	60	110	160	85	135	(80, 0)	153	testing
5	yy	f	18	green	5	(80, 0)	(40, 69)	(-39, 69)	(-80, 0)	(-40, -69)	(40, -69)	diamond	green	dif	right	right	(-40, -69)	(-80, 0)	probe	norm	None	None	None	None	10	35	85	135	160	110	(40, 69)	152	testing
5	yy	f	18	green	5	(80, 0)	(40, 69)	(-39, 69)	(-80, 0)	(-40, -69)	(40, -69)	diamond	green	same	left	left	(-80, 0)	(80, 0)	search	nr	True	199839	200498	left	85	60	10	110	35	135	None	None	testing
5	yy	f	18	green	5	(80, 0)	(40, 69)	(-39, 69)	(-80, 0)	(-40, -69)	(40, -69)	diamond	green	same	left	left	(-80, 0)	(-39, 69)	search	nr	True	201576	203266	left	35	110	60	135	85	160	None	None	testing
5	yy	f	18	green	5	(80, 0)	(40, 69)	(-39, 69)	(-80, 0)	(-40, -69)	(40, -69)	circle	green	dif	right	right	(-40, -69)	(-39, 69)	search	nr	True	204564	205826	right	10	85	135	60	160	35	None	None	testing
5	yy	f	18	green	5	(80, 0)	(40, 69)	(-39, 69)	(-80, 0)	(-40, -69)	(40, -69)	circle	green	dif	right	right	(-39, 69)	(40, 69)	search	nr	True	207019	208338	right	10	35	110	160	135	60	None	None	testing
5	yy	f	18	green	5	(80, 0)	(40, 69)	(-39, 69)	(-80, 0)	(-40, -69)	(40, -69)	circle	green	same	right	right	(-80, 0)	(80, 0)	search	nr	True	209407	210385	right	85	60	35	135	10	110	None	None	testing
5	yy	f	18	green	5	(80, 0)	(40, 69)	(-39, 69)	(-80, 0)	(-40, -69)	(40, -69)	diamond	none	dif	left	left	N_dist	(80, 0)	probe	l_tar	None	None	None	None	160	35	135	10	110	60	(80, 0)	22	testing
5	yy	f	18	green	5	(80, 0)	(40, 69)	(-39, 69)	(-80, 0)	(-40, -69)	(40, -69)	diamond	none	same	right	right	N_dist	(40, 69)	probe	h_norm	None	None	None	None	85	10	60	135	110	160	(-40, -69)	169	testing
5	yy	f	18	green	5	(80, 0)	(40, 69)	(-39, 69)	(-80, 0)	(-40, -69)	(40, -69)	circle	none	dif	right	right	N_dist	(40, -69)	search	nr	True	218390	219842	right	135	35	85	60	10	160	None	None	testing
5	yy	f	18	green	5	(80, 0)	(40, 69)	(-39, 69)	(-80, 0)	(-40, -69)	(40, -69)	circle	green	dif	left	left	(-40, -69)	(-80, 0)	probe	h_sin	None	None	None	None	85	10	110	135	160	35	(-40, -69)	7	testing
5	yy	f	18	green	5	(80, 0)	(40, 69)	(-39, 69)	(-80, 0)	(-40, -69)	(40, -69)	circle	green	same	right	right	(-40, -69)	(40, -69)	probe	norm	None	None	None	None	85	135	110	10	160	60	(-80, 0)	140	testing
5	yy	f	18	green	5	(80, 0)	(40, 69)	(-39, 69)	(-80, 0)	(-40, -69)	(40, -69)	circle	green	dif	right	right	(40, 69)	(-80, 0)	search	nr	True	228892	229602	right	160	10	85	135	60	110	None	None	testing
5	yy	f	18	green	5	(80, 0)	(40, 69)	(-39, 69)	(-80, 0)	(-40, -69)	(40, -69)	diamond	green	dif	left	left	(80, 0)	(-39, 69)	search	nr	True	230795	231585	left	110	10	135	160	85	60	None	None	testing
5	yy	f	18	green	5	(80, 0)	(40, 69)	(-39, 69)	(-80, 0)	(-40, -69)	(40, -69)	circle	green	dif	right	right	(-40, -69)	(-80, 0)	search	nr	True	232799	233522	right	10	35	160	60	85	135	None	None	testing
5	yy	f	18	green	5	(80, 0)	(40, 69)	(-39, 69)	(-80, 0)	(-40, -69)	(40, -69)	diamond	green	dif	right	right	(40, -69)	(80, 0)	search	nr	True	234703	235618	right	85	110	160	135	10	35	None	None	testing
5	yy	f	18	green	5	(80, 0)	(40, 69)	(-39, 69)	(-80, 0)	(-40, -69)	(40, -69)	circle	none	same	left	left	N_dist	(-40, -69)	search	nr	True	236756	237682	left	85	60	110	160	35	10	None	None	testing
5	yy	f	18	green	5	(80, 0)	(40, 69)	(-39, 69)	(-80, 0)	(-40, -69)	(40, -69)	circle	none	same	left	left	N_dist	(80, 0)	search	nr	True	238877	239490	left	110	35	60	135	85	160	None	None	testing
5	yy	f	18	green	5	(80, 0)	(40, 69)	(-39, 69)	(-80, 0)	(-40, -69)	(40, -69)	diamond	none	same	left	left	N_dist	(80, 0)	search	nr	True	240714	241362	left	10	60	110	35	135	160	None	None	testing
5	yy	f	18	green	5	(80, 0)	(40, 69)	(-39, 69)	(-80, 0)	(-40, -69)	(40, -69)	diamond	green	same	right	right	(-40, -69)	(40, -69)	search	nr	True	242434	243314	right	85	60	110	10	35	160	None	None	testing
5	yy	f	18	green	5	(80, 0)	(40, 69)	(-39, 69)	(-80, 0)	(-40, -69)	(40, -69)	diamond	green	same	right	right	(-40, -69)	(40, -69)	search	nr	True	244538	245186	right	110	35	10	85	160	135	None	None	testing
5	yy	f	18	green	5	(80, 0)	(40, 69)	(-39, 69)	(-80, 0)	(-40, -69)	(40, -69)	diamond	green	dif	right	right	(-40, -69)	(40, 69)	probe	h_sin	None	None	None	None	85	10	35	135	160	110	(-40, -69)	15	testing
5	yy	f	18	green	5	(80, 0)	(40, 69)	(-39, 69)	(-80, 0)	(-40, -69)	(40, -69)	circle	green	same	right	right	(-40, -69)	(40, 69)	search	nr	True	250966	252034	right	60	35	135	85	160	110	None	None	testing
5	yy	f	18	green	5	(80, 0)	(40, 69)	(-39, 69)	(-80, 0)	(-40, -69)	(40, -69)	diamond	green	same	right	right	(-40, -69)	(40, 69)	search	nr	True	253104	253793	right	160	60	10	135	110	85	None	None	testing
5	yy	f	18	green	5	(80, 0)	(40, 69)	(-39, 69)	(-80, 0)	(-40, -69)	(40, -69)	circle	none	same	left	left	N_dist	(-40, -69)	probe	h_tar	None	None	None	None	110	160	60	85	35	135	(-40, -69)	160	testing
5	yy	f	18	green	5	(80, 0)	(40, 69)	(-39, 69)	(-80, 0)	(-40, -69)	(40, -69)	circle	green	dif	right	right	(-40, -69)	(-80, 0)	probe	tar	None	None	None	None	135	35	10	85	60	160	(-80, 0)	0	testing
5	yy	f	18	green	5	(80, 0)	(40, 69)	(-39, 69)	(-80, 0)	(-40, -69)	(40, -69)	diamond	none	dif	right	right	N_dist	(40, 69)	search	nr	True	261319	262114	right	160	85	135	110	10	60	None	None	testing
5	yy	f	18	green	5	(80, 0)	(40, 69)	(-39, 69)	(-80, 0)	(-40, -69)	(40, -69)	diamond	green	same	left	left	(-40, -69)	(40, -69)	search	nr	True	263323	264018	left	160	85	110	35	10	135	None	None	testing
5	yy	f	18	green	5	(80, 0)	(40, 69)	(-39, 69)	(-80, 0)	(-40, -69)	(40, -69)	diamond	green	dif	left	left	(-39, 69)	(40, 69)	search	nr	True	265193	265841	left	160	135	35	85	110	10	None	None	testing
5	yy	f	18	green	5	(80, 0)	(40, 69)	(-39, 69)	(-80, 0)	(-40, -69)	(40, -69)	circle	none	same	right	right	N_dist	(-39, 69)	search	nr	True	267096	268097	right	35	160	110	10	135	60	None	None	testing
5	yy	f	18	green	5	(80, 0)	(40, 69)	(-39, 69)	(-80, 0)	(-40, -69)	(40, -69)	circle	green	same	left	left	(-39, 69)	(40, -69)	search	nr	True	269333	270129	left	35	110	85	135	160	10	None	None	testing
5	yy	f	18	green	5	(80, 0)	(40, 69)	(-39, 69)	(-80, 0)	(-40, -69)	(40, -69)	diamond	green	dif	right	right	(-40, -69)	(-80, 0)	probe	norm	None	None	None	None	135	160	110	10	85	60	(-39, 69)	7	testing
5	yy	f	18	green	5	(80, 0)	(40, 69)	(-39, 69)	(-80, 0)	(-40, -69)	(40, -69)	circle	green	same	left	left	(-40, -69)	(80, 0)	search	nr	True	274410	275041	left	10	135	35	85	60	110	None	None	testing
5	yy	f	18	green	5	(80, 0)	(40, 69)	(-39, 69)	(-80, 0)	(-40, -69)	(40, -69)	diamond	green	same	left	left	(40, 69)	(80, 0)	search	nr	True	276247	276930	left	85	160	110	10	35	135	None	None	testing
5	yy	f	18	green	5	(80, 0)	(40, 69)	(-39, 69)	(-80, 0)	(-40, -69)	(40, -69)	diamond	green	dif	right	right	(40, 69)	(-80, 0)	search	nr	True	278033	278818	right	60	135	110	160	35	10	None	None	testing
5	yy	f	18	green	5	(80, 0)	(40, 69)	(-39, 69)	(-80, 0)	(-40, -69)	(40, -69)	circle	green	dif	right	right	(-40, -69)	(40, 69)	search	nr	True	280086	280866	right	60	110	10	85	160	135	None	None	testing
5	yy	f	18	green	5	(80, 0)	(40, 69)	(-39, 69)	(-80, 0)	(-40, -69)	(40, -69)	circle	green	dif	right	right	(-40, -69)	(40, 69)	probe	h_sin	None	None	None	None	10	60	85	135	35	110	(-40, -69)	170	testing
5	yy	f	18	green	5	(80, 0)	(40, 69)	(-39, 69)	(-80, 0)	(-40, -69)	(40, -69)	diamond	green	dif	right	right	(-80, 0)	(80, 0)	search	nr	True	285096	285713	right	35	60	110	135	85	160	None	None	testing
5	yy	f	18	green	5	(80, 0)	(40, 69)	(-39, 69)	(-80, 0)	(-40, -69)	(40, -69)	diamond	green	dif	right	right	(-40, -69)	(80, 0)	search	nr	True	287016	287666	right	35	160	60	135	110	10	None	None	testing
5	yy	f	18	green	5	(80, 0)	(40, 69)	(-39, 69)	(-80, 0)	(-40, -69)	(40, -69)	diamond	none	same	left	left	N_dist	(40, 69)	search	nr	True	288836	289554	left	110	85	35	135	160	10	None	None	testing
5	yy	f	18	green	5	(80, 0)	(40, 69)	(-39, 69)	(-80, 0)	(-40, -69)	(40, -69)	circle	green	dif	left	left	(40, -69)	(-39, 69)	probe	l_sin	None	None	None	None	60	160	110	10	35	135	(40, -69)	14	testing
5	yy	f	18	green	5	(80, 0)	(40, 69)	(-39, 69)	(-80, 0)	(-40, -69)	(40, -69)	diamond	green	dif	left	left	(-39, 69)	(-80, 0)	search	nr	True	294129	294850	left	35	10	60	160	135	110	None	None	testing
5	yy	f	18	green	5	(80, 0)	(40, 69)	(-39, 69)	(-80, 0)	(-40, -69)	(40, -69)	circle	green	same	right	right	(-40, -69)	(40, 69)	search	nr	True	296033	297266	right	160	60	135	85	110	10	None	None	testing
5	yy	f	18	green	5	(80, 0)	(40, 69)	(-39, 69)	(-80, 0)	(-40, -69)	(40, -69)	diamond	none	dif	right	right	N_dist	(-40, -69)	search	nr	True	298404	299234	right	85	110	135	10	160	60	None	None	testing
5	yy	f	18	green	5	(80, 0)	(40, 69)	(-39, 69)	(-80, 0)	(-40, -69)	(40, -69)	circle	green	same	left	left	(-40, -69)	(-39, 69)	probe	norm	None	None	None	None	85	110	35	135	10	160	(-80, 0)	6	testing
5	yy	f	18	green	5	(80, 0)	(40, 69)	(-39, 69)	(-80, 0)	(-40, -69)	(40, -69)	circle	green	same	right	right	(-40, -69)	(40, 69)	probe	norm	None	None	None	None	160	85	10	60	35	110	(40, -69)	14	testing
5	yy	f	18	green	5	(80, 0)	(40, 69)	(-39, 69)	(-80, 0)	(-40, -69)	(40, -69)	circle	green	dif	right	right	(40, -69)	(-39, 69)	probe	norm	None	None	None	None	160	110	135	85	60	10	(-80, 0)	4	testing
5	yy	f	18	green	5	(80, 0)	(40, 69)	(-39, 69)	(-80, 0)	(-40, -69)	(40, -69)	diamond	none	same	right	right	N_dist	(40, 69)	search	nr	True	310275	310994	right	60	85	135	160	35	110	None	None	testing
5	yy	f	18	green	5	(80, 0)	(40, 69)	(-39, 69)	(-80, 0)	(-40, -69)	(40, -69)	circle	none	same	right	right	N_dist	(40, 69)	search	nr	True	312062	312978	right	135	160	35	85	60	10	None	None	testing
5	yy	f	18	green	5	(80, 0)	(40, 69)	(-39, 69)	(-80, 0)	(-40, -69)	(40, -69)	circle	green	dif	right	right	(-40, -69)	(40, -69)	search	nr	True	314116	314898	right	35	60	135	160	110	10	None	None	testing
5	yy	f	18	green	5	(80, 0)	(40, 69)	(-39, 69)	(-80, 0)	(-40, -69)	(40, -69)	circle	green	same	left	left	(-40, -69)	(-39, 69)	probe	h_sin	None	None	None	None	135	60	160	85	10	110	(-40, -69)	167	testing
5	yy	f	18	green	5	(80, 0)	(40, 69)	(-39, 69)	(-80, 0)	(-40, -69)	(40, -69)	diamond	green	dif	left	left	(80, 0)	(-39, 69)	probe	norm	None	None	None	None	160	85	60	110	10	135	(-80, 0)	7	testing
5	yy	f	18	green	5	(80, 0)	(40, 69)	(-39, 69)	(-80, 0)	(-40, -69)	(40, -69)	circle	green	dif	right	right	(-40, -69)	(40, -69)	probe	norm	None	None	None	None	10	60	85	35	110	135	(40, 69)	174	testing
5	yy	f	18	green	5	(80, 0)	(40, 69)	(-39, 69)	(-80, 0)	(-40, -69)	(40, -69)	circle	green	same	right	right	(-40, -69)	(40, 69)	probe	tar	None	None	None	None	10	85	160	135	110	35	(40, 69)	162	testing
5	yy	f	18	green	5	(80, 0)	(40, 69)	(-39, 69)	(-80, 0)	(-40, -69)	(40, -69)	circle	green	dif	left	left	(-40, -69)	(-80, 0)	search	nr	True	329561	330225	left	60	135	85	110	35	10	None	None	testing
5	yy	f	18	green	5	(80, 0)	(40, 69)	(-39, 69)	(-80, 0)	(-40, -69)	(40, -69)	diamond	green	same	left	left	(-40, -69)	(40, -69)	search	nr	True	331398	332242	left	85	160	135	110	60	35	None	None	testing
5	yy	f	18	green	5	(80, 0)	(40, 69)	(-39, 69)	(-80, 0)	(-40, -69)	(40, -69)	diamond	green	dif	right	right	(-40, -69)	(-80, 0)	search	nr	True	333318	333938	right	135	85	60	35	110	10	None	None	testing
5	yy	f	18	green	5	(80, 0)	(40, 69)	(-39, 69)	(-80, 0)	(-40, -69)	(40, -69)	diamond	none	same	left	left	N_dist	(80, 0)	search	nr	True	335238	335793	left	110	135	85	60	10	160	None	None	testing
5	yy	f	18	green	5	(80, 0)	(40, 69)	(-39, 69)	(-80, 0)	(-40, -69)	(40, -69)	circle	green	dif	left	left	(-40, -69)	(-39, 69)	search	nr	True	336991	338098	left	85	10	135	60	110	160	None	None	testing
5	yy	f	18	green	5	(80, 0)	(40, 69)	(-39, 69)	(-80, 0)	(-40, -69)	(40, -69)	circle	green	same	left	left	(40, -69)	(80, 0)	search	nr	True	339229	339826	left	35	135	60	10	160	85	None	None	testing
5	yy	f	18	green	5	(80, 0)	(40, 69)	(-39, 69)	(-80, 0)	(-40, -69)	(40, -69)	diamond	green	same	right	right	(-40, -69)	(40, -69)	probe	tar	None	None	None	None	10	110	60	35	160	135	(40, -69)	20	testing
5	yy	f	18	green	5	(80, 0)	(40, 69)	(-39, 69)	(-80, 0)	(-40, -69)	(40, -69)	diamond	green	dif	right	right	(-40, -69)	(-80, 0)	search	nr	True	344104	344770	right	135	110	10	85	60	160	None	None	testing
5	yy	f	18	green	5	(80, 0)	(40, 69)	(-39, 69)	(-80, 0)	(-40, -69)	(40, -69)	circle	green	dif	left	left	(-40, -69)	(-39, 69)	search	nr	True	345908	346658	left	35	10	60	110	160	135	None	None	testing
5	yy	f	18	green	5	(80, 0)	(40, 69)	(-39, 69)	(-80, 0)	(-40, -69)	(40, -69)	circle	none	same	right	right	N_dist	(80, 0)	search	nr	True	347811	348449	right	10	85	135	60	35	110	None	None	testing
5	yy	f	18	green	5	(80, 0)	(40, 69)	(-39, 69)	(-80, 0)	(-40, -69)	(40, -69)	diamond	none	same	right	right	N_dist	(80, 0)	probe	h_norm	None	None	None	None	135	160	10	60	110	85	(-40, -69)	6	testing
5	yy	f	18	green	5	(80, 0)	(40, 69)	(-39, 69)	(-80, 0)	(-40, -69)	(40, -69)	circle	green	dif	right	right	(40, -69)	(-39, 69)	search	nr	True	354941	355650	right	35	85	135	10	110	160	None	None	testing
5	yy	f	18	green	5	(80, 0)	(40, 69)	(-39, 69)	(-80, 0)	(-40, -69)	(40, -69)	diamond	green	dif	left	left	(80, 0)	(-39, 69)	search	nr	True	356794	357585	left	35	135	10	85	60	110	None	None	testing
5	yy	f	18	green	5	(80, 0)	(40, 69)	(-39, 69)	(-80, 0)	(-40, -69)	(40, -69)	diamond	none	dif	right	right	N_dist	(40, 69)	probe	l_norm	None	None	None	None	135	60	10	35	110	85	(80, 0)	20	testing
5	yy	f	18	green	5	(80, 0)	(40, 69)	(-39, 69)	(-80, 0)	(-40, -69)	(40, -69)	diamond	green	same	left	left	(-80, 0)	(80, 0)	probe	tar	None	None	None	None	110	60	10	135	85	35	(80, 0)	16	testing
5	yy	f	18	green	5	(80, 0)	(40, 69)	(-39, 69)	(-80, 0)	(-40, -69)	(40, -69)	circle	green	dif	right	right	(-40, -69)	(-39, 69)	probe	norm	None	None	None	None	160	135	85	60	10	110	(-80, 0)	178	testing
5	yy	f	18	green	5	(80, 0)	(40, 69)	(-39, 69)	(-80, 0)	(-40, -69)	(40, -69)	diamond	none	same	right	right	N_dist	(80, 0)	search	nr	True	368867	369570	right	10	35	110	135	60	160	None	None	testing
5	yy	f	18	green	5	(80, 0)	(40, 69)	(-39, 69)	(-80, 0)	(-40, -69)	(40, -69)	diamond	green	dif	right	right	(40, 69)	(-80, 0)	search	nr	True	370704	371409	right	85	10	110	160	35	60	None	None	testing
5	yy	f	18	green	5	(80, 0)	(40, 69)	(-39, 69)	(-80, 0)	(-40, -69)	(40, -69)	diamond	none	dif	left	left	N_dist	(80, 0)	search	nr	True	372540	373122	left	10	135	60	35	110	85	None	None	testing
5	yy	f	18	green	5	(80, 0)	(40, 69)	(-39, 69)	(-80, 0)	(-40, -69)	(40, -69)	diamond	green	dif	right	right	(40, 69)	(-80, 0)	probe	l_sin	None	None	None	None	135	110	35	10	160	85	(40, 69)	7	testing
5	yy	f	18	green	5	(80, 0)	(40, 69)	(-39, 69)	(-80, 0)	(-40, -69)	(40, -69)	diamond	green	dif	right	right	(80, 0)	(-80, 0)	search	nr	True	377683	378385	right	60	35	85	160	135	110	None	None	testing
5	yy	f	18	green	5	(80, 0)	(40, 69)	(-39, 69)	(-80, 0)	(-40, -69)	(40, -69)	circle	green	dif	right	right	(-40, -69)	(-39, 69)	probe	tar	None	None	None	None	110	85	135	60	10	160	(-39, 69)	11	testing
5	yy	f	18	green	5	(80, 0)	(40, 69)	(-39, 69)	(-80, 0)	(-40, -69)	(40, -69)	circle	green	same	right	right	(-80, 0)	(80, 0)	search	nr	True	383193	384178	right	35	160	10	135	110	60	None	None	testing
5	yy	f	18	green	5	(80, 0)	(40, 69)	(-39, 69)	(-80, 0)	(-40, -69)	(40, -69)	diamond	none	dif	right	right	N_dist	(-80, 0)	search	nr	True	385447	386402	right	160	135	85	110	10	60	None	None	testing
5	yy	f	18	green	5	(80, 0)	(40, 69)	(-39, 69)	(-80, 0)	(-40, -69)	(40, -69)	diamond	none	same	left	left	N_dist	(40, 69)	probe	h_norm	None	None	None	None	85	35	60	160	10	110	(-40, -69)	169	testing
5	yy	f	18	green	5	(80, 0)	(40, 69)	(-39, 69)	(-80, 0)	(-40, -69)	(40, -69)	diamond	green	same	right	right	(-40, -69)	(80, 0)	probe	tar	None	None	None	None	85	110	10	135	160	60	(80, 0)	172	testing
5	yy	f	18	green	5	(80, 0)	(40, 69)	(-39, 69)	(-80, 0)	(-40, -69)	(40, -69)	circle	green	same	right	right	(-39, 69)	(40, -69)	search	nr	True	394013	394721	right	160	10	60	35	135	85	None	None	testing
5	yy	f	18	green	5	(80, 0)	(40, 69)	(-39, 69)	(-80, 0)	(-40, -69)	(40, -69)	circle	none	same	right	right	N_dist	(40, 69)	search	nr	True	395983	396929	right	35	160	110	85	60	135	None	None	testing
5	yy	f	18	green	5	(80, 0)	(40, 69)	(-39, 69)	(-80, 0)	(-40, -69)	(40, -69)	circle	green	same	left	left	(-40, -69)	(-39, 69)	search	nr	True	398070	398833	left	160	10	60	110	85	35	None	None	testing
5	yy	f	18	green	5	(80, 0)	(40, 69)	(-39, 69)	(-80, 0)	(-40, -69)	(40, -69)	circle	green	same	right	right	(-40, -69)	(40, -69)	search	nr	True	400041	400769	right	135	10	160	35	110	60	None	None	testing
5	yy	f	18	green	5	(80, 0)	(40, 69)	(-39, 69)	(-80, 0)	(-40, -69)	(40, -69)	circle	none	dif	right	right	N_dist	(40, -69)	search	nr	True	401977	402914	right	135	10	85	60	160	110	None	None	testing
5	yy	f	18	green	5	(80, 0)	(40, 69)	(-39, 69)	(-80, 0)	(-40, -69)	(40, -69)	circle	none	dif	left	left	N_dist	(-80, 0)	search	nr	True	404115	404978	left	110	135	85	10	35	160	None	None	testing
5	yy	f	18	green	5	(80, 0)	(40, 69)	(-39, 69)	(-80, 0)	(-40, -69)	(40, -69)	circle	green	same	right	right	(40, -69)	(40, 69)	search	nr	True	406035	407041	right	160	60	110	85	10	135	None	None	testing
5	yy	f	18	green	5	(80, 0)	(40, 69)	(-39, 69)	(-80, 0)	(-40, -69)	(40, -69)	circle	green	dif	left	left	(-40, -69)	(-39, 69)	search	nr	True	408189	409106	left	85	110	10	35	135	60	None	None	testing
5	yy	f	18	green	5	(80, 0)	(40, 69)	(-39, 69)	(-80, 0)	(-40, -69)	(40, -69)	diamond	green	same	left	left	(-80, 0)	(40, -69)	search	nr	True	410193	411490	left	110	10	35	60	85	135	None	None	testing
5	yy	f	18	green	5	(80, 0)	(40, 69)	(-39, 69)	(-80, 0)	(-40, -69)	(40, -69)	circle	green	dif	left	left	(-40, -69)	(40, -69)	probe	h_sin	None	None	None	None	110	160	10	135	60	35	(-40, -69)	174	testing
5	yy	f	18	green	5	(80, 0)	(40, 69)	(-39, 69)	(-80, 0)	(-40, -69)	(40, -69)	diamond	green	same	left	left	(-40, -69)	(40, -69)	search	nr	True	416086	416786	left	160	35	60	110	135	85	None	None	testing
5	yy	f	18	green	5	(80, 0)	(40, 69)	(-39, 69)	(-80, 0)	(-40, -69)	(40, -69)	circle	green	same	left	left	(-40, -69)	(-39, 69)	search	nr	True	418107	418850	left	110	10	160	60	85	35	None	None	testing
5	yy	f	18	green	5	(80, 0)	(40, 69)	(-39, 69)	(-80, 0)	(-40, -69)	(40, -69)	circle	green	dif	right	right	(40, 69)	(-80, 0)	probe	l_sin	None	None	None	None	110	135	10	60	35	160	(40, 69)	12	testing
5	yy	f	18	green	5	(80, 0)	(40, 69)	(-39, 69)	(-80, 0)	(-40, -69)	(40, -69)	diamond	green	dif	left	left	(-40, -69)	(-80, 0)	probe	tar	None	None	None	None	135	35	110	60	160	85	(-80, 0)	174	testing
5	yy	f	18	green	5	(80, 0)	(40, 69)	(-39, 69)	(-80, 0)	(-40, -69)	(40, -69)	circle	green	same	left	left	(-40, -69)	(-39, 69)	search	nr	True	426138	427121	left	160	110	60	10	85	135	None	None	testing
5	yy	f	18	green	5	(80, 0)	(40, 69)	(-39, 69)	(-80, 0)	(-40, -69)	(40, -69)	circle	none	dif	right	right	N_dist	(40, -69)	probe	l_tar	None	None	None	None	10	160	135	85	110	60	(40, -69)	167	testing
5	yy	f	18	green	5	(80, 0)	(40, 69)	(-39, 69)	(-80, 0)	(-40, -69)	(40, -69)	diamond	green	dif	left	left	(40, 69)	(-39, 69)	search	nr	True	431548	432257	left	135	35	85	10	110	160	None	None	testing
5	yy	f	18	green	5	(80, 0)	(40, 69)	(-39, 69)	(-80, 0)	(-40, -69)	(40, -69)	circle	none	same	left	left	N_dist	(40, -69)	search	nr	True	433502	434226	left	10	85	160	110	60	35	None	None	testing
5	yy	f	18	green	5	(80, 0)	(40, 69)	(-39, 69)	(-80, 0)	(-40, -69)	(40, -69)	circle	green	dif	left	left	(-40, -69)	(40, -69)	search	nr	True	435439	436177	left	160	35	10	135	110	60	None	None	testing
5	yy	f	18	green	5	(80, 0)	(40, 69)	(-39, 69)	(-80, 0)	(-40, -69)	(40, -69)	circle	none	dif	left	left	N_dist	(-39, 69)	probe	l_norm	None	None	None	None	85	35	160	60	135	110	(40, -69)	10	testing
5	yy	f	18	green	5	(80, 0)	(40, 69)	(-39, 69)	(-80, 0)	(-40, -69)	(40, -69)	circle	green	dif	right	right	(-40, -69)	(40, -69)	search	nr	True	440181	440833	right	160	85	35	60	135	10	None	None	testing
5	yy	f	18	green	5	(80, 0)	(40, 69)	(-39, 69)	(-80, 0)	(-40, -69)	(40, -69)	diamond	green	dif	left	left	(-39, 69)	(-80, 0)	probe	l_sin	None	None	None	None	10	35	135	60	85	110	(-39, 69)	6	testing
5	yy	f	18	green	5	(80, 0)	(40, 69)	(-39, 69)	(-80, 0)	(-40, -69)	(40, -69)	circle	none	dif	right	right	N_dist	(-39, 69)	search	nr	True	445390	446401	right	35	160	10	135	110	85	None	None	testing
5	yy	f	18	green	5	(80, 0)	(40, 69)	(-39, 69)	(-80, 0)	(-40, -69)	(40, -69)	diamond	green	dif	right	right	(80, 0)	(-80, 0)	search	nr	True	447544	448337	right	85	160	110	60	35	135	None	None	testing
5	yy	f	18	green	5	(80, 0)	(40, 69)	(-39, 69)	(-80, 0)	(-40, -69)	(40, -69)	diamond	green	dif	left	left	(40, 69)	(-39, 69)	probe	tar	None	None	None	None	10	110	35	60	85	135	(-39, 69)	164	testing
5	yy	f	18	green	5	(80, 0)	(40, 69)	(-39, 69)	(-80, 0)	(-40, -69)	(40, -69)	diamond	none	same	right	right	N_dist	(80, 0)	search	nr	True	453105	453761	right	10	60	160	135	110	35	None	None	testing
5	yy	f	18	green	5	(80, 0)	(40, 69)	(-39, 69)	(-80, 0)	(-40, -69)	(40, -69)	diamond	green	dif	left	left	(-39, 69)	(80, 0)	search	nr	True	455025	455713	left	35	160	85	10	110	60	None	None	testing
5	yy	f	18	green	5	(80, 0)	(40, 69)	(-39, 69)	(-80, 0)	(-40, -69)	(40, -69)	circle	none	same	right	right	N_dist	(40, 69)	probe	h_norm	None	None	None	None	60	110	160	10	85	135	(-40, -69)	9	testing
5	yy	f	18	green	5	(80, 0)	(40, 69)	(-39, 69)	(-80, 0)	(-40, -69)	(40, -69)	circle	none	same	right	right	N_dist	(-80, 0)	probe	h_norm	None	None	None	None	60	35	10	85	160	135	(-40, -69)	167	testing
5	yy	f	18	green	5	(80, 0)	(40, 69)	(-39, 69)	(-80, 0)	(-40, -69)	(40, -69)	circle	green	same	left	left	(-40, -69)	(-80, 0)	search	nr	True	463724	464482	left	60	160	85	135	10	110	None	None	testing
5	yy	f	18	green	5	(80, 0)	(40, 69)	(-39, 69)	(-80, 0)	(-40, -69)	(40, -69)	diamond	green	same	right	right	(-40, -69)	(40, -69)	probe	norm	None	None	None	None	110	10	35	60	85	160	(80, 0)	16	testing
5	yy	f	18	green	5	(80, 0)	(40, 69)	(-39, 69)	(-80, 0)	(-40, -69)	(40, -69)	circle	green	dif	left	left	(40, -69)	(-39, 69)	search	nr	True	468716	469394	left	135	35	160	10	60	85	None	None	testing
5	yy	f	18	green	5	(80, 0)	(40, 69)	(-39, 69)	(-80, 0)	(-40, -69)	(40, -69)	diamond	none	same	right	right	N_dist	(-80, 0)	search	nr	True	470487	471169	right	85	60	10	35	110	160	None	None	testing
5	yy	f	18	green	5	(80, 0)	(40, 69)	(-39, 69)	(-80, 0)	(-40, -69)	(40, -69)	circle	green	dif	right	right	(40, 69)	(-80, 0)	search	nr	True	472256	473233	right	60	160	110	135	35	10	None	None	testing
5	yy	f	18	green	5	(80, 0)	(40, 69)	(-39, 69)	(-80, 0)	(-40, -69)	(40, -69)	diamond	green	same	right	right	(-40, -69)	(80, 0)	probe	norm	None	None	None	None	60	135	85	35	110	10	(-80, 0)	168	testing
5	yy	f	18	green	5	(80, 0)	(40, 69)	(-39, 69)	(-80, 0)	(-40, -69)	(40, -69)	circle	green	same	right	right	(-40, -69)	(40, -69)	search	nr	True	478384	479602	right	110	10	135	85	35	160	None	None	testing
5	yy	f	18	green	5	(80, 0)	(40, 69)	(-39, 69)	(-80, 0)	(-40, -69)	(40, -69)	diamond	none	same	left	left	N_dist	(40, 69)	search	nr	True	480706	481650	left	160	85	135	60	35	10	None	None	testing
5	yy	f	18	green	5	(80, 0)	(40, 69)	(-39, 69)	(-80, 0)	(-40, -69)	(40, -69)	diamond	none	same	left	left	N_dist	(80, 0)	probe	l_norm	None	None	None	None	160	60	135	110	85	35	(-80, 0)	4	testing
5	yy	f	18	green	5	(80, 0)	(40, 69)	(-39, 69)	(-80, 0)	(-40, -69)	(40, -69)	diamond	green	dif	right	right	(-80, 0)	(80, 0)	probe	norm	None	None	None	None	85	60	10	135	110	160	(-40, -69)	8	testing
5	yy	f	18	green	5	(80, 0)	(40, 69)	(-39, 69)	(-80, 0)	(-40, -69)	(40, -69)	circle	none	same	right	right	N_dist	(-80, 0)	search	nr	True	489722	490610	right	110	160	10	135	85	60	None	None	testing
5	yy	f	18	green	5	(80, 0)	(40, 69)	(-39, 69)	(-80, 0)	(-40, -69)	(40, -69)	circle	green	dif	left	left	(40, -69)	(-39, 69)	search	nr	True	491692	492465	left	60	10	85	160	110	35	None	None	testing
5	yy	f	18	green	5	(80, 0)	(40, 69)	(-39, 69)	(-80, 0)	(-40, -69)	(40, -69)	diamond	green	same	right	right	(80, 0)	(-39, 69)	search	nr	True	493646	494545	right	35	85	160	60	135	110	None	None	testing
5	yy	f	18	green	5	(80, 0)	(40, 69)	(-39, 69)	(-80, 0)	(-40, -69)	(40, -69)	diamond	green	dif	right	right	(40, 69)	(80, 0)	search	nr	True	495783	496482	right	135	85	35	160	110	60	None	None	testing
5	yy	f	18	green	5	(80, 0)	(40, 69)	(-39, 69)	(-80, 0)	(-40, -69)	(40, -69)	diamond	green	same	left	left	(-40, -69)	(80, 0)	search	nr	True	497720	498385	left	10	160	110	85	135	35	None	None	testing
5	yy	f	18	green	5	(80, 0)	(40, 69)	(-39, 69)	(-80, 0)	(-40, -69)	(40, -69)	diamond	green	dif	left	left	(-39, 69)	(80, 0)	search	nr	True	499640	500257	left	110	135	85	10	160	35	None	None	testing
5	yy	f	18	green	5	(80, 0)	(40, 69)	(-39, 69)	(-80, 0)	(-40, -69)	(40, -69)	diamond	none	dif	left	left	N_dist	(80, 0)	search	nr	True	501578	502593	left	160	85	35	10	110	135	None	None	testing
5	yy	f	18	green	5	(80, 0)	(40, 69)	(-39, 69)	(-80, 0)	(-40, -69)	(40, -69)	diamond	none	dif	right	right	N_dist	(80, 0)	probe	h_norm	None	None	None	None	135	110	10	60	85	160	(-40, -69)	4	testing
5	yy	f	18	green	5	(80, 0)	(40, 69)	(-39, 69)	(-80, 0)	(-40, -69)	(40, -69)	diamond	green	same	right	right	(80, 0)	(40, -69)	search	nr	True	507405	508208	right	160	60	10	135	110	85	None	None	testing
5	yy	f	18	green	5	(80, 0)	(40, 69)	(-39, 69)	(-80, 0)	(-40, -69)	(40, -69)	circle	green	dif	right	right	(-39, 69)	(40, 69)	search	nr	True	509425	510402	right	60	10	110	160	135	85	None	None	testing
5	yy	f	18	green	5	(80, 0)	(40, 69)	(-39, 69)	(-80, 0)	(-40, -69)	(40, -69)	circle	green	same	left	left	(-40, -69)	(-39, 69)	search	nr	True	511545	512209	left	85	135	110	160	10	35	None	None	testing
5	yy	f	18	green	5	(80, 0)	(40, 69)	(-39, 69)	(-80, 0)	(-40, -69)	(40, -69)	diamond	green	same	right	right	(80, 0)	(-39, 69)	search	nr	True	513349	514801	right	10	160	110	35	60	135	None	None	testing
5	yy	f	18	green	5	(80, 0)	(40, 69)	(-39, 69)	(-80, 0)	(-40, -69)	(40, -69)	circle	green	same	left	left	(-40, -69)	(-80, 0)	search	nr	True	516020	516994	left	35	60	135	160	10	110	None	None	testing
5	yy	f	18	green	5	(80, 0)	(40, 69)	(-39, 69)	(-80, 0)	(-40, -69)	(40, -69)	circle	green	dif	left	left	(-40, -69)	(40, -69)	search	nr	True	518174	518961	left	10	110	160	135	85	60	None	None	testing
5	yy	f	18	green	5	(80, 0)	(40, 69)	(-39, 69)	(-80, 0)	(-40, -69)	(40, -69)	diamond	green	same	right	right	(-40, -69)	(80, 0)	search	nr	True	520111	521282	right	10	60	135	160	35	85	None	None	testing
5	yy	f	18	green	5	(80, 0)	(40, 69)	(-39, 69)	(-80, 0)	(-40, -69)	(40, -69)	circle	green	same	right	right	(-39, 69)	(40, -69)	search	nr	True	522382	523122	right	85	35	160	135	110	60	None	None	testing
5	yy	f	18	green	5	(80, 0)	(40, 69)	(-39, 69)	(-80, 0)	(-40, -69)	(40, -69)	diamond	none	dif	left	left	N_dist	(-80, 0)	search	nr	True	524403	525234	left	135	60	110	10	160	85	None	None	testing
5	yy	f	18	green	5	(80, 0)	(40, 69)	(-39, 69)	(-80, 0)	(-40, -69)	(40, -69)	circle	green	dif	left	left	(-40, -69)	(-39, 69)	search	nr	True	526290	527585	left	10	110	135	85	60	160	None	None	testing
5	yy	f	18	green	5	(80, 0)	(40, 69)	(-39, 69)	(-80, 0)	(-40, -69)	(40, -69)	diamond	none	dif	left	left	N_dist	(40, -69)	search	nr	True	528861	529570	left	10	35	60	85	160	135	None	None	testing
5	yy	f	18	green	5	(80, 0)	(40, 69)	(-39, 69)	(-80, 0)	(-40, -69)	(40, -69)	diamond	green	dif	left	left	(-40, -69)	(40, 69)	probe	h_sin	None	None	None	None	60	160	10	110	135	85	(-40, -69)	12	testing
5	yy	f	18	green	5	(80, 0)	(40, 69)	(-39, 69)	(-80, 0)	(-40, -69)	(40, -69)	circle	green	dif	right	right	(-40, -69)	(-39, 69)	search	nr	True	534053	534801	right	85	110	10	160	135	35	None	None	testing
5	yy	f	18	green	5	(80, 0)	(40, 69)	(-39, 69)	(-80, 0)	(-40, -69)	(40, -69)	circle	none	same	left	left	N_dist	(40, -69)	search	nr	True	535923	536593	left	85	135	10	60	160	110	None	None	testing
5	yy	f	18	green	5	(80, 0)	(40, 69)	(-39, 69)	(-80, 0)	(-40, -69)	(40, -69)	circle	none	dif	left	left	N_dist	(-40, -69)	search	nr	True	537744	538417	left	60	85	35	160	135	10	None	None	testing
5	yy	f	18	green	5	(80, 0)	(40, 69)	(-39, 69)	(-80, 0)	(-40, -69)	(40, -69)	diamond	none	same	right	right	N_dist	(-80, 0)	search	nr	True	539564	540354	right	135	160	10	110	85	35	None	None	testing
5	yy	f	18	green	5	(80, 0)	(40, 69)	(-39, 69)	(-80, 0)	(-40, -69)	(40, -69)	diamond	green	dif	right	right	(-40, -69)	(40, 69)	search	nr	True	541601	542225	right	60	135	110	160	10	35	None	None	testing
5	yy	f	18	green	5	(80, 0)	(40, 69)	(-39, 69)	(-80, 0)	(-40, -69)	(40, -69)	circle	green	same	left	left	(-40, -69)	(80, 0)	probe	tar	None	None	None	None	135	160	10	60	110	35	(80, 0)	15	testing
5	yy	f	18	green	5	(80, 0)	(40, 69)	(-39, 69)	(-80, 0)	(-40, -69)	(40, -69)	circle	none	same	right	right	N_dist	(-80, 0)	search	nr	True	547111	547826	right	110	60	85	160	10	135	None	None	testing
5	yy	f	18	green	5	(80, 0)	(40, 69)	(-39, 69)	(-80, 0)	(-40, -69)	(40, -69)	circle	green	same	left	left	(-40, -69)	(-39, 69)	probe	norm	None	None	None	None	35	110	10	85	135	160	(40, -69)	22	testing
5	yy	f	18	green	5	(80, 0)	(40, 69)	(-39, 69)	(-80, 0)	(-40, -69)	(40, -69)	circle	green	dif	left	left	(-40, -69)	(-80, 0)	search	nr	True	552437	553362	left	10	85	35	135	160	110	None	None	testing
5	yy	f	18	green	5	(80, 0)	(40, 69)	(-39, 69)	(-80, 0)	(-40, -69)	(40, -69)	diamond	green	same	left	left	(-40, -69)	(80, 0)	probe	tar	None	None	None	None	85	60	160	35	135	110	(80, 0)	170	testing
5	yy	f	18	green	5	(80, 0)	(40, 69)	(-39, 69)	(-80, 0)	(-40, -69)	(40, -69)	diamond	green	dif	right	right	(-40, -69)	(40, 69)	search	nr	True	557530	558370	right	35	135	85	110	60	10	None	None	testing
5	yy	f	18	green	5	(80, 0)	(40, 69)	(-39, 69)	(-80, 0)	(-40, -69)	(40, -69)	circle	green	same	right	right	(40, -69)	(40, 69)	search	nr	True	559583	560706	right	60	160	135	110	10	85	None	None	testing
5	yy	f	18	green	5	(80, 0)	(40, 69)	(-39, 69)	(-80, 0)	(-40, -69)	(40, -69)	diamond	none	dif	left	left	N_dist	(40, -69)	probe	l_norm	None	None	None	None	60	110	135	10	85	160	(-80, 0)	166	testing
5	yy	f	18	green	5	(80, 0)	(40, 69)	(-39, 69)	(-80, 0)	(-40, -69)	(40, -69)	diamond	green	same	right	right	(-40, -69)	(40, -69)	probe	h_sin	None	None	None	None	35	135	10	85	160	60	(-40, -69)	21	testing
5	yy	f	18	green	5	(80, 0)	(40, 69)	(-39, 69)	(-80, 0)	(-40, -69)	(40, -69)	circle	green	same	right	right	(-40, -69)	(40, 69)	probe	norm	None	None	None	None	10	160	60	110	135	35	(40, -69)	163	testing
5	yy	f	18	green	5	(80, 0)	(40, 69)	(-39, 69)	(-80, 0)	(-40, -69)	(40, -69)	diamond	green	same	right	right	(-40, -69)	(40, -69)	search	nr	True	572524	573362	right	60	35	110	10	160	135	None	None	testing
5	yy	f	18	green	5	(80, 0)	(40, 69)	(-39, 69)	(-80, 0)	(-40, -69)	(40, -69)	diamond	none	dif	right	right	N_dist	(80, 0)	search	nr	True	574645	575217	right	160	35	85	10	135	60	None	None	testing
5	yy	f	18	green	5	(80, 0)	(40, 69)	(-39, 69)	(-80, 0)	(-40, -69)	(40, -69)	diamond	none	same	left	left	N_dist	(40, -69)	search	nr	True	576448	577217	left	160	110	85	10	60	135	None	None	testing
5	yy	f	18	green	5	(80, 0)	(40, 69)	(-39, 69)	(-80, 0)	(-40, -69)	(40, -69)	circle	green	same	right	right	(-80, 0)	(80, 0)	probe	norm	None	None	None	None	10	60	35	135	110	85	(40, -69)	177	testing
5	yy	f	18	green	5	(80, 0)	(40, 69)	(-39, 69)	(-80, 0)	(-40, -69)	(40, -69)	diamond	green	same	right	right	(-40, -69)	(40, 69)	search	nr	True	581674	582290	right	60	85	35	135	160	110	None	None	testing
5	yy	f	18	green	5	(80, 0)	(40, 69)	(-39, 69)	(-80, 0)	(-40, -69)	(40, -69)	circle	green	dif	left	left	(-40, -69)	(-80, 0)	probe	tar	None	None	None	None	35	110	10	135	85	160	(-80, 0)	8	testing
5	yy	f	18	green	5	(80, 0)	(40, 69)	(-39, 69)	(-80, 0)	(-40, -69)	(40, -69)	circle	none	dif	right	right	N_dist	(-80, 0)	search	nr	True	587018	587809	right	35	135	60	10	85	160	None	None	testing
5	yy	f	18	green	5	(80, 0)	(40, 69)	(-39, 69)	(-80, 0)	(-40, -69)	(40, -69)	diamond	green	same	left	left	(-40, -69)	(40, 69)	probe	norm	None	None	None	None	160	110	135	85	10	60	(80, 0)	27	testing
5	yy	f	18	green	5	(80, 0)	(40, 69)	(-39, 69)	(-80, 0)	(-40, -69)	(40, -69)	circle	green	dif	right	right	(40, -69)	(-39, 69)	search	nr	True	592244	592929	right	60	110	10	35	135	160	None	None	testing
5	yy	f	18	green	5	(80, 0)	(40, 69)	(-39, 69)	(-80, 0)	(-40, -69)	(40, -69)	circle	none	dif	right	right	N_dist	(-39, 69)	probe	h_norm	None	None	None	None	135	160	35	10	60	85	(-40, -69)	174	testing
5	yy	f	18	green	5	(80, 0)	(40, 69)	(-39, 69)	(-80, 0)	(-40, -69)	(40, -69)	diamond	green	dif	right	right	(-40, -69)	(40, 69)	search	nr	True	597487	598513	right	35	110	85	160	135	60	None	None	testing
5	yy	f	18	green	5	(80, 0)	(40, 69)	(-39, 69)	(-80, 0)	(-40, -69)	(40, -69)	circle	green	same	right	right	(-40, -69)	(40, 69)	search	nr	True	599724	600545	right	60	35	110	135	85	160	None	None	testing
5	yy	f	18	green	5	(80, 0)	(40, 69)	(-39, 69)	(-80, 0)	(-40, -69)	(40, -69)	circle	green	dif	left	left	(-40, -69)	(-39, 69)	probe	tar	None	None	None	None	60	160	85	35	10	110	(-39, 69)	174	testing
5	yy	f	18	green	5	(80, 0)	(40, 69)	(-39, 69)	(-80, 0)	(-40, -69)	(40, -69)	circle	none	dif	right	right	N_dist	(-39, 69)	search	nr	True	605368	606066	right	10	60	160	85	110	135	None	None	testing
5	yy	f	18	green	5	(80, 0)	(40, 69)	(-39, 69)	(-80, 0)	(-40, -69)	(40, -69)	diamond	green	dif	left	left	(-39, 69)	(40, 69)	search	nr	True	607205	608162	left	60	10	85	110	35	160	None	None	testing
5	yy	f	18	green	5	(80, 0)	(40, 69)	(-39, 69)	(-80, 0)	(-40, -69)	(40, -69)	diamond	green	dif	left	left	(-40, -69)	(-80, 0)	search	nr	True	609258	610034	left	160	10	85	110	60	135	None	None	testing
5	yy	f	18	green	5	(80, 0)	(40, 69)	(-39, 69)	(-80, 0)	(-40, -69)	(40, -69)	diamond	green	same	left	left	(-40, -69)	(40, -69)	probe	tar	None	None	None	None	85	135	60	10	160	110	(40, -69)	13	testing
5	yy	f	18	green	5	(80, 0)	(40, 69)	(-39, 69)	(-80, 0)	(-40, -69)	(40, -69)	circle	green	same	left	left	(40, -69)	(80, 0)	probe	l_sin	None	None	None	None	85	10	160	60	135	110	(40, -69)	10	testing
5	yy	f	18	green	5	(80, 0)	(40, 69)	(-39, 69)	(-80, 0)	(-40, -69)	(40, -69)	diamond	none	dif	left	left	N_dist	(-40, -69)	search	nr	True	617374	618114	left	60	160	85	35	135	110	None	None	testing
5	yy	f	18	green	5	(80, 0)	(40, 69)	(-39, 69)	(-80, 0)	(-40, -69)	(40, -69)	diamond	green	same	left	left	(-80, 0)	(-39, 69)	search	nr	True	619210	620562	left	110	35	135	85	160	60	None	None	testing
5	yy	f	18	green	5	(80, 0)	(40, 69)	(-39, 69)	(-80, 0)	(-40, -69)	(40, -69)	diamond	none	same	left	left	N_dist	(-80, 0)	probe	h_norm	None	None	None	None	35	135	10	110	160	60	(-40, -69)	8	testing
5	yy	f	18	green	5	(80, 0)	(40, 69)	(-39, 69)	(-80, 0)	(-40, -69)	(40, -69)	circle	green	same	right	right	(-40, -69)	(80, 0)	search	nr	True	625155	625810	right	60	35	135	110	10	85	None	None	testing
5	yy	f	18	green	5	(80, 0)	(40, 69)	(-39, 69)	(-80, 0)	(-40, -69)	(40, -69)	circle	green	same	right	right	(-40, -69)	(40, 69)	search	nr	True	627041	628082	right	60	85	160	110	135	10	None	None	testing
5	yy	f	18	green	5	(80, 0)	(40, 69)	(-39, 69)	(-80, 0)	(-40, -69)	(40, -69)	diamond	green	dif	right	right	(-40, -69)	(-80, 0)	search	nr	True	629145	630049	right	10	135	60	110	85	35	None	None	testing
5	yy	f	18	green	5	(80, 0)	(40, 69)	(-39, 69)	(-80, 0)	(-40, -69)	(40, -69)	diamond	green	same	left	left	(-40, -69)	(40, 69)	search	nr	True	631333	632162	left	60	135	110	160	10	85	None	None	testing
5	yy	f	18	green	5	(80, 0)	(40, 69)	(-39, 69)	(-80, 0)	(-40, -69)	(40, -69)	diamond	green	same	right	right	(40, -69)	(40, 69)	search	nr	True	633252	633969	right	60	135	160	35	10	110	None	None	testing
5	yy	f	18	green	5	(80, 0)	(40, 69)	(-39, 69)	(-80, 0)	(-40, -69)	(40, -69)	diamond	green	same	left	left	(-80, 0)	(-39, 69)	probe	l_sin	None	None	None	None	110	160	60	135	85	35	(-80, 0)	17	testing
5	yy	f	18	green	5	(80, 0)	(40, 69)	(-39, 69)	(-80, 0)	(-40, -69)	(40, -69)	circle	green	same	left	left	(40, 69)	(80, 0)	search	nr	True	639631	640721	left	135	85	60	110	10	35	None	None	testing
5	yy	f	18	green	5	(80, 0)	(40, 69)	(-39, 69)	(-80, 0)	(-40, -69)	(40, -69)	circle	green	dif	right	right	(-40, -69)	(-80, 0)	search	nr	True	641835	642818	right	160	85	60	135	35	10	None	None	testing
5	yy	f	18	green	5	(80, 0)	(40, 69)	(-39, 69)	(-80, 0)	(-40, -69)	(40, -69)	circle	none	dif	left	left	N_dist	(40, 69)	probe	h_norm	None	None	None	None	160	60	85	110	10	35	(-40, -69)	168	testing
5	yy	f	18	green	5	(80, 0)	(40, 69)	(-39, 69)	(-80, 0)	(-40, -69)	(40, -69)	diamond	none	dif	left	left	N_dist	(-39, 69)	probe	h_norm	None	None	None	None	60	110	135	35	85	160	(-40, -69)	8	testing
5	yy	f	18	green	5	(80, 0)	(40, 69)	(-39, 69)	(-80, 0)	(-40, -69)	(40, -69)	diamond	green	dif	right	right	(-40, -69)	(-80, 0)	search	nr	True	651119	651874	right	160	60	135	35	110	85	None	None	testing
5	yy	f	18	green	5	(80, 0)	(40, 69)	(-39, 69)	(-80, 0)	(-40, -69)	(40, -69)	circle	none	same	right	right	N_dist	(80, 0)	search	nr	True	653139	653969	right	60	160	110	10	85	135	None	None	testing
5	yy	f	18	green	5	(80, 0)	(40, 69)	(-39, 69)	(-80, 0)	(-40, -69)	(40, -69)	diamond	green	dif	left	left	(-39, 69)	(40, 69)	probe	l_sin	None	None	None	None	135	60	35	160	85	110	(-39, 69)	172	testing
5	yy	f	18	green	5	(80, 0)	(40, 69)	(-39, 69)	(-80, 0)	(-40, -69)	(40, -69)	circle	green	same	left	left	(-40, -69)	(40, 69)	search	nr	True	658349	659362	left	160	135	85	10	60	110	None	None	testing
5	yy	f	18	green	5	(80, 0)	(40, 69)	(-39, 69)	(-80, 0)	(-40, -69)	(40, -69)	diamond	green	dif	left	left	(80, 0)	(40, -69)	probe	l_sin	None	None	None	None	35	135	10	160	110	60	(80, 0)	144	testing
5	yy	f	18	green	5	(80, 0)	(40, 69)	(-39, 69)	(-80, 0)	(-40, -69)	(40, -69)	diamond	green	same	left	left	(-40, -69)	(40, -69)	probe	h_sin	None	None	None	None	60	110	10	135	160	35	(-40, -69)	60	testing
5	yy	f	18	green	5	(80, 0)	(40, 69)	(-39, 69)	(-80, 0)	(-40, -69)	(40, -69)	circle	green	dif	left	left	(-40, -69)	(80, 0)	probe	h_sin	None	None	None	None	35	135	85	60	160	110	(-40, -69)	49	testing
5	yy	f	18	green	5	(80, 0)	(40, 69)	(-39, 69)	(-80, 0)	(-40, -69)	(40, -69)	diamond	green	dif	right	right	(40, -69)	(80, 0)	search	nr	True	674044	674833	right	60	85	35	135	160	110	None	None	testing
5	yy	f	18	green	5	(80, 0)	(40, 69)	(-39, 69)	(-80, 0)	(-40, -69)	(40, -69)	diamond	green	same	right	right	(40, -69)	(40, 69)	search	nr	True	675981	676913	right	85	110	10	160	60	35	None	None	testing
5	yy	f	18	green	5	(80, 0)	(40, 69)	(-39, 69)	(-80, 0)	(-40, -69)	(40, -69)	diamond	none	same	left	left	N_dist	(-40, -69)	search	nr	True	678069	678833	left	10	35	135	110	60	85	None	None	testing
5	yy	f	18	green	5	(80, 0)	(40, 69)	(-39, 69)	(-80, 0)	(-40, -69)	(40, -69)	diamond	green	dif	right	right	(40, -69)	(80, 0)	probe	l_sin	None	None	None	None	160	135	35	10	110	60	(40, -69)	165	testing
5	yy	f	18	green	5	(80, 0)	(40, 69)	(-39, 69)	(-80, 0)	(-40, -69)	(40, -69)	diamond	green	dif	left	left	(-40, -69)	(-80, 0)	search	nr	True	683294	684097	left	110	85	60	135	35	160	None	None	testing
5	yy	f	18	green	5	(80, 0)	(40, 69)	(-39, 69)	(-80, 0)	(-40, -69)	(40, -69)	circle	none	dif	left	left	N_dist	(-40, -69)	search	nr	True	685249	686034	left	135	60	110	160	10	85	None	None	testing
5	yy	f	18	green	5	(80, 0)	(40, 69)	(-39, 69)	(-80, 0)	(-40, -69)	(40, -69)	diamond	none	dif	left	left	N_dist	(-80, 0)	probe	l_norm	None	None	None	None	110	35	10	85	160	60	(40, -69)	165	testing
5	yy	f	18	green	5	(80, 0)	(40, 69)	(-39, 69)	(-80, 0)	(-40, -69)	(40, -69)	diamond	green	same	right	right	(-40, -69)	(40, 69)	probe	norm	None	None	None	None	60	35	110	10	85	135	(-39, 69)	6	testing
5	yy	f	18	green	5	(80, 0)	(40, 69)	(-39, 69)	(-80, 0)	(-40, -69)	(40, -69)	diamond	none	same	right	right	N_dist	(40, 69)	probe	l_tar	None	None	None	None	85	35	160	135	60	10	(40, 69)	161	testing
5	yy	f	18	green	5	(80, 0)	(40, 69)	(-39, 69)	(-80, 0)	(-40, -69)	(40, -69)	diamond	green	same	right	right	(-40, -69)	(80, 0)	probe	norm	None	None	None	None	10	35	60	85	135	110	(-39, 69)	163	testing
5	yy	f	18	green	5	(80, 0)	(40, 69)	(-39, 69)	(-80, 0)	(-40, -69)	(40, -69)	circle	green	same	right	right	(-40, -69)	(-39, 69)	probe	tar	None	None	None	None	135	60	160	110	35	10	(-39, 69)	12	testing
5	yy	f	18	green	5	(80, 0)	(40, 69)	(-39, 69)	(-80, 0)	(-40, -69)	(40, -69)	diamond	green	dif	right	right	(40, 69)	(80, 0)	probe	tar	None	None	None	None	35	10	110	85	60	160	(80, 0)	149	testing
5	yy	f	18	green	5	(80, 0)	(40, 69)	(-39, 69)	(-80, 0)	(-40, -69)	(40, -69)	diamond	none	dif	right	right	N_dist	(40, 69)	search	nr	True	707022	707874	right	85	10	35	135	160	60	None	None	testing
5	yy	f	18	green	5	(80, 0)	(40, 69)	(-39, 69)	(-80, 0)	(-40, -69)	(40, -69)	diamond	green	same	left	left	(-80, 0)	(40, -69)	search	nr	True	709042	709858	left	110	135	85	35	60	10	None	None	testing
5	yy	f	18	green	5	(80, 0)	(40, 69)	(-39, 69)	(-80, 0)	(-40, -69)	(40, -69)	diamond	green	dif	left	left	(-40, -69)	(40, 69)	search	nr	True	711096	711778	left	135	35	160	110	85	60	None	None	testing
5	yy	f	18	green	5	(80, 0)	(40, 69)	(-39, 69)	(-80, 0)	(-40, -69)	(40, -69)	circle	green	same	left	left	(-39, 69)	(40, -69)	probe	l_sin	None	None	None	None	110	160	10	85	135	35	(-39, 69)	160	testing
5	yy	f	18	green	5	(80, 0)	(40, 69)	(-39, 69)	(-80, 0)	(-40, -69)	(40, -69)	diamond	green	same	right	right	(40, -69)	(40, 69)	probe	norm	None	None	None	None	60	135	10	85	110	35	(-39, 69)	6	testing
5	yy	f	18	green	5	(80, 0)	(40, 69)	(-39, 69)	(-80, 0)	(-40, -69)	(40, -69)	circle	none	dif	right	right	N_dist	(-39, 69)	search	nr	True	719962	720914	right	85	160	60	110	10	35	None	None	testing
5	yy	f	18	green	5	(80, 0)	(40, 69)	(-39, 69)	(-80, 0)	(-40, -69)	(40, -69)	diamond	green	dif	left	left	(-40, -69)	(40, 69)	search	nr	True	722216	723233	left	85	35	160	135	60	10	None	None	testing
5	yy	f	18	green	5	(80, 0)	(40, 69)	(-39, 69)	(-80, 0)	(-40, -69)	(40, -69)	diamond	none	dif	right	right	N_dist	(40, -69)	search	nr	True	724503	725601	right	110	60	35	135	85	10	None	None	testing
5	yy	f	18	green	5	(80, 0)	(40, 69)	(-39, 69)	(-80, 0)	(-40, -69)	(40, -69)	circle	none	dif	left	left	N_dist	(-39, 69)	search	nr	True	726858	728177	left	60	10	110	160	35	135	None	None	testing
5	yy	f	18	green	5	(80, 0)	(40, 69)	(-39, 69)	(-80, 0)	(-40, -69)	(40, -69)	diamond	none	same	right	right	N_dist	(-80, 0)	probe	l_norm	None	None	None	None	60	110	160	35	85	135	(40, 69)	4	testing
5	yy	f	18	green	5	(80, 0)	(40, 69)	(-39, 69)	(-80, 0)	(-40, -69)	(40, -69)	circle	green	dif	right	right	(-40, -69)	(40, 69)	search	nr	True	732185	733265	right	135	10	160	35	85	110	None	None	testing
5	yy	f	18	green	5	(80, 0)	(40, 69)	(-39, 69)	(-80, 0)	(-40, -69)	(40, -69)	circle	green	dif	left	left	(-40, -69)	(-39, 69)	search	nr	True	734355	735473	left	110	60	85	135	160	35	None	None	testing
5	yy	f	18	green	5	(80, 0)	(40, 69)	(-39, 69)	(-80, 0)	(-40, -69)	(40, -69)	diamond	green	same	left	left	(40, 69)	(80, 0)	search	nr	True	736777	737985	left	85	60	110	160	10	135	None	None	testing
5	yy	f	18	green	5	(80, 0)	(40, 69)	(-39, 69)	(-80, 0)	(-40, -69)	(40, -69)	diamond	green	dif	left	left	(-39, 69)	(-80, 0)	search	nr	True	739281	740273	left	35	10	160	110	60	85	None	None	testing
5	yy	f	18	green	5	(80, 0)	(40, 69)	(-39, 69)	(-80, 0)	(-40, -69)	(40, -69)	circle	green	same	left	left	(-40, -69)	(-39, 69)	probe	h_sin	None	None	None	None	160	10	135	60	110	35	(-40, -69)	7	testing
5	yy	f	18	green	5	(80, 0)	(40, 69)	(-39, 69)	(-80, 0)	(-40, -69)	(40, -69)	diamond	green	dif	left	left	(80, 0)	(40, -69)	search	nr	True	744374	745169	left	110	35	85	60	10	160	None	None	testing
5	yy	f	18	green	5	(80, 0)	(40, 69)	(-39, 69)	(-80, 0)	(-40, -69)	(40, -69)	diamond	green	same	left	left	(-80, 0)	(40, -69)	probe	l_sin	None	None	None	None	60	160	35	135	110	10	(-80, 0)	8	testing
5	yy	f	18	green	5	(80, 0)	(40, 69)	(-39, 69)	(-80, 0)	(-40, -69)	(40, -69)	circle	none	dif	left	left	N_dist	(-40, -69)	probe	h_tar	None	None	None	None	110	60	135	85	10	160	(-40, -69)	152	testing
5	yy	f	18	green	5	(80, 0)	(40, 69)	(-39, 69)	(-80, 0)	(-40, -69)	(40, -69)	diamond	green	dif	left	left	(80, 0)	(40, -69)	search	nr	True	753724	754609	left	10	160	110	85	60	135	None	None	testing
5	yy	f	18	green	5	(80, 0)	(40, 69)	(-39, 69)	(-80, 0)	(-40, -69)	(40, -69)	diamond	none	same	left	left	N_dist	(-40, -69)	search	nr	True	755811	756641	left	135	10	35	85	60	160	None	None	testing
5	yy	f	18	green	5	(80, 0)	(40, 69)	(-39, 69)	(-80, 0)	(-40, -69)	(40, -69)	diamond	green	dif	right	right	(80, 0)	(-80, 0)	probe	l_sin	None	None	None	None	35	135	110	160	85	60	(80, 0)	151	testing
5	yy	f	18	green	5	(80, 0)	(40, 69)	(-39, 69)	(-80, 0)	(-40, -69)	(40, -69)	circle	none	dif	right	right	N_dist	(-80, 0)	search	nr	True	762056	763137	right	135	160	35	110	85	10	None	None	testing
5	yy	f	18	green	5	(80, 0)	(40, 69)	(-39, 69)	(-80, 0)	(-40, -69)	(40, -69)	diamond	green	same	right	right	(80, 0)	(40, -69)	probe	l_sin	None	None	None	None	135	110	160	35	10	85	(80, 0)	22	testing
5	yy	f	18	green	5	(80, 0)	(40, 69)	(-39, 69)	(-80, 0)	(-40, -69)	(40, -69)	circle	green	same	left	left	(-40, -69)	(-39, 69)	search	nr	True	767232	768322	left	10	160	110	35	60	85	None	None	testing
5	yy	f	18	green	5	(80, 0)	(40, 69)	(-39, 69)	(-80, 0)	(-40, -69)	(40, -69)	diamond	green	same	right	right	(-40, -69)	(40, -69)	search	nr	True	769520	770673	right	85	135	160	110	60	10	None	None	testing
5	yy	f	18	green	5	(80, 0)	(40, 69)	(-39, 69)	(-80, 0)	(-40, -69)	(40, -69)	circle	green	same	right	right	(80, 0)	(-80, 0)	probe	tar	None	None	None	None	110	60	85	135	160	35	(-80, 0)	7	testing
5	yy	f	18	green	5	(80, 0)	(40, 69)	(-39, 69)	(-80, 0)	(-40, -69)	(40, -69)	diamond	green	same	right	right	(-40, -69)	(80, 0)	search	nr	True	775180	776114	right	35	160	110	10	135	60	None	None	testing
5	yy	f	18	green	5	(80, 0)	(40, 69)	(-39, 69)	(-80, 0)	(-40, -69)	(40, -69)	circle	green	same	left	left	(40, 69)	(80, 0)	search	nr	True	777201	778114	left	135	85	10	160	60	110	None	None	testing
5	yy	f	18	green	5	(80, 0)	(40, 69)	(-39, 69)	(-80, 0)	(-40, -69)	(40, -69)	diamond	green	dif	right	right	(-40, -69)	(40, 69)	probe	h_sin	None	None	None	None	110	85	10	60	135	160	(-40, -69)	10	testing
5	yy	f	18	green	5	(80, 0)	(40, 69)	(-39, 69)	(-80, 0)	(-40, -69)	(40, -69)	circle	none	dif	right	right	N_dist	(-39, 69)	search	nr	True	783246	784450	right	85	35	60	160	135	10	None	None	testing
5	yy	f	18	green	5	(80, 0)	(40, 69)	(-39, 69)	(-80, 0)	(-40, -69)	(40, -69)	circle	green	same	right	right	(40, -69)	(40, 69)	probe	l_sin	None	None	None	None	60	135	35	160	110	10	(40, -69)	51	testing
5	yy	f	18	green	5	(80, 0)	(40, 69)	(-39, 69)	(-80, 0)	(-40, -69)	(40, -69)	circle	none	dif	left	left	N_dist	(-80, 0)	probe	l_tar	None	None	None	None	160	135	85	35	60	10	(-80, 0)	159	testing
5	yy	f	18	green	5	(80, 0)	(40, 69)	(-39, 69)	(-80, 0)	(-40, -69)	(40, -69)	circle	none	same	right	right	N_dist	(-40, -69)	search	nr	True	796236	797202	right	10	160	85	60	110	135	None	None	testing
5	yy	f	18	green	5	(80, 0)	(40, 69)	(-39, 69)	(-80, 0)	(-40, -69)	(40, -69)	circle	green	same	right	right	(-40, -69)	(80, 0)	probe	norm	None	None	None	None	35	60	10	160	85	135	(40, 69)	168	testing
5	yy	f	18	green	5	(80, 0)	(40, 69)	(-39, 69)	(-80, 0)	(-40, -69)	(40, -69)	circle	green	dif	left	left	(-40, -69)	(-80, 0)	search	nr	True	802547	803425	left	135	35	10	110	60	85	None	None	testing
5	yy	f	18	green	5	(80, 0)	(40, 69)	(-39, 69)	(-80, 0)	(-40, -69)	(40, -69)	circle	none	same	right	right	N_dist	(-40, -69)	search	nr	True	804584	805425	right	110	135	10	35	60	160	None	None	testing
5	yy	f	18	green	5	(80, 0)	(40, 69)	(-39, 69)	(-80, 0)	(-40, -69)	(40, -69)	diamond	none	dif	right	right	N_dist	(40, -69)	search	nr	True	806721	807681	right	10	160	35	85	110	60	None	None	testing
5	yy	f	18	green	5	(80, 0)	(40, 69)	(-39, 69)	(-80, 0)	(-40, -69)	(40, -69)	diamond	green	same	left	left	(-80, 0)	(80, 0)	search	nr	True	808776	809553	left	85	135	110	10	160	35	None	None	testing
5	yy	f	18	green	5	(80, 0)	(40, 69)	(-39, 69)	(-80, 0)	(-40, -69)	(40, -69)	circle	green	dif	left	left	(-40, -69)	(80, 0)	probe	tar	None	None	None	None	10	85	35	110	60	135	(80, 0)	145	testing
5	yy	f	18	green	5	(80, 0)	(40, 69)	(-39, 69)	(-80, 0)	(-40, -69)	(40, -69)	circle	green	dif	right	right	(-40, -69)	(40, -69)	search	nr	True	813952	814866	right	110	35	60	135	10	160	None	None	testing
5	yy	f	18	green	5	(80, 0)	(40, 69)	(-39, 69)	(-80, 0)	(-40, -69)	(40, -69)	circle	none	same	left	left	N_dist	(40, -69)	search	nr	True	816139	817025	left	60	160	85	35	10	110	None	None	testing
5	yy	f	18	green	5	(80, 0)	(40, 69)	(-39, 69)	(-80, 0)	(-40, -69)	(40, -69)	circle	green	same	left	left	(-40, -69)	(80, 0)	search	nr	True	818209	818881	left	135	85	10	35	110	60	None	None	testing
5	yy	f	18	green	5	(80, 0)	(40, 69)	(-39, 69)	(-80, 0)	(-40, -69)	(40, -69)	diamond	green	same	right	right	(-40, -69)	(80, 0)	search	nr	True	820063	821313	right	135	110	10	35	60	85	None	None	testing
5	yy	f	18	green	5	(80, 0)	(40, 69)	(-39, 69)	(-80, 0)	(-40, -69)	(40, -69)	circle	none	dif	right	right	N_dist	(40, 69)	search	nr	True	822584	823490	right	35	10	85	60	160	110	None	None	testing
5	yy	f	18	green	5	(80, 0)	(40, 69)	(-39, 69)	(-80, 0)	(-40, -69)	(40, -69)	diamond	green	same	right	right	(-40, -69)	(40, -69)	search	nr	True	824754	825857	right	160	60	10	35	110	85	None	None	testing
5	yy	f	18	green	5	(80, 0)	(40, 69)	(-39, 69)	(-80, 0)	(-40, -69)	(40, -69)	diamond	green	same	left	left	(-40, -69)	(40, -69)	search	nr	True	827009	827792	left	135	85	60	160	35	110	None	None	testing
5	yy	f	18	green	5	(80, 0)	(40, 69)	(-39, 69)	(-80, 0)	(-40, -69)	(40, -69)	diamond	none	dif	left	left	N_dist	(-39, 69)	search	nr	True	828913	829729	left	35	110	60	160	10	85	None	None	testing
5	yy	f	18	green	5	(80, 0)	(40, 69)	(-39, 69)	(-80, 0)	(-40, -69)	(40, -69)	diamond	green	same	right	right	(-40, -69)	(40, -69)	search	nr	True	830816	831553	right	85	10	110	160	60	35	None	None	testing
5	yy	f	18	green	5	(80, 0)	(40, 69)	(-39, 69)	(-80, 0)	(-40, -69)	(40, -69)	diamond	none	same	right	right	N_dist	(40, 69)	search	nr	True	832803	833473	right	35	10	135	110	160	85	None	None	testing
5	yy	f	18	green	5	(80, 0)	(40, 69)	(-39, 69)	(-80, 0)	(-40, -69)	(40, -69)	circle	none	same	right	right	N_dist	(-39, 69)	probe	l_norm	None	None	None	None	60	135	110	35	85	10	(80, 0)	162	testing
5	yy	f	18	green	5	(80, 0)	(40, 69)	(-39, 69)	(-80, 0)	(-40, -69)	(40, -69)	circle	none	same	right	right	N_dist	(-40, -69)	probe	h_tar	None	None	None	None	10	35	60	85	110	160	(-40, -69)	5	testing
5	yy	f	18	green	5	(80, 0)	(40, 69)	(-39, 69)	(-80, 0)	(-40, -69)	(40, -69)	circle	none	dif	right	right	N_dist	(40, 69)	search	nr	True	841369	842578	right	60	110	160	10	135	85	None	None	testing
5	yy	f	18	green	5	(80, 0)	(40, 69)	(-39, 69)	(-80, 0)	(-40, -69)	(40, -69)	circle	none	same	left	left	N_dist	(40, -69)	search	nr	True	843840	844593	left	160	135	35	110	60	85	None	None	testing
5	yy	f	18	green	5	(80, 0)	(40, 69)	(-39, 69)	(-80, 0)	(-40, -69)	(40, -69)	diamond	green	same	right	right	(-40, -69)	(80, 0)	search	nr	True	845877	846578	right	35	10	60	135	160	85	None	None	testing
5	yy	f	18	green	5	(80, 0)	(40, 69)	(-39, 69)	(-80, 0)	(-40, -69)	(40, -69)	circle	green	dif	left	left	(-40, -69)	(40, -69)	search	nr	True	847713	848866	left	85	35	110	60	160	10	None	None	testing
5	yy	f	18	green	5	(80, 0)	(40, 69)	(-39, 69)	(-80, 0)	(-40, -69)	(40, -69)	diamond	none	dif	left	left	N_dist	(-80, 0)	search	nr	True	850135	850801	left	135	60	160	35	110	10	None	None	testing
5	yy	f	18	green	5	(80, 0)	(40, 69)	(-39, 69)	(-80, 0)	(-40, -69)	(40, -69)	circle	none	same	left	left	N_dist	(40, -69)	probe	h_norm	None	None	None	None	10	60	35	85	110	160	(-40, -69)	2	testing
5	yy	f	18	green	5	(80, 0)	(40, 69)	(-39, 69)	(-80, 0)	(-40, -69)	(40, -69)	circle	green	same	left	left	(40, 69)	(80, 0)	probe	l_sin	None	None	None	None	85	10	110	35	135	60	(40, 69)	154	testing
5	yy	f	18	green	5	(80, 0)	(40, 69)	(-39, 69)	(-80, 0)	(-40, -69)	(40, -69)	circle	green	same	left	left	(-40, -69)	(40, 69)	search	nr	True	860187	861233	left	110	160	135	35	60	85	None	None	testing
5	yy	f	18	green	5	(80, 0)	(40, 69)	(-39, 69)	(-80, 0)	(-40, -69)	(40, -69)	circle	green	same	right	right	(-40, -69)	(40, 69)	search	nr	True	862408	863137	right	60	110	35	160	135	85	None	None	testing
5	yy	f	18	green	5	(80, 0)	(40, 69)	(-39, 69)	(-80, 0)	(-40, -69)	(40, -69)	diamond	none	same	left	left	N_dist	(40, -69)	probe	l_norm	None	None	None	None	85	135	35	10	110	160	(80, 0)	169	testing
5	yy	f	18	green	5	(80, 0)	(40, 69)	(-39, 69)	(-80, 0)	(-40, -69)	(40, -69)	diamond	green	dif	right	right	(-40, -69)	(80, 0)	probe	h_sin	None	None	None	None	10	135	35	110	85	160	(-40, -69)	6	testing
5	yy	f	18	green	5	(80, 0)	(40, 69)	(-39, 69)	(-80, 0)	(-40, -69)	(40, -69)	circle	none	same	left	left	N_dist	(40, -69)	probe	l_norm	None	None	None	None	10	35	135	60	160	110	(-80, 0)	3	testing
5	yy	f	18	green	5	(80, 0)	(40, 69)	(-39, 69)	(-80, 0)	(-40, -69)	(40, -69)	circle	green	dif	left	left	(-40, -69)	(-80, 0)	search	nr	True	874847	875633	left	85	135	10	160	60	35	None	None	testing
5	yy	f	18	green	5	(80, 0)	(40, 69)	(-39, 69)	(-80, 0)	(-40, -69)	(40, -69)	circle	none	same	right	right	N_dist	(-39, 69)	search	nr	True	876750	877538	right	85	110	160	60	10	35	None	None	testing
5	yy	f	18	green	5	(80, 0)	(40, 69)	(-39, 69)	(-80, 0)	(-40, -69)	(40, -69)	diamond	none	same	left	left	N_dist	(-80, 0)	search	nr	True	878754	879633	left	35	135	10	110	160	60	None	None	testing
5	yy	f	18	green	5	(80, 0)	(40, 69)	(-39, 69)	(-80, 0)	(-40, -69)	(40, -69)	circle	green	same	left	left	(-40, -69)	(-39, 69)	search	nr	True	880741	881490	left	10	35	85	160	135	60	None	None	testing
5	yy	f	18	green	5	(80, 0)	(40, 69)	(-39, 69)	(-80, 0)	(-40, -69)	(40, -69)	circle	green	same	left	left	(-40, -69)	(-39, 69)	search	nr	True	882728	883713	left	135	160	85	10	60	110	None	None	testing
5	yy	f	18	green	5	(80, 0)	(40, 69)	(-39, 69)	(-80, 0)	(-40, -69)	(40, -69)	diamond	green	dif	left	left	(-40, -69)	(-80, 0)	probe	h_sin	None	None	None	None	60	10	85	135	110	35	(-40, -69)	4	testing
5	yy	f	18	green	5	(80, 0)	(40, 69)	(-39, 69)	(-80, 0)	(-40, -69)	(40, -69)	circle	none	same	left	left	N_dist	(-40, -69)	search	nr	True	888155	888946	left	110	60	160	85	35	10	None	None	testing
5	yy	f	18	green	5	(80, 0)	(40, 69)	(-39, 69)	(-80, 0)	(-40, -69)	(40, -69)	circle	green	same	right	right	(-40, -69)	(-39, 69)	search	nr	True	890091	890800	right	85	135	110	160	10	60	None	None	testing
5	yy	f	18	green	5	(80, 0)	(40, 69)	(-39, 69)	(-80, 0)	(-40, -69)	(40, -69)	circle	green	same	left	left	(-39, 69)	(40, -69)	search	nr	True	892029	892689	left	110	35	85	60	160	10	None	None	testing
5	yy	f	18	green	5	(80, 0)	(40, 69)	(-39, 69)	(-80, 0)	(-40, -69)	(40, -69)	circle	green	dif	right	right	(-40, -69)	(-80, 0)	search	nr	True	893916	894545	right	110	160	135	60	35	85	None	None	testing
5	yy	f	18	green	5	(80, 0)	(40, 69)	(-39, 69)	(-80, 0)	(-40, -69)	(40, -69)	circle	none	dif	left	left	N_dist	(-39, 69)	search	nr	True	895668	896322	left	135	35	85	60	160	10	None	None	testing
5	yy	f	18	green	5	(80, 0)	(40, 69)	(-39, 69)	(-80, 0)	(-40, -69)	(40, -69)	diamond	none	dif	left	left	N_dist	(-40, -69)	search	nr	True	897588	898336	left	110	135	85	60	35	160	None	None	testing
5	yy	f	18	green	5	(80, 0)	(40, 69)	(-39, 69)	(-80, 0)	(-40, -69)	(40, -69)	circle	green	same	left	left	(-40, -69)	(-80, 0)	probe	h_sin	None	None	None	None	135	35	60	160	10	110	(-40, -69)	177	testing
5	yy	f	18	green	5	(80, 0)	(40, 69)	(-39, 69)	(-80, 0)	(-40, -69)	(40, -69)	circle	none	dif	left	left	N_dist	(-39, 69)	probe	l_norm	None	None	None	None	35	110	10	160	135	60	(80, 0)	146	testing
5	yy	f	18	green	5	(80, 0)	(40, 69)	(-39, 69)	(-80, 0)	(-40, -69)	(40, -69)	circle	green	dif	left	left	(-40, -69)	(80, 0)	search	nr	True	907774	908609	left	85	135	10	60	160	35	None	None	testing
5	yy	f	18	green	5	(80, 0)	(40, 69)	(-39, 69)	(-80, 0)	(-40, -69)	(40, -69)	diamond	green	dif	left	left	(-40, -69)	(-80, 0)	search	nr	True	909711	910881	left	10	85	35	60	135	110	None	None	testing
5	yy	f	18	green	5	(80, 0)	(40, 69)	(-39, 69)	(-80, 0)	(-40, -69)	(40, -69)	diamond	none	same	left	left	N_dist	(-80, 0)	search	nr	True	912166	912753	left	10	160	85	135	60	35	None	None	testing
5	yy	f	18	green	5	(80, 0)	(40, 69)	(-39, 69)	(-80, 0)	(-40, -69)	(40, -69)	diamond	none	dif	left	left	N_dist	(-40, -69)	probe	h_tar	None	None	None	None	160	110	10	85	35	135	(-40, -69)	153	testing
5	yy	f	18	green	5	(80, 0)	(40, 69)	(-39, 69)	(-80, 0)	(-40, -69)	(40, -69)	circle	green	same	right	right	(80, 0)	(-80, 0)	search	nr	True	918277	919666	right	60	85	160	110	10	35	None	None	testing
5	yy	f	18	green	5	(80, 0)	(40, 69)	(-39, 69)	(-80, 0)	(-40, -69)	(40, -69)	circle	green	same	left	left	(40, -69)	(80, 0)	search	nr	True	920782	921521	left	135	160	35	110	10	85	None	None	testing
5	yy	f	18	green	5	(80, 0)	(40, 69)	(-39, 69)	(-80, 0)	(-40, -69)	(40, -69)	diamond	green	same	left	left	(-40, -69)	(80, 0)	search	nr	True	922601	923601	left	35	60	135	160	110	85	None	None	testing
5	yy	f	18	green	5	(80, 0)	(40, 69)	(-39, 69)	(-80, 0)	(-40, -69)	(40, -69)	circle	green	same	left	left	(-40, -69)	(-39, 69)	search	nr	True	924805	925746	left	85	110	35	135	60	160	None	None	testing
5	yy	f	18	green	5	(80, 0)	(40, 69)	(-39, 69)	(-80, 0)	(-40, -69)	(40, -69)	circle	green	dif	left	left	(-40, -69)	(80, 0)	search	nr	True	927026	927985	left	85	35	60	160	110	135	None	None	testing
5	yy	f	18	green	5	(80, 0)	(40, 69)	(-39, 69)	(-80, 0)	(-40, -69)	(40, -69)	diamond	green	dif	right	right	(40, 69)	(80, 0)	search	nr	True	929213	930465	right	160	135	85	10	110	60	None	None	testing
5	yy	f	18	green	5	(80, 0)	(40, 69)	(-39, 69)	(-80, 0)	(-40, -69)	(40, -69)	diamond	none	dif	right	right	N_dist	(-40, -69)	probe	h_tar	None	None	None	None	135	10	60	35	160	110	(-40, -69)	42	testing
5	yy	f	18	green	5	(80, 0)	(40, 69)	(-39, 69)	(-80, 0)	(-40, -69)	(40, -69)	circle	none	dif	left	left	N_dist	(-39, 69)	search	nr	True	935743	936529	left	35	160	85	135	10	110	None	None	testing
5	yy	f	18	green	5	(80, 0)	(40, 69)	(-39, 69)	(-80, 0)	(-40, -69)	(40, -69)	circle	none	same	left	left	N_dist	(-40, -69)	probe	h_tar	None	None	None	None	85	35	135	60	160	110	(-40, -69)	41	testing
5	yy	f	18	green	5	(80, 0)	(40, 69)	(-39, 69)	(-80, 0)	(-40, -69)	(40, -69)	diamond	none	dif	right	right	N_dist	(-80, 0)	probe	l_tar	None	None	None	None	60	110	85	10	35	135	(-80, 0)	125	testing
5	yy	f	18	green	5	(80, 0)	(40, 69)	(-39, 69)	(-80, 0)	(-40, -69)	(40, -69)	diamond	green	same	left	left	(-40, -69)	(40, 69)	search	nr	True	948950	949617	left	160	135	60	10	110	35	None	None	testing
5	yy	f	18	green	5	(80, 0)	(40, 69)	(-39, 69)	(-80, 0)	(-40, -69)	(40, -69)	circle	green	dif	right	right	(-40, -69)	(40, -69)	probe	tar	None	None	None	None	60	110	135	85	35	10	(40, -69)	41	testing
5	yy	f	18	green	5	(80, 0)	(40, 69)	(-39, 69)	(-80, 0)	(-40, -69)	(40, -69)	diamond	none	dif	left	left	N_dist	(40, -69)	search	nr	True	954110	954753	left	35	135	85	110	10	160	None	None	testing
5	yy	f	18	green	5	(80, 0)	(40, 69)	(-39, 69)	(-80, 0)	(-40, -69)	(40, -69)	diamond	green	same	left	left	(-80, 0)	(-39, 69)	search	nr	True	955997	956833	left	135	160	60	10	35	85	None	None	testing
5	yy	f	18	green	5	(80, 0)	(40, 69)	(-39, 69)	(-80, 0)	(-40, -69)	(40, -69)	circle	green	same	right	right	(-40, -69)	(-39, 69)	search	nr	True	958100	959025	right	60	85	160	35	135	110	None	None	testing
5	yy	f	18	green	5	(80, 0)	(40, 69)	(-39, 69)	(-80, 0)	(-40, -69)	(40, -69)	diamond	green	same	left	left	(-40, -69)	(80, 0)	search	nr	True	960304	961057	left	160	85	10	110	60	35	None	None	testing
5	yy	f	18	green	5	(80, 0)	(40, 69)	(-39, 69)	(-80, 0)	(-40, -69)	(40, -69)	circle	none	dif	left	left	N_dist	(40, 69)	search	nr	True	962224	962945	left	135	110	60	160	10	85	None	None	testing
5	yy	f	18	green	5	(80, 0)	(40, 69)	(-39, 69)	(-80, 0)	(-40, -69)	(40, -69)	diamond	green	dif	left	left	(-40, -69)	(-80, 0)	probe	norm	None	None	None	None	60	85	110	160	135	35	(80, 0)	172	testing
5	yy	f	18	green	5	(80, 0)	(40, 69)	(-39, 69)	(-80, 0)	(-40, -69)	(40, -69)	circle	green	dif	right	right	(-40, -69)	(40, -69)	search	nr	True	967383	968256	right	35	10	135	160	110	60	None	None	testing
5	yy	f	18	green	5	(80, 0)	(40, 69)	(-39, 69)	(-80, 0)	(-40, -69)	(40, -69)	circle	green	dif	left	left	(-40, -69)	(40, -69)	search	nr	True	969438	970193	left	10	160	110	135	85	60	None	None	testing
5	yy	f	18	green	5	(80, 0)	(40, 69)	(-39, 69)	(-80, 0)	(-40, -69)	(40, -69)	diamond	green	dif	left	left	(40, 69)	(-39, 69)	search	nr	True	971475	972721	left	10	160	60	135	110	85	None	None	testing
5	yy	f	18	green	5	(80, 0)	(40, 69)	(-39, 69)	(-80, 0)	(-40, -69)	(40, -69)	circle	none	dif	right	right	N_dist	(-39, 69)	probe	l_tar	None	None	None	None	60	135	110	85	10	35	(-39, 69)	5	testing
5	yy	f	18	green	5	(80, 0)	(40, 69)	(-39, 69)	(-80, 0)	(-40, -69)	(40, -69)	circle	green	same	right	right	(80, 0)	(-80, 0)	search	nr	True	976785	977729	right	110	60	35	10	85	160	None	None	testing
5	yy	f	18	green	5	(80, 0)	(40, 69)	(-39, 69)	(-80, 0)	(-40, -69)	(40, -69)	diamond	none	same	right	right	N_dist	(80, 0)	search	nr	True	978822	979458	right	110	160	60	10	35	85	None	None	testing
5	yy	f	18	green	5	(80, 0)	(40, 69)	(-39, 69)	(-80, 0)	(-40, -69)	(40, -69)	circle	none	dif	left	left	N_dist	(40, 69)	search	nr	True	980641	981537	left	85	160	35	110	60	10	None	None	testing
5	yy	f	18	green	5	(80, 0)	(40, 69)	(-39, 69)	(-80, 0)	(-40, -69)	(40, -69)	circle	none	same	right	right	N_dist	(80, 0)	probe	l_norm	None	None	None	None	60	160	135	110	85	35	(40, 69)	12	testing
5	yy	f	18	green	5	(80, 0)	(40, 69)	(-39, 69)	(-80, 0)	(-40, -69)	(40, -69)	diamond	green	same	left	left	(-80, 0)	(-39, 69)	search	nr	True	985934	986865	left	10	160	35	85	135	60	None	None	testing
