subj	name	gender	age	dist	run	tar_locs1	tar_locs2	tar_locs3	tar_locs4	tar_locs5	tar_locs6	shape	dist	td_dif	detection	resp_key	dis_loc	tar_loc	task_type	probe_cond	gotKey	startTime	respTime	resp	o1	o2	o3	o4	o5	o6	pro_loc	ori_resp	mode
5	yy	f	18	green	6	(80, 0)	(40, 69)	(-39, 69)	(-80, 0)	(-40, -69)	(40, -69)	diamond	green	dif	left	left	(-40, -69)	(80, 0)	search	nr	True	136233	136878	left	110	60	160	35	135	10	None	None	testing
5	yy	f	18	green	6	(80, 0)	(40, 69)	(-39, 69)	(-80, 0)	(-40, -69)	(40, -69)	diamond	none	same	right	right	N_dist	(-40, -69)	search	nr	True	138020	138702	right	35	85	160	60	10	135	None	None	testing
5	yy	f	18	green	6	(80, 0)	(40, 69)	(-39, 69)	(-80, 0)	(-40, -69)	(40, -69)	circle	green	dif	right	right	(-40, -69)	(80, 0)	probe	norm	None	None	None	None	110	35	60	10	160	85	(40, -69)	164	testing
5	yy	f	18	green	6	(80, 0)	(40, 69)	(-39, 69)	(-80, 0)	(-40, -69)	(40, -69)	circle	green	same	left	left	(-40, -69)	(80, 0)	probe	tar	None	None	None	None	35	10	135	85	110	160	(80, 0)	148	testing
5	yy	f	18	green	6	(80, 0)	(40, 69)	(-39, 69)	(-80, 0)	(-40, -69)	(40, -69)	circle	green	dif	right	right	(-40, -69)	(40, 69)	search	nr	True	146719	147519	right	60	135	110	35	10	85	None	None	testing
5	yy	f	18	green	6	(80, 0)	(40, 69)	(-39, 69)	(-80, 0)	(-40, -69)	(40, -69)	circle	green	dif	right	right	(-40, -69)	(80, 0)	search	nr	True	148756	149342	right	135	160	110	10	60	35	None	None	testing
5	yy	f	18	green	6	(80, 0)	(40, 69)	(-39, 69)	(-80, 0)	(-40, -69)	(40, -69)	diamond	none	dif	left	left	N_dist	(-80, 0)	search	nr	True	150643	151406	left	85	60	10	135	160	35	None	None	testing
5	yy	f	18	green	6	(80, 0)	(40, 69)	(-39, 69)	(-80, 0)	(-40, -69)	(40, -69)	circle	none	same	right	right	N_dist	(-40, -69)	probe	h_tar	None	None	None	None	60	160	10	110	135	35	(-40, -69)	21	testing
5	yy	f	18	green	6	(80, 0)	(40, 69)	(-39, 69)	(-80, 0)	(-40, -69)	(40, -69)	diamond	none	same	right	right	N_dist	(40, -69)	search	nr	True	155937	156606	right	60	35	10	160	135	110	None	None	testing
5	yy	f	18	green	6	(80, 0)	(40, 69)	(-39, 69)	(-80, 0)	(-40, -69)	(40, -69)	circle	none	dif	right	right	N_dist	(-39, 69)	probe	l_tar	None	None	None	None	110	35	10	135	85	60	(-39, 69)	161	testing
5	yy	f	18	green	6	(80, 0)	(40, 69)	(-39, 69)	(-80, 0)	(-40, -69)	(40, -69)	diamond	green	dif	left	left	(-40, -69)	(-80, 0)	search	nr	True	161997	162750	left	135	35	110	160	60	85	None	None	testing
5	yy	f	18	green	6	(80, 0)	(40, 69)	(-39, 69)	(-80, 0)	(-40, -69)	(40, -69)	diamond	green	dif	left	left	(-40, -69)	(40, -69)	search	nr	True	163817	164494	left	10	60	135	85	35	160	None	None	testing
5	yy	f	18	green	6	(80, 0)	(40, 69)	(-39, 69)	(-80, 0)	(-40, -69)	(40, -69)	diamond	green	same	left	left	(40, -69)	(40, 69)	search	nr	True	165671	166766	left	60	85	135	110	160	35	None	None	testing
5	yy	f	18	green	6	(80, 0)	(40, 69)	(-39, 69)	(-80, 0)	(-40, -69)	(40, -69)	circle	green	same	right	right	(-40, -69)	(-39, 69)	search	nr	True	167941	169198	right	160	85	110	35	10	135	None	None	testing
5	yy	f	18	green	6	(80, 0)	(40, 69)	(-39, 69)	(-80, 0)	(-40, -69)	(40, -69)	circle	none	same	left	left	N_dist	(-39, 69)	search	nr	True	170263	171310	left	160	60	35	135	110	10	None	None	testing
5	yy	f	18	green	6	(80, 0)	(40, 69)	(-39, 69)	(-80, 0)	(-40, -69)	(40, -69)	diamond	green	dif	right	right	(-40, -69)	(-80, 0)	probe	h_sin	None	None	None	None	35	160	10	110	135	85	(-40, -69)	10	testing
5	yy	f	18	green	6	(80, 0)	(40, 69)	(-39, 69)	(-80, 0)	(-40, -69)	(40, -69)	circle	green	dif	left	left	(40, 69)	(80, 0)	search	nr	True	176273	177198	left	35	85	10	60	160	110	None	None	testing
5	yy	f	18	green	6	(80, 0)	(40, 69)	(-39, 69)	(-80, 0)	(-40, -69)	(40, -69)	diamond	green	same	left	left	(80, 0)	(-80, 0)	search	nr	True	178444	179311	left	110	60	135	35	10	160	None	None	testing
5	yy	f	18	green	6	(80, 0)	(40, 69)	(-39, 69)	(-80, 0)	(-40, -69)	(40, -69)	diamond	green	same	right	right	(-80, 0)	(80, 0)	search	nr	True	180481	181198	right	160	10	110	60	35	85	None	None	testing
5	yy	f	18	green	6	(80, 0)	(40, 69)	(-39, 69)	(-80, 0)	(-40, -69)	(40, -69)	circle	green	same	left	left	(-40, -69)	(-80, 0)	probe	tar	None	None	None	None	10	85	160	135	110	35	(-80, 0)	17	testing
5	yy	f	18	green	6	(80, 0)	(40, 69)	(-39, 69)	(-80, 0)	(-40, -69)	(40, -69)	diamond	green	dif	right	right	(-40, -69)	(-39, 69)	search	nr	True	186509	187311	right	35	10	60	110	160	135	None	None	testing
5	yy	f	18	green	6	(80, 0)	(40, 69)	(-39, 69)	(-80, 0)	(-40, -69)	(40, -69)	diamond	green	dif	right	right	(80, 0)	(-39, 69)	search	nr	True	188496	189550	right	135	10	160	60	85	35	None	None	testing
5	yy	f	18	green	6	(80, 0)	(40, 69)	(-39, 69)	(-80, 0)	(-40, -69)	(40, -69)	circle	green	dif	left	left	(-40, -69)	(-80, 0)	search	nr	True	190834	192046	left	10	60	35	135	110	85	None	None	testing
5	yy	f	18	green	6	(80, 0)	(40, 69)	(-39, 69)	(-80, 0)	(-40, -69)	(40, -69)	diamond	green	same	left	left	(40, -69)	(-80, 0)	probe	tar	None	None	None	None	85	135	60	110	10	160	(-80, 0)	17	testing
5	yy	f	18	green	6	(80, 0)	(40, 69)	(-39, 69)	(-80, 0)	(-40, -69)	(40, -69)	circle	green	dif	right	right	(-80, 0)	(40, 69)	search	nr	True	197847	199085	right	135	110	85	160	60	10	None	None	testing
5	yy	f	18	green	6	(80, 0)	(40, 69)	(-39, 69)	(-80, 0)	(-40, -69)	(40, -69)	diamond	none	dif	right	right	N_dist	(40, -69)	probe	l_norm	None	None	None	None	135	85	10	60	110	160	(-39, 69)	162	testing
5	yy	f	18	green	6	(80, 0)	(40, 69)	(-39, 69)	(-80, 0)	(-40, -69)	(40, -69)	circle	none	same	left	left	N_dist	(-39, 69)	search	nr	True	203808	204510	left	60	10	35	135	85	110	None	None	testing
5	yy	f	18	green	6	(80, 0)	(40, 69)	(-39, 69)	(-80, 0)	(-40, -69)	(40, -69)	diamond	green	same	left	left	(-39, 69)	(40, 69)	probe	tar	None	None	None	None	110	60	10	135	35	160	(40, 69)	166	testing
5	yy	f	18	green	6	(80, 0)	(40, 69)	(-39, 69)	(-80, 0)	(-40, -69)	(40, -69)	circle	none	dif	left	left	N_dist	(-80, 0)	probe	h_norm	None	None	None	None	85	135	60	10	110	160	(-40, -69)	9	testing
5	yy	f	18	green	6	(80, 0)	(40, 69)	(-39, 69)	(-80, 0)	(-40, -69)	(40, -69)	diamond	none	same	left	left	N_dist	(-80, 0)	probe	h_norm	None	None	None	None	10	135	110	85	35	60	(-40, -69)	172	testing
5	yy	f	18	green	6	(80, 0)	(40, 69)	(-39, 69)	(-80, 0)	(-40, -69)	(40, -69)	diamond	none	same	right	right	N_dist	(40, 69)	search	nr	True	215012	216014	right	60	110	85	160	135	10	None	None	testing
5	yy	f	18	green	6	(80, 0)	(40, 69)	(-39, 69)	(-80, 0)	(-40, -69)	(40, -69)	circle	none	same	left	left	N_dist	(-80, 0)	probe	h_norm	None	None	None	None	35	135	60	160	85	10	(-40, -69)	177	testing
5	yy	f	18	green	6	(80, 0)	(40, 69)	(-39, 69)	(-80, 0)	(-40, -69)	(40, -69)	circle	green	same	right	right	(-40, -69)	(40, -69)	search	nr	True	222926	223774	right	160	110	60	35	10	135	None	None	testing
5	yy	f	18	green	6	(80, 0)	(40, 69)	(-39, 69)	(-80, 0)	(-40, -69)	(40, -69)	diamond	green	same	right	right	(-40, -69)	(40, -69)	search	nr	True	224880	225662	right	60	110	135	10	160	35	None	None	testing
5	yy	f	18	green	6	(80, 0)	(40, 69)	(-39, 69)	(-80, 0)	(-40, -69)	(40, -69)	circle	none	dif	right	right	N_dist	(40, -69)	probe	l_norm	None	None	None	None	160	110	60	85	35	10	(-39, 69)	172	testing
5	yy	f	18	green	6	(80, 0)	(40, 69)	(-39, 69)	(-80, 0)	(-40, -69)	(40, -69)	diamond	green	dif	right	right	(-40, -69)	(40, -69)	search	nr	True	230674	231374	right	85	135	160	60	35	10	None	None	testing
5	yy	f	18	green	6	(80, 0)	(40, 69)	(-39, 69)	(-80, 0)	(-40, -69)	(40, -69)	diamond	green	same	left	left	(-40, -69)	(40, 69)	search	nr	True	232577	233246	left	110	10	160	35	135	60	None	None	testing
5	yy	f	18	green	6	(80, 0)	(40, 69)	(-39, 69)	(-80, 0)	(-40, -69)	(40, -69)	diamond	green	same	right	right	(-40, -69)	(40, -69)	probe	h_sin	None	None	None	None	85	110	135	160	60	35	(-40, -69)	175	testing
5	yy	f	18	green	6	(80, 0)	(40, 69)	(-39, 69)	(-80, 0)	(-40, -69)	(40, -69)	circle	none	same	left	left	N_dist	(-39, 69)	search	nr	True	237603	238351	left	110	135	35	85	60	10	None	None	testing
5	yy	f	18	green	6	(80, 0)	(40, 69)	(-39, 69)	(-80, 0)	(-40, -69)	(40, -69)	circle	green	same	right	right	(-40, -69)	(-80, 0)	search	nr	True	239590	240446	right	160	85	110	10	135	35	None	None	testing
5	yy	f	18	green	6	(80, 0)	(40, 69)	(-39, 69)	(-80, 0)	(-40, -69)	(40, -69)	circle	green	dif	left	left	(40, -69)	(-39, 69)	search	nr	True	241660	242430	left	10	135	110	35	85	160	None	None	testing
5	yy	f	18	green	6	(80, 0)	(40, 69)	(-39, 69)	(-80, 0)	(-40, -69)	(40, -69)	diamond	green	same	left	left	(-39, 69)	(40, 69)	search	nr	True	243598	244590	left	85	110	135	60	35	10	None	None	testing
5	yy	f	18	green	6	(80, 0)	(40, 69)	(-39, 69)	(-80, 0)	(-40, -69)	(40, -69)	diamond	none	dif	right	right	N_dist	(80, 0)	probe	h_norm	None	None	None	None	85	160	110	10	35	135	(-40, -69)	156	testing
5	yy	f	18	green	6	(80, 0)	(40, 69)	(-39, 69)	(-80, 0)	(-40, -69)	(40, -69)	circle	green	same	left	left	(-40, -69)	(-39, 69)	search	nr	True	249274	249966	left	60	160	135	10	85	35	None	None	testing
5	yy	f	18	green	6	(80, 0)	(40, 69)	(-39, 69)	(-80, 0)	(-40, -69)	(40, -69)	diamond	none	dif	right	right	N_dist	(80, 0)	search	nr	True	251262	251966	right	35	110	60	160	10	85	None	None	testing
5	yy	f	18	green	6	(80, 0)	(40, 69)	(-39, 69)	(-80, 0)	(-40, -69)	(40, -69)	diamond	green	dif	right	right	(80, 0)	(-39, 69)	search	nr	True	253231	254142	right	85	160	60	35	135	110	None	None	testing
5	yy	f	18	green	6	(80, 0)	(40, 69)	(-39, 69)	(-80, 0)	(-40, -69)	(40, -69)	circle	none	same	left	left	N_dist	(40, 69)	probe	l_tar	None	None	None	None	160	35	135	85	110	10	(40, 69)	159	testing
5	yy	f	18	green	6	(80, 0)	(40, 69)	(-39, 69)	(-80, 0)	(-40, -69)	(40, -69)	circle	none	dif	left	left	N_dist	(-39, 69)	search	nr	True	258608	259230	left	85	10	60	135	160	110	None	None	testing
5	yy	f	18	green	6	(80, 0)	(40, 69)	(-39, 69)	(-80, 0)	(-40, -69)	(40, -69)	diamond	green	dif	right	right	(-39, 69)	(40, 69)	probe	l_sin	None	None	None	None	10	85	135	160	60	35	(-39, 69)	173	testing
5	yy	f	18	green	6	(80, 0)	(40, 69)	(-39, 69)	(-80, 0)	(-40, -69)	(40, -69)	diamond	green	same	right	right	(40, 69)	(40, -69)	probe	norm	None	None	None	None	135	85	35	160	10	110	(80, 0)	19	testing
5	yy	f	18	green	6	(80, 0)	(40, 69)	(-39, 69)	(-80, 0)	(-40, -69)	(40, -69)	circle	green	dif	left	left	(80, 0)	(40, 69)	search	nr	True	267107	268063	right	85	160	35	10	110	60	None	None	testing
5	yy	f	18	green	6	(80, 0)	(40, 69)	(-39, 69)	(-80, 0)	(-40, -69)	(40, -69)	circle	green	dif	right	right	(-40, -69)	(40, 69)	search	nr	True	270814	272365	right	85	160	35	60	110	135	None	None	testing
5	yy	f	18	green	6	(80, 0)	(40, 69)	(-39, 69)	(-80, 0)	(-40, -69)	(40, -69)	diamond	green	same	right	right	(-40, -69)	(40, -69)	search	nr	True	273519	274510	right	135	85	10	35	60	160	None	None	testing
5	yy	f	18	green	6	(80, 0)	(40, 69)	(-39, 69)	(-80, 0)	(-40, -69)	(40, -69)	circle	green	same	right	right	(-40, -69)	(80, 0)	search	nr	True	275807	276686	right	35	135	60	160	85	110	None	None	testing
5	yy	f	18	green	6	(80, 0)	(40, 69)	(-39, 69)	(-80, 0)	(-40, -69)	(40, -69)	diamond	green	dif	left	left	(-40, -69)	(40, -69)	probe	h_sin	None	None	None	None	10	160	135	35	85	110	(-40, -69)	174	testing
5	yy	f	18	green	6	(80, 0)	(40, 69)	(-39, 69)	(-80, 0)	(-40, -69)	(40, -69)	diamond	green	dif	left	left	(-39, 69)	(40, 69)	search	nr	True	280899	281630	left	35	85	160	110	60	10	None	None	testing
5	yy	f	18	green	6	(80, 0)	(40, 69)	(-39, 69)	(-80, 0)	(-40, -69)	(40, -69)	circle	green	dif	right	right	(40, 69)	(80, 0)	search	nr	True	282887	284126	right	35	160	10	85	110	135	None	None	testing
5	yy	f	18	green	6	(80, 0)	(40, 69)	(-39, 69)	(-80, 0)	(-40, -69)	(40, -69)	diamond	green	same	left	left	(-40, -69)	(-39, 69)	probe	norm	None	None	None	None	85	110	135	160	10	60	(80, 0)	175	testing
5	yy	f	18	green	6	(80, 0)	(40, 69)	(-39, 69)	(-80, 0)	(-40, -69)	(40, -69)	diamond	none	same	right	right	N_dist	(40, 69)	probe	l_norm	None	None	None	None	110	60	135	160	35	85	(40, -69)	173	testing
5	yy	f	18	green	6	(80, 0)	(40, 69)	(-39, 69)	(-80, 0)	(-40, -69)	(40, -69)	circle	green	same	left	left	(-40, -69)	(40, 69)	search	nr	True	291436	293294	left	135	110	160	85	35	60	None	None	testing
5	yy	f	18	green	6	(80, 0)	(40, 69)	(-39, 69)	(-80, 0)	(-40, -69)	(40, -69)	circle	none	same	right	right	N_dist	(40, 69)	search	nr	True	294541	295870	right	35	135	60	10	110	85	None	None	testing
5	yy	f	18	green	6	(80, 0)	(40, 69)	(-39, 69)	(-80, 0)	(-40, -69)	(40, -69)	diamond	green	same	right	right	(-40, -69)	(40, 69)	search	nr	True	297129	298014	right	10	110	85	35	60	160	None	None	testing
5	yy	f	18	green	6	(80, 0)	(40, 69)	(-39, 69)	(-80, 0)	(-40, -69)	(40, -69)	diamond	green	dif	left	left	(-40, -69)	(-80, 0)	probe	tar	None	None	None	None	60	160	135	35	85	10	(-80, 0)	156	testing
5	yy	f	18	green	6	(80, 0)	(40, 69)	(-39, 69)	(-80, 0)	(-40, -69)	(40, -69)	diamond	green	dif	left	left	(-39, 69)	(40, 69)	search	nr	True	303574	304878	left	160	60	135	35	85	110	None	None	testing
5	yy	f	18	green	6	(80, 0)	(40, 69)	(-39, 69)	(-80, 0)	(-40, -69)	(40, -69)	diamond	green	dif	right	right	(80, 0)	(-39, 69)	search	nr	True	306179	307310	right	60	85	35	135	10	160	None	None	testing
5	yy	f	18	green	6	(80, 0)	(40, 69)	(-39, 69)	(-80, 0)	(-40, -69)	(40, -69)	circle	green	same	right	right	(-40, -69)	(-39, 69)	probe	h_sin	None	None	None	None	60	85	10	160	35	110	(-40, -69)	166	testing
5	yy	f	18	green	6	(80, 0)	(40, 69)	(-39, 69)	(-80, 0)	(-40, -69)	(40, -69)	circle	green	dif	left	left	(40, -69)	(-80, 0)	search	nr	True	312156	313390	left	60	160	35	85	135	110	None	None	testing
5	yy	f	18	green	6	(80, 0)	(40, 69)	(-39, 69)	(-80, 0)	(-40, -69)	(40, -69)	diamond	none	same	left	left	N_dist	(40, 69)	probe	l_norm	None	None	None	None	85	110	10	35	135	160	(-39, 69)	164	testing
5	yy	f	18	green	6	(80, 0)	(40, 69)	(-39, 69)	(-80, 0)	(-40, -69)	(40, -69)	diamond	none	dif	left	left	N_dist	(-80, 0)	probe	h_norm	None	None	None	None	60	35	160	135	110	85	(-40, -69)	7	testing
5	yy	f	18	green	6	(80, 0)	(40, 69)	(-39, 69)	(-80, 0)	(-40, -69)	(40, -69)	diamond	green	dif	right	right	(80, 0)	(-39, 69)	probe	norm	None	None	None	None	60	85	110	10	135	35	(40, -69)	161	testing
5	yy	f	18	green	6	(80, 0)	(40, 69)	(-39, 69)	(-80, 0)	(-40, -69)	(40, -69)	circle	green	same	left	left	(-40, -69)	(-39, 69)	probe	h_sin	None	None	None	None	85	160	110	60	10	135	(-40, -69)	160	testing
5	yy	f	18	green	6	(80, 0)	(40, 69)	(-39, 69)	(-80, 0)	(-40, -69)	(40, -69)	circle	none	dif	left	left	N_dist	(40, -69)	search	nr	True	329873	330974	left	10	85	60	35	160	110	None	None	testing
5	yy	f	18	green	6	(80, 0)	(40, 69)	(-39, 69)	(-80, 0)	(-40, -69)	(40, -69)	circle	green	dif	left	left	(-40, -69)	(-80, 0)	search	nr	True	332193	332974	left	35	10	85	110	135	60	None	None	testing
5	yy	f	18	green	6	(80, 0)	(40, 69)	(-39, 69)	(-80, 0)	(-40, -69)	(40, -69)	diamond	green	dif	right	right	(40, 69)	(-39, 69)	search	nr	True	334181	335294	right	135	10	60	160	85	35	None	None	testing
5	yy	f	18	green	6	(80, 0)	(40, 69)	(-39, 69)	(-80, 0)	(-40, -69)	(40, -69)	circle	none	same	right	right	N_dist	(40, 69)	probe	l_norm	None	None	None	None	60	35	85	10	110	160	(40, -69)	19	testing
5	yy	f	18	green	6	(80, 0)	(40, 69)	(-39, 69)	(-80, 0)	(-40, -69)	(40, -69)	diamond	green	dif	left	left	(-40, -69)	(40, 69)	search	nr	True	339641	340398	left	35	60	110	10	160	85	None	None	testing
5	yy	f	18	green	6	(80, 0)	(40, 69)	(-39, 69)	(-80, 0)	(-40, -69)	(40, -69)	circle	none	dif	left	left	N_dist	(80, 0)	search	nr	True	341511	342366	left	60	135	85	160	35	110	None	None	testing
5	yy	f	18	green	6	(80, 0)	(40, 69)	(-39, 69)	(-80, 0)	(-40, -69)	(40, -69)	circle	green	dif	left	left	(80, 0)	(-39, 69)	probe	norm	None	None	None	None	60	110	35	160	85	135	(-40, -69)	3	testing
5	yy	f	18	green	6	(80, 0)	(40, 69)	(-39, 69)	(-80, 0)	(-40, -69)	(40, -69)	circle	green	dif	left	left	(-40, -69)	(80, 0)	search	nr	True	347722	348446	left	110	135	160	85	10	35	None	None	testing
5	yy	f	18	green	6	(80, 0)	(40, 69)	(-39, 69)	(-80, 0)	(-40, -69)	(40, -69)	circle	green	same	left	left	(-40, -69)	(80, 0)	probe	h_sin	None	None	None	None	160	10	135	60	35	85	(-40, -69)	169	testing
5	yy	f	18	green	6	(80, 0)	(40, 69)	(-39, 69)	(-80, 0)	(-40, -69)	(40, -69)	circle	green	dif	right	right	(-40, -69)	(40, 69)	search	nr	True	352765	353582	right	35	60	135	85	10	110	None	None	testing
5	yy	f	18	green	6	(80, 0)	(40, 69)	(-39, 69)	(-80, 0)	(-40, -69)	(40, -69)	diamond	green	same	right	right	(-40, -69)	(-80, 0)	search	nr	True	354835	355662	right	135	35	85	160	110	60	None	None	testing
5	yy	f	18	green	6	(80, 0)	(40, 69)	(-39, 69)	(-80, 0)	(-40, -69)	(40, -69)	circle	green	dif	right	right	(40, 69)	(80, 0)	search	nr	True	356855	357854	right	110	85	135	10	160	60	None	None	testing
5	yy	f	18	green	6	(80, 0)	(40, 69)	(-39, 69)	(-80, 0)	(-40, -69)	(40, -69)	circle	none	dif	left	left	N_dist	(-40, -69)	search	nr	True	359043	359774	left	35	85	60	135	10	160	None	None	testing
5	yy	f	18	green	6	(80, 0)	(40, 69)	(-39, 69)	(-80, 0)	(-40, -69)	(40, -69)	circle	none	dif	left	left	N_dist	(-40, -69)	probe	h_tar	None	None	None	None	60	35	10	160	110	135	(-40, -69)	4	testing
5	yy	f	18	green	6	(80, 0)	(40, 69)	(-39, 69)	(-80, 0)	(-40, -69)	(40, -69)	circle	green	dif	left	left	(-40, -69)	(80, 0)	probe	tar	None	None	None	None	85	160	35	135	10	60	(80, 0)	5	testing
5	yy	f	18	green	6	(80, 0)	(40, 69)	(-39, 69)	(-80, 0)	(-40, -69)	(40, -69)	circle	green	dif	left	left	(40, 69)	(40, -69)	search	nr	True	369161	369966	left	85	135	35	60	160	10	None	None	testing
5	yy	f	18	green	6	(80, 0)	(40, 69)	(-39, 69)	(-80, 0)	(-40, -69)	(40, -69)	diamond	none	dif	left	left	N_dist	(-39, 69)	search	nr	True	371082	371918	left	110	135	35	160	60	10	None	None	testing
5	yy	f	18	green	6	(80, 0)	(40, 69)	(-39, 69)	(-80, 0)	(-40, -69)	(40, -69)	circle	none	same	left	left	N_dist	(40, 69)	search	nr	True	373103	374238	left	85	35	135	10	160	60	None	None	testing
5	yy	f	18	green	6	(80, 0)	(40, 69)	(-39, 69)	(-80, 0)	(-40, -69)	(40, -69)	diamond	none	dif	left	left	N_dist	(-40, -69)	search	nr	True	375307	376062	left	160	135	35	85	10	60	None	None	testing
5	yy	f	18	green	6	(80, 0)	(40, 69)	(-39, 69)	(-80, 0)	(-40, -69)	(40, -69)	circle	green	same	left	left	(-40, -69)	(40, 69)	probe	tar	None	None	None	None	110	85	60	10	160	35	(40, 69)	170	testing
5	yy	f	18	green	6	(80, 0)	(40, 69)	(-39, 69)	(-80, 0)	(-40, -69)	(40, -69)	circle	green	same	right	right	(-39, 69)	(40, -69)	probe	norm	None	None	None	None	35	110	135	60	10	85	(80, 0)	164	testing
5	yy	f	18	green	6	(80, 0)	(40, 69)	(-39, 69)	(-80, 0)	(-40, -69)	(40, -69)	diamond	green	same	left	left	(-40, -69)	(-39, 69)	search	nr	True	383355	384206	left	160	110	135	35	10	85	None	None	testing
5	yy	f	18	green	6	(80, 0)	(40, 69)	(-39, 69)	(-80, 0)	(-40, -69)	(40, -69)	circle	green	dif	right	right	(-40, -69)	(40, 69)	probe	norm	None	None	None	None	160	35	85	110	60	135	(-39, 69)	174	testing
5	yy	f	18	green	6	(80, 0)	(40, 69)	(-39, 69)	(-80, 0)	(-40, -69)	(40, -69)	diamond	green	same	left	left	(40, -69)	(-80, 0)	search	nr	True	388697	389438	left	135	85	35	10	110	60	None	None	testing
5	yy	f	18	green	6	(80, 0)	(40, 69)	(-39, 69)	(-80, 0)	(-40, -69)	(40, -69)	diamond	none	dif	left	left	N_dist	(40, -69)	probe	l_tar	None	None	None	None	60	160	35	10	85	110	(40, -69)	14	testing
5	yy	f	18	green	6	(80, 0)	(40, 69)	(-39, 69)	(-80, 0)	(-40, -69)	(40, -69)	diamond	green	same	right	right	(-40, -69)	(40, -69)	search	nr	True	393322	394142	right	160	85	10	35	135	60	None	None	testing
5	yy	f	18	green	6	(80, 0)	(40, 69)	(-39, 69)	(-80, 0)	(-40, -69)	(40, -69)	diamond	green	same	left	left	(-40, -69)	(-39, 69)	search	nr	True	395376	396062	left	160	60	135	35	10	85	None	None	testing
5	yy	f	18	green	6	(80, 0)	(40, 69)	(-39, 69)	(-80, 0)	(-40, -69)	(40, -69)	diamond	green	dif	left	left	(-39, 69)	(40, 69)	probe	norm	None	None	None	None	10	160	85	60	135	110	(80, 0)	140	testing
5	yy	f	18	green	6	(80, 0)	(40, 69)	(-39, 69)	(-80, 0)	(-40, -69)	(40, -69)	circle	green	same	left	left	(-40, -69)	(-39, 69)	search	nr	True	400753	401918	left	135	85	110	60	35	160	None	None	testing
5	yy	f	18	green	6	(80, 0)	(40, 69)	(-39, 69)	(-80, 0)	(-40, -69)	(40, -69)	circle	green	dif	left	left	(40, -69)	(-80, 0)	probe	l_sin	None	None	None	None	110	135	60	10	160	35	(40, -69)	160	testing
5	yy	f	18	green	6	(80, 0)	(40, 69)	(-39, 69)	(-80, 0)	(-40, -69)	(40, -69)	diamond	none	same	right	right	N_dist	(40, 69)	search	nr	True	405912	407054	right	35	160	10	110	135	85	None	None	testing
5	yy	f	18	green	6	(80, 0)	(40, 69)	(-39, 69)	(-80, 0)	(-40, -69)	(40, -69)	diamond	green	same	left	left	(-40, -69)	(-39, 69)	search	nr	True	408217	408894	left	85	60	135	10	35	160	None	None	testing
5	yy	f	18	green	6	(80, 0)	(40, 69)	(-39, 69)	(-80, 0)	(-40, -69)	(40, -69)	diamond	green	same	left	left	(-40, -69)	(-39, 69)	search	nr	True	410037	410797	left	135	110	85	35	10	60	None	None	testing
5	yy	f	18	green	6	(80, 0)	(40, 69)	(-39, 69)	(-80, 0)	(-40, -69)	(40, -69)	circle	none	same	right	right	N_dist	(-40, -69)	search	nr	True	411891	412990	right	110	10	135	60	160	85	None	None	testing
5	yy	f	18	green	6	(80, 0)	(40, 69)	(-39, 69)	(-80, 0)	(-40, -69)	(40, -69)	circle	green	same	right	right	(-40, -69)	(80, 0)	search	nr	True	414077	414829	right	85	135	160	10	60	35	None	None	testing
5	yy	f	18	green	6	(80, 0)	(40, 69)	(-39, 69)	(-80, 0)	(-40, -69)	(40, -69)	diamond	green	same	right	right	(-80, 0)	(40, 69)	search	nr	True	416015	417182	right	85	110	35	160	60	10	None	None	testing
5	yy	f	18	green	6	(80, 0)	(40, 69)	(-39, 69)	(-80, 0)	(-40, -69)	(40, -69)	diamond	green	same	left	left	(80, 0)	(-80, 0)	probe	l_sin	None	None	None	None	110	160	135	35	60	10	(80, 0)	14	testing
5	yy	f	18	green	6	(80, 0)	(40, 69)	(-39, 69)	(-80, 0)	(-40, -69)	(40, -69)	circle	green	dif	left	left	(80, 0)	(-39, 69)	search	nr	True	421407	422525	left	85	35	135	110	10	160	None	None	testing
5	yy	f	18	green	6	(80, 0)	(40, 69)	(-39, 69)	(-80, 0)	(-40, -69)	(40, -69)	diamond	green	dif	left	left	(-80, 0)	(40, -69)	search	nr	True	423595	424654	left	10	110	35	60	85	135	None	None	testing
5	yy	f	18	green	6	(80, 0)	(40, 69)	(-39, 69)	(-80, 0)	(-40, -69)	(40, -69)	diamond	green	dif	right	right	(-40, -69)	(40, -69)	search	nr	True	425749	426558	right	135	60	160	85	35	110	None	None	testing
5	yy	f	18	green	6	(80, 0)	(40, 69)	(-39, 69)	(-80, 0)	(-40, -69)	(40, -69)	circle	green	same	right	right	(-39, 69)	(40, -69)	search	nr	True	427686	428766	right	35	85	160	60	10	135	None	None	testing
5	yy	f	18	green	6	(80, 0)	(40, 69)	(-39, 69)	(-80, 0)	(-40, -69)	(40, -69)	diamond	green	dif	left	left	(-40, -69)	(40, 69)	probe	h_sin	None	None	None	None	135	35	110	60	10	85	(-40, -69)	173	testing
5	yy	f	18	green	6	(80, 0)	(40, 69)	(-39, 69)	(-80, 0)	(-40, -69)	(40, -69)	circle	green	dif	right	right	(-40, -69)	(-80, 0)	probe	h_sin	None	None	None	None	85	60	110	35	160	135	(-40, -69)	22	testing
5	yy	f	18	green	6	(80, 0)	(40, 69)	(-39, 69)	(-80, 0)	(-40, -69)	(40, -69)	circle	none	same	right	right	N_dist	(-80, 0)	search	nr	True	437737	438877	right	135	160	10	85	60	110	None	None	testing
5	yy	f	18	green	6	(80, 0)	(40, 69)	(-39, 69)	(-80, 0)	(-40, -69)	(40, -69)	diamond	green	same	right	right	(-40, -69)	(40, 69)	search	nr	True	439992	440941	right	85	135	10	35	160	60	None	None	testing
5	yy	f	18	green	6	(80, 0)	(40, 69)	(-39, 69)	(-80, 0)	(-40, -69)	(40, -69)	diamond	none	same	left	left	N_dist	(40, -69)	search	nr	True	442246	443230	left	35	110	10	135	160	60	None	None	testing
5	yy	f	18	green	6	(80, 0)	(40, 69)	(-39, 69)	(-80, 0)	(-40, -69)	(40, -69)	diamond	green	dif	right	right	(-40, -69)	(-80, 0)	search	nr	True	444333	445438	right	160	35	110	10	135	60	None	None	testing
5	yy	f	18	green	6	(80, 0)	(40, 69)	(-39, 69)	(-80, 0)	(-40, -69)	(40, -69)	circle	none	same	right	right	N_dist	(-80, 0)	probe	l_norm	None	None	None	None	85	160	135	60	10	35	(-39, 69)	11	testing
5	yy	f	18	green	6	(80, 0)	(40, 69)	(-39, 69)	(-80, 0)	(-40, -69)	(40, -69)	circle	green	same	right	right	(-40, -69)	(40, -69)	probe	norm	None	None	None	None	60	135	110	160	10	35	(40, 69)	10	testing
5	yy	f	18	green	6	(80, 0)	(40, 69)	(-39, 69)	(-80, 0)	(-40, -69)	(40, -69)	diamond	green	dif	right	right	(-40, -69)	(-80, 0)	search	nr	True	453951	455006	right	110	85	60	160	35	135	None	None	testing
5	yy	f	18	green	6	(80, 0)	(40, 69)	(-39, 69)	(-80, 0)	(-40, -69)	(40, -69)	diamond	none	same	left	left	N_dist	(-80, 0)	search	nr	True	456305	457150	left	10	35	85	110	160	135	None	None	testing
5	yy	f	18	green	6	(80, 0)	(40, 69)	(-39, 69)	(-80, 0)	(-40, -69)	(40, -69)	diamond	none	same	right	right	N_dist	(-40, -69)	search	nr	True	458459	459406	right	35	160	135	110	85	60	None	None	testing
5	yy	f	18	green	6	(80, 0)	(40, 69)	(-39, 69)	(-80, 0)	(-40, -69)	(40, -69)	circle	none	same	right	right	N_dist	(-39, 69)	search	nr	True	460696	461773	right	110	85	60	135	160	35	None	None	testing
5	yy	f	18	green	6	(80, 0)	(40, 69)	(-39, 69)	(-80, 0)	(-40, -69)	(40, -69)	circle	green	dif	left	left	(-40, -69)	(-39, 69)	probe	tar	None	None	None	None	135	10	110	60	35	160	(-39, 69)	3	testing
5	yy	f	18	green	6	(80, 0)	(40, 69)	(-39, 69)	(-80, 0)	(-40, -69)	(40, -69)	circle	green	dif	left	left	(-40, -69)	(80, 0)	search	nr	True	465806	466478	left	85	35	135	160	60	10	None	None	testing
5	yy	f	18	green	6	(80, 0)	(40, 69)	(-39, 69)	(-80, 0)	(-40, -69)	(40, -69)	circle	green	dif	right	right	(-80, 0)	(40, 69)	probe	l_sin	None	None	None	None	135	10	60	35	160	110	(-80, 0)	160	testing
5	yy	f	18	green	6	(80, 0)	(40, 69)	(-39, 69)	(-80, 0)	(-40, -69)	(40, -69)	diamond	green	dif	left	left	(-40, -69)	(-80, 0)	search	nr	True	471199	471934	left	85	135	35	160	60	10	None	None	testing
5	yy	f	18	green	6	(80, 0)	(40, 69)	(-39, 69)	(-80, 0)	(-40, -69)	(40, -69)	diamond	green	dif	right	right	(-39, 69)	(40, 69)	search	nr	True	473069	473901	right	85	110	160	135	35	60	None	None	testing
5	yy	f	18	green	6	(80, 0)	(40, 69)	(-39, 69)	(-80, 0)	(-40, -69)	(40, -69)	diamond	green	dif	right	right	(-40, -69)	(40, -69)	probe	h_sin	None	None	None	None	135	110	60	160	85	10	(-40, -69)	167	testing
5	yy	f	18	green	6	(80, 0)	(40, 69)	(-39, 69)	(-80, 0)	(-40, -69)	(40, -69)	diamond	green	same	right	right	(-80, 0)	(80, 0)	search	nr	True	479164	479901	right	85	60	160	10	35	135	None	None	testing
5	yy	f	18	green	6	(80, 0)	(40, 69)	(-39, 69)	(-80, 0)	(-40, -69)	(40, -69)	circle	green	dif	right	right	(-40, -69)	(80, 0)	probe	norm	None	None	None	None	60	135	35	160	85	110	(40, -69)	11	testing
5	yy	f	18	green	6	(80, 0)	(40, 69)	(-39, 69)	(-80, 0)	(-40, -69)	(40, -69)	circle	none	dif	right	right	N_dist	(80, 0)	search	nr	True	483989	484701	right	85	135	60	10	160	35	None	None	testing
5	yy	f	18	green	6	(80, 0)	(40, 69)	(-39, 69)	(-80, 0)	(-40, -69)	(40, -69)	circle	none	same	left	left	N_dist	(-39, 69)	probe	l_norm	None	None	None	None	110	135	85	160	60	10	(40, -69)	55	testing
5	yy	f	18	green	6	(80, 0)	(40, 69)	(-39, 69)	(-80, 0)	(-40, -69)	(40, -69)	circle	green	same	right	right	(-40, -69)	(40, -69)	probe	h_sin	None	None	None	None	160	60	10	110	85	35	(-40, -69)	172	testing
5	yy	f	18	green	6	(80, 0)	(40, 69)	(-39, 69)	(-80, 0)	(-40, -69)	(40, -69)	diamond	green	dif	right	right	(-40, -69)	(-39, 69)	search	nr	True	493991	494654	right	135	35	110	160	10	60	None	None	testing
5	yy	f	18	green	6	(80, 0)	(40, 69)	(-39, 69)	(-80, 0)	(-40, -69)	(40, -69)	circle	none	same	left	left	N_dist	(-80, 0)	search	nr	True	495861	496974	left	85	60	10	110	35	135	None	None	testing
5	yy	f	18	green	6	(80, 0)	(40, 69)	(-39, 69)	(-80, 0)	(-40, -69)	(40, -69)	circle	green	dif	left	left	(40, 69)	(40, -69)	probe	l_sin	None	None	None	None	85	35	135	110	160	60	(40, 69)	160	testing
5	yy	f	18	green	6	(80, 0)	(40, 69)	(-39, 69)	(-80, 0)	(-40, -69)	(40, -69)	diamond	green	same	right	right	(40, -69)	(-39, 69)	search	nr	True	501404	502270	right	160	110	10	35	135	60	None	None	testing
5	yy	f	18	green	6	(80, 0)	(40, 69)	(-39, 69)	(-80, 0)	(-40, -69)	(40, -69)	circle	green	dif	left	left	(80, 0)	(-39, 69)	search	nr	True	503559	504382	left	85	160	10	135	60	35	None	None	testing
5	yy	f	18	green	6	(80, 0)	(40, 69)	(-39, 69)	(-80, 0)	(-40, -69)	(40, -69)	circle	green	dif	right	right	(40, 69)	(80, 0)	probe	tar	None	None	None	None	60	85	160	110	10	135	(80, 0)	166	testing
5	yy	f	18	green	6	(80, 0)	(40, 69)	(-39, 69)	(-80, 0)	(-40, -69)	(40, -69)	circle	none	dif	left	left	N_dist	(80, 0)	probe	l_tar	None	None	None	None	135	110	85	60	10	35	(80, 0)	25	testing
5	yy	f	18	green	6	(80, 0)	(40, 69)	(-39, 69)	(-80, 0)	(-40, -69)	(40, -69)	circle	green	dif	right	right	(40, -69)	(-39, 69)	probe	tar	None	None	None	None	60	135	10	85	35	160	(-39, 69)	152	testing
5	yy	f	18	green	6	(80, 0)	(40, 69)	(-39, 69)	(-80, 0)	(-40, -69)	(40, -69)	diamond	green	dif	right	right	(40, 69)	(-39, 69)	probe	l_sin	None	None	None	None	160	60	85	35	135	10	(40, 69)	161	testing
5	yy	f	18	green	6	(80, 0)	(40, 69)	(-39, 69)	(-80, 0)	(-40, -69)	(40, -69)	circle	green	dif	right	right	(-40, -69)	(80, 0)	search	nr	True	518771	519806	right	10	160	35	135	85	60	None	None	testing
5	yy	f	18	green	6	(80, 0)	(40, 69)	(-39, 69)	(-80, 0)	(-40, -69)	(40, -69)	circle	green	dif	right	right	(-40, -69)	(40, -69)	search	nr	True	521024	521901	right	135	85	60	110	10	35	None	None	testing
5	yy	f	18	green	6	(80, 0)	(40, 69)	(-39, 69)	(-80, 0)	(-40, -69)	(40, -69)	diamond	green	same	left	left	(80, 0)	(-80, 0)	search	nr	True	522961	523917	left	60	85	110	160	10	35	None	None	testing
5	yy	f	18	green	6	(80, 0)	(40, 69)	(-39, 69)	(-80, 0)	(-40, -69)	(40, -69)	circle	green	dif	left	left	(-40, -69)	(-39, 69)	search	nr	True	525165	526125	left	135	60	10	35	110	85	None	None	testing
5	yy	f	18	green	6	(80, 0)	(40, 69)	(-39, 69)	(-80, 0)	(-40, -69)	(40, -69)	diamond	green	dif	left	left	(-40, -69)	(80, 0)	search	nr	True	527369	528270	left	160	35	85	60	110	135	None	None	testing
5	yy	f	18	green	6	(80, 0)	(40, 69)	(-39, 69)	(-80, 0)	(-40, -69)	(40, -69)	circle	none	same	left	left	N_dist	(-39, 69)	search	nr	True	529356	530285	left	35	10	110	85	135	60	None	None	testing
5	yy	f	18	green	6	(80, 0)	(40, 69)	(-39, 69)	(-80, 0)	(-40, -69)	(40, -69)	circle	green	dif	left	left	(-40, -69)	(80, 0)	search	nr	True	531577	532382	left	10	60	35	85	160	135	None	None	testing
5	yy	f	18	green	6	(80, 0)	(40, 69)	(-39, 69)	(-80, 0)	(-40, -69)	(40, -69)	diamond	green	same	left	left	(40, -69)	(-80, 0)	search	nr	True	533631	534382	left	135	60	10	85	160	35	None	None	testing
5	yy	f	18	green	6	(80, 0)	(40, 69)	(-39, 69)	(-80, 0)	(-40, -69)	(40, -69)	diamond	none	same	right	right	N_dist	(-40, -69)	probe	h_tar	None	None	None	None	160	35	60	85	135	10	(-40, -69)	12	testing
5	yy	f	18	green	6	(80, 0)	(40, 69)	(-39, 69)	(-80, 0)	(-40, -69)	(40, -69)	diamond	none	same	left	left	N_dist	(40, 69)	search	nr	True	539575	540462	left	35	60	85	110	160	135	None	None	testing
5	yy	f	18	green	6	(80, 0)	(40, 69)	(-39, 69)	(-80, 0)	(-40, -69)	(40, -69)	circle	green	same	left	left	(-40, -69)	(40, 69)	search	nr	True	541695	543230	left	135	10	110	85	60	160	None	None	testing
5	yy	f	18	green	6	(80, 0)	(40, 69)	(-39, 69)	(-80, 0)	(-40, -69)	(40, -69)	circle	green	same	left	left	(-40, -69)	(80, 0)	search	nr	True	544400	545102	left	10	35	60	85	135	110	None	None	testing
5	yy	f	18	green	6	(80, 0)	(40, 69)	(-39, 69)	(-80, 0)	(-40, -69)	(40, -69)	diamond	green	dif	left	left	(-40, -69)	(-80, 0)	search	nr	True	546271	546990	left	10	135	35	85	110	60	None	None	testing
5	yy	f	18	green	6	(80, 0)	(40, 69)	(-39, 69)	(-80, 0)	(-40, -69)	(40, -69)	diamond	none	same	left	left	N_dist	(40, 69)	probe	h_norm	None	None	None	None	35	85	60	110	160	10	(-40, -69)	34	testing
5	yy	f	18	green	6	(80, 0)	(40, 69)	(-39, 69)	(-80, 0)	(-40, -69)	(40, -69)	circle	green	dif	left	left	(-40, -69)	(-80, 0)	probe	norm	None	None	None	None	60	85	10	135	110	160	(40, 69)	1	testing
5	yy	f	18	green	6	(80, 0)	(40, 69)	(-39, 69)	(-80, 0)	(-40, -69)	(40, -69)	diamond	green	same	left	left	(-40, -69)	(-39, 69)	search	nr	True	556757	557422	left	85	60	10	35	160	135	None	None	testing
5	yy	f	18	green	6	(80, 0)	(40, 69)	(-39, 69)	(-80, 0)	(-40, -69)	(40, -69)	diamond	green	same	left	left	(80, 0)	(-80, 0)	search	nr	True	558543	559134	left	160	60	10	85	110	35	None	None	testing
5	yy	f	18	green	6	(80, 0)	(40, 69)	(-39, 69)	(-80, 0)	(-40, -69)	(40, -69)	diamond	green	dif	left	left	(-39, 69)	(40, 69)	search	nr	True	560230	560894	left	10	85	110	60	35	135	None	None	testing
5	yy	f	18	green	6	(80, 0)	(40, 69)	(-39, 69)	(-80, 0)	(-40, -69)	(40, -69)	circle	green	same	right	right	(-80, 0)	(40, 69)	search	nr	True	562083	562878	right	160	110	135	60	85	10	None	None	testing
5	yy	f	18	green	6	(80, 0)	(40, 69)	(-39, 69)	(-80, 0)	(-40, -69)	(40, -69)	circle	green	dif	right	right	(-40, -69)	(40, 69)	probe	h_sin	None	None	None	None	110	60	10	135	35	160	(-40, -69)	169	testing
5	yy	f	18	green	6	(80, 0)	(40, 69)	(-39, 69)	(-80, 0)	(-40, -69)	(40, -69)	diamond	green	same	left	left	(40, -69)	(40, 69)	probe	l_sin	None	None	None	None	135	160	35	60	110	10	(40, -69)	37	testing
5	yy	f	18	green	6	(80, 0)	(40, 69)	(-39, 69)	(-80, 0)	(-40, -69)	(40, -69)	diamond	none	same	left	left	N_dist	(40, -69)	search	nr	True	570815	571565	left	10	135	35	160	110	60	None	None	testing
5	yy	f	18	green	6	(80, 0)	(40, 69)	(-39, 69)	(-80, 0)	(-40, -69)	(40, -69)	diamond	green	same	right	right	(-40, -69)	(40, 69)	probe	h_sin	None	None	None	None	85	35	110	60	160	135	(-40, -69)	117	testing
5	yy	f	18	green	6	(80, 0)	(40, 69)	(-39, 69)	(-80, 0)	(-40, -69)	(40, -69)	circle	green	same	right	right	(-40, -69)	(-80, 0)	probe	norm	None	None	None	None	35	135	85	10	110	160	(40, 69)	18	testing
5	yy	f	18	green	6	(80, 0)	(40, 69)	(-39, 69)	(-80, 0)	(-40, -69)	(40, -69)	circle	green	same	left	left	(-40, -69)	(40, -69)	search	nr	True	580601	581949	left	135	35	85	60	160	10	None	None	testing
5	yy	f	18	green	6	(80, 0)	(40, 69)	(-39, 69)	(-80, 0)	(-40, -69)	(40, -69)	circle	green	dif	right	right	(-80, 0)	(40, 69)	search	nr	True	583122	583806	right	10	135	160	110	60	35	None	None	testing
5	yy	f	18	green	6	(80, 0)	(40, 69)	(-39, 69)	(-80, 0)	(-40, -69)	(40, -69)	diamond	none	same	right	right	N_dist	(40, -69)	probe	h_norm	None	None	None	None	35	160	135	110	10	85	(-40, -69)	153	testing
5	yy	f	18	green	6	(80, 0)	(40, 69)	(-39, 69)	(-80, 0)	(-40, -69)	(40, -69)	circle	green	same	left	left	(-40, -69)	(80, 0)	search	nr	True	588966	589949	left	160	110	60	85	35	10	None	None	testing
5	yy	f	18	green	6	(80, 0)	(40, 69)	(-39, 69)	(-80, 0)	(-40, -69)	(40, -69)	diamond	none	dif	right	right	N_dist	(40, 69)	search	nr	True	591253	592013	right	160	135	110	85	60	10	None	None	testing
5	yy	f	18	green	6	(80, 0)	(40, 69)	(-39, 69)	(-80, 0)	(-40, -69)	(40, -69)	circle	none	same	right	right	N_dist	(40, 69)	search	nr	True	593224	594222	right	35	60	85	10	160	110	None	None	testing
5	yy	f	18	green	6	(80, 0)	(40, 69)	(-39, 69)	(-80, 0)	(-40, -69)	(40, -69)	diamond	none	dif	right	right	N_dist	(80, 0)	search	nr	True	595411	596350	right	60	10	135	110	35	160	None	None	testing
5	yy	f	18	green	6	(80, 0)	(40, 69)	(-39, 69)	(-80, 0)	(-40, -69)	(40, -69)	diamond	green	dif	left	left	(-40, -69)	(40, 69)	search	nr	True	597415	598126	left	10	110	60	35	160	85	None	None	testing
5	yy	f	18	green	6	(80, 0)	(40, 69)	(-39, 69)	(-80, 0)	(-40, -69)	(40, -69)	diamond	none	same	right	right	N_dist	(-80, 0)	search	nr	True	599335	600254	right	160	10	35	110	135	60	None	None	testing
5	yy	f	18	green	6	(80, 0)	(40, 69)	(-39, 69)	(-80, 0)	(-40, -69)	(40, -69)	diamond	green	dif	right	right	(-40, -69)	(40, -69)	search	nr	True	601539	602622	right	60	110	85	35	10	135	None	None	testing
5	yy	f	18	green	6	(80, 0)	(40, 69)	(-39, 69)	(-80, 0)	(-40, -69)	(40, -69)	diamond	green	dif	left	left	(-80, 0)	(40, -69)	search	nr	True	603843	604974	left	110	85	10	35	60	160	None	None	testing
5	yy	f	18	green	6	(80, 0)	(40, 69)	(-39, 69)	(-80, 0)	(-40, -69)	(40, -69)	circle	green	same	left	left	(-40, -69)	(-39, 69)	probe	norm	None	None	None	None	10	110	85	135	60	35	(80, 0)	135	testing
5	yy	f	18	green	6	(80, 0)	(40, 69)	(-39, 69)	(-80, 0)	(-40, -69)	(40, -69)	circle	green	dif	right	right	(-40, -69)	(-80, 0)	search	nr	True	609938	610926	right	10	60	85	35	160	110	None	None	testing
5	yy	f	18	green	6	(80, 0)	(40, 69)	(-39, 69)	(-80, 0)	(-40, -69)	(40, -69)	circle	none	dif	right	right	N_dist	(80, 0)	probe	h_norm	None	None	None	None	60	10	135	160	110	35	(-40, -69)	7	testing
5	yy	f	18	green	6	(80, 0)	(40, 69)	(-39, 69)	(-80, 0)	(-40, -69)	(40, -69)	circle	none	dif	right	right	N_dist	(80, 0)	probe	l_norm	None	None	None	None	85	135	35	60	160	10	(-39, 69)	162	testing
5	yy	f	18	green	6	(80, 0)	(40, 69)	(-39, 69)	(-80, 0)	(-40, -69)	(40, -69)	diamond	green	same	right	right	(40, -69)	(-39, 69)	probe	tar	None	None	None	None	85	60	160	135	35	110	(-39, 69)	31	testing
5	yy	f	18	green	6	(80, 0)	(40, 69)	(-39, 69)	(-80, 0)	(-40, -69)	(40, -69)	diamond	green	dif	left	left	(-80, 0)	(40, -69)	probe	l_sin	None	None	None	None	10	135	110	35	160	60	(-80, 0)	158	testing
5	yy	f	18	green	6	(80, 0)	(40, 69)	(-39, 69)	(-80, 0)	(-40, -69)	(40, -69)	circle	none	dif	right	right	N_dist	(80, 0)	search	nr	True	626234	627197	right	160	35	110	85	60	135	None	None	testing
5	yy	f	18	green	6	(80, 0)	(40, 69)	(-39, 69)	(-80, 0)	(-40, -69)	(40, -69)	circle	green	same	left	left	(-40, -69)	(80, 0)	search	nr	True	628321	629134	left	10	85	60	160	35	135	None	None	testing
5	yy	f	18	green	6	(80, 0)	(40, 69)	(-39, 69)	(-80, 0)	(-40, -69)	(40, -69)	diamond	none	dif	left	left	N_dist	(-40, -69)	search	nr	True	630392	631230	left	110	160	10	60	35	85	None	None	testing
5	yy	f	18	green	6	(80, 0)	(40, 69)	(-39, 69)	(-80, 0)	(-40, -69)	(40, -69)	circle	none	same	right	right	N_dist	(40, -69)	search	nr	True	632513	633341	right	110	35	10	135	160	60	None	None	testing
5	yy	f	18	green	6	(80, 0)	(40, 69)	(-39, 69)	(-80, 0)	(-40, -69)	(40, -69)	circle	green	same	right	right	(-40, -69)	(80, 0)	search	nr	True	634583	635613	right	85	160	35	110	60	135	None	None	testing
5	yy	f	18	green	6	(80, 0)	(40, 69)	(-39, 69)	(-80, 0)	(-40, -69)	(40, -69)	diamond	none	dif	right	right	N_dist	(40, -69)	search	nr	True	636870	637726	right	160	35	10	110	135	85	None	None	testing
5	yy	f	18	green	6	(80, 0)	(40, 69)	(-39, 69)	(-80, 0)	(-40, -69)	(40, -69)	circle	green	dif	left	left	(-40, -69)	(80, 0)	probe	tar	None	None	None	None	60	35	85	110	160	135	(80, 0)	160	testing
5	yy	f	18	green	6	(80, 0)	(40, 69)	(-39, 69)	(-80, 0)	(-40, -69)	(40, -69)	diamond	green	same	right	right	(-40, -69)	(-80, 0)	search	nr	True	641946	642958	right	135	160	10	35	110	60	None	None	testing
5	yy	f	18	green	6	(80, 0)	(40, 69)	(-39, 69)	(-80, 0)	(-40, -69)	(40, -69)	diamond	none	same	right	right	N_dist	(40, 69)	search	nr	True	644067	645006	right	60	110	85	160	35	135	None	None	testing
5	yy	f	18	green	6	(80, 0)	(40, 69)	(-39, 69)	(-80, 0)	(-40, -69)	(40, -69)	diamond	green	dif	right	right	(-40, -69)	(-39, 69)	probe	norm	None	None	None	None	160	10	35	110	85	60	(80, 0)	22	testing
5	yy	f	18	green	6	(80, 0)	(40, 69)	(-39, 69)	(-80, 0)	(-40, -69)	(40, -69)	circle	none	dif	left	left	N_dist	(-39, 69)	search	nr	True	649410	650205	left	60	160	135	85	10	110	None	None	testing
5	yy	f	18	green	6	(80, 0)	(40, 69)	(-39, 69)	(-80, 0)	(-40, -69)	(40, -69)	diamond	green	same	right	right	(-80, 0)	(40, 69)	search	nr	True	651414	652222	right	160	35	110	85	10	60	None	None	testing
5	yy	f	18	green	6	(80, 0)	(40, 69)	(-39, 69)	(-80, 0)	(-40, -69)	(40, -69)	diamond	none	dif	left	left	N_dist	(-40, -69)	probe	h_tar	None	None	None	None	110	160	135	35	10	60	(-40, -69)	145	testing
5	yy	f	18	green	6	(80, 0)	(40, 69)	(-39, 69)	(-80, 0)	(-40, -69)	(40, -69)	circle	green	same	left	left	(-40, -69)	(-39, 69)	probe	norm	None	None	None	None	35	10	160	60	135	110	(40, -69)	14	testing
5	yy	f	18	green	6	(80, 0)	(40, 69)	(-39, 69)	(-80, 0)	(-40, -69)	(40, -69)	circle	green	dif	left	left	(-40, -69)	(80, 0)	search	nr	True	660431	661149	left	10	110	85	35	135	160	None	None	testing
5	yy	f	18	green	6	(80, 0)	(40, 69)	(-39, 69)	(-80, 0)	(-40, -69)	(40, -69)	circle	green	dif	right	right	(-40, -69)	(40, 69)	search	nr	True	662400	664333	right	160	35	60	110	10	85	None	None	testing
5	yy	f	18	green	6	(80, 0)	(40, 69)	(-39, 69)	(-80, 0)	(-40, -69)	(40, -69)	diamond	none	same	right	right	N_dist	(-80, 0)	probe	l_norm	None	None	None	None	35	135	60	160	110	10	(40, 69)	12	testing
5	yy	f	18	green	6	(80, 0)	(40, 69)	(-39, 69)	(-80, 0)	(-40, -69)	(40, -69)	circle	green	dif	right	right	(-40, -69)	(40, -69)	search	nr	True	668612	669405	right	60	160	135	85	10	35	None	None	testing
5	yy	f	18	green	6	(80, 0)	(40, 69)	(-39, 69)	(-80, 0)	(-40, -69)	(40, -69)	circle	green	dif	right	right	(-40, -69)	(40, -69)	probe	h_sin	None	None	None	None	135	10	160	35	60	110	(-40, -69)	176	testing
5	yy	f	18	green	6	(80, 0)	(40, 69)	(-39, 69)	(-80, 0)	(-40, -69)	(40, -69)	circle	none	same	right	right	N_dist	(-39, 69)	search	nr	True	673922	674846	right	10	35	85	135	110	60	None	None	testing
5	yy	f	18	green	6	(80, 0)	(40, 69)	(-39, 69)	(-80, 0)	(-40, -69)	(40, -69)	diamond	green	same	left	left	(-40, -69)	(40, 69)	search	nr	True	675926	676622	left	135	160	10	35	110	85	None	None	testing
5	yy	f	18	green	6	(80, 0)	(40, 69)	(-39, 69)	(-80, 0)	(-40, -69)	(40, -69)	diamond	none	same	left	left	N_dist	(40, 69)	search	nr	True	677829	678558	left	110	35	135	85	160	10	None	None	testing
5	yy	f	18	green	6	(80, 0)	(40, 69)	(-39, 69)	(-80, 0)	(-40, -69)	(40, -69)	diamond	green	same	left	left	(-40, -69)	(-39, 69)	probe	tar	None	None	None	None	135	110	60	85	35	160	(-39, 69)	171	testing
5	yy	f	18	green	6	(80, 0)	(40, 69)	(-39, 69)	(-80, 0)	(-40, -69)	(40, -69)	circle	green	dif	right	right	(-40, -69)	(40, 69)	search	nr	True	682821	684157	right	135	85	60	35	110	10	None	None	testing
5	yy	f	18	green	6	(80, 0)	(40, 69)	(-39, 69)	(-80, 0)	(-40, -69)	(40, -69)	diamond	green	dif	left	left	(-40, -69)	(40, -69)	search	nr	True	685243	686254	left	10	85	135	60	160	110	None	None	testing
5	yy	f	18	green	6	(80, 0)	(40, 69)	(-39, 69)	(-80, 0)	(-40, -69)	(40, -69)	circle	none	dif	right	right	N_dist	(40, -69)	search	nr	True	687563	688350	right	135	110	35	60	85	10	None	None	testing
5	yy	f	18	green	6	(80, 0)	(40, 69)	(-39, 69)	(-80, 0)	(-40, -69)	(40, -69)	circle	green	same	left	left	(-40, -69)	(80, 0)	search	nr	True	689584	690285	left	60	160	135	10	85	110	None	None	testing
5	yy	f	18	green	6	(80, 0)	(40, 69)	(-39, 69)	(-80, 0)	(-40, -69)	(40, -69)	circle	green	dif	right	right	(-40, -69)	(40, 69)	search	nr	True	691404	692206	right	135	60	10	160	110	85	None	None	testing
5	yy	f	18	green	6	(80, 0)	(40, 69)	(-39, 69)	(-80, 0)	(-40, -69)	(40, -69)	circle	green	same	left	left	(-40, -69)	(-39, 69)	search	nr	True	693308	694174	left	60	135	160	35	110	10	None	None	testing
5	yy	f	18	green	6	(80, 0)	(40, 69)	(-39, 69)	(-80, 0)	(-40, -69)	(40, -69)	circle	green	same	left	left	(-40, -69)	(-80, 0)	search	nr	True	695479	696206	left	160	35	10	135	110	60	None	None	testing
5	yy	f	18	green	6	(80, 0)	(40, 69)	(-39, 69)	(-80, 0)	(-40, -69)	(40, -69)	diamond	none	dif	left	left	N_dist	(-40, -69)	search	nr	True	697499	698397	left	135	10	60	85	160	35	None	None	testing
5	yy	f	18	green	6	(80, 0)	(40, 69)	(-39, 69)	(-80, 0)	(-40, -69)	(40, -69)	diamond	green	dif	left	left	(-40, -69)	(40, 69)	probe	tar	None	None	None	None	10	110	135	85	35	160	(40, 69)	15	testing
5	yy	f	18	green	6	(80, 0)	(40, 69)	(-39, 69)	(-80, 0)	(-40, -69)	(40, -69)	diamond	green	same	right	right	(-40, -69)	(-80, 0)	probe	tar	None	None	None	None	85	35	160	60	135	110	(-80, 0)	172	testing
5	yy	f	18	green	6	(80, 0)	(40, 69)	(-39, 69)	(-80, 0)	(-40, -69)	(40, -69)	diamond	none	dif	right	right	N_dist	(80, 0)	search	nr	True	707050	707693	right	60	110	85	10	135	35	None	None	testing
5	yy	f	18	green	6	(80, 0)	(40, 69)	(-39, 69)	(-80, 0)	(-40, -69)	(40, -69)	diamond	none	same	right	right	N_dist	(40, 69)	search	nr	True	708953	709582	right	160	10	85	110	60	135	None	None	testing
5	yy	f	18	green	6	(80, 0)	(40, 69)	(-39, 69)	(-80, 0)	(-40, -69)	(40, -69)	diamond	green	dif	right	right	(-39, 69)	(40, 69)	probe	l_sin	None	None	None	None	35	135	160	110	85	10	(-39, 69)	15	testing
5	yy	f	18	green	6	(80, 0)	(40, 69)	(-39, 69)	(-80, 0)	(-40, -69)	(40, -69)	circle	none	dif	right	right	N_dist	(80, 0)	probe	l_norm	None	None	None	None	85	35	160	60	110	10	(40, -69)	54	testing
5	yy	f	18	green	6	(80, 0)	(40, 69)	(-39, 69)	(-80, 0)	(-40, -69)	(40, -69)	diamond	green	same	right	right	(-40, -69)	(40, -69)	search	nr	True	719823	720525	right	35	85	110	135	60	160	None	None	testing
5	yy	f	18	green	6	(80, 0)	(40, 69)	(-39, 69)	(-80, 0)	(-40, -69)	(40, -69)	diamond	none	same	left	left	N_dist	(-80, 0)	search	nr	True	721760	722397	left	10	85	160	60	35	135	None	None	testing
5	yy	f	18	green	6	(80, 0)	(40, 69)	(-39, 69)	(-80, 0)	(-40, -69)	(40, -69)	circle	green	same	left	left	(-40, -69)	(-80, 0)	search	nr	True	723496	725069	left	85	35	135	60	110	160	None	None	testing
5	yy	f	18	green	6	(80, 0)	(40, 69)	(-39, 69)	(-80, 0)	(-40, -69)	(40, -69)	circle	none	same	left	left	N_dist	(-39, 69)	probe	l_norm	None	None	None	None	85	10	60	110	135	160	(40, 69)	150	testing
5	yy	f	18	green	6	(80, 0)	(40, 69)	(-39, 69)	(-80, 0)	(-40, -69)	(40, -69)	diamond	green	same	right	right	(40, -69)	(-39, 69)	search	nr	True	729875	730669	right	35	160	10	135	85	60	None	None	testing
5	yy	f	18	green	6	(80, 0)	(40, 69)	(-39, 69)	(-80, 0)	(-40, -69)	(40, -69)	circle	green	dif	left	left	(-40, -69)	(-39, 69)	search	nr	True	731828	732638	left	85	160	35	135	60	10	None	None	testing
5	yy	f	18	green	6	(80, 0)	(40, 69)	(-39, 69)	(-80, 0)	(-40, -69)	(40, -69)	circle	none	same	right	right	N_dist	(40, -69)	probe	h_norm	None	None	None	None	35	110	10	85	135	60	(-40, -69)	15	testing
5	yy	f	18	green	6	(80, 0)	(40, 69)	(-39, 69)	(-80, 0)	(-40, -69)	(40, -69)	diamond	none	same	left	left	N_dist	(40, -69)	probe	h_norm	None	None	None	None	10	135	110	85	35	160	(-40, -69)	165	testing
5	yy	f	18	green	6	(80, 0)	(40, 69)	(-39, 69)	(-80, 0)	(-40, -69)	(40, -69)	diamond	green	dif	left	left	(-40, -69)	(-80, 0)	search	nr	True	740160	740861	left	110	135	35	60	10	160	None	None	testing
5	yy	f	18	green	6	(80, 0)	(40, 69)	(-39, 69)	(-80, 0)	(-40, -69)	(40, -69)	circle	green	same	left	left	(-40, -69)	(40, 69)	probe	norm	None	None	None	None	35	110	60	85	135	10	(-39, 69)	172	testing
5	yy	f	18	green	6	(80, 0)	(40, 69)	(-39, 69)	(-80, 0)	(-40, -69)	(40, -69)	diamond	green	same	right	right	(-40, -69)	(40, -69)	probe	tar	None	None	None	None	35	85	135	10	110	160	(40, -69)	29	testing
5	yy	f	18	green	6	(80, 0)	(40, 69)	(-39, 69)	(-80, 0)	(-40, -69)	(40, -69)	circle	none	same	left	left	N_dist	(-80, 0)	search	nr	True	748075	749069	left	135	85	160	110	60	10	None	None	testing
5	yy	f	18	green	6	(80, 0)	(40, 69)	(-39, 69)	(-80, 0)	(-40, -69)	(40, -69)	circle	green	dif	left	left	(40, 69)	(40, -69)	search	nr	True	750279	751102	left	60	35	160	135	10	85	None	None	testing
5	yy	f	18	green	6	(80, 0)	(40, 69)	(-39, 69)	(-80, 0)	(-40, -69)	(40, -69)	circle	green	dif	left	left	(40, -69)	(-39, 69)	search	nr	True	752333	753182	left	85	10	160	35	60	135	None	None	testing
5	yy	f	18	green	6	(80, 0)	(40, 69)	(-39, 69)	(-80, 0)	(-40, -69)	(40, -69)	circle	none	dif	left	left	N_dist	(-80, 0)	search	nr	True	754420	755086	left	35	10	85	160	110	60	None	None	testing
5	yy	f	18	green	6	(80, 0)	(40, 69)	(-39, 69)	(-80, 0)	(-40, -69)	(40, -69)	diamond	green	same	left	left	(80, 0)	(-80, 0)	probe	tar	None	None	None	None	10	110	160	35	85	135	(-80, 0)	159	testing
5	yy	f	18	green	6	(80, 0)	(40, 69)	(-39, 69)	(-80, 0)	(-40, -69)	(40, -69)	diamond	green	same	left	left	(-40, -69)	(40, 69)	probe	norm	None	None	None	None	160	110	60	85	35	10	(80, 0)	28	testing
5	yy	f	18	green	6	(80, 0)	(40, 69)	(-39, 69)	(-80, 0)	(-40, -69)	(40, -69)	diamond	green	same	right	right	(-80, 0)	(40, 69)	probe	l_sin	None	None	None	None	60	85	135	160	110	35	(-80, 0)	33	testing
5	yy	f	18	green	6	(80, 0)	(40, 69)	(-39, 69)	(-80, 0)	(-40, -69)	(40, -69)	circle	green	dif	right	right	(-40, -69)	(80, 0)	search	nr	True	766810	767678	right	60	160	135	35	110	10	None	None	testing
5	yy	f	18	green	6	(80, 0)	(40, 69)	(-39, 69)	(-80, 0)	(-40, -69)	(40, -69)	circle	none	dif	right	right	N_dist	(80, 0)	search	nr	True	768813	769582	right	35	160	135	110	60	85	None	None	testing
5	yy	f	18	green	6	(80, 0)	(40, 69)	(-39, 69)	(-80, 0)	(-40, -69)	(40, -69)	diamond	green	dif	right	right	(80, 0)	(-39, 69)	search	nr	True	770717	771949	right	160	35	85	10	135	60	None	None	testing
5	yy	f	18	green	6	(80, 0)	(40, 69)	(-39, 69)	(-80, 0)	(-40, -69)	(40, -69)	circle	green	same	left	left	(-40, -69)	(80, 0)	search	nr	True	773071	773837	left	160	110	10	60	35	85	None	None	testing
5	yy	f	18	green	6	(80, 0)	(40, 69)	(-39, 69)	(-80, 0)	(-40, -69)	(40, -69)	diamond	none	dif	left	left	N_dist	(-39, 69)	probe	h_norm	None	None	None	None	85	35	135	160	10	110	(-40, -69)	161	testing
5	yy	f	18	green	6	(80, 0)	(40, 69)	(-39, 69)	(-80, 0)	(-40, -69)	(40, -69)	circle	green	same	left	left	(-40, -69)	(-39, 69)	search	nr	True	778214	778926	left	135	85	10	60	110	160	None	None	testing
5	yy	f	18	green	6	(80, 0)	(40, 69)	(-39, 69)	(-80, 0)	(-40, -69)	(40, -69)	diamond	none	dif	left	left	N_dist	(40, -69)	search	nr	True	780018	780733	left	85	60	110	35	10	135	None	None	testing
5	yy	f	18	green	6	(80, 0)	(40, 69)	(-39, 69)	(-80, 0)	(-40, -69)	(40, -69)	circle	none	same	right	right	N_dist	(40, -69)	search	nr	True	781971	782829	right	135	10	160	60	85	110	None	None	testing
5	yy	f	18	green	6	(80, 0)	(40, 69)	(-39, 69)	(-80, 0)	(-40, -69)	(40, -69)	circle	green	dif	right	right	(-40, -69)	(40, 69)	probe	tar	None	None	None	None	110	60	135	85	10	35	(40, 69)	164	testing
5	yy	f	18	green	6	(80, 0)	(40, 69)	(-39, 69)	(-80, 0)	(-40, -69)	(40, -69)	circle	none	dif	left	left	N_dist	(40, -69)	probe	l_norm	None	None	None	None	160	60	35	85	110	10	(80, 0)	26	testing
5	yy	f	18	green	6	(80, 0)	(40, 69)	(-39, 69)	(-80, 0)	(-40, -69)	(40, -69)	circle	green	same	left	left	(-40, -69)	(-39, 69)	search	nr	True	790103	790878	left	85	135	35	160	60	10	None	None	testing
5	yy	f	18	green	6	(80, 0)	(40, 69)	(-39, 69)	(-80, 0)	(-40, -69)	(40, -69)	diamond	green	dif	left	left	(-40, -69)	(40, 69)	search	nr	True	791973	793310	left	160	110	85	60	10	135	None	None	testing
5	yy	f	18	green	6	(80, 0)	(40, 69)	(-39, 69)	(-80, 0)	(-40, -69)	(40, -69)	circle	none	same	left	left	N_dist	(40, 69)	search	nr	True	794377	795533	left	110	60	10	85	35	135	None	None	testing
5	yy	f	18	green	6	(80, 0)	(40, 69)	(-39, 69)	(-80, 0)	(-40, -69)	(40, -69)	diamond	green	dif	left	left	(-40, -69)	(-80, 0)	probe	norm	None	None	None	None	160	110	10	35	135	85	(40, 69)	9	testing
5	yy	f	18	green	6	(80, 0)	(40, 69)	(-39, 69)	(-80, 0)	(-40, -69)	(40, -69)	diamond	green	dif	right	right	(-39, 69)	(40, 69)	search	nr	True	799587	800317	right	160	35	60	110	10	85	None	None	testing
5	yy	f	18	green	6	(80, 0)	(40, 69)	(-39, 69)	(-80, 0)	(-40, -69)	(40, -69)	diamond	green	same	right	right	(-40, -69)	(40, -69)	search	nr	True	801557	802270	right	160	110	10	135	85	60	None	None	testing
5	yy	f	18	green	6	(80, 0)	(40, 69)	(-39, 69)	(-80, 0)	(-40, -69)	(40, -69)	circle	none	dif	left	left	N_dist	(40, -69)	search	nr	True	803326	804605	left	110	160	85	10	35	135	None	None	testing
5	yy	f	18	green	6	(80, 0)	(40, 69)	(-39, 69)	(-80, 0)	(-40, -69)	(40, -69)	circle	green	same	right	right	(-40, -69)	(-80, 0)	search	nr	True	805848	807006	right	35	10	160	135	110	60	None	None	testing
5	yy	f	18	green	6	(80, 0)	(40, 69)	(-39, 69)	(-80, 0)	(-40, -69)	(40, -69)	diamond	none	dif	right	right	N_dist	(80, 0)	probe	h_norm	None	None	None	None	110	35	160	60	85	135	(-40, -69)	5	testing
5	yy	f	18	green	6	(80, 0)	(40, 69)	(-39, 69)	(-80, 0)	(-40, -69)	(40, -69)	circle	green	same	left	left	(-40, -69)	(40, -69)	probe	norm	None	None	None	None	85	110	35	10	60	160	(-39, 69)	162	testing
5	yy	f	18	green	6	(80, 0)	(40, 69)	(-39, 69)	(-80, 0)	(-40, -69)	(40, -69)	circle	none	dif	right	right	N_dist	(80, 0)	search	nr	True	814864	815613	right	110	35	10	135	85	160	None	None	testing
5	yy	f	18	green	6	(80, 0)	(40, 69)	(-39, 69)	(-80, 0)	(-40, -69)	(40, -69)	circle	green	dif	left	left	(40, -69)	(-80, 0)	search	nr	True	816701	817390	left	110	160	85	35	10	135	None	None	testing
5	yy	f	18	green	6	(80, 0)	(40, 69)	(-39, 69)	(-80, 0)	(-40, -69)	(40, -69)	circle	green	same	right	right	(-40, -69)	(80, 0)	probe	tar	None	None	None	None	135	60	160	85	35	110	(80, 0)	18	testing
5	yy	f	18	green	6	(80, 0)	(40, 69)	(-39, 69)	(-80, 0)	(-40, -69)	(40, -69)	circle	green	same	right	right	(-40, -69)	(40, -69)	search	nr	True	821627	822749	right	35	60	160	85	110	10	None	None	testing
5	yy	f	18	green	6	(80, 0)	(40, 69)	(-39, 69)	(-80, 0)	(-40, -69)	(40, -69)	circle	green	same	left	left	(-40, -69)	(80, 0)	search	nr	True	823914	824558	left	35	10	110	85	135	160	None	None	testing
5	yy	f	18	green	6	(80, 0)	(40, 69)	(-39, 69)	(-80, 0)	(-40, -69)	(40, -69)	diamond	none	same	right	right	N_dist	(-80, 0)	search	nr	True	825635	826350	right	35	85	10	135	160	60	None	None	testing
5	yy	f	18	green	6	(80, 0)	(40, 69)	(-39, 69)	(-80, 0)	(-40, -69)	(40, -69)	circle	green	same	left	left	(-40, -69)	(40, 69)	search	nr	True	827454	828605	left	35	85	160	135	10	60	None	None	testing
5	yy	f	18	green	6	(80, 0)	(40, 69)	(-39, 69)	(-80, 0)	(-40, -69)	(40, -69)	circle	none	same	right	right	N_dist	(-40, -69)	search	nr	True	829926	831037	right	10	85	135	35	160	60	None	None	testing
5	yy	f	18	green	6	(80, 0)	(40, 69)	(-39, 69)	(-80, 0)	(-40, -69)	(40, -69)	circle	green	dif	left	left	(40, 69)	(80, 0)	search	nr	True	832196	833310	left	110	60	85	35	135	10	None	None	testing
5	yy	f	18	green	6	(80, 0)	(40, 69)	(-39, 69)	(-80, 0)	(-40, -69)	(40, -69)	diamond	green	same	right	right	(-80, 0)	(80, 0)	probe	tar	None	None	None	None	160	60	85	135	35	10	(80, 0)	24	testing
5	yy	f	18	green	6	(80, 0)	(40, 69)	(-39, 69)	(-80, 0)	(-40, -69)	(40, -69)	diamond	none	dif	right	right	N_dist	(40, 69)	search	nr	True	837540	838270	right	160	10	35	60	135	110	None	None	testing
5	yy	f	18	green	6	(80, 0)	(40, 69)	(-39, 69)	(-80, 0)	(-40, -69)	(40, -69)	circle	none	same	right	right	N_dist	(-80, 0)	search	nr	True	839343	840285	right	85	110	135	35	160	10	None	None	testing
5	yy	f	18	green	6	(80, 0)	(40, 69)	(-39, 69)	(-80, 0)	(-40, -69)	(40, -69)	diamond	none	dif	right	right	N_dist	(-40, -69)	search	nr	True	841480	842813	right	10	135	35	160	60	110	None	None	testing
5	yy	f	18	green	6	(80, 0)	(40, 69)	(-39, 69)	(-80, 0)	(-40, -69)	(40, -69)	circle	green	dif	left	left	(40, -69)	(-39, 69)	probe	norm	None	None	None	None	60	10	35	85	110	135	(80, 0)	162	testing
5	yy	f	18	green	6	(80, 0)	(40, 69)	(-39, 69)	(-80, 0)	(-40, -69)	(40, -69)	diamond	none	dif	left	left	N_dist	(-80, 0)	search	nr	True	847224	848189	left	85	10	60	160	35	110	None	None	testing
5	yy	f	18	green	6	(80, 0)	(40, 69)	(-39, 69)	(-80, 0)	(-40, -69)	(40, -69)	diamond	none	dif	right	right	N_dist	(40, 69)	probe	h_norm	None	None	None	None	35	135	60	10	85	160	(-40, -69)	168	testing
5	yy	f	18	green	6	(80, 0)	(40, 69)	(-39, 69)	(-80, 0)	(-40, -69)	(40, -69)	diamond	green	same	right	right	(-80, 0)	(40, 69)	search	nr	True	852601	853821	right	110	85	10	160	135	35	None	None	testing
5	yy	f	18	green	6	(80, 0)	(40, 69)	(-39, 69)	(-80, 0)	(-40, -69)	(40, -69)	diamond	none	dif	left	left	N_dist	(-40, -69)	probe	h_tar	None	None	None	None	110	35	135	160	10	85	(-40, -69)	149	testing
5	yy	f	18	green	6	(80, 0)	(40, 69)	(-39, 69)	(-80, 0)	(-40, -69)	(40, -69)	diamond	green	same	right	right	(-80, 0)	(40, 69)	probe	l_sin	None	None	None	None	135	60	10	85	160	110	(-80, 0)	6	testing
5	yy	f	18	green	6	(80, 0)	(40, 69)	(-39, 69)	(-80, 0)	(-40, -69)	(40, -69)	diamond	green	same	left	left	(-39, 69)	(40, 69)	search	nr	True	861250	862237	left	60	110	10	85	160	135	None	None	testing
5	yy	f	18	green	6	(80, 0)	(40, 69)	(-39, 69)	(-80, 0)	(-40, -69)	(40, -69)	diamond	green	same	left	left	(80, 0)	(-80, 0)	search	nr	True	863438	864317	left	135	35	10	60	110	85	None	None	testing
5	yy	f	18	green	6	(80, 0)	(40, 69)	(-39, 69)	(-80, 0)	(-40, -69)	(40, -69)	circle	none	dif	left	left	N_dist	(-80, 0)	search	nr	True	865524	866525	left	10	60	135	110	35	85	None	None	testing
5	yy	f	18	green	6	(80, 0)	(40, 69)	(-39, 69)	(-80, 0)	(-40, -69)	(40, -69)	circle	none	dif	left	left	N_dist	(80, 0)	search	nr	True	867729	868430	left	10	35	85	160	60	135	None	None	testing
5	yy	f	18	green	6	(80, 0)	(40, 69)	(-39, 69)	(-80, 0)	(-40, -69)	(40, -69)	diamond	green	dif	right	right	(-40, -69)	(-39, 69)	search	nr	True	869682	870558	right	135	85	60	110	160	10	None	None	testing
5	yy	f	18	green	6	(80, 0)	(40, 69)	(-39, 69)	(-80, 0)	(-40, -69)	(40, -69)	diamond	none	dif	left	left	N_dist	(40, -69)	search	nr	True	871836	872718	left	135	110	35	60	160	85	None	None	testing
5	yy	f	18	green	6	(80, 0)	(40, 69)	(-39, 69)	(-80, 0)	(-40, -69)	(40, -69)	circle	none	same	right	right	N_dist	(-39, 69)	probe	l_tar	None	None	None	None	60	10	85	160	135	110	(-39, 69)	174	testing
5	yy	f	18	green	6	(80, 0)	(40, 69)	(-39, 69)	(-80, 0)	(-40, -69)	(40, -69)	diamond	green	same	right	right	(-80, 0)	(40, 69)	search	nr	True	877396	878365	right	110	60	10	35	160	135	None	None	testing
5	yy	f	18	green	6	(80, 0)	(40, 69)	(-39, 69)	(-80, 0)	(-40, -69)	(40, -69)	circle	green	dif	left	left	(80, 0)	(40, 69)	search	nr	True	879650	881677	left	35	110	135	10	60	85	None	None	testing
5	yy	f	18	green	6	(80, 0)	(40, 69)	(-39, 69)	(-80, 0)	(-40, -69)	(40, -69)	circle	none	dif	right	right	N_dist	(-39, 69)	search	nr	True	882873	883869	right	135	35	110	10	160	60	None	None	testing
5	yy	f	18	green	6	(80, 0)	(40, 69)	(-39, 69)	(-80, 0)	(-40, -69)	(40, -69)	diamond	green	dif	right	right	(-40, -69)	(40, -69)	probe	norm	None	None	None	None	110	35	10	135	60	85	(40, 69)	169	testing
5	yy	f	18	green	6	(80, 0)	(40, 69)	(-39, 69)	(-80, 0)	(-40, -69)	(40, -69)	circle	green	same	left	left	(-40, -69)	(40, -69)	search	nr	True	888049	888974	left	60	10	110	160	135	35	None	None	testing
5	yy	f	18	green	6	(80, 0)	(40, 69)	(-39, 69)	(-80, 0)	(-40, -69)	(40, -69)	circle	green	dif	left	left	(40, 69)	(80, 0)	probe	l_sin	None	None	None	None	85	10	160	35	135	60	(40, 69)	150	testing
5	yy	f	18	green	6	(80, 0)	(40, 69)	(-39, 69)	(-80, 0)	(-40, -69)	(40, -69)	diamond	none	dif	left	left	N_dist	(-39, 69)	search	nr	True	893342	894013	left	10	135	85	110	60	35	None	None	testing
5	yy	f	18	green	6	(80, 0)	(40, 69)	(-39, 69)	(-80, 0)	(-40, -69)	(40, -69)	circle	green	same	left	left	(-40, -69)	(-39, 69)	search	nr	True	895246	895981	left	85	10	110	135	35	60	None	None	testing
5	yy	f	18	green	6	(80, 0)	(40, 69)	(-39, 69)	(-80, 0)	(-40, -69)	(40, -69)	diamond	none	same	left	left	N_dist	(40, 69)	search	nr	True	897283	897966	left	35	110	60	160	10	135	None	None	testing
5	yy	f	18	green	6	(80, 0)	(40, 69)	(-39, 69)	(-80, 0)	(-40, -69)	(40, -69)	diamond	none	dif	right	right	N_dist	(40, -69)	search	nr	True	899270	900077	right	85	160	10	110	60	35	None	None	testing
5	yy	f	18	green	6	(80, 0)	(40, 69)	(-39, 69)	(-80, 0)	(-40, -69)	(40, -69)	circle	none	dif	left	left	N_dist	(-39, 69)	probe	l_norm	None	None	None	None	160	35	135	60	110	10	(40, -69)	51	testing
5	yy	f	18	green	6	(80, 0)	(40, 69)	(-39, 69)	(-80, 0)	(-40, -69)	(40, -69)	diamond	none	same	right	right	N_dist	(40, -69)	search	nr	True	905298	906157	right	60	135	160	35	110	10	None	None	testing
5	yy	f	18	green	6	(80, 0)	(40, 69)	(-39, 69)	(-80, 0)	(-40, -69)	(40, -69)	circle	green	same	right	right	(-40, -69)	(40, 69)	search	nr	True	907218	908413	right	35	110	160	85	135	60	None	None	testing
5	yy	f	18	green	6	(80, 0)	(40, 69)	(-39, 69)	(-80, 0)	(-40, -69)	(40, -69)	diamond	none	same	left	left	N_dist	(-40, -69)	probe	h_tar	None	None	None	None	60	110	85	160	10	35	(-40, -69)	152	testing
5	yy	f	18	green	6	(80, 0)	(40, 69)	(-39, 69)	(-80, 0)	(-40, -69)	(40, -69)	circle	green	dif	right	right	(40, -69)	(-39, 69)	search	nr	True	913329	914254	right	160	60	10	110	85	35	None	None	testing
5	yy	f	18	green	6	(80, 0)	(40, 69)	(-39, 69)	(-80, 0)	(-40, -69)	(40, -69)	circle	none	same	left	left	N_dist	(-39, 69)	search	nr	True	915316	916108	left	110	35	60	10	85	135	None	None	testing
5	yy	f	18	green	6	(80, 0)	(40, 69)	(-39, 69)	(-80, 0)	(-40, -69)	(40, -69)	circle	none	same	left	left	N_dist	(-39, 69)	probe	l_tar	None	None	None	None	35	60	160	10	135	85	(-39, 69)	20	testing
5	yy	f	18	green	6	(80, 0)	(40, 69)	(-39, 69)	(-80, 0)	(-40, -69)	(40, -69)	circle	green	same	left	left	(-40, -69)	(80, 0)	probe	tar	None	None	None	None	110	85	160	10	60	135	(80, 0)	13	testing
5	yy	f	18	green	6	(80, 0)	(40, 69)	(-39, 69)	(-80, 0)	(-40, -69)	(40, -69)	diamond	green	same	left	left	(-40, -69)	(-39, 69)	probe	norm	None	None	None	None	10	60	160	35	135	110	(40, 69)	160	testing
5	yy	f	18	green	6	(80, 0)	(40, 69)	(-39, 69)	(-80, 0)	(-40, -69)	(40, -69)	circle	none	dif	right	right	N_dist	(80, 0)	search	nr	True	926520	927533	right	60	135	160	10	110	35	None	None	testing
5	yy	f	18	green	6	(80, 0)	(40, 69)	(-39, 69)	(-80, 0)	(-40, -69)	(40, -69)	diamond	green	same	left	left	(40, 69)	(-80, 0)	search	nr	True	928607	930109	left	85	110	10	60	135	35	None	None	testing
5	yy	f	18	green	6	(80, 0)	(40, 69)	(-39, 69)	(-80, 0)	(-40, -69)	(40, -69)	circle	none	dif	right	right	N_dist	(80, 0)	search	nr	True	931195	932302	right	160	135	35	110	10	60	None	None	testing
5	yy	f	18	green	6	(80, 0)	(40, 69)	(-39, 69)	(-80, 0)	(-40, -69)	(40, -69)	circle	green	dif	right	right	(40, -69)	(-39, 69)	search	nr	True	933416	934510	right	160	110	135	85	35	60	None	None	testing
5	yy	f	18	green	6	(80, 0)	(40, 69)	(-39, 69)	(-80, 0)	(-40, -69)	(40, -69)	diamond	green	dif	right	right	(-40, -69)	(-39, 69)	probe	tar	None	None	None	None	60	135	110	160	35	10	(-39, 69)	2	testing
5	yy	f	18	green	6	(80, 0)	(40, 69)	(-39, 69)	(-80, 0)	(-40, -69)	(40, -69)	diamond	green	dif	right	right	(40, 69)	(-39, 69)	search	nr	True	938775	939661	right	160	135	110	10	60	35	None	None	testing
5	yy	f	18	green	6	(80, 0)	(40, 69)	(-39, 69)	(-80, 0)	(-40, -69)	(40, -69)	diamond	green	dif	right	right	(-40, -69)	(40, -69)	search	nr	True	940980	941805	right	160	10	110	35	85	60	None	None	testing
5	yy	f	18	green	6	(80, 0)	(40, 69)	(-39, 69)	(-80, 0)	(-40, -69)	(40, -69)	circle	green	same	right	right	(-80, 0)	(40, 69)	probe	l_sin	None	None	None	None	110	135	35	160	60	85	(-80, 0)	10	testing
5	yy	f	18	green	6	(80, 0)	(40, 69)	(-39, 69)	(-80, 0)	(-40, -69)	(40, -69)	circle	green	dif	right	right	(-40, -69)	(-80, 0)	search	nr	True	946006	946973	right	35	135	85	10	60	160	None	None	testing
5	yy	f	18	green	6	(80, 0)	(40, 69)	(-39, 69)	(-80, 0)	(-40, -69)	(40, -69)	diamond	green	dif	right	right	(-39, 69)	(40, 69)	search	nr	True	948210	949565	right	135	160	10	35	85	60	None	None	testing
5	yy	f	18	green	6	(80, 0)	(40, 69)	(-39, 69)	(-80, 0)	(-40, -69)	(40, -69)	circle	green	same	right	right	(-40, -69)	(80, 0)	search	nr	True	950814	951773	right	10	35	160	60	85	135	None	None	testing
5	yy	f	18	green	6	(80, 0)	(40, 69)	(-39, 69)	(-80, 0)	(-40, -69)	(40, -69)	diamond	green	dif	left	left	(-40, -69)	(-80, 0)	search	nr	True	952835	953805	left	135	35	110	10	160	60	None	None	testing
5	yy	f	18	green	6	(80, 0)	(40, 69)	(-39, 69)	(-80, 0)	(-40, -69)	(40, -69)	circle	green	dif	right	right	(-40, -69)	(80, 0)	search	nr	True	954922	956222	right	10	35	110	160	60	85	None	None	testing
5	yy	f	18	green	6	(80, 0)	(40, 69)	(-39, 69)	(-80, 0)	(-40, -69)	(40, -69)	diamond	green	same	right	right	(40, 69)	(40, -69)	search	nr	True	957443	958333	right	10	60	85	160	35	135	None	None	testing
5	yy	f	18	green	6	(80, 0)	(40, 69)	(-39, 69)	(-80, 0)	(-40, -69)	(40, -69)	diamond	green	same	left	left	(-40, -69)	(-39, 69)	search	nr	True	959614	960509	left	110	135	35	160	10	60	None	None	testing
5	yy	f	18	green	6	(80, 0)	(40, 69)	(-39, 69)	(-80, 0)	(-40, -69)	(40, -69)	diamond	green	same	left	left	(40, 69)	(-80, 0)	probe	l_sin	None	None	None	None	60	10	110	135	160	85	(40, 69)	156	testing
5	yy	f	18	green	6	(80, 0)	(40, 69)	(-39, 69)	(-80, 0)	(-40, -69)	(40, -69)	circle	green	same	right	right	(-40, -69)	(-80, 0)	search	nr	True	965692	966781	right	110	35	135	60	85	160	None	None	testing
5	yy	f	18	green	6	(80, 0)	(40, 69)	(-39, 69)	(-80, 0)	(-40, -69)	(40, -69)	circle	none	same	left	left	N_dist	(-39, 69)	search	nr	True	967896	968541	left	135	35	110	60	85	160	None	None	testing
5	yy	f	18	green	6	(80, 0)	(40, 69)	(-39, 69)	(-80, 0)	(-40, -69)	(40, -69)	diamond	none	dif	right	right	N_dist	(80, 0)	search	nr	True	969800	970413	right	10	135	35	110	160	60	None	None	testing
5	yy	f	18	green	6	(80, 0)	(40, 69)	(-39, 69)	(-80, 0)	(-40, -69)	(40, -69)	diamond	green	dif	left	left	(-39, 69)	(40, 69)	probe	l_sin	None	None	None	None	10	110	85	35	160	135	(-39, 69)	167	testing
5	yy	f	18	green	6	(80, 0)	(40, 69)	(-39, 69)	(-80, 0)	(-40, -69)	(40, -69)	circle	none	dif	right	right	N_dist	(-39, 69)	search	nr	True	974825	975518	right	110	135	35	160	60	85	None	None	testing
5	yy	f	18	green	6	(80, 0)	(40, 69)	(-39, 69)	(-80, 0)	(-40, -69)	(40, -69)	circle	green	same	right	right	(-40, -69)	(40, -69)	search	nr	True	976629	977470	right	60	35	135	110	10	85	None	None	testing
5	yy	f	18	green	6	(80, 0)	(40, 69)	(-39, 69)	(-80, 0)	(-40, -69)	(40, -69)	circle	green	same	right	right	(-40, -69)	(-80, 0)	search	nr	True	978716	979757	right	135	10	35	160	60	110	None	None	testing
5	yy	f	18	green	6	(80, 0)	(40, 69)	(-39, 69)	(-80, 0)	(-40, -69)	(40, -69)	diamond	green	same	left	left	(40, 69)	(-80, 0)	search	nr	True	981070	981838	left	110	85	35	60	10	160	None	None	testing
5	yy	f	18	green	6	(80, 0)	(40, 69)	(-39, 69)	(-80, 0)	(-40, -69)	(40, -69)	diamond	green	dif	left	left	(-39, 69)	(40, 69)	search	nr	True	983040	984157	left	35	110	135	60	85	160	None	None	testing
5	yy	f	18	green	6	(80, 0)	(40, 69)	(-39, 69)	(-80, 0)	(-40, -69)	(40, -69)	circle	green	same	right	right	(-40, -69)	(-80, 0)	probe	h_sin	None	None	None	None	160	10	60	135	85	35	(-40, -69)	170	testing
5	yy	f	18	green	6	(80, 0)	(40, 69)	(-39, 69)	(-80, 0)	(-40, -69)	(40, -69)	circle	none	dif	right	right	N_dist	(40, -69)	search	nr	True	988918	990093	right	35	135	85	60	10	160	None	None	testing
5	yy	f	18	green	6	(80, 0)	(40, 69)	(-39, 69)	(-80, 0)	(-40, -69)	(40, -69)	circle	green	same	right	right	(-39, 69)	(40, -69)	search	nr	True	991172	992222	right	160	135	35	110	60	85	None	None	testing
5	yy	f	18	green	6	(80, 0)	(40, 69)	(-39, 69)	(-80, 0)	(-40, -69)	(40, -69)	diamond	green	same	right	right	(-40, -69)	(40, -69)	probe	tar	None	None	None	None	110	10	85	160	35	135	(40, -69)	20	testing
5	yy	f	18	green	6	(80, 0)	(40, 69)	(-39, 69)	(-80, 0)	(-40, -69)	(40, -69)	diamond	green	same	right	right	(-40, -69)	(40, -69)	search	nr	True	996465	997422	right	110	135	85	35	160	60	None	None	testing
5	yy	f	18	green	6	(80, 0)	(40, 69)	(-39, 69)	(-80, 0)	(-40, -69)	(40, -69)	diamond	green	same	right	right	(40, 69)	(40, -69)	search	nr	True	998702	999405	right	60	10	85	35	160	135	None	None	testing
5	yy	f	18	green	6	(80, 0)	(40, 69)	(-39, 69)	(-80, 0)	(-40, -69)	(40, -69)	circle	green	same	right	right	(-40, -69)	(40, -69)	search	nr	True	1000473	1001245	right	110	60	10	85	35	135	None	None	testing
5	yy	f	18	green	6	(80, 0)	(40, 69)	(-39, 69)	(-80, 0)	(-40, -69)	(40, -69)	circle	green	same	right	right	(-40, -69)	(40, 69)	probe	h_sin	None	None	None	None	60	160	85	135	35	10	(-40, -69)	165	testing
5	yy	f	18	green	6	(80, 0)	(40, 69)	(-39, 69)	(-80, 0)	(-40, -69)	(40, -69)	circle	green	same	right	right	(-40, -69)	(80, 0)	probe	tar	None	None	None	None	35	135	85	10	60	160	(80, 0)	158	testing
5	yy	f	18	green	6	(80, 0)	(40, 69)	(-39, 69)	(-80, 0)	(-40, -69)	(40, -69)	diamond	none	dif	right	right	N_dist	(-40, -69)	search	nr	True	1009372	1010365	right	110	85	135	60	35	10	None	None	testing
5	yy	f	18	green	6	(80, 0)	(40, 69)	(-39, 69)	(-80, 0)	(-40, -69)	(40, -69)	circle	green	same	right	right	(-80, 0)	(40, 69)	search	nr	True	1011442	1012797	right	160	85	35	60	10	110	None	None	testing
5	yy	f	18	green	6	(80, 0)	(40, 69)	(-39, 69)	(-80, 0)	(-40, -69)	(40, -69)	diamond	none	dif	right	right	N_dist	(-40, -69)	probe	h_tar	None	None	None	None	10	85	35	110	60	135	(-40, -69)	167	testing
5	yy	f	18	green	6	(80, 0)	(40, 69)	(-39, 69)	(-80, 0)	(-40, -69)	(40, -69)	diamond	green	same	left	left	(40, -69)	(40, 69)	search	nr	True	1017287	1018430	left	85	160	35	135	110	60	None	None	testing
5	yy	f	18	green	6	(80, 0)	(40, 69)	(-39, 69)	(-80, 0)	(-40, -69)	(40, -69)	diamond	none	same	left	left	N_dist	(-40, -69)	search	nr	True	1019541	1021021	left	85	10	135	110	35	60	None	None	testing
5	yy	f	18	green	6	(80, 0)	(40, 69)	(-39, 69)	(-80, 0)	(-40, -69)	(40, -69)	diamond	green	dif	left	left	(-40, -69)	(80, 0)	probe	h_sin	None	None	None	None	135	60	110	85	35	10	(-40, -69)	169	testing
5	yy	f	18	green	6	(80, 0)	(40, 69)	(-39, 69)	(-80, 0)	(-40, -69)	(40, -69)	diamond	none	same	right	right	N_dist	(40, 69)	probe	l_tar	None	None	None	None	110	85	60	135	35	160	(40, 69)	168	testing
5	yy	f	18	green	6	(80, 0)	(40, 69)	(-39, 69)	(-80, 0)	(-40, -69)	(40, -69)	circle	green	same	right	right	(-40, -69)	(-39, 69)	search	nr	True	1029275	1030189	right	85	60	110	10	135	160	None	None	testing
5	yy	f	18	green	6	(80, 0)	(40, 69)	(-39, 69)	(-80, 0)	(-40, -69)	(40, -69)	diamond	green	dif	right	right	(-39, 69)	(40, 69)	search	nr	True	1031313	1032253	right	10	85	35	60	135	160	None	None	testing
5	yy	f	18	green	6	(80, 0)	(40, 69)	(-39, 69)	(-80, 0)	(-40, -69)	(40, -69)	diamond	green	dif	left	left	(-40, -69)	(-80, 0)	search	nr	True	1033333	1034045	left	85	35	110	160	135	10	None	None	testing
5	yy	f	18	green	6	(80, 0)	(40, 69)	(-39, 69)	(-80, 0)	(-40, -69)	(40, -69)	diamond	green	dif	right	right	(80, 0)	(-39, 69)	probe	norm	None	None	None	None	110	160	135	60	85	35	(40, 69)	22	testing
5	yy	f	18	green	6	(80, 0)	(40, 69)	(-39, 69)	(-80, 0)	(-40, -69)	(40, -69)	circle	green	same	left	left	(-40, -69)	(40, 69)	search	nr	True	1039995	1040846	left	160	60	35	135	85	10	None	None	testing
5	yy	f	18	green	6	(80, 0)	(40, 69)	(-39, 69)	(-80, 0)	(-40, -69)	(40, -69)	diamond	green	dif	left	left	(-40, -69)	(-80, 0)	probe	norm	None	None	None	None	60	35	10	85	110	160	(40, 69)	160	testing
5	yy	f	18	green	6	(80, 0)	(40, 69)	(-39, 69)	(-80, 0)	(-40, -69)	(40, -69)	circle	none	dif	left	left	N_dist	(-40, -69)	search	nr	True	1045305	1046014	left	35	85	160	110	135	60	None	None	testing
5	yy	f	18	green	6	(80, 0)	(40, 69)	(-39, 69)	(-80, 0)	(-40, -69)	(40, -69)	diamond	none	same	left	left	N_dist	(-40, -69)	search	nr	True	1047075	1047821	left	160	60	135	85	35	110	None	None	testing
5	yy	f	18	green	6	(80, 0)	(40, 69)	(-39, 69)	(-80, 0)	(-40, -69)	(40, -69)	circle	green	dif	left	left	(80, 0)	(40, 69)	probe	l_sin	None	None	None	None	160	35	10	110	60	85	(80, 0)	22	testing
5	yy	f	18	green	6	(80, 0)	(40, 69)	(-39, 69)	(-80, 0)	(-40, -69)	(40, -69)	diamond	green	dif	right	right	(-40, -69)	(-39, 69)	search	nr	True	1052051	1052909	right	110	60	135	10	160	85	None	None	testing
5	yy	f	18	green	6	(80, 0)	(40, 69)	(-39, 69)	(-80, 0)	(-40, -69)	(40, -69)	diamond	none	same	left	left	N_dist	(40, 69)	search	nr	True	1054071	1054845	left	110	85	135	60	35	10	None	None	testing
5	yy	f	18	green	6	(80, 0)	(40, 69)	(-39, 69)	(-80, 0)	(-40, -69)	(40, -69)	circle	green	same	right	right	(-40, -69)	(40, 69)	search	nr	True	1056142	1057229	right	60	85	160	110	10	135	None	None	testing
5	yy	f	18	green	6	(80, 0)	(40, 69)	(-39, 69)	(-80, 0)	(-40, -69)	(40, -69)	diamond	none	dif	left	left	N_dist	(-40, -69)	search	nr	True	1058396	1059405	left	10	110	60	135	85	160	None	None	testing
5	yy	f	18	green	6	(80, 0)	(40, 69)	(-39, 69)	(-80, 0)	(-40, -69)	(40, -69)	diamond	green	dif	left	left	(-40, -69)	(40, 69)	search	nr	True	1060616	1061390	left	135	35	60	85	160	110	None	None	testing
