subj	name	gender	age	dist	run	tar_locs1	tar_locs2	tar_locs3	tar_locs4	tar_locs5	tar_locs6	shape	dist	td_dif	detection	resp_key	dis_loc	tar_loc	task_type	probe_cond	gotKey	startTime	respTime	resp	o1	o2	o3	o4	o5	o6	pro_loc	ori_resp	mode
5	yy	f	18	green	4	(80, 0)	(40, 69)	(-39, 69)	(-80, 0)	(-40, -69)	(40, -69)	diamond	green	dif	left	left	(-40, -69)	(-80, 0)	search	nr	True	72885	73806	left	110	85	60	35	160	135	None	None	practice
5	yy	f	18	green	4	(80, 0)	(40, 69)	(-39, 69)	(-80, 0)	(-40, -69)	(40, -69)	diamond	none	dif	right	right	N_dist	(-39, 69)	search	nr	True	74889	75486	right	135	35	160	85	10	110	None	None	practice
5	yy	f	18	green	4	(80, 0)	(40, 69)	(-39, 69)	(-80, 0)	(-40, -69)	(40, -69)	circle	green	same	right	right	(-40, -69)	(40, 69)	probe	norm	None	None	None	None	160	85	60	110	10	135	(80, 0)	23	practice
5	yy	f	18	green	4	(80, 0)	(40, 69)	(-39, 69)	(-80, 0)	(-40, -69)	(40, -69)	circle	none	dif	right	right	N_dist	(40, 69)	search	nr	True	80450	81102	right	160	110	85	135	35	10	None	None	practice
5	yy	f	18	green	4	(80, 0)	(40, 69)	(-39, 69)	(-80, 0)	(-40, -69)	(40, -69)	diamond	green	dif	left	left	(40, 69)	(-39, 69)	probe	norm	None	None	None	None	85	110	135	35	160	10	(-40, -69)	170	practice
5	yy	f	18	green	4	(80, 0)	(40, 69)	(-39, 69)	(-80, 0)	(-40, -69)	(40, -69)	diamond	green	dif	right	right	(80, 0)	(-39, 69)	search	nr	True	87729	88335	right	85	110	10	135	60	35	None	None	practice
5	yy	f	18	green	4	(80, 0)	(40, 69)	(-39, 69)	(-80, 0)	(-40, -69)	(40, -69)	diamond	green	dif	left	left	(-40, -69)	(-80, 0)	search	nr	True	89516	90174	left	35	110	60	135	160	10	None	None	practice
5	yy	f	18	green	4	(80, 0)	(40, 69)	(-39, 69)	(-80, 0)	(-40, -69)	(40, -69)	diamond	green	dif	left	left	(40, 69)	(40, -69)	probe	l_sin	None	None	None	None	110	135	10	85	35	60	(40, 69)	11	practice
5	yy	f	18	green	4	(80, 0)	(40, 69)	(-39, 69)	(-80, 0)	(-40, -69)	(40, -69)	circle	none	same	right	right	N_dist	(40, 69)	search	nr	True	95110	95743	right	35	110	85	10	135	60	None	None	practice
5	yy	f	18	green	4	(80, 0)	(40, 69)	(-39, 69)	(-80, 0)	(-40, -69)	(40, -69)	circle	green	dif	right	right	(-40, -69)	(40, 69)	search	nr	True	96880	97775	right	85	10	60	110	160	35	None	None	practice
5	yy	f	18	green	4	(80, 0)	(40, 69)	(-39, 69)	(-80, 0)	(-40, -69)	(40, -69)	circle	none	dif	left	left	N_dist	(-40, -69)	search	nr	True	98834	99550	left	135	60	10	110	160	35	None	None	practice
5	yy	f	18	green	4	(80, 0)	(40, 69)	(-39, 69)	(-80, 0)	(-40, -69)	(40, -69)	circle	green	same	left	left	(-40, -69)	(-39, 69)	search	nr	True	100854	101503	left	110	160	10	60	135	85	None	None	practice
5	yy	f	18	green	4	(80, 0)	(40, 69)	(-39, 69)	(-80, 0)	(-40, -69)	(40, -69)	circle	none	dif	right	right	N_dist	(80, 0)	search	nr	True	102690	103327	right	35	135	10	60	160	85	None	None	practice
5	yy	f	18	green	4	(80, 0)	(40, 69)	(-39, 69)	(-80, 0)	(-40, -69)	(40, -69)	diamond	green	dif	right	right	(-40, -69)	(80, 0)	search	nr	True	104560	105470	right	35	60	110	135	160	85	None	None	practice
5	yy	f	18	green	4	(80, 0)	(40, 69)	(-39, 69)	(-80, 0)	(-40, -69)	(40, -69)	circle	none	same	left	left	N_dist	(-39, 69)	probe	h_norm	None	None	None	None	35	10	160	135	110	85	(-40, -69)	5	practice
5	yy	f	18	green	4	(80, 0)	(40, 69)	(-39, 69)	(-80, 0)	(-40, -69)	(40, -69)	diamond	none	same	left	left	N_dist	(-80, 0)	probe	h_norm	None	None	None	None	85	160	60	10	35	135	(-40, -69)	163	practice
5	yy	f	18	green	4	(80, 0)	(40, 69)	(-39, 69)	(-80, 0)	(-40, -69)	(40, -69)	diamond	green	dif	left	left	(40, 69)	(40, -69)	search	nr	True	116015	117071	left	60	85	35	160	110	135	None	None	practice
5	yy	f	18	green	4	(80, 0)	(40, 69)	(-39, 69)	(-80, 0)	(-40, -69)	(40, -69)	circle	none	dif	left	left	N_dist	(40, 69)	search	nr	True	118236	119295	left	10	135	35	160	60	85	None	None	practice
5	yy	f	18	green	4	(80, 0)	(40, 69)	(-39, 69)	(-80, 0)	(-40, -69)	(40, -69)	diamond	green	same	right	right	(-40, -69)	(80, 0)	search	nr	True	120540	121151	right	160	60	135	35	110	85	None	None	practice
5	yy	f	18	green	4	(80, 0)	(40, 69)	(-39, 69)	(-80, 0)	(-40, -69)	(40, -69)	circle	green	same	left	left	(80, 0)	(-80, 0)	search	nr	True	122360	123214	left	135	85	160	35	60	110	None	None	practice
5	yy	f	18	green	4	(80, 0)	(40, 69)	(-39, 69)	(-80, 0)	(-40, -69)	(40, -69)	circle	green	same	left	left	(-40, -69)	(-39, 69)	search	nr	True	124280	125311	left	135	60	35	160	10	85	None	None	practice
5	yy	f	18	green	4	(80, 0)	(40, 69)	(-39, 69)	(-80, 0)	(-40, -69)	(40, -69)	diamond	green	same	right	right	(40, -69)	(-80, 0)	search	nr	True	126384	127455	right	160	35	10	85	110	60	None	None	practice
5	yy	f	18	green	4	(80, 0)	(40, 69)	(-39, 69)	(-80, 0)	(-40, -69)	(40, -69)	circle	green	same	left	left	(-40, -69)	(-39, 69)	search	nr	True	128554	129487	left	135	60	160	10	110	85	None	None	practice
5	yy	f	18	green	4	(80, 0)	(40, 69)	(-39, 69)	(-80, 0)	(-40, -69)	(40, -69)	diamond	green	same	left	left	(-40, -69)	(40, 69)	probe	norm	None	None	None	None	85	135	60	160	110	10	(-39, 69)	170	practice
5	yy	f	18	green	4	(80, 0)	(40, 69)	(-39, 69)	(-80, 0)	(-40, -69)	(40, -69)	diamond	green	dif	left	left	(-39, 69)	(-80, 0)	probe	tar	None	None	None	None	60	85	135	160	35	110	(-80, 0)	32	practice
5	yy	f	18	green	4	(80, 0)	(40, 69)	(-39, 69)	(-80, 0)	(-40, -69)	(40, -69)	diamond	green	same	left	left	(-40, -69)	(-39, 69)	probe	h_sin	None	None	None	None	10	35	60	110	160	135	(-40, -69)	163	practice
5	yy	f	18	green	4	(80, 0)	(40, 69)	(-39, 69)	(-80, 0)	(-40, -69)	(40, -69)	circle	green	same	left	left	(-40, -69)	(80, 0)	probe	tar	None	None	None	None	10	85	160	35	135	60	(80, 0)	141	practice
5	yy	f	18	green	4	(80, 0)	(40, 69)	(-39, 69)	(-80, 0)	(-40, -69)	(40, -69)	diamond	green	same	left	left	(-40, -69)	(40, 69)	search	nr	True	148157	148766	left	160	10	60	135	35	110	None	None	practice
5	yy	f	18	green	4	(80, 0)	(40, 69)	(-39, 69)	(-80, 0)	(-40, -69)	(40, -69)	diamond	green	same	left	left	(-40, -69)	(40, -69)	search	nr	True	149961	150783	left	10	135	85	110	35	160	None	None	practice
5	yy	f	18	green	4	(80, 0)	(40, 69)	(-39, 69)	(-80, 0)	(-40, -69)	(40, -69)	circle	green	dif	left	left	(40, -69)	(80, 0)	search	nr	True	152014	152943	left	135	35	110	85	10	160	None	None	practice
5	yy	f	18	green	4	(80, 0)	(40, 69)	(-39, 69)	(-80, 0)	(-40, -69)	(40, -69)	circle	green	same	right	right	(-40, -69)	(-39, 69)	probe	norm	None	None	None	None	85	135	110	35	10	60	(80, 0)	15	practice
5	yy	f	18	green	4	(80, 0)	(40, 69)	(-39, 69)	(-80, 0)	(-40, -69)	(40, -69)	circle	none	same	right	right	N_dist	(40, 69)	search	nr	True	157358	158222	right	10	135	110	60	85	35	None	None	practice
5	yy	f	18	green	4	(80, 0)	(40, 69)	(-39, 69)	(-80, 0)	(-40, -69)	(40, -69)	circle	none	same	right	right	N_dist	(-40, -69)	search	nr	True	159361	160031	right	85	10	35	110	60	135	None	None	practice
5	yy	f	18	green	4	(80, 0)	(40, 69)	(-39, 69)	(-80, 0)	(-40, -69)	(40, -69)	circle	green	same	right	right	(40, -69)	(80, 0)	search	nr	True	161181	162207	right	35	135	85	60	10	110	None	None	practice
5	yy	f	18	green	4	(80, 0)	(40, 69)	(-39, 69)	(-80, 0)	(-40, -69)	(40, -69)	circle	none	dif	left	left	N_dist	(-80, 0)	search	nr	True	163352	164079	left	35	135	10	160	85	110	None	None	practice
5	yy	f	18	green	4	(80, 0)	(40, 69)	(-39, 69)	(-80, 0)	(-40, -69)	(40, -69)	circle	green	same	left	left	(-40, -69)	(40, 69)	search	nr	True	165389	166222	left	35	110	10	135	160	60	None	None	practice
5	yy	f	18	green	4	(80, 0)	(40, 69)	(-39, 69)	(-80, 0)	(-40, -69)	(40, -69)	circle	green	same	right	right	(-40, -69)	(-80, 0)	probe	tar	None	None	None	None	10	110	135	160	35	60	(-80, 0)	32	practice
5	yy	f	18	green	4	(80, 0)	(40, 69)	(-39, 69)	(-80, 0)	(-40, -69)	(40, -69)	diamond	none	dif	right	right	N_dist	(-80, 0)	probe	h_norm	None	None	None	None	135	35	85	160	60	10	(-40, -69)	169	practice
5	yy	f	18	green	4	(80, 0)	(40, 69)	(-39, 69)	(-80, 0)	(-40, -69)	(40, -69)	diamond	none	dif	right	right	N_dist	(-40, -69)	search	nr	True	175575	176399	right	10	110	85	160	60	35	None	None	practice
5	yy	f	18	green	4	(80, 0)	(40, 69)	(-39, 69)	(-80, 0)	(-40, -69)	(40, -69)	diamond	none	same	left	left	N_dist	(40, -69)	probe	l_tar	None	None	None	None	60	135	35	10	110	85	(40, -69)	178	practice
5	yy	f	18	green	4	(80, 0)	(40, 69)	(-39, 69)	(-80, 0)	(-40, -69)	(40, -69)	diamond	green	dif	right	right	(-40, -69)	(40, -69)	search	nr	True	212141	213310	right	35	135	85	110	160	10	None	None	testing
5	yy	f	18	green	4	(80, 0)	(40, 69)	(-39, 69)	(-80, 0)	(-40, -69)	(40, -69)	diamond	green	same	right	right	(-39, 69)	(-80, 0)	search	nr	True	214529	216222	right	10	110	135	60	85	160	None	None	testing
5	yy	f	18	green	4	(80, 0)	(40, 69)	(-39, 69)	(-80, 0)	(-40, -69)	(40, -69)	diamond	none	same	left	left	N_dist	(40, -69)	search	nr	True	217368	218047	left	135	10	60	160	35	85	None	None	testing
5	yy	f	18	green	4	(80, 0)	(40, 69)	(-39, 69)	(-80, 0)	(-40, -69)	(40, -69)	circle	green	dif	left	left	(-40, -69)	(40, 69)	search	nr	True	219271	220655	left	135	85	160	110	10	60	None	None	testing
5	yy	f	18	green	4	(80, 0)	(40, 69)	(-39, 69)	(-80, 0)	(-40, -69)	(40, -69)	circle	green	same	left	left	(-40, -69)	(40, 69)	search	nr	True	221960	223134	left	85	110	60	160	135	35	None	None	testing
5	yy	f	18	green	4	(80, 0)	(40, 69)	(-39, 69)	(-80, 0)	(-40, -69)	(40, -69)	circle	green	dif	left	left	(-40, -69)	(-80, 0)	search	nr	True	224297	225247	left	160	110	60	135	10	35	None	None	testing
5	yy	f	18	green	4	(80, 0)	(40, 69)	(-39, 69)	(-80, 0)	(-40, -69)	(40, -69)	circle	green	same	left	left	(-40, -69)	(-39, 69)	search	nr	True	226318	226991	left	85	160	10	60	110	35	None	None	testing
5	yy	f	18	green	4	(80, 0)	(40, 69)	(-39, 69)	(-80, 0)	(-40, -69)	(40, -69)	diamond	green	same	left	left	(-40, -69)	(40, -69)	search	nr	True	228071	228894	right	160	110	135	10	60	35	None	None	testing
5	yy	f	18	green	4	(80, 0)	(40, 69)	(-39, 69)	(-80, 0)	(-40, -69)	(40, -69)	circle	green	dif	left	left	(-40, -69)	(40, -69)	search	nr	True	231661	233647	left	60	10	135	35	85	160	None	None	testing
5	yy	f	18	green	4	(80, 0)	(40, 69)	(-39, 69)	(-80, 0)	(-40, -69)	(40, -69)	diamond	green	same	left	left	(-40, -69)	(-80, 0)	probe	norm	None	None	None	None	10	160	135	110	35	60	(-39, 69)	11	testing
5	yy	f	18	green	4	(80, 0)	(40, 69)	(-39, 69)	(-80, 0)	(-40, -69)	(40, -69)	circle	green	dif	left	left	(-39, 69)	(80, 0)	search	nr	True	238557	239470	left	160	110	35	85	60	10	None	None	testing
5	yy	f	18	green	4	(80, 0)	(40, 69)	(-39, 69)	(-80, 0)	(-40, -69)	(40, -69)	circle	green	dif	right	right	(40, 69)	(-80, 0)	search	nr	True	240628	241726	right	10	135	110	60	160	35	None	None	testing
5	yy	f	18	green	4	(80, 0)	(40, 69)	(-39, 69)	(-80, 0)	(-40, -69)	(40, -69)	diamond	green	dif	left	left	(-39, 69)	(-80, 0)	search	nr	True	242948	244703	left	85	60	110	35	135	10	None	None	testing
5	yy	f	18	green	4	(80, 0)	(40, 69)	(-39, 69)	(-80, 0)	(-40, -69)	(40, -69)	diamond	green	same	right	right	(-40, -69)	(40, -69)	search	nr	True	245970	247071	right	160	35	85	110	60	10	None	None	testing
5	yy	f	18	green	4	(80, 0)	(40, 69)	(-39, 69)	(-80, 0)	(-40, -69)	(40, -69)	diamond	none	dif	right	right	N_dist	(-40, -69)	probe	h_tar	None	None	None	None	135	110	35	85	160	60	(-40, -69)	14	testing
5	yy	f	18	green	4	(80, 0)	(40, 69)	(-39, 69)	(-80, 0)	(-40, -69)	(40, -69)	circle	green	same	right	right	(-80, 0)	(40, 69)	probe	l_sin	None	None	None	None	110	10	160	60	85	35	(-80, 0)	174	testing
5	yy	f	18	green	4	(80, 0)	(40, 69)	(-39, 69)	(-80, 0)	(-40, -69)	(40, -69)	circle	none	dif	right	right	N_dist	(40, 69)	search	nr	True	255789	257823	right	85	10	160	135	60	110	None	None	testing
5	yy	f	18	green	4	(80, 0)	(40, 69)	(-39, 69)	(-80, 0)	(-40, -69)	(40, -69)	circle	green	dif	right	right	(-40, -69)	(40, 69)	search	nr	True	259078	260159	right	110	60	10	35	160	85	None	None	testing
5	yy	f	18	green	4	(80, 0)	(40, 69)	(-39, 69)	(-80, 0)	(-40, -69)	(40, -69)	circle	green	same	right	right	(40, -69)	(-39, 69)	search	nr	True	261416	262319	right	60	85	10	135	110	35	None	None	testing
5	yy	f	18	green	4	(80, 0)	(40, 69)	(-39, 69)	(-80, 0)	(-40, -69)	(40, -69)	circle	none	same	left	left	N_dist	(80, 0)	search	nr	True	263553	264606	left	135	160	110	10	60	35	None	None	testing
5	yy	f	18	green	4	(80, 0)	(40, 69)	(-39, 69)	(-80, 0)	(-40, -69)	(40, -69)	circle	green	same	left	left	(-40, -69)	(40, 69)	probe	h_sin	None	None	None	None	135	35	60	160	10	110	(-40, -69)	172	testing
5	yy	f	18	green	4	(80, 0)	(40, 69)	(-39, 69)	(-80, 0)	(-40, -69)	(40, -69)	diamond	green	same	left	left	(-40, -69)	(40, -69)	search	nr	True	269647	271151	left	60	135	160	35	10	85	None	None	testing
5	yy	f	18	green	4	(80, 0)	(40, 69)	(-39, 69)	(-80, 0)	(-40, -69)	(40, -69)	diamond	none	dif	right	right	N_dist	(-40, -69)	search	nr	True	272385	273375	right	135	85	35	110	60	160	None	None	testing
5	yy	f	18	green	4	(80, 0)	(40, 69)	(-39, 69)	(-80, 0)	(-40, -69)	(40, -69)	diamond	green	same	right	right	(-40, -69)	(-80, 0)	search	nr	True	274606	275407	right	110	160	60	85	35	10	None	None	testing
5	yy	f	18	green	4	(80, 0)	(40, 69)	(-39, 69)	(-80, 0)	(-40, -69)	(40, -69)	diamond	none	dif	right	right	N_dist	(40, 69)	search	nr	True	276560	277758	right	135	60	10	35	160	85	None	None	testing
5	yy	f	18	green	4	(80, 0)	(40, 69)	(-39, 69)	(-80, 0)	(-40, -69)	(40, -69)	diamond	green	same	right	right	(-40, -69)	(40, -69)	search	nr	True	278898	279695	right	85	10	110	135	60	160	None	None	testing
5	yy	f	18	green	4	(80, 0)	(40, 69)	(-39, 69)	(-80, 0)	(-40, -69)	(40, -69)	circle	green	dif	left	left	(80, 0)	(-39, 69)	search	nr	True	281002	282239	left	35	10	160	60	135	110	None	None	testing
5	yy	f	18	green	4	(80, 0)	(40, 69)	(-39, 69)	(-80, 0)	(-40, -69)	(40, -69)	circle	green	dif	left	left	(80, 0)	(40, 69)	probe	norm	None	None	None	None	60	85	10	135	35	160	(-40, -69)	162	testing
5	yy	f	18	green	4	(80, 0)	(40, 69)	(-39, 69)	(-80, 0)	(-40, -69)	(40, -69)	diamond	green	same	left	left	(40, -69)	(-39, 69)	search	nr	True	288098	289022	left	85	110	60	10	35	135	None	None	testing
5	yy	f	18	green	4	(80, 0)	(40, 69)	(-39, 69)	(-80, 0)	(-40, -69)	(40, -69)	circle	none	dif	right	right	N_dist	(40, 69)	search	nr	True	290152	291583	right	35	85	135	110	60	10	None	None	testing
5	yy	f	18	green	4	(80, 0)	(40, 69)	(-39, 69)	(-80, 0)	(-40, -69)	(40, -69)	circle	green	dif	left	left	(-40, -69)	(40, -69)	search	nr	True	292740	293503	left	10	85	60	35	135	160	None	None	testing
5	yy	f	18	green	4	(80, 0)	(40, 69)	(-39, 69)	(-80, 0)	(-40, -69)	(40, -69)	circle	none	same	left	left	N_dist	(80, 0)	probe	h_norm	None	None	None	None	85	135	110	160	10	60	(-40, -69)	148	testing
5	yy	f	18	green	4	(80, 0)	(40, 69)	(-39, 69)	(-80, 0)	(-40, -69)	(40, -69)	diamond	green	dif	left	left	(-40, -69)	(40, 69)	search	nr	True	298584	299550	left	135	60	35	10	85	110	None	None	testing
5	yy	f	18	green	4	(80, 0)	(40, 69)	(-39, 69)	(-80, 0)	(-40, -69)	(40, -69)	circle	green	dif	right	right	(-40, -69)	(80, 0)	search	nr	True	300738	302255	right	160	10	135	60	110	35	None	None	testing
5	yy	f	18	green	4	(80, 0)	(40, 69)	(-39, 69)	(-80, 0)	(-40, -69)	(40, -69)	circle	green	same	left	left	(80, 0)	(-80, 0)	search	nr	True	303443	304367	left	160	10	135	110	35	60	None	None	testing
5	yy	f	18	green	4	(80, 0)	(40, 69)	(-39, 69)	(-80, 0)	(-40, -69)	(40, -69)	circle	green	dif	left	left	(-39, 69)	(-80, 0)	search	nr	True	305530	306430	left	110	160	85	10	35	60	None	None	testing
5	yy	f	18	green	4	(80, 0)	(40, 69)	(-39, 69)	(-80, 0)	(-40, -69)	(40, -69)	circle	none	dif	left	left	N_dist	(80, 0)	probe	l_norm	None	None	None	None	35	85	110	135	60	10	(40, -69)	24	testing
5	yy	f	18	green	4	(80, 0)	(40, 69)	(-39, 69)	(-80, 0)	(-40, -69)	(40, -69)	circle	none	same	left	left	N_dist	(40, -69)	search	nr	True	311173	312142	left	35	160	135	85	60	10	None	None	testing
5	yy	f	18	green	4	(80, 0)	(40, 69)	(-39, 69)	(-80, 0)	(-40, -69)	(40, -69)	diamond	none	dif	left	left	N_dist	(-80, 0)	probe	l_norm	None	None	None	None	160	10	60	135	85	110	(40, -69)	16	testing
5	yy	f	18	green	4	(80, 0)	(40, 69)	(-39, 69)	(-80, 0)	(-40, -69)	(40, -69)	diamond	green	same	right	right	(-40, -69)	(80, 0)	search	nr	True	316967	317934	right	10	135	85	60	35	160	None	None	testing
5	yy	f	18	green	4	(80, 0)	(40, 69)	(-39, 69)	(-80, 0)	(-40, -69)	(40, -69)	diamond	green	dif	right	right	(80, 0)	(-39, 69)	search	nr	True	319155	320463	right	85	60	10	160	110	135	None	None	testing
5	yy	f	18	green	4	(80, 0)	(40, 69)	(-39, 69)	(-80, 0)	(-40, -69)	(40, -69)	circle	green	same	right	right	(-40, -69)	(80, 0)	search	nr	True	321693	322463	right	160	135	35	110	85	60	None	None	testing
5	yy	f	18	green	4	(80, 0)	(40, 69)	(-39, 69)	(-80, 0)	(-40, -69)	(40, -69)	circle	none	dif	right	right	N_dist	(-80, 0)	search	nr	True	323596	324495	right	35	60	135	160	85	110	None	None	testing
5	yy	f	18	green	4	(80, 0)	(40, 69)	(-39, 69)	(-80, 0)	(-40, -69)	(40, -69)	diamond	none	same	right	right	N_dist	(40, 69)	search	nr	True	325633	326879	right	35	60	160	135	10	85	None	None	testing
5	yy	f	18	green	4	(80, 0)	(40, 69)	(-39, 69)	(-80, 0)	(-40, -69)	(40, -69)	diamond	green	same	left	left	(-40, -69)	(40, -69)	search	nr	True	327955	329006	left	10	35	135	160	85	110	None	None	testing
5	yy	f	18	green	4	(80, 0)	(40, 69)	(-39, 69)	(-80, 0)	(-40, -69)	(40, -69)	diamond	green	same	right	right	(-40, -69)	(80, 0)	probe	norm	None	None	None	None	160	85	35	60	10	110	(-39, 69)	3	testing
5	yy	f	18	green	4	(80, 0)	(40, 69)	(-39, 69)	(-80, 0)	(-40, -69)	(40, -69)	diamond	green	same	left	left	(-40, -69)	(-39, 69)	search	nr	True	333798	334638	left	10	160	135	35	60	110	None	None	testing
5	yy	f	18	green	4	(80, 0)	(40, 69)	(-39, 69)	(-80, 0)	(-40, -69)	(40, -69)	diamond	none	dif	left	left	N_dist	(40, 69)	search	nr	True	335903	336622	left	160	60	85	35	135	10	None	None	testing
5	yy	f	18	green	4	(80, 0)	(40, 69)	(-39, 69)	(-80, 0)	(-40, -69)	(40, -69)	circle	none	same	right	right	N_dist	(-40, -69)	search	nr	True	337889	338751	right	110	160	10	60	135	85	None	None	testing
5	yy	f	18	green	4	(80, 0)	(40, 69)	(-39, 69)	(-80, 0)	(-40, -69)	(40, -69)	circle	green	dif	left	left	(40, -69)	(80, 0)	search	nr	True	339926	341087	left	85	60	135	110	35	10	None	None	testing
5	yy	f	18	green	4	(80, 0)	(40, 69)	(-39, 69)	(-80, 0)	(-40, -69)	(40, -69)	circle	green	same	left	left	(-40, -69)	(-39, 69)	search	nr	True	342231	343022	left	160	10	135	110	85	35	None	None	testing
5	yy	f	18	green	4	(80, 0)	(40, 69)	(-39, 69)	(-80, 0)	(-40, -69)	(40, -69)	diamond	green	dif	left	left	(-39, 69)	(40, -69)	probe	l_sin	None	None	None	None	160	35	60	110	85	10	(-39, 69)	173	testing
5	yy	f	18	green	4	(80, 0)	(40, 69)	(-39, 69)	(-80, 0)	(-40, -69)	(40, -69)	circle	green	same	left	left	(-40, -69)	(-80, 0)	search	nr	True	348108	349214	left	160	110	60	35	135	10	None	None	testing
5	yy	f	18	green	4	(80, 0)	(40, 69)	(-39, 69)	(-80, 0)	(-40, -69)	(40, -69)	diamond	none	dif	left	left	N_dist	(40, 69)	search	nr	True	350329	351119	left	60	85	10	110	35	160	None	None	testing
5	yy	f	18	green	4	(80, 0)	(40, 69)	(-39, 69)	(-80, 0)	(-40, -69)	(40, -69)	circle	green	dif	right	right	(-40, -69)	(80, 0)	search	nr	True	352299	353422	right	135	10	160	85	110	60	None	None	testing
5	yy	f	18	green	4	(80, 0)	(40, 69)	(-39, 69)	(-80, 0)	(-40, -69)	(40, -69)	circle	green	same	left	left	(80, 0)	(-80, 0)	probe	l_sin	None	None	None	None	60	35	110	85	135	160	(80, 0)	166	testing
5	yy	f	18	green	4	(80, 0)	(40, 69)	(-39, 69)	(-80, 0)	(-40, -69)	(40, -69)	circle	green	same	right	right	(-40, -69)	(-80, 0)	probe	h_sin	None	None	None	None	135	85	60	110	10	35	(-40, -69)	154	testing
5	yy	f	18	green	4	(80, 0)	(40, 69)	(-39, 69)	(-80, 0)	(-40, -69)	(40, -69)	diamond	none	same	right	right	N_dist	(40, -69)	search	nr	True	362518	363549	right	10	110	135	60	160	85	None	None	testing
5	yy	f	18	green	4	(80, 0)	(40, 69)	(-39, 69)	(-80, 0)	(-40, -69)	(40, -69)	diamond	green	dif	right	right	(-40, -69)	(40, -69)	search	nr	True	364823	366367	right	35	110	10	135	60	85	None	None	testing
5	yy	f	18	green	4	(80, 0)	(40, 69)	(-39, 69)	(-80, 0)	(-40, -69)	(40, -69)	diamond	none	same	left	left	N_dist	(40, -69)	search	nr	True	367628	368542	left	135	110	10	85	35	60	None	None	testing
5	yy	f	18	green	4	(80, 0)	(40, 69)	(-39, 69)	(-80, 0)	(-40, -69)	(40, -69)	circle	green	dif	right	right	(-40, -69)	(80, 0)	probe	tar	None	None	None	None	160	10	85	60	110	135	(80, 0)	24	testing
5	yy	f	18	green	4	(80, 0)	(40, 69)	(-39, 69)	(-80, 0)	(-40, -69)	(40, -69)	diamond	green	dif	right	right	(-40, -69)	(80, 0)	search	nr	True	373071	374447	right	110	85	160	60	35	135	None	None	testing
5	yy	f	18	green	4	(80, 0)	(40, 69)	(-39, 69)	(-80, 0)	(-40, -69)	(40, -69)	circle	green	dif	left	left	(-39, 69)	(80, 0)	probe	l_sin	None	None	None	None	35	85	135	60	110	160	(-39, 69)	168	testing
5	yy	f	18	green	4	(80, 0)	(40, 69)	(-39, 69)	(-80, 0)	(-40, -69)	(40, -69)	diamond	green	dif	left	left	(40, -69)	(-80, 0)	search	nr	True	379599	380463	left	160	10	85	60	110	35	None	None	testing
5	yy	f	18	green	4	(80, 0)	(40, 69)	(-39, 69)	(-80, 0)	(-40, -69)	(40, -69)	circle	green	dif	left	left	(-40, -69)	(40, 69)	search	nr	True	381687	382863	left	85	110	60	10	135	35	None	None	testing
5	yy	f	18	green	4	(80, 0)	(40, 69)	(-39, 69)	(-80, 0)	(-40, -69)	(40, -69)	circle	green	dif	left	left	(80, 0)	(-39, 69)	probe	norm	None	None	None	None	110	10	35	160	60	85	(-80, 0)	19	testing
5	yy	f	18	green	4	(80, 0)	(40, 69)	(-39, 69)	(-80, 0)	(-40, -69)	(40, -69)	circle	green	same	left	left	(-40, -69)	(80, 0)	probe	tar	None	None	None	None	35	85	135	60	110	10	(80, 0)	156	testing
5	yy	f	18	green	4	(80, 0)	(40, 69)	(-39, 69)	(-80, 0)	(-40, -69)	(40, -69)	diamond	green	same	right	right	(-40, -69)	(-80, 0)	search	nr	True	391154	391983	right	85	35	110	10	160	135	None	None	testing
5	yy	f	18	green	4	(80, 0)	(40, 69)	(-39, 69)	(-80, 0)	(-40, -69)	(40, -69)	circle	none	dif	right	right	N_dist	(40, -69)	search	nr	True	393275	394398	right	85	110	160	135	35	60	None	None	testing
5	yy	f	18	green	4	(80, 0)	(40, 69)	(-39, 69)	(-80, 0)	(-40, -69)	(40, -69)	diamond	none	dif	left	left	N_dist	(80, 0)	search	nr	True	395679	396606	left	160	60	135	110	10	35	None	None	testing
5	yy	f	18	green	4	(80, 0)	(40, 69)	(-39, 69)	(-80, 0)	(-40, -69)	(40, -69)	diamond	none	dif	left	left	N_dist	(80, 0)	probe	l_norm	None	None	None	None	85	160	35	10	110	60	(40, -69)	157	testing
5	yy	f	18	green	4	(80, 0)	(40, 69)	(-39, 69)	(-80, 0)	(-40, -69)	(40, -69)	diamond	green	same	right	right	(-40, -69)	(-80, 0)	probe	h_sin	None	None	None	None	160	135	10	85	60	110	(-40, -69)	168	testing
5	yy	f	18	green	4	(80, 0)	(40, 69)	(-39, 69)	(-80, 0)	(-40, -69)	(40, -69)	circle	green	same	right	right	(-40, -69)	(40, 69)	search	nr	True	405714	406797	right	135	160	85	10	60	110	None	None	testing
5	yy	f	18	green	4	(80, 0)	(40, 69)	(-39, 69)	(-80, 0)	(-40, -69)	(40, -69)	diamond	none	same	left	left	N_dist	(-80, 0)	search	nr	True	407902	408798	left	85	60	110	135	10	35	None	None	testing
5	yy	f	18	green	4	(80, 0)	(40, 69)	(-39, 69)	(-80, 0)	(-40, -69)	(40, -69)	circle	none	same	right	right	N_dist	(-40, -69)	search	nr	True	409888	411071	right	160	85	60	35	135	110	None	None	testing
5	yy	f	18	green	4	(80, 0)	(40, 69)	(-39, 69)	(-80, 0)	(-40, -69)	(40, -69)	circle	green	same	left	left	(80, 0)	(-80, 0)	probe	norm	None	None	None	None	160	135	85	10	110	35	(40, 69)	17	testing
5	yy	f	18	green	4	(80, 0)	(40, 69)	(-39, 69)	(-80, 0)	(-40, -69)	(40, -69)	circle	none	same	left	left	N_dist	(-39, 69)	search	nr	True	415799	417102	left	110	35	10	160	85	60	None	None	testing
5	yy	f	18	green	4	(80, 0)	(40, 69)	(-39, 69)	(-80, 0)	(-40, -69)	(40, -69)	circle	green	same	right	right	(-40, -69)	(-80, 0)	probe	tar	None	None	None	None	110	60	135	160	10	85	(-80, 0)	29	testing
5	yy	f	18	green	4	(80, 0)	(40, 69)	(-39, 69)	(-80, 0)	(-40, -69)	(40, -69)	diamond	green	dif	right	right	(-40, -69)	(80, 0)	probe	norm	None	None	None	None	160	85	10	35	60	110	(-39, 69)	166	testing
5	yy	f	18	green	4	(80, 0)	(40, 69)	(-39, 69)	(-80, 0)	(-40, -69)	(40, -69)	diamond	green	dif	left	left	(-40, -69)	(-39, 69)	search	nr	True	429959	431342	left	60	35	160	110	85	10	None	None	testing
5	yy	f	18	green	4	(80, 0)	(40, 69)	(-39, 69)	(-80, 0)	(-40, -69)	(40, -69)	circle	green	dif	left	left	(-40, -69)	(40, 69)	probe	norm	None	None	None	None	10	110	60	85	35	160	(40, -69)	26	testing
5	yy	f	18	green	4	(80, 0)	(40, 69)	(-39, 69)	(-80, 0)	(-40, -69)	(40, -69)	circle	green	same	left	left	(-40, -69)	(-39, 69)	probe	norm	None	None	None	None	85	35	10	60	135	110	(-80, 0)	9	testing
5	yy	f	18	green	4	(80, 0)	(40, 69)	(-39, 69)	(-80, 0)	(-40, -69)	(40, -69)	circle	none	same	right	right	N_dist	(80, 0)	search	nr	True	440361	441230	right	110	60	85	10	135	35	None	None	testing
5	yy	f	18	green	4	(80, 0)	(40, 69)	(-39, 69)	(-80, 0)	(-40, -69)	(40, -69)	circle	none	same	left	left	N_dist	(-80, 0)	search	nr	True	442499	443518	left	85	60	10	35	110	160	None	None	testing
5	yy	f	18	green	4	(80, 0)	(40, 69)	(-39, 69)	(-80, 0)	(-40, -69)	(40, -69)	diamond	none	same	left	left	N_dist	(-40, -69)	probe	h_tar	None	None	None	None	10	160	85	110	35	135	(-40, -69)	159	testing
5	yy	f	18	green	4	(80, 0)	(40, 69)	(-39, 69)	(-80, 0)	(-40, -69)	(40, -69)	circle	green	dif	left	left	(80, 0)	(40, 69)	search	nr	True	448309	449567	left	160	60	85	35	110	135	None	None	testing
5	yy	f	18	green	4	(80, 0)	(40, 69)	(-39, 69)	(-80, 0)	(-40, -69)	(40, -69)	circle	none	same	right	right	N_dist	(-39, 69)	search	nr	True	450764	451646	right	85	60	135	110	10	35	None	None	testing
5	yy	f	18	green	4	(80, 0)	(40, 69)	(-39, 69)	(-80, 0)	(-40, -69)	(40, -69)	circle	green	dif	right	right	(-40, -69)	(-39, 69)	search	nr	True	452717	453518	right	135	10	85	60	110	35	None	None	testing
5	yy	f	18	green	4	(80, 0)	(40, 69)	(-39, 69)	(-80, 0)	(-40, -69)	(40, -69)	circle	none	same	left	left	N_dist	(-80, 0)	probe	l_norm	None	None	None	None	85	160	110	135	60	10	(40, 69)	23	testing
5	yy	f	18	green	4	(80, 0)	(40, 69)	(-39, 69)	(-80, 0)	(-40, -69)	(40, -69)	diamond	none	same	left	left	N_dist	(-40, -69)	search	nr	True	458595	460206	left	60	85	10	110	135	160	None	None	testing
5	yy	f	18	green	4	(80, 0)	(40, 69)	(-39, 69)	(-80, 0)	(-40, -69)	(40, -69)	diamond	green	same	right	right	(-40, -69)	(80, 0)	search	nr	True	461283	462350	right	160	135	110	85	35	10	None	None	testing
5	yy	f	18	green	4	(80, 0)	(40, 69)	(-39, 69)	(-80, 0)	(-40, -69)	(40, -69)	circle	green	dif	left	left	(-40, -69)	(-80, 0)	probe	h_sin	None	None	None	None	160	135	35	85	110	60	(-40, -69)	14	testing
5	yy	f	18	green	4	(80, 0)	(40, 69)	(-39, 69)	(-80, 0)	(-40, -69)	(40, -69)	diamond	none	same	left	left	N_dist	(-80, 0)	search	nr	True	467478	468367	left	135	110	160	35	85	60	None	None	testing
5	yy	f	18	green	4	(80, 0)	(40, 69)	(-39, 69)	(-80, 0)	(-40, -69)	(40, -69)	circle	none	same	right	right	N_dist	(40, 69)	search	nr	True	469499	471150	right	110	35	60	135	85	10	None	None	testing
5	yy	f	18	green	4	(80, 0)	(40, 69)	(-39, 69)	(-80, 0)	(-40, -69)	(40, -69)	diamond	none	dif	right	right	N_dist	(-39, 69)	search	nr	True	472454	473230	right	160	135	85	35	110	10	None	None	testing
5	yy	f	18	green	4	(80, 0)	(40, 69)	(-39, 69)	(-80, 0)	(-40, -69)	(40, -69)	diamond	green	same	right	right	(40, 69)	(-39, 69)	probe	l_sin	None	None	None	None	160	135	60	85	10	110	(40, 69)	16	testing
5	yy	f	18	green	4	(80, 0)	(40, 69)	(-39, 69)	(-80, 0)	(-40, -69)	(40, -69)	diamond	none	dif	left	left	N_dist	(40, -69)	probe	l_norm	None	None	None	None	135	10	85	160	110	60	(40, 69)	54	testing
5	yy	f	18	green	4	(80, 0)	(40, 69)	(-39, 69)	(-80, 0)	(-40, -69)	(40, -69)	diamond	green	same	right	right	(-40, -69)	(80, 0)	search	nr	True	482990	483951	right	60	10	160	110	135	85	None	None	testing
5	yy	f	18	green	4	(80, 0)	(40, 69)	(-39, 69)	(-80, 0)	(-40, -69)	(40, -69)	circle	none	dif	right	right	N_dist	(80, 0)	probe	h_norm	None	None	None	None	135	35	10	160	110	85	(-40, -69)	1	testing
5	yy	f	18	green	4	(80, 0)	(40, 69)	(-39, 69)	(-80, 0)	(-40, -69)	(40, -69)	diamond	green	dif	left	left	(40, 69)	(40, -69)	probe	l_sin	None	None	None	None	160	10	110	35	85	135	(40, 69)	154	testing
5	yy	f	18	green	4	(80, 0)	(40, 69)	(-39, 69)	(-80, 0)	(-40, -69)	(40, -69)	diamond	none	dif	left	left	N_dist	(40, 69)	probe	h_norm	None	None	None	None	35	160	135	60	85	110	(-40, -69)	171	testing
5	yy	f	18	green	4	(80, 0)	(40, 69)	(-39, 69)	(-80, 0)	(-40, -69)	(40, -69)	diamond	green	dif	right	right	(40, 69)	(-80, 0)	probe	tar	None	None	None	None	110	10	85	135	160	60	(-80, 0)	23	testing
5	yy	f	18	green	4	(80, 0)	(40, 69)	(-39, 69)	(-80, 0)	(-40, -69)	(40, -69)	circle	green	dif	left	left	(-40, -69)	(40, -69)	probe	tar	None	None	None	None	110	135	60	160	35	85	(40, -69)	174	testing
5	yy	f	18	green	4	(80, 0)	(40, 69)	(-39, 69)	(-80, 0)	(-40, -69)	(40, -69)	circle	green	same	left	left	(80, 0)	(-80, 0)	search	nr	True	503795	504911	left	60	85	160	135	35	110	None	None	testing
5	yy	f	18	green	4	(80, 0)	(40, 69)	(-39, 69)	(-80, 0)	(-40, -69)	(40, -69)	diamond	none	same	right	right	N_dist	(40, 69)	search	nr	True	505999	506671	right	135	110	10	35	160	60	None	None	testing
5	yy	f	18	green	4	(80, 0)	(40, 69)	(-39, 69)	(-80, 0)	(-40, -69)	(40, -69)	diamond	none	same	left	left	N_dist	(-40, -69)	search	nr	True	507819	508590	left	160	110	85	135	10	60	None	None	testing
5	yy	f	18	green	4	(80, 0)	(40, 69)	(-39, 69)	(-80, 0)	(-40, -69)	(40, -69)	circle	green	same	right	right	(40, -69)	(-39, 69)	search	nr	True	509706	510526	right	135	35	160	110	60	10	None	None	testing
5	yy	f	18	green	4	(80, 0)	(40, 69)	(-39, 69)	(-80, 0)	(-40, -69)	(40, -69)	circle	green	dif	right	right	(-40, -69)	(80, 0)	search	nr	True	511776	512463	right	110	35	135	85	10	160	None	None	testing
5	yy	f	18	green	4	(80, 0)	(40, 69)	(-39, 69)	(-80, 0)	(-40, -69)	(40, -69)	diamond	green	same	left	left	(-40, -69)	(40, -69)	probe	tar	None	None	None	None	10	110	160	60	35	135	(40, -69)	25	testing
5	yy	f	18	green	4	(80, 0)	(40, 69)	(-39, 69)	(-80, 0)	(-40, -69)	(40, -69)	diamond	green	dif	left	left	(-40, -69)	(40, 69)	search	nr	True	516919	517774	left	160	85	35	135	10	110	None	None	testing
5	yy	f	18	green	4	(80, 0)	(40, 69)	(-39, 69)	(-80, 0)	(-40, -69)	(40, -69)	circle	none	same	right	right	N_dist	(-39, 69)	probe	l_tar	None	None	None	None	60	135	10	35	85	160	(-39, 69)	151	testing
5	yy	f	18	green	4	(80, 0)	(40, 69)	(-39, 69)	(-80, 0)	(-40, -69)	(40, -69)	circle	none	dif	right	right	N_dist	(40, -69)	probe	l_norm	None	None	None	None	35	10	110	160	85	60	(40, 69)	156	testing
5	yy	f	18	green	4	(80, 0)	(40, 69)	(-39, 69)	(-80, 0)	(-40, -69)	(40, -69)	circle	none	dif	right	right	N_dist	(80, 0)	search	nr	True	527588	528415	right	160	35	85	10	135	60	None	None	testing
5	yy	f	18	green	4	(80, 0)	(40, 69)	(-39, 69)	(-80, 0)	(-40, -69)	(40, -69)	diamond	green	same	left	left	(-40, -69)	(40, -69)	search	nr	True	529626	530478	left	135	110	60	160	10	35	None	None	testing
5	yy	f	18	green	4	(80, 0)	(40, 69)	(-39, 69)	(-80, 0)	(-40, -69)	(40, -69)	diamond	green	same	right	right	(80, 0)	(40, -69)	search	nr	True	531596	532718	right	160	10	60	110	135	85	None	None	testing
5	yy	f	18	green	4	(80, 0)	(40, 69)	(-39, 69)	(-80, 0)	(-40, -69)	(40, -69)	diamond	green	same	right	right	(-39, 69)	(-80, 0)	search	nr	True	533850	534846	right	160	60	135	110	35	10	None	None	testing
5	yy	f	18	green	4	(80, 0)	(40, 69)	(-39, 69)	(-80, 0)	(-40, -69)	(40, -69)	diamond	green	dif	left	left	(-39, 69)	(40, -69)	search	nr	True	535970	536751	left	10	160	35	110	60	135	None	None	testing
5	yy	f	18	green	4	(80, 0)	(40, 69)	(-39, 69)	(-80, 0)	(-40, -69)	(40, -69)	circle	green	same	right	right	(-40, -69)	(40, 69)	search	nr	True	537991	538942	right	110	135	60	85	10	35	None	None	testing
5	yy	f	18	green	4	(80, 0)	(40, 69)	(-39, 69)	(-80, 0)	(-40, -69)	(40, -69)	circle	none	dif	right	right	N_dist	(40, -69)	search	nr	True	540178	541022	right	35	110	135	10	160	60	None	None	testing
5	yy	f	18	green	4	(80, 0)	(40, 69)	(-39, 69)	(-80, 0)	(-40, -69)	(40, -69)	diamond	none	same	left	left	N_dist	(-40, -69)	search	nr	True	542316	543070	left	35	160	60	10	135	85	None	None	testing
5	yy	f	18	green	4	(80, 0)	(40, 69)	(-39, 69)	(-80, 0)	(-40, -69)	(40, -69)	diamond	green	dif	right	right	(-80, 0)	(40, -69)	search	nr	True	544269	545006	right	160	10	135	35	110	85	None	None	testing
5	yy	f	18	green	4	(80, 0)	(40, 69)	(-39, 69)	(-80, 0)	(-40, -69)	(40, -69)	circle	none	dif	right	right	N_dist	(-80, 0)	search	nr	True	546156	547150	right	85	10	110	35	160	135	None	None	testing
5	yy	f	18	green	4	(80, 0)	(40, 69)	(-39, 69)	(-80, 0)	(-40, -69)	(40, -69)	circle	green	dif	left	left	(-40, -69)	(40, -69)	search	nr	True	548294	549214	left	35	10	135	60	110	85	None	None	testing
5	yy	f	18	green	4	(80, 0)	(40, 69)	(-39, 69)	(-80, 0)	(-40, -69)	(40, -69)	diamond	green	same	left	left	(-40, -69)	(-80, 0)	search	nr	True	550380	551630	left	35	160	85	135	60	10	None	None	testing
5	yy	f	18	green	4	(80, 0)	(40, 69)	(-39, 69)	(-80, 0)	(-40, -69)	(40, -69)	circle	green	same	left	left	(-40, -69)	(-39, 69)	probe	tar	None	None	None	None	60	135	10	85	110	160	(-39, 69)	159	testing
5	yy	f	18	green	4	(80, 0)	(40, 69)	(-39, 69)	(-80, 0)	(-40, -69)	(40, -69)	circle	none	dif	right	right	N_dist	(80, 0)	probe	l_norm	None	None	None	None	35	110	160	60	85	135	(-80, 0)	10	testing
5	yy	f	18	green	4	(80, 0)	(40, 69)	(-39, 69)	(-80, 0)	(-40, -69)	(40, -69)	diamond	green	dif	left	left	(-39, 69)	(80, 0)	search	nr	True	561418	562350	left	85	35	135	10	110	160	None	None	testing
5	yy	f	18	green	4	(80, 0)	(40, 69)	(-39, 69)	(-80, 0)	(-40, -69)	(40, -69)	diamond	green	same	left	left	(40, -69)	(-39, 69)	search	nr	True	563471	564301	left	35	85	160	10	135	60	None	None	testing
5	yy	f	18	green	4	(80, 0)	(40, 69)	(-39, 69)	(-80, 0)	(-40, -69)	(40, -69)	diamond	green	dif	right	right	(-80, 0)	(80, 0)	probe	l_sin	None	None	None	None	10	110	135	35	160	85	(-80, 0)	7	testing
5	yy	f	18	green	4	(80, 0)	(40, 69)	(-39, 69)	(-80, 0)	(-40, -69)	(40, -69)	diamond	green	same	left	left	(-40, -69)	(80, 0)	probe	tar	None	None	None	None	160	85	135	10	35	60	(80, 0)	34	testing
5	yy	f	18	green	4	(80, 0)	(40, 69)	(-39, 69)	(-80, 0)	(-40, -69)	(40, -69)	diamond	green	same	right	right	(-40, -69)	(80, 0)	search	nr	True	571937	572590	right	35	85	110	135	160	10	None	None	testing
5	yy	f	18	green	4	(80, 0)	(40, 69)	(-39, 69)	(-80, 0)	(-40, -69)	(40, -69)	circle	green	same	left	left	(-40, -69)	(-39, 69)	search	nr	True	573874	574879	left	160	110	135	85	35	10	None	None	testing
5	yy	f	18	green	4	(80, 0)	(40, 69)	(-39, 69)	(-80, 0)	(-40, -69)	(40, -69)	diamond	none	same	left	left	N_dist	(-40, -69)	probe	h_tar	None	None	None	None	160	110	35	60	10	85	(-40, -69)	150	testing
5	yy	f	18	green	4	(80, 0)	(40, 69)	(-39, 69)	(-80, 0)	(-40, -69)	(40, -69)	diamond	green	dif	left	left	(-39, 69)	(-80, 0)	search	nr	True	579550	580382	left	160	35	10	110	85	135	None	None	testing
5	yy	f	18	green	4	(80, 0)	(40, 69)	(-39, 69)	(-80, 0)	(-40, -69)	(40, -69)	circle	green	dif	left	left	(80, 0)	(-39, 69)	search	nr	True	581488	582718	left	160	35	110	60	135	10	None	None	testing
5	yy	f	18	green	4	(80, 0)	(40, 69)	(-39, 69)	(-80, 0)	(-40, -69)	(40, -69)	diamond	green	same	left	left	(-40, -69)	(80, 0)	search	nr	True	583909	584623	left	85	110	160	10	135	60	None	None	testing
5	yy	f	18	green	4	(80, 0)	(40, 69)	(-39, 69)	(-80, 0)	(-40, -69)	(40, -69)	circle	none	same	right	right	N_dist	(-39, 69)	search	nr	True	585779	587214	right	60	160	85	110	135	10	None	None	testing
5	yy	f	18	green	4	(80, 0)	(40, 69)	(-39, 69)	(-80, 0)	(-40, -69)	(40, -69)	circle	green	dif	right	right	(-40, -69)	(40, -69)	search	nr	True	588451	589630	right	110	10	85	135	60	160	None	None	testing
5	yy	f	18	green	4	(80, 0)	(40, 69)	(-39, 69)	(-80, 0)	(-40, -69)	(40, -69)	diamond	green	dif	right	right	(-40, -69)	(-39, 69)	search	nr	True	590905	592430	right	10	35	110	60	85	135	None	None	testing
5	yy	f	18	green	4	(80, 0)	(40, 69)	(-39, 69)	(-80, 0)	(-40, -69)	(40, -69)	circle	green	same	right	right	(-80, 0)	(40, 69)	search	nr	True	593593	594574	right	135	60	110	85	160	10	None	None	testing
5	yy	f	18	green	4	(80, 0)	(40, 69)	(-39, 69)	(-80, 0)	(-40, -69)	(40, -69)	diamond	green	dif	right	right	(-40, -69)	(-39, 69)	search	nr	True	595797	596782	right	35	60	135	10	110	85	None	None	testing
5	yy	f	18	green	4	(80, 0)	(40, 69)	(-39, 69)	(-80, 0)	(-40, -69)	(40, -69)	diamond	green	dif	right	right	(-80, 0)	(40, -69)	search	nr	True	598002	598831	right	35	10	60	110	135	85	None	None	testing
5	yy	f	18	green	4	(80, 0)	(40, 69)	(-39, 69)	(-80, 0)	(-40, -69)	(40, -69)	circle	none	dif	left	left	N_dist	(-39, 69)	search	nr	True	600055	600894	left	110	10	160	85	60	135	None	None	testing
5	yy	f	18	green	4	(80, 0)	(40, 69)	(-39, 69)	(-80, 0)	(-40, -69)	(40, -69)	diamond	green	same	left	left	(-40, -69)	(-39, 69)	search	nr	True	602008	602879	left	35	135	10	60	160	110	None	None	testing
5	yy	f	18	green	4	(80, 0)	(40, 69)	(-39, 69)	(-80, 0)	(-40, -69)	(40, -69)	diamond	green	dif	right	right	(-80, 0)	(40, -69)	search	nr	True	603979	604703	right	110	85	60	10	135	160	None	None	testing
5	yy	f	18	green	4	(80, 0)	(40, 69)	(-39, 69)	(-80, 0)	(-40, -69)	(40, -69)	diamond	none	dif	right	right	N_dist	(40, 69)	search	nr	True	605882	606558	right	110	160	85	135	35	10	None	None	testing
5	yy	f	18	green	4	(80, 0)	(40, 69)	(-39, 69)	(-80, 0)	(-40, -69)	(40, -69)	circle	green	dif	right	right	(-40, -69)	(-80, 0)	search	nr	True	607736	608765	right	35	160	60	10	135	85	None	None	testing
5	yy	f	18	green	4	(80, 0)	(40, 69)	(-39, 69)	(-80, 0)	(-40, -69)	(40, -69)	circle	none	same	left	left	N_dist	(-39, 69)	search	nr	True	609973	610751	left	35	10	110	60	160	135	None	None	testing
5	yy	f	18	green	4	(80, 0)	(40, 69)	(-39, 69)	(-80, 0)	(-40, -69)	(40, -69)	circle	green	same	left	left	(-40, -69)	(40, 69)	probe	tar	None	None	None	None	160	135	35	85	10	60	(40, 69)	18	testing
5	yy	f	18	green	4	(80, 0)	(40, 69)	(-39, 69)	(-80, 0)	(-40, -69)	(40, -69)	circle	green	dif	right	right	(-40, -69)	(-80, 0)	search	nr	True	615250	616207	right	110	160	85	35	60	10	None	None	testing
5	yy	f	18	green	4	(80, 0)	(40, 69)	(-39, 69)	(-80, 0)	(-40, -69)	(40, -69)	diamond	none	same	left	left	N_dist	(-80, 0)	search	nr	True	617421	618221	left	110	60	85	35	10	160	None	None	testing
5	yy	f	18	green	4	(80, 0)	(40, 69)	(-39, 69)	(-80, 0)	(-40, -69)	(40, -69)	circle	none	same	right	right	N_dist	(-39, 69)	probe	h_norm	None	None	None	None	35	110	85	160	10	135	(-40, -69)	167	testing
5	yy	f	18	green	4	(80, 0)	(40, 69)	(-39, 69)	(-80, 0)	(-40, -69)	(40, -69)	circle	green	dif	left	left	(-39, 69)	(-80, 0)	probe	tar	None	None	None	None	110	160	85	135	35	60	(-80, 0)	18	testing
5	yy	f	18	green	4	(80, 0)	(40, 69)	(-39, 69)	(-80, 0)	(-40, -69)	(40, -69)	diamond	green	same	left	left	(-40, -69)	(-80, 0)	probe	h_sin	None	None	None	None	35	160	10	85	110	135	(-40, -69)	6	testing
5	yy	f	18	green	4	(80, 0)	(40, 69)	(-39, 69)	(-80, 0)	(-40, -69)	(40, -69)	diamond	green	same	left	left	(40, -69)	(-39, 69)	probe	tar	None	None	None	None	35	85	160	110	10	60	(-39, 69)	19	testing
5	yy	f	18	green	4	(80, 0)	(40, 69)	(-39, 69)	(-80, 0)	(-40, -69)	(40, -69)	circle	green	dif	right	right	(-40, -69)	(80, 0)	probe	h_sin	None	None	None	None	35	60	10	160	135	85	(-40, -69)	7	testing
5	yy	f	18	green	4	(80, 0)	(40, 69)	(-39, 69)	(-80, 0)	(-40, -69)	(40, -69)	diamond	green	same	left	left	(-40, -69)	(40, 69)	probe	h_sin	None	None	None	None	160	60	110	35	10	85	(-40, -69)	165	testing
5	yy	f	18	green	4	(80, 0)	(40, 69)	(-39, 69)	(-80, 0)	(-40, -69)	(40, -69)	circle	none	dif	left	left	N_dist	(-40, -69)	search	nr	True	643134	644047	left	160	110	60	85	10	35	None	None	testing
5	yy	f	18	green	4	(80, 0)	(40, 69)	(-39, 69)	(-80, 0)	(-40, -69)	(40, -69)	circle	green	same	right	right	(-40, -69)	(-80, 0)	search	nr	True	645255	645918	right	160	35	110	10	85	60	None	None	testing
5	yy	f	18	green	4	(80, 0)	(40, 69)	(-39, 69)	(-80, 0)	(-40, -69)	(40, -69)	circle	green	same	right	right	(-40, -69)	(40, -69)	probe	norm	None	None	None	None	85	10	135	110	60	160	(80, 0)	168	testing
5	yy	f	18	green	4	(80, 0)	(40, 69)	(-39, 69)	(-80, 0)	(-40, -69)	(40, -69)	diamond	green	same	left	left	(-40, -69)	(-39, 69)	search	nr	True	651116	652079	left	10	135	85	35	60	160	None	None	testing
5	yy	f	18	green	4	(80, 0)	(40, 69)	(-39, 69)	(-80, 0)	(-40, -69)	(40, -69)	diamond	green	same	left	left	(-40, -69)	(-80, 0)	search	nr	True	653370	653982	left	60	135	160	110	10	85	None	None	testing
5	yy	f	18	green	4	(80, 0)	(40, 69)	(-39, 69)	(-80, 0)	(-40, -69)	(40, -69)	diamond	none	dif	left	left	N_dist	(40, -69)	search	nr	True	655173	655886	left	135	60	110	85	35	10	None	None	testing
5	yy	f	18	green	4	(80, 0)	(40, 69)	(-39, 69)	(-80, 0)	(-40, -69)	(40, -69)	circle	none	same	right	right	N_dist	(80, 0)	probe	l_norm	None	None	None	None	85	60	10	135	160	35	(-80, 0)	9	testing
5	yy	f	18	green	4	(80, 0)	(40, 69)	(-39, 69)	(-80, 0)	(-40, -69)	(40, -69)	diamond	none	same	right	right	N_dist	(40, 69)	search	nr	True	660366	661070	right	10	85	160	110	35	135	None	None	testing
5	yy	f	18	green	4	(80, 0)	(40, 69)	(-39, 69)	(-80, 0)	(-40, -69)	(40, -69)	diamond	green	dif	left	left	(-39, 69)	(80, 0)	probe	norm	None	None	None	None	85	60	110	10	35	160	(-80, 0)	175	testing
5	yy	f	18	green	4	(80, 0)	(40, 69)	(-39, 69)	(-80, 0)	(-40, -69)	(40, -69)	circle	none	same	left	left	N_dist	(-39, 69)	search	nr	True	666227	667198	left	110	135	160	60	10	85	None	None	testing
5	yy	f	18	green	4	(80, 0)	(40, 69)	(-39, 69)	(-80, 0)	(-40, -69)	(40, -69)	circle	green	same	left	left	(-40, -69)	(-39, 69)	search	nr	True	668281	668926	left	135	110	10	35	160	60	None	None	testing
5	yy	f	18	green	4	(80, 0)	(40, 69)	(-39, 69)	(-80, 0)	(-40, -69)	(40, -69)	circle	green	same	right	right	(-40, -69)	(40, 69)	search	nr	True	670084	670894	right	60	10	110	35	135	160	None	None	testing
5	yy	f	18	green	4	(80, 0)	(40, 69)	(-39, 69)	(-80, 0)	(-40, -69)	(40, -69)	circle	green	dif	left	left	(-39, 69)	(-80, 0)	search	nr	True	672038	672990	left	110	160	60	35	85	135	None	None	testing
5	yy	f	18	green	4	(80, 0)	(40, 69)	(-39, 69)	(-80, 0)	(-40, -69)	(40, -69)	circle	green	dif	right	right	(-40, -69)	(80, 0)	probe	tar	None	None	None	None	135	10	60	35	110	85	(80, 0)	16	testing
5	yy	f	18	green	4	(80, 0)	(40, 69)	(-39, 69)	(-80, 0)	(-40, -69)	(40, -69)	diamond	green	same	left	left	(-40, -69)	(40, 69)	search	nr	True	677263	677934	left	60	160	35	10	135	85	None	None	testing
5	yy	f	18	green	4	(80, 0)	(40, 69)	(-39, 69)	(-80, 0)	(-40, -69)	(40, -69)	diamond	green	same	right	right	(-40, -69)	(40, -69)	probe	tar	None	None	None	None	85	110	10	60	135	35	(40, -69)	161	testing
5	yy	f	18	green	4	(80, 0)	(40, 69)	(-39, 69)	(-80, 0)	(-40, -69)	(40, -69)	diamond	green	dif	left	left	(-40, -69)	(-80, 0)	search	nr	True	682707	683342	left	10	35	60	135	160	110	None	None	testing
5	yy	f	18	green	4	(80, 0)	(40, 69)	(-39, 69)	(-80, 0)	(-40, -69)	(40, -69)	circle	green	same	right	right	(-40, -69)	(40, 69)	search	nr	True	684477	685726	right	60	10	110	85	35	135	None	None	testing
5	yy	f	18	green	4	(80, 0)	(40, 69)	(-39, 69)	(-80, 0)	(-40, -69)	(40, -69)	diamond	green	dif	right	right	(-80, 0)	(40, -69)	search	nr	True	687015	687838	right	160	60	85	35	110	135	None	None	testing
5	yy	f	18	green	4	(80, 0)	(40, 69)	(-39, 69)	(-80, 0)	(-40, -69)	(40, -69)	diamond	green	same	left	left	(-40, -69)	(40, 69)	search	nr	True	688985	689870	left	85	160	110	35	135	10	None	None	testing
5	yy	f	18	green	4	(80, 0)	(40, 69)	(-39, 69)	(-80, 0)	(-40, -69)	(40, -69)	circle	green	same	left	left	(80, 0)	(-80, 0)	search	nr	True	690939	691757	left	60	10	35	135	160	110	None	None	testing
5	yy	f	18	green	4	(80, 0)	(40, 69)	(-39, 69)	(-80, 0)	(-40, -69)	(40, -69)	diamond	none	same	right	right	N_dist	(40, 69)	search	nr	True	692960	694047	right	35	85	60	10	110	135	None	None	testing
5	yy	f	18	green	4	(80, 0)	(40, 69)	(-39, 69)	(-80, 0)	(-40, -69)	(40, -69)	diamond	none	same	right	right	N_dist	(40, 69)	probe	l_tar	None	None	None	None	160	110	85	60	135	10	(40, 69)	11	testing
5	yy	f	18	green	4	(80, 0)	(40, 69)	(-39, 69)	(-80, 0)	(-40, -69)	(40, -69)	circle	none	same	left	left	N_dist	(-39, 69)	probe	l_tar	None	None	None	None	135	160	60	35	10	110	(-39, 69)	173	testing
5	yy	f	18	green	4	(80, 0)	(40, 69)	(-39, 69)	(-80, 0)	(-40, -69)	(40, -69)	circle	none	same	left	left	N_dist	(-80, 0)	search	nr	True	701892	702622	left	60	110	85	135	10	35	None	None	testing
5	yy	f	18	green	4	(80, 0)	(40, 69)	(-39, 69)	(-80, 0)	(-40, -69)	(40, -69)	diamond	green	dif	left	left	(-80, 0)	(40, -69)	search	nr	True	703779	704703	left	35	110	10	85	60	160	None	None	testing
5	yy	f	18	green	4	(80, 0)	(40, 69)	(-39, 69)	(-80, 0)	(-40, -69)	(40, -69)	circle	none	same	right	right	N_dist	(40, 69)	search	nr	True	705950	706990	right	85	10	35	135	110	160	None	None	testing
5	yy	f	18	green	4	(80, 0)	(40, 69)	(-39, 69)	(-80, 0)	(-40, -69)	(40, -69)	circle	none	same	right	right	N_dist	(-39, 69)	search	nr	True	708255	709053	right	110	85	10	60	35	160	None	None	testing
5	yy	f	18	green	4	(80, 0)	(40, 69)	(-39, 69)	(-80, 0)	(-40, -69)	(40, -69)	circle	none	dif	right	right	N_dist	(80, 0)	search	nr	True	710308	711022	right	135	35	160	110	10	85	None	None	testing
5	yy	f	18	green	4	(80, 0)	(40, 69)	(-39, 69)	(-80, 0)	(-40, -69)	(40, -69)	circle	green	same	right	right	(-40, -69)	(-80, 0)	search	nr	True	712278	713150	right	135	60	35	110	85	160	None	None	testing
5	yy	f	18	green	4	(80, 0)	(40, 69)	(-39, 69)	(-80, 0)	(-40, -69)	(40, -69)	diamond	green	same	left	left	(-40, -69)	(-80, 0)	search	nr	True	714249	714894	left	135	110	85	60	160	10	None	None	testing
5	yy	f	18	green	4	(80, 0)	(40, 69)	(-39, 69)	(-80, 0)	(-40, -69)	(40, -69)	diamond	green	same	left	left	(-40, -69)	(80, 0)	search	nr	True	716152	716942	left	160	110	10	35	85	135	None	None	testing
5	yy	f	18	green	4	(80, 0)	(40, 69)	(-39, 69)	(-80, 0)	(-40, -69)	(40, -69)	circle	green	dif	left	left	(40, -69)	(80, 0)	search	nr	True	718105	718990	left	110	10	85	160	35	60	None	None	testing
5	yy	f	18	green	4	(80, 0)	(40, 69)	(-39, 69)	(-80, 0)	(-40, -69)	(40, -69)	diamond	none	dif	left	left	N_dist	(-80, 0)	search	nr	True	720142	720798	left	110	35	160	85	135	10	None	None	testing
5	yy	f	18	green	4	(80, 0)	(40, 69)	(-39, 69)	(-80, 0)	(-40, -69)	(40, -69)	circle	none	same	left	left	N_dist	(40, -69)	probe	h_norm	None	None	None	None	10	35	135	60	110	85	(-40, -69)	4	testing
5	yy	f	18	green	4	(80, 0)	(40, 69)	(-39, 69)	(-80, 0)	(-40, -69)	(40, -69)	diamond	green	dif	left	left	(40, -69)	(-80, 0)	search	nr	True	726604	727230	left	85	160	60	110	35	10	None	None	testing
5	yy	f	18	green	4	(80, 0)	(40, 69)	(-39, 69)	(-80, 0)	(-40, -69)	(40, -69)	diamond	green	dif	right	right	(80, 0)	(-39, 69)	probe	l_sin	None	None	None	None	85	160	135	60	35	10	(80, 0)	167	testing
5	yy	f	18	green	4	(80, 0)	(40, 69)	(-39, 69)	(-80, 0)	(-40, -69)	(40, -69)	circle	green	same	right	right	(-80, 0)	(40, 69)	search	nr	True	731597	732606	right	35	135	60	10	85	110	None	None	testing
5	yy	f	18	green	4	(80, 0)	(40, 69)	(-39, 69)	(-80, 0)	(-40, -69)	(40, -69)	circle	green	same	left	left	(-40, -69)	(40, 69)	search	nr	True	733884	734782	left	35	110	160	85	135	10	None	None	testing
5	yy	f	18	green	4	(80, 0)	(40, 69)	(-39, 69)	(-80, 0)	(-40, -69)	(40, -69)	circle	green	same	right	right	(-40, -69)	(-39, 69)	search	nr	True	735888	736638	right	60	10	160	85	135	35	None	None	testing
5	yy	f	18	green	4	(80, 0)	(40, 69)	(-39, 69)	(-80, 0)	(-40, -69)	(40, -69)	diamond	green	dif	left	left	(-40, -69)	(-80, 0)	probe	tar	None	None	None	None	135	10	160	110	85	60	(-80, 0)	3	testing
5	yy	f	18	green	4	(80, 0)	(40, 69)	(-39, 69)	(-80, 0)	(-40, -69)	(40, -69)	diamond	green	dif	left	left	(-40, -69)	(-39, 69)	search	nr	True	740831	741518	left	10	35	110	160	85	60	None	None	testing
5	yy	f	18	green	4	(80, 0)	(40, 69)	(-39, 69)	(-80, 0)	(-40, -69)	(40, -69)	diamond	green	dif	left	left	(-80, 0)	(40, -69)	search	nr	True	742617	743326	left	10	135	160	85	35	110	None	None	testing
5	yy	f	18	green	4	(80, 0)	(40, 69)	(-39, 69)	(-80, 0)	(-40, -69)	(40, -69)	circle	none	same	right	right	N_dist	(80, 0)	search	nr	True	744571	745230	right	60	160	10	85	110	35	None	None	testing
5	yy	f	18	green	4	(80, 0)	(40, 69)	(-39, 69)	(-80, 0)	(-40, -69)	(40, -69)	circle	none	dif	left	left	N_dist	(40, 69)	search	nr	True	746340	747021	left	60	85	160	110	35	135	None	None	testing
5	yy	f	18	green	4	(80, 0)	(40, 69)	(-39, 69)	(-80, 0)	(-40, -69)	(40, -69)	circle	none	dif	left	left	N_dist	(-40, -69)	probe	h_tar	None	None	None	None	85	160	135	60	10	110	(-40, -69)	152	testing
5	yy	f	18	green	4	(80, 0)	(40, 69)	(-39, 69)	(-80, 0)	(-40, -69)	(40, -69)	circle	none	dif	left	left	N_dist	(40, 69)	search	nr	True	752836	753870	left	85	10	160	135	60	110	None	None	testing
5	yy	f	18	green	4	(80, 0)	(40, 69)	(-39, 69)	(-80, 0)	(-40, -69)	(40, -69)	circle	green	same	left	left	(-40, -69)	(-80, 0)	search	nr	True	755090	755966	left	160	135	85	110	10	35	None	None	testing
5	yy	f	18	green	4	(80, 0)	(40, 69)	(-39, 69)	(-80, 0)	(-40, -69)	(40, -69)	circle	green	dif	left	left	(-40, -69)	(40, 69)	search	nr	True	757278	758142	left	35	135	60	85	110	10	None	None	testing
5	yy	f	18	green	4	(80, 0)	(40, 69)	(-39, 69)	(-80, 0)	(-40, -69)	(40, -69)	diamond	green	same	right	right	(-40, -69)	(40, -69)	search	nr	True	759297	760286	right	85	160	10	35	135	110	None	None	testing
5	yy	f	18	green	4	(80, 0)	(40, 69)	(-39, 69)	(-80, 0)	(-40, -69)	(40, -69)	diamond	none	dif	left	left	N_dist	(-80, 0)	search	nr	True	761586	762478	left	160	135	110	85	35	10	None	None	testing
5	yy	f	18	green	4	(80, 0)	(40, 69)	(-39, 69)	(-80, 0)	(-40, -69)	(40, -69)	diamond	green	same	right	right	(-40, -69)	(80, 0)	search	nr	True	763722	764446	right	85	135	35	60	10	110	None	None	testing
5	yy	f	18	green	4	(80, 0)	(40, 69)	(-39, 69)	(-80, 0)	(-40, -69)	(40, -69)	diamond	green	dif	right	right	(-80, 0)	(40, -69)	search	nr	True	765660	766526	right	135	85	10	110	60	35	None	None	testing
5	yy	f	18	green	4	(80, 0)	(40, 69)	(-39, 69)	(-80, 0)	(-40, -69)	(40, -69)	diamond	green	dif	left	left	(-40, -69)	(40, 69)	probe	norm	None	None	None	None	35	60	10	110	135	85	(80, 0)	161	testing
5	yy	f	18	green	4	(80, 0)	(40, 69)	(-39, 69)	(-80, 0)	(-40, -69)	(40, -69)	circle	green	same	right	right	(-40, -69)	(40, 69)	probe	norm	None	None	None	None	160	35	60	10	135	85	(80, 0)	30	testing
5	yy	f	18	green	4	(80, 0)	(40, 69)	(-39, 69)	(-80, 0)	(-40, -69)	(40, -69)	diamond	none	dif	right	right	N_dist	(-40, -69)	search	nr	True	775027	775791	right	10	35	85	60	160	110	None	None	testing
5	yy	f	18	green	4	(80, 0)	(40, 69)	(-39, 69)	(-80, 0)	(-40, -69)	(40, -69)	circle	none	same	right	right	N_dist	(-39, 69)	search	nr	True	776963	778222	right	160	135	85	60	110	35	None	None	testing
5	yy	f	18	green	4	(80, 0)	(40, 69)	(-39, 69)	(-80, 0)	(-40, -69)	(40, -69)	diamond	green	same	left	left	(-40, -69)	(40, 69)	search	nr	True	779318	780158	left	60	160	35	85	110	135	None	None	testing
5	yy	f	18	green	4	(80, 0)	(40, 69)	(-39, 69)	(-80, 0)	(-40, -69)	(40, -69)	circle	green	same	left	left	(-40, -69)	(-80, 0)	probe	tar	None	None	None	None	135	85	10	35	160	110	(-80, 0)	173	testing
5	yy	f	18	green	4	(80, 0)	(40, 69)	(-39, 69)	(-80, 0)	(-40, -69)	(40, -69)	circle	green	same	left	left	(-40, -69)	(40, 69)	search	nr	True	784628	785438	left	35	60	135	110	10	85	None	None	testing
5	yy	f	18	green	4	(80, 0)	(40, 69)	(-39, 69)	(-80, 0)	(-40, -69)	(40, -69)	diamond	none	dif	right	right	N_dist	(-40, -69)	search	nr	True	786582	787246	right	110	160	10	135	60	85	None	None	testing
5	yy	f	18	green	4	(80, 0)	(40, 69)	(-39, 69)	(-80, 0)	(-40, -69)	(40, -69)	diamond	green	dif	right	right	(-80, 0)	(40, -69)	probe	l_sin	None	None	None	None	60	110	35	160	135	10	(-80, 0)	3	testing
5	yy	f	18	green	4	(80, 0)	(40, 69)	(-39, 69)	(-80, 0)	(-40, -69)	(40, -69)	diamond	green	same	left	left	(-40, -69)	(40, 69)	probe	norm	None	None	None	None	60	10	35	135	85	160	(-80, 0)	7	testing
5	yy	f	18	green	4	(80, 0)	(40, 69)	(-39, 69)	(-80, 0)	(-40, -69)	(40, -69)	diamond	none	dif	left	left	N_dist	(40, -69)	search	nr	True	796700	797470	left	60	110	85	160	10	135	None	None	testing
5	yy	f	18	green	4	(80, 0)	(40, 69)	(-39, 69)	(-80, 0)	(-40, -69)	(40, -69)	circle	green	same	right	right	(-40, -69)	(40, -69)	search	nr	True	798587	799598	right	35	160	60	10	85	110	None	None	testing
5	yy	f	18	green	4	(80, 0)	(40, 69)	(-39, 69)	(-80, 0)	(-40, -69)	(40, -69)	diamond	green	dif	right	right	(-40, -69)	(80, 0)	search	nr	True	800807	801470	right	110	60	135	35	85	10	None	None	testing
5	yy	f	18	green	4	(80, 0)	(40, 69)	(-39, 69)	(-80, 0)	(-40, -69)	(40, -69)	circle	none	dif	left	left	N_dist	(-40, -69)	search	nr	True	802728	803534	left	10	85	35	160	135	110	None	None	testing
5	yy	f	18	green	4	(80, 0)	(40, 69)	(-39, 69)	(-80, 0)	(-40, -69)	(40, -69)	circle	none	dif	left	left	N_dist	(-39, 69)	search	nr	True	804698	805358	left	85	160	10	135	110	35	None	None	testing
5	yy	f	18	green	4	(80, 0)	(40, 69)	(-39, 69)	(-80, 0)	(-40, -69)	(40, -69)	diamond	green	same	right	right	(-40, -69)	(80, 0)	probe	h_sin	None	None	None	None	135	110	10	35	160	85	(-40, -69)	33	testing
5	yy	f	18	green	4	(80, 0)	(40, 69)	(-39, 69)	(-80, 0)	(-40, -69)	(40, -69)	diamond	green	dif	right	right	(-40, -69)	(-39, 69)	search	nr	True	811060	812302	right	110	160	135	60	85	10	None	None	testing
5	yy	f	18	green	4	(80, 0)	(40, 69)	(-39, 69)	(-80, 0)	(-40, -69)	(40, -69)	diamond	green	dif	left	left	(40, -69)	(-80, 0)	probe	l_sin	None	None	None	None	35	110	60	135	85	10	(40, -69)	42	testing
5	yy	f	18	green	4	(80, 0)	(40, 69)	(-39, 69)	(-80, 0)	(-40, -69)	(40, -69)	diamond	green	same	right	right	(80, 0)	(40, -69)	search	nr	True	818440	819198	right	135	160	35	10	60	110	None	None	testing
5	yy	f	18	green	4	(80, 0)	(40, 69)	(-39, 69)	(-80, 0)	(-40, -69)	(40, -69)	diamond	none	same	left	left	N_dist	(-80, 0)	search	nr	True	820343	821022	left	60	135	35	160	110	85	None	None	testing
5	yy	f	18	green	4	(80, 0)	(40, 69)	(-39, 69)	(-80, 0)	(-40, -69)	(40, -69)	diamond	none	same	right	right	N_dist	(80, 0)	probe	l_norm	None	None	None	None	110	160	35	85	10	135	(-39, 69)	166	testing
5	yy	f	18	green	4	(80, 0)	(40, 69)	(-39, 69)	(-80, 0)	(-40, -69)	(40, -69)	diamond	none	same	right	right	N_dist	(-40, -69)	search	nr	True	825670	826606	right	35	135	60	110	160	85	None	None	testing
5	yy	f	18	green	4	(80, 0)	(40, 69)	(-39, 69)	(-80, 0)	(-40, -69)	(40, -69)	diamond	green	same	right	right	(40, -69)	(-80, 0)	search	nr	True	827857	828542	right	110	60	160	135	10	85	None	None	testing
5	yy	f	18	green	4	(80, 0)	(40, 69)	(-39, 69)	(-80, 0)	(-40, -69)	(40, -69)	diamond	green	dif	right	right	(-40, -69)	(40, -69)	probe	norm	None	None	None	None	110	160	85	35	135	60	(80, 0)	9	testing
5	yy	f	18	green	4	(80, 0)	(40, 69)	(-39, 69)	(-80, 0)	(-40, -69)	(40, -69)	diamond	green	dif	right	right	(-80, 0)	(40, -69)	probe	l_sin	None	None	None	None	160	85	35	60	135	10	(-80, 0)	4	testing
5	yy	f	18	green	4	(80, 0)	(40, 69)	(-39, 69)	(-80, 0)	(-40, -69)	(40, -69)	diamond	green	dif	right	right	(-80, 0)	(40, -69)	probe	l_sin	None	None	None	None	160	110	85	10	60	35	(-80, 0)	150	testing
5	yy	f	18	green	4	(80, 0)	(40, 69)	(-39, 69)	(-80, 0)	(-40, -69)	(40, -69)	diamond	green	dif	right	right	(-40, -69)	(-39, 69)	probe	tar	None	None	None	None	135	160	10	60	110	85	(-39, 69)	162	testing
5	yy	f	18	green	4	(80, 0)	(40, 69)	(-39, 69)	(-80, 0)	(-40, -69)	(40, -69)	circle	green	same	left	left	(-40, -69)	(40, -69)	probe	h_sin	None	None	None	None	60	110	85	160	10	135	(-40, -69)	156	testing
5	yy	f	18	green	4	(80, 0)	(40, 69)	(-39, 69)	(-80, 0)	(-40, -69)	(40, -69)	circle	green	same	left	left	(-40, -69)	(-39, 69)	probe	norm	None	None	None	None	135	160	60	110	10	35	(40, 69)	23	testing
5	yy	f	18	green	4	(80, 0)	(40, 69)	(-39, 69)	(-80, 0)	(-40, -69)	(40, -69)	circle	green	same	right	right	(40, -69)	(80, 0)	search	nr	True	853688	854765	right	160	10	135	60	85	35	None	None	testing
5	yy	f	18	green	4	(80, 0)	(40, 69)	(-39, 69)	(-80, 0)	(-40, -69)	(40, -69)	diamond	green	dif	right	right	(-40, -69)	(-39, 69)	probe	h_sin	None	None	None	None	135	60	85	160	10	110	(-40, -69)	153	testing
5	yy	f	18	green	4	(80, 0)	(40, 69)	(-39, 69)	(-80, 0)	(-40, -69)	(40, -69)	circle	none	dif	left	left	N_dist	(-80, 0)	search	nr	True	860000	860718	left	160	85	10	135	60	35	None	None	testing
5	yy	f	18	green	4	(80, 0)	(40, 69)	(-39, 69)	(-80, 0)	(-40, -69)	(40, -69)	circle	green	same	left	left	(-40, -69)	(-39, 69)	search	nr	True	861787	862382	left	10	60	85	110	160	135	None	None	testing
5	yy	f	18	green	4	(80, 0)	(40, 69)	(-39, 69)	(-80, 0)	(-40, -69)	(40, -69)	circle	green	dif	right	right	(-40, -69)	(80, 0)	search	nr	True	863623	864398	right	110	160	60	135	35	85	None	None	testing
5	yy	f	18	green	4	(80, 0)	(40, 69)	(-39, 69)	(-80, 0)	(-40, -69)	(40, -69)	diamond	green	dif	right	right	(-80, 0)	(80, 0)	search	nr	True	865593	866414	right	160	10	60	85	110	135	None	None	testing
5	yy	f	18	green	4	(80, 0)	(40, 69)	(-39, 69)	(-80, 0)	(-40, -69)	(40, -69)	diamond	none	dif	left	left	N_dist	(40, -69)	search	nr	True	867647	868350	left	35	85	135	110	60	10	None	None	testing
5	yy	f	18	green	4	(80, 0)	(40, 69)	(-39, 69)	(-80, 0)	(-40, -69)	(40, -69)	diamond	green	dif	left	left	(40, 69)	(-39, 69)	probe	norm	None	None	None	None	85	60	35	10	135	160	(-80, 0)	147	testing
5	yy	f	18	green	4	(80, 0)	(40, 69)	(-39, 69)	(-80, 0)	(-40, -69)	(40, -69)	diamond	none	dif	right	right	N_dist	(-39, 69)	search	nr	True	873608	874318	right	110	35	60	135	160	10	None	None	testing
5	yy	f	18	green	4	(80, 0)	(40, 69)	(-39, 69)	(-80, 0)	(-40, -69)	(40, -69)	circle	green	same	left	left	(-40, -69)	(-39, 69)	search	nr	True	875462	876462	left	35	160	60	110	135	85	None	None	testing
5	yy	f	18	green	4	(80, 0)	(40, 69)	(-39, 69)	(-80, 0)	(-40, -69)	(40, -69)	circle	green	dif	left	left	(-40, -69)	(40, 69)	probe	h_sin	None	None	None	None	110	85	160	10	60	35	(-40, -69)	170	testing
5	yy	f	18	green	4	(80, 0)	(40, 69)	(-39, 69)	(-80, 0)	(-40, -69)	(40, -69)	diamond	green	dif	left	left	(40, 69)	(40, -69)	search	nr	True	881773	882654	left	10	160	60	110	85	35	None	None	testing
5	yy	f	18	green	4	(80, 0)	(40, 69)	(-39, 69)	(-80, 0)	(-40, -69)	(40, -69)	diamond	none	dif	right	right	N_dist	(-40, -69)	search	nr	True	883827	884622	right	160	10	135	110	35	85	None	None	testing
5	yy	f	18	green	4	(80, 0)	(40, 69)	(-39, 69)	(-80, 0)	(-40, -69)	(40, -69)	diamond	green	same	left	left	(-40, -69)	(-39, 69)	probe	norm	None	None	None	None	110	85	35	135	10	160	(-80, 0)	9	testing
5	yy	f	18	green	4	(80, 0)	(40, 69)	(-39, 69)	(-80, 0)	(-40, -69)	(40, -69)	diamond	green	dif	right	right	(-80, 0)	(80, 0)	search	nr	True	889153	889838	right	60	110	10	35	85	160	None	None	testing
5	yy	f	18	green	4	(80, 0)	(40, 69)	(-39, 69)	(-80, 0)	(-40, -69)	(40, -69)	diamond	none	dif	right	right	N_dist	(-80, 0)	probe	h_norm	None	None	None	None	35	160	85	135	10	60	(-40, -69)	152	testing
5	yy	f	18	green	4	(80, 0)	(40, 69)	(-39, 69)	(-80, 0)	(-40, -69)	(40, -69)	circle	green	dif	left	left	(80, 0)	(40, 69)	search	nr	True	894781	895982	left	160	60	85	135	35	110	None	None	testing
5	yy	f	18	green	4	(80, 0)	(40, 69)	(-39, 69)	(-80, 0)	(-40, -69)	(40, -69)	diamond	green	dif	left	left	(-80, 0)	(40, -69)	probe	tar	None	None	None	None	135	35	160	110	60	10	(40, -69)	143	testing
5	yy	f	18	green	4	(80, 0)	(40, 69)	(-39, 69)	(-80, 0)	(-40, -69)	(40, -69)	circle	none	same	right	right	N_dist	(-40, -69)	probe	h_tar	None	None	None	None	60	135	85	160	35	10	(-40, -69)	160	testing
5	yy	f	18	green	4	(80, 0)	(40, 69)	(-39, 69)	(-80, 0)	(-40, -69)	(40, -69)	circle	green	same	right	right	(-40, -69)	(80, 0)	search	nr	True	905216	906013	right	85	10	60	35	110	160	None	None	testing
5	yy	f	18	green	4	(80, 0)	(40, 69)	(-39, 69)	(-80, 0)	(-40, -69)	(40, -69)	diamond	green	dif	left	left	(-39, 69)	(40, -69)	search	nr	True	907220	907981	left	60	10	85	110	160	35	None	None	testing
5	yy	f	18	green	4	(80, 0)	(40, 69)	(-39, 69)	(-80, 0)	(-40, -69)	(40, -69)	diamond	none	dif	left	left	N_dist	(80, 0)	search	nr	True	909157	909774	left	10	60	110	35	85	135	None	None	testing
5	yy	f	18	green	4	(80, 0)	(40, 69)	(-39, 69)	(-80, 0)	(-40, -69)	(40, -69)	circle	green	dif	right	right	(40, 69)	(-80, 0)	search	nr	True	910877	912270	right	160	60	35	135	10	110	None	None	testing
5	yy	f	18	green	4	(80, 0)	(40, 69)	(-39, 69)	(-80, 0)	(-40, -69)	(40, -69)	diamond	green	same	right	right	(-39, 69)	(-80, 0)	probe	norm	None	None	None	None	135	160	10	60	85	35	(40, -69)	147	testing
5	yy	f	18	green	4	(80, 0)	(40, 69)	(-39, 69)	(-80, 0)	(-40, -69)	(40, -69)	diamond	none	dif	right	right	N_dist	(40, 69)	probe	l_tar	None	None	None	None	35	110	85	160	135	60	(40, 69)	10	testing
5	yy	f	18	green	4	(80, 0)	(40, 69)	(-39, 69)	(-80, 0)	(-40, -69)	(40, -69)	diamond	none	dif	right	right	N_dist	(-80, 0)	search	nr	True	921763	922429	right	110	160	135	85	35	60	None	None	testing
5	yy	f	18	green	4	(80, 0)	(40, 69)	(-39, 69)	(-80, 0)	(-40, -69)	(40, -69)	circle	green	same	left	left	(-40, -69)	(80, 0)	search	nr	True	923650	924526	left	160	35	110	135	10	60	None	None	testing
5	yy	f	18	green	4	(80, 0)	(40, 69)	(-39, 69)	(-80, 0)	(-40, -69)	(40, -69)	circle	none	dif	left	left	N_dist	(-80, 0)	search	nr	True	925771	926670	left	160	135	10	60	35	85	None	None	testing
5	yy	f	18	green	4	(80, 0)	(40, 69)	(-39, 69)	(-80, 0)	(-40, -69)	(40, -69)	circle	green	dif	left	left	(-40, -69)	(-80, 0)	search	nr	True	927891	928702	left	35	160	60	10	85	135	None	None	testing
5	yy	f	18	green	4	(80, 0)	(40, 69)	(-39, 69)	(-80, 0)	(-40, -69)	(40, -69)	circle	green	dif	left	left	(-40, -69)	(40, -69)	search	nr	True	929945	931022	left	85	10	110	35	135	60	None	None	testing
5	yy	f	18	green	4	(80, 0)	(40, 69)	(-39, 69)	(-80, 0)	(-40, -69)	(40, -69)	circle	green	same	right	right	(40, -69)	(80, 0)	search	nr	True	932215	932959	right	35	135	160	10	110	60	None	None	testing
5	yy	f	18	green	4	(80, 0)	(40, 69)	(-39, 69)	(-80, 0)	(-40, -69)	(40, -69)	circle	green	same	left	left	(-40, -69)	(40, -69)	search	nr	True	934153	935006	left	85	110	60	135	160	10	None	None	testing
5	yy	f	18	green	4	(80, 0)	(40, 69)	(-39, 69)	(-80, 0)	(-40, -69)	(40, -69)	circle	green	dif	left	left	(-40, -69)	(40, -69)	probe	h_sin	None	None	None	None	85	135	10	110	160	60	(-40, -69)	28	testing
5	yy	f	18	green	4	(80, 0)	(40, 69)	(-39, 69)	(-80, 0)	(-40, -69)	(40, -69)	circle	none	dif	left	left	N_dist	(-39, 69)	probe	l_norm	None	None	None	None	60	135	85	10	110	35	(-80, 0)	146	testing
5	yy	f	18	green	4	(80, 0)	(40, 69)	(-39, 69)	(-80, 0)	(-40, -69)	(40, -69)	circle	green	dif	left	left	(-39, 69)	(80, 0)	search	nr	True	944972	945710	left	135	10	60	160	110	85	None	None	testing
5	yy	f	18	green	4	(80, 0)	(40, 69)	(-39, 69)	(-80, 0)	(-40, -69)	(40, -69)	diamond	none	same	right	right	N_dist	(40, 69)	probe	l_tar	None	None	None	None	10	160	110	35	135	60	(40, 69)	20	testing
5	yy	f	18	green	4	(80, 0)	(40, 69)	(-39, 69)	(-80, 0)	(-40, -69)	(40, -69)	diamond	green	dif	right	right	(40, 69)	(-80, 0)	search	nr	True	950199	951214	right	160	110	85	35	60	10	None	None	testing
5	yy	f	18	green	4	(80, 0)	(40, 69)	(-39, 69)	(-80, 0)	(-40, -69)	(40, -69)	circle	green	dif	right	right	(40, 69)	(80, 0)	search	nr	True	952370	953503	right	35	135	110	10	60	85	None	None	testing
5	yy	f	18	green	4	(80, 0)	(40, 69)	(-39, 69)	(-80, 0)	(-40, -69)	(40, -69)	diamond	none	same	left	left	N_dist	(-80, 0)	probe	h_norm	None	None	None	None	85	135	60	110	35	10	(-40, -69)	162	testing
5	yy	f	18	green	4	(80, 0)	(40, 69)	(-39, 69)	(-80, 0)	(-40, -69)	(40, -69)	diamond	green	dif	left	left	(-39, 69)	(-80, 0)	probe	tar	None	None	None	None	10	110	60	85	160	135	(-80, 0)	0	testing
5	yy	f	18	green	4	(80, 0)	(40, 69)	(-39, 69)	(-80, 0)	(-40, -69)	(40, -69)	diamond	green	same	right	right	(40, 69)	(-39, 69)	search	nr	True	961186	963422	right	110	85	60	135	10	35	None	None	testing
5	yy	f	18	green	4	(80, 0)	(40, 69)	(-39, 69)	(-80, 0)	(-40, -69)	(40, -69)	diamond	green	same	right	right	(80, 0)	(40, -69)	probe	l_sin	None	None	None	None	85	135	60	35	160	110	(80, 0)	0	testing
5	yy	f	18	green	4	(80, 0)	(40, 69)	(-39, 69)	(-80, 0)	(-40, -69)	(40, -69)	diamond	green	dif	left	left	(40, 69)	(-39, 69)	search	nr	True	967531	968238	left	10	60	85	35	110	135	None	None	testing
5	yy	f	18	green	4	(80, 0)	(40, 69)	(-39, 69)	(-80, 0)	(-40, -69)	(40, -69)	circle	none	same	left	left	N_dist	(-39, 69)	probe	h_norm	None	None	None	None	60	160	35	110	135	85	(-40, -69)	10	testing
5	yy	f	18	green	4	(80, 0)	(40, 69)	(-39, 69)	(-80, 0)	(-40, -69)	(40, -69)	circle	green	dif	right	right	(-40, -69)	(-39, 69)	probe	tar	None	None	None	None	135	35	10	160	60	110	(-39, 69)	145	testing
5	yy	f	18	green	4	(80, 0)	(40, 69)	(-39, 69)	(-80, 0)	(-40, -69)	(40, -69)	diamond	none	same	right	right	N_dist	(80, 0)	search	nr	True	977883	978718	right	60	110	85	10	135	160	None	None	testing
5	yy	f	18	green	4	(80, 0)	(40, 69)	(-39, 69)	(-80, 0)	(-40, -69)	(40, -69)	circle	green	dif	right	right	(40, 69)	(80, 0)	probe	l_sin	None	None	None	None	85	110	10	160	60	135	(40, 69)	7	testing
5	yy	f	18	green	4	(80, 0)	(40, 69)	(-39, 69)	(-80, 0)	(-40, -69)	(40, -69)	diamond	green	same	left	left	(-40, -69)	(40, -69)	probe	tar	None	None	None	None	135	60	10	35	85	110	(40, -69)	11	testing
5	yy	f	18	green	4	(80, 0)	(40, 69)	(-39, 69)	(-80, 0)	(-40, -69)	(40, -69)	circle	green	same	right	right	(-40, -69)	(-80, 0)	search	nr	True	986432	987422	right	110	135	35	60	160	10	None	None	testing
5	yy	f	18	green	4	(80, 0)	(40, 69)	(-39, 69)	(-80, 0)	(-40, -69)	(40, -69)	diamond	none	dif	left	left	N_dist	(40, -69)	search	nr	True	988570	989406	left	35	85	160	110	135	60	None	None	testing
5	yy	f	18	green	4	(80, 0)	(40, 69)	(-39, 69)	(-80, 0)	(-40, -69)	(40, -69)	diamond	green	same	right	right	(-40, -69)	(40, -69)	probe	norm	None	None	None	None	10	60	160	85	110	135	(80, 0)	144	testing
5	yy	f	18	green	4	(80, 0)	(40, 69)	(-39, 69)	(-80, 0)	(-40, -69)	(40, -69)	circle	green	same	left	left	(-40, -69)	(40, -69)	search	nr	True	994197	995038	left	60	35	85	135	110	160	None	None	testing
5	yy	f	18	green	4	(80, 0)	(40, 69)	(-39, 69)	(-80, 0)	(-40, -69)	(40, -69)	circle	green	same	left	left	(-40, -69)	(40, 69)	search	nr	True	996284	997902	left	110	60	10	85	35	160	None	None	testing
5	yy	f	18	green	4	(80, 0)	(40, 69)	(-39, 69)	(-80, 0)	(-40, -69)	(40, -69)	circle	green	same	right	right	(40, -69)	(80, 0)	probe	l_sin	None	None	None	None	60	110	35	85	160	135	(40, -69)	14	testing
5	yy	f	18	green	4	(80, 0)	(40, 69)	(-39, 69)	(-80, 0)	(-40, -69)	(40, -69)	diamond	green	dif	left	left	(40, 69)	(-39, 69)	search	nr	True	1002395	1003406	left	10	160	85	110	135	60	None	None	testing
5	yy	f	18	green	4	(80, 0)	(40, 69)	(-39, 69)	(-80, 0)	(-40, -69)	(40, -69)	diamond	none	dif	left	left	N_dist	(40, -69)	probe	l_norm	None	None	None	None	160	60	35	85	10	110	(-80, 0)	4	testing
5	yy	f	18	green	4	(80, 0)	(40, 69)	(-39, 69)	(-80, 0)	(-40, -69)	(40, -69)	diamond	green	same	right	right	(-40, -69)	(40, -69)	search	nr	True	1008306	1009102	right	135	35	85	110	160	10	None	None	testing
5	yy	f	18	green	4	(80, 0)	(40, 69)	(-39, 69)	(-80, 0)	(-40, -69)	(40, -69)	circle	green	dif	right	right	(-40, -69)	(80, 0)	search	nr	True	1010326	1011454	right	160	60	85	110	10	35	None	None	testing
5	yy	f	18	green	4	(80, 0)	(40, 69)	(-39, 69)	(-80, 0)	(-40, -69)	(40, -69)	diamond	green	dif	right	right	(40, 69)	(-80, 0)	search	nr	True	1012564	1013469	right	110	60	85	160	10	135	None	None	testing
5	yy	f	18	green	4	(80, 0)	(40, 69)	(-39, 69)	(-80, 0)	(-40, -69)	(40, -69)	circle	green	dif	right	right	(-40, -69)	(80, 0)	search	nr	True	1014734	1015821	right	85	10	160	35	110	60	None	None	testing
5	yy	f	18	green	4	(80, 0)	(40, 69)	(-39, 69)	(-80, 0)	(-40, -69)	(40, -69)	diamond	green	same	right	right	(40, 69)	(-39, 69)	search	nr	True	1016989	1017982	right	110	160	60	10	135	85	None	None	testing
5	yy	f	18	green	4	(80, 0)	(40, 69)	(-39, 69)	(-80, 0)	(-40, -69)	(40, -69)	circle	green	dif	right	right	(40, 69)	(80, 0)	search	nr	True	1019175	1020254	right	135	35	160	10	85	60	None	None	testing
5	yy	f	18	green	4	(80, 0)	(40, 69)	(-39, 69)	(-80, 0)	(-40, -69)	(40, -69)	circle	none	dif	right	right	N_dist	(80, 0)	search	nr	True	1021513	1022206	right	10	135	160	60	85	110	None	None	testing
5	yy	f	18	green	4	(80, 0)	(40, 69)	(-39, 69)	(-80, 0)	(-40, -69)	(40, -69)	circle	green	same	right	right	(-40, -69)	(-80, 0)	search	nr	True	1023433	1024302	right	35	60	110	135	160	10	None	None	testing
5	yy	f	18	green	4	(80, 0)	(40, 69)	(-39, 69)	(-80, 0)	(-40, -69)	(40, -69)	diamond	green	same	right	right	(40, -69)	(-80, 0)	search	nr	True	1025571	1026366	right	35	60	160	110	135	85	None	None	testing
5	yy	f	18	green	4	(80, 0)	(40, 69)	(-39, 69)	(-80, 0)	(-40, -69)	(40, -69)	diamond	green	dif	left	left	(40, 69)	(40, -69)	search	nr	True	1027575	1028606	left	85	10	35	110	60	160	None	None	testing
5	yy	f	18	green	4	(80, 0)	(40, 69)	(-39, 69)	(-80, 0)	(-40, -69)	(40, -69)	diamond	none	same	right	right	N_dist	(-40, -69)	search	nr	True	1029895	1030750	right	85	110	60	135	10	35	None	None	testing
5	yy	f	18	green	4	(80, 0)	(40, 69)	(-39, 69)	(-80, 0)	(-40, -69)	(40, -69)	circle	none	same	left	left	N_dist	(80, 0)	search	nr	True	1031866	1032766	left	160	35	135	10	85	60	None	None	testing
5	yy	f	18	green	4	(80, 0)	(40, 69)	(-39, 69)	(-80, 0)	(-40, -69)	(40, -69)	circle	green	dif	right	right	(-40, -69)	(-80, 0)	probe	tar	None	None	None	None	135	85	60	35	110	10	(-80, 0)	7	testing
5	yy	f	18	green	4	(80, 0)	(40, 69)	(-39, 69)	(-80, 0)	(-40, -69)	(40, -69)	circle	none	dif	left	left	N_dist	(40, 69)	probe	l_norm	None	None	None	None	85	110	60	160	135	10	(40, -69)	25	testing
5	yy	f	18	green	4	(80, 0)	(40, 69)	(-39, 69)	(-80, 0)	(-40, -69)	(40, -69)	circle	none	dif	right	right	N_dist	(80, 0)	search	nr	True	1041534	1042286	right	135	35	85	10	160	60	None	None	testing
5	yy	f	18	green	4	(80, 0)	(40, 69)	(-39, 69)	(-80, 0)	(-40, -69)	(40, -69)	circle	none	dif	left	left	N_dist	(80, 0)	search	nr	True	1043404	1044222	left	135	160	35	85	10	110	None	None	testing
5	yy	f	18	green	4	(80, 0)	(40, 69)	(-39, 69)	(-80, 0)	(-40, -69)	(40, -69)	circle	green	same	right	right	(-40, -69)	(-39, 69)	search	nr	True	1045458	1046126	right	35	10	60	160	110	85	None	None	testing
5	yy	f	18	green	4	(80, 0)	(40, 69)	(-39, 69)	(-80, 0)	(-40, -69)	(40, -69)	diamond	none	same	left	left	N_dist	(-80, 0)	probe	h_norm	None	None	None	None	135	35	10	110	160	85	(-40, -69)	135	testing
5	yy	f	18	green	4	(80, 0)	(40, 69)	(-39, 69)	(-80, 0)	(-40, -69)	(40, -69)	circle	green	dif	right	right	(-40, -69)	(-80, 0)	probe	norm	None	None	None	None	85	10	135	35	60	110	(-39, 69)	14	testing
5	yy	f	18	green	4	(80, 0)	(40, 69)	(-39, 69)	(-80, 0)	(-40, -69)	(40, -69)	circle	green	same	right	right	(-40, -69)	(-39, 69)	probe	norm	None	None	None	None	110	85	160	35	135	60	(80, 0)	9	testing
5	yy	f	18	green	4	(80, 0)	(40, 69)	(-39, 69)	(-80, 0)	(-40, -69)	(40, -69)	circle	green	dif	right	right	(40, 69)	(-80, 0)	probe	l_sin	None	None	None	None	35	10	135	60	160	110	(40, 69)	147	testing
5	yy	f	18	green	4	(80, 0)	(40, 69)	(-39, 69)	(-80, 0)	(-40, -69)	(40, -69)	diamond	green	same	right	right	(-40, -69)	(80, 0)	probe	h_sin	None	None	None	None	135	110	160	35	85	10	(-40, -69)	12	testing
5	yy	f	18	green	4	(80, 0)	(40, 69)	(-39, 69)	(-80, 0)	(-40, -69)	(40, -69)	diamond	green	dif	left	left	(-40, -69)	(-80, 0)	search	nr	True	1066563	1067389	left	110	60	85	35	160	135	None	None	testing
5	yy	f	18	green	4	(80, 0)	(40, 69)	(-39, 69)	(-80, 0)	(-40, -69)	(40, -69)	diamond	none	same	left	left	N_dist	(-40, -69)	search	nr	True	1068584	1069278	left	35	110	10	60	85	135	None	None	testing
5	yy	f	18	green	4	(80, 0)	(40, 69)	(-39, 69)	(-80, 0)	(-40, -69)	(40, -69)	circle	none	dif	right	right	N_dist	(40, 69)	probe	l_tar	None	None	None	None	35	85	135	60	110	10	(40, 69)	9	testing
5	yy	f	18	green	4	(80, 0)	(40, 69)	(-39, 69)	(-80, 0)	(-40, -69)	(40, -69)	circle	green	dif	right	right	(-40, -69)	(40, -69)	search	nr	True	1073776	1074622	right	135	35	85	60	160	10	None	None	testing
5	yy	f	18	green	4	(80, 0)	(40, 69)	(-39, 69)	(-80, 0)	(-40, -69)	(40, -69)	circle	green	same	right	right	(-40, -69)	(40, 69)	probe	tar	None	None	None	None	110	35	10	135	85	160	(40, 69)	152	testing
5	yy	f	18	green	4	(80, 0)	(40, 69)	(-39, 69)	(-80, 0)	(-40, -69)	(40, -69)	diamond	none	dif	right	right	N_dist	(-80, 0)	search	nr	True	1079587	1080430	right	10	85	135	35	60	110	None	None	testing
5	yy	f	18	green	4	(80, 0)	(40, 69)	(-39, 69)	(-80, 0)	(-40, -69)	(40, -69)	circle	green	dif	right	right	(-40, -69)	(40, -69)	probe	h_sin	None	None	None	None	10	135	35	110	85	60	(-40, -69)	176	testing
5	yy	f	18	green	4	(80, 0)	(40, 69)	(-39, 69)	(-80, 0)	(-40, -69)	(40, -69)	circle	green	same	left	left	(-40, -69)	(80, 0)	search	nr	True	1086549	1087262	left	135	160	35	10	85	110	None	None	testing
5	yy	f	18	green	4	(80, 0)	(40, 69)	(-39, 69)	(-80, 0)	(-40, -69)	(40, -69)	diamond	none	same	left	left	N_dist	(40, -69)	probe	l_tar	None	None	None	None	85	60	135	160	35	110	(40, -69)	14	testing
5	yy	f	18	green	4	(80, 0)	(40, 69)	(-39, 69)	(-80, 0)	(-40, -69)	(40, -69)	circle	green	same	right	right	(-40, -69)	(80, 0)	probe	h_sin	None	None	None	None	135	110	10	60	85	160	(-40, -69)	173	testing
5	yy	f	18	green	4	(80, 0)	(40, 69)	(-39, 69)	(-80, 0)	(-40, -69)	(40, -69)	circle	green	dif	left	left	(40, -69)	(80, 0)	probe	tar	None	None	None	None	85	135	10	110	160	60	(80, 0)	173	testing
5	yy	f	18	green	4	(80, 0)	(40, 69)	(-39, 69)	(-80, 0)	(-40, -69)	(40, -69)	diamond	none	same	right	right	N_dist	(40, -69)	search	nr	True	1097988	1098750	right	110	160	85	10	60	135	None	None	testing
5	yy	f	18	green	4	(80, 0)	(40, 69)	(-39, 69)	(-80, 0)	(-40, -69)	(40, -69)	diamond	green	dif	right	right	(80, 0)	(-39, 69)	search	nr	True	1099875	1100654	right	35	60	10	110	160	135	None	None	testing
5	yy	f	18	green	4	(80, 0)	(40, 69)	(-39, 69)	(-80, 0)	(-40, -69)	(40, -69)	circle	none	dif	left	left	N_dist	(-80, 0)	probe	h_norm	None	None	None	None	85	110	10	135	60	160	(-40, -69)	169	testing
5	yy	f	18	green	4	(80, 0)	(40, 69)	(-39, 69)	(-80, 0)	(-40, -69)	(40, -69)	circle	none	same	left	left	N_dist	(-39, 69)	search	nr	True	1105518	1106429	left	10	160	135	110	35	85	None	None	testing
5	yy	f	18	green	4	(80, 0)	(40, 69)	(-39, 69)	(-80, 0)	(-40, -69)	(40, -69)	circle	green	same	right	right	(40, -69)	(-39, 69)	probe	tar	None	None	None	None	85	10	135	60	160	35	(-39, 69)	4	testing
5	yy	f	18	green	4	(80, 0)	(40, 69)	(-39, 69)	(-80, 0)	(-40, -69)	(40, -69)	circle	green	dif	right	right	(-40, -69)	(40, 69)	search	nr	True	1110578	1111566	right	35	60	160	85	110	135	None	None	testing
5	yy	f	18	green	4	(80, 0)	(40, 69)	(-39, 69)	(-80, 0)	(-40, -69)	(40, -69)	diamond	green	same	left	left	(-40, -69)	(-39, 69)	probe	h_sin	None	None	None	None	110	135	85	10	60	35	(-40, -69)	175	testing
5	yy	f	18	green	4	(80, 0)	(40, 69)	(-39, 69)	(-80, 0)	(-40, -69)	(40, -69)	circle	green	same	left	left	(80, 0)	(-80, 0)	search	nr	True	1116205	1117118	left	35	110	160	60	135	10	None	None	testing
5	yy	f	18	green	4	(80, 0)	(40, 69)	(-39, 69)	(-80, 0)	(-40, -69)	(40, -69)	circle	none	same	left	left	N_dist	(40, -69)	search	nr	True	1118242	1119086	left	35	110	135	10	85	160	None	None	testing
5	yy	f	18	green	4	(80, 0)	(40, 69)	(-39, 69)	(-80, 0)	(-40, -69)	(40, -69)	diamond	green	same	right	right	(-40, -69)	(80, 0)	search	nr	True	1120145	1120925	right	85	135	35	160	60	110	None	None	testing
5	yy	f	18	green	4	(80, 0)	(40, 69)	(-39, 69)	(-80, 0)	(-40, -69)	(40, -69)	diamond	green	same	left	left	(-40, -69)	(-39, 69)	search	nr	True	1122015	1122734	left	160	135	110	85	10	35	None	None	testing
5	yy	f	18	green	4	(80, 0)	(40, 69)	(-39, 69)	(-80, 0)	(-40, -69)	(40, -69)	circle	green	dif	right	right	(-40, -69)	(-39, 69)	search	nr	True	1123952	1124878	right	10	135	110	35	85	160	None	None	testing
5	yy	f	18	green	4	(80, 0)	(40, 69)	(-39, 69)	(-80, 0)	(-40, -69)	(40, -69)	diamond	green	dif	left	left	(-40, -69)	(-39, 69)	probe	norm	None	None	None	None	110	135	85	35	60	160	(-80, 0)	174	testing
5	yy	f	18	green	4	(80, 0)	(40, 69)	(-39, 69)	(-80, 0)	(-40, -69)	(40, -69)	circle	none	dif	left	left	N_dist	(80, 0)	search	nr	True	1129395	1130110	left	35	10	135	160	60	85	None	None	testing
5	yy	f	18	green	4	(80, 0)	(40, 69)	(-39, 69)	(-80, 0)	(-40, -69)	(40, -69)	diamond	none	dif	right	right	N_dist	(-40, -69)	probe	h_tar	None	None	None	None	60	110	35	135	10	160	(-40, -69)	145	testing
5	yy	f	18	green	4	(80, 0)	(40, 69)	(-39, 69)	(-80, 0)	(-40, -69)	(40, -69)	circle	green	dif	right	right	(-40, -69)	(-80, 0)	search	nr	True	1135707	1136750	right	10	85	35	135	60	160	None	None	testing
5	yy	f	18	green	4	(80, 0)	(40, 69)	(-39, 69)	(-80, 0)	(-40, -69)	(40, -69)	diamond	none	same	right	right	N_dist	(-40, -69)	probe	h_tar	None	None	None	None	35	10	160	110	85	60	(-40, -69)	177	testing
5	yy	f	18	green	4	(80, 0)	(40, 69)	(-39, 69)	(-80, 0)	(-40, -69)	(40, -69)	diamond	none	dif	right	right	N_dist	(-39, 69)	probe	h_norm	None	None	None	None	110	60	135	35	10	85	(-40, -69)	164	testing
5	yy	f	18	green	4	(80, 0)	(40, 69)	(-39, 69)	(-80, 0)	(-40, -69)	(40, -69)	circle	green	dif	left	left	(-40, -69)	(40, 69)	search	nr	True	1145709	1146589	left	135	60	10	85	160	110	None	None	testing
5	yy	f	18	green	4	(80, 0)	(40, 69)	(-39, 69)	(-80, 0)	(-40, -69)	(40, -69)	circle	green	dif	right	right	(-40, -69)	(40, 69)	probe	norm	None	None	None	None	110	160	60	85	10	135	(80, 0)	6	testing
5	yy	f	18	green	4	(80, 0)	(40, 69)	(-39, 69)	(-80, 0)	(-40, -69)	(40, -69)	circle	green	same	right	right	(-40, -69)	(40, -69)	search	nr	True	1151235	1151998	right	10	85	35	135	160	60	None	None	testing
5	yy	f	18	green	4	(80, 0)	(40, 69)	(-39, 69)	(-80, 0)	(-40, -69)	(40, -69)	diamond	green	same	left	left	(-40, -69)	(40, 69)	search	nr	True	1153289	1154030	left	60	10	135	160	85	35	None	None	testing
5	yy	f	18	green	4	(80, 0)	(40, 69)	(-39, 69)	(-80, 0)	(-40, -69)	(40, -69)	diamond	none	same	right	right	N_dist	(40, -69)	probe	h_norm	None	None	None	None	60	160	85	10	110	135	(-40, -69)	177	testing
5	yy	f	18	green	4	(80, 0)	(40, 69)	(-39, 69)	(-80, 0)	(-40, -69)	(40, -69)	diamond	green	dif	right	right	(-80, 0)	(40, -69)	search	nr	True	1158882	1159662	right	35	135	10	85	160	110	None	None	testing
5	yy	f	18	green	4	(80, 0)	(40, 69)	(-39, 69)	(-80, 0)	(-40, -69)	(40, -69)	diamond	green	same	left	left	(-40, -69)	(-80, 0)	search	nr	True	1160936	1161582	left	110	160	10	60	85	35	None	None	testing
5	yy	f	18	green	4	(80, 0)	(40, 69)	(-39, 69)	(-80, 0)	(-40, -69)	(40, -69)	circle	none	same	right	right	N_dist	(40, 69)	probe	h_norm	None	None	None	None	60	160	135	10	85	110	(-40, -69)	177	testing
5	yy	f	18	green	4	(80, 0)	(40, 69)	(-39, 69)	(-80, 0)	(-40, -69)	(40, -69)	circle	green	dif	right	right	(-40, -69)	(-80, 0)	search	nr	True	1166414	1167198	right	135	60	110	35	160	85	None	None	testing
5	yy	f	18	green	4	(80, 0)	(40, 69)	(-39, 69)	(-80, 0)	(-40, -69)	(40, -69)	diamond	green	same	right	right	(40, -69)	(-80, 0)	probe	norm	None	None	None	None	135	60	85	160	10	110	(-39, 69)	172	testing
5	yy	f	18	green	4	(80, 0)	(40, 69)	(-39, 69)	(-80, 0)	(-40, -69)	(40, -69)	diamond	none	same	right	right	N_dist	(80, 0)	search	nr	True	1172157	1172958	right	10	60	160	135	35	110	None	None	testing
5	yy	f	18	green	4	(80, 0)	(40, 69)	(-39, 69)	(-80, 0)	(-40, -69)	(40, -69)	diamond	green	dif	left	left	(-39, 69)	(80, 0)	search	nr	True	1174245	1174910	left	10	110	60	160	85	135	None	None	testing
5	yy	f	18	green	4	(80, 0)	(40, 69)	(-39, 69)	(-80, 0)	(-40, -69)	(40, -69)	diamond	green	dif	right	right	(-40, -69)	(-39, 69)	search	nr	True	1176214	1176894	right	85	60	110	35	135	160	None	None	testing
5	yy	f	18	green	4	(80, 0)	(40, 69)	(-39, 69)	(-80, 0)	(-40, -69)	(40, -69)	circle	none	dif	right	right	N_dist	(-80, 0)	probe	l_norm	None	None	None	None	160	10	110	85	35	135	(40, -69)	19	testing
