subj	name	gender	age	dist	run	tar_locs1	tar_locs2	tar_locs3	tar_locs4	tar_locs5	tar_locs6	shape	dist	td_dif	detection	resp_key	dis_loc	tar_loc	task_type	probe_cond	gotKey	startTime	respTime	resp	o1	o2	o3	o4	o5	o6	pro_loc	ori_resp	mode
5	zh	m	18	red	3	(80, 0)	(40, 69)	(-39, 69)	(-80, 0)	(-40, -69)	(40, -69)	diamond	none	same	left	left	N_dist	(-39, 69)	search	nr	True	263114	263880	left	60	160	10	35	135	85	None	None	testing
5	zh	m	18	red	3	(80, 0)	(40, 69)	(-39, 69)	(-80, 0)	(-40, -69)	(40, -69)	circle	none	dif	left	left	N_dist	(-40, -69)	search	nr	True	265168	266200	left	135	85	60	35	10	160	None	None	testing
5	zh	m	18	red	3	(80, 0)	(40, 69)	(-39, 69)	(-80, 0)	(-40, -69)	(40, -69)	circle	none	same	right	right	N_dist	(-40, -69)	search	nr	True	267388	268152	right	60	110	160	10	85	135	None	None	testing
5	zh	m	18	red	3	(80, 0)	(40, 69)	(-39, 69)	(-80, 0)	(-40, -69)	(40, -69)	diamond	red	same	right	right	(-40, -69)	(40, 69)	probe	h_sin	None	None	None	None	110	10	35	60	160	85	(-40, -69)	23	testing
5	zh	m	18	red	3	(80, 0)	(40, 69)	(-39, 69)	(-80, 0)	(-40, -69)	(40, -69)	diamond	red	same	right	right	(-40, -69)	(40, -69)	probe	norm	None	None	None	None	35	60	10	110	135	160	(40, 69)	162	testing
5	zh	m	18	red	3	(80, 0)	(40, 69)	(-39, 69)	(-80, 0)	(-40, -69)	(40, -69)	circle	red	dif	left	left	(-39, 69)	(40, -69)	search	nr	True	278493	280040	left	10	35	110	85	160	135	None	None	testing
5	zh	m	18	red	3	(80, 0)	(40, 69)	(-39, 69)	(-80, 0)	(-40, -69)	(40, -69)	circle	red	same	left	left	(-40, -69)	(80, 0)	probe	norm	None	None	None	None	85	10	135	35	160	110	(40, -69)	171	testing
5	zh	m	18	red	3	(80, 0)	(40, 69)	(-39, 69)	(-80, 0)	(-40, -69)	(40, -69)	circle	red	same	right	right	(40, -69)	(-39, 69)	search	nr	True	287592	288440	right	160	135	35	110	85	60	None	None	testing
5	zh	m	18	red	3	(80, 0)	(40, 69)	(-39, 69)	(-80, 0)	(-40, -69)	(40, -69)	diamond	red	dif	right	right	(-40, -69)	(-39, 69)	probe	tar	None	None	None	None	10	110	160	85	60	135	(-39, 69)	28	testing
5	zh	m	18	red	3	(80, 0)	(40, 69)	(-39, 69)	(-80, 0)	(-40, -69)	(40, -69)	diamond	none	same	left	left	N_dist	(40, -69)	probe	l_tar	None	None	None	None	10	160	60	135	35	110	(40, -69)	26	testing
5	zh	m	18	red	3	(80, 0)	(40, 69)	(-39, 69)	(-80, 0)	(-40, -69)	(40, -69)	diamond	red	dif	left	left	(-39, 69)	(40, 69)	search	nr	True	298229	299271	left	10	85	135	110	35	60	None	None	testing
5	zh	m	18	red	3	(80, 0)	(40, 69)	(-39, 69)	(-80, 0)	(-40, -69)	(40, -69)	circle	none	same	left	left	N_dist	(40, 69)	search	nr	True	300516	301176	left	160	85	135	35	60	10	None	None	testing
5	zh	m	18	red	3	(80, 0)	(40, 69)	(-39, 69)	(-80, 0)	(-40, -69)	(40, -69)	circle	red	dif	left	left	(-80, 0)	(-39, 69)	probe	l_sin	None	None	None	None	10	35	160	60	110	135	(-80, 0)	171	testing
5	zh	m	18	red	3	(80, 0)	(40, 69)	(-39, 69)	(-80, 0)	(-40, -69)	(40, -69)	circle	red	dif	left	left	(-39, 69)	(40, -69)	search	nr	True	307045	307944	left	160	60	135	35	85	110	None	None	testing
5	zh	m	18	red	3	(80, 0)	(40, 69)	(-39, 69)	(-80, 0)	(-40, -69)	(40, -69)	circle	red	same	right	right	(-40, -69)	(-80, 0)	search	nr	True	309132	309848	right	85	160	135	110	60	10	None	None	testing
5	zh	m	18	red	3	(80, 0)	(40, 69)	(-39, 69)	(-80, 0)	(-40, -69)	(40, -69)	circle	red	dif	left	left	(-40, -69)	(40, 69)	search	nr	True	311036	311753	left	110	85	160	60	135	35	None	None	testing
5	zh	m	18	red	3	(80, 0)	(40, 69)	(-39, 69)	(-80, 0)	(-40, -69)	(40, -69)	circle	none	same	left	left	N_dist	(40, 69)	search	nr	True	312989	313608	left	135	110	85	35	10	160	None	None	testing
5	zh	m	18	red	3	(80, 0)	(40, 69)	(-39, 69)	(-80, 0)	(-40, -69)	(40, -69)	diamond	none	same	left	left	N_dist	(40, -69)	search	nr	True	314692	315592	left	135	110	10	35	85	60	None	None	testing
5	zh	m	18	red	3	(80, 0)	(40, 69)	(-39, 69)	(-80, 0)	(-40, -69)	(40, -69)	circle	none	same	left	left	N_dist	(40, 69)	search	nr	True	316830	317448	left	135	160	85	60	35	10	None	None	testing
5	zh	m	18	red	3	(80, 0)	(40, 69)	(-39, 69)	(-80, 0)	(-40, -69)	(40, -69)	diamond	none	same	left	left	N_dist	(-39, 69)	probe	l_tar	None	None	None	None	160	10	35	135	85	60	(-39, 69)	165	testing
5	zh	m	18	red	3	(80, 0)	(40, 69)	(-39, 69)	(-80, 0)	(-40, -69)	(40, -69)	diamond	red	same	right	right	(-40, -69)	(40, 69)	search	nr	True	324560	325208	right	10	60	85	35	135	110	None	None	testing
5	zh	m	18	red	3	(80, 0)	(40, 69)	(-39, 69)	(-80, 0)	(-40, -69)	(40, -69)	circle	red	same	right	right	(80, 0)	(40, -69)	probe	l_sin	None	None	None	None	85	35	110	135	10	160	(80, 0)	173	testing
5	zh	m	18	red	3	(80, 0)	(40, 69)	(-39, 69)	(-80, 0)	(-40, -69)	(40, -69)	circle	red	dif	right	right	(-40, -69)	(-39, 69)	search	nr	True	330137	330936	right	35	135	10	60	110	85	None	None	testing
5	zh	m	18	red	3	(80, 0)	(40, 69)	(-39, 69)	(-80, 0)	(-40, -69)	(40, -69)	diamond	red	same	right	right	(80, 0)	(-80, 0)	search	nr	True	332007	333144	right	60	85	10	35	135	110	None	None	testing
5	zh	m	18	red	3	(80, 0)	(40, 69)	(-39, 69)	(-80, 0)	(-40, -69)	(40, -69)	diamond	red	dif	left	left	(-40, -69)	(-80, 0)	search	nr	True	334345	335144	left	160	85	35	135	60	110	None	None	testing
5	zh	m	18	red	3	(80, 0)	(40, 69)	(-39, 69)	(-80, 0)	(-40, -69)	(40, -69)	diamond	red	dif	left	left	(-40, -69)	(-80, 0)	search	nr	True	336232	336952	left	160	60	135	10	35	85	None	None	testing
5	zh	m	18	red	3	(80, 0)	(40, 69)	(-39, 69)	(-80, 0)	(-40, -69)	(40, -69)	diamond	red	dif	left	left	(-40, -69)	(80, 0)	probe	h_sin	None	None	None	None	110	10	60	35	85	160	(-40, -69)	170	testing
5	zh	m	18	red	3	(80, 0)	(40, 69)	(-39, 69)	(-80, 0)	(-40, -69)	(40, -69)	circle	red	dif	right	right	(-40, -69)	(80, 0)	probe	h_sin	None	None	None	None	85	160	60	110	135	35	(-40, -69)	168	testing
5	zh	m	18	red	3	(80, 0)	(40, 69)	(-39, 69)	(-80, 0)	(-40, -69)	(40, -69)	circle	red	dif	left	left	(-80, 0)	(80, 0)	search	nr	True	349540	350424	right	85	10	110	160	135	35	None	None	testing
5	zh	m	18	red	3	(80, 0)	(40, 69)	(-39, 69)	(-80, 0)	(-40, -69)	(40, -69)	circle	none	dif	right	right	N_dist	(-39, 69)	search	nr	True	353080	353992	right	135	85	160	60	110	35	None	None	testing
5	zh	m	18	red	3	(80, 0)	(40, 69)	(-39, 69)	(-80, 0)	(-40, -69)	(40, -69)	diamond	red	dif	right	right	(-40, -69)	(40, -69)	search	nr	True	355067	356216	right	10	135	160	85	35	60	None	None	testing
5	zh	m	18	red	3	(80, 0)	(40, 69)	(-39, 69)	(-80, 0)	(-40, -69)	(40, -69)	circle	red	same	left	left	(40, -69)	(80, 0)	search	nr	True	357437	358648	left	35	110	160	85	60	10	None	None	testing
5	zh	m	18	red	3	(80, 0)	(40, 69)	(-39, 69)	(-80, 0)	(-40, -69)	(40, -69)	circle	none	dif	left	left	N_dist	(80, 0)	search	nr	True	359742	360488	left	135	85	10	160	110	60	None	None	testing
5	zh	m	18	red	3	(80, 0)	(40, 69)	(-39, 69)	(-80, 0)	(-40, -69)	(40, -69)	diamond	red	dif	left	left	(-39, 69)	(40, 69)	probe	l_sin	None	None	None	None	35	110	10	85	60	135	(-39, 69)	142	testing
5	zh	m	18	red	3	(80, 0)	(40, 69)	(-39, 69)	(-80, 0)	(-40, -69)	(40, -69)	diamond	red	same	left	left	(-40, -69)	(40, 69)	search	nr	True	367690	368488	left	110	85	35	160	60	135	None	None	testing
5	zh	m	18	red	3	(80, 0)	(40, 69)	(-39, 69)	(-80, 0)	(-40, -69)	(40, -69)	diamond	none	dif	right	right	N_dist	(40, 69)	probe	h_norm	None	None	None	None	110	60	10	85	35	160	(-40, -69)	159	testing
5	zh	m	18	red	3	(80, 0)	(40, 69)	(-39, 69)	(-80, 0)	(-40, -69)	(40, -69)	diamond	none	same	right	right	N_dist	(40, -69)	probe	l_norm	None	None	None	None	85	110	60	10	35	160	(-80, 0)	146	testing
5	zh	m	18	red	3	(80, 0)	(40, 69)	(-39, 69)	(-80, 0)	(-40, -69)	(40, -69)	circle	none	dif	right	right	N_dist	(-80, 0)	probe	h_norm	None	None	None	None	160	35	60	85	110	10	(-40, -69)	164	testing
5	zh	m	18	red	3	(80, 0)	(40, 69)	(-39, 69)	(-80, 0)	(-40, -69)	(40, -69)	diamond	red	dif	right	right	(-40, -69)	(40, 69)	search	nr	True	388211	389272	right	35	10	135	60	85	160	None	None	testing
5	zh	m	18	red	3	(80, 0)	(40, 69)	(-39, 69)	(-80, 0)	(-40, -69)	(40, -69)	circle	red	same	right	right	(-40, -69)	(-39, 69)	search	nr	True	390332	391640	right	35	60	110	10	160	135	None	None	testing
5	zh	m	18	red	3	(80, 0)	(40, 69)	(-39, 69)	(-80, 0)	(-40, -69)	(40, -69)	diamond	none	dif	right	right	N_dist	(80, 0)	search	nr	True	392870	393671	right	35	60	110	135	85	160	None	None	testing
5	zh	m	18	red	3	(80, 0)	(40, 69)	(-39, 69)	(-80, 0)	(-40, -69)	(40, -69)	circle	red	dif	right	right	(40, 69)	(80, 0)	probe	l_sin	None	None	None	None	160	135	10	60	35	85	(40, 69)	20	testing
5	zh	m	18	red	3	(80, 0)	(40, 69)	(-39, 69)	(-80, 0)	(-40, -69)	(40, -69)	circle	red	dif	right	right	(-40, -69)	(80, 0)	search	nr	True	399148	399799	right	110	10	60	35	135	160	None	None	testing
5	zh	m	18	red	3	(80, 0)	(40, 69)	(-39, 69)	(-80, 0)	(-40, -69)	(40, -69)	diamond	red	dif	left	left	(-40, -69)	(40, -69)	search	nr	True	400951	401960	right	110	60	10	85	160	35	None	None	testing
5	zh	m	18	red	3	(80, 0)	(40, 69)	(-39, 69)	(-80, 0)	(-40, -69)	(40, -69)	circle	none	same	right	right	N_dist	(40, -69)	search	nr	True	404641	405544	right	10	35	85	160	135	110	None	None	testing
5	zh	m	18	red	3	(80, 0)	(40, 69)	(-39, 69)	(-80, 0)	(-40, -69)	(40, -69)	circle	red	dif	left	left	(-40, -69)	(40, 69)	search	nr	True	406711	407400	left	10	160	110	60	35	85	None	None	testing
5	zh	m	18	red	3	(80, 0)	(40, 69)	(-39, 69)	(-80, 0)	(-40, -69)	(40, -69)	diamond	none	same	left	left	N_dist	(-80, 0)	search	nr	True	408665	409480	left	135	85	110	160	60	35	None	None	testing
5	zh	m	18	red	3	(80, 0)	(40, 69)	(-39, 69)	(-80, 0)	(-40, -69)	(40, -69)	diamond	red	dif	right	right	(40, -69)	(80, 0)	search	nr	True	410669	411400	right	110	60	35	85	160	10	None	None	testing
5	zh	m	18	red	3	(80, 0)	(40, 69)	(-39, 69)	(-80, 0)	(-40, -69)	(40, -69)	circle	red	same	left	left	(-40, -69)	(-39, 69)	probe	norm	None	None	None	None	110	60	85	160	10	135	(40, 69)	18	testing
5	zh	m	18	red	3	(80, 0)	(40, 69)	(-39, 69)	(-80, 0)	(-40, -69)	(40, -69)	diamond	none	same	left	left	N_dist	(-80, 0)	search	nr	True	420520	421416	left	85	60	35	10	110	160	None	None	testing
5	zh	m	18	red	3	(80, 0)	(40, 69)	(-39, 69)	(-80, 0)	(-40, -69)	(40, -69)	diamond	red	dif	left	left	(-40, -69)	(-80, 0)	probe	norm	None	None	None	None	110	10	135	160	35	60	(80, 0)	163	testing
5	zh	m	18	red	3	(80, 0)	(40, 69)	(-39, 69)	(-80, 0)	(-40, -69)	(40, -69)	diamond	red	dif	left	left	(-40, -69)	(-80, 0)	probe	tar	None	None	None	None	160	35	10	135	110	60	(-80, 0)	17	testing
5	zh	m	18	red	3	(80, 0)	(40, 69)	(-39, 69)	(-80, 0)	(-40, -69)	(40, -69)	circle	red	dif	left	left	(-40, -69)	(40, -69)	probe	h_sin	None	None	None	None	35	110	85	135	160	60	(-40, -69)	32	testing
5	zh	m	18	red	3	(80, 0)	(40, 69)	(-39, 69)	(-80, 0)	(-40, -69)	(40, -69)	circle	red	same	right	right	(-40, -69)	(40, -69)	search	nr	True	439772	440696	right	60	160	135	85	110	35	None	None	testing
5	zh	m	18	red	3	(80, 0)	(40, 69)	(-39, 69)	(-80, 0)	(-40, -69)	(40, -69)	diamond	none	dif	right	right	N_dist	(40, 69)	probe	h_norm	None	None	None	None	135	35	60	10	110	85	(-40, -69)	61	testing
5	zh	m	18	red	3	(80, 0)	(40, 69)	(-39, 69)	(-80, 0)	(-40, -69)	(40, -69)	diamond	red	dif	right	right	(-40, -69)	(-39, 69)	search	nr	True	450192	451016	right	160	10	35	135	85	60	None	None	testing
5	zh	m	18	red	3	(80, 0)	(40, 69)	(-39, 69)	(-80, 0)	(-40, -69)	(40, -69)	circle	none	same	left	left	N_dist	(80, 0)	search	nr	True	452078	453208	left	85	110	35	60	135	10	None	None	testing
5	zh	m	18	red	3	(80, 0)	(40, 69)	(-39, 69)	(-80, 0)	(-40, -69)	(40, -69)	circle	red	same	left	left	(-40, -69)	(80, 0)	search	nr	True	454382	455448	left	60	110	85	35	135	10	None	None	testing
5	zh	m	18	red	3	(80, 0)	(40, 69)	(-39, 69)	(-80, 0)	(-40, -69)	(40, -69)	circle	none	dif	right	right	N_dist	(40, -69)	probe	l_norm	None	None	None	None	160	85	110	60	35	135	(-80, 0)	172	testing
5	zh	m	18	red	3	(80, 0)	(40, 69)	(-39, 69)	(-80, 0)	(-40, -69)	(40, -69)	diamond	red	dif	right	right	(-39, 69)	(40, 69)	search	nr	True	462447	463255	right	60	110	160	10	135	85	None	None	testing
5	zh	m	18	red	3	(80, 0)	(40, 69)	(-39, 69)	(-80, 0)	(-40, -69)	(40, -69)	circle	red	dif	right	right	(-40, -69)	(40, 69)	probe	norm	None	None	None	None	85	135	60	35	10	160	(80, 0)	170	testing
5	zh	m	18	red	3	(80, 0)	(40, 69)	(-39, 69)	(-80, 0)	(-40, -69)	(40, -69)	circle	red	dif	left	left	(-40, -69)	(40, -69)	search	nr	True	469961	471976	left	60	85	135	110	35	10	None	None	testing
5	zh	m	18	red	3	(80, 0)	(40, 69)	(-39, 69)	(-80, 0)	(-40, -69)	(40, -69)	circle	none	dif	left	left	N_dist	(-40, -69)	search	nr	True	473133	473816	left	60	85	110	35	135	10	None	None	testing
5	zh	m	18	red	3	(80, 0)	(40, 69)	(-39, 69)	(-80, 0)	(-40, -69)	(40, -69)	diamond	red	dif	right	right	(-40, -69)	(-80, 0)	probe	h_sin	None	None	None	None	135	35	60	85	10	110	(-40, -69)	155	testing
5	zh	m	18	red	3	(80, 0)	(40, 69)	(-39, 69)	(-80, 0)	(-40, -69)	(40, -69)	diamond	red	dif	right	right	(-40, -69)	(-39, 69)	search	nr	True	481199	481960	right	60	85	110	10	135	35	None	None	testing
5	zh	m	18	red	3	(80, 0)	(40, 69)	(-39, 69)	(-80, 0)	(-40, -69)	(40, -69)	circle	red	dif	right	right	(40, -69)	(40, 69)	probe	l_sin	None	None	None	None	135	85	160	10	60	110	(40, -69)	130	testing
5	zh	m	18	red	3	(80, 0)	(40, 69)	(-39, 69)	(-80, 0)	(-40, -69)	(40, -69)	diamond	none	dif	left	left	N_dist	(-40, -69)	probe	h_tar	None	None	None	None	35	110	160	60	10	85	(-40, -69)	150	testing
5	zh	m	18	red	3	(80, 0)	(40, 69)	(-39, 69)	(-80, 0)	(-40, -69)	(40, -69)	diamond	red	same	left	left	(-39, 69)	(-80, 0)	probe	tar	None	None	None	None	110	135	160	60	35	85	(-80, 0)	168	testing
5	zh	m	18	red	3	(80, 0)	(40, 69)	(-39, 69)	(-80, 0)	(-40, -69)	(40, -69)	diamond	red	same	left	left	(40, 69)	(-80, 0)	probe	norm	None	None	None	None	35	10	60	160	135	85	(80, 0)	35	testing
5	zh	m	18	red	3	(80, 0)	(40, 69)	(-39, 69)	(-80, 0)	(-40, -69)	(40, -69)	diamond	none	dif	left	left	N_dist	(80, 0)	search	nr	True	512022	512824	left	135	10	160	60	35	110	None	None	testing
5	zh	m	18	red	3	(80, 0)	(40, 69)	(-39, 69)	(-80, 0)	(-40, -69)	(40, -69)	circle	red	same	right	right	(80, 0)	(40, 69)	probe	norm	None	None	None	None	110	85	135	35	160	60	(-80, 0)	59	testing
5	zh	m	18	red	3	(80, 0)	(40, 69)	(-39, 69)	(-80, 0)	(-40, -69)	(40, -69)	circle	none	dif	left	left	N_dist	(80, 0)	search	nr	True	520220	520872	left	35	85	60	110	10	160	None	None	testing
5	zh	m	18	red	3	(80, 0)	(40, 69)	(-39, 69)	(-80, 0)	(-40, -69)	(40, -69)	diamond	red	dif	right	right	(40, -69)	(80, 0)	search	nr	True	521973	522856	right	85	135	160	10	110	60	None	None	testing
5	zh	m	18	red	3	(80, 0)	(40, 69)	(-39, 69)	(-80, 0)	(-40, -69)	(40, -69)	diamond	red	same	left	left	(80, 0)	(-80, 0)	probe	norm	None	None	None	None	160	10	135	85	35	110	(-39, 69)	15	testing
5	zh	m	18	red	3	(80, 0)	(40, 69)	(-39, 69)	(-80, 0)	(-40, -69)	(40, -69)	circle	none	dif	right	right	N_dist	(-40, -69)	search	nr	True	530656	531416	right	135	160	60	10	35	110	None	None	testing
5	zh	m	18	red	3	(80, 0)	(40, 69)	(-39, 69)	(-80, 0)	(-40, -69)	(40, -69)	diamond	none	same	left	left	N_dist	(-80, 0)	probe	l_norm	None	None	None	None	60	85	135	10	35	110	(40, -69)	27	testing
5	zh	m	18	red	3	(80, 0)	(40, 69)	(-39, 69)	(-80, 0)	(-40, -69)	(40, -69)	diamond	none	same	right	right	N_dist	(40, -69)	search	nr	True	542928	543640	right	160	60	110	35	85	10	None	None	testing
5	zh	m	18	red	3	(80, 0)	(40, 69)	(-39, 69)	(-80, 0)	(-40, -69)	(40, -69)	diamond	red	dif	right	right	(-40, -69)	(-80, 0)	search	nr	True	544832	546456	right	135	160	110	85	60	10	None	None	testing
5	zh	m	18	red	3	(80, 0)	(40, 69)	(-39, 69)	(-80, 0)	(-40, -69)	(40, -69)	circle	red	dif	right	right	(-40, -69)	(40, 69)	search	nr	True	547737	548472	right	10	135	110	60	160	35	None	None	testing
5	zh	m	18	red	3	(80, 0)	(40, 69)	(-39, 69)	(-80, 0)	(-40, -69)	(40, -69)	circle	red	dif	right	right	(40, 69)	(80, 0)	search	nr	True	549541	550343	right	10	35	135	60	160	110	None	None	testing
5	zh	m	18	red	3	(80, 0)	(40, 69)	(-39, 69)	(-80, 0)	(-40, -69)	(40, -69)	circle	red	same	left	left	(-40, -69)	(-39, 69)	search	nr	True	551594	552360	left	135	10	35	60	160	85	None	None	testing
5	zh	m	18	red	3	(80, 0)	(40, 69)	(-39, 69)	(-80, 0)	(-40, -69)	(40, -69)	circle	none	dif	right	right	N_dist	(-39, 69)	probe	l_norm	None	None	None	None	135	60	160	35	85	110	(40, -69)	115	testing
5	zh	m	18	red	3	(80, 0)	(40, 69)	(-39, 69)	(-80, 0)	(-40, -69)	(40, -69)	circle	none	dif	left	left	N_dist	(40, -69)	search	nr	True	561446	562295	left	60	135	110	10	85	35	None	None	testing
5	zh	m	18	red	3	(80, 0)	(40, 69)	(-39, 69)	(-80, 0)	(-40, -69)	(40, -69)	diamond	red	dif	right	right	(-40, -69)	(40, 69)	search	nr	True	563566	564376	right	60	85	35	110	10	160	None	None	testing
5	zh	m	18	red	3	(80, 0)	(40, 69)	(-39, 69)	(-80, 0)	(-40, -69)	(40, -69)	circle	red	dif	left	left	(-80, 0)	(80, 0)	search	nr	True	565654	566408	left	85	160	110	10	135	60	None	None	testing
5	zh	m	18	red	3	(80, 0)	(40, 69)	(-39, 69)	(-80, 0)	(-40, -69)	(40, -69)	diamond	red	same	right	right	(-40, -69)	(40, -69)	search	nr	True	567657	568632	right	160	85	10	135	60	35	None	None	testing
5	zh	m	18	red	3	(80, 0)	(40, 69)	(-39, 69)	(-80, 0)	(-40, -69)	(40, -69)	diamond	red	same	left	left	(-40, -69)	(40, 69)	probe	tar	None	None	None	None	160	60	35	110	10	135	(40, 69)	167	testing
5	zh	m	18	red	3	(80, 0)	(40, 69)	(-39, 69)	(-80, 0)	(-40, -69)	(40, -69)	diamond	red	same	right	right	(-40, -69)	(40, -69)	search	nr	True	574553	575288	right	135	110	10	35	60	85	None	None	testing
5	zh	m	18	red	3	(80, 0)	(40, 69)	(-39, 69)	(-80, 0)	(-40, -69)	(40, -69)	circle	red	dif	right	right	(-40, -69)	(-39, 69)	search	nr	True	576490	577463	right	35	85	60	135	10	110	None	None	testing
5	zh	m	18	red	3	(80, 0)	(40, 69)	(-39, 69)	(-80, 0)	(-40, -69)	(40, -69)	diamond	red	dif	left	left	(-80, 0)	(40, -69)	search	nr	True	578644	579512	left	160	85	110	10	135	35	None	None	testing
5	zh	m	18	red	3	(80, 0)	(40, 69)	(-39, 69)	(-80, 0)	(-40, -69)	(40, -69)	circle	none	same	left	left	N_dist	(80, 0)	probe	h_norm	None	None	None	None	110	160	10	60	35	135	(-40, -69)	160	testing
5	zh	m	18	red	3	(80, 0)	(40, 69)	(-39, 69)	(-80, 0)	(-40, -69)	(40, -69)	circle	red	dif	right	right	(-40, -69)	(40, 69)	search	nr	True	587861	588536	right	85	10	35	160	135	60	None	None	testing
5	zh	m	18	red	3	(80, 0)	(40, 69)	(-39, 69)	(-80, 0)	(-40, -69)	(40, -69)	diamond	none	dif	right	right	N_dist	(40, 69)	search	nr	True	589681	590376	right	135	35	85	110	10	60	None	None	testing
5	zh	m	18	red	3	(80, 0)	(40, 69)	(-39, 69)	(-80, 0)	(-40, -69)	(40, -69)	circle	none	dif	right	right	N_dist	(40, -69)	search	nr	True	591568	592328	right	10	35	110	160	60	135	None	None	testing
5	zh	m	18	red	3	(80, 0)	(40, 69)	(-39, 69)	(-80, 0)	(-40, -69)	(40, -69)	diamond	red	same	left	left	(-40, -69)	(80, 0)	search	nr	True	593388	594392	left	110	35	135	85	160	10	None	None	testing
5	zh	m	18	red	3	(80, 0)	(40, 69)	(-39, 69)	(-80, 0)	(-40, -69)	(40, -69)	diamond	red	dif	left	left	(-40, -69)	(80, 0)	search	nr	True	595659	596343	left	160	35	60	110	135	10	None	None	testing
5	zh	m	18	red	3	(80, 0)	(40, 69)	(-39, 69)	(-80, 0)	(-40, -69)	(40, -69)	circle	red	dif	right	right	(-40, -69)	(-39, 69)	probe	h_sin	None	None	None	None	10	85	110	135	60	35	(-40, -69)	16	testing
5	zh	m	18	red	3	(80, 0)	(40, 69)	(-39, 69)	(-80, 0)	(-40, -69)	(40, -69)	circle	red	same	left	left	(-80, 0)	(40, -69)	probe	l_sin	None	None	None	None	60	85	35	110	10	160	(-80, 0)	179	testing
5	zh	m	18	red	3	(80, 0)	(40, 69)	(-39, 69)	(-80, 0)	(-40, -69)	(40, -69)	diamond	red	same	left	left	(-40, -69)	(80, 0)	search	nr	True	610686	611528	left	10	110	60	35	135	85	None	None	testing
5	zh	m	18	red	3	(80, 0)	(40, 69)	(-39, 69)	(-80, 0)	(-40, -69)	(40, -69)	circle	red	same	right	right	(-40, -69)	(40, -69)	search	nr	True	612690	613528	right	60	160	110	135	35	85	None	None	testing
5	zh	m	18	red	3	(80, 0)	(40, 69)	(-39, 69)	(-80, 0)	(-40, -69)	(40, -69)	diamond	none	same	left	left	N_dist	(-80, 0)	search	nr	True	614760	615496	left	60	135	35	10	110	160	None	None	testing
5	zh	m	18	red	3	(80, 0)	(40, 69)	(-39, 69)	(-80, 0)	(-40, -69)	(40, -69)	circle	red	dif	left	left	(-40, -69)	(80, 0)	search	nr	True	616680	617336	left	110	60	135	10	85	160	None	None	testing
5	zh	m	18	red	3	(80, 0)	(40, 69)	(-39, 69)	(-80, 0)	(-40, -69)	(40, -69)	diamond	red	dif	left	left	(-39, 69)	(40, 69)	search	nr	True	618401	619255	left	85	160	35	60	10	110	None	None	testing
5	zh	m	18	red	3	(80, 0)	(40, 69)	(-39, 69)	(-80, 0)	(-40, -69)	(40, -69)	circle	none	dif	right	right	N_dist	(-80, 0)	search	nr	True	620404	621112	right	35	160	85	60	135	110	None	None	testing
5	zh	m	18	red	3	(80, 0)	(40, 69)	(-39, 69)	(-80, 0)	(-40, -69)	(40, -69)	circle	red	dif	right	right	(40, -69)	(40, 69)	search	nr	True	622325	623704	right	35	60	110	135	85	10	None	None	testing
5	zh	m	18	red	3	(80, 0)	(40, 69)	(-39, 69)	(-80, 0)	(-40, -69)	(40, -69)	diamond	none	same	right	right	N_dist	(-39, 69)	search	nr	True	624812	625704	right	85	10	110	60	35	160	None	None	testing
5	zh	m	18	red	3	(80, 0)	(40, 69)	(-39, 69)	(-80, 0)	(-40, -69)	(40, -69)	diamond	none	same	left	left	N_dist	(-39, 69)	search	nr	True	626950	627688	left	85	135	35	10	160	110	None	None	testing
5	zh	m	18	red	3	(80, 0)	(40, 69)	(-39, 69)	(-80, 0)	(-40, -69)	(40, -69)	diamond	red	same	left	left	(80, 0)	(-39, 69)	search	nr	True	628920	629767	left	35	85	10	160	110	60	None	None	testing
5	zh	m	18	red	3	(80, 0)	(40, 69)	(-39, 69)	(-80, 0)	(-40, -69)	(40, -69)	diamond	red	same	left	left	(40, 69)	(-80, 0)	search	nr	True	630923	631848	left	10	35	110	85	60	135	None	None	testing
5	zh	m	18	red	3	(80, 0)	(40, 69)	(-39, 69)	(-80, 0)	(-40, -69)	(40, -69)	circle	none	same	left	left	N_dist	(40, 69)	probe	h_norm	None	None	None	None	10	160	110	85	60	135	(-40, -69)	166	testing
5	zh	m	18	red	3	(80, 0)	(40, 69)	(-39, 69)	(-80, 0)	(-40, -69)	(40, -69)	diamond	red	dif	left	left	(-40, -69)	(-80, 0)	search	nr	True	639088	639767	left	10	85	110	60	135	160	None	None	testing
5	zh	m	18	red	3	(80, 0)	(40, 69)	(-39, 69)	(-80, 0)	(-40, -69)	(40, -69)	circle	red	dif	left	left	(-40, -69)	(40, -69)	search	nr	True	641025	642104	left	85	110	60	10	35	160	None	None	testing
5	zh	m	18	red	3	(80, 0)	(40, 69)	(-39, 69)	(-80, 0)	(-40, -69)	(40, -69)	diamond	none	dif	right	right	N_dist	(80, 0)	search	nr	True	643196	643848	right	85	60	10	135	110	35	None	None	testing
5	zh	m	18	red	3	(80, 0)	(40, 69)	(-39, 69)	(-80, 0)	(-40, -69)	(40, -69)	diamond	red	same	right	right	(-40, -69)	(40, -69)	search	nr	True	645150	646264	right	160	135	60	85	10	35	None	None	testing
5	zh	m	18	red	3	(80, 0)	(40, 69)	(-39, 69)	(-80, 0)	(-40, -69)	(40, -69)	diamond	red	dif	left	left	(-40, -69)	(-39, 69)	probe	h_sin	None	None	None	None	60	85	135	110	10	35	(-40, -69)	157	testing
5	zh	m	18	red	3	(80, 0)	(40, 69)	(-39, 69)	(-80, 0)	(-40, -69)	(40, -69)	circle	none	dif	left	left	N_dist	(80, 0)	probe	l_norm	None	None	None	None	160	10	85	110	35	60	(-80, 0)	4	testing
5	zh	m	18	red	3	(80, 0)	(40, 69)	(-39, 69)	(-80, 0)	(-40, -69)	(40, -69)	diamond	red	dif	right	right	(-40, -69)	(-39, 69)	search	nr	True	657373	658120	right	160	135	60	85	10	35	None	None	testing
5	zh	m	18	red	3	(80, 0)	(40, 69)	(-39, 69)	(-80, 0)	(-40, -69)	(40, -69)	diamond	none	dif	right	right	N_dist	(40, 69)	search	nr	True	659342	660103	right	35	10	85	135	60	110	None	None	testing
5	zh	m	18	red	3	(80, 0)	(40, 69)	(-39, 69)	(-80, 0)	(-40, -69)	(40, -69)	diamond	red	same	right	right	(-40, -69)	(80, 0)	search	nr	True	661246	661943	right	160	85	135	60	35	10	None	None	testing
5	zh	m	18	red	3	(80, 0)	(40, 69)	(-39, 69)	(-80, 0)	(-40, -69)	(40, -69)	circle	red	same	right	right	(-40, -69)	(80, 0)	search	nr	True	663000	664040	right	10	160	60	85	35	135	None	None	testing
5	zh	m	18	red	3	(80, 0)	(40, 69)	(-39, 69)	(-80, 0)	(-40, -69)	(40, -69)	diamond	red	same	left	left	(-80, 0)	(40, -69)	probe	l_sin	None	None	None	None	10	135	85	35	110	60	(-80, 0)	158	testing
5	zh	m	18	red	3	(80, 0)	(40, 69)	(-39, 69)	(-80, 0)	(-40, -69)	(40, -69)	circle	red	dif	right	right	(40, 69)	(-39, 69)	search	nr	True	672751	673656	left	160	35	10	60	135	85	None	None	testing
5	zh	m	18	red	3	(80, 0)	(40, 69)	(-39, 69)	(-80, 0)	(-40, -69)	(40, -69)	circle	red	dif	right	right	(-40, -69)	(40, 69)	search	nr	True	676458	677336	right	85	60	110	160	10	135	None	None	testing
5	zh	m	18	red	3	(80, 0)	(40, 69)	(-39, 69)	(-80, 0)	(-40, -69)	(40, -69)	circle	red	dif	right	right	(-40, -69)	(80, 0)	search	nr	True	678594	679351	right	85	135	110	35	10	160	None	None	testing
5	zh	m	18	red	3	(80, 0)	(40, 69)	(-39, 69)	(-80, 0)	(-40, -69)	(40, -69)	circle	none	same	right	right	N_dist	(40, -69)	search	nr	True	680448	681336	right	135	85	160	10	35	110	None	None	testing
5	zh	m	18	red	3	(80, 0)	(40, 69)	(-39, 69)	(-80, 0)	(-40, -69)	(40, -69)	circle	red	dif	right	right	(-40, -69)	(40, 69)	search	nr	True	682419	683047	right	60	135	35	85	160	110	None	None	testing
5	zh	m	18	red	3	(80, 0)	(40, 69)	(-39, 69)	(-80, 0)	(-40, -69)	(40, -69)	circle	red	same	right	right	(-40, -69)	(-80, 0)	search	nr	True	684122	684824	right	110	60	85	35	135	160	None	None	testing
5	zh	m	18	red	3	(80, 0)	(40, 69)	(-39, 69)	(-80, 0)	(-40, -69)	(40, -69)	circle	red	same	right	right	(-40, -69)	(-80, 0)	search	nr	True	686125	686792	right	110	135	10	35	85	160	None	None	testing
5	zh	m	18	red	3	(80, 0)	(40, 69)	(-39, 69)	(-80, 0)	(-40, -69)	(40, -69)	circle	red	dif	right	right	(-40, -69)	(-39, 69)	search	nr	True	687945	688568	right	85	160	135	10	35	110	None	None	testing
5	zh	m	18	red	3	(80, 0)	(40, 69)	(-39, 69)	(-80, 0)	(-40, -69)	(40, -69)	circle	red	dif	right	right	(40, 69)	(80, 0)	search	nr	True	689749	690551	right	110	85	160	35	135	60	None	None	testing
5	zh	m	18	red	3	(80, 0)	(40, 69)	(-39, 69)	(-80, 0)	(-40, -69)	(40, -69)	circle	red	dif	right	right	(40, 69)	(80, 0)	search	nr	True	691735	692312	right	85	10	35	135	110	160	None	None	testing
5	zh	m	18	red	3	(80, 0)	(40, 69)	(-39, 69)	(-80, 0)	(-40, -69)	(40, -69)	circle	none	dif	left	left	N_dist	(80, 0)	search	nr	True	693539	694376	left	135	110	160	60	85	10	None	None	testing
5	zh	m	18	red	3	(80, 0)	(40, 69)	(-39, 69)	(-80, 0)	(-40, -69)	(40, -69)	diamond	red	same	left	left	(80, 0)	(-39, 69)	search	nr	True	695626	697288	left	85	35	10	160	135	110	None	None	testing
5	zh	m	18	red	3	(80, 0)	(40, 69)	(-39, 69)	(-80, 0)	(-40, -69)	(40, -69)	diamond	none	same	right	right	N_dist	(-39, 69)	probe	h_norm	None	None	None	None	160	135	60	35	10	85	(-40, -69)	149	testing
5	zh	m	18	red	3	(80, 0)	(40, 69)	(-39, 69)	(-80, 0)	(-40, -69)	(40, -69)	diamond	none	dif	left	left	N_dist	(-39, 69)	probe	h_norm	None	None	None	None	35	135	85	110	160	10	(-40, -69)	143	testing
5	zh	m	18	red	3	(80, 0)	(40, 69)	(-39, 69)	(-80, 0)	(-40, -69)	(40, -69)	diamond	red	same	left	left	(-40, -69)	(-80, 0)	search	nr	True	711989	712792	left	135	160	60	85	10	35	None	None	testing
5	zh	m	18	red	3	(80, 0)	(40, 69)	(-39, 69)	(-80, 0)	(-40, -69)	(40, -69)	circle	none	dif	right	right	N_dist	(40, -69)	search	nr	True	713893	714951	right	85	60	110	10	35	135	None	None	testing
5	zh	m	18	red	3	(80, 0)	(40, 69)	(-39, 69)	(-80, 0)	(-40, -69)	(40, -69)	diamond	red	same	left	left	(-40, -69)	(-39, 69)	probe	h_sin	None	None	None	None	60	35	160	85	135	110	(-40, -69)	16	testing
5	zh	m	18	red	3	(80, 0)	(40, 69)	(-39, 69)	(-80, 0)	(-40, -69)	(40, -69)	circle	red	dif	left	left	(-40, -69)	(80, 0)	search	nr	True	721506	722264	left	135	35	110	10	160	85	None	None	testing
5	zh	m	18	red	3	(80, 0)	(40, 69)	(-39, 69)	(-80, 0)	(-40, -69)	(40, -69)	diamond	red	same	right	right	(40, -69)	(80, 0)	search	nr	True	723544	724392	right	85	35	160	10	135	60	None	None	testing
5	zh	m	18	red	3	(80, 0)	(40, 69)	(-39, 69)	(-80, 0)	(-40, -69)	(40, -69)	diamond	none	dif	left	left	N_dist	(80, 0)	search	nr	True	725481	726215	left	85	60	35	160	110	10	None	None	testing
5	zh	m	18	red	3	(80, 0)	(40, 69)	(-39, 69)	(-80, 0)	(-40, -69)	(40, -69)	diamond	red	same	left	left	(80, 0)	(-39, 69)	probe	norm	None	None	None	None	110	60	35	85	135	10	(40, -69)	56	testing
5	zh	m	18	red	3	(80, 0)	(40, 69)	(-39, 69)	(-80, 0)	(-40, -69)	(40, -69)	diamond	none	same	right	right	N_dist	(-39, 69)	search	nr	True	735249	736007	right	160	110	135	35	85	10	None	None	testing
5	zh	m	18	red	3	(80, 0)	(40, 69)	(-39, 69)	(-80, 0)	(-40, -69)	(40, -69)	circle	red	same	right	right	(80, 0)	(40, -69)	probe	l_sin	None	None	None	None	60	10	160	35	135	110	(80, 0)	164	testing
5	zh	m	18	red	3	(80, 0)	(40, 69)	(-39, 69)	(-80, 0)	(-40, -69)	(40, -69)	diamond	red	dif	left	left	(-39, 69)	(40, 69)	probe	norm	None	None	None	None	35	110	135	10	60	85	(-80, 0)	54	testing
5	zh	m	18	red	3	(80, 0)	(40, 69)	(-39, 69)	(-80, 0)	(-40, -69)	(40, -69)	circle	none	same	left	left	N_dist	(40, 69)	probe	l_norm	None	None	None	None	135	85	35	10	60	110	(-80, 0)	150	testing
5	zh	m	18	red	3	(80, 0)	(40, 69)	(-39, 69)	(-80, 0)	(-40, -69)	(40, -69)	circle	none	same	left	left	N_dist	(40, -69)	search	nr	True	756154	757064	left	85	60	135	160	35	110	None	None	testing
5	zh	m	18	red	3	(80, 0)	(40, 69)	(-39, 69)	(-80, 0)	(-40, -69)	(40, -69)	diamond	red	dif	left	left	(-39, 69)	(40, 69)	search	nr	True	758341	759192	left	85	160	110	35	60	10	None	None	testing
5	zh	m	18	red	3	(80, 0)	(40, 69)	(-39, 69)	(-80, 0)	(-40, -69)	(40, -69)	circle	none	same	right	right	N_dist	(-40, -69)	probe	h_tar	None	None	None	None	60	160	110	135	35	85	(-40, -69)	149	testing
5	zh	m	18	red	3	(80, 0)	(40, 69)	(-39, 69)	(-80, 0)	(-40, -69)	(40, -69)	diamond	red	same	right	right	(-40, -69)	(40, 69)	probe	tar	None	None	None	None	35	10	135	60	85	160	(40, 69)	148	testing
5	zh	m	18	red	3	(80, 0)	(40, 69)	(-39, 69)	(-80, 0)	(-40, -69)	(40, -69)	diamond	none	dif	right	right	N_dist	(40, 69)	search	nr	True	776709	777624	right	110	10	60	160	35	135	None	None	testing
5	zh	m	18	red	3	(80, 0)	(40, 69)	(-39, 69)	(-80, 0)	(-40, -69)	(40, -69)	diamond	none	same	right	right	N_dist	(-39, 69)	search	nr	True	778829	779639	right	60	10	160	85	135	110	None	None	testing
5	zh	m	18	red	3	(80, 0)	(40, 69)	(-39, 69)	(-80, 0)	(-40, -69)	(40, -69)	circle	red	same	right	right	(-40, -69)	(-39, 69)	probe	tar	None	None	None	None	10	160	35	60	135	110	(-39, 69)	156	testing
5	zh	m	18	red	3	(80, 0)	(40, 69)	(-39, 69)	(-80, 0)	(-40, -69)	(40, -69)	circle	red	dif	left	left	(-40, -69)	(40, -69)	search	nr	True	788012	789432	left	160	135	35	85	10	60	None	None	testing
5	zh	m	18	red	3	(80, 0)	(40, 69)	(-39, 69)	(-80, 0)	(-40, -69)	(40, -69)	diamond	red	same	right	right	(-40, -69)	(40, 69)	probe	tar	None	None	None	None	160	60	10	135	85	35	(40, 69)	167	testing
5	zh	m	18	red	3	(80, 0)	(40, 69)	(-39, 69)	(-80, 0)	(-40, -69)	(40, -69)	diamond	red	dif	right	right	(-40, -69)	(40, 69)	search	nr	True	797664	798423	right	10	85	35	135	110	60	None	None	testing
5	zh	m	18	red	3	(80, 0)	(40, 69)	(-39, 69)	(-80, 0)	(-40, -69)	(40, -69)	diamond	none	dif	right	right	N_dist	(80, 0)	probe	l_norm	None	None	None	None	35	110	60	160	135	85	(40, -69)	159	testing
5	zh	m	18	red	3	(80, 0)	(40, 69)	(-39, 69)	(-80, 0)	(-40, -69)	(40, -69)	diamond	none	same	right	right	N_dist	(-40, -69)	search	nr	True	806613	807368	right	85	60	110	160	135	10	None	None	testing
5	zh	m	18	red	3	(80, 0)	(40, 69)	(-39, 69)	(-80, 0)	(-40, -69)	(40, -69)	circle	red	dif	left	left	(-80, 0)	(80, 0)	probe	tar	None	None	None	None	60	135	35	160	110	10	(80, 0)	165	testing
5	zh	m	18	red	3	(80, 0)	(40, 69)	(-39, 69)	(-80, 0)	(-40, -69)	(40, -69)	diamond	none	same	right	right	N_dist	(-40, -69)	search	nr	True	814310	815240	right	135	35	160	10	60	110	None	None	testing
5	zh	m	18	red	3	(80, 0)	(40, 69)	(-39, 69)	(-80, 0)	(-40, -69)	(40, -69)	diamond	red	same	right	right	(-40, -69)	(40, -69)	search	nr	True	816415	817240	right	35	85	110	135	10	160	None	None	testing
5	zh	m	18	red	3	(80, 0)	(40, 69)	(-39, 69)	(-80, 0)	(-40, -69)	(40, -69)	diamond	none	dif	right	right	N_dist	(-40, -69)	search	nr	True	818468	819272	right	85	110	10	60	35	135	None	None	testing
5	zh	m	18	red	3	(80, 0)	(40, 69)	(-39, 69)	(-80, 0)	(-40, -69)	(40, -69)	diamond	red	same	right	right	(-40, -69)	(40, 69)	search	nr	True	820355	821208	right	135	60	35	10	160	85	None	None	testing
5	zh	m	18	red	3	(80, 0)	(40, 69)	(-39, 69)	(-80, 0)	(-40, -69)	(40, -69)	circle	red	same	left	left	(-40, -69)	(80, 0)	search	nr	True	822392	823047	right	160	10	135	35	110	60	None	None	testing
5	zh	m	18	red	3	(80, 0)	(40, 69)	(-39, 69)	(-80, 0)	(-40, -69)	(40, -69)	circle	red	dif	left	left	(40, 69)	(80, 0)	search	nr	True	825798	826824	left	85	160	135	110	35	60	None	None	testing
5	zh	m	18	red	3	(80, 0)	(40, 69)	(-39, 69)	(-80, 0)	(-40, -69)	(40, -69)	circle	none	same	left	left	N_dist	(40, 69)	search	nr	True	827986	828744	left	160	10	35	85	60	135	None	None	testing
5	zh	m	18	red	3	(80, 0)	(40, 69)	(-39, 69)	(-80, 0)	(-40, -69)	(40, -69)	circle	red	same	left	left	(-40, -69)	(80, 0)	search	nr	True	829889	830600	left	85	135	160	10	110	60	None	None	testing
5	zh	m	18	red	3	(80, 0)	(40, 69)	(-39, 69)	(-80, 0)	(-40, -69)	(40, -69)	circle	red	same	left	left	(-40, -69)	(80, 0)	search	nr	True	831776	832360	left	60	85	160	10	35	135	None	None	testing
5	zh	m	18	red	3	(80, 0)	(40, 69)	(-39, 69)	(-80, 0)	(-40, -69)	(40, -69)	diamond	red	dif	right	right	(-40, -69)	(-80, 0)	search	nr	True	833462	834488	right	160	110	35	10	135	85	None	None	testing
5	zh	m	18	red	3	(80, 0)	(40, 69)	(-39, 69)	(-80, 0)	(-40, -69)	(40, -69)	diamond	red	same	right	right	(-40, -69)	(80, 0)	search	nr	True	835549	836376	right	60	160	135	110	10	85	None	None	testing
5	zh	m	18	red	3	(80, 0)	(40, 69)	(-39, 69)	(-80, 0)	(-40, -69)	(40, -69)	diamond	red	dif	left	left	(-40, -69)	(40, -69)	search	nr	True	837603	838551	left	135	60	85	35	110	10	None	None	testing
5	zh	m	18	red	3	(80, 0)	(40, 69)	(-39, 69)	(-80, 0)	(-40, -69)	(40, -69)	circle	red	same	left	left	(-40, -69)	(80, 0)	search	nr	True	839741	840455	left	85	60	35	110	10	160	None	None	testing
5	zh	m	18	red	3	(80, 0)	(40, 69)	(-39, 69)	(-80, 0)	(-40, -69)	(40, -69)	circle	red	same	left	left	(-40, -69)	(-80, 0)	probe	norm	None	None	None	None	85	10	35	110	160	135	(40, -69)	26	testing
5	zh	m	18	red	3	(80, 0)	(40, 69)	(-39, 69)	(-80, 0)	(-40, -69)	(40, -69)	circle	red	same	left	left	(40, -69)	(80, 0)	search	nr	True	848840	849671	left	35	135	110	160	10	60	None	None	testing
5	zh	m	18	red	3	(80, 0)	(40, 69)	(-39, 69)	(-80, 0)	(-40, -69)	(40, -69)	diamond	red	dif	left	left	(-40, -69)	(40, -69)	probe	h_sin	None	None	None	None	10	110	85	35	135	60	(-40, -69)	154	testing
5	zh	m	18	red	3	(80, 0)	(40, 69)	(-39, 69)	(-80, 0)	(-40, -69)	(40, -69)	diamond	red	same	left	left	(40, 69)	(-80, 0)	search	nr	True	856956	857927	left	10	35	110	85	135	60	None	None	testing
5	zh	m	18	red	3	(80, 0)	(40, 69)	(-39, 69)	(-80, 0)	(-40, -69)	(40, -69)	circle	none	dif	left	left	N_dist	(80, 0)	search	nr	True	859093	860024	left	35	85	135	110	160	10	None	None	testing
5	zh	m	18	red	3	(80, 0)	(40, 69)	(-39, 69)	(-80, 0)	(-40, -69)	(40, -69)	diamond	red	dif	right	right	(-40, -69)	(-39, 69)	probe	tar	None	None	None	None	110	10	160	35	135	60	(-39, 69)	24	testing
5	zh	m	18	red	3	(80, 0)	(40, 69)	(-39, 69)	(-80, 0)	(-40, -69)	(40, -69)	circle	red	dif	left	left	(-40, -69)	(80, 0)	probe	tar	None	None	None	None	135	35	160	110	60	85	(80, 0)	16	testing
5	zh	m	18	red	3	(80, 0)	(40, 69)	(-39, 69)	(-80, 0)	(-40, -69)	(40, -69)	circle	red	same	right	right	(80, 0)	(40, -69)	search	nr	True	872684	873656	right	110	35	160	135	10	60	None	None	testing
5	zh	m	18	red	3	(80, 0)	(40, 69)	(-39, 69)	(-80, 0)	(-40, -69)	(40, -69)	diamond	none	same	left	left	N_dist	(-80, 0)	search	nr	True	874838	875719	left	135	35	60	110	10	85	None	None	testing
5	zh	m	18	red	3	(80, 0)	(40, 69)	(-39, 69)	(-80, 0)	(-40, -69)	(40, -69)	circle	red	same	left	left	(-80, 0)	(40, -69)	search	nr	True	877009	878024	left	85	110	135	60	10	160	None	None	testing
5	zh	m	18	red	3	(80, 0)	(40, 69)	(-39, 69)	(-80, 0)	(-40, -69)	(40, -69)	circle	red	same	right	right	(-40, -69)	(80, 0)	probe	tar	None	None	None	None	135	60	110	85	160	35	(80, 0)	18	testing
5	zh	m	18	red	3	(80, 0)	(40, 69)	(-39, 69)	(-80, 0)	(-40, -69)	(40, -69)	circle	red	same	right	right	(-40, -69)	(-80, 0)	probe	norm	None	None	None	None	60	160	135	85	10	35	(80, 0)	167	testing
5	zh	m	18	red	3	(80, 0)	(40, 69)	(-39, 69)	(-80, 0)	(-40, -69)	(40, -69)	circle	red	dif	left	left	(-40, -69)	(40, -69)	search	nr	True	890267	891320	left	10	85	110	160	35	60	None	None	testing
5	zh	m	18	red	3	(80, 0)	(40, 69)	(-39, 69)	(-80, 0)	(-40, -69)	(40, -69)	diamond	none	dif	left	left	N_dist	(40, 69)	search	nr	True	892504	893544	left	160	60	110	35	85	135	None	None	testing
5	zh	m	18	red	3	(80, 0)	(40, 69)	(-39, 69)	(-80, 0)	(-40, -69)	(40, -69)	circle	none	same	right	right	N_dist	(-80, 0)	probe	h_norm	None	None	None	None	35	160	110	10	135	85	(-40, -69)	22	testing
5	zh	m	18	red	3	(80, 0)	(40, 69)	(-39, 69)	(-80, 0)	(-40, -69)	(40, -69)	diamond	none	dif	right	right	N_dist	(80, 0)	search	nr	True	900987	901656	right	85	135	35	160	110	10	None	None	testing
5	zh	m	18	red	3	(80, 0)	(40, 69)	(-39, 69)	(-80, 0)	(-40, -69)	(40, -69)	circle	none	dif	right	right	N_dist	(-40, -69)	search	nr	True	902874	903639	right	10	110	60	85	160	135	None	None	testing
5	zh	m	18	red	3	(80, 0)	(40, 69)	(-39, 69)	(-80, 0)	(-40, -69)	(40, -69)	circle	red	dif	left	left	(40, 69)	(80, 0)	search	nr	True	904843	905815	left	110	135	35	160	10	85	None	None	testing
5	zh	m	18	red	3	(80, 0)	(40, 69)	(-39, 69)	(-80, 0)	(-40, -69)	(40, -69)	diamond	red	dif	left	left	(-40, -69)	(-39, 69)	search	nr	True	907031	907944	left	10	35	135	110	60	160	None	None	testing
5	zh	m	18	red	3	(80, 0)	(40, 69)	(-39, 69)	(-80, 0)	(-40, -69)	(40, -69)	diamond	red	dif	right	right	(40, -69)	(80, 0)	search	nr	True	909118	909736	right	10	135	60	85	160	35	None	None	testing
5	zh	m	18	red	3	(80, 0)	(40, 69)	(-39, 69)	(-80, 0)	(-40, -69)	(40, -69)	diamond	red	same	right	right	(-39, 69)	(40, 69)	probe	norm	None	None	None	None	85	35	135	160	60	110	(-40, -69)	27	testing
5	zh	m	18	red	3	(80, 0)	(40, 69)	(-39, 69)	(-80, 0)	(-40, -69)	(40, -69)	diamond	none	same	right	right	N_dist	(40, -69)	search	nr	True	920923	921624	right	85	35	160	135	10	60	None	None	testing
5	zh	m	18	red	3	(80, 0)	(40, 69)	(-39, 69)	(-80, 0)	(-40, -69)	(40, -69)	diamond	red	dif	right	right	(-39, 69)	(40, 69)	search	nr	True	922693	923768	right	110	10	85	60	135	160	None	None	testing
5	zh	m	18	red	3	(80, 0)	(40, 69)	(-39, 69)	(-80, 0)	(-40, -69)	(40, -69)	circle	none	dif	right	right	N_dist	(-80, 0)	search	nr	True	924914	925799	right	60	135	160	35	10	110	None	None	testing
5	zh	m	18	red	3	(80, 0)	(40, 69)	(-39, 69)	(-80, 0)	(-40, -69)	(40, -69)	circle	none	same	right	right	N_dist	(-40, -69)	search	nr	True	927035	927736	right	135	60	85	160	35	110	None	None	testing
5	zh	m	18	red	3	(80, 0)	(40, 69)	(-39, 69)	(-80, 0)	(-40, -69)	(40, -69)	diamond	red	dif	right	right	(-40, -69)	(40, 69)	probe	norm	None	None	None	None	10	160	35	135	85	110	(40, -69)	51	testing
5	zh	m	18	red	3	(80, 0)	(40, 69)	(-39, 69)	(-80, 0)	(-40, -69)	(40, -69)	circle	red	same	right	right	(40, -69)	(-39, 69)	probe	tar	None	None	None	None	60	135	85	35	110	10	(-39, 69)	169	testing
5	zh	m	18	red	3	(80, 0)	(40, 69)	(-39, 69)	(-80, 0)	(-40, -69)	(40, -69)	circle	none	dif	left	left	N_dist	(40, -69)	search	nr	True	942629	943383	left	60	160	35	85	10	110	None	None	testing
5	zh	m	18	red	3	(80, 0)	(40, 69)	(-39, 69)	(-80, 0)	(-40, -69)	(40, -69)	diamond	red	dif	right	right	(-40, -69)	(-80, 0)	probe	tar	None	None	None	None	60	10	110	35	85	160	(-80, 0)	163	testing
5	zh	m	18	red	3	(80, 0)	(40, 69)	(-39, 69)	(-80, 0)	(-40, -69)	(40, -69)	diamond	red	same	left	left	(-40, -69)	(-39, 69)	search	nr	True	952164	953272	left	60	110	35	135	160	10	None	None	testing
5	zh	m	18	red	3	(80, 0)	(40, 69)	(-39, 69)	(-80, 0)	(-40, -69)	(40, -69)	diamond	none	dif	left	left	N_dist	(-39, 69)	search	nr	True	954435	955047	left	85	160	110	35	10	60	None	None	testing
5	zh	m	18	red	3	(80, 0)	(40, 69)	(-39, 69)	(-80, 0)	(-40, -69)	(40, -69)	circle	red	same	right	right	(-40, -69)	(-39, 69)	probe	norm	None	None	None	None	110	85	35	135	10	60	(40, -69)	14	testing
5	zh	m	18	red	3	(80, 0)	(40, 69)	(-39, 69)	(-80, 0)	(-40, -69)	(40, -69)	circle	none	dif	right	right	N_dist	(-39, 69)	search	nr	True	964520	965175	right	10	110	60	35	135	160	None	None	testing
5	zh	m	18	red	3	(80, 0)	(40, 69)	(-39, 69)	(-80, 0)	(-40, -69)	(40, -69)	diamond	red	dif	left	left	(-40, -69)	(-39, 69)	search	nr	True	966306	967351	left	110	10	60	135	35	160	None	None	testing
5	zh	m	18	red	3	(80, 0)	(40, 69)	(-39, 69)	(-80, 0)	(-40, -69)	(40, -69)	diamond	red	dif	right	right	(-40, -69)	(-39, 69)	search	nr	True	968628	969288	right	85	35	60	110	135	10	None	None	testing
5	zh	m	18	red	3	(80, 0)	(40, 69)	(-39, 69)	(-80, 0)	(-40, -69)	(40, -69)	diamond	red	dif	right	right	(-39, 69)	(40, 69)	probe	l_sin	None	None	None	None	35	10	135	110	160	60	(-39, 69)	20	testing
5	zh	m	18	red	3	(80, 0)	(40, 69)	(-39, 69)	(-80, 0)	(-40, -69)	(40, -69)	diamond	red	dif	left	left	(-80, 0)	(40, -69)	search	nr	True	976709	977688	left	35	85	160	60	10	110	None	None	testing
5	zh	m	18	red	3	(80, 0)	(40, 69)	(-39, 69)	(-80, 0)	(-40, -69)	(40, -69)	diamond	none	dif	left	left	N_dist	(-39, 69)	search	nr	True	978896	979576	left	35	10	110	135	60	160	None	None	testing
5	zh	m	18	red	3	(80, 0)	(40, 69)	(-39, 69)	(-80, 0)	(-40, -69)	(40, -69)	circle	red	same	right	right	(-40, -69)	(-80, 0)	search	nr	True	980850	981975	right	110	135	35	160	85	60	None	None	testing
5	zh	m	18	red	3	(80, 0)	(40, 69)	(-39, 69)	(-80, 0)	(-40, -69)	(40, -69)	circle	red	same	left	left	(-40, -69)	(40, 69)	search	nr	True	983038	983639	left	60	135	110	10	160	85	None	None	testing
5	zh	m	18	red	3	(80, 0)	(40, 69)	(-39, 69)	(-80, 0)	(-40, -69)	(40, -69)	circle	none	same	left	left	N_dist	(40, 69)	search	nr	True	984774	985336	left	35	10	160	60	110	135	None	None	testing
5	zh	m	18	red	3	(80, 0)	(40, 69)	(-39, 69)	(-80, 0)	(-40, -69)	(40, -69)	circle	red	dif	left	left	(-40, -69)	(40, -69)	probe	norm	None	None	None	None	60	160	35	10	135	85	(-39, 69)	145	testing
5	zh	m	18	red	3	(80, 0)	(40, 69)	(-39, 69)	(-80, 0)	(-40, -69)	(40, -69)	circle	red	dif	right	right	(-40, -69)	(-39, 69)	search	nr	True	991871	992535	right	85	10	160	60	110	35	None	None	testing
5	zh	m	18	red	3	(80, 0)	(40, 69)	(-39, 69)	(-80, 0)	(-40, -69)	(40, -69)	diamond	red	same	left	left	(-40, -69)	(-39, 69)	search	nr	True	993840	994648	left	135	85	60	160	10	35	None	None	testing
5	zh	m	18	red	3	(80, 0)	(40, 69)	(-39, 69)	(-80, 0)	(-40, -69)	(40, -69)	diamond	red	dif	right	right	(-40, -69)	(40, 69)	probe	norm	None	None	None	None	60	85	110	10	35	135	(-80, 0)	53	testing
5	zh	m	18	red	3	(80, 0)	(40, 69)	(-39, 69)	(-80, 0)	(-40, -69)	(40, -69)	circle	red	dif	left	left	(-80, 0)	(-39, 69)	search	nr	True	1001622	1003128	left	135	60	160	85	35	110	None	None	testing
5	zh	m	18	red	3	(80, 0)	(40, 69)	(-39, 69)	(-80, 0)	(-40, -69)	(40, -69)	diamond	red	same	left	left	(80, 0)	(-80, 0)	search	nr	True	1004343	1005511	left	160	35	10	85	60	135	None	None	testing
5	zh	m	18	red	3	(80, 0)	(40, 69)	(-39, 69)	(-80, 0)	(-40, -69)	(40, -69)	circle	red	dif	left	left	(-40, -69)	(40, -69)	probe	tar	None	None	None	None	110	35	60	160	10	135	(40, -69)	61	testing
5	zh	m	18	red	3	(80, 0)	(40, 69)	(-39, 69)	(-80, 0)	(-40, -69)	(40, -69)	circle	red	dif	right	right	(-40, -69)	(40, 69)	probe	h_sin	None	None	None	None	160	60	110	10	135	35	(-40, -69)	102	testing
5	zh	m	18	red	3	(80, 0)	(40, 69)	(-39, 69)	(-80, 0)	(-40, -69)	(40, -69)	diamond	none	dif	left	left	N_dist	(-40, -69)	search	nr	True	1022276	1023015	left	10	135	110	160	35	85	None	None	testing
5	zh	m	18	red	3	(80, 0)	(40, 69)	(-39, 69)	(-80, 0)	(-40, -69)	(40, -69)	diamond	none	same	right	right	N_dist	(-39, 69)	search	nr	True	1024247	1025032	right	35	110	85	10	60	135	None	None	testing
5	zh	m	18	red	3	(80, 0)	(40, 69)	(-39, 69)	(-80, 0)	(-40, -69)	(40, -69)	circle	red	dif	left	left	(-80, 0)	(-39, 69)	search	nr	True	1026117	1027559	left	160	110	10	60	85	135	None	None	testing
5	zh	m	18	red	3	(80, 0)	(40, 69)	(-39, 69)	(-80, 0)	(-40, -69)	(40, -69)	circle	none	same	right	right	N_dist	(40, -69)	probe	l_tar	None	None	None	None	135	10	110	35	160	60	(40, -69)	166	testing
5	zh	m	18	red	3	(80, 0)	(40, 69)	(-39, 69)	(-80, 0)	(-40, -69)	(40, -69)	diamond	none	dif	left	left	N_dist	(-39, 69)	search	nr	True	1036035	1036727	left	10	35	85	135	60	160	None	None	testing
5	zh	m	18	red	3	(80, 0)	(40, 69)	(-39, 69)	(-80, 0)	(-40, -69)	(40, -69)	diamond	none	dif	left	left	N_dist	(80, 0)	probe	l_tar	None	None	None	None	35	60	110	10	135	85	(80, 0)	165	testing
5	zh	m	18	red	3	(80, 0)	(40, 69)	(-39, 69)	(-80, 0)	(-40, -69)	(40, -69)	circle	red	same	right	right	(80, 0)	(40, 69)	search	nr	True	1042630	1044135	right	10	35	160	85	60	135	None	None	testing
5	zh	m	18	red	3	(80, 0)	(40, 69)	(-39, 69)	(-80, 0)	(-40, -69)	(40, -69)	circle	red	dif	left	left	(-40, -69)	(40, 69)	probe	norm	None	None	None	None	85	135	160	60	110	35	(80, 0)	6	testing
5	zh	m	18	red	3	(80, 0)	(40, 69)	(-39, 69)	(-80, 0)	(-40, -69)	(40, -69)	circle	red	same	right	right	(-40, -69)	(-39, 69)	search	nr	True	1049259	1050488	right	60	135	10	110	35	85	None	None	testing
5	zh	m	18	red	3	(80, 0)	(40, 69)	(-39, 69)	(-80, 0)	(-40, -69)	(40, -69)	circle	red	same	left	left	(-40, -69)	(-39, 69)	search	nr	True	1051580	1052263	left	60	35	10	160	85	135	None	None	testing
5	zh	m	18	red	3	(80, 0)	(40, 69)	(-39, 69)	(-80, 0)	(-40, -69)	(40, -69)	circle	none	same	right	right	N_dist	(-80, 0)	search	nr	True	1053350	1054232	right	135	85	35	60	110	10	None	None	testing
5	zh	m	18	red	3	(80, 0)	(40, 69)	(-39, 69)	(-80, 0)	(-40, -69)	(40, -69)	circle	red	same	left	left	(-80, 0)	(40, -69)	probe	norm	None	None	None	None	110	35	85	60	160	135	(-40, -69)	29	testing
5	zh	m	18	red	3	(80, 0)	(40, 69)	(-39, 69)	(-80, 0)	(-40, -69)	(40, -69)	diamond	red	same	left	left	(-80, 0)	(40, -69)	search	nr	True	1060831	1063255	left	160	10	60	110	85	135	None	None	testing
5	zh	m	18	red	3	(80, 0)	(40, 69)	(-39, 69)	(-80, 0)	(-40, -69)	(40, -69)	diamond	red	dif	left	left	(-40, -69)	(-80, 0)	search	nr	True	1064387	1065319	left	110	35	85	160	60	10	None	None	testing
5	zh	m	18	red	3	(80, 0)	(40, 69)	(-39, 69)	(-80, 0)	(-40, -69)	(40, -69)	diamond	none	dif	right	right	N_dist	(80, 0)	search	nr	True	1066441	1067255	right	10	160	135	85	110	60	None	None	testing
5	zh	m	18	red	3	(80, 0)	(40, 69)	(-39, 69)	(-80, 0)	(-40, -69)	(40, -69)	diamond	red	same	right	right	(-40, -69)	(40, -69)	search	nr	True	1068361	1069079	right	135	160	10	85	35	110	None	None	testing
5	zh	m	18	red	3	(80, 0)	(40, 69)	(-39, 69)	(-80, 0)	(-40, -69)	(40, -69)	diamond	red	dif	left	left	(-39, 69)	(40, 69)	search	nr	True	1070348	1071127	left	60	10	160	85	110	135	None	None	testing
5	zh	m	18	red	3	(80, 0)	(40, 69)	(-39, 69)	(-80, 0)	(-40, -69)	(40, -69)	diamond	red	dif	right	right	(-40, -69)	(-80, 0)	search	nr	True	1072201	1073095	right	60	135	160	110	85	10	None	None	testing
5	zh	m	18	red	3	(80, 0)	(40, 69)	(-39, 69)	(-80, 0)	(-40, -69)	(40, -69)	diamond	red	dif	left	left	(-40, -69)	(-80, 0)	search	nr	True	1074305	1074919	left	110	160	35	85	135	60	None	None	testing
5	zh	m	18	red	3	(80, 0)	(40, 69)	(-39, 69)	(-80, 0)	(-40, -69)	(40, -69)	diamond	red	dif	right	right	(-40, -69)	(-80, 0)	search	nr	True	1076042	1076759	right	160	10	135	35	60	85	None	None	testing
5	zh	m	18	red	3	(80, 0)	(40, 69)	(-39, 69)	(-80, 0)	(-40, -69)	(40, -69)	diamond	red	dif	right	right	(40, -69)	(80, 0)	probe	l_sin	None	None	None	None	110	160	10	35	85	135	(40, -69)	18	testing
5	zh	m	18	red	3	(80, 0)	(40, 69)	(-39, 69)	(-80, 0)	(-40, -69)	(40, -69)	diamond	red	dif	left	left	(-40, -69)	(-80, 0)	search	nr	True	1083755	1084631	left	160	60	110	10	85	35	None	None	testing
5	zh	m	18	red	3	(80, 0)	(40, 69)	(-39, 69)	(-80, 0)	(-40, -69)	(40, -69)	diamond	none	same	left	left	N_dist	(-80, 0)	probe	h_norm	None	None	None	None	160	60	85	135	35	10	(-40, -69)	156	testing
5	zh	m	18	red	3	(80, 0)	(40, 69)	(-39, 69)	(-80, 0)	(-40, -69)	(40, -69)	circle	red	same	left	left	(-80, 0)	(40, -69)	search	nr	True	1091270	1092503	left	35	60	135	110	10	85	None	None	testing
5	zh	m	18	red	3	(80, 0)	(40, 69)	(-39, 69)	(-80, 0)	(-40, -69)	(40, -69)	diamond	none	same	right	right	N_dist	(-40, -69)	search	nr	True	1093674	1094551	right	135	160	35	10	85	110	None	None	testing
5	zh	m	18	red	3	(80, 0)	(40, 69)	(-39, 69)	(-80, 0)	(-40, -69)	(40, -69)	diamond	red	same	right	right	(80, 0)	(-80, 0)	probe	l_sin	None	None	None	None	135	85	60	110	10	35	(80, 0)	19	testing
5	zh	m	18	red	3	(80, 0)	(40, 69)	(-39, 69)	(-80, 0)	(-40, -69)	(40, -69)	circle	red	same	left	left	(-40, -69)	(40, 69)	probe	h_sin	None	None	None	None	10	160	35	85	60	135	(-40, -69)	173	testing
5	zh	m	18	red	3	(80, 0)	(40, 69)	(-39, 69)	(-80, 0)	(-40, -69)	(40, -69)	circle	none	dif	left	left	N_dist	(80, 0)	probe	l_tar	None	None	None	None	60	85	135	35	160	10	(80, 0)	168	testing
5	zh	m	18	red	3	(80, 0)	(40, 69)	(-39, 69)	(-80, 0)	(-40, -69)	(40, -69)	diamond	red	same	left	left	(-40, -69)	(40, -69)	search	nr	True	1112108	1114551	left	135	60	10	35	110	85	None	None	testing
5	zh	m	18	red	3	(80, 0)	(40, 69)	(-39, 69)	(-80, 0)	(-40, -69)	(40, -69)	circle	red	same	left	left	(-40, -69)	(-39, 69)	search	nr	True	1115798	1116758	left	135	160	10	60	110	35	None	None	testing
5	zh	m	18	red	3	(80, 0)	(40, 69)	(-39, 69)	(-80, 0)	(-40, -69)	(40, -69)	circle	red	same	left	left	(-40, -69)	(-80, 0)	search	nr	True	1117852	1119015	left	10	35	85	110	160	60	None	None	testing
5	zh	m	18	red	3	(80, 0)	(40, 69)	(-39, 69)	(-80, 0)	(-40, -69)	(40, -69)	circle	red	same	right	right	(-40, -69)	(80, 0)	search	nr	True	1120156	1120775	right	135	10	60	160	85	110	None	None	testing
5	zh	m	18	red	3	(80, 0)	(40, 69)	(-39, 69)	(-80, 0)	(-40, -69)	(40, -69)	circle	red	dif	right	right	(40, -69)	(40, 69)	search	nr	True	1122009	1122839	right	10	160	60	135	35	85	None	None	testing
5	zh	m	18	red	3	(80, 0)	(40, 69)	(-39, 69)	(-80, 0)	(-40, -69)	(40, -69)	diamond	red	same	left	left	(-40, -69)	(40, -69)	search	nr	True	1123896	1124727	left	60	35	110	135	160	10	None	None	testing
5	zh	m	18	red	3	(80, 0)	(40, 69)	(-39, 69)	(-80, 0)	(-40, -69)	(40, -69)	diamond	red	same	right	right	(-40, -69)	(40, 69)	search	nr	True	1125983	1126679	right	35	60	135	110	160	85	None	None	testing
5	zh	m	18	red	3	(80, 0)	(40, 69)	(-39, 69)	(-80, 0)	(-40, -69)	(40, -69)	diamond	red	dif	left	left	(-40, -69)	(80, 0)	search	nr	True	1127920	1128551	left	85	35	110	60	10	135	None	None	testing
5	zh	m	18	red	3	(80, 0)	(40, 69)	(-39, 69)	(-80, 0)	(-40, -69)	(40, -69)	diamond	none	same	left	left	N_dist	(40, -69)	search	nr	True	1129607	1130263	left	10	160	110	60	85	135	None	None	testing
5	zh	m	18	red	3	(80, 0)	(40, 69)	(-39, 69)	(-80, 0)	(-40, -69)	(40, -69)	diamond	none	same	right	right	N_dist	(-40, -69)	search	nr	True	1131494	1132152	left	35	85	160	10	60	110	None	None	testing
5	zh	m	18	red	3	(80, 0)	(40, 69)	(-39, 69)	(-80, 0)	(-40, -69)	(40, -69)	circle	red	same	right	right	(40, -69)	(-39, 69)	search	nr	True	1134966	1136040	right	60	160	10	135	110	35	None	None	testing
5	zh	m	18	red	3	(80, 0)	(40, 69)	(-39, 69)	(-80, 0)	(-40, -69)	(40, -69)	diamond	none	dif	left	left	N_dist	(40, 69)	probe	l_norm	None	None	None	None	160	135	35	110	10	85	(40, -69)	70	testing
5	zh	m	18	red	3	(80, 0)	(40, 69)	(-39, 69)	(-80, 0)	(-40, -69)	(40, -69)	diamond	red	same	right	right	(40, -69)	(80, 0)	probe	l_sin	None	None	None	None	160	10	110	85	135	60	(40, -69)	127	testing
5	zh	m	18	red	3	(80, 0)	(40, 69)	(-39, 69)	(-80, 0)	(-40, -69)	(40, -69)	circle	none	dif	left	left	N_dist	(80, 0)	probe	l_tar	None	None	None	None	160	60	10	110	35	85	(80, 0)	29	testing
5	zh	m	18	red	3	(80, 0)	(40, 69)	(-39, 69)	(-80, 0)	(-40, -69)	(40, -69)	circle	red	same	right	right	(80, 0)	(40, 69)	search	nr	True	1155354	1156711	right	10	160	135	85	60	35	None	None	testing
5	zh	m	18	red	3	(80, 0)	(40, 69)	(-39, 69)	(-80, 0)	(-40, -69)	(40, -69)	diamond	red	same	right	right	(-40, -69)	(40, -69)	probe	norm	None	None	None	None	160	135	60	35	10	110	(-80, 0)	149	testing
5	zh	m	18	red	3	(80, 0)	(40, 69)	(-39, 69)	(-80, 0)	(-40, -69)	(40, -69)	circle	red	same	left	left	(-40, -69)	(80, 0)	probe	tar	None	None	None	None	60	85	160	110	10	35	(80, 0)	168	testing
5	zh	m	18	red	3	(80, 0)	(40, 69)	(-39, 69)	(-80, 0)	(-40, -69)	(40, -69)	diamond	red	same	right	right	(80, 0)	(-80, 0)	search	nr	True	1167878	1170152	right	110	85	135	35	60	10	None	None	testing
5	zh	m	18	red	3	(80, 0)	(40, 69)	(-39, 69)	(-80, 0)	(-40, -69)	(40, -69)	circle	none	dif	right	right	N_dist	(-39, 69)	probe	l_norm	None	None	None	None	85	60	135	35	110	10	(-80, 0)	156	testing
5	zh	m	18	red	3	(80, 0)	(40, 69)	(-39, 69)	(-80, 0)	(-40, -69)	(40, -69)	diamond	none	same	right	right	N_dist	(-40, -69)	probe	h_tar	None	None	None	None	160	60	85	10	35	110	(-40, -69)	156	testing
5	zh	m	18	red	3	(80, 0)	(40, 69)	(-39, 69)	(-80, 0)	(-40, -69)	(40, -69)	circle	red	same	left	left	(-40, -69)	(-39, 69)	probe	tar	None	None	None	None	85	35	10	160	135	110	(-39, 69)	52	testing
5	zh	m	18	red	3	(80, 0)	(40, 69)	(-39, 69)	(-80, 0)	(-40, -69)	(40, -69)	circle	red	dif	left	left	(40, 69)	(80, 0)	probe	tar	None	None	None	None	110	35	135	60	160	85	(80, 0)	11	testing
5	zh	m	18	red	3	(80, 0)	(40, 69)	(-39, 69)	(-80, 0)	(-40, -69)	(40, -69)	diamond	red	same	left	left	(-40, -69)	(-80, 0)	probe	norm	None	None	None	None	110	60	135	35	85	160	(80, 0)	12	testing
5	zh	m	18	red	3	(80, 0)	(40, 69)	(-39, 69)	(-80, 0)	(-40, -69)	(40, -69)	diamond	none	same	left	left	N_dist	(-80, 0)	search	nr	True	1199218	1200584	left	85	60	160	10	110	35	None	None	testing
5	zh	m	18	red	3	(80, 0)	(40, 69)	(-39, 69)	(-80, 0)	(-40, -69)	(40, -69)	circle	red	dif	right	right	(-40, -69)	(80, 0)	search	nr	True	1201706	1202664	right	60	160	110	35	10	85	None	None	testing
5	zh	m	18	red	3	(80, 0)	(40, 69)	(-39, 69)	(-80, 0)	(-40, -69)	(40, -69)	diamond	none	dif	left	left	N_dist	(-39, 69)	probe	l_norm	None	None	None	None	60	110	135	10	35	85	(80, 0)	167	testing
5	zh	m	18	red	3	(80, 0)	(40, 69)	(-39, 69)	(-80, 0)	(-40, -69)	(40, -69)	circle	none	dif	left	left	N_dist	(40, -69)	probe	h_norm	None	None	None	None	85	110	10	135	35	160	(-40, -69)	68	testing
5	zh	m	18	red	3	(80, 0)	(40, 69)	(-39, 69)	(-80, 0)	(-40, -69)	(40, -69)	diamond	red	same	right	right	(-40, -69)	(40, 69)	search	nr	True	1215481	1216471	right	85	160	110	60	35	135	None	None	testing
5	zh	m	18	red	3	(80, 0)	(40, 69)	(-39, 69)	(-80, 0)	(-40, -69)	(40, -69)	diamond	red	dif	right	right	(-40, -69)	(40, -69)	probe	tar	None	None	None	None	35	10	110	160	85	135	(40, -69)	167	testing
5	zh	m	18	red	3	(80, 0)	(40, 69)	(-39, 69)	(-80, 0)	(-40, -69)	(40, -69)	circle	none	dif	right	right	N_dist	(-39, 69)	search	nr	True	1222177	1222919	right	60	110	135	10	85	35	None	None	testing
5	zh	m	18	red	3	(80, 0)	(40, 69)	(-39, 69)	(-80, 0)	(-40, -69)	(40, -69)	circle	red	same	left	left	(-80, 0)	(40, -69)	search	nr	True	1223980	1224855	left	85	35	60	110	10	160	None	None	testing
5	zh	m	18	red	3	(80, 0)	(40, 69)	(-39, 69)	(-80, 0)	(-40, -69)	(40, -69)	diamond	red	dif	left	left	(-40, -69)	(-80, 0)	search	nr	True	1226134	1226952	left	85	160	135	35	110	60	None	None	testing
5	zh	m	18	red	3	(80, 0)	(40, 69)	(-39, 69)	(-80, 0)	(-40, -69)	(40, -69)	circle	red	same	left	left	(-40, -69)	(-39, 69)	search	nr	True	1228021	1229496	left	85	160	110	10	135	35	None	None	testing
5	zh	m	18	red	3	(80, 0)	(40, 69)	(-39, 69)	(-80, 0)	(-40, -69)	(40, -69)	circle	red	dif	left	left	(-40, -69)	(40, -69)	search	nr	True	1230710	1231448	left	160	85	110	10	135	60	None	None	testing
5	zh	m	18	red	3	(80, 0)	(40, 69)	(-39, 69)	(-80, 0)	(-40, -69)	(40, -69)	diamond	red	same	right	right	(-40, -69)	(40, 69)	search	nr	True	1232696	1233656	right	135	35	110	85	160	60	None	None	testing
5	zh	m	18	red	3	(80, 0)	(40, 69)	(-39, 69)	(-80, 0)	(-40, -69)	(40, -69)	diamond	red	same	left	left	(80, 0)	(-80, 0)	search	nr	True	1234767	1235463	left	35	110	85	135	160	60	None	None	testing
5	zh	m	18	red	3	(80, 0)	(40, 69)	(-39, 69)	(-80, 0)	(-40, -69)	(40, -69)	diamond	red	dif	right	right	(40, -69)	(80, 0)	probe	l_sin	None	None	None	None	35	135	60	10	85	110	(40, -69)	158	testing
5	zh	m	18	red	3	(80, 0)	(40, 69)	(-39, 69)	(-80, 0)	(-40, -69)	(40, -69)	circle	red	dif	left	left	(40, 69)	(-39, 69)	search	nr	True	1243650	1244599	left	160	35	60	110	85	10	None	None	testing
5	zh	m	18	red	3	(80, 0)	(40, 69)	(-39, 69)	(-80, 0)	(-40, -69)	(40, -69)	circle	none	dif	right	right	N_dist	(-39, 69)	search	nr	True	1245803	1246536	right	160	10	35	85	135	110	None	None	testing
5	zh	m	18	red	3	(80, 0)	(40, 69)	(-39, 69)	(-80, 0)	(-40, -69)	(40, -69)	circle	none	same	left	left	N_dist	(40, -69)	search	nr	True	1247824	1248503	left	85	10	160	110	135	35	None	None	testing
5	zh	m	18	red	3	(80, 0)	(40, 69)	(-39, 69)	(-80, 0)	(-40, -69)	(40, -69)	circle	red	same	left	left	(-40, -69)	(80, 0)	search	nr	True	1249727	1250503	left	10	85	160	60	35	110	None	None	testing
5	zh	m	18	red	3	(80, 0)	(40, 69)	(-39, 69)	(-80, 0)	(-40, -69)	(40, -69)	diamond	red	same	left	left	(-80, 0)	(40, -69)	search	nr	True	1251731	1252775	left	135	10	35	85	160	60	None	None	testing
5	zh	m	18	red	3	(80, 0)	(40, 69)	(-39, 69)	(-80, 0)	(-40, -69)	(40, -69)	diamond	red	dif	left	left	(-80, 0)	(40, -69)	probe	l_sin	None	None	None	None	85	10	135	110	35	60	(-80, 0)	5	testing
5	zh	m	18	red	3	(80, 0)	(40, 69)	(-39, 69)	(-80, 0)	(-40, -69)	(40, -69)	diamond	none	same	right	right	N_dist	(-40, -69)	probe	h_tar	None	None	None	None	85	135	10	110	35	160	(-40, -69)	158	testing
5	zh	m	18	red	3	(80, 0)	(40, 69)	(-39, 69)	(-80, 0)	(-40, -69)	(40, -69)	diamond	none	dif	right	right	N_dist	(-40, -69)	search	nr	True	1265791	1267047	right	10	160	60	35	110	85	None	None	testing
5	zh	m	18	red	3	(80, 0)	(40, 69)	(-39, 69)	(-80, 0)	(-40, -69)	(40, -69)	circle	red	dif	left	left	(-40, -69)	(40, -69)	search	nr	True	1268312	1269463	left	110	60	10	135	160	85	None	None	testing
5	zh	m	18	red	3	(80, 0)	(40, 69)	(-39, 69)	(-80, 0)	(-40, -69)	(40, -69)	circle	none	same	right	right	N_dist	(40, -69)	search	nr	True	1270549	1271255	right	35	10	60	85	160	110	None	None	testing
5	zh	m	18	red	3	(80, 0)	(40, 69)	(-39, 69)	(-80, 0)	(-40, -69)	(40, -69)	diamond	red	same	left	left	(-40, -69)	(-80, 0)	search	nr	True	1272420	1273544	left	10	160	135	85	35	110	None	None	testing
5	zh	m	18	red	3	(80, 0)	(40, 69)	(-39, 69)	(-80, 0)	(-40, -69)	(40, -69)	circle	red	same	left	left	(-80, 0)	(40, -69)	search	nr	True	1274723	1276231	left	35	160	110	135	60	10	None	None	testing
5	zh	m	18	red	3	(80, 0)	(40, 69)	(-39, 69)	(-80, 0)	(-40, -69)	(40, -69)	circle	none	same	left	left	N_dist	(80, 0)	search	nr	True	1277329	1278007	left	135	60	35	160	110	10	None	None	testing
5	zh	m	18	red	3	(80, 0)	(40, 69)	(-39, 69)	(-80, 0)	(-40, -69)	(40, -69)	circle	none	dif	left	left	N_dist	(80, 0)	search	nr	True	1279115	1279719	left	135	85	35	60	160	110	None	None	testing
5	zh	m	18	red	3	(80, 0)	(40, 69)	(-39, 69)	(-80, 0)	(-40, -69)	(40, -69)	circle	none	same	right	right	N_dist	(-80, 0)	search	nr	True	1280985	1281656	right	135	160	60	10	35	110	None	None	testing
5	zh	m	18	red	3	(80, 0)	(40, 69)	(-39, 69)	(-80, 0)	(-40, -69)	(40, -69)	circle	red	same	right	right	(-40, -69)	(-80, 0)	probe	h_sin	None	None	None	None	35	85	160	135	60	10	(-40, -69)	164	testing
5	zh	m	18	red	3	(80, 0)	(40, 69)	(-39, 69)	(-80, 0)	(-40, -69)	(40, -69)	circle	red	same	left	left	(-40, -69)	(-80, 0)	search	nr	True	1288882	1289638	left	110	135	35	85	160	10	None	None	testing
5	zh	m	18	red	3	(80, 0)	(40, 69)	(-39, 69)	(-80, 0)	(-40, -69)	(40, -69)	diamond	red	same	right	right	(40, -69)	(80, 0)	search	nr	True	1290703	1291319	right	110	60	160	85	10	135	None	None	testing
5	zh	m	18	red	3	(80, 0)	(40, 69)	(-39, 69)	(-80, 0)	(-40, -69)	(40, -69)	diamond	none	dif	right	right	N_dist	(40, 69)	search	nr	True	1292506	1293416	right	160	85	35	110	135	10	None	None	testing
5	zh	m	18	red	3	(80, 0)	(40, 69)	(-39, 69)	(-80, 0)	(-40, -69)	(40, -69)	circle	red	dif	right	right	(-40, -69)	(80, 0)	search	nr	True	1294509	1295240	right	110	60	35	85	135	160	None	None	testing
5	zh	m	18	red	3	(80, 0)	(40, 69)	(-39, 69)	(-80, 0)	(-40, -69)	(40, -69)	circle	red	same	right	right	(-40, -69)	(-39, 69)	search	nr	True	1296497	1297271	right	160	135	60	85	110	35	None	None	testing
5	zh	m	18	red	3	(80, 0)	(40, 69)	(-39, 69)	(-80, 0)	(-40, -69)	(40, -69)	circle	none	same	right	right	N_dist	(-80, 0)	search	nr	True	1298433	1299080	right	10	160	135	85	60	110	None	None	testing
5	zh	m	18	red	3	(80, 0)	(40, 69)	(-39, 69)	(-80, 0)	(-40, -69)	(40, -69)	diamond	none	dif	right	right	N_dist	(80, 0)	probe	l_norm	None	None	None	None	110	35	135	85	60	160	(-39, 69)	170	testing
5	zh	m	18	red	3	(80, 0)	(40, 69)	(-39, 69)	(-80, 0)	(-40, -69)	(40, -69)	diamond	none	dif	left	left	N_dist	(-40, -69)	search	nr	True	1305897	1306807	left	135	35	85	10	160	60	None	None	testing
5	zh	m	18	red	3	(80, 0)	(40, 69)	(-39, 69)	(-80, 0)	(-40, -69)	(40, -69)	diamond	red	same	left	left	(-39, 69)	(-80, 0)	search	nr	True	1307985	1309128	left	85	160	35	110	60	10	None	None	testing
5	zh	m	18	red	3	(80, 0)	(40, 69)	(-39, 69)	(-80, 0)	(-40, -69)	(40, -69)	circle	red	same	right	right	(80, 0)	(40, -69)	search	nr	True	1310222	1311255	right	160	85	35	110	10	135	None	None	testing
5	zh	m	18	red	3	(80, 0)	(40, 69)	(-39, 69)	(-80, 0)	(-40, -69)	(40, -69)	diamond	red	dif	left	left	(-40, -69)	(-80, 0)	search	nr	True	1312326	1313319	left	10	160	85	135	35	110	None	None	testing
5	zh	m	18	red	3	(80, 0)	(40, 69)	(-39, 69)	(-80, 0)	(-40, -69)	(40, -69)	circle	red	dif	left	left	(40, 69)	(-39, 69)	search	nr	True	1314546	1315704	right	60	135	160	110	35	85	None	None	testing
5	zh	m	18	red	3	(80, 0)	(40, 69)	(-39, 69)	(-80, 0)	(-40, -69)	(40, -69)	circle	red	dif	left	left	(40, 69)	(-39, 69)	probe	l_sin	None	None	None	None	110	160	35	135	85	10	(40, 69)	119	testing
5	zh	m	18	red	3	(80, 0)	(40, 69)	(-39, 69)	(-80, 0)	(-40, -69)	(40, -69)	circle	red	dif	right	right	(-40, -69)	(80, 0)	probe	tar	None	None	None	None	160	135	60	10	85	110	(80, 0)	31	testing
5	zh	m	18	red	3	(80, 0)	(40, 69)	(-39, 69)	(-80, 0)	(-40, -69)	(40, -69)	diamond	red	same	right	right	(-39, 69)	(40, 69)	search	nr	True	1330827	1331704	right	60	10	135	35	160	110	None	None	testing
5	zh	m	18	red	3	(80, 0)	(40, 69)	(-39, 69)	(-80, 0)	(-40, -69)	(40, -69)	diamond	red	same	left	left	(-40, -69)	(80, 0)	probe	tar	None	None	None	None	10	60	160	110	85	35	(80, 0)	51	testing
5	zh	m	18	red	3	(80, 0)	(40, 69)	(-39, 69)	(-80, 0)	(-40, -69)	(40, -69)	diamond	none	same	left	left	N_dist	(-80, 0)	search	nr	True	1337756	1338744	left	35	160	135	60	10	110	None	None	testing
5	zh	m	18	red	3	(80, 0)	(40, 69)	(-39, 69)	(-80, 0)	(-40, -69)	(40, -69)	diamond	red	dif	left	left	(-40, -69)	(-80, 0)	probe	norm	None	None	None	None	110	135	60	10	35	160	(-39, 69)	162	testing
5	zh	m	18	red	3	(80, 0)	(40, 69)	(-39, 69)	(-80, 0)	(-40, -69)	(40, -69)	diamond	red	same	right	right	(-40, -69)	(40, -69)	probe	norm	None	None	None	None	160	135	10	35	85	60	(80, 0)	32	testing
5	zh	m	18	red	3	(80, 0)	(40, 69)	(-39, 69)	(-80, 0)	(-40, -69)	(40, -69)	circle	none	dif	right	right	N_dist	(-40, -69)	probe	h_tar	None	None	None	None	135	85	10	35	110	60	(-40, -69)	14	testing
5	zh	m	18	red	3	(80, 0)	(40, 69)	(-39, 69)	(-80, 0)	(-40, -69)	(40, -69)	circle	red	dif	right	right	(-40, -69)	(-39, 69)	probe	h_sin	None	None	None	None	160	10	135	35	110	60	(-40, -69)	13	testing
5	zh	m	18	red	3	(80, 0)	(40, 69)	(-39, 69)	(-80, 0)	(-40, -69)	(40, -69)	diamond	red	same	left	left	(-40, -69)	(40, -69)	probe	norm	None	None	None	None	135	110	160	10	85	35	(40, 69)	26	testing
5	zh	m	18	red	3	(80, 0)	(40, 69)	(-39, 69)	(-80, 0)	(-40, -69)	(40, -69)	diamond	red	dif	left	left	(-40, -69)	(-80, 0)	probe	h_sin	None	None	None	None	60	135	160	10	35	110	(-40, -69)	151	testing
5	zh	m	18	red	3	(80, 0)	(40, 69)	(-39, 69)	(-80, 0)	(-40, -69)	(40, -69)	circle	none	dif	left	left	N_dist	(-40, -69)	probe	h_tar	None	None	None	None	35	160	135	110	60	85	(-40, -69)	161	testing
5	zh	m	18	red	3	(80, 0)	(40, 69)	(-39, 69)	(-80, 0)	(-40, -69)	(40, -69)	circle	red	same	right	right	(80, 0)	(40, -69)	search	nr	True	1378982	1380823	right	10	135	85	60	160	110	None	None	testing
5	zh	m	18	red	3	(80, 0)	(40, 69)	(-39, 69)	(-80, 0)	(-40, -69)	(40, -69)	diamond	none	dif	left	left	N_dist	(40, 69)	search	nr	True	1382071	1382967	left	160	60	35	85	135	110	None	None	testing
5	zh	m	18	red	3	(80, 0)	(40, 69)	(-39, 69)	(-80, 0)	(-40, -69)	(40, -69)	circle	red	dif	right	right	(40, 69)	(80, 0)	probe	tar	None	None	None	None	85	35	10	60	135	110	(80, 0)	175	testing
5	zh	m	18	red	3	(80, 0)	(40, 69)	(-39, 69)	(-80, 0)	(-40, -69)	(40, -69)	circle	red	same	left	left	(-40, -69)	(80, 0)	probe	h_sin	None	None	None	None	60	135	10	110	160	85	(-40, -69)	160	testing
5	zh	m	18	red	3	(80, 0)	(40, 69)	(-39, 69)	(-80, 0)	(-40, -69)	(40, -69)	circle	none	same	right	right	N_dist	(-80, 0)	probe	h_norm	None	None	None	None	135	160	85	10	110	35	(-40, -69)	19	testing
5	zh	m	18	red	3	(80, 0)	(40, 69)	(-39, 69)	(-80, 0)	(-40, -69)	(40, -69)	circle	none	same	left	left	N_dist	(40, -69)	probe	l_norm	None	None	None	None	60	35	135	110	160	85	(80, 0)	158	testing
5	zh	m	18	red	3	(80, 0)	(40, 69)	(-39, 69)	(-80, 0)	(-40, -69)	(40, -69)	circle	red	same	left	left	(40, -69)	(80, 0)	probe	tar	None	None	None	None	60	35	160	110	135	85	(80, 0)	174	testing
5	zh	m	18	red	3	(80, 0)	(40, 69)	(-39, 69)	(-80, 0)	(-40, -69)	(40, -69)	diamond	red	dif	right	right	(40, -69)	(80, 0)	search	nr	True	1409337	1410120	right	10	110	160	60	85	35	None	None	testing
5	zh	m	18	red	3	(80, 0)	(40, 69)	(-39, 69)	(-80, 0)	(-40, -69)	(40, -69)	diamond	red	same	right	right	(-40, -69)	(80, 0)	probe	h_sin	None	None	None	None	10	110	85	60	135	35	(-40, -69)	167	testing
5	zh	m	18	red	3	(80, 0)	(40, 69)	(-39, 69)	(-80, 0)	(-40, -69)	(40, -69)	circle	red	dif	right	right	(40, 69)	(-39, 69)	search	nr	True	1417185	1419208	right	135	10	85	60	160	110	None	None	testing
5	zh	m	18	red	3	(80, 0)	(40, 69)	(-39, 69)	(-80, 0)	(-40, -69)	(40, -69)	diamond	none	same	left	left	N_dist	(-80, 0)	probe	h_norm	None	None	None	None	85	35	135	110	60	10	(-40, -69)	163	testing
5	zh	m	18	red	3	(80, 0)	(40, 69)	(-39, 69)	(-80, 0)	(-40, -69)	(40, -69)	circle	none	dif	left	left	N_dist	(80, 0)	search	nr	True	1426268	1426952	left	160	35	10	110	85	135	None	None	testing
5	zh	m	18	red	3	(80, 0)	(40, 69)	(-39, 69)	(-80, 0)	(-40, -69)	(40, -69)	circle	none	same	right	right	N_dist	(-80, 0)	search	nr	True	1428055	1428679	right	135	60	10	85	110	160	None	None	testing
5	zh	m	18	red	3	(80, 0)	(40, 69)	(-39, 69)	(-80, 0)	(-40, -69)	(40, -69)	circle	red	same	right	right	(-40, -69)	(-39, 69)	search	nr	True	1429859	1430536	right	85	60	35	10	110	135	None	None	testing
5	zh	m	18	red	3	(80, 0)	(40, 69)	(-39, 69)	(-80, 0)	(-40, -69)	(40, -69)	circle	red	same	right	right	(-40, -69)	(40, -69)	probe	tar	None	None	None	None	85	10	160	35	135	60	(40, -69)	166	testing
5	zh	m	18	red	3	(80, 0)	(40, 69)	(-39, 69)	(-80, 0)	(-40, -69)	(40, -69)	circle	red	same	right	right	(80, 0)	(40, -69)	search	nr	True	1436671	1437656	right	135	60	110	35	10	160	None	None	testing
5	zh	m	18	red	3	(80, 0)	(40, 69)	(-39, 69)	(-80, 0)	(-40, -69)	(40, -69)	diamond	red	dif	right	right	(-40, -69)	(40, -69)	search	nr	True	1438841	1440151	right	85	60	135	110	10	160	None	None	testing
5	zh	m	18	red	3	(80, 0)	(40, 69)	(-39, 69)	(-80, 0)	(-40, -69)	(40, -69)	circle	none	same	left	left	N_dist	(40, 69)	probe	h_norm	None	None	None	None	110	60	35	10	85	135	(-40, -69)	67	testing
5	zh	m	18	red	3	(80, 0)	(40, 69)	(-39, 69)	(-80, 0)	(-40, -69)	(40, -69)	circle	red	dif	right	right	(40, 69)	(80, 0)	search	nr	True	1447558	1448519	right	85	110	35	135	10	60	None	None	testing
5	zh	m	18	red	3	(80, 0)	(40, 69)	(-39, 69)	(-80, 0)	(-40, -69)	(40, -69)	circle	none	same	right	right	N_dist	(40, -69)	probe	l_tar	None	None	None	None	35	135	160	10	110	85	(40, -69)	172	testing
5	zh	m	18	red	3	(80, 0)	(40, 69)	(-39, 69)	(-80, 0)	(-40, -69)	(40, -69)	circle	none	same	right	right	N_dist	(40, -69)	search	nr	True	1453586	1454503	right	110	85	10	160	60	135	None	None	testing
5	zh	m	18	red	3	(80, 0)	(40, 69)	(-39, 69)	(-80, 0)	(-40, -69)	(40, -69)	diamond	red	same	right	right	(-40, -69)	(40, 69)	search	nr	True	1455639	1456695	right	10	85	135	35	60	110	None	None	testing
5	zh	m	18	red	3	(80, 0)	(40, 69)	(-39, 69)	(-80, 0)	(-40, -69)	(40, -69)	diamond	red	same	right	right	(-39, 69)	(40, 69)	search	nr	True	1457843	1458519	right	110	85	135	10	35	160	None	None	testing
5	zh	m	18	red	3	(80, 0)	(40, 69)	(-39, 69)	(-80, 0)	(-40, -69)	(40, -69)	diamond	red	dif	right	right	(-40, -69)	(40, 69)	search	nr	True	1459814	1460456	right	85	110	10	135	35	160	None	None	testing
5	zh	m	18	red	3	(80, 0)	(40, 69)	(-39, 69)	(-80, 0)	(-40, -69)	(40, -69)	circle	red	same	left	left	(-40, -69)	(40, 69)	search	nr	True	1461617	1462422	left	60	160	10	110	135	85	None	None	testing
5	zh	m	18	red	3	(80, 0)	(40, 69)	(-39, 69)	(-80, 0)	(-40, -69)	(40, -69)	circle	red	dif	left	left	(-39, 69)	(40, -69)	probe	tar	None	None	None	None	135	160	35	110	85	10	(40, -69)	147	testing
5	zh	m	18	red	3	(80, 0)	(40, 69)	(-39, 69)	(-80, 0)	(-40, -69)	(40, -69)	diamond	none	same	right	right	N_dist	(-39, 69)	probe	l_norm	None	None	None	None	10	60	35	160	85	110	(40, -69)	104	testing
5	zh	m	18	red	3	(80, 0)	(40, 69)	(-39, 69)	(-80, 0)	(-40, -69)	(40, -69)	diamond	red	same	left	left	(-40, -69)	(40, 69)	search	nr	True	1476662	1477463	left	160	135	10	110	85	35	None	None	testing
5	zh	m	18	red	3	(80, 0)	(40, 69)	(-39, 69)	(-80, 0)	(-40, -69)	(40, -69)	diamond	none	dif	left	left	N_dist	(-39, 69)	search	nr	True	1478732	1479415	left	85	60	135	110	10	35	None	None	testing
5	zh	m	18	red	3	(80, 0)	(40, 69)	(-39, 69)	(-80, 0)	(-40, -69)	(40, -69)	circle	none	same	left	left	N_dist	(40, 69)	search	nr	True	1480602	1481319	left	160	135	110	35	10	85	None	None	testing
5	zh	m	18	red	3	(80, 0)	(40, 69)	(-39, 69)	(-80, 0)	(-40, -69)	(40, -69)	diamond	none	dif	right	right	N_dist	(-40, -69)	probe	h_tar	None	None	None	None	135	160	10	35	85	110	(-40, -69)	173	testing
5	zh	m	18	red	3	(80, 0)	(40, 69)	(-39, 69)	(-80, 0)	(-40, -69)	(40, -69)	diamond	red	same	left	left	(-39, 69)	(-80, 0)	search	nr	True	1487030	1487832	left	85	110	10	160	135	60	None	None	testing
5	zh	m	18	red	3	(80, 0)	(40, 69)	(-39, 69)	(-80, 0)	(-40, -69)	(40, -69)	diamond	red	same	right	right	(-40, -69)	(40, -69)	search	nr	True	1489134	1489832	right	160	135	35	85	110	60	None	None	testing
5	zh	m	18	red	3	(80, 0)	(40, 69)	(-39, 69)	(-80, 0)	(-40, -69)	(40, -69)	circle	red	dif	right	right	(40, 69)	(-39, 69)	probe	l_sin	None	None	None	None	10	160	60	85	135	35	(40, 69)	28	testing
