subj	name	gender	age	dist	run	tar_locs1	tar_locs2	tar_locs3	tar_locs4	tar_locs5	tar_locs6	shape	dist	td_dif	detection	resp_key	dis_loc	tar_loc	task_type	probe_cond	gotKey	startTime	respTime	resp	o1	o2	o3	o4	o5	o6	pro_loc	ori_resp	mode
5	zh	m	19	red	7	(80, 0)	(40, 69)	(-39, 69)	(-80, 0)	(-40, -69)	(40, -69)	diamond	red	dif	right	right	(-40, -69)	(40, 69)	search	nr	True	189714	190487	right	85	160	135	35	60	110	None	None	testing
5	zh	m	19	red	7	(80, 0)	(40, 69)	(-39, 69)	(-80, 0)	(-40, -69)	(40, -69)	diamond	none	same	left	left	N_dist	(40, -69)	probe	l_tar	None	None	None	None	10	110	85	35	135	160	(40, -69)	150	testing
5	zh	m	19	red	7	(80, 0)	(40, 69)	(-39, 69)	(-80, 0)	(-40, -69)	(40, -69)	diamond	red	dif	left	left	(-40, -69)	(-39, 69)	search	nr	True	198614	199494	left	85	110	10	160	135	35	None	None	testing
5	zh	m	19	red	7	(80, 0)	(40, 69)	(-39, 69)	(-80, 0)	(-40, -69)	(40, -69)	circle	none	dif	right	right	N_dist	(40, -69)	search	nr	True	200550	201398	right	135	35	10	60	110	85	None	None	testing
5	zh	m	19	red	7	(80, 0)	(40, 69)	(-39, 69)	(-80, 0)	(-40, -69)	(40, -69)	circle	red	dif	right	right	(-40, -69)	(40, 69)	probe	h_sin	None	None	None	None	85	10	135	60	160	35	(-40, -69)	167	testing
5	zh	m	19	red	7	(80, 0)	(40, 69)	(-39, 69)	(-80, 0)	(-40, -69)	(40, -69)	diamond	red	same	right	right	(-40, -69)	(-39, 69)	search	nr	True	211404	212310	right	110	85	10	135	160	60	None	None	testing
5	zh	m	19	red	7	(80, 0)	(40, 69)	(-39, 69)	(-80, 0)	(-40, -69)	(40, -69)	diamond	red	dif	left	left	(-40, -69)	(80, 0)	probe	h_sin	None	None	None	None	110	160	60	135	85	10	(-40, -69)	15	testing
5	zh	m	19	red	7	(80, 0)	(40, 69)	(-39, 69)	(-80, 0)	(-40, -69)	(40, -69)	diamond	red	dif	right	right	(-80, 0)	(-39, 69)	probe	tar	None	None	None	None	135	60	160	85	110	10	(-39, 69)	24	testing
5	zh	m	19	red	7	(80, 0)	(40, 69)	(-39, 69)	(-80, 0)	(-40, -69)	(40, -69)	circle	none	dif	right	right	N_dist	(40, -69)	search	nr	True	226365	227143	right	60	35	10	135	160	110	None	None	testing
5	zh	m	19	red	7	(80, 0)	(40, 69)	(-39, 69)	(-80, 0)	(-40, -69)	(40, -69)	circle	red	dif	left	left	(-40, -69)	(40, -69)	probe	h_sin	None	None	None	None	135	35	10	160	110	85	(-40, -69)	27	testing
5	zh	m	19	red	7	(80, 0)	(40, 69)	(-39, 69)	(-80, 0)	(-40, -69)	(40, -69)	diamond	red	dif	left	left	(-80, 0)	(-39, 69)	search	nr	True	234295	235254	left	10	60	110	135	85	35	None	None	testing
5	zh	m	19	red	7	(80, 0)	(40, 69)	(-39, 69)	(-80, 0)	(-40, -69)	(40, -69)	circle	red	same	right	right	(-40, -69)	(-80, 0)	probe	tar	None	None	None	None	160	35	60	135	10	110	(-80, 0)	14	testing
5	zh	m	19	red	7	(80, 0)	(40, 69)	(-39, 69)	(-80, 0)	(-40, -69)	(40, -69)	diamond	red	dif	right	right	(-40, -69)	(-39, 69)	probe	tar	None	None	None	None	85	110	160	35	10	60	(-39, 69)	28	testing
5	zh	m	19	red	7	(80, 0)	(40, 69)	(-39, 69)	(-80, 0)	(-40, -69)	(40, -69)	circle	red	same	left	left	(-40, -69)	(40, 69)	search	nr	True	251361	252231	left	60	35	10	85	135	110	None	None	testing
5	zh	m	19	red	7	(80, 0)	(40, 69)	(-39, 69)	(-80, 0)	(-40, -69)	(40, -69)	diamond	red	same	right	right	(-40, -69)	(40, -69)	search	nr	True	253448	254342	right	60	35	110	10	135	85	None	None	testing
5	zh	m	19	red	7	(80, 0)	(40, 69)	(-39, 69)	(-80, 0)	(-40, -69)	(40, -69)	diamond	none	same	left	left	N_dist	(-40, -69)	probe	h_tar	None	None	None	None	135	110	85	10	60	35	(-40, -69)	104	testing
5	zh	m	19	red	7	(80, 0)	(40, 69)	(-39, 69)	(-80, 0)	(-40, -69)	(40, -69)	diamond	none	dif	left	left	N_dist	(-80, 0)	search	nr	True	262381	263239	left	35	10	110	85	135	60	None	None	testing
5	zh	m	19	red	7	(80, 0)	(40, 69)	(-39, 69)	(-80, 0)	(-40, -69)	(40, -69)	circle	red	same	left	left	(80, 0)	(40, 69)	search	nr	True	264367	265590	left	35	60	135	85	160	10	None	None	testing
5	zh	m	19	red	7	(80, 0)	(40, 69)	(-39, 69)	(-80, 0)	(-40, -69)	(40, -69)	diamond	none	dif	left	left	N_dist	(-80, 0)	probe	l_norm	None	None	None	None	60	10	135	85	110	160	(40, -69)	20	testing
5	zh	m	19	red	7	(80, 0)	(40, 69)	(-39, 69)	(-80, 0)	(-40, -69)	(40, -69)	circle	red	same	left	left	(-39, 69)	(-80, 0)	search	nr	True	274002	275462	left	35	160	85	60	135	110	None	None	testing
5	zh	m	19	red	7	(80, 0)	(40, 69)	(-39, 69)	(-80, 0)	(-40, -69)	(40, -69)	circle	none	dif	right	right	N_dist	(40, -69)	probe	l_tar	None	None	None	None	35	60	160	10	135	85	(40, -69)	175	testing
5	zh	m	19	red	7	(80, 0)	(40, 69)	(-39, 69)	(-80, 0)	(-40, -69)	(40, -69)	diamond	red	dif	left	left	(-40, -69)	(-39, 69)	search	nr	True	282134	283062	left	160	35	110	60	10	85	None	None	testing
5	zh	m	19	red	7	(80, 0)	(40, 69)	(-39, 69)	(-80, 0)	(-40, -69)	(40, -69)	circle	none	dif	left	left	N_dist	(-40, -69)	search	nr	True	284287	285191	left	110	85	60	160	35	135	None	None	testing
5	zh	m	19	red	7	(80, 0)	(40, 69)	(-39, 69)	(-80, 0)	(-40, -69)	(40, -69)	circle	none	same	left	left	N_dist	(-39, 69)	search	nr	True	286458	287222	left	10	85	160	60	135	35	None	None	testing
5	zh	m	19	red	7	(80, 0)	(40, 69)	(-39, 69)	(-80, 0)	(-40, -69)	(40, -69)	circle	red	dif	left	left	(-40, -69)	(40, 69)	probe	norm	None	None	None	None	85	110	35	160	60	135	(80, 0)	166	testing
5	zh	m	19	red	7	(80, 0)	(40, 69)	(-39, 69)	(-80, 0)	(-40, -69)	(40, -69)	circle	red	same	right	right	(40, -69)	(-80, 0)	search	nr	True	294223	295063	right	10	85	160	35	60	110	None	None	testing
5	zh	m	19	red	7	(80, 0)	(40, 69)	(-39, 69)	(-80, 0)	(-40, -69)	(40, -69)	diamond	red	same	right	right	(-80, 0)	(40, -69)	search	nr	True	296293	297351	right	160	135	110	60	10	35	None	None	testing
5	zh	m	19	red	7	(80, 0)	(40, 69)	(-39, 69)	(-80, 0)	(-40, -69)	(40, -69)	diamond	red	dif	left	left	(40, 69)	(40, -69)	search	nr	True	298447	299430	left	135	160	10	110	85	60	None	None	testing
5	zh	m	19	red	7	(80, 0)	(40, 69)	(-39, 69)	(-80, 0)	(-40, -69)	(40, -69)	diamond	red	same	left	left	(-40, -69)	(-39, 69)	probe	norm	None	None	None	None	135	160	35	85	60	110	(80, 0)	13	testing
5	zh	m	19	red	7	(80, 0)	(40, 69)	(-39, 69)	(-80, 0)	(-40, -69)	(40, -69)	circle	none	dif	right	right	N_dist	(80, 0)	search	nr	True	307147	307909	right	35	10	60	85	160	110	None	None	testing
5	zh	m	19	red	7	(80, 0)	(40, 69)	(-39, 69)	(-80, 0)	(-40, -69)	(40, -69)	circle	red	dif	left	left	(-40, -69)	(80, 0)	probe	h_sin	None	None	None	None	60	35	110	160	135	10	(-40, -69)	64	testing
5	zh	m	19	red	7	(80, 0)	(40, 69)	(-39, 69)	(-80, 0)	(-40, -69)	(40, -69)	circle	red	dif	right	right	(40, -69)	(-39, 69)	search	nr	True	315879	316758	right	35	160	10	110	60	135	None	None	testing
5	zh	m	19	red	7	(80, 0)	(40, 69)	(-39, 69)	(-80, 0)	(-40, -69)	(40, -69)	diamond	red	same	right	right	(-40, -69)	(40, -69)	probe	h_sin	None	None	None	None	110	135	160	10	60	35	(-40, -69)	148	testing
5	zh	m	19	red	7	(80, 0)	(40, 69)	(-39, 69)	(-80, 0)	(-40, -69)	(40, -69)	circle	red	dif	right	right	(40, -69)	(-39, 69)	search	nr	True	326014	326886	right	85	110	135	10	160	35	None	None	testing
5	zh	m	19	red	7	(80, 0)	(40, 69)	(-39, 69)	(-80, 0)	(-40, -69)	(40, -69)	circle	none	same	left	left	N_dist	(40, -69)	probe	l_tar	None	None	None	None	60	160	110	135	35	85	(40, -69)	7	testing
5	zh	m	19	red	7	(80, 0)	(40, 69)	(-39, 69)	(-80, 0)	(-40, -69)	(40, -69)	circle	none	same	left	left	N_dist	(-80, 0)	search	nr	True	335849	336758	left	160	35	60	135	10	110	None	None	testing
5	zh	m	19	red	7	(80, 0)	(40, 69)	(-39, 69)	(-80, 0)	(-40, -69)	(40, -69)	diamond	none	same	left	left	N_dist	(80, 0)	probe	h_norm	None	None	None	None	85	110	10	135	35	60	(-40, -69)	63	testing
5	zh	m	19	red	7	(80, 0)	(40, 69)	(-39, 69)	(-80, 0)	(-40, -69)	(40, -69)	diamond	none	same	right	right	N_dist	(-40, -69)	probe	h_tar	None	None	None	None	135	160	85	60	10	110	(-40, -69)	146	testing
5	zh	m	19	red	7	(80, 0)	(40, 69)	(-39, 69)	(-80, 0)	(-40, -69)	(40, -69)	diamond	red	dif	left	left	(-40, -69)	(-39, 69)	probe	tar	None	None	None	None	135	35	60	110	85	160	(-39, 69)	166	testing
5	zh	m	19	red	7	(80, 0)	(40, 69)	(-39, 69)	(-80, 0)	(-40, -69)	(40, -69)	diamond	none	same	right	right	N_dist	(80, 0)	search	nr	True	364519	365222	right	35	10	160	60	110	135	None	None	testing
5	zh	m	19	red	7	(80, 0)	(40, 69)	(-39, 69)	(-80, 0)	(-40, -69)	(40, -69)	circle	red	dif	left	left	(-40, -69)	(80, 0)	search	nr	True	366406	367158	left	85	10	60	35	135	110	None	None	testing
5	zh	m	19	red	7	(80, 0)	(40, 69)	(-39, 69)	(-80, 0)	(-40, -69)	(40, -69)	diamond	none	dif	left	left	N_dist	(40, 69)	search	nr	True	368392	369222	left	35	160	135	110	60	10	None	None	testing
5	zh	m	19	red	7	(80, 0)	(40, 69)	(-39, 69)	(-80, 0)	(-40, -69)	(40, -69)	diamond	red	dif	right	right	(-40, -69)	(40, -69)	search	nr	True	370463	371302	right	110	10	35	135	160	85	None	None	testing
5	zh	m	19	red	7	(80, 0)	(40, 69)	(-39, 69)	(-80, 0)	(-40, -69)	(40, -69)	circle	red	dif	right	right	(40, -69)	(-80, 0)	search	nr	True	372483	373462	right	160	85	135	35	60	110	None	None	testing
5	zh	m	19	red	7	(80, 0)	(40, 69)	(-39, 69)	(-80, 0)	(-40, -69)	(40, -69)	circle	red	dif	right	right	(-40, -69)	(80, 0)	search	nr	True	374571	375205	right	35	60	10	110	135	85	None	None	testing
5	zh	m	19	red	7	(80, 0)	(40, 69)	(-39, 69)	(-80, 0)	(-40, -69)	(40, -69)	circle	none	dif	left	left	N_dist	(40, 69)	search	nr	True	376424	377126	left	160	85	10	110	135	60	None	None	testing
5	zh	m	19	red	7	(80, 0)	(40, 69)	(-39, 69)	(-80, 0)	(-40, -69)	(40, -69)	diamond	none	dif	left	left	N_dist	(40, 69)	probe	l_norm	None	None	None	None	60	35	160	10	85	135	(-80, 0)	149	testing
5	zh	m	19	red	7	(80, 0)	(40, 69)	(-39, 69)	(-80, 0)	(-40, -69)	(40, -69)	diamond	none	dif	right	right	N_dist	(40, 69)	probe	l_norm	None	None	None	None	110	60	85	160	35	10	(-80, 0)	30	testing
5	zh	m	19	red	7	(80, 0)	(40, 69)	(-39, 69)	(-80, 0)	(-40, -69)	(40, -69)	circle	none	same	left	left	N_dist	(40, -69)	probe	l_norm	None	None	None	None	85	35	60	160	135	110	(40, 69)	165	testing
5	zh	m	19	red	7	(80, 0)	(40, 69)	(-39, 69)	(-80, 0)	(-40, -69)	(40, -69)	circle	none	same	right	right	N_dist	(40, 69)	search	nr	True	404091	404806	right	35	85	60	110	160	10	None	None	testing
5	zh	m	19	red	7	(80, 0)	(40, 69)	(-39, 69)	(-80, 0)	(-40, -69)	(40, -69)	circle	red	dif	right	right	(40, -69)	(-80, 0)	search	nr	True	405911	406598	right	135	10	85	60	35	110	None	None	testing
5	zh	m	19	red	7	(80, 0)	(40, 69)	(-39, 69)	(-80, 0)	(-40, -69)	(40, -69)	circle	red	dif	left	left	(-40, -69)	(40, -69)	search	nr	True	407664	408438	left	35	110	160	10	135	60	None	None	testing
5	zh	m	19	red	7	(80, 0)	(40, 69)	(-39, 69)	(-80, 0)	(-40, -69)	(40, -69)	circle	red	same	right	right	(-80, 0)	(-39, 69)	search	nr	True	409635	410550	right	35	10	135	110	60	85	None	None	testing
5	zh	m	19	red	7	(80, 0)	(40, 69)	(-39, 69)	(-80, 0)	(-40, -69)	(40, -69)	diamond	none	dif	left	left	N_dist	(80, 0)	search	nr	True	411672	412550	left	10	35	60	135	160	85	None	None	testing
5	zh	m	19	red	7	(80, 0)	(40, 69)	(-39, 69)	(-80, 0)	(-40, -69)	(40, -69)	diamond	red	same	right	right	(-40, -69)	(-39, 69)	probe	h_sin	None	None	None	None	160	35	110	10	135	85	(-40, -69)	20	testing
5	zh	m	19	red	7	(80, 0)	(40, 69)	(-39, 69)	(-80, 0)	(-40, -69)	(40, -69)	circle	none	dif	left	left	N_dist	(40, 69)	search	nr	True	421357	422071	left	60	110	85	135	35	160	None	None	testing
5	zh	m	19	red	7	(80, 0)	(40, 69)	(-39, 69)	(-80, 0)	(-40, -69)	(40, -69)	diamond	red	dif	left	left	(-40, -69)	(80, 0)	search	nr	True	423360	424245	left	60	10	110	85	135	35	None	None	testing
5	zh	m	19	red	7	(80, 0)	(40, 69)	(-39, 69)	(-80, 0)	(-40, -69)	(40, -69)	circle	red	same	left	left	(80, 0)	(40, 69)	search	nr	True	425547	426582	left	35	110	135	160	85	10	None	None	testing
5	zh	m	19	red	7	(80, 0)	(40, 69)	(-39, 69)	(-80, 0)	(-40, -69)	(40, -69)	circle	red	same	left	left	(-40, -69)	(-80, 0)	search	nr	True	427768	428598	left	10	135	60	160	35	85	None	None	testing
5	zh	m	19	red	7	(80, 0)	(40, 69)	(-39, 69)	(-80, 0)	(-40, -69)	(40, -69)	diamond	red	dif	left	left	(-40, -69)	(80, 0)	search	nr	True	429755	430487	left	10	35	160	110	85	135	None	None	testing
5	zh	m	19	red	7	(80, 0)	(40, 69)	(-39, 69)	(-80, 0)	(-40, -69)	(40, -69)	diamond	red	dif	left	left	(-40, -69)	(-39, 69)	search	nr	True	431541	432341	left	35	135	110	10	60	85	None	None	testing
5	zh	m	19	red	7	(80, 0)	(40, 69)	(-39, 69)	(-80, 0)	(-40, -69)	(40, -69)	diamond	none	same	right	right	N_dist	(40, 69)	search	nr	True	433495	434198	right	85	135	110	60	10	35	None	None	testing
5	zh	m	19	red	7	(80, 0)	(40, 69)	(-39, 69)	(-80, 0)	(-40, -69)	(40, -69)	circle	none	dif	left	left	N_dist	(-40, -69)	search	nr	True	435432	436214	left	35	10	160	85	135	110	None	None	testing
5	zh	m	19	red	7	(80, 0)	(40, 69)	(-39, 69)	(-80, 0)	(-40, -69)	(40, -69)	circle	none	same	right	right	N_dist	(80, 0)	search	nr	True	437536	438470	right	35	60	135	160	85	10	None	None	testing
5	zh	m	19	red	7	(80, 0)	(40, 69)	(-39, 69)	(-80, 0)	(-40, -69)	(40, -69)	circle	none	same	left	left	N_dist	(-80, 0)	probe	l_norm	None	None	None	None	110	35	85	160	10	60	(40, -69)	18	testing
5	zh	m	19	red	7	(80, 0)	(40, 69)	(-39, 69)	(-80, 0)	(-40, -69)	(40, -69)	diamond	none	dif	right	right	N_dist	(-80, 0)	search	nr	True	447304	448102	right	85	10	160	60	135	35	None	None	testing
5	zh	m	19	red	7	(80, 0)	(40, 69)	(-39, 69)	(-80, 0)	(-40, -69)	(40, -69)	diamond	red	same	right	right	(-40, -69)	(40, -69)	search	nr	True	449308	450454	right	60	160	135	35	110	85	None	None	testing
5	zh	m	19	red	7	(80, 0)	(40, 69)	(-39, 69)	(-80, 0)	(-40, -69)	(40, -69)	circle	red	dif	left	left	(-39, 69)	(40, 69)	search	nr	True	451712	453493	left	160	110	60	35	10	85	None	None	testing
5	zh	m	19	red	7	(80, 0)	(40, 69)	(-39, 69)	(-80, 0)	(-40, -69)	(40, -69)	circle	red	same	left	left	(-40, -69)	(-80, 0)	probe	h_sin	None	None	None	None	85	60	160	110	35	10	(-40, -69)	161	testing
5	zh	m	19	red	7	(80, 0)	(40, 69)	(-39, 69)	(-80, 0)	(-40, -69)	(40, -69)	diamond	red	same	right	right	(-40, -69)	(80, 0)	probe	tar	None	None	None	None	85	10	60	110	35	135	(80, 0)	174	testing
5	zh	m	19	red	7	(80, 0)	(40, 69)	(-39, 69)	(-80, 0)	(-40, -69)	(40, -69)	diamond	red	dif	right	right	(-40, -69)	(-39, 69)	search	nr	True	469545	470310	right	85	135	110	35	60	10	None	None	testing
5	zh	m	19	red	7	(80, 0)	(40, 69)	(-39, 69)	(-80, 0)	(-40, -69)	(40, -69)	circle	red	dif	right	right	(40, -69)	(-39, 69)	probe	norm	None	None	None	None	35	10	110	160	135	85	(40, 69)	154	testing
5	zh	m	19	red	7	(80, 0)	(40, 69)	(-39, 69)	(-80, 0)	(-40, -69)	(40, -69)	diamond	red	same	right	right	(-40, -69)	(40, -69)	search	nr	True	478511	479462	right	60	160	85	35	110	10	None	None	testing
5	zh	m	19	red	7	(80, 0)	(40, 69)	(-39, 69)	(-80, 0)	(-40, -69)	(40, -69)	diamond	none	same	right	right	N_dist	(40, 69)	probe	l_norm	None	None	None	None	160	85	35	60	110	135	(40, -69)	22	testing
5	zh	m	19	red	7	(80, 0)	(40, 69)	(-39, 69)	(-80, 0)	(-40, -69)	(40, -69)	diamond	none	same	right	right	N_dist	(-39, 69)	search	nr	True	488630	489334	right	85	35	160	60	10	110	None	None	testing
5	zh	m	19	red	7	(80, 0)	(40, 69)	(-39, 69)	(-80, 0)	(-40, -69)	(40, -69)	circle	red	dif	left	left	(-40, -69)	(80, 0)	search	nr	True	490467	491382	left	10	35	85	135	160	60	None	None	testing
5	zh	m	19	red	7	(80, 0)	(40, 69)	(-39, 69)	(-80, 0)	(-40, -69)	(40, -69)	diamond	red	dif	left	left	(-40, -69)	(80, 0)	search	nr	True	492453	493414	left	10	135	110	85	160	60	None	None	testing
5	zh	m	19	red	7	(80, 0)	(40, 69)	(-39, 69)	(-80, 0)	(-40, -69)	(40, -69)	diamond	none	dif	left	left	N_dist	(80, 0)	search	nr	True	494725	495414	left	60	35	160	85	135	110	None	None	testing
5	zh	m	19	red	7	(80, 0)	(40, 69)	(-39, 69)	(-80, 0)	(-40, -69)	(40, -69)	diamond	red	same	right	right	(-40, -69)	(-80, 0)	search	nr	True	496695	497575	right	160	35	85	60	110	135	None	None	testing
5	zh	m	19	red	7	(80, 0)	(40, 69)	(-39, 69)	(-80, 0)	(-40, -69)	(40, -69)	circle	none	same	right	right	N_dist	(40, 69)	probe	h_norm	None	None	None	None	35	85	160	10	110	60	(-40, -69)	15	testing
5	zh	m	19	red	7	(80, 0)	(40, 69)	(-39, 69)	(-80, 0)	(-40, -69)	(40, -69)	circle	none	dif	right	right	N_dist	(-40, -69)	search	nr	True	506396	507254	right	10	160	110	35	85	60	None	None	testing
5	zh	m	19	red	7	(80, 0)	(40, 69)	(-39, 69)	(-80, 0)	(-40, -69)	(40, -69)	circle	none	dif	right	right	N_dist	(40, -69)	search	nr	True	508517	509382	right	60	85	135	35	110	160	None	None	testing
5	zh	m	19	red	7	(80, 0)	(40, 69)	(-39, 69)	(-80, 0)	(-40, -69)	(40, -69)	circle	red	dif	left	left	(80, 0)	(-39, 69)	search	nr	True	510503	511526	left	35	135	85	60	110	160	None	None	testing
5	zh	m	19	red	7	(80, 0)	(40, 69)	(-39, 69)	(-80, 0)	(-40, -69)	(40, -69)	circle	red	same	left	left	(-40, -69)	(-80, 0)	search	nr	True	512624	513382	left	85	35	110	10	160	135	None	None	testing
5	zh	m	19	red	7	(80, 0)	(40, 69)	(-39, 69)	(-80, 0)	(-40, -69)	(40, -69)	diamond	red	same	left	left	(-40, -69)	(-80, 0)	search	nr	True	514678	515382	left	160	135	10	60	85	35	None	None	testing
5	zh	m	19	red	7	(80, 0)	(40, 69)	(-39, 69)	(-80, 0)	(-40, -69)	(40, -69)	diamond	red	dif	right	right	(-40, -69)	(-39, 69)	search	nr	True	516581	517527	left	135	85	110	60	35	160	None	None	testing
5	zh	m	19	red	7	(80, 0)	(40, 69)	(-39, 69)	(-80, 0)	(-40, -69)	(40, -69)	diamond	red	dif	left	left	(-39, 69)	(40, -69)	probe	l_sin	None	None	None	None	35	135	60	10	160	85	(-39, 69)	161	testing
5	zh	m	19	red	7	(80, 0)	(40, 69)	(-39, 69)	(-80, 0)	(-40, -69)	(40, -69)	circle	red	dif	right	right	(-80, 0)	(-39, 69)	search	nr	True	527785	528982	right	110	135	10	160	35	60	None	None	testing
5	zh	m	19	red	7	(80, 0)	(40, 69)	(-39, 69)	(-80, 0)	(-40, -69)	(40, -69)	diamond	red	dif	right	right	(-40, -69)	(40, 69)	probe	tar	None	None	None	None	110	10	35	135	160	85	(40, 69)	21	testing
5	zh	m	19	red	7	(80, 0)	(40, 69)	(-39, 69)	(-80, 0)	(-40, -69)	(40, -69)	circle	red	same	left	left	(-39, 69)	(40, 69)	search	nr	True	537085	538070	left	10	160	60	110	35	135	None	None	testing
5	zh	m	19	red	7	(80, 0)	(40, 69)	(-39, 69)	(-80, 0)	(-40, -69)	(40, -69)	diamond	red	same	left	left	(40, 69)	(-39, 69)	probe	tar	None	None	None	None	10	60	135	35	160	85	(-39, 69)	13	testing
5	zh	m	19	red	7	(80, 0)	(40, 69)	(-39, 69)	(-80, 0)	(-40, -69)	(40, -69)	diamond	red	same	right	right	(40, 69)	(80, 0)	search	nr	True	544416	545430	right	160	110	35	60	10	135	None	None	testing
5	zh	m	19	red	7	(80, 0)	(40, 69)	(-39, 69)	(-80, 0)	(-40, -69)	(40, -69)	diamond	red	dif	right	right	(-40, -69)	(40, 69)	probe	tar	None	None	None	None	135	10	35	160	110	60	(40, 69)	151	testing
5	zh	m	19	red	7	(80, 0)	(40, 69)	(-39, 69)	(-80, 0)	(-40, -69)	(40, -69)	circle	red	same	right	right	(-40, -69)	(40, -69)	search	nr	True	552097	552983	right	85	35	160	135	10	110	None	None	testing
5	zh	m	19	red	7	(80, 0)	(40, 69)	(-39, 69)	(-80, 0)	(-40, -69)	(40, -69)	circle	red	same	right	right	(-40, -69)	(40, -69)	search	nr	True	554267	554983	right	160	85	35	10	110	60	None	None	testing
5	zh	m	19	red	7	(80, 0)	(40, 69)	(-39, 69)	(-80, 0)	(-40, -69)	(40, -69)	diamond	red	dif	right	right	(-40, -69)	(-39, 69)	search	nr	True	556071	557190	right	85	35	110	10	60	160	None	None	testing
5	zh	m	19	red	7	(80, 0)	(40, 69)	(-39, 69)	(-80, 0)	(-40, -69)	(40, -69)	circle	red	same	right	right	(-40, -69)	(40, 69)	search	nr	True	558291	559031	right	110	135	60	160	35	10	None	None	testing
5	zh	m	19	red	7	(80, 0)	(40, 69)	(-39, 69)	(-80, 0)	(-40, -69)	(40, -69)	diamond	red	dif	left	left	(-39, 69)	(40, -69)	search	nr	True	560112	560950	left	35	160	110	85	135	60	None	None	testing
5	zh	m	19	red	7	(80, 0)	(40, 69)	(-39, 69)	(-80, 0)	(-40, -69)	(40, -69)	diamond	none	same	left	left	N_dist	(-80, 0)	search	nr	True	562149	562934	left	110	60	35	160	135	85	None	None	testing
5	zh	m	19	red	7	(80, 0)	(40, 69)	(-39, 69)	(-80, 0)	(-40, -69)	(40, -69)	circle	red	same	right	right	(-80, 0)	(-39, 69)	probe	l_sin	None	None	None	None	135	10	160	60	35	110	(-80, 0)	167	testing
5	zh	m	19	red	7	(80, 0)	(40, 69)	(-39, 69)	(-80, 0)	(-40, -69)	(40, -69)	diamond	none	dif	right	right	N_dist	(40, -69)	search	nr	True	569112	569957	right	85	135	110	35	10	60	None	None	testing
5	zh	m	19	red	7	(80, 0)	(40, 69)	(-39, 69)	(-80, 0)	(-40, -69)	(40, -69)	circle	red	dif	left	left	(-39, 69)	(40, 69)	search	nr	True	571048	571814	left	135	110	10	60	160	85	None	None	testing
5	zh	m	19	red	7	(80, 0)	(40, 69)	(-39, 69)	(-80, 0)	(-40, -69)	(40, -69)	circle	red	dif	right	right	(40, -69)	(-39, 69)	search	nr	True	572951	573686	right	60	135	85	10	160	110	None	None	testing
5	zh	m	19	red	7	(80, 0)	(40, 69)	(-39, 69)	(-80, 0)	(-40, -69)	(40, -69)	circle	red	same	right	right	(-40, -69)	(-39, 69)	probe	tar	None	None	None	None	35	110	60	160	135	10	(-39, 69)	169	testing
5	zh	m	19	red	7	(80, 0)	(40, 69)	(-39, 69)	(-80, 0)	(-40, -69)	(40, -69)	circle	none	same	left	left	N_dist	(40, -69)	search	nr	True	581784	582630	left	60	110	10	160	85	135	None	None	testing
5	zh	m	19	red	7	(80, 0)	(40, 69)	(-39, 69)	(-80, 0)	(-40, -69)	(40, -69)	diamond	red	same	left	left	(-40, -69)	(-80, 0)	search	nr	True	583871	585142	left	160	85	135	35	60	110	None	None	testing
5	zh	m	19	red	7	(80, 0)	(40, 69)	(-39, 69)	(-80, 0)	(-40, -69)	(40, -69)	diamond	none	dif	right	right	N_dist	(-80, 0)	search	nr	True	586242	587046	right	60	35	110	160	135	85	None	None	testing
5	zh	m	19	red	7	(80, 0)	(40, 69)	(-39, 69)	(-80, 0)	(-40, -69)	(40, -69)	circle	none	dif	left	left	N_dist	(-40, -69)	probe	h_tar	None	None	None	None	35	160	10	85	60	135	(-40, -69)	159	testing
5	zh	m	19	red	7	(80, 0)	(40, 69)	(-39, 69)	(-80, 0)	(-40, -69)	(40, -69)	circle	red	dif	left	left	(-40, -69)	(40, 69)	search	nr	True	593490	594294	left	160	110	60	135	85	35	None	None	testing
5	zh	m	19	red	7	(80, 0)	(40, 69)	(-39, 69)	(-80, 0)	(-40, -69)	(40, -69)	circle	red	same	right	right	(-40, -69)	(40, -69)	probe	h_sin	None	None	None	None	35	85	60	135	110	160	(-40, -69)	161	testing
5	zh	m	19	red	7	(80, 0)	(40, 69)	(-39, 69)	(-80, 0)	(-40, -69)	(40, -69)	circle	red	same	right	right	(-40, -69)	(40, 69)	probe	tar	None	None	None	None	10	35	135	60	160	110	(40, 69)	155	testing
5	zh	m	19	red	7	(80, 0)	(40, 69)	(-39, 69)	(-80, 0)	(-40, -69)	(40, -69)	circle	red	dif	right	right	(-40, -69)	(40, 69)	probe	h_sin	None	None	None	None	110	160	60	10	135	35	(-40, -69)	79	testing
5	zh	m	19	red	7	(80, 0)	(40, 69)	(-39, 69)	(-80, 0)	(-40, -69)	(40, -69)	diamond	red	dif	left	left	(-40, -69)	(-39, 69)	search	nr	True	619587	620502	left	85	110	10	35	135	160	None	None	testing
5	zh	m	19	red	7	(80, 0)	(40, 69)	(-39, 69)	(-80, 0)	(-40, -69)	(40, -69)	diamond	none	same	right	right	N_dist	(-40, -69)	search	nr	True	621674	622566	right	85	110	135	10	160	60	None	None	testing
5	zh	m	19	red	7	(80, 0)	(40, 69)	(-39, 69)	(-80, 0)	(-40, -69)	(40, -69)	diamond	red	same	right	right	(40, 69)	(40, -69)	probe	norm	None	None	None	None	35	135	60	85	160	10	(-39, 69)	165	testing
5	zh	m	19	red	7	(80, 0)	(40, 69)	(-39, 69)	(-80, 0)	(-40, -69)	(40, -69)	circle	red	dif	left	left	(40, 69)	(-80, 0)	search	nr	True	630775	631926	left	10	85	35	160	60	135	None	None	testing
5	zh	m	19	red	7	(80, 0)	(40, 69)	(-39, 69)	(-80, 0)	(-40, -69)	(40, -69)	circle	red	same	right	right	(-40, -69)	(-39, 69)	search	nr	True	633062	633943	right	110	160	60	85	10	35	None	None	testing
5	zh	m	19	red	7	(80, 0)	(40, 69)	(-39, 69)	(-80, 0)	(-40, -69)	(40, -69)	circle	none	dif	right	right	N_dist	(40, 69)	search	nr	True	635016	635750	right	135	35	10	160	60	110	None	None	testing
5	zh	m	19	red	7	(80, 0)	(40, 69)	(-39, 69)	(-80, 0)	(-40, -69)	(40, -69)	circle	red	dif	left	left	(-40, -69)	(40, -69)	search	nr	True	636903	637943	left	60	10	110	85	135	160	None	None	testing
5	zh	m	19	red	7	(80, 0)	(40, 69)	(-39, 69)	(-80, 0)	(-40, -69)	(40, -69)	diamond	red	same	left	left	(-40, -69)	(80, 0)	search	nr	True	639074	640070	left	10	160	85	60	135	110	None	None	testing
5	zh	m	19	red	7	(80, 0)	(40, 69)	(-39, 69)	(-80, 0)	(-40, -69)	(40, -69)	diamond	red	dif	left	left	(-40, -69)	(40, -69)	search	nr	True	641311	642214	left	135	10	35	60	85	160	None	None	testing
5	zh	m	19	red	7	(80, 0)	(40, 69)	(-39, 69)	(-80, 0)	(-40, -69)	(40, -69)	diamond	none	dif	right	right	N_dist	(-40, -69)	search	nr	True	643398	644245	right	110	10	135	160	85	35	None	None	testing
5	zh	m	19	red	7	(80, 0)	(40, 69)	(-39, 69)	(-80, 0)	(-40, -69)	(40, -69)	circle	none	same	left	left	N_dist	(-39, 69)	probe	l_norm	None	None	None	None	110	135	60	35	85	160	(-80, 0)	154	testing
5	zh	m	19	red	7	(80, 0)	(40, 69)	(-39, 69)	(-80, 0)	(-40, -69)	(40, -69)	diamond	red	same	left	left	(-40, -69)	(-39, 69)	search	nr	True	653517	654407	left	85	60	10	35	135	110	None	None	testing
5	zh	m	19	red	7	(80, 0)	(40, 69)	(-39, 69)	(-80, 0)	(-40, -69)	(40, -69)	circle	red	dif	left	left	(-40, -69)	(80, 0)	search	nr	True	655553	656438	left	85	60	10	110	135	160	None	None	testing
5	zh	m	19	red	7	(80, 0)	(40, 69)	(-39, 69)	(-80, 0)	(-40, -69)	(40, -69)	circle	red	dif	left	left	(40, 69)	(-80, 0)	search	nr	True	657524	658422	left	160	10	35	135	110	85	None	None	testing
5	zh	m	19	red	7	(80, 0)	(40, 69)	(-39, 69)	(-80, 0)	(-40, -69)	(40, -69)	diamond	none	dif	left	left	N_dist	(80, 0)	probe	h_norm	None	None	None	None	60	85	135	35	160	110	(-40, -69)	67	testing
5	zh	m	19	red	7	(80, 0)	(40, 69)	(-39, 69)	(-80, 0)	(-40, -69)	(40, -69)	circle	red	dif	left	left	(80, 0)	(-39, 69)	search	nr	True	669062	670038	left	160	35	85	60	135	110	None	None	testing
5	zh	m	19	red	7	(80, 0)	(40, 69)	(-39, 69)	(-80, 0)	(-40, -69)	(40, -69)	diamond	none	dif	left	left	N_dist	(-39, 69)	probe	h_norm	None	None	None	None	60	85	160	135	10	35	(-40, -69)	147	testing
5	zh	m	19	red	7	(80, 0)	(40, 69)	(-39, 69)	(-80, 0)	(-40, -69)	(40, -69)	circle	red	same	right	right	(-40, -69)	(40, -69)	search	nr	True	678546	679302	right	60	110	135	35	160	85	None	None	testing
5	zh	m	19	red	7	(80, 0)	(40, 69)	(-39, 69)	(-80, 0)	(-40, -69)	(40, -69)	diamond	red	dif	left	left	(-40, -69)	(-39, 69)	probe	norm	None	None	None	None	35	135	10	85	60	160	(80, 0)	19	testing
5	zh	m	19	red	7	(80, 0)	(40, 69)	(-39, 69)	(-80, 0)	(-40, -69)	(40, -69)	diamond	none	same	right	right	N_dist	(40, 69)	search	nr	True	687195	687974	right	160	135	10	85	35	110	None	None	testing
5	zh	m	19	red	7	(80, 0)	(40, 69)	(-39, 69)	(-80, 0)	(-40, -69)	(40, -69)	circle	none	same	right	right	N_dist	(80, 0)	search	nr	True	689132	689862	right	160	85	10	110	135	60	None	None	testing
5	zh	m	19	red	7	(80, 0)	(40, 69)	(-39, 69)	(-80, 0)	(-40, -69)	(40, -69)	circle	red	dif	right	right	(-40, -69)	(40, 69)	search	nr	True	691118	691783	right	85	10	110	160	135	60	None	None	testing
5	zh	m	19	red	7	(80, 0)	(40, 69)	(-39, 69)	(-80, 0)	(-40, -69)	(40, -69)	diamond	red	dif	right	right	(-40, -69)	(40, 69)	search	nr	True	693023	693638	right	135	60	10	85	110	160	None	None	testing
5	zh	m	19	red	7	(80, 0)	(40, 69)	(-39, 69)	(-80, 0)	(-40, -69)	(40, -69)	circle	red	same	left	left	(-39, 69)	(-80, 0)	probe	l_sin	None	None	None	None	35	60	110	160	10	85	(-39, 69)	10	testing
5	zh	m	19	red	7	(80, 0)	(40, 69)	(-39, 69)	(-80, 0)	(-40, -69)	(40, -69)	circle	none	dif	right	right	N_dist	(-40, -69)	probe	h_tar	None	None	None	None	60	110	135	160	35	85	(-40, -69)	165	testing
5	zh	m	19	red	7	(80, 0)	(40, 69)	(-39, 69)	(-80, 0)	(-40, -69)	(40, -69)	diamond	none	same	right	right	N_dist	(-40, -69)	search	nr	True	711022	711958	right	85	160	135	35	60	10	None	None	testing
5	zh	m	19	red	7	(80, 0)	(40, 69)	(-39, 69)	(-80, 0)	(-40, -69)	(40, -69)	circle	none	dif	left	left	N_dist	(-40, -69)	probe	h_tar	None	None	None	None	60	135	35	110	85	160	(-40, -69)	170	testing
5	zh	m	19	red	7	(80, 0)	(40, 69)	(-39, 69)	(-80, 0)	(-40, -69)	(40, -69)	diamond	red	same	left	left	(-80, 0)	(-39, 69)	search	nr	True	718319	719190	left	135	160	110	85	35	60	None	None	testing
5	zh	m	19	red	7	(80, 0)	(40, 69)	(-39, 69)	(-80, 0)	(-40, -69)	(40, -69)	circle	red	same	left	left	(-40, -69)	(40, 69)	search	nr	True	720456	721462	left	10	110	60	160	135	35	None	None	testing
5	zh	m	19	red	7	(80, 0)	(40, 69)	(-39, 69)	(-80, 0)	(-40, -69)	(40, -69)	diamond	red	same	left	left	(-40, -69)	(-80, 0)	search	nr	True	722660	723798	left	85	135	35	60	160	110	None	None	testing
5	zh	m	19	red	7	(80, 0)	(40, 69)	(-39, 69)	(-80, 0)	(-40, -69)	(40, -69)	diamond	none	same	left	left	N_dist	(80, 0)	search	nr	True	724914	725814	left	160	110	60	135	85	35	None	None	testing
5	zh	m	19	red	7	(80, 0)	(40, 69)	(-39, 69)	(-80, 0)	(-40, -69)	(40, -69)	circle	none	dif	left	left	N_dist	(-40, -69)	search	nr	True	726935	727909	left	35	135	110	60	85	160	None	None	testing
5	zh	m	19	red	7	(80, 0)	(40, 69)	(-39, 69)	(-80, 0)	(-40, -69)	(40, -69)	circle	none	same	right	right	N_dist	(40, 69)	search	nr	True	729089	729846	right	60	110	10	135	35	85	None	None	testing
5	zh	m	19	red	7	(80, 0)	(40, 69)	(-39, 69)	(-80, 0)	(-40, -69)	(40, -69)	circle	red	dif	left	left	(40, -69)	(-80, 0)	probe	l_sin	None	None	None	None	135	110	35	60	160	85	(40, -69)	22	testing
5	zh	m	19	red	7	(80, 0)	(40, 69)	(-39, 69)	(-80, 0)	(-40, -69)	(40, -69)	diamond	red	same	left	left	(-40, -69)	(-39, 69)	search	nr	True	738690	739863	left	35	110	60	10	135	85	None	None	testing
5	zh	m	19	red	7	(80, 0)	(40, 69)	(-39, 69)	(-80, 0)	(-40, -69)	(40, -69)	circle	red	dif	right	right	(-40, -69)	(-80, 0)	search	nr	True	740993	741894	right	135	85	10	35	160	110	None	None	testing
5	zh	m	19	red	7	(80, 0)	(40, 69)	(-39, 69)	(-80, 0)	(-40, -69)	(40, -69)	circle	red	dif	right	right	(-80, 0)	(-39, 69)	search	nr	True	742997	744022	right	35	85	10	110	135	160	None	None	testing
5	zh	m	19	red	7	(80, 0)	(40, 69)	(-39, 69)	(-80, 0)	(-40, -69)	(40, -69)	diamond	red	dif	right	right	(-40, -69)	(40, -69)	probe	h_sin	None	None	None	None	85	110	35	60	10	135	(-40, -69)	145	testing
5	zh	m	19	red	7	(80, 0)	(40, 69)	(-39, 69)	(-80, 0)	(-40, -69)	(40, -69)	diamond	red	dif	left	left	(-39, 69)	(40, -69)	search	nr	True	752548	753413	left	85	160	35	60	135	10	None	None	testing
5	zh	m	19	red	7	(80, 0)	(40, 69)	(-39, 69)	(-80, 0)	(-40, -69)	(40, -69)	diamond	red	same	left	left	(-40, -69)	(80, 0)	search	nr	True	754619	755430	left	110	160	35	135	10	85	None	None	testing
5	zh	m	19	red	7	(80, 0)	(40, 69)	(-39, 69)	(-80, 0)	(-40, -69)	(40, -69)	circle	red	same	left	left	(-39, 69)	(40, 69)	probe	l_sin	None	None	None	None	85	35	10	110	60	160	(-39, 69)	139	testing
5	zh	m	19	red	7	(80, 0)	(40, 69)	(-39, 69)	(-80, 0)	(-40, -69)	(40, -69)	diamond	none	same	right	right	N_dist	(40, 69)	search	nr	True	763284	764102	right	60	35	135	160	10	85	None	None	testing
5	zh	m	19	red	7	(80, 0)	(40, 69)	(-39, 69)	(-80, 0)	(-40, -69)	(40, -69)	diamond	none	dif	left	left	N_dist	(-39, 69)	search	nr	True	765272	766054	left	85	135	10	35	160	110	None	None	testing
5	zh	m	19	red	7	(80, 0)	(40, 69)	(-39, 69)	(-80, 0)	(-40, -69)	(40, -69)	diamond	red	same	right	right	(80, 0)	(-39, 69)	search	nr	True	767142	768293	right	10	60	35	110	135	85	None	None	testing
5	zh	m	19	red	7	(80, 0)	(40, 69)	(-39, 69)	(-80, 0)	(-40, -69)	(40, -69)	diamond	red	same	left	left	(-40, -69)	(-39, 69)	search	nr	True	769530	770326	left	60	85	160	110	135	35	None	None	testing
5	zh	m	19	red	7	(80, 0)	(40, 69)	(-39, 69)	(-80, 0)	(-40, -69)	(40, -69)	circle	none	dif	left	left	N_dist	(-40, -69)	search	nr	True	771583	772550	left	160	110	85	135	10	35	None	None	testing
5	zh	m	19	red	7	(80, 0)	(40, 69)	(-39, 69)	(-80, 0)	(-40, -69)	(40, -69)	circle	none	dif	left	left	N_dist	(80, 0)	probe	l_tar	None	None	None	None	85	135	10	60	35	110	(80, 0)	170	testing
5	zh	m	19	red	7	(80, 0)	(40, 69)	(-39, 69)	(-80, 0)	(-40, -69)	(40, -69)	diamond	red	dif	right	right	(-40, -69)	(-80, 0)	search	nr	True	778346	779158	right	35	110	160	85	135	60	None	None	testing
5	zh	m	19	red	7	(80, 0)	(40, 69)	(-39, 69)	(-80, 0)	(-40, -69)	(40, -69)	circle	none	same	right	right	N_dist	(80, 0)	probe	l_tar	None	None	None	None	10	35	135	60	85	110	(80, 0)	143	testing
5	zh	m	19	red	7	(80, 0)	(40, 69)	(-39, 69)	(-80, 0)	(-40, -69)	(40, -69)	diamond	red	same	left	left	(-39, 69)	(40, 69)	search	nr	True	786327	787126	left	35	10	160	85	60	110	None	None	testing
5	zh	m	19	red	7	(80, 0)	(40, 69)	(-39, 69)	(-80, 0)	(-40, -69)	(40, -69)	diamond	red	dif	left	left	(-40, -69)	(80, 0)	probe	norm	None	None	None	None	110	85	135	35	10	60	(40, -69)	155	testing
5	zh	m	19	red	7	(80, 0)	(40, 69)	(-39, 69)	(-80, 0)	(-40, -69)	(40, -69)	circle	red	same	left	left	(-39, 69)	(40, 69)	search	nr	True	797882	798806	left	160	35	10	110	85	60	None	None	testing
5	zh	m	19	red	7	(80, 0)	(40, 69)	(-39, 69)	(-80, 0)	(-40, -69)	(40, -69)	diamond	none	same	left	left	N_dist	(40, -69)	search	nr	True	800019	801030	left	35	160	10	60	85	135	None	None	testing
5	zh	m	19	red	7	(80, 0)	(40, 69)	(-39, 69)	(-80, 0)	(-40, -69)	(40, -69)	diamond	red	same	left	left	(-80, 0)	(-39, 69)	probe	l_sin	None	None	None	None	160	85	35	110	135	10	(-80, 0)	8	testing
5	zh	m	19	red	7	(80, 0)	(40, 69)	(-39, 69)	(-80, 0)	(-40, -69)	(40, -69)	circle	red	same	right	right	(-40, -69)	(-39, 69)	search	nr	True	808936	809606	right	85	135	60	160	10	35	None	None	testing
5	zh	m	19	red	7	(80, 0)	(40, 69)	(-39, 69)	(-80, 0)	(-40, -69)	(40, -69)	diamond	red	dif	left	left	(-80, 0)	(-39, 69)	probe	l_sin	None	None	None	None	10	85	35	60	110	160	(-80, 0)	170	testing
5	zh	m	19	red	7	(80, 0)	(40, 69)	(-39, 69)	(-80, 0)	(-40, -69)	(40, -69)	circle	red	same	right	right	(-40, -69)	(80, 0)	search	nr	True	817301	818086	right	135	10	110	85	160	60	None	None	testing
5	zh	m	19	red	7	(80, 0)	(40, 69)	(-39, 69)	(-80, 0)	(-40, -69)	(40, -69)	diamond	none	dif	right	right	N_dist	(-80, 0)	search	nr	True	819171	819910	right	10	160	110	35	135	60	None	None	testing
5	zh	m	19	red	7	(80, 0)	(40, 69)	(-39, 69)	(-80, 0)	(-40, -69)	(40, -69)	diamond	red	same	right	right	(-40, -69)	(40, -69)	search	nr	True	821141	821926	right	60	110	85	135	160	35	None	None	testing
5	zh	m	19	red	7	(80, 0)	(40, 69)	(-39, 69)	(-80, 0)	(-40, -69)	(40, -69)	circle	red	dif	right	right	(-40, -69)	(40, 69)	search	nr	True	823161	823863	right	160	35	135	85	110	60	None	None	testing
5	zh	m	19	red	7	(80, 0)	(40, 69)	(-39, 69)	(-80, 0)	(-40, -69)	(40, -69)	circle	red	dif	right	right	(40, -69)	(-39, 69)	search	nr	True	825065	825734	right	85	60	10	160	110	135	None	None	testing
5	zh	m	19	red	7	(80, 0)	(40, 69)	(-39, 69)	(-80, 0)	(-40, -69)	(40, -69)	diamond	none	dif	left	left	N_dist	(-39, 69)	search	nr	True	826986	827670	left	35	110	10	60	85	135	None	None	testing
5	zh	m	19	red	7	(80, 0)	(40, 69)	(-39, 69)	(-80, 0)	(-40, -69)	(40, -69)	circle	none	dif	left	left	N_dist	(80, 0)	search	nr	True	828972	829702	left	60	85	135	35	10	110	None	None	testing
5	zh	m	19	red	7	(80, 0)	(40, 69)	(-39, 69)	(-80, 0)	(-40, -69)	(40, -69)	diamond	red	dif	right	right	(-40, -69)	(-80, 0)	probe	tar	None	None	None	None	110	160	10	35	60	85	(-80, 0)	149	testing
5	zh	m	19	red	7	(80, 0)	(40, 69)	(-39, 69)	(-80, 0)	(-40, -69)	(40, -69)	circle	red	same	right	right	(-40, -69)	(40, -69)	probe	tar	None	None	None	None	135	160	85	110	10	35	(40, -69)	156	testing
5	zh	m	19	red	7	(80, 0)	(40, 69)	(-39, 69)	(-80, 0)	(-40, -69)	(40, -69)	circle	none	same	left	left	N_dist	(40, -69)	search	nr	True	845019	846102	left	135	35	60	110	160	85	None	None	testing
5	zh	m	19	red	7	(80, 0)	(40, 69)	(-39, 69)	(-80, 0)	(-40, -69)	(40, -69)	circle	none	same	left	left	N_dist	(-39, 69)	search	nr	True	847339	848118	left	35	10	110	135	60	85	None	None	testing
5	zh	m	19	red	7	(80, 0)	(40, 69)	(-39, 69)	(-80, 0)	(-40, -69)	(40, -69)	diamond	none	same	right	right	N_dist	(40, 69)	search	nr	True	849326	850150	right	110	35	60	10	135	160	None	None	testing
5	zh	m	19	red	7	(80, 0)	(40, 69)	(-39, 69)	(-80, 0)	(-40, -69)	(40, -69)	diamond	none	same	left	left	N_dist	(-80, 0)	probe	l_norm	None	None	None	None	60	85	160	35	10	135	(-39, 69)	26	testing
5	zh	m	19	red	7	(80, 0)	(40, 69)	(-39, 69)	(-80, 0)	(-40, -69)	(40, -69)	circle	none	same	right	right	N_dist	(-39, 69)	search	nr	True	857191	857894	right	35	60	135	160	10	85	None	None	testing
5	zh	m	19	red	7	(80, 0)	(40, 69)	(-39, 69)	(-80, 0)	(-40, -69)	(40, -69)	circle	none	same	right	right	N_dist	(-39, 69)	search	nr	True	859128	859830	right	110	135	35	60	10	85	None	None	testing
5	zh	m	19	red	7	(80, 0)	(40, 69)	(-39, 69)	(-80, 0)	(-40, -69)	(40, -69)	circle	red	same	right	right	(-40, -69)	(40, 69)	search	nr	True	860998	861766	right	110	10	35	160	85	60	None	None	testing
5	zh	m	19	red	7	(80, 0)	(40, 69)	(-39, 69)	(-80, 0)	(-40, -69)	(40, -69)	circle	none	dif	left	left	N_dist	(-40, -69)	search	nr	True	862918	863702	left	160	135	110	35	60	10	None	None	testing
5	zh	m	19	red	7	(80, 0)	(40, 69)	(-39, 69)	(-80, 0)	(-40, -69)	(40, -69)	circle	red	same	right	right	(40, -69)	(-80, 0)	search	nr	True	864972	865718	right	10	60	110	160	135	85	None	None	testing
5	zh	m	19	red	7	(80, 0)	(40, 69)	(-39, 69)	(-80, 0)	(-40, -69)	(40, -69)	diamond	red	dif	right	right	(-40, -69)	(-80, 0)	search	nr	True	867009	867782	right	35	160	60	85	10	110	None	None	testing
5	zh	m	19	red	7	(80, 0)	(40, 69)	(-39, 69)	(-80, 0)	(-40, -69)	(40, -69)	diamond	red	same	left	left	(-40, -69)	(80, 0)	probe	norm	None	None	None	None	35	110	10	135	60	160	(40, -69)	170	testing
5	zh	m	19	red	7	(80, 0)	(40, 69)	(-39, 69)	(-80, 0)	(-40, -69)	(40, -69)	circle	red	dif	right	right	(-40, -69)	(-80, 0)	probe	norm	None	None	None	None	60	110	10	160	135	35	(80, 0)	142	testing
5	zh	m	19	red	7	(80, 0)	(40, 69)	(-39, 69)	(-80, 0)	(-40, -69)	(40, -69)	circle	red	dif	right	right	(-40, -69)	(40, 69)	search	nr	True	884158	885190	right	10	35	85	60	135	160	None	None	testing
5	zh	m	19	red	7	(80, 0)	(40, 69)	(-39, 69)	(-80, 0)	(-40, -69)	(40, -69)	circle	red	dif	right	right	(40, -69)	(-39, 69)	search	nr	True	886494	887302	right	60	160	110	35	135	10	None	None	testing
5	zh	m	19	red	7	(80, 0)	(40, 69)	(-39, 69)	(-80, 0)	(-40, -69)	(40, -69)	circle	none	same	right	right	N_dist	(40, -69)	probe	h_norm	None	None	None	None	135	60	35	85	10	160	(-40, -69)	56	testing
5	zh	m	19	red	7	(80, 0)	(40, 69)	(-39, 69)	(-80, 0)	(-40, -69)	(40, -69)	circle	none	dif	right	right	N_dist	(40, -69)	probe	h_norm	None	None	None	None	35	110	60	10	85	160	(-40, -69)	171	testing
5	zh	m	19	red	7	(80, 0)	(40, 69)	(-39, 69)	(-80, 0)	(-40, -69)	(40, -69)	circle	none	dif	left	left	N_dist	(-40, -69)	probe	h_tar	None	None	None	None	60	10	110	35	85	160	(-40, -69)	173	testing
5	zh	m	19	red	7	(80, 0)	(40, 69)	(-39, 69)	(-80, 0)	(-40, -69)	(40, -69)	diamond	none	same	left	left	N_dist	(-80, 0)	search	nr	True	906816	907830	left	60	160	110	35	10	85	None	None	testing
5	zh	m	19	red	7	(80, 0)	(40, 69)	(-39, 69)	(-80, 0)	(-40, -69)	(40, -69)	circle	red	dif	left	left	(-40, -69)	(40, 69)	search	nr	True	908986	909862	left	135	35	110	10	160	85	None	None	testing
5	zh	m	19	red	7	(80, 0)	(40, 69)	(-39, 69)	(-80, 0)	(-40, -69)	(40, -69)	circle	red	same	left	left	(-40, -69)	(-80, 0)	search	nr	True	911023	911846	left	60	10	85	35	110	160	None	None	testing
5	zh	m	19	red	7	(80, 0)	(40, 69)	(-39, 69)	(-80, 0)	(-40, -69)	(40, -69)	circle	none	dif	left	left	N_dist	(80, 0)	search	nr	True	913060	913783	left	110	135	10	160	60	35	None	None	testing
5	zh	m	19	red	7	(80, 0)	(40, 69)	(-39, 69)	(-80, 0)	(-40, -69)	(40, -69)	circle	red	same	left	left	(80, 0)	(40, 69)	search	nr	True	915047	916566	left	35	85	135	110	60	160	None	None	testing
5	zh	m	19	red	7	(80, 0)	(40, 69)	(-39, 69)	(-80, 0)	(-40, -69)	(40, -69)	circle	red	same	right	right	(-40, -69)	(-80, 0)	search	nr	True	917869	918742	right	110	135	35	60	10	160	None	None	testing
5	zh	m	19	red	7	(80, 0)	(40, 69)	(-39, 69)	(-80, 0)	(-40, -69)	(40, -69)	circle	none	same	left	left	N_dist	(40, -69)	search	nr	True	919923	920726	left	85	110	135	160	60	10	None	None	testing
5	zh	m	19	red	7	(80, 0)	(40, 69)	(-39, 69)	(-80, 0)	(-40, -69)	(40, -69)	circle	none	same	right	right	N_dist	(40, -69)	search	nr	True	921860	922694	right	60	135	85	110	160	10	None	None	testing
5	zh	m	19	red	7	(80, 0)	(40, 69)	(-39, 69)	(-80, 0)	(-40, -69)	(40, -69)	diamond	red	same	left	left	(-40, -69)	(-80, 0)	search	nr	True	923814	924710	left	110	135	35	60	10	85	None	None	testing
5	zh	m	19	red	7	(80, 0)	(40, 69)	(-39, 69)	(-80, 0)	(-40, -69)	(40, -69)	circle	red	same	left	left	(-40, -69)	(40, 69)	probe	tar	None	None	None	None	110	85	60	10	160	35	(40, 69)	171	testing
5	zh	m	19	red	7	(80, 0)	(40, 69)	(-39, 69)	(-80, 0)	(-40, -69)	(40, -69)	circle	none	dif	right	right	N_dist	(-40, -69)	search	nr	True	931144	931909	right	135	160	35	110	60	85	None	None	testing
5	zh	m	19	red	7	(80, 0)	(40, 69)	(-39, 69)	(-80, 0)	(-40, -69)	(40, -69)	circle	none	dif	left	left	N_dist	(40, 69)	probe	l_tar	None	None	None	None	85	60	10	110	35	135	(40, 69)	169	testing
5	zh	m	19	red	7	(80, 0)	(40, 69)	(-39, 69)	(-80, 0)	(-40, -69)	(40, -69)	diamond	none	dif	left	left	N_dist	(-39, 69)	search	nr	True	937789	938646	left	110	35	60	85	135	160	None	None	testing
5	zh	m	19	red	7	(80, 0)	(40, 69)	(-39, 69)	(-80, 0)	(-40, -69)	(40, -69)	diamond	red	same	right	right	(-40, -69)	(40, -69)	probe	h_sin	None	None	None	None	135	10	85	160	35	110	(-40, -69)	63	testing
5	zh	m	19	red	7	(80, 0)	(40, 69)	(-39, 69)	(-80, 0)	(-40, -69)	(40, -69)	diamond	red	same	right	right	(40, 69)	(40, -69)	search	nr	True	945954	946838	right	10	60	160	110	135	85	None	None	testing
5	zh	m	19	red	7	(80, 0)	(40, 69)	(-39, 69)	(-80, 0)	(-40, -69)	(40, -69)	circle	none	dif	right	right	N_dist	(80, 0)	probe	h_norm	None	None	None	None	60	35	135	110	10	85	(-40, -69)	61	testing
5	zh	m	19	red	7	(80, 0)	(40, 69)	(-39, 69)	(-80, 0)	(-40, -69)	(40, -69)	circle	red	same	left	left	(-40, -69)	(-80, 0)	probe	tar	None	None	None	None	85	35	160	60	135	110	(-80, 0)	167	testing
5	zh	m	19	red	7	(80, 0)	(40, 69)	(-39, 69)	(-80, 0)	(-40, -69)	(40, -69)	diamond	none	dif	right	right	N_dist	(40, 69)	search	nr	True	958660	959398	right	10	135	160	110	60	35	None	None	testing
5	zh	m	19	red	7	(80, 0)	(40, 69)	(-39, 69)	(-80, 0)	(-40, -69)	(40, -69)	circle	red	same	left	left	(-39, 69)	(-80, 0)	search	nr	True	960681	961494	left	110	135	160	85	60	10	None	None	testing
5	zh	m	19	red	7	(80, 0)	(40, 69)	(-39, 69)	(-80, 0)	(-40, -69)	(40, -69)	circle	red	dif	right	right	(-40, -69)	(-80, 0)	search	nr	True	962785	963606	right	160	60	85	35	110	135	None	None	testing
5	zh	m	19	red	7	(80, 0)	(40, 69)	(-39, 69)	(-80, 0)	(-40, -69)	(40, -69)	diamond	none	same	left	left	N_dist	(-40, -69)	search	nr	True	964906	966006	left	10	35	60	110	135	85	None	None	testing
5	zh	m	19	red	7	(80, 0)	(40, 69)	(-39, 69)	(-80, 0)	(-40, -69)	(40, -69)	circle	red	dif	left	left	(-40, -69)	(80, 0)	search	nr	True	967210	967974	left	60	85	135	160	110	10	None	None	testing
5	zh	m	19	red	7	(80, 0)	(40, 69)	(-39, 69)	(-80, 0)	(-40, -69)	(40, -69)	diamond	red	same	right	right	(-40, -69)	(80, 0)	search	nr	True	969180	970117	right	160	60	35	10	110	85	None	None	testing
5	zh	m	19	red	7	(80, 0)	(40, 69)	(-39, 69)	(-80, 0)	(-40, -69)	(40, -69)	diamond	none	dif	right	right	N_dist	(40, 69)	search	nr	True	971250	972774	right	85	110	160	10	35	60	None	None	testing
5	zh	m	19	red	7	(80, 0)	(40, 69)	(-39, 69)	(-80, 0)	(-40, -69)	(40, -69)	circle	none	same	left	left	N_dist	(-39, 69)	search	nr	True	973955	974965	left	35	110	160	85	135	10	None	None	testing
5	zh	m	19	red	7	(80, 0)	(40, 69)	(-39, 69)	(-80, 0)	(-40, -69)	(40, -69)	circle	red	same	left	left	(80, 0)	(40, 69)	probe	tar	None	None	None	None	160	85	10	110	60	35	(40, 69)	169	testing
5	zh	m	19	red	7	(80, 0)	(40, 69)	(-39, 69)	(-80, 0)	(-40, -69)	(40, -69)	diamond	red	same	left	left	(-40, -69)	(80, 0)	probe	norm	None	None	None	None	85	110	10	60	135	160	(-39, 69)	144	testing
5	zh	m	19	red	7	(80, 0)	(40, 69)	(-39, 69)	(-80, 0)	(-40, -69)	(40, -69)	diamond	red	same	left	left	(-40, -69)	(-80, 0)	probe	h_sin	None	None	None	None	60	160	110	35	135	85	(-40, -69)	20	testing
5	zh	m	19	red	7	(80, 0)	(40, 69)	(-39, 69)	(-80, 0)	(-40, -69)	(40, -69)	diamond	none	dif	right	right	N_dist	(40, -69)	probe	l_norm	None	None	None	None	110	135	60	10	85	35	(40, 69)	21	testing
5	zh	m	19	red	7	(80, 0)	(40, 69)	(-39, 69)	(-80, 0)	(-40, -69)	(40, -69)	circle	red	dif	left	left	(-40, -69)	(40, -69)	search	nr	True	999836	1000870	left	135	110	85	60	35	160	None	None	testing
5	zh	m	19	red	7	(80, 0)	(40, 69)	(-39, 69)	(-80, 0)	(-40, -69)	(40, -69)	circle	red	dif	right	right	(40, 69)	(40, -69)	search	nr	True	1002124	1003174	right	110	135	35	160	60	85	None	None	testing
5	zh	m	19	red	7	(80, 0)	(40, 69)	(-39, 69)	(-80, 0)	(-40, -69)	(40, -69)	circle	red	dif	right	right	(40, -69)	(-39, 69)	search	nr	True	1004362	1005158	right	35	85	60	110	135	160	None	None	testing
5	zh	m	19	red	7	(80, 0)	(40, 69)	(-39, 69)	(-80, 0)	(-40, -69)	(40, -69)	circle	red	same	right	right	(-40, -69)	(-39, 69)	search	nr	True	1006298	1006998	right	135	35	85	110	60	10	None	None	testing
5	zh	m	19	red	7	(80, 0)	(40, 69)	(-39, 69)	(-80, 0)	(-40, -69)	(40, -69)	diamond	none	dif	right	right	N_dist	(-40, -69)	search	nr	True	1008201	1009110	right	85	35	60	10	110	160	None	None	testing
5	zh	m	19	red	7	(80, 0)	(40, 69)	(-39, 69)	(-80, 0)	(-40, -69)	(40, -69)	circle	red	dif	right	right	(40, -69)	(-80, 0)	probe	norm	None	None	None	None	160	10	110	85	60	35	(40, 69)	57	testing
5	zh	m	19	red	7	(80, 0)	(40, 69)	(-39, 69)	(-80, 0)	(-40, -69)	(40, -69)	circle	red	same	right	right	(-40, -69)	(40, -69)	search	nr	True	1019623	1020438	right	110	135	85	10	60	160	None	None	testing
5	zh	m	19	red	7	(80, 0)	(40, 69)	(-39, 69)	(-80, 0)	(-40, -69)	(40, -69)	circle	red	same	left	left	(80, 0)	(40, -69)	search	nr	True	1021659	1022582	left	135	10	85	110	35	160	None	None	testing
5	zh	m	19	red	7	(80, 0)	(40, 69)	(-39, 69)	(-80, 0)	(-40, -69)	(40, -69)	circle	red	dif	right	right	(40, 69)	(40, -69)	probe	l_sin	None	None	None	None	85	35	10	160	60	135	(40, 69)	154	testing
5	zh	m	19	red	7	(80, 0)	(40, 69)	(-39, 69)	(-80, 0)	(-40, -69)	(40, -69)	diamond	red	same	right	right	(-80, 0)	(40, -69)	probe	l_sin	None	None	None	None	10	60	85	35	160	135	(-80, 0)	152	testing
5	zh	m	19	red	7	(80, 0)	(40, 69)	(-39, 69)	(-80, 0)	(-40, -69)	(40, -69)	diamond	red	dif	left	left	(80, 0)	(-80, 0)	search	nr	True	1037322	1038230	left	60	35	135	10	160	85	None	None	testing
5	zh	m	19	red	7	(80, 0)	(40, 69)	(-39, 69)	(-80, 0)	(-40, -69)	(40, -69)	diamond	red	dif	left	left	(-40, -69)	(40, -69)	search	nr	True	1039476	1040262	left	85	110	160	60	10	35	None	None	testing
5	zh	m	19	red	7	(80, 0)	(40, 69)	(-39, 69)	(-80, 0)	(-40, -69)	(40, -69)	diamond	none	dif	right	right	N_dist	(-40, -69)	probe	h_tar	None	None	None	None	85	60	160	110	10	135	(-40, -69)	149	testing
5	zh	m	19	red	7	(80, 0)	(40, 69)	(-39, 69)	(-80, 0)	(-40, -69)	(40, -69)	diamond	none	dif	left	left	N_dist	(-80, 0)	search	nr	True	1047608	1048406	left	35	10	160	85	110	60	None	None	testing
5	zh	m	19	red	7	(80, 0)	(40, 69)	(-39, 69)	(-80, 0)	(-40, -69)	(40, -69)	diamond	red	same	left	left	(-39, 69)	(40, 69)	probe	tar	None	None	None	None	160	110	60	85	10	135	(40, 69)	10	testing
5	zh	m	19	red	7	(80, 0)	(40, 69)	(-39, 69)	(-80, 0)	(-40, -69)	(40, -69)	circle	red	dif	left	left	(40, 69)	(-80, 0)	probe	norm	None	None	None	None	160	10	35	110	135	85	(-39, 69)	166	testing
5	zh	m	19	red	7	(80, 0)	(40, 69)	(-39, 69)	(-80, 0)	(-40, -69)	(40, -69)	diamond	none	same	left	left	N_dist	(-80, 0)	search	nr	True	1063437	1064230	left	60	135	110	85	10	35	None	None	testing
5	zh	m	19	red	7	(80, 0)	(40, 69)	(-39, 69)	(-80, 0)	(-40, -69)	(40, -69)	circle	none	dif	right	right	N_dist	(80, 0)	search	nr	True	1065424	1066230	right	160	85	110	135	60	35	None	None	testing
5	zh	m	19	red	7	(80, 0)	(40, 69)	(-39, 69)	(-80, 0)	(-40, -69)	(40, -69)	circle	red	same	left	left	(-40, -69)	(-80, 0)	search	nr	True	1067444	1068198	left	110	60	10	160	35	135	None	None	testing
5	zh	m	19	red	7	(80, 0)	(40, 69)	(-39, 69)	(-80, 0)	(-40, -69)	(40, -69)	diamond	red	dif	left	left	(80, 0)	(-80, 0)	search	nr	True	1069264	1070262	left	35	85	135	10	60	110	None	None	testing
5	zh	m	19	red	7	(80, 0)	(40, 69)	(-39, 69)	(-80, 0)	(-40, -69)	(40, -69)	diamond	red	same	right	right	(40, 69)	(80, 0)	search	nr	True	1071518	1072230	right	35	160	85	110	10	60	None	None	testing
5	zh	m	19	red	7	(80, 0)	(40, 69)	(-39, 69)	(-80, 0)	(-40, -69)	(40, -69)	diamond	red	same	left	left	(-80, 0)	(-39, 69)	search	nr	True	1073338	1074438	left	110	135	60	35	160	10	None	None	testing
5	zh	m	19	red	7	(80, 0)	(40, 69)	(-39, 69)	(-80, 0)	(-40, -69)	(40, -69)	circle	red	same	left	left	(-40, -69)	(40, 69)	search	nr	True	1075609	1076598	left	60	135	85	10	110	160	None	None	testing
5	zh	m	19	red	7	(80, 0)	(40, 69)	(-39, 69)	(-80, 0)	(-40, -69)	(40, -69)	circle	red	dif	right	right	(-40, -69)	(80, 0)	search	nr	True	1077697	1078390	right	160	10	35	135	110	60	None	None	testing
5	zh	m	19	red	7	(80, 0)	(40, 69)	(-39, 69)	(-80, 0)	(-40, -69)	(40, -69)	circle	red	same	right	right	(-40, -69)	(80, 0)	search	nr	True	1079583	1080230	right	110	160	10	85	60	35	None	None	testing
5	zh	m	19	red	7	(80, 0)	(40, 69)	(-39, 69)	(-80, 0)	(-40, -69)	(40, -69)	diamond	red	same	right	right	(-40, -69)	(-80, 0)	probe	h_sin	None	None	None	None	160	35	10	60	135	85	(-40, -69)	23	testing
5	zh	m	19	red	7	(80, 0)	(40, 69)	(-39, 69)	(-80, 0)	(-40, -69)	(40, -69)	circle	none	dif	right	right	N_dist	(40, 69)	search	nr	True	1087531	1088214	right	10	135	85	110	60	160	None	None	testing
5	zh	m	19	red	7	(80, 0)	(40, 69)	(-39, 69)	(-80, 0)	(-40, -69)	(40, -69)	diamond	red	dif	right	right	(-40, -69)	(-39, 69)	search	nr	True	1089351	1090166	right	35	10	135	85	60	160	None	None	testing
5	zh	m	19	red	7	(80, 0)	(40, 69)	(-39, 69)	(-80, 0)	(-40, -69)	(40, -69)	diamond	none	same	left	left	N_dist	(40, -69)	search	nr	True	1091322	1092358	left	110	60	160	85	10	135	None	None	testing
5	zh	m	19	red	7	(80, 0)	(40, 69)	(-39, 69)	(-80, 0)	(-40, -69)	(40, -69)	diamond	none	same	right	right	N_dist	(80, 0)	search	nr	True	1093425	1094134	right	35	135	60	110	85	10	None	None	testing
5	zh	m	19	red	7	(80, 0)	(40, 69)	(-39, 69)	(-80, 0)	(-40, -69)	(40, -69)	diamond	none	dif	left	left	N_dist	(40, 69)	search	nr	True	1095396	1096086	left	60	110	160	10	135	85	None	None	testing
5	zh	m	19	red	7	(80, 0)	(40, 69)	(-39, 69)	(-80, 0)	(-40, -69)	(40, -69)	diamond	red	dif	left	left	(-80, 0)	(-39, 69)	search	nr	True	1097182	1098310	left	60	110	160	135	85	10	None	None	testing
5	zh	m	19	red	7	(80, 0)	(40, 69)	(-39, 69)	(-80, 0)	(-40, -69)	(40, -69)	circle	red	dif	left	left	(-40, -69)	(40, 69)	search	nr	True	1099470	1100454	left	10	60	110	135	35	160	None	None	testing
5	zh	m	19	red	7	(80, 0)	(40, 69)	(-39, 69)	(-80, 0)	(-40, -69)	(40, -69)	diamond	red	dif	right	right	(-40, -69)	(40, -69)	probe	norm	None	None	None	None	10	160	60	135	110	85	(-80, 0)	17	testing
5	zh	m	19	red	7	(80, 0)	(40, 69)	(-39, 69)	(-80, 0)	(-40, -69)	(40, -69)	diamond	none	dif	right	right	N_dist	(-80, 0)	search	nr	True	1109322	1110134	right	60	135	10	35	110	85	None	None	testing
5	zh	m	19	red	7	(80, 0)	(40, 69)	(-39, 69)	(-80, 0)	(-40, -69)	(40, -69)	diamond	red	dif	left	left	(80, 0)	(-80, 0)	probe	l_sin	None	None	None	None	10	110	35	60	85	160	(80, 0)	146	testing
5	zh	m	19	red	7	(80, 0)	(40, 69)	(-39, 69)	(-80, 0)	(-40, -69)	(40, -69)	diamond	none	same	right	right	N_dist	(-39, 69)	probe	h_norm	None	None	None	None	85	110	135	60	10	35	(-40, -69)	56	testing
5	zh	m	19	red	7	(80, 0)	(40, 69)	(-39, 69)	(-80, 0)	(-40, -69)	(40, -69)	diamond	red	dif	left	left	(40, 69)	(40, -69)	probe	l_sin	None	None	None	None	10	85	110	35	135	60	(40, 69)	170	testing
5	zh	m	19	red	7	(80, 0)	(40, 69)	(-39, 69)	(-80, 0)	(-40, -69)	(40, -69)	circle	red	dif	left	left	(-40, -69)	(40, 69)	probe	tar	None	None	None	None	135	35	110	60	10	85	(40, 69)	154	testing
5	zh	m	19	red	7	(80, 0)	(40, 69)	(-39, 69)	(-80, 0)	(-40, -69)	(40, -69)	diamond	red	same	left	left	(-40, -69)	(80, 0)	search	nr	True	1137440	1138438	left	60	85	35	135	110	10	None	None	testing
5	zh	m	19	red	7	(80, 0)	(40, 69)	(-39, 69)	(-80, 0)	(-40, -69)	(40, -69)	circle	red	same	left	left	(80, 0)	(40, 69)	search	nr	True	1139560	1140902	left	110	10	135	60	85	35	None	None	testing
5	zh	m	19	red	7	(80, 0)	(40, 69)	(-39, 69)	(-80, 0)	(-40, -69)	(40, -69)	diamond	red	dif	right	right	(-40, -69)	(-80, 0)	search	nr	True	1142199	1143222	right	35	85	10	160	135	60	None	None	testing
5	zh	m	19	red	7	(80, 0)	(40, 69)	(-39, 69)	(-80, 0)	(-40, -69)	(40, -69)	diamond	red	dif	right	right	(-40, -69)	(40, -69)	search	nr	True	1144335	1145909	right	135	110	160	35	60	10	None	None	testing
5	zh	m	19	red	7	(80, 0)	(40, 69)	(-39, 69)	(-80, 0)	(-40, -69)	(40, -69)	diamond	red	dif	right	right	(-40, -69)	(40, -69)	search	nr	True	1147191	1147942	right	85	10	60	160	110	35	None	None	testing
5	zh	m	19	red	7	(80, 0)	(40, 69)	(-39, 69)	(-80, 0)	(-40, -69)	(40, -69)	diamond	none	dif	right	right	N_dist	(40, -69)	search	nr	True	1149178	1149909	right	135	85	60	110	35	160	None	None	testing
5	zh	m	19	red	7	(80, 0)	(40, 69)	(-39, 69)	(-80, 0)	(-40, -69)	(40, -69)	circle	red	dif	left	left	(40, -69)	(-80, 0)	search	nr	True	1151164	1152022	left	60	110	135	10	160	85	None	None	testing
5	zh	m	19	red	7	(80, 0)	(40, 69)	(-39, 69)	(-80, 0)	(-40, -69)	(40, -69)	diamond	none	same	left	left	N_dist	(-40, -69)	search	nr	True	1153218	1153990	left	35	160	10	60	110	135	None	None	testing
5	zh	m	19	red	7	(80, 0)	(40, 69)	(-39, 69)	(-80, 0)	(-40, -69)	(40, -69)	diamond	red	same	left	left	(-40, -69)	(-39, 69)	search	nr	True	1155205	1156006	left	85	135	160	110	60	35	None	None	testing
5	zh	m	19	red	7	(80, 0)	(40, 69)	(-39, 69)	(-80, 0)	(-40, -69)	(40, -69)	circle	red	same	right	right	(-40, -69)	(40, 69)	probe	tar	None	None	None	None	160	85	110	35	10	60	(40, 69)	169	testing
5	zh	m	19	red	7	(80, 0)	(40, 69)	(-39, 69)	(-80, 0)	(-40, -69)	(40, -69)	circle	red	same	left	left	(-40, -69)	(40, 69)	search	nr	True	1161550	1162245	left	85	135	10	60	160	35	None	None	testing
5	zh	m	19	red	7	(80, 0)	(40, 69)	(-39, 69)	(-80, 0)	(-40, -69)	(40, -69)	diamond	red	same	right	right	(-40, -69)	(-80, 0)	search	nr	True	1163387	1164182	right	60	160	10	135	110	85	None	None	testing
5	zh	m	19	red	7	(80, 0)	(40, 69)	(-39, 69)	(-80, 0)	(-40, -69)	(40, -69)	circle	red	dif	right	right	(-40, -69)	(80, 0)	probe	norm	None	None	None	None	135	10	35	160	60	110	(-39, 69)	15	testing
5	zh	m	19	red	7	(80, 0)	(40, 69)	(-39, 69)	(-80, 0)	(-40, -69)	(40, -69)	circle	red	dif	right	right	(40, 69)	(40, -69)	search	nr	True	1172871	1173782	right	60	110	85	10	135	160	None	None	testing
5	zh	m	19	red	7	(80, 0)	(40, 69)	(-39, 69)	(-80, 0)	(-40, -69)	(40, -69)	diamond	none	same	right	right	N_dist	(40, 69)	probe	l_norm	None	None	None	None	60	160	35	110	135	10	(80, 0)	8	testing
5	zh	m	19	red	7	(80, 0)	(40, 69)	(-39, 69)	(-80, 0)	(-40, -69)	(40, -69)	circle	red	same	left	left	(80, 0)	(40, -69)	probe	l_sin	None	None	None	None	85	160	60	35	135	110	(80, 0)	168	testing
5	zh	m	19	red	7	(80, 0)	(40, 69)	(-39, 69)	(-80, 0)	(-40, -69)	(40, -69)	circle	red	same	left	left	(80, 0)	(40, -69)	search	nr	True	1186245	1187190	left	35	10	135	110	160	60	None	None	testing
5	zh	m	19	red	7	(80, 0)	(40, 69)	(-39, 69)	(-80, 0)	(-40, -69)	(40, -69)	diamond	none	dif	right	right	N_dist	(-80, 0)	probe	l_norm	None	None	None	None	85	35	10	135	160	110	(-39, 69)	149	testing
5	zh	m	19	red	7	(80, 0)	(40, 69)	(-39, 69)	(-80, 0)	(-40, -69)	(40, -69)	circle	none	same	right	right	N_dist	(80, 0)	probe	h_norm	None	None	None	None	35	60	85	10	160	110	(-40, -69)	28	testing
5	zh	m	19	red	7	(80, 0)	(40, 69)	(-39, 69)	(-80, 0)	(-40, -69)	(40, -69)	diamond	none	same	right	right	N_dist	(-39, 69)	search	nr	True	1202408	1203430	right	160	110	35	135	10	85	None	None	testing
5	zh	m	19	red	7	(80, 0)	(40, 69)	(-39, 69)	(-80, 0)	(-40, -69)	(40, -69)	circle	red	dif	left	left	(-40, -69)	(80, 0)	probe	norm	None	None	None	None	10	60	35	85	110	160	(-80, 0)	173	testing
5	zh	m	19	red	7	(80, 0)	(40, 69)	(-39, 69)	(-80, 0)	(-40, -69)	(40, -69)	diamond	red	dif	right	right	(-40, -69)	(-80, 0)	search	nr	True	1210324	1211158	right	35	110	160	135	85	60	None	None	testing
5	zh	m	19	red	7	(80, 0)	(40, 69)	(-39, 69)	(-80, 0)	(-40, -69)	(40, -69)	diamond	red	same	right	right	(-80, 0)	(40, -69)	search	nr	True	1212361	1213366	right	60	135	160	110	10	35	None	None	testing
5	zh	m	19	red	7	(80, 0)	(40, 69)	(-39, 69)	(-80, 0)	(-40, -69)	(40, -69)	circle	red	dif	left	left	(-40, -69)	(40, -69)	probe	tar	None	None	None	None	35	160	110	85	10	135	(40, -69)	153	testing
5	zh	m	19	red	7	(80, 0)	(40, 69)	(-39, 69)	(-80, 0)	(-40, -69)	(40, -69)	circle	none	same	right	right	N_dist	(-39, 69)	probe	l_norm	None	None	None	None	10	110	35	135	85	60	(40, -69)	158	testing
5	zh	m	19	red	7	(80, 0)	(40, 69)	(-39, 69)	(-80, 0)	(-40, -69)	(40, -69)	circle	red	same	right	right	(-40, -69)	(80, 0)	probe	tar	None	None	None	None	35	160	85	110	10	60	(80, 0)	150	testing
5	zh	m	19	red	7	(80, 0)	(40, 69)	(-39, 69)	(-80, 0)	(-40, -69)	(40, -69)	diamond	red	dif	right	right	(-40, -69)	(40, 69)	search	nr	True	1238943	1239766	right	135	85	35	60	10	110	None	None	testing
5	zh	m	19	red	7	(80, 0)	(40, 69)	(-39, 69)	(-80, 0)	(-40, -69)	(40, -69)	diamond	red	same	right	right	(40, 69)	(40, -69)	search	nr	True	1240980	1241845	right	35	110	135	10	160	60	None	None	testing
5	zh	m	19	red	7	(80, 0)	(40, 69)	(-39, 69)	(-80, 0)	(-40, -69)	(40, -69)	circle	red	same	right	right	(-40, -69)	(-39, 69)	search	nr	True	1243151	1243830	right	160	60	35	110	135	85	None	None	testing
5	zh	m	19	red	7	(80, 0)	(40, 69)	(-39, 69)	(-80, 0)	(-40, -69)	(40, -69)	diamond	red	same	left	left	(-40, -69)	(80, 0)	probe	norm	None	None	None	None	135	10	85	160	60	110	(-80, 0)	28	testing
5	zh	m	19	red	7	(80, 0)	(40, 69)	(-39, 69)	(-80, 0)	(-40, -69)	(40, -69)	diamond	red	same	right	right	(-40, -69)	(-39, 69)	search	nr	True	1252986	1253701	right	160	10	60	110	135	35	None	None	testing
5	zh	m	19	red	7	(80, 0)	(40, 69)	(-39, 69)	(-80, 0)	(-40, -69)	(40, -69)	diamond	none	same	right	right	N_dist	(80, 0)	probe	h_norm	None	None	None	None	10	135	35	60	160	85	(-40, -69)	122	testing
5	zh	m	19	red	7	(80, 0)	(40, 69)	(-39, 69)	(-80, 0)	(-40, -69)	(40, -69)	circle	red	dif	left	left	(40, -69)	(-80, 0)	search	nr	True	1264640	1265957	left	10	60	135	35	110	85	None	None	testing
5	zh	m	19	red	7	(80, 0)	(40, 69)	(-39, 69)	(-80, 0)	(-40, -69)	(40, -69)	diamond	red	same	right	right	(-40, -69)	(80, 0)	search	nr	True	1267195	1267925	right	60	10	35	160	135	110	None	None	testing
5	zh	m	19	red	7	(80, 0)	(40, 69)	(-39, 69)	(-80, 0)	(-40, -69)	(40, -69)	diamond	none	dif	right	right	N_dist	(-80, 0)	probe	h_norm	None	None	None	None	10	110	35	85	60	135	(-40, -69)	156	testing
5	zh	m	19	red	7	(80, 0)	(40, 69)	(-39, 69)	(-80, 0)	(-40, -69)	(40, -69)	circle	red	same	left	left	(-40, -69)	(-80, 0)	probe	norm	None	None	None	None	110	135	85	60	10	35	(40, 69)	165	testing
5	zh	m	19	red	7	(80, 0)	(40, 69)	(-39, 69)	(-80, 0)	(-40, -69)	(40, -69)	diamond	red	same	left	left	(40, 69)	(-39, 69)	search	nr	True	1282690	1283686	left	160	85	110	35	60	10	None	None	testing
5	zh	m	19	red	7	(80, 0)	(40, 69)	(-39, 69)	(-80, 0)	(-40, -69)	(40, -69)	circle	none	dif	right	right	N_dist	(40, -69)	search	nr	True	1284811	1285637	right	35	85	10	60	135	160	None	None	testing
5	zh	m	19	red	7	(80, 0)	(40, 69)	(-39, 69)	(-80, 0)	(-40, -69)	(40, -69)	diamond	red	same	left	left	(-40, -69)	(80, 0)	search	nr	True	1286931	1287654	left	160	110	35	135	85	60	None	None	testing
5	zh	m	19	red	7	(80, 0)	(40, 69)	(-39, 69)	(-80, 0)	(-40, -69)	(40, -69)	diamond	red	same	right	right	(-40, -69)	(40, -69)	search	nr	True	1288735	1289862	right	35	85	110	160	60	10	None	None	testing
5	zh	m	19	red	7	(80, 0)	(40, 69)	(-39, 69)	(-80, 0)	(-40, -69)	(40, -69)	diamond	red	dif	right	right	(-39, 69)	(-80, 0)	probe	tar	None	None	None	None	135	35	10	160	60	110	(-80, 0)	31	testing
5	zh	m	19	red	7	(80, 0)	(40, 69)	(-39, 69)	(-80, 0)	(-40, -69)	(40, -69)	circle	red	same	left	left	(-40, -69)	(40, 69)	probe	norm	None	None	None	None	10	135	160	35	85	110	(80, 0)	144	testing
5	zh	m	19	red	7	(80, 0)	(40, 69)	(-39, 69)	(-80, 0)	(-40, -69)	(40, -69)	circle	red	dif	right	right	(-40, -69)	(40, 69)	search	nr	True	1306133	1306886	right	110	35	10	60	135	160	None	None	testing
5	zh	m	19	red	7	(80, 0)	(40, 69)	(-39, 69)	(-80, 0)	(-40, -69)	(40, -69)	diamond	red	dif	right	right	(-80, 0)	(-39, 69)	search	nr	True	1308036	1309062	right	35	110	60	10	85	160	None	None	testing
5	zh	m	19	red	7	(80, 0)	(40, 69)	(-39, 69)	(-80, 0)	(-40, -69)	(40, -69)	circle	none	same	left	left	N_dist	(40, -69)	search	nr	True	1310224	1311046	left	85	10	160	35	110	60	None	None	testing
5	zh	m	19	red	7	(80, 0)	(40, 69)	(-39, 69)	(-80, 0)	(-40, -69)	(40, -69)	diamond	red	dif	right	right	(-39, 69)	(-80, 0)	search	nr	True	1312278	1313238	right	10	135	160	85	110	35	None	None	testing
5	zh	m	19	red	7	(80, 0)	(40, 69)	(-39, 69)	(-80, 0)	(-40, -69)	(40, -69)	diamond	red	dif	left	left	(40, 69)	(40, -69)	search	nr	True	1314449	1315269	left	135	35	85	10	110	160	None	None	testing
5	zh	m	19	red	7	(80, 0)	(40, 69)	(-39, 69)	(-80, 0)	(-40, -69)	(40, -69)	circle	red	dif	left	left	(-40, -69)	(40, -69)	search	nr	True	1316335	1317429	left	110	85	135	60	10	160	None	None	testing
5	zh	m	19	red	7	(80, 0)	(40, 69)	(-39, 69)	(-80, 0)	(-40, -69)	(40, -69)	diamond	red	dif	right	right	(-39, 69)	(-80, 0)	search	nr	True	1318656	1319526	right	135	60	10	110	85	35	None	None	testing
5	zh	m	19	red	7	(80, 0)	(40, 69)	(-39, 69)	(-80, 0)	(-40, -69)	(40, -69)	circle	red	dif	right	right	(40, -69)	(-39, 69)	probe	norm	None	None	None	None	35	110	60	160	85	135	(-40, -69)	8	testing
5	zh	m	19	red	7	(80, 0)	(40, 69)	(-39, 69)	(-80, 0)	(-40, -69)	(40, -69)	circle	red	same	left	left	(-40, -69)	(-80, 0)	search	nr	True	1329876	1330726	left	35	85	135	60	10	110	None	None	testing
5	zh	m	19	red	7	(80, 0)	(40, 69)	(-39, 69)	(-80, 0)	(-40, -69)	(40, -69)	diamond	red	same	right	right	(-40, -69)	(40, -69)	probe	h_sin	None	None	None	None	60	160	10	85	110	135	(-40, -69)	173	testing
5	zh	m	19	red	7	(80, 0)	(40, 69)	(-39, 69)	(-80, 0)	(-40, -69)	(40, -69)	diamond	red	same	right	right	(40, 69)	(80, 0)	probe	tar	None	None	None	None	110	35	60	10	135	160	(80, 0)	18	testing
5	zh	m	19	red	7	(80, 0)	(40, 69)	(-39, 69)	(-80, 0)	(-40, -69)	(40, -69)	circle	none	same	right	right	N_dist	(80, 0)	search	nr	True	1346992	1347829	right	135	60	110	85	160	10	None	None	testing
5	zh	m	19	red	7	(80, 0)	(40, 69)	(-39, 69)	(-80, 0)	(-40, -69)	(40, -69)	diamond	red	same	right	right	(-40, -69)	(40, -69)	search	nr	True	1349095	1349957	right	10	60	135	35	160	85	None	None	testing
5	zh	m	19	red	7	(80, 0)	(40, 69)	(-39, 69)	(-80, 0)	(-40, -69)	(40, -69)	circle	red	same	right	right	(-40, -69)	(-80, 0)	search	nr	True	1351116	1352262	right	110	160	85	135	35	60	None	None	testing
5	zh	m	19	red	7	(80, 0)	(40, 69)	(-39, 69)	(-80, 0)	(-40, -69)	(40, -69)	diamond	red	same	left	left	(-39, 69)	(40, 69)	search	nr	True	1353320	1354358	left	60	85	10	110	160	135	None	None	testing
5	zh	m	19	red	7	(80, 0)	(40, 69)	(-39, 69)	(-80, 0)	(-40, -69)	(40, -69)	circle	none	dif	right	right	N_dist	(40, 69)	probe	h_norm	None	None	None	None	135	160	110	35	85	10	(-40, -69)	161	testing
5	zh	m	19	red	7	(80, 0)	(40, 69)	(-39, 69)	(-80, 0)	(-40, -69)	(40, -69)	diamond	red	dif	right	right	(-40, -69)	(40, 69)	search	nr	True	1362904	1363621	right	110	35	10	135	85	160	None	None	testing
5	zh	m	19	red	7	(80, 0)	(40, 69)	(-39, 69)	(-80, 0)	(-40, -69)	(40, -69)	circle	red	dif	right	right	(40, -69)	(-39, 69)	probe	norm	None	None	None	None	10	110	160	35	60	85	(40, 69)	13	testing
5	zh	m	19	red	7	(80, 0)	(40, 69)	(-39, 69)	(-80, 0)	(-40, -69)	(40, -69)	circle	red	dif	right	right	(-80, 0)	(-39, 69)	probe	tar	None	None	None	None	10	35	160	85	135	110	(-39, 69)	22	testing
5	zh	m	19	red	7	(80, 0)	(40, 69)	(-39, 69)	(-80, 0)	(-40, -69)	(40, -69)	circle	red	same	right	right	(-80, 0)	(-39, 69)	search	nr	True	1379017	1380470	right	135	35	160	10	60	85	None	None	testing
5	zh	m	19	red	7	(80, 0)	(40, 69)	(-39, 69)	(-80, 0)	(-40, -69)	(40, -69)	circle	red	same	right	right	(-40, -69)	(-39, 69)	probe	norm	None	None	None	None	85	135	10	110	160	35	(40, 69)	13	testing
5	zh	m	19	red	7	(80, 0)	(40, 69)	(-39, 69)	(-80, 0)	(-40, -69)	(40, -69)	diamond	red	same	left	left	(-40, -69)	(80, 0)	search	nr	True	1387800	1388886	left	60	135	160	110	35	85	None	None	testing
5	zh	m	19	red	7	(80, 0)	(40, 69)	(-39, 69)	(-80, 0)	(-40, -69)	(40, -69)	circle	none	same	left	left	N_dist	(-39, 69)	search	nr	True	1390137	1390982	left	60	10	35	135	85	160	None	None	testing
5	zh	m	19	red	7	(80, 0)	(40, 69)	(-39, 69)	(-80, 0)	(-40, -69)	(40, -69)	circle	red	same	left	left	(-40, -69)	(-80, 0)	search	nr	True	1392191	1393046	left	10	110	135	35	60	85	None	None	testing
5	zh	m	19	red	7	(80, 0)	(40, 69)	(-39, 69)	(-80, 0)	(-40, -69)	(40, -69)	circle	none	dif	left	left	N_dist	(-40, -69)	search	nr	True	1394228	1394997	left	110	135	160	10	60	85	None	None	testing
5	zh	m	19	red	7	(80, 0)	(40, 69)	(-39, 69)	(-80, 0)	(-40, -69)	(40, -69)	diamond	red	same	right	right	(80, 0)	(-39, 69)	probe	norm	None	None	None	None	135	160	85	60	35	10	(-80, 0)	168	testing
5	zh	m	19	red	7	(80, 0)	(40, 69)	(-39, 69)	(-80, 0)	(-40, -69)	(40, -69)	diamond	red	dif	left	left	(-40, -69)	(-39, 69)	search	nr	True	1401976	1402934	left	10	135	110	35	85	160	None	None	testing
5	zh	m	19	red	7	(80, 0)	(40, 69)	(-39, 69)	(-80, 0)	(-40, -69)	(40, -69)	diamond	red	same	left	left	(40, 69)	(-39, 69)	search	nr	True	1404197	1404997	left	110	10	35	85	60	160	None	None	testing
5	zh	m	19	red	7	(80, 0)	(40, 69)	(-39, 69)	(-80, 0)	(-40, -69)	(40, -69)	diamond	red	same	left	left	(-40, -69)	(-39, 69)	probe	h_sin	None	None	None	None	160	110	85	60	35	135	(-40, -69)	158	testing
5	zh	m	19	red	7	(80, 0)	(40, 69)	(-39, 69)	(-80, 0)	(-40, -69)	(40, -69)	diamond	none	same	left	left	N_dist	(80, 0)	search	nr	True	1413163	1413909	left	110	10	85	35	160	135	None	None	testing
5	zh	m	19	red	7	(80, 0)	(40, 69)	(-39, 69)	(-80, 0)	(-40, -69)	(40, -69)	diamond	none	same	left	left	N_dist	(-80, 0)	search	nr	True	1415117	1415846	left	160	110	35	60	85	135	None	None	testing
5	zh	m	19	red	7	(80, 0)	(40, 69)	(-39, 69)	(-80, 0)	(-40, -69)	(40, -69)	circle	none	same	left	left	N_dist	(-39, 69)	probe	h_norm	None	None	None	None	160	85	135	35	110	10	(-40, -69)	149	testing
5	zh	m	19	red	7	(80, 0)	(40, 69)	(-39, 69)	(-80, 0)	(-40, -69)	(40, -69)	diamond	red	dif	right	right	(-80, 0)	(-39, 69)	search	nr	True	1424234	1425318	right	35	135	110	85	60	160	None	None	testing
5	zh	m	19	red	7	(80, 0)	(40, 69)	(-39, 69)	(-80, 0)	(-40, -69)	(40, -69)	circle	red	same	right	right	(40, -69)	(-80, 0)	probe	l_sin	None	None	None	None	60	135	160	35	10	85	(40, -69)	28	testing
5	zh	m	19	red	7	(80, 0)	(40, 69)	(-39, 69)	(-80, 0)	(-40, -69)	(40, -69)	diamond	red	dif	right	right	(-40, -69)	(40, -69)	search	nr	True	1435537	1436293	right	110	135	60	10	160	85	None	None	testing
5	zh	m	19	red	7	(80, 0)	(40, 69)	(-39, 69)	(-80, 0)	(-40, -69)	(40, -69)	diamond	red	dif	left	left	(-40, -69)	(40, -69)	probe	h_sin	None	None	None	None	110	135	60	35	160	85	(-40, -69)	22	testing
5	zh	m	19	red	7	(80, 0)	(40, 69)	(-39, 69)	(-80, 0)	(-40, -69)	(40, -69)	diamond	none	same	left	left	N_dist	(-80, 0)	probe	l_tar	None	None	None	None	35	160	60	135	10	110	(-80, 0)	17	testing
5	zh	m	19	red	7	(80, 0)	(40, 69)	(-39, 69)	(-80, 0)	(-40, -69)	(40, -69)	circle	none	same	right	right	N_dist	(40, -69)	search	nr	True	1451767	1452533	right	85	160	10	35	110	60	None	None	testing
5	zh	m	19	red	7	(80, 0)	(40, 69)	(-39, 69)	(-80, 0)	(-40, -69)	(40, -69)	diamond	none	dif	left	left	N_dist	(-39, 69)	search	nr	True	1453838	1454805	left	85	10	35	60	135	110	None	None	testing
5	zh	m	19	red	7	(80, 0)	(40, 69)	(-39, 69)	(-80, 0)	(-40, -69)	(40, -69)	diamond	red	dif	right	right	(-40, -69)	(-39, 69)	probe	norm	None	None	None	None	10	60	110	135	35	85	(80, 0)	163	testing
5	zh	m	19	red	7	(80, 0)	(40, 69)	(-39, 69)	(-80, 0)	(-40, -69)	(40, -69)	diamond	red	dif	left	left	(-40, -69)	(-39, 69)	search	nr	True	1462821	1463589	left	60	135	160	110	85	35	None	None	testing
5	zh	m	19	red	7	(80, 0)	(40, 69)	(-39, 69)	(-80, 0)	(-40, -69)	(40, -69)	circle	red	dif	left	left	(-40, -69)	(40, 69)	search	nr	True	1464758	1466022	left	160	35	135	60	85	10	None	None	testing
5	zh	m	19	red	7	(80, 0)	(40, 69)	(-39, 69)	(-80, 0)	(-40, -69)	(40, -69)	diamond	red	dif	left	left	(-40, -69)	(80, 0)	search	nr	True	1467179	1468198	left	85	35	10	110	160	60	None	None	testing
5	zh	m	19	red	7	(80, 0)	(40, 69)	(-39, 69)	(-80, 0)	(-40, -69)	(40, -69)	circle	none	same	right	right	N_dist	(80, 0)	search	nr	True	1469450	1470213	right	85	35	110	10	60	135	None	None	testing
5	zh	m	19	red	7	(80, 0)	(40, 69)	(-39, 69)	(-80, 0)	(-40, -69)	(40, -69)	diamond	red	dif	left	left	(-40, -69)	(-39, 69)	probe	norm	None	None	None	None	160	60	10	35	110	135	(40, -69)	20	testing
5	zh	m	19	red	7	(80, 0)	(40, 69)	(-39, 69)	(-80, 0)	(-40, -69)	(40, -69)	circle	red	dif	left	left	(-39, 69)	(40, 69)	probe	l_sin	None	None	None	None	35	85	10	160	110	135	(-39, 69)	148	testing
5	zh	m	19	red	7	(80, 0)	(40, 69)	(-39, 69)	(-80, 0)	(-40, -69)	(40, -69)	circle	none	same	left	left	N_dist	(-80, 0)	search	nr	True	1485346	1486165	left	135	85	60	10	110	160	None	None	testing
5	zh	m	19	red	7	(80, 0)	(40, 69)	(-39, 69)	(-80, 0)	(-40, -69)	(40, -69)	diamond	red	dif	right	right	(-40, -69)	(-80, 0)	probe	tar	None	None	None	None	60	110	160	10	35	85	(-80, 0)	143	testing
5	zh	m	19	red	7	(80, 0)	(40, 69)	(-39, 69)	(-80, 0)	(-40, -69)	(40, -69)	diamond	red	same	left	left	(-40, -69)	(-80, 0)	probe	norm	None	None	None	None	60	135	110	10	160	85	(40, -69)	159	testing
5	zh	m	19	red	7	(80, 0)	(40, 69)	(-39, 69)	(-80, 0)	(-40, -69)	(40, -69)	circle	red	dif	left	left	(80, 0)	(-39, 69)	probe	l_sin	None	None	None	None	60	10	135	160	110	35	(80, 0)	160	testing
5	zh	m	19	red	7	(80, 0)	(40, 69)	(-39, 69)	(-80, 0)	(-40, -69)	(40, -69)	diamond	red	same	left	left	(-40, -69)	(80, 0)	search	nr	True	1509140	1510054	left	160	135	110	85	10	60	None	None	testing
5	zh	m	19	red	7	(80, 0)	(40, 69)	(-39, 69)	(-80, 0)	(-40, -69)	(40, -69)	circle	red	same	right	right	(-40, -69)	(40, 69)	search	nr	True	1511227	1512214	right	110	135	85	160	60	10	None	None	testing
5	zh	m	19	red	7	(80, 0)	(40, 69)	(-39, 69)	(-80, 0)	(-40, -69)	(40, -69)	circle	red	same	left	left	(80, 0)	(40, 69)	probe	l_sin	None	None	None	None	135	10	35	85	110	160	(80, 0)	18	testing
5	zh	m	19	red	7	(80, 0)	(40, 69)	(-39, 69)	(-80, 0)	(-40, -69)	(40, -69)	circle	red	same	right	right	(-40, -69)	(40, 69)	search	nr	True	1518674	1519478	right	135	60	35	85	10	110	None	None	testing
5	zh	m	19	red	7	(80, 0)	(40, 69)	(-39, 69)	(-80, 0)	(-40, -69)	(40, -69)	diamond	none	dif	left	left	N_dist	(-39, 69)	probe	l_norm	None	None	None	None	35	160	110	60	85	10	(-80, 0)	165	testing
5	zh	m	19	red	7	(80, 0)	(40, 69)	(-39, 69)	(-80, 0)	(-40, -69)	(40, -69)	diamond	red	same	right	right	(80, 0)	(-39, 69)	search	nr	True	1527524	1528950	right	60	135	110	35	10	160	None	None	testing
