subj	name	gender	age	dist	run	tar_locs1	tar_locs2	tar_locs3	tar_locs4	tar_locs5	tar_locs6	shape	dist	td_dif	detection	resp_key	dis_loc	tar_loc	task_type	probe_cond	gotKey	startTime	respTime	resp	o1	o2	o3	o4	o5	o6	pro_loc	ori_resp	mode
5	zh	m	19	red	4	(80, 0)	(40, 69)	(-39, 69)	(-80, 0)	(-40, -69)	(40, -69)	diamond	red	dif	right	right	(-40, -69)	(80, 0)	probe	norm	None	None	None	None	110	85	160	60	135	10	(-80, 0)	77	practice
5	zh	m	19	red	4	(80, 0)	(40, 69)	(-39, 69)	(-80, 0)	(-40, -69)	(40, -69)	circle	red	dif	right	right	(-40, -69)	(-80, 0)	search	nr	True	139042	140255	right	60	35	10	110	85	160	None	None	practice
5	zh	m	19	red	4	(80, 0)	(40, 69)	(-39, 69)	(-80, 0)	(-40, -69)	(40, -69)	diamond	none	same	right	right	N_dist	(-80, 0)	probe	h_norm	None	None	None	None	135	160	60	110	10	85	(-40, -69)	165	practice
5	zh	m	19	red	4	(80, 0)	(40, 69)	(-39, 69)	(-80, 0)	(-40, -69)	(40, -69)	circle	none	dif	right	right	N_dist	(40, 69)	probe	l_norm	None	None	None	None	135	160	35	60	85	110	(-80, 0)	170	practice
5	zh	m	19	red	4	(80, 0)	(40, 69)	(-39, 69)	(-80, 0)	(-40, -69)	(40, -69)	circle	red	same	left	left	(-39, 69)	(80, 0)	probe	l_sin	None	None	None	None	85	135	60	35	160	110	(-39, 69)	6	practice
5	zh	m	19	red	4	(80, 0)	(40, 69)	(-39, 69)	(-80, 0)	(-40, -69)	(40, -69)	circle	red	dif	left	left	(-40, -69)	(40, 69)	probe	norm	None	None	None	None	135	10	35	110	60	85	(-39, 69)	161	practice
5	zh	m	19	red	4	(80, 0)	(40, 69)	(-39, 69)	(-80, 0)	(-40, -69)	(40, -69)	circle	red	dif	right	right	(-40, -69)	(40, 69)	search	nr	True	167344	168463	right	60	35	85	160	135	10	None	None	practice
5	zh	m	19	red	4	(80, 0)	(40, 69)	(-39, 69)	(-80, 0)	(-40, -69)	(40, -69)	circle	red	dif	right	right	(-39, 69)	(40, -69)	search	nr	True	169548	170239	right	10	35	135	85	60	160	None	None	practice
5	zh	m	19	red	4	(80, 0)	(40, 69)	(-39, 69)	(-80, 0)	(-40, -69)	(40, -69)	diamond	none	same	right	right	N_dist	(40, 69)	probe	l_norm	None	None	None	None	160	85	135	110	10	60	(-80, 0)	11	practice
5	zh	m	19	red	4	(80, 0)	(40, 69)	(-39, 69)	(-80, 0)	(-40, -69)	(40, -69)	circle	red	same	left	left	(-40, -69)	(40, -69)	search	nr	True	177847	178735	right	60	135	85	10	110	35	None	None	practice
5	zh	m	19	red	4	(80, 0)	(40, 69)	(-39, 69)	(-80, 0)	(-40, -69)	(40, -69)	circle	red	dif	right	right	(-80, 0)	(40, -69)	search	nr	True	181486	182175	right	10	60	35	85	135	160	None	None	practice
5	zh	m	19	red	4	(80, 0)	(40, 69)	(-39, 69)	(-80, 0)	(-40, -69)	(40, -69)	circle	red	dif	left	left	(40, 69)	(-39, 69)	search	nr	True	183373	184064	left	110	160	60	10	85	35	None	None	practice
5	zh	m	19	red	4	(80, 0)	(40, 69)	(-39, 69)	(-80, 0)	(-40, -69)	(40, -69)	diamond	red	dif	left	left	(40, -69)	(-39, 69)	search	nr	True	185160	185936	left	10	60	35	85	110	160	None	None	practice
5	zh	m	19	red	4	(80, 0)	(40, 69)	(-39, 69)	(-80, 0)	(-40, -69)	(40, -69)	diamond	red	dif	left	left	(-40, -69)	(80, 0)	search	nr	True	187014	187503	right	85	35	60	10	110	160	None	None	practice
5	zh	m	19	red	4	(80, 0)	(40, 69)	(-39, 69)	(-80, 0)	(-40, -69)	(40, -69)	diamond	red	dif	left	left	(-80, 0)	(40, 69)	probe	l_sin	None	None	None	None	60	160	110	10	135	35	(-80, 0)	156	practice
5	zh	m	19	red	4	(80, 0)	(40, 69)	(-39, 69)	(-80, 0)	(-40, -69)	(40, -69)	circle	red	dif	left	left	(80, 0)	(40, -69)	search	nr	True	196214	197071	left	60	135	35	160	110	10	None	None	practice
5	zh	m	19	red	4	(80, 0)	(40, 69)	(-39, 69)	(-80, 0)	(-40, -69)	(40, -69)	circle	red	same	left	left	(-40, -69)	(-39, 69)	probe	tar	None	None	None	None	10	85	160	110	35	60	(-39, 69)	21	practice
5	zh	m	19	red	4	(80, 0)	(40, 69)	(-39, 69)	(-80, 0)	(-40, -69)	(40, -69)	circle	none	same	right	right	N_dist	(80, 0)	search	nr	True	205180	205823	right	160	35	85	10	60	135	None	None	practice
5	zh	m	19	red	4	(80, 0)	(40, 69)	(-39, 69)	(-80, 0)	(-40, -69)	(40, -69)	diamond	none	same	right	right	N_dist	(-40, -69)	search	nr	True	207084	207951	right	135	110	10	35	160	60	None	None	practice
5	zh	m	19	red	4	(80, 0)	(40, 69)	(-39, 69)	(-80, 0)	(-40, -69)	(40, -69)	diamond	none	dif	right	right	N_dist	(-39, 69)	search	nr	True	209120	209871	right	60	135	35	110	160	85	None	None	practice
5	zh	m	19	red	4	(80, 0)	(40, 69)	(-39, 69)	(-80, 0)	(-40, -69)	(40, -69)	diamond	red	dif	right	right	(-40, -69)	(80, 0)	search	nr	True	210941	211662	right	60	160	35	135	85	10	None	None	practice
5	zh	m	19	red	4	(80, 0)	(40, 69)	(-39, 69)	(-80, 0)	(-40, -69)	(40, -69)	circle	red	dif	right	right	(-40, -69)	(40, 69)	search	nr	True	212777	213551	right	35	60	85	160	10	110	None	None	practice
5	zh	m	19	red	4	(80, 0)	(40, 69)	(-39, 69)	(-80, 0)	(-40, -69)	(40, -69)	diamond	red	dif	left	left	(40, -69)	(-39, 69)	search	nr	True	214748	215407	left	135	110	10	85	35	160	None	None	practice
5	zh	m	19	red	4	(80, 0)	(40, 69)	(-39, 69)	(-80, 0)	(-40, -69)	(40, -69)	diamond	red	same	left	left	(-40, -69)	(-39, 69)	search	nr	True	216651	217327	left	35	85	60	10	110	160	None	None	practice
5	zh	m	19	red	4	(80, 0)	(40, 69)	(-39, 69)	(-80, 0)	(-40, -69)	(40, -69)	diamond	red	same	right	right	(40, 69)	(-80, 0)	probe	l_sin	None	None	None	None	135	85	60	110	35	160	(40, 69)	164	practice
5	zh	m	19	red	4	(80, 0)	(40, 69)	(-39, 69)	(-80, 0)	(-40, -69)	(40, -69)	circle	none	same	left	left	N_dist	(80, 0)	probe	l_tar	None	None	None	None	160	35	60	85	10	135	(80, 0)	16	practice
5	zh	m	19	red	4	(80, 0)	(40, 69)	(-39, 69)	(-80, 0)	(-40, -69)	(40, -69)	circle	none	dif	left	left	N_dist	(-80, 0)	search	nr	True	228891	229471	left	110	135	85	10	60	160	None	None	practice
5	zh	m	19	red	4	(80, 0)	(40, 69)	(-39, 69)	(-80, 0)	(-40, -69)	(40, -69)	circle	red	dif	right	right	(-40, -69)	(40, -69)	probe	h_sin	None	None	None	None	135	10	110	160	35	60	(-40, -69)	166	practice
5	zh	m	19	red	4	(80, 0)	(40, 69)	(-39, 69)	(-80, 0)	(-40, -69)	(40, -69)	diamond	none	same	right	right	N_dist	(80, 0)	probe	h_norm	None	None	None	None	160	60	35	110	10	135	(-40, -69)	156	practice
5	zh	m	19	red	4	(80, 0)	(40, 69)	(-39, 69)	(-80, 0)	(-40, -69)	(40, -69)	diamond	red	dif	right	right	(-40, -69)	(-80, 0)	search	nr	True	244652	246719	right	85	160	110	10	135	60	None	None	practice
5	zh	m	19	red	4	(80, 0)	(40, 69)	(-39, 69)	(-80, 0)	(-40, -69)	(40, -69)	circle	red	same	right	right	(80, 0)	(-39, 69)	search	nr	True	247809	248750	right	135	10	85	160	110	35	None	None	practice
5	zh	m	19	red	4	(80, 0)	(40, 69)	(-39, 69)	(-80, 0)	(-40, -69)	(40, -69)	circle	red	same	left	left	(-40, -69)	(40, -69)	probe	norm	None	None	None	None	110	135	60	35	85	160	(-39, 69)	166	practice
5	zh	m	19	red	4	(80, 0)	(40, 69)	(-39, 69)	(-80, 0)	(-40, -69)	(40, -69)	circle	red	dif	right	right	(-40, -69)	(-39, 69)	search	nr	True	255941	256623	right	110	160	60	35	85	135	None	None	practice
5	zh	m	19	red	4	(80, 0)	(40, 69)	(-39, 69)	(-80, 0)	(-40, -69)	(40, -69)	circle	none	same	left	left	N_dist	(40, -69)	search	nr	True	257877	258431	left	160	10	60	135	35	85	None	None	practice
5	zh	m	19	red	4	(80, 0)	(40, 69)	(-39, 69)	(-80, 0)	(-40, -69)	(40, -69)	diamond	none	dif	left	left	N_dist	(-39, 69)	search	nr	True	259647	260400	left	60	135	35	160	110	10	None	None	practice
5	zh	m	19	red	4	(80, 0)	(40, 69)	(-39, 69)	(-80, 0)	(-40, -69)	(40, -69)	diamond	red	dif	right	right	(-40, -69)	(-80, 0)	search	nr	True	261667	262334	right	10	135	160	110	60	85	None	None	practice
5	zh	m	19	red	4	(80, 0)	(40, 69)	(-39, 69)	(-80, 0)	(-40, -69)	(40, -69)	diamond	none	dif	right	right	N_dist	(-39, 69)	search	nr	True	263454	264286	right	85	135	35	110	60	10	None	None	practice
5	zh	m	19	red	4	(80, 0)	(40, 69)	(-39, 69)	(-80, 0)	(-40, -69)	(40, -69)	diamond	red	dif	left	left	(-40, -69)	(-80, 0)	search	nr	True	265441	266192	left	85	35	160	135	60	110	None	None	practice
5	zh	m	19	red	4	(80, 0)	(40, 69)	(-39, 69)	(-80, 0)	(-40, -69)	(40, -69)	diamond	red	dif	left	left	(40, 69)	(40, -69)	probe	tar	None	None	None	None	135	85	110	160	35	60	(40, -69)	161	practice
5	zh	m	19	red	4	(80, 0)	(40, 69)	(-39, 69)	(-80, 0)	(-40, -69)	(40, -69)	circle	red	dif	left	left	(-40, -69)	(-39, 69)	search	nr	True	273439	274127	left	35	160	110	60	85	10	None	None	practice
5	zh	m	19	red	4	(80, 0)	(40, 69)	(-39, 69)	(-80, 0)	(-40, -69)	(40, -69)	diamond	red	dif	left	left	(-40, -69)	(80, 0)	search	nr	True	291005	291648	left	35	60	135	85	10	110	None	None	testing
5	zh	m	19	red	4	(80, 0)	(40, 69)	(-39, 69)	(-80, 0)	(-40, -69)	(40, -69)	circle	red	same	right	right	(-40, -69)	(-80, 0)	search	nr	True	292775	293695	right	35	85	60	110	10	160	None	None	testing
5	zh	m	19	red	4	(80, 0)	(40, 69)	(-39, 69)	(-80, 0)	(-40, -69)	(40, -69)	circle	red	dif	left	left	(-40, -69)	(-39, 69)	search	nr	True	294945	295631	left	35	135	110	10	160	85	None	None	testing
5	zh	m	19	red	4	(80, 0)	(40, 69)	(-39, 69)	(-80, 0)	(-40, -69)	(40, -69)	diamond	red	same	left	left	(-40, -69)	(40, -69)	search	nr	True	296948	297631	right	60	10	85	35	135	160	None	None	testing
5	zh	m	19	red	4	(80, 0)	(40, 69)	(-39, 69)	(-80, 0)	(-40, -69)	(40, -69)	circle	none	same	right	right	N_dist	(40, -69)	search	nr	True	300439	301119	right	35	160	85	10	110	135	None	None	testing
5	zh	m	19	red	4	(80, 0)	(40, 69)	(-39, 69)	(-80, 0)	(-40, -69)	(40, -69)	diamond	red	dif	left	left	(40, -69)	(-39, 69)	search	nr	True	302192	303007	left	10	110	160	85	135	35	None	None	testing
5	zh	m	19	red	4	(80, 0)	(40, 69)	(-39, 69)	(-80, 0)	(-40, -69)	(40, -69)	circle	none	same	left	left	N_dist	(80, 0)	search	nr	True	304095	304735	left	110	160	35	135	85	60	None	None	testing
5	zh	m	19	red	4	(80, 0)	(40, 69)	(-39, 69)	(-80, 0)	(-40, -69)	(40, -69)	circle	red	same	right	right	(-40, -69)	(40, 69)	probe	tar	None	None	None	None	135	110	35	85	60	10	(40, 69)	9	testing
5	zh	m	19	red	4	(80, 0)	(40, 69)	(-39, 69)	(-80, 0)	(-40, -69)	(40, -69)	diamond	red	same	right	right	(-40, -69)	(80, 0)	probe	tar	None	None	None	None	60	10	85	135	160	35	(80, 0)	167	testing
5	zh	m	19	red	4	(80, 0)	(40, 69)	(-39, 69)	(-80, 0)	(-40, -69)	(40, -69)	diamond	red	dif	left	left	(-40, -69)	(80, 0)	probe	norm	None	None	None	None	135	160	35	85	10	60	(40, 69)	23	testing
5	zh	m	19	red	4	(80, 0)	(40, 69)	(-39, 69)	(-80, 0)	(-40, -69)	(40, -69)	circle	none	dif	right	right	N_dist	(-80, 0)	probe	l_norm	None	None	None	None	10	60	85	160	135	110	(-39, 69)	172	testing
5	zh	m	19	red	4	(80, 0)	(40, 69)	(-39, 69)	(-80, 0)	(-40, -69)	(40, -69)	diamond	red	dif	left	left	(-39, 69)	(80, 0)	probe	norm	None	None	None	None	10	85	60	160	35	135	(-40, -69)	163	testing
5	zh	m	19	red	4	(80, 0)	(40, 69)	(-39, 69)	(-80, 0)	(-40, -69)	(40, -69)	circle	red	dif	left	left	(-39, 69)	(40, -69)	probe	norm	None	None	None	None	110	60	10	85	35	135	(80, 0)	14	testing
5	zh	m	19	red	4	(80, 0)	(40, 69)	(-39, 69)	(-80, 0)	(-40, -69)	(40, -69)	diamond	red	dif	right	right	(40, -69)	(80, 0)	search	nr	True	343318	344095	right	60	160	85	10	135	110	None	None	testing
5	zh	m	19	red	4	(80, 0)	(40, 69)	(-39, 69)	(-80, 0)	(-40, -69)	(40, -69)	circle	red	same	right	right	(80, 0)	(-39, 69)	probe	l_sin	None	None	None	None	35	160	85	135	60	110	(80, 0)	152	testing
5	zh	m	19	red	4	(80, 0)	(40, 69)	(-39, 69)	(-80, 0)	(-40, -69)	(40, -69)	diamond	red	same	right	right	(-80, 0)	(40, 69)	probe	norm	None	None	None	None	10	35	135	85	110	60	(40, -69)	166	testing
5	zh	m	19	red	4	(80, 0)	(40, 69)	(-39, 69)	(-80, 0)	(-40, -69)	(40, -69)	circle	red	dif	right	right	(-40, -69)	(40, 69)	search	nr	True	357043	357679	right	10	135	85	110	60	160	None	None	testing
5	zh	m	19	red	4	(80, 0)	(40, 69)	(-39, 69)	(-80, 0)	(-40, -69)	(40, -69)	circle	red	same	right	right	(-40, -69)	(-80, 0)	probe	tar	None	None	None	None	110	135	10	160	85	60	(-80, 0)	26	testing
5	zh	m	19	red	4	(80, 0)	(40, 69)	(-39, 69)	(-80, 0)	(-40, -69)	(40, -69)	diamond	none	same	left	left	N_dist	(-40, -69)	probe	h_tar	None	None	None	None	135	160	35	85	60	110	(-40, -69)	162	testing
5	zh	m	19	red	4	(80, 0)	(40, 69)	(-39, 69)	(-80, 0)	(-40, -69)	(40, -69)	diamond	none	same	left	left	N_dist	(-40, -69)	search	nr	True	372688	373440	left	110	10	135	85	35	160	None	None	testing
5	zh	m	19	red	4	(80, 0)	(40, 69)	(-39, 69)	(-80, 0)	(-40, -69)	(40, -69)	diamond	red	dif	left	left	(40, -69)	(-39, 69)	search	nr	True	374625	375360	left	60	35	135	160	10	110	None	None	testing
5	zh	m	19	red	4	(80, 0)	(40, 69)	(-39, 69)	(-80, 0)	(-40, -69)	(40, -69)	diamond	none	same	right	right	N_dist	(80, 0)	search	nr	True	376428	377119	right	60	35	135	10	85	110	None	None	testing
5	zh	m	19	red	4	(80, 0)	(40, 69)	(-39, 69)	(-80, 0)	(-40, -69)	(40, -69)	circle	none	same	left	left	N_dist	(80, 0)	search	nr	True	378215	378799	left	135	160	10	35	60	110	None	None	testing
5	zh	m	19	red	4	(80, 0)	(40, 69)	(-39, 69)	(-80, 0)	(-40, -69)	(40, -69)	diamond	red	dif	left	left	(-40, -69)	(-80, 0)	probe	h_sin	None	None	None	None	60	35	10	160	110	85	(-40, -69)	21	testing
5	zh	m	19	red	4	(80, 0)	(40, 69)	(-39, 69)	(-80, 0)	(-40, -69)	(40, -69)	diamond	red	same	right	right	(-40, -69)	(-39, 69)	probe	tar	None	None	None	None	85	10	35	110	160	135	(-39, 69)	160	testing
5	zh	m	19	red	4	(80, 0)	(40, 69)	(-39, 69)	(-80, 0)	(-40, -69)	(40, -69)	circle	red	dif	left	left	(40, 69)	(-39, 69)	probe	tar	None	None	None	None	85	35	10	160	60	110	(-39, 69)	147	testing
5	zh	m	19	red	4	(80, 0)	(40, 69)	(-39, 69)	(-80, 0)	(-40, -69)	(40, -69)	diamond	red	dif	right	right	(40, 69)	(-80, 0)	probe	tar	None	None	None	None	85	10	110	60	35	160	(-80, 0)	169	testing
5	zh	m	19	red	4	(80, 0)	(40, 69)	(-39, 69)	(-80, 0)	(-40, -69)	(40, -69)	circle	red	same	right	right	(80, 0)	(-39, 69)	search	nr	True	407401	407919	right	135	60	110	85	35	10	None	None	testing
5	zh	m	19	red	4	(80, 0)	(40, 69)	(-39, 69)	(-80, 0)	(-40, -69)	(40, -69)	circle	none	dif	right	right	N_dist	(40, 69)	search	nr	True	409071	409679	right	160	85	35	60	110	135	None	None	testing
5	zh	m	19	red	4	(80, 0)	(40, 69)	(-39, 69)	(-80, 0)	(-40, -69)	(40, -69)	circle	red	dif	left	left	(40, 69)	(-39, 69)	search	nr	True	410958	411600	left	60	35	135	110	85	160	None	None	testing
5	zh	m	19	red	4	(80, 0)	(40, 69)	(-39, 69)	(-80, 0)	(-40, -69)	(40, -69)	diamond	none	same	right	right	N_dist	(40, -69)	search	nr	True	412896	413743	right	60	160	135	10	35	110	None	None	testing
5	zh	m	19	red	4	(80, 0)	(40, 69)	(-39, 69)	(-80, 0)	(-40, -69)	(40, -69)	diamond	none	dif	left	left	N_dist	(-80, 0)	probe	h_norm	None	None	None	None	10	135	110	85	35	160	(-40, -69)	163	testing
5	zh	m	19	red	4	(80, 0)	(40, 69)	(-39, 69)	(-80, 0)	(-40, -69)	(40, -69)	diamond	red	dif	left	left	(-40, -69)	(40, 69)	search	nr	True	421562	422192	left	135	35	85	160	10	110	None	None	testing
5	zh	m	19	red	4	(80, 0)	(40, 69)	(-39, 69)	(-80, 0)	(-40, -69)	(40, -69)	circle	none	same	left	left	N_dist	(40, -69)	probe	l_tar	None	None	None	None	110	35	160	60	135	85	(40, -69)	13	testing
5	zh	m	19	red	4	(80, 0)	(40, 69)	(-39, 69)	(-80, 0)	(-40, -69)	(40, -69)	circle	none	same	right	right	N_dist	(-40, -69)	probe	h_tar	None	None	None	None	110	135	160	10	85	35	(-40, -69)	169	testing
5	zh	m	19	red	4	(80, 0)	(40, 69)	(-39, 69)	(-80, 0)	(-40, -69)	(40, -69)	circle	red	same	left	left	(40, 69)	(-39, 69)	probe	tar	None	None	None	None	35	10	85	160	60	110	(-39, 69)	173	testing
5	zh	m	19	red	4	(80, 0)	(40, 69)	(-39, 69)	(-80, 0)	(-40, -69)	(40, -69)	circle	none	dif	right	right	N_dist	(40, 69)	probe	l_norm	None	None	None	None	10	160	110	135	85	35	(-39, 69)	7	testing
5	zh	m	19	red	4	(80, 0)	(40, 69)	(-39, 69)	(-80, 0)	(-40, -69)	(40, -69)	circle	none	same	right	right	N_dist	(80, 0)	search	nr	True	443635	444287	right	10	60	110	135	160	85	None	None	testing
5	zh	m	19	red	4	(80, 0)	(40, 69)	(-39, 69)	(-80, 0)	(-40, -69)	(40, -69)	circle	none	same	right	right	N_dist	(-40, -69)	search	nr	True	445505	446287	right	35	110	160	85	10	60	None	None	testing
5	zh	m	19	red	4	(80, 0)	(40, 69)	(-39, 69)	(-80, 0)	(-40, -69)	(40, -69)	diamond	none	same	left	left	N_dist	(-39, 69)	search	nr	True	447443	448367	left	60	160	110	35	85	10	None	None	testing
5	zh	m	19	red	4	(80, 0)	(40, 69)	(-39, 69)	(-80, 0)	(-40, -69)	(40, -69)	diamond	red	same	left	left	(80, 0)	(-80, 0)	search	nr	True	449612	451407	left	60	10	85	135	35	110	None	None	testing
5	zh	m	19	red	4	(80, 0)	(40, 69)	(-39, 69)	(-80, 0)	(-40, -69)	(40, -69)	circle	none	dif	right	right	N_dist	(-80, 0)	search	nr	True	452568	453583	right	160	110	85	60	35	135	None	None	testing
5	zh	m	19	red	4	(80, 0)	(40, 69)	(-39, 69)	(-80, 0)	(-40, -69)	(40, -69)	diamond	red	same	left	left	(-40, -69)	(-80, 0)	probe	h_sin	None	None	None	None	85	160	135	10	60	110	(-40, -69)	166	testing
5	zh	m	19	red	4	(80, 0)	(40, 69)	(-39, 69)	(-80, 0)	(-40, -69)	(40, -69)	diamond	none	same	right	right	N_dist	(-40, -69)	search	nr	True	460901	461711	right	135	110	10	160	85	35	None	None	testing
5	zh	m	19	red	4	(80, 0)	(40, 69)	(-39, 69)	(-80, 0)	(-40, -69)	(40, -69)	circle	red	same	left	left	(-40, -69)	(40, 69)	probe	tar	None	None	None	None	35	160	60	85	10	135	(40, 69)	28	testing
5	zh	m	19	red	4	(80, 0)	(40, 69)	(-39, 69)	(-80, 0)	(-40, -69)	(40, -69)	circle	red	same	left	left	(-40, -69)	(40, -69)	probe	tar	None	None	None	None	60	135	10	85	35	160	(40, -69)	28	testing
5	zh	m	19	red	4	(80, 0)	(40, 69)	(-39, 69)	(-80, 0)	(-40, -69)	(40, -69)	diamond	none	dif	left	left	N_dist	(-80, 0)	search	nr	True	476779	477487	left	85	60	135	160	35	110	None	None	testing
5	zh	m	19	red	4	(80, 0)	(40, 69)	(-39, 69)	(-80, 0)	(-40, -69)	(40, -69)	circle	red	dif	right	right	(-40, -69)	(-39, 69)	probe	h_sin	None	None	None	None	60	160	85	135	10	35	(-40, -69)	159	testing
5	zh	m	19	red	4	(80, 0)	(40, 69)	(-39, 69)	(-80, 0)	(-40, -69)	(40, -69)	diamond	red	same	right	right	(-40, -69)	(80, 0)	search	nr	True	485361	485999	right	10	60	135	160	35	110	None	None	testing
5	zh	m	19	red	4	(80, 0)	(40, 69)	(-39, 69)	(-80, 0)	(-40, -69)	(40, -69)	circle	red	dif	right	right	(-80, 0)	(40, -69)	search	nr	True	487282	488207	right	110	10	35	85	135	160	None	None	testing
5	zh	m	19	red	4	(80, 0)	(40, 69)	(-39, 69)	(-80, 0)	(-40, -69)	(40, -69)	diamond	none	same	left	left	N_dist	(-40, -69)	search	nr	True	489336	490064	left	85	160	110	60	10	135	None	None	testing
5	zh	m	19	red	4	(80, 0)	(40, 69)	(-39, 69)	(-80, 0)	(-40, -69)	(40, -69)	circle	red	same	right	right	(-40, -69)	(80, 0)	search	nr	True	491357	491918	right	85	10	110	35	160	135	None	None	testing
5	zh	m	19	red	4	(80, 0)	(40, 69)	(-39, 69)	(-80, 0)	(-40, -69)	(40, -69)	diamond	red	same	right	right	(-80, 0)	(40, 69)	search	nr	True	493176	494047	right	35	85	10	160	135	110	None	None	testing
5	zh	m	19	red	4	(80, 0)	(40, 69)	(-39, 69)	(-80, 0)	(-40, -69)	(40, -69)	circle	red	same	right	right	(-40, -69)	(-80, 0)	probe	tar	None	None	None	None	85	60	10	135	160	110	(-80, 0)	15	testing
5	zh	m	19	red	4	(80, 0)	(40, 69)	(-39, 69)	(-80, 0)	(-40, -69)	(40, -69)	circle	none	dif	left	left	N_dist	(-39, 69)	search	nr	True	500673	501295	left	85	110	60	10	35	160	None	None	testing
5	zh	m	19	red	4	(80, 0)	(40, 69)	(-39, 69)	(-80, 0)	(-40, -69)	(40, -69)	circle	red	same	left	left	(-39, 69)	(80, 0)	search	nr	True	502526	503039	right	160	10	85	35	135	60	None	None	testing
5	zh	m	19	red	4	(80, 0)	(40, 69)	(-39, 69)	(-80, 0)	(-40, -69)	(40, -69)	circle	red	dif	left	left	(-40, -69)	(80, 0)	probe	norm	None	None	None	None	85	160	10	35	60	135	(-80, 0)	151	testing
5	zh	m	19	red	4	(80, 0)	(40, 69)	(-39, 69)	(-80, 0)	(-40, -69)	(40, -69)	circle	red	dif	left	left	(40, -69)	(80, 0)	search	nr	True	511961	512591	left	110	10	85	160	60	35	None	None	testing
5	zh	m	19	red	4	(80, 0)	(40, 69)	(-39, 69)	(-80, 0)	(-40, -69)	(40, -69)	circle	red	dif	right	right	(-40, -69)	(-39, 69)	probe	norm	None	None	None	None	110	135	60	85	160	35	(-80, 0)	172	testing
5	zh	m	19	red	4	(80, 0)	(40, 69)	(-39, 69)	(-80, 0)	(-40, -69)	(40, -69)	diamond	none	dif	right	right	N_dist	(-40, -69)	probe	h_tar	None	None	None	None	60	110	10	135	85	35	(-40, -69)	22	testing
5	zh	m	19	red	4	(80, 0)	(40, 69)	(-39, 69)	(-80, 0)	(-40, -69)	(40, -69)	circle	red	dif	right	right	(-40, -69)	(40, 69)	search	nr	True	527974	528671	right	10	135	85	160	35	110	None	None	testing
5	zh	m	19	red	4	(80, 0)	(40, 69)	(-39, 69)	(-80, 0)	(-40, -69)	(40, -69)	diamond	none	dif	right	right	N_dist	(-40, -69)	search	nr	True	529844	530959	right	160	35	85	10	135	110	None	None	testing
5	zh	m	19	red	4	(80, 0)	(40, 69)	(-39, 69)	(-80, 0)	(-40, -69)	(40, -69)	diamond	red	same	left	left	(-40, -69)	(-39, 69)	probe	h_sin	None	None	None	None	110	60	135	35	160	10	(-40, -69)	154	testing
5	zh	m	19	red	4	(80, 0)	(40, 69)	(-39, 69)	(-80, 0)	(-40, -69)	(40, -69)	diamond	red	same	right	right	(40, 69)	(-80, 0)	probe	l_sin	None	None	None	None	85	60	160	10	110	135	(40, 69)	161	testing
5	zh	m	19	red	4	(80, 0)	(40, 69)	(-39, 69)	(-80, 0)	(-40, -69)	(40, -69)	diamond	none	dif	right	right	N_dist	(40, -69)	probe	l_norm	None	None	None	None	10	110	160	35	60	135	(-80, 0)	147	testing
5	zh	m	19	red	4	(80, 0)	(40, 69)	(-39, 69)	(-80, 0)	(-40, -69)	(40, -69)	circle	red	same	right	right	(-40, -69)	(40, -69)	search	nr	True	551851	552608	right	110	10	60	35	160	85	None	None	testing
5	zh	m	19	red	4	(80, 0)	(40, 69)	(-39, 69)	(-80, 0)	(-40, -69)	(40, -69)	diamond	red	same	left	left	(-40, -69)	(-39, 69)	probe	tar	None	None	None	None	110	160	35	10	85	60	(-39, 69)	155	testing
5	zh	m	19	red	4	(80, 0)	(40, 69)	(-39, 69)	(-80, 0)	(-40, -69)	(40, -69)	circle	red	dif	right	right	(-40, -69)	(40, 69)	search	nr	True	560383	561167	right	160	135	10	60	110	35	None	None	testing
5	zh	m	19	red	4	(80, 0)	(40, 69)	(-39, 69)	(-80, 0)	(-40, -69)	(40, -69)	circle	none	dif	left	left	N_dist	(-80, 0)	search	nr	True	562437	563007	left	85	60	160	135	35	10	None	None	testing
5	zh	m	19	red	4	(80, 0)	(40, 69)	(-39, 69)	(-80, 0)	(-40, -69)	(40, -69)	diamond	red	same	left	left	(-40, -69)	(40, -69)	probe	tar	None	None	None	None	85	135	10	110	60	160	(40, -69)	22	testing
5	zh	m	19	red	4	(80, 0)	(40, 69)	(-39, 69)	(-80, 0)	(-40, -69)	(40, -69)	diamond	none	dif	right	right	N_dist	(-40, -69)	search	nr	True	570686	571471	right	110	160	35	85	60	10	None	None	testing
5	zh	m	19	red	4	(80, 0)	(40, 69)	(-39, 69)	(-80, 0)	(-40, -69)	(40, -69)	diamond	none	same	left	left	N_dist	(80, 0)	search	nr	True	572556	573423	left	10	60	110	135	85	160	None	None	testing
5	zh	m	19	red	4	(80, 0)	(40, 69)	(-39, 69)	(-80, 0)	(-40, -69)	(40, -69)	diamond	red	same	right	right	(80, 0)	(-80, 0)	probe	norm	None	None	None	None	110	60	85	35	10	135	(40, 69)	168	testing
5	zh	m	19	red	4	(80, 0)	(40, 69)	(-39, 69)	(-80, 0)	(-40, -69)	(40, -69)	circle	none	same	right	right	N_dist	(80, 0)	probe	h_norm	None	None	None	None	60	10	160	135	85	35	(-40, -69)	60	testing
5	zh	m	19	red	4	(80, 0)	(40, 69)	(-39, 69)	(-80, 0)	(-40, -69)	(40, -69)	circle	none	dif	left	left	N_dist	(40, -69)	probe	l_norm	None	None	None	None	160	60	10	35	85	110	(-80, 0)	125	testing
5	zh	m	19	red	4	(80, 0)	(40, 69)	(-39, 69)	(-80, 0)	(-40, -69)	(40, -69)	diamond	red	same	left	left	(-40, -69)	(-80, 0)	search	nr	True	598002	598687	left	35	135	10	160	85	60	None	None	testing
5	zh	m	19	red	4	(80, 0)	(40, 69)	(-39, 69)	(-80, 0)	(-40, -69)	(40, -69)	diamond	red	same	left	left	(-40, -69)	(40, 69)	search	nr	True	599856	600639	left	10	35	135	85	160	60	None	None	testing
5	zh	m	19	red	4	(80, 0)	(40, 69)	(-39, 69)	(-80, 0)	(-40, -69)	(40, -69)	circle	none	same	left	left	N_dist	(40, 69)	probe	h_norm	None	None	None	None	160	85	60	10	35	135	(-40, -69)	32	testing
5	zh	m	19	red	4	(80, 0)	(40, 69)	(-39, 69)	(-80, 0)	(-40, -69)	(40, -69)	circle	red	same	right	right	(-40, -69)	(40, -69)	search	nr	True	608872	609663	right	160	110	135	60	35	85	None	None	testing
5	zh	m	19	red	4	(80, 0)	(40, 69)	(-39, 69)	(-80, 0)	(-40, -69)	(40, -69)	circle	none	dif	right	right	N_dist	(40, -69)	search	nr	True	610959	611582	right	160	35	135	85	10	60	None	None	testing
5	zh	m	19	red	4	(80, 0)	(40, 69)	(-39, 69)	(-80, 0)	(-40, -69)	(40, -69)	circle	red	same	right	right	(-40, -69)	(80, 0)	probe	h_sin	None	None	None	None	10	160	85	135	35	60	(-40, -69)	36	testing
5	zh	m	19	red	4	(80, 0)	(40, 69)	(-39, 69)	(-80, 0)	(-40, -69)	(40, -69)	diamond	none	same	left	left	N_dist	(-40, -69)	probe	h_tar	None	None	None	None	60	110	10	85	160	35	(-40, -69)	116	testing
5	zh	m	19	red	4	(80, 0)	(40, 69)	(-39, 69)	(-80, 0)	(-40, -69)	(40, -69)	circle	none	dif	right	right	N_dist	(40, 69)	probe	l_tar	None	None	None	None	110	60	85	135	35	10	(40, 69)	166	testing
5	zh	m	19	red	4	(80, 0)	(40, 69)	(-39, 69)	(-80, 0)	(-40, -69)	(40, -69)	diamond	red	dif	right	right	(-40, -69)	(-80, 0)	search	nr	True	632149	632943	right	110	35	60	160	135	10	None	None	testing
5	zh	m	19	red	4	(80, 0)	(40, 69)	(-39, 69)	(-80, 0)	(-40, -69)	(40, -69)	diamond	none	same	left	left	N_dist	(80, 0)	probe	h_norm	None	None	None	None	10	60	160	135	110	35	(-40, -69)	74	testing
5	zh	m	19	red	4	(80, 0)	(40, 69)	(-39, 69)	(-80, 0)	(-40, -69)	(40, -69)	circle	red	dif	right	right	(-40, -69)	(-39, 69)	search	nr	True	641766	642543	right	135	35	110	60	10	85	None	None	testing
5	zh	m	19	red	4	(80, 0)	(40, 69)	(-39, 69)	(-80, 0)	(-40, -69)	(40, -69)	circle	red	dif	right	right	(-40, -69)	(-80, 0)	search	nr	True	643603	644303	right	10	35	85	110	60	135	None	None	testing
5	zh	m	19	red	4	(80, 0)	(40, 69)	(-39, 69)	(-80, 0)	(-40, -69)	(40, -69)	diamond	red	same	right	right	(80, 0)	(-80, 0)	search	nr	True	645523	646127	right	10	110	85	135	60	160	None	None	testing
5	zh	m	19	red	4	(80, 0)	(40, 69)	(-39, 69)	(-80, 0)	(-40, -69)	(40, -69)	diamond	red	same	right	right	(-40, -69)	(80, 0)	search	nr	True	647243	647903	right	135	110	35	60	10	160	None	None	testing
5	zh	m	19	red	4	(80, 0)	(40, 69)	(-39, 69)	(-80, 0)	(-40, -69)	(40, -69)	circle	red	same	left	left	(40, -69)	(40, 69)	search	nr	True	648980	649791	left	110	60	85	135	160	10	None	None	testing
5	zh	m	19	red	4	(80, 0)	(40, 69)	(-39, 69)	(-80, 0)	(-40, -69)	(40, -69)	diamond	red	same	left	left	(-40, -69)	(-39, 69)	search	nr	True	650850	651823	left	135	35	110	60	10	85	None	None	testing
5	zh	m	19	red	4	(80, 0)	(40, 69)	(-39, 69)	(-80, 0)	(-40, -69)	(40, -69)	diamond	red	dif	left	left	(-40, -69)	(80, 0)	search	nr	True	653104	653871	left	110	85	10	135	160	60	None	None	testing
5	zh	m	19	red	4	(80, 0)	(40, 69)	(-39, 69)	(-80, 0)	(-40, -69)	(40, -69)	diamond	red	same	right	right	(80, 0)	(40, 69)	search	nr	True	655141	656095	right	110	160	85	35	60	135	None	None	testing
5	zh	m	19	red	4	(80, 0)	(40, 69)	(-39, 69)	(-80, 0)	(-40, -69)	(40, -69)	diamond	red	dif	left	left	(-40, -69)	(40, 69)	search	nr	True	657244	658047	left	160	10	110	85	35	60	None	None	testing
5	zh	m	19	red	4	(80, 0)	(40, 69)	(-39, 69)	(-80, 0)	(-40, -69)	(40, -69)	diamond	none	same	right	right	N_dist	(-80, 0)	search	nr	True	659131	660447	right	110	35	10	160	135	60	None	None	testing
5	zh	m	19	red	4	(80, 0)	(40, 69)	(-39, 69)	(-80, 0)	(-40, -69)	(40, -69)	circle	red	dif	left	left	(-39, 69)	(40, -69)	search	nr	True	661736	663246	left	60	135	10	35	160	85	None	None	testing
5	zh	m	19	red	4	(80, 0)	(40, 69)	(-39, 69)	(-80, 0)	(-40, -69)	(40, -69)	diamond	red	dif	left	left	(40, -69)	(-39, 69)	probe	norm	None	None	None	None	10	110	60	85	160	35	(-40, -69)	27	testing
5	zh	m	19	red	4	(80, 0)	(40, 69)	(-39, 69)	(-80, 0)	(-40, -69)	(40, -69)	circle	red	dif	left	left	(-40, -69)	(40, 69)	probe	norm	None	None	None	None	160	10	110	85	35	135	(80, 0)	123	testing
5	zh	m	19	red	4	(80, 0)	(40, 69)	(-39, 69)	(-80, 0)	(-40, -69)	(40, -69)	circle	red	dif	right	right	(-40, -69)	(-39, 69)	search	nr	True	678300	679039	right	35	110	135	10	60	160	None	None	testing
5	zh	m	19	red	4	(80, 0)	(40, 69)	(-39, 69)	(-80, 0)	(-40, -69)	(40, -69)	diamond	red	same	right	right	(-39, 69)	(40, -69)	probe	l_sin	None	None	None	None	60	110	135	35	10	160	(-39, 69)	24	testing
5	zh	m	19	red	4	(80, 0)	(40, 69)	(-39, 69)	(-80, 0)	(-40, -69)	(40, -69)	circle	red	dif	right	right	(-40, -69)	(40, 69)	search	nr	True	687067	687679	right	160	110	35	10	85	60	None	None	testing
5	zh	m	19	red	4	(80, 0)	(40, 69)	(-39, 69)	(-80, 0)	(-40, -69)	(40, -69)	circle	red	dif	right	right	(-40, -69)	(-80, 0)	probe	norm	None	None	None	None	160	135	60	35	10	110	(40, -69)	52	testing
5	zh	m	19	red	4	(80, 0)	(40, 69)	(-39, 69)	(-80, 0)	(-40, -69)	(40, -69)	diamond	none	dif	right	right	N_dist	(-39, 69)	probe	l_tar	None	None	None	None	85	10	135	35	110	60	(-39, 69)	20	testing
5	zh	m	19	red	4	(80, 0)	(40, 69)	(-39, 69)	(-80, 0)	(-40, -69)	(40, -69)	diamond	red	dif	right	right	(40, 69)	(-80, 0)	search	nr	True	703863	704623	right	160	10	35	60	135	85	None	None	testing
5	zh	m	19	red	4	(80, 0)	(40, 69)	(-39, 69)	(-80, 0)	(-40, -69)	(40, -69)	circle	none	same	left	left	N_dist	(40, -69)	search	nr	True	705801	706608	left	35	85	10	60	135	160	None	None	testing
5	zh	m	19	red	4	(80, 0)	(40, 69)	(-39, 69)	(-80, 0)	(-40, -69)	(40, -69)	diamond	red	same	left	left	(40, -69)	(40, 69)	search	nr	True	707771	708783	left	110	160	135	60	35	10	None	None	testing
5	zh	m	19	red	4	(80, 0)	(40, 69)	(-39, 69)	(-80, 0)	(-40, -69)	(40, -69)	diamond	red	dif	right	right	(-40, -69)	(-80, 0)	search	nr	True	709858	710623	right	85	35	160	135	60	110	None	None	testing
5	zh	m	19	red	4	(80, 0)	(40, 69)	(-39, 69)	(-80, 0)	(-40, -69)	(40, -69)	circle	none	dif	left	left	N_dist	(-39, 69)	search	nr	True	711795	712511	left	35	60	85	10	110	135	None	None	testing
5	zh	m	19	red	4	(80, 0)	(40, 69)	(-39, 69)	(-80, 0)	(-40, -69)	(40, -69)	circle	red	same	right	right	(-40, -69)	(-80, 0)	search	nr	True	713665	714351	right	85	135	160	10	60	110	None	None	testing
5	zh	m	19	red	4	(80, 0)	(40, 69)	(-39, 69)	(-80, 0)	(-40, -69)	(40, -69)	circle	red	same	right	right	(-40, -69)	(80, 0)	search	nr	True	715468	716095	right	85	135	35	10	60	160	None	None	testing
5	zh	m	19	red	4	(80, 0)	(40, 69)	(-39, 69)	(-80, 0)	(-40, -69)	(40, -69)	diamond	none	dif	left	left	N_dist	(40, 69)	search	nr	True	717255	718127	left	60	135	160	85	110	10	None	None	testing
5	zh	m	19	red	4	(80, 0)	(40, 69)	(-39, 69)	(-80, 0)	(-40, -69)	(40, -69)	diamond	red	dif	left	left	(40, 69)	(40, -69)	probe	tar	None	None	None	None	60	160	110	35	135	85	(40, -69)	161	testing
5	zh	m	19	red	4	(80, 0)	(40, 69)	(-39, 69)	(-80, 0)	(-40, -69)	(40, -69)	diamond	red	dif	right	right	(-40, -69)	(80, 0)	probe	norm	None	None	None	None	85	60	160	110	135	35	(-39, 69)	120	testing
5	zh	m	19	red	4	(80, 0)	(40, 69)	(-39, 69)	(-80, 0)	(-40, -69)	(40, -69)	circle	red	dif	right	right	(40, 69)	(-80, 0)	search	nr	True	733068	734159	right	160	60	10	35	135	110	None	None	testing
5	zh	m	19	red	4	(80, 0)	(40, 69)	(-39, 69)	(-80, 0)	(-40, -69)	(40, -69)	circle	none	same	right	right	N_dist	(40, -69)	search	nr	True	735338	736031	right	10	35	60	135	85	160	None	None	testing
5	zh	m	19	red	4	(80, 0)	(40, 69)	(-39, 69)	(-80, 0)	(-40, -69)	(40, -69)	diamond	none	same	left	left	N_dist	(-39, 69)	search	nr	True	737125	738015	left	10	35	60	85	135	110	None	None	testing
5	zh	m	19	red	4	(80, 0)	(40, 69)	(-39, 69)	(-80, 0)	(-40, -69)	(40, -69)	diamond	red	dif	left	left	(-40, -69)	(-39, 69)	search	nr	True	739212	739822	left	10	85	160	135	60	110	None	None	testing
5	zh	m	19	red	4	(80, 0)	(40, 69)	(-39, 69)	(-80, 0)	(-40, -69)	(40, -69)	diamond	none	same	right	right	N_dist	(80, 0)	probe	h_norm	None	None	None	None	10	60	110	35	160	85	(-40, -69)	164	testing
5	zh	m	19	red	4	(80, 0)	(40, 69)	(-39, 69)	(-80, 0)	(-40, -69)	(40, -69)	diamond	none	dif	left	left	N_dist	(40, 69)	search	nr	True	747243	747919	left	160	110	10	60	35	135	None	None	testing
5	zh	m	19	red	4	(80, 0)	(40, 69)	(-39, 69)	(-80, 0)	(-40, -69)	(40, -69)	diamond	red	dif	left	left	(-39, 69)	(80, 0)	search	nr	True	748980	749711	left	60	10	160	135	110	35	None	None	testing
5	zh	m	19	red	4	(80, 0)	(40, 69)	(-39, 69)	(-80, 0)	(-40, -69)	(40, -69)	diamond	none	same	right	right	N_dist	(-40, -69)	probe	h_tar	None	None	None	None	160	35	110	10	135	85	(-40, -69)	18	testing
5	zh	m	19	red	4	(80, 0)	(40, 69)	(-39, 69)	(-80, 0)	(-40, -69)	(40, -69)	diamond	none	same	left	left	N_dist	(-39, 69)	probe	l_norm	None	None	None	None	160	60	110	135	85	10	(40, 69)	163	testing
5	zh	m	19	red	4	(80, 0)	(40, 69)	(-39, 69)	(-80, 0)	(-40, -69)	(40, -69)	circle	none	dif	left	left	N_dist	(-80, 0)	probe	h_norm	None	None	None	None	60	10	110	35	85	160	(-40, -69)	18	testing
5	zh	m	19	red	4	(80, 0)	(40, 69)	(-39, 69)	(-80, 0)	(-40, -69)	(40, -69)	diamond	red	dif	left	left	(-40, -69)	(-80, 0)	search	nr	True	769918	770798	left	35	60	10	85	135	110	None	None	testing
5	zh	m	19	red	4	(80, 0)	(40, 69)	(-39, 69)	(-80, 0)	(-40, -69)	(40, -69)	diamond	none	same	left	left	N_dist	(40, 69)	probe	l_norm	None	None	None	None	135	160	10	85	60	35	(-80, 0)	171	testing
5	zh	m	19	red	4	(80, 0)	(40, 69)	(-39, 69)	(-80, 0)	(-40, -69)	(40, -69)	circle	red	same	right	right	(-40, -69)	(40, -69)	probe	norm	None	None	None	None	135	85	35	10	160	60	(-39, 69)	167	testing
5	zh	m	19	red	4	(80, 0)	(40, 69)	(-39, 69)	(-80, 0)	(-40, -69)	(40, -69)	circle	red	same	right	right	(-40, -69)	(40, -69)	probe	h_sin	None	None	None	None	10	85	135	160	60	110	(-40, -69)	160	testing
5	zh	m	19	red	4	(80, 0)	(40, 69)	(-39, 69)	(-80, 0)	(-40, -69)	(40, -69)	diamond	red	dif	right	right	(-40, -69)	(-80, 0)	search	nr	True	791191	791951	right	110	160	85	60	35	10	None	None	testing
5	zh	m	19	red	4	(80, 0)	(40, 69)	(-39, 69)	(-80, 0)	(-40, -69)	(40, -69)	circle	none	dif	left	left	N_dist	(-80, 0)	search	nr	True	793244	793902	left	35	60	110	85	135	10	None	None	testing
5	zh	m	19	red	4	(80, 0)	(40, 69)	(-39, 69)	(-80, 0)	(-40, -69)	(40, -69)	diamond	red	dif	right	right	(-40, -69)	(40, -69)	probe	norm	None	None	None	None	160	60	135	35	10	110	(-80, 0)	159	testing
5	zh	m	19	red	4	(80, 0)	(40, 69)	(-39, 69)	(-80, 0)	(-40, -69)	(40, -69)	circle	red	same	left	left	(-40, -69)	(40, -69)	probe	norm	None	None	None	None	160	135	85	110	10	35	(-80, 0)	10	testing
5	zh	m	19	red	4	(80, 0)	(40, 69)	(-39, 69)	(-80, 0)	(-40, -69)	(40, -69)	circle	red	same	left	left	(-40, -69)	(40, 69)	search	nr	True	809257	809839	left	110	60	35	160	85	135	None	None	testing
5	zh	m	19	red	4	(80, 0)	(40, 69)	(-39, 69)	(-80, 0)	(-40, -69)	(40, -69)	circle	red	dif	right	right	(-40, -69)	(-80, 0)	search	nr	True	811110	811759	right	35	110	85	60	10	135	None	None	testing
5	zh	m	19	red	4	(80, 0)	(40, 69)	(-39, 69)	(-80, 0)	(-40, -69)	(40, -69)	diamond	none	dif	right	right	N_dist	(-39, 69)	search	nr	True	812947	813647	right	135	110	60	35	10	85	None	None	testing
5	zh	m	19	red	4	(80, 0)	(40, 69)	(-39, 69)	(-80, 0)	(-40, -69)	(40, -69)	circle	none	dif	left	left	N_dist	(-80, 0)	probe	l_norm	None	None	None	None	110	160	135	60	85	10	(40, 69)	159	testing
5	zh	m	19	red	4	(80, 0)	(40, 69)	(-39, 69)	(-80, 0)	(-40, -69)	(40, -69)	circle	red	dif	left	left	(-40, -69)	(40, 69)	search	nr	True	822816	823519	left	85	135	35	10	160	60	None	None	testing
5	zh	m	19	red	4	(80, 0)	(40, 69)	(-39, 69)	(-80, 0)	(-40, -69)	(40, -69)	circle	red	same	right	right	(-40, -69)	(40, -69)	search	nr	True	824585	825535	left	10	110	60	35	85	135	None	None	testing
5	zh	m	19	red	4	(80, 0)	(40, 69)	(-39, 69)	(-80, 0)	(-40, -69)	(40, -69)	diamond	none	same	right	right	N_dist	(40, 69)	search	nr	True	828343	829295	right	10	60	160	35	110	85	None	None	testing
5	zh	m	19	red	4	(80, 0)	(40, 69)	(-39, 69)	(-80, 0)	(-40, -69)	(40, -69)	circle	red	dif	right	right	(-80, 0)	(40, -69)	probe	l_sin	None	None	None	None	160	60	85	10	135	110	(-80, 0)	53	testing
5	zh	m	19	red	4	(80, 0)	(40, 69)	(-39, 69)	(-80, 0)	(-40, -69)	(40, -69)	diamond	red	same	left	left	(-40, -69)	(-80, 0)	probe	h_sin	None	None	None	None	60	110	35	135	160	10	(-40, -69)	118	testing
5	zh	m	19	red	4	(80, 0)	(40, 69)	(-39, 69)	(-80, 0)	(-40, -69)	(40, -69)	diamond	none	dif	right	right	N_dist	(40, -69)	search	nr	True	845591	846415	right	160	10	110	135	85	35	None	None	testing
5	zh	m	19	red	4	(80, 0)	(40, 69)	(-39, 69)	(-80, 0)	(-40, -69)	(40, -69)	diamond	red	dif	right	right	(-80, 0)	(-39, 69)	probe	l_sin	None	None	None	None	85	135	10	60	110	160	(-80, 0)	171	testing
5	zh	m	19	red	4	(80, 0)	(40, 69)	(-39, 69)	(-80, 0)	(-40, -69)	(40, -69)	circle	none	dif	left	left	N_dist	(-80, 0)	search	nr	True	853572	854335	left	10	60	35	110	135	85	None	None	testing
5	zh	m	19	red	4	(80, 0)	(40, 69)	(-39, 69)	(-80, 0)	(-40, -69)	(40, -69)	circle	red	dif	left	left	(-40, -69)	(80, 0)	probe	h_sin	None	None	None	None	110	135	10	85	160	60	(-40, -69)	15	testing
5	zh	m	19	red	4	(80, 0)	(40, 69)	(-39, 69)	(-80, 0)	(-40, -69)	(40, -69)	circle	red	same	left	left	(-40, -69)	(-80, 0)	probe	h_sin	None	None	None	None	135	85	10	35	160	60	(-40, -69)	27	testing
5	zh	m	19	red	4	(80, 0)	(40, 69)	(-39, 69)	(-80, 0)	(-40, -69)	(40, -69)	circle	red	dif	left	left	(-40, -69)	(-39, 69)	probe	h_sin	None	None	None	None	110	160	135	10	35	85	(-40, -69)	16	testing
5	zh	m	19	red	4	(80, 0)	(40, 69)	(-39, 69)	(-80, 0)	(-40, -69)	(40, -69)	circle	red	dif	left	left	(-40, -69)	(80, 0)	search	nr	True	877616	878415	left	135	35	60	85	160	10	None	None	testing
5	zh	m	19	red	4	(80, 0)	(40, 69)	(-39, 69)	(-80, 0)	(-40, -69)	(40, -69)	circle	none	same	left	left	N_dist	(80, 0)	search	nr	True	879653	880207	left	135	10	160	85	110	35	None	None	testing
5	zh	m	19	red	4	(80, 0)	(40, 69)	(-39, 69)	(-80, 0)	(-40, -69)	(40, -69)	diamond	red	same	right	right	(-80, 0)	(40, 69)	search	nr	True	881357	882127	right	60	160	85	110	10	135	None	None	testing
5	zh	m	19	red	4	(80, 0)	(40, 69)	(-39, 69)	(-80, 0)	(-40, -69)	(40, -69)	circle	red	dif	left	left	(-40, -69)	(80, 0)	search	nr	True	883427	884047	left	60	85	160	35	135	10	None	None	testing
5	zh	m	19	red	4	(80, 0)	(40, 69)	(-39, 69)	(-80, 0)	(-40, -69)	(40, -69)	diamond	red	same	left	left	(40, -69)	(40, 69)	probe	l_sin	None	None	None	None	110	160	35	135	10	85	(40, -69)	64	testing
5	zh	m	19	red	4	(80, 0)	(40, 69)	(-39, 69)	(-80, 0)	(-40, -69)	(40, -69)	diamond	red	same	right	right	(80, 0)	(40, 69)	search	nr	True	892060	892990	right	85	60	160	110	35	10	None	None	testing
5	zh	m	19	red	4	(80, 0)	(40, 69)	(-39, 69)	(-80, 0)	(-40, -69)	(40, -69)	diamond	none	dif	left	left	N_dist	(40, 69)	probe	l_tar	None	None	None	None	35	85	60	135	10	110	(40, 69)	169	testing
5	zh	m	19	red	4	(80, 0)	(40, 69)	(-39, 69)	(-80, 0)	(-40, -69)	(40, -69)	circle	none	same	right	right	N_dist	(80, 0)	search	nr	True	898388	899039	right	35	10	160	85	135	60	None	None	testing
5	zh	m	19	red	4	(80, 0)	(40, 69)	(-39, 69)	(-80, 0)	(-40, -69)	(40, -69)	circle	none	same	left	left	N_dist	(40, -69)	search	nr	True	900157	900831	left	60	135	10	85	110	35	None	None	testing
5	zh	m	19	red	4	(80, 0)	(40, 69)	(-39, 69)	(-80, 0)	(-40, -69)	(40, -69)	circle	red	dif	left	left	(-39, 69)	(80, 0)	search	nr	True	901978	902687	left	35	110	60	160	10	135	None	None	testing
5	zh	m	19	red	4	(80, 0)	(40, 69)	(-39, 69)	(-80, 0)	(-40, -69)	(40, -69)	circle	red	same	left	left	(-40, -69)	(40, -69)	search	nr	True	903965	904671	left	85	160	110	10	60	135	None	None	testing
5	zh	m	19	red	4	(80, 0)	(40, 69)	(-39, 69)	(-80, 0)	(-40, -69)	(40, -69)	diamond	red	same	left	left	(-40, -69)	(-39, 69)	probe	tar	None	None	None	None	35	160	10	85	60	135	(-39, 69)	144	testing
5	zh	m	19	red	4	(80, 0)	(40, 69)	(-39, 69)	(-80, 0)	(-40, -69)	(40, -69)	circle	red	same	left	left	(40, 69)	(-39, 69)	search	nr	True	911512	912447	left	85	60	10	160	135	110	None	None	testing
5	zh	m	19	red	4	(80, 0)	(40, 69)	(-39, 69)	(-80, 0)	(-40, -69)	(40, -69)	diamond	none	dif	right	right	N_dist	(-39, 69)	search	nr	True	913532	914175	right	160	85	135	10	110	60	None	None	testing
5	zh	m	19	red	4	(80, 0)	(40, 69)	(-39, 69)	(-80, 0)	(-40, -69)	(40, -69)	diamond	red	same	right	right	(80, 0)	(40, -69)	search	nr	True	915419	916351	right	135	60	160	85	110	10	None	None	testing
5	zh	m	19	red	4	(80, 0)	(40, 69)	(-39, 69)	(-80, 0)	(-40, -69)	(40, -69)	diamond	red	dif	right	right	(-80, 0)	(40, 69)	probe	l_sin	None	None	None	None	35	60	160	110	135	85	(-80, 0)	176	testing
5	zh	m	19	red	4	(80, 0)	(40, 69)	(-39, 69)	(-80, 0)	(-40, -69)	(40, -69)	diamond	none	dif	left	left	N_dist	(-80, 0)	search	nr	True	923050	923855	left	135	60	160	110	85	35	None	None	testing
5	zh	m	19	red	4	(80, 0)	(40, 69)	(-39, 69)	(-80, 0)	(-40, -69)	(40, -69)	diamond	red	same	right	right	(80, 0)	(40, 69)	probe	tar	None	None	None	None	60	135	160	85	35	10	(40, 69)	66	testing
5	zh	m	19	red	4	(80, 0)	(40, 69)	(-39, 69)	(-80, 0)	(-40, -69)	(40, -69)	circle	red	same	right	right	(-40, -69)	(-39, 69)	probe	norm	None	None	None	None	10	110	85	160	135	35	(80, 0)	65	testing
5	zh	m	19	red	4	(80, 0)	(40, 69)	(-39, 69)	(-80, 0)	(-40, -69)	(40, -69)	diamond	red	same	right	right	(80, 0)	(-80, 0)	search	nr	True	938345	939199	right	135	160	35	10	60	85	None	None	testing
5	zh	m	19	red	4	(80, 0)	(40, 69)	(-39, 69)	(-80, 0)	(-40, -69)	(40, -69)	circle	red	dif	left	left	(-40, -69)	(40, 69)	search	nr	True	940382	941055	left	85	10	135	60	160	110	None	None	testing
5	zh	m	19	red	4	(80, 0)	(40, 69)	(-39, 69)	(-80, 0)	(-40, -69)	(40, -69)	diamond	red	same	left	left	(-40, -69)	(40, -69)	search	nr	True	942168	943103	left	35	85	60	135	110	10	None	None	testing
5	zh	m	19	red	4	(80, 0)	(40, 69)	(-39, 69)	(-80, 0)	(-40, -69)	(40, -69)	diamond	red	dif	left	left	(-80, 0)	(40, 69)	probe	l_sin	None	None	None	None	160	35	10	85	110	135	(-80, 0)	176	testing
5	zh	m	19	red	4	(80, 0)	(40, 69)	(-39, 69)	(-80, 0)	(-40, -69)	(40, -69)	circle	red	dif	left	left	(80, 0)	(40, -69)	probe	l_sin	None	None	None	None	135	160	10	60	35	110	(80, 0)	21	testing
5	zh	m	19	red	4	(80, 0)	(40, 69)	(-39, 69)	(-80, 0)	(-40, -69)	(40, -69)	circle	none	dif	left	left	N_dist	(40, -69)	probe	l_norm	None	None	None	None	85	10	60	35	110	135	(-80, 0)	151	testing
5	zh	m	19	red	4	(80, 0)	(40, 69)	(-39, 69)	(-80, 0)	(-40, -69)	(40, -69)	circle	red	dif	right	right	(-40, -69)	(40, 69)	search	nr	True	958983	959663	right	10	35	110	135	85	160	None	None	testing
5	zh	m	19	red	4	(80, 0)	(40, 69)	(-39, 69)	(-80, 0)	(-40, -69)	(40, -69)	diamond	red	dif	right	right	(-40, -69)	(40, -69)	search	nr	True	960753	961487	right	60	135	10	85	110	35	None	None	testing
5	zh	m	19	red	4	(80, 0)	(40, 69)	(-39, 69)	(-80, 0)	(-40, -69)	(40, -69)	circle	none	dif	left	left	N_dist	(40, -69)	search	nr	True	962640	963231	left	35	160	60	110	135	85	None	None	testing
5	zh	m	19	red	4	(80, 0)	(40, 69)	(-39, 69)	(-80, 0)	(-40, -69)	(40, -69)	diamond	none	same	left	left	N_dist	(40, 69)	search	nr	True	964476	965071	left	160	35	135	60	110	85	None	None	testing
5	zh	m	19	red	4	(80, 0)	(40, 69)	(-39, 69)	(-80, 0)	(-40, -69)	(40, -69)	circle	red	same	left	left	(-39, 69)	(80, 0)	probe	l_sin	None	None	None	None	160	135	85	10	110	35	(-39, 69)	169	testing
5	zh	m	19	red	4	(80, 0)	(40, 69)	(-39, 69)	(-80, 0)	(-40, -69)	(40, -69)	circle	red	same	right	right	(-40, -69)	(-39, 69)	search	nr	True	972274	972959	right	85	10	135	110	160	60	None	None	testing
5	zh	m	19	red	4	(80, 0)	(40, 69)	(-39, 69)	(-80, 0)	(-40, -69)	(40, -69)	diamond	red	dif	left	left	(40, 69)	(40, -69)	search	nr	True	974110	974911	left	60	35	85	135	160	10	None	None	testing
5	zh	m	19	red	4	(80, 0)	(40, 69)	(-39, 69)	(-80, 0)	(-40, -69)	(40, -69)	diamond	red	dif	left	left	(-40, -69)	(40, 69)	probe	norm	None	None	None	None	160	110	35	60	85	135	(80, 0)	34	testing
5	zh	m	19	red	4	(80, 0)	(40, 69)	(-39, 69)	(-80, 0)	(-40, -69)	(40, -69)	diamond	red	dif	right	right	(-40, -69)	(80, 0)	search	nr	True	982226	983023	right	85	160	135	10	35	60	None	None	testing
5	zh	m	19	red	4	(80, 0)	(40, 69)	(-39, 69)	(-80, 0)	(-40, -69)	(40, -69)	circle	none	same	left	left	N_dist	(-39, 69)	search	nr	True	984313	985023	left	85	60	135	10	35	160	None	None	testing
5	zh	m	19	red	4	(80, 0)	(40, 69)	(-39, 69)	(-80, 0)	(-40, -69)	(40, -69)	circle	red	same	left	left	(-80, 0)	(40, 69)	search	nr	True	986266	987295	left	135	10	35	160	110	60	None	None	testing
5	zh	m	19	red	4	(80, 0)	(40, 69)	(-39, 69)	(-80, 0)	(-40, -69)	(40, -69)	diamond	none	dif	left	left	N_dist	(40, 69)	search	nr	True	988537	989199	left	35	135	60	85	110	10	None	None	testing
5	zh	m	19	red	4	(80, 0)	(40, 69)	(-39, 69)	(-80, 0)	(-40, -69)	(40, -69)	circle	red	same	left	left	(-40, -69)	(-80, 0)	search	nr	True	990323	991455	left	10	60	85	135	110	160	None	None	testing
5	zh	m	19	red	4	(80, 0)	(40, 69)	(-39, 69)	(-80, 0)	(-40, -69)	(40, -69)	circle	red	same	left	left	(40, 69)	(-39, 69)	search	nr	True	992711	993567	left	110	35	60	85	10	160	None	None	testing
5	zh	m	19	red	4	(80, 0)	(40, 69)	(-39, 69)	(-80, 0)	(-40, -69)	(40, -69)	circle	none	same	right	right	N_dist	(-40, -69)	search	nr	True	994765	995519	right	135	160	10	60	85	35	None	None	testing
5	zh	m	19	red	4	(80, 0)	(40, 69)	(-39, 69)	(-80, 0)	(-40, -69)	(40, -69)	circle	red	same	left	left	(40, -69)	(40, 69)	probe	tar	None	None	None	None	160	85	135	60	110	35	(40, 69)	169	testing
5	zh	m	19	red	4	(80, 0)	(40, 69)	(-39, 69)	(-80, 0)	(-40, -69)	(40, -69)	circle	red	same	left	left	(-80, 0)	(40, 69)	search	nr	True	1001144	1002047	left	135	110	10	60	160	85	None	None	testing
5	zh	m	19	red	4	(80, 0)	(40, 69)	(-39, 69)	(-80, 0)	(-40, -69)	(40, -69)	circle	red	dif	right	right	(-39, 69)	(40, -69)	probe	norm	None	None	None	None	35	110	85	60	10	135	(-80, 0)	168	testing
5	zh	m	19	red	4	(80, 0)	(40, 69)	(-39, 69)	(-80, 0)	(-40, -69)	(40, -69)	diamond	red	same	left	left	(-40, -69)	(-80, 0)	search	nr	True	1008891	1009599	left	10	85	160	135	60	110	None	None	testing
5	zh	m	19	red	4	(80, 0)	(40, 69)	(-39, 69)	(-80, 0)	(-40, -69)	(40, -69)	circle	red	dif	right	right	(-40, -69)	(40, 69)	probe	tar	None	None	None	None	60	160	110	85	135	10	(40, 69)	31	testing
5	zh	m	19	red	4	(80, 0)	(40, 69)	(-39, 69)	(-80, 0)	(-40, -69)	(40, -69)	circle	none	same	right	right	N_dist	(-40, -69)	search	nr	True	1016889	1017583	right	60	35	135	110	85	160	None	None	testing
5	zh	m	19	red	4	(80, 0)	(40, 69)	(-39, 69)	(-80, 0)	(-40, -69)	(40, -69)	diamond	red	dif	left	left	(-40, -69)	(-80, 0)	search	nr	True	1018810	1019743	left	10	135	60	110	85	160	None	None	testing
5	zh	m	19	red	4	(80, 0)	(40, 69)	(-39, 69)	(-80, 0)	(-40, -69)	(40, -69)	diamond	red	same	right	right	(-40, -69)	(-39, 69)	search	nr	True	1020913	1021791	right	35	10	110	160	135	60	None	None	testing
5	zh	m	19	red	4	(80, 0)	(40, 69)	(-39, 69)	(-80, 0)	(-40, -69)	(40, -69)	circle	none	dif	right	right	N_dist	(40, 69)	search	nr	True	1022917	1023919	right	35	135	110	85	10	60	None	None	testing
5	zh	m	19	red	4	(80, 0)	(40, 69)	(-39, 69)	(-80, 0)	(-40, -69)	(40, -69)	circle	red	same	left	left	(-40, -69)	(40, 69)	search	nr	True	1025037	1025615	left	85	160	60	110	135	10	None	None	testing
5	zh	m	19	red	4	(80, 0)	(40, 69)	(-39, 69)	(-80, 0)	(-40, -69)	(40, -69)	diamond	red	same	left	left	(-40, -69)	(-39, 69)	search	nr	True	1026757	1027583	left	110	160	85	10	60	135	None	None	testing
5	zh	m	19	red	4	(80, 0)	(40, 69)	(-39, 69)	(-80, 0)	(-40, -69)	(40, -69)	diamond	red	same	right	right	(40, -69)	(-39, 69)	search	nr	True	1028728	1029391	right	35	135	60	10	160	110	None	None	testing
5	zh	m	19	red	4	(80, 0)	(40, 69)	(-39, 69)	(-80, 0)	(-40, -69)	(40, -69)	circle	red	dif	right	right	(40, 69)	(-80, 0)	probe	l_sin	None	None	None	None	10	60	135	160	85	35	(40, 69)	165	testing
5	zh	m	19	red	4	(80, 0)	(40, 69)	(-39, 69)	(-80, 0)	(-40, -69)	(40, -69)	circle	red	same	left	left	(-40, -69)	(-39, 69)	search	nr	True	1035140	1035839	left	160	35	110	135	60	10	None	None	testing
5	zh	m	19	red	4	(80, 0)	(40, 69)	(-39, 69)	(-80, 0)	(-40, -69)	(40, -69)	circle	none	same	left	left	N_dist	(40, 69)	search	nr	True	1036926	1037519	left	160	35	60	110	10	85	None	None	testing
5	zh	m	19	red	4	(80, 0)	(40, 69)	(-39, 69)	(-80, 0)	(-40, -69)	(40, -69)	circle	red	dif	right	right	(40, 69)	(-80, 0)	search	nr	True	1038679	1039519	right	60	110	10	85	135	160	None	None	testing
5	zh	m	19	red	4	(80, 0)	(40, 69)	(-39, 69)	(-80, 0)	(-40, -69)	(40, -69)	diamond	none	same	right	right	N_dist	(-80, 0)	search	nr	True	1040733	1041710	right	85	60	135	10	160	110	None	None	testing
5	zh	m	19	red	4	(80, 0)	(40, 69)	(-39, 69)	(-80, 0)	(-40, -69)	(40, -69)	diamond	red	dif	left	left	(-40, -69)	(80, 0)	search	nr	True	1042786	1043535	left	60	110	10	160	35	85	None	None	testing
5	zh	m	19	red	4	(80, 0)	(40, 69)	(-39, 69)	(-80, 0)	(-40, -69)	(40, -69)	diamond	none	dif	left	left	N_dist	(-80, 0)	probe	l_tar	None	None	None	None	60	35	160	110	135	10	(-80, 0)	12	testing
5	zh	m	19	red	4	(80, 0)	(40, 69)	(-39, 69)	(-80, 0)	(-40, -69)	(40, -69)	diamond	red	dif	right	right	(-80, 0)	(-39, 69)	search	nr	True	1049616	1050623	right	85	160	110	60	135	35	None	None	testing
5	zh	m	19	red	4	(80, 0)	(40, 69)	(-39, 69)	(-80, 0)	(-40, -69)	(40, -69)	diamond	red	dif	left	left	(40, 69)	(40, -69)	search	nr	True	1051870	1052735	left	60	135	160	110	85	10	None	None	testing
5	zh	m	19	red	4	(80, 0)	(40, 69)	(-39, 69)	(-80, 0)	(-40, -69)	(40, -69)	diamond	red	dif	left	left	(-40, -69)	(40, 69)	search	nr	True	1053823	1054446	left	110	160	35	60	85	10	None	None	testing
5	zh	m	19	red	4	(80, 0)	(40, 69)	(-39, 69)	(-80, 0)	(-40, -69)	(40, -69)	diamond	none	same	right	right	N_dist	(40, 69)	search	nr	True	1055526	1056127	right	160	60	135	85	10	35	None	None	testing
5	zh	m	19	red	4	(80, 0)	(40, 69)	(-39, 69)	(-80, 0)	(-40, -69)	(40, -69)	diamond	red	dif	right	right	(-40, -69)	(-80, 0)	probe	tar	None	None	None	None	110	35	135	85	60	10	(-80, 0)	176	testing
5	zh	m	19	red	4	(80, 0)	(40, 69)	(-39, 69)	(-80, 0)	(-40, -69)	(40, -69)	circle	red	same	right	right	(80, 0)	(-39, 69)	search	nr	True	1062924	1063887	right	60	10	110	35	135	85	None	None	testing
5	zh	m	19	red	4	(80, 0)	(40, 69)	(-39, 69)	(-80, 0)	(-40, -69)	(40, -69)	circle	none	dif	right	right	N_dist	(40, 69)	search	nr	True	1065044	1065663	right	135	160	35	110	10	60	None	None	testing
5	zh	m	19	red	4	(80, 0)	(40, 69)	(-39, 69)	(-80, 0)	(-40, -69)	(40, -69)	diamond	red	same	left	left	(-40, -69)	(-80, 0)	search	nr	True	1066965	1067871	left	10	60	160	135	110	35	None	None	testing
5	zh	m	19	red	4	(80, 0)	(40, 69)	(-39, 69)	(-80, 0)	(-40, -69)	(40, -69)	circle	red	same	left	left	(-80, 0)	(40, 69)	probe	l_sin	None	None	None	None	160	10	135	35	85	60	(-80, 0)	154	testing
5	zh	m	19	red	4	(80, 0)	(40, 69)	(-39, 69)	(-80, 0)	(-40, -69)	(40, -69)	circle	none	dif	right	right	N_dist	(40, -69)	probe	h_norm	None	None	None	None	10	160	85	35	135	110	(-40, -69)	15	testing
5	zh	m	19	red	4	(80, 0)	(40, 69)	(-39, 69)	(-80, 0)	(-40, -69)	(40, -69)	circle	red	same	left	left	(-40, -69)	(-39, 69)	probe	tar	None	None	None	None	60	85	110	135	10	160	(-39, 69)	11	testing
5	zh	m	19	red	4	(80, 0)	(40, 69)	(-39, 69)	(-80, 0)	(-40, -69)	(40, -69)	diamond	red	same	right	right	(40, 69)	(-80, 0)	search	nr	True	1086651	1087423	right	10	160	35	135	60	85	None	None	testing
5	zh	m	19	red	4	(80, 0)	(40, 69)	(-39, 69)	(-80, 0)	(-40, -69)	(40, -69)	circle	red	dif	left	left	(40, -69)	(80, 0)	search	nr	True	1088704	1089375	left	35	10	60	160	85	110	None	None	testing
5	zh	m	19	red	4	(80, 0)	(40, 69)	(-39, 69)	(-80, 0)	(-40, -69)	(40, -69)	circle	none	dif	right	right	N_dist	(-39, 69)	search	nr	True	1090574	1091310	right	110	10	85	160	35	60	None	None	testing
5	zh	m	19	red	4	(80, 0)	(40, 69)	(-39, 69)	(-80, 0)	(-40, -69)	(40, -69)	circle	red	dif	left	left	(80, 0)	(40, -69)	search	nr	True	1092545	1093486	left	135	160	35	10	60	110	None	None	testing
5	zh	m	19	red	4	(80, 0)	(40, 69)	(-39, 69)	(-80, 0)	(-40, -69)	(40, -69)	circle	none	dif	right	right	N_dist	(-39, 69)	probe	l_norm	None	None	None	None	135	160	60	10	85	110	(40, -69)	161	testing
5	zh	m	19	red	4	(80, 0)	(40, 69)	(-39, 69)	(-80, 0)	(-40, -69)	(40, -69)	diamond	red	same	left	left	(-40, -69)	(40, 69)	probe	norm	None	None	None	None	85	160	110	135	35	10	(40, -69)	63	testing
5	zh	m	19	red	4	(80, 0)	(40, 69)	(-39, 69)	(-80, 0)	(-40, -69)	(40, -69)	diamond	red	dif	right	right	(40, 69)	(-80, 0)	search	nr	True	1109659	1110399	right	160	85	110	60	135	10	None	None	testing
5	zh	m	19	red	4	(80, 0)	(40, 69)	(-39, 69)	(-80, 0)	(-40, -69)	(40, -69)	circle	none	same	left	left	N_dist	(-39, 69)	search	nr	True	1111630	1112463	left	35	60	10	110	135	85	None	None	testing
5	zh	m	19	red	4	(80, 0)	(40, 69)	(-39, 69)	(-80, 0)	(-40, -69)	(40, -69)	circle	none	same	right	right	N_dist	(80, 0)	probe	h_norm	None	None	None	None	35	110	135	60	10	85	(-40, -69)	156	testing
5	zh	m	19	red	4	(80, 0)	(40, 69)	(-39, 69)	(-80, 0)	(-40, -69)	(40, -69)	circle	red	same	right	right	(-40, -69)	(-39, 69)	search	nr	True	1122099	1122798	right	35	160	135	10	110	85	None	None	testing
5	zh	m	19	red	4	(80, 0)	(40, 69)	(-39, 69)	(-80, 0)	(-40, -69)	(40, -69)	circle	red	dif	left	left	(-40, -69)	(80, 0)	probe	norm	None	None	None	None	110	85	135	35	10	60	(40, 69)	167	testing
5	zh	m	19	red	4	(80, 0)	(40, 69)	(-39, 69)	(-80, 0)	(-40, -69)	(40, -69)	diamond	red	same	right	right	(-39, 69)	(40, -69)	search	nr	True	1130080	1130767	right	85	60	10	35	110	160	None	None	testing
5	zh	m	19	red	4	(80, 0)	(40, 69)	(-39, 69)	(-80, 0)	(-40, -69)	(40, -69)	circle	none	same	right	right	N_dist	(80, 0)	search	nr	True	1132018	1132623	right	85	10	110	135	60	160	None	None	testing
5	zh	m	19	red	4	(80, 0)	(40, 69)	(-39, 69)	(-80, 0)	(-40, -69)	(40, -69)	diamond	red	dif	left	left	(-40, -69)	(-39, 69)	search	nr	True	1133787	1134431	left	85	60	135	160	35	110	None	None	testing
5	zh	m	19	red	4	(80, 0)	(40, 69)	(-39, 69)	(-80, 0)	(-40, -69)	(40, -69)	circle	none	dif	left	left	N_dist	(40, -69)	search	nr	True	1135641	1136383	left	60	35	160	10	110	85	None	None	testing
5	zh	m	19	red	4	(80, 0)	(40, 69)	(-39, 69)	(-80, 0)	(-40, -69)	(40, -69)	diamond	red	dif	right	right	(-80, 0)	(40, 69)	search	nr	True	1137594	1138175	right	110	160	60	10	135	35	None	None	testing
5	zh	m	19	red	4	(80, 0)	(40, 69)	(-39, 69)	(-80, 0)	(-40, -69)	(40, -69)	circle	red	dif	left	left	(80, 0)	(40, -69)	search	nr	True	1139414	1140351	left	35	160	60	110	10	85	None	None	testing
5	zh	m	19	red	4	(80, 0)	(40, 69)	(-39, 69)	(-80, 0)	(-40, -69)	(40, -69)	diamond	none	dif	left	left	N_dist	(40, 69)	probe	l_tar	None	None	None	None	160	135	35	60	10	110	(40, 69)	20	testing
5	zh	m	19	red	4	(80, 0)	(40, 69)	(-39, 69)	(-80, 0)	(-40, -69)	(40, -69)	diamond	none	dif	left	left	N_dist	(-39, 69)	probe	h_norm	None	None	None	None	135	60	85	35	110	160	(-40, -69)	20	testing
5	zh	m	19	red	4	(80, 0)	(40, 69)	(-39, 69)	(-80, 0)	(-40, -69)	(40, -69)	diamond	none	dif	right	right	N_dist	(-39, 69)	search	nr	True	1155144	1155775	right	160	110	10	135	85	60	None	None	testing
5	zh	m	19	red	4	(80, 0)	(40, 69)	(-39, 69)	(-80, 0)	(-40, -69)	(40, -69)	diamond	red	dif	left	left	(-40, -69)	(80, 0)	probe	h_sin	None	None	None	None	10	85	110	160	35	135	(-40, -69)	168	testing
5	zh	m	19	red	4	(80, 0)	(40, 69)	(-39, 69)	(-80, 0)	(-40, -69)	(40, -69)	circle	red	same	right	right	(-40, -69)	(80, 0)	search	nr	True	1166781	1167631	right	85	10	35	110	160	60	None	None	testing
5	zh	m	19	red	4	(80, 0)	(40, 69)	(-39, 69)	(-80, 0)	(-40, -69)	(40, -69)	circle	none	dif	right	right	N_dist	(-80, 0)	search	nr	True	1168752	1169583	right	160	110	135	10	35	85	None	None	testing
5	zh	m	19	red	4	(80, 0)	(40, 69)	(-39, 69)	(-80, 0)	(-40, -69)	(40, -69)	circle	red	dif	right	right	(-40, -69)	(40, 69)	probe	tar	None	None	None	None	135	35	110	10	60	85	(40, 69)	157	testing
5	zh	m	19	red	4	(80, 0)	(40, 69)	(-39, 69)	(-80, 0)	(-40, -69)	(40, -69)	diamond	red	dif	left	left	(-39, 69)	(80, 0)	search	nr	True	1175765	1176446	left	10	60	35	85	135	110	None	None	testing
5	zh	m	19	red	4	(80, 0)	(40, 69)	(-39, 69)	(-80, 0)	(-40, -69)	(40, -69)	diamond	red	dif	right	right	(-40, -69)	(-80, 0)	search	nr	True	1177551	1178222	right	10	85	60	135	35	160	None	None	testing
5	zh	m	19	red	4	(80, 0)	(40, 69)	(-39, 69)	(-80, 0)	(-40, -69)	(40, -69)	diamond	red	dif	left	left	(-40, -69)	(40, 69)	probe	h_sin	None	None	None	None	10	35	85	110	160	60	(-40, -69)	64	testing
5	zh	m	19	red	4	(80, 0)	(40, 69)	(-39, 69)	(-80, 0)	(-40, -69)	(40, -69)	diamond	none	dif	left	left	N_dist	(40, 69)	search	nr	True	1187637	1188270	left	85	10	135	110	160	35	None	None	testing
5	zh	m	19	red	4	(80, 0)	(40, 69)	(-39, 69)	(-80, 0)	(-40, -69)	(40, -69)	diamond	none	same	right	right	N_dist	(80, 0)	search	nr	True	1189573	1190479	right	110	160	60	85	10	35	None	None	testing
5	zh	m	19	red	4	(80, 0)	(40, 69)	(-39, 69)	(-80, 0)	(-40, -69)	(40, -69)	circle	none	dif	left	left	N_dist	(40, -69)	search	nr	True	1191761	1192607	left	110	85	60	35	160	10	None	None	testing
5	zh	m	19	red	4	(80, 0)	(40, 69)	(-39, 69)	(-80, 0)	(-40, -69)	(40, -69)	diamond	red	dif	right	right	(-40, -69)	(40, -69)	search	nr	True	1193881	1194671	right	60	35	160	135	10	110	None	None	testing
5	zh	m	19	red	4	(80, 0)	(40, 69)	(-39, 69)	(-80, 0)	(-40, -69)	(40, -69)	circle	red	same	left	left	(-39, 69)	(80, 0)	search	nr	True	1195868	1196751	left	160	135	35	85	10	60	None	None	testing
5	zh	m	19	red	4	(80, 0)	(40, 69)	(-39, 69)	(-80, 0)	(-40, -69)	(40, -69)	diamond	red	same	left	left	(-40, -69)	(40, -69)	search	nr	True	1197838	1198623	left	35	135	60	110	10	160	None	None	testing
5	zh	m	19	red	4	(80, 0)	(40, 69)	(-39, 69)	(-80, 0)	(-40, -69)	(40, -69)	circle	red	same	right	right	(-40, -69)	(40, -69)	search	nr	True	1199809	1200591	right	10	85	160	135	35	110	None	None	testing
5	zh	m	19	red	4	(80, 0)	(40, 69)	(-39, 69)	(-80, 0)	(-40, -69)	(40, -69)	circle	red	dif	right	right	(-40, -69)	(-39, 69)	search	nr	True	1201813	1202639	right	110	85	10	60	160	135	None	None	testing
5	zh	m	19	red	4	(80, 0)	(40, 69)	(-39, 69)	(-80, 0)	(-40, -69)	(40, -69)	circle	red	dif	left	left	(-39, 69)	(40, -69)	search	nr	True	1203883	1204623	left	10	85	160	110	135	35	None	None	testing
5	zh	m	19	red	4	(80, 0)	(40, 69)	(-39, 69)	(-80, 0)	(-40, -69)	(40, -69)	circle	red	dif	right	right	(-39, 69)	(40, -69)	search	nr	True	1205753	1206383	right	160	110	10	85	35	60	None	None	testing
5	zh	m	19	red	4	(80, 0)	(40, 69)	(-39, 69)	(-80, 0)	(-40, -69)	(40, -69)	circle	none	same	left	left	N_dist	(40, 69)	search	nr	True	1207590	1208238	left	160	10	35	85	135	60	None	None	testing
5	zh	m	19	red	4	(80, 0)	(40, 69)	(-39, 69)	(-80, 0)	(-40, -69)	(40, -69)	diamond	none	dif	left	left	N_dist	(-80, 0)	search	nr	True	1209376	1210223	left	35	135	85	10	160	60	None	None	testing
5	zh	m	19	red	4	(80, 0)	(40, 69)	(-39, 69)	(-80, 0)	(-40, -69)	(40, -69)	diamond	red	same	left	left	(40, -69)	(40, 69)	search	nr	True	1211279	1211999	left	35	135	60	10	110	160	None	None	testing
5	zh	m	19	red	4	(80, 0)	(40, 69)	(-39, 69)	(-80, 0)	(-40, -69)	(40, -69)	diamond	none	dif	left	left	N_dist	(-39, 69)	search	nr	True	1213300	1213983	left	135	60	160	85	10	110	None	None	testing
5	zh	m	19	red	4	(80, 0)	(40, 69)	(-39, 69)	(-80, 0)	(-40, -69)	(40, -69)	circle	red	same	left	left	(-40, -69)	(40, -69)	search	nr	True	1215087	1215839	left	85	135	10	35	60	160	None	None	testing
5	zh	m	19	red	4	(80, 0)	(40, 69)	(-39, 69)	(-80, 0)	(-40, -69)	(40, -69)	circle	none	dif	left	left	N_dist	(-39, 69)	probe	h_norm	None	None	None	None	110	135	10	60	85	160	(-40, -69)	153	testing
5	zh	m	19	red	4	(80, 0)	(40, 69)	(-39, 69)	(-80, 0)	(-40, -69)	(40, -69)	circle	none	same	left	left	N_dist	(80, 0)	probe	l_tar	None	None	None	None	160	85	35	10	135	110	(80, 0)	35	testing
5	zh	m	19	red	4	(80, 0)	(40, 69)	(-39, 69)	(-80, 0)	(-40, -69)	(40, -69)	diamond	red	same	right	right	(40, 69)	(-80, 0)	search	nr	True	1229764	1230623	left	85	60	35	160	135	10	None	None	testing
5	zh	m	19	red	4	(80, 0)	(40, 69)	(-39, 69)	(-80, 0)	(-40, -69)	(40, -69)	diamond	red	dif	right	right	(-80, 0)	(40, 69)	search	nr	True	1233220	1234158	right	110	135	35	60	85	10	None	None	testing
5	zh	m	19	red	4	(80, 0)	(40, 69)	(-39, 69)	(-80, 0)	(-40, -69)	(40, -69)	circle	red	dif	right	right	(-40, -69)	(40, -69)	search	nr	True	1235324	1236238	right	35	10	135	160	60	85	None	None	testing
5	zh	m	19	red	4	(80, 0)	(40, 69)	(-39, 69)	(-80, 0)	(-40, -69)	(40, -69)	circle	red	same	right	right	(-40, -69)	(40, 69)	search	nr	True	1237378	1238015	right	35	10	110	85	135	60	None	None	testing
5	zh	m	19	red	4	(80, 0)	(40, 69)	(-39, 69)	(-80, 0)	(-40, -69)	(40, -69)	circle	red	same	right	right	(-40, -69)	(-80, 0)	search	nr	True	1239315	1239967	right	110	160	10	135	85	60	None	None	testing
5	zh	m	19	red	4	(80, 0)	(40, 69)	(-39, 69)	(-80, 0)	(-40, -69)	(40, -69)	diamond	none	same	left	left	N_dist	(40, 69)	search	nr	True	1241185	1241902	left	35	10	60	135	110	85	None	None	testing
5	zh	m	19	red	4	(80, 0)	(40, 69)	(-39, 69)	(-80, 0)	(-40, -69)	(40, -69)	diamond	none	dif	left	left	N_dist	(-39, 69)	search	nr	True	1242972	1243822	left	60	135	85	110	160	35	None	None	testing
5	zh	m	19	red	4	(80, 0)	(40, 69)	(-39, 69)	(-80, 0)	(-40, -69)	(40, -69)	diamond	red	dif	right	right	(-80, 0)	(-39, 69)	search	nr	True	1245092	1245759	right	35	60	10	85	110	160	None	None	testing
5	zh	m	19	red	4	(80, 0)	(40, 69)	(-39, 69)	(-80, 0)	(-40, -69)	(40, -69)	circle	none	same	left	left	N_dist	(80, 0)	search	nr	True	1247012	1247807	left	85	160	10	60	135	35	None	None	testing
5	zh	m	19	red	4	(80, 0)	(40, 69)	(-39, 69)	(-80, 0)	(-40, -69)	(40, -69)	circle	red	dif	left	left	(-40, -69)	(80, 0)	search	nr	True	1248949	1249647	left	60	35	10	135	160	110	None	None	testing
5	zh	m	19	red	4	(80, 0)	(40, 69)	(-39, 69)	(-80, 0)	(-40, -69)	(40, -69)	diamond	red	same	left	left	(-40, -69)	(40, -69)	search	nr	True	1250786	1251807	left	35	60	10	85	110	160	None	None	testing
5	zh	m	19	red	4	(80, 0)	(40, 69)	(-39, 69)	(-80, 0)	(-40, -69)	(40, -69)	diamond	red	dif	right	right	(-40, -69)	(40, -69)	probe	h_sin	None	None	None	None	135	110	85	35	160	60	(-40, -69)	15	testing
5	zh	m	19	red	4	(80, 0)	(40, 69)	(-39, 69)	(-80, 0)	(-40, -69)	(40, -69)	diamond	none	same	left	left	N_dist	(-40, -69)	search	nr	True	1260721	1261471	left	10	160	60	85	35	135	None	None	testing
5	zh	m	19	red	4	(80, 0)	(40, 69)	(-39, 69)	(-80, 0)	(-40, -69)	(40, -69)	circle	none	same	right	right	N_dist	(80, 0)	search	nr	True	1262608	1263263	right	85	135	110	35	160	10	None	None	testing
5	zh	m	19	red	4	(80, 0)	(40, 69)	(-39, 69)	(-80, 0)	(-40, -69)	(40, -69)	circle	red	same	right	right	(-40, -69)	(80, 0)	probe	norm	None	None	None	None	110	35	85	160	135	10	(-80, 0)	25	testing
5	zh	m	19	red	4	(80, 0)	(40, 69)	(-39, 69)	(-80, 0)	(-40, -69)	(40, -69)	circle	red	dif	right	right	(-39, 69)	(40, -69)	search	nr	True	1270288	1270943	right	60	110	35	85	135	160	None	None	testing
5	zh	m	19	red	4	(80, 0)	(40, 69)	(-39, 69)	(-80, 0)	(-40, -69)	(40, -69)	circle	none	same	right	right	N_dist	(-40, -69)	probe	h_tar	None	None	None	None	135	110	160	85	35	60	(-40, -69)	157	testing
5	zh	m	19	red	4	(80, 0)	(40, 69)	(-39, 69)	(-80, 0)	(-40, -69)	(40, -69)	circle	red	same	right	right	(-40, -69)	(40, -69)	search	nr	True	1278754	1279935	right	10	85	110	35	160	135	None	None	testing
5	zh	m	19	red	4	(80, 0)	(40, 69)	(-39, 69)	(-80, 0)	(-40, -69)	(40, -69)	diamond	none	dif	right	right	N_dist	(-40, -69)	probe	h_tar	None	None	None	None	135	10	160	60	85	110	(-40, -69)	166	testing
5	zh	m	19	red	4	(80, 0)	(40, 69)	(-39, 69)	(-80, 0)	(-40, -69)	(40, -69)	diamond	red	dif	right	right	(-40, -69)	(40, -69)	search	nr	True	1286235	1286910	right	10	85	35	60	135	110	None	None	testing
5	zh	m	19	red	4	(80, 0)	(40, 69)	(-39, 69)	(-80, 0)	(-40, -69)	(40, -69)	diamond	red	dif	left	left	(-40, -69)	(-39, 69)	probe	norm	None	None	None	None	110	10	60	160	85	35	(80, 0)	16	testing
5	zh	m	19	red	4	(80, 0)	(40, 69)	(-39, 69)	(-80, 0)	(-40, -69)	(40, -69)	diamond	none	same	right	right	N_dist	(-80, 0)	probe	h_norm	None	None	None	None	110	135	85	35	160	10	(-40, -69)	27	testing
5	zh	m	19	red	4	(80, 0)	(40, 69)	(-39, 69)	(-80, 0)	(-40, -69)	(40, -69)	circle	red	dif	right	right	(-40, -69)	(40, -69)	probe	h_sin	None	None	None	None	60	35	110	10	135	85	(-40, -69)	12	testing
5	zh	m	19	red	4	(80, 0)	(40, 69)	(-39, 69)	(-80, 0)	(-40, -69)	(40, -69)	circle	none	dif	right	right	N_dist	(40, 69)	search	nr	True	1307390	1308095	right	10	35	85	135	110	60	None	None	testing
5	zh	m	19	red	4	(80, 0)	(40, 69)	(-39, 69)	(-80, 0)	(-40, -69)	(40, -69)	diamond	red	same	right	right	(-40, -69)	(80, 0)	probe	tar	None	None	None	None	85	110	35	135	10	60	(80, 0)	167	testing
5	zh	m	19	red	4	(80, 0)	(40, 69)	(-39, 69)	(-80, 0)	(-40, -69)	(40, -69)	diamond	none	same	right	right	N_dist	(40, -69)	probe	h_norm	None	None	None	None	60	160	35	10	110	135	(-40, -69)	104	testing
5	zh	m	19	red	4	(80, 0)	(40, 69)	(-39, 69)	(-80, 0)	(-40, -69)	(40, -69)	circle	none	dif	right	right	N_dist	(-39, 69)	search	nr	True	1322250	1322959	right	135	160	60	85	35	10	None	None	testing
5	zh	m	19	red	4	(80, 0)	(40, 69)	(-39, 69)	(-80, 0)	(-40, -69)	(40, -69)	circle	none	dif	left	left	N_dist	(-80, 0)	search	nr	True	1324204	1325023	left	35	110	135	160	60	85	None	None	testing
5	zh	m	19	red	4	(80, 0)	(40, 69)	(-39, 69)	(-80, 0)	(-40, -69)	(40, -69)	diamond	red	dif	right	right	(40, -69)	(80, 0)	probe	l_sin	None	None	None	None	110	35	10	160	85	60	(40, -69)	73	testing
5	zh	m	19	red	4	(80, 0)	(40, 69)	(-39, 69)	(-80, 0)	(-40, -69)	(40, -69)	circle	red	dif	right	right	(-40, -69)	(-39, 69)	search	nr	True	1333004	1333694	right	110	85	160	135	35	60	None	None	testing
5	zh	m	19	red	4	(80, 0)	(40, 69)	(-39, 69)	(-80, 0)	(-40, -69)	(40, -69)	circle	none	same	right	right	N_dist	(40, -69)	probe	l_norm	None	None	None	None	60	35	135	110	160	85	(-39, 69)	25	testing
5	zh	m	19	red	4	(80, 0)	(40, 69)	(-39, 69)	(-80, 0)	(-40, -69)	(40, -69)	diamond	none	same	right	right	N_dist	(40, 69)	probe	l_norm	None	None	None	None	135	110	35	160	60	10	(40, -69)	22	testing
5	zh	m	19	red	4	(80, 0)	(40, 69)	(-39, 69)	(-80, 0)	(-40, -69)	(40, -69)	diamond	red	dif	right	right	(40, -69)	(80, 0)	search	nr	True	1346312	1347070	right	35	10	85	60	110	160	None	None	testing
5	zh	m	19	red	4	(80, 0)	(40, 69)	(-39, 69)	(-80, 0)	(-40, -69)	(40, -69)	circle	red	same	right	right	(-40, -69)	(40, -69)	probe	tar	None	None	None	None	160	35	10	60	85	110	(40, -69)	68	testing
5	zh	m	19	red	4	(80, 0)	(40, 69)	(-39, 69)	(-80, 0)	(-40, -69)	(40, -69)	circle	red	dif	right	right	(-40, -69)	(40, -69)	search	nr	True	1356481	1357950	right	110	85	35	60	160	10	None	None	testing
5	zh	m	19	red	4	(80, 0)	(40, 69)	(-39, 69)	(-80, 0)	(-40, -69)	(40, -69)	diamond	none	dif	left	left	N_dist	(-80, 0)	search	nr	True	1359052	1359855	left	10	60	160	35	135	85	None	None	testing
5	zh	m	19	red	4	(80, 0)	(40, 69)	(-39, 69)	(-80, 0)	(-40, -69)	(40, -69)	circle	red	same	left	left	(-40, -69)	(40, 69)	search	nr	True	1361055	1362078	left	35	135	110	60	85	160	None	None	testing
5	zh	m	19	red	4	(80, 0)	(40, 69)	(-39, 69)	(-80, 0)	(-40, -69)	(40, -69)	diamond	red	same	left	left	(-40, -69)	(-80, 0)	search	nr	True	1363326	1364095	left	135	60	160	35	85	110	None	None	testing
5	zh	m	19	red	4	(80, 0)	(40, 69)	(-39, 69)	(-80, 0)	(-40, -69)	(40, -69)	circle	red	same	right	right	(-40, -69)	(40, 69)	search	nr	True	1365263	1365919	right	85	110	10	135	35	160	None	None	testing
5	zh	m	19	red	4	(80, 0)	(40, 69)	(-39, 69)	(-80, 0)	(-40, -69)	(40, -69)	diamond	red	same	right	right	(80, 0)	(40, -69)	probe	l_sin	None	None	None	None	110	10	160	135	85	35	(80, 0)	16	testing
5	zh	m	19	red	4	(80, 0)	(40, 69)	(-39, 69)	(-80, 0)	(-40, -69)	(40, -69)	circle	red	dif	right	right	(-80, 0)	(40, -69)	search	nr	True	1374647	1375679	right	35	110	60	160	10	85	None	None	testing
5	zh	m	19	red	4	(80, 0)	(40, 69)	(-39, 69)	(-80, 0)	(-40, -69)	(40, -69)	diamond	red	same	left	left	(-40, -69)	(-39, 69)	search	nr	True	1376968	1377902	left	135	60	85	35	160	10	None	None	testing
5	zh	m	19	red	4	(80, 0)	(40, 69)	(-39, 69)	(-80, 0)	(-40, -69)	(40, -69)	diamond	none	dif	right	right	N_dist	(-39, 69)	search	nr	True	1379205	1379918	right	10	135	35	160	110	60	None	None	testing
5	zh	m	19	red	4	(80, 0)	(40, 69)	(-39, 69)	(-80, 0)	(-40, -69)	(40, -69)	diamond	none	same	left	left	N_dist	(-40, -69)	search	nr	True	1381075	1381822	left	110	60	160	35	85	10	None	None	testing
5	zh	m	19	red	4	(80, 0)	(40, 69)	(-39, 69)	(-80, 0)	(-40, -69)	(40, -69)	diamond	red	same	left	left	(-40, -69)	(40, 69)	search	nr	True	1382929	1383614	left	135	60	35	10	110	85	None	None	testing
5	zh	m	19	red	4	(80, 0)	(40, 69)	(-39, 69)	(-80, 0)	(-40, -69)	(40, -69)	diamond	red	dif	left	left	(-80, 0)	(40, 69)	search	nr	True	1384715	1385326	left	160	135	10	35	85	110	None	None	testing
5	zh	m	19	red	4	(80, 0)	(40, 69)	(-39, 69)	(-80, 0)	(-40, -69)	(40, -69)	circle	red	same	right	right	(-40, -69)	(-80, 0)	search	nr	True	1386418	1387583	right	60	135	85	10	35	160	None	None	testing
5	zh	m	19	red	4	(80, 0)	(40, 69)	(-39, 69)	(-80, 0)	(-40, -69)	(40, -69)	circle	none	same	left	left	N_dist	(-39, 69)	probe	h_norm	None	None	None	None	60	160	135	85	10	35	(-40, -69)	153	testing
5	zh	m	19	red	4	(80, 0)	(40, 69)	(-39, 69)	(-80, 0)	(-40, -69)	(40, -69)	circle	red	dif	left	left	(-40, -69)	(-39, 69)	search	nr	True	1394350	1394990	left	10	35	160	85	110	135	None	None	testing
5	zh	m	19	red	4	(80, 0)	(40, 69)	(-39, 69)	(-80, 0)	(-40, -69)	(40, -69)	diamond	red	dif	right	right	(-40, -69)	(-80, 0)	search	nr	True	1396170	1397039	right	110	60	85	10	135	35	None	None	testing
5	zh	m	19	red	4	(80, 0)	(40, 69)	(-39, 69)	(-80, 0)	(-40, -69)	(40, -69)	diamond	red	same	right	right	(-39, 69)	(40, -69)	search	nr	True	1398156	1398958	right	85	110	60	135	10	160	None	None	testing
5	zh	m	19	red	4	(80, 0)	(40, 69)	(-39, 69)	(-80, 0)	(-40, -69)	(40, -69)	circle	red	dif	left	left	(-40, -69)	(80, 0)	search	nr	True	1400177	1400751	left	110	160	135	60	85	10	None	None	testing
5	zh	m	19	red	4	(80, 0)	(40, 69)	(-39, 69)	(-80, 0)	(-40, -69)	(40, -69)	diamond	red	same	right	right	(-40, -69)	(80, 0)	search	nr	True	1402064	1402830	right	85	10	60	135	160	110	None	None	testing
5	zh	m	19	red	4	(80, 0)	(40, 69)	(-39, 69)	(-80, 0)	(-40, -69)	(40, -69)	diamond	red	dif	right	right	(-40, -69)	(-80, 0)	search	nr	True	1404018	1404815	right	10	35	110	85	160	60	None	None	testing
5	zh	m	19	red	4	(80, 0)	(40, 69)	(-39, 69)	(-80, 0)	(-40, -69)	(40, -69)	diamond	none	dif	right	right	N_dist	(-39, 69)	probe	l_norm	None	None	None	None	60	10	85	135	160	35	(40, -69)	73	testing
5	zh	m	19	red	4	(80, 0)	(40, 69)	(-39, 69)	(-80, 0)	(-40, -69)	(40, -69)	circle	red	same	left	left	(-40, -69)	(40, -69)	search	nr	True	1416424	1417295	right	85	110	60	35	10	135	None	None	testing
5	zh	m	19	red	4	(80, 0)	(40, 69)	(-39, 69)	(-80, 0)	(-40, -69)	(40, -69)	circle	red	same	left	left	(-40, -69)	(-80, 0)	search	nr	True	1420030	1420735	left	160	110	35	10	85	60	None	None	testing
5	zh	m	19	red	4	(80, 0)	(40, 69)	(-39, 69)	(-80, 0)	(-40, -69)	(40, -69)	diamond	red	dif	right	right	(-40, -69)	(40, -69)	search	nr	True	1421934	1422654	right	85	135	35	160	110	60	None	None	testing
5	zh	m	19	red	4	(80, 0)	(40, 69)	(-39, 69)	(-80, 0)	(-40, -69)	(40, -69)	circle	none	same	left	left	N_dist	(80, 0)	probe	l_norm	None	None	None	None	85	160	60	10	35	135	(-80, 0)	49	testing
5	zh	m	19	red	4	(80, 0)	(40, 69)	(-39, 69)	(-80, 0)	(-40, -69)	(40, -69)	diamond	none	same	right	right	N_dist	(-40, -69)	search	nr	True	1431919	1432815	right	110	10	85	160	135	60	None	None	testing
5	zh	m	19	red	4	(80, 0)	(40, 69)	(-39, 69)	(-80, 0)	(-40, -69)	(40, -69)	diamond	red	same	left	left	(-40, -69)	(-39, 69)	search	nr	True	1434006	1434815	left	60	10	135	110	85	35	None	None	testing
5	zh	m	19	red	4	(80, 0)	(40, 69)	(-39, 69)	(-80, 0)	(-40, -69)	(40, -69)	circle	red	same	right	right	(-40, -69)	(40, -69)	search	nr	True	1436093	1436927	right	10	160	110	60	85	35	None	None	testing
5	zh	m	19	red	4	(80, 0)	(40, 69)	(-39, 69)	(-80, 0)	(-40, -69)	(40, -69)	diamond	none	dif	right	right	N_dist	(40, -69)	search	nr	True	1438113	1438895	right	85	110	135	60	10	35	None	None	testing
5	zh	m	19	red	4	(80, 0)	(40, 69)	(-39, 69)	(-80, 0)	(-40, -69)	(40, -69)	circle	red	same	left	left	(-40, -69)	(-39, 69)	search	nr	True	1440167	1440879	left	60	35	160	135	110	85	None	None	testing
5	zh	m	19	red	4	(80, 0)	(40, 69)	(-39, 69)	(-80, 0)	(-40, -69)	(40, -69)	diamond	red	same	left	left	(80, 0)	(-80, 0)	search	nr	True	1442054	1443455	left	135	85	110	60	160	35	None	None	testing
5	zh	m	19	red	4	(80, 0)	(40, 69)	(-39, 69)	(-80, 0)	(-40, -69)	(40, -69)	diamond	red	dif	left	left	(-40, -69)	(80, 0)	search	nr	True	1444693	1445439	left	135	10	85	110	60	160	None	None	testing
5	zh	m	19	red	4	(80, 0)	(40, 69)	(-39, 69)	(-80, 0)	(-40, -69)	(40, -69)	circle	none	same	right	right	N_dist	(-40, -69)	search	nr	True	1446646	1447423	right	135	85	110	10	160	35	None	None	testing
5	zh	m	19	red	4	(80, 0)	(40, 69)	(-39, 69)	(-80, 0)	(-40, -69)	(40, -69)	circle	red	same	left	left	(-40, -69)	(40, 69)	probe	h_sin	None	None	None	None	10	60	85	160	35	135	(-40, -69)	66	testing
5	zh	m	19	red	4	(80, 0)	(40, 69)	(-39, 69)	(-80, 0)	(-40, -69)	(40, -69)	diamond	red	same	right	right	(-40, -69)	(-39, 69)	search	nr	True	1457600	1458399	right	60	110	10	160	35	135	None	None	testing
5	zh	m	19	red	4	(80, 0)	(40, 69)	(-39, 69)	(-80, 0)	(-40, -69)	(40, -69)	diamond	red	same	right	right	(80, 0)	(40, -69)	search	nr	True	1459637	1460975	right	10	110	60	35	160	85	None	None	testing
5	zh	m	19	red	4	(80, 0)	(40, 69)	(-39, 69)	(-80, 0)	(-40, -69)	(40, -69)	circle	none	dif	right	right	N_dist	(40, -69)	search	nr	True	1462225	1463007	right	110	35	85	135	160	10	None	None	testing
5	zh	m	19	red	4	(80, 0)	(40, 69)	(-39, 69)	(-80, 0)	(-40, -69)	(40, -69)	circle	red	dif	right	right	(-40, -69)	(40, 69)	search	nr	True	1464178	1464862	right	85	10	110	135	35	160	None	None	testing
5	zh	m	19	red	4	(80, 0)	(40, 69)	(-39, 69)	(-80, 0)	(-40, -69)	(40, -69)	circle	red	same	left	left	(-40, -69)	(40, 69)	search	nr	True	1466015	1466735	left	160	135	10	85	35	60	None	None	testing
5	zh	m	19	red	4	(80, 0)	(40, 69)	(-39, 69)	(-80, 0)	(-40, -69)	(40, -69)	circle	red	dif	left	left	(-40, -69)	(80, 0)	search	nr	True	1467969	1468574	left	85	135	110	160	35	60	None	None	testing
5	zh	m	19	red	4	(80, 0)	(40, 69)	(-39, 69)	(-80, 0)	(-40, -69)	(40, -69)	circle	red	dif	right	right	(-40, -69)	(40, 69)	probe	tar	None	None	None	None	35	60	135	85	110	160	(40, 69)	161	testing
5	zh	m	19	red	4	(80, 0)	(40, 69)	(-39, 69)	(-80, 0)	(-40, -69)	(40, -69)	circle	red	dif	left	left	(40, 69)	(-39, 69)	search	nr	True	1475198	1476126	left	60	135	10	85	160	35	None	None	testing
5	zh	m	19	red	4	(80, 0)	(40, 69)	(-39, 69)	(-80, 0)	(-40, -69)	(40, -69)	diamond	red	same	left	left	(80, 0)	(-80, 0)	probe	tar	None	None	None	None	135	60	110	10	35	160	(-80, 0)	62	testing
5	zh	m	19	red	4	(80, 0)	(40, 69)	(-39, 69)	(-80, 0)	(-40, -69)	(40, -69)	circle	red	dif	left	left	(-39, 69)	(80, 0)	probe	norm	None	None	None	None	35	160	135	10	85	110	(40, -69)	7	testing
5	zh	m	19	red	4	(80, 0)	(40, 69)	(-39, 69)	(-80, 0)	(-40, -69)	(40, -69)	circle	red	dif	left	left	(40, -69)	(80, 0)	probe	l_sin	None	None	None	None	135	35	110	85	10	60	(40, -69)	153	testing
5	zh	m	19	red	4	(80, 0)	(40, 69)	(-39, 69)	(-80, 0)	(-40, -69)	(40, -69)	diamond	red	same	right	right	(40, -69)	(-39, 69)	search	nr	True	1499159	1500479	right	85	160	110	60	35	10	None	None	testing
5	zh	m	19	red	4	(80, 0)	(40, 69)	(-39, 69)	(-80, 0)	(-40, -69)	(40, -69)	diamond	red	same	left	left	(-40, -69)	(-39, 69)	search	nr	True	1501714	1502622	left	10	85	135	35	160	110	None	None	testing
5	zh	m	19	red	4	(80, 0)	(40, 69)	(-39, 69)	(-80, 0)	(-40, -69)	(40, -69)	diamond	none	same	left	left	N_dist	(80, 0)	search	nr	True	1503735	1504446	left	160	135	60	35	110	85	None	None	testing
5	zh	m	19	red	4	(80, 0)	(40, 69)	(-39, 69)	(-80, 0)	(-40, -69)	(40, -69)	diamond	none	dif	right	right	N_dist	(-40, -69)	search	nr	True	1505721	1506494	right	110	35	135	85	60	10	None	None	testing
5	zh	m	19	red	4	(80, 0)	(40, 69)	(-39, 69)	(-80, 0)	(-40, -69)	(40, -69)	diamond	red	dif	left	left	(-80, 0)	(40, 69)	search	nr	True	1507758	1508526	left	35	60	85	160	110	135	None	None	testing
5	zh	m	19	red	4	(80, 0)	(40, 69)	(-39, 69)	(-80, 0)	(-40, -69)	(40, -69)	diamond	none	same	right	right	N_dist	(40, -69)	search	nr	True	1509745	1510607	right	60	160	10	110	135	35	None	None	testing
5	zh	m	19	red	4	(80, 0)	(40, 69)	(-39, 69)	(-80, 0)	(-40, -69)	(40, -69)	circle	red	same	right	right	(-40, -69)	(80, 0)	search	nr	True	1511865	1512719	right	60	135	160	10	85	35	None	None	testing
5	zh	m	19	red	4	(80, 0)	(40, 69)	(-39, 69)	(-80, 0)	(-40, -69)	(40, -69)	diamond	red	dif	right	right	(-40, -69)	(80, 0)	search	nr	True	1513886	1514622	right	160	110	10	35	135	60	None	None	testing
5	zh	m	19	red	4	(80, 0)	(40, 69)	(-39, 69)	(-80, 0)	(-40, -69)	(40, -69)	circle	red	dif	left	left	(-39, 69)	(80, 0)	search	nr	True	1515706	1516431	left	85	110	35	160	10	135	None	None	testing
5	zh	m	19	red	4	(80, 0)	(40, 69)	(-39, 69)	(-80, 0)	(-40, -69)	(40, -69)	diamond	red	same	left	left	(-40, -69)	(-39, 69)	search	nr	True	1517510	1518607	left	135	160	85	60	110	35	None	None	testing
5	zh	m	19	red	4	(80, 0)	(40, 69)	(-39, 69)	(-80, 0)	(-40, -69)	(40, -69)	diamond	red	dif	left	left	(-40, -69)	(40, 69)	search	nr	True	1519898	1520494	left	160	35	110	135	85	60	None	None	testing
5	zh	m	19	red	4	(80, 0)	(40, 69)	(-39, 69)	(-80, 0)	(-40, -69)	(40, -69)	diamond	red	dif	right	right	(-40, -69)	(-80, 0)	probe	norm	None	None	None	None	85	35	160	110	60	135	(-39, 69)	20	testing
5	zh	m	19	red	4	(80, 0)	(40, 69)	(-39, 69)	(-80, 0)	(-40, -69)	(40, -69)	diamond	red	same	right	right	(40, -69)	(-39, 69)	probe	l_sin	None	None	None	None	135	10	160	110	85	60	(40, -69)	15	testing
5	zh	m	19	red	4	(80, 0)	(40, 69)	(-39, 69)	(-80, 0)	(-40, -69)	(40, -69)	circle	red	same	left	left	(-40, -69)	(40, -69)	search	nr	True	1538816	1539855	left	60	160	35	85	110	135	None	None	testing
5	zh	m	19	red	4	(80, 0)	(40, 69)	(-39, 69)	(-80, 0)	(-40, -69)	(40, -69)	circle	red	same	left	left	(40, -69)	(40, 69)	search	nr	True	1540986	1541678	left	160	110	85	35	10	135	None	None	testing
5	zh	m	19	red	4	(80, 0)	(40, 69)	(-39, 69)	(-80, 0)	(-40, -69)	(40, -69)	diamond	red	same	left	left	(-40, -69)	(40, -69)	probe	norm	None	None	None	None	135	85	10	160	35	60	(40, 69)	173	testing
5	zh	m	19	red	4	(80, 0)	(40, 69)	(-39, 69)	(-80, 0)	(-40, -69)	(40, -69)	diamond	none	dif	right	right	N_dist	(-40, -69)	search	nr	True	1551105	1552078	right	135	110	160	35	60	85	None	None	testing
5	zh	m	19	red	4	(80, 0)	(40, 69)	(-39, 69)	(-80, 0)	(-40, -69)	(40, -69)	circle	none	dif	left	left	N_dist	(40, -69)	search	nr	True	1553142	1553870	left	10	35	60	85	160	110	None	None	testing
5	zh	m	19	red	4	(80, 0)	(40, 69)	(-39, 69)	(-80, 0)	(-40, -69)	(40, -69)	circle	red	dif	left	left	(-40, -69)	(80, 0)	search	nr	True	1554928	1555534	left	135	110	60	160	10	35	None	None	testing
5	zh	m	19	red	4	(80, 0)	(40, 69)	(-39, 69)	(-80, 0)	(-40, -69)	(40, -69)	diamond	red	dif	right	right	(-40, -69)	(-80, 0)	probe	h_sin	None	None	None	None	160	60	35	110	10	135	(-40, -69)	154	testing
5	zh	m	19	red	4	(80, 0)	(40, 69)	(-39, 69)	(-80, 0)	(-40, -69)	(40, -69)	diamond	red	same	right	right	(-40, -69)	(80, 0)	search	nr	True	1563795	1564511	right	10	135	160	85	35	60	None	None	testing
