subj	name	gender	age	dist	run	tar_locs1	tar_locs2	tar_locs3	tar_locs4	tar_locs5	tar_locs6	shape	dist	td_dif	detection	resp_key	dis_loc	tar_loc	task_type	probe_cond	gotKey	startTime	respTime	resp	o1	o2	o3	o4	o5	o6	pro_loc	ori_resp	mode
5	zh	m	19	red	5	(80, 0)	(40, 69)	(-39, 69)	(-80, 0)	(-40, -69)	(40, -69)	diamond	red	dif	left	left	(-40, -69)	(-39, 69)	search	nr	True	124929	125902	left	60	135	10	160	35	110	None	None	testing
5	zh	m	19	red	5	(80, 0)	(40, 69)	(-39, 69)	(-80, 0)	(-40, -69)	(40, -69)	diamond	red	dif	left	left	(-40, -69)	(40, -69)	probe	norm	None	None	None	None	35	60	110	85	160	135	(-80, 0)	173	testing
5	zh	m	19	red	5	(80, 0)	(40, 69)	(-39, 69)	(-80, 0)	(-40, -69)	(40, -69)	circle	red	dif	left	left	(40, 69)	(40, -69)	probe	l_sin	None	None	None	None	135	160	85	10	110	60	(40, 69)	28	testing
5	zh	m	19	red	5	(80, 0)	(40, 69)	(-39, 69)	(-80, 0)	(-40, -69)	(40, -69)	diamond	red	same	right	right	(80, 0)	(-39, 69)	search	nr	True	138621	139437	right	135	160	60	85	110	35	None	None	testing
5	zh	m	19	red	5	(80, 0)	(40, 69)	(-39, 69)	(-80, 0)	(-40, -69)	(40, -69)	diamond	red	dif	left	left	(-40, -69)	(40, -69)	search	nr	True	140608	141517	left	35	10	135	160	85	60	None	None	testing
5	zh	m	19	red	5	(80, 0)	(40, 69)	(-39, 69)	(-80, 0)	(-40, -69)	(40, -69)	circle	red	same	left	left	(-40, -69)	(-80, 0)	probe	tar	None	None	None	None	35	135	160	10	60	85	(-80, 0)	147	testing
5	zh	m	19	red	5	(80, 0)	(40, 69)	(-39, 69)	(-80, 0)	(-40, -69)	(40, -69)	diamond	none	dif	right	right	N_dist	(-80, 0)	search	nr	True	150576	151309	right	160	110	135	35	85	10	None	None	testing
5	zh	m	19	red	5	(80, 0)	(40, 69)	(-39, 69)	(-80, 0)	(-40, -69)	(40, -69)	diamond	red	dif	right	right	(-40, -69)	(-39, 69)	probe	h_sin	None	None	None	None	10	60	35	135	110	160	(-40, -69)	160	testing
5	zh	m	19	red	5	(80, 0)	(40, 69)	(-39, 69)	(-80, 0)	(-40, -69)	(40, -69)	circle	red	dif	right	right	(-80, 0)	(40, 69)	search	nr	True	158123	159038	right	60	135	110	35	160	85	None	None	testing
5	zh	m	19	red	5	(80, 0)	(40, 69)	(-39, 69)	(-80, 0)	(-40, -69)	(40, -69)	diamond	red	same	right	right	(-39, 69)	(40, 69)	probe	tar	None	None	None	None	35	135	160	110	10	60	(40, 69)	20	testing
5	zh	m	19	red	5	(80, 0)	(40, 69)	(-39, 69)	(-80, 0)	(-40, -69)	(40, -69)	diamond	none	dif	right	right	N_dist	(40, 69)	search	nr	True	166489	167149	right	135	60	85	110	160	10	None	None	testing
5	zh	m	19	red	5	(80, 0)	(40, 69)	(-39, 69)	(-80, 0)	(-40, -69)	(40, -69)	diamond	red	same	right	right	(-40, -69)	(-80, 0)	search	nr	True	168325	169405	right	85	160	135	110	10	35	None	None	testing
5	zh	m	19	red	5	(80, 0)	(40, 69)	(-39, 69)	(-80, 0)	(-40, -69)	(40, -69)	diamond	red	dif	left	left	(-40, -69)	(-80, 0)	search	nr	True	170563	171454	left	10	35	60	135	110	85	None	None	testing
5	zh	m	19	red	5	(80, 0)	(40, 69)	(-39, 69)	(-80, 0)	(-40, -69)	(40, -69)	circle	none	dif	right	right	N_dist	(-39, 69)	search	nr	True	172617	173406	right	10	85	35	60	110	135	None	None	testing
5	zh	m	19	red	5	(80, 0)	(40, 69)	(-39, 69)	(-80, 0)	(-40, -69)	(40, -69)	diamond	red	same	right	right	(-40, -69)	(40, -69)	search	nr	True	174671	175693	right	35	160	10	60	110	85	None	None	testing
5	zh	m	19	red	5	(80, 0)	(40, 69)	(-39, 69)	(-80, 0)	(-40, -69)	(40, -69)	diamond	red	dif	right	right	(-40, -69)	(80, 0)	probe	tar	None	None	None	None	85	35	10	160	60	110	(80, 0)	5	testing
5	zh	m	19	red	5	(80, 0)	(40, 69)	(-39, 69)	(-80, 0)	(-40, -69)	(40, -69)	circle	none	dif	right	right	N_dist	(40, 69)	search	nr	True	185991	186622	right	85	135	160	110	35	10	None	None	testing
5	zh	m	19	red	5	(80, 0)	(40, 69)	(-39, 69)	(-80, 0)	(-40, -69)	(40, -69)	circle	none	dif	right	right	N_dist	(-39, 69)	probe	h_norm	None	None	None	None	160	135	10	35	110	60	(-40, -69)	11	testing
5	zh	m	19	red	5	(80, 0)	(40, 69)	(-39, 69)	(-80, 0)	(-40, -69)	(40, -69)	diamond	red	dif	left	left	(-40, -69)	(-80, 0)	probe	norm	None	None	None	None	160	85	60	135	10	35	(40, -69)	163	testing
5	zh	m	19	red	5	(80, 0)	(40, 69)	(-39, 69)	(-80, 0)	(-40, -69)	(40, -69)	circle	red	dif	left	left	(-80, 0)	(40, -69)	search	nr	True	203340	204061	left	10	60	135	35	85	110	None	None	testing
5	zh	m	19	red	5	(80, 0)	(40, 69)	(-39, 69)	(-80, 0)	(-40, -69)	(40, -69)	diamond	red	dif	right	right	(-40, -69)	(-39, 69)	search	nr	True	205260	205950	right	10	160	135	35	85	60	None	None	testing
5	zh	m	19	red	5	(80, 0)	(40, 69)	(-39, 69)	(-80, 0)	(-40, -69)	(40, -69)	circle	red	dif	left	left	(80, 0)	(40, 69)	search	nr	True	207247	208238	left	85	35	160	60	110	10	None	None	testing
5	zh	m	19	red	5	(80, 0)	(40, 69)	(-39, 69)	(-80, 0)	(-40, -69)	(40, -69)	diamond	red	same	left	left	(-39, 69)	(-80, 0)	probe	norm	None	None	None	None	135	110	160	35	85	10	(80, 0)	13	testing
5	zh	m	19	red	5	(80, 0)	(40, 69)	(-39, 69)	(-80, 0)	(-40, -69)	(40, -69)	circle	red	dif	left	left	(-40, -69)	(80, 0)	search	nr	True	218868	219534	left	85	10	160	35	135	110	None	None	testing
5	zh	m	19	red	5	(80, 0)	(40, 69)	(-39, 69)	(-80, 0)	(-40, -69)	(40, -69)	diamond	none	dif	left	left	N_dist	(-39, 69)	search	nr	True	220822	221725	left	10	35	110	85	60	135	None	None	testing
5	zh	m	19	red	5	(80, 0)	(40, 69)	(-39, 69)	(-80, 0)	(-40, -69)	(40, -69)	diamond	red	dif	right	right	(40, 69)	(-80, 0)	search	nr	True	222792	223534	right	10	160	60	135	110	35	None	None	testing
5	zh	m	19	red	5	(80, 0)	(40, 69)	(-39, 69)	(-80, 0)	(-40, -69)	(40, -69)	diamond	red	dif	right	right	(-40, -69)	(40, 69)	search	nr	True	224612	225357	right	60	35	110	160	10	135	None	None	testing
5	zh	m	19	red	5	(80, 0)	(40, 69)	(-39, 69)	(-80, 0)	(-40, -69)	(40, -69)	circle	red	dif	right	right	(-40, -69)	(40, 69)	search	nr	True	226649	227262	right	35	85	135	10	110	160	None	None	testing
5	zh	m	19	red	5	(80, 0)	(40, 69)	(-39, 69)	(-80, 0)	(-40, -69)	(40, -69)	circle	red	dif	left	left	(40, -69)	(40, 69)	search	nr	True	228402	229278	left	60	110	160	35	135	85	None	None	testing
5	zh	m	19	red	5	(80, 0)	(40, 69)	(-39, 69)	(-80, 0)	(-40, -69)	(40, -69)	circle	red	same	right	right	(40, -69)	(-80, 0)	search	nr	True	230490	231294	right	135	35	110	10	60	160	None	None	testing
5	zh	m	19	red	5	(80, 0)	(40, 69)	(-39, 69)	(-80, 0)	(-40, -69)	(40, -69)	circle	red	same	right	right	(40, 69)	(80, 0)	search	nr	True	232393	233118	right	160	85	10	35	60	135	None	None	testing
5	zh	m	19	red	5	(80, 0)	(40, 69)	(-39, 69)	(-80, 0)	(-40, -69)	(40, -69)	diamond	red	same	right	right	(-40, -69)	(40, -69)	search	nr	True	234414	235357	right	85	160	135	110	35	60	None	None	testing
5	zh	m	19	red	5	(80, 0)	(40, 69)	(-39, 69)	(-80, 0)	(-40, -69)	(40, -69)	circle	red	same	left	left	(-40, -69)	(-80, 0)	search	nr	True	236484	237309	left	135	85	35	10	60	110	None	None	testing
5	zh	m	19	red	5	(80, 0)	(40, 69)	(-39, 69)	(-80, 0)	(-40, -69)	(40, -69)	circle	red	dif	left	left	(40, -69)	(40, 69)	search	nr	True	238388	239069	left	10	85	35	160	110	60	None	None	testing
5	zh	m	19	red	5	(80, 0)	(40, 69)	(-39, 69)	(-80, 0)	(-40, -69)	(40, -69)	diamond	red	same	right	right	(-39, 69)	(40, 69)	search	nr	True	240258	241198	right	110	160	135	60	35	85	None	None	testing
5	zh	m	19	red	5	(80, 0)	(40, 69)	(-39, 69)	(-80, 0)	(-40, -69)	(40, -69)	circle	red	same	right	right	(-40, -69)	(-39, 69)	search	nr	True	242412	243742	right	110	85	10	160	135	60	None	None	testing
5	zh	m	19	red	5	(80, 0)	(40, 69)	(-39, 69)	(-80, 0)	(-40, -69)	(40, -69)	circle	red	same	right	right	(40, -69)	(-80, 0)	search	nr	True	244916	245694	right	60	35	10	135	85	110	None	None	testing
5	zh	m	19	red	5	(80, 0)	(40, 69)	(-39, 69)	(-80, 0)	(-40, -69)	(40, -69)	diamond	red	dif	right	right	(40, 69)	(-80, 0)	probe	tar	None	None	None	None	135	10	60	110	85	160	(-80, 0)	9	testing
5	zh	m	19	red	5	(80, 0)	(40, 69)	(-39, 69)	(-80, 0)	(-40, -69)	(40, -69)	circle	red	same	right	right	(40, 69)	(-39, 69)	search	nr	True	254033	254941	right	110	135	60	85	35	10	None	None	testing
5	zh	m	19	red	5	(80, 0)	(40, 69)	(-39, 69)	(-80, 0)	(-40, -69)	(40, -69)	diamond	none	dif	left	left	N_dist	(80, 0)	search	nr	True	256153	256893	left	160	135	60	10	110	85	None	None	testing
5	zh	m	19	red	5	(80, 0)	(40, 69)	(-39, 69)	(-80, 0)	(-40, -69)	(40, -69)	diamond	red	dif	left	left	(-40, -69)	(40, -69)	search	nr	True	258007	259006	left	60	10	135	85	35	110	None	None	testing
5	zh	m	19	red	5	(80, 0)	(40, 69)	(-39, 69)	(-80, 0)	(-40, -69)	(40, -69)	circle	red	dif	left	left	(-80, 0)	(40, -69)	probe	l_sin	None	None	None	None	135	35	160	10	60	85	(-80, 0)	150	testing
5	zh	m	19	red	5	(80, 0)	(40, 69)	(-39, 69)	(-80, 0)	(-40, -69)	(40, -69)	diamond	none	dif	right	right	N_dist	(-80, 0)	probe	h_norm	None	None	None	None	160	35	135	110	10	85	(-40, -69)	158	testing
5	zh	m	19	red	5	(80, 0)	(40, 69)	(-39, 69)	(-80, 0)	(-40, -69)	(40, -69)	circle	red	dif	left	left	(-80, 0)	(40, -69)	probe	l_sin	None	None	None	None	35	160	110	135	60	10	(-80, 0)	16	testing
5	zh	m	19	red	5	(80, 0)	(40, 69)	(-39, 69)	(-80, 0)	(-40, -69)	(40, -69)	diamond	red	same	left	left	(-80, 0)	(80, 0)	search	nr	True	281166	281821	left	85	160	10	135	35	110	None	None	testing
5	zh	m	19	red	5	(80, 0)	(40, 69)	(-39, 69)	(-80, 0)	(-40, -69)	(40, -69)	circle	red	dif	left	left	(-40, -69)	(40, 69)	search	nr	True	283019	283725	left	160	60	10	85	135	35	None	None	testing
5	zh	m	19	red	5	(80, 0)	(40, 69)	(-39, 69)	(-80, 0)	(-40, -69)	(40, -69)	diamond	red	dif	left	left	(-40, -69)	(-39, 69)	search	nr	True	284923	285886	left	160	135	60	10	110	85	None	None	testing
5	zh	m	19	red	5	(80, 0)	(40, 69)	(-39, 69)	(-80, 0)	(-40, -69)	(40, -69)	diamond	none	dif	right	right	N_dist	(-80, 0)	search	nr	True	287044	287773	right	10	60	85	160	110	135	None	None	testing
5	zh	m	19	red	5	(80, 0)	(40, 69)	(-39, 69)	(-80, 0)	(-40, -69)	(40, -69)	circle	red	dif	left	left	(-39, 69)	(-80, 0)	search	nr	True	288947	289853	left	135	160	110	85	60	35	None	None	testing
5	zh	m	19	red	5	(80, 0)	(40, 69)	(-39, 69)	(-80, 0)	(-40, -69)	(40, -69)	circle	red	dif	right	right	(80, 0)	(40, 69)	search	nr	True	291101	292046	left	10	60	85	35	110	135	None	None	testing
5	zh	m	19	red	5	(80, 0)	(40, 69)	(-39, 69)	(-80, 0)	(-40, -69)	(40, -69)	diamond	red	same	left	left	(-40, -69)	(80, 0)	search	nr	True	294842	295517	left	35	60	10	160	110	135	None	None	testing
5	zh	m	19	red	5	(80, 0)	(40, 69)	(-39, 69)	(-80, 0)	(-40, -69)	(40, -69)	diamond	red	same	right	right	(-80, 0)	(40, -69)	search	nr	True	296828	297853	right	160	60	10	85	110	135	None	None	testing
5	zh	m	19	red	5	(80, 0)	(40, 69)	(-39, 69)	(-80, 0)	(-40, -69)	(40, -69)	diamond	none	same	left	left	N_dist	(-80, 0)	search	nr	True	298949	299693	left	135	60	85	110	160	35	None	None	testing
5	zh	m	19	red	5	(80, 0)	(40, 69)	(-39, 69)	(-80, 0)	(-40, -69)	(40, -69)	diamond	none	dif	right	right	N_dist	(-40, -69)	probe	h_tar	None	None	None	None	110	10	160	60	35	135	(-40, -69)	160	testing
5	zh	m	19	red	5	(80, 0)	(40, 69)	(-39, 69)	(-80, 0)	(-40, -69)	(40, -69)	diamond	red	same	left	left	(-40, -69)	(80, 0)	search	nr	True	307465	308269	left	85	35	160	135	10	60	None	None	testing
5	zh	m	19	red	5	(80, 0)	(40, 69)	(-39, 69)	(-80, 0)	(-40, -69)	(40, -69)	circle	red	same	right	right	(40, 69)	(80, 0)	probe	l_sin	None	None	None	None	10	60	85	160	135	110	(40, 69)	162	testing
5	zh	m	19	red	5	(80, 0)	(40, 69)	(-39, 69)	(-80, 0)	(-40, -69)	(40, -69)	diamond	none	same	left	left	N_dist	(40, -69)	search	nr	True	317516	318317	left	35	160	10	60	135	85	None	None	testing
5	zh	m	19	red	5	(80, 0)	(40, 69)	(-39, 69)	(-80, 0)	(-40, -69)	(40, -69)	diamond	red	dif	left	left	(-40, -69)	(-39, 69)	search	nr	True	319436	320174	left	35	135	10	85	110	160	None	None	testing
5	zh	m	19	red	5	(80, 0)	(40, 69)	(-39, 69)	(-80, 0)	(-40, -69)	(40, -69)	diamond	none	same	left	left	N_dist	(-80, 0)	probe	l_norm	None	None	None	None	60	35	135	160	85	10	(-39, 69)	11	testing
5	zh	m	19	red	5	(80, 0)	(40, 69)	(-39, 69)	(-80, 0)	(-40, -69)	(40, -69)	diamond	red	same	left	left	(-40, -69)	(80, 0)	search	nr	True	328670	329405	left	135	160	110	60	35	10	None	None	testing
5	zh	m	19	red	5	(80, 0)	(40, 69)	(-39, 69)	(-80, 0)	(-40, -69)	(40, -69)	diamond	none	same	left	left	N_dist	(-80, 0)	search	nr	True	330541	331246	left	110	60	35	85	135	10	None	None	testing
5	zh	m	19	red	5	(80, 0)	(40, 69)	(-39, 69)	(-80, 0)	(-40, -69)	(40, -69)	circle	red	same	right	right	(-40, -69)	(40, -69)	search	nr	True	332544	333357	right	135	85	160	10	110	60	None	None	testing
5	zh	m	19	red	5	(80, 0)	(40, 69)	(-39, 69)	(-80, 0)	(-40, -69)	(40, -69)	circle	red	same	left	left	(-40, -69)	(80, 0)	search	nr	True	334481	335101	left	135	110	60	35	85	10	None	None	testing
5	zh	m	19	red	5	(80, 0)	(40, 69)	(-39, 69)	(-80, 0)	(-40, -69)	(40, -69)	circle	red	dif	left	left	(-40, -69)	(40, 69)	search	nr	True	336351	337134	left	110	35	160	10	60	135	None	None	testing
5	zh	m	19	red	5	(80, 0)	(40, 69)	(-39, 69)	(-80, 0)	(-40, -69)	(40, -69)	diamond	red	same	right	right	(-40, -69)	(40, 69)	search	nr	True	338371	339149	right	60	160	85	10	110	35	None	None	testing
5	zh	m	19	red	5	(80, 0)	(40, 69)	(-39, 69)	(-80, 0)	(-40, -69)	(40, -69)	circle	none	dif	right	right	N_dist	(40, -69)	probe	h_norm	None	None	None	None	160	110	135	85	60	10	(-40, -69)	163	testing
5	zh	m	19	red	5	(80, 0)	(40, 69)	(-39, 69)	(-80, 0)	(-40, -69)	(40, -69)	diamond	red	same	right	right	(-40, -69)	(-80, 0)	probe	tar	None	None	None	None	35	60	135	110	85	160	(-80, 0)	10	testing
5	zh	m	19	red	5	(80, 0)	(40, 69)	(-39, 69)	(-80, 0)	(-40, -69)	(40, -69)	circle	red	dif	right	right	(80, 0)	(40, 69)	search	nr	True	352348	353294	right	60	10	85	135	110	35	None	None	testing
5	zh	m	19	red	5	(80, 0)	(40, 69)	(-39, 69)	(-80, 0)	(-40, -69)	(40, -69)	circle	red	dif	right	right	(80, 0)	(40, -69)	search	nr	True	354468	355437	right	85	60	135	110	35	160	None	None	testing
5	zh	m	19	red	5	(80, 0)	(40, 69)	(-39, 69)	(-80, 0)	(-40, -69)	(40, -69)	circle	red	same	right	right	(-40, -69)	(-80, 0)	probe	norm	None	None	None	None	10	160	135	35	85	60	(-39, 69)	18	testing
5	zh	m	19	red	5	(80, 0)	(40, 69)	(-39, 69)	(-80, 0)	(-40, -69)	(40, -69)	diamond	red	same	right	right	(-40, -69)	(40, 69)	search	nr	True	363217	364078	right	35	85	135	10	110	60	None	None	testing
5	zh	m	19	red	5	(80, 0)	(40, 69)	(-39, 69)	(-80, 0)	(-40, -69)	(40, -69)	diamond	red	dif	right	right	(-40, -69)	(80, 0)	search	nr	True	365371	366029	right	110	60	135	10	35	160	None	None	testing
5	zh	m	19	red	5	(80, 0)	(40, 69)	(-39, 69)	(-80, 0)	(-40, -69)	(40, -69)	circle	red	same	left	left	(-40, -69)	(80, 0)	search	nr	True	367208	367918	left	85	110	135	60	35	160	None	None	testing
5	zh	m	19	red	5	(80, 0)	(40, 69)	(-39, 69)	(-80, 0)	(-40, -69)	(40, -69)	circle	none	same	left	left	N_dist	(-40, -69)	search	nr	True	369011	369806	left	160	135	85	60	110	35	None	None	testing
5	zh	m	19	red	5	(80, 0)	(40, 69)	(-39, 69)	(-80, 0)	(-40, -69)	(40, -69)	diamond	none	dif	left	left	N_dist	(-40, -69)	search	nr	True	370965	371693	left	35	60	160	85	10	110	None	None	testing
5	zh	m	19	red	5	(80, 0)	(40, 69)	(-39, 69)	(-80, 0)	(-40, -69)	(40, -69)	diamond	red	same	right	right	(-40, -69)	(-80, 0)	search	nr	True	372768	373869	right	160	10	135	60	110	85	None	None	testing
5	zh	m	19	red	5	(80, 0)	(40, 69)	(-39, 69)	(-80, 0)	(-40, -69)	(40, -69)	diamond	red	same	left	left	(40, 69)	(40, -69)	search	nr	True	374989	375806	left	10	85	135	35	110	160	None	None	testing
5	zh	m	19	red	5	(80, 0)	(40, 69)	(-39, 69)	(-80, 0)	(-40, -69)	(40, -69)	diamond	red	same	left	left	(-39, 69)	(-80, 0)	search	nr	True	376992	377725	left	85	160	60	35	10	135	None	None	testing
5	zh	m	19	red	5	(80, 0)	(40, 69)	(-39, 69)	(-80, 0)	(-40, -69)	(40, -69)	circle	none	dif	left	left	N_dist	(80, 0)	search	nr	True	378862	379598	left	85	60	10	110	160	35	None	None	testing
5	zh	m	19	red	5	(80, 0)	(40, 69)	(-39, 69)	(-80, 0)	(-40, -69)	(40, -69)	diamond	none	dif	left	left	N_dist	(-40, -69)	search	nr	True	380682	381517	left	85	160	10	60	110	35	None	None	testing
5	zh	m	19	red	5	(80, 0)	(40, 69)	(-39, 69)	(-80, 0)	(-40, -69)	(40, -69)	circle	none	same	right	right	N_dist	(-39, 69)	search	nr	True	382753	383470	right	60	85	110	35	160	10	None	None	testing
5	zh	m	19	red	5	(80, 0)	(40, 69)	(-39, 69)	(-80, 0)	(-40, -69)	(40, -69)	circle	red	same	left	left	(40, -69)	(40, 69)	search	nr	True	384606	385325	left	85	35	110	60	135	160	None	None	testing
5	zh	m	19	red	5	(80, 0)	(40, 69)	(-39, 69)	(-80, 0)	(-40, -69)	(40, -69)	diamond	red	dif	left	left	(-40, -69)	(-39, 69)	probe	h_sin	None	None	None	None	85	160	135	35	110	60	(-40, -69)	16	testing
5	zh	m	19	red	5	(80, 0)	(40, 69)	(-39, 69)	(-80, 0)	(-40, -69)	(40, -69)	diamond	none	dif	right	right	N_dist	(-40, -69)	search	nr	True	392371	393118	right	110	160	135	85	35	60	None	None	testing
5	zh	m	19	red	5	(80, 0)	(40, 69)	(-39, 69)	(-80, 0)	(-40, -69)	(40, -69)	circle	red	same	right	right	(-40, -69)	(-80, 0)	search	nr	True	394324	395038	right	160	60	10	35	110	135	None	None	testing
5	zh	m	19	red	5	(80, 0)	(40, 69)	(-39, 69)	(-80, 0)	(-40, -69)	(40, -69)	circle	red	same	right	right	(-80, 0)	(-39, 69)	search	nr	True	396095	397134	right	35	110	60	135	10	160	None	None	testing
5	zh	m	19	red	5	(80, 0)	(40, 69)	(-39, 69)	(-80, 0)	(-40, -69)	(40, -69)	diamond	red	same	right	right	(-80, 0)	(40, -69)	search	nr	True	398231	399198	right	85	35	110	160	60	10	None	None	testing
5	zh	m	19	red	5	(80, 0)	(40, 69)	(-39, 69)	(-80, 0)	(-40, -69)	(40, -69)	circle	red	same	right	right	(40, 69)	(-39, 69)	search	nr	True	400452	401181	right	135	85	160	10	110	60	None	None	testing
5	zh	m	19	red	5	(80, 0)	(40, 69)	(-39, 69)	(-80, 0)	(-40, -69)	(40, -69)	diamond	red	dif	right	right	(-40, -69)	(80, 0)	probe	h_sin	None	None	None	None	35	10	160	85	135	60	(-40, -69)	17	testing
5	zh	m	19	red	5	(80, 0)	(40, 69)	(-39, 69)	(-80, 0)	(-40, -69)	(40, -69)	circle	none	dif	left	left	N_dist	(40, 69)	search	nr	True	409636	410349	left	10	85	35	110	160	60	None	None	testing
5	zh	m	19	red	5	(80, 0)	(40, 69)	(-39, 69)	(-80, 0)	(-40, -69)	(40, -69)	circle	red	dif	left	left	(40, 69)	(40, -69)	search	nr	True	411623	412622	left	135	10	110	160	35	60	None	None	testing
5	zh	m	19	red	5	(80, 0)	(40, 69)	(-39, 69)	(-80, 0)	(-40, -69)	(40, -69)	circle	none	same	left	left	N_dist	(-40, -69)	probe	h_tar	None	None	None	None	35	60	10	160	110	135	(-40, -69)	15	testing
5	zh	m	19	red	5	(80, 0)	(40, 69)	(-39, 69)	(-80, 0)	(-40, -69)	(40, -69)	circle	red	dif	right	right	(-40, -69)	(40, -69)	search	nr	True	419287	420014	right	160	35	85	60	110	10	None	None	testing
5	zh	m	19	red	5	(80, 0)	(40, 69)	(-39, 69)	(-80, 0)	(-40, -69)	(40, -69)	diamond	red	dif	left	left	(-40, -69)	(-39, 69)	probe	h_sin	None	None	None	None	160	10	35	135	110	60	(-40, -69)	14	testing
5	zh	m	19	red	5	(80, 0)	(40, 69)	(-39, 69)	(-80, 0)	(-40, -69)	(40, -69)	diamond	red	same	left	left	(40, -69)	(40, 69)	search	nr	True	427034	427821	left	35	85	110	135	60	10	None	None	testing
5	zh	m	19	red	5	(80, 0)	(40, 69)	(-39, 69)	(-80, 0)	(-40, -69)	(40, -69)	diamond	red	dif	right	right	(-40, -69)	(-39, 69)	probe	h_sin	None	None	None	None	10	60	160	85	35	135	(-40, -69)	170	testing
5	zh	m	19	red	5	(80, 0)	(40, 69)	(-39, 69)	(-80, 0)	(-40, -69)	(40, -69)	circle	none	same	left	left	N_dist	(40, 69)	search	nr	True	433380	434014	left	135	10	60	35	110	85	None	None	testing
5	zh	m	19	red	5	(80, 0)	(40, 69)	(-39, 69)	(-80, 0)	(-40, -69)	(40, -69)	diamond	red	same	right	right	(-40, -69)	(40, -69)	search	nr	True	435166	436174	right	35	60	110	10	160	85	None	None	testing
5	zh	m	19	red	5	(80, 0)	(40, 69)	(-39, 69)	(-80, 0)	(-40, -69)	(40, -69)	diamond	red	dif	right	right	(-40, -69)	(40, 69)	search	nr	True	437454	438237	right	110	10	135	60	35	160	None	None	testing
5	zh	m	19	red	5	(80, 0)	(40, 69)	(-39, 69)	(-80, 0)	(-40, -69)	(40, -69)	diamond	red	same	left	left	(-40, -69)	(80, 0)	probe	norm	None	None	None	None	35	85	10	135	110	60	(40, -69)	165	testing
5	zh	m	19	red	5	(80, 0)	(40, 69)	(-39, 69)	(-80, 0)	(-40, -69)	(40, -69)	circle	red	dif	right	right	(80, 0)	(40, -69)	search	nr	True	447455	448078	left	135	60	10	110	85	35	None	None	testing
5	zh	m	19	red	5	(80, 0)	(40, 69)	(-39, 69)	(-80, 0)	(-40, -69)	(40, -69)	diamond	none	same	right	right	N_dist	(80, 0)	search	nr	True	450694	451374	right	10	60	35	85	160	135	None	None	testing
5	zh	m	19	red	5	(80, 0)	(40, 69)	(-39, 69)	(-80, 0)	(-40, -69)	(40, -69)	circle	none	dif	left	left	N_dist	(80, 0)	search	nr	True	452431	453214	left	160	135	110	60	10	35	None	None	testing
5	zh	m	19	red	5	(80, 0)	(40, 69)	(-39, 69)	(-80, 0)	(-40, -69)	(40, -69)	circle	none	same	right	right	N_dist	(-39, 69)	search	nr	True	454335	455357	right	160	35	60	10	110	85	None	None	testing
5	zh	m	19	red	5	(80, 0)	(40, 69)	(-39, 69)	(-80, 0)	(-40, -69)	(40, -69)	diamond	none	dif	left	left	N_dist	(-40, -69)	probe	h_tar	None	None	None	None	85	135	10	35	110	60	(-40, -69)	11	testing
5	zh	m	19	red	5	(80, 0)	(40, 69)	(-39, 69)	(-80, 0)	(-40, -69)	(40, -69)	diamond	red	same	left	left	(-40, -69)	(-39, 69)	search	nr	True	462015	462909	left	110	85	135	160	10	60	None	None	testing
5	zh	m	19	red	5	(80, 0)	(40, 69)	(-39, 69)	(-80, 0)	(-40, -69)	(40, -69)	circle	red	same	left	left	(-40, -69)	(80, 0)	search	nr	True	464186	464925	left	35	10	60	135	110	85	None	None	testing
5	zh	m	19	red	5	(80, 0)	(40, 69)	(-39, 69)	(-80, 0)	(-40, -69)	(40, -69)	diamond	red	same	left	left	(80, 0)	(40, 69)	search	nr	True	465989	467085	left	160	10	110	35	60	85	None	None	testing
5	zh	m	19	red	5	(80, 0)	(40, 69)	(-39, 69)	(-80, 0)	(-40, -69)	(40, -69)	circle	red	dif	left	left	(-40, -69)	(40, 69)	probe	h_sin	None	None	None	None	160	110	35	135	85	10	(-40, -69)	166	testing
5	zh	m	19	red	5	(80, 0)	(40, 69)	(-39, 69)	(-80, 0)	(-40, -69)	(40, -69)	circle	red	same	left	left	(-40, -69)	(-80, 0)	probe	norm	None	None	None	None	35	60	110	135	85	160	(80, 0)	162	testing
5	zh	m	19	red	5	(80, 0)	(40, 69)	(-39, 69)	(-80, 0)	(-40, -69)	(40, -69)	diamond	red	dif	left	left	(-40, -69)	(40, -69)	search	nr	True	481768	482670	left	85	60	160	35	135	10	None	None	testing
5	zh	m	19	red	5	(80, 0)	(40, 69)	(-39, 69)	(-80, 0)	(-40, -69)	(40, -69)	diamond	red	same	left	left	(40, -69)	(80, 0)	search	nr	True	483906	484574	left	110	160	60	85	135	10	None	None	testing
5	zh	m	19	red	5	(80, 0)	(40, 69)	(-39, 69)	(-80, 0)	(-40, -69)	(40, -69)	diamond	none	same	left	left	N_dist	(-80, 0)	search	nr	True	485859	486557	left	10	135	110	60	160	35	None	None	testing
5	zh	m	19	red	5	(80, 0)	(40, 69)	(-39, 69)	(-80, 0)	(-40, -69)	(40, -69)	circle	none	same	left	left	N_dist	(40, 69)	probe	l_tar	None	None	None	None	85	135	10	110	60	35	(40, 69)	23	testing
5	zh	m	19	red	5	(80, 0)	(40, 69)	(-39, 69)	(-80, 0)	(-40, -69)	(40, -69)	circle	red	same	left	left	(40, -69)	(40, 69)	search	nr	True	494208	494878	left	85	35	110	10	160	60	None	None	testing
5	zh	m	19	red	5	(80, 0)	(40, 69)	(-39, 69)	(-80, 0)	(-40, -69)	(40, -69)	circle	red	same	left	left	(40, 69)	(-39, 69)	search	nr	True	495995	496909	left	85	60	135	160	110	35	None	None	testing
5	zh	m	19	red	5	(80, 0)	(40, 69)	(-39, 69)	(-80, 0)	(-40, -69)	(40, -69)	diamond	none	dif	right	right	N_dist	(40, -69)	search	nr	True	497965	498861	right	35	85	60	160	135	10	None	None	testing
5	zh	m	19	red	5	(80, 0)	(40, 69)	(-39, 69)	(-80, 0)	(-40, -69)	(40, -69)	circle	none	same	left	left	N_dist	(40, 69)	search	nr	True	500152	500750	left	10	135	60	110	160	35	None	None	testing
5	zh	m	19	red	5	(80, 0)	(40, 69)	(-39, 69)	(-80, 0)	(-40, -69)	(40, -69)	diamond	none	dif	right	right	N_dist	(40, 69)	probe	h_norm	None	None	None	None	110	85	35	160	60	10	(-40, -69)	160	testing
5	zh	m	19	red	5	(80, 0)	(40, 69)	(-39, 69)	(-80, 0)	(-40, -69)	(40, -69)	circle	red	same	right	right	(-40, -69)	(40, -69)	search	nr	True	511674	512622	right	60	85	160	110	135	35	None	None	testing
5	zh	m	19	red	5	(80, 0)	(40, 69)	(-39, 69)	(-80, 0)	(-40, -69)	(40, -69)	circle	red	dif	left	left	(-40, -69)	(40, -69)	probe	norm	None	None	None	None	135	10	160	35	85	110	(-39, 69)	23	testing
5	zh	m	19	red	5	(80, 0)	(40, 69)	(-39, 69)	(-80, 0)	(-40, -69)	(40, -69)	circle	red	same	left	left	(-40, -69)	(80, 0)	search	nr	True	521107	521838	left	35	85	160	135	110	10	None	None	testing
5	zh	m	19	red	5	(80, 0)	(40, 69)	(-39, 69)	(-80, 0)	(-40, -69)	(40, -69)	circle	none	same	right	right	N_dist	(-39, 69)	search	nr	True	523128	523773	right	110	35	60	10	160	85	None	None	testing
5	zh	m	19	red	5	(80, 0)	(40, 69)	(-39, 69)	(-80, 0)	(-40, -69)	(40, -69)	circle	none	same	right	right	N_dist	(40, 69)	search	nr	True	525015	525630	right	160	60	35	135	110	85	None	None	testing
5	zh	m	19	red	5	(80, 0)	(40, 69)	(-39, 69)	(-80, 0)	(-40, -69)	(40, -69)	circle	red	same	left	left	(-40, -69)	(-80, 0)	search	nr	True	526918	527725	left	110	10	135	160	85	60	None	None	testing
5	zh	m	19	red	5	(80, 0)	(40, 69)	(-39, 69)	(-80, 0)	(-40, -69)	(40, -69)	circle	none	dif	left	left	N_dist	(80, 0)	search	nr	True	529022	529693	left	135	110	85	10	60	160	None	None	testing
5	zh	m	19	red	5	(80, 0)	(40, 69)	(-39, 69)	(-80, 0)	(-40, -69)	(40, -69)	circle	none	same	left	left	N_dist	(-80, 0)	search	nr	True	530759	531517	left	135	60	160	35	110	85	None	None	testing
5	zh	m	19	red	5	(80, 0)	(40, 69)	(-39, 69)	(-80, 0)	(-40, -69)	(40, -69)	diamond	red	dif	left	left	(-40, -69)	(-80, 0)	probe	norm	None	None	None	None	35	85	10	110	60	135	(40, -69)	14	testing
5	zh	m	19	red	5	(80, 0)	(40, 69)	(-39, 69)	(-80, 0)	(-40, -69)	(40, -69)	diamond	red	dif	right	right	(-40, -69)	(-39, 69)	probe	tar	None	None	None	None	110	35	135	160	60	10	(-39, 69)	25	testing
5	zh	m	19	red	5	(80, 0)	(40, 69)	(-39, 69)	(-80, 0)	(-40, -69)	(40, -69)	diamond	none	dif	right	right	N_dist	(80, 0)	search	nr	True	545151	545806	right	60	135	160	85	35	10	None	None	testing
5	zh	m	19	red	5	(80, 0)	(40, 69)	(-39, 69)	(-80, 0)	(-40, -69)	(40, -69)	circle	none	dif	right	right	N_dist	(40, -69)	search	nr	True	547089	547949	right	110	10	135	60	35	160	None	None	testing
5	zh	m	19	red	5	(80, 0)	(40, 69)	(-39, 69)	(-80, 0)	(-40, -69)	(40, -69)	diamond	red	dif	right	right	(-40, -69)	(80, 0)	search	nr	True	549142	549821	right	110	10	160	135	60	85	None	None	testing
5	zh	m	19	red	5	(80, 0)	(40, 69)	(-39, 69)	(-80, 0)	(-40, -69)	(40, -69)	circle	none	same	right	right	N_dist	(40, 69)	probe	l_tar	None	None	None	None	10	135	60	85	110	35	(40, 69)	19	testing
5	zh	m	19	red	5	(80, 0)	(40, 69)	(-39, 69)	(-80, 0)	(-40, -69)	(40, -69)	circle	none	dif	left	left	N_dist	(-39, 69)	search	nr	True	556590	557325	left	135	35	160	10	60	110	None	None	testing
5	zh	m	19	red	5	(80, 0)	(40, 69)	(-39, 69)	(-80, 0)	(-40, -69)	(40, -69)	circle	none	dif	left	left	N_dist	(80, 0)	search	nr	True	558609	559342	left	110	10	135	60	35	160	None	None	testing
5	zh	m	19	red	5	(80, 0)	(40, 69)	(-39, 69)	(-80, 0)	(-40, -69)	(40, -69)	diamond	red	same	left	left	(40, -69)	(80, 0)	search	nr	True	560613	561405	left	35	60	85	160	135	10	None	None	testing
5	zh	m	19	red	5	(80, 0)	(40, 69)	(-39, 69)	(-80, 0)	(-40, -69)	(40, -69)	circle	red	dif	right	right	(-40, -69)	(40, -69)	search	nr	True	562600	563390	right	110	35	160	135	10	60	None	None	testing
5	zh	m	19	red	5	(80, 0)	(40, 69)	(-39, 69)	(-80, 0)	(-40, -69)	(40, -69)	circle	red	same	right	right	(-40, -69)	(-39, 69)	search	nr	True	564487	565166	right	110	160	60	135	35	10	None	None	testing
5	zh	m	19	red	5	(80, 0)	(40, 69)	(-39, 69)	(-80, 0)	(-40, -69)	(40, -69)	circle	none	same	left	left	N_dist	(40, 69)	search	nr	True	566440	566989	left	110	10	160	135	35	60	None	None	testing
5	zh	m	19	red	5	(80, 0)	(40, 69)	(-39, 69)	(-80, 0)	(-40, -69)	(40, -69)	diamond	red	dif	left	left	(-40, -69)	(40, -69)	search	nr	True	568094	569245	left	135	10	35	110	60	85	None	None	testing
5	zh	m	19	red	5	(80, 0)	(40, 69)	(-39, 69)	(-80, 0)	(-40, -69)	(40, -69)	circle	none	dif	left	left	N_dist	(80, 0)	search	nr	True	570498	571149	left	10	60	35	135	85	160	None	None	testing
5	zh	m	19	red	5	(80, 0)	(40, 69)	(-39, 69)	(-80, 0)	(-40, -69)	(40, -69)	diamond	red	same	left	left	(40, 69)	(40, -69)	search	nr	True	572385	573405	left	85	110	35	135	10	160	None	None	testing
5	zh	m	19	red	5	(80, 0)	(40, 69)	(-39, 69)	(-80, 0)	(-40, -69)	(40, -69)	diamond	none	same	right	right	N_dist	(-40, -69)	search	nr	True	574605	575405	right	110	85	135	160	60	35	None	None	testing
5	zh	m	19	red	5	(80, 0)	(40, 69)	(-39, 69)	(-80, 0)	(-40, -69)	(40, -69)	diamond	red	dif	right	right	(40, 69)	(-80, 0)	search	nr	True	576576	577293	right	85	110	10	35	135	60	None	None	testing
5	zh	m	19	red	5	(80, 0)	(40, 69)	(-39, 69)	(-80, 0)	(-40, -69)	(40, -69)	circle	none	dif	left	left	N_dist	(-39, 69)	search	nr	True	578362	579054	left	35	60	160	85	110	135	None	None	testing
5	zh	m	19	red	5	(80, 0)	(40, 69)	(-39, 69)	(-80, 0)	(-40, -69)	(40, -69)	circle	none	same	right	right	N_dist	(-39, 69)	probe	l_norm	None	None	None	None	85	60	10	110	135	160	(-80, 0)	172	testing
5	zh	m	19	red	5	(80, 0)	(40, 69)	(-39, 69)	(-80, 0)	(-40, -69)	(40, -69)	circle	red	same	left	left	(-40, -69)	(-80, 0)	search	nr	True	585726	586525	left	35	110	60	135	85	160	None	None	testing
5	zh	m	19	red	5	(80, 0)	(40, 69)	(-39, 69)	(-80, 0)	(-40, -69)	(40, -69)	diamond	red	same	left	left	(-40, -69)	(-39, 69)	probe	h_sin	None	None	None	None	60	85	160	10	35	110	(-40, -69)	155	testing
5	zh	m	19	red	5	(80, 0)	(40, 69)	(-39, 69)	(-80, 0)	(-40, -69)	(40, -69)	circle	none	dif	left	left	N_dist	(80, 0)	probe	l_norm	None	None	None	None	110	35	160	10	60	135	(-80, 0)	57	testing
5	zh	m	19	red	5	(80, 0)	(40, 69)	(-39, 69)	(-80, 0)	(-40, -69)	(40, -69)	diamond	red	dif	right	right	(-40, -69)	(-39, 69)	search	nr	True	600019	600909	right	35	160	10	85	110	60	None	None	testing
5	zh	m	19	red	5	(80, 0)	(40, 69)	(-39, 69)	(-80, 0)	(-40, -69)	(40, -69)	circle	red	same	left	left	(-40, -69)	(80, 0)	probe	tar	None	None	None	None	135	110	160	60	85	10	(80, 0)	17	testing
5	zh	m	19	red	5	(80, 0)	(40, 69)	(-39, 69)	(-80, 0)	(-40, -69)	(40, -69)	diamond	none	same	right	right	N_dist	(-80, 0)	search	nr	True	607082	607901	right	110	60	160	35	135	85	None	None	testing
5	zh	m	19	red	5	(80, 0)	(40, 69)	(-39, 69)	(-80, 0)	(-40, -69)	(40, -69)	circle	red	dif	right	right	(-40, -69)	(-80, 0)	probe	tar	None	None	None	None	10	60	135	160	110	35	(-80, 0)	29	testing
5	zh	m	19	red	5	(80, 0)	(40, 69)	(-39, 69)	(-80, 0)	(-40, -69)	(40, -69)	diamond	red	dif	left	left	(-40, -69)	(-39, 69)	search	nr	True	616166	617229	left	135	60	85	110	160	10	None	None	testing
5	zh	m	19	red	5	(80, 0)	(40, 69)	(-39, 69)	(-80, 0)	(-40, -69)	(40, -69)	diamond	red	same	right	right	(-39, 69)	(40, 69)	search	nr	True	618486	619550	right	85	110	160	135	10	60	None	None	testing
5	zh	m	19	red	5	(80, 0)	(40, 69)	(-39, 69)	(-80, 0)	(-40, -69)	(40, -69)	diamond	red	dif	right	right	(-39, 69)	(40, -69)	probe	l_sin	None	None	None	None	85	10	135	35	110	60	(-39, 69)	21	testing
5	zh	m	19	red	5	(80, 0)	(40, 69)	(-39, 69)	(-80, 0)	(-40, -69)	(40, -69)	diamond	red	dif	left	left	(-40, -69)	(40, -69)	probe	norm	None	None	None	None	60	35	110	160	135	10	(-39, 69)	20	testing
5	zh	m	19	red	5	(80, 0)	(40, 69)	(-39, 69)	(-80, 0)	(-40, -69)	(40, -69)	circle	red	dif	left	left	(80, 0)	(40, 69)	probe	l_sin	None	None	None	None	160	135	60	85	35	110	(80, 0)	36	testing
5	zh	m	19	red	5	(80, 0)	(40, 69)	(-39, 69)	(-80, 0)	(-40, -69)	(40, -69)	circle	none	dif	right	right	N_dist	(40, 69)	search	nr	True	639558	640254	right	160	110	60	135	85	35	None	None	testing
5	zh	m	19	red	5	(80, 0)	(40, 69)	(-39, 69)	(-80, 0)	(-40, -69)	(40, -69)	circle	none	same	right	right	N_dist	(40, 69)	search	nr	True	641412	642029	right	160	135	60	35	110	10	None	None	testing
5	zh	m	19	red	5	(80, 0)	(40, 69)	(-39, 69)	(-80, 0)	(-40, -69)	(40, -69)	circle	red	same	right	right	(-40, -69)	(40, -69)	probe	norm	None	None	None	None	160	110	135	60	10	85	(80, 0)	32	testing
5	zh	m	19	red	5	(80, 0)	(40, 69)	(-39, 69)	(-80, 0)	(-40, -69)	(40, -69)	circle	red	dif	right	right	(80, 0)	(40, -69)	probe	tar	None	None	None	None	35	85	60	160	110	135	(40, -69)	166	testing
5	zh	m	19	red	5	(80, 0)	(40, 69)	(-39, 69)	(-80, 0)	(-40, -69)	(40, -69)	circle	red	dif	right	right	(-40, -69)	(40, 69)	search	nr	True	654236	654878	right	35	10	160	110	135	85	None	None	testing
5	zh	m	19	red	5	(80, 0)	(40, 69)	(-39, 69)	(-80, 0)	(-40, -69)	(40, -69)	circle	red	same	left	left	(-40, -69)	(40, 69)	search	nr	True	656056	656701	left	135	85	60	10	160	35	None	None	testing
5	zh	m	19	red	5	(80, 0)	(40, 69)	(-39, 69)	(-80, 0)	(-40, -69)	(40, -69)	diamond	red	same	right	right	(-40, -69)	(80, 0)	probe	h_sin	None	None	None	None	10	135	110	35	160	60	(-40, -69)	19	testing
5	zh	m	19	red	5	(80, 0)	(40, 69)	(-39, 69)	(-80, 0)	(-40, -69)	(40, -69)	diamond	none	dif	left	left	N_dist	(40, -69)	search	nr	True	663987	665006	left	85	60	160	110	35	10	None	None	testing
5	zh	m	19	red	5	(80, 0)	(40, 69)	(-39, 69)	(-80, 0)	(-40, -69)	(40, -69)	circle	none	same	right	right	N_dist	(-39, 69)	search	nr	True	666241	667117	right	110	35	85	135	160	60	None	None	testing
5	zh	m	19	red	5	(80, 0)	(40, 69)	(-39, 69)	(-80, 0)	(-40, -69)	(40, -69)	diamond	red	same	left	left	(-40, -69)	(80, 0)	probe	norm	None	None	None	None	160	60	35	110	85	135	(-39, 69)	164	testing
5	zh	m	19	red	5	(80, 0)	(40, 69)	(-39, 69)	(-80, 0)	(-40, -69)	(40, -69)	diamond	red	dif	right	right	(-39, 69)	(40, 69)	probe	l_sin	None	None	None	None	35	135	110	60	160	85	(-39, 69)	4	testing
5	zh	m	19	red	5	(80, 0)	(40, 69)	(-39, 69)	(-80, 0)	(-40, -69)	(40, -69)	diamond	red	same	left	left	(40, -69)	(80, 0)	probe	tar	None	None	None	None	110	10	160	60	85	135	(80, 0)	12	testing
5	zh	m	19	red	5	(80, 0)	(40, 69)	(-39, 69)	(-80, 0)	(-40, -69)	(40, -69)	circle	red	dif	right	right	(40, -69)	(-39, 69)	search	nr	True	687964	689277	right	85	60	10	160	35	110	None	None	testing
5	zh	m	19	red	5	(80, 0)	(40, 69)	(-39, 69)	(-80, 0)	(-40, -69)	(40, -69)	circle	none	dif	right	right	N_dist	(-39, 69)	probe	l_tar	None	None	None	None	110	85	160	10	60	135	(-39, 69)	28	testing
5	zh	m	19	red	5	(80, 0)	(40, 69)	(-39, 69)	(-80, 0)	(-40, -69)	(40, -69)	circle	red	dif	left	left	(-40, -69)	(40, -69)	search	nr	True	698133	700174	left	85	135	35	160	60	110	None	None	testing
5	zh	m	19	red	5	(80, 0)	(40, 69)	(-39, 69)	(-80, 0)	(-40, -69)	(40, -69)	circle	red	dif	right	right	(80, 0)	(-80, 0)	search	nr	True	701372	702094	right	85	135	35	160	110	10	None	None	testing
5	zh	m	19	red	5	(80, 0)	(40, 69)	(-39, 69)	(-80, 0)	(-40, -69)	(40, -69)	circle	red	dif	left	left	(40, 69)	(40, -69)	search	nr	True	703292	704126	left	135	160	110	10	35	85	None	None	testing
5	zh	m	19	red	5	(80, 0)	(40, 69)	(-39, 69)	(-80, 0)	(-40, -69)	(40, -69)	diamond	red	same	left	left	(-80, 0)	(80, 0)	probe	norm	None	None	None	None	135	35	10	85	110	60	(40, 69)	164	testing
5	zh	m	19	red	5	(80, 0)	(40, 69)	(-39, 69)	(-80, 0)	(-40, -69)	(40, -69)	diamond	red	same	left	left	(-40, -69)	(80, 0)	search	nr	True	714363	715021	left	135	10	110	160	35	85	None	None	testing
5	zh	m	19	red	5	(80, 0)	(40, 69)	(-39, 69)	(-80, 0)	(-40, -69)	(40, -69)	diamond	red	same	right	right	(-80, 0)	(40, -69)	probe	norm	None	None	None	None	135	60	35	110	160	85	(-39, 69)	164	testing
5	zh	m	19	red	5	(80, 0)	(40, 69)	(-39, 69)	(-80, 0)	(-40, -69)	(40, -69)	diamond	red	same	left	left	(-80, 0)	(80, 0)	search	nr	True	722611	723245	left	135	10	160	110	85	60	None	None	testing
5	zh	m	19	red	5	(80, 0)	(40, 69)	(-39, 69)	(-80, 0)	(-40, -69)	(40, -69)	circle	red	dif	left	left	(-39, 69)	(-80, 0)	probe	norm	None	None	None	None	110	135	85	10	60	35	(80, 0)	15	testing
5	zh	m	19	red	5	(80, 0)	(40, 69)	(-39, 69)	(-80, 0)	(-40, -69)	(40, -69)	circle	none	dif	left	left	N_dist	(40, 69)	probe	h_norm	None	None	None	None	135	85	35	160	60	110	(-40, -69)	101	testing
5	zh	m	19	red	5	(80, 0)	(40, 69)	(-39, 69)	(-80, 0)	(-40, -69)	(40, -69)	diamond	red	dif	right	right	(-40, -69)	(-39, 69)	search	nr	True	739726	740621	right	85	110	60	35	135	160	None	None	testing
5	zh	m	19	red	5	(80, 0)	(40, 69)	(-39, 69)	(-80, 0)	(-40, -69)	(40, -69)	circle	none	dif	right	right	N_dist	(-39, 69)	search	nr	True	741746	742445	right	60	135	110	85	10	160	None	None	testing
5	zh	m	19	red	5	(80, 0)	(40, 69)	(-39, 69)	(-80, 0)	(-40, -69)	(40, -69)	diamond	none	dif	right	right	N_dist	(40, -69)	search	nr	True	743566	744413	right	35	60	10	85	110	135	None	None	testing
5	zh	m	19	red	5	(80, 0)	(40, 69)	(-39, 69)	(-80, 0)	(-40, -69)	(40, -69)	diamond	none	same	left	left	N_dist	(40, -69)	search	nr	True	745470	746285	left	35	60	110	135	160	85	None	None	testing
5	zh	m	19	red	5	(80, 0)	(40, 69)	(-39, 69)	(-80, 0)	(-40, -69)	(40, -69)	diamond	red	dif	left	left	(-40, -69)	(40, 69)	search	nr	True	747540	748157	left	35	160	135	110	10	85	None	None	testing
5	zh	m	19	red	5	(80, 0)	(40, 69)	(-39, 69)	(-80, 0)	(-40, -69)	(40, -69)	diamond	red	same	right	right	(-40, -69)	(40, 69)	probe	h_sin	None	None	None	None	60	35	110	85	160	135	(-40, -69)	19	testing
5	zh	m	19	red	5	(80, 0)	(40, 69)	(-39, 69)	(-80, 0)	(-40, -69)	(40, -69)	circle	red	same	right	right	(-40, -69)	(40, -69)	probe	h_sin	None	None	None	None	10	85	135	160	60	110	(-40, -69)	169	testing
5	zh	m	19	red	5	(80, 0)	(40, 69)	(-39, 69)	(-80, 0)	(-40, -69)	(40, -69)	diamond	red	dif	right	right	(-39, 69)	(40, 69)	search	nr	True	763119	764126	right	10	35	110	60	160	135	None	None	testing
5	zh	m	19	red	5	(80, 0)	(40, 69)	(-39, 69)	(-80, 0)	(-40, -69)	(40, -69)	circle	red	dif	right	right	(80, 0)	(-80, 0)	search	nr	True	765406	766621	right	135	160	35	10	85	110	None	None	testing
5	zh	m	19	red	5	(80, 0)	(40, 69)	(-39, 69)	(-80, 0)	(-40, -69)	(40, -69)	circle	red	dif	left	left	(80, 0)	(40, 69)	search	nr	True	767811	768605	left	35	110	135	160	60	10	None	None	testing
5	zh	m	19	red	5	(80, 0)	(40, 69)	(-39, 69)	(-80, 0)	(-40, -69)	(40, -69)	diamond	none	same	left	left	N_dist	(40, -69)	search	nr	True	769882	770941	left	60	10	35	110	135	85	None	None	testing
5	zh	m	19	red	5	(80, 0)	(40, 69)	(-39, 69)	(-80, 0)	(-40, -69)	(40, -69)	circle	none	dif	right	right	N_dist	(-80, 0)	probe	l_norm	None	None	None	None	35	160	85	60	10	135	(40, 69)	16	testing
5	zh	m	19	red	5	(80, 0)	(40, 69)	(-39, 69)	(-80, 0)	(-40, -69)	(40, -69)	diamond	red	same	left	left	(-40, -69)	(-80, 0)	search	nr	True	780183	780973	left	160	110	85	135	60	10	None	None	testing
5	zh	m	19	red	5	(80, 0)	(40, 69)	(-39, 69)	(-80, 0)	(-40, -69)	(40, -69)	circle	red	dif	right	right	(-40, -69)	(40, 69)	search	nr	True	782037	782718	right	85	135	160	110	35	60	None	None	testing
5	zh	m	19	red	5	(80, 0)	(40, 69)	(-39, 69)	(-80, 0)	(-40, -69)	(40, -69)	diamond	none	same	right	right	N_dist	(40, -69)	search	nr	True	783907	784765	right	10	35	85	160	135	110	None	None	testing
5	zh	m	19	red	5	(80, 0)	(40, 69)	(-39, 69)	(-80, 0)	(-40, -69)	(40, -69)	circle	none	dif	left	left	N_dist	(80, 0)	search	nr	True	785944	786638	left	85	160	60	110	10	135	None	None	testing
5	zh	m	19	red	5	(80, 0)	(40, 69)	(-39, 69)	(-80, 0)	(-40, -69)	(40, -69)	diamond	none	dif	left	left	N_dist	(-40, -69)	search	nr	True	787831	788829	left	35	135	110	10	60	160	None	None	testing
5	zh	m	19	red	5	(80, 0)	(40, 69)	(-39, 69)	(-80, 0)	(-40, -69)	(40, -69)	diamond	red	dif	right	right	(-40, -69)	(-39, 69)	search	nr	True	789901	790701	right	60	135	160	110	10	85	None	None	testing
5	zh	m	19	red	5	(80, 0)	(40, 69)	(-39, 69)	(-80, 0)	(-40, -69)	(40, -69)	diamond	none	dif	right	right	N_dist	(40, 69)	search	nr	True	791839	792621	right	135	160	85	60	35	110	None	None	testing
5	zh	m	19	red	5	(80, 0)	(40, 69)	(-39, 69)	(-80, 0)	(-40, -69)	(40, -69)	circle	red	same	left	left	(-40, -69)	(-80, 0)	search	nr	True	793892	794989	left	85	10	60	110	135	35	None	None	testing
5	zh	m	19	red	5	(80, 0)	(40, 69)	(-39, 69)	(-80, 0)	(-40, -69)	(40, -69)	circle	red	dif	right	right	(80, 0)	(40, 69)	probe	tar	None	None	None	None	35	135	60	110	10	85	(40, 69)	15	testing
5	zh	m	19	red	5	(80, 0)	(40, 69)	(-39, 69)	(-80, 0)	(-40, -69)	(40, -69)	diamond	red	same	left	left	(40, -69)	(40, 69)	search	nr	True	802892	803613	left	135	35	10	110	60	85	None	None	testing
5	zh	m	19	red	5	(80, 0)	(40, 69)	(-39, 69)	(-80, 0)	(-40, -69)	(40, -69)	circle	red	dif	right	right	(-40, -69)	(40, -69)	probe	tar	None	None	None	None	135	60	160	35	10	85	(40, -69)	169	testing
5	zh	m	19	red	5	(80, 0)	(40, 69)	(-39, 69)	(-80, 0)	(-40, -69)	(40, -69)	diamond	none	dif	left	left	N_dist	(-40, -69)	probe	h_tar	None	None	None	None	110	60	35	160	10	85	(-40, -69)	57	testing
5	zh	m	19	red	5	(80, 0)	(40, 69)	(-39, 69)	(-80, 0)	(-40, -69)	(40, -69)	diamond	red	dif	right	right	(-39, 69)	(40, -69)	search	nr	True	817235	818061	right	10	60	85	135	110	35	None	None	testing
5	zh	m	19	red	5	(80, 0)	(40, 69)	(-39, 69)	(-80, 0)	(-40, -69)	(40, -69)	circle	red	dif	left	left	(-40, -69)	(40, 69)	search	nr	True	819239	820061	left	60	35	110	135	85	10	None	None	testing
5	zh	m	19	red	5	(80, 0)	(40, 69)	(-39, 69)	(-80, 0)	(-40, -69)	(40, -69)	circle	red	same	left	left	(-40, -69)	(-80, 0)	search	nr	True	821142	822014	left	135	10	160	85	35	60	None	None	testing
5	zh	m	19	red	5	(80, 0)	(40, 69)	(-39, 69)	(-80, 0)	(-40, -69)	(40, -69)	diamond	none	dif	left	left	N_dist	(80, 0)	probe	l_norm	None	None	None	None	135	60	35	160	110	10	(-80, 0)	27	testing
5	zh	m	19	red	5	(80, 0)	(40, 69)	(-39, 69)	(-80, 0)	(-40, -69)	(40, -69)	circle	red	same	left	left	(-40, -69)	(80, 0)	probe	h_sin	None	None	None	None	160	60	85	10	110	35	(-40, -69)	20	testing
5	zh	m	19	red	5	(80, 0)	(40, 69)	(-39, 69)	(-80, 0)	(-40, -69)	(40, -69)	circle	red	same	left	left	(-40, -69)	(40, 69)	probe	tar	None	None	None	None	10	35	110	85	60	160	(40, 69)	156	testing
5	zh	m	19	red	5	(80, 0)	(40, 69)	(-39, 69)	(-80, 0)	(-40, -69)	(40, -69)	circle	red	dif	left	left	(-80, 0)	(40, -69)	search	nr	True	850213	851085	left	60	110	10	85	135	35	None	None	testing
5	zh	m	19	red	5	(80, 0)	(40, 69)	(-39, 69)	(-80, 0)	(-40, -69)	(40, -69)	circle	red	same	left	left	(-40, -69)	(-80, 0)	probe	tar	None	None	None	None	110	85	160	10	135	60	(-80, 0)	146	testing
5	zh	m	19	red	5	(80, 0)	(40, 69)	(-39, 69)	(-80, 0)	(-40, -69)	(40, -69)	diamond	red	same	left	left	(40, 69)	(40, -69)	probe	l_sin	None	None	None	None	110	60	35	135	160	10	(40, 69)	168	testing
5	zh	m	19	red	5	(80, 0)	(40, 69)	(-39, 69)	(-80, 0)	(-40, -69)	(40, -69)	circle	red	dif	right	right	(-40, -69)	(80, 0)	search	nr	True	865791	867165	right	10	60	85	110	35	160	None	None	testing
5	zh	m	19	red	5	(80, 0)	(40, 69)	(-39, 69)	(-80, 0)	(-40, -69)	(40, -69)	diamond	red	same	right	right	(-40, -69)	(-80, 0)	probe	tar	None	None	None	None	85	10	35	110	135	60	(-80, 0)	9	testing
5	zh	m	19	red	5	(80, 0)	(40, 69)	(-39, 69)	(-80, 0)	(-40, -69)	(40, -69)	diamond	red	dif	left	left	(-40, -69)	(-39, 69)	search	nr	True	874156	875165	left	110	10	85	35	135	60	None	None	testing
5	zh	m	19	red	5	(80, 0)	(40, 69)	(-39, 69)	(-80, 0)	(-40, -69)	(40, -69)	circle	red	same	left	left	(-40, -69)	(40, 69)	search	nr	True	876428	877341	left	110	160	10	85	35	135	None	None	testing
5	zh	m	19	red	5	(80, 0)	(40, 69)	(-39, 69)	(-80, 0)	(-40, -69)	(40, -69)	diamond	red	dif	left	left	(-40, -69)	(-80, 0)	search	nr	True	878515	879277	left	35	160	60	110	10	135	None	None	testing
5	zh	m	19	red	5	(80, 0)	(40, 69)	(-39, 69)	(-80, 0)	(-40, -69)	(40, -69)	circle	red	dif	right	right	(-40, -69)	(80, 0)	search	nr	True	880502	881405	right	160	85	10	135	110	35	None	None	testing
5	zh	m	19	red	5	(80, 0)	(40, 69)	(-39, 69)	(-80, 0)	(-40, -69)	(40, -69)	diamond	none	same	right	right	N_dist	(80, 0)	search	nr	True	882655	883373	right	10	135	85	160	110	35	None	None	testing
5	zh	m	19	red	5	(80, 0)	(40, 69)	(-39, 69)	(-80, 0)	(-40, -69)	(40, -69)	diamond	red	dif	right	right	(-39, 69)	(40, -69)	search	nr	True	884509	885565	right	10	160	85	135	60	35	None	None	testing
5	zh	m	19	red	5	(80, 0)	(40, 69)	(-39, 69)	(-80, 0)	(-40, -69)	(40, -69)	diamond	red	same	right	right	(-39, 69)	(40, -69)	probe	l_sin	None	None	None	None	160	60	10	135	35	110	(-39, 69)	147	testing
5	zh	m	19	red	5	(80, 0)	(40, 69)	(-39, 69)	(-80, 0)	(-40, -69)	(40, -69)	circle	red	dif	left	left	(-80, 0)	(40, -69)	search	nr	True	893409	894365	left	135	10	110	160	85	60	None	None	testing
5	zh	m	19	red	5	(80, 0)	(40, 69)	(-39, 69)	(-80, 0)	(-40, -69)	(40, -69)	diamond	red	same	left	left	(-40, -69)	(-39, 69)	search	nr	True	895429	896941	left	60	35	85	110	135	10	None	None	testing
5	zh	m	19	red	5	(80, 0)	(40, 69)	(-39, 69)	(-80, 0)	(-40, -69)	(40, -69)	diamond	red	dif	left	left	(-40, -69)	(-39, 69)	probe	norm	None	None	None	None	160	60	110	35	135	10	(-80, 0)	148	testing
5	zh	m	19	red	5	(80, 0)	(40, 69)	(-39, 69)	(-80, 0)	(-40, -69)	(40, -69)	circle	none	same	left	left	N_dist	(-40, -69)	search	nr	True	904078	904877	left	110	160	85	135	35	60	None	None	testing
5	zh	m	19	red	5	(80, 0)	(40, 69)	(-39, 69)	(-80, 0)	(-40, -69)	(40, -69)	circle	red	dif	right	right	(-80, 0)	(40, 69)	probe	norm	None	None	None	None	135	35	160	10	110	60	(80, 0)	17	testing
5	zh	m	19	red	5	(80, 0)	(40, 69)	(-39, 69)	(-80, 0)	(-40, -69)	(40, -69)	circle	red	same	left	left	(-40, -69)	(80, 0)	probe	tar	None	None	None	None	135	110	60	160	35	10	(80, 0)	22	testing
5	zh	m	19	red	5	(80, 0)	(40, 69)	(-39, 69)	(-80, 0)	(-40, -69)	(40, -69)	circle	none	same	right	right	N_dist	(-80, 0)	search	nr	True	916835	917453	right	10	35	135	110	60	85	None	None	testing
5	zh	m	19	red	5	(80, 0)	(40, 69)	(-39, 69)	(-80, 0)	(-40, -69)	(40, -69)	diamond	red	same	left	left	(80, 0)	(40, 69)	probe	norm	None	None	None	None	110	10	60	135	160	85	(40, -69)	57	testing
5	zh	m	19	red	5	(80, 0)	(40, 69)	(-39, 69)	(-80, 0)	(-40, -69)	(40, -69)	circle	red	same	left	left	(-40, -69)	(80, 0)	search	nr	True	929759	930430	left	135	110	85	60	160	35	None	None	testing
5	zh	m	19	red	5	(80, 0)	(40, 69)	(-39, 69)	(-80, 0)	(-40, -69)	(40, -69)	circle	red	dif	right	right	(-40, -69)	(80, 0)	probe	tar	None	None	None	None	160	35	60	135	10	85	(80, 0)	29	testing
5	zh	m	19	red	5	(80, 0)	(40, 69)	(-39, 69)	(-80, 0)	(-40, -69)	(40, -69)	diamond	none	same	left	left	N_dist	(40, -69)	probe	h_norm	None	None	None	None	110	35	135	60	160	85	(-40, -69)	28	testing
5	zh	m	19	red	5	(80, 0)	(40, 69)	(-39, 69)	(-80, 0)	(-40, -69)	(40, -69)	diamond	red	dif	left	left	(-40, -69)	(40, 69)	probe	h_sin	None	None	None	None	135	110	60	10	85	160	(-40, -69)	116	testing
5	zh	m	19	red	5	(80, 0)	(40, 69)	(-39, 69)	(-80, 0)	(-40, -69)	(40, -69)	circle	red	same	left	left	(-40, -69)	(-80, 0)	search	nr	True	953786	954846	left	110	60	35	10	85	135	None	None	testing
5	zh	m	19	red	5	(80, 0)	(40, 69)	(-39, 69)	(-80, 0)	(-40, -69)	(40, -69)	diamond	none	same	left	left	N_dist	(-80, 0)	search	nr	True	955990	957134	left	160	10	85	35	60	135	None	None	testing
5	zh	m	19	red	5	(80, 0)	(40, 69)	(-39, 69)	(-80, 0)	(-40, -69)	(40, -69)	diamond	red	same	left	left	(40, -69)	(40, 69)	probe	l_sin	None	None	None	None	60	85	135	35	110	10	(40, -69)	168	testing
5	zh	m	19	red	5	(80, 0)	(40, 69)	(-39, 69)	(-80, 0)	(-40, -69)	(40, -69)	circle	none	dif	left	left	N_dist	(80, 0)	probe	h_norm	None	None	None	None	35	60	110	160	135	85	(-40, -69)	172	testing
5	zh	m	19	red	5	(80, 0)	(40, 69)	(-39, 69)	(-80, 0)	(-40, -69)	(40, -69)	diamond	red	dif	right	right	(-40, -69)	(40, 69)	search	nr	True	973089	973966	right	35	135	85	110	60	10	None	None	testing
5	zh	m	19	red	5	(80, 0)	(40, 69)	(-39, 69)	(-80, 0)	(-40, -69)	(40, -69)	diamond	red	same	right	right	(-40, -69)	(40, -69)	probe	tar	None	None	None	None	10	85	60	110	35	160	(40, -69)	29	testing
5	zh	m	19	red	5	(80, 0)	(40, 69)	(-39, 69)	(-80, 0)	(-40, -69)	(40, -69)	diamond	red	dif	left	left	(-40, -69)	(40, -69)	search	nr	True	982890	983661	left	10	110	85	60	160	135	None	None	testing
5	zh	m	19	red	5	(80, 0)	(40, 69)	(-39, 69)	(-80, 0)	(-40, -69)	(40, -69)	circle	none	same	right	right	N_dist	(-80, 0)	search	nr	True	984893	985724	right	60	160	110	135	35	85	None	None	testing
5	zh	m	19	red	5	(80, 0)	(40, 69)	(-39, 69)	(-80, 0)	(-40, -69)	(40, -69)	diamond	none	same	right	right	N_dist	(-80, 0)	search	nr	True	986947	987837	right	10	160	60	135	35	85	None	None	testing
5	zh	m	19	red	5	(80, 0)	(40, 69)	(-39, 69)	(-80, 0)	(-40, -69)	(40, -69)	circle	red	same	right	right	(-40, -69)	(40, 69)	search	nr	True	989051	989869	right	85	110	35	135	10	160	None	None	testing
5	zh	m	19	red	5	(80, 0)	(40, 69)	(-39, 69)	(-80, 0)	(-40, -69)	(40, -69)	circle	none	dif	right	right	N_dist	(40, -69)	search	nr	True	990988	991629	right	35	60	135	10	160	85	None	None	testing
5	zh	m	19	red	5	(80, 0)	(40, 69)	(-39, 69)	(-80, 0)	(-40, -69)	(40, -69)	diamond	red	dif	left	left	(-40, -69)	(40, -69)	probe	norm	None	None	None	None	35	135	160	60	110	10	(80, 0)	158	testing
5	zh	m	19	red	5	(80, 0)	(40, 69)	(-39, 69)	(-80, 0)	(-40, -69)	(40, -69)	circle	red	dif	right	right	(-40, -69)	(40, 69)	probe	h_sin	None	None	None	None	85	35	10	160	135	60	(-40, -69)	68	testing
5	zh	m	19	red	5	(80, 0)	(40, 69)	(-39, 69)	(-80, 0)	(-40, -69)	(40, -69)	diamond	red	dif	right	right	(-40, -69)	(40, 69)	probe	tar	None	None	None	None	60	135	160	110	85	10	(40, 69)	20	testing
5	zh	m	19	red	5	(80, 0)	(40, 69)	(-39, 69)	(-80, 0)	(-40, -69)	(40, -69)	diamond	red	dif	right	right	(-40, -69)	(-39, 69)	search	nr	True	1016351	1017197	right	10	85	110	35	60	135	None	None	testing
5	zh	m	19	red	5	(80, 0)	(40, 69)	(-39, 69)	(-80, 0)	(-40, -69)	(40, -69)	circle	red	same	right	right	(-40, -69)	(40, -69)	search	nr	True	1018405	1019197	right	10	35	110	135	85	60	None	None	testing
5	zh	m	19	red	5	(80, 0)	(40, 69)	(-39, 69)	(-80, 0)	(-40, -69)	(40, -69)	diamond	red	dif	right	right	(-40, -69)	(-39, 69)	search	nr	True	1020375	1021165	right	135	110	10	85	160	60	None	None	testing
5	zh	m	19	red	5	(80, 0)	(40, 69)	(-39, 69)	(-80, 0)	(-40, -69)	(40, -69)	diamond	red	same	left	left	(80, 0)	(40, 69)	search	nr	True	1022412	1023086	left	10	60	135	160	35	85	None	None	testing
5	zh	m	19	red	5	(80, 0)	(40, 69)	(-39, 69)	(-80, 0)	(-40, -69)	(40, -69)	diamond	red	dif	left	left	(-40, -69)	(40, -69)	search	nr	True	1024265	1024973	left	160	110	60	85	35	135	None	None	testing
5	zh	m	19	red	5	(80, 0)	(40, 69)	(-39, 69)	(-80, 0)	(-40, -69)	(40, -69)	circle	red	same	left	left	(40, 69)	(-39, 69)	probe	l_sin	None	None	None	None	35	85	110	10	160	135	(40, 69)	170	testing
5	zh	m	19	red	5	(80, 0)	(40, 69)	(-39, 69)	(-80, 0)	(-40, -69)	(40, -69)	circle	none	same	left	left	N_dist	(-40, -69)	search	nr	True	1031379	1032109	left	85	160	35	110	60	135	None	None	testing
5	zh	m	19	red	5	(80, 0)	(40, 69)	(-39, 69)	(-80, 0)	(-40, -69)	(40, -69)	circle	red	same	right	right	(40, -69)	(-80, 0)	probe	norm	None	None	None	None	135	110	10	85	160	60	(80, 0)	20	testing
5	zh	m	19	red	5	(80, 0)	(40, 69)	(-39, 69)	(-80, 0)	(-40, -69)	(40, -69)	diamond	none	dif	right	right	N_dist	(40, -69)	probe	l_tar	None	None	None	None	135	160	10	35	110	60	(40, -69)	163	testing
5	zh	m	19	red	5	(80, 0)	(40, 69)	(-39, 69)	(-80, 0)	(-40, -69)	(40, -69)	circle	none	dif	right	right	N_dist	(-39, 69)	search	nr	True	1047258	1047997	right	160	60	35	85	10	135	None	None	testing
5	zh	m	19	red	5	(80, 0)	(40, 69)	(-39, 69)	(-80, 0)	(-40, -69)	(40, -69)	diamond	red	dif	left	left	(-40, -69)	(-80, 0)	search	nr	True	1049212	1050189	left	160	110	85	60	10	135	None	None	testing
5	zh	m	19	red	5	(80, 0)	(40, 69)	(-39, 69)	(-80, 0)	(-40, -69)	(40, -69)	circle	none	dif	left	left	N_dist	(40, 69)	search	nr	True	1051449	1052254	left	60	110	35	85	10	160	None	None	testing
5	zh	m	19	red	5	(80, 0)	(40, 69)	(-39, 69)	(-80, 0)	(-40, -69)	(40, -69)	circle	red	same	right	right	(-40, -69)	(40, -69)	search	nr	True	1053420	1054205	right	110	35	160	10	135	60	None	None	testing
5	zh	m	19	red	5	(80, 0)	(40, 69)	(-39, 69)	(-80, 0)	(-40, -69)	(40, -69)	diamond	none	same	left	left	N_dist	(-80, 0)	probe	l_tar	None	None	None	None	60	160	35	135	10	110	(-80, 0)	18	testing
5	zh	m	19	red	5	(80, 0)	(40, 69)	(-39, 69)	(-80, 0)	(-40, -69)	(40, -69)	diamond	red	dif	left	left	(-40, -69)	(40, 69)	search	nr	True	1062402	1063134	left	160	60	110	85	135	35	None	None	testing
5	zh	m	19	red	5	(80, 0)	(40, 69)	(-39, 69)	(-80, 0)	(-40, -69)	(40, -69)	circle	red	same	right	right	(-40, -69)	(-39, 69)	probe	h_sin	None	None	None	None	160	85	60	10	110	135	(-40, -69)	14	testing
5	zh	m	19	red	5	(80, 0)	(40, 69)	(-39, 69)	(-80, 0)	(-40, -69)	(40, -69)	diamond	red	dif	left	left	(-40, -69)	(-39, 69)	search	nr	True	1070868	1071693	left	160	135	35	85	110	60	None	None	testing
5	zh	m	19	red	5	(80, 0)	(40, 69)	(-39, 69)	(-80, 0)	(-40, -69)	(40, -69)	diamond	red	dif	right	right	(-40, -69)	(40, 69)	probe	norm	None	None	None	None	110	135	160	10	85	60	(40, -69)	156	testing
5	zh	m	19	red	5	(80, 0)	(40, 69)	(-39, 69)	(-80, 0)	(-40, -69)	(40, -69)	diamond	red	same	right	right	(80, 0)	(-39, 69)	search	nr	True	1079534	1080590	right	35	160	135	10	60	85	None	None	testing
5	zh	m	19	red	5	(80, 0)	(40, 69)	(-39, 69)	(-80, 0)	(-40, -69)	(40, -69)	diamond	none	same	right	right	N_dist	(-40, -69)	search	nr	True	1081738	1082589	right	35	135	60	110	10	85	None	None	testing
5	zh	m	19	red	5	(80, 0)	(40, 69)	(-39, 69)	(-80, 0)	(-40, -69)	(40, -69)	diamond	none	dif	left	left	N_dist	(-39, 69)	search	nr	True	1083691	1084445	left	35	160	85	110	60	10	None	None	testing
5	zh	m	19	red	5	(80, 0)	(40, 69)	(-39, 69)	(-80, 0)	(-40, -69)	(40, -69)	circle	none	same	left	left	N_dist	(40, 69)	probe	h_norm	None	None	None	None	60	35	85	110	135	10	(-40, -69)	12	testing
5	zh	m	19	red	5	(80, 0)	(40, 69)	(-39, 69)	(-80, 0)	(-40, -69)	(40, -69)	circle	red	dif	right	right	(-80, 0)	(40, 69)	search	nr	True	1091673	1092732	right	160	135	60	10	35	110	None	None	testing
5	zh	m	19	red	5	(80, 0)	(40, 69)	(-39, 69)	(-80, 0)	(-40, -69)	(40, -69)	diamond	none	dif	right	right	N_dist	(80, 0)	probe	l_norm	None	None	None	None	110	10	60	85	135	160	(-80, 0)	174	testing
5	zh	m	19	red	5	(80, 0)	(40, 69)	(-39, 69)	(-80, 0)	(-40, -69)	(40, -69)	diamond	red	same	right	right	(-40, -69)	(80, 0)	search	nr	True	1099388	1100173	right	110	135	60	10	85	35	None	None	testing
5	zh	m	19	red	5	(80, 0)	(40, 69)	(-39, 69)	(-80, 0)	(-40, -69)	(40, -69)	circle	none	same	right	right	N_dist	(-39, 69)	search	nr	True	1101357	1102557	right	35	10	160	135	110	85	None	None	testing
5	zh	m	19	red	5	(80, 0)	(40, 69)	(-39, 69)	(-80, 0)	(-40, -69)	(40, -69)	diamond	none	same	right	right	N_dist	(80, 0)	probe	h_norm	None	None	None	None	160	60	10	35	110	135	(-40, -69)	16	testing
5	zh	m	19	red	5	(80, 0)	(40, 69)	(-39, 69)	(-80, 0)	(-40, -69)	(40, -69)	diamond	none	same	right	right	N_dist	(80, 0)	probe	h_norm	None	None	None	None	10	110	60	160	85	135	(-40, -69)	170	testing
5	zh	m	19	red	5	(80, 0)	(40, 69)	(-39, 69)	(-80, 0)	(-40, -69)	(40, -69)	circle	none	same	right	right	N_dist	(-39, 69)	search	nr	True	1122213	1122925	right	85	135	110	60	35	160	None	None	testing
5	zh	m	19	red	5	(80, 0)	(40, 69)	(-39, 69)	(-80, 0)	(-40, -69)	(40, -69)	circle	red	dif	left	left	(-40, -69)	(80, 0)	probe	h_sin	None	None	None	None	160	35	85	60	135	110	(-40, -69)	168	testing
5	zh	m	19	red	5	(80, 0)	(40, 69)	(-39, 69)	(-80, 0)	(-40, -69)	(40, -69)	circle	red	dif	right	right	(-40, -69)	(-80, 0)	search	nr	True	1135186	1135917	right	10	135	85	35	110	60	None	None	testing
5	zh	m	19	red	5	(80, 0)	(40, 69)	(-39, 69)	(-80, 0)	(-40, -69)	(40, -69)	diamond	none	same	right	right	N_dist	(40, -69)	probe	l_norm	None	None	None	None	35	10	160	110	85	135	(-80, 0)	14	testing
5	zh	m	19	red	5	(80, 0)	(40, 69)	(-39, 69)	(-80, 0)	(-40, -69)	(40, -69)	diamond	red	same	left	left	(-40, -69)	(-80, 0)	probe	norm	None	None	None	None	35	60	135	110	10	85	(40, 69)	62	testing
5	zh	m	19	red	5	(80, 0)	(40, 69)	(-39, 69)	(-80, 0)	(-40, -69)	(40, -69)	circle	none	same	right	right	N_dist	(-39, 69)	probe	h_norm	None	None	None	None	135	160	35	110	85	10	(-40, -69)	164	testing
5	zh	m	19	red	5	(80, 0)	(40, 69)	(-39, 69)	(-80, 0)	(-40, -69)	(40, -69)	circle	red	same	right	right	(-40, -69)	(40, -69)	search	nr	True	1165275	1165949	right	110	160	85	60	135	10	None	None	testing
5	zh	m	19	red	5	(80, 0)	(40, 69)	(-39, 69)	(-80, 0)	(-40, -69)	(40, -69)	diamond	none	dif	right	right	N_dist	(80, 0)	search	nr	True	1167145	1167917	right	35	160	10	85	135	60	None	None	testing
5	zh	m	19	red	5	(80, 0)	(40, 69)	(-39, 69)	(-80, 0)	(-40, -69)	(40, -69)	circle	red	dif	left	left	(-39, 69)	(-80, 0)	search	nr	True	1169166	1170140	left	110	10	85	160	35	60	None	None	testing
5	zh	m	19	red	5	(80, 0)	(40, 69)	(-39, 69)	(-80, 0)	(-40, -69)	(40, -69)	circle	red	same	right	right	(-40, -69)	(40, 69)	probe	norm	None	None	None	None	110	135	35	60	10	160	(80, 0)	17	testing
5	zh	m	19	red	5	(80, 0)	(40, 69)	(-39, 69)	(-80, 0)	(-40, -69)	(40, -69)	circle	red	dif	left	left	(-80, 0)	(40, -69)	search	nr	True	1176963	1177741	left	135	60	110	160	35	85	None	None	testing
5	zh	m	19	red	5	(80, 0)	(40, 69)	(-39, 69)	(-80, 0)	(-40, -69)	(40, -69)	diamond	none	dif	right	right	N_dist	(-40, -69)	search	nr	True	1178833	1179645	right	110	35	60	85	10	135	None	None	testing
5	zh	m	19	red	5	(80, 0)	(40, 69)	(-39, 69)	(-80, 0)	(-40, -69)	(40, -69)	circle	red	same	right	right	(-40, -69)	(-80, 0)	search	nr	True	1180870	1181550	right	160	85	110	135	35	60	None	None	testing
5	zh	m	19	red	5	(80, 0)	(40, 69)	(-39, 69)	(-80, 0)	(-40, -69)	(40, -69)	circle	none	same	left	left	N_dist	(-40, -69)	probe	h_tar	None	None	None	None	160	35	135	60	10	110	(-40, -69)	148	testing
5	zh	m	19	red	5	(80, 0)	(40, 69)	(-39, 69)	(-80, 0)	(-40, -69)	(40, -69)	diamond	none	dif	left	left	N_dist	(80, 0)	search	nr	True	1190388	1191101	left	135	110	160	10	35	85	None	None	testing
5	zh	m	19	red	5	(80, 0)	(40, 69)	(-39, 69)	(-80, 0)	(-40, -69)	(40, -69)	diamond	none	dif	left	left	N_dist	(40, -69)	probe	l_norm	None	None	None	None	10	35	160	85	135	110	(80, 0)	149	testing
5	zh	m	19	red	5	(80, 0)	(40, 69)	(-39, 69)	(-80, 0)	(-40, -69)	(40, -69)	diamond	red	same	right	right	(-40, -69)	(40, -69)	probe	tar	None	None	None	None	35	110	85	135	160	10	(40, -69)	62	testing
5	zh	m	19	red	5	(80, 0)	(40, 69)	(-39, 69)	(-80, 0)	(-40, -69)	(40, -69)	diamond	red	dif	right	right	(-40, -69)	(40, 69)	search	nr	True	1206851	1207517	right	35	160	110	85	60	135	None	None	testing
5	zh	m	19	red	5	(80, 0)	(40, 69)	(-39, 69)	(-80, 0)	(-40, -69)	(40, -69)	diamond	red	dif	left	left	(-40, -69)	(-39, 69)	search	nr	True	1208672	1209308	left	135	85	110	35	60	10	None	None	testing
5	zh	m	19	red	5	(80, 0)	(40, 69)	(-39, 69)	(-80, 0)	(-40, -69)	(40, -69)	diamond	red	dif	right	right	(-39, 69)	(40, 69)	search	nr	True	1210458	1211245	right	110	10	85	60	160	35	None	None	testing
5	zh	m	19	red	5	(80, 0)	(40, 69)	(-39, 69)	(-80, 0)	(-40, -69)	(40, -69)	circle	red	same	right	right	(40, 69)	(80, 0)	search	nr	True	1212545	1213277	right	85	135	60	35	10	160	None	None	testing
5	zh	m	19	red	5	(80, 0)	(40, 69)	(-39, 69)	(-80, 0)	(-40, -69)	(40, -69)	circle	red	same	right	right	(-40, -69)	(40, 69)	search	nr	True	1214482	1215197	right	35	85	135	110	160	10	None	None	testing
5	zh	m	19	red	5	(80, 0)	(40, 69)	(-39, 69)	(-80, 0)	(-40, -69)	(40, -69)	diamond	red	same	left	left	(-39, 69)	(-80, 0)	search	nr	True	1216352	1217229	left	110	10	35	135	60	160	None	None	testing
5	zh	m	19	red	5	(80, 0)	(40, 69)	(-39, 69)	(-80, 0)	(-40, -69)	(40, -69)	circle	red	dif	right	right	(-40, -69)	(40, 69)	search	nr	True	1218523	1219197	right	110	85	35	60	135	160	None	None	testing
5	zh	m	19	red	5	(80, 0)	(40, 69)	(-39, 69)	(-80, 0)	(-40, -69)	(40, -69)	diamond	red	same	right	right	(-40, -69)	(-80, 0)	search	nr	True	1220460	1221453	right	35	135	60	85	160	10	None	None	testing
5	zh	m	19	red	5	(80, 0)	(40, 69)	(-39, 69)	(-80, 0)	(-40, -69)	(40, -69)	diamond	none	same	left	left	N_dist	(40, -69)	probe	l_norm	None	None	None	None	85	60	160	110	10	35	(40, 69)	162	testing
5	zh	m	19	red	5	(80, 0)	(40, 69)	(-39, 69)	(-80, 0)	(-40, -69)	(40, -69)	circle	red	dif	left	left	(-40, -69)	(80, 0)	search	nr	True	1228174	1228973	left	85	10	35	160	60	110	None	None	testing
5	zh	m	19	red	5	(80, 0)	(40, 69)	(-39, 69)	(-80, 0)	(-40, -69)	(40, -69)	circle	red	dif	right	right	(40, -69)	(-39, 69)	probe	tar	None	None	None	None	85	60	135	35	160	110	(-39, 69)	17	testing
5	zh	m	19	red	5	(80, 0)	(40, 69)	(-39, 69)	(-80, 0)	(-40, -69)	(40, -69)	circle	none	same	left	left	N_dist	(-80, 0)	search	nr	True	1235588	1236349	left	85	160	10	60	110	135	None	None	testing
5	zh	m	19	red	5	(80, 0)	(40, 69)	(-39, 69)	(-80, 0)	(-40, -69)	(40, -69)	circle	red	same	left	left	(-40, -69)	(-39, 69)	probe	tar	None	None	None	None	160	110	35	10	135	85	(-39, 69)	161	testing
5	zh	m	19	red	5	(80, 0)	(40, 69)	(-39, 69)	(-80, 0)	(-40, -69)	(40, -69)	circle	none	dif	right	right	N_dist	(40, 69)	probe	l_norm	None	None	None	None	85	160	35	10	110	60	(-80, 0)	146	testing
5	zh	m	19	red	5	(80, 0)	(40, 69)	(-39, 69)	(-80, 0)	(-40, -69)	(40, -69)	circle	red	dif	right	right	(40, -69)	(-39, 69)	search	nr	True	1250932	1251661	right	85	135	10	60	35	110	None	None	testing
5	zh	m	19	red	5	(80, 0)	(40, 69)	(-39, 69)	(-80, 0)	(-40, -69)	(40, -69)	circle	red	same	left	left	(40, 69)	(-39, 69)	search	nr	True	1252836	1253629	left	10	60	110	135	35	85	None	None	testing
5	zh	m	19	red	5	(80, 0)	(40, 69)	(-39, 69)	(-80, 0)	(-40, -69)	(40, -69)	diamond	none	dif	left	left	N_dist	(-40, -69)	search	nr	True	1254890	1255853	left	10	35	160	135	60	85	None	None	testing
5	zh	m	19	red	5	(80, 0)	(40, 69)	(-39, 69)	(-80, 0)	(-40, -69)	(40, -69)	diamond	red	same	right	right	(-39, 69)	(40, -69)	search	nr	True	1257011	1257821	right	135	110	35	85	10	60	None	None	testing
5	zh	m	19	red	5	(80, 0)	(40, 69)	(-39, 69)	(-80, 0)	(-40, -69)	(40, -69)	diamond	none	same	left	left	N_dist	(-40, -69)	probe	h_tar	None	None	None	None	110	10	60	35	135	160	(-40, -69)	21	testing
5	zh	m	19	red	5	(80, 0)	(40, 69)	(-39, 69)	(-80, 0)	(-40, -69)	(40, -69)	circle	none	same	left	left	N_dist	(-40, -69)	search	nr	True	1264724	1265517	left	135	85	110	60	10	35	None	None	testing
5	zh	m	19	red	5	(80, 0)	(40, 69)	(-39, 69)	(-80, 0)	(-40, -69)	(40, -69)	diamond	none	same	right	right	N_dist	(80, 0)	search	nr	True	1266661	1267421	right	110	85	160	60	35	135	None	None	testing
5	zh	m	19	red	5	(80, 0)	(40, 69)	(-39, 69)	(-80, 0)	(-40, -69)	(40, -69)	circle	none	same	left	left	N_dist	(40, 69)	search	nr	True	1268648	1269501	left	10	160	35	60	85	135	None	None	testing
5	zh	m	19	red	5	(80, 0)	(40, 69)	(-39, 69)	(-80, 0)	(-40, -69)	(40, -69)	circle	none	dif	right	right	N_dist	(-39, 69)	search	nr	True	1270619	1271262	right	110	35	135	85	10	60	None	None	testing
5	zh	m	19	red	5	(80, 0)	(40, 69)	(-39, 69)	(-80, 0)	(-40, -69)	(40, -69)	circle	red	dif	left	left	(-40, -69)	(40, -69)	search	nr	True	1272405	1273165	left	110	85	160	35	135	10	None	None	testing
5	zh	m	19	red	5	(80, 0)	(40, 69)	(-39, 69)	(-80, 0)	(-40, -69)	(40, -69)	circle	red	same	right	right	(-40, -69)	(40, -69)	probe	h_sin	None	None	None	None	135	110	85	35	60	160	(-40, -69)	160	testing
5	zh	m	19	red	5	(80, 0)	(40, 69)	(-39, 69)	(-80, 0)	(-40, -69)	(40, -69)	diamond	red	same	right	right	(-39, 69)	(40, -69)	search	nr	True	1282440	1283213	right	35	135	60	110	160	85	None	None	testing
5	zh	m	19	red	5	(80, 0)	(40, 69)	(-39, 69)	(-80, 0)	(-40, -69)	(40, -69)	diamond	none	same	right	right	N_dist	(80, 0)	search	nr	True	1284327	1285229	right	160	10	60	135	110	35	None	None	testing
5	zh	m	19	red	5	(80, 0)	(40, 69)	(-39, 69)	(-80, 0)	(-40, -69)	(40, -69)	circle	red	same	right	right	(40, 69)	(-39, 69)	probe	l_sin	None	None	None	None	160	85	110	60	135	10	(40, 69)	167	testing
5	zh	m	19	red	5	(80, 0)	(40, 69)	(-39, 69)	(-80, 0)	(-40, -69)	(40, -69)	circle	red	same	right	right	(-40, -69)	(40, -69)	search	nr	True	1292108	1292861	right	160	110	60	135	35	10	None	None	testing
5	zh	m	19	red	5	(80, 0)	(40, 69)	(-39, 69)	(-80, 0)	(-40, -69)	(40, -69)	circle	red	same	left	left	(-40, -69)	(80, 0)	search	nr	True	1294079	1294717	left	35	60	160	110	10	135	None	None	testing
5	zh	m	19	red	5	(80, 0)	(40, 69)	(-39, 69)	(-80, 0)	(-40, -69)	(40, -69)	circle	none	dif	right	right	N_dist	(-80, 0)	search	nr	True	1295815	1296493	right	160	10	85	35	135	60	None	None	testing
5	zh	m	19	red	5	(80, 0)	(40, 69)	(-39, 69)	(-80, 0)	(-40, -69)	(40, -69)	diamond	red	same	right	right	(80, 0)	(-39, 69)	probe	l_sin	None	None	None	None	135	35	85	110	60	160	(80, 0)	14	testing
5	zh	m	19	red	5	(80, 0)	(40, 69)	(-39, 69)	(-80, 0)	(-40, -69)	(40, -69)	diamond	none	same	left	left	N_dist	(-40, -69)	search	nr	True	1303630	1304381	left	60	160	85	110	35	10	None	None	testing
5	zh	m	19	red	5	(80, 0)	(40, 69)	(-39, 69)	(-80, 0)	(-40, -69)	(40, -69)	diamond	red	dif	right	right	(-40, -69)	(80, 0)	search	nr	True	1305616	1306205	right	85	35	110	135	10	160	None	None	testing
5	zh	m	19	red	5	(80, 0)	(40, 69)	(-39, 69)	(-80, 0)	(-40, -69)	(40, -69)	diamond	red	same	right	right	(-40, -69)	(80, 0)	search	nr	True	1307336	1307933	right	85	35	110	10	135	60	None	None	testing
5	zh	m	19	red	5	(80, 0)	(40, 69)	(-39, 69)	(-80, 0)	(-40, -69)	(40, -69)	circle	red	same	left	left	(-40, -69)	(-39, 69)	search	nr	True	1309056	1310028	left	135	35	110	10	160	60	None	None	testing
5	zh	m	19	red	5	(80, 0)	(40, 69)	(-39, 69)	(-80, 0)	(-40, -69)	(40, -69)	circle	red	dif	left	left	(-40, -69)	(40, 69)	search	nr	True	1311160	1311821	left	85	35	110	160	135	60	None	None	testing
5	zh	m	19	red	5	(80, 0)	(40, 69)	(-39, 69)	(-80, 0)	(-40, -69)	(40, -69)	circle	red	same	left	left	(40, -69)	(40, 69)	probe	tar	None	None	None	None	85	110	35	10	135	60	(40, 69)	14	testing
5	zh	m	19	red	5	(80, 0)	(40, 69)	(-39, 69)	(-80, 0)	(-40, -69)	(40, -69)	diamond	none	dif	left	left	N_dist	(40, -69)	search	nr	True	1318490	1319437	left	135	160	10	60	35	110	None	None	testing
5	zh	m	19	red	5	(80, 0)	(40, 69)	(-39, 69)	(-80, 0)	(-40, -69)	(40, -69)	diamond	red	same	right	right	(-40, -69)	(-80, 0)	search	nr	True	1320610	1321437	right	160	110	135	10	35	85	None	None	testing
5	zh	m	19	red	5	(80, 0)	(40, 69)	(-39, 69)	(-80, 0)	(-40, -69)	(40, -69)	circle	red	same	right	right	(-80, 0)	(-39, 69)	search	nr	True	1322497	1323436	right	10	85	135	35	160	110	None	None	testing
5	zh	m	19	red	5	(80, 0)	(40, 69)	(-39, 69)	(-80, 0)	(-40, -69)	(40, -69)	circle	red	dif	left	left	(40, -69)	(40, 69)	probe	l_sin	None	None	None	None	10	60	110	35	160	135	(40, -69)	59	testing
5	zh	m	19	red	5	(80, 0)	(40, 69)	(-39, 69)	(-80, 0)	(-40, -69)	(40, -69)	circle	red	dif	left	left	(-40, -69)	(40, 69)	probe	norm	None	None	None	None	10	35	85	110	135	60	(-80, 0)	170	testing
5	zh	m	19	red	5	(80, 0)	(40, 69)	(-39, 69)	(-80, 0)	(-40, -69)	(40, -69)	circle	red	dif	right	right	(80, 0)	(-80, 0)	probe	l_sin	None	None	None	None	135	35	10	110	60	160	(80, 0)	25	testing
5	zh	m	19	red	5	(80, 0)	(40, 69)	(-39, 69)	(-80, 0)	(-40, -69)	(40, -69)	circle	none	same	left	left	N_dist	(-80, 0)	probe	l_norm	None	None	None	None	60	35	10	110	85	135	(-39, 69)	32	testing
5	zh	m	19	red	5	(80, 0)	(40, 69)	(-39, 69)	(-80, 0)	(-40, -69)	(40, -69)	circle	red	dif	right	right	(-40, -69)	(-80, 0)	search	nr	True	1355575	1356669	right	135	60	160	35	10	85	None	None	testing
5	zh	m	19	red	5	(80, 0)	(40, 69)	(-39, 69)	(-80, 0)	(-40, -69)	(40, -69)	circle	red	same	left	left	(-40, -69)	(-39, 69)	search	nr	True	1357913	1358605	left	10	60	85	160	35	135	None	None	testing
5	zh	m	19	red	5	(80, 0)	(40, 69)	(-39, 69)	(-80, 0)	(-40, -69)	(40, -69)	diamond	red	dif	left	left	(-40, -69)	(-80, 0)	search	nr	True	1359732	1360749	left	85	35	110	160	60	10	None	None	testing
5	zh	m	19	red	5	(80, 0)	(40, 69)	(-39, 69)	(-80, 0)	(-40, -69)	(40, -69)	diamond	none	same	right	right	N_dist	(-40, -69)	probe	h_tar	None	None	None	None	60	10	160	135	35	85	(-40, -69)	156	testing
5	zh	m	19	red	5	(80, 0)	(40, 69)	(-39, 69)	(-80, 0)	(-40, -69)	(40, -69)	diamond	none	dif	left	left	N_dist	(-39, 69)	probe	l_tar	None	None	None	None	160	10	35	135	85	60	(-39, 69)	156	testing
5	zh	m	19	red	5	(80, 0)	(40, 69)	(-39, 69)	(-80, 0)	(-40, -69)	(40, -69)	diamond	red	same	left	left	(-40, -69)	(-80, 0)	search	nr	True	1378968	1379757	left	160	35	60	85	135	10	None	None	testing
5	zh	m	19	red	5	(80, 0)	(40, 69)	(-39, 69)	(-80, 0)	(-40, -69)	(40, -69)	circle	none	same	right	right	N_dist	(-39, 69)	probe	l_norm	None	None	None	None	10	160	135	35	60	110	(40, -69)	156	testing
5	zh	m	19	red	5	(80, 0)	(40, 69)	(-39, 69)	(-80, 0)	(-40, -69)	(40, -69)	diamond	red	dif	left	left	(-40, -69)	(-39, 69)	search	nr	True	1388035	1388845	left	60	110	160	135	10	35	None	None	testing
5	zh	m	19	red	5	(80, 0)	(40, 69)	(-39, 69)	(-80, 0)	(-40, -69)	(40, -69)	circle	none	dif	right	right	N_dist	(-80, 0)	search	nr	True	1390055	1390765	right	35	60	110	10	85	135	None	None	testing
5	zh	m	19	red	5	(80, 0)	(40, 69)	(-39, 69)	(-80, 0)	(-40, -69)	(40, -69)	diamond	none	same	right	right	N_dist	(40, -69)	search	nr	True	1391908	1392733	right	110	160	35	85	10	60	None	None	testing
5	zh	m	19	red	5	(80, 0)	(40, 69)	(-39, 69)	(-80, 0)	(-40, -69)	(40, -69)	circle	none	dif	left	left	N_dist	(80, 0)	probe	l_tar	None	None	None	None	60	85	110	10	35	160	(80, 0)	163	testing
5	zh	m	19	red	5	(80, 0)	(40, 69)	(-39, 69)	(-80, 0)	(-40, -69)	(40, -69)	diamond	red	dif	left	left	(-40, -69)	(-39, 69)	probe	tar	None	None	None	None	60	85	160	135	110	10	(-39, 69)	30	testing
5	zh	m	19	red	5	(80, 0)	(40, 69)	(-39, 69)	(-80, 0)	(-40, -69)	(40, -69)	diamond	none	same	left	left	N_dist	(40, -69)	search	nr	True	1405166	1406077	left	135	10	110	35	60	160	None	None	testing
5	zh	m	19	red	5	(80, 0)	(40, 69)	(-39, 69)	(-80, 0)	(-40, -69)	(40, -69)	diamond	none	same	right	right	N_dist	(-80, 0)	probe	h_norm	None	None	None	None	85	135	160	60	35	110	(-40, -69)	151	testing
5	zh	m	19	red	5	(80, 0)	(40, 69)	(-39, 69)	(-80, 0)	(-40, -69)	(40, -69)	diamond	red	same	right	right	(-40, -69)	(40, -69)	search	nr	True	1413565	1414397	right	160	10	135	110	35	60	None	None	testing
5	zh	m	19	red	5	(80, 0)	(40, 69)	(-39, 69)	(-80, 0)	(-40, -69)	(40, -69)	circle	none	dif	left	left	N_dist	(-39, 69)	probe	l_norm	None	None	None	None	60	10	135	160	110	85	(40, -69)	12	testing
5	zh	m	19	red	5	(80, 0)	(40, 69)	(-39, 69)	(-80, 0)	(-40, -69)	(40, -69)	circle	red	dif	right	right	(-40, -69)	(40, 69)	probe	norm	None	None	None	None	110	60	10	135	85	160	(80, 0)	15	testing
5	zh	m	19	red	5	(80, 0)	(40, 69)	(-39, 69)	(-80, 0)	(-40, -69)	(40, -69)	circle	none	same	right	right	N_dist	(-80, 0)	probe	h_norm	None	None	None	None	10	110	160	35	60	85	(-40, -69)	171	testing
5	zh	m	19	red	5	(80, 0)	(40, 69)	(-39, 69)	(-80, 0)	(-40, -69)	(40, -69)	circle	red	same	right	right	(-80, 0)	(-39, 69)	probe	l_sin	None	None	None	None	35	160	135	60	10	110	(-80, 0)	162	testing
5	zh	m	19	red	5	(80, 0)	(40, 69)	(-39, 69)	(-80, 0)	(-40, -69)	(40, -69)	diamond	none	same	left	left	N_dist	(-40, -69)	search	nr	True	1444688	1445581	left	10	110	60	35	160	85	None	None	testing
5	zh	m	19	red	5	(80, 0)	(40, 69)	(-39, 69)	(-80, 0)	(-40, -69)	(40, -69)	diamond	red	dif	right	right	(-40, -69)	(80, 0)	search	nr	True	1446760	1447341	right	35	85	160	110	135	60	None	None	testing
