subj	name	gender	age	dist	run	tar_locs1	tar_locs2	tar_locs3	tar_locs4	tar_locs5	tar_locs6	shape	dist	td_dif	detection	resp_key	dis_loc	tar_loc	task_type	probe_cond	gotKey	startTime	respTime	resp	o1	o2	o3	o4	o5	o6	pro_loc	ori_resp	mode
6	dd	f	20	green	4	(80, 0)	(40, 69)	(-39, 69)	(-80, 0)	(-40, -69)	(40, -69)	diamond	none	dif	right	right	N_dist	(-39, 69)	search	nr	True	322483	323423	right	35	160	135	110	85	60	None	None	practice
6	dd	f	20	green	4	(80, 0)	(40, 69)	(-39, 69)	(-80, 0)	(-40, -69)	(40, -69)	circle	green	dif	right	right	(-80, 0)	(40, 69)	search	nr	True	324637	325615	right	110	10	135	35	60	160	None	None	practice
6	dd	f	20	green	4	(80, 0)	(40, 69)	(-39, 69)	(-80, 0)	(-40, -69)	(40, -69)	circle	green	dif	right	right	(80, 0)	(-39, 69)	search	nr	True	326724	327727	right	110	60	10	135	160	35	None	None	practice
6	dd	f	20	green	4	(80, 0)	(40, 69)	(-39, 69)	(-80, 0)	(-40, -69)	(40, -69)	circle	none	same	left	left	N_dist	(80, 0)	search	nr	True	328961	329872	left	135	110	35	85	10	60	None	None	practice
6	dd	f	20	green	4	(80, 0)	(40, 69)	(-39, 69)	(-80, 0)	(-40, -69)	(40, -69)	circle	green	same	left	left	(40, -69)	(-39, 69)	search	nr	True	331048	331855	left	160	10	135	110	35	85	None	None	practice
6	dd	f	20	green	4	(80, 0)	(40, 69)	(-39, 69)	(-80, 0)	(-40, -69)	(40, -69)	diamond	green	same	right	right	(40, -69)	(-40, -69)	search	nr	True	332952	334000	right	60	160	85	110	10	35	None	None	practice
6	dd	f	20	green	4	(80, 0)	(40, 69)	(-39, 69)	(-80, 0)	(-40, -69)	(40, -69)	diamond	green	dif	right	right	(-80, 0)	(-40, -69)	search	nr	True	335290	336319	right	60	160	85	10	110	35	None	None	practice
6	dd	f	20	green	4	(80, 0)	(40, 69)	(-39, 69)	(-80, 0)	(-40, -69)	(40, -69)	circle	green	dif	right	right	(40, -69)	(40, 69)	search	nr	True	337527	338527	right	160	85	60	10	135	35	None	None	practice
6	dd	f	20	green	4	(80, 0)	(40, 69)	(-39, 69)	(-80, 0)	(-40, -69)	(40, -69)	circle	green	dif	left	left	(-40, -69)	(40, 69)	search	nr	True	339782	340591	left	10	85	135	35	110	60	None	None	practice
6	dd	f	20	green	4	(80, 0)	(40, 69)	(-39, 69)	(-80, 0)	(-40, -69)	(40, -69)	circle	none	dif	left	left	N_dist	(-40, -69)	search	nr	True	341685	342542	left	85	10	60	35	110	135	None	None	practice
6	dd	f	20	green	4	(80, 0)	(40, 69)	(-39, 69)	(-80, 0)	(-40, -69)	(40, -69)	circle	none	dif	left	left	N_dist	(40, -69)	search	nr	True	343755	344575	left	85	60	110	10	135	160	None	None	practice
6	dd	f	20	green	4	(80, 0)	(40, 69)	(-39, 69)	(-80, 0)	(-40, -69)	(40, -69)	diamond	green	dif	left	left	(40, 69)	(-80, 0)	search	nr	True	345809	346991	left	160	110	135	10	35	85	None	None	practice
6	dd	f	20	green	4	(80, 0)	(40, 69)	(-39, 69)	(-80, 0)	(-40, -69)	(40, -69)	circle	green	dif	right	right	(40, -69)	(-40, -69)	search	nr	True	348114	349007	right	60	110	135	35	10	85	None	None	practice
6	dd	f	20	green	4	(80, 0)	(40, 69)	(-39, 69)	(-80, 0)	(-40, -69)	(40, -69)	circle	green	dif	left	left	(-80, 0)	(-39, 69)	search	nr	True	350133	351087	left	10	160	85	135	35	60	None	None	practice
6	dd	f	20	green	4	(80, 0)	(40, 69)	(-39, 69)	(-80, 0)	(-40, -69)	(40, -69)	diamond	none	same	left	left	N_dist	(-80, 0)	search	nr	True	352321	353231	left	10	60	135	160	85	110	None	None	practice
6	dd	f	20	green	4	(80, 0)	(40, 69)	(-39, 69)	(-80, 0)	(-40, -69)	(40, -69)	circle	none	same	right	right	N_dist	(-80, 0)	search	nr	True	354325	355119	right	10	60	85	110	135	35	None	None	practice
6	dd	f	20	green	4	(80, 0)	(40, 69)	(-39, 69)	(-80, 0)	(-40, -69)	(40, -69)	circle	none	same	right	right	N_dist	(-80, 0)	search	nr	True	356195	357183	right	10	85	35	160	135	110	None	None	practice
6	dd	f	20	green	4	(80, 0)	(40, 69)	(-39, 69)	(-80, 0)	(-40, -69)	(40, -69)	circle	green	same	left	left	(40, -69)	(-40, -69)	search	nr	True	358382	359166	left	85	160	10	110	60	35	None	None	practice
6	dd	f	20	green	4	(80, 0)	(40, 69)	(-39, 69)	(-80, 0)	(-40, -69)	(40, -69)	circle	none	dif	left	left	N_dist	(40, -69)	search	nr	True	360252	361135	left	160	135	35	10	60	85	None	None	practice
6	dd	f	20	green	4	(80, 0)	(40, 69)	(-39, 69)	(-80, 0)	(-40, -69)	(40, -69)	diamond	green	dif	right	right	(40, 69)	(-39, 69)	probe	l_sin	None	None	None	None	35	160	110	85	60	135	(40, 69)	28	practice
6	dd	f	20	green	4	(80, 0)	(40, 69)	(-39, 69)	(-80, 0)	(-40, -69)	(40, -69)	circle	green	same	right	right	(80, 0)	(40, 69)	probe	l_sin	None	None	None	None	85	60	135	35	160	110	(80, 0)	167	practice
6	dd	f	20	green	4	(80, 0)	(40, 69)	(-39, 69)	(-80, 0)	(-40, -69)	(40, -69)	diamond	none	dif	left	left	N_dist	(-40, -69)	probe	h_norm	None	None	None	None	10	160	135	35	85	60	(40, -69)	172	practice
6	dd	f	20	green	4	(80, 0)	(40, 69)	(-39, 69)	(-80, 0)	(-40, -69)	(40, -69)	circle	green	dif	right	right	(-80, 0)	(40, 69)	probe	tar	None	None	None	None	10	35	85	110	135	60	(40, 69)	150	practice
6	dd	f	20	green	4	(80, 0)	(40, 69)	(-39, 69)	(-80, 0)	(-40, -69)	(40, -69)	circle	none	same	right	right	N_dist	(-80, 0)	probe	l_norm	None	None	None	None	35	10	160	60	135	85	(80, 0)	159	practice
6	dd	f	20	green	4	(80, 0)	(40, 69)	(-39, 69)	(-80, 0)	(-40, -69)	(40, -69)	circle	none	same	right	right	N_dist	(-80, 0)	search	nr	True	386517	387311	right	135	110	160	60	10	35	None	None	practice
6	dd	f	20	green	4	(80, 0)	(40, 69)	(-39, 69)	(-80, 0)	(-40, -69)	(40, -69)	diamond	green	same	right	right	(40, -69)	(40, 69)	search	nr	True	388387	389262	right	160	110	135	85	35	60	None	None	practice
6	dd	f	20	green	4	(80, 0)	(40, 69)	(-39, 69)	(-80, 0)	(-40, -69)	(40, -69)	circle	none	dif	left	left	N_dist	(-39, 69)	search	nr	True	390558	391342	left	160	60	110	85	35	10	None	None	practice
6	dd	f	20	green	4	(80, 0)	(40, 69)	(-39, 69)	(-80, 0)	(-40, -69)	(40, -69)	diamond	none	dif	right	right	N_dist	(80, 0)	search	nr	True	392579	393711	right	110	135	10	85	60	35	None	None	practice
6	dd	f	20	green	4	(80, 0)	(40, 69)	(-39, 69)	(-80, 0)	(-40, -69)	(40, -69)	diamond	green	same	right	right	(40, -69)	(-40, -69)	search	nr	True	395016	395872	right	60	135	35	85	10	110	None	None	practice
6	dd	f	20	green	4	(80, 0)	(40, 69)	(-39, 69)	(-80, 0)	(-40, -69)	(40, -69)	diamond	none	dif	right	right	N_dist	(-40, -69)	search	nr	True	396987	398399	right	110	60	10	85	160	35	None	None	practice
6	dd	f	20	green	4	(80, 0)	(40, 69)	(-39, 69)	(-80, 0)	(-40, -69)	(40, -69)	diamond	none	dif	left	left	N_dist	(80, 0)	search	nr	True	399591	400687	left	160	35	135	110	10	60	None	None	practice
6	dd	f	20	green	4	(80, 0)	(40, 69)	(-39, 69)	(-80, 0)	(-40, -69)	(40, -69)	circle	none	dif	right	right	N_dist	(-40, -69)	search	nr	True	401746	402798	right	60	35	160	10	85	135	None	None	practice
6	dd	f	20	green	4	(80, 0)	(40, 69)	(-39, 69)	(-80, 0)	(-40, -69)	(40, -69)	circle	none	same	right	right	N_dist	(-39, 69)	search	nr	True	403950	404927	right	35	10	60	160	85	110	None	None	practice
6	dd	f	20	green	4	(80, 0)	(40, 69)	(-39, 69)	(-80, 0)	(-40, -69)	(40, -69)	diamond	none	dif	left	left	N_dist	(-40, -69)	search	nr	True	406070	406975	left	85	60	10	135	35	160	None	None	practice
6	dd	f	20	green	4	(80, 0)	(40, 69)	(-39, 69)	(-80, 0)	(-40, -69)	(40, -69)	circle	none	dif	right	right	N_dist	(40, 69)	search	nr	True	408173	409199	right	135	160	35	85	10	110	None	None	practice
6	dd	f	20	green	4	(80, 0)	(40, 69)	(-39, 69)	(-80, 0)	(-40, -69)	(40, -69)	diamond	green	dif	left	left	(40, -69)	(-39, 69)	search	nr	True	410412	411615	left	135	110	10	160	85	35	None	None	practice
6	dd	f	20	green	4	(80, 0)	(40, 69)	(-39, 69)	(-80, 0)	(-40, -69)	(40, -69)	diamond	green	dif	left	left	(40, 69)	(-40, -69)	search	nr	True	412899	413791	left	10	135	85	110	60	35	None	None	practice
6	dd	f	20	green	4	(80, 0)	(40, 69)	(-39, 69)	(-80, 0)	(-40, -69)	(40, -69)	diamond	green	dif	left	left	(40, -69)	(80, 0)	search	nr	True	414936	415919	left	10	60	135	35	85	110	None	None	practice
6	dd	f	20	green	4	(80, 0)	(40, 69)	(-39, 69)	(-80, 0)	(-40, -69)	(40, -69)	circle	green	dif	left	left	(40, -69)	(-39, 69)	probe	tar	None	None	None	None	85	160	110	135	10	60	(-39, 69)	15	practice
6	dd	f	20	green	4	(80, 0)	(40, 69)	(-39, 69)	(-80, 0)	(-40, -69)	(40, -69)	diamond	none	dif	right	right	N_dist	(-39, 69)	search	nr	True	421715	422431	right	160	10	35	85	60	110	None	None	practice
6	dd	f	20	green	4	(80, 0)	(40, 69)	(-39, 69)	(-80, 0)	(-40, -69)	(40, -69)	circle	green	dif	right	right	(-80, 0)	(40, 69)	search	nr	True	441802	442687	right	60	10	110	160	85	35	None	None	testing
6	dd	f	20	green	4	(80, 0)	(40, 69)	(-39, 69)	(-80, 0)	(-40, -69)	(40, -69)	circle	none	dif	left	left	N_dist	(40, 69)	search	nr	True	443823	444496	left	110	35	10	135	160	60	None	None	testing
6	dd	f	20	green	4	(80, 0)	(40, 69)	(-39, 69)	(-80, 0)	(-40, -69)	(40, -69)	circle	green	dif	right	right	(40, -69)	(40, 69)	search	nr	True	445592	446288	right	35	160	85	10	110	60	None	None	testing
6	dd	f	20	green	4	(80, 0)	(40, 69)	(-39, 69)	(-80, 0)	(-40, -69)	(40, -69)	diamond	none	same	left	left	N_dist	(-80, 0)	probe	l_norm	None	None	None	None	135	160	60	35	85	10	(-39, 69)	164	testing
6	dd	f	20	green	4	(80, 0)	(40, 69)	(-39, 69)	(-80, 0)	(-40, -69)	(40, -69)	diamond	green	dif	left	left	(40, -69)	(-40, -69)	search	nr	True	451753	452591	left	160	35	135	110	10	60	None	None	testing
6	dd	f	20	green	4	(80, 0)	(40, 69)	(-39, 69)	(-80, 0)	(-40, -69)	(40, -69)	diamond	green	same	left	left	(80, 0)	(40, 69)	search	nr	True	453875	454607	left	35	160	60	110	10	85	None	None	testing
6	dd	f	20	green	4	(80, 0)	(40, 69)	(-39, 69)	(-80, 0)	(-40, -69)	(40, -69)	diamond	green	dif	left	left	(40, -69)	(40, 69)	probe	h_sin	None	None	None	None	110	60	135	85	10	160	(40, -69)	26	testing
6	dd	f	20	green	4	(80, 0)	(40, 69)	(-39, 69)	(-80, 0)	(-40, -69)	(40, -69)	circle	green	same	right	right	(40, -69)	(80, 0)	search	nr	True	460586	461519	right	60	135	10	110	35	160	None	None	testing
6	dd	f	20	green	4	(80, 0)	(40, 69)	(-39, 69)	(-80, 0)	(-40, -69)	(40, -69)	diamond	none	dif	right	right	N_dist	(-40, -69)	search	nr	True	462624	463599	right	135	35	85	110	160	10	None	None	testing
6	dd	f	20	green	4	(80, 0)	(40, 69)	(-39, 69)	(-80, 0)	(-40, -69)	(40, -69)	circle	none	same	left	left	N_dist	(-80, 0)	probe	l_norm	None	None	None	None	60	10	160	135	110	35	(-39, 69)	28	testing
6	dd	f	20	green	4	(80, 0)	(40, 69)	(-39, 69)	(-80, 0)	(-40, -69)	(40, -69)	circle	none	same	right	right	N_dist	(-39, 69)	search	nr	True	467900	468959	right	160	135	85	110	10	35	None	None	testing
6	dd	f	20	green	4	(80, 0)	(40, 69)	(-39, 69)	(-80, 0)	(-40, -69)	(40, -69)	circle	green	dif	left	left	(40, -69)	(-40, -69)	search	nr	True	470071	471007	left	160	60	35	10	110	85	None	None	testing
6	dd	f	20	green	4	(80, 0)	(40, 69)	(-39, 69)	(-80, 0)	(-40, -69)	(40, -69)	circle	green	dif	right	right	(40, -69)	(40, 69)	probe	norm	None	None	None	None	135	85	160	60	110	10	(-80, 0)	169	testing
6	dd	f	20	green	4	(80, 0)	(40, 69)	(-39, 69)	(-80, 0)	(-40, -69)	(40, -69)	diamond	green	dif	right	right	(-80, 0)	(-40, -69)	probe	tar	None	None	None	None	60	135	10	110	35	160	(-40, -69)	151	testing
6	dd	f	20	green	4	(80, 0)	(40, 69)	(-39, 69)	(-80, 0)	(-40, -69)	(40, -69)	circle	none	same	right	right	N_dist	(-39, 69)	probe	l_norm	None	None	None	None	35	60	110	135	85	160	(40, 69)	161	testing
6	dd	f	20	green	4	(80, 0)	(40, 69)	(-39, 69)	(-80, 0)	(-40, -69)	(40, -69)	circle	green	same	right	right	(-40, -69)	(40, 69)	search	nr	True	485817	486624	right	10	85	60	35	135	160	None	None	testing
6	dd	f	20	green	4	(80, 0)	(40, 69)	(-39, 69)	(-80, 0)	(-40, -69)	(40, -69)	diamond	none	same	right	right	N_dist	(40, -69)	search	nr	True	487770	488832	right	110	160	135	85	60	10	None	None	testing
6	dd	f	20	green	4	(80, 0)	(40, 69)	(-39, 69)	(-80, 0)	(-40, -69)	(40, -69)	circle	none	dif	right	right	N_dist	(-39, 69)	probe	h_norm	None	None	None	None	60	35	10	110	160	85	(40, -69)	9	testing
6	dd	f	20	green	4	(80, 0)	(40, 69)	(-39, 69)	(-80, 0)	(-40, -69)	(40, -69)	diamond	green	dif	right	right	(40, -69)	(-40, -69)	search	nr	True	494783	495919	right	85	135	160	60	10	110	None	None	testing
6	dd	f	20	green	4	(80, 0)	(40, 69)	(-39, 69)	(-80, 0)	(-40, -69)	(40, -69)	circle	none	dif	left	left	N_dist	(40, 69)	search	nr	True	497003	498431	left	10	110	85	35	60	135	None	None	testing
6	dd	f	20	green	4	(80, 0)	(40, 69)	(-39, 69)	(-80, 0)	(-40, -69)	(40, -69)	circle	none	same	right	right	N_dist	(-80, 0)	probe	l_tar	None	None	None	None	135	60	110	35	160	10	(-80, 0)	157	testing
6	dd	f	20	green	4	(80, 0)	(40, 69)	(-39, 69)	(-80, 0)	(-40, -69)	(40, -69)	diamond	green	dif	right	right	(-39, 69)	(80, 0)	probe	norm	None	None	None	None	10	60	160	35	85	135	(40, 69)	160	testing
6	dd	f	20	green	4	(80, 0)	(40, 69)	(-39, 69)	(-80, 0)	(-40, -69)	(40, -69)	diamond	none	dif	right	right	N_dist	(-80, 0)	probe	l_norm	None	None	None	None	10	135	160	60	35	85	(40, 69)	21	testing
6	dd	f	20	green	4	(80, 0)	(40, 69)	(-39, 69)	(-80, 0)	(-40, -69)	(40, -69)	diamond	green	same	right	right	(-39, 69)	(-40, -69)	probe	tar	None	None	None	None	60	35	85	160	10	110	(-40, -69)	143	testing
6	dd	f	20	green	4	(80, 0)	(40, 69)	(-39, 69)	(-80, 0)	(-40, -69)	(40, -69)	circle	green	same	left	left	(40, -69)	(-39, 69)	search	nr	True	517725	518527	left	60	160	85	110	10	35	None	None	testing
6	dd	f	20	green	4	(80, 0)	(40, 69)	(-39, 69)	(-80, 0)	(-40, -69)	(40, -69)	diamond	green	same	right	right	(40, -69)	(-39, 69)	search	nr	True	519795	520590	right	10	60	110	135	160	35	None	None	testing
6	dd	f	20	green	4	(80, 0)	(40, 69)	(-39, 69)	(-80, 0)	(-40, -69)	(40, -69)	diamond	none	same	left	left	N_dist	(80, 0)	search	nr	True	521733	522447	left	85	135	160	10	110	35	None	None	testing
6	dd	f	20	green	4	(80, 0)	(40, 69)	(-39, 69)	(-80, 0)	(-40, -69)	(40, -69)	diamond	green	dif	right	right	(40, -69)	(80, 0)	probe	norm	None	None	None	None	10	160	85	110	135	35	(-80, 0)	14	testing
6	dd	f	20	green	4	(80, 0)	(40, 69)	(-39, 69)	(-80, 0)	(-40, -69)	(40, -69)	circle	green	dif	left	left	(40, -69)	(80, 0)	search	nr	True	527443	528208	left	110	135	85	10	60	160	None	None	testing
6	dd	f	20	green	4	(80, 0)	(40, 69)	(-39, 69)	(-80, 0)	(-40, -69)	(40, -69)	circle	green	dif	right	right	(40, -69)	(80, 0)	search	nr	True	529263	530223	right	135	35	60	110	160	10	None	None	testing
6	dd	f	20	green	4	(80, 0)	(40, 69)	(-39, 69)	(-80, 0)	(-40, -69)	(40, -69)	diamond	none	dif	left	left	N_dist	(80, 0)	search	nr	True	531467	532175	left	35	10	160	110	135	60	None	None	testing
6	dd	f	20	green	4	(80, 0)	(40, 69)	(-39, 69)	(-80, 0)	(-40, -69)	(40, -69)	circle	green	same	right	right	(-40, -69)	(40, 69)	search	nr	True	533321	534208	right	60	10	160	35	85	110	None	None	testing
6	dd	f	20	green	4	(80, 0)	(40, 69)	(-39, 69)	(-80, 0)	(-40, -69)	(40, -69)	diamond	green	dif	left	left	(40, -69)	(-39, 69)	search	nr	True	535375	536111	left	85	35	10	160	110	60	None	None	testing
6	dd	f	20	green	4	(80, 0)	(40, 69)	(-39, 69)	(-80, 0)	(-40, -69)	(40, -69)	diamond	green	dif	left	left	(40, -69)	(40, 69)	probe	norm	None	None	None	None	110	60	85	35	135	160	(-39, 69)	8	testing
6	dd	f	20	green	4	(80, 0)	(40, 69)	(-39, 69)	(-80, 0)	(-40, -69)	(40, -69)	circle	green	same	left	left	(40, 69)	(-40, -69)	probe	tar	None	None	None	None	60	85	160	35	10	110	(-40, -69)	53	testing
6	dd	f	20	green	4	(80, 0)	(40, 69)	(-39, 69)	(-80, 0)	(-40, -69)	(40, -69)	diamond	none	dif	left	left	N_dist	(-40, -69)	search	nr	True	547964	548704	left	60	85	35	110	10	160	None	None	testing
6	dd	f	20	green	4	(80, 0)	(40, 69)	(-39, 69)	(-80, 0)	(-40, -69)	(40, -69)	circle	green	same	left	left	(40, -69)	(-39, 69)	probe	tar	None	None	None	None	10	135	35	85	60	160	(-39, 69)	159	testing
6	dd	f	20	green	4	(80, 0)	(40, 69)	(-39, 69)	(-80, 0)	(-40, -69)	(40, -69)	diamond	green	dif	left	left	(40, -69)	(40, 69)	search	nr	True	554208	555007	left	35	110	60	85	160	135	None	None	testing
6	dd	f	20	green	4	(80, 0)	(40, 69)	(-39, 69)	(-80, 0)	(-40, -69)	(40, -69)	diamond	none	dif	left	left	N_dist	(-40, -69)	probe	h_norm	None	None	None	None	35	160	60	10	135	110	(40, -69)	13	testing
6	dd	f	20	green	4	(80, 0)	(40, 69)	(-39, 69)	(-80, 0)	(-40, -69)	(40, -69)	diamond	green	dif	right	right	(40, -69)	(80, 0)	search	nr	True	560053	560719	right	60	110	10	135	85	35	None	None	testing
6	dd	f	20	green	4	(80, 0)	(40, 69)	(-39, 69)	(-80, 0)	(-40, -69)	(40, -69)	circle	none	same	left	left	N_dist	(-80, 0)	search	nr	True	561823	562686	left	10	110	160	85	135	60	None	None	testing
6	dd	f	20	green	4	(80, 0)	(40, 69)	(-39, 69)	(-80, 0)	(-40, -69)	(40, -69)	diamond	green	same	right	right	(40, 69)	(-80, 0)	search	nr	True	563743	565215	right	160	60	85	35	110	10	None	None	testing
6	dd	f	20	green	4	(80, 0)	(40, 69)	(-39, 69)	(-80, 0)	(-40, -69)	(40, -69)	diamond	green	dif	left	left	(40, -69)	(-39, 69)	probe	norm	None	None	None	None	110	85	160	135	60	10	(-40, -69)	164	testing
6	dd	f	20	green	4	(80, 0)	(40, 69)	(-39, 69)	(-80, 0)	(-40, -69)	(40, -69)	circle	none	dif	right	right	N_dist	(40, 69)	search	nr	True	570372	571087	right	35	160	85	60	10	110	None	None	testing
6	dd	f	20	green	4	(80, 0)	(40, 69)	(-39, 69)	(-80, 0)	(-40, -69)	(40, -69)	circle	none	dif	left	left	N_dist	(-39, 69)	search	nr	True	572242	573007	left	60	85	160	135	110	10	None	None	testing
6	dd	f	20	green	4	(80, 0)	(40, 69)	(-39, 69)	(-80, 0)	(-40, -69)	(40, -69)	circle	green	same	right	right	(80, 0)	(-80, 0)	search	nr	True	574079	574895	right	10	135	160	35	110	85	None	None	testing
6	dd	f	20	green	4	(80, 0)	(40, 69)	(-39, 69)	(-80, 0)	(-40, -69)	(40, -69)	circle	green	dif	left	left	(40, -69)	(-39, 69)	search	nr	True	576183	576912	left	60	135	85	10	110	35	None	None	testing
6	dd	f	20	green	4	(80, 0)	(40, 69)	(-39, 69)	(-80, 0)	(-40, -69)	(40, -69)	circle	green	dif	right	right	(40, -69)	(80, 0)	search	nr	True	578103	578975	right	135	60	110	10	85	160	None	None	testing
6	dd	f	20	green	4	(80, 0)	(40, 69)	(-39, 69)	(-80, 0)	(-40, -69)	(40, -69)	diamond	none	same	left	left	N_dist	(40, 69)	search	nr	True	580207	581023	left	35	60	85	135	10	110	None	None	testing
6	dd	f	20	green	4	(80, 0)	(40, 69)	(-39, 69)	(-80, 0)	(-40, -69)	(40, -69)	diamond	green	same	right	right	(40, -69)	(-39, 69)	probe	tar	None	None	None	None	10	160	35	110	85	135	(-39, 69)	157	testing
6	dd	f	20	green	4	(80, 0)	(40, 69)	(-39, 69)	(-80, 0)	(-40, -69)	(40, -69)	circle	green	same	right	right	(40, -69)	(-39, 69)	search	nr	True	586452	587327	right	135	60	10	85	110	35	None	None	testing
6	dd	f	20	green	4	(80, 0)	(40, 69)	(-39, 69)	(-80, 0)	(-40, -69)	(40, -69)	diamond	green	same	right	right	(40, -69)	(40, 69)	probe	tar	None	None	None	None	135	60	160	110	85	10	(40, 69)	156	testing
6	dd	f	20	green	4	(80, 0)	(40, 69)	(-39, 69)	(-80, 0)	(-40, -69)	(40, -69)	circle	none	dif	left	left	N_dist	(40, -69)	probe	h_tar	None	None	None	None	110	135	85	160	35	10	(40, -69)	149	testing
6	dd	f	20	green	4	(80, 0)	(40, 69)	(-39, 69)	(-80, 0)	(-40, -69)	(40, -69)	diamond	green	same	left	left	(40, -69)	(-80, 0)	search	nr	True	596955	597727	left	110	160	60	135	85	10	None	None	testing
6	dd	f	20	green	4	(80, 0)	(40, 69)	(-39, 69)	(-80, 0)	(-40, -69)	(40, -69)	diamond	none	dif	right	right	N_dist	(80, 0)	probe	h_norm	None	None	None	None	10	35	160	110	60	85	(40, -69)	11	testing
6	dd	f	20	green	4	(80, 0)	(40, 69)	(-39, 69)	(-80, 0)	(-40, -69)	(40, -69)	diamond	none	same	left	left	N_dist	(40, -69)	probe	h_tar	None	None	None	None	135	160	110	10	60	35	(40, -69)	150	testing
6	dd	f	20	green	4	(80, 0)	(40, 69)	(-39, 69)	(-80, 0)	(-40, -69)	(40, -69)	diamond	green	same	right	right	(40, -69)	(-80, 0)	search	nr	True	607658	608447	right	60	110	135	85	35	10	None	None	testing
6	dd	f	20	green	4	(80, 0)	(40, 69)	(-39, 69)	(-80, 0)	(-40, -69)	(40, -69)	circle	green	dif	left	left	(-40, -69)	(40, 69)	search	nr	True	609611	610350	left	10	160	135	85	110	60	None	None	testing
6	dd	f	20	green	4	(80, 0)	(40, 69)	(-39, 69)	(-80, 0)	(-40, -69)	(40, -69)	circle	green	same	right	right	(40, -69)	(-39, 69)	probe	tar	None	None	None	None	160	60	110	135	85	35	(-39, 69)	10	testing
6	dd	f	20	green	4	(80, 0)	(40, 69)	(-39, 69)	(-80, 0)	(-40, -69)	(40, -69)	diamond	none	dif	right	right	N_dist	(-39, 69)	search	nr	True	615338	616047	right	60	10	160	110	85	135	None	None	testing
6	dd	f	20	green	4	(80, 0)	(40, 69)	(-39, 69)	(-80, 0)	(-40, -69)	(40, -69)	diamond	green	same	left	left	(40, -69)	(40, 69)	search	nr	True	617108	617839	left	110	60	35	135	85	160	None	None	testing
6	dd	f	20	green	4	(80, 0)	(40, 69)	(-39, 69)	(-80, 0)	(-40, -69)	(40, -69)	diamond	none	dif	right	right	N_dist	(80, 0)	search	nr	True	619095	619791	right	60	35	10	85	160	110	None	None	testing
6	dd	f	20	green	4	(80, 0)	(40, 69)	(-39, 69)	(-80, 0)	(-40, -69)	(40, -69)	circle	none	dif	left	left	N_dist	(-39, 69)	probe	h_norm	None	None	None	None	160	85	135	60	35	110	(40, -69)	5	testing
6	dd	f	20	green	4	(80, 0)	(40, 69)	(-39, 69)	(-80, 0)	(-40, -69)	(40, -69)	circle	green	same	right	right	(40, -69)	(80, 0)	search	nr	True	626409	627551	right	160	85	10	135	35	60	None	None	testing
6	dd	f	20	green	4	(80, 0)	(40, 69)	(-39, 69)	(-80, 0)	(-40, -69)	(40, -69)	circle	green	dif	right	right	(40, -69)	(80, 0)	probe	norm	None	None	None	None	160	35	135	60	110	85	(-40, -69)	11	testing
6	dd	f	20	green	4	(80, 0)	(40, 69)	(-39, 69)	(-80, 0)	(-40, -69)	(40, -69)	diamond	green	dif	right	right	(40, -69)	(80, 0)	search	nr	True	632720	633535	right	160	60	135	10	85	35	None	None	testing
6	dd	f	20	green	4	(80, 0)	(40, 69)	(-39, 69)	(-80, 0)	(-40, -69)	(40, -69)	circle	none	same	left	left	N_dist	(80, 0)	probe	h_norm	None	None	None	None	135	35	110	85	60	160	(40, -69)	29	testing
6	dd	f	20	green	4	(80, 0)	(40, 69)	(-39, 69)	(-80, 0)	(-40, -69)	(40, -69)	diamond	green	same	left	left	(40, -69)	(-40, -69)	search	nr	True	639900	640687	left	10	160	135	60	85	35	None	None	testing
6	dd	f	20	green	4	(80, 0)	(40, 69)	(-39, 69)	(-80, 0)	(-40, -69)	(40, -69)	circle	green	same	right	right	(-80, 0)	(-39, 69)	probe	l_sin	None	None	None	None	35	160	85	60	135	110	(-80, 0)	170	testing
6	dd	f	20	green	4	(80, 0)	(40, 69)	(-39, 69)	(-80, 0)	(-40, -69)	(40, -69)	circle	none	same	left	left	N_dist	(-80, 0)	search	nr	True	646078	646895	left	85	10	110	135	160	60	None	None	testing
6	dd	f	20	green	4	(80, 0)	(40, 69)	(-39, 69)	(-80, 0)	(-40, -69)	(40, -69)	diamond	green	same	right	right	(40, 69)	(-80, 0)	search	nr	True	648115	648991	right	160	10	85	135	60	110	None	None	testing
6	dd	f	20	green	4	(80, 0)	(40, 69)	(-39, 69)	(-80, 0)	(-40, -69)	(40, -69)	circle	green	dif	left	left	(40, -69)	(-40, -69)	probe	norm	None	None	None	None	135	160	60	85	110	35	(80, 0)	18	testing
6	dd	f	20	green	4	(80, 0)	(40, 69)	(-39, 69)	(-80, 0)	(-40, -69)	(40, -69)	diamond	green	same	left	left	(40, -69)	(-80, 0)	search	nr	True	655278	656063	left	110	35	160	60	10	135	None	None	testing
6	dd	f	20	green	4	(80, 0)	(40, 69)	(-39, 69)	(-80, 0)	(-40, -69)	(40, -69)	diamond	green	dif	right	right	(-80, 0)	(-40, -69)	search	nr	True	657215	658303	right	110	135	85	10	160	35	None	None	testing
6	dd	f	20	green	4	(80, 0)	(40, 69)	(-39, 69)	(-80, 0)	(-40, -69)	(40, -69)	diamond	green	same	left	left	(40, -69)	(-80, 0)	probe	norm	None	None	None	None	160	60	10	85	110	35	(-39, 69)	154	testing
6	dd	f	20	green	4	(80, 0)	(40, 69)	(-39, 69)	(-80, 0)	(-40, -69)	(40, -69)	diamond	green	same	left	left	(40, -69)	(-40, -69)	probe	h_sin	None	None	None	None	135	35	110	160	60	85	(40, -69)	167	testing
6	dd	f	20	green	4	(80, 0)	(40, 69)	(-39, 69)	(-80, 0)	(-40, -69)	(40, -69)	circle	green	same	left	left	(40, -69)	(-40, -69)	probe	tar	None	None	None	None	110	35	10	85	160	60	(-40, -69)	36	testing
6	dd	f	20	green	4	(80, 0)	(40, 69)	(-39, 69)	(-80, 0)	(-40, -69)	(40, -69)	diamond	none	dif	left	left	N_dist	(40, -69)	probe	h_tar	None	None	None	None	135	85	60	160	35	10	(40, -69)	143	testing
6	dd	f	20	green	4	(80, 0)	(40, 69)	(-39, 69)	(-80, 0)	(-40, -69)	(40, -69)	circle	green	dif	left	left	(40, -69)	(-40, -69)	search	nr	True	677636	678479	left	85	160	135	60	110	35	None	None	testing
6	dd	f	20	green	4	(80, 0)	(40, 69)	(-39, 69)	(-80, 0)	(-40, -69)	(40, -69)	diamond	green	same	right	right	(40, -69)	(-80, 0)	search	nr	True	679657	680703	right	160	135	35	85	10	110	None	None	testing
6	dd	f	20	green	4	(80, 0)	(40, 69)	(-39, 69)	(-80, 0)	(-40, -69)	(40, -69)	diamond	green	same	left	left	(40, -69)	(-80, 0)	search	nr	True	681827	682607	left	85	35	60	160	135	110	None	None	testing
6	dd	f	20	green	4	(80, 0)	(40, 69)	(-39, 69)	(-80, 0)	(-40, -69)	(40, -69)	diamond	green	same	left	left	(40, -69)	(-40, -69)	probe	h_sin	None	None	None	None	135	85	35	10	60	110	(40, -69)	11	testing
6	dd	f	20	green	4	(80, 0)	(40, 69)	(-39, 69)	(-80, 0)	(-40, -69)	(40, -69)	diamond	green	dif	right	right	(40, -69)	(-40, -69)	search	nr	True	687754	688719	right	10	110	85	135	35	60	None	None	testing
6	dd	f	20	green	4	(80, 0)	(40, 69)	(-39, 69)	(-80, 0)	(-40, -69)	(40, -69)	circle	none	same	right	right	N_dist	(-80, 0)	search	nr	True	689841	691423	right	135	35	85	160	10	60	None	None	testing
6	dd	f	20	green	4	(80, 0)	(40, 69)	(-39, 69)	(-80, 0)	(-40, -69)	(40, -69)	circle	none	same	right	right	N_dist	(-39, 69)	search	nr	True	692546	693487	right	135	110	85	10	160	60	None	None	testing
6	dd	f	20	green	4	(80, 0)	(40, 69)	(-39, 69)	(-80, 0)	(-40, -69)	(40, -69)	diamond	green	dif	left	left	(40, 69)	(-40, -69)	search	nr	True	694583	695647	left	160	110	135	35	10	60	None	None	testing
6	dd	f	20	green	4	(80, 0)	(40, 69)	(-39, 69)	(-80, 0)	(-40, -69)	(40, -69)	diamond	green	dif	right	right	(-80, 0)	(-40, -69)	search	nr	True	696788	697967	right	35	135	85	160	10	60	None	None	testing
6	dd	f	20	green	4	(80, 0)	(40, 69)	(-39, 69)	(-80, 0)	(-40, -69)	(40, -69)	diamond	green	same	left	left	(80, 0)	(40, 69)	probe	norm	None	None	None	None	85	135	10	60	110	35	(-40, -69)	16	testing
6	dd	f	20	green	4	(80, 0)	(40, 69)	(-39, 69)	(-80, 0)	(-40, -69)	(40, -69)	diamond	green	same	right	right	(80, 0)	(40, 69)	search	nr	True	702882	703711	right	135	35	60	85	10	110	None	None	testing
6	dd	f	20	green	4	(80, 0)	(40, 69)	(-39, 69)	(-80, 0)	(-40, -69)	(40, -69)	diamond	none	same	left	left	N_dist	(80, 0)	search	nr	True	704886	705935	left	35	10	85	160	60	135	None	None	testing
6	dd	f	20	green	4	(80, 0)	(40, 69)	(-39, 69)	(-80, 0)	(-40, -69)	(40, -69)	diamond	none	same	left	left	N_dist	(40, -69)	search	nr	True	707040	708111	left	135	85	35	110	160	10	None	None	testing
6	dd	f	20	green	4	(80, 0)	(40, 69)	(-39, 69)	(-80, 0)	(-40, -69)	(40, -69)	circle	green	dif	left	left	(40, -69)	(-39, 69)	probe	tar	None	None	None	None	160	135	60	35	110	85	(-39, 69)	167	testing
6	dd	f	20	green	4	(80, 0)	(40, 69)	(-39, 69)	(-80, 0)	(-40, -69)	(40, -69)	circle	green	dif	left	left	(40, -69)	(-39, 69)	search	nr	True	713285	714174	left	35	110	160	135	85	60	None	None	testing
6	dd	f	20	green	4	(80, 0)	(40, 69)	(-39, 69)	(-80, 0)	(-40, -69)	(40, -69)	circle	green	dif	right	right	(80, 0)	(-39, 69)	probe	l_sin	None	None	None	None	35	110	60	10	160	135	(80, 0)	148	testing
6	dd	f	20	green	4	(80, 0)	(40, 69)	(-39, 69)	(-80, 0)	(-40, -69)	(40, -69)	diamond	green	dif	right	right	(-40, -69)	(-39, 69)	search	nr	True	719596	720334	right	10	160	110	85	135	60	None	None	testing
6	dd	f	20	green	4	(80, 0)	(40, 69)	(-39, 69)	(-80, 0)	(-40, -69)	(40, -69)	circle	green	same	right	right	(40, -69)	(-39, 69)	search	nr	True	721617	722463	right	35	110	85	60	10	135	None	None	testing
6	dd	f	20	green	4	(80, 0)	(40, 69)	(-39, 69)	(-80, 0)	(-40, -69)	(40, -69)	circle	none	dif	right	right	N_dist	(-40, -69)	probe	l_norm	None	None	None	None	160	110	35	10	60	85	(-80, 0)	48	testing
6	dd	f	20	green	4	(80, 0)	(40, 69)	(-39, 69)	(-80, 0)	(-40, -69)	(40, -69)	circle	none	same	right	right	N_dist	(-80, 0)	search	nr	True	730850	731535	right	10	135	160	110	35	85	None	None	testing
6	dd	f	20	green	4	(80, 0)	(40, 69)	(-39, 69)	(-80, 0)	(-40, -69)	(40, -69)	diamond	green	dif	left	left	(40, -69)	(-39, 69)	search	nr	True	732754	733502	left	110	60	10	160	85	35	None	None	testing
6	dd	f	20	green	4	(80, 0)	(40, 69)	(-39, 69)	(-80, 0)	(-40, -69)	(40, -69)	circle	green	dif	left	left	(40, -69)	(-39, 69)	search	nr	True	734757	735583	left	10	35	60	135	110	160	None	None	testing
6	dd	f	20	green	4	(80, 0)	(40, 69)	(-39, 69)	(-80, 0)	(-40, -69)	(40, -69)	diamond	green	dif	right	right	(40, -69)	(-80, 0)	search	nr	True	736862	737791	right	110	135	85	60	35	160	None	None	testing
6	dd	f	20	green	4	(80, 0)	(40, 69)	(-39, 69)	(-80, 0)	(-40, -69)	(40, -69)	diamond	green	same	right	right	(40, -69)	(80, 0)	probe	norm	None	None	None	None	60	10	135	85	160	110	(-80, 0)	4	testing
6	dd	f	20	green	4	(80, 0)	(40, 69)	(-39, 69)	(-80, 0)	(-40, -69)	(40, -69)	diamond	green	same	left	left	(40, -69)	(-80, 0)	search	nr	True	742672	743407	left	10	110	160	135	35	60	None	None	testing
6	dd	f	20	green	4	(80, 0)	(40, 69)	(-39, 69)	(-80, 0)	(-40, -69)	(40, -69)	diamond	none	dif	right	right	N_dist	(80, 0)	search	nr	True	744526	745263	right	160	135	85	35	60	10	None	None	testing
6	dd	f	20	green	4	(80, 0)	(40, 69)	(-39, 69)	(-80, 0)	(-40, -69)	(40, -69)	diamond	none	same	right	right	N_dist	(40, -69)	search	nr	True	746446	747263	right	110	60	85	160	135	35	None	None	testing
6	dd	f	20	green	4	(80, 0)	(40, 69)	(-39, 69)	(-80, 0)	(-40, -69)	(40, -69)	circle	green	same	left	left	(40, -69)	(-80, 0)	search	nr	True	748333	749359	left	110	135	160	85	35	60	None	None	testing
6	dd	f	20	green	4	(80, 0)	(40, 69)	(-39, 69)	(-80, 0)	(-40, -69)	(40, -69)	diamond	green	dif	right	right	(40, -69)	(80, 0)	search	nr	True	750470	751135	right	110	160	35	85	10	60	None	None	testing
6	dd	f	20	green	4	(80, 0)	(40, 69)	(-39, 69)	(-80, 0)	(-40, -69)	(40, -69)	diamond	green	same	right	right	(-39, 69)	(-40, -69)	search	nr	True	752340	753327	right	135	60	10	160	85	35	None	None	testing
6	dd	f	20	green	4	(80, 0)	(40, 69)	(-39, 69)	(-80, 0)	(-40, -69)	(40, -69)	diamond	green	same	right	right	(40, -69)	(-80, 0)	probe	tar	None	None	None	None	160	35	10	60	110	85	(-80, 0)	168	testing
6	dd	f	20	green	4	(80, 0)	(40, 69)	(-39, 69)	(-80, 0)	(-40, -69)	(40, -69)	diamond	none	dif	right	right	N_dist	(-39, 69)	search	nr	True	758986	759630	right	85	10	35	135	60	160	None	None	testing
6	dd	f	20	green	4	(80, 0)	(40, 69)	(-39, 69)	(-80, 0)	(-40, -69)	(40, -69)	diamond	green	same	left	left	(40, -69)	(-40, -69)	search	nr	True	760839	761598	left	10	135	35	60	110	85	None	None	testing
6	dd	f	20	green	4	(80, 0)	(40, 69)	(-39, 69)	(-80, 0)	(-40, -69)	(40, -69)	circle	green	dif	right	right	(40, -69)	(40, 69)	search	nr	True	762809	763759	right	10	160	110	35	85	135	None	None	testing
6	dd	f	20	green	4	(80, 0)	(40, 69)	(-39, 69)	(-80, 0)	(-40, -69)	(40, -69)	diamond	green	same	right	right	(40, -69)	(40, 69)	search	nr	True	764930	765695	right	60	135	10	35	160	85	None	None	testing
6	dd	f	20	green	4	(80, 0)	(40, 69)	(-39, 69)	(-80, 0)	(-40, -69)	(40, -69)	diamond	green	dif	left	left	(40, -69)	(-40, -69)	probe	h_sin	None	None	None	None	10	160	60	135	110	35	(40, -69)	160	testing
6	dd	f	20	green	4	(80, 0)	(40, 69)	(-39, 69)	(-80, 0)	(-40, -69)	(40, -69)	diamond	green	same	left	left	(40, -69)	(-80, 0)	search	nr	True	770690	771391	left	60	135	10	85	110	35	None	None	testing
6	dd	f	20	green	4	(80, 0)	(40, 69)	(-39, 69)	(-80, 0)	(-40, -69)	(40, -69)	circle	green	same	left	left	(40, -69)	(-39, 69)	search	nr	True	772494	773439	left	35	10	135	85	60	110	None	None	testing
6	dd	f	20	green	4	(80, 0)	(40, 69)	(-39, 69)	(-80, 0)	(-40, -69)	(40, -69)	diamond	green	dif	left	left	(40, -69)	(-39, 69)	search	nr	True	774581	775567	left	35	85	10	110	135	160	None	None	testing
6	dd	f	20	green	4	(80, 0)	(40, 69)	(-39, 69)	(-80, 0)	(-40, -69)	(40, -69)	circle	none	dif	left	left	N_dist	(-80, 0)	search	nr	True	776852	777823	left	160	60	135	10	35	110	None	None	testing
6	dd	f	20	green	4	(80, 0)	(40, 69)	(-39, 69)	(-80, 0)	(-40, -69)	(40, -69)	circle	green	dif	left	left	(-39, 69)	(40, 69)	probe	tar	None	None	None	None	60	135	35	85	10	160	(40, 69)	27	testing
6	dd	f	20	green	4	(80, 0)	(40, 69)	(-39, 69)	(-80, 0)	(-40, -69)	(40, -69)	circle	none	dif	right	right	N_dist	(-40, -69)	search	nr	True	782913	783743	right	135	10	110	85	60	160	None	None	testing
6	dd	f	20	green	4	(80, 0)	(40, 69)	(-39, 69)	(-80, 0)	(-40, -69)	(40, -69)	diamond	green	dif	left	left	(40, -69)	(80, 0)	probe	h_sin	None	None	None	None	135	160	35	60	85	10	(40, -69)	146	testing
6	dd	f	20	green	4	(80, 0)	(40, 69)	(-39, 69)	(-80, 0)	(-40, -69)	(40, -69)	diamond	green	same	left	left	(40, -69)	(40, 69)	search	nr	True	789141	789918	left	60	10	35	160	85	110	None	None	testing
6	dd	f	20	green	4	(80, 0)	(40, 69)	(-39, 69)	(-80, 0)	(-40, -69)	(40, -69)	circle	green	dif	right	right	(-80, 0)	(40, 69)	search	nr	True	791145	792207	right	135	60	35	10	85	110	None	None	testing
6	dd	f	20	green	4	(80, 0)	(40, 69)	(-39, 69)	(-80, 0)	(-40, -69)	(40, -69)	diamond	green	same	left	left	(40, -69)	(40, 69)	search	nr	True	793298	794111	left	160	60	10	85	35	110	None	None	testing
6	dd	f	20	green	4	(80, 0)	(40, 69)	(-39, 69)	(-80, 0)	(-40, -69)	(40, -69)	circle	green	dif	left	left	(40, -69)	(40, 69)	search	nr	True	795236	796351	left	160	10	85	35	110	135	None	None	testing
6	dd	f	20	green	4	(80, 0)	(40, 69)	(-39, 69)	(-80, 0)	(-40, -69)	(40, -69)	circle	none	dif	left	left	N_dist	(-80, 0)	probe	h_norm	None	None	None	None	85	35	60	160	135	10	(40, -69)	148	testing
6	dd	f	20	green	4	(80, 0)	(40, 69)	(-39, 69)	(-80, 0)	(-40, -69)	(40, -69)	circle	none	dif	left	left	N_dist	(40, -69)	search	nr	True	802232	803359	left	35	10	135	60	160	110	None	None	testing
6	dd	f	20	green	4	(80, 0)	(40, 69)	(-39, 69)	(-80, 0)	(-40, -69)	(40, -69)	circle	green	dif	left	left	(-80, 0)	(-39, 69)	probe	l_sin	None	None	None	None	60	160	35	135	10	85	(-80, 0)	12	testing
6	dd	f	20	green	4	(80, 0)	(40, 69)	(-39, 69)	(-80, 0)	(-40, -69)	(40, -69)	circle	green	same	left	left	(-80, 0)	(-40, -69)	search	nr	True	809011	810030	left	110	135	35	160	85	10	None	None	testing
6	dd	f	20	green	4	(80, 0)	(40, 69)	(-39, 69)	(-80, 0)	(-40, -69)	(40, -69)	circle	green	dif	left	left	(40, -69)	(80, 0)	search	nr	True	811198	811887	left	10	135	35	60	110	160	None	None	testing
6	dd	f	20	green	4	(80, 0)	(40, 69)	(-39, 69)	(-80, 0)	(-40, -69)	(40, -69)	diamond	green	same	left	left	(40, -69)	(40, 69)	probe	h_sin	None	None	None	None	35	110	135	160	85	10	(40, -69)	11	testing
6	dd	f	20	green	4	(80, 0)	(40, 69)	(-39, 69)	(-80, 0)	(-40, -69)	(40, -69)	circle	green	same	left	left	(40, -69)	(-39, 69)	search	nr	True	817009	817647	left	10	160	110	135	35	60	None	None	testing
6	dd	f	20	green	4	(80, 0)	(40, 69)	(-39, 69)	(-80, 0)	(-40, -69)	(40, -69)	diamond	green	dif	right	right	(-39, 69)	(80, 0)	search	nr	True	818795	819887	right	85	35	10	60	110	135	None	None	testing
6	dd	f	20	green	4	(80, 0)	(40, 69)	(-39, 69)	(-80, 0)	(-40, -69)	(40, -69)	diamond	green	same	right	right	(40, -69)	(-39, 69)	search	nr	True	821133	822126	right	10	35	60	135	110	160	None	None	testing
6	dd	f	20	green	4	(80, 0)	(40, 69)	(-39, 69)	(-80, 0)	(-40, -69)	(40, -69)	diamond	green	dif	left	left	(40, -69)	(-40, -69)	search	nr	True	823420	824159	left	60	160	110	10	35	135	None	None	testing
6	dd	f	20	green	4	(80, 0)	(40, 69)	(-39, 69)	(-80, 0)	(-40, -69)	(40, -69)	circle	none	same	left	left	N_dist	(80, 0)	search	nr	True	825358	826367	left	85	160	35	10	110	135	None	None	testing
6	dd	f	20	green	4	(80, 0)	(40, 69)	(-39, 69)	(-80, 0)	(-40, -69)	(40, -69)	circle	green	dif	left	left	(-40, -69)	(40, 69)	search	nr	True	827428	828383	left	10	135	160	35	85	60	None	None	testing
6	dd	f	20	green	4	(80, 0)	(40, 69)	(-39, 69)	(-80, 0)	(-40, -69)	(40, -69)	circle	none	same	right	right	N_dist	(80, 0)	probe	l_norm	None	None	None	None	135	60	35	110	160	10	(-80, 0)	10	testing
6	dd	f	20	green	4	(80, 0)	(40, 69)	(-39, 69)	(-80, 0)	(-40, -69)	(40, -69)	circle	green	dif	right	right	(-39, 69)	(-40, -69)	search	nr	True	833255	834191	right	85	35	135	10	110	60	None	None	testing
6	dd	f	20	green	4	(80, 0)	(40, 69)	(-39, 69)	(-80, 0)	(-40, -69)	(40, -69)	circle	green	dif	left	left	(-39, 69)	(40, 69)	search	nr	True	835309	836207	left	60	135	85	35	160	110	None	None	testing
6	dd	f	20	green	4	(80, 0)	(40, 69)	(-39, 69)	(-80, 0)	(-40, -69)	(40, -69)	circle	none	dif	right	right	N_dist	(-40, -69)	search	nr	True	837396	838254	right	35	85	10	110	135	60	None	None	testing
6	dd	f	20	green	4	(80, 0)	(40, 69)	(-39, 69)	(-80, 0)	(-40, -69)	(40, -69)	circle	green	same	left	left	(-40, -69)	(40, 69)	search	nr	True	839467	840287	left	35	135	160	85	110	60	None	None	testing
6	dd	f	20	green	4	(80, 0)	(40, 69)	(-39, 69)	(-80, 0)	(-40, -69)	(40, -69)	circle	green	same	right	right	(40, -69)	(80, 0)	probe	h_sin	None	None	None	None	60	160	135	110	35	10	(40, -69)	143	testing
6	dd	f	20	green	4	(80, 0)	(40, 69)	(-39, 69)	(-80, 0)	(-40, -69)	(40, -69)	diamond	green	dif	right	right	(40, -69)	(-80, 0)	search	nr	True	845261	846126	right	110	10	85	60	35	160	None	None	testing
6	dd	f	20	green	4	(80, 0)	(40, 69)	(-39, 69)	(-80, 0)	(-40, -69)	(40, -69)	diamond	green	dif	right	right	(40, -69)	(-80, 0)	search	nr	True	847381	848223	right	85	35	135	160	60	110	None	None	testing
6	dd	f	20	green	4	(80, 0)	(40, 69)	(-39, 69)	(-80, 0)	(-40, -69)	(40, -69)	circle	none	same	left	left	N_dist	(-40, -69)	search	nr	True	849435	850239	left	160	35	60	10	135	85	None	None	testing
6	dd	f	20	green	4	(80, 0)	(40, 69)	(-39, 69)	(-80, 0)	(-40, -69)	(40, -69)	diamond	green	dif	left	left	(40, -69)	(40, 69)	search	nr	True	851422	852126	left	60	110	10	160	35	135	None	None	testing
6	dd	f	20	green	4	(80, 0)	(40, 69)	(-39, 69)	(-80, 0)	(-40, -69)	(40, -69)	diamond	green	same	left	left	(-39, 69)	(-40, -69)	search	nr	True	853342	854254	left	10	160	135	110	85	60	None	None	testing
6	dd	f	20	green	4	(80, 0)	(40, 69)	(-39, 69)	(-80, 0)	(-40, -69)	(40, -69)	circle	green	dif	left	left	(40, 69)	(-39, 69)	search	nr	True	855346	856462	right	160	135	60	110	35	10	None	None	testing
6	dd	f	20	green	4	(80, 0)	(40, 69)	(-39, 69)	(-80, 0)	(-40, -69)	(40, -69)	diamond	none	same	left	left	N_dist	(-80, 0)	probe	l_tar	None	None	None	None	110	35	135	160	85	60	(-80, 0)	43	testing
6	dd	f	20	green	4	(80, 0)	(40, 69)	(-39, 69)	(-80, 0)	(-40, -69)	(40, -69)	circle	green	same	left	left	(40, -69)	(-40, -69)	search	nr	True	864413	865166	left	135	110	160	35	10	85	None	None	testing
6	dd	f	20	green	4	(80, 0)	(40, 69)	(-39, 69)	(-80, 0)	(-40, -69)	(40, -69)	diamond	green	same	left	left	(80, 0)	(40, 69)	search	nr	True	866299	867231	left	60	110	160	85	135	10	None	None	testing
6	dd	f	20	green	4	(80, 0)	(40, 69)	(-39, 69)	(-80, 0)	(-40, -69)	(40, -69)	circle	none	dif	left	left	N_dist	(-40, -69)	probe	l_norm	None	None	None	None	160	85	35	10	135	60	(-39, 69)	154	testing
6	dd	f	20	green	4	(80, 0)	(40, 69)	(-39, 69)	(-80, 0)	(-40, -69)	(40, -69)	diamond	green	same	right	right	(40, -69)	(40, 69)	search	nr	True	874297	875151	right	85	110	35	60	135	160	None	None	testing
6	dd	f	20	green	4	(80, 0)	(40, 69)	(-39, 69)	(-80, 0)	(-40, -69)	(40, -69)	diamond	green	same	left	left	(40, -69)	(-80, 0)	search	nr	True	876384	877327	left	10	35	85	110	135	60	None	None	testing
6	dd	f	20	green	4	(80, 0)	(40, 69)	(-39, 69)	(-80, 0)	(-40, -69)	(40, -69)	diamond	green	same	right	right	(40, -69)	(80, 0)	search	nr	True	878572	879278	right	10	35	110	135	160	85	None	None	testing
6	dd	f	20	green	4	(80, 0)	(40, 69)	(-39, 69)	(-80, 0)	(-40, -69)	(40, -69)	circle	none	same	left	left	N_dist	(-39, 69)	search	nr	True	880526	881535	left	110	135	35	85	10	160	None	None	testing
6	dd	f	20	green	4	(80, 0)	(40, 69)	(-39, 69)	(-80, 0)	(-40, -69)	(40, -69)	circle	none	dif	right	right	N_dist	(-40, -69)	probe	h_norm	None	None	None	None	10	110	35	85	160	60	(40, -69)	169	testing
6	dd	f	20	green	4	(80, 0)	(40, 69)	(-39, 69)	(-80, 0)	(-40, -69)	(40, -69)	circle	none	same	right	right	N_dist	(-39, 69)	search	nr	True	886586	887327	right	135	35	60	10	85	160	None	None	testing
6	dd	f	20	green	4	(80, 0)	(40, 69)	(-39, 69)	(-80, 0)	(-40, -69)	(40, -69)	circle	green	dif	right	right	(40, -69)	(80, 0)	probe	tar	None	None	None	None	85	135	160	60	110	10	(80, 0)	170	testing
6	dd	f	20	green	4	(80, 0)	(40, 69)	(-39, 69)	(-80, 0)	(-40, -69)	(40, -69)	circle	none	dif	right	right	N_dist	(-39, 69)	search	nr	True	892899	893630	right	60	135	35	160	85	10	None	None	testing
6	dd	f	20	green	4	(80, 0)	(40, 69)	(-39, 69)	(-80, 0)	(-40, -69)	(40, -69)	circle	green	dif	right	right	(80, 0)	(-39, 69)	search	nr	True	894802	895695	right	60	135	85	110	160	10	None	None	testing
6	dd	f	20	green	4	(80, 0)	(40, 69)	(-39, 69)	(-80, 0)	(-40, -69)	(40, -69)	diamond	none	same	right	right	N_dist	(40, 69)	probe	l_tar	None	None	None	None	60	35	160	85	135	110	(40, 69)	155	testing
6	dd	f	20	green	4	(80, 0)	(40, 69)	(-39, 69)	(-80, 0)	(-40, -69)	(40, -69)	diamond	none	same	right	right	N_dist	(40, -69)	probe	h_tar	None	None	None	None	10	60	110	135	160	85	(40, -69)	174	testing
6	dd	f	20	green	4	(80, 0)	(40, 69)	(-39, 69)	(-80, 0)	(-40, -69)	(40, -69)	diamond	green	dif	right	right	(40, -69)	(-40, -69)	probe	tar	None	None	None	None	135	85	160	10	60	110	(-40, -69)	162	testing
6	dd	f	20	green	4	(80, 0)	(40, 69)	(-39, 69)	(-80, 0)	(-40, -69)	(40, -69)	circle	none	dif	right	right	N_dist	(40, 69)	probe	h_norm	None	None	None	None	10	85	35	60	160	135	(40, -69)	20	testing
6	dd	f	20	green	4	(80, 0)	(40, 69)	(-39, 69)	(-80, 0)	(-40, -69)	(40, -69)	circle	green	dif	left	left	(-80, 0)	(-39, 69)	search	nr	True	914405	915247	left	60	110	135	85	35	160	None	None	testing
6	dd	f	20	green	4	(80, 0)	(40, 69)	(-39, 69)	(-80, 0)	(-40, -69)	(40, -69)	diamond	none	same	right	right	N_dist	(40, -69)	search	nr	True	916525	917535	right	110	135	35	10	60	160	None	None	testing
6	dd	f	20	green	4	(80, 0)	(40, 69)	(-39, 69)	(-80, 0)	(-40, -69)	(40, -69)	circle	none	same	right	right	N_dist	(-39, 69)	search	nr	True	918830	919759	right	60	10	135	110	160	35	None	None	testing
6	dd	f	20	green	4	(80, 0)	(40, 69)	(-39, 69)	(-80, 0)	(-40, -69)	(40, -69)	circle	green	same	left	left	(-39, 69)	(80, 0)	search	nr	True	921050	922351	left	160	35	60	110	10	85	None	None	testing
6	dd	f	20	green	4	(80, 0)	(40, 69)	(-39, 69)	(-80, 0)	(-40, -69)	(40, -69)	diamond	none	same	left	left	N_dist	(80, 0)	probe	l_norm	None	None	None	None	85	60	135	10	160	35	(-80, 0)	155	testing
6	dd	f	20	green	4	(80, 0)	(40, 69)	(-39, 69)	(-80, 0)	(-40, -69)	(40, -69)	circle	green	dif	right	right	(-39, 69)	(-40, -69)	search	nr	True	928665	929678	right	10	35	160	135	85	110	None	None	testing
6	dd	f	20	green	4	(80, 0)	(40, 69)	(-39, 69)	(-80, 0)	(-40, -69)	(40, -69)	circle	green	same	right	right	(-80, 0)	(-39, 69)	search	nr	True	930869	932254	right	85	135	35	110	10	60	None	None	testing
6	dd	f	20	green	4	(80, 0)	(40, 69)	(-39, 69)	(-80, 0)	(-40, -69)	(40, -69)	circle	none	dif	right	right	N_dist	(-39, 69)	probe	l_tar	None	None	None	None	60	10	110	35	135	85	(-39, 69)	12	testing
6	dd	f	20	green	4	(80, 0)	(40, 69)	(-39, 69)	(-80, 0)	(-40, -69)	(40, -69)	diamond	green	dif	left	left	(40, -69)	(40, 69)	search	nr	True	937164	938014	left	10	60	135	160	110	85	None	None	testing
6	dd	f	20	green	4	(80, 0)	(40, 69)	(-39, 69)	(-80, 0)	(-40, -69)	(40, -69)	diamond	green	dif	right	right	(40, 69)	(-39, 69)	search	nr	True	939217	940911	right	110	10	60	160	85	135	None	None	testing
6	dd	f	20	green	4	(80, 0)	(40, 69)	(-39, 69)	(-80, 0)	(-40, -69)	(40, -69)	circle	none	same	left	left	N_dist	(80, 0)	search	nr	True	942072	943086	left	160	10	135	35	110	60	None	None	testing
6	dd	f	20	green	4	(80, 0)	(40, 69)	(-39, 69)	(-80, 0)	(-40, -69)	(40, -69)	circle	none	same	left	left	N_dist	(-40, -69)	search	nr	True	944360	945263	left	10	35	110	60	85	160	None	None	testing
6	dd	f	20	green	4	(80, 0)	(40, 69)	(-39, 69)	(-80, 0)	(-40, -69)	(40, -69)	diamond	green	dif	right	right	(40, -69)	(-80, 0)	probe	tar	None	None	None	None	160	35	60	135	85	10	(-80, 0)	20	testing
6	dd	f	20	green	4	(80, 0)	(40, 69)	(-39, 69)	(-80, 0)	(-40, -69)	(40, -69)	circle	none	dif	left	left	N_dist	(40, 69)	probe	l_tar	None	None	None	None	160	35	60	110	85	135	(40, 69)	159	testing
6	dd	f	20	green	4	(80, 0)	(40, 69)	(-39, 69)	(-80, 0)	(-40, -69)	(40, -69)	diamond	green	same	left	left	(40, -69)	(-80, 0)	probe	norm	None	None	None	None	160	10	35	60	135	85	(40, 69)	135	testing
6	dd	f	20	green	4	(80, 0)	(40, 69)	(-39, 69)	(-80, 0)	(-40, -69)	(40, -69)	diamond	none	dif	left	left	N_dist	(-40, -69)	probe	h_norm	None	None	None	None	110	60	10	35	160	135	(40, -69)	30	testing
6	dd	f	20	green	4	(80, 0)	(40, 69)	(-39, 69)	(-80, 0)	(-40, -69)	(40, -69)	diamond	none	same	left	left	N_dist	(-80, 0)	search	nr	True	961825	962767	left	160	10	60	85	35	110	None	None	testing
6	dd	f	20	green	4	(80, 0)	(40, 69)	(-39, 69)	(-80, 0)	(-40, -69)	(40, -69)	diamond	green	dif	left	left	(40, -69)	(-80, 0)	search	nr	True	963929	965055	left	35	160	110	85	60	135	None	None	testing
6	dd	f	20	green	4	(80, 0)	(40, 69)	(-39, 69)	(-80, 0)	(-40, -69)	(40, -69)	diamond	none	dif	left	left	N_dist	(40, 69)	probe	l_tar	None	None	None	None	10	160	35	60	110	135	(40, 69)	32	testing
6	dd	f	20	green	4	(80, 0)	(40, 69)	(-39, 69)	(-80, 0)	(-40, -69)	(40, -69)	circle	green	same	right	right	(40, -69)	(80, 0)	search	nr	True	970909	972287	right	110	35	135	160	10	85	None	None	testing
6	dd	f	20	green	4	(80, 0)	(40, 69)	(-39, 69)	(-80, 0)	(-40, -69)	(40, -69)	circle	green	same	left	left	(-40, -69)	(80, 0)	search	nr	True	973414	974415	left	60	10	160	110	35	85	None	None	testing
6	dd	f	20	green	4	(80, 0)	(40, 69)	(-39, 69)	(-80, 0)	(-40, -69)	(40, -69)	circle	green	dif	left	left	(-80, 0)	(-39, 69)	search	nr	True	975534	977006	left	10	35	135	60	160	85	None	None	testing
6	dd	f	20	green	4	(80, 0)	(40, 69)	(-39, 69)	(-80, 0)	(-40, -69)	(40, -69)	circle	green	same	right	right	(40, -69)	(80, 0)	search	nr	True	978222	979343	right	60	35	160	85	110	10	None	None	testing
6	dd	f	20	green	4	(80, 0)	(40, 69)	(-39, 69)	(-80, 0)	(-40, -69)	(40, -69)	diamond	none	dif	right	right	N_dist	(40, 69)	probe	l_norm	None	None	None	None	85	35	110	160	60	10	(-80, 0)	35	testing
6	dd	f	20	green	4	(80, 0)	(40, 69)	(-39, 69)	(-80, 0)	(-40, -69)	(40, -69)	diamond	none	same	left	left	N_dist	(40, 69)	probe	l_norm	None	None	None	None	110	160	85	35	10	135	(-39, 69)	5	testing
6	dd	f	20	green	4	(80, 0)	(40, 69)	(-39, 69)	(-80, 0)	(-40, -69)	(40, -69)	circle	green	dif	right	right	(40, -69)	(40, 69)	probe	h_sin	None	None	None	None	10	60	85	135	35	160	(40, -69)	24	testing
6	dd	f	20	green	4	(80, 0)	(40, 69)	(-39, 69)	(-80, 0)	(-40, -69)	(40, -69)	diamond	green	dif	left	left	(40, 69)	(-40, -69)	probe	l_sin	None	None	None	None	160	35	60	10	135	85	(40, 69)	155	testing
6	dd	f	20	green	4	(80, 0)	(40, 69)	(-39, 69)	(-80, 0)	(-40, -69)	(40, -69)	diamond	green	same	right	right	(40, -69)	(-39, 69)	probe	tar	None	None	None	None	35	160	10	85	135	60	(-39, 69)	142	testing
6	dd	f	20	green	4	(80, 0)	(40, 69)	(-39, 69)	(-80, 0)	(-40, -69)	(40, -69)	diamond	none	same	left	left	N_dist	(-80, 0)	search	nr	True	1007443	1008319	left	10	110	85	135	60	160	None	None	testing
6	dd	f	20	green	4	(80, 0)	(40, 69)	(-39, 69)	(-80, 0)	(-40, -69)	(40, -69)	circle	green	same	right	right	(40, -69)	(80, 0)	probe	h_sin	None	None	None	None	10	135	160	85	60	110	(40, -69)	11	testing
6	dd	f	20	green	4	(80, 0)	(40, 69)	(-39, 69)	(-80, 0)	(-40, -69)	(40, -69)	circle	green	same	right	right	(40, -69)	(80, 0)	search	nr	True	1014272	1015294	right	60	10	85	160	135	35	None	None	testing
6	dd	f	20	green	4	(80, 0)	(40, 69)	(-39, 69)	(-80, 0)	(-40, -69)	(40, -69)	circle	none	dif	right	right	N_dist	(40, 69)	search	nr	True	1016526	1017422	right	85	110	35	60	10	160	None	None	testing
6	dd	f	20	green	4	(80, 0)	(40, 69)	(-39, 69)	(-80, 0)	(-40, -69)	(40, -69)	diamond	green	dif	left	left	(40, -69)	(-80, 0)	probe	tar	None	None	None	None	60	85	35	110	135	160	(-80, 0)	6	testing
6	dd	f	20	green	4	(80, 0)	(40, 69)	(-39, 69)	(-80, 0)	(-40, -69)	(40, -69)	diamond	none	same	right	right	N_dist	(40, -69)	search	nr	True	1022470	1023342	right	35	160	85	110	10	135	None	None	testing
6	dd	f	20	green	4	(80, 0)	(40, 69)	(-39, 69)	(-80, 0)	(-40, -69)	(40, -69)	diamond	none	same	right	right	N_dist	(40, -69)	probe	h_tar	None	None	None	None	35	135	10	85	110	60	(40, -69)	166	testing
6	dd	f	20	green	4	(80, 0)	(40, 69)	(-39, 69)	(-80, 0)	(-40, -69)	(40, -69)	circle	none	dif	right	right	N_dist	(-39, 69)	search	nr	True	1028180	1028975	right	110	35	135	160	60	10	None	None	testing
6	dd	f	20	green	4	(80, 0)	(40, 69)	(-39, 69)	(-80, 0)	(-40, -69)	(40, -69)	circle	green	same	right	right	(80, 0)	(-80, 0)	search	nr	True	1030234	1031598	right	85	35	10	60	160	110	None	None	testing
6	dd	f	20	green	4	(80, 0)	(40, 69)	(-39, 69)	(-80, 0)	(-40, -69)	(40, -69)	circle	green	dif	right	right	(-80, 0)	(-40, -69)	search	nr	True	1032839	1033999	right	85	110	10	135	35	60	None	None	testing
6	dd	f	20	green	4	(80, 0)	(40, 69)	(-39, 69)	(-80, 0)	(-40, -69)	(40, -69)	circle	none	dif	right	right	N_dist	(-39, 69)	search	nr	True	1035143	1035951	right	160	85	110	35	10	60	None	None	testing
6	dd	f	20	green	4	(80, 0)	(40, 69)	(-39, 69)	(-80, 0)	(-40, -69)	(40, -69)	diamond	green	dif	right	right	(-40, -69)	(-39, 69)	probe	l_sin	None	None	None	None	135	110	35	60	10	85	(-40, -69)	137	testing
6	dd	f	20	green	4	(80, 0)	(40, 69)	(-39, 69)	(-80, 0)	(-40, -69)	(40, -69)	circle	green	same	left	left	(-39, 69)	(80, 0)	probe	norm	None	None	None	None	10	160	60	35	110	85	(-80, 0)	151	testing
6	dd	f	20	green	4	(80, 0)	(40, 69)	(-39, 69)	(-80, 0)	(-40, -69)	(40, -69)	diamond	none	dif	left	left	N_dist	(40, 69)	search	nr	True	1048668	1049407	left	160	60	110	135	35	10	None	None	testing
6	dd	f	20	green	4	(80, 0)	(40, 69)	(-39, 69)	(-80, 0)	(-40, -69)	(40, -69)	diamond	green	dif	left	left	(40, -69)	(40, 69)	search	nr	True	1050638	1051678	left	135	85	60	160	110	10	None	None	testing
6	dd	f	20	green	4	(80, 0)	(40, 69)	(-39, 69)	(-80, 0)	(-40, -69)	(40, -69)	circle	none	dif	left	left	N_dist	(40, -69)	search	nr	True	1052859	1054031	left	10	110	35	135	60	85	None	None	testing
6	dd	f	20	green	4	(80, 0)	(40, 69)	(-39, 69)	(-80, 0)	(-40, -69)	(40, -69)	diamond	green	dif	right	right	(40, -69)	(-80, 0)	probe	norm	None	None	None	None	160	110	135	10	35	85	(-39, 69)	29	testing
6	dd	f	20	green	4	(80, 0)	(40, 69)	(-39, 69)	(-80, 0)	(-40, -69)	(40, -69)	diamond	green	same	left	left	(-39, 69)	(-40, -69)	search	nr	True	1059337	1060174	left	135	60	85	35	10	160	None	None	testing
6	dd	f	20	green	4	(80, 0)	(40, 69)	(-39, 69)	(-80, 0)	(-40, -69)	(40, -69)	diamond	green	dif	left	left	(40, -69)	(80, 0)	search	nr	True	1061475	1062222	left	35	135	160	60	110	10	None	None	testing
6	dd	f	20	green	4	(80, 0)	(40, 69)	(-39, 69)	(-80, 0)	(-40, -69)	(40, -69)	circle	green	same	left	left	(40, -69)	(-80, 0)	search	nr	True	1063395	1064302	left	10	135	85	160	60	35	None	None	testing
6	dd	f	20	green	4	(80, 0)	(40, 69)	(-39, 69)	(-80, 0)	(-40, -69)	(40, -69)	circle	green	same	left	left	(40, -69)	(-40, -69)	search	nr	True	1065432	1066494	left	135	10	160	35	110	60	None	None	testing
6	dd	f	20	green	4	(80, 0)	(40, 69)	(-39, 69)	(-80, 0)	(-40, -69)	(40, -69)	circle	none	same	left	left	N_dist	(80, 0)	probe	h_norm	None	None	None	None	160	35	135	110	85	10	(40, -69)	151	testing
6	dd	f	20	green	4	(80, 0)	(40, 69)	(-39, 69)	(-80, 0)	(-40, -69)	(40, -69)	circle	none	same	right	right	N_dist	(80, 0)	search	nr	True	1071911	1072703	right	35	10	85	160	135	60	None	None	testing
6	dd	f	20	green	4	(80, 0)	(40, 69)	(-39, 69)	(-80, 0)	(-40, -69)	(40, -69)	circle	green	same	right	right	(-80, 0)	(-39, 69)	search	nr	True	1073815	1074814	right	160	10	35	60	110	135	None	None	testing
6	dd	f	20	green	4	(80, 0)	(40, 69)	(-39, 69)	(-80, 0)	(-40, -69)	(40, -69)	diamond	none	dif	left	left	N_dist	(80, 0)	search	nr	True	1076085	1076958	left	85	35	60	135	10	160	None	None	testing
6	dd	f	20	green	4	(80, 0)	(40, 69)	(-39, 69)	(-80, 0)	(-40, -69)	(40, -69)	diamond	green	dif	left	left	(40, -69)	(-80, 0)	search	nr	True	1078022	1079023	left	110	60	10	135	85	35	None	None	testing
6	dd	f	20	green	4	(80, 0)	(40, 69)	(-39, 69)	(-80, 0)	(-40, -69)	(40, -69)	diamond	green	dif	right	right	(40, -69)	(-40, -69)	search	nr	True	1080276	1081182	right	35	85	160	135	60	110	None	None	testing
6	dd	f	20	green	4	(80, 0)	(40, 69)	(-39, 69)	(-80, 0)	(-40, -69)	(40, -69)	circle	green	same	left	left	(80, 0)	(-40, -69)	search	nr	True	1082364	1083214	left	135	10	60	85	110	160	None	None	testing
6	dd	f	20	green	4	(80, 0)	(40, 69)	(-39, 69)	(-80, 0)	(-40, -69)	(40, -69)	circle	green	dif	left	left	(40, -69)	(-40, -69)	search	nr	True	1084368	1085103	left	10	60	85	135	110	35	None	None	testing
6	dd	f	20	green	4	(80, 0)	(40, 69)	(-39, 69)	(-80, 0)	(-40, -69)	(40, -69)	circle	none	same	left	left	N_dist	(-40, -69)	probe	h_norm	None	None	None	None	10	135	60	110	85	35	(40, -69)	156	testing
6	dd	f	20	green	4	(80, 0)	(40, 69)	(-39, 69)	(-80, 0)	(-40, -69)	(40, -69)	circle	green	dif	left	left	(-39, 69)	(40, 69)	search	nr	True	1091046	1091918	left	85	35	110	60	10	160	None	None	testing
6	dd	f	20	green	4	(80, 0)	(40, 69)	(-39, 69)	(-80, 0)	(-40, -69)	(40, -69)	diamond	none	same	right	right	N_dist	(40, -69)	search	nr	True	1093200	1094110	right	35	160	10	110	85	135	None	None	testing
6	dd	f	20	green	4	(80, 0)	(40, 69)	(-39, 69)	(-80, 0)	(-40, -69)	(40, -69)	circle	none	dif	left	left	N_dist	(-80, 0)	search	nr	True	1095404	1096351	left	110	135	60	10	85	160	None	None	testing
6	dd	f	20	green	4	(80, 0)	(40, 69)	(-39, 69)	(-80, 0)	(-40, -69)	(40, -69)	circle	green	same	right	right	(80, 0)	(40, 69)	search	nr	True	1097508	1098367	right	160	60	85	110	135	10	None	None	testing
6	dd	f	20	green	4	(80, 0)	(40, 69)	(-39, 69)	(-80, 0)	(-40, -69)	(40, -69)	circle	green	same	left	left	(80, 0)	(-40, -69)	search	nr	True	1099445	1100334	left	160	110	10	35	60	135	None	None	testing
6	dd	f	20	green	4	(80, 0)	(40, 69)	(-39, 69)	(-80, 0)	(-40, -69)	(40, -69)	diamond	green	dif	left	left	(40, -69)	(80, 0)	search	nr	True	1101548	1102911	left	110	60	10	135	35	160	None	None	testing
6	dd	f	20	green	4	(80, 0)	(40, 69)	(-39, 69)	(-80, 0)	(-40, -69)	(40, -69)	diamond	none	dif	left	left	N_dist	(40, -69)	search	nr	True	1104220	1105023	left	35	85	160	10	60	110	None	None	testing
6	dd	f	20	green	4	(80, 0)	(40, 69)	(-39, 69)	(-80, 0)	(-40, -69)	(40, -69)	diamond	none	same	left	left	N_dist	(40, 69)	search	nr	True	1106208	1107039	left	10	110	60	35	135	160	None	None	testing
6	dd	f	20	green	4	(80, 0)	(40, 69)	(-39, 69)	(-80, 0)	(-40, -69)	(40, -69)	diamond	none	dif	right	right	N_dist	(-40, -69)	search	nr	True	1108094	1109023	right	10	35	60	110	85	135	None	None	testing
6	dd	f	20	green	4	(80, 0)	(40, 69)	(-39, 69)	(-80, 0)	(-40, -69)	(40, -69)	diamond	none	dif	right	right	N_dist	(-39, 69)	probe	h_norm	None	None	None	None	85	10	160	110	35	135	(40, -69)	15	testing
6	dd	f	20	green	4	(80, 0)	(40, 69)	(-39, 69)	(-80, 0)	(-40, -69)	(40, -69)	circle	green	dif	left	left	(40, -69)	(80, 0)	probe	tar	None	None	None	None	160	85	110	60	135	35	(80, 0)	34	testing
6	dd	f	20	green	4	(80, 0)	(40, 69)	(-39, 69)	(-80, 0)	(-40, -69)	(40, -69)	circle	green	same	left	left	(-39, 69)	(80, 0)	search	nr	True	1119932	1120831	left	85	60	35	110	135	160	None	None	testing
6	dd	f	20	green	4	(80, 0)	(40, 69)	(-39, 69)	(-80, 0)	(-40, -69)	(40, -69)	circle	green	same	right	right	(40, -69)	(-39, 69)	search	nr	True	1122003	1122815	right	10	85	35	160	110	135	None	None	testing
6	dd	f	20	green	4	(80, 0)	(40, 69)	(-39, 69)	(-80, 0)	(-40, -69)	(40, -69)	diamond	green	same	right	right	(40, -69)	(80, 0)	search	nr	True	1123940	1125134	right	135	160	35	60	85	10	None	None	testing
6	dd	f	20	green	4	(80, 0)	(40, 69)	(-39, 69)	(-80, 0)	(-40, -69)	(40, -69)	circle	none	dif	right	right	N_dist	(-39, 69)	search	nr	True	1126394	1127166	right	110	135	160	10	60	35	None	None	testing
6	dd	f	20	green	4	(80, 0)	(40, 69)	(-39, 69)	(-80, 0)	(-40, -69)	(40, -69)	circle	green	dif	right	right	(40, -69)	(40, 69)	search	nr	True	1128449	1129199	right	85	135	110	35	160	60	None	None	testing
6	dd	f	20	green	4	(80, 0)	(40, 69)	(-39, 69)	(-80, 0)	(-40, -69)	(40, -69)	diamond	none	same	right	right	N_dist	(40, -69)	search	nr	True	1130335	1131247	right	60	35	135	10	160	85	None	None	testing
6	dd	f	20	green	4	(80, 0)	(40, 69)	(-39, 69)	(-80, 0)	(-40, -69)	(40, -69)	circle	green	dif	right	right	(40, -69)	(-40, -69)	search	nr	True	1132456	1133519	right	10	160	110	85	135	60	None	None	testing
6	dd	f	20	green	4	(80, 0)	(40, 69)	(-39, 69)	(-80, 0)	(-40, -69)	(40, -69)	diamond	none	same	right	right	N_dist	(40, -69)	probe	h_tar	None	None	None	None	135	35	60	10	160	110	(40, -69)	15	testing
6	dd	f	20	green	4	(80, 0)	(40, 69)	(-39, 69)	(-80, 0)	(-40, -69)	(40, -69)	diamond	green	same	right	right	(40, -69)	(-39, 69)	search	nr	True	1138517	1139247	right	60	135	110	35	10	85	None	None	testing
6	dd	f	20	green	4	(80, 0)	(40, 69)	(-39, 69)	(-80, 0)	(-40, -69)	(40, -69)	diamond	green	same	right	right	(-39, 69)	(-40, -69)	search	nr	True	1140353	1141726	right	35	85	60	10	160	110	None	None	testing
6	dd	f	20	green	4	(80, 0)	(40, 69)	(-39, 69)	(-80, 0)	(-40, -69)	(40, -69)	circle	green	same	right	right	(-40, -69)	(80, 0)	search	nr	True	1142925	1144334	right	35	85	110	10	160	60	None	None	testing
6	dd	f	20	green	4	(80, 0)	(40, 69)	(-39, 69)	(-80, 0)	(-40, -69)	(40, -69)	circle	green	same	left	left	(40, -69)	(-39, 69)	probe	h_sin	None	None	None	None	85	160	35	110	60	10	(40, -69)	45	testing
6	dd	f	20	green	4	(80, 0)	(40, 69)	(-39, 69)	(-80, 0)	(-40, -69)	(40, -69)	diamond	green	dif	left	left	(40, -69)	(-80, 0)	search	nr	True	1149704	1150638	left	135	10	160	85	35	110	None	None	testing
6	dd	f	20	green	4	(80, 0)	(40, 69)	(-39, 69)	(-80, 0)	(-40, -69)	(40, -69)	diamond	green	same	right	right	(40, -69)	(40, 69)	search	nr	True	1151708	1152943	right	135	10	35	110	85	160	None	None	testing
6	dd	f	20	green	4	(80, 0)	(40, 69)	(-39, 69)	(-80, 0)	(-40, -69)	(40, -69)	diamond	green	same	right	right	(40, -69)	(-40, -69)	search	nr	True	1154179	1155134	right	135	160	35	60	10	85	None	None	testing
6	dd	f	20	green	4	(80, 0)	(40, 69)	(-39, 69)	(-80, 0)	(-40, -69)	(40, -69)	diamond	green	same	left	left	(40, -69)	(-80, 0)	search	nr	True	1156233	1157199	left	60	110	135	35	85	10	None	None	testing
6	dd	f	20	green	4	(80, 0)	(40, 69)	(-39, 69)	(-80, 0)	(-40, -69)	(40, -69)	diamond	none	same	right	right	N_dist	(40, 69)	search	nr	True	1158420	1159247	right	85	135	110	160	10	35	None	None	testing
6	dd	f	20	green	4	(80, 0)	(40, 69)	(-39, 69)	(-80, 0)	(-40, -69)	(40, -69)	circle	none	same	right	right	N_dist	(-80, 0)	probe	l_norm	None	None	None	None	10	85	35	135	110	160	(80, 0)	143	testing
6	dd	f	20	green	4	(80, 0)	(40, 69)	(-39, 69)	(-80, 0)	(-40, -69)	(40, -69)	diamond	none	same	left	left	N_dist	(-80, 0)	search	nr	True	1164565	1165310	left	135	160	60	10	110	85	None	None	testing
6	dd	f	20	green	4	(80, 0)	(40, 69)	(-39, 69)	(-80, 0)	(-40, -69)	(40, -69)	diamond	green	dif	right	right	(40, -69)	(-80, 0)	search	nr	True	1166418	1167214	right	60	135	10	110	35	160	None	None	testing
6	dd	f	20	green	4	(80, 0)	(40, 69)	(-39, 69)	(-80, 0)	(-40, -69)	(40, -69)	circle	none	same	left	left	N_dist	(-39, 69)	probe	l_tar	None	None	None	None	160	110	85	10	60	135	(-39, 69)	172	testing
6	dd	f	20	green	4	(80, 0)	(40, 69)	(-39, 69)	(-80, 0)	(-40, -69)	(40, -69)	circle	green	same	left	left	(-40, -69)	(40, 69)	probe	l_sin	None	None	None	None	60	85	110	160	10	35	(-40, -69)	44	testing
6	dd	f	20	green	4	(80, 0)	(40, 69)	(-39, 69)	(-80, 0)	(-40, -69)	(40, -69)	diamond	green	same	right	right	(80, 0)	(40, 69)	search	nr	True	1178640	1179694	right	110	60	35	160	10	135	None	None	testing
6	dd	f	20	green	4	(80, 0)	(40, 69)	(-39, 69)	(-80, 0)	(-40, -69)	(40, -69)	circle	green	dif	left	left	(40, 69)	(-39, 69)	search	nr	True	1180761	1181917	left	160	110	135	35	10	85	None	None	testing
6	dd	f	20	green	4	(80, 0)	(40, 69)	(-39, 69)	(-80, 0)	(-40, -69)	(40, -69)	diamond	none	dif	right	right	N_dist	(40, 69)	search	nr	True	1183166	1184079	right	35	160	60	10	85	110	None	None	testing
6	dd	f	20	green	4	(80, 0)	(40, 69)	(-39, 69)	(-80, 0)	(-40, -69)	(40, -69)	circle	green	same	right	right	(80, 0)	(40, 69)	search	nr	True	1185169	1186031	right	60	10	160	110	135	85	None	None	testing
6	dd	f	20	green	4	(80, 0)	(40, 69)	(-39, 69)	(-80, 0)	(-40, -69)	(40, -69)	circle	green	same	right	right	(80, 0)	(-80, 0)	probe	l_sin	None	None	None	None	60	10	110	160	35	85	(80, 0)	159	testing
6	dd	f	20	green	4	(80, 0)	(40, 69)	(-39, 69)	(-80, 0)	(-40, -69)	(40, -69)	diamond	green	dif	right	right	(-40, -69)	(-39, 69)	search	nr	True	1191798	1192655	right	160	10	110	85	60	135	None	None	testing
6	dd	f	20	green	4	(80, 0)	(40, 69)	(-39, 69)	(-80, 0)	(-40, -69)	(40, -69)	diamond	green	dif	left	left	(40, 69)	(-80, 0)	search	nr	True	1193935	1194846	left	85	10	35	110	135	160	None	None	testing
6	dd	f	20	green	4	(80, 0)	(40, 69)	(-39, 69)	(-80, 0)	(-40, -69)	(40, -69)	circle	green	dif	right	right	(40, -69)	(-40, -69)	probe	h_sin	None	None	None	None	85	10	110	35	60	135	(40, -69)	25	testing
6	dd	f	20	green	4	(80, 0)	(40, 69)	(-39, 69)	(-80, 0)	(-40, -69)	(40, -69)	diamond	none	dif	left	left	N_dist	(80, 0)	probe	h_norm	None	None	None	None	60	10	110	35	135	85	(40, -69)	10	testing
6	dd	f	20	green	4	(80, 0)	(40, 69)	(-39, 69)	(-80, 0)	(-40, -69)	(40, -69)	diamond	green	same	left	left	(40, -69)	(40, 69)	probe	h_sin	None	None	None	None	60	160	110	10	135	35	(40, -69)	154	testing
6	dd	f	20	green	4	(80, 0)	(40, 69)	(-39, 69)	(-80, 0)	(-40, -69)	(40, -69)	diamond	none	dif	right	right	N_dist	(-80, 0)	search	nr	True	1209247	1209966	right	160	10	60	135	85	35	None	None	testing
6	dd	f	20	green	4	(80, 0)	(40, 69)	(-39, 69)	(-80, 0)	(-40, -69)	(40, -69)	circle	green	same	right	right	(-40, -69)	(40, 69)	probe	l_sin	None	None	None	None	160	110	135	85	60	35	(-40, -69)	161	testing
6	dd	f	20	green	4	(80, 0)	(40, 69)	(-39, 69)	(-80, 0)	(-40, -69)	(40, -69)	diamond	green	dif	left	left	(40, -69)	(-80, 0)	search	nr	True	1215475	1216302	left	110	10	60	135	35	160	None	None	testing
6	dd	f	20	green	4	(80, 0)	(40, 69)	(-39, 69)	(-80, 0)	(-40, -69)	(40, -69)	diamond	none	same	right	right	N_dist	(40, -69)	search	nr	True	1217412	1218253	right	110	85	35	160	60	10	None	None	testing
6	dd	f	20	green	4	(80, 0)	(40, 69)	(-39, 69)	(-80, 0)	(-40, -69)	(40, -69)	diamond	none	dif	left	left	N_dist	(-40, -69)	search	nr	True	1219516	1220254	left	35	60	10	110	135	160	None	None	testing
6	dd	f	20	green	4	(80, 0)	(40, 69)	(-39, 69)	(-80, 0)	(-40, -69)	(40, -69)	diamond	green	same	left	left	(40, -69)	(-40, -69)	search	nr	True	1221335	1222415	left	160	35	85	60	110	10	None	None	testing
6	dd	f	20	green	4	(80, 0)	(40, 69)	(-39, 69)	(-80, 0)	(-40, -69)	(40, -69)	circle	green	same	right	right	(-40, -69)	(80, 0)	probe	l_sin	None	None	None	None	60	110	10	85	135	160	(-40, -69)	22	testing
6	dd	f	20	green	4	(80, 0)	(40, 69)	(-39, 69)	(-80, 0)	(-40, -69)	(40, -69)	circle	green	same	left	left	(-40, -69)	(40, 69)	search	nr	True	1227497	1228222	left	85	160	60	35	10	110	None	None	testing
6	dd	f	20	green	4	(80, 0)	(40, 69)	(-39, 69)	(-80, 0)	(-40, -69)	(40, -69)	circle	green	same	right	right	(80, 0)	(40, 69)	probe	l_sin	None	None	None	None	35	160	110	85	10	135	(80, 0)	152	testing
6	dd	f	20	green	4	(80, 0)	(40, 69)	(-39, 69)	(-80, 0)	(-40, -69)	(40, -69)	circle	none	same	right	right	N_dist	(-80, 0)	search	nr	True	1233758	1234542	right	35	110	135	10	60	160	None	None	testing
6	dd	f	20	green	4	(80, 0)	(40, 69)	(-39, 69)	(-80, 0)	(-40, -69)	(40, -69)	diamond	none	dif	left	left	N_dist	(40, -69)	search	nr	True	1235729	1236527	left	35	135	60	160	85	10	None	None	testing
6	dd	f	20	green	4	(80, 0)	(40, 69)	(-39, 69)	(-80, 0)	(-40, -69)	(40, -69)	circle	green	dif	right	right	(40, -69)	(-40, -69)	search	nr	True	1237783	1238686	right	85	35	10	110	160	60	None	None	testing
6	dd	f	20	green	4	(80, 0)	(40, 69)	(-39, 69)	(-80, 0)	(-40, -69)	(40, -69)	diamond	none	same	left	left	N_dist	(-80, 0)	search	nr	True	1239987	1241005	left	35	10	110	160	85	60	None	None	testing
6	dd	f	20	green	4	(80, 0)	(40, 69)	(-39, 69)	(-80, 0)	(-40, -69)	(40, -69)	circle	none	same	left	left	N_dist	(80, 0)	search	nr	True	1242291	1243214	left	135	10	60	35	110	160	None	None	testing
6	dd	f	20	green	4	(80, 0)	(40, 69)	(-39, 69)	(-80, 0)	(-40, -69)	(40, -69)	diamond	green	dif	left	left	(40, 69)	(-80, 0)	probe	l_sin	None	None	None	None	85	35	110	135	160	60	(40, 69)	154	testing
6	dd	f	20	green	4	(80, 0)	(40, 69)	(-39, 69)	(-80, 0)	(-40, -69)	(40, -69)	circle	none	same	left	left	N_dist	(-39, 69)	search	nr	True	1248302	1249119	left	135	160	10	85	110	60	None	None	testing
6	dd	f	20	green	4	(80, 0)	(40, 69)	(-39, 69)	(-80, 0)	(-40, -69)	(40, -69)	circle	green	dif	right	right	(40, -69)	(40, 69)	search	nr	True	1250255	1251054	right	85	10	60	35	135	160	None	None	testing
6	dd	f	20	green	4	(80, 0)	(40, 69)	(-39, 69)	(-80, 0)	(-40, -69)	(40, -69)	circle	green	dif	left	left	(40, -69)	(-39, 69)	search	nr	True	1252226	1253070	left	35	60	135	110	85	160	None	None	testing
6	dd	f	20	green	4	(80, 0)	(40, 69)	(-39, 69)	(-80, 0)	(-40, -69)	(40, -69)	circle	green	same	right	right	(40, -69)	(80, 0)	probe	h_sin	None	None	None	None	135	60	85	35	110	160	(40, -69)	29	testing
6	dd	f	20	green	4	(80, 0)	(40, 69)	(-39, 69)	(-80, 0)	(-40, -69)	(40, -69)	circle	green	same	right	right	(40, -69)	(-39, 69)	search	nr	True	1259322	1260079	right	60	135	85	160	10	35	None	None	testing
6	dd	f	20	green	4	(80, 0)	(40, 69)	(-39, 69)	(-80, 0)	(-40, -69)	(40, -69)	circle	green	dif	right	right	(40, -69)	(40, 69)	probe	tar	None	None	None	None	35	110	60	135	10	85	(40, 69)	15	testing
6	dd	f	20	green	4	(80, 0)	(40, 69)	(-39, 69)	(-80, 0)	(-40, -69)	(40, -69)	diamond	green	dif	right	right	(-39, 69)	(80, 0)	search	nr	True	1266118	1267247	right	85	110	160	10	135	35	None	None	testing
6	dd	f	20	green	4	(80, 0)	(40, 69)	(-39, 69)	(-80, 0)	(-40, -69)	(40, -69)	circle	green	dif	right	right	(40, -69)	(40, 69)	search	nr	True	1268489	1269518	right	35	60	85	10	160	135	None	None	testing
6	dd	f	20	green	4	(80, 0)	(40, 69)	(-39, 69)	(-80, 0)	(-40, -69)	(40, -69)	diamond	green	same	right	right	(80, 0)	(40, 69)	probe	l_sin	None	None	None	None	160	85	110	35	60	10	(80, 0)	32	testing
6	dd	f	20	green	4	(80, 0)	(40, 69)	(-39, 69)	(-80, 0)	(-40, -69)	(40, -69)	circle	green	dif	right	right	(-80, 0)	(40, 69)	probe	tar	None	None	None	None	85	110	10	160	60	35	(40, 69)	16	testing
6	dd	f	20	green	4	(80, 0)	(40, 69)	(-39, 69)	(-80, 0)	(-40, -69)	(40, -69)	diamond	green	same	left	left	(40, -69)	(40, 69)	search	nr	True	1280177	1281085	left	135	60	160	85	110	35	None	None	testing
6	dd	f	20	green	4	(80, 0)	(40, 69)	(-39, 69)	(-80, 0)	(-40, -69)	(40, -69)	circle	green	dif	right	right	(-80, 0)	(-40, -69)	search	nr	True	1282297	1283327	right	35	135	85	160	60	10	None	None	testing
6	dd	f	20	green	4	(80, 0)	(40, 69)	(-39, 69)	(-80, 0)	(-40, -69)	(40, -69)	diamond	green	dif	left	left	(40, 69)	(-80, 0)	search	nr	True	1284485	1285743	left	35	135	85	60	10	160	None	None	testing
6	dd	f	20	green	4	(80, 0)	(40, 69)	(-39, 69)	(-80, 0)	(-40, -69)	(40, -69)	circle	none	same	right	right	N_dist	(80, 0)	search	nr	True	1287040	1287918	right	160	85	135	35	110	10	None	None	testing
6	dd	f	20	green	4	(80, 0)	(40, 69)	(-39, 69)	(-80, 0)	(-40, -69)	(40, -69)	diamond	green	same	left	left	(40, -69)	(-80, 0)	probe	h_sin	None	None	None	None	35	160	10	135	85	110	(40, -69)	14	testing
6	dd	f	20	green	4	(80, 0)	(40, 69)	(-39, 69)	(-80, 0)	(-40, -69)	(40, -69)	circle	green	dif	left	left	(40, 69)	(-39, 69)	probe	tar	None	None	None	None	110	10	85	160	135	35	(-39, 69)	3	testing
6	dd	f	20	green	4	(80, 0)	(40, 69)	(-39, 69)	(-80, 0)	(-40, -69)	(40, -69)	diamond	green	dif	right	right	(40, -69)	(80, 0)	probe	norm	None	None	None	None	135	35	10	60	110	160	(-40, -69)	10	testing
6	dd	f	20	green	4	(80, 0)	(40, 69)	(-39, 69)	(-80, 0)	(-40, -69)	(40, -69)	diamond	green	dif	right	right	(40, -69)	(80, 0)	search	nr	True	1300715	1301486	right	10	60	110	160	135	35	None	None	testing
6	dd	f	20	green	4	(80, 0)	(40, 69)	(-39, 69)	(-80, 0)	(-40, -69)	(40, -69)	diamond	green	same	right	right	(40, -69)	(40, 69)	probe	tar	None	None	None	None	35	85	135	110	10	160	(40, 69)	174	testing
6	dd	f	20	green	4	(80, 0)	(40, 69)	(-39, 69)	(-80, 0)	(-40, -69)	(40, -69)	circle	green	dif	right	right	(-80, 0)	(-40, -69)	probe	norm	None	None	None	None	135	35	10	110	85	60	(80, 0)	16	testing
6	dd	f	20	green	4	(80, 0)	(40, 69)	(-39, 69)	(-80, 0)	(-40, -69)	(40, -69)	circle	green	same	left	left	(40, -69)	(-39, 69)	search	nr	True	1311735	1312527	left	85	10	60	35	135	110	None	None	testing
6	dd	f	20	green	4	(80, 0)	(40, 69)	(-39, 69)	(-80, 0)	(-40, -69)	(40, -69)	circle	green	dif	right	right	(80, 0)	(-39, 69)	search	nr	True	1313588	1314590	right	135	110	160	85	10	35	None	None	testing
6	dd	f	20	green	4	(80, 0)	(40, 69)	(-39, 69)	(-80, 0)	(-40, -69)	(40, -69)	circle	none	dif	left	left	N_dist	(-39, 69)	search	nr	True	1315792	1316510	left	135	110	160	85	60	35	None	None	testing
6	dd	f	20	green	4	(80, 0)	(40, 69)	(-39, 69)	(-80, 0)	(-40, -69)	(40, -69)	circle	none	dif	left	left	N_dist	(-40, -69)	search	nr	True	1317696	1318462	left	160	60	10	35	85	135	None	None	testing
6	dd	f	20	green	4	(80, 0)	(40, 69)	(-39, 69)	(-80, 0)	(-40, -69)	(40, -69)	circle	none	same	right	right	N_dist	(-80, 0)	search	nr	True	1319600	1320414	right	85	10	160	35	135	60	None	None	testing
6	dd	f	20	green	4	(80, 0)	(40, 69)	(-39, 69)	(-80, 0)	(-40, -69)	(40, -69)	diamond	green	same	right	right	(40, -69)	(-40, -69)	search	nr	True	1321553	1322926	right	160	35	60	85	110	135	None	None	testing
6	dd	f	20	green	4	(80, 0)	(40, 69)	(-39, 69)	(-80, 0)	(-40, -69)	(40, -69)	diamond	green	same	right	right	(40, -69)	(-40, -69)	probe	norm	None	None	None	None	110	35	160	85	10	60	(40, 69)	156	testing
6	dd	f	20	green	4	(80, 0)	(40, 69)	(-39, 69)	(-80, 0)	(-40, -69)	(40, -69)	diamond	none	same	right	right	N_dist	(40, -69)	probe	h_tar	None	None	None	None	10	60	110	35	85	160	(40, -69)	38	testing
6	dd	f	20	green	4	(80, 0)	(40, 69)	(-39, 69)	(-80, 0)	(-40, -69)	(40, -69)	circle	green	same	right	right	(40, -69)	(-39, 69)	probe	norm	None	None	None	None	160	10	110	85	135	60	(40, 69)	37	testing
6	dd	f	20	green	4	(80, 0)	(40, 69)	(-39, 69)	(-80, 0)	(-40, -69)	(40, -69)	diamond	none	same	left	left	N_dist	(40, -69)	search	nr	True	1338735	1339630	left	35	85	160	135	110	60	None	None	testing
6	dd	f	20	green	4	(80, 0)	(40, 69)	(-39, 69)	(-80, 0)	(-40, -69)	(40, -69)	circle	green	dif	right	right	(40, -69)	(80, 0)	search	nr	True	1340772	1341886	right	35	10	160	60	85	135	None	None	testing
6	dd	f	20	green	4	(80, 0)	(40, 69)	(-39, 69)	(-80, 0)	(-40, -69)	(40, -69)	diamond	none	same	right	right	N_dist	(40, -69)	search	nr	True	1343060	1343886	right	10	160	35	110	60	85	None	None	testing
6	dd	f	20	green	4	(80, 0)	(40, 69)	(-39, 69)	(-80, 0)	(-40, -69)	(40, -69)	circle	green	dif	left	left	(40, -69)	(40, 69)	search	nr	True	1345013	1345934	left	160	110	35	10	135	85	None	None	testing
6	dd	f	20	green	4	(80, 0)	(40, 69)	(-39, 69)	(-80, 0)	(-40, -69)	(40, -69)	diamond	none	dif	left	left	N_dist	(-40, -69)	search	nr	True	1347167	1348158	left	110	60	10	35	160	85	None	None	testing
6	dd	f	20	green	4	(80, 0)	(40, 69)	(-39, 69)	(-80, 0)	(-40, -69)	(40, -69)	circle	green	dif	left	left	(40, -69)	(40, 69)	probe	norm	None	None	None	None	135	60	35	85	160	110	(-40, -69)	27	testing
6	dd	f	20	green	4	(80, 0)	(40, 69)	(-39, 69)	(-80, 0)	(-40, -69)	(40, -69)	diamond	green	dif	left	left	(40, 69)	(-40, -69)	search	nr	True	1353395	1354207	left	160	110	85	10	135	60	None	None	testing
6	dd	f	20	green	4	(80, 0)	(40, 69)	(-39, 69)	(-80, 0)	(-40, -69)	(40, -69)	diamond	green	same	right	right	(40, 69)	(-80, 0)	probe	l_sin	None	None	None	None	160	60	10	110	135	85	(40, 69)	163	testing
6	dd	f	20	green	4	(80, 0)	(40, 69)	(-39, 69)	(-80, 0)	(-40, -69)	(40, -69)	circle	green	dif	left	left	(40, -69)	(-40, -69)	search	nr	True	1359139	1359998	left	135	60	10	35	160	110	None	None	testing
6	dd	f	20	green	4	(80, 0)	(40, 69)	(-39, 69)	(-80, 0)	(-40, -69)	(40, -69)	circle	green	same	left	left	(40, -69)	(-80, 0)	probe	norm	None	None	None	None	85	35	160	10	110	135	(-40, -69)	11	testing
6	dd	f	20	green	4	(80, 0)	(40, 69)	(-39, 69)	(-80, 0)	(-40, -69)	(40, -69)	circle	green	dif	left	left	(40, -69)	(-39, 69)	probe	tar	None	None	None	None	135	35	85	10	160	110	(-39, 69)	174	testing
6	dd	f	20	green	4	(80, 0)	(40, 69)	(-39, 69)	(-80, 0)	(-40, -69)	(40, -69)	diamond	green	same	right	right	(40, -69)	(40, 69)	search	nr	True	1369041	1369886	right	135	35	160	85	110	10	None	None	testing
6	dd	f	20	green	4	(80, 0)	(40, 69)	(-39, 69)	(-80, 0)	(-40, -69)	(40, -69)	diamond	none	same	right	right	N_dist	(40, 69)	search	nr	True	1371162	1372031	right	160	85	60	110	135	10	None	None	testing
6	dd	f	20	green	4	(80, 0)	(40, 69)	(-39, 69)	(-80, 0)	(-40, -69)	(40, -69)	circle	green	same	left	left	(80, 0)	(-40, -69)	probe	norm	None	None	None	None	10	110	160	135	35	60	(-80, 0)	15	testing
6	dd	f	20	green	4	(80, 0)	(40, 69)	(-39, 69)	(-80, 0)	(-40, -69)	(40, -69)	diamond	green	dif	right	right	(40, -69)	(-40, -69)	probe	tar	None	None	None	None	35	110	60	135	160	10	(-40, -69)	35	testing
6	dd	f	20	green	4	(80, 0)	(40, 69)	(-39, 69)	(-80, 0)	(-40, -69)	(40, -69)	circle	green	same	left	left	(-40, -69)	(80, 0)	probe	norm	None	None	None	None	35	60	85	135	110	160	(40, 69)	166	testing
6	dd	f	20	green	4	(80, 0)	(40, 69)	(-39, 69)	(-80, 0)	(-40, -69)	(40, -69)	diamond	none	dif	right	right	N_dist	(-80, 0)	search	nr	True	1386506	1387230	right	110	35	60	135	160	85	None	None	testing
6	dd	f	20	green	4	(80, 0)	(40, 69)	(-39, 69)	(-80, 0)	(-40, -69)	(40, -69)	diamond	green	dif	right	right	(40, 69)	(-39, 69)	probe	l_sin	None	None	None	None	110	85	135	35	10	160	(40, 69)	173	testing
6	dd	f	20	green	4	(80, 0)	(40, 69)	(-39, 69)	(-80, 0)	(-40, -69)	(40, -69)	diamond	green	same	left	left	(40, -69)	(-80, 0)	search	nr	True	1392267	1393150	left	35	110	135	60	10	160	None	None	testing
6	dd	f	20	green	4	(80, 0)	(40, 69)	(-39, 69)	(-80, 0)	(-40, -69)	(40, -69)	circle	green	same	right	right	(-40, -69)	(80, 0)	search	nr	True	1394287	1395294	right	60	10	110	160	135	85	None	None	testing
6	dd	f	20	green	4	(80, 0)	(40, 69)	(-39, 69)	(-80, 0)	(-40, -69)	(40, -69)	diamond	green	dif	left	left	(40, -69)	(-80, 0)	probe	norm	None	None	None	None	135	85	10	160	60	110	(-39, 69)	141	testing
6	dd	f	20	green	4	(80, 0)	(40, 69)	(-39, 69)	(-80, 0)	(-40, -69)	(40, -69)	diamond	green	same	left	left	(40, -69)	(-80, 0)	probe	h_sin	None	None	None	None	60	35	110	160	135	85	(40, -69)	29	testing
6	dd	f	20	green	4	(80, 0)	(40, 69)	(-39, 69)	(-80, 0)	(-40, -69)	(40, -69)	diamond	none	dif	left	left	N_dist	(-40, -69)	search	nr	True	1407612	1408430	left	110	135	160	10	60	85	None	None	testing
6	dd	f	20	green	4	(80, 0)	(40, 69)	(-39, 69)	(-80, 0)	(-40, -69)	(40, -69)	diamond	green	dif	right	right	(40, -69)	(-40, -69)	search	nr	True	1409598	1411182	right	110	10	35	85	60	135	None	None	testing
6	dd	f	20	green	4	(80, 0)	(40, 69)	(-39, 69)	(-80, 0)	(-40, -69)	(40, -69)	circle	green	same	left	left	(40, 69)	(-40, -69)	search	nr	True	1412303	1413582	left	60	35	160	85	135	110	None	None	testing
6	dd	f	20	green	4	(80, 0)	(40, 69)	(-39, 69)	(-80, 0)	(-40, -69)	(40, -69)	circle	green	same	left	left	(40, 69)	(-40, -69)	search	nr	True	1414875	1415982	left	60	35	85	135	10	160	None	None	testing
6	dd	f	20	green	4	(80, 0)	(40, 69)	(-39, 69)	(-80, 0)	(-40, -69)	(40, -69)	circle	none	same	right	right	N_dist	(-39, 69)	probe	l_norm	None	None	None	None	110	35	135	85	160	60	(-40, -69)	37	testing
6	dd	f	20	green	4	(80, 0)	(40, 69)	(-39, 69)	(-80, 0)	(-40, -69)	(40, -69)	circle	green	dif	right	right	(40, -69)	(40, 69)	search	nr	True	1420969	1421854	right	160	35	135	60	110	85	None	None	testing
6	dd	f	20	green	4	(80, 0)	(40, 69)	(-39, 69)	(-80, 0)	(-40, -69)	(40, -69)	diamond	green	dif	left	left	(40, -69)	(-39, 69)	probe	norm	None	None	None	None	85	35	60	160	135	110	(-40, -69)	29	testing
6	dd	f	20	green	4	(80, 0)	(40, 69)	(-39, 69)	(-80, 0)	(-40, -69)	(40, -69)	circle	green	dif	left	left	(-40, -69)	(40, 69)	probe	l_sin	None	None	None	None	35	60	110	160	85	135	(-40, -69)	166	testing
6	dd	f	20	green	4	(80, 0)	(40, 69)	(-39, 69)	(-80, 0)	(-40, -69)	(40, -69)	diamond	none	dif	left	left	N_dist	(40, 69)	search	nr	True	1430938	1431774	left	60	110	160	10	35	135	None	None	testing
6	dd	f	20	green	4	(80, 0)	(40, 69)	(-39, 69)	(-80, 0)	(-40, -69)	(40, -69)	diamond	green	dif	left	left	(40, -69)	(-39, 69)	search	nr	True	1433041	1433854	left	135	110	10	35	160	85	None	None	testing
6	dd	f	20	green	4	(80, 0)	(40, 69)	(-39, 69)	(-80, 0)	(-40, -69)	(40, -69)	circle	none	dif	right	right	N_dist	(-40, -69)	search	nr	True	1435079	1435951	right	60	10	85	35	160	135	None	None	testing
6	dd	f	20	green	4	(80, 0)	(40, 69)	(-39, 69)	(-80, 0)	(-40, -69)	(40, -69)	diamond	green	same	left	left	(-39, 69)	(-40, -69)	probe	l_sin	None	None	None	None	10	135	110	35	160	85	(-39, 69)	13	testing
6	dd	f	20	green	4	(80, 0)	(40, 69)	(-39, 69)	(-80, 0)	(-40, -69)	(40, -69)	diamond	none	dif	right	right	N_dist	(40, 69)	search	nr	True	1441073	1441791	right	135	160	35	60	110	85	None	None	testing
6	dd	f	20	green	4	(80, 0)	(40, 69)	(-39, 69)	(-80, 0)	(-40, -69)	(40, -69)	diamond	green	same	left	left	(40, -69)	(-40, -69)	search	nr	True	1442876	1443758	left	110	35	10	85	135	60	None	None	testing
6	dd	f	20	green	4	(80, 0)	(40, 69)	(-39, 69)	(-80, 0)	(-40, -69)	(40, -69)	diamond	green	dif	right	right	(40, 69)	(-39, 69)	search	nr	True	1444897	1445934	right	60	85	135	160	110	10	None	None	testing
6	dd	f	20	green	4	(80, 0)	(40, 69)	(-39, 69)	(-80, 0)	(-40, -69)	(40, -69)	circle	green	dif	left	left	(40, -69)	(-40, -69)	probe	h_sin	None	None	None	None	35	110	160	85	10	135	(40, -69)	30	testing
6	dd	f	20	green	4	(80, 0)	(40, 69)	(-39, 69)	(-80, 0)	(-40, -69)	(40, -69)	circle	none	same	left	left	N_dist	(80, 0)	search	nr	True	1450674	1451422	left	160	135	60	10	35	110	None	None	testing
6	dd	f	20	green	4	(80, 0)	(40, 69)	(-39, 69)	(-80, 0)	(-40, -69)	(40, -69)	circle	green	same	left	left	(-40, -69)	(80, 0)	search	nr	True	1452561	1453407	left	85	110	135	35	160	10	None	None	testing
6	dd	f	20	green	4	(80, 0)	(40, 69)	(-39, 69)	(-80, 0)	(-40, -69)	(40, -69)	diamond	green	same	right	right	(40, -69)	(-39, 69)	search	nr	True	1454648	1455549	right	160	110	85	135	60	35	None	None	testing
6	dd	f	20	green	4	(80, 0)	(40, 69)	(-39, 69)	(-80, 0)	(-40, -69)	(40, -69)	circle	green	same	left	left	(-80, 0)	(-40, -69)	probe	norm	None	None	None	None	110	135	85	60	10	35	(40, -69)	153	testing
6	dd	f	20	green	4	(80, 0)	(40, 69)	(-39, 69)	(-80, 0)	(-40, -69)	(40, -69)	circle	green	same	left	left	(-80, 0)	(-40, -69)	search	nr	True	1460509	1461389	left	110	35	85	60	10	160	None	None	testing
6	dd	f	20	green	4	(80, 0)	(40, 69)	(-39, 69)	(-80, 0)	(-40, -69)	(40, -69)	circle	none	dif	right	right	N_dist	(-40, -69)	search	nr	True	1462496	1463262	right	85	60	35	135	110	160	None	None	testing
6	dd	f	20	green	4	(80, 0)	(40, 69)	(-39, 69)	(-80, 0)	(-40, -69)	(40, -69)	circle	green	dif	right	right	(40, -69)	(80, 0)	search	nr	True	1464549	1465406	right	85	60	10	160	135	35	None	None	testing
6	dd	f	20	green	4	(80, 0)	(40, 69)	(-39, 69)	(-80, 0)	(-40, -69)	(40, -69)	diamond	none	dif	right	right	N_dist	(-40, -69)	probe	l_norm	None	None	None	None	160	135	85	35	60	110	(-39, 69)	18	testing
6	dd	f	20	green	4	(80, 0)	(40, 69)	(-39, 69)	(-80, 0)	(-40, -69)	(40, -69)	circle	none	dif	left	left	N_dist	(-40, -69)	search	nr	True	1470394	1471102	left	85	35	160	110	60	135	None	None	testing
6	dd	f	20	green	4	(80, 0)	(40, 69)	(-39, 69)	(-80, 0)	(-40, -69)	(40, -69)	circle	green	dif	right	right	(-39, 69)	(-40, -69)	probe	tar	None	None	None	None	85	135	160	10	60	35	(-40, -69)	167	testing
6	dd	f	20	green	4	(80, 0)	(40, 69)	(-39, 69)	(-80, 0)	(-40, -69)	(40, -69)	circle	green	same	right	right	(40, -69)	(80, 0)	search	nr	True	1475753	1476558	right	35	135	160	60	110	10	None	None	testing
