subj	name	gender	age	dist	run	tar_locs1	tar_locs2	tar_locs3	tar_locs4	tar_locs5	tar_locs6	shape	dist	td_dif	detection	resp_key	dis_loc	tar_loc	task_type	probe_cond	gotKey	startTime	respTime	resp	o1	o2	o3	o4	o5	o6	pro_loc	ori_resp	mode
6	dd	f	20	green	Le	(80, 0)	(40, 69)	(-39, 69)	(-80, 0)	(-40, -69)	(40, -69)	circle	green	same	left	left	(40, -69)	(-40, -69)	search	nr	False	130807	None	None	110	35	135	85	160	10	None	None	practice
6	dd	f	20	green	Le	(80, 0)	(40, 69)	(-39, 69)	(-80, 0)	(-40, -69)	(40, -69)	circle	green	dif	right	right	(40, -69)	(-80, 0)	search	nr	True	136502	138069	left	85	35	110	60	10	160	None	None	practice
6	dd	f	20	green	Le	(80, 0)	(40, 69)	(-39, 69)	(-80, 0)	(-40, -69)	(40, -69)	diamond	green	same	right	right	(40, -69)	(80, 0)	search	nr	True	140910	142469	right	10	60	160	110	85	135	None	None	practice
6	dd	f	20	green	Le	(80, 0)	(40, 69)	(-39, 69)	(-80, 0)	(-40, -69)	(40, -69)	diamond	green	same	left	left	(-40, -69)	(80, 0)	search	nr	True	143748	145637	left	85	10	160	110	135	60	None	None	practice
6	dd	f	20	green	Le	(80, 0)	(40, 69)	(-39, 69)	(-80, 0)	(-40, -69)	(40, -69)	circle	green	dif	right	right	(40, -69)	(-40, -69)	search	nr	True	146754	147926	right	110	35	10	160	60	85	None	None	practice
6	dd	f	20	green	Le	(80, 0)	(40, 69)	(-39, 69)	(-80, 0)	(-40, -69)	(40, -69)	circle	green	dif	right	right	(-39, 69)	(80, 0)	search	nr	True	149024	150677	right	60	10	160	35	135	85	None	None	practice
6	dd	f	20	green	Le	(80, 0)	(40, 69)	(-39, 69)	(-80, 0)	(-40, -69)	(40, -69)	circle	none	dif	left	left	N_dist	(-39, 69)	search	nr	True	151797	152854	left	160	10	85	135	35	60	None	None	practice
6	dd	f	20	green	Le	(80, 0)	(40, 69)	(-39, 69)	(-80, 0)	(-40, -69)	(40, -69)	circle	green	dif	right	right	(40, -69)	(40, 69)	search	nr	True	154017	155382	right	160	35	60	85	110	10	None	None	practice
6	dd	f	20	green	Le	(80, 0)	(40, 69)	(-39, 69)	(-80, 0)	(-40, -69)	(40, -69)	diamond	green	same	left	left	(-80, 0)	(-39, 69)	search	nr	True	156555	157782	left	85	110	160	35	135	10	None	None	practice
6	dd	f	20	green	Le	(80, 0)	(40, 69)	(-39, 69)	(-80, 0)	(-40, -69)	(40, -69)	diamond	green	same	right	right	(-40, -69)	(40, 69)	search	nr	True	158943	160197	right	110	35	160	135	10	85	None	None	practice
6	dd	f	20	green	Le	(80, 0)	(40, 69)	(-39, 69)	(-80, 0)	(-40, -69)	(40, -69)	diamond	green	same	left	left	(80, 0)	(-39, 69)	search	nr	True	161331	162422	left	10	60	135	110	35	160	None	None	practice
6	dd	f	20	green	Le	(80, 0)	(40, 69)	(-39, 69)	(-80, 0)	(-40, -69)	(40, -69)	diamond	green	dif	left	left	(80, 0)	(-80, 0)	search	nr	True	163552	164694	left	135	160	110	35	85	10	None	None	practice
6	dd	f	20	green	Le	(80, 0)	(40, 69)	(-39, 69)	(-80, 0)	(-40, -69)	(40, -69)	circle	green	same	left	left	(40, 69)	(-40, -69)	search	nr	True	165789	167174	left	10	135	85	35	60	110	None	None	practice
6	dd	f	20	green	Le	(80, 0)	(40, 69)	(-39, 69)	(-80, 0)	(-40, -69)	(40, -69)	circle	none	same	left	left	N_dist	(-39, 69)	search	nr	True	168427	169765	left	160	35	10	60	135	110	None	None	practice
6	dd	f	20	green	Le	(80, 0)	(40, 69)	(-39, 69)	(-80, 0)	(-40, -69)	(40, -69)	diamond	none	same	left	left	N_dist	(-80, 0)	search	nr	True	170931	172150	left	10	60	160	135	85	110	None	None	practice
6	dd	f	20	green	Le	(80, 0)	(40, 69)	(-39, 69)	(-80, 0)	(-40, -69)	(40, -69)	circle	green	dif	right	right	(-40, -69)	(80, 0)	search	nr	True	173352	174566	right	135	35	110	160	10	85	None	None	practice
6	dd	f	20	green	Le	(80, 0)	(40, 69)	(-39, 69)	(-80, 0)	(-40, -69)	(40, -69)	diamond	none	dif	left	left	N_dist	(40, 69)	search	nr	True	175657	176902	left	135	85	60	160	110	35	None	None	practice
6	dd	f	20	green	Le	(80, 0)	(40, 69)	(-39, 69)	(-80, 0)	(-40, -69)	(40, -69)	circle	green	dif	left	left	(40, -69)	(-80, 0)	search	nr	True	178011	179206	left	10	35	160	135	85	60	None	None	practice
6	dd	f	20	green	Le	(80, 0)	(40, 69)	(-39, 69)	(-80, 0)	(-40, -69)	(40, -69)	circle	none	dif	left	left	N_dist	(-39, 69)	search	nr	True	180332	181286	left	10	35	110	160	60	85	None	None	practice
6	dd	f	20	green	Le	(80, 0)	(40, 69)	(-39, 69)	(-80, 0)	(-40, -69)	(40, -69)	circle	green	same	right	right	(40, -69)	(-40, -69)	search	nr	True	182386	183446	right	160	60	85	35	110	10	None	None	practice
6	dd	f	20	green	Le	(80, 0)	(40, 69)	(-39, 69)	(-80, 0)	(-40, -69)	(40, -69)	diamond	green	same	left	left	(80, 0)	(-40, -69)	search	nr	True	184674	186230	left	60	135	110	35	10	160	None	None	practice
6	dd	f	20	green	Le	(80, 0)	(40, 69)	(-39, 69)	(-80, 0)	(-40, -69)	(40, -69)	circle	green	dif	left	left	(40, -69)	(80, 0)	search	nr	True	187529	188486	left	110	10	60	135	85	35	None	None	practice
6	dd	f	20	green	Le	(80, 0)	(40, 69)	(-39, 69)	(-80, 0)	(-40, -69)	(40, -69)	diamond	green	same	left	left	(40, -69)	(40, 69)	search	nr	True	189666	191318	left	135	35	85	110	160	10	None	None	practice
6	dd	f	20	green	Le	(80, 0)	(40, 69)	(-39, 69)	(-80, 0)	(-40, -69)	(40, -69)	circle	green	same	left	left	(40, -69)	(-40, -69)	search	nr	True	192438	193606	left	85	160	135	60	10	35	None	None	practice
6	dd	f	20	green	Le	(80, 0)	(40, 69)	(-39, 69)	(-80, 0)	(-40, -69)	(40, -69)	diamond	green	same	left	left	(-80, 0)	(-40, -69)	search	nr	True	194760	195926	left	160	35	60	135	10	85	None	None	practice
6	dd	f	20	green	Le	(80, 0)	(40, 69)	(-39, 69)	(-80, 0)	(-40, -69)	(40, -69)	diamond	green	dif	left	left	(40, -69)	(80, 0)	search	nr	True	197113	198358	left	160	10	85	110	135	60	None	None	practice
6	dd	f	20	green	Le	(80, 0)	(40, 69)	(-39, 69)	(-80, 0)	(-40, -69)	(40, -69)	diamond	none	dif	right	right	N_dist	(80, 0)	search	nr	True	199434	200533	right	85	135	60	35	110	10	None	None	practice
6	dd	f	20	green	Le	(80, 0)	(40, 69)	(-39, 69)	(-80, 0)	(-40, -69)	(40, -69)	circle	green	dif	right	right	(40, 69)	(-80, 0)	search	nr	True	201822	203110	right	160	35	10	135	60	85	None	None	practice
6	dd	f	20	green	Le	(80, 0)	(40, 69)	(-39, 69)	(-80, 0)	(-40, -69)	(40, -69)	diamond	none	same	left	left	N_dist	(80, 0)	search	nr	True	204309	205254	left	135	10	60	85	160	35	None	None	practice
6	dd	f	20	green	Le	(80, 0)	(40, 69)	(-39, 69)	(-80, 0)	(-40, -69)	(40, -69)	circle	green	dif	right	right	(80, 0)	(40, 69)	search	nr	True	206430	207670	right	160	35	60	10	135	85	None	None	practice
6	dd	f	20	green	Le	(80, 0)	(40, 69)	(-39, 69)	(-80, 0)	(-40, -69)	(40, -69)	circle	none	dif	right	right	N_dist	(40, 69)	search	nr	True	208785	210342	right	60	35	135	10	110	160	None	None	practice
6	dd	f	20	green	Le	(80, 0)	(40, 69)	(-39, 69)	(-80, 0)	(-40, -69)	(40, -69)	circle	green	same	left	left	(40, -69)	(-40, -69)	search	nr	True	211507	212646	left	160	110	135	60	85	35	None	None	practice
6	dd	f	20	green	Le	(80, 0)	(40, 69)	(-39, 69)	(-80, 0)	(-40, -69)	(40, -69)	diamond	none	same	right	right	N_dist	(-39, 69)	search	nr	True	213878	215078	right	60	160	85	110	10	35	None	None	practice
6	dd	f	20	green	Le	(80, 0)	(40, 69)	(-39, 69)	(-80, 0)	(-40, -69)	(40, -69)	diamond	green	same	left	left	(40, -69)	(-40, -69)	search	nr	True	216215	217094	left	85	135	35	160	110	60	None	None	practice
6	dd	f	20	green	Le	(80, 0)	(40, 69)	(-39, 69)	(-80, 0)	(-40, -69)	(40, -69)	circle	none	dif	left	left	N_dist	(-39, 69)	search	nr	True	218369	219526	left	160	110	135	35	85	60	None	None	practice
6	dd	f	20	green	Le	(80, 0)	(40, 69)	(-39, 69)	(-80, 0)	(-40, -69)	(40, -69)	diamond	none	same	left	left	N_dist	(80, 0)	search	nr	True	220790	221829	left	35	135	10	85	160	60	None	None	practice
6	dd	f	20	green	Le	(80, 0)	(40, 69)	(-39, 69)	(-80, 0)	(-40, -69)	(40, -69)	circle	green	same	left	left	(40, 69)	(-40, -69)	search	nr	True	223111	224278	left	85	160	10	60	35	110	None	None	practice
6	dd	f	20	green	Le	(80, 0)	(40, 69)	(-39, 69)	(-80, 0)	(-40, -69)	(40, -69)	circle	green	dif	left	left	(40, -69)	(-80, 0)	search	nr	True	225532	226469	left	135	160	10	60	35	85	None	None	practice
6	dd	f	20	green	Le	(80, 0)	(40, 69)	(-39, 69)	(-80, 0)	(-40, -69)	(40, -69)	diamond	green	same	left	left	(-40, -69)	(80, 0)	search	nr	True	227635	228710	left	160	85	135	60	110	35	None	None	practice
6	dd	f	20	green	Le	(80, 0)	(40, 69)	(-39, 69)	(-80, 0)	(-40, -69)	(40, -69)	diamond	green	dif	left	left	(80, 0)	(-80, 0)	search	nr	True	229856	230662	left	60	85	35	110	10	135	None	None	practice
6	dd	f	20	green	Le	(80, 0)	(40, 69)	(-39, 69)	(-80, 0)	(-40, -69)	(40, -69)	circle	green	dif	right	right	(40, -69)	(-80, 0)	search	nr	True	271417	272229	right	85	160	10	35	60	135	None	None	testing
6	dd	f	20	green	Le	(80, 0)	(40, 69)	(-39, 69)	(-80, 0)	(-40, -69)	(40, -69)	circle	green	same	right	right	(40, -69)	(-39, 69)	search	nr	True	273303	274086	right	60	35	135	85	110	160	None	None	testing
6	dd	f	20	green	Le	(80, 0)	(40, 69)	(-39, 69)	(-80, 0)	(-40, -69)	(40, -69)	circle	green	dif	left	left	(40, 69)	(-80, 0)	search	nr	True	275190	275878	left	10	160	85	135	35	110	None	None	testing
6	dd	f	20	green	Le	(80, 0)	(40, 69)	(-39, 69)	(-80, 0)	(-40, -69)	(40, -69)	circle	green	dif	left	left	(40, -69)	(80, 0)	search	nr	True	277094	277718	left	60	110	135	85	10	35	None	None	testing
6	dd	f	20	green	Le	(80, 0)	(40, 69)	(-39, 69)	(-80, 0)	(-40, -69)	(40, -69)	diamond	green	same	right	right	(40, -69)	(-39, 69)	search	nr	True	278830	279893	right	135	110	85	60	160	10	None	None	testing
6	dd	f	20	green	Le	(80, 0)	(40, 69)	(-39, 69)	(-80, 0)	(-40, -69)	(40, -69)	circle	none	same	right	right	N_dist	(40, 69)	search	nr	True	281084	281990	right	110	85	10	35	135	160	None	None	testing
6	dd	f	20	green	Le	(80, 0)	(40, 69)	(-39, 69)	(-80, 0)	(-40, -69)	(40, -69)	diamond	green	dif	left	left	(-39, 69)	(40, 69)	search	nr	True	283137	284422	left	110	10	35	60	160	135	None	None	testing
6	dd	f	20	green	Le	(80, 0)	(40, 69)	(-39, 69)	(-80, 0)	(-40, -69)	(40, -69)	circle	none	same	left	left	N_dist	(-40, -69)	search	nr	True	285726	286662	left	135	85	10	60	35	110	None	None	testing
6	dd	f	20	green	Le	(80, 0)	(40, 69)	(-39, 69)	(-80, 0)	(-40, -69)	(40, -69)	circle	none	same	right	right	N_dist	(40, 69)	search	nr	True	287763	288614	right	85	10	135	35	160	110	None	None	testing
6	dd	f	20	green	Le	(80, 0)	(40, 69)	(-39, 69)	(-80, 0)	(-40, -69)	(40, -69)	circle	none	same	right	right	N_dist	(40, 69)	search	nr	True	289817	290422	right	160	110	135	85	10	35	None	None	testing
6	dd	f	20	green	Le	(80, 0)	(40, 69)	(-39, 69)	(-80, 0)	(-40, -69)	(40, -69)	circle	green	dif	left	left	(40, -69)	(-40, -69)	search	nr	True	291653	292582	left	135	10	85	110	160	35	None	None	testing
6	dd	f	20	green	Le	(80, 0)	(40, 69)	(-39, 69)	(-80, 0)	(-40, -69)	(40, -69)	circle	none	same	right	right	N_dist	(40, 69)	search	nr	True	293774	294454	right	160	135	35	85	10	110	None	None	testing
6	dd	f	20	green	Le	(80, 0)	(40, 69)	(-39, 69)	(-80, 0)	(-40, -69)	(40, -69)	diamond	green	same	right	right	(40, -69)	(40, 69)	search	nr	True	295578	297013	right	10	110	35	85	160	60	None	None	testing
6	dd	f	20	green	Le	(80, 0)	(40, 69)	(-39, 69)	(-80, 0)	(-40, -69)	(40, -69)	diamond	green	dif	right	right	(-39, 69)	(80, 0)	search	nr	True	298300	299318	right	35	10	160	60	85	110	None	None	testing
6	dd	f	20	green	Le	(80, 0)	(40, 69)	(-39, 69)	(-80, 0)	(-40, -69)	(40, -69)	diamond	none	dif	left	left	N_dist	(40, -69)	search	nr	True	300570	301462	left	10	85	110	60	160	35	None	None	testing
6	dd	f	20	green	Le	(80, 0)	(40, 69)	(-39, 69)	(-80, 0)	(-40, -69)	(40, -69)	circle	green	dif	right	right	(-39, 69)	(-40, -69)	search	nr	True	302591	303686	right	160	35	135	85	110	60	None	None	testing
6	dd	f	20	green	Le	(80, 0)	(40, 69)	(-39, 69)	(-80, 0)	(-40, -69)	(40, -69)	circle	green	dif	left	left	(-80, 0)	(-40, -69)	search	nr	True	304811	305798	left	110	85	10	60	135	160	None	None	testing
6	dd	f	20	green	Le	(80, 0)	(40, 69)	(-39, 69)	(-80, 0)	(-40, -69)	(40, -69)	circle	green	same	right	right	(40, -69)	(40, 69)	search	nr	True	306865	307654	right	10	160	85	135	60	35	None	None	testing
6	dd	f	20	green	Le	(80, 0)	(40, 69)	(-39, 69)	(-80, 0)	(-40, -69)	(40, -69)	circle	green	same	right	right	(40, -69)	(-40, -69)	search	nr	True	308852	309637	left	60	110	85	160	35	135	None	None	testing
6	dd	f	20	green	Le	(80, 0)	(40, 69)	(-39, 69)	(-80, 0)	(-40, -69)	(40, -69)	circle	green	same	left	left	(40, -69)	(-40, -69)	search	nr	True	312375	313286	left	135	35	85	10	60	160	None	None	testing
6	dd	f	20	green	Le	(80, 0)	(40, 69)	(-39, 69)	(-80, 0)	(-40, -69)	(40, -69)	diamond	none	same	right	right	N_dist	(40, -69)	search	nr	True	314462	315366	right	160	60	85	10	110	35	None	None	testing
6	dd	f	20	green	Le	(80, 0)	(40, 69)	(-39, 69)	(-80, 0)	(-40, -69)	(40, -69)	circle	green	same	right	right	(40, -69)	(40, 69)	search	nr	True	316449	317349	right	10	35	135	110	160	60	None	None	testing
6	dd	f	20	green	Le	(80, 0)	(40, 69)	(-39, 69)	(-80, 0)	(-40, -69)	(40, -69)	circle	none	same	left	left	N_dist	(-80, 0)	search	nr	True	318486	319349	left	10	135	110	160	60	85	None	None	testing
6	dd	f	20	green	Le	(80, 0)	(40, 69)	(-39, 69)	(-80, 0)	(-40, -69)	(40, -69)	circle	green	dif	left	left	(40, -69)	(-80, 0)	search	nr	True	320540	321510	left	85	110	135	10	60	35	None	None	testing
6	dd	f	20	green	Le	(80, 0)	(40, 69)	(-39, 69)	(-80, 0)	(-40, -69)	(40, -69)	diamond	none	dif	left	left	N_dist	(-80, 0)	search	nr	True	322627	323942	left	10	160	35	135	60	110	None	None	testing
6	dd	f	20	green	Le	(80, 0)	(40, 69)	(-39, 69)	(-80, 0)	(-40, -69)	(40, -69)	circle	green	dif	left	left	(40, -69)	(-80, 0)	search	nr	True	325065	326006	left	110	60	160	85	35	135	None	None	testing
6	dd	f	20	green	Le	(80, 0)	(40, 69)	(-39, 69)	(-80, 0)	(-40, -69)	(40, -69)	circle	none	dif	left	left	N_dist	(80, 0)	search	nr	True	327152	327990	left	35	160	60	10	135	85	None	None	testing
6	dd	f	20	green	Le	(80, 0)	(40, 69)	(-39, 69)	(-80, 0)	(-40, -69)	(40, -69)	diamond	green	dif	left	left	(-80, 0)	(40, 69)	search	nr	True	329139	330166	left	60	85	160	10	135	35	None	None	testing
6	dd	f	20	green	Le	(80, 0)	(40, 69)	(-39, 69)	(-80, 0)	(-40, -69)	(40, -69)	circle	green	dif	left	left	(40, -69)	(80, 0)	search	nr	True	331344	332294	left	85	35	10	135	110	60	None	None	testing
6	dd	f	20	green	Le	(80, 0)	(40, 69)	(-39, 69)	(-80, 0)	(-40, -69)	(40, -69)	circle	green	same	right	right	(80, 0)	(-40, -69)	search	nr	True	333364	334694	right	35	160	110	135	60	85	None	None	testing
6	dd	f	20	green	Le	(80, 0)	(40, 69)	(-39, 69)	(-80, 0)	(-40, -69)	(40, -69)	circle	none	same	left	left	N_dist	(80, 0)	search	nr	True	335818	336597	left	160	60	35	85	135	10	None	None	testing
6	dd	f	20	green	Le	(80, 0)	(40, 69)	(-39, 69)	(-80, 0)	(-40, -69)	(40, -69)	circle	green	dif	right	right	(40, -69)	(-40, -69)	search	nr	True	337905	338773	right	85	10	35	135	160	60	None	None	testing
6	dd	f	20	green	Le	(80, 0)	(40, 69)	(-39, 69)	(-80, 0)	(-40, -69)	(40, -69)	diamond	green	dif	right	right	(40, -69)	(40, 69)	search	nr	True	339975	340966	right	110	135	85	160	60	35	None	None	testing
6	dd	f	20	green	Le	(80, 0)	(40, 69)	(-39, 69)	(-80, 0)	(-40, -69)	(40, -69)	diamond	green	dif	left	left	(-39, 69)	(40, 69)	search	nr	True	342029	343206	left	60	110	10	160	35	135	None	None	testing
6	dd	f	20	green	Le	(80, 0)	(40, 69)	(-39, 69)	(-80, 0)	(-40, -69)	(40, -69)	circle	none	same	right	right	N_dist	(40, 69)	search	nr	True	344384	345429	right	35	60	85	110	135	160	None	None	testing
6	dd	f	20	green	Le	(80, 0)	(40, 69)	(-39, 69)	(-80, 0)	(-40, -69)	(40, -69)	diamond	none	dif	left	left	N_dist	(-40, -69)	search	nr	True	346488	347382	left	10	60	35	135	160	110	None	None	testing
6	dd	f	20	green	Le	(80, 0)	(40, 69)	(-39, 69)	(-80, 0)	(-40, -69)	(40, -69)	diamond	none	same	right	right	N_dist	(80, 0)	search	nr	True	348474	349382	right	85	160	35	60	10	110	None	None	testing
6	dd	f	20	green	Le	(80, 0)	(40, 69)	(-39, 69)	(-80, 0)	(-40, -69)	(40, -69)	diamond	none	same	right	right	N_dist	(-39, 69)	search	nr	True	350478	351317	right	85	160	35	10	135	110	None	None	testing
6	dd	f	20	green	Le	(80, 0)	(40, 69)	(-39, 69)	(-80, 0)	(-40, -69)	(40, -69)	diamond	green	dif	right	right	(-80, 0)	(-39, 69)	search	nr	True	352616	353574	right	10	160	110	135	60	35	None	None	testing
6	dd	f	20	green	Le	(80, 0)	(40, 69)	(-39, 69)	(-80, 0)	(-40, -69)	(40, -69)	diamond	green	dif	right	right	(-40, -69)	(40, 69)	search	nr	True	354753	355734	right	60	135	85	10	160	110	None	None	testing
6	dd	f	20	green	Le	(80, 0)	(40, 69)	(-39, 69)	(-80, 0)	(-40, -69)	(40, -69)	circle	none	same	right	right	N_dist	(-40, -69)	search	nr	True	356990	358645	left	110	35	60	10	135	160	None	None	testing
6	dd	f	20	green	Le	(80, 0)	(40, 69)	(-39, 69)	(-80, 0)	(-40, -69)	(40, -69)	diamond	none	dif	right	right	N_dist	(80, 0)	search	nr	True	361231	362070	right	160	10	85	60	135	110	None	None	testing
6	dd	f	20	green	Le	(80, 0)	(40, 69)	(-39, 69)	(-80, 0)	(-40, -69)	(40, -69)	diamond	green	same	left	left	(-80, 0)	(-39, 69)	search	nr	True	363319	364885	left	160	85	110	135	10	60	None	None	testing
6	dd	f	20	green	Le	(80, 0)	(40, 69)	(-39, 69)	(-80, 0)	(-40, -69)	(40, -69)	circle	green	same	right	right	(40, -69)	(40, 69)	search	nr	True	366124	367494	right	110	160	10	135	85	35	None	None	testing
6	dd	f	20	green	Le	(80, 0)	(40, 69)	(-39, 69)	(-80, 0)	(-40, -69)	(40, -69)	diamond	green	same	right	right	(40, -69)	(-39, 69)	search	nr	True	368762	369878	right	60	110	10	135	160	85	None	None	testing
6	dd	f	20	green	Le	(80, 0)	(40, 69)	(-39, 69)	(-80, 0)	(-40, -69)	(40, -69)	circle	green	dif	left	left	(40, 69)	(80, 0)	search	nr	True	371167	372357	left	110	160	35	85	10	60	None	None	testing
6	dd	f	20	green	Le	(80, 0)	(40, 69)	(-39, 69)	(-80, 0)	(-40, -69)	(40, -69)	circle	green	same	left	left	(40, -69)	(80, 0)	search	nr	True	373571	374645	left	110	85	35	160	60	135	None	None	testing
6	dd	f	20	green	Le	(80, 0)	(40, 69)	(-39, 69)	(-80, 0)	(-40, -69)	(40, -69)	diamond	none	same	left	left	N_dist	(-39, 69)	search	nr	True	375858	377574	left	10	35	160	110	135	60	None	None	testing
6	dd	f	20	green	Le	(80, 0)	(40, 69)	(-39, 69)	(-80, 0)	(-40, -69)	(40, -69)	circle	green	same	left	left	(40, 69)	(-40, -69)	search	nr	True	378631	379733	left	10	60	135	110	35	160	None	None	testing
6	dd	f	20	green	Le	(80, 0)	(40, 69)	(-39, 69)	(-80, 0)	(-40, -69)	(40, -69)	circle	none	dif	left	left	N_dist	(40, -69)	search	nr	True	380934	381813	left	110	135	35	10	160	60	None	None	testing
6	dd	f	20	green	Le	(80, 0)	(40, 69)	(-39, 69)	(-80, 0)	(-40, -69)	(40, -69)	circle	none	same	right	right	N_dist	(-40, -69)	search	nr	True	383105	384006	right	135	160	10	35	110	85	None	None	testing
6	dd	f	20	green	Le	(80, 0)	(40, 69)	(-39, 69)	(-80, 0)	(-40, -69)	(40, -69)	circle	green	same	right	right	(80, 0)	(-40, -69)	search	nr	True	385242	386294	right	160	60	35	110	10	135	None	None	testing
6	dd	f	20	green	Le	(80, 0)	(40, 69)	(-39, 69)	(-80, 0)	(-40, -69)	(40, -69)	diamond	green	dif	left	left	(40, -69)	(80, 0)	search	nr	True	387497	388454	left	110	60	135	85	35	160	None	None	testing
6	dd	f	20	green	Le	(80, 0)	(40, 69)	(-39, 69)	(-80, 0)	(-40, -69)	(40, -69)	diamond	green	dif	right	right	(40, -69)	(-80, 0)	search	nr	True	389584	390565	right	60	160	85	10	135	35	None	None	testing
6	dd	f	20	green	Le	(80, 0)	(40, 69)	(-39, 69)	(-80, 0)	(-40, -69)	(40, -69)	circle	green	dif	right	right	(80, 0)	(40, 69)	search	nr	True	391821	392790	left	110	60	85	160	135	35	None	None	testing
6	dd	f	20	green	Le	(80, 0)	(40, 69)	(-39, 69)	(-80, 0)	(-40, -69)	(40, -69)	diamond	none	dif	left	left	N_dist	(-40, -69)	search	nr	True	395478	396374	left	10	135	160	110	85	60	None	None	testing
6	dd	f	20	green	Le	(80, 0)	(40, 69)	(-39, 69)	(-80, 0)	(-40, -69)	(40, -69)	diamond	green	same	left	left	(-80, 0)	(-40, -69)	search	nr	True	397498	399542	left	85	160	135	10	35	60	None	None	testing
6	dd	f	20	green	Le	(80, 0)	(40, 69)	(-39, 69)	(-80, 0)	(-40, -69)	(40, -69)	circle	green	same	left	left	(40, -69)	(80, 0)	search	nr	True	400720	402373	left	60	135	110	85	160	35	None	None	testing
6	dd	f	20	green	Le	(80, 0)	(40, 69)	(-39, 69)	(-80, 0)	(-40, -69)	(40, -69)	diamond	none	dif	right	right	N_dist	(40, 69)	search	nr	True	403609	404710	right	160	10	60	110	135	85	None	None	testing
6	dd	f	20	green	Le	(80, 0)	(40, 69)	(-39, 69)	(-80, 0)	(-40, -69)	(40, -69)	diamond	green	dif	right	right	(40, -69)	(-39, 69)	search	nr	True	405947	407317	right	110	35	85	10	160	60	None	None	testing
6	dd	f	20	green	Le	(80, 0)	(40, 69)	(-39, 69)	(-80, 0)	(-40, -69)	(40, -69)	circle	green	same	left	left	(40, -69)	(-39, 69)	search	nr	True	408469	409862	left	135	160	10	110	60	85	None	None	testing
6	dd	f	20	green	Le	(80, 0)	(40, 69)	(-39, 69)	(-80, 0)	(-40, -69)	(40, -69)	circle	none	same	left	left	N_dist	(-80, 0)	search	nr	True	411090	412197	left	160	35	85	10	60	110	None	None	testing
6	dd	f	20	green	Le	(80, 0)	(40, 69)	(-39, 69)	(-80, 0)	(-40, -69)	(40, -69)	circle	green	dif	right	right	(-40, -69)	(80, 0)	search	nr	True	413361	414502	right	60	160	35	85	10	135	None	None	testing
6	dd	f	20	green	Le	(80, 0)	(40, 69)	(-39, 69)	(-80, 0)	(-40, -69)	(40, -69)	diamond	none	dif	right	right	N_dist	(80, 0)	search	nr	True	415665	416597	right	110	85	10	35	135	60	None	None	testing
6	dd	f	20	green	Le	(80, 0)	(40, 69)	(-39, 69)	(-80, 0)	(-40, -69)	(40, -69)	circle	green	same	left	left	(40, -69)	(-39, 69)	search	nr	True	417802	418742	left	35	110	160	85	10	60	None	None	testing
6	dd	f	20	green	Le	(80, 0)	(40, 69)	(-39, 69)	(-80, 0)	(-40, -69)	(40, -69)	circle	green	dif	left	left	(40, -69)	(80, 0)	search	nr	True	419923	420998	left	60	160	10	135	110	35	None	None	testing
6	dd	f	20	green	Le	(80, 0)	(40, 69)	(-39, 69)	(-80, 0)	(-40, -69)	(40, -69)	diamond	green	same	left	left	(40, -69)	(-40, -69)	search	nr	True	422277	423765	left	60	135	160	85	10	110	None	None	testing
6	dd	f	20	green	Le	(80, 0)	(40, 69)	(-39, 69)	(-80, 0)	(-40, -69)	(40, -69)	circle	green	same	right	right	(40, -69)	(-40, -69)	search	nr	True	424982	426517	left	10	85	60	110	135	35	None	None	testing
6	dd	f	20	green	Le	(80, 0)	(40, 69)	(-39, 69)	(-80, 0)	(-40, -69)	(40, -69)	diamond	green	dif	right	right	(40, -69)	(-80, 0)	search	nr	True	429306	430534	right	160	110	60	35	135	10	None	None	testing
6	dd	f	20	green	Le	(80, 0)	(40, 69)	(-39, 69)	(-80, 0)	(-40, -69)	(40, -69)	diamond	green	dif	left	left	(40, -69)	(80, 0)	search	nr	True	431778	432805	left	110	60	85	10	160	35	None	None	testing
6	dd	f	20	green	Le	(80, 0)	(40, 69)	(-39, 69)	(-80, 0)	(-40, -69)	(40, -69)	diamond	none	same	left	left	N_dist	(-39, 69)	search	nr	True	434098	434998	left	85	160	35	110	135	10	None	None	testing
6	dd	f	20	green	Le	(80, 0)	(40, 69)	(-39, 69)	(-80, 0)	(-40, -69)	(40, -69)	circle	green	dif	left	left	(40, -69)	(-80, 0)	search	nr	True	436069	437590	left	110	85	10	35	160	60	None	None	testing
6	dd	f	20	green	Le	(80, 0)	(40, 69)	(-39, 69)	(-80, 0)	(-40, -69)	(40, -69)	circle	green	dif	right	right	(-40, -69)	(80, 0)	search	nr	True	438690	439622	right	135	160	35	10	110	60	None	None	testing
6	dd	f	20	green	Le	(80, 0)	(40, 69)	(-39, 69)	(-80, 0)	(-40, -69)	(40, -69)	circle	green	same	left	left	(40, -69)	(80, 0)	search	nr	True	440894	441845	left	10	85	35	60	160	135	None	None	testing
6	dd	f	20	green	Le	(80, 0)	(40, 69)	(-39, 69)	(-80, 0)	(-40, -69)	(40, -69)	circle	none	same	left	left	N_dist	(-80, 0)	search	nr	True	443098	444198	left	60	85	160	35	110	135	None	None	testing
6	dd	f	20	green	Le	(80, 0)	(40, 69)	(-39, 69)	(-80, 0)	(-40, -69)	(40, -69)	diamond	none	same	left	left	N_dist	(-80, 0)	search	nr	True	445453	446645	left	35	10	110	60	135	160	None	None	testing
6	dd	f	20	green	Le	(80, 0)	(40, 69)	(-39, 69)	(-80, 0)	(-40, -69)	(40, -69)	circle	none	same	left	left	N_dist	(-40, -69)	search	nr	True	447758	448950	left	110	160	60	35	10	85	None	None	testing
6	dd	f	20	green	Le	(80, 0)	(40, 69)	(-39, 69)	(-80, 0)	(-40, -69)	(40, -69)	circle	green	dif	left	left	(-80, 0)	(-40, -69)	search	nr	True	450178	452069	left	60	85	135	160	110	35	None	None	testing
6	dd	f	20	green	Le	(80, 0)	(40, 69)	(-39, 69)	(-80, 0)	(-40, -69)	(40, -69)	diamond	green	same	right	right	(40, -69)	(-39, 69)	search	nr	True	453234	454454	right	135	60	85	10	35	160	None	None	testing
6	dd	f	20	green	Le	(80, 0)	(40, 69)	(-39, 69)	(-80, 0)	(-40, -69)	(40, -69)	circle	green	dif	right	right	(80, 0)	(40, 69)	search	nr	True	455721	457221	right	160	110	35	85	135	60	None	None	testing
6	dd	f	20	green	Le	(80, 0)	(40, 69)	(-39, 69)	(-80, 0)	(-40, -69)	(40, -69)	diamond	none	same	right	right	N_dist	(80, 0)	search	nr	True	458344	459749	right	60	35	110	85	135	10	None	None	testing
6	dd	f	20	green	Le	(80, 0)	(40, 69)	(-39, 69)	(-80, 0)	(-40, -69)	(40, -69)	diamond	none	dif	right	right	N_dist	(40, -69)	search	nr	True	460865	461973	right	85	35	160	60	10	110	None	None	testing
6	dd	f	20	green	Le	(80, 0)	(40, 69)	(-39, 69)	(-80, 0)	(-40, -69)	(40, -69)	diamond	green	same	right	right	(40, -69)	(-39, 69)	search	nr	True	463236	464550	right	60	110	10	160	35	135	None	None	testing
6	dd	f	20	green	Le	(80, 0)	(40, 69)	(-39, 69)	(-80, 0)	(-40, -69)	(40, -69)	circle	green	dif	right	right	(40, -69)	(40, 69)	search	nr	True	465824	467414	right	110	10	85	60	160	35	None	None	testing
6	dd	f	20	green	Le	(80, 0)	(40, 69)	(-39, 69)	(-80, 0)	(-40, -69)	(40, -69)	circle	none	same	right	right	N_dist	(-40, -69)	search	nr	True	468529	469893	right	110	35	135	10	160	85	None	None	testing
6	dd	f	20	green	Le	(80, 0)	(40, 69)	(-39, 69)	(-80, 0)	(-40, -69)	(40, -69)	diamond	green	same	left	left	(40, -69)	(40, 69)	search	nr	True	471067	472309	left	160	135	35	110	85	60	None	None	testing
6	dd	f	20	green	Le	(80, 0)	(40, 69)	(-39, 69)	(-80, 0)	(-40, -69)	(40, -69)	circle	green	dif	right	right	(-39, 69)	(80, 0)	search	nr	True	473455	474710	right	60	10	135	85	160	110	None	None	testing
6	dd	f	20	green	Le	(80, 0)	(40, 69)	(-39, 69)	(-80, 0)	(-40, -69)	(40, -69)	diamond	green	dif	left	left	(-39, 69)	(40, 69)	search	nr	True	475926	477654	left	135	110	160	35	60	85	None	None	testing
6	dd	f	20	green	Le	(80, 0)	(40, 69)	(-39, 69)	(-80, 0)	(-40, -69)	(40, -69)	circle	green	same	right	right	(40, -69)	(40, 69)	search	nr	True	478931	480277	right	135	10	160	110	60	85	None	None	testing
6	dd	f	20	green	Le	(80, 0)	(40, 69)	(-39, 69)	(-80, 0)	(-40, -69)	(40, -69)	diamond	green	same	right	right	(40, -69)	(-39, 69)	search	nr	True	481536	482742	right	10	110	35	60	85	160	None	None	testing
6	dd	f	20	green	Le	(80, 0)	(40, 69)	(-39, 69)	(-80, 0)	(-40, -69)	(40, -69)	diamond	none	same	right	right	N_dist	(-39, 69)	search	nr	True	483890	485013	right	10	60	135	110	160	35	None	None	testing
6	dd	f	20	green	Le	(80, 0)	(40, 69)	(-39, 69)	(-80, 0)	(-40, -69)	(40, -69)	diamond	none	dif	right	right	N_dist	(40, -69)	search	nr	True	486078	487318	right	160	110	35	135	85	10	None	None	testing
6	dd	f	20	green	Le	(80, 0)	(40, 69)	(-39, 69)	(-80, 0)	(-40, -69)	(40, -69)	diamond	none	dif	right	right	N_dist	(40, -69)	search	nr	True	488416	489557	right	85	135	60	35	10	160	None	None	testing
6	dd	f	20	green	Le	(80, 0)	(40, 69)	(-39, 69)	(-80, 0)	(-40, -69)	(40, -69)	circle	none	dif	left	left	N_dist	(-40, -69)	search	nr	True	490686	491798	left	85	160	35	60	135	110	None	None	testing
6	dd	f	20	green	Le	(80, 0)	(40, 69)	(-39, 69)	(-80, 0)	(-40, -69)	(40, -69)	diamond	green	dif	right	right	(40, -69)	(-39, 69)	search	nr	True	493024	494245	right	85	35	110	135	160	60	None	None	testing
6	dd	f	20	green	Le	(80, 0)	(40, 69)	(-39, 69)	(-80, 0)	(-40, -69)	(40, -69)	circle	green	dif	left	left	(-40, -69)	(80, 0)	search	nr	True	495378	496533	left	35	10	160	85	135	110	None	None	testing
6	dd	f	20	green	Le	(80, 0)	(40, 69)	(-39, 69)	(-80, 0)	(-40, -69)	(40, -69)	diamond	green	dif	right	right	(40, -69)	(40, 69)	search	nr	True	497749	498757	right	110	35	10	135	85	160	None	None	testing
6	dd	f	20	green	Le	(80, 0)	(40, 69)	(-39, 69)	(-80, 0)	(-40, -69)	(40, -69)	diamond	none	dif	right	right	N_dist	(40, -69)	search	nr	True	499820	500870	right	110	85	160	60	135	35	None	None	testing
6	dd	f	20	green	Le	(80, 0)	(40, 69)	(-39, 69)	(-80, 0)	(-40, -69)	(40, -69)	diamond	green	same	right	right	(40, -69)	(-80, 0)	search	nr	True	502074	503141	right	110	85	35	135	60	160	None	None	testing
6	dd	f	20	green	Le	(80, 0)	(40, 69)	(-39, 69)	(-80, 0)	(-40, -69)	(40, -69)	circle	none	dif	right	right	N_dist	(-39, 69)	search	nr	True	504278	505685	right	10	135	60	160	85	110	None	None	testing
6	dd	f	20	green	Le	(80, 0)	(40, 69)	(-39, 69)	(-80, 0)	(-40, -69)	(40, -69)	circle	green	same	left	left	(40, -69)	(-80, 0)	search	nr	True	506983	508149	left	85	60	110	10	160	35	None	None	testing
6	dd	f	20	green	Le	(80, 0)	(40, 69)	(-39, 69)	(-80, 0)	(-40, -69)	(40, -69)	diamond	none	same	right	right	N_dist	(80, 0)	search	nr	True	509237	510277	right	35	10	160	85	135	60	None	None	testing
6	dd	f	20	green	Le	(80, 0)	(40, 69)	(-39, 69)	(-80, 0)	(-40, -69)	(40, -69)	circle	none	same	right	right	N_dist	(40, 69)	search	nr	True	511575	512502	right	10	160	85	135	110	35	None	None	testing
6	dd	f	20	green	Le	(80, 0)	(40, 69)	(-39, 69)	(-80, 0)	(-40, -69)	(40, -69)	circle	green	same	left	left	(40, -69)	(-40, -69)	search	nr	True	513779	514870	left	35	110	85	10	60	135	None	None	testing
6	dd	f	20	green	Le	(80, 0)	(40, 69)	(-39, 69)	(-80, 0)	(-40, -69)	(40, -69)	circle	green	same	left	left	(40, -69)	(-40, -69)	search	nr	True	516116	517174	left	110	160	135	35	85	60	None	None	testing
6	dd	f	20	green	Le	(80, 0)	(40, 69)	(-39, 69)	(-80, 0)	(-40, -69)	(40, -69)	circle	green	same	left	left	(40, -69)	(-40, -69)	search	nr	True	518270	519158	left	10	85	35	135	110	160	None	None	testing
6	dd	f	20	green	Le	(80, 0)	(40, 69)	(-39, 69)	(-80, 0)	(-40, -69)	(40, -69)	diamond	none	dif	left	left	N_dist	(-80, 0)	search	nr	True	520223	521334	left	35	135	160	85	10	60	None	None	testing
6	dd	f	20	green	Le	(80, 0)	(40, 69)	(-39, 69)	(-80, 0)	(-40, -69)	(40, -69)	circle	none	same	left	left	N_dist	(-39, 69)	search	nr	True	522545	523718	left	10	135	85	160	35	60	None	None	testing
6	dd	f	20	green	Le	(80, 0)	(40, 69)	(-39, 69)	(-80, 0)	(-40, -69)	(40, -69)	diamond	none	dif	left	left	N_dist	(-40, -69)	search	nr	True	524866	526469	left	35	85	135	60	160	10	None	None	testing
6	dd	f	20	green	Le	(80, 0)	(40, 69)	(-39, 69)	(-80, 0)	(-40, -69)	(40, -69)	diamond	green	dif	left	left	(40, -69)	(-80, 0)	search	nr	True	527687	528597	left	10	35	85	160	60	110	None	None	testing
6	dd	f	20	green	Le	(80, 0)	(40, 69)	(-39, 69)	(-80, 0)	(-40, -69)	(40, -69)	circle	none	dif	left	left	N_dist	(-40, -69)	search	nr	True	529658	531094	left	135	35	60	160	110	10	None	None	testing
6	dd	f	20	green	Le	(80, 0)	(40, 69)	(-39, 69)	(-80, 0)	(-40, -69)	(40, -69)	diamond	green	dif	left	left	(40, -69)	(-80, 0)	search	nr	True	532363	533590	left	10	160	135	110	35	60	None	None	testing
6	dd	f	20	green	Le	(80, 0)	(40, 69)	(-39, 69)	(-80, 0)	(-40, -69)	(40, -69)	diamond	green	same	right	right	(-40, -69)	(80, 0)	search	nr	True	534817	535702	right	60	10	160	110	35	135	None	None	testing
6	dd	f	20	green	Le	(80, 0)	(40, 69)	(-39, 69)	(-80, 0)	(-40, -69)	(40, -69)	diamond	green	same	left	left	(40, -69)	(40, 69)	search	nr	True	536887	537973	left	135	110	60	35	160	85	None	None	testing
6	dd	f	20	green	Le	(80, 0)	(40, 69)	(-39, 69)	(-80, 0)	(-40, -69)	(40, -69)	circle	green	dif	left	left	(-80, 0)	(80, 0)	search	nr	True	539142	540966	left	60	10	160	85	110	35	None	None	testing
6	dd	f	20	green	Le	(80, 0)	(40, 69)	(-39, 69)	(-80, 0)	(-40, -69)	(40, -69)	circle	green	dif	right	right	(40, -69)	(-40, -69)	search	nr	True	542215	543525	right	135	35	160	60	10	85	None	None	testing
6	dd	f	20	green	Le	(80, 0)	(40, 69)	(-39, 69)	(-80, 0)	(-40, -69)	(40, -69)	diamond	green	same	left	left	(-40, -69)	(80, 0)	search	nr	True	544819	545910	left	10	85	160	135	60	35	None	None	testing
6	dd	f	20	green	Le	(80, 0)	(40, 69)	(-39, 69)	(-80, 0)	(-40, -69)	(40, -69)	diamond	none	dif	left	left	N_dist	(-80, 0)	search	nr	True	546990	548006	left	85	135	10	160	60	35	None	None	testing
6	dd	f	20	green	Le	(80, 0)	(40, 69)	(-39, 69)	(-80, 0)	(-40, -69)	(40, -69)	circle	green	same	right	right	(40, -69)	(40, 69)	search	nr	True	549277	550517	right	60	10	110	85	160	135	None	None	testing
6	dd	f	20	green	Le	(80, 0)	(40, 69)	(-39, 69)	(-80, 0)	(-40, -69)	(40, -69)	diamond	green	dif	left	left	(40, -69)	(-80, 0)	search	nr	True	551665	552662	left	60	110	35	135	10	160	None	None	testing
6	dd	f	20	green	Le	(80, 0)	(40, 69)	(-39, 69)	(-80, 0)	(-40, -69)	(40, -69)	diamond	none	same	left	left	N_dist	(-40, -69)	search	nr	True	553786	554790	left	35	160	135	85	110	10	None	None	testing
6	dd	f	20	green	Le	(80, 0)	(40, 69)	(-39, 69)	(-80, 0)	(-40, -69)	(40, -69)	circle	none	dif	right	right	N_dist	(80, 0)	search	nr	True	555923	557254	right	60	110	10	35	135	160	None	None	testing
6	dd	f	20	green	Le	(80, 0)	(40, 69)	(-39, 69)	(-80, 0)	(-40, -69)	(40, -69)	circle	green	dif	left	left	(-80, 0)	(80, 0)	search	nr	True	558461	559397	left	85	35	160	135	60	110	None	None	testing
6	dd	f	20	green	Le	(80, 0)	(40, 69)	(-39, 69)	(-80, 0)	(-40, -69)	(40, -69)	circle	none	dif	right	right	N_dist	(40, 69)	search	nr	True	560548	561622	right	35	135	10	60	85	110	None	None	testing
6	dd	f	20	green	Le	(80, 0)	(40, 69)	(-39, 69)	(-80, 0)	(-40, -69)	(40, -69)	diamond	green	dif	left	left	(80, 0)	(-80, 0)	search	nr	True	562819	563702	left	35	60	85	135	160	110	None	None	testing
6	dd	f	20	green	Le	(80, 0)	(40, 69)	(-39, 69)	(-80, 0)	(-40, -69)	(40, -69)	diamond	none	same	right	right	N_dist	(80, 0)	search	nr	True	564939	565781	right	160	60	135	10	110	35	None	None	testing
6	dd	f	20	green	Le	(80, 0)	(40, 69)	(-39, 69)	(-80, 0)	(-40, -69)	(40, -69)	circle	none	dif	right	right	N_dist	(40, 69)	search	nr	True	566877	567893	right	60	35	110	10	135	160	None	None	testing
6	dd	f	20	green	Le	(80, 0)	(40, 69)	(-39, 69)	(-80, 0)	(-40, -69)	(40, -69)	circle	green	dif	right	right	(40, -69)	(-80, 0)	search	nr	True	569147	570101	left	110	35	160	60	10	135	None	None	testing
6	dd	f	20	green	Le	(80, 0)	(40, 69)	(-39, 69)	(-80, 0)	(-40, -69)	(40, -69)	diamond	green	same	right	right	(40, -69)	(-39, 69)	search	nr	True	572737	573845	right	135	85	60	10	35	160	None	None	testing
6	dd	f	20	green	Le	(80, 0)	(40, 69)	(-39, 69)	(-80, 0)	(-40, -69)	(40, -69)	diamond	green	same	left	left	(80, 0)	(-39, 69)	search	nr	True	575125	576853	left	10	160	35	60	135	110	None	None	testing
6	dd	f	20	green	Le	(80, 0)	(40, 69)	(-39, 69)	(-80, 0)	(-40, -69)	(40, -69)	circle	green	dif	right	right	(40, 69)	(-80, 0)	search	nr	True	577929	580038	right	60	135	35	160	10	110	None	None	testing
6	dd	f	20	green	Le	(80, 0)	(40, 69)	(-39, 69)	(-80, 0)	(-40, -69)	(40, -69)	circle	none	dif	left	left	N_dist	(40, -69)	search	nr	True	581302	582342	left	10	110	160	35	135	85	None	None	testing
6	dd	f	20	green	Le	(80, 0)	(40, 69)	(-39, 69)	(-80, 0)	(-40, -69)	(40, -69)	circle	green	same	left	left	(40, -69)	(80, 0)	search	nr	True	583457	584517	left	135	60	85	35	110	160	None	None	testing
6	dd	f	20	green	Le	(80, 0)	(40, 69)	(-39, 69)	(-80, 0)	(-40, -69)	(40, -69)	circle	green	same	left	left	(40, -69)	(-40, -69)	search	nr	True	585811	587765	left	160	135	110	85	35	60	None	None	testing
6	dd	f	20	green	Le	(80, 0)	(40, 69)	(-39, 69)	(-80, 0)	(-40, -69)	(40, -69)	circle	green	dif	left	left	(40, 69)	(-80, 0)	search	nr	True	588917	590006	left	110	135	160	85	60	10	None	None	testing
6	dd	f	20	green	Le	(80, 0)	(40, 69)	(-39, 69)	(-80, 0)	(-40, -69)	(40, -69)	circle	green	same	right	right	(40, -69)	(-80, 0)	search	nr	True	591204	592357	right	160	60	35	85	10	135	None	None	testing
6	dd	f	20	green	Le	(80, 0)	(40, 69)	(-39, 69)	(-80, 0)	(-40, -69)	(40, -69)	circle	green	same	right	right	(40, -69)	(80, 0)	search	nr	True	593542	594790	right	35	10	160	110	85	135	None	None	testing
6	dd	f	20	green	Le	(80, 0)	(40, 69)	(-39, 69)	(-80, 0)	(-40, -69)	(40, -69)	diamond	green	same	left	left	(-40, -69)	(80, 0)	search	nr	True	595896	597366	left	110	60	35	10	85	135	None	None	testing
6	dd	f	20	green	Le	(80, 0)	(40, 69)	(-39, 69)	(-80, 0)	(-40, -69)	(40, -69)	diamond	none	dif	right	right	N_dist	(40, -69)	search	nr	True	598585	599622	right	135	85	160	10	35	60	None	None	testing
6	dd	f	20	green	Le	(80, 0)	(40, 69)	(-39, 69)	(-80, 0)	(-40, -69)	(40, -69)	diamond	green	same	right	right	(40, -69)	(-39, 69)	search	nr	True	600872	602134	right	60	10	35	160	135	110	None	None	testing
6	dd	f	20	green	Le	(80, 0)	(40, 69)	(-39, 69)	(-80, 0)	(-40, -69)	(40, -69)	circle	green	dif	left	left	(40, -69)	(80, 0)	search	nr	True	603377	604821	left	60	35	160	110	85	135	None	None	testing
6	dd	f	20	green	Le	(80, 0)	(40, 69)	(-39, 69)	(-80, 0)	(-40, -69)	(40, -69)	circle	green	same	left	left	(40, -69)	(-80, 0)	search	nr	True	605965	607365	left	135	60	160	85	110	10	None	None	testing
6	dd	f	20	green	Le	(80, 0)	(40, 69)	(-39, 69)	(-80, 0)	(-40, -69)	(40, -69)	circle	green	dif	left	left	(40, 69)	(-80, 0)	search	nr	True	608536	609845	left	160	35	110	60	10	135	None	None	testing
6	dd	f	20	green	Le	(80, 0)	(40, 69)	(-39, 69)	(-80, 0)	(-40, -69)	(40, -69)	diamond	green	dif	right	right	(40, 69)	(-40, -69)	search	nr	True	611057	612101	right	35	110	10	160	60	135	None	None	testing
6	dd	f	20	green	Le	(80, 0)	(40, 69)	(-39, 69)	(-80, 0)	(-40, -69)	(40, -69)	circle	none	same	left	left	N_dist	(-39, 69)	search	nr	True	613295	614388	left	85	35	160	110	10	135	None	None	testing
6	dd	f	20	green	Le	(80, 0)	(40, 69)	(-39, 69)	(-80, 0)	(-40, -69)	(40, -69)	diamond	none	same	right	right	N_dist	(-80, 0)	search	nr	True	615449	616389	right	160	110	135	60	35	10	None	None	testing
6	dd	f	20	green	Le	(80, 0)	(40, 69)	(-39, 69)	(-80, 0)	(-40, -69)	(40, -69)	diamond	green	dif	left	left	(-39, 69)	(40, 69)	search	nr	True	617569	619382	left	135	160	35	60	110	10	None	None	testing
6	dd	f	20	green	Le	(80, 0)	(40, 69)	(-39, 69)	(-80, 0)	(-40, -69)	(40, -69)	diamond	green	same	left	left	(-80, 0)	(-39, 69)	search	nr	True	620542	621893	left	35	85	60	110	135	10	None	None	testing
6	dd	f	20	green	Le	(80, 0)	(40, 69)	(-39, 69)	(-80, 0)	(-40, -69)	(40, -69)	circle	none	dif	right	right	N_dist	(40, 69)	search	nr	True	623080	624326	right	35	10	85	135	160	60	None	None	testing
6	dd	f	20	green	Le	(80, 0)	(40, 69)	(-39, 69)	(-80, 0)	(-40, -69)	(40, -69)	diamond	green	dif	left	left	(40, -69)	(-80, 0)	search	nr	True	625417	626485	left	110	10	160	85	60	135	None	None	testing
6	dd	f	20	green	Le	(80, 0)	(40, 69)	(-39, 69)	(-80, 0)	(-40, -69)	(40, -69)	circle	none	dif	left	left	N_dist	(-39, 69)	search	nr	True	627688	629269	left	160	10	110	60	135	85	None	None	testing
6	dd	f	20	green	Le	(80, 0)	(40, 69)	(-39, 69)	(-80, 0)	(-40, -69)	(40, -69)	diamond	green	same	left	left	(-80, 0)	(-40, -69)	search	nr	True	630476	632101	left	110	10	85	135	160	60	None	None	testing
6	dd	f	20	green	Le	(80, 0)	(40, 69)	(-39, 69)	(-80, 0)	(-40, -69)	(40, -69)	circle	none	dif	left	left	N_dist	(-39, 69)	search	nr	True	633231	634277	left	60	35	160	110	135	10	None	None	testing
6	dd	f	20	green	Le	(80, 0)	(40, 69)	(-39, 69)	(-80, 0)	(-40, -69)	(40, -69)	circle	green	same	right	right	(40, -69)	(-80, 0)	search	nr	True	635569	636613	right	110	10	60	160	135	35	None	None	testing
6	dd	f	20	green	Le	(80, 0)	(40, 69)	(-39, 69)	(-80, 0)	(-40, -69)	(40, -69)	diamond	none	dif	left	left	N_dist	(40, -69)	search	nr	True	637707	639046	left	10	110	35	60	135	160	None	None	testing
6	dd	f	20	green	Le	(80, 0)	(40, 69)	(-39, 69)	(-80, 0)	(-40, -69)	(40, -69)	circle	green	same	left	left	(40, -69)	(-39, 69)	search	nr	True	640295	641542	left	110	60	10	35	160	85	None	None	testing
6	dd	f	20	green	Le	(80, 0)	(40, 69)	(-39, 69)	(-80, 0)	(-40, -69)	(40, -69)	circle	none	same	right	right	N_dist	(-40, -69)	search	nr	True	642749	643798	right	35	135	110	10	85	60	None	None	testing
6	dd	f	20	green	Le	(80, 0)	(40, 69)	(-39, 69)	(-80, 0)	(-40, -69)	(40, -69)	circle	none	dif	right	right	N_dist	(-40, -69)	search	nr	True	644886	645973	right	85	160	60	35	135	10	None	None	testing
6	dd	f	20	green	Le	(80, 0)	(40, 69)	(-39, 69)	(-80, 0)	(-40, -69)	(40, -69)	diamond	none	same	left	left	N_dist	(80, 0)	search	nr	True	647274	648309	left	135	35	60	160	10	110	None	None	testing
6	dd	f	20	green	Le	(80, 0)	(40, 69)	(-39, 69)	(-80, 0)	(-40, -69)	(40, -69)	diamond	green	dif	left	left	(40, -69)	(-39, 69)	search	nr	True	649428	650501	left	135	10	35	60	110	160	None	None	testing
6	dd	f	20	green	Le	(80, 0)	(40, 69)	(-39, 69)	(-80, 0)	(-40, -69)	(40, -69)	circle	green	same	left	left	(40, -69)	(-40, -69)	search	nr	True	651682	652918	left	60	10	135	110	35	160	None	None	testing
6	dd	f	20	green	Le	(80, 0)	(40, 69)	(-39, 69)	(-80, 0)	(-40, -69)	(40, -69)	diamond	green	dif	left	left	(40, -69)	(80, 0)	search	nr	True	654136	655382	left	10	135	60	85	35	160	None	None	testing
6	dd	f	20	green	Le	(80, 0)	(40, 69)	(-39, 69)	(-80, 0)	(-40, -69)	(40, -69)	diamond	green	same	right	right	(-40, -69)	(80, 0)	search	nr	True	656691	658021	right	160	10	60	110	135	85	None	None	testing
6	dd	f	20	green	Le	(80, 0)	(40, 69)	(-39, 69)	(-80, 0)	(-40, -69)	(40, -69)	diamond	green	dif	left	left	(40, -69)	(-39, 69)	search	nr	True	659079	659878	left	60	160	85	110	35	135	None	None	testing
6	dd	f	20	green	Le	(80, 0)	(40, 69)	(-39, 69)	(-80, 0)	(-40, -69)	(40, -69)	circle	none	dif	right	right	N_dist	(80, 0)	search	nr	True	661066	661926	right	85	110	160	10	135	35	None	None	testing
6	dd	f	20	green	Le	(80, 0)	(40, 69)	(-39, 69)	(-80, 0)	(-40, -69)	(40, -69)	circle	none	same	right	right	N_dist	(40, 69)	search	nr	True	663019	664038	right	85	110	135	160	10	60	None	None	testing
6	dd	f	20	green	Le	(80, 0)	(40, 69)	(-39, 69)	(-80, 0)	(-40, -69)	(40, -69)	circle	green	dif	left	left	(40, -69)	(80, 0)	search	nr	True	665157	666117	left	135	35	60	10	160	110	None	None	testing
6	dd	f	20	green	Le	(80, 0)	(40, 69)	(-39, 69)	(-80, 0)	(-40, -69)	(40, -69)	diamond	green	same	left	left	(40, -69)	(40, 69)	search	nr	True	667194	668245	left	110	135	60	160	35	85	None	None	testing
6	dd	f	20	green	Le	(80, 0)	(40, 69)	(-39, 69)	(-80, 0)	(-40, -69)	(40, -69)	circle	green	dif	left	left	(-40, -69)	(80, 0)	search	nr	True	669465	670389	right	35	60	160	10	110	135	None	None	testing
6	dd	f	20	green	Le	(80, 0)	(40, 69)	(-39, 69)	(-80, 0)	(-40, -69)	(40, -69)	diamond	green	dif	right	right	(40, -69)	(-80, 0)	search	nr	True	673188	674326	right	60	110	85	160	135	10	None	None	testing
6	dd	f	20	green	Le	(80, 0)	(40, 69)	(-39, 69)	(-80, 0)	(-40, -69)	(40, -69)	circle	green	same	right	right	(40, -69)	(80, 0)	search	nr	True	675392	676166	right	110	10	135	85	35	160	None	None	testing
6	dd	f	20	green	Le	(80, 0)	(40, 69)	(-39, 69)	(-80, 0)	(-40, -69)	(40, -69)	diamond	none	same	right	right	N_dist	(-80, 0)	search	nr	True	677329	678261	right	10	160	135	60	85	35	None	None	testing
6	dd	f	20	green	Le	(80, 0)	(40, 69)	(-39, 69)	(-80, 0)	(-40, -69)	(40, -69)	diamond	none	same	left	left	N_dist	(-39, 69)	search	nr	True	679384	680246	left	160	10	60	35	135	85	None	None	testing
6	dd	f	20	green	Le	(80, 0)	(40, 69)	(-39, 69)	(-80, 0)	(-40, -69)	(40, -69)	diamond	green	same	right	right	(40, -69)	(-40, -69)	search	nr	True	681553	682693	right	35	85	60	10	110	160	None	None	testing
6	dd	f	20	green	Le	(80, 0)	(40, 69)	(-39, 69)	(-80, 0)	(-40, -69)	(40, -69)	diamond	green	dif	left	left	(-39, 69)	(40, 69)	search	nr	True	683925	685542	left	110	160	35	10	135	85	None	None	testing
6	dd	f	20	green	Le	(80, 0)	(40, 69)	(-39, 69)	(-80, 0)	(-40, -69)	(40, -69)	diamond	none	same	left	left	N_dist	(80, 0)	search	nr	True	686797	687845	left	110	85	35	160	10	135	None	None	testing
6	dd	f	20	green	Le	(80, 0)	(40, 69)	(-39, 69)	(-80, 0)	(-40, -69)	(40, -69)	circle	none	dif	left	left	N_dist	(-39, 69)	search	nr	True	689017	690069	left	60	135	110	10	35	160	None	None	testing
6	dd	f	20	green	Le	(80, 0)	(40, 69)	(-39, 69)	(-80, 0)	(-40, -69)	(40, -69)	diamond	none	same	left	left	N_dist	(-40, -69)	search	nr	True	691205	692197	left	160	35	135	110	60	10	None	None	testing
6	dd	f	20	green	Le	(80, 0)	(40, 69)	(-39, 69)	(-80, 0)	(-40, -69)	(40, -69)	diamond	green	dif	right	right	(-40, -69)	(40, 69)	search	nr	True	693492	694613	right	135	60	110	85	10	35	None	None	testing
6	dd	f	20	green	Le	(80, 0)	(40, 69)	(-39, 69)	(-80, 0)	(-40, -69)	(40, -69)	diamond	green	same	right	right	(40, -69)	(-39, 69)	search	nr	True	695813	696789	right	60	110	160	10	35	85	None	None	testing
6	dd	f	20	green	Le	(80, 0)	(40, 69)	(-39, 69)	(-80, 0)	(-40, -69)	(40, -69)	circle	green	same	left	left	(40, -69)	(-40, -69)	search	nr	True	698017	699477	left	110	85	160	135	35	60	None	None	testing
6	dd	f	20	green	Le	(80, 0)	(40, 69)	(-39, 69)	(-80, 0)	(-40, -69)	(40, -69)	circle	none	dif	right	right	N_dist	(40, -69)	search	nr	True	700605	702038	right	160	110	85	135	60	10	None	None	testing
6	dd	f	20	green	Le	(80, 0)	(40, 69)	(-39, 69)	(-80, 0)	(-40, -69)	(40, -69)	circle	none	same	left	left	N_dist	(-80, 0)	search	nr	True	703277	704294	left	60	110	10	85	35	135	None	None	testing
6	dd	f	20	green	Le	(80, 0)	(40, 69)	(-39, 69)	(-80, 0)	(-40, -69)	(40, -69)	circle	green	dif	left	left	(40, -69)	(80, 0)	search	nr	True	705381	707317	left	35	135	60	85	10	160	None	None	testing
6	dd	f	20	green	Le	(80, 0)	(40, 69)	(-39, 69)	(-80, 0)	(-40, -69)	(40, -69)	circle	green	dif	right	right	(40, -69)	(-39, 69)	search	nr	True	708420	709334	right	135	60	35	85	160	110	None	None	testing
6	dd	f	20	green	Le	(80, 0)	(40, 69)	(-39, 69)	(-80, 0)	(-40, -69)	(40, -69)	circle	none	same	right	right	N_dist	(40, 69)	search	nr	True	710473	711397	right	10	60	160	135	35	110	None	None	testing
6	dd	f	20	green	Le	(80, 0)	(40, 69)	(-39, 69)	(-80, 0)	(-40, -69)	(40, -69)	diamond	green	same	left	left	(40, -69)	(40, 69)	search	nr	True	712560	713781	left	160	85	10	110	135	35	None	None	testing
6	dd	f	20	green	Le	(80, 0)	(40, 69)	(-39, 69)	(-80, 0)	(-40, -69)	(40, -69)	diamond	green	dif	right	right	(40, -69)	(-80, 0)	search	nr	True	715015	716069	right	160	35	85	135	10	60	None	None	testing
6	dd	f	20	green	Le	(80, 0)	(40, 69)	(-39, 69)	(-80, 0)	(-40, -69)	(40, -69)	circle	none	same	left	left	N_dist	(80, 0)	search	nr	True	717269	718197	left	135	35	160	85	60	10	None	None	testing
6	dd	f	20	green	Le	(80, 0)	(40, 69)	(-39, 69)	(-80, 0)	(-40, -69)	(40, -69)	circle	green	dif	left	left	(40, 69)	(80, 0)	search	nr	True	719440	720389	left	35	160	110	85	60	135	None	None	testing
6	dd	f	20	green	Le	(80, 0)	(40, 69)	(-39, 69)	(-80, 0)	(-40, -69)	(40, -69)	circle	green	same	left	left	(40, -69)	(-40, -69)	search	nr	True	721560	723670	left	160	135	10	60	85	110	None	None	testing
6	dd	f	20	green	Le	(80, 0)	(40, 69)	(-39, 69)	(-80, 0)	(-40, -69)	(40, -69)	diamond	green	dif	left	left	(-80, 0)	(40, 69)	search	nr	True	724850	726517	left	85	110	60	10	135	35	None	None	testing
6	dd	f	20	green	Le	(80, 0)	(40, 69)	(-39, 69)	(-80, 0)	(-40, -69)	(40, -69)	diamond	green	dif	right	right	(-40, -69)	(40, 69)	search	nr	True	727805	728950	right	60	135	110	35	160	10	None	None	testing
6	dd	f	20	green	Le	(80, 0)	(40, 69)	(-39, 69)	(-80, 0)	(-40, -69)	(40, -69)	circle	none	dif	right	right	N_dist	(-40, -69)	search	nr	True	730059	731302	right	110	135	85	160	35	10	None	None	testing
6	dd	f	20	green	Le	(80, 0)	(40, 69)	(-39, 69)	(-80, 0)	(-40, -69)	(40, -69)	diamond	green	dif	left	left	(-80, 0)	(40, 69)	search	nr	True	732564	733861	left	160	135	35	10	60	110	None	None	testing
6	dd	f	20	green	Le	(80, 0)	(40, 69)	(-39, 69)	(-80, 0)	(-40, -69)	(40, -69)	diamond	none	same	right	right	N_dist	(40, -69)	search	nr	True	735119	736374	right	110	135	60	35	10	85	None	None	testing
6	dd	f	20	green	Le	(80, 0)	(40, 69)	(-39, 69)	(-80, 0)	(-40, -69)	(40, -69)	diamond	green	dif	left	left	(40, -69)	(80, 0)	search	nr	True	737440	738517	left	160	60	85	110	35	135	None	None	testing
6	dd	f	20	green	Le	(80, 0)	(40, 69)	(-39, 69)	(-80, 0)	(-40, -69)	(40, -69)	circle	none	same	right	right	N_dist	(-40, -69)	search	nr	True	739794	740885	right	160	85	110	60	10	135	None	None	testing
6	dd	f	20	green	Le	(80, 0)	(40, 69)	(-39, 69)	(-80, 0)	(-40, -69)	(40, -69)	circle	none	dif	left	left	N_dist	(40, -69)	search	nr	True	742165	743029	left	160	135	10	85	60	110	None	None	testing
6	dd	f	20	green	Le	(80, 0)	(40, 69)	(-39, 69)	(-80, 0)	(-40, -69)	(40, -69)	circle	green	dif	right	right	(40, -69)	(40, 69)	search	nr	True	744302	745381	right	85	10	35	110	135	60	None	None	testing
6	dd	f	20	green	Le	(80, 0)	(40, 69)	(-39, 69)	(-80, 0)	(-40, -69)	(40, -69)	circle	green	dif	left	left	(40, -69)	(-80, 0)	search	nr	True	746556	747445	left	110	160	35	60	85	135	None	None	testing
6	dd	f	20	green	Le	(80, 0)	(40, 69)	(-39, 69)	(-80, 0)	(-40, -69)	(40, -69)	diamond	green	dif	left	left	(40, -69)	(-80, 0)	search	nr	True	748744	749573	left	135	110	85	35	60	160	None	None	testing
6	dd	f	20	green	Le	(80, 0)	(40, 69)	(-39, 69)	(-80, 0)	(-40, -69)	(40, -69)	diamond	green	same	right	right	(40, -69)	(40, 69)	search	nr	True	750631	751621	right	160	135	85	60	10	110	None	None	testing
6	dd	f	20	green	Le	(80, 0)	(40, 69)	(-39, 69)	(-80, 0)	(-40, -69)	(40, -69)	circle	none	dif	right	right	N_dist	(-39, 69)	search	nr	True	752785	753669	right	60	85	160	35	10	110	None	None	testing
6	dd	f	20	green	Le	(80, 0)	(40, 69)	(-39, 69)	(-80, 0)	(-40, -69)	(40, -69)	circle	green	dif	right	right	(40, -69)	(-39, 69)	search	nr	True	754805	755861	right	35	135	60	85	110	10	None	None	testing
6	dd	f	20	green	Le	(80, 0)	(40, 69)	(-39, 69)	(-80, 0)	(-40, -69)	(40, -69)	circle	none	same	left	left	N_dist	(-39, 69)	search	nr	True	757177	758021	left	110	160	10	135	85	35	None	None	testing
6	dd	f	20	green	Le	(80, 0)	(40, 69)	(-39, 69)	(-80, 0)	(-40, -69)	(40, -69)	diamond	none	dif	right	right	N_dist	(40, 69)	search	nr	True	759146	760277	right	35	85	60	160	135	10	None	None	testing
6	dd	f	20	green	Le	(80, 0)	(40, 69)	(-39, 69)	(-80, 0)	(-40, -69)	(40, -69)	diamond	none	same	left	left	N_dist	(-40, -69)	search	nr	True	761517	762437	left	85	60	160	10	110	135	None	None	testing
6	dd	f	20	green	Le	(80, 0)	(40, 69)	(-39, 69)	(-80, 0)	(-40, -69)	(40, -69)	circle	green	dif	right	right	(-39, 69)	(-40, -69)	search	nr	True	763521	764629	right	60	110	10	85	160	35	None	None	testing
6	dd	f	20	green	Le	(80, 0)	(40, 69)	(-39, 69)	(-80, 0)	(-40, -69)	(40, -69)	circle	green	same	right	right	(40, -69)	(-39, 69)	search	nr	True	765792	766693	right	60	135	35	110	85	10	None	None	testing
6	dd	f	20	green	Le	(80, 0)	(40, 69)	(-39, 69)	(-80, 0)	(-40, -69)	(40, -69)	circle	none	dif	left	left	N_dist	(-39, 69)	search	nr	True	767979	768853	left	10	85	60	160	110	35	None	None	testing
6	dd	f	20	green	Le	(80, 0)	(40, 69)	(-39, 69)	(-80, 0)	(-40, -69)	(40, -69)	circle	green	dif	left	left	(40, -69)	(-80, 0)	search	nr	True	770083	771189	left	35	160	10	135	110	85	None	None	testing
6	dd	f	20	green	Le	(80, 0)	(40, 69)	(-39, 69)	(-80, 0)	(-40, -69)	(40, -69)	circle	none	same	left	left	N_dist	(-80, 0)	search	nr	True	772321	773189	left	60	135	160	10	110	85	None	None	testing
6	dd	f	20	green	Le	(80, 0)	(40, 69)	(-39, 69)	(-80, 0)	(-40, -69)	(40, -69)	diamond	green	dif	right	right	(-80, 0)	(-39, 69)	search	nr	True	774258	776053	right	160	85	35	110	135	10	None	None	testing
6	dd	f	20	green	Le	(80, 0)	(40, 69)	(-39, 69)	(-80, 0)	(-40, -69)	(40, -69)	circle	green	same	right	right	(40, 69)	(-80, 0)	search	nr	True	777213	778724	right	85	110	135	35	10	160	None	None	testing
6	dd	f	20	green	Le	(80, 0)	(40, 69)	(-39, 69)	(-80, 0)	(-40, -69)	(40, -69)	circle	green	same	left	left	(40, -69)	(-39, 69)	search	nr	True	780018	781269	left	110	85	135	10	160	35	None	None	testing
6	dd	f	20	green	Le	(80, 0)	(40, 69)	(-39, 69)	(-80, 0)	(-40, -69)	(40, -69)	circle	green	same	right	right	(80, 0)	(-40, -69)	search	nr	True	782423	783781	right	110	10	135	60	85	160	None	None	testing
6	dd	f	20	green	Le	(80, 0)	(40, 69)	(-39, 69)	(-80, 0)	(-40, -69)	(40, -69)	circle	green	same	right	right	(40, -69)	(-40, -69)	search	nr	True	784977	786149	right	135	60	110	10	160	85	None	None	testing
6	dd	f	20	green	Le	(80, 0)	(40, 69)	(-39, 69)	(-80, 0)	(-40, -69)	(40, -69)	diamond	green	dif	right	right	(-39, 69)	(80, 0)	search	nr	True	787315	788790	right	10	110	60	85	135	160	None	None	testing
6	dd	f	20	green	Le	(80, 0)	(40, 69)	(-39, 69)	(-80, 0)	(-40, -69)	(40, -69)	diamond	none	dif	right	right	N_dist	(40, -69)	search	nr	True	790103	791174	right	60	135	85	10	35	160	None	None	testing
6	dd	f	20	green	Le	(80, 0)	(40, 69)	(-39, 69)	(-80, 0)	(-40, -69)	(40, -69)	diamond	green	same	left	left	(40, -69)	(80, 0)	search	nr	True	792307	793334	left	85	135	60	10	160	110	None	None	testing
6	dd	f	20	green	Le	(80, 0)	(40, 69)	(-39, 69)	(-80, 0)	(-40, -69)	(40, -69)	diamond	green	dif	right	right	(40, -69)	(-39, 69)	search	nr	True	794629	795621	right	60	85	35	160	135	110	None	None	testing
6	dd	f	20	green	Le	(80, 0)	(40, 69)	(-39, 69)	(-80, 0)	(-40, -69)	(40, -69)	circle	green	same	right	right	(40, 69)	(-80, 0)	search	nr	True	796883	798342	right	35	60	160	135	10	85	None	None	testing
6	dd	f	20	green	Le	(80, 0)	(40, 69)	(-39, 69)	(-80, 0)	(-40, -69)	(40, -69)	diamond	green	dif	left	left	(40, -69)	(80, 0)	search	nr	True	799404	800374	left	60	10	110	160	35	135	None	None	testing
6	dd	f	20	green	Le	(80, 0)	(40, 69)	(-39, 69)	(-80, 0)	(-40, -69)	(40, -69)	diamond	none	same	right	right	N_dist	(80, 0)	search	nr	True	801524	802565	right	135	110	60	85	10	160	None	None	testing
6	dd	f	20	green	Le	(80, 0)	(40, 69)	(-39, 69)	(-80, 0)	(-40, -69)	(40, -69)	diamond	green	same	left	left	(40, -69)	(-40, -69)	search	nr	True	803695	804597	left	160	110	60	85	135	10	None	None	testing
6	dd	f	20	green	Le	(80, 0)	(40, 69)	(-39, 69)	(-80, 0)	(-40, -69)	(40, -69)	diamond	green	same	right	right	(40, -69)	(-39, 69)	search	nr	True	805749	806725	right	85	135	35	60	10	160	None	None	testing
6	dd	f	20	green	Le	(80, 0)	(40, 69)	(-39, 69)	(-80, 0)	(-40, -69)	(40, -69)	circle	none	dif	right	right	N_dist	(-39, 69)	search	nr	True	807869	809237	right	60	135	10	35	160	110	None	None	testing
6	dd	f	20	green	Le	(80, 0)	(40, 69)	(-39, 69)	(-80, 0)	(-40, -69)	(40, -69)	circle	green	dif	right	right	(40, 69)	(-80, 0)	search	nr	True	810541	812197	right	135	60	85	110	10	35	None	None	testing
6	dd	f	20	green	Le	(80, 0)	(40, 69)	(-39, 69)	(-80, 0)	(-40, -69)	(40, -69)	circle	green	dif	right	right	(-39, 69)	(-40, -69)	search	nr	True	813395	814405	right	85	35	160	110	10	135	None	None	testing
6	dd	f	20	green	Le	(80, 0)	(40, 69)	(-39, 69)	(-80, 0)	(-40, -69)	(40, -69)	diamond	green	same	right	right	(40, -69)	(40, 69)	search	nr	True	815551	816981	right	135	60	110	35	85	10	None	None	testing
6	dd	f	20	green	Le	(80, 0)	(40, 69)	(-39, 69)	(-80, 0)	(-40, -69)	(40, -69)	diamond	green	same	left	left	(80, 0)	(-40, -69)	search	nr	True	818272	819269	left	160	110	85	35	10	60	None	None	testing
6	dd	f	20	green	Le	(80, 0)	(40, 69)	(-39, 69)	(-80, 0)	(-40, -69)	(40, -69)	diamond	none	dif	left	left	N_dist	(-80, 0)	search	nr	True	820459	821462	left	135	60	85	110	35	10	None	None	testing
6	dd	f	20	green	Le	(80, 0)	(40, 69)	(-39, 69)	(-80, 0)	(-40, -69)	(40, -69)	diamond	green	dif	right	right	(40, -69)	(-40, -69)	search	nr	True	822763	823525	right	110	160	60	10	135	35	None	None	testing
6	dd	f	20	green	Le	(80, 0)	(40, 69)	(-39, 69)	(-80, 0)	(-40, -69)	(40, -69)	circle	green	same	left	left	(40, -69)	(-40, -69)	search	nr	True	824817	825829	left	135	35	10	110	85	60	None	None	testing
6	dd	f	20	green	Le	(80, 0)	(40, 69)	(-39, 69)	(-80, 0)	(-40, -69)	(40, -69)	diamond	none	dif	right	right	N_dist	(80, 0)	search	nr	True	827122	827926	right	160	10	135	60	35	85	None	None	testing
6	dd	f	20	green	Le	(80, 0)	(40, 69)	(-39, 69)	(-80, 0)	(-40, -69)	(40, -69)	diamond	green	same	right	right	(40, -69)	(-39, 69)	search	nr	True	829225	830038	right	85	60	10	135	110	160	None	None	testing
6	dd	f	20	green	Le	(80, 0)	(40, 69)	(-39, 69)	(-80, 0)	(-40, -69)	(40, -69)	circle	none	dif	left	left	N_dist	(-40, -69)	search	nr	True	831112	832117	left	10	160	60	135	110	35	None	None	testing
6	dd	f	20	green	Le	(80, 0)	(40, 69)	(-39, 69)	(-80, 0)	(-40, -69)	(40, -69)	circle	green	same	left	left	(40, -69)	(-39, 69)	search	nr	True	833266	834148	left	35	85	135	110	10	160	None	None	testing
6	dd	f	20	green	Le	(80, 0)	(40, 69)	(-39, 69)	(-80, 0)	(-40, -69)	(40, -69)	diamond	none	same	left	left	N_dist	(-39, 69)	search	nr	True	835386	836197	left	60	85	135	160	10	35	None	None	testing
6	dd	f	20	green	Le	(80, 0)	(40, 69)	(-39, 69)	(-80, 0)	(-40, -69)	(40, -69)	diamond	green	same	right	right	(40, -69)	(-40, -69)	search	nr	True	837457	838214	right	110	60	85	35	160	10	None	None	testing
6	dd	f	20	green	Le	(80, 0)	(40, 69)	(-39, 69)	(-80, 0)	(-40, -69)	(40, -69)	diamond	none	dif	right	right	N_dist	(40, -69)	search	nr	True	839477	840181	right	35	135	160	60	10	110	None	None	testing
6	dd	f	20	green	Le	(80, 0)	(40, 69)	(-39, 69)	(-80, 0)	(-40, -69)	(40, -69)	diamond	green	same	left	left	(-39, 69)	(80, 0)	search	nr	True	841248	842166	left	85	60	135	110	160	35	None	None	testing
6	dd	f	20	green	Le	(80, 0)	(40, 69)	(-39, 69)	(-80, 0)	(-40, -69)	(40, -69)	diamond	green	dif	right	right	(40, -69)	(40, 69)	search	nr	True	843469	844565	right	35	160	85	135	60	110	None	None	testing
6	dd	f	20	green	Le	(80, 0)	(40, 69)	(-39, 69)	(-80, 0)	(-40, -69)	(40, -69)	diamond	green	same	left	left	(40, -69)	(80, 0)	search	nr	True	845756	846630	left	60	10	110	135	85	160	None	None	testing
6	dd	f	20	green	Le	(80, 0)	(40, 69)	(-39, 69)	(-80, 0)	(-40, -69)	(40, -69)	diamond	green	same	left	left	(-39, 69)	(80, 0)	search	nr	True	847692	848645	left	135	60	35	110	160	85	None	None	testing
6	dd	f	20	green	Le	(80, 0)	(40, 69)	(-39, 69)	(-80, 0)	(-40, -69)	(40, -69)	circle	green	same	right	right	(40, -69)	(-80, 0)	search	nr	True	849913	850869	right	135	35	60	110	10	85	None	None	testing
6	dd	f	20	green	Le	(80, 0)	(40, 69)	(-39, 69)	(-80, 0)	(-40, -69)	(40, -69)	circle	green	dif	left	left	(-40, -69)	(80, 0)	search	nr	True	852100	852949	left	35	10	110	160	60	135	None	None	testing
6	dd	f	20	green	Le	(80, 0)	(40, 69)	(-39, 69)	(-80, 0)	(-40, -69)	(40, -69)	diamond	green	dif	right	right	(40, 69)	(-40, -69)	search	nr	True	854238	855157	right	10	35	110	135	60	85	None	None	testing
6	dd	f	20	green	Le	(80, 0)	(40, 69)	(-39, 69)	(-80, 0)	(-40, -69)	(40, -69)	diamond	green	dif	left	left	(40, -69)	(-80, 0)	search	nr	True	856358	857349	left	85	160	110	60	10	35	None	None	testing
6	dd	f	20	green	Le	(80, 0)	(40, 69)	(-39, 69)	(-80, 0)	(-40, -69)	(40, -69)	diamond	none	same	right	right	N_dist	(-80, 0)	search	nr	True	858479	859462	right	160	85	135	35	110	60	None	None	testing
6	dd	f	20	green	Le	(80, 0)	(40, 69)	(-39, 69)	(-80, 0)	(-40, -69)	(40, -69)	diamond	green	same	right	right	(-40, -69)	(40, 69)	search	nr	True	860583	861413	right	110	85	135	10	160	35	None	None	testing
6	dd	f	20	green	Le	(80, 0)	(40, 69)	(-39, 69)	(-80, 0)	(-40, -69)	(40, -69)	diamond	green	same	left	left	(80, 0)	(-40, -69)	search	nr	True	862603	863477	left	160	60	10	85	35	110	None	None	testing
6	dd	f	20	green	Le	(80, 0)	(40, 69)	(-39, 69)	(-80, 0)	(-40, -69)	(40, -69)	circle	none	dif	right	right	N_dist	(80, 0)	search	nr	True	864556	865397	right	10	160	35	110	85	135	None	None	testing
6	dd	f	20	green	Le	(80, 0)	(40, 69)	(-39, 69)	(-80, 0)	(-40, -69)	(40, -69)	circle	green	dif	right	right	(40, -69)	(-40, -69)	search	nr	True	866644	868342	right	60	35	135	85	10	110	None	None	testing
6	dd	f	20	green	Le	(80, 0)	(40, 69)	(-39, 69)	(-80, 0)	(-40, -69)	(40, -69)	diamond	green	same	left	left	(-40, -69)	(80, 0)	search	nr	True	869466	870357	left	85	35	110	60	160	135	None	None	testing
6	dd	f	20	green	Le	(80, 0)	(40, 69)	(-39, 69)	(-80, 0)	(-40, -69)	(40, -69)	circle	green	same	right	right	(80, 0)	(40, 69)	search	nr	True	871537	872869	right	110	85	10	160	60	135	None	None	testing
6	dd	f	20	green	Le	(80, 0)	(40, 69)	(-39, 69)	(-80, 0)	(-40, -69)	(40, -69)	diamond	green	dif	right	right	(40, -69)	(-80, 0)	search	nr	True	874041	875510	right	160	35	60	135	110	10	None	None	testing
6	dd	f	20	green	Le	(80, 0)	(40, 69)	(-39, 69)	(-80, 0)	(-40, -69)	(40, -69)	diamond	none	dif	left	left	N_dist	(40, 69)	search	nr	True	876679	877636	left	10	60	35	160	85	110	None	None	testing
6	dd	f	20	green	Le	(80, 0)	(40, 69)	(-39, 69)	(-80, 0)	(-40, -69)	(40, -69)	diamond	none	same	right	right	N_dist	(-39, 69)	search	nr	True	878750	879653	right	135	110	85	10	35	60	None	None	testing
6	dd	f	20	green	Le	(80, 0)	(40, 69)	(-39, 69)	(-80, 0)	(-40, -69)	(40, -69)	circle	green	dif	left	left	(40, -69)	(-40, -69)	search	nr	True	880886	882101	left	85	60	110	160	10	35	None	None	testing
6	dd	f	20	green	Le	(80, 0)	(40, 69)	(-39, 69)	(-80, 0)	(-40, -69)	(40, -69)	circle	none	dif	right	right	N_dist	(40, -69)	search	nr	True	883308	884885	right	35	160	60	110	10	135	None	None	testing
6	dd	f	20	green	Le	(80, 0)	(40, 69)	(-39, 69)	(-80, 0)	(-40, -69)	(40, -69)	diamond	green	dif	right	right	(40, -69)	(-80, 0)	search	nr	True	886096	887061	right	60	85	135	110	160	35	None	None	testing
6	dd	f	20	green	Le	(80, 0)	(40, 69)	(-39, 69)	(-80, 0)	(-40, -69)	(40, -69)	diamond	green	dif	left	left	(80, 0)	(-80, 0)	search	nr	True	888200	889285	left	110	85	10	160	135	60	None	None	testing
6	dd	f	20	green	Le	(80, 0)	(40, 69)	(-39, 69)	(-80, 0)	(-40, -69)	(40, -69)	circle	green	same	right	right	(40, -69)	(40, 69)	search	nr	True	890438	891397	right	110	160	35	135	60	85	None	None	testing
6	dd	f	20	green	Le	(80, 0)	(40, 69)	(-39, 69)	(-80, 0)	(-40, -69)	(40, -69)	diamond	green	same	right	right	(-40, -69)	(40, 69)	search	nr	True	892625	894117	right	160	35	85	60	135	10	None	None	testing
6	dd	f	20	green	Le	(80, 0)	(40, 69)	(-39, 69)	(-80, 0)	(-40, -69)	(40, -69)	diamond	green	same	left	left	(40, -69)	(80, 0)	search	nr	True	895364	896309	left	110	60	85	160	135	10	None	None	testing
6	dd	f	20	green	Le	(80, 0)	(40, 69)	(-39, 69)	(-80, 0)	(-40, -69)	(40, -69)	diamond	none	same	right	right	N_dist	(40, -69)	search	nr	True	897567	898453	right	135	35	110	10	85	60	None	None	testing
6	dd	f	20	green	Le	(80, 0)	(40, 69)	(-39, 69)	(-80, 0)	(-40, -69)	(40, -69)	circle	green	dif	right	right	(40, -69)	(40, 69)	search	nr	True	899538	900405	right	85	35	160	110	60	10	None	None	testing
6	dd	f	20	green	Le	(80, 0)	(40, 69)	(-39, 69)	(-80, 0)	(-40, -69)	(40, -69)	circle	none	same	right	right	N_dist	(40, 69)	search	nr	True	901575	902437	right	60	160	35	85	10	135	None	None	testing
6	dd	f	20	green	Le	(80, 0)	(40, 69)	(-39, 69)	(-80, 0)	(-40, -69)	(40, -69)	diamond	green	same	left	left	(80, 0)	(-39, 69)	search	nr	True	903713	904501	left	160	110	135	60	85	10	None	None	testing
6	dd	f	20	green	Le	(80, 0)	(40, 69)	(-39, 69)	(-80, 0)	(-40, -69)	(40, -69)	diamond	green	dif	left	left	(40, -69)	(80, 0)	search	nr	True	905732	906469	left	85	135	110	10	160	60	None	None	testing
6	dd	f	20	green	Le	(80, 0)	(40, 69)	(-39, 69)	(-80, 0)	(-40, -69)	(40, -69)	diamond	green	same	right	right	(40, -69)	(80, 0)	search	nr	True	907736	908517	right	10	35	135	110	60	85	None	None	testing
6	dd	f	20	green	Le	(80, 0)	(40, 69)	(-39, 69)	(-80, 0)	(-40, -69)	(40, -69)	diamond	green	dif	right	right	(40, -69)	(40, 69)	search	nr	True	909674	910661	right	135	35	60	10	85	160	None	None	testing
6	dd	f	20	green	Le	(80, 0)	(40, 69)	(-39, 69)	(-80, 0)	(-40, -69)	(40, -69)	circle	green	same	right	right	(40, -69)	(-39, 69)	search	nr	True	911894	913013	right	85	110	160	60	35	135	None	None	testing
6	dd	f	20	green	Le	(80, 0)	(40, 69)	(-39, 69)	(-80, 0)	(-40, -69)	(40, -69)	circle	green	same	right	right	(40, -69)	(40, 69)	search	nr	True	914132	915141	right	10	135	85	60	35	110	None	None	testing
6	dd	f	20	green	Le	(80, 0)	(40, 69)	(-39, 69)	(-80, 0)	(-40, -69)	(40, -69)	diamond	none	dif	left	left	N_dist	(40, 69)	search	nr	True	916268	917254	left	60	35	110	85	10	135	None	None	testing
6	dd	f	20	green	Le	(80, 0)	(40, 69)	(-39, 69)	(-80, 0)	(-40, -69)	(40, -69)	circle	green	same	left	left	(40, -69)	(-39, 69)	search	nr	True	918506	919557	left	60	35	160	10	110	85	None	None	testing
6	dd	f	20	green	Le	(80, 0)	(40, 69)	(-39, 69)	(-80, 0)	(-40, -69)	(40, -69)	diamond	green	same	left	left	(40, -69)	(40, 69)	search	nr	True	920860	921940	left	110	160	60	35	85	10	None	None	testing
6	dd	f	20	green	Le	(80, 0)	(40, 69)	(-39, 69)	(-80, 0)	(-40, -69)	(40, -69)	diamond	none	dif	left	left	N_dist	(-80, 0)	search	nr	True	923014	924069	left	110	60	35	85	160	135	None	None	testing
6	dd	f	20	green	Le	(80, 0)	(40, 69)	(-39, 69)	(-80, 0)	(-40, -69)	(40, -69)	diamond	green	dif	right	right	(-80, 0)	(-39, 69)	search	nr	True	925252	926037	right	35	110	10	135	60	85	None	None	testing
6	dd	f	20	green	Le	(80, 0)	(40, 69)	(-39, 69)	(-80, 0)	(-40, -69)	(40, -69)	circle	green	dif	right	right	(-40, -69)	(80, 0)	search	nr	True	927105	928181	right	135	160	85	60	110	10	None	None	testing
6	dd	f	20	green	Le	(80, 0)	(40, 69)	(-39, 69)	(-80, 0)	(-40, -69)	(40, -69)	diamond	green	same	left	left	(80, 0)	(-39, 69)	search	nr	True	929326	930501	left	85	10	110	135	160	35	None	None	testing
6	dd	f	20	green	Le	(80, 0)	(40, 69)	(-39, 69)	(-80, 0)	(-40, -69)	(40, -69)	diamond	none	same	left	left	N_dist	(80, 0)	search	nr	True	931680	932821	left	135	35	85	160	10	110	None	None	testing
6	dd	f	20	green	Le	(80, 0)	(40, 69)	(-39, 69)	(-80, 0)	(-40, -69)	(40, -69)	circle	none	dif	left	left	N_dist	(80, 0)	search	nr	True	934068	935285	left	60	35	85	160	10	110	None	None	testing
6	dd	f	20	green	Le	(80, 0)	(40, 69)	(-39, 69)	(-80, 0)	(-40, -69)	(40, -69)	circle	none	dif	right	right	N_dist	(40, -69)	search	nr	True	936489	937573	right	60	160	35	85	110	10	None	None	testing
6	dd	f	20	green	Le	(80, 0)	(40, 69)	(-39, 69)	(-80, 0)	(-40, -69)	(40, -69)	circle	green	dif	right	right	(80, 0)	(40, 69)	search	nr	True	938760	940900	right	10	110	85	160	135	60	None	None	testing
6	dd	f	20	green	Le	(80, 0)	(40, 69)	(-39, 69)	(-80, 0)	(-40, -69)	(40, -69)	circle	green	same	left	left	(40, -69)	(-40, -69)	search	nr	True	942133	943269	left	10	135	60	35	85	110	None	None	testing
6	dd	f	20	green	Le	(80, 0)	(40, 69)	(-39, 69)	(-80, 0)	(-40, -69)	(40, -69)	circle	green	dif	left	left	(40, -69)	(-80, 0)	search	nr	True	944470	945462	left	60	85	35	135	160	110	None	None	testing
6	dd	f	20	green	Le	(80, 0)	(40, 69)	(-39, 69)	(-80, 0)	(-40, -69)	(40, -69)	circle	green	dif	right	right	(40, 69)	(-80, 0)	search	nr	True	946741	947637	right	110	160	85	35	60	135	None	None	testing
6	dd	f	20	green	Le	(80, 0)	(40, 69)	(-39, 69)	(-80, 0)	(-40, -69)	(40, -69)	circle	green	same	right	right	(40, -69)	(80, 0)	search	nr	True	948862	950021	right	10	35	85	60	135	110	None	None	testing
6	dd	f	20	green	Le	(80, 0)	(40, 69)	(-39, 69)	(-80, 0)	(-40, -69)	(40, -69)	diamond	none	dif	right	right	N_dist	(40, 69)	search	nr	True	951250	952308	right	110	10	135	35	85	160	None	None	testing
6	dd	f	20	green	Le	(80, 0)	(40, 69)	(-39, 69)	(-80, 0)	(-40, -69)	(40, -69)	circle	none	same	left	left	N_dist	(-80, 0)	search	nr	True	953437	954342	left	110	10	160	85	135	35	None	None	testing
6	dd	f	20	green	Le	(80, 0)	(40, 69)	(-39, 69)	(-80, 0)	(-40, -69)	(40, -69)	circle	green	dif	right	right	(-39, 69)	(80, 0)	search	nr	True	955458	956405	right	110	35	135	10	85	160	None	None	testing
6	dd	f	20	green	Le	(80, 0)	(40, 69)	(-39, 69)	(-80, 0)	(-40, -69)	(40, -69)	diamond	green	same	right	right	(40, -69)	(-40, -69)	search	nr	True	957628	958949	right	85	110	135	35	10	60	None	None	testing
6	dd	f	20	green	Le	(80, 0)	(40, 69)	(-39, 69)	(-80, 0)	(-40, -69)	(40, -69)	diamond	green	dif	right	right	(-39, 69)	(80, 0)	search	nr	True	960133	961174	right	60	85	160	110	35	135	None	None	testing
6	dd	f	20	green	Le	(80, 0)	(40, 69)	(-39, 69)	(-80, 0)	(-40, -69)	(40, -69)	diamond	green	same	right	right	(-40, -69)	(40, 69)	search	nr	True	962270	963254	right	35	160	85	60	135	10	None	None	testing
6	dd	f	20	green	Le	(80, 0)	(40, 69)	(-39, 69)	(-80, 0)	(-40, -69)	(40, -69)	diamond	green	same	left	left	(40, -69)	(-40, -69)	search	nr	True	964407	965236	left	60	160	85	10	35	135	None	None	testing
6	dd	f	20	green	Le	(80, 0)	(40, 69)	(-39, 69)	(-80, 0)	(-40, -69)	(40, -69)	diamond	green	same	left	left	(40, -69)	(40, 69)	search	nr	True	966361	967237	left	60	135	35	85	10	110	None	None	testing
6	dd	f	20	green	Le	(80, 0)	(40, 69)	(-39, 69)	(-80, 0)	(-40, -69)	(40, -69)	diamond	green	same	left	left	(80, 0)	(-40, -69)	search	nr	True	968382	969589	left	10	85	35	110	60	135	None	None	testing
6	dd	f	20	green	Le	(80, 0)	(40, 69)	(-39, 69)	(-80, 0)	(-40, -69)	(40, -69)	diamond	none	dif	left	left	N_dist	(40, 69)	search	nr	True	970685	971621	left	110	35	60	135	160	85	None	None	testing
6	dd	f	20	green	Le	(80, 0)	(40, 69)	(-39, 69)	(-80, 0)	(-40, -69)	(40, -69)	circle	green	same	left	left	(40, -69)	(-80, 0)	search	nr	True	972889	973926	left	10	60	160	85	110	135	None	None	testing
6	dd	f	20	green	Le	(80, 0)	(40, 69)	(-39, 69)	(-80, 0)	(-40, -69)	(40, -69)	circle	green	same	left	left	(40, -69)	(-40, -69)	search	nr	True	975227	976357	left	110	10	160	60	35	135	None	None	testing
6	dd	f	20	green	Le	(80, 0)	(40, 69)	(-39, 69)	(-80, 0)	(-40, -69)	(40, -69)	circle	green	same	left	left	(40, 69)	(-40, -69)	search	nr	True	977514	978484	left	110	160	60	10	135	85	None	None	testing
6	dd	f	20	green	Le	(80, 0)	(40, 69)	(-39, 69)	(-80, 0)	(-40, -69)	(40, -69)	circle	green	same	left	left	(40, -69)	(-40, -69)	search	nr	True	979552	980773	left	160	35	135	110	10	85	None	None	testing
6	dd	f	20	green	Le	(80, 0)	(40, 69)	(-39, 69)	(-80, 0)	(-40, -69)	(40, -69)	circle	green	dif	right	right	(40, -69)	(40, 69)	search	nr	True	981840	982773	right	85	10	135	160	110	60	None	None	testing
6	dd	f	20	green	Le	(80, 0)	(40, 69)	(-39, 69)	(-80, 0)	(-40, -69)	(40, -69)	diamond	none	same	right	right	N_dist	(80, 0)	search	nr	True	984026	985302	right	10	110	160	35	60	85	None	None	testing
6	dd	f	20	green	Le	(80, 0)	(40, 69)	(-39, 69)	(-80, 0)	(-40, -69)	(40, -69)	circle	none	same	left	left	N_dist	(-40, -69)	search	nr	True	986414	987542	left	60	160	110	85	35	10	None	None	testing
6	dd	f	20	green	Le	(80, 0)	(40, 69)	(-39, 69)	(-80, 0)	(-40, -69)	(40, -69)	diamond	none	dif	right	right	N_dist	(40, -69)	search	nr	True	988819	989861	right	135	35	60	160	10	85	None	None	testing
6	dd	f	20	green	Le	(80, 0)	(40, 69)	(-39, 69)	(-80, 0)	(-40, -69)	(40, -69)	diamond	green	same	left	left	(-80, 0)	(-40, -69)	search	nr	True	991090	992006	left	60	35	110	85	160	10	None	None	testing
6	dd	f	20	green	Le	(80, 0)	(40, 69)	(-39, 69)	(-80, 0)	(-40, -69)	(40, -69)	diamond	none	dif	left	left	N_dist	(40, -69)	search	nr	True	993143	994085	left	85	60	135	35	10	110	None	None	testing
6	dd	f	20	green	Le	(80, 0)	(40, 69)	(-39, 69)	(-80, 0)	(-40, -69)	(40, -69)	diamond	green	dif	left	left	(40, -69)	(80, 0)	search	nr	True	995230	996357	left	135	35	10	85	60	160	None	None	testing
6	dd	f	20	green	Le	(80, 0)	(40, 69)	(-39, 69)	(-80, 0)	(-40, -69)	(40, -69)	circle	green	same	right	right	(80, 0)	(40, 69)	search	nr	True	997651	998725	right	135	85	160	35	10	110	None	None	testing
6	dd	f	20	green	Le	(80, 0)	(40, 69)	(-39, 69)	(-80, 0)	(-40, -69)	(40, -69)	diamond	green	same	right	right	(-40, -69)	(80, 0)	search	nr	True	999839	1000773	right	60	160	35	110	135	85	None	None	testing
6	dd	f	20	green	Le	(80, 0)	(40, 69)	(-39, 69)	(-80, 0)	(-40, -69)	(40, -69)	diamond	none	dif	left	left	N_dist	(-80, 0)	search	nr	True	1001960	1002757	left	60	110	10	135	35	160	None	None	testing
6	dd	f	20	green	Le	(80, 0)	(40, 69)	(-39, 69)	(-80, 0)	(-40, -69)	(40, -69)	circle	none	dif	right	right	N_dist	(-40, -69)	search	nr	True	1003830	1004917	right	10	85	160	35	135	60	None	None	testing
6	dd	f	20	green	Le	(80, 0)	(40, 69)	(-39, 69)	(-80, 0)	(-40, -69)	(40, -69)	circle	green	dif	right	right	(40, -69)	(-39, 69)	search	nr	True	1006034	1006821	right	160	85	10	35	135	60	None	None	testing
6	dd	f	20	green	Le	(80, 0)	(40, 69)	(-39, 69)	(-80, 0)	(-40, -69)	(40, -69)	diamond	green	same	right	right	(40, -69)	(-80, 0)	search	nr	True	1007954	1008885	right	160	135	110	10	85	60	None	None	testing
6	dd	f	20	green	Le	(80, 0)	(40, 69)	(-39, 69)	(-80, 0)	(-40, -69)	(40, -69)	circle	green	dif	left	left	(40, 69)	(80, 0)	search	nr	True	1010175	1011365	left	135	35	110	60	85	10	None	None	testing
6	dd	f	20	green	Le	(80, 0)	(40, 69)	(-39, 69)	(-80, 0)	(-40, -69)	(40, -69)	diamond	none	same	left	left	N_dist	(-39, 69)	search	nr	True	1012629	1013781	left	85	60	10	135	35	110	None	None	testing
6	dd	f	20	green	Le	(80, 0)	(40, 69)	(-39, 69)	(-80, 0)	(-40, -69)	(40, -69)	circle	green	same	left	left	(40, -69)	(80, 0)	search	nr	True	1014850	1015732	left	35	10	135	110	85	60	None	None	testing
6	dd	f	20	green	Le	(80, 0)	(40, 69)	(-39, 69)	(-80, 0)	(-40, -69)	(40, -69)	diamond	none	same	left	left	N_dist	(-39, 69)	search	nr	True	1016820	1017829	left	10	85	110	135	160	60	None	None	testing
6	dd	f	20	green	Le	(80, 0)	(40, 69)	(-39, 69)	(-80, 0)	(-40, -69)	(40, -69)	diamond	green	same	right	right	(40, -69)	(80, 0)	search	nr	True	1019041	1020085	right	35	10	85	160	60	135	None	None	testing
6	dd	f	20	green	Le	(80, 0)	(40, 69)	(-39, 69)	(-80, 0)	(-40, -69)	(40, -69)	diamond	green	dif	right	right	(40, 69)	(-40, -69)	search	nr	True	1021311	1022245	right	110	10	35	60	135	85	None	None	testing
6	dd	f	20	green	Le	(80, 0)	(40, 69)	(-39, 69)	(-80, 0)	(-40, -69)	(40, -69)	diamond	green	dif	right	right	(40, -69)	(40, 69)	search	nr	True	1023366	1024197	right	135	160	35	85	110	10	None	None	testing
6	dd	f	20	green	Le	(80, 0)	(40, 69)	(-39, 69)	(-80, 0)	(-40, -69)	(40, -69)	circle	green	dif	left	left	(40, -69)	(-40, -69)	search	nr	True	1025453	1026342	left	35	110	60	85	160	135	None	None	testing
6	dd	f	20	green	Le	(80, 0)	(40, 69)	(-39, 69)	(-80, 0)	(-40, -69)	(40, -69)	circle	none	dif	left	left	N_dist	(-39, 69)	search	nr	True	1027457	1028901	left	160	85	60	135	35	10	None	None	testing
6	dd	f	20	green	Le	(80, 0)	(40, 69)	(-39, 69)	(-80, 0)	(-40, -69)	(40, -69)	circle	none	same	left	left	N_dist	(80, 0)	search	nr	True	1030078	1031046	left	35	160	135	60	85	110	None	None	testing
6	dd	f	20	green	Le	(80, 0)	(40, 69)	(-39, 69)	(-80, 0)	(-40, -69)	(40, -69)	diamond	green	dif	left	left	(80, 0)	(-80, 0)	search	nr	True	1032249	1033333	left	35	60	160	135	110	85	None	None	testing
6	dd	f	20	green	Le	(80, 0)	(40, 69)	(-39, 69)	(-80, 0)	(-40, -69)	(40, -69)	circle	green	dif	right	right	(40, -69)	(40, 69)	search	nr	True	1034636	1035733	right	135	85	10	35	60	160	None	None	testing
6	dd	f	20	green	Le	(80, 0)	(40, 69)	(-39, 69)	(-80, 0)	(-40, -69)	(40, -69)	diamond	green	dif	left	left	(40, -69)	(-39, 69)	search	nr	True	1036940	1037957	left	135	110	35	160	10	60	None	None	testing
6	dd	f	20	green	Le	(80, 0)	(40, 69)	(-39, 69)	(-80, 0)	(-40, -69)	(40, -69)	diamond	green	same	left	left	(-80, 0)	(-39, 69)	search	nr	True	1039128	1040165	left	160	60	10	35	85	110	None	None	testing
6	dd	f	20	green	Le	(80, 0)	(40, 69)	(-39, 69)	(-80, 0)	(-40, -69)	(40, -69)	circle	green	same	right	right	(80, 0)	(40, 69)	search	nr	True	1041299	1042197	right	110	135	160	85	60	10	None	None	testing
6	dd	f	20	green	Le	(80, 0)	(40, 69)	(-39, 69)	(-80, 0)	(-40, -69)	(40, -69)	diamond	green	dif	left	left	(40, -69)	(80, 0)	search	nr	True	1043286	1044661	left	110	135	60	35	85	160	None	None	testing
6	dd	f	20	green	Le	(80, 0)	(40, 69)	(-39, 69)	(-80, 0)	(-40, -69)	(40, -69)	diamond	none	same	left	left	N_dist	(-80, 0)	search	nr	True	1045907	1047510	left	160	10	35	110	85	60	None	None	testing
6	dd	f	20	green	Le	(80, 0)	(40, 69)	(-39, 69)	(-80, 0)	(-40, -69)	(40, -69)	diamond	green	dif	left	left	(40, -69)	(80, 0)	search	nr	True	1048629	1049396	left	110	160	60	10	135	85	None	None	testing
6	dd	f	20	green	Le	(80, 0)	(40, 69)	(-39, 69)	(-80, 0)	(-40, -69)	(40, -69)	circle	green	same	right	right	(40, 69)	(-80, 0)	search	nr	True	1050616	1051589	right	160	135	110	60	10	35	None	None	testing
6	dd	f	20	green	Le	(80, 0)	(40, 69)	(-39, 69)	(-80, 0)	(-40, -69)	(40, -69)	diamond	green	dif	right	right	(40, -69)	(-40, -69)	search	nr	True	1052769	1053733	right	35	110	10	160	85	135	None	None	testing
6	dd	f	20	green	Le	(80, 0)	(40, 69)	(-39, 69)	(-80, 0)	(-40, -69)	(40, -69)	circle	green	dif	left	left	(-80, 0)	(80, 0)	search	nr	True	1054990	1056101	left	110	10	160	60	135	85	None	None	testing
6	dd	f	20	green	Le	(80, 0)	(40, 69)	(-39, 69)	(-80, 0)	(-40, -69)	(40, -69)	circle	green	dif	left	left	(-80, 0)	(-40, -69)	search	nr	True	1057278	1058613	left	110	10	60	160	135	85	None	None	testing
6	dd	f	20	green	Le	(80, 0)	(40, 69)	(-39, 69)	(-80, 0)	(-40, -69)	(40, -69)	diamond	none	dif	right	right	N_dist	(40, -69)	search	nr	True	1059682	1060565	right	10	110	60	135	35	160	None	None	testing
6	dd	f	20	green	Le	(80, 0)	(40, 69)	(-39, 69)	(-80, 0)	(-40, -69)	(40, -69)	circle	green	dif	right	right	(-39, 69)	(80, 0)	search	nr	True	1061635	1062805	right	110	10	60	135	35	85	None	None	testing
6	dd	f	20	green	Le	(80, 0)	(40, 69)	(-39, 69)	(-80, 0)	(-40, -69)	(40, -69)	circle	none	dif	left	left	N_dist	(-39, 69)	search	nr	True	1064041	1064885	left	110	160	60	10	35	85	None	None	testing
6	dd	f	20	green	Le	(80, 0)	(40, 69)	(-39, 69)	(-80, 0)	(-40, -69)	(40, -69)	diamond	green	same	right	right	(40, -69)	(-39, 69)	search	nr	True	1066128	1067029	right	135	110	10	35	160	60	None	None	testing
6	dd	f	20	green	Le	(80, 0)	(40, 69)	(-39, 69)	(-80, 0)	(-40, -69)	(40, -69)	diamond	green	same	left	left	(-39, 69)	(80, 0)	search	nr	True	1068097	1068966	left	35	135	60	85	10	110	None	None	testing
6	dd	f	20	green	Le	(80, 0)	(40, 69)	(-39, 69)	(-80, 0)	(-40, -69)	(40, -69)	circle	green	same	left	left	(40, 69)	(-40, -69)	search	nr	True	1070169	1071109	left	35	110	135	85	60	10	None	None	testing
6	dd	f	20	green	Le	(80, 0)	(40, 69)	(-39, 69)	(-80, 0)	(-40, -69)	(40, -69)	diamond	green	dif	left	left	(-39, 69)	(40, 69)	search	nr	True	1072188	1073013	left	135	35	85	110	10	60	None	None	testing
6	dd	f	20	green	Le	(80, 0)	(40, 69)	(-39, 69)	(-80, 0)	(-40, -69)	(40, -69)	circle	green	same	right	right	(40, -69)	(40, 69)	search	nr	True	1074242	1075077	right	35	110	135	60	160	10	None	None	testing
6	dd	f	20	green	Le	(80, 0)	(40, 69)	(-39, 69)	(-80, 0)	(-40, -69)	(40, -69)	circle	none	dif	left	left	N_dist	(80, 0)	search	nr	True	1076363	1077109	left	35	135	10	60	110	85	None	None	testing
6	dd	f	20	green	Le	(80, 0)	(40, 69)	(-39, 69)	(-80, 0)	(-40, -69)	(40, -69)	circle	none	same	right	right	N_dist	(-40, -69)	search	nr	True	1078167	1079077	right	35	160	10	60	110	135	None	None	testing
6	dd	f	20	green	Le	(80, 0)	(40, 69)	(-39, 69)	(-80, 0)	(-40, -69)	(40, -69)	circle	green	same	left	left	(40, -69)	(80, 0)	search	nr	True	1080153	1081045	left	10	135	60	110	35	160	None	None	testing
6	dd	f	20	green	Le	(80, 0)	(40, 69)	(-39, 69)	(-80, 0)	(-40, -69)	(40, -69)	circle	green	dif	right	right	(40, -69)	(-80, 0)	search	nr	True	1082190	1083077	right	135	160	110	10	35	85	None	None	testing
6	dd	f	20	green	Le	(80, 0)	(40, 69)	(-39, 69)	(-80, 0)	(-40, -69)	(40, -69)	diamond	green	same	right	right	(40, -69)	(-39, 69)	search	nr	True	1084194	1084917	right	135	160	60	10	110	85	None	None	testing
6	dd	f	20	green	Le	(80, 0)	(40, 69)	(-39, 69)	(-80, 0)	(-40, -69)	(40, -69)	diamond	green	same	right	right	(40, -69)	(80, 0)	search	nr	True	1086097	1086869	right	160	10	85	60	110	35	None	None	testing
6	dd	f	20	green	Le	(80, 0)	(40, 69)	(-39, 69)	(-80, 0)	(-40, -69)	(40, -69)	diamond	green	dif	right	right	(40, -69)	(40, 69)	search	nr	True	1087984	1088773	right	10	85	135	60	160	110	None	None	testing
6	dd	f	20	green	Le	(80, 0)	(40, 69)	(-39, 69)	(-80, 0)	(-40, -69)	(40, -69)	circle	green	dif	right	right	(40, -69)	(40, 69)	search	nr	True	1090054	1091045	right	135	85	110	160	35	10	None	None	testing
6	dd	f	20	green	Le	(80, 0)	(40, 69)	(-39, 69)	(-80, 0)	(-40, -69)	(40, -69)	circle	green	same	right	right	(40, -69)	(40, 69)	search	nr	True	1092293	1093174	right	10	60	35	110	85	160	None	None	testing
6	dd	f	20	green	Le	(80, 0)	(40, 69)	(-39, 69)	(-80, 0)	(-40, -69)	(40, -69)	diamond	green	dif	right	right	(40, -69)	(-40, -69)	search	nr	True	1094396	1095589	right	85	110	135	35	60	160	None	None	testing
6	dd	f	20	green	Le	(80, 0)	(40, 69)	(-39, 69)	(-80, 0)	(-40, -69)	(40, -69)	diamond	none	same	left	left	N_dist	(-80, 0)	search	nr	True	1096701	1097701	left	110	85	160	35	135	60	None	None	testing
6	dd	f	20	green	Le	(80, 0)	(40, 69)	(-39, 69)	(-80, 0)	(-40, -69)	(40, -69)	diamond	green	same	right	right	(40, -69)	(-80, 0)	search	nr	True	1098771	1099989	right	35	85	160	60	10	135	None	None	testing
