subj	name	gender	age	dist	run	tar_locs1	tar_locs2	tar_locs3	tar_locs4	tar_locs5	tar_locs6	shape	dist	td_dif	detection	resp_key	dis_loc	tar_loc	task_type	probe_cond	gotKey	startTime	respTime	resp	o1	o2	o3	o4	o5	o6	pro_loc	ori_resp	mode
6	dd	f	20	green	6	(80, 0)	(40, 69)	(-39, 69)	(-80, 0)	(-40, -69)	(40, -69)	diamond	green	same	left	left	(40, -69)	(-40, -69)	probe	tar	None	None	None	None	60	135	160	110	10	85	(-40, -69)	142	testing
6	dd	f	20	green	6	(80, 0)	(40, 69)	(-39, 69)	(-80, 0)	(-40, -69)	(40, -69)	diamond	green	dif	right	right	(-39, 69)	(80, 0)	search	nr	True	21573	22405	right	85	160	110	10	135	60	None	None	testing
6	dd	f	20	green	6	(80, 0)	(40, 69)	(-39, 69)	(-80, 0)	(-40, -69)	(40, -69)	diamond	none	dif	left	left	N_dist	(-80, 0)	probe	l_norm	None	None	None	None	35	160	85	110	60	10	(40, 69)	35	testing
6	dd	f	20	green	6	(80, 0)	(40, 69)	(-39, 69)	(-80, 0)	(-40, -69)	(40, -69)	circle	green	same	right	right	(-80, 0)	(-40, -69)	search	nr	True	28168	28997	right	135	10	160	35	110	85	None	None	testing
6	dd	f	20	green	6	(80, 0)	(40, 69)	(-39, 69)	(-80, 0)	(-40, -69)	(40, -69)	diamond	none	same	left	left	N_dist	(40, 69)	search	nr	True	30222	30964	left	160	35	85	10	135	110	None	None	testing
6	dd	f	20	green	6	(80, 0)	(40, 69)	(-39, 69)	(-80, 0)	(-40, -69)	(40, -69)	circle	none	dif	right	right	N_dist	(40, -69)	search	nr	True	32111	32980	right	135	60	85	110	35	10	None	None	testing
6	dd	f	20	green	6	(80, 0)	(40, 69)	(-39, 69)	(-80, 0)	(-40, -69)	(40, -69)	circle	green	same	left	left	(40, -69)	(-40, -69)	probe	tar	None	None	None	None	135	60	85	110	35	10	(-40, -69)	154	testing
6	dd	f	20	green	6	(80, 0)	(40, 69)	(-39, 69)	(-80, 0)	(-40, -69)	(40, -69)	diamond	green	same	right	right	(40, -69)	(80, 0)	probe	norm	None	None	None	None	60	135	85	35	10	110	(40, 69)	28	testing
6	dd	f	20	green	6	(80, 0)	(40, 69)	(-39, 69)	(-80, 0)	(-40, -69)	(40, -69)	circle	green	dif	left	left	(40, -69)	(-39, 69)	probe	norm	None	None	None	None	60	110	135	10	160	85	(80, 0)	174	testing
6	dd	f	20	green	6	(80, 0)	(40, 69)	(-39, 69)	(-80, 0)	(-40, -69)	(40, -69)	diamond	none	same	left	left	N_dist	(40, -69)	probe	h_tar	None	None	None	None	135	110	35	10	160	60	(40, -69)	161	testing
6	dd	f	20	green	6	(80, 0)	(40, 69)	(-39, 69)	(-80, 0)	(-40, -69)	(40, -69)	circle	green	same	right	right	(40, -69)	(-80, 0)	probe	norm	None	None	None	None	85	110	35	135	160	60	(80, 0)	0	testing
6	dd	f	20	green	6	(80, 0)	(40, 69)	(-39, 69)	(-80, 0)	(-40, -69)	(40, -69)	diamond	none	same	left	left	N_dist	(-80, 0)	probe	l_norm	None	None	None	None	60	35	85	110	10	135	(-39, 69)	7	testing
6	dd	f	20	green	6	(80, 0)	(40, 69)	(-39, 69)	(-80, 0)	(-40, -69)	(40, -69)	diamond	green	dif	right	right	(40, -69)	(-80, 0)	search	nr	True	58759	59653	right	35	10	160	110	85	135	None	None	testing
6	dd	f	20	green	6	(80, 0)	(40, 69)	(-39, 69)	(-80, 0)	(-40, -69)	(40, -69)	circle	none	same	left	left	N_dist	(40, -69)	probe	h_tar	None	None	None	None	35	135	160	85	110	60	(40, -69)	166	testing
6	dd	f	20	green	6	(80, 0)	(40, 69)	(-39, 69)	(-80, 0)	(-40, -69)	(40, -69)	circle	none	dif	right	right	N_dist	(-40, -69)	probe	h_norm	None	None	None	None	60	10	135	160	35	85	(40, -69)	3	testing
6	dd	f	20	green	6	(80, 0)	(40, 69)	(-39, 69)	(-80, 0)	(-40, -69)	(40, -69)	diamond	green	dif	left	left	(40, -69)	(40, 69)	search	nr	True	68093	68964	left	10	135	160	85	110	35	None	None	testing
6	dd	f	20	green	6	(80, 0)	(40, 69)	(-39, 69)	(-80, 0)	(-40, -69)	(40, -69)	diamond	green	dif	right	right	(40, -69)	(-39, 69)	probe	norm	None	None	None	None	10	85	110	160	135	35	(40, 69)	162	testing
6	dd	f	20	green	6	(80, 0)	(40, 69)	(-39, 69)	(-80, 0)	(-40, -69)	(40, -69)	circle	green	dif	right	right	(80, 0)	(-80, 0)	search	nr	True	75023	75892	right	10	35	135	60	160	85	None	None	testing
6	dd	f	20	green	6	(80, 0)	(40, 69)	(-39, 69)	(-80, 0)	(-40, -69)	(40, -69)	circle	green	same	left	left	(40, -69)	(40, 69)	probe	norm	None	None	None	None	135	160	85	110	10	60	(80, 0)	23	testing
6	dd	f	20	green	6	(80, 0)	(40, 69)	(-39, 69)	(-80, 0)	(-40, -69)	(40, -69)	circle	green	dif	left	left	(40, -69)	(-40, -69)	search	nr	True	81802	82677	left	160	10	85	110	35	135	None	None	testing
6	dd	f	20	green	6	(80, 0)	(40, 69)	(-39, 69)	(-80, 0)	(-40, -69)	(40, -69)	circle	green	same	right	right	(-80, 0)	(-40, -69)	search	nr	True	83906	84836	right	10	35	85	110	60	160	None	None	testing
6	dd	f	20	green	6	(80, 0)	(40, 69)	(-39, 69)	(-80, 0)	(-40, -69)	(40, -69)	circle	none	same	left	left	N_dist	(80, 0)	probe	l_norm	None	None	None	None	10	35	60	135	110	85	(-80, 0)	14	testing
6	dd	f	20	green	6	(80, 0)	(40, 69)	(-39, 69)	(-80, 0)	(-40, -69)	(40, -69)	diamond	green	same	right	right	(40, -69)	(-80, 0)	probe	h_sin	None	None	None	None	110	160	135	60	85	35	(40, -69)	161	testing
6	dd	f	20	green	6	(80, 0)	(40, 69)	(-39, 69)	(-80, 0)	(-40, -69)	(40, -69)	diamond	none	dif	right	right	N_dist	(-39, 69)	search	nr	True	93991	94773	right	35	10	135	110	160	60	None	None	testing
6	dd	f	20	green	6	(80, 0)	(40, 69)	(-39, 69)	(-80, 0)	(-40, -69)	(40, -69)	circle	green	dif	right	right	(40, 69)	(-40, -69)	probe	l_sin	None	None	None	None	85	160	10	35	110	135	(40, 69)	28	testing
6	dd	f	20	green	6	(80, 0)	(40, 69)	(-39, 69)	(-80, 0)	(-40, -69)	(40, -69)	diamond	green	same	right	right	(40, 69)	(-39, 69)	search	nr	True	99718	101077	right	10	160	110	85	135	35	None	None	testing
6	dd	f	20	green	6	(80, 0)	(40, 69)	(-39, 69)	(-80, 0)	(-40, -69)	(40, -69)	diamond	none	dif	right	right	N_dist	(40, 69)	search	nr	True	102172	102964	right	10	35	110	135	160	60	None	None	testing
6	dd	f	20	green	6	(80, 0)	(40, 69)	(-39, 69)	(-80, 0)	(-40, -69)	(40, -69)	circle	green	dif	left	left	(40, -69)	(-40, -69)	search	nr	True	104226	105380	left	35	10	160	60	110	135	None	None	testing
6	dd	f	20	green	6	(80, 0)	(40, 69)	(-39, 69)	(-80, 0)	(-40, -69)	(40, -69)	circle	green	dif	left	left	(40, 69)	(-80, 0)	search	nr	True	106564	107477	left	135	60	160	10	35	85	None	None	testing
6	dd	f	20	green	6	(80, 0)	(40, 69)	(-39, 69)	(-80, 0)	(-40, -69)	(40, -69)	circle	green	dif	right	right	(40, -69)	(-40, -69)	search	nr	True	108601	109813	right	135	160	60	85	10	110	None	None	testing
6	dd	f	20	green	6	(80, 0)	(40, 69)	(-39, 69)	(-80, 0)	(-40, -69)	(40, -69)	circle	green	same	left	left	(40, -69)	(-40, -69)	search	nr	True	110906	111844	left	35	10	135	85	160	110	None	None	testing
6	dd	f	20	green	6	(80, 0)	(40, 69)	(-39, 69)	(-80, 0)	(-40, -69)	(40, -69)	circle	green	dif	right	right	(40, -69)	(80, 0)	search	nr	True	113110	114069	right	135	85	160	60	10	35	None	None	testing
6	dd	f	20	green	6	(80, 0)	(40, 69)	(-39, 69)	(-80, 0)	(-40, -69)	(40, -69)	diamond	green	same	left	left	(-40, -69)	(40, 69)	search	nr	True	115213	116245	left	35	110	160	135	60	10	None	None	testing
6	dd	f	20	green	6	(80, 0)	(40, 69)	(-39, 69)	(-80, 0)	(-40, -69)	(40, -69)	diamond	green	dif	right	right	(-80, 0)	(80, 0)	search	nr	True	117518	118325	right	85	35	160	10	110	135	None	None	testing
6	dd	f	20	green	6	(80, 0)	(40, 69)	(-39, 69)	(-80, 0)	(-40, -69)	(40, -69)	circle	green	same	left	left	(40, -69)	(40, 69)	search	nr	True	119455	120405	left	160	110	10	60	85	35	None	None	testing
6	dd	f	20	green	6	(80, 0)	(40, 69)	(-39, 69)	(-80, 0)	(-40, -69)	(40, -69)	circle	green	dif	left	left	(80, 0)	(-80, 0)	search	nr	True	121508	122500	left	60	160	135	110	85	10	None	None	testing
6	dd	f	20	green	6	(80, 0)	(40, 69)	(-39, 69)	(-80, 0)	(-40, -69)	(40, -69)	circle	green	same	left	left	(40, -69)	(80, 0)	search	nr	True	123795	124725	left	110	160	85	135	10	35	None	None	testing
6	dd	f	20	green	6	(80, 0)	(40, 69)	(-39, 69)	(-80, 0)	(-40, -69)	(40, -69)	diamond	none	same	left	left	N_dist	(80, 0)	search	nr	True	125816	126725	left	135	35	60	160	110	10	None	None	testing
6	dd	f	20	green	6	(80, 0)	(40, 69)	(-39, 69)	(-80, 0)	(-40, -69)	(40, -69)	circle	green	same	left	left	(40, -69)	(40, 69)	search	nr	True	127954	128869	left	160	135	60	85	10	110	None	None	testing
6	dd	f	20	green	6	(80, 0)	(40, 69)	(-39, 69)	(-80, 0)	(-40, -69)	(40, -69)	circle	green	dif	right	right	(40, -69)	(80, 0)	probe	tar	None	None	None	None	135	85	10	35	60	110	(80, 0)	27	testing
6	dd	f	20	green	6	(80, 0)	(40, 69)	(-39, 69)	(-80, 0)	(-40, -69)	(40, -69)	circle	green	dif	left	left	(-40, -69)	(80, 0)	search	nr	True	134733	135796	left	85	60	160	110	35	10	None	None	testing
6	dd	f	20	green	6	(80, 0)	(40, 69)	(-39, 69)	(-80, 0)	(-40, -69)	(40, -69)	diamond	green	dif	right	right	(40, -69)	(-80, 0)	probe	tar	None	None	None	None	110	60	85	135	160	10	(-80, 0)	9	testing
6	dd	f	20	green	6	(80, 0)	(40, 69)	(-39, 69)	(-80, 0)	(-40, -69)	(40, -69)	circle	green	dif	left	left	(-40, -69)	(40, 69)	probe	l_sin	None	None	None	None	10	85	60	35	110	135	(-40, -69)	170	testing
6	dd	f	20	green	6	(80, 0)	(40, 69)	(-39, 69)	(-80, 0)	(-40, -69)	(40, -69)	diamond	green	dif	left	left	(40, -69)	(40, 69)	probe	h_sin	None	None	None	None	110	135	10	85	160	35	(40, -69)	147	testing
6	dd	f	20	green	6	(80, 0)	(40, 69)	(-39, 69)	(-80, 0)	(-40, -69)	(40, -69)	circle	green	same	right	right	(40, -69)	(80, 0)	search	nr	True	148090	148869	right	110	85	10	160	60	135	None	None	testing
6	dd	f	20	green	6	(80, 0)	(40, 69)	(-39, 69)	(-80, 0)	(-40, -69)	(40, -69)	circle	none	same	left	left	N_dist	(40, 69)	search	nr	True	150011	150693	left	135	160	60	85	110	35	None	None	testing
6	dd	f	20	green	6	(80, 0)	(40, 69)	(-39, 69)	(-80, 0)	(-40, -69)	(40, -69)	circle	none	dif	left	left	N_dist	(40, 69)	search	nr	True	151915	152916	left	85	135	10	110	160	35	None	None	testing
6	dd	f	20	green	6	(80, 0)	(40, 69)	(-39, 69)	(-80, 0)	(-40, -69)	(40, -69)	diamond	green	same	right	right	(40, 69)	(-39, 69)	probe	l_sin	None	None	None	None	160	35	135	10	60	85	(40, 69)	150	testing
6	dd	f	20	green	6	(80, 0)	(40, 69)	(-39, 69)	(-80, 0)	(-40, -69)	(40, -69)	circle	none	same	left	left	N_dist	(40, -69)	search	nr	True	158543	159332	left	160	10	35	110	60	85	None	None	testing
6	dd	f	20	green	6	(80, 0)	(40, 69)	(-39, 69)	(-80, 0)	(-40, -69)	(40, -69)	diamond	none	same	right	right	N_dist	(-39, 69)	search	nr	True	160430	161380	right	110	60	85	135	35	10	None	None	testing
6	dd	f	20	green	6	(80, 0)	(40, 69)	(-39, 69)	(-80, 0)	(-40, -69)	(40, -69)	diamond	green	same	right	right	(40, -69)	(-80, 0)	search	nr	True	162618	163685	right	35	110	60	85	160	135	None	None	testing
6	dd	f	20	green	6	(80, 0)	(40, 69)	(-39, 69)	(-80, 0)	(-40, -69)	(40, -69)	circle	green	dif	right	right	(40, -69)	(80, 0)	search	nr	True	164804	165781	right	35	110	160	135	10	60	None	None	testing
6	dd	f	20	green	6	(80, 0)	(40, 69)	(-39, 69)	(-80, 0)	(-40, -69)	(40, -69)	diamond	green	same	left	left	(-40, -69)	(40, 69)	probe	l_sin	None	None	None	None	135	10	160	110	85	60	(-40, -69)	163	testing
6	dd	f	20	green	6	(80, 0)	(40, 69)	(-39, 69)	(-80, 0)	(-40, -69)	(40, -69)	circle	none	same	left	left	N_dist	(-39, 69)	search	nr	True	170699	171428	left	85	110	160	60	10	135	None	None	testing
6	dd	f	20	green	6	(80, 0)	(40, 69)	(-39, 69)	(-80, 0)	(-40, -69)	(40, -69)	diamond	green	same	right	right	(-39, 69)	(-40, -69)	probe	l_sin	None	None	None	None	135	85	60	10	35	160	(-39, 69)	174	testing
6	dd	f	20	green	6	(80, 0)	(40, 69)	(-39, 69)	(-80, 0)	(-40, -69)	(40, -69)	circle	green	same	left	left	(40, -69)	(40, 69)	search	nr	True	176593	177269	left	35	60	85	110	160	135	None	None	testing
6	dd	f	20	green	6	(80, 0)	(40, 69)	(-39, 69)	(-80, 0)	(-40, -69)	(40, -69)	diamond	green	dif	left	left	(40, -69)	(40, 69)	search	nr	True	178363	179588	left	85	35	110	160	135	10	None	None	testing
6	dd	f	20	green	6	(80, 0)	(40, 69)	(-39, 69)	(-80, 0)	(-40, -69)	(40, -69)	diamond	green	same	right	right	(-39, 69)	(-40, -69)	search	nr	True	180717	181605	right	10	135	110	35	160	85	None	None	testing
6	dd	f	20	green	6	(80, 0)	(40, 69)	(-39, 69)	(-80, 0)	(-40, -69)	(40, -69)	circle	none	dif	right	right	N_dist	(40, -69)	search	nr	True	182721	183829	right	35	135	85	160	110	10	None	None	testing
6	dd	f	20	green	6	(80, 0)	(40, 69)	(-39, 69)	(-80, 0)	(-40, -69)	(40, -69)	diamond	none	dif	left	left	N_dist	(-39, 69)	search	nr	True	185008	186052	left	135	85	60	160	110	10	None	None	testing
6	dd	f	20	green	6	(80, 0)	(40, 69)	(-39, 69)	(-80, 0)	(-40, -69)	(40, -69)	circle	green	dif	left	left	(-40, -69)	(80, 0)	probe	l_sin	None	None	None	None	160	60	10	85	35	135	(-40, -69)	150	testing
6	dd	f	20	green	6	(80, 0)	(40, 69)	(-39, 69)	(-80, 0)	(-40, -69)	(40, -69)	circle	green	same	right	right	(40, -69)	(80, 0)	probe	h_sin	None	None	None	None	135	85	60	10	110	35	(40, -69)	145	testing
6	dd	f	20	green	6	(80, 0)	(40, 69)	(-39, 69)	(-80, 0)	(-40, -69)	(40, -69)	diamond	green	dif	left	left	(40, -69)	(-80, 0)	search	nr	True	195411	196292	left	35	85	10	60	110	160	None	None	testing
6	dd	f	20	green	6	(80, 0)	(40, 69)	(-39, 69)	(-80, 0)	(-40, -69)	(40, -69)	diamond	green	same	right	right	(40, 69)	(-80, 0)	probe	tar	None	None	None	None	135	35	10	85	160	110	(-80, 0)	172	testing
6	dd	f	20	green	6	(80, 0)	(40, 69)	(-39, 69)	(-80, 0)	(-40, -69)	(40, -69)	circle	green	dif	left	left	(40, 69)	(-80, 0)	probe	l_sin	None	None	None	None	85	135	10	35	60	160	(40, 69)	25	testing
6	dd	f	20	green	6	(80, 0)	(40, 69)	(-39, 69)	(-80, 0)	(-40, -69)	(40, -69)	circle	green	same	left	left	(40, -69)	(40, 69)	search	nr	True	204578	205300	left	110	35	135	160	10	85	None	None	testing
6	dd	f	20	green	6	(80, 0)	(40, 69)	(-39, 69)	(-80, 0)	(-40, -69)	(40, -69)	diamond	green	same	right	right	(40, -69)	(80, 0)	search	nr	True	206598	207365	right	135	85	160	10	60	35	None	None	testing
6	dd	f	20	green	6	(80, 0)	(40, 69)	(-39, 69)	(-80, 0)	(-40, -69)	(40, -69)	diamond	green	dif	left	left	(40, -69)	(40, 69)	search	nr	True	208551	209285	left	60	10	110	35	160	85	None	None	testing
6	dd	f	20	green	6	(80, 0)	(40, 69)	(-39, 69)	(-80, 0)	(-40, -69)	(40, -69)	circle	none	dif	left	left	N_dist	(80, 0)	search	nr	True	210472	211220	left	60	135	85	160	110	35	None	None	testing
6	dd	f	20	green	6	(80, 0)	(40, 69)	(-39, 69)	(-80, 0)	(-40, -69)	(40, -69)	circle	green	same	left	left	(40, -69)	(-39, 69)	search	nr	True	212476	213285	left	110	160	85	10	135	35	None	None	testing
6	dd	f	20	green	6	(80, 0)	(40, 69)	(-39, 69)	(-80, 0)	(-40, -69)	(40, -69)	circle	none	dif	right	right	N_dist	(40, -69)	probe	h_tar	None	None	None	None	135	85	35	160	60	110	(40, -69)	17	testing
6	dd	f	20	green	6	(80, 0)	(40, 69)	(-39, 69)	(-80, 0)	(-40, -69)	(40, -69)	circle	green	same	right	right	(40, -69)	(80, 0)	search	nr	True	218069	218949	right	135	60	35	10	85	160	None	None	testing
6	dd	f	20	green	6	(80, 0)	(40, 69)	(-39, 69)	(-80, 0)	(-40, -69)	(40, -69)	circle	green	dif	right	right	(40, -69)	(80, 0)	search	nr	True	220140	220804	right	160	10	35	135	110	85	None	None	testing
6	dd	f	20	green	6	(80, 0)	(40, 69)	(-39, 69)	(-80, 0)	(-40, -69)	(40, -69)	circle	none	same	left	left	N_dist	(80, 0)	search	nr	True	222010	222676	left	35	135	110	60	85	160	None	None	testing
6	dd	f	20	green	6	(80, 0)	(40, 69)	(-39, 69)	(-80, 0)	(-40, -69)	(40, -69)	circle	green	dif	right	right	(40, 69)	(-40, -69)	search	nr	True	223963	224804	right	135	60	110	160	10	85	None	None	testing
6	dd	f	20	green	6	(80, 0)	(40, 69)	(-39, 69)	(-80, 0)	(-40, -69)	(40, -69)	circle	green	same	right	right	(40, -69)	(80, 0)	search	nr	True	225916	226613	right	10	60	135	35	160	110	None	None	testing
6	dd	f	20	green	6	(80, 0)	(40, 69)	(-39, 69)	(-80, 0)	(-40, -69)	(40, -69)	circle	green	same	left	left	(40, -69)	(80, 0)	probe	tar	None	None	None	None	135	110	10	60	160	35	(80, 0)	21	testing
6	dd	f	20	green	6	(80, 0)	(40, 69)	(-39, 69)	(-80, 0)	(-40, -69)	(40, -69)	diamond	none	dif	left	left	N_dist	(-39, 69)	search	nr	True	231611	232548	left	35	85	10	60	135	110	None	None	testing
6	dd	f	20	green	6	(80, 0)	(40, 69)	(-39, 69)	(-80, 0)	(-40, -69)	(40, -69)	diamond	green	same	left	left	(40, -69)	(-39, 69)	search	nr	True	233665	234756	left	35	10	110	85	160	60	None	None	testing
6	dd	f	20	green	6	(80, 0)	(40, 69)	(-39, 69)	(-80, 0)	(-40, -69)	(40, -69)	diamond	none	same	left	left	N_dist	(80, 0)	probe	l_norm	None	None	None	None	85	160	10	110	60	35	(-80, 0)	6	testing
6	dd	f	20	green	6	(80, 0)	(40, 69)	(-39, 69)	(-80, 0)	(-40, -69)	(40, -69)	diamond	green	same	right	right	(40, -69)	(-80, 0)	search	nr	True	240945	241668	right	135	110	60	85	35	10	None	None	testing
6	dd	f	20	green	6	(80, 0)	(40, 69)	(-39, 69)	(-80, 0)	(-40, -69)	(40, -69)	circle	none	same	right	right	N_dist	(-80, 0)	probe	h_norm	None	None	None	None	110	160	85	10	60	135	(40, -69)	20	testing
6	dd	f	20	green	6	(80, 0)	(40, 69)	(-39, 69)	(-80, 0)	(-40, -69)	(40, -69)	diamond	none	same	right	right	N_dist	(-39, 69)	probe	l_tar	None	None	None	None	135	60	110	160	35	10	(-39, 69)	11	testing
6	dd	f	20	green	6	(80, 0)	(40, 69)	(-39, 69)	(-80, 0)	(-40, -69)	(40, -69)	diamond	green	same	right	right	(-39, 69)	(-40, -69)	probe	tar	None	None	None	None	135	85	110	160	10	35	(-40, -69)	141	testing
6	dd	f	20	green	6	(80, 0)	(40, 69)	(-39, 69)	(-80, 0)	(-40, -69)	(40, -69)	diamond	green	dif	left	left	(80, 0)	(-40, -69)	search	nr	True	256073	257123	left	35	60	135	160	85	110	None	None	testing
6	dd	f	20	green	6	(80, 0)	(40, 69)	(-39, 69)	(-80, 0)	(-40, -69)	(40, -69)	circle	none	dif	left	left	N_dist	(40, 69)	probe	l_norm	None	None	None	None	60	35	110	10	85	135	(-39, 69)	12	testing
6	dd	f	20	green	6	(80, 0)	(40, 69)	(-39, 69)	(-80, 0)	(-40, -69)	(40, -69)	circle	green	dif	right	right	(40, -69)	(-40, -69)	probe	tar	None	None	None	None	110	35	60	85	160	10	(-40, -69)	42	testing
6	dd	f	20	green	6	(80, 0)	(40, 69)	(-39, 69)	(-80, 0)	(-40, -69)	(40, -69)	circle	green	dif	right	right	(-39, 69)	(-40, -69)	search	nr	True	265673	266437	right	135	10	85	160	60	110	None	None	testing
6	dd	f	20	green	6	(80, 0)	(40, 69)	(-39, 69)	(-80, 0)	(-40, -69)	(40, -69)	circle	green	dif	left	left	(40, -69)	(-80, 0)	search	nr	True	267593	268499	left	60	160	110	10	35	85	None	None	testing
6	dd	f	20	green	6	(80, 0)	(40, 69)	(-39, 69)	(-80, 0)	(-40, -69)	(40, -69)	diamond	green	dif	left	left	(40, -69)	(-80, 0)	probe	tar	None	None	None	None	10	85	35	60	160	135	(-80, 0)	165	testing
6	dd	f	20	green	6	(80, 0)	(40, 69)	(-39, 69)	(-80, 0)	(-40, -69)	(40, -69)	circle	none	dif	right	right	N_dist	(40, 69)	probe	l_tar	None	None	None	None	110	85	160	10	60	135	(40, 69)	165	testing
6	dd	f	20	green	6	(80, 0)	(40, 69)	(-39, 69)	(-80, 0)	(-40, -69)	(40, -69)	circle	green	dif	right	right	(40, -69)	(40, 69)	search	nr	True	276577	277349	right	110	35	60	135	85	160	None	None	testing
6	dd	f	20	green	6	(80, 0)	(40, 69)	(-39, 69)	(-80, 0)	(-40, -69)	(40, -69)	circle	none	same	left	left	N_dist	(-39, 69)	search	nr	True	278480	279141	left	135	10	110	35	160	60	None	None	testing
6	dd	f	20	green	6	(80, 0)	(40, 69)	(-39, 69)	(-80, 0)	(-40, -69)	(40, -69)	circle	green	dif	left	left	(40, -69)	(-39, 69)	probe	tar	None	None	None	None	10	85	35	160	135	60	(-39, 69)	162	testing
6	dd	f	20	green	6	(80, 0)	(40, 69)	(-39, 69)	(-80, 0)	(-40, -69)	(40, -69)	diamond	green	same	right	right	(40, 69)	(-39, 69)	search	nr	True	283824	284660	right	160	135	60	110	10	35	None	None	testing
6	dd	f	20	green	6	(80, 0)	(40, 69)	(-39, 69)	(-80, 0)	(-40, -69)	(40, -69)	circle	green	dif	right	right	(40, -69)	(40, 69)	search	nr	True	285844	286852	right	60	10	85	135	35	110	None	None	testing
6	dd	f	20	green	6	(80, 0)	(40, 69)	(-39, 69)	(-80, 0)	(-40, -69)	(40, -69)	diamond	none	same	right	right	N_dist	(-39, 69)	search	nr	True	287981	288997	right	60	160	110	10	35	85	None	None	testing
6	dd	f	20	green	6	(80, 0)	(40, 69)	(-39, 69)	(-80, 0)	(-40, -69)	(40, -69)	circle	green	same	left	left	(40, -69)	(-39, 69)	probe	tar	None	None	None	None	10	135	85	110	60	160	(-39, 69)	0	testing
6	dd	f	20	green	6	(80, 0)	(40, 69)	(-39, 69)	(-80, 0)	(-40, -69)	(40, -69)	circle	none	same	right	right	N_dist	(-80, 0)	search	nr	True	293608	294789	right	60	85	35	135	10	160	None	None	testing
6	dd	f	20	green	6	(80, 0)	(40, 69)	(-39, 69)	(-80, 0)	(-40, -69)	(40, -69)	diamond	none	same	right	right	N_dist	(-40, -69)	search	nr	True	295979	296852	right	110	135	60	35	160	85	None	None	testing
6	dd	f	20	green	6	(80, 0)	(40, 69)	(-39, 69)	(-80, 0)	(-40, -69)	(40, -69)	diamond	green	dif	left	left	(40, -69)	(-80, 0)	probe	norm	None	None	None	None	110	35	160	60	135	10	(-39, 69)	34	testing
6	dd	f	20	green	6	(80, 0)	(40, 69)	(-39, 69)	(-80, 0)	(-40, -69)	(40, -69)	circle	green	same	left	left	(40, -69)	(40, 69)	search	nr	True	301940	302596	left	160	135	85	35	10	60	None	None	testing
6	dd	f	20	green	6	(80, 0)	(40, 69)	(-39, 69)	(-80, 0)	(-40, -69)	(40, -69)	diamond	none	same	right	right	N_dist	(-39, 69)	search	nr	True	303744	304468	right	35	60	10	135	85	110	None	None	testing
6	dd	f	20	green	6	(80, 0)	(40, 69)	(-39, 69)	(-80, 0)	(-40, -69)	(40, -69)	diamond	green	same	right	right	(40, -69)	(40, 69)	search	nr	True	305647	306292	right	85	160	35	135	60	10	None	None	testing
6	dd	f	20	green	6	(80, 0)	(40, 69)	(-39, 69)	(-80, 0)	(-40, -69)	(40, -69)	diamond	green	dif	left	left	(40, -69)	(-39, 69)	search	nr	True	307416	308117	left	10	85	110	135	160	35	None	None	testing
6	dd	f	20	green	6	(80, 0)	(40, 69)	(-39, 69)	(-80, 0)	(-40, -69)	(40, -69)	circle	green	dif	left	left	(40, -69)	(-39, 69)	probe	tar	None	None	None	None	135	60	35	160	85	10	(-39, 69)	161	testing
6	dd	f	20	green	6	(80, 0)	(40, 69)	(-39, 69)	(-80, 0)	(-40, -69)	(40, -69)	circle	green	same	right	right	(-40, -69)	(80, 0)	search	nr	True	313127	313860	right	160	135	35	60	110	10	None	None	testing
6	dd	f	20	green	6	(80, 0)	(40, 69)	(-39, 69)	(-80, 0)	(-40, -69)	(40, -69)	circle	none	dif	left	left	N_dist	(40, -69)	search	nr	True	315031	315764	left	10	135	35	85	160	60	None	None	testing
6	dd	f	20	green	6	(80, 0)	(40, 69)	(-39, 69)	(-80, 0)	(-40, -69)	(40, -69)	diamond	none	dif	right	right	N_dist	(40, 69)	probe	h_norm	None	None	None	None	135	85	10	160	110	60	(40, -69)	163	testing
6	dd	f	20	green	6	(80, 0)	(40, 69)	(-39, 69)	(-80, 0)	(-40, -69)	(40, -69)	diamond	green	same	left	left	(-39, 69)	(40, 69)	probe	tar	None	None	None	None	135	85	35	160	60	110	(40, 69)	169	testing
6	dd	f	20	green	6	(80, 0)	(40, 69)	(-39, 69)	(-80, 0)	(-40, -69)	(40, -69)	circle	none	dif	left	left	N_dist	(-39, 69)	search	nr	True	324665	325556	left	60	10	160	85	110	35	None	None	testing
6	dd	f	20	green	6	(80, 0)	(40, 69)	(-39, 69)	(-80, 0)	(-40, -69)	(40, -69)	diamond	green	dif	right	right	(40, -69)	(-40, -69)	probe	norm	None	None	None	None	10	110	160	135	85	35	(-80, 0)	12	testing
6	dd	f	20	green	6	(80, 0)	(40, 69)	(-39, 69)	(-80, 0)	(-40, -69)	(40, -69)	diamond	none	same	right	right	N_dist	(-39, 69)	search	nr	True	330526	331268	right	35	85	160	60	135	110	None	None	testing
6	dd	f	20	green	6	(80, 0)	(40, 69)	(-39, 69)	(-80, 0)	(-40, -69)	(40, -69)	diamond	green	dif	right	right	(80, 0)	(-40, -69)	probe	l_sin	None	None	None	None	10	60	160	85	135	35	(80, 0)	143	testing
6	dd	f	20	green	6	(80, 0)	(40, 69)	(-39, 69)	(-80, 0)	(-40, -69)	(40, -69)	circle	green	same	left	left	(40, -69)	(-39, 69)	probe	norm	None	None	None	None	160	135	110	35	60	85	(40, 69)	25	testing
6	dd	f	20	green	6	(80, 0)	(40, 69)	(-39, 69)	(-80, 0)	(-40, -69)	(40, -69)	diamond	green	dif	right	right	(40, -69)	(-39, 69)	search	nr	True	339926	340836	right	160	85	135	110	35	10	None	None	testing
6	dd	f	20	green	6	(80, 0)	(40, 69)	(-39, 69)	(-80, 0)	(-40, -69)	(40, -69)	diamond	green	dif	left	left	(40, -69)	(-39, 69)	search	nr	True	342097	342852	left	85	160	35	60	110	10	None	None	testing
6	dd	f	20	green	6	(80, 0)	(40, 69)	(-39, 69)	(-80, 0)	(-40, -69)	(40, -69)	circle	green	dif	right	right	(40, -69)	(80, 0)	probe	h_sin	None	None	None	None	60	160	135	10	110	35	(40, -69)	162	testing
6	dd	f	20	green	6	(80, 0)	(40, 69)	(-39, 69)	(-80, 0)	(-40, -69)	(40, -69)	diamond	none	same	left	left	N_dist	(-80, 0)	search	nr	True	347958	348693	left	135	10	110	160	35	85	None	None	testing
6	dd	f	20	green	6	(80, 0)	(40, 69)	(-39, 69)	(-80, 0)	(-40, -69)	(40, -69)	diamond	green	dif	right	right	(40, -69)	(80, 0)	search	nr	True	349945	350661	right	160	110	10	60	85	35	None	None	testing
6	dd	f	20	green	6	(80, 0)	(40, 69)	(-39, 69)	(-80, 0)	(-40, -69)	(40, -69)	diamond	green	dif	left	left	(40, -69)	(-39, 69)	probe	tar	None	None	None	None	85	110	160	10	135	35	(-39, 69)	29	testing
6	dd	f	20	green	6	(80, 0)	(40, 69)	(-39, 69)	(-80, 0)	(-40, -69)	(40, -69)	diamond	green	dif	right	right	(-39, 69)	(80, 0)	search	nr	True	356357	357092	right	60	85	160	10	35	135	None	None	testing
6	dd	f	20	green	6	(80, 0)	(40, 69)	(-39, 69)	(-80, 0)	(-40, -69)	(40, -69)	circle	green	same	right	right	(40, -69)	(80, 0)	search	nr	True	358210	358932	right	110	160	35	85	10	135	None	None	testing
6	dd	f	20	green	6	(80, 0)	(40, 69)	(-39, 69)	(-80, 0)	(-40, -69)	(40, -69)	circle	green	same	right	right	(40, -69)	(-40, -69)	search	nr	True	360231	361379	right	35	60	85	10	110	160	None	None	testing
6	dd	f	20	green	6	(80, 0)	(40, 69)	(-39, 69)	(-80, 0)	(-40, -69)	(40, -69)	diamond	green	same	left	left	(-80, 0)	(40, 69)	probe	norm	None	None	None	None	160	85	135	35	110	10	(-39, 69)	18	testing
6	dd	f	20	green	6	(80, 0)	(40, 69)	(-39, 69)	(-80, 0)	(-40, -69)	(40, -69)	diamond	none	same	left	left	N_dist	(80, 0)	search	nr	True	366359	367012	left	85	60	135	35	160	10	None	None	testing
6	dd	f	20	green	6	(80, 0)	(40, 69)	(-39, 69)	(-80, 0)	(-40, -69)	(40, -69)	circle	green	dif	left	left	(40, -69)	(-39, 69)	search	nr	True	368246	369076	left	10	135	60	110	35	85	None	None	testing
6	dd	f	20	green	6	(80, 0)	(40, 69)	(-39, 69)	(-80, 0)	(-40, -69)	(40, -69)	diamond	green	dif	left	left	(80, 0)	(-40, -69)	search	nr	True	370249	371204	left	10	85	60	35	160	110	None	None	testing
6	dd	f	20	green	6	(80, 0)	(40, 69)	(-39, 69)	(-80, 0)	(-40, -69)	(40, -69)	circle	none	same	right	right	N_dist	(-40, -69)	search	nr	True	372403	373268	right	85	35	10	160	110	60	None	None	testing
6	dd	f	20	green	6	(80, 0)	(40, 69)	(-39, 69)	(-80, 0)	(-40, -69)	(40, -69)	circle	green	dif	left	left	(40, 69)	(-80, 0)	search	nr	True	374524	375252	left	85	60	135	10	110	160	None	None	testing
6	dd	f	20	green	6	(80, 0)	(40, 69)	(-39, 69)	(-80, 0)	(-40, -69)	(40, -69)	diamond	green	same	left	left	(40, -69)	(-40, -69)	search	nr	True	376510	377525	left	10	60	35	110	160	135	None	None	testing
6	dd	f	20	green	6	(80, 0)	(40, 69)	(-39, 69)	(-80, 0)	(-40, -69)	(40, -69)	circle	green	same	left	left	(80, 0)	(-40, -69)	search	nr	True	378665	379573	left	85	60	135	110	35	10	None	None	testing
6	dd	f	20	green	6	(80, 0)	(40, 69)	(-39, 69)	(-80, 0)	(-40, -69)	(40, -69)	diamond	green	same	left	left	(40, 69)	(-39, 69)	search	nr	True	380785	381876	left	60	160	35	135	110	10	None	None	testing
6	dd	f	20	green	6	(80, 0)	(40, 69)	(-39, 69)	(-80, 0)	(-40, -69)	(40, -69)	diamond	green	same	left	left	(-39, 69)	(40, 69)	search	nr	True	383106	384084	left	135	35	110	85	10	60	None	None	testing
6	dd	f	20	green	6	(80, 0)	(40, 69)	(-39, 69)	(-80, 0)	(-40, -69)	(40, -69)	circle	green	dif	left	left	(-40, -69)	(40, 69)	search	nr	True	385394	386627	left	110	10	160	85	135	60	None	None	testing
6	dd	f	20	green	6	(80, 0)	(40, 69)	(-39, 69)	(-80, 0)	(-40, -69)	(40, -69)	circle	green	dif	right	right	(40, -69)	(80, 0)	search	nr	True	387898	388756	right	85	60	110	10	160	35	None	None	testing
6	dd	f	20	green	6	(80, 0)	(40, 69)	(-39, 69)	(-80, 0)	(-40, -69)	(40, -69)	diamond	green	same	right	right	(-39, 69)	(-80, 0)	search	nr	True	389918	391140	right	35	135	60	85	110	160	None	None	testing
6	dd	f	20	green	6	(80, 0)	(40, 69)	(-39, 69)	(-80, 0)	(-40, -69)	(40, -69)	circle	green	same	left	left	(80, 0)	(-40, -69)	probe	norm	None	None	None	None	160	110	35	135	10	85	(40, 69)	31	testing
6	dd	f	20	green	6	(80, 0)	(40, 69)	(-39, 69)	(-80, 0)	(-40, -69)	(40, -69)	diamond	none	same	left	left	N_dist	(40, -69)	search	nr	True	395980	396676	left	10	60	110	135	160	85	None	None	testing
6	dd	f	20	green	6	(80, 0)	(40, 69)	(-39, 69)	(-80, 0)	(-40, -69)	(40, -69)	diamond	green	same	left	left	(40, -69)	(-40, -69)	search	nr	True	397817	398516	left	35	160	60	85	135	10	None	None	testing
6	dd	f	20	green	6	(80, 0)	(40, 69)	(-39, 69)	(-80, 0)	(-40, -69)	(40, -69)	circle	green	same	right	right	(40, -69)	(-40, -69)	search	nr	True	399720	400388	right	60	110	160	10	135	35	None	None	testing
6	dd	f	20	green	6	(80, 0)	(40, 69)	(-39, 69)	(-80, 0)	(-40, -69)	(40, -69)	circle	none	same	left	left	N_dist	(40, 69)	search	nr	True	401557	402291	left	10	60	135	160	85	110	None	None	testing
6	dd	f	20	green	6	(80, 0)	(40, 69)	(-39, 69)	(-80, 0)	(-40, -69)	(40, -69)	diamond	green	same	right	right	(40, -69)	(40, 69)	search	nr	True	403510	404468	right	135	110	10	160	85	35	None	None	testing
6	dd	f	20	green	6	(80, 0)	(40, 69)	(-39, 69)	(-80, 0)	(-40, -69)	(40, -69)	circle	none	dif	right	right	N_dist	(40, -69)	search	nr	True	405648	406436	right	35	60	10	110	160	135	None	None	testing
6	dd	f	20	green	6	(80, 0)	(40, 69)	(-39, 69)	(-80, 0)	(-40, -69)	(40, -69)	circle	green	same	left	left	(40, -69)	(-40, -69)	probe	h_sin	None	None	None	None	110	35	85	60	135	160	(40, -69)	38	testing
6	dd	f	20	green	6	(80, 0)	(40, 69)	(-39, 69)	(-80, 0)	(-40, -69)	(40, -69)	diamond	green	dif	right	right	(40, -69)	(-40, -69)	search	nr	True	412610	413316	right	135	35	110	85	60	10	None	None	testing
6	dd	f	20	green	6	(80, 0)	(40, 69)	(-39, 69)	(-80, 0)	(-40, -69)	(40, -69)	diamond	green	dif	left	left	(40, -69)	(40, 69)	search	nr	True	414414	415109	left	135	35	160	60	110	10	None	None	testing
6	dd	f	20	green	6	(80, 0)	(40, 69)	(-39, 69)	(-80, 0)	(-40, -69)	(40, -69)	circle	none	same	right	right	N_dist	(80, 0)	search	nr	True	416350	417124	right	85	110	60	35	10	160	None	None	testing
6	dd	f	20	green	6	(80, 0)	(40, 69)	(-39, 69)	(-80, 0)	(-40, -69)	(40, -69)	diamond	green	same	left	left	(40, -69)	(40, 69)	probe	norm	None	None	None	None	135	35	110	10	60	85	(-80, 0)	161	testing
6	dd	f	20	green	6	(80, 0)	(40, 69)	(-39, 69)	(-80, 0)	(-40, -69)	(40, -69)	diamond	green	dif	left	left	(40, -69)	(-80, 0)	search	nr	True	422562	423460	left	160	85	135	10	35	60	None	None	testing
6	dd	f	20	green	6	(80, 0)	(40, 69)	(-39, 69)	(-80, 0)	(-40, -69)	(40, -69)	diamond	green	same	left	left	(40, -69)	(40, 69)	search	nr	True	424682	425348	left	35	110	10	85	60	160	None	None	testing
6	dd	f	20	green	6	(80, 0)	(40, 69)	(-39, 69)	(-80, 0)	(-40, -69)	(40, -69)	diamond	green	same	left	left	(40, -69)	(-39, 69)	probe	norm	None	None	None	None	85	110	35	160	135	60	(-80, 0)	26	testing
6	dd	f	20	green	6	(80, 0)	(40, 69)	(-39, 69)	(-80, 0)	(-40, -69)	(40, -69)	circle	green	dif	right	right	(40, -69)	(80, 0)	search	nr	True	430243	430949	right	10	85	160	60	110	135	None	None	testing
6	dd	f	20	green	6	(80, 0)	(40, 69)	(-39, 69)	(-80, 0)	(-40, -69)	(40, -69)	circle	green	same	right	right	(-80, 0)	(-40, -69)	search	nr	True	432096	433060	right	135	110	160	60	35	10	None	None	testing
6	dd	f	20	green	6	(80, 0)	(40, 69)	(-39, 69)	(-80, 0)	(-40, -69)	(40, -69)	diamond	none	dif	left	left	N_dist	(-80, 0)	search	nr	True	434117	435396	left	10	35	160	110	85	60	None	None	testing
6	dd	f	20	green	6	(80, 0)	(40, 69)	(-39, 69)	(-80, 0)	(-40, -69)	(40, -69)	diamond	green	dif	right	right	(-80, 0)	(80, 0)	probe	norm	None	None	None	None	135	35	160	110	60	85	(40, 69)	158	testing
6	dd	f	20	green	6	(80, 0)	(40, 69)	(-39, 69)	(-80, 0)	(-40, -69)	(40, -69)	circle	none	dif	left	left	N_dist	(-39, 69)	probe	l_norm	None	None	None	None	110	85	135	10	160	35	(-80, 0)	57	testing
6	dd	f	20	green	6	(80, 0)	(40, 69)	(-39, 69)	(-80, 0)	(-40, -69)	(40, -69)	diamond	none	dif	right	right	N_dist	(40, 69)	search	nr	True	445855	446581	right	10	135	60	85	110	160	None	None	testing
6	dd	f	20	green	6	(80, 0)	(40, 69)	(-39, 69)	(-80, 0)	(-40, -69)	(40, -69)	circle	none	same	left	left	N_dist	(-39, 69)	probe	h_norm	None	None	None	None	85	160	135	35	60	10	(40, -69)	145	testing
6	dd	f	20	green	6	(80, 0)	(40, 69)	(-39, 69)	(-80, 0)	(-40, -69)	(40, -69)	circle	green	same	right	right	(-40, -69)	(80, 0)	search	nr	True	453619	454308	right	85	135	110	60	35	160	None	None	testing
6	dd	f	20	green	6	(80, 0)	(40, 69)	(-39, 69)	(-80, 0)	(-40, -69)	(40, -69)	diamond	none	same	left	left	N_dist	(80, 0)	search	nr	True	455489	456132	left	35	60	110	85	135	160	None	None	testing
6	dd	f	20	green	6	(80, 0)	(40, 69)	(-39, 69)	(-80, 0)	(-40, -69)	(40, -69)	diamond	green	dif	left	left	(40, -69)	(-40, -69)	search	nr	True	457326	458165	left	10	60	135	160	85	35	None	None	testing
6	dd	f	20	green	6	(80, 0)	(40, 69)	(-39, 69)	(-80, 0)	(-40, -69)	(40, -69)	circle	none	same	right	right	N_dist	(-40, -69)	search	nr	True	459313	460116	right	85	35	110	135	10	160	None	None	testing
6	dd	f	20	green	6	(80, 0)	(40, 69)	(-39, 69)	(-80, 0)	(-40, -69)	(40, -69)	diamond	green	dif	right	right	(80, 0)	(-40, -69)	search	nr	True	461416	462260	right	160	85	10	35	60	110	None	None	testing
6	dd	f	20	green	6	(80, 0)	(40, 69)	(-39, 69)	(-80, 0)	(-40, -69)	(40, -69)	diamond	green	same	right	right	(40, 69)	(-80, 0)	search	nr	True	463437	464485	right	10	160	110	85	35	135	None	None	testing
6	dd	f	20	green	6	(80, 0)	(40, 69)	(-39, 69)	(-80, 0)	(-40, -69)	(40, -69)	circle	green	same	left	left	(40, -69)	(-39, 69)	search	nr	True	465775	466804	left	10	135	35	85	160	110	None	None	testing
6	dd	f	20	green	6	(80, 0)	(40, 69)	(-39, 69)	(-80, 0)	(-40, -69)	(40, -69)	diamond	none	dif	left	left	N_dist	(40, 69)	probe	l_norm	None	None	None	None	160	10	135	35	60	110	(-80, 0)	162	testing
6	dd	f	20	green	6	(80, 0)	(40, 69)	(-39, 69)	(-80, 0)	(-40, -69)	(40, -69)	diamond	none	same	right	right	N_dist	(-39, 69)	probe	l_norm	None	None	None	None	35	60	160	85	135	10	(-40, -69)	30	testing
6	dd	f	20	green	6	(80, 0)	(40, 69)	(-39, 69)	(-80, 0)	(-40, -69)	(40, -69)	circle	none	same	right	right	N_dist	(-40, -69)	search	nr	True	475743	476564	right	10	110	60	135	160	35	None	None	testing
6	dd	f	20	green	6	(80, 0)	(40, 69)	(-39, 69)	(-80, 0)	(-40, -69)	(40, -69)	circle	green	same	left	left	(40, -69)	(-40, -69)	search	nr	True	477680	479188	left	35	160	60	10	110	85	None	None	testing
6	dd	f	20	green	6	(80, 0)	(40, 69)	(-39, 69)	(-80, 0)	(-40, -69)	(40, -69)	circle	green	dif	right	right	(40, -69)	(-80, 0)	search	nr	True	480268	481332	right	160	135	10	110	60	35	None	None	testing
6	dd	f	20	green	6	(80, 0)	(40, 69)	(-39, 69)	(-80, 0)	(-40, -69)	(40, -69)	circle	none	dif	right	right	N_dist	(-40, -69)	probe	h_norm	None	None	None	None	135	10	110	85	35	160	(40, -69)	39	testing
6	dd	f	20	green	6	(80, 0)	(40, 69)	(-39, 69)	(-80, 0)	(-40, -69)	(40, -69)	circle	none	same	right	right	N_dist	(-40, -69)	probe	l_norm	None	None	None	None	85	135	35	60	160	110	(-80, 0)	165	testing
6	dd	f	20	green	6	(80, 0)	(40, 69)	(-39, 69)	(-80, 0)	(-40, -69)	(40, -69)	diamond	green	dif	right	right	(40, -69)	(-80, 0)	probe	norm	None	None	None	None	85	110	60	135	10	35	(-40, -69)	142	testing
6	dd	f	20	green	6	(80, 0)	(40, 69)	(-39, 69)	(-80, 0)	(-40, -69)	(40, -69)	circle	green	dif	left	left	(40, -69)	(-39, 69)	search	nr	True	496915	497635	left	110	60	35	160	10	85	None	None	testing
6	dd	f	20	green	6	(80, 0)	(40, 69)	(-39, 69)	(-80, 0)	(-40, -69)	(40, -69)	circle	green	dif	right	right	(-39, 69)	(-40, -69)	search	nr	True	498769	499492	right	35	160	10	135	60	110	None	None	testing
6	dd	f	20	green	6	(80, 0)	(40, 69)	(-39, 69)	(-80, 0)	(-40, -69)	(40, -69)	diamond	green	dif	right	right	(-39, 69)	(80, 0)	probe	tar	None	None	None	None	135	160	85	35	60	110	(80, 0)	22	testing
6	dd	f	20	green	6	(80, 0)	(40, 69)	(-39, 69)	(-80, 0)	(-40, -69)	(40, -69)	diamond	none	dif	right	right	N_dist	(40, 69)	search	nr	True	504830	505556	right	135	35	160	10	85	110	None	None	testing
6	dd	f	20	green	6	(80, 0)	(40, 69)	(-39, 69)	(-80, 0)	(-40, -69)	(40, -69)	diamond	green	dif	left	left	(40, -69)	(-80, 0)	search	nr	True	506784	507716	left	10	60	110	35	160	85	None	None	testing
6	dd	f	20	green	6	(80, 0)	(40, 69)	(-39, 69)	(-80, 0)	(-40, -69)	(40, -69)	circle	green	same	left	left	(40, -69)	(-39, 69)	search	nr	True	508920	509701	left	85	110	160	135	10	60	None	None	testing
6	dd	f	20	green	6	(80, 0)	(40, 69)	(-39, 69)	(-80, 0)	(-40, -69)	(40, -69)	diamond	none	dif	right	right	N_dist	(80, 0)	search	nr	True	510841	511573	right	110	60	35	85	135	160	None	None	testing
6	dd	f	20	green	6	(80, 0)	(40, 69)	(-39, 69)	(-80, 0)	(-40, -69)	(40, -69)	circle	green	same	left	left	(40, -69)	(-39, 69)	search	nr	True	512644	513428	left	110	35	135	85	160	60	None	None	testing
6	dd	f	20	green	6	(80, 0)	(40, 69)	(-39, 69)	(-80, 0)	(-40, -69)	(40, -69)	diamond	green	same	left	left	(40, -69)	(-40, -69)	search	nr	True	514531	515252	left	110	135	35	160	10	85	None	None	testing
6	dd	f	20	green	6	(80, 0)	(40, 69)	(-39, 69)	(-80, 0)	(-40, -69)	(40, -69)	diamond	green	dif	left	left	(40, -69)	(-80, 0)	search	nr	True	516368	517077	left	110	135	60	35	160	10	None	None	testing
6	dd	f	20	green	6	(80, 0)	(40, 69)	(-39, 69)	(-80, 0)	(-40, -69)	(40, -69)	circle	none	dif	left	left	N_dist	(40, 69)	search	nr	True	518155	519284	left	110	85	60	35	135	10	None	None	testing
6	dd	f	20	green	6	(80, 0)	(40, 69)	(-39, 69)	(-80, 0)	(-40, -69)	(40, -69)	diamond	none	dif	left	left	N_dist	(-80, 0)	search	nr	True	520592	521620	left	160	10	60	85	135	110	None	None	testing
6	dd	f	20	green	6	(80, 0)	(40, 69)	(-39, 69)	(-80, 0)	(-40, -69)	(40, -69)	diamond	green	same	left	left	(-40, -69)	(40, 69)	search	nr	True	522896	523909	left	35	135	10	85	160	110	None	None	testing
6	dd	f	20	green	6	(80, 0)	(40, 69)	(-39, 69)	(-80, 0)	(-40, -69)	(40, -69)	circle	none	same	right	right	N_dist	(80, 0)	probe	h_norm	None	None	None	None	110	60	35	135	10	85	(40, -69)	166	testing
6	dd	f	20	green	6	(80, 0)	(40, 69)	(-39, 69)	(-80, 0)	(-40, -69)	(40, -69)	diamond	none	dif	right	right	N_dist	(40, -69)	search	nr	True	528774	529573	right	160	110	85	10	35	60	None	None	testing
6	dd	f	20	green	6	(80, 0)	(40, 69)	(-39, 69)	(-80, 0)	(-40, -69)	(40, -69)	diamond	green	dif	right	right	(40, -69)	(-80, 0)	search	nr	True	530727	531892	right	85	110	60	10	160	35	None	None	testing
6	dd	f	20	green	6	(80, 0)	(40, 69)	(-39, 69)	(-80, 0)	(-40, -69)	(40, -69)	diamond	green	same	right	right	(-39, 69)	(-40, -69)	search	nr	True	533115	534405	right	85	135	10	110	35	160	None	None	testing
6	dd	f	20	green	6	(80, 0)	(40, 69)	(-39, 69)	(-80, 0)	(-40, -69)	(40, -69)	circle	green	same	right	right	(40, -69)	(-40, -69)	search	nr	True	535570	536661	right	135	85	10	60	35	110	None	None	testing
6	dd	f	20	green	6	(80, 0)	(40, 69)	(-39, 69)	(-80, 0)	(-40, -69)	(40, -69)	diamond	green	same	right	right	(40, -69)	(80, 0)	search	nr	True	537774	538740	right	110	10	85	35	160	135	None	None	testing
6	dd	f	20	green	6	(80, 0)	(40, 69)	(-39, 69)	(-80, 0)	(-40, -69)	(40, -69)	diamond	green	dif	right	right	(40, -69)	(-80, 0)	search	nr	True	539894	540980	right	110	10	160	135	35	85	None	None	testing
6	dd	f	20	green	6	(80, 0)	(40, 69)	(-39, 69)	(-80, 0)	(-40, -69)	(40, -69)	circle	green	same	right	right	(-40, -69)	(80, 0)	search	nr	True	542098	542900	right	85	35	110	135	160	10	None	None	testing
6	dd	f	20	green	6	(80, 0)	(40, 69)	(-39, 69)	(-80, 0)	(-40, -69)	(40, -69)	circle	green	same	right	right	(80, 0)	(-39, 69)	search	nr	True	544186	545285	right	60	10	85	35	110	135	None	None	testing
6	dd	f	20	green	6	(80, 0)	(40, 69)	(-39, 69)	(-80, 0)	(-40, -69)	(40, -69)	diamond	none	same	right	right	N_dist	(40, -69)	search	nr	True	546407	547652	right	110	60	10	160	135	35	None	None	testing
6	dd	f	20	green	6	(80, 0)	(40, 69)	(-39, 69)	(-80, 0)	(-40, -69)	(40, -69)	diamond	green	same	left	left	(40, -69)	(40, 69)	search	nr	True	548877	549940	left	85	35	60	110	10	160	None	None	testing
6	dd	f	20	green	6	(80, 0)	(40, 69)	(-39, 69)	(-80, 0)	(-40, -69)	(40, -69)	diamond	none	same	right	right	N_dist	(-40, -69)	probe	l_norm	None	None	None	None	85	10	60	35	160	110	(80, 0)	173	testing
6	dd	f	20	green	6	(80, 0)	(40, 69)	(-39, 69)	(-80, 0)	(-40, -69)	(40, -69)	diamond	none	same	left	left	N_dist	(40, 69)	probe	l_tar	None	None	None	None	160	35	135	85	110	60	(40, 69)	156	testing
6	dd	f	20	green	6	(80, 0)	(40, 69)	(-39, 69)	(-80, 0)	(-40, -69)	(40, -69)	diamond	none	dif	right	right	N_dist	(80, 0)	search	nr	True	559213	559972	right	135	110	85	10	60	160	None	None	testing
6	dd	f	20	green	6	(80, 0)	(40, 69)	(-39, 69)	(-80, 0)	(-40, -69)	(40, -69)	circle	none	same	left	left	N_dist	(40, -69)	search	nr	True	561201	562068	left	10	35	85	160	135	110	None	None	testing
6	dd	f	20	green	6	(80, 0)	(40, 69)	(-39, 69)	(-80, 0)	(-40, -69)	(40, -69)	diamond	none	dif	right	right	N_dist	(-39, 69)	search	nr	True	563337	564100	right	60	10	160	110	135	85	None	None	testing
6	dd	f	20	green	6	(80, 0)	(40, 69)	(-39, 69)	(-80, 0)	(-40, -69)	(40, -69)	circle	green	dif	right	right	(40, -69)	(80, 0)	search	nr	True	565308	566564	right	10	110	60	135	35	160	None	None	testing
6	dd	f	20	green	6	(80, 0)	(40, 69)	(-39, 69)	(-80, 0)	(-40, -69)	(40, -69)	diamond	none	same	left	left	N_dist	(-80, 0)	search	nr	True	567779	568533	left	35	160	10	85	135	110	None	None	testing
6	dd	f	20	green	6	(80, 0)	(40, 69)	(-39, 69)	(-80, 0)	(-40, -69)	(40, -69)	circle	green	same	left	left	(-80, 0)	(80, 0)	search	nr	True	569649	570453	left	85	135	110	35	10	160	None	None	testing
6	dd	f	20	green	6	(80, 0)	(40, 69)	(-39, 69)	(-80, 0)	(-40, -69)	(40, -69)	circle	none	dif	left	left	N_dist	(-80, 0)	search	nr	True	571536	572452	left	160	60	135	85	35	110	None	None	testing
6	dd	f	20	green	6	(80, 0)	(40, 69)	(-39, 69)	(-80, 0)	(-40, -69)	(40, -69)	diamond	none	dif	right	right	N_dist	(-39, 69)	probe	h_norm	None	None	None	None	35	60	85	10	160	135	(40, -69)	20	testing
6	dd	f	20	green	6	(80, 0)	(40, 69)	(-39, 69)	(-80, 0)	(-40, -69)	(40, -69)	diamond	none	dif	left	left	N_dist	(-40, -69)	search	nr	True	577647	578436	left	35	10	135	85	160	60	None	None	testing
6	dd	f	20	green	6	(80, 0)	(40, 69)	(-39, 69)	(-80, 0)	(-40, -69)	(40, -69)	diamond	green	dif	right	right	(40, -69)	(-40, -69)	search	nr	True	579717	580548	right	10	85	160	60	110	35	None	None	testing
6	dd	f	20	green	6	(80, 0)	(40, 69)	(-39, 69)	(-80, 0)	(-40, -69)	(40, -69)	circle	green	dif	right	right	(40, -69)	(40, 69)	probe	h_sin	None	None	None	None	85	160	135	110	60	35	(40, -69)	160	testing
6	dd	f	20	green	6	(80, 0)	(40, 69)	(-39, 69)	(-80, 0)	(-40, -69)	(40, -69)	diamond	green	same	left	left	(40, -69)	(40, 69)	probe	h_sin	None	None	None	None	110	85	135	160	10	35	(40, -69)	143	testing
6	dd	f	20	green	6	(80, 0)	(40, 69)	(-39, 69)	(-80, 0)	(-40, -69)	(40, -69)	circle	green	same	right	right	(80, 0)	(-39, 69)	search	nr	True	591255	592052	right	110	10	60	85	160	135	None	None	testing
6	dd	f	20	green	6	(80, 0)	(40, 69)	(-39, 69)	(-80, 0)	(-40, -69)	(40, -69)	diamond	green	same	right	right	(40, -69)	(40, 69)	search	nr	True	593292	594245	right	135	85	110	35	10	60	None	None	testing
6	dd	f	20	green	6	(80, 0)	(40, 69)	(-39, 69)	(-80, 0)	(-40, -69)	(40, -69)	circle	none	same	right	right	N_dist	(80, 0)	search	nr	True	595346	596116	right	60	10	160	85	35	110	None	None	testing
6	dd	f	20	green	6	(80, 0)	(40, 69)	(-39, 69)	(-80, 0)	(-40, -69)	(40, -69)	circle	green	same	right	right	(-80, 0)	(-40, -69)	search	nr	True	597400	598484	right	110	85	135	160	60	35	None	None	testing
6	dd	f	20	green	6	(80, 0)	(40, 69)	(-39, 69)	(-80, 0)	(-40, -69)	(40, -69)	circle	green	dif	right	right	(40, 69)	(-40, -69)	search	nr	True	599705	600676	right	110	60	10	85	160	35	None	None	testing
6	dd	f	20	green	6	(80, 0)	(40, 69)	(-39, 69)	(-80, 0)	(-40, -69)	(40, -69)	circle	green	dif	left	left	(80, 0)	(-80, 0)	search	nr	True	601808	602580	left	10	85	110	135	60	160	None	None	testing
6	dd	f	20	green	6	(80, 0)	(40, 69)	(-39, 69)	(-80, 0)	(-40, -69)	(40, -69)	circle	none	same	left	left	N_dist	(-80, 0)	probe	l_norm	None	None	None	None	160	135	85	35	110	10	(40, 69)	24	testing
6	dd	f	20	green	6	(80, 0)	(40, 69)	(-39, 69)	(-80, 0)	(-40, -69)	(40, -69)	diamond	green	dif	left	left	(40, -69)	(-80, 0)	search	nr	True	607519	608292	left	10	110	35	60	160	85	None	None	testing
6	dd	f	20	green	6	(80, 0)	(40, 69)	(-39, 69)	(-80, 0)	(-40, -69)	(40, -69)	diamond	green	dif	right	right	(-80, 0)	(80, 0)	search	nr	True	609589	610388	right	10	135	85	35	60	110	None	None	testing
6	dd	f	20	green	6	(80, 0)	(40, 69)	(-39, 69)	(-80, 0)	(-40, -69)	(40, -69)	circle	green	dif	right	right	(40, -69)	(80, 0)	search	nr	True	611476	612245	right	160	135	85	10	35	110	None	None	testing
6	dd	f	20	green	6	(80, 0)	(40, 69)	(-39, 69)	(-80, 0)	(-40, -69)	(40, -69)	circle	none	dif	right	right	N_dist	(40, -69)	search	nr	True	613480	614484	right	35	10	110	60	85	135	None	None	testing
6	dd	f	20	green	6	(80, 0)	(40, 69)	(-39, 69)	(-80, 0)	(-40, -69)	(40, -69)	diamond	none	dif	right	right	N_dist	(40, -69)	probe	h_tar	None	None	None	None	10	85	160	110	60	135	(40, -69)	19	testing
6	dd	f	20	green	6	(80, 0)	(40, 69)	(-39, 69)	(-80, 0)	(-40, -69)	(40, -69)	diamond	none	same	right	right	N_dist	(80, 0)	search	nr	True	619074	619812	right	60	110	10	135	35	85	None	None	testing
6	dd	f	20	green	6	(80, 0)	(40, 69)	(-39, 69)	(-80, 0)	(-40, -69)	(40, -69)	diamond	none	dif	right	right	N_dist	(40, 69)	probe	l_tar	None	None	None	None	110	60	35	10	85	135	(40, 69)	163	testing
6	dd	f	20	green	6	(80, 0)	(40, 69)	(-39, 69)	(-80, 0)	(-40, -69)	(40, -69)	circle	green	dif	right	right	(40, -69)	(-80, 0)	probe	h_sin	None	None	None	None	35	135	160	110	60	10	(40, -69)	138	testing
6	dd	f	20	green	6	(80, 0)	(40, 69)	(-39, 69)	(-80, 0)	(-40, -69)	(40, -69)	diamond	none	dif	right	right	N_dist	(80, 0)	probe	h_norm	None	None	None	None	10	35	60	160	135	110	(40, -69)	10	testing
6	dd	f	20	green	6	(80, 0)	(40, 69)	(-39, 69)	(-80, 0)	(-40, -69)	(40, -69)	diamond	green	dif	left	left	(80, 0)	(-40, -69)	probe	l_sin	None	None	None	None	85	60	35	110	160	10	(80, 0)	4	testing
6	dd	f	20	green	6	(80, 0)	(40, 69)	(-39, 69)	(-80, 0)	(-40, -69)	(40, -69)	diamond	green	dif	right	right	(-80, 0)	(80, 0)	search	nr	True	636555	637396	right	85	10	35	60	110	135	None	None	testing
6	dd	f	20	green	6	(80, 0)	(40, 69)	(-39, 69)	(-80, 0)	(-40, -69)	(40, -69)	circle	green	dif	right	right	(40, -69)	(80, 0)	probe	tar	None	None	None	None	110	135	160	10	60	85	(80, 0)	19	testing
6	dd	f	20	green	6	(80, 0)	(40, 69)	(-39, 69)	(-80, 0)	(-40, -69)	(40, -69)	circle	green	dif	right	right	(80, 0)	(-80, 0)	search	nr	True	642015	644037	right	160	60	110	135	85	35	None	None	testing
6	dd	f	20	green	6	(80, 0)	(40, 69)	(-39, 69)	(-80, 0)	(-40, -69)	(40, -69)	diamond	green	same	left	left	(40, -69)	(-39, 69)	search	nr	True	645322	646373	left	60	35	10	135	110	160	None	None	testing
6	dd	f	20	green	6	(80, 0)	(40, 69)	(-39, 69)	(-80, 0)	(-40, -69)	(40, -69)	diamond	green	dif	right	right	(40, -69)	(-39, 69)	search	nr	True	647576	648468	right	160	60	85	35	110	10	None	None	testing
6	dd	f	20	green	6	(80, 0)	(40, 69)	(-39, 69)	(-80, 0)	(-40, -69)	(40, -69)	circle	green	dif	left	left	(40, -69)	(-80, 0)	search	nr	True	649730	650869	left	35	135	85	110	160	10	None	None	testing
6	dd	f	20	green	6	(80, 0)	(40, 69)	(-39, 69)	(-80, 0)	(-40, -69)	(40, -69)	diamond	green	same	right	right	(40, -69)	(80, 0)	search	nr	True	651934	653140	right	35	135	110	160	10	85	None	None	testing
6	dd	f	20	green	6	(80, 0)	(40, 69)	(-39, 69)	(-80, 0)	(-40, -69)	(40, -69)	diamond	green	same	right	right	(-39, 69)	(-40, -69)	search	nr	True	654288	655636	right	110	85	60	135	160	10	None	None	testing
6	dd	f	20	green	6	(80, 0)	(40, 69)	(-39, 69)	(-80, 0)	(-40, -69)	(40, -69)	circle	green	dif	left	left	(40, -69)	(-80, 0)	probe	tar	None	None	None	None	160	135	85	60	35	10	(-80, 0)	167	testing
6	dd	f	20	green	6	(80, 0)	(40, 69)	(-39, 69)	(-80, 0)	(-40, -69)	(40, -69)	circle	none	same	left	left	N_dist	(80, 0)	search	nr	True	660733	661716	left	35	110	135	85	10	60	None	None	testing
6	dd	f	20	green	6	(80, 0)	(40, 69)	(-39, 69)	(-80, 0)	(-40, -69)	(40, -69)	circle	none	same	left	left	N_dist	(-80, 0)	search	nr	True	662988	663844	left	85	135	10	60	110	35	None	None	testing
6	dd	f	20	green	6	(80, 0)	(40, 69)	(-39, 69)	(-80, 0)	(-40, -69)	(40, -69)	diamond	green	same	right	right	(40, -69)	(40, 69)	probe	h_sin	None	None	None	None	135	35	160	10	60	85	(40, -69)	24	testing
6	dd	f	20	green	6	(80, 0)	(40, 69)	(-39, 69)	(-80, 0)	(-40, -69)	(40, -69)	diamond	green	same	left	left	(-39, 69)	(40, 69)	search	nr	True	669065	669828	left	110	135	35	10	160	85	None	None	testing
6	dd	f	20	green	6	(80, 0)	(40, 69)	(-39, 69)	(-80, 0)	(-40, -69)	(40, -69)	circle	none	same	right	right	N_dist	(-40, -69)	search	nr	True	671019	671732	right	35	160	110	85	60	135	None	None	testing
6	dd	f	20	green	6	(80, 0)	(40, 69)	(-39, 69)	(-80, 0)	(-40, -69)	(40, -69)	circle	green	dif	right	right	(40, -69)	(80, 0)	search	nr	True	673005	673700	right	85	35	160	135	110	10	None	None	testing
6	dd	f	20	green	6	(80, 0)	(40, 69)	(-39, 69)	(-80, 0)	(-40, -69)	(40, -69)	diamond	green	dif	right	right	(40, -69)	(-39, 69)	probe	h_sin	None	None	None	None	110	60	10	160	135	85	(40, -69)	16	testing
6	dd	f	20	green	6	(80, 0)	(40, 69)	(-39, 69)	(-80, 0)	(-40, -69)	(40, -69)	diamond	none	same	left	left	N_dist	(40, 69)	search	nr	True	678248	678997	left	160	35	10	110	135	60	None	None	testing
6	dd	f	20	green	6	(80, 0)	(40, 69)	(-39, 69)	(-80, 0)	(-40, -69)	(40, -69)	diamond	none	dif	right	right	N_dist	(40, -69)	search	nr	True	680169	680884	right	160	135	110	10	35	85	None	None	testing
6	dd	f	20	green	6	(80, 0)	(40, 69)	(-39, 69)	(-80, 0)	(-40, -69)	(40, -69)	diamond	green	same	right	right	(40, 69)	(-80, 0)	search	nr	True	682089	683059	right	160	85	110	35	10	135	None	None	testing
6	dd	f	20	green	6	(80, 0)	(40, 69)	(-39, 69)	(-80, 0)	(-40, -69)	(40, -69)	diamond	green	dif	left	left	(40, -69)	(-39, 69)	search	nr	True	684176	684916	left	10	160	110	135	35	60	None	None	testing
6	dd	f	20	green	6	(80, 0)	(40, 69)	(-39, 69)	(-80, 0)	(-40, -69)	(40, -69)	diamond	green	same	right	right	(-39, 69)	(-40, -69)	search	nr	True	686063	686869	right	85	135	35	60	10	110	None	None	testing
6	dd	f	20	green	6	(80, 0)	(40, 69)	(-39, 69)	(-80, 0)	(-40, -69)	(40, -69)	circle	none	same	left	left	N_dist	(40, 69)	probe	l_tar	None	None	None	None	85	110	10	35	160	60	(40, 69)	19	testing
6	dd	f	20	green	6	(80, 0)	(40, 69)	(-39, 69)	(-80, 0)	(-40, -69)	(40, -69)	circle	green	same	left	left	(-80, 0)	(80, 0)	probe	l_sin	None	None	None	None	10	135	85	110	160	60	(-80, 0)	6	testing
6	dd	f	20	green	6	(80, 0)	(40, 69)	(-39, 69)	(-80, 0)	(-40, -69)	(40, -69)	diamond	green	dif	left	left	(40, -69)	(40, 69)	probe	norm	None	None	None	None	35	110	85	60	10	160	(-80, 0)	168	testing
6	dd	f	20	green	6	(80, 0)	(40, 69)	(-39, 69)	(-80, 0)	(-40, -69)	(40, -69)	diamond	green	same	right	right	(40, -69)	(80, 0)	search	nr	True	699220	700100	right	110	160	60	135	85	35	None	None	testing
6	dd	f	20	green	6	(80, 0)	(40, 69)	(-39, 69)	(-80, 0)	(-40, -69)	(40, -69)	circle	green	dif	left	left	(-40, -69)	(40, 69)	search	nr	True	701275	702037	left	110	135	160	60	35	85	None	None	testing
6	dd	f	20	green	6	(80, 0)	(40, 69)	(-39, 69)	(-80, 0)	(-40, -69)	(40, -69)	circle	none	dif	right	right	N_dist	(-40, -69)	search	nr	True	703294	704052	right	160	110	60	85	135	10	None	None	testing
6	dd	f	20	green	6	(80, 0)	(40, 69)	(-39, 69)	(-80, 0)	(-40, -69)	(40, -69)	diamond	green	same	left	left	(40, 69)	(-80, 0)	search	nr	True	705315	706165	left	60	35	10	110	160	135	None	None	testing
6	dd	f	20	green	6	(80, 0)	(40, 69)	(-39, 69)	(-80, 0)	(-40, -69)	(40, -69)	circle	green	same	right	right	(40, -69)	(80, 0)	probe	norm	None	None	None	None	35	85	60	160	110	135	(40, 69)	11	testing
6	dd	f	20	green	6	(80, 0)	(40, 69)	(-39, 69)	(-80, 0)	(-40, -69)	(40, -69)	diamond	none	dif	left	left	N_dist	(-80, 0)	probe	l_tar	None	None	None	None	60	135	10	110	85	35	(-80, 0)	4	testing
6	dd	f	20	green	6	(80, 0)	(40, 69)	(-39, 69)	(-80, 0)	(-40, -69)	(40, -69)	circle	green	same	left	left	(80, 0)	(-40, -69)	search	nr	True	714465	715572	left	60	160	135	85	110	10	None	None	testing
6	dd	f	20	green	6	(80, 0)	(40, 69)	(-39, 69)	(-80, 0)	(-40, -69)	(40, -69)	circle	green	same	right	right	(40, -69)	(-40, -69)	probe	h_sin	None	None	None	None	35	110	10	160	135	85	(40, -69)	1	testing
6	dd	f	20	green	6	(80, 0)	(40, 69)	(-39, 69)	(-80, 0)	(-40, -69)	(40, -69)	diamond	none	dif	left	left	N_dist	(-39, 69)	probe	l_norm	None	None	None	None	160	85	10	110	60	135	(40, 69)	177	testing
6	dd	f	20	green	6	(80, 0)	(40, 69)	(-39, 69)	(-80, 0)	(-40, -69)	(40, -69)	circle	green	dif	right	right	(-39, 69)	(-40, -69)	probe	tar	None	None	None	None	60	135	10	35	85	160	(-40, -69)	177	testing
6	dd	f	20	green	6	(80, 0)	(40, 69)	(-39, 69)	(-80, 0)	(-40, -69)	(40, -69)	circle	none	same	left	left	N_dist	(-80, 0)	search	nr	True	727389	728180	left	110	10	160	135	35	60	None	None	testing
6	dd	f	20	green	6	(80, 0)	(40, 69)	(-39, 69)	(-80, 0)	(-40, -69)	(40, -69)	diamond	green	dif	left	left	(40, -69)	(-80, 0)	probe	tar	None	None	None	None	85	35	135	10	60	110	(-80, 0)	62	testing
6	dd	f	20	green	6	(80, 0)	(40, 69)	(-39, 69)	(-80, 0)	(-40, -69)	(40, -69)	circle	none	dif	left	left	N_dist	(40, -69)	probe	h_tar	None	None	None	None	110	85	35	135	10	60	(40, -69)	172	testing
6	dd	f	20	green	6	(80, 0)	(40, 69)	(-39, 69)	(-80, 0)	(-40, -69)	(40, -69)	circle	green	same	right	right	(-80, 0)	(-40, -69)	probe	l_sin	None	None	None	None	160	60	35	110	10	85	(-80, 0)	5	testing
6	dd	f	20	green	6	(80, 0)	(40, 69)	(-39, 69)	(-80, 0)	(-40, -69)	(40, -69)	circle	green	dif	left	left	(-40, -69)	(40, 69)	probe	norm	None	None	None	None	135	60	110	35	10	85	(40, -69)	6	testing
6	dd	f	20	green	6	(80, 0)	(40, 69)	(-39, 69)	(-80, 0)	(-40, -69)	(40, -69)	diamond	none	dif	left	left	N_dist	(-80, 0)	search	nr	True	747709	748612	left	60	135	10	35	85	110	None	None	testing
6	dd	f	20	green	6	(80, 0)	(40, 69)	(-39, 69)	(-80, 0)	(-40, -69)	(40, -69)	diamond	green	dif	left	left	(40, -69)	(-80, 0)	search	nr	True	749864	750564	left	110	35	60	135	10	160	None	None	testing
6	dd	f	20	green	6	(80, 0)	(40, 69)	(-39, 69)	(-80, 0)	(-40, -69)	(40, -69)	circle	green	same	left	left	(40, -69)	(-40, -69)	search	nr	True	751684	752772	left	135	110	10	85	35	60	None	None	testing
6	dd	f	20	green	6	(80, 0)	(40, 69)	(-39, 69)	(-80, 0)	(-40, -69)	(40, -69)	diamond	none	same	left	left	N_dist	(80, 0)	probe	h_norm	None	None	None	None	135	160	110	85	10	60	(40, -69)	174	testing
6	dd	f	20	green	6	(80, 0)	(40, 69)	(-39, 69)	(-80, 0)	(-40, -69)	(40, -69)	diamond	green	same	right	right	(40, -69)	(40, 69)	search	nr	True	757645	758548	right	10	160	60	135	110	35	None	None	testing
6	dd	f	20	green	6	(80, 0)	(40, 69)	(-39, 69)	(-80, 0)	(-40, -69)	(40, -69)	circle	green	same	right	right	(40, -69)	(-40, -69)	probe	norm	None	None	None	None	85	135	160	60	10	110	(40, 69)	39	testing
6	dd	f	20	green	6	(80, 0)	(40, 69)	(-39, 69)	(-80, 0)	(-40, -69)	(40, -69)	circle	green	dif	right	right	(40, -69)	(-80, 0)	search	nr	True	764056	764836	right	135	85	60	10	110	35	None	None	testing
6	dd	f	20	green	6	(80, 0)	(40, 69)	(-39, 69)	(-80, 0)	(-40, -69)	(40, -69)	diamond	green	same	right	right	(-39, 69)	(-80, 0)	probe	norm	None	None	None	None	85	160	110	135	35	10	(40, 69)	36	testing
6	dd	f	20	green	6	(80, 0)	(40, 69)	(-39, 69)	(-80, 0)	(-40, -69)	(40, -69)	diamond	green	same	right	right	(40, -69)	(80, 0)	probe	norm	None	None	None	None	160	60	110	35	10	135	(-80, 0)	170	testing
6	dd	f	20	green	6	(80, 0)	(40, 69)	(-39, 69)	(-80, 0)	(-40, -69)	(40, -69)	diamond	green	same	left	left	(40, 69)	(-80, 0)	probe	l_sin	None	None	None	None	60	110	135	160	85	10	(40, 69)	22	testing
6	dd	f	20	green	6	(80, 0)	(40, 69)	(-39, 69)	(-80, 0)	(-40, -69)	(40, -69)	diamond	green	same	left	left	(-80, 0)	(40, 69)	search	nr	True	777114	777829	left	135	160	10	35	85	60	None	None	testing
6	dd	f	20	green	6	(80, 0)	(40, 69)	(-39, 69)	(-80, 0)	(-40, -69)	(40, -69)	diamond	green	dif	right	right	(40, -69)	(80, 0)	search	nr	True	779051	779748	right	10	135	35	110	160	60	None	None	testing
6	dd	f	20	green	6	(80, 0)	(40, 69)	(-39, 69)	(-80, 0)	(-40, -69)	(40, -69)	diamond	green	dif	right	right	(40, -69)	(-39, 69)	search	nr	True	780871	781636	right	110	135	85	60	10	35	None	None	testing
6	dd	f	20	green	6	(80, 0)	(40, 69)	(-39, 69)	(-80, 0)	(-40, -69)	(40, -69)	diamond	green	dif	right	right	(-80, 0)	(80, 0)	search	nr	True	782707	783332	right	10	85	35	60	110	160	None	None	testing
6	dd	f	20	green	6	(80, 0)	(40, 69)	(-39, 69)	(-80, 0)	(-40, -69)	(40, -69)	diamond	green	same	right	right	(40, -69)	(40, 69)	probe	norm	None	None	None	None	85	60	110	160	135	35	(-40, -69)	24	testing
6	dd	f	20	green	6	(80, 0)	(40, 69)	(-39, 69)	(-80, 0)	(-40, -69)	(40, -69)	circle	green	dif	right	right	(80, 0)	(-80, 0)	probe	tar	None	None	None	None	110	85	60	160	35	10	(-80, 0)	31	testing
6	dd	f	20	green	6	(80, 0)	(40, 69)	(-39, 69)	(-80, 0)	(-40, -69)	(40, -69)	circle	none	dif	right	right	N_dist	(-40, -69)	search	nr	True	793677	794548	right	10	85	110	35	60	160	None	None	testing
6	dd	f	20	green	6	(80, 0)	(40, 69)	(-39, 69)	(-80, 0)	(-40, -69)	(40, -69)	diamond	none	dif	right	right	N_dist	(40, 69)	search	nr	True	795732	796500	right	85	160	35	135	60	110	None	None	testing
6	dd	f	20	green	6	(80, 0)	(40, 69)	(-39, 69)	(-80, 0)	(-40, -69)	(40, -69)	circle	green	dif	right	right	(40, -69)	(80, 0)	probe	h_sin	None	None	None	None	110	60	135	85	35	160	(40, -69)	30	testing
6	dd	f	20	green	6	(80, 0)	(40, 69)	(-39, 69)	(-80, 0)	(-40, -69)	(40, -69)	diamond	green	dif	right	right	(40, -69)	(-39, 69)	search	nr	True	802578	803348	right	110	85	10	135	60	35	None	None	testing
6	dd	f	20	green	6	(80, 0)	(40, 69)	(-39, 69)	(-80, 0)	(-40, -69)	(40, -69)	circle	green	same	left	left	(-80, 0)	(80, 0)	search	nr	True	804415	805332	left	135	160	85	60	110	10	None	None	testing
6	dd	f	20	green	6	(80, 0)	(40, 69)	(-39, 69)	(-80, 0)	(-40, -69)	(40, -69)	circle	none	dif	left	left	N_dist	(-80, 0)	search	nr	True	806551	807379	left	85	10	110	35	135	60	None	None	testing
6	dd	f	20	green	6	(80, 0)	(40, 69)	(-39, 69)	(-80, 0)	(-40, -69)	(40, -69)	diamond	none	dif	left	left	N_dist	(40, 69)	search	nr	True	808638	809460	left	10	35	135	110	60	85	None	None	testing
6	dd	f	20	green	6	(80, 0)	(40, 69)	(-39, 69)	(-80, 0)	(-40, -69)	(40, -69)	diamond	none	dif	left	left	N_dist	(-80, 0)	search	nr	True	810692	811412	left	85	110	35	60	10	160	None	None	testing
6	dd	f	20	green	6	(80, 0)	(40, 69)	(-39, 69)	(-80, 0)	(-40, -69)	(40, -69)	circle	green	same	right	right	(40, -69)	(-80, 0)	search	nr	True	812562	813652	right	60	135	35	110	160	85	None	None	testing
6	dd	f	20	green	6	(80, 0)	(40, 69)	(-39, 69)	(-80, 0)	(-40, -69)	(40, -69)	circle	green	same	left	left	(40, -69)	(40, 69)	probe	tar	None	None	None	None	135	10	110	85	160	35	(40, 69)	143	testing
6	dd	f	20	green	6	(80, 0)	(40, 69)	(-39, 69)	(-80, 0)	(-40, -69)	(40, -69)	diamond	none	same	right	right	N_dist	(40, -69)	probe	h_tar	None	None	None	None	85	110	10	135	160	35	(40, -69)	150	testing
6	dd	f	20	green	6	(80, 0)	(40, 69)	(-39, 69)	(-80, 0)	(-40, -69)	(40, -69)	diamond	green	same	left	left	(40, -69)	(40, 69)	search	nr	True	823883	825060	left	10	135	160	35	110	60	None	None	testing
6	dd	f	20	green	6	(80, 0)	(40, 69)	(-39, 69)	(-80, 0)	(-40, -69)	(40, -69)	diamond	green	dif	right	right	(40, -69)	(-80, 0)	search	nr	True	826304	827012	right	85	35	160	60	10	110	None	None	testing
6	dd	f	20	green	6	(80, 0)	(40, 69)	(-39, 69)	(-80, 0)	(-40, -69)	(40, -69)	circle	none	dif	right	right	N_dist	(-40, -69)	search	nr	True	828075	828868	right	110	35	135	160	10	60	None	None	testing
6	dd	f	20	green	6	(80, 0)	(40, 69)	(-39, 69)	(-80, 0)	(-40, -69)	(40, -69)	diamond	green	dif	left	left	(40, -69)	(-40, -69)	probe	h_sin	None	None	None	None	60	10	135	110	160	35	(40, -69)	150	testing
6	dd	f	20	green	6	(80, 0)	(40, 69)	(-39, 69)	(-80, 0)	(-40, -69)	(40, -69)	circle	none	dif	left	left	N_dist	(-39, 69)	search	nr	True	835221	836100	left	135	10	60	85	35	160	None	None	testing
6	dd	f	20	green	6	(80, 0)	(40, 69)	(-39, 69)	(-80, 0)	(-40, -69)	(40, -69)	circle	green	same	left	left	(40, -69)	(80, 0)	search	nr	True	837191	838292	left	35	10	135	160	85	60	None	None	testing
6	dd	f	20	green	6	(80, 0)	(40, 69)	(-39, 69)	(-80, 0)	(-40, -69)	(40, -69)	diamond	green	dif	left	left	(40, -69)	(-80, 0)	search	nr	True	839412	840228	left	85	135	10	160	60	35	None	None	testing
6	dd	f	20	green	6	(80, 0)	(40, 69)	(-39, 69)	(-80, 0)	(-40, -69)	(40, -69)	circle	none	dif	left	left	N_dist	(-80, 0)	probe	h_norm	None	None	None	None	10	60	135	85	160	35	(40, -69)	152	testing
6	dd	f	20	green	6	(80, 0)	(40, 69)	(-39, 69)	(-80, 0)	(-40, -69)	(40, -69)	circle	green	same	right	right	(-40, -69)	(80, 0)	probe	norm	None	None	None	None	10	60	135	110	85	160	(40, 69)	159	testing
6	dd	f	20	green	6	(80, 0)	(40, 69)	(-39, 69)	(-80, 0)	(-40, -69)	(40, -69)	circle	none	dif	right	right	N_dist	(40, -69)	probe	h_tar	None	None	None	None	160	10	110	135	85	60	(40, -69)	159	testing
6	dd	f	20	green	6	(80, 0)	(40, 69)	(-39, 69)	(-80, 0)	(-40, -69)	(40, -69)	circle	green	same	right	right	(80, 0)	(-39, 69)	probe	norm	None	None	None	None	135	160	35	85	10	60	(40, -69)	169	testing
6	dd	f	20	green	6	(80, 0)	(40, 69)	(-39, 69)	(-80, 0)	(-40, -69)	(40, -69)	circle	green	same	right	right	(40, -69)	(-80, 0)	search	nr	True	857061	857876	right	110	160	85	60	135	10	None	None	testing
6	dd	f	20	green	6	(80, 0)	(40, 69)	(-39, 69)	(-80, 0)	(-40, -69)	(40, -69)	circle	none	dif	left	left	N_dist	(80, 0)	search	nr	True	859031	859764	left	160	10	135	60	35	110	None	None	testing
6	dd	f	20	green	6	(80, 0)	(40, 69)	(-39, 69)	(-80, 0)	(-40, -69)	(40, -69)	circle	none	dif	right	right	N_dist	(40, 69)	search	nr	True	860901	861700	right	135	10	60	160	35	85	None	None	testing
6	dd	f	20	green	6	(80, 0)	(40, 69)	(-39, 69)	(-80, 0)	(-40, -69)	(40, -69)	diamond	green	dif	right	right	(-80, 0)	(80, 0)	probe	l_sin	None	None	None	None	135	110	160	35	60	85	(-80, 0)	161	testing
6	dd	f	20	green	6	(80, 0)	(40, 69)	(-39, 69)	(-80, 0)	(-40, -69)	(40, -69)	circle	green	dif	left	left	(80, 0)	(-80, 0)	probe	l_sin	None	None	None	None	35	110	10	160	60	135	(80, 0)	149	testing
6	dd	f	20	green	6	(80, 0)	(40, 69)	(-39, 69)	(-80, 0)	(-40, -69)	(40, -69)	diamond	green	dif	left	left	(40, -69)	(-80, 0)	search	nr	True	870636	871396	left	135	85	10	35	160	60	None	None	testing
6	dd	f	20	green	6	(80, 0)	(40, 69)	(-39, 69)	(-80, 0)	(-40, -69)	(40, -69)	circle	green	dif	left	left	(-40, -69)	(40, 69)	search	nr	True	872639	873348	left	35	10	60	135	110	160	None	None	testing
6	dd	f	20	green	6	(80, 0)	(40, 69)	(-39, 69)	(-80, 0)	(-40, -69)	(40, -69)	diamond	none	same	right	right	N_dist	(-40, -69)	search	nr	True	874526	875428	right	85	10	110	135	160	60	None	None	testing
6	dd	f	20	green	6	(80, 0)	(40, 69)	(-39, 69)	(-80, 0)	(-40, -69)	(40, -69)	circle	green	same	right	right	(-40, -69)	(80, 0)	search	nr	True	876630	877476	right	35	135	10	160	85	110	None	None	testing
6	dd	f	20	green	6	(80, 0)	(40, 69)	(-39, 69)	(-80, 0)	(-40, -69)	(40, -69)	circle	green	same	left	left	(40, -69)	(40, 69)	probe	h_sin	None	None	None	None	60	35	10	160	135	85	(40, -69)	19	testing
6	dd	f	20	green	6	(80, 0)	(40, 69)	(-39, 69)	(-80, 0)	(-40, -69)	(40, -69)	diamond	green	same	left	left	(-80, 0)	(40, 69)	search	nr	True	882391	883156	left	160	110	135	60	35	10	None	None	testing
6	dd	f	20	green	6	(80, 0)	(40, 69)	(-39, 69)	(-80, 0)	(-40, -69)	(40, -69)	diamond	none	same	left	left	N_dist	(80, 0)	search	nr	True	884394	885108	left	85	110	160	10	135	60	None	None	testing
6	dd	f	20	green	6	(80, 0)	(40, 69)	(-39, 69)	(-80, 0)	(-40, -69)	(40, -69)	circle	green	dif	left	left	(40, -69)	(-39, 69)	search	nr	True	886264	887187	left	60	110	85	35	160	10	None	None	testing
6	dd	f	20	green	6	(80, 0)	(40, 69)	(-39, 69)	(-80, 0)	(-40, -69)	(40, -69)	circle	green	dif	left	left	(40, -69)	(-39, 69)	search	nr	True	888352	889108	left	35	85	135	110	10	160	None	None	testing
6	dd	f	20	green	6	(80, 0)	(40, 69)	(-39, 69)	(-80, 0)	(-40, -69)	(40, -69)	circle	green	dif	left	left	(-40, -69)	(80, 0)	search	nr	True	890289	891236	left	110	85	35	10	160	60	None	None	testing
6	dd	f	20	green	6	(80, 0)	(40, 69)	(-39, 69)	(-80, 0)	(-40, -69)	(40, -69)	circle	none	same	right	right	N_dist	(-40, -69)	probe	l_tar	None	None	None	None	110	35	60	160	135	85	(-40, -69)	20	testing
6	dd	f	20	green	6	(80, 0)	(40, 69)	(-39, 69)	(-80, 0)	(-40, -69)	(40, -69)	circle	none	same	right	right	N_dist	(-39, 69)	search	nr	True	896416	897172	right	85	35	135	10	60	160	None	None	testing
6	dd	f	20	green	6	(80, 0)	(40, 69)	(-39, 69)	(-80, 0)	(-40, -69)	(40, -69)	circle	none	dif	right	right	N_dist	(-40, -69)	search	nr	True	898437	899156	right	110	60	35	135	10	85	None	None	testing
6	dd	f	20	green	6	(80, 0)	(40, 69)	(-39, 69)	(-80, 0)	(-40, -69)	(40, -69)	circle	green	same	right	right	(40, -69)	(-40, -69)	search	nr	True	900257	900932	right	60	10	135	160	110	85	None	None	testing
6	dd	f	20	green	6	(80, 0)	(40, 69)	(-39, 69)	(-80, 0)	(-40, -69)	(40, -69)	diamond	none	dif	left	left	N_dist	(40, 69)	search	nr	True	902127	902932	left	110	35	160	10	85	135	None	None	testing
6	dd	f	20	green	6	(80, 0)	(40, 69)	(-39, 69)	(-80, 0)	(-40, -69)	(40, -69)	circle	green	same	left	left	(40, -69)	(40, 69)	search	nr	True	904165	904996	left	35	85	110	160	60	135	None	None	testing
6	dd	f	20	green	6	(80, 0)	(40, 69)	(-39, 69)	(-80, 0)	(-40, -69)	(40, -69)	circle	green	dif	right	right	(40, -69)	(-40, -69)	search	nr	True	906118	907108	right	10	135	85	110	60	35	None	None	testing
6	dd	f	20	green	6	(80, 0)	(40, 69)	(-39, 69)	(-80, 0)	(-40, -69)	(40, -69)	circle	green	dif	left	left	(40, -69)	(-39, 69)	search	nr	True	908406	909428	left	60	110	85	135	160	10	None	None	testing
6	dd	f	20	green	6	(80, 0)	(40, 69)	(-39, 69)	(-80, 0)	(-40, -69)	(40, -69)	circle	none	same	right	right	N_dist	(-39, 69)	probe	h_norm	None	None	None	None	135	85	110	60	160	35	(40, -69)	151	testing
6	dd	f	20	green	6	(80, 0)	(40, 69)	(-39, 69)	(-80, 0)	(-40, -69)	(40, -69)	circle	none	dif	left	left	N_dist	(40, -69)	search	nr	True	914516	915300	left	10	35	110	60	135	160	None	None	testing
6	dd	f	20	green	6	(80, 0)	(40, 69)	(-39, 69)	(-80, 0)	(-40, -69)	(40, -69)	diamond	green	dif	left	left	(40, -69)	(-39, 69)	search	nr	True	916437	917236	left	35	135	110	60	10	160	None	None	testing
6	dd	f	20	green	6	(80, 0)	(40, 69)	(-39, 69)	(-80, 0)	(-40, -69)	(40, -69)	circle	none	dif	right	right	N_dist	(40, 69)	search	nr	True	918340	919476	right	10	110	35	135	160	85	None	None	testing
6	dd	f	20	green	6	(80, 0)	(40, 69)	(-39, 69)	(-80, 0)	(-40, -69)	(40, -69)	circle	green	dif	left	left	(40, -69)	(-40, -69)	probe	tar	None	None	None	None	60	35	85	160	110	135	(-40, -69)	13	testing
6	dd	f	20	green	6	(80, 0)	(40, 69)	(-39, 69)	(-80, 0)	(-40, -69)	(40, -69)	diamond	green	dif	left	left	(40, -69)	(-40, -69)	search	nr	True	923984	924804	left	35	85	10	135	60	160	None	None	testing
6	dd	f	20	green	6	(80, 0)	(40, 69)	(-39, 69)	(-80, 0)	(-40, -69)	(40, -69)	diamond	green	same	left	left	(40, 69)	(-39, 69)	search	nr	True	925988	927284	left	60	35	160	85	110	10	None	None	testing
6	dd	f	20	green	6	(80, 0)	(40, 69)	(-39, 69)	(-80, 0)	(-40, -69)	(40, -69)	circle	green	dif	left	left	(40, -69)	(-39, 69)	search	nr	True	928509	929348	left	85	110	10	135	160	60	None	None	testing
6	dd	f	20	green	6	(80, 0)	(40, 69)	(-39, 69)	(-80, 0)	(-40, -69)	(40, -69)	diamond	none	same	right	right	N_dist	(80, 0)	probe	l_norm	None	None	None	None	35	160	135	10	85	60	(-80, 0)	158	testing
6	dd	f	20	green	6	(80, 0)	(40, 69)	(-39, 69)	(-80, 0)	(-40, -69)	(40, -69)	diamond	green	same	right	right	(-39, 69)	(-80, 0)	search	nr	True	935739	936932	right	10	85	160	60	135	35	None	None	testing
6	dd	f	20	green	6	(80, 0)	(40, 69)	(-39, 69)	(-80, 0)	(-40, -69)	(40, -69)	circle	none	dif	left	left	N_dist	(80, 0)	probe	h_norm	None	None	None	None	85	10	60	110	135	160	(40, -69)	31	testing
6	dd	f	20	green	6	(80, 0)	(40, 69)	(-39, 69)	(-80, 0)	(-40, -69)	(40, -69)	diamond	green	same	left	left	(40, -69)	(40, 69)	search	nr	True	941850	942692	left	110	85	135	160	10	60	None	None	testing
6	dd	f	20	green	6	(80, 0)	(40, 69)	(-39, 69)	(-80, 0)	(-40, -69)	(40, -69)	diamond	green	same	left	left	(40, -69)	(-40, -69)	search	nr	True	943854	944644	left	135	160	35	85	10	60	None	None	testing
6	dd	f	20	green	6	(80, 0)	(40, 69)	(-39, 69)	(-80, 0)	(-40, -69)	(40, -69)	diamond	none	same	right	right	N_dist	(80, 0)	search	nr	True	945858	946644	right	135	85	10	60	110	35	None	None	testing
6	dd	f	20	green	6	(80, 0)	(40, 69)	(-39, 69)	(-80, 0)	(-40, -69)	(40, -69)	diamond	green	dif	right	right	(80, 0)	(-40, -69)	search	nr	True	947844	948852	right	60	85	35	135	10	160	None	None	testing
6	dd	f	20	green	6	(80, 0)	(40, 69)	(-39, 69)	(-80, 0)	(-40, -69)	(40, -69)	diamond	green	dif	left	left	(40, -69)	(-39, 69)	probe	h_sin	None	None	None	None	110	85	135	160	60	10	(40, -69)	46	testing
6	dd	f	20	green	6	(80, 0)	(40, 69)	(-39, 69)	(-80, 0)	(-40, -69)	(40, -69)	diamond	green	same	left	left	(40, 69)	(-80, 0)	search	nr	True	954757	955476	left	110	60	10	85	35	160	None	None	testing
6	dd	f	20	green	6	(80, 0)	(40, 69)	(-39, 69)	(-80, 0)	(-40, -69)	(40, -69)	diamond	green	dif	left	left	(40, -69)	(-80, 0)	probe	tar	None	None	None	None	85	110	135	10	60	160	(-80, 0)	142	testing
6	dd	f	20	green	6	(80, 0)	(40, 69)	(-39, 69)	(-80, 0)	(-40, -69)	(40, -69)	diamond	green	same	left	left	(40, -69)	(-40, -69)	probe	h_sin	None	None	None	None	135	60	10	110	35	85	(40, -69)	26	testing
6	dd	f	20	green	6	(80, 0)	(40, 69)	(-39, 69)	(-80, 0)	(-40, -69)	(40, -69)	circle	none	same	right	right	N_dist	(-80, 0)	search	nr	True	964558	965364	right	135	35	160	60	110	10	None	None	testing
6	dd	f	20	green	6	(80, 0)	(40, 69)	(-39, 69)	(-80, 0)	(-40, -69)	(40, -69)	circle	green	same	left	left	(40, -69)	(-40, -69)	search	nr	True	966545	967284	left	110	60	85	160	135	10	None	None	testing
6	dd	f	20	green	6	(80, 0)	(40, 69)	(-39, 69)	(-80, 0)	(-40, -69)	(40, -69)	diamond	green	same	left	left	(40, 69)	(-39, 69)	probe	l_sin	None	None	None	None	135	10	110	160	60	35	(40, 69)	139	testing
6	dd	f	20	green	6	(80, 0)	(40, 69)	(-39, 69)	(-80, 0)	(-40, -69)	(40, -69)	circle	green	same	right	right	(-80, 0)	(-40, -69)	probe	tar	None	None	None	None	10	135	110	160	85	35	(-40, -69)	176	testing
6	dd	f	20	green	6	(80, 0)	(40, 69)	(-39, 69)	(-80, 0)	(-40, -69)	(40, -69)	diamond	none	dif	left	left	N_dist	(-40, -69)	probe	h_norm	None	None	None	None	160	60	85	110	135	35	(40, -69)	145	testing
6	dd	f	20	green	6	(80, 0)	(40, 69)	(-39, 69)	(-80, 0)	(-40, -69)	(40, -69)	diamond	none	same	right	right	N_dist	(40, -69)	search	nr	True	981339	982228	right	160	135	85	10	35	110	None	None	testing
6	dd	f	20	green	6	(80, 0)	(40, 69)	(-39, 69)	(-80, 0)	(-40, -69)	(40, -69)	circle	green	dif	left	left	(-40, -69)	(40, 69)	search	nr	True	983527	984436	left	135	60	85	160	10	110	None	None	testing
6	dd	f	20	green	6	(80, 0)	(40, 69)	(-39, 69)	(-80, 0)	(-40, -69)	(40, -69)	circle	green	same	right	right	(-40, -69)	(80, 0)	probe	l_sin	None	None	None	None	60	110	35	10	160	135	(-40, -69)	24	testing
6	dd	f	20	green	6	(80, 0)	(40, 69)	(-39, 69)	(-80, 0)	(-40, -69)	(40, -69)	circle	none	same	right	right	N_dist	(-39, 69)	search	nr	True	989404	990308	right	135	110	10	35	85	60	None	None	testing
6	dd	f	20	green	6	(80, 0)	(40, 69)	(-39, 69)	(-80, 0)	(-40, -69)	(40, -69)	diamond	none	dif	left	left	N_dist	(-40, -69)	search	nr	True	991608	992612	left	160	135	110	60	85	35	None	None	testing
6	dd	f	20	green	6	(80, 0)	(40, 69)	(-39, 69)	(-80, 0)	(-40, -69)	(40, -69)	diamond	none	same	left	left	N_dist	(40, -69)	search	nr	True	993679	994499	left	60	10	135	110	35	160	None	None	testing
6	dd	f	20	green	6	(80, 0)	(40, 69)	(-39, 69)	(-80, 0)	(-40, -69)	(40, -69)	diamond	green	dif	right	right	(40, -69)	(80, 0)	probe	norm	None	None	None	None	10	110	60	160	85	35	(-39, 69)	160	testing
