subj	name	gender	age	dist	run	tar_locs1	tar_locs2	tar_locs3	tar_locs4	tar_locs5	tar_locs6	shape	dist	td_dif	detection	resp_key	dis_loc	tar_loc	task_type	probe_cond	gotKey	startTime	respTime	resp	o1	o2	o3	o4	o5	o6	pro_loc	ori_resp	mode
6	dd	f	20	green	7	(80, 0)	(40, 69)	(-39, 69)	(-80, 0)	(-40, -69)	(40, -69)	diamond	green	same	right	right	(40, -69)	(-40, -69)	search	nr	True	23939	24677	right	110	160	35	85	10	60	None	None	testing
6	dd	f	20	green	7	(80, 0)	(40, 69)	(-39, 69)	(-80, 0)	(-40, -69)	(40, -69)	circle	green	same	right	right	(-80, 0)	(-39, 69)	probe	l_sin	None	None	None	None	60	35	10	160	135	110	(-80, 0)	31	testing
6	dd	f	20	green	7	(80, 0)	(40, 69)	(-39, 69)	(-80, 0)	(-40, -69)	(40, -69)	circle	green	dif	right	right	(-40, -69)	(-39, 69)	search	nr	True	29599	30309	right	160	10	135	60	85	35	None	None	testing
6	dd	f	20	green	7	(80, 0)	(40, 69)	(-39, 69)	(-80, 0)	(-40, -69)	(40, -69)	circle	green	dif	left	left	(40, -69)	(-80, 0)	search	nr	True	31538	32389	left	85	35	110	135	160	10	None	None	testing
6	dd	f	20	green	7	(80, 0)	(40, 69)	(-39, 69)	(-80, 0)	(-40, -69)	(40, -69)	diamond	green	dif	right	right	(80, 0)	(-40, -69)	probe	norm	None	None	None	None	35	110	60	85	160	135	(-39, 69)	18	testing
6	dd	f	20	green	7	(80, 0)	(40, 69)	(-39, 69)	(-80, 0)	(-40, -69)	(40, -69)	circle	green	same	left	left	(40, -69)	(-40, -69)	search	nr	True	37014	37797	left	135	10	85	35	110	60	None	None	testing
6	dd	f	20	green	7	(80, 0)	(40, 69)	(-39, 69)	(-80, 0)	(-40, -69)	(40, -69)	circle	green	dif	left	left	(40, -69)	(-40, -69)	probe	h_sin	None	None	None	None	110	10	85	135	35	60	(40, -69)	19	testing
6	dd	f	20	green	7	(80, 0)	(40, 69)	(-39, 69)	(-80, 0)	(-40, -69)	(40, -69)	circle	none	same	right	right	N_dist	(80, 0)	probe	h_norm	None	None	None	None	35	85	160	110	60	135	(40, -69)	28	testing
6	dd	f	20	green	7	(80, 0)	(40, 69)	(-39, 69)	(-80, 0)	(-40, -69)	(40, -69)	diamond	none	dif	right	right	N_dist	(-39, 69)	search	nr	True	46332	47077	right	10	160	110	35	85	60	None	None	testing
6	dd	f	20	green	7	(80, 0)	(40, 69)	(-39, 69)	(-80, 0)	(-40, -69)	(40, -69)	diamond	none	same	left	left	N_dist	(-40, -69)	probe	h_norm	None	None	None	None	60	160	35	135	10	110	(40, -69)	15	testing
6	dd	f	20	green	7	(80, 0)	(40, 69)	(-39, 69)	(-80, 0)	(-40, -69)	(40, -69)	diamond	green	dif	left	left	(80, 0)	(-40, -69)	search	nr	True	52309	53045	left	35	135	60	160	110	85	None	None	testing
6	dd	f	20	green	7	(80, 0)	(40, 69)	(-39, 69)	(-80, 0)	(-40, -69)	(40, -69)	circle	none	dif	left	left	N_dist	(-39, 69)	probe	l_tar	None	None	None	None	135	85	110	10	160	35	(-39, 69)	11	testing
6	dd	f	20	green	7	(80, 0)	(40, 69)	(-39, 69)	(-80, 0)	(-40, -69)	(40, -69)	diamond	green	dif	right	right	(40, -69)	(80, 0)	probe	tar	None	None	None	None	35	10	110	160	85	60	(80, 0)	157	testing
6	dd	f	20	green	7	(80, 0)	(40, 69)	(-39, 69)	(-80, 0)	(-40, -69)	(40, -69)	diamond	green	dif	right	right	(-40, -69)	(-80, 0)	search	nr	True	61376	62069	right	10	35	110	85	160	135	None	None	testing
6	dd	f	20	green	7	(80, 0)	(40, 69)	(-39, 69)	(-80, 0)	(-40, -69)	(40, -69)	diamond	green	same	left	left	(40, -69)	(-80, 0)	search	nr	True	63179	63909	left	35	160	110	85	10	60	None	None	testing
6	dd	f	20	green	7	(80, 0)	(40, 69)	(-39, 69)	(-80, 0)	(-40, -69)	(40, -69)	diamond	green	same	right	right	(40, -69)	(80, 0)	search	nr	True	65033	65764	right	10	110	135	160	85	60	None	None	testing
6	dd	f	20	green	7	(80, 0)	(40, 69)	(-39, 69)	(-80, 0)	(-40, -69)	(40, -69)	circle	none	dif	left	left	N_dist	(80, 0)	search	nr	True	66836	67621	left	85	160	135	110	60	35	None	None	testing
6	dd	f	20	green	7	(80, 0)	(40, 69)	(-39, 69)	(-80, 0)	(-40, -69)	(40, -69)	circle	green	same	left	left	(40, -69)	(80, 0)	search	nr	True	68856	69669	left	110	135	35	10	160	60	None	None	testing
6	dd	f	20	green	7	(80, 0)	(40, 69)	(-39, 69)	(-80, 0)	(-40, -69)	(40, -69)	circle	green	dif	left	left	(40, 69)	(-40, -69)	probe	norm	None	None	None	None	10	110	35	85	160	135	(-39, 69)	156	testing
6	dd	f	20	green	7	(80, 0)	(40, 69)	(-39, 69)	(-80, 0)	(-40, -69)	(40, -69)	circle	green	same	right	right	(40, -69)	(40, 69)	search	nr	True	76019	76757	right	10	110	160	85	60	135	None	None	testing
6	dd	f	20	green	7	(80, 0)	(40, 69)	(-39, 69)	(-80, 0)	(-40, -69)	(40, -69)	diamond	none	dif	right	right	N_dist	(80, 0)	search	nr	True	78056	78772	right	160	10	135	110	60	85	None	None	testing
6	dd	f	20	green	7	(80, 0)	(40, 69)	(-39, 69)	(-80, 0)	(-40, -69)	(40, -69)	diamond	none	dif	right	right	N_dist	(40, 69)	search	nr	True	79961	80917	right	85	35	10	135	60	160	None	None	testing
6	dd	f	20	green	7	(80, 0)	(40, 69)	(-39, 69)	(-80, 0)	(-40, -69)	(40, -69)	diamond	green	dif	left	left	(40, -69)	(80, 0)	probe	tar	None	None	None	None	160	85	60	35	110	135	(80, 0)	40	testing
6	dd	f	20	green	7	(80, 0)	(40, 69)	(-39, 69)	(-80, 0)	(-40, -69)	(40, -69)	circle	none	dif	right	right	N_dist	(-39, 69)	probe	l_norm	None	None	None	None	110	35	135	85	60	10	(-80, 0)	175	testing
6	dd	f	20	green	7	(80, 0)	(40, 69)	(-39, 69)	(-80, 0)	(-40, -69)	(40, -69)	diamond	none	same	right	right	N_dist	(-40, -69)	probe	l_tar	None	None	None	None	10	85	110	135	60	160	(-40, -69)	165	testing
6	dd	f	20	green	7	(80, 0)	(40, 69)	(-39, 69)	(-80, 0)	(-40, -69)	(40, -69)	diamond	none	dif	right	right	N_dist	(40, 69)	search	nr	True	93302	94085	right	160	10	35	85	60	110	None	None	testing
6	dd	f	20	green	7	(80, 0)	(40, 69)	(-39, 69)	(-80, 0)	(-40, -69)	(40, -69)	diamond	green	same	right	right	(40, -69)	(80, 0)	search	nr	True	95221	96037	right	85	35	135	60	160	110	None	None	testing
6	dd	f	20	green	7	(80, 0)	(40, 69)	(-39, 69)	(-80, 0)	(-40, -69)	(40, -69)	circle	green	same	right	right	(40, -69)	(-40, -69)	search	nr	True	97141	98053	right	110	135	60	85	10	35	None	None	testing
6	dd	f	20	green	7	(80, 0)	(40, 69)	(-39, 69)	(-80, 0)	(-40, -69)	(40, -69)	diamond	none	same	left	left	N_dist	(40, 69)	search	nr	True	99279	100085	left	85	135	110	10	35	160	None	None	testing
6	dd	f	20	green	7	(80, 0)	(40, 69)	(-39, 69)	(-80, 0)	(-40, -69)	(40, -69)	diamond	none	dif	right	right	N_dist	(40, 69)	search	nr	True	101349	102053	right	85	10	135	60	35	110	None	None	testing
6	dd	f	20	green	7	(80, 0)	(40, 69)	(-39, 69)	(-80, 0)	(-40, -69)	(40, -69)	diamond	green	same	right	right	(40, -69)	(-80, 0)	probe	norm	None	None	None	None	135	60	160	85	35	110	(-40, -69)	157	testing
6	dd	f	20	green	7	(80, 0)	(40, 69)	(-39, 69)	(-80, 0)	(-40, -69)	(40, -69)	diamond	none	same	left	left	N_dist	(40, 69)	probe	l_norm	None	None	None	None	35	110	10	60	135	85	(-40, -69)	23	testing
6	dd	f	20	green	7	(80, 0)	(40, 69)	(-39, 69)	(-80, 0)	(-40, -69)	(40, -69)	circle	none	same	right	right	N_dist	(-40, -69)	search	nr	True	111051	111781	right	85	35	135	10	60	160	None	None	testing
6	dd	f	20	green	7	(80, 0)	(40, 69)	(-39, 69)	(-80, 0)	(-40, -69)	(40, -69)	circle	green	dif	right	right	(40, 69)	(-39, 69)	search	nr	True	112887	113845	left	110	85	35	10	60	135	None	None	testing
6	dd	f	20	green	7	(80, 0)	(40, 69)	(-39, 69)	(-80, 0)	(-40, -69)	(40, -69)	diamond	green	dif	left	left	(40, -69)	(-39, 69)	search	nr	True	116544	117285	left	35	85	135	60	160	10	None	None	testing
6	dd	f	20	green	7	(80, 0)	(40, 69)	(-39, 69)	(-80, 0)	(-40, -69)	(40, -69)	circle	green	same	left	left	(-80, 0)	(40, 69)	search	nr	True	118347	119381	left	35	135	160	60	10	85	None	None	testing
6	dd	f	20	green	7	(80, 0)	(40, 69)	(-39, 69)	(-80, 0)	(-40, -69)	(40, -69)	circle	green	same	left	left	(40, -69)	(80, 0)	search	nr	True	120585	121557	left	85	35	60	10	160	135	None	None	testing
6	dd	f	20	green	7	(80, 0)	(40, 69)	(-39, 69)	(-80, 0)	(-40, -69)	(40, -69)	circle	green	same	right	right	(40, -69)	(40, 69)	probe	h_sin	None	None	None	None	85	135	60	35	160	10	(40, -69)	41	testing
6	dd	f	20	green	7	(80, 0)	(40, 69)	(-39, 69)	(-80, 0)	(-40, -69)	(40, -69)	diamond	green	same	left	left	(40, -69)	(40, 69)	search	nr	True	127230	128037	left	110	85	160	60	35	10	None	None	testing
6	dd	f	20	green	7	(80, 0)	(40, 69)	(-39, 69)	(-80, 0)	(-40, -69)	(40, -69)	circle	none	dif	left	left	N_dist	(40, -69)	search	nr	True	129150	129973	left	85	10	35	60	135	110	None	None	testing
6	dd	f	20	green	7	(80, 0)	(40, 69)	(-39, 69)	(-80, 0)	(-40, -69)	(40, -69)	diamond	green	dif	left	left	(40, -69)	(-80, 0)	search	nr	True	131221	132469	left	35	10	110	60	135	85	None	None	testing
6	dd	f	20	green	7	(80, 0)	(40, 69)	(-39, 69)	(-80, 0)	(-40, -69)	(40, -69)	circle	green	same	left	left	(40, -69)	(-40, -69)	probe	norm	None	None	None	None	10	135	35	85	60	160	(40, 69)	26	testing
6	dd	f	20	green	7	(80, 0)	(40, 69)	(-39, 69)	(-80, 0)	(-40, -69)	(40, -69)	circle	green	same	left	left	(40, -69)	(80, 0)	probe	tar	None	None	None	None	110	85	35	60	10	135	(80, 0)	18	testing
6	dd	f	20	green	7	(80, 0)	(40, 69)	(-39, 69)	(-80, 0)	(-40, -69)	(40, -69)	diamond	none	dif	left	left	N_dist	(-80, 0)	search	nr	True	141156	141989	left	85	10	135	60	110	35	None	None	testing
6	dd	f	20	green	7	(80, 0)	(40, 69)	(-39, 69)	(-80, 0)	(-40, -69)	(40, -69)	diamond	green	dif	left	left	(80, 0)	(-40, -69)	search	nr	True	143294	144309	left	60	10	135	85	160	110	None	None	testing
6	dd	f	20	green	7	(80, 0)	(40, 69)	(-39, 69)	(-80, 0)	(-40, -69)	(40, -69)	circle	green	dif	right	right	(-39, 69)	(-80, 0)	search	nr	True	145430	146853	right	135	60	10	160	110	85	None	None	testing
6	dd	f	20	green	7	(80, 0)	(40, 69)	(-39, 69)	(-80, 0)	(-40, -69)	(40, -69)	circle	green	dif	right	right	(40, -69)	(40, 69)	search	nr	True	148102	149094	right	135	60	110	160	85	10	None	None	testing
6	dd	f	20	green	7	(80, 0)	(40, 69)	(-39, 69)	(-80, 0)	(-40, -69)	(40, -69)	circle	green	same	right	right	(40, -69)	(-80, 0)	probe	h_sin	None	None	None	None	85	35	60	110	10	160	(40, -69)	34	testing
6	dd	f	20	green	7	(80, 0)	(40, 69)	(-39, 69)	(-80, 0)	(-40, -69)	(40, -69)	circle	none	dif	left	left	N_dist	(-80, 0)	search	nr	True	154381	155397	left	10	135	110	160	35	60	None	None	testing
6	dd	f	20	green	7	(80, 0)	(40, 69)	(-39, 69)	(-80, 0)	(-40, -69)	(40, -69)	diamond	green	same	left	left	(40, -69)	(-80, 0)	probe	h_sin	None	None	None	None	160	110	35	135	85	10	(40, -69)	154	testing
6	dd	f	20	green	7	(80, 0)	(40, 69)	(-39, 69)	(-80, 0)	(-40, -69)	(40, -69)	circle	none	dif	left	left	N_dist	(40, -69)	search	nr	True	160642	161493	left	160	35	135	10	60	110	None	None	testing
6	dd	f	20	green	7	(80, 0)	(40, 69)	(-39, 69)	(-80, 0)	(-40, -69)	(40, -69)	diamond	none	same	right	right	N_dist	(-40, -69)	search	nr	True	162562	163541	right	160	110	135	10	85	60	None	None	testing
6	dd	f	20	green	7	(80, 0)	(40, 69)	(-39, 69)	(-80, 0)	(-40, -69)	(40, -69)	circle	green	dif	right	right	(40, 69)	(80, 0)	search	nr	True	164716	166101	right	10	60	85	135	35	160	None	None	testing
6	dd	f	20	green	7	(80, 0)	(40, 69)	(-39, 69)	(-80, 0)	(-40, -69)	(40, -69)	circle	none	same	left	left	N_dist	(40, -69)	search	nr	True	167338	168229	left	135	85	10	60	110	160	None	None	testing
6	dd	f	20	green	7	(80, 0)	(40, 69)	(-39, 69)	(-80, 0)	(-40, -69)	(40, -69)	diamond	none	dif	right	right	N_dist	(40, 69)	probe	l_norm	None	None	None	None	85	135	110	10	60	35	(-40, -69)	160	testing
6	dd	f	20	green	7	(80, 0)	(40, 69)	(-39, 69)	(-80, 0)	(-40, -69)	(40, -69)	diamond	none	dif	left	left	N_dist	(80, 0)	probe	h_norm	None	None	None	None	35	110	85	135	160	10	(40, -69)	57	testing
6	dd	f	20	green	7	(80, 0)	(40, 69)	(-39, 69)	(-80, 0)	(-40, -69)	(40, -69)	circle	green	dif	right	right	(-40, -69)	(-39, 69)	search	nr	True	177874	178741	right	135	85	35	160	10	60	None	None	testing
6	dd	f	20	green	7	(80, 0)	(40, 69)	(-39, 69)	(-80, 0)	(-40, -69)	(40, -69)	circle	green	dif	left	left	(-40, -69)	(80, 0)	probe	norm	None	None	None	None	60	10	135	85	35	110	(-39, 69)	26	testing
6	dd	f	20	green	7	(80, 0)	(40, 69)	(-39, 69)	(-80, 0)	(-40, -69)	(40, -69)	circle	green	same	right	right	(40, -69)	(-40, -69)	search	nr	True	184552	185381	right	35	10	160	60	135	110	None	None	testing
6	dd	f	20	green	7	(80, 0)	(40, 69)	(-39, 69)	(-80, 0)	(-40, -69)	(40, -69)	circle	green	same	right	right	(-80, 0)	(-39, 69)	search	nr	True	186523	187317	right	110	35	160	135	10	85	None	None	testing
6	dd	f	20	green	7	(80, 0)	(40, 69)	(-39, 69)	(-80, 0)	(-40, -69)	(40, -69)	diamond	green	dif	right	right	(40, -69)	(80, 0)	probe	h_sin	None	None	None	None	10	160	35	60	135	110	(40, -69)	15	testing
6	dd	f	20	green	7	(80, 0)	(40, 69)	(-39, 69)	(-80, 0)	(-40, -69)	(40, -69)	circle	green	dif	right	right	(40, -69)	(-39, 69)	probe	norm	None	None	None	None	10	60	160	135	35	85	(-80, 0)	8	testing
6	dd	f	20	green	7	(80, 0)	(40, 69)	(-39, 69)	(-80, 0)	(-40, -69)	(40, -69)	diamond	green	dif	left	left	(-80, 0)	(-39, 69)	probe	tar	None	None	None	None	60	85	35	135	160	10	(-39, 69)	152	testing
6	dd	f	20	green	7	(80, 0)	(40, 69)	(-39, 69)	(-80, 0)	(-40, -69)	(40, -69)	circle	green	same	right	right	(40, -69)	(40, 69)	search	nr	True	201433	202261	right	135	85	160	60	10	110	None	None	testing
6	dd	f	20	green	7	(80, 0)	(40, 69)	(-39, 69)	(-80, 0)	(-40, -69)	(40, -69)	circle	green	same	left	left	(40, -69)	(-40, -69)	search	nr	True	203520	204245	left	110	135	10	35	85	160	None	None	testing
6	dd	f	20	green	7	(80, 0)	(40, 69)	(-39, 69)	(-80, 0)	(-40, -69)	(40, -69)	diamond	green	dif	right	right	(80, 0)	(-39, 69)	probe	l_sin	None	None	None	None	135	10	35	85	60	160	(80, 0)	22	testing
6	dd	f	20	green	7	(80, 0)	(40, 69)	(-39, 69)	(-80, 0)	(-40, -69)	(40, -69)	diamond	green	same	left	left	(40, 69)	(-80, 0)	search	nr	True	210650	211573	left	60	85	110	135	35	160	None	None	testing
6	dd	f	20	green	7	(80, 0)	(40, 69)	(-39, 69)	(-80, 0)	(-40, -69)	(40, -69)	diamond	green	dif	left	left	(80, 0)	(-40, -69)	search	nr	True	212854	213621	left	10	35	85	60	110	135	None	None	testing
6	dd	f	20	green	7	(80, 0)	(40, 69)	(-39, 69)	(-80, 0)	(-40, -69)	(40, -69)	circle	none	dif	right	right	N_dist	(40, -69)	search	nr	True	214691	215541	right	85	110	10	135	60	35	None	None	testing
6	dd	f	20	green	7	(80, 0)	(40, 69)	(-39, 69)	(-80, 0)	(-40, -69)	(40, -69)	circle	green	dif	right	right	(-40, -69)	(-39, 69)	probe	l_sin	None	None	None	None	35	60	10	110	135	160	(-40, -69)	23	testing
6	dd	f	20	green	7	(80, 0)	(40, 69)	(-39, 69)	(-80, 0)	(-40, -69)	(40, -69)	diamond	green	same	right	right	(40, -69)	(-80, 0)	search	nr	True	220619	221685	right	10	110	35	85	160	60	None	None	testing
6	dd	f	20	green	7	(80, 0)	(40, 69)	(-39, 69)	(-80, 0)	(-40, -69)	(40, -69)	circle	green	same	right	right	(40, -69)	(40, 69)	search	nr	True	222790	223589	right	110	160	60	10	135	85	None	None	testing
6	dd	f	20	green	7	(80, 0)	(40, 69)	(-39, 69)	(-80, 0)	(-40, -69)	(40, -69)	circle	green	same	right	right	(40, -69)	(40, 69)	search	nr	True	224677	225397	right	85	135	110	35	160	10	None	None	testing
6	dd	f	20	green	7	(80, 0)	(40, 69)	(-39, 69)	(-80, 0)	(-40, -69)	(40, -69)	circle	none	dif	left	left	N_dist	(40, -69)	probe	h_tar	None	None	None	None	35	85	135	60	110	160	(40, -69)	33	testing
6	dd	f	20	green	7	(80, 0)	(40, 69)	(-39, 69)	(-80, 0)	(-40, -69)	(40, -69)	circle	none	same	left	left	N_dist	(40, -69)	probe	h_tar	None	None	None	None	110	10	160	60	135	35	(40, -69)	154	testing
6	dd	f	20	green	7	(80, 0)	(40, 69)	(-39, 69)	(-80, 0)	(-40, -69)	(40, -69)	circle	green	same	right	right	(40, 69)	(-39, 69)	search	nr	True	235413	236325	right	35	85	110	10	160	60	None	None	testing
6	dd	f	20	green	7	(80, 0)	(40, 69)	(-39, 69)	(-80, 0)	(-40, -69)	(40, -69)	circle	green	dif	left	left	(40, -69)	(-39, 69)	search	nr	True	237483	238661	left	135	60	35	85	110	10	None	None	testing
6	dd	f	20	green	7	(80, 0)	(40, 69)	(-39, 69)	(-80, 0)	(-40, -69)	(40, -69)	diamond	green	same	right	right	(40, -69)	(-40, -69)	search	nr	True	239788	240965	right	85	10	35	110	160	135	None	None	testing
6	dd	f	20	green	7	(80, 0)	(40, 69)	(-39, 69)	(-80, 0)	(-40, -69)	(40, -69)	circle	green	same	right	right	(40, -69)	(-39, 69)	search	nr	True	242242	243701	right	160	10	135	110	85	35	None	None	testing
6	dd	f	20	green	7	(80, 0)	(40, 69)	(-39, 69)	(-80, 0)	(-40, -69)	(40, -69)	diamond	green	same	right	right	(40, -69)	(-40, -69)	probe	norm	None	None	None	None	85	35	10	60	135	160	(40, 69)	156	testing
6	dd	f	20	green	7	(80, 0)	(40, 69)	(-39, 69)	(-80, 0)	(-40, -69)	(40, -69)	circle	green	dif	left	left	(40, -69)	(-39, 69)	probe	tar	None	None	None	None	85	110	35	60	160	10	(-39, 69)	158	testing
6	dd	f	20	green	7	(80, 0)	(40, 69)	(-39, 69)	(-80, 0)	(-40, -69)	(40, -69)	diamond	green	same	right	right	(-80, 0)	(40, 69)	search	nr	True	253262	254085	right	10	135	60	110	160	35	None	None	testing
6	dd	f	20	green	7	(80, 0)	(40, 69)	(-39, 69)	(-80, 0)	(-40, -69)	(40, -69)	diamond	none	same	right	right	N_dist	(-40, -69)	search	nr	True	255149	255829	right	160	135	85	60	10	110	None	None	testing
6	dd	f	20	green	7	(80, 0)	(40, 69)	(-39, 69)	(-80, 0)	(-40, -69)	(40, -69)	diamond	green	dif	left	left	(80, 0)	(-39, 69)	search	nr	True	256969	257926	left	35	135	60	85	160	110	None	None	testing
6	dd	f	20	green	7	(80, 0)	(40, 69)	(-39, 69)	(-80, 0)	(-40, -69)	(40, -69)	circle	green	same	left	left	(-40, -69)	(-39, 69)	search	nr	True	259040	259829	left	135	60	35	110	160	10	None	None	testing
6	dd	f	20	green	7	(80, 0)	(40, 69)	(-39, 69)	(-80, 0)	(-40, -69)	(40, -69)	circle	green	dif	right	right	(40, -69)	(40, 69)	probe	h_sin	None	None	None	None	10	35	135	85	60	160	(40, -69)	33	testing
6	dd	f	20	green	7	(80, 0)	(40, 69)	(-39, 69)	(-80, 0)	(-40, -69)	(40, -69)	diamond	green	same	right	right	(40, -69)	(-40, -69)	search	nr	True	266603	267364	right	110	35	160	135	10	60	None	None	testing
6	dd	f	20	green	7	(80, 0)	(40, 69)	(-39, 69)	(-80, 0)	(-40, -69)	(40, -69)	circle	green	dif	left	left	(40, -69)	(40, 69)	probe	norm	None	None	None	None	110	60	10	135	160	85	(80, 0)	15	testing
6	dd	f	20	green	7	(80, 0)	(40, 69)	(-39, 69)	(-80, 0)	(-40, -69)	(40, -69)	circle	none	same	left	left	N_dist	(40, -69)	probe	h_tar	None	None	None	None	160	85	110	35	135	10	(40, -69)	145	testing
6	dd	f	20	green	7	(80, 0)	(40, 69)	(-39, 69)	(-80, 0)	(-40, -69)	(40, -69)	circle	green	same	left	left	(40, -69)	(-39, 69)	search	nr	True	278391	279269	left	85	110	135	10	160	35	None	None	testing
6	dd	f	20	green	7	(80, 0)	(40, 69)	(-39, 69)	(-80, 0)	(-40, -69)	(40, -69)	circle	green	dif	right	right	(40, -69)	(-39, 69)	search	nr	True	280512	281285	right	35	60	160	110	135	10	None	None	testing
6	dd	f	20	green	7	(80, 0)	(40, 69)	(-39, 69)	(-80, 0)	(-40, -69)	(40, -69)	circle	green	dif	right	right	(40, 69)	(-39, 69)	search	nr	True	282383	283733	right	160	135	10	35	60	110	None	None	testing
6	dd	f	20	green	7	(80, 0)	(40, 69)	(-39, 69)	(-80, 0)	(-40, -69)	(40, -69)	circle	green	same	left	left	(-40, -69)	(-39, 69)	search	nr	True	285037	286165	left	160	10	35	110	85	60	None	None	testing
6	dd	f	20	green	7	(80, 0)	(40, 69)	(-39, 69)	(-80, 0)	(-40, -69)	(40, -69)	circle	green	same	right	right	(40, -69)	(-80, 0)	search	nr	True	287408	288437	right	110	85	10	160	60	135	None	None	testing
6	dd	f	20	green	7	(80, 0)	(40, 69)	(-39, 69)	(-80, 0)	(-40, -69)	(40, -69)	circle	green	same	left	left	(40, -69)	(-80, 0)	search	nr	True	289512	290485	left	85	135	160	10	60	110	None	None	testing
6	dd	f	20	green	7	(80, 0)	(40, 69)	(-39, 69)	(-80, 0)	(-40, -69)	(40, -69)	diamond	none	same	right	right	N_dist	(80, 0)	probe	l_norm	None	None	None	None	110	60	85	10	35	135	(-39, 69)	7	testing
6	dd	f	20	green	7	(80, 0)	(40, 69)	(-39, 69)	(-80, 0)	(-40, -69)	(40, -69)	circle	green	dif	left	left	(40, -69)	(-39, 69)	probe	h_sin	None	None	None	None	135	10	160	35	85	60	(40, -69)	13	testing
6	dd	f	20	green	7	(80, 0)	(40, 69)	(-39, 69)	(-80, 0)	(-40, -69)	(40, -69)	diamond	green	dif	left	left	(80, 0)	(-39, 69)	probe	norm	None	None	None	None	35	160	85	135	60	10	(-80, 0)	18	testing
6	dd	f	20	green	7	(80, 0)	(40, 69)	(-39, 69)	(-80, 0)	(-40, -69)	(40, -69)	circle	green	dif	left	left	(40, -69)	(-80, 0)	search	nr	True	303605	304501	left	10	160	85	60	135	110	None	None	testing
6	dd	f	20	green	7	(80, 0)	(40, 69)	(-39, 69)	(-80, 0)	(-40, -69)	(40, -69)	circle	none	dif	right	right	N_dist	(-39, 69)	search	nr	True	305641	306437	right	160	110	60	135	10	35	None	None	testing
6	dd	f	20	green	7	(80, 0)	(40, 69)	(-39, 69)	(-80, 0)	(-40, -69)	(40, -69)	circle	none	dif	left	left	N_dist	(-39, 69)	search	nr	True	307662	308437	left	85	135	60	35	160	10	None	None	testing
6	dd	f	20	green	7	(80, 0)	(40, 69)	(-39, 69)	(-80, 0)	(-40, -69)	(40, -69)	diamond	none	same	left	left	N_dist	(-40, -69)	search	nr	True	309733	310533	left	135	160	110	85	60	10	None	None	testing
6	dd	f	20	green	7	(80, 0)	(40, 69)	(-39, 69)	(-80, 0)	(-40, -69)	(40, -69)	diamond	green	dif	right	right	(-40, -69)	(-80, 0)	search	nr	True	311636	312772	right	10	135	110	160	60	85	None	None	testing
6	dd	f	20	green	7	(80, 0)	(40, 69)	(-39, 69)	(-80, 0)	(-40, -69)	(40, -69)	diamond	green	dif	right	right	(40, -69)	(-39, 69)	search	nr	True	313924	314741	right	135	85	60	10	110	160	None	None	testing
6	dd	f	20	green	7	(80, 0)	(40, 69)	(-39, 69)	(-80, 0)	(-40, -69)	(40, -69)	diamond	none	dif	left	left	N_dist	(40, 69)	search	nr	True	315827	316661	left	85	10	160	35	110	60	None	None	testing
6	dd	f	20	green	7	(80, 0)	(40, 69)	(-39, 69)	(-80, 0)	(-40, -69)	(40, -69)	circle	green	dif	left	left	(40, -69)	(-40, -69)	search	nr	True	317764	318852	left	35	160	85	110	135	60	None	None	testing
6	dd	f	20	green	7	(80, 0)	(40, 69)	(-39, 69)	(-80, 0)	(-40, -69)	(40, -69)	diamond	green	dif	left	left	(-80, 0)	(-39, 69)	search	nr	True	320018	321045	left	110	135	60	10	160	85	None	None	testing
6	dd	f	20	green	7	(80, 0)	(40, 69)	(-39, 69)	(-80, 0)	(-40, -69)	(40, -69)	diamond	green	same	left	left	(40, -69)	(-80, 0)	search	nr	True	322156	322965	left	35	60	135	160	85	110	None	None	testing
6	dd	f	20	green	7	(80, 0)	(40, 69)	(-39, 69)	(-80, 0)	(-40, -69)	(40, -69)	diamond	none	same	right	right	N_dist	(-80, 0)	search	nr	True	324076	324853	right	110	60	10	135	85	160	None	None	testing
6	dd	f	20	green	7	(80, 0)	(40, 69)	(-39, 69)	(-80, 0)	(-40, -69)	(40, -69)	diamond	green	dif	right	right	(40, -69)	(-39, 69)	probe	h_sin	None	None	None	None	35	160	10	85	110	135	(40, -69)	18	testing
6	dd	f	20	green	7	(80, 0)	(40, 69)	(-39, 69)	(-80, 0)	(-40, -69)	(40, -69)	circle	green	dif	left	left	(40, -69)	(40, 69)	search	nr	True	329435	330309	left	135	110	35	85	60	10	None	None	testing
6	dd	f	20	green	7	(80, 0)	(40, 69)	(-39, 69)	(-80, 0)	(-40, -69)	(40, -69)	diamond	green	same	right	right	(40, -69)	(-40, -69)	probe	h_sin	None	None	None	None	135	10	85	110	60	160	(40, -69)	51	testing
6	dd	f	20	green	7	(80, 0)	(40, 69)	(-39, 69)	(-80, 0)	(-40, -69)	(40, -69)	circle	none	same	left	left	N_dist	(-80, 0)	search	nr	True	337083	337957	left	60	110	85	135	35	160	None	None	testing
6	dd	f	20	green	7	(80, 0)	(40, 69)	(-39, 69)	(-80, 0)	(-40, -69)	(40, -69)	circle	green	same	right	right	(40, -69)	(-39, 69)	probe	norm	None	None	None	None	60	135	10	35	110	160	(80, 0)	6	testing
6	dd	f	20	green	7	(80, 0)	(40, 69)	(-39, 69)	(-80, 0)	(-40, -69)	(40, -69)	circle	none	same	left	left	N_dist	(-40, -69)	search	nr	True	342944	343652	left	160	10	35	85	60	135	None	None	testing
6	dd	f	20	green	7	(80, 0)	(40, 69)	(-39, 69)	(-80, 0)	(-40, -69)	(40, -69)	diamond	green	same	left	left	(40, -69)	(-80, 0)	search	nr	True	344914	345749	left	160	60	85	35	110	135	None	None	testing
6	dd	f	20	green	7	(80, 0)	(40, 69)	(-39, 69)	(-80, 0)	(-40, -69)	(40, -69)	diamond	none	same	right	right	N_dist	(80, 0)	search	nr	True	346951	347701	right	160	85	35	60	10	135	None	None	testing
6	dd	f	20	green	7	(80, 0)	(40, 69)	(-39, 69)	(-80, 0)	(-40, -69)	(40, -69)	circle	green	same	left	left	(40, -69)	(-80, 0)	search	nr	True	348955	349669	left	135	110	160	10	85	35	None	None	testing
6	dd	f	20	green	7	(80, 0)	(40, 69)	(-39, 69)	(-80, 0)	(-40, -69)	(40, -69)	diamond	green	dif	right	right	(80, 0)	(-40, -69)	search	nr	True	350724	351877	right	10	35	85	160	60	110	None	None	testing
6	dd	f	20	green	7	(80, 0)	(40, 69)	(-39, 69)	(-80, 0)	(-40, -69)	(40, -69)	diamond	none	same	left	left	N_dist	(40, 69)	search	nr	True	353046	353749	left	160	110	85	135	10	35	None	None	testing
6	dd	f	20	green	7	(80, 0)	(40, 69)	(-39, 69)	(-80, 0)	(-40, -69)	(40, -69)	circle	none	same	left	left	N_dist	(-40, -69)	probe	l_norm	None	None	None	None	85	60	35	135	10	160	(-39, 69)	157	testing
6	dd	f	20	green	7	(80, 0)	(40, 69)	(-39, 69)	(-80, 0)	(-40, -69)	(40, -69)	diamond	none	dif	left	left	N_dist	(40, 69)	search	nr	True	359107	359780	left	135	110	35	160	85	60	None	None	testing
6	dd	f	20	green	7	(80, 0)	(40, 69)	(-39, 69)	(-80, 0)	(-40, -69)	(40, -69)	circle	none	dif	right	right	N_dist	(-40, -69)	search	nr	True	361044	361764	right	35	110	85	10	160	60	None	None	testing
6	dd	f	20	green	7	(80, 0)	(40, 69)	(-39, 69)	(-80, 0)	(-40, -69)	(40, -69)	circle	green	same	left	left	(-39, 69)	(80, 0)	probe	l_sin	None	None	None	None	110	135	35	160	10	85	(-39, 69)	154	testing
6	dd	f	20	green	7	(80, 0)	(40, 69)	(-39, 69)	(-80, 0)	(-40, -69)	(40, -69)	circle	none	dif	right	right	N_dist	(-80, 0)	probe	l_norm	None	None	None	None	35	110	10	135	160	60	(80, 0)	155	testing
6	dd	f	20	green	7	(80, 0)	(40, 69)	(-39, 69)	(-80, 0)	(-40, -69)	(40, -69)	diamond	green	same	right	right	(40, -69)	(-39, 69)	search	nr	True	371213	372005	right	110	10	85	60	160	35	None	None	testing
6	dd	f	20	green	7	(80, 0)	(40, 69)	(-39, 69)	(-80, 0)	(-40, -69)	(40, -69)	diamond	green	dif	right	right	(40, -69)	(40, 69)	probe	tar	None	None	None	None	85	10	60	135	110	35	(40, 69)	139	testing
6	dd	f	20	green	7	(80, 0)	(40, 69)	(-39, 69)	(-80, 0)	(-40, -69)	(40, -69)	diamond	green	dif	left	left	(40, -69)	(-39, 69)	search	nr	True	378159	379029	left	110	160	10	60	35	85	None	None	testing
6	dd	f	20	green	7	(80, 0)	(40, 69)	(-39, 69)	(-80, 0)	(-40, -69)	(40, -69)	diamond	none	dif	left	left	N_dist	(40, 69)	search	nr	True	380145	380852	left	60	10	35	85	160	135	None	None	testing
6	dd	f	20	green	7	(80, 0)	(40, 69)	(-39, 69)	(-80, 0)	(-40, -69)	(40, -69)	circle	green	dif	right	right	(40, 69)	(-39, 69)	probe	l_sin	None	None	None	None	35	135	110	85	160	10	(40, 69)	28	testing
6	dd	f	20	green	7	(80, 0)	(40, 69)	(-39, 69)	(-80, 0)	(-40, -69)	(40, -69)	diamond	green	dif	left	left	(40, -69)	(80, 0)	search	nr	True	386541	387461	left	85	110	60	135	10	160	None	None	testing
6	dd	f	20	green	7	(80, 0)	(40, 69)	(-39, 69)	(-80, 0)	(-40, -69)	(40, -69)	circle	green	dif	right	right	(40, -69)	(-40, -69)	search	nr	True	388527	389285	right	135	85	160	60	35	110	None	None	testing
6	dd	f	20	green	7	(80, 0)	(40, 69)	(-39, 69)	(-80, 0)	(-40, -69)	(40, -69)	diamond	green	same	left	left	(-39, 69)	(80, 0)	search	nr	True	390514	391220	left	85	60	135	35	160	10	None	None	testing
6	dd	f	20	green	7	(80, 0)	(40, 69)	(-39, 69)	(-80, 0)	(-40, -69)	(40, -69)	diamond	green	same	right	right	(40, -69)	(80, 0)	search	nr	True	392318	393012	right	85	110	10	35	135	160	None	None	testing
6	dd	f	20	green	7	(80, 0)	(40, 69)	(-39, 69)	(-80, 0)	(-40, -69)	(40, -69)	circle	green	dif	left	left	(40, -69)	(-40, -69)	search	nr	True	394137	394917	left	110	10	35	85	160	60	None	None	testing
6	dd	f	20	green	7	(80, 0)	(40, 69)	(-39, 69)	(-80, 0)	(-40, -69)	(40, -69)	diamond	green	dif	left	left	(-40, -69)	(-80, 0)	probe	norm	None	None	None	None	10	135	160	110	35	60	(80, 0)	48	testing
6	dd	f	20	green	7	(80, 0)	(40, 69)	(-39, 69)	(-80, 0)	(-40, -69)	(40, -69)	circle	none	dif	right	right	N_dist	(40, -69)	search	nr	True	402954	403764	right	60	35	110	10	160	85	None	None	testing
6	dd	f	20	green	7	(80, 0)	(40, 69)	(-39, 69)	(-80, 0)	(-40, -69)	(40, -69)	circle	none	same	left	left	N_dist	(-80, 0)	probe	h_norm	None	None	None	None	160	60	35	110	135	10	(40, -69)	152	testing
6	dd	f	20	green	7	(80, 0)	(40, 69)	(-39, 69)	(-80, 0)	(-40, -69)	(40, -69)	diamond	none	same	left	left	N_dist	(40, 69)	search	nr	True	409700	410373	left	135	60	85	10	160	110	None	None	testing
6	dd	f	20	green	7	(80, 0)	(40, 69)	(-39, 69)	(-80, 0)	(-40, -69)	(40, -69)	circle	none	same	right	right	N_dist	(-40, -69)	probe	l_norm	None	None	None	None	135	110	160	35	60	10	(80, 0)	24	testing
6	dd	f	20	green	7	(80, 0)	(40, 69)	(-39, 69)	(-80, 0)	(-40, -69)	(40, -69)	circle	none	same	right	right	N_dist	(-40, -69)	search	nr	True	415795	416757	right	110	85	160	60	135	35	None	None	testing
6	dd	f	20	green	7	(80, 0)	(40, 69)	(-39, 69)	(-80, 0)	(-40, -69)	(40, -69)	diamond	none	same	right	right	N_dist	(80, 0)	search	nr	True	417865	418549	right	85	10	160	110	60	135	None	None	testing
6	dd	f	20	green	7	(80, 0)	(40, 69)	(-39, 69)	(-80, 0)	(-40, -69)	(40, -69)	diamond	green	dif	right	right	(40, -69)	(40, 69)	search	nr	True	419818	421093	right	160	10	135	35	60	85	None	None	testing
6	dd	f	20	green	7	(80, 0)	(40, 69)	(-39, 69)	(-80, 0)	(-40, -69)	(40, -69)	diamond	green	dif	left	left	(40, -69)	(-39, 69)	probe	tar	None	None	None	None	110	135	60	85	35	10	(-39, 69)	164	testing
6	dd	f	20	green	7	(80, 0)	(40, 69)	(-39, 69)	(-80, 0)	(-40, -69)	(40, -69)	circle	none	same	right	right	N_dist	(40, -69)	search	nr	True	426080	426837	right	60	10	35	135	85	160	None	None	testing
6	dd	f	20	green	7	(80, 0)	(40, 69)	(-39, 69)	(-80, 0)	(-40, -69)	(40, -69)	circle	none	dif	left	left	N_dist	(80, 0)	probe	l_norm	None	None	None	None	60	85	110	135	160	35	(-39, 69)	17	testing
6	dd	f	20	green	7	(80, 0)	(40, 69)	(-39, 69)	(-80, 0)	(-40, -69)	(40, -69)	diamond	green	same	left	left	(40, -69)	(40, 69)	search	nr	True	431924	432612	left	135	85	160	60	110	35	None	None	testing
6	dd	f	20	green	7	(80, 0)	(40, 69)	(-39, 69)	(-80, 0)	(-40, -69)	(40, -69)	circle	none	dif	right	right	N_dist	(40, -69)	probe	h_tar	None	None	None	None	10	135	85	160	110	35	(40, -69)	151	testing
6	dd	f	20	green	7	(80, 0)	(40, 69)	(-39, 69)	(-80, 0)	(-40, -69)	(40, -69)	circle	green	same	right	right	(40, -69)	(80, 0)	search	nr	True	437719	438981	right	135	60	35	160	110	10	None	None	testing
6	dd	f	20	green	7	(80, 0)	(40, 69)	(-39, 69)	(-80, 0)	(-40, -69)	(40, -69)	diamond	green	dif	left	left	(40, -69)	(-39, 69)	search	nr	True	440273	441348	left	110	10	135	85	160	60	None	None	testing
6	dd	f	20	green	7	(80, 0)	(40, 69)	(-39, 69)	(-80, 0)	(-40, -69)	(40, -69)	circle	green	same	left	left	(40, -69)	(-40, -69)	search	nr	True	442610	443764	left	135	10	35	110	85	60	None	None	testing
6	dd	f	20	green	7	(80, 0)	(40, 69)	(-39, 69)	(-80, 0)	(-40, -69)	(40, -69)	circle	green	dif	left	left	(40, -69)	(-40, -69)	search	nr	True	445032	445812	left	35	85	135	160	110	10	None	None	testing
6	dd	f	20	green	7	(80, 0)	(40, 69)	(-39, 69)	(-80, 0)	(-40, -69)	(40, -69)	circle	green	dif	left	left	(40, -69)	(-80, 0)	search	nr	True	447002	447749	left	35	160	110	85	10	60	None	None	testing
6	dd	f	20	green	7	(80, 0)	(40, 69)	(-39, 69)	(-80, 0)	(-40, -69)	(40, -69)	diamond	green	same	right	right	(-80, 0)	(40, 69)	probe	l_sin	None	None	None	None	85	35	10	135	160	110	(-80, 0)	11	testing
6	dd	f	20	green	7	(80, 0)	(40, 69)	(-39, 69)	(-80, 0)	(-40, -69)	(40, -69)	diamond	green	same	right	right	(40, -69)	(40, 69)	search	nr	True	452445	453877	right	10	110	85	135	60	35	None	None	testing
6	dd	f	20	green	7	(80, 0)	(40, 69)	(-39, 69)	(-80, 0)	(-40, -69)	(40, -69)	diamond	green	same	right	right	(40, -69)	(40, 69)	search	nr	True	455084	455877	right	35	10	85	110	135	60	None	None	testing
6	dd	f	20	green	7	(80, 0)	(40, 69)	(-39, 69)	(-80, 0)	(-40, -69)	(40, -69)	circle	green	dif	right	right	(-39, 69)	(-80, 0)	search	nr	True	456954	458052	right	135	10	60	85	35	110	None	None	testing
6	dd	f	20	green	7	(80, 0)	(40, 69)	(-39, 69)	(-80, 0)	(-40, -69)	(40, -69)	diamond	green	same	left	left	(40, -69)	(40, 69)	probe	tar	None	None	None	None	60	85	10	35	110	160	(40, 69)	172	testing
6	dd	f	20	green	7	(80, 0)	(40, 69)	(-39, 69)	(-80, 0)	(-40, -69)	(40, -69)	circle	green	dif	left	left	(40, -69)	(-80, 0)	probe	norm	None	None	None	None	60	135	160	85	10	35	(40, 69)	25	testing
6	dd	f	20	green	7	(80, 0)	(40, 69)	(-39, 69)	(-80, 0)	(-40, -69)	(40, -69)	circle	none	dif	left	left	N_dist	(80, 0)	search	nr	True	466538	467301	left	110	85	135	10	60	35	None	None	testing
6	dd	f	20	green	7	(80, 0)	(40, 69)	(-39, 69)	(-80, 0)	(-40, -69)	(40, -69)	diamond	green	same	right	right	(40, -69)	(80, 0)	probe	tar	None	None	None	None	60	135	110	160	10	85	(80, 0)	167	testing
6	dd	f	20	green	7	(80, 0)	(40, 69)	(-39, 69)	(-80, 0)	(-40, -69)	(40, -69)	diamond	none	same	left	left	N_dist	(-39, 69)	probe	h_norm	None	None	None	None	160	10	85	60	35	110	(40, -69)	28	testing
6	dd	f	20	green	7	(80, 0)	(40, 69)	(-39, 69)	(-80, 0)	(-40, -69)	(40, -69)	diamond	green	same	left	left	(-39, 69)	(80, 0)	search	nr	True	475971	476628	left	35	160	135	60	85	10	None	None	testing
6	dd	f	20	green	7	(80, 0)	(40, 69)	(-39, 69)	(-80, 0)	(-40, -69)	(40, -69)	diamond	none	dif	left	left	N_dist	(80, 0)	search	nr	True	477842	478437	left	10	35	85	160	60	110	None	None	testing
6	dd	f	20	green	7	(80, 0)	(40, 69)	(-39, 69)	(-80, 0)	(-40, -69)	(40, -69)	circle	none	dif	right	right	N_dist	(40, -69)	probe	h_tar	None	None	None	None	10	85	160	60	135	110	(40, -69)	12	testing
6	dd	f	20	green	7	(80, 0)	(40, 69)	(-39, 69)	(-80, 0)	(-40, -69)	(40, -69)	diamond	green	same	left	left	(40, 69)	(-80, 0)	probe	l_sin	None	None	None	None	85	60	135	110	160	35	(40, 69)	163	testing
6	dd	f	20	green	7	(80, 0)	(40, 69)	(-39, 69)	(-80, 0)	(-40, -69)	(40, -69)	diamond	none	dif	right	right	N_dist	(80, 0)	search	nr	True	486641	487317	right	160	135	60	110	85	35	None	None	testing
6	dd	f	20	green	7	(80, 0)	(40, 69)	(-39, 69)	(-80, 0)	(-40, -69)	(40, -69)	circle	green	same	right	right	(-80, 0)	(-39, 69)	probe	tar	None	None	None	None	60	110	10	160	135	35	(-39, 69)	146	testing
6	dd	f	20	green	7	(80, 0)	(40, 69)	(-39, 69)	(-80, 0)	(-40, -69)	(40, -69)	diamond	none	same	right	right	N_dist	(-40, -69)	search	nr	True	493237	494052	right	160	60	85	35	135	110	None	None	testing
6	dd	f	20	green	7	(80, 0)	(40, 69)	(-39, 69)	(-80, 0)	(-40, -69)	(40, -69)	circle	green	same	left	left	(-40, -69)	(-39, 69)	probe	l_sin	None	None	None	None	160	110	85	135	35	60	(-40, -69)	151	testing
6	dd	f	20	green	7	(80, 0)	(40, 69)	(-39, 69)	(-80, 0)	(-40, -69)	(40, -69)	circle	green	dif	right	right	(40, -69)	(-39, 69)	search	nr	True	499398	500324	right	85	10	110	60	135	160	None	None	testing
6	dd	f	20	green	7	(80, 0)	(40, 69)	(-39, 69)	(-80, 0)	(-40, -69)	(40, -69)	diamond	none	dif	left	left	N_dist	(-80, 0)	search	nr	True	501619	502373	left	110	35	160	135	85	60	None	None	testing
6	dd	f	20	green	7	(80, 0)	(40, 69)	(-39, 69)	(-80, 0)	(-40, -69)	(40, -69)	circle	green	same	left	left	(40, -69)	(-39, 69)	search	nr	True	503489	504533	left	10	35	60	160	85	135	None	None	testing
6	dd	f	20	green	7	(80, 0)	(40, 69)	(-39, 69)	(-80, 0)	(-40, -69)	(40, -69)	circle	green	dif	left	left	(40, -69)	(-40, -69)	probe	tar	None	None	None	None	135	35	60	160	110	85	(-40, -69)	170	testing
6	dd	f	20	green	7	(80, 0)	(40, 69)	(-39, 69)	(-80, 0)	(-40, -69)	(40, -69)	circle	none	same	right	right	N_dist	(-39, 69)	search	nr	True	509066	509813	right	110	35	160	135	60	10	None	None	testing
6	dd	f	20	green	7	(80, 0)	(40, 69)	(-39, 69)	(-80, 0)	(-40, -69)	(40, -69)	circle	green	dif	right	right	(40, 69)	(80, 0)	probe	l_sin	None	None	None	None	60	160	35	135	85	110	(40, 69)	39	testing
6	dd	f	20	green	7	(80, 0)	(40, 69)	(-39, 69)	(-80, 0)	(-40, -69)	(40, -69)	circle	green	dif	right	right	(40, -69)	(40, 69)	search	nr	True	515411	516180	right	160	85	60	35	110	135	None	None	testing
6	dd	f	20	green	7	(80, 0)	(40, 69)	(-39, 69)	(-80, 0)	(-40, -69)	(40, -69)	diamond	green	same	left	left	(40, -69)	(80, 0)	probe	h_sin	None	None	None	None	110	85	60	135	160	35	(40, -69)	149	testing
6	dd	f	20	green	7	(80, 0)	(40, 69)	(-39, 69)	(-80, 0)	(-40, -69)	(40, -69)	circle	none	dif	left	left	N_dist	(-80, 0)	probe	l_tar	None	None	None	None	110	35	135	85	160	60	(-80, 0)	175	testing
6	dd	f	20	green	7	(80, 0)	(40, 69)	(-39, 69)	(-80, 0)	(-40, -69)	(40, -69)	circle	green	same	right	right	(40, -69)	(-40, -69)	probe	h_sin	None	None	None	None	135	110	10	60	160	85	(40, -69)	16	testing
6	dd	f	20	green	7	(80, 0)	(40, 69)	(-39, 69)	(-80, 0)	(-40, -69)	(40, -69)	diamond	green	same	right	right	(-80, 0)	(40, 69)	search	nr	True	527951	529012	right	85	110	10	160	35	135	None	None	testing
6	dd	f	20	green	7	(80, 0)	(40, 69)	(-39, 69)	(-80, 0)	(-40, -69)	(40, -69)	diamond	none	same	left	left	N_dist	(80, 0)	probe	l_norm	None	None	None	None	85	10	160	110	60	35	(40, 69)	152	testing
6	dd	f	20	green	7	(80, 0)	(40, 69)	(-39, 69)	(-80, 0)	(-40, -69)	(40, -69)	diamond	green	same	left	left	(40, -69)	(80, 0)	probe	tar	None	None	None	None	160	10	85	135	60	110	(80, 0)	29	testing
6	dd	f	20	green	7	(80, 0)	(40, 69)	(-39, 69)	(-80, 0)	(-40, -69)	(40, -69)	circle	none	same	left	left	N_dist	(40, 69)	search	nr	True	544748	545509	left	85	110	160	60	10	135	None	None	testing
6	dd	f	20	green	7	(80, 0)	(40, 69)	(-39, 69)	(-80, 0)	(-40, -69)	(40, -69)	diamond	green	same	right	right	(40, -69)	(-40, -69)	search	nr	True	546568	547892	right	60	35	160	135	85	10	None	None	testing
6	dd	f	20	green	7	(80, 0)	(40, 69)	(-39, 69)	(-80, 0)	(-40, -69)	(40, -69)	diamond	green	dif	right	right	(40, -69)	(-80, 0)	probe	tar	None	None	None	None	35	60	10	85	160	135	(-80, 0)	178	testing
6	dd	f	20	green	7	(80, 0)	(40, 69)	(-39, 69)	(-80, 0)	(-40, -69)	(40, -69)	diamond	green	same	right	right	(40, -69)	(-80, 0)	probe	tar	None	None	None	None	10	60	110	35	85	160	(-80, 0)	149	testing
6	dd	f	20	green	7	(80, 0)	(40, 69)	(-39, 69)	(-80, 0)	(-40, -69)	(40, -69)	circle	green	same	left	left	(-39, 69)	(80, 0)	search	nr	True	558807	560180	left	135	35	85	10	60	160	None	None	testing
6	dd	f	20	green	7	(80, 0)	(40, 69)	(-39, 69)	(-80, 0)	(-40, -69)	(40, -69)	diamond	green	dif	right	right	(80, 0)	(-40, -69)	search	nr	True	561245	562388	right	110	60	135	10	160	35	None	None	testing
6	dd	f	20	green	7	(80, 0)	(40, 69)	(-39, 69)	(-80, 0)	(-40, -69)	(40, -69)	diamond	green	same	right	right	(40, -69)	(40, 69)	probe	norm	None	None	None	None	85	110	10	60	35	135	(80, 0)	175	testing
6	dd	f	20	green	7	(80, 0)	(40, 69)	(-39, 69)	(-80, 0)	(-40, -69)	(40, -69)	circle	green	same	right	right	(40, 69)	(-39, 69)	search	nr	True	567156	568165	right	135	85	60	10	160	110	None	None	testing
6	dd	f	20	green	7	(80, 0)	(40, 69)	(-39, 69)	(-80, 0)	(-40, -69)	(40, -69)	circle	none	dif	right	right	N_dist	(-80, 0)	search	nr	True	569327	570180	right	10	35	135	110	85	160	None	None	testing
6	dd	f	20	green	7	(80, 0)	(40, 69)	(-39, 69)	(-80, 0)	(-40, -69)	(40, -69)	circle	green	same	right	right	(40, -69)	(-39, 69)	search	nr	True	571331	572228	right	10	35	85	160	135	60	None	None	testing
6	dd	f	20	green	7	(80, 0)	(40, 69)	(-39, 69)	(-80, 0)	(-40, -69)	(40, -69)	diamond	green	dif	right	right	(80, 0)	(-40, -69)	search	nr	True	573468	574516	right	10	160	135	110	60	85	None	None	testing
6	dd	f	20	green	7	(80, 0)	(40, 69)	(-39, 69)	(-80, 0)	(-40, -69)	(40, -69)	diamond	green	dif	left	left	(-40, -69)	(-80, 0)	search	nr	True	575672	577509	left	110	10	35	160	60	85	None	None	testing
6	dd	f	20	green	7	(80, 0)	(40, 69)	(-39, 69)	(-80, 0)	(-40, -69)	(40, -69)	circle	green	dif	right	right	(40, -69)	(40, 69)	probe	tar	None	None	None	None	160	10	35	110	85	135	(40, 69)	154	testing
6	dd	f	20	green	7	(80, 0)	(40, 69)	(-39, 69)	(-80, 0)	(-40, -69)	(40, -69)	circle	green	same	left	left	(-39, 69)	(80, 0)	search	nr	True	582534	583268	left	10	135	160	60	35	85	None	None	testing
6	dd	f	20	green	7	(80, 0)	(40, 69)	(-39, 69)	(-80, 0)	(-40, -69)	(40, -69)	diamond	none	dif	left	left	N_dist	(-80, 0)	search	nr	True	584471	585301	left	135	110	160	60	10	85	None	None	testing
6	dd	f	20	green	7	(80, 0)	(40, 69)	(-39, 69)	(-80, 0)	(-40, -69)	(40, -69)	circle	green	same	right	right	(40, -69)	(80, 0)	probe	h_sin	None	None	None	None	110	160	10	35	135	60	(40, -69)	165	testing
6	dd	f	20	green	7	(80, 0)	(40, 69)	(-39, 69)	(-80, 0)	(-40, -69)	(40, -69)	circle	green	same	left	left	(40, -69)	(-39, 69)	probe	norm	None	None	None	None	35	60	135	10	160	110	(-80, 0)	155	testing
6	dd	f	20	green	7	(80, 0)	(40, 69)	(-39, 69)	(-80, 0)	(-40, -69)	(40, -69)	circle	green	dif	right	right	(40, -69)	(-40, -69)	probe	tar	None	None	None	None	10	160	85	110	135	60	(-40, -69)	61	testing
6	dd	f	20	green	7	(80, 0)	(40, 69)	(-39, 69)	(-80, 0)	(-40, -69)	(40, -69)	diamond	green	same	left	left	(40, -69)	(-40, -69)	search	nr	True	601268	602388	left	60	110	10	85	160	135	None	None	testing
6	dd	f	20	green	7	(80, 0)	(40, 69)	(-39, 69)	(-80, 0)	(-40, -69)	(40, -69)	diamond	none	dif	left	left	N_dist	(-80, 0)	probe	h_norm	None	None	None	None	10	160	110	135	85	60	(40, -69)	166	testing
6	dd	f	20	green	7	(80, 0)	(40, 69)	(-39, 69)	(-80, 0)	(-40, -69)	(40, -69)	circle	none	same	right	right	N_dist	(40, -69)	probe	h_tar	None	None	None	None	110	135	10	160	85	60	(40, -69)	160	testing
6	dd	f	20	green	7	(80, 0)	(40, 69)	(-39, 69)	(-80, 0)	(-40, -69)	(40, -69)	diamond	green	dif	left	left	(80, 0)	(-40, -69)	probe	l_sin	None	None	None	None	160	35	60	110	135	10	(80, 0)	33	testing
6	dd	f	20	green	7	(80, 0)	(40, 69)	(-39, 69)	(-80, 0)	(-40, -69)	(40, -69)	diamond	green	same	right	right	(-39, 69)	(-40, -69)	probe	l_sin	None	None	None	None	160	10	85	35	110	60	(-39, 69)	174	testing
6	dd	f	20	green	7	(80, 0)	(40, 69)	(-39, 69)	(-80, 0)	(-40, -69)	(40, -69)	circle	green	dif	left	left	(40, -69)	(-80, 0)	search	nr	True	618534	620981	left	85	160	35	60	110	10	None	None	testing
6	dd	f	20	green	7	(80, 0)	(40, 69)	(-39, 69)	(-80, 0)	(-40, -69)	(40, -69)	circle	green	dif	left	left	(-40, -69)	(80, 0)	search	nr	True	622124	623621	left	110	135	35	60	10	85	None	None	testing
6	dd	f	20	green	7	(80, 0)	(40, 69)	(-39, 69)	(-80, 0)	(-40, -69)	(40, -69)	diamond	none	same	left	left	N_dist	(-40, -69)	search	nr	True	624695	625541	left	110	160	10	60	35	135	None	None	testing
6	dd	f	20	green	7	(80, 0)	(40, 69)	(-39, 69)	(-80, 0)	(-40, -69)	(40, -69)	circle	none	dif	left	left	N_dist	(40, -69)	search	nr	True	626816	627589	left	110	135	60	35	10	85	None	None	testing
6	dd	f	20	green	7	(80, 0)	(40, 69)	(-39, 69)	(-80, 0)	(-40, -69)	(40, -69)	diamond	green	same	left	left	(40, -69)	(80, 0)	search	nr	True	628736	629764	left	60	35	135	110	160	85	None	None	testing
6	dd	f	20	green	7	(80, 0)	(40, 69)	(-39, 69)	(-80, 0)	(-40, -69)	(40, -69)	circle	green	same	right	right	(40, -69)	(-40, -69)	probe	h_sin	None	None	None	None	160	110	10	85	60	35	(40, -69)	149	testing
6	dd	f	20	green	7	(80, 0)	(40, 69)	(-39, 69)	(-80, 0)	(-40, -69)	(40, -69)	diamond	green	dif	left	left	(-80, 0)	(-39, 69)	search	nr	True	634396	635844	left	135	60	85	160	110	10	None	None	testing
6	dd	f	20	green	7	(80, 0)	(40, 69)	(-39, 69)	(-80, 0)	(-40, -69)	(40, -69)	diamond	none	same	right	right	N_dist	(-80, 0)	probe	l_norm	None	None	None	None	110	60	160	135	85	10	(-39, 69)	53	testing
6	dd	f	20	green	7	(80, 0)	(40, 69)	(-39, 69)	(-80, 0)	(-40, -69)	(40, -69)	circle	none	dif	left	left	N_dist	(40, -69)	probe	h_tar	None	None	None	None	135	10	35	160	85	110	(40, -69)	18	testing
6	dd	f	20	green	7	(80, 0)	(40, 69)	(-39, 69)	(-80, 0)	(-40, -69)	(40, -69)	circle	none	same	left	left	N_dist	(40, -69)	search	nr	True	647153	648180	left	85	60	135	35	10	110	None	None	testing
6	dd	f	20	green	7	(80, 0)	(40, 69)	(-39, 69)	(-80, 0)	(-40, -69)	(40, -69)	circle	green	dif	left	left	(-40, -69)	(80, 0)	probe	tar	None	None	None	None	160	35	60	135	110	85	(80, 0)	36	testing
6	dd	f	20	green	7	(80, 0)	(40, 69)	(-39, 69)	(-80, 0)	(-40, -69)	(40, -69)	diamond	green	same	left	left	(40, -69)	(-80, 0)	probe	h_sin	None	None	None	None	10	110	35	60	160	135	(40, -69)	25	testing
6	dd	f	20	green	7	(80, 0)	(40, 69)	(-39, 69)	(-80, 0)	(-40, -69)	(40, -69)	circle	green	dif	right	right	(40, -69)	(-39, 69)	search	nr	True	658858	659829	right	135	10	85	110	35	160	None	None	testing
6	dd	f	20	green	7	(80, 0)	(40, 69)	(-39, 69)	(-80, 0)	(-40, -69)	(40, -69)	circle	none	same	right	right	N_dist	(-40, -69)	probe	l_norm	None	None	None	None	35	110	85	60	160	135	(40, 69)	23	testing
6	dd	f	20	green	7	(80, 0)	(40, 69)	(-39, 69)	(-80, 0)	(-40, -69)	(40, -69)	circle	green	dif	left	left	(40, -69)	(-39, 69)	search	nr	True	664986	665732	left	10	110	85	135	160	60	None	None	testing
6	dd	f	20	green	7	(80, 0)	(40, 69)	(-39, 69)	(-80, 0)	(-40, -69)	(40, -69)	diamond	none	dif	right	right	N_dist	(40, 69)	search	nr	True	666990	667972	right	135	160	35	10	110	60	None	None	testing
6	dd	f	20	green	7	(80, 0)	(40, 69)	(-39, 69)	(-80, 0)	(-40, -69)	(40, -69)	circle	green	dif	left	left	(-40, -69)	(80, 0)	search	nr	True	669160	670436	left	135	160	10	110	85	60	None	None	testing
6	dd	f	20	green	7	(80, 0)	(40, 69)	(-39, 69)	(-80, 0)	(-40, -69)	(40, -69)	circle	green	same	right	right	(40, 69)	(-39, 69)	probe	l_sin	None	None	None	None	85	35	160	10	110	135	(40, 69)	158	testing
6	dd	f	20	green	7	(80, 0)	(40, 69)	(-39, 69)	(-80, 0)	(-40, -69)	(40, -69)	diamond	none	dif	left	left	N_dist	(80, 0)	search	nr	True	675388	676133	left	35	110	160	10	85	60	None	None	testing
6	dd	f	20	green	7	(80, 0)	(40, 69)	(-39, 69)	(-80, 0)	(-40, -69)	(40, -69)	circle	none	dif	right	right	N_dist	(40, -69)	search	nr	True	677209	678133	right	60	110	160	35	10	85	None	None	testing
6	dd	f	20	green	7	(80, 0)	(40, 69)	(-39, 69)	(-80, 0)	(-40, -69)	(40, -69)	diamond	green	dif	right	right	(40, -69)	(80, 0)	search	nr	True	679345	680197	right	35	85	160	10	110	60	None	None	testing
6	dd	f	20	green	7	(80, 0)	(40, 69)	(-39, 69)	(-80, 0)	(-40, -69)	(40, -69)	circle	green	dif	left	left	(-40, -69)	(80, 0)	search	nr	True	681366	682069	left	60	35	85	10	110	160	None	None	testing
6	dd	f	20	green	7	(80, 0)	(40, 69)	(-39, 69)	(-80, 0)	(-40, -69)	(40, -69)	diamond	green	dif	right	right	(-40, -69)	(-80, 0)	probe	tar	None	None	None	None	135	60	160	85	110	35	(-80, 0)	174	testing
6	dd	f	20	green	7	(80, 0)	(40, 69)	(-39, 69)	(-80, 0)	(-40, -69)	(40, -69)	diamond	green	same	right	right	(40, -69)	(-39, 69)	search	nr	True	686927	687684	right	35	10	110	60	160	135	None	None	testing
6	dd	f	20	green	7	(80, 0)	(40, 69)	(-39, 69)	(-80, 0)	(-40, -69)	(40, -69)	circle	green	same	left	left	(40, -69)	(-40, -69)	search	nr	True	688880	689669	left	85	60	10	110	160	135	None	None	testing
6	dd	f	20	green	7	(80, 0)	(40, 69)	(-39, 69)	(-80, 0)	(-40, -69)	(40, -69)	diamond	green	dif	right	right	(40, -69)	(80, 0)	search	nr	True	690817	691573	right	10	85	35	110	135	160	None	None	testing
6	dd	f	20	green	7	(80, 0)	(40, 69)	(-39, 69)	(-80, 0)	(-40, -69)	(40, -69)	circle	green	same	right	right	(-80, 0)	(-39, 69)	search	nr	True	692803	693829	right	85	35	60	110	160	10	None	None	testing
6	dd	f	20	green	7	(80, 0)	(40, 69)	(-39, 69)	(-80, 0)	(-40, -69)	(40, -69)	diamond	none	same	right	right	N_dist	(-40, -69)	search	nr	True	694974	695972	right	160	110	135	85	35	60	None	None	testing
6	dd	f	20	green	7	(80, 0)	(40, 69)	(-39, 69)	(-80, 0)	(-40, -69)	(40, -69)	circle	green	dif	right	right	(40, -69)	(40, 69)	search	nr	True	697061	698068	right	135	10	60	35	160	85	None	None	testing
6	dd	f	20	green	7	(80, 0)	(40, 69)	(-39, 69)	(-80, 0)	(-40, -69)	(40, -69)	diamond	none	dif	left	left	N_dist	(40, 69)	probe	h_norm	None	None	None	None	60	35	110	160	135	10	(40, -69)	148	testing
6	dd	f	20	green	7	(80, 0)	(40, 69)	(-39, 69)	(-80, 0)	(-40, -69)	(40, -69)	diamond	none	dif	left	left	N_dist	(40, 69)	probe	h_norm	None	None	None	None	160	135	110	10	60	85	(40, -69)	175	testing
6	dd	f	20	green	7	(80, 0)	(40, 69)	(-39, 69)	(-80, 0)	(-40, -69)	(40, -69)	circle	green	dif	right	right	(40, 69)	(-39, 69)	search	nr	True	707999	709205	right	110	35	85	135	160	10	None	None	testing
6	dd	f	20	green	7	(80, 0)	(40, 69)	(-39, 69)	(-80, 0)	(-40, -69)	(40, -69)	diamond	green	dif	left	left	(40, -69)	(80, 0)	search	nr	True	710486	711764	left	160	10	110	35	135	60	None	None	testing
6	dd	f	20	green	7	(80, 0)	(40, 69)	(-39, 69)	(-80, 0)	(-40, -69)	(40, -69)	diamond	green	dif	left	left	(40, -69)	(-39, 69)	search	nr	True	712941	713780	left	10	135	110	60	35	85	None	None	testing
6	dd	f	20	green	7	(80, 0)	(40, 69)	(-39, 69)	(-80, 0)	(-40, -69)	(40, -69)	diamond	green	same	left	left	(40, -69)	(-80, 0)	search	nr	True	715028	715797	left	10	85	160	35	135	110	None	None	testing
6	dd	f	20	green	7	(80, 0)	(40, 69)	(-39, 69)	(-80, 0)	(-40, -69)	(40, -69)	circle	none	same	right	right	N_dist	(40, -69)	search	nr	True	716981	717989	right	110	85	160	60	135	35	None	None	testing
6	dd	f	20	green	7	(80, 0)	(40, 69)	(-39, 69)	(-80, 0)	(-40, -69)	(40, -69)	circle	none	same	right	right	N_dist	(-40, -69)	search	nr	True	719152	719957	right	60	160	135	85	35	110	None	None	testing
6	dd	f	20	green	7	(80, 0)	(40, 69)	(-39, 69)	(-80, 0)	(-40, -69)	(40, -69)	diamond	none	same	right	right	N_dist	(-39, 69)	probe	l_norm	None	None	None	None	10	135	85	160	35	110	(80, 0)	146	testing
6	dd	f	20	green	7	(80, 0)	(40, 69)	(-39, 69)	(-80, 0)	(-40, -69)	(40, -69)	diamond	green	dif	left	left	(-39, 69)	(40, 69)	search	nr	True	725230	726260	left	85	110	35	60	10	135	None	None	testing
6	dd	f	20	green	7	(80, 0)	(40, 69)	(-39, 69)	(-80, 0)	(-40, -69)	(40, -69)	circle	green	dif	left	left	(40, 69)	(-40, -69)	search	nr	True	727451	728388	left	160	110	60	10	135	85	None	None	testing
6	dd	f	20	green	7	(80, 0)	(40, 69)	(-39, 69)	(-80, 0)	(-40, -69)	(40, -69)	diamond	green	dif	right	right	(40, -69)	(-80, 0)	search	nr	True	729505	730516	right	110	10	85	160	60	35	None	None	testing
6	dd	f	20	green	7	(80, 0)	(40, 69)	(-39, 69)	(-80, 0)	(-40, -69)	(40, -69)	diamond	green	same	right	right	(40, -69)	(-80, 0)	search	nr	True	731659	732469	right	10	135	110	160	60	85	None	None	testing
6	dd	f	20	green	7	(80, 0)	(40, 69)	(-39, 69)	(-80, 0)	(-40, -69)	(40, -69)	circle	green	dif	left	left	(-40, -69)	(80, 0)	search	nr	True	733678	734469	left	85	35	135	160	60	10	None	None	testing
6	dd	f	20	green	7	(80, 0)	(40, 69)	(-39, 69)	(-80, 0)	(-40, -69)	(40, -69)	diamond	green	same	left	left	(-39, 69)	(80, 0)	probe	tar	None	None	None	None	135	60	85	160	110	35	(80, 0)	24	testing
6	dd	f	20	green	7	(80, 0)	(40, 69)	(-39, 69)	(-80, 0)	(-40, -69)	(40, -69)	diamond	none	same	left	left	N_dist	(40, 69)	search	nr	True	741476	742148	left	135	10	60	160	35	110	None	None	testing
6	dd	f	20	green	7	(80, 0)	(40, 69)	(-39, 69)	(-80, 0)	(-40, -69)	(40, -69)	diamond	green	same	left	left	(-80, 0)	(-40, -69)	probe	l_sin	None	None	None	None	135	60	10	85	35	110	(-80, 0)	177	testing
6	dd	f	20	green	7	(80, 0)	(40, 69)	(-39, 69)	(-80, 0)	(-40, -69)	(40, -69)	circle	green	dif	right	right	(40, 69)	(-39, 69)	probe	l_sin	None	None	None	None	135	10	85	160	60	110	(40, 69)	146	testing
6	dd	f	20	green	7	(80, 0)	(40, 69)	(-39, 69)	(-80, 0)	(-40, -69)	(40, -69)	circle	green	dif	right	right	(-39, 69)	(-80, 0)	probe	l_sin	None	None	None	None	160	135	60	10	85	110	(-39, 69)	166	testing
6	dd	f	20	green	7	(80, 0)	(40, 69)	(-39, 69)	(-80, 0)	(-40, -69)	(40, -69)	diamond	none	same	left	left	N_dist	(80, 0)	search	nr	True	756905	757573	left	60	160	10	110	85	135	None	None	testing
6	dd	f	20	green	7	(80, 0)	(40, 69)	(-39, 69)	(-80, 0)	(-40, -69)	(40, -69)	circle	none	dif	left	left	N_dist	(-39, 69)	search	nr	True	758825	759732	left	160	60	10	135	35	110	None	None	testing
6	dd	f	20	green	7	(80, 0)	(40, 69)	(-39, 69)	(-80, 0)	(-40, -69)	(40, -69)	diamond	none	dif	left	left	N_dist	(-80, 0)	probe	h_norm	None	None	None	None	110	135	160	35	60	85	(40, -69)	11	testing
6	dd	f	20	green	7	(80, 0)	(40, 69)	(-39, 69)	(-80, 0)	(-40, -69)	(40, -69)	circle	none	same	left	left	N_dist	(40, -69)	search	nr	True	764886	765621	left	85	35	135	10	60	110	None	None	testing
6	dd	f	20	green	7	(80, 0)	(40, 69)	(-39, 69)	(-80, 0)	(-40, -69)	(40, -69)	diamond	none	dif	right	right	N_dist	(-39, 69)	search	nr	True	766856	767812	right	10	85	35	60	110	135	None	None	testing
6	dd	f	20	green	7	(80, 0)	(40, 69)	(-39, 69)	(-80, 0)	(-40, -69)	(40, -69)	circle	green	dif	right	right	(40, 69)	(-39, 69)	search	nr	True	768877	770213	right	85	60	160	135	35	110	None	None	testing
6	dd	f	20	green	7	(80, 0)	(40, 69)	(-39, 69)	(-80, 0)	(-40, -69)	(40, -69)	diamond	none	same	right	right	N_dist	(-39, 69)	search	nr	True	771315	772133	right	10	60	110	135	160	35	None	None	testing
6	dd	f	20	green	7	(80, 0)	(40, 69)	(-39, 69)	(-80, 0)	(-40, -69)	(40, -69)	diamond	none	dif	left	left	N_dist	(40, 69)	search	nr	True	773219	773988	left	135	10	110	60	160	85	None	None	testing
6	dd	f	20	green	7	(80, 0)	(40, 69)	(-39, 69)	(-80, 0)	(-40, -69)	(40, -69)	diamond	green	same	left	left	(40, 69)	(-80, 0)	search	nr	True	775289	776213	left	85	160	35	110	135	60	None	None	testing
6	dd	f	20	green	7	(80, 0)	(40, 69)	(-39, 69)	(-80, 0)	(-40, -69)	(40, -69)	circle	green	dif	right	right	(40, 69)	(80, 0)	search	nr	True	777476	778373	right	60	110	85	160	135	35	None	None	testing
6	dd	f	20	green	7	(80, 0)	(40, 69)	(-39, 69)	(-80, 0)	(-40, -69)	(40, -69)	diamond	green	dif	right	right	(40, -69)	(40, 69)	search	nr	True	779630	780484	right	35	85	160	60	110	10	None	None	testing
6	dd	f	20	green	7	(80, 0)	(40, 69)	(-39, 69)	(-80, 0)	(-40, -69)	(40, -69)	circle	none	same	right	right	N_dist	(-39, 69)	probe	l_tar	None	None	None	None	85	60	110	135	10	160	(-39, 69)	8	testing
6	dd	f	20	green	7	(80, 0)	(40, 69)	(-39, 69)	(-80, 0)	(-40, -69)	(40, -69)	circle	none	same	right	right	N_dist	(-39, 69)	search	nr	True	786460	787205	right	35	60	135	110	85	10	None	None	testing
6	dd	f	20	green	7	(80, 0)	(40, 69)	(-39, 69)	(-80, 0)	(-40, -69)	(40, -69)	diamond	green	dif	right	right	(80, 0)	(-39, 69)	search	nr	True	788396	789125	right	135	85	110	160	60	35	None	None	testing
6	dd	f	20	green	7	(80, 0)	(40, 69)	(-39, 69)	(-80, 0)	(-40, -69)	(40, -69)	diamond	green	dif	right	right	(80, 0)	(-40, -69)	probe	norm	None	None	None	None	10	135	85	35	60	110	(40, -69)	14	testing
6	dd	f	20	green	7	(80, 0)	(40, 69)	(-39, 69)	(-80, 0)	(-40, -69)	(40, -69)	diamond	green	same	left	left	(-39, 69)	(-40, -69)	search	nr	True	794124	794932	left	10	135	85	35	60	160	None	None	testing
6	dd	f	20	green	7	(80, 0)	(40, 69)	(-39, 69)	(-80, 0)	(-40, -69)	(40, -69)	diamond	none	dif	left	left	N_dist	(-80, 0)	search	nr	True	795994	796868	left	35	135	110	160	85	10	None	None	testing
6	dd	f	20	green	7	(80, 0)	(40, 69)	(-39, 69)	(-80, 0)	(-40, -69)	(40, -69)	circle	none	same	left	left	N_dist	(-80, 0)	search	nr	True	797964	798869	left	10	135	60	110	85	35	None	None	testing
6	dd	f	20	green	7	(80, 0)	(40, 69)	(-39, 69)	(-80, 0)	(-40, -69)	(40, -69)	circle	none	same	left	left	N_dist	(-40, -69)	search	nr	True	800034	801268	left	135	85	35	110	10	60	None	None	testing
6	dd	f	20	green	7	(80, 0)	(40, 69)	(-39, 69)	(-80, 0)	(-40, -69)	(40, -69)	diamond	green	same	right	right	(-39, 69)	(-40, -69)	search	nr	True	802589	803669	right	110	160	35	10	60	85	None	None	testing
6	dd	f	20	green	7	(80, 0)	(40, 69)	(-39, 69)	(-80, 0)	(-40, -69)	(40, -69)	diamond	green	dif	left	left	(80, 0)	(-40, -69)	probe	norm	None	None	None	None	85	10	160	135	110	60	(40, 69)	146	testing
6	dd	f	20	green	7	(80, 0)	(40, 69)	(-39, 69)	(-80, 0)	(-40, -69)	(40, -69)	diamond	green	dif	right	right	(80, 0)	(-40, -69)	search	nr	True	809719	810436	right	135	160	35	110	60	10	None	None	testing
6	dd	f	20	green	7	(80, 0)	(40, 69)	(-39, 69)	(-80, 0)	(-40, -69)	(40, -69)	diamond	green	dif	left	left	(80, 0)	(-39, 69)	search	nr	True	811539	812308	left	35	160	60	85	135	10	None	None	testing
6	dd	f	20	green	7	(80, 0)	(40, 69)	(-39, 69)	(-80, 0)	(-40, -69)	(40, -69)	circle	none	dif	right	right	N_dist	(-40, -69)	search	nr	True	813593	814293	right	85	35	135	110	160	10	None	None	testing
6	dd	f	20	green	7	(80, 0)	(40, 69)	(-39, 69)	(-80, 0)	(-40, -69)	(40, -69)	circle	green	same	left	left	(40, -69)	(80, 0)	search	nr	True	815529	816260	left	85	35	110	160	135	60	None	None	testing
6	dd	f	20	green	7	(80, 0)	(40, 69)	(-39, 69)	(-80, 0)	(-40, -69)	(40, -69)	circle	green	dif	right	right	(40, -69)	(-40, -69)	search	nr	True	817333	818100	right	85	160	35	110	60	135	None	None	testing
6	dd	f	20	green	7	(80, 0)	(40, 69)	(-39, 69)	(-80, 0)	(-40, -69)	(40, -69)	diamond	green	dif	right	right	(40, -69)	(40, 69)	search	nr	True	819170	819877	right	135	85	10	60	35	160	None	None	testing
6	dd	f	20	green	7	(80, 0)	(40, 69)	(-39, 69)	(-80, 0)	(-40, -69)	(40, -69)	diamond	none	same	right	right	N_dist	(-39, 69)	search	nr	True	821023	821940	right	160	35	110	60	85	10	None	None	testing
6	dd	f	20	green	7	(80, 0)	(40, 69)	(-39, 69)	(-80, 0)	(-40, -69)	(40, -69)	diamond	green	dif	right	right	(40, -69)	(40, 69)	probe	h_sin	None	None	None	None	160	135	85	60	35	110	(40, -69)	19	testing
6	dd	f	20	green	7	(80, 0)	(40, 69)	(-39, 69)	(-80, 0)	(-40, -69)	(40, -69)	circle	green	dif	left	left	(40, -69)	(-39, 69)	search	nr	True	827251	827940	left	10	110	160	60	85	35	None	None	testing
6	dd	f	20	green	7	(80, 0)	(40, 69)	(-39, 69)	(-80, 0)	(-40, -69)	(40, -69)	diamond	green	same	right	right	(40, -69)	(80, 0)	search	nr	True	829038	829877	right	110	60	85	10	35	160	None	None	testing
6	dd	f	20	green	7	(80, 0)	(40, 69)	(-39, 69)	(-80, 0)	(-40, -69)	(40, -69)	diamond	none	same	right	right	N_dist	(-40, -69)	probe	h_norm	None	None	None	None	35	135	10	60	85	110	(40, -69)	12	testing
6	dd	f	20	green	7	(80, 0)	(40, 69)	(-39, 69)	(-80, 0)	(-40, -69)	(40, -69)	circle	green	dif	right	right	(40, -69)	(-39, 69)	probe	norm	None	None	None	None	35	135	10	110	160	85	(-40, -69)	53	testing
6	dd	f	20	green	7	(80, 0)	(40, 69)	(-39, 69)	(-80, 0)	(-40, -69)	(40, -69)	circle	green	dif	right	right	(40, -69)	(-39, 69)	search	nr	True	841243	841988	right	35	110	10	60	135	85	None	None	testing
6	dd	f	20	green	7	(80, 0)	(40, 69)	(-39, 69)	(-80, 0)	(-40, -69)	(40, -69)	diamond	green	dif	left	left	(40, -69)	(-39, 69)	probe	norm	None	None	None	None	85	160	35	110	60	135	(40, 69)	39	testing
6	dd	f	20	green	7	(80, 0)	(40, 69)	(-39, 69)	(-80, 0)	(-40, -69)	(40, -69)	diamond	none	same	right	right	N_dist	(-80, 0)	search	nr	True	847304	848020	right	10	160	35	85	60	110	None	None	testing
6	dd	f	20	green	7	(80, 0)	(40, 69)	(-39, 69)	(-80, 0)	(-40, -69)	(40, -69)	diamond	none	dif	right	right	N_dist	(80, 0)	probe	h_norm	None	None	None	None	85	110	160	10	60	135	(40, -69)	24	testing
6	dd	f	20	green	7	(80, 0)	(40, 69)	(-39, 69)	(-80, 0)	(-40, -69)	(40, -69)	diamond	green	same	left	left	(-80, 0)	(-40, -69)	search	nr	True	852965	854068	left	10	160	135	35	85	110	None	None	testing
6	dd	f	20	green	7	(80, 0)	(40, 69)	(-39, 69)	(-80, 0)	(-40, -69)	(40, -69)	circle	green	same	left	left	(40, -69)	(80, 0)	search	nr	True	855336	856293	left	110	35	10	135	60	85	None	None	testing
6	dd	f	20	green	7	(80, 0)	(40, 69)	(-39, 69)	(-80, 0)	(-40, -69)	(40, -69)	circle	green	same	left	left	(40, -69)	(-80, 0)	probe	norm	None	None	None	None	160	35	135	110	60	10	(40, 69)	157	testing
6	dd	f	20	green	7	(80, 0)	(40, 69)	(-39, 69)	(-80, 0)	(-40, -69)	(40, -69)	circle	green	same	right	right	(-80, 0)	(-39, 69)	search	nr	True	861430	862932	right	135	160	85	110	60	35	None	None	testing
6	dd	f	20	green	7	(80, 0)	(40, 69)	(-39, 69)	(-80, 0)	(-40, -69)	(40, -69)	circle	none	same	right	right	N_dist	(-40, -69)	search	nr	True	864052	864885	right	160	60	10	35	110	85	None	None	testing
6	dd	f	20	green	7	(80, 0)	(40, 69)	(-39, 69)	(-80, 0)	(-40, -69)	(40, -69)	circle	green	dif	left	left	(40, -69)	(40, 69)	search	nr	True	866039	866757	left	110	135	35	60	160	10	None	None	testing
6	dd	f	20	green	7	(80, 0)	(40, 69)	(-39, 69)	(-80, 0)	(-40, -69)	(40, -69)	diamond	green	same	right	right	(-39, 69)	(-40, -69)	search	nr	True	867826	868677	right	110	160	35	85	135	10	None	None	testing
6	dd	f	20	green	7	(80, 0)	(40, 69)	(-39, 69)	(-80, 0)	(-40, -69)	(40, -69)	diamond	green	same	left	left	(40, -69)	(80, 0)	search	nr	True	869896	870677	left	110	35	85	10	135	60	None	None	testing
6	dd	f	20	green	7	(80, 0)	(40, 69)	(-39, 69)	(-80, 0)	(-40, -69)	(40, -69)	diamond	green	dif	right	right	(40, -69)	(80, 0)	search	nr	True	871884	872629	right	60	160	135	110	35	10	None	None	testing
6	dd	f	20	green	7	(80, 0)	(40, 69)	(-39, 69)	(-80, 0)	(-40, -69)	(40, -69)	diamond	green	same	left	left	(40, -69)	(80, 0)	search	nr	True	873703	874436	left	85	135	160	60	10	35	None	None	testing
6	dd	f	20	green	7	(80, 0)	(40, 69)	(-39, 69)	(-80, 0)	(-40, -69)	(40, -69)	circle	green	same	right	right	(-80, 0)	(-39, 69)	search	nr	True	875707	876885	right	160	60	110	135	35	85	None	None	testing
6	dd	f	20	green	7	(80, 0)	(40, 69)	(-39, 69)	(-80, 0)	(-40, -69)	(40, -69)	diamond	none	dif	right	right	N_dist	(40, 69)	probe	h_norm	None	None	None	None	35	10	110	85	60	135	(40, -69)	27	testing
6	dd	f	20	green	7	(80, 0)	(40, 69)	(-39, 69)	(-80, 0)	(-40, -69)	(40, -69)	circle	none	dif	left	left	N_dist	(40, -69)	search	nr	True	881718	882628	left	60	160	110	85	135	35	None	None	testing
6	dd	f	20	green	7	(80, 0)	(40, 69)	(-39, 69)	(-80, 0)	(-40, -69)	(40, -69)	circle	none	dif	right	right	N_dist	(-80, 0)	search	nr	True	883888	885093	right	10	135	160	60	35	85	None	None	testing
6	dd	f	20	green	7	(80, 0)	(40, 69)	(-39, 69)	(-80, 0)	(-40, -69)	(40, -69)	diamond	green	dif	right	right	(40, -69)	(40, 69)	search	nr	True	886176	887108	right	60	10	85	135	35	110	None	None	testing
6	dd	f	20	green	7	(80, 0)	(40, 69)	(-39, 69)	(-80, 0)	(-40, -69)	(40, -69)	circle	none	dif	left	left	N_dist	(-80, 0)	search	nr	True	888297	889124	left	35	60	110	160	85	135	None	None	testing
6	dd	f	20	green	7	(80, 0)	(40, 69)	(-39, 69)	(-80, 0)	(-40, -69)	(40, -69)	circle	none	same	left	left	N_dist	(40, -69)	search	nr	True	890301	891125	left	85	60	135	110	160	35	None	None	testing
6	dd	f	20	green	7	(80, 0)	(40, 69)	(-39, 69)	(-80, 0)	(-40, -69)	(40, -69)	circle	green	same	left	left	(40, -69)	(-40, -69)	probe	tar	None	None	None	None	10	110	35	135	60	160	(-40, -69)	164	testing
6	dd	f	20	green	7	(80, 0)	(40, 69)	(-39, 69)	(-80, 0)	(-40, -69)	(40, -69)	diamond	green	same	left	left	(40, -69)	(-40, -69)	probe	tar	None	None	None	None	110	60	85	160	35	135	(-40, -69)	153	testing
6	dd	f	20	green	7	(80, 0)	(40, 69)	(-39, 69)	(-80, 0)	(-40, -69)	(40, -69)	diamond	green	same	right	right	(40, -69)	(-80, 0)	search	nr	True	900870	901620	right	60	160	10	85	35	110	None	None	testing
6	dd	f	20	green	7	(80, 0)	(40, 69)	(-39, 69)	(-80, 0)	(-40, -69)	(40, -69)	diamond	none	dif	right	right	N_dist	(-80, 0)	search	nr	True	902890	903972	right	135	160	110	60	35	85	None	None	testing
6	dd	f	20	green	7	(80, 0)	(40, 69)	(-39, 69)	(-80, 0)	(-40, -69)	(40, -69)	diamond	green	same	left	left	(-39, 69)	(-40, -69)	search	nr	True	905211	906245	left	110	135	60	160	35	85	None	None	testing
6	dd	f	20	green	7	(80, 0)	(40, 69)	(-39, 69)	(-80, 0)	(-40, -69)	(40, -69)	diamond	green	same	right	right	(40, -69)	(-39, 69)	probe	tar	None	None	None	None	160	85	135	10	35	110	(-39, 69)	25	testing
6	dd	f	20	green	7	(80, 0)	(40, 69)	(-39, 69)	(-80, 0)	(-40, -69)	(40, -69)	diamond	green	dif	right	right	(40, -69)	(-80, 0)	search	nr	True	912091	912900	right	85	60	110	160	10	35	None	None	testing
6	dd	f	20	green	7	(80, 0)	(40, 69)	(-39, 69)	(-80, 0)	(-40, -69)	(40, -69)	diamond	green	same	left	left	(-80, 0)	(-40, -69)	search	nr	True	913977	915045	left	10	135	160	60	110	35	None	None	testing
6	dd	f	20	green	7	(80, 0)	(40, 69)	(-39, 69)	(-80, 0)	(-40, -69)	(40, -69)	circle	none	same	left	left	N_dist	(40, 69)	probe	l_tar	None	None	None	None	35	135	160	60	10	85	(40, 69)	25	testing
6	dd	f	20	green	7	(80, 0)	(40, 69)	(-39, 69)	(-80, 0)	(-40, -69)	(40, -69)	circle	green	same	left	left	(-80, 0)	(40, 69)	probe	tar	None	None	None	None	10	60	110	35	85	160	(40, 69)	166	testing
6	dd	f	20	green	7	(80, 0)	(40, 69)	(-39, 69)	(-80, 0)	(-40, -69)	(40, -69)	circle	green	same	right	right	(40, -69)	(80, 0)	search	nr	True	925549	926308	right	35	60	10	85	160	110	None	None	testing
6	dd	f	20	green	7	(80, 0)	(40, 69)	(-39, 69)	(-80, 0)	(-40, -69)	(40, -69)	circle	green	dif	right	right	(40, -69)	(40, 69)	search	nr	True	927518	928276	right	10	35	160	110	135	60	None	None	testing
6	dd	f	20	green	7	(80, 0)	(40, 69)	(-39, 69)	(-80, 0)	(-40, -69)	(40, -69)	circle	green	same	left	left	(40, -69)	(80, 0)	probe	norm	None	None	None	None	160	85	110	60	35	135	(40, 69)	167	testing
6	dd	f	20	green	7	(80, 0)	(40, 69)	(-39, 69)	(-80, 0)	(-40, -69)	(40, -69)	circle	green	same	right	right	(40, -69)	(-80, 0)	search	nr	True	933530	934245	right	10	160	110	60	135	85	None	None	testing
6	dd	f	20	green	7	(80, 0)	(40, 69)	(-39, 69)	(-80, 0)	(-40, -69)	(40, -69)	circle	none	dif	right	right	N_dist	(-39, 69)	search	nr	True	935516	936244	right	135	110	160	85	10	35	None	None	testing
6	dd	f	20	green	7	(80, 0)	(40, 69)	(-39, 69)	(-80, 0)	(-40, -69)	(40, -69)	circle	none	same	right	right	N_dist	(80, 0)	search	nr	True	937504	938213	right	135	160	60	10	35	85	None	None	testing
6	dd	f	20	green	7	(80, 0)	(40, 69)	(-39, 69)	(-80, 0)	(-40, -69)	(40, -69)	diamond	green	dif	right	right	(80, 0)	(-39, 69)	search	nr	True	939341	940388	right	35	85	135	60	160	10	None	None	testing
6	dd	f	20	green	7	(80, 0)	(40, 69)	(-39, 69)	(-80, 0)	(-40, -69)	(40, -69)	diamond	green	same	right	right	(40, -69)	(80, 0)	probe	norm	None	None	None	None	135	85	160	35	60	110	(-40, -69)	163	testing
6	dd	f	20	green	7	(80, 0)	(40, 69)	(-39, 69)	(-80, 0)	(-40, -69)	(40, -69)	circle	none	same	right	right	N_dist	(80, 0)	search	nr	True	946219	946917	right	35	110	160	135	10	85	None	None	testing
6	dd	f	20	green	7	(80, 0)	(40, 69)	(-39, 69)	(-80, 0)	(-40, -69)	(40, -69)	circle	green	same	left	left	(40, -69)	(40, 69)	probe	norm	None	None	None	None	35	160	110	85	60	10	(-39, 69)	10	testing
6	dd	f	20	green	7	(80, 0)	(40, 69)	(-39, 69)	(-80, 0)	(-40, -69)	(40, -69)	diamond	none	same	left	left	N_dist	(-39, 69)	search	nr	True	953467	954260	left	85	110	135	35	10	60	None	None	testing
6	dd	f	20	green	7	(80, 0)	(40, 69)	(-39, 69)	(-80, 0)	(-40, -69)	(40, -69)	diamond	none	same	left	left	N_dist	(-39, 69)	search	nr	True	955570	956196	left	160	110	10	35	135	85	None	None	testing
6	dd	f	20	green	7	(80, 0)	(40, 69)	(-39, 69)	(-80, 0)	(-40, -69)	(40, -69)	diamond	none	dif	right	right	N_dist	(-80, 0)	probe	l_tar	None	None	None	None	60	135	35	110	160	85	(-80, 0)	4	testing
6	dd	f	20	green	7	(80, 0)	(40, 69)	(-39, 69)	(-80, 0)	(-40, -69)	(40, -69)	circle	none	dif	right	right	N_dist	(40, -69)	search	nr	True	960930	961669	right	110	135	35	85	60	10	None	None	testing
6	dd	f	20	green	7	(80, 0)	(40, 69)	(-39, 69)	(-80, 0)	(-40, -69)	(40, -69)	diamond	none	dif	right	right	N_dist	(-80, 0)	search	nr	True	962951	963908	right	160	110	85	60	135	10	None	None	testing
6	dd	f	20	green	7	(80, 0)	(40, 69)	(-39, 69)	(-80, 0)	(-40, -69)	(40, -69)	diamond	green	dif	left	left	(-39, 69)	(40, 69)	search	nr	True	965155	966052	left	35	10	160	110	60	135	None	None	testing
6	dd	f	20	green	7	(80, 0)	(40, 69)	(-39, 69)	(-80, 0)	(-40, -69)	(40, -69)	circle	none	same	left	left	N_dist	(40, 69)	search	nr	True	967259	968549	left	110	85	60	10	160	135	None	None	testing
6	dd	f	20	green	7	(80, 0)	(40, 69)	(-39, 69)	(-80, 0)	(-40, -69)	(40, -69)	diamond	green	same	left	left	(40, -69)	(-40, -69)	search	nr	True	969679	970820	left	60	10	35	110	85	160	None	None	testing
6	dd	f	20	green	7	(80, 0)	(40, 69)	(-39, 69)	(-80, 0)	(-40, -69)	(40, -69)	circle	none	dif	right	right	N_dist	(-40, -69)	probe	l_norm	None	None	None	None	10	135	160	35	85	110	(-80, 0)	159	testing
6	dd	f	20	green	7	(80, 0)	(40, 69)	(-39, 69)	(-80, 0)	(-40, -69)	(40, -69)	diamond	green	same	left	left	(-39, 69)	(-40, -69)	probe	l_sin	None	None	None	None	10	135	35	85	160	110	(-39, 69)	155	testing
6	dd	f	20	green	7	(80, 0)	(40, 69)	(-39, 69)	(-80, 0)	(-40, -69)	(40, -69)	diamond	green	same	right	right	(40, -69)	(-80, 0)	search	nr	True	981585	982340	right	85	60	135	35	110	10	None	None	testing
6	dd	f	20	green	7	(80, 0)	(40, 69)	(-39, 69)	(-80, 0)	(-40, -69)	(40, -69)	circle	green	dif	left	left	(40, -69)	(-39, 69)	search	nr	True	983521	984420	left	60	110	10	85	35	135	None	None	testing
6	dd	f	20	green	7	(80, 0)	(40, 69)	(-39, 69)	(-80, 0)	(-40, -69)	(40, -69)	circle	green	same	left	left	(40, -69)	(40, 69)	search	nr	True	985676	986404	left	60	35	160	85	110	135	None	None	testing
6	dd	f	20	green	7	(80, 0)	(40, 69)	(-39, 69)	(-80, 0)	(-40, -69)	(40, -69)	diamond	green	dif	right	right	(40, -69)	(-39, 69)	search	nr	True	987512	988260	right	10	60	85	35	110	160	None	None	testing
6	dd	f	20	green	7	(80, 0)	(40, 69)	(-39, 69)	(-80, 0)	(-40, -69)	(40, -69)	diamond	green	dif	left	left	(40, -69)	(-80, 0)	probe	norm	None	None	None	None	135	110	60	35	160	85	(-40, -69)	34	testing
6	dd	f	20	green	7	(80, 0)	(40, 69)	(-39, 69)	(-80, 0)	(-40, -69)	(40, -69)	diamond	green	dif	right	right	(40, -69)	(80, 0)	search	nr	True	994191	994932	right	60	135	160	10	110	35	None	None	testing
6	dd	f	20	green	7	(80, 0)	(40, 69)	(-39, 69)	(-80, 0)	(-40, -69)	(40, -69)	circle	green	same	right	right	(40, -69)	(-40, -69)	search	nr	True	996078	996917	right	135	10	35	60	160	85	None	None	testing
6	dd	f	20	green	7	(80, 0)	(40, 69)	(-39, 69)	(-80, 0)	(-40, -69)	(40, -69)	diamond	none	same	left	left	N_dist	(80, 0)	search	nr	True	997981	998677	left	10	60	135	160	110	85	None	None	testing
6	dd	f	20	green	7	(80, 0)	(40, 69)	(-39, 69)	(-80, 0)	(-40, -69)	(40, -69)	circle	green	same	right	right	(40, -69)	(-40, -69)	search	nr	True	999785	1000549	right	35	110	85	135	10	160	None	None	testing
6	dd	f	20	green	7	(80, 0)	(40, 69)	(-39, 69)	(-80, 0)	(-40, -69)	(40, -69)	circle	green	same	right	right	(40, -69)	(40, 69)	probe	norm	None	None	None	None	110	160	10	35	135	60	(-80, 0)	153	testing
6	dd	f	20	green	7	(80, 0)	(40, 69)	(-39, 69)	(-80, 0)	(-40, -69)	(40, -69)	diamond	green	dif	left	left	(-40, -69)	(-80, 0)	search	nr	True	1008117	1009364	left	35	135	160	60	85	110	None	None	testing
6	dd	f	20	green	7	(80, 0)	(40, 69)	(-39, 69)	(-80, 0)	(-40, -69)	(40, -69)	diamond	green	dif	left	left	(40, -69)	(-80, 0)	search	nr	True	1010455	1011236	left	85	10	60	160	135	35	None	None	testing
6	dd	f	20	green	7	(80, 0)	(40, 69)	(-39, 69)	(-80, 0)	(-40, -69)	(40, -69)	circle	green	same	left	left	(40, -69)	(40, 69)	search	nr	True	1012408	1013156	left	85	60	135	110	10	35	None	None	testing
6	dd	f	20	green	7	(80, 0)	(40, 69)	(-39, 69)	(-80, 0)	(-40, -69)	(40, -69)	diamond	green	dif	left	left	(-39, 69)	(40, 69)	probe	tar	None	None	None	None	85	110	60	135	10	35	(40, 69)	18	testing
6	dd	f	20	green	7	(80, 0)	(40, 69)	(-39, 69)	(-80, 0)	(-40, -69)	(40, -69)	circle	green	dif	left	left	(40, -69)	(-40, -69)	search	nr	True	1018035	1018932	left	35	110	85	60	10	135	None	None	testing
6	dd	f	20	green	7	(80, 0)	(40, 69)	(-39, 69)	(-80, 0)	(-40, -69)	(40, -69)	diamond	green	same	left	left	(40, -69)	(80, 0)	search	nr	True	1020222	1021076	left	10	135	160	110	35	60	None	None	testing
6	dd	f	20	green	7	(80, 0)	(40, 69)	(-39, 69)	(-80, 0)	(-40, -69)	(40, -69)	circle	green	same	left	left	(-80, 0)	(40, 69)	search	nr	True	1022210	1023188	left	110	160	10	60	35	85	None	None	testing
6	dd	f	20	green	7	(80, 0)	(40, 69)	(-39, 69)	(-80, 0)	(-40, -69)	(40, -69)	diamond	none	same	left	left	N_dist	(40, 69)	probe	l_tar	None	None	None	None	85	110	135	160	60	10	(40, 69)	18	testing
6	dd	f	20	green	7	(80, 0)	(40, 69)	(-39, 69)	(-80, 0)	(-40, -69)	(40, -69)	circle	green	dif	left	left	(40, 69)	(-40, -69)	search	nr	True	1028938	1029972	left	85	160	135	10	110	60	None	None	testing
6	dd	f	20	green	7	(80, 0)	(40, 69)	(-39, 69)	(-80, 0)	(-40, -69)	(40, -69)	diamond	green	dif	left	left	(80, 0)	(-40, -69)	search	nr	True	1031142	1032260	left	135	10	110	35	85	60	None	None	testing
6	dd	f	20	green	7	(80, 0)	(40, 69)	(-39, 69)	(-80, 0)	(-40, -69)	(40, -69)	circle	green	dif	left	left	(40, -69)	(-80, 0)	probe	h_sin	None	None	None	None	135	35	85	10	60	160	(40, -69)	36	testing
6	dd	f	20	green	7	(80, 0)	(40, 69)	(-39, 69)	(-80, 0)	(-40, -69)	(40, -69)	diamond	none	dif	right	right	N_dist	(-39, 69)	probe	h_norm	None	None	None	None	35	110	135	85	60	160	(40, -69)	49	testing
