subj	name	gender	age	dist	run	tar_locs1	tar_locs2	tar_locs3	tar_locs4	tar_locs5	tar_locs6	shape	dist	td_dif	detection	resp_key	dis_loc	tar_loc	task_type	probe_cond	gotKey	startTime	respTime	resp	o1	o2	o3	o4	o5	o6	pro_loc	ori_resp	mode
6	dd	f	20	green	1	(80, 0)	(40, 69)	(-39, 69)	(-80, 0)	(-40, -69)	(40, -69)	circle	green	dif	right	right	(40, -69)	(80, 0)	search	nr	True	247483	249083	right	10	160	35	85	135	110	None	None	practice
6	dd	f	20	green	1	(80, 0)	(40, 69)	(-39, 69)	(-80, 0)	(-40, -69)	(40, -69)	circle	green	dif	left	left	(-39, 69)	(-40, -69)	search	nr	True	250221	251178	left	35	85	10	60	110	135	None	None	practice
6	dd	f	20	green	1	(80, 0)	(40, 69)	(-39, 69)	(-80, 0)	(-40, -69)	(40, -69)	circle	green	same	left	left	(80, 0)	(40, 69)	probe	norm	None	None	None	None	10	135	110	160	60	85	(-39, 69)	36	practice
6	dd	f	20	green	1	(80, 0)	(40, 69)	(-39, 69)	(-80, 0)	(-40, -69)	(40, -69)	diamond	green	same	left	left	(40, 69)	(-39, 69)	probe	l_sin	None	None	None	None	110	10	160	60	135	35	(40, 69)	14	practice
6	dd	f	20	green	1	(80, 0)	(40, 69)	(-39, 69)	(-80, 0)	(-40, -69)	(40, -69)	circle	green	dif	right	right	(40, -69)	(-80, 0)	search	nr	True	283098	284026	right	85	160	135	110	60	10	None	None	practice
6	dd	f	20	green	1	(80, 0)	(40, 69)	(-39, 69)	(-80, 0)	(-40, -69)	(40, -69)	circle	none	same	left	left	N_dist	(-39, 69)	search	nr	True	285085	285866	left	35	85	160	110	135	60	None	None	practice
6	dd	f	20	green	1	(80, 0)	(40, 69)	(-39, 69)	(-80, 0)	(-40, -69)	(40, -69)	circle	none	same	left	left	N_dist	(40, 69)	search	nr	True	286922	288043	left	85	35	60	110	135	10	None	None	practice
6	dd	f	20	green	1	(80, 0)	(40, 69)	(-39, 69)	(-80, 0)	(-40, -69)	(40, -69)	circle	none	dif	right	right	N_dist	(-39, 69)	search	nr	True	289210	289882	right	135	110	85	60	10	160	None	None	practice
6	dd	f	20	green	1	(80, 0)	(40, 69)	(-39, 69)	(-80, 0)	(-40, -69)	(40, -69)	circle	green	dif	left	left	(40, -69)	(-40, -69)	search	nr	True	290996	291707	left	60	85	160	110	10	135	None	None	practice
6	dd	f	20	green	1	(80, 0)	(40, 69)	(-39, 69)	(-80, 0)	(-40, -69)	(40, -69)	diamond	green	dif	right	right	(40, -69)	(-40, -69)	search	nr	True	292950	293755	right	110	85	35	160	60	10	None	None	practice
6	dd	f	20	green	1	(80, 0)	(40, 69)	(-39, 69)	(-80, 0)	(-40, -69)	(40, -69)	diamond	green	same	left	left	(-39, 69)	(-40, -69)	search	nr	True	295020	295834	left	135	60	85	35	10	110	None	None	practice
6	dd	f	20	green	1	(80, 0)	(40, 69)	(-39, 69)	(-80, 0)	(-40, -69)	(40, -69)	diamond	none	same	left	left	N_dist	(-39, 69)	search	nr	True	296907	298043	left	135	160	110	85	10	60	None	None	practice
6	dd	f	20	green	1	(80, 0)	(40, 69)	(-39, 69)	(-80, 0)	(-40, -69)	(40, -69)	diamond	green	dif	left	left	(40, -69)	(-40, -69)	search	nr	True	299245	300155	left	160	85	110	60	35	10	None	None	practice
6	dd	f	20	green	1	(80, 0)	(40, 69)	(-39, 69)	(-80, 0)	(-40, -69)	(40, -69)	circle	green	same	right	right	(40, -69)	(-40, -69)	search	nr	True	301332	302234	right	110	135	10	60	85	160	None	None	practice
6	dd	f	20	green	1	(80, 0)	(40, 69)	(-39, 69)	(-80, 0)	(-40, -69)	(40, -69)	circle	none	same	right	right	N_dist	(40, -69)	search	nr	True	303519	304283	right	110	10	35	60	160	135	None	None	practice
6	dd	f	20	green	1	(80, 0)	(40, 69)	(-39, 69)	(-80, 0)	(-40, -69)	(40, -69)	diamond	none	dif	right	right	N_dist	(80, 0)	probe	l_tar	None	None	None	None	35	160	10	85	110	135	(80, 0)	148	practice
6	dd	f	20	green	1	(80, 0)	(40, 69)	(-39, 69)	(-80, 0)	(-40, -69)	(40, -69)	circle	green	same	left	left	(40, -69)	(40, 69)	search	nr	True	311633	312459	left	110	10	60	135	160	35	None	None	practice
6	dd	f	20	green	1	(80, 0)	(40, 69)	(-39, 69)	(-80, 0)	(-40, -69)	(40, -69)	circle	green	same	right	right	(40, -69)	(-80, 0)	search	nr	True	313705	314491	right	10	160	110	135	60	35	None	None	practice
6	dd	f	20	green	1	(80, 0)	(40, 69)	(-39, 69)	(-80, 0)	(-40, -69)	(40, -69)	circle	green	same	left	left	(-40, -69)	(-39, 69)	probe	norm	None	None	None	None	85	110	10	160	135	35	(-80, 0)	32	practice
6	dd	f	20	green	1	(80, 0)	(40, 69)	(-39, 69)	(-80, 0)	(-40, -69)	(40, -69)	circle	none	same	left	left	N_dist	(-39, 69)	probe	h_norm	None	None	None	None	110	35	160	135	10	85	(40, -69)	158	practice
6	dd	f	20	green	1	(80, 0)	(40, 69)	(-39, 69)	(-80, 0)	(-40, -69)	(40, -69)	diamond	green	dif	right	right	(40, -69)	(-39, 69)	probe	tar	None	None	None	None	35	10	60	85	110	135	(-39, 69)	157	practice
6	dd	f	20	green	1	(80, 0)	(40, 69)	(-39, 69)	(-80, 0)	(-40, -69)	(40, -69)	diamond	green	same	left	left	(40, -69)	(-40, -69)	search	nr	True	334592	335434	left	10	110	35	160	85	60	None	None	practice
6	dd	f	20	green	1	(80, 0)	(40, 69)	(-39, 69)	(-80, 0)	(-40, -69)	(40, -69)	diamond	green	dif	right	right	(40, -69)	(40, 69)	probe	norm	None	None	None	None	135	160	35	60	110	10	(-39, 69)	159	practice
6	dd	f	20	green	1	(80, 0)	(40, 69)	(-39, 69)	(-80, 0)	(-40, -69)	(40, -69)	circle	green	same	left	left	(-80, 0)	(40, 69)	search	nr	True	341973	343354	left	35	110	10	60	85	135	None	None	practice
6	dd	f	20	green	1	(80, 0)	(40, 69)	(-39, 69)	(-80, 0)	(-40, -69)	(40, -69)	circle	green	dif	right	right	(-39, 69)	(-40, -69)	search	nr	True	344545	345306	right	85	35	135	60	10	160	None	None	practice
6	dd	f	20	green	1	(80, 0)	(40, 69)	(-39, 69)	(-80, 0)	(-40, -69)	(40, -69)	circle	green	same	right	right	(40, -69)	(-80, 0)	search	nr	True	346481	347306	right	60	85	135	160	110	35	None	None	practice
6	dd	f	20	green	1	(80, 0)	(40, 69)	(-39, 69)	(-80, 0)	(-40, -69)	(40, -69)	diamond	green	same	right	right	(40, -69)	(-39, 69)	search	nr	True	348568	349274	right	60	10	160	35	135	85	None	None	practice
6	dd	f	20	green	1	(80, 0)	(40, 69)	(-39, 69)	(-80, 0)	(-40, -69)	(40, -69)	circle	green	dif	right	right	(-39, 69)	(-40, -69)	search	nr	True	350472	351898	right	35	110	60	85	135	10	None	None	practice
6	dd	f	20	green	1	(80, 0)	(40, 69)	(-39, 69)	(-80, 0)	(-40, -69)	(40, -69)	diamond	none	same	right	right	N_dist	(40, 69)	search	nr	True	352976	354106	right	35	135	10	110	60	85	None	None	practice
6	dd	f	20	green	1	(80, 0)	(40, 69)	(-39, 69)	(-80, 0)	(-40, -69)	(40, -69)	diamond	green	dif	left	left	(80, 0)	(40, 69)	search	nr	True	355214	356106	left	135	60	110	160	10	85	None	None	practice
6	dd	f	20	green	1	(80, 0)	(40, 69)	(-39, 69)	(-80, 0)	(-40, -69)	(40, -69)	diamond	green	dif	left	left	(80, 0)	(40, 69)	search	nr	True	357301	358138	left	10	160	85	110	135	35	None	None	practice
6	dd	f	20	green	1	(80, 0)	(40, 69)	(-39, 69)	(-80, 0)	(-40, -69)	(40, -69)	diamond	none	same	right	right	N_dist	(40, 69)	probe	h_norm	None	None	None	None	85	60	10	110	160	35	(40, -69)	159	practice
6	dd	f	20	green	1	(80, 0)	(40, 69)	(-39, 69)	(-80, 0)	(-40, -69)	(40, -69)	circle	green	same	left	left	(40, -69)	(80, 0)	probe	tar	None	None	None	None	110	85	135	35	10	60	(80, 0)	30	practice
6	dd	f	20	green	1	(80, 0)	(40, 69)	(-39, 69)	(-80, 0)	(-40, -69)	(40, -69)	diamond	green	dif	left	left	(-40, -69)	(-39, 69)	search	nr	True	372713	373562	left	160	10	110	85	135	35	None	None	practice
6	dd	f	20	green	1	(80, 0)	(40, 69)	(-39, 69)	(-80, 0)	(-40, -69)	(40, -69)	diamond	none	same	right	right	N_dist	(80, 0)	probe	l_norm	None	None	None	None	10	35	160	85	135	60	(-39, 69)	5	practice
6	dd	f	20	green	1	(80, 0)	(40, 69)	(-39, 69)	(-80, 0)	(-40, -69)	(40, -69)	diamond	green	same	right	right	(40, -69)	(-39, 69)	probe	h_sin	None	None	None	None	135	85	110	60	35	160	(40, -69)	13	practice
6	dd	f	20	green	1	(80, 0)	(40, 69)	(-39, 69)	(-80, 0)	(-40, -69)	(40, -69)	diamond	green	dif	left	left	(40, -69)	(-40, -69)	search	nr	True	416476	417850	left	110	135	85	35	10	160	None	None	practice
6	dd	f	20	green	1	(80, 0)	(40, 69)	(-39, 69)	(-80, 0)	(-40, -69)	(40, -69)	circle	green	same	left	left	(-80, 0)	(40, 69)	probe	l_sin	None	None	None	None	85	35	160	110	60	10	(-80, 0)	10	practice
6	dd	f	20	green	1	(80, 0)	(40, 69)	(-39, 69)	(-80, 0)	(-40, -69)	(40, -69)	circle	none	same	right	right	N_dist	(40, -69)	search	nr	True	423673	424986	right	10	60	135	160	85	35	None	None	practice
6	dd	f	20	green	1	(80, 0)	(40, 69)	(-39, 69)	(-80, 0)	(-40, -69)	(40, -69)	circle	green	same	left	left	(-40, -69)	(-39, 69)	search	nr	True	426111	426858	left	135	110	60	85	35	10	None	None	practice
6	dd	f	20	green	1	(80, 0)	(40, 69)	(-39, 69)	(-80, 0)	(-40, -69)	(40, -69)	diamond	green	same	left	left	(40, 69)	(-80, 0)	search	nr	True	450172	450986	left	110	60	85	135	10	160	None	None	testing
6	dd	f	20	green	1	(80, 0)	(40, 69)	(-39, 69)	(-80, 0)	(-40, -69)	(40, -69)	circle	green	dif	right	right	(40, -69)	(80, 0)	search	nr	True	452243	453386	right	135	160	110	85	60	35	None	None	testing
6	dd	f	20	green	1	(80, 0)	(40, 69)	(-39, 69)	(-80, 0)	(-40, -69)	(40, -69)	diamond	green	dif	right	right	(40, -69)	(-39, 69)	probe	tar	None	None	None	None	60	110	35	135	85	10	(-39, 69)	70	testing
6	dd	f	20	green	1	(80, 0)	(40, 69)	(-39, 69)	(-80, 0)	(-40, -69)	(40, -69)	diamond	green	dif	left	left	(40, -69)	(-40, -69)	search	nr	True	459423	460234	left	110	85	60	10	35	160	None	None	testing
6	dd	f	20	green	1	(80, 0)	(40, 69)	(-39, 69)	(-80, 0)	(-40, -69)	(40, -69)	circle	none	dif	right	right	N_dist	(80, 0)	search	nr	True	461359	462394	right	60	85	10	35	135	160	None	None	testing
6	dd	f	20	green	1	(80, 0)	(40, 69)	(-39, 69)	(-80, 0)	(-40, -69)	(40, -69)	circle	none	dif	left	left	N_dist	(-80, 0)	search	nr	True	463464	464425	left	160	10	60	135	35	110	None	None	testing
6	dd	f	20	green	1	(80, 0)	(40, 69)	(-39, 69)	(-80, 0)	(-40, -69)	(40, -69)	diamond	green	dif	left	left	(80, 0)	(40, 69)	search	nr	True	465534	466442	left	135	35	110	10	85	160	None	None	testing
6	dd	f	20	green	1	(80, 0)	(40, 69)	(-39, 69)	(-80, 0)	(-40, -69)	(40, -69)	circle	none	same	right	right	N_dist	(40, -69)	search	nr	True	467604	468410	right	160	60	135	85	110	35	None	None	testing
6	dd	f	20	green	1	(80, 0)	(40, 69)	(-39, 69)	(-80, 0)	(-40, -69)	(40, -69)	circle	green	same	left	left	(40, -69)	(40, 69)	search	nr	True	469507	471003	left	160	110	135	85	10	35	None	None	testing
6	dd	f	20	green	1	(80, 0)	(40, 69)	(-39, 69)	(-80, 0)	(-40, -69)	(40, -69)	diamond	none	same	right	right	N_dist	(40, 69)	search	nr	True	472229	473066	right	135	35	10	110	160	60	None	None	testing
6	dd	f	20	green	1	(80, 0)	(40, 69)	(-39, 69)	(-80, 0)	(-40, -69)	(40, -69)	diamond	none	dif	right	right	N_dist	(-39, 69)	probe	l_tar	None	None	None	None	60	35	160	85	135	10	(-39, 69)	41	testing
6	dd	f	20	green	1	(80, 0)	(40, 69)	(-39, 69)	(-80, 0)	(-40, -69)	(40, -69)	circle	green	same	right	right	(40, -69)	(-39, 69)	search	nr	True	478458	479339	right	35	10	160	110	60	85	None	None	testing
6	dd	f	20	green	1	(80, 0)	(40, 69)	(-39, 69)	(-80, 0)	(-40, -69)	(40, -69)	circle	green	dif	right	right	(40, -69)	(-39, 69)	search	nr	True	480411	481050	right	110	35	10	135	160	85	None	None	testing
6	dd	f	20	green	1	(80, 0)	(40, 69)	(-39, 69)	(-80, 0)	(-40, -69)	(40, -69)	diamond	green	same	left	left	(40, 69)	(-39, 69)	search	nr	True	482231	483290	left	35	110	10	160	60	85	None	None	testing
6	dd	f	20	green	1	(80, 0)	(40, 69)	(-39, 69)	(-80, 0)	(-40, -69)	(40, -69)	diamond	none	dif	left	left	N_dist	(80, 0)	search	nr	True	484485	485146	left	135	10	160	60	35	110	None	None	testing
6	dd	f	20	green	1	(80, 0)	(40, 69)	(-39, 69)	(-80, 0)	(-40, -69)	(40, -69)	diamond	green	dif	right	right	(40, -69)	(-39, 69)	search	nr	True	486205	486923	right	10	160	110	35	135	85	None	None	testing
6	dd	f	20	green	1	(80, 0)	(40, 69)	(-39, 69)	(-80, 0)	(-40, -69)	(40, -69)	circle	green	same	left	left	(-80, 0)	(40, 69)	probe	norm	None	None	None	None	10	60	135	110	160	85	(-39, 69)	46	testing
6	dd	f	20	green	1	(80, 0)	(40, 69)	(-39, 69)	(-80, 0)	(-40, -69)	(40, -69)	diamond	green	same	left	left	(40, -69)	(-80, 0)	probe	norm	None	None	None	None	10	35	85	160	110	60	(40, 69)	72	testing
6	dd	f	20	green	1	(80, 0)	(40, 69)	(-39, 69)	(-80, 0)	(-40, -69)	(40, -69)	diamond	green	dif	left	left	(80, 0)	(40, 69)	search	nr	True	497025	497722	left	60	85	160	10	110	135	None	None	testing
6	dd	f	20	green	1	(80, 0)	(40, 69)	(-39, 69)	(-80, 0)	(-40, -69)	(40, -69)	circle	green	dif	right	right	(40, -69)	(-39, 69)	probe	h_sin	None	None	None	None	160	110	35	10	60	135	(40, -69)	30	testing
6	dd	f	20	green	1	(80, 0)	(40, 69)	(-39, 69)	(-80, 0)	(-40, -69)	(40, -69)	circle	none	dif	right	right	N_dist	(40, -69)	search	nr	True	503821	504570	right	10	60	160	35	85	135	None	None	testing
6	dd	f	20	green	1	(80, 0)	(40, 69)	(-39, 69)	(-80, 0)	(-40, -69)	(40, -69)	circle	none	dif	left	left	N_dist	(-80, 0)	probe	l_norm	None	None	None	None	110	135	85	60	160	35	(80, 0)	34	testing
6	dd	f	20	green	1	(80, 0)	(40, 69)	(-39, 69)	(-80, 0)	(-40, -69)	(40, -69)	circle	green	dif	right	right	(-39, 69)	(-40, -69)	probe	l_sin	None	None	None	None	35	160	135	10	85	110	(-39, 69)	20	testing
6	dd	f	20	green	1	(80, 0)	(40, 69)	(-39, 69)	(-80, 0)	(-40, -69)	(40, -69)	circle	green	dif	left	left	(40, -69)	(80, 0)	search	nr	True	514173	514986	left	35	160	135	10	60	110	None	None	testing
6	dd	f	20	green	1	(80, 0)	(40, 69)	(-39, 69)	(-80, 0)	(-40, -69)	(40, -69)	diamond	green	dif	right	right	(40, -69)	(40, 69)	search	nr	True	516110	516889	right	10	60	135	110	85	35	None	None	testing
6	dd	f	20	green	1	(80, 0)	(40, 69)	(-39, 69)	(-80, 0)	(-40, -69)	(40, -69)	circle	none	dif	left	left	N_dist	(-40, -69)	probe	l_norm	None	None	None	None	110	85	60	135	160	10	(80, 0)	22	testing
6	dd	f	20	green	1	(80, 0)	(40, 69)	(-39, 69)	(-80, 0)	(-40, -69)	(40, -69)	diamond	none	dif	left	left	N_dist	(-80, 0)	probe	h_norm	None	None	None	None	135	160	110	60	85	35	(40, -69)	156	testing
6	dd	f	20	green	1	(80, 0)	(40, 69)	(-39, 69)	(-80, 0)	(-40, -69)	(40, -69)	diamond	green	dif	left	left	(40, -69)	(-40, -69)	search	nr	True	527731	528426	left	10	160	85	35	110	135	None	None	testing
6	dd	f	20	green	1	(80, 0)	(40, 69)	(-39, 69)	(-80, 0)	(-40, -69)	(40, -69)	circle	green	dif	right	right	(-40, -69)	(-80, 0)	probe	tar	None	None	None	None	160	10	35	60	110	135	(-80, 0)	179	testing
6	dd	f	20	green	1	(80, 0)	(40, 69)	(-39, 69)	(-80, 0)	(-40, -69)	(40, -69)	circle	green	same	right	right	(40, -69)	(40, 69)	probe	tar	None	None	None	None	35	135	10	85	160	60	(40, 69)	22	testing
6	dd	f	20	green	1	(80, 0)	(40, 69)	(-39, 69)	(-80, 0)	(-40, -69)	(40, -69)	diamond	green	same	right	right	(40, -69)	(-40, -69)	search	nr	True	538401	539706	right	60	135	110	10	160	35	None	None	testing
6	dd	f	20	green	1	(80, 0)	(40, 69)	(-39, 69)	(-80, 0)	(-40, -69)	(40, -69)	circle	green	dif	right	right	(40, -69)	(-80, 0)	probe	tar	None	None	None	None	60	135	35	110	160	85	(-80, 0)	10	testing
6	dd	f	20	green	1	(80, 0)	(40, 69)	(-39, 69)	(-80, 0)	(-40, -69)	(40, -69)	circle	green	dif	left	left	(40, -69)	(-39, 69)	search	nr	True	544595	545498	left	135	110	35	60	10	85	None	None	testing
6	dd	f	20	green	1	(80, 0)	(40, 69)	(-39, 69)	(-80, 0)	(-40, -69)	(40, -69)	diamond	green	dif	left	left	(40, -69)	(40, 69)	probe	tar	None	None	None	None	85	10	110	35	135	160	(40, 69)	40	testing
6	dd	f	20	green	1	(80, 0)	(40, 69)	(-39, 69)	(-80, 0)	(-40, -69)	(40, -69)	circle	green	same	right	right	(40, 69)	(-80, 0)	search	nr	True	552126	553066	right	160	135	110	35	10	85	None	None	testing
6	dd	f	20	green	1	(80, 0)	(40, 69)	(-39, 69)	(-80, 0)	(-40, -69)	(40, -69)	circle	none	dif	right	right	N_dist	(40, -69)	probe	h_tar	None	None	None	None	160	135	60	110	85	10	(40, -69)	150	testing
6	dd	f	20	green	1	(80, 0)	(40, 69)	(-39, 69)	(-80, 0)	(-40, -69)	(40, -69)	diamond	none	same	left	left	N_dist	(40, 69)	search	nr	True	558471	559226	left	110	35	60	160	85	135	None	None	testing
6	dd	f	20	green	1	(80, 0)	(40, 69)	(-39, 69)	(-80, 0)	(-40, -69)	(40, -69)	circle	green	same	left	left	(-80, 0)	(40, 69)	search	nr	True	560508	561242	left	10	110	35	160	135	85	None	None	testing
6	dd	f	20	green	1	(80, 0)	(40, 69)	(-39, 69)	(-80, 0)	(-40, -69)	(40, -69)	diamond	green	same	left	left	(40, -69)	(-40, -69)	search	nr	True	562311	563178	left	60	160	110	85	35	10	None	None	testing
6	dd	f	20	green	1	(80, 0)	(40, 69)	(-39, 69)	(-80, 0)	(-40, -69)	(40, -69)	circle	green	dif	left	left	(40, -69)	(-40, -69)	search	nr	True	564416	565114	left	60	10	110	160	135	85	None	None	testing
6	dd	f	20	green	1	(80, 0)	(40, 69)	(-39, 69)	(-80, 0)	(-40, -69)	(40, -69)	diamond	none	dif	right	right	N_dist	(40, 69)	search	nr	True	566419	567114	right	10	135	85	60	110	35	None	None	testing
6	dd	f	20	green	1	(80, 0)	(40, 69)	(-39, 69)	(-80, 0)	(-40, -69)	(40, -69)	circle	none	dif	right	right	N_dist	(80, 0)	probe	l_norm	None	None	None	None	85	10	160	110	60	35	(40, 69)	64	testing
6	dd	f	20	green	1	(80, 0)	(40, 69)	(-39, 69)	(-80, 0)	(-40, -69)	(40, -69)	diamond	green	same	right	right	(40, -69)	(40, 69)	search	nr	True	572447	573211	right	160	85	60	110	10	35	None	None	testing
6	dd	f	20	green	1	(80, 0)	(40, 69)	(-39, 69)	(-80, 0)	(-40, -69)	(40, -69)	diamond	green	dif	left	left	(40, -69)	(-40, -69)	search	nr	True	574334	575177	left	35	60	110	10	135	160	None	None	testing
6	dd	f	20	green	1	(80, 0)	(40, 69)	(-39, 69)	(-80, 0)	(-40, -69)	(40, -69)	diamond	green	same	right	right	(80, 0)	(40, 69)	probe	l_sin	None	None	None	None	160	35	135	110	60	85	(80, 0)	48	testing
6	dd	f	20	green	1	(80, 0)	(40, 69)	(-39, 69)	(-80, 0)	(-40, -69)	(40, -69)	diamond	green	same	right	right	(80, 0)	(40, 69)	search	nr	True	580445	581178	right	85	35	10	160	135	60	None	None	testing
6	dd	f	20	green	1	(80, 0)	(40, 69)	(-39, 69)	(-80, 0)	(-40, -69)	(40, -69)	circle	green	same	left	left	(40, -69)	(-40, -69)	search	nr	True	582332	583322	left	35	10	60	85	110	160	None	None	testing
6	dd	f	20	green	1	(80, 0)	(40, 69)	(-39, 69)	(-80, 0)	(-40, -69)	(40, -69)	diamond	none	same	right	right	N_dist	(-40, -69)	probe	l_norm	None	None	None	None	160	60	35	110	135	10	(-80, 0)	20	testing
6	dd	f	20	green	1	(80, 0)	(40, 69)	(-39, 69)	(-80, 0)	(-40, -69)	(40, -69)	diamond	green	same	left	left	(40, -69)	(-39, 69)	search	nr	True	588076	588778	left	60	35	110	10	160	135	None	None	testing
6	dd	f	20	green	1	(80, 0)	(40, 69)	(-39, 69)	(-80, 0)	(-40, -69)	(40, -69)	circle	none	dif	right	right	N_dist	(80, 0)	search	nr	True	589996	590842	right	160	85	135	60	110	35	None	None	testing
6	dd	f	20	green	1	(80, 0)	(40, 69)	(-39, 69)	(-80, 0)	(-40, -69)	(40, -69)	diamond	none	same	right	right	N_dist	(-39, 69)	search	nr	True	592083	592762	right	35	110	135	160	60	10	None	None	testing
6	dd	f	20	green	1	(80, 0)	(40, 69)	(-39, 69)	(-80, 0)	(-40, -69)	(40, -69)	diamond	none	dif	right	right	N_dist	(80, 0)	search	nr	True	594053	594858	right	35	85	135	110	10	60	None	None	testing
6	dd	f	20	green	1	(80, 0)	(40, 69)	(-39, 69)	(-80, 0)	(-40, -69)	(40, -69)	diamond	green	same	right	right	(-40, -69)	(80, 0)	search	nr	True	596057	596729	right	60	35	135	160	110	10	None	None	testing
6	dd	f	20	green	1	(80, 0)	(40, 69)	(-39, 69)	(-80, 0)	(-40, -69)	(40, -69)	circle	green	dif	right	right	(40, -69)	(-39, 69)	search	nr	True	597794	599225	right	60	10	35	160	135	85	None	None	testing
6	dd	f	20	green	1	(80, 0)	(40, 69)	(-39, 69)	(-80, 0)	(-40, -69)	(40, -69)	diamond	green	same	right	right	(40, -69)	(-39, 69)	probe	h_sin	None	None	None	None	110	135	160	60	10	85	(40, -69)	31	testing
6	dd	f	20	green	1	(80, 0)	(40, 69)	(-39, 69)	(-80, 0)	(-40, -69)	(40, -69)	circle	green	same	left	left	(80, 0)	(40, 69)	search	nr	True	604555	605530	left	160	110	60	10	135	85	None	None	testing
6	dd	f	20	green	1	(80, 0)	(40, 69)	(-39, 69)	(-80, 0)	(-40, -69)	(40, -69)	circle	none	same	left	left	N_dist	(80, 0)	search	nr	True	606610	607674	left	10	110	135	160	85	60	None	None	testing
6	dd	f	20	green	1	(80, 0)	(40, 69)	(-39, 69)	(-80, 0)	(-40, -69)	(40, -69)	diamond	green	same	left	left	(-80, 0)	(40, 69)	search	nr	True	608730	609465	left	135	110	35	60	160	10	None	None	testing
6	dd	f	20	green	1	(80, 0)	(40, 69)	(-39, 69)	(-80, 0)	(-40, -69)	(40, -69)	diamond	none	dif	right	right	N_dist	(-39, 69)	search	nr	True	610534	611290	right	110	35	160	85	10	60	None	None	testing
6	dd	f	20	green	1	(80, 0)	(40, 69)	(-39, 69)	(-80, 0)	(-40, -69)	(40, -69)	diamond	green	same	left	left	(40, -69)	(80, 0)	probe	tar	None	None	None	None	110	60	135	85	35	160	(80, 0)	20	testing
6	dd	f	20	green	1	(80, 0)	(40, 69)	(-39, 69)	(-80, 0)	(-40, -69)	(40, -69)	diamond	none	same	left	left	N_dist	(-40, -69)	search	nr	True	617213	618106	left	35	85	10	110	160	135	None	None	testing
6	dd	f	20	green	1	(80, 0)	(40, 69)	(-39, 69)	(-80, 0)	(-40, -69)	(40, -69)	circle	none	dif	right	right	N_dist	(-39, 69)	probe	h_norm	None	None	None	None	10	135	35	160	110	60	(40, -69)	162	testing
6	dd	f	20	green	1	(80, 0)	(40, 69)	(-39, 69)	(-80, 0)	(-40, -69)	(40, -69)	diamond	none	dif	left	left	N_dist	(-80, 0)	search	nr	True	623491	624538	left	60	10	135	85	160	110	None	None	testing
6	dd	f	20	green	1	(80, 0)	(40, 69)	(-39, 69)	(-80, 0)	(-40, -69)	(40, -69)	diamond	green	dif	right	right	(40, -69)	(40, 69)	probe	tar	None	None	None	None	110	10	160	60	85	35	(40, 69)	156	testing
6	dd	f	20	green	1	(80, 0)	(40, 69)	(-39, 69)	(-80, 0)	(-40, -69)	(40, -69)	diamond	green	dif	right	right	(40, -69)	(40, 69)	probe	norm	None	None	None	None	10	60	160	110	85	35	(-39, 69)	35	testing
6	dd	f	20	green	1	(80, 0)	(40, 69)	(-39, 69)	(-80, 0)	(-40, -69)	(40, -69)	circle	green	dif	right	right	(-40, -69)	(-80, 0)	search	nr	True	634895	635834	right	85	35	135	60	110	160	None	None	testing
6	dd	f	20	green	1	(80, 0)	(40, 69)	(-39, 69)	(-80, 0)	(-40, -69)	(40, -69)	diamond	none	same	right	right	N_dist	(40, 69)	probe	h_norm	None	None	None	None	160	135	60	110	35	10	(40, -69)	142	testing
6	dd	f	20	green	1	(80, 0)	(40, 69)	(-39, 69)	(-80, 0)	(-40, -69)	(40, -69)	diamond	none	dif	left	left	N_dist	(80, 0)	probe	h_norm	None	None	None	None	10	110	35	60	135	160	(40, -69)	109	testing
6	dd	f	20	green	1	(80, 0)	(40, 69)	(-39, 69)	(-80, 0)	(-40, -69)	(40, -69)	circle	green	dif	left	left	(40, 69)	(-39, 69)	probe	tar	None	None	None	None	135	85	35	110	10	160	(-39, 69)	147	testing
6	dd	f	20	green	1	(80, 0)	(40, 69)	(-39, 69)	(-80, 0)	(-40, -69)	(40, -69)	diamond	none	dif	right	right	N_dist	(-80, 0)	search	nr	True	656968	657802	right	10	135	60	85	160	35	None	None	testing
6	dd	f	20	green	1	(80, 0)	(40, 69)	(-39, 69)	(-80, 0)	(-40, -69)	(40, -69)	circle	none	dif	left	left	N_dist	(40, -69)	search	nr	True	658906	659850	left	135	110	85	160	35	10	None	None	testing
6	dd	f	20	green	1	(80, 0)	(40, 69)	(-39, 69)	(-80, 0)	(-40, -69)	(40, -69)	circle	green	same	right	right	(40, -69)	(40, 69)	search	nr	True	661093	661930	right	160	85	60	35	10	110	None	None	testing
6	dd	f	20	green	1	(80, 0)	(40, 69)	(-39, 69)	(-80, 0)	(-40, -69)	(40, -69)	circle	none	dif	left	left	N_dist	(-80, 0)	probe	l_norm	None	None	None	None	110	35	10	85	160	60	(-40, -69)	34	testing
6	dd	f	20	green	1	(80, 0)	(40, 69)	(-39, 69)	(-80, 0)	(-40, -69)	(40, -69)	circle	none	dif	right	right	N_dist	(-39, 69)	search	nr	True	667488	668362	right	35	135	85	10	60	160	None	None	testing
6	dd	f	20	green	1	(80, 0)	(40, 69)	(-39, 69)	(-80, 0)	(-40, -69)	(40, -69)	diamond	green	dif	right	right	(80, 0)	(-39, 69)	search	nr	True	669475	670314	right	85	10	135	160	110	35	None	None	testing
6	dd	f	20	green	1	(80, 0)	(40, 69)	(-39, 69)	(-80, 0)	(-40, -69)	(40, -69)	circle	green	same	right	right	(40, -69)	(-80, 0)	search	nr	True	671479	672346	right	85	10	60	160	35	110	None	None	testing
6	dd	f	20	green	1	(80, 0)	(40, 69)	(-39, 69)	(-80, 0)	(-40, -69)	(40, -69)	diamond	green	dif	right	right	(-39, 69)	(40, 69)	search	nr	True	673566	674330	left	110	35	135	10	85	60	None	None	testing
6	dd	f	20	green	1	(80, 0)	(40, 69)	(-39, 69)	(-80, 0)	(-40, -69)	(40, -69)	diamond	green	same	right	right	(-40, -69)	(-80, 0)	search	nr	True	676906	677721	right	85	35	135	110	10	160	None	None	testing
6	dd	f	20	green	1	(80, 0)	(40, 69)	(-39, 69)	(-80, 0)	(-40, -69)	(40, -69)	circle	green	dif	right	right	(40, -69)	(80, 0)	probe	h_sin	None	None	None	None	85	110	10	135	60	35	(40, -69)	148	testing
6	dd	f	20	green	1	(80, 0)	(40, 69)	(-39, 69)	(-80, 0)	(-40, -69)	(40, -69)	diamond	green	dif	right	right	(40, 69)	(-39, 69)	search	nr	True	682900	683641	right	110	10	35	85	160	60	None	None	testing
6	dd	f	20	green	1	(80, 0)	(40, 69)	(-39, 69)	(-80, 0)	(-40, -69)	(40, -69)	circle	green	same	right	right	(40, -69)	(-39, 69)	search	nr	True	684853	685817	right	60	110	10	85	160	135	None	None	testing
6	dd	f	20	green	1	(80, 0)	(40, 69)	(-39, 69)	(-80, 0)	(-40, -69)	(40, -69)	diamond	green	same	right	right	(40, -69)	(40, 69)	search	nr	True	686958	688298	right	60	160	10	35	110	85	None	None	testing
6	dd	f	20	green	1	(80, 0)	(40, 69)	(-39, 69)	(-80, 0)	(-40, -69)	(40, -69)	circle	green	dif	right	right	(40, -69)	(-80, 0)	search	nr	True	689395	690473	right	35	10	85	160	110	60	None	None	testing
6	dd	f	20	green	1	(80, 0)	(40, 69)	(-39, 69)	(-80, 0)	(-40, -69)	(40, -69)	circle	green	same	right	right	(40, -69)	(-80, 0)	probe	h_sin	None	None	None	None	160	85	10	35	60	135	(40, -69)	23	testing
6	dd	f	20	green	1	(80, 0)	(40, 69)	(-39, 69)	(-80, 0)	(-40, -69)	(40, -69)	circle	none	same	left	left	N_dist	(80, 0)	search	nr	True	698045	699018	left	110	60	10	35	85	160	None	None	testing
6	dd	f	20	green	1	(80, 0)	(40, 69)	(-39, 69)	(-80, 0)	(-40, -69)	(40, -69)	diamond	none	dif	left	left	N_dist	(40, -69)	search	nr	True	700215	701131	left	35	135	160	10	60	110	None	None	testing
6	dd	f	20	green	1	(80, 0)	(40, 69)	(-39, 69)	(-80, 0)	(-40, -69)	(40, -69)	circle	none	dif	right	right	N_dist	(40, 69)	probe	l_norm	None	None	None	None	85	60	10	110	35	135	(-40, -69)	68	testing
6	dd	f	20	green	1	(80, 0)	(40, 69)	(-39, 69)	(-80, 0)	(-40, -69)	(40, -69)	circle	none	same	left	left	N_dist	(-39, 69)	search	nr	True	709082	710298	left	135	85	160	10	110	60	None	None	testing
6	dd	f	20	green	1	(80, 0)	(40, 69)	(-39, 69)	(-80, 0)	(-40, -69)	(40, -69)	circle	none	same	right	right	N_dist	(-39, 69)	probe	l_norm	None	None	None	None	60	135	85	10	160	110	(40, 69)	25	testing
6	dd	f	20	green	1	(80, 0)	(40, 69)	(-39, 69)	(-80, 0)	(-40, -69)	(40, -69)	circle	green	same	left	left	(40, -69)	(40, 69)	probe	tar	None	None	None	None	60	160	85	35	110	10	(40, 69)	23	testing
6	dd	f	20	green	1	(80, 0)	(40, 69)	(-39, 69)	(-80, 0)	(-40, -69)	(40, -69)	diamond	green	same	left	left	(-80, 0)	(40, 69)	probe	l_sin	None	None	None	None	10	135	35	85	110	160	(-80, 0)	9	testing
6	dd	f	20	green	1	(80, 0)	(40, 69)	(-39, 69)	(-80, 0)	(-40, -69)	(40, -69)	circle	green	same	left	left	(40, -69)	(80, 0)	search	nr	True	727064	728970	left	85	110	35	135	10	160	None	None	testing
6	dd	f	20	green	1	(80, 0)	(40, 69)	(-39, 69)	(-80, 0)	(-40, -69)	(40, -69)	circle	green	dif	left	left	(40, -69)	(-80, 0)	search	nr	True	730070	731114	left	85	135	35	60	110	10	None	None	testing
6	dd	f	20	green	1	(80, 0)	(40, 69)	(-39, 69)	(-80, 0)	(-40, -69)	(40, -69)	diamond	green	same	left	left	(40, -69)	(80, 0)	search	nr	True	732291	733050	left	60	110	35	85	10	135	None	None	testing
6	dd	f	20	green	1	(80, 0)	(40, 69)	(-39, 69)	(-80, 0)	(-40, -69)	(40, -69)	diamond	green	dif	right	right	(40, 69)	(-39, 69)	search	nr	True	734328	735162	right	110	135	35	10	60	160	None	None	testing
6	dd	f	20	green	1	(80, 0)	(40, 69)	(-39, 69)	(-80, 0)	(-40, -69)	(40, -69)	diamond	none	same	right	right	N_dist	(80, 0)	probe	l_norm	None	None	None	None	35	110	160	135	10	85	(-39, 69)	37	testing
6	dd	f	20	green	1	(80, 0)	(40, 69)	(-39, 69)	(-80, 0)	(-40, -69)	(40, -69)	circle	none	same	right	right	N_dist	(-80, 0)	search	nr	True	740239	741034	right	110	85	10	60	160	35	None	None	testing
6	dd	f	20	green	1	(80, 0)	(40, 69)	(-39, 69)	(-80, 0)	(-40, -69)	(40, -69)	diamond	none	dif	right	right	N_dist	(80, 0)	search	nr	True	742225	742937	right	60	10	135	160	110	85	None	None	testing
6	dd	f	20	green	1	(80, 0)	(40, 69)	(-39, 69)	(-80, 0)	(-40, -69)	(40, -69)	diamond	green	dif	left	left	(40, -69)	(-40, -69)	probe	h_sin	None	None	None	None	135	35	60	160	85	110	(40, -69)	177	testing
6	dd	f	20	green	1	(80, 0)	(40, 69)	(-39, 69)	(-80, 0)	(-40, -69)	(40, -69)	diamond	green	same	left	left	(40, 69)	(-80, 0)	probe	tar	None	None	None	None	110	35	160	85	135	10	(-80, 0)	0	testing
6	dd	f	20	green	1	(80, 0)	(40, 69)	(-39, 69)	(-80, 0)	(-40, -69)	(40, -69)	circle	green	same	right	right	(-39, 69)	(-40, -69)	probe	l_sin	None	None	None	None	85	110	35	135	60	10	(-39, 69)	25	testing
6	dd	f	20	green	1	(80, 0)	(40, 69)	(-39, 69)	(-80, 0)	(-40, -69)	(40, -69)	circle	none	dif	right	right	N_dist	(80, 0)	probe	h_norm	None	None	None	None	160	85	35	110	60	135	(40, -69)	35	testing
6	dd	f	20	green	1	(80, 0)	(40, 69)	(-39, 69)	(-80, 0)	(-40, -69)	(40, -69)	circle	green	same	right	right	(40, 69)	(-80, 0)	search	nr	True	762547	763626	right	110	10	35	135	85	160	None	None	testing
6	dd	f	20	green	1	(80, 0)	(40, 69)	(-39, 69)	(-80, 0)	(-40, -69)	(40, -69)	diamond	none	same	right	right	N_dist	(-39, 69)	probe	l_norm	None	None	None	None	10	110	60	160	85	35	(-80, 0)	20	testing
6	dd	f	20	green	1	(80, 0)	(40, 69)	(-39, 69)	(-80, 0)	(-40, -69)	(40, -69)	circle	green	same	right	right	(40, -69)	(-80, 0)	search	nr	True	770244	771178	right	135	35	60	85	160	10	None	None	testing
6	dd	f	20	green	1	(80, 0)	(40, 69)	(-39, 69)	(-80, 0)	(-40, -69)	(40, -69)	diamond	none	same	right	right	N_dist	(40, 69)	search	nr	True	772448	773322	right	160	60	85	10	135	35	None	None	testing
6	dd	f	20	green	1	(80, 0)	(40, 69)	(-39, 69)	(-80, 0)	(-40, -69)	(40, -69)	diamond	green	dif	left	left	(80, 0)	(40, 69)	probe	norm	None	None	None	None	60	35	10	135	110	160	(40, -69)	161	testing
6	dd	f	20	green	1	(80, 0)	(40, 69)	(-39, 69)	(-80, 0)	(-40, -69)	(40, -69)	circle	none	dif	left	left	N_dist	(-80, 0)	search	nr	True	778425	779338	left	60	110	35	85	135	10	None	None	testing
6	dd	f	20	green	1	(80, 0)	(40, 69)	(-39, 69)	(-80, 0)	(-40, -69)	(40, -69)	circle	none	same	left	left	N_dist	(40, -69)	search	nr	True	780512	781370	left	110	10	60	160	85	35	None	None	testing
6	dd	f	20	green	1	(80, 0)	(40, 69)	(-39, 69)	(-80, 0)	(-40, -69)	(40, -69)	circle	none	dif	right	right	N_dist	(40, -69)	search	nr	True	782433	783482	right	60	10	135	85	160	35	None	None	testing
6	dd	f	20	green	1	(80, 0)	(40, 69)	(-39, 69)	(-80, 0)	(-40, -69)	(40, -69)	circle	green	same	right	right	(40, -69)	(-40, -69)	search	nr	True	784687	785850	right	35	160	135	60	85	110	None	None	testing
6	dd	f	20	green	1	(80, 0)	(40, 69)	(-39, 69)	(-80, 0)	(-40, -69)	(40, -69)	diamond	none	dif	left	left	N_dist	(-40, -69)	probe	l_tar	None	None	None	None	110	85	60	10	35	135	(-40, -69)	149	testing
6	dd	f	20	green	1	(80, 0)	(40, 69)	(-39, 69)	(-80, 0)	(-40, -69)	(40, -69)	circle	green	dif	right	right	(40, -69)	(80, 0)	search	nr	True	795056	796106	right	110	135	60	160	35	85	None	None	testing
6	dd	f	20	green	1	(80, 0)	(40, 69)	(-39, 69)	(-80, 0)	(-40, -69)	(40, -69)	circle	green	same	right	right	(40, -69)	(-40, -69)	search	nr	True	797310	798074	right	110	60	10	135	85	160	None	None	testing
6	dd	f	20	green	1	(80, 0)	(40, 69)	(-39, 69)	(-80, 0)	(-40, -69)	(40, -69)	circle	none	same	left	left	N_dist	(40, -69)	search	nr	True	799314	800154	left	85	60	35	135	10	160	None	None	testing
6	dd	f	20	green	1	(80, 0)	(40, 69)	(-39, 69)	(-80, 0)	(-40, -69)	(40, -69)	diamond	none	dif	left	left	N_dist	(-80, 0)	probe	l_tar	None	None	None	None	10	135	35	160	110	60	(-80, 0)	34	testing
6	dd	f	20	green	1	(80, 0)	(40, 69)	(-39, 69)	(-80, 0)	(-40, -69)	(40, -69)	diamond	none	dif	right	right	N_dist	(-40, -69)	search	nr	True	805826	806810	right	35	10	135	60	110	160	None	None	testing
6	dd	f	20	green	1	(80, 0)	(40, 69)	(-39, 69)	(-80, 0)	(-40, -69)	(40, -69)	diamond	green	same	right	right	(40, -69)	(-80, 0)	probe	h_sin	None	None	None	None	10	160	60	135	110	35	(40, -69)	151	testing
6	dd	f	20	green	1	(80, 0)	(40, 69)	(-39, 69)	(-80, 0)	(-40, -69)	(40, -69)	circle	green	dif	left	left	(40, -69)	(-40, -69)	probe	tar	None	None	None	None	85	60	160	10	35	135	(-40, -69)	154	testing
6	dd	f	20	green	1	(80, 0)	(40, 69)	(-39, 69)	(-80, 0)	(-40, -69)	(40, -69)	circle	green	same	left	left	(40, -69)	(-80, 0)	probe	h_sin	None	None	None	None	60	160	35	10	110	135	(40, -69)	159	testing
6	dd	f	20	green	1	(80, 0)	(40, 69)	(-39, 69)	(-80, 0)	(-40, -69)	(40, -69)	circle	green	dif	left	left	(-39, 69)	(-40, -69)	search	nr	True	819785	821034	left	160	110	35	135	85	60	None	None	testing
6	dd	f	20	green	1	(80, 0)	(40, 69)	(-39, 69)	(-80, 0)	(-40, -69)	(40, -69)	diamond	green	same	left	left	(40, -69)	(80, 0)	search	nr	True	822106	822954	left	10	60	35	85	110	135	None	None	testing
6	dd	f	20	green	1	(80, 0)	(40, 69)	(-39, 69)	(-80, 0)	(-40, -69)	(40, -69)	circle	green	same	right	right	(40, -69)	(-80, 0)	search	nr	True	824160	825050	right	85	10	160	135	110	60	None	None	testing
6	dd	f	20	green	1	(80, 0)	(40, 69)	(-39, 69)	(-80, 0)	(-40, -69)	(40, -69)	circle	green	dif	left	left	(40, -69)	(-80, 0)	probe	tar	None	None	None	None	10	110	160	35	85	60	(-80, 0)	72	testing
6	dd	f	20	green	1	(80, 0)	(40, 69)	(-39, 69)	(-80, 0)	(-40, -69)	(40, -69)	diamond	green	same	right	right	(-40, -69)	(-80, 0)	probe	l_sin	None	None	None	None	35	85	110	60	160	135	(-40, -69)	38	testing
6	dd	f	20	green	1	(80, 0)	(40, 69)	(-39, 69)	(-80, 0)	(-40, -69)	(40, -69)	diamond	green	same	right	right	(80, 0)	(-39, 69)	search	nr	True	835030	836058	right	10	110	35	85	135	160	None	None	testing
6	dd	f	20	green	1	(80, 0)	(40, 69)	(-39, 69)	(-80, 0)	(-40, -69)	(40, -69)	diamond	green	same	left	left	(40, 69)	(-39, 69)	search	nr	True	837200	839049	left	85	35	135	60	10	160	None	None	testing
6	dd	f	20	green	1	(80, 0)	(40, 69)	(-39, 69)	(-80, 0)	(-40, -69)	(40, -69)	diamond	green	dif	right	right	(40, -69)	(40, 69)	search	nr	True	840239	841066	right	110	160	85	60	135	35	None	None	testing
6	dd	f	20	green	1	(80, 0)	(40, 69)	(-39, 69)	(-80, 0)	(-40, -69)	(40, -69)	diamond	green	dif	left	left	(40, -69)	(-40, -69)	search	nr	True	842226	843130	left	85	135	110	10	160	60	None	None	testing
6	dd	f	20	green	1	(80, 0)	(40, 69)	(-39, 69)	(-80, 0)	(-40, -69)	(40, -69)	circle	green	dif	left	left	(40, -69)	(-39, 69)	search	nr	True	844430	845290	left	35	110	60	160	135	85	None	None	testing
6	dd	f	20	green	1	(80, 0)	(40, 69)	(-39, 69)	(-80, 0)	(-40, -69)	(40, -69)	circle	none	dif	right	right	N_dist	(40, 69)	search	nr	True	846517	847338	right	110	10	60	35	160	85	None	None	testing
6	dd	f	20	green	1	(80, 0)	(40, 69)	(-39, 69)	(-80, 0)	(-40, -69)	(40, -69)	diamond	green	same	right	right	(-80, 0)	(80, 0)	probe	l_sin	None	None	None	None	110	135	60	85	35	10	(-80, 0)	19	testing
6	dd	f	20	green	1	(80, 0)	(40, 69)	(-39, 69)	(-80, 0)	(-40, -69)	(40, -69)	diamond	green	dif	right	right	(40, -69)	(-40, -69)	search	nr	True	852261	853098	right	85	160	60	35	10	110	None	None	testing
6	dd	f	20	green	1	(80, 0)	(40, 69)	(-39, 69)	(-80, 0)	(-40, -69)	(40, -69)	diamond	green	dif	right	right	(80, 0)	(-39, 69)	search	nr	True	854198	855210	right	10	160	110	35	85	60	None	None	testing
6	dd	f	20	green	1	(80, 0)	(40, 69)	(-39, 69)	(-80, 0)	(-40, -69)	(40, -69)	circle	green	same	right	right	(40, -69)	(-80, 0)	probe	h_sin	None	None	None	None	35	160	60	110	10	85	(40, -69)	166	testing
6	dd	f	20	green	1	(80, 0)	(40, 69)	(-39, 69)	(-80, 0)	(-40, -69)	(40, -69)	circle	green	dif	right	right	(40, -69)	(-39, 69)	search	nr	True	861227	862026	right	160	35	110	85	10	60	None	None	testing
6	dd	f	20	green	1	(80, 0)	(40, 69)	(-39, 69)	(-80, 0)	(-40, -69)	(40, -69)	circle	green	dif	right	right	(40, -69)	(-80, 0)	probe	norm	None	None	None	None	135	110	160	35	60	10	(-39, 69)	42	testing
6	dd	f	20	green	1	(80, 0)	(40, 69)	(-39, 69)	(-80, 0)	(-40, -69)	(40, -69)	diamond	none	same	left	left	N_dist	(-80, 0)	search	nr	True	868324	869194	left	135	110	85	35	60	10	None	None	testing
6	dd	f	20	green	1	(80, 0)	(40, 69)	(-39, 69)	(-80, 0)	(-40, -69)	(40, -69)	circle	green	dif	left	left	(40, -69)	(80, 0)	probe	norm	None	None	None	None	85	10	135	160	110	35	(-80, 0)	30	testing
6	dd	f	20	green	1	(80, 0)	(40, 69)	(-39, 69)	(-80, 0)	(-40, -69)	(40, -69)	diamond	none	dif	right	right	N_dist	(-40, -69)	search	nr	True	875320	876586	right	110	135	160	35	10	60	None	None	testing
6	dd	f	20	green	1	(80, 0)	(40, 69)	(-39, 69)	(-80, 0)	(-40, -69)	(40, -69)	diamond	green	dif	left	left	(40, -69)	(80, 0)	probe	norm	None	None	None	None	110	135	60	85	35	10	(-40, -69)	150	testing
6	dd	f	20	green	1	(80, 0)	(40, 69)	(-39, 69)	(-80, 0)	(-40, -69)	(40, -69)	diamond	green	dif	right	right	(40, -69)	(-39, 69)	search	nr	True	881882	882666	right	135	35	10	85	110	160	None	None	testing
6	dd	f	20	green	1	(80, 0)	(40, 69)	(-39, 69)	(-80, 0)	(-40, -69)	(40, -69)	circle	green	dif	right	right	(-40, -69)	(40, 69)	search	nr	True	883870	884666	right	85	160	60	135	35	10	None	None	testing
6	dd	f	20	green	1	(80, 0)	(40, 69)	(-39, 69)	(-80, 0)	(-40, -69)	(40, -69)	diamond	none	dif	left	left	N_dist	(-80, 0)	search	nr	True	885740	886490	left	35	85	60	160	10	135	None	None	testing
6	dd	f	20	green	1	(80, 0)	(40, 69)	(-39, 69)	(-80, 0)	(-40, -69)	(40, -69)	circle	none	same	right	right	N_dist	(-40, -69)	search	nr	True	887576	888618	right	35	135	10	60	85	110	None	None	testing
6	dd	f	20	green	1	(80, 0)	(40, 69)	(-39, 69)	(-80, 0)	(-40, -69)	(40, -69)	circle	none	same	left	left	N_dist	(-39, 69)	probe	h_norm	None	None	None	None	10	35	60	110	85	160	(40, -69)	71	testing
6	dd	f	20	green	1	(80, 0)	(40, 69)	(-39, 69)	(-80, 0)	(-40, -69)	(40, -69)	circle	green	same	right	right	(-39, 69)	(-40, -69)	search	nr	True	896442	897930	right	160	35	60	135	10	85	None	None	testing
6	dd	f	20	green	1	(80, 0)	(40, 69)	(-39, 69)	(-80, 0)	(-40, -69)	(40, -69)	circle	green	dif	left	left	(40, -69)	(-80, 0)	search	nr	True	899114	900026	left	35	85	110	10	135	60	None	None	testing
6	dd	f	20	green	1	(80, 0)	(40, 69)	(-39, 69)	(-80, 0)	(-40, -69)	(40, -69)	diamond	none	dif	left	left	N_dist	(-40, -69)	search	nr	True	901118	902042	left	85	35	135	60	10	110	None	None	testing
6	dd	f	20	green	1	(80, 0)	(40, 69)	(-39, 69)	(-80, 0)	(-40, -69)	(40, -69)	circle	green	same	right	right	(40, -69)	(-39, 69)	probe	h_sin	None	None	None	None	35	160	110	135	60	85	(40, -69)	164	testing
6	dd	f	20	green	1	(80, 0)	(40, 69)	(-39, 69)	(-80, 0)	(-40, -69)	(40, -69)	diamond	green	dif	right	right	(-80, 0)	(-40, -69)	search	nr	True	906912	908361	right	135	85	160	35	60	10	None	None	testing
6	dd	f	20	green	1	(80, 0)	(40, 69)	(-39, 69)	(-80, 0)	(-40, -69)	(40, -69)	circle	green	same	left	left	(40, -69)	(40, 69)	search	nr	True	909533	910554	left	110	85	60	35	10	160	None	None	testing
6	dd	f	20	green	1	(80, 0)	(40, 69)	(-39, 69)	(-80, 0)	(-40, -69)	(40, -69)	circle	green	same	right	right	(40, -69)	(40, 69)	search	nr	True	911654	912425	right	110	160	35	60	10	85	None	None	testing
6	dd	f	20	green	1	(80, 0)	(40, 69)	(-39, 69)	(-80, 0)	(-40, -69)	(40, -69)	circle	none	same	right	right	N_dist	(40, -69)	search	nr	True	913674	914522	right	60	160	85	10	135	110	None	None	testing
6	dd	f	20	green	1	(80, 0)	(40, 69)	(-39, 69)	(-80, 0)	(-40, -69)	(40, -69)	circle	green	same	right	right	(40, 69)	(-80, 0)	probe	norm	None	None	None	None	10	35	160	135	60	85	(40, -69)	160	testing
6	dd	f	20	green	1	(80, 0)	(40, 69)	(-39, 69)	(-80, 0)	(-40, -69)	(40, -69)	circle	green	dif	left	left	(40, -69)	(-40, -69)	probe	h_sin	None	None	None	None	85	35	135	10	60	110	(40, -69)	169	testing
6	dd	f	20	green	1	(80, 0)	(40, 69)	(-39, 69)	(-80, 0)	(-40, -69)	(40, -69)	circle	green	dif	left	left	(-39, 69)	(-40, -69)	probe	l_sin	None	None	None	None	160	35	60	10	85	110	(-39, 69)	164	testing
6	dd	f	20	green	1	(80, 0)	(40, 69)	(-39, 69)	(-80, 0)	(-40, -69)	(40, -69)	circle	green	same	left	left	(-80, 0)	(80, 0)	search	nr	True	928267	930138	left	60	35	160	10	110	85	None	None	testing
6	dd	f	20	green	1	(80, 0)	(40, 69)	(-39, 69)	(-80, 0)	(-40, -69)	(40, -69)	diamond	none	same	left	left	N_dist	(40, 69)	probe	h_norm	None	None	None	None	10	110	85	60	135	160	(40, -69)	177	testing
6	dd	f	20	green	1	(80, 0)	(40, 69)	(-39, 69)	(-80, 0)	(-40, -69)	(40, -69)	diamond	green	dif	right	right	(40, -69)	(-40, -69)	search	nr	True	934863	935754	right	10	110	60	160	35	135	None	None	testing
6	dd	f	20	green	1	(80, 0)	(40, 69)	(-39, 69)	(-80, 0)	(-40, -69)	(40, -69)	circle	green	same	left	left	(40, -69)	(40, 69)	probe	norm	None	None	None	None	85	110	10	135	60	160	(80, 0)	45	testing
6	dd	f	20	green	1	(80, 0)	(40, 69)	(-39, 69)	(-80, 0)	(-40, -69)	(40, -69)	circle	green	same	left	left	(-80, 0)	(40, 69)	search	nr	True	940624	941786	left	85	160	35	110	135	10	None	None	testing
6	dd	f	20	green	1	(80, 0)	(40, 69)	(-39, 69)	(-80, 0)	(-40, -69)	(40, -69)	circle	green	same	left	left	(-40, -69)	(-39, 69)	search	nr	True	943045	944074	left	10	135	160	85	110	60	None	None	testing
6	dd	f	20	green	1	(80, 0)	(40, 69)	(-39, 69)	(-80, 0)	(-40, -69)	(40, -69)	diamond	green	dif	left	left	(40, -69)	(-80, 0)	probe	norm	None	None	None	None	160	135	60	85	35	10	(-40, -69)	160	testing
6	dd	f	20	green	1	(80, 0)	(40, 69)	(-39, 69)	(-80, 0)	(-40, -69)	(40, -69)	diamond	green	dif	right	right	(-39, 69)	(40, 69)	probe	l_sin	None	None	None	None	85	10	35	110	60	135	(-39, 69)	157	testing
6	dd	f	20	green	1	(80, 0)	(40, 69)	(-39, 69)	(-80, 0)	(-40, -69)	(40, -69)	circle	none	same	left	left	N_dist	(-39, 69)	search	nr	True	957204	958089	left	60	85	160	35	10	110	None	None	testing
6	dd	f	20	green	1	(80, 0)	(40, 69)	(-39, 69)	(-80, 0)	(-40, -69)	(40, -69)	diamond	none	same	left	left	N_dist	(-39, 69)	probe	h_norm	None	None	None	None	110	85	160	35	10	60	(40, -69)	33	testing
6	dd	f	20	green	1	(80, 0)	(40, 69)	(-39, 69)	(-80, 0)	(-40, -69)	(40, -69)	diamond	green	same	right	right	(-40, -69)	(80, 0)	probe	l_sin	None	None	None	None	85	160	35	135	10	110	(-40, -69)	156	testing
6	dd	f	20	green	1	(80, 0)	(40, 69)	(-39, 69)	(-80, 0)	(-40, -69)	(40, -69)	circle	none	dif	right	right	N_dist	(80, 0)	search	nr	True	967139	968458	right	85	10	60	110	160	135	None	None	testing
6	dd	f	20	green	1	(80, 0)	(40, 69)	(-39, 69)	(-80, 0)	(-40, -69)	(40, -69)	circle	green	same	right	right	(40, -69)	(80, 0)	search	nr	True	969593	970442	right	60	160	10	35	135	110	None	None	testing
6	dd	f	20	green	1	(80, 0)	(40, 69)	(-39, 69)	(-80, 0)	(-40, -69)	(40, -69)	diamond	green	dif	right	right	(40, -69)	(40, 69)	search	nr	True	971647	973194	right	110	135	160	85	35	10	None	None	testing
6	dd	f	20	green	1	(80, 0)	(40, 69)	(-39, 69)	(-80, 0)	(-40, -69)	(40, -69)	circle	green	same	right	right	(40, -69)	(-80, 0)	search	nr	True	974486	975562	right	35	110	85	60	160	10	None	None	testing
6	dd	f	20	green	1	(80, 0)	(40, 69)	(-39, 69)	(-80, 0)	(-40, -69)	(40, -69)	diamond	green	dif	left	left	(-40, -69)	(-39, 69)	search	nr	True	976824	978730	left	110	160	135	85	10	60	None	None	testing
6	dd	f	20	green	1	(80, 0)	(40, 69)	(-39, 69)	(-80, 0)	(-40, -69)	(40, -69)	diamond	none	same	left	left	N_dist	(-40, -69)	search	nr	True	979913	980778	left	135	35	60	85	160	110	None	None	testing
6	dd	f	20	green	1	(80, 0)	(40, 69)	(-39, 69)	(-80, 0)	(-40, -69)	(40, -69)	diamond	green	same	right	right	(40, -69)	(-80, 0)	search	nr	True	982066	982858	right	35	135	110	60	10	160	None	None	testing
6	dd	f	20	green	1	(80, 0)	(40, 69)	(-39, 69)	(-80, 0)	(-40, -69)	(40, -69)	diamond	green	same	left	left	(40, -69)	(-40, -69)	probe	norm	None	None	None	None	35	60	160	10	135	110	(-39, 69)	25	testing
6	dd	f	20	green	1	(80, 0)	(40, 69)	(-39, 69)	(-80, 0)	(-40, -69)	(40, -69)	circle	none	same	left	left	N_dist	(40, 69)	probe	l_norm	None	None	None	None	35	110	135	160	10	60	(-39, 69)	14	testing
6	dd	f	20	green	1	(80, 0)	(40, 69)	(-39, 69)	(-80, 0)	(-40, -69)	(40, -69)	circle	none	same	left	left	N_dist	(40, -69)	probe	h_tar	None	None	None	None	135	60	160	35	10	85	(40, -69)	29	testing
6	dd	f	20	green	1	(80, 0)	(40, 69)	(-39, 69)	(-80, 0)	(-40, -69)	(40, -69)	diamond	green	same	left	left	(-80, 0)	(40, 69)	search	nr	True	998664	999562	left	135	160	60	110	35	85	None	None	testing
6	dd	f	20	green	1	(80, 0)	(40, 69)	(-39, 69)	(-80, 0)	(-40, -69)	(40, -69)	diamond	green	dif	left	left	(40, -69)	(-80, 0)	search	nr	True	1000634	1002330	left	135	160	60	85	10	35	None	None	testing
6	dd	f	20	green	1	(80, 0)	(40, 69)	(-39, 69)	(-80, 0)	(-40, -69)	(40, -69)	diamond	green	dif	left	left	(80, 0)	(40, 69)	probe	l_sin	None	None	None	None	10	85	110	135	35	160	(80, 0)	145	testing
6	dd	f	20	green	1	(80, 0)	(40, 69)	(-39, 69)	(-80, 0)	(-40, -69)	(40, -69)	diamond	green	same	right	right	(40, -69)	(-80, 0)	search	nr	True	1007464	1008362	right	85	60	110	135	35	10	None	None	testing
6	dd	f	20	green	1	(80, 0)	(40, 69)	(-39, 69)	(-80, 0)	(-40, -69)	(40, -69)	circle	green	same	left	left	(40, -69)	(-40, -69)	search	nr	True	1009484	1010298	left	60	85	135	160	10	35	None	None	testing
6	dd	f	20	green	1	(80, 0)	(40, 69)	(-39, 69)	(-80, 0)	(-40, -69)	(40, -69)	circle	green	same	right	right	(40, -69)	(80, 0)	probe	tar	None	None	None	None	160	110	10	135	85	60	(80, 0)	36	testing
6	dd	f	20	green	1	(80, 0)	(40, 69)	(-39, 69)	(-80, 0)	(-40, -69)	(40, -69)	circle	green	same	right	right	(40, -69)	(-40, -69)	probe	norm	None	None	None	None	160	135	110	60	35	85	(-80, 0)	161	testing
6	dd	f	20	green	1	(80, 0)	(40, 69)	(-39, 69)	(-80, 0)	(-40, -69)	(40, -69)	circle	none	dif	right	right	N_dist	(80, 0)	search	nr	True	1020588	1021418	right	60	35	160	110	10	85	None	None	testing
6	dd	f	20	green	1	(80, 0)	(40, 69)	(-39, 69)	(-80, 0)	(-40, -69)	(40, -69)	diamond	green	same	right	right	(80, 0)	(-39, 69)	probe	tar	None	None	None	None	85	110	60	35	10	160	(-39, 69)	162	testing
6	dd	f	20	green	1	(80, 0)	(40, 69)	(-39, 69)	(-80, 0)	(-40, -69)	(40, -69)	diamond	green	same	left	left	(40, 69)	(-80, 0)	search	nr	True	1026598	1027610	left	60	160	35	10	110	85	None	None	testing
6	dd	f	20	green	1	(80, 0)	(40, 69)	(-39, 69)	(-80, 0)	(-40, -69)	(40, -69)	circle	green	dif	left	left	(40, -69)	(-39, 69)	probe	h_sin	None	None	None	None	135	85	35	110	10	60	(40, -69)	19	testing
6	dd	f	20	green	1	(80, 0)	(40, 69)	(-39, 69)	(-80, 0)	(-40, -69)	(40, -69)	diamond	green	dif	right	right	(-39, 69)	(40, 69)	search	nr	True	1034062	1034938	right	85	160	35	60	10	135	None	None	testing
6	dd	f	20	green	1	(80, 0)	(40, 69)	(-39, 69)	(-80, 0)	(-40, -69)	(40, -69)	diamond	none	same	right	right	N_dist	(-39, 69)	search	nr	True	1035999	1036794	right	10	160	110	135	60	35	None	None	testing
6	dd	f	20	green	1	(80, 0)	(40, 69)	(-39, 69)	(-80, 0)	(-40, -69)	(40, -69)	circle	green	dif	left	left	(-39, 69)	(-40, -69)	search	nr	True	1037936	1038874	left	160	10	110	85	35	60	None	None	testing
6	dd	f	20	green	1	(80, 0)	(40, 69)	(-39, 69)	(-80, 0)	(-40, -69)	(40, -69)	circle	green	same	left	left	(80, 0)	(40, 69)	search	nr	True	1039939	1040826	left	60	85	10	110	160	35	None	None	testing
6	dd	f	20	green	1	(80, 0)	(40, 69)	(-39, 69)	(-80, 0)	(-40, -69)	(40, -69)	circle	green	dif	right	right	(40, -69)	(80, 0)	search	nr	True	1041893	1042970	right	35	110	10	85	160	135	None	None	testing
6	dd	f	20	green	1	(80, 0)	(40, 69)	(-39, 69)	(-80, 0)	(-40, -69)	(40, -69)	circle	green	same	left	left	(40, -69)	(80, 0)	search	nr	True	1044198	1044938	left	85	135	160	35	60	110	None	None	testing
6	dd	f	20	green	1	(80, 0)	(40, 69)	(-39, 69)	(-80, 0)	(-40, -69)	(40, -69)	diamond	none	dif	right	right	N_dist	(-80, 0)	search	nr	True	1046217	1047354	right	85	135	110	60	10	160	None	None	testing
6	dd	f	20	green	1	(80, 0)	(40, 69)	(-39, 69)	(-80, 0)	(-40, -69)	(40, -69)	diamond	green	dif	right	right	(40, -69)	(-39, 69)	probe	norm	None	None	None	None	10	110	160	35	85	60	(-80, 0)	164	testing
6	dd	f	20	green	1	(80, 0)	(40, 69)	(-39, 69)	(-80, 0)	(-40, -69)	(40, -69)	diamond	none	dif	right	right	N_dist	(-39, 69)	search	nr	True	1053298	1053962	right	110	10	85	135	35	160	None	None	testing
6	dd	f	20	green	1	(80, 0)	(40, 69)	(-39, 69)	(-80, 0)	(-40, -69)	(40, -69)	circle	none	dif	left	left	N_dist	(-40, -69)	search	nr	True	1055134	1056073	left	110	85	10	60	35	160	None	None	testing
6	dd	f	20	green	1	(80, 0)	(40, 69)	(-39, 69)	(-80, 0)	(-40, -69)	(40, -69)	circle	green	same	right	right	(40, -69)	(40, 69)	search	nr	True	1057221	1058026	right	135	110	160	10	85	35	None	None	testing
6	dd	f	20	green	1	(80, 0)	(40, 69)	(-39, 69)	(-80, 0)	(-40, -69)	(40, -69)	diamond	green	same	left	left	(40, 69)	(-80, 0)	probe	l_sin	None	None	None	None	160	60	85	110	35	135	(40, 69)	157	testing
6	dd	f	20	green	1	(80, 0)	(40, 69)	(-39, 69)	(-80, 0)	(-40, -69)	(40, -69)	circle	green	same	left	left	(-80, 0)	(80, 0)	probe	tar	None	None	None	None	135	60	110	160	85	35	(80, 0)	25	testing
6	dd	f	20	green	1	(80, 0)	(40, 69)	(-39, 69)	(-80, 0)	(-40, -69)	(40, -69)	diamond	none	dif	left	left	N_dist	(80, 0)	search	nr	True	1067858	1068730	left	35	160	10	85	60	135	None	None	testing
6	dd	f	20	green	1	(80, 0)	(40, 69)	(-39, 69)	(-80, 0)	(-40, -69)	(40, -69)	circle	none	same	right	right	N_dist	(-39, 69)	search	nr	True	1069878	1070666	right	110	160	85	10	35	135	None	None	testing
6	dd	f	20	green	1	(80, 0)	(40, 69)	(-39, 69)	(-80, 0)	(-40, -69)	(40, -69)	diamond	none	same	right	right	N_dist	(-40, -69)	search	nr	True	1071815	1072697	right	85	10	60	35	135	110	None	None	testing
6	dd	f	20	green	1	(80, 0)	(40, 69)	(-39, 69)	(-80, 0)	(-40, -69)	(40, -69)	circle	none	dif	left	left	N_dist	(-40, -69)	search	nr	True	1073935	1074778	left	135	10	85	60	35	110	None	None	testing
6	dd	f	20	green	1	(80, 0)	(40, 69)	(-39, 69)	(-80, 0)	(-40, -69)	(40, -69)	circle	green	dif	right	right	(-40, -69)	(40, 69)	probe	l_sin	None	None	None	None	85	160	10	35	110	135	(-40, -69)	167	testing
6	dd	f	20	green	1	(80, 0)	(40, 69)	(-39, 69)	(-80, 0)	(-40, -69)	(40, -69)	diamond	green	same	right	right	(-80, 0)	(80, 0)	search	nr	True	1079780	1080666	right	135	10	110	60	160	35	None	None	testing
6	dd	f	20	green	1	(80, 0)	(40, 69)	(-39, 69)	(-80, 0)	(-40, -69)	(40, -69)	circle	none	same	right	right	N_dist	(40, -69)	probe	h_tar	None	None	None	None	10	85	35	60	110	135	(40, -69)	170	testing
6	dd	f	20	green	1	(80, 0)	(40, 69)	(-39, 69)	(-80, 0)	(-40, -69)	(40, -69)	circle	green	same	left	left	(-40, -69)	(-39, 69)	search	nr	True	1085440	1086314	left	160	10	135	110	60	85	None	None	testing
6	dd	f	20	green	1	(80, 0)	(40, 69)	(-39, 69)	(-80, 0)	(-40, -69)	(40, -69)	circle	none	same	right	right	N_dist	(-80, 0)	search	nr	True	1087560	1088425	right	110	35	10	135	160	85	None	None	testing
6	dd	f	20	green	1	(80, 0)	(40, 69)	(-39, 69)	(-80, 0)	(-40, -69)	(40, -69)	circle	none	dif	left	left	N_dist	(-40, -69)	search	nr	True	1089648	1090345	left	110	160	135	85	60	35	None	None	testing
6	dd	f	20	green	1	(80, 0)	(40, 69)	(-39, 69)	(-80, 0)	(-40, -69)	(40, -69)	circle	none	dif	left	left	N_dist	(40, -69)	probe	h_tar	None	None	None	None	35	160	110	85	10	135	(40, -69)	35	testing
6	dd	f	20	green	1	(80, 0)	(40, 69)	(-39, 69)	(-80, 0)	(-40, -69)	(40, -69)	diamond	green	dif	left	left	(40, -69)	(-40, -69)	search	nr	True	1095925	1096761	left	60	160	35	85	110	10	None	None	testing
6	dd	f	20	green	1	(80, 0)	(40, 69)	(-39, 69)	(-80, 0)	(-40, -69)	(40, -69)	diamond	green	same	left	left	(40, 69)	(-80, 0)	search	nr	True	1098047	1098874	left	10	110	135	160	35	60	None	None	testing
6	dd	f	20	green	1	(80, 0)	(40, 69)	(-39, 69)	(-80, 0)	(-40, -69)	(40, -69)	diamond	none	dif	right	right	N_dist	(80, 0)	probe	l_tar	None	None	None	None	85	10	135	110	35	160	(80, 0)	171	testing
6	dd	f	20	green	1	(80, 0)	(40, 69)	(-39, 69)	(-80, 0)	(-40, -69)	(40, -69)	circle	none	same	right	right	N_dist	(-39, 69)	search	nr	True	1105076	1105978	right	135	10	35	85	60	160	None	None	testing
6	dd	f	20	green	1	(80, 0)	(40, 69)	(-39, 69)	(-80, 0)	(-40, -69)	(40, -69)	diamond	none	dif	right	right	N_dist	(-40, -69)	probe	h_norm	None	None	None	None	35	110	10	85	135	160	(40, -69)	35	testing
6	dd	f	20	green	1	(80, 0)	(40, 69)	(-39, 69)	(-80, 0)	(-40, -69)	(40, -69)	diamond	green	same	left	left	(40, -69)	(-40, -69)	search	nr	True	1112406	1113354	left	10	35	160	135	60	85	None	None	testing
6	dd	f	20	green	1	(80, 0)	(40, 69)	(-39, 69)	(-80, 0)	(-40, -69)	(40, -69)	diamond	green	dif	left	left	(40, -69)	(80, 0)	search	nr	True	1114460	1115530	left	10	85	135	60	35	160	None	None	testing
6	dd	f	20	green	1	(80, 0)	(40, 69)	(-39, 69)	(-80, 0)	(-40, -69)	(40, -69)	diamond	green	dif	left	left	(-40, -69)	(-39, 69)	search	nr	True	1116597	1117721	left	35	85	10	110	135	160	None	None	testing
6	dd	f	20	green	1	(80, 0)	(40, 69)	(-39, 69)	(-80, 0)	(-40, -69)	(40, -69)	circle	green	dif	right	right	(-40, -69)	(-80, 0)	search	nr	True	1118919	1119897	right	135	35	60	85	10	160	None	None	testing
6	dd	f	20	green	1	(80, 0)	(40, 69)	(-39, 69)	(-80, 0)	(-40, -69)	(40, -69)	circle	none	dif	left	left	N_dist	(-40, -69)	search	nr	True	1121022	1121817	left	10	35	135	85	60	160	None	None	testing
6	dd	f	20	green	1	(80, 0)	(40, 69)	(-39, 69)	(-80, 0)	(-40, -69)	(40, -69)	diamond	green	same	right	right	(40, -69)	(-39, 69)	search	nr	True	1123109	1123962	right	85	60	135	35	160	10	None	None	testing
6	dd	f	20	green	1	(80, 0)	(40, 69)	(-39, 69)	(-80, 0)	(-40, -69)	(40, -69)	circle	green	dif	right	right	(-39, 69)	(-40, -69)	probe	norm	None	None	None	None	85	160	135	35	10	110	(40, 69)	9	testing
6	dd	f	20	green	1	(80, 0)	(40, 69)	(-39, 69)	(-80, 0)	(-40, -69)	(40, -69)	diamond	green	dif	right	right	(40, -69)	(-39, 69)	search	nr	True	1131391	1132122	right	10	35	160	60	135	85	None	None	testing
6	dd	f	20	green	1	(80, 0)	(40, 69)	(-39, 69)	(-80, 0)	(-40, -69)	(40, -69)	diamond	none	same	left	left	N_dist	(-39, 69)	search	nr	True	1133328	1133994	left	85	60	10	110	160	135	None	None	testing
6	dd	f	20	green	1	(80, 0)	(40, 69)	(-39, 69)	(-80, 0)	(-40, -69)	(40, -69)	circle	green	same	left	left	(-80, 0)	(40, 69)	search	nr	True	1135265	1136441	left	110	135	35	60	10	85	None	None	testing
6	dd	f	20	green	1	(80, 0)	(40, 69)	(-39, 69)	(-80, 0)	(-40, -69)	(40, -69)	diamond	green	dif	right	right	(-80, 0)	(-40, -69)	probe	tar	None	None	None	None	160	85	135	60	35	110	(-40, -69)	161	testing
6	dd	f	20	green	1	(80, 0)	(40, 69)	(-39, 69)	(-80, 0)	(-40, -69)	(40, -69)	diamond	none	same	left	left	N_dist	(-40, -69)	probe	l_norm	None	None	None	None	60	85	135	35	160	10	(-39, 69)	26	testing
6	dd	f	20	green	1	(80, 0)	(40, 69)	(-39, 69)	(-80, 0)	(-40, -69)	(40, -69)	circle	green	dif	right	right	(40, -69)	(-39, 69)	search	nr	True	1145216	1146186	right	85	60	135	10	110	35	None	None	testing
6	dd	f	20	green	1	(80, 0)	(40, 69)	(-39, 69)	(-80, 0)	(-40, -69)	(40, -69)	circle	green	same	right	right	(40, -69)	(80, 0)	search	nr	True	1147320	1148345	right	110	85	10	135	60	160	None	None	testing
6	dd	f	20	green	1	(80, 0)	(40, 69)	(-39, 69)	(-80, 0)	(-40, -69)	(40, -69)	circle	none	same	right	right	N_dist	(-40, -69)	probe	l_tar	None	None	None	None	60	135	85	110	10	160	(-40, -69)	154	testing
6	dd	f	20	green	1	(80, 0)	(40, 69)	(-39, 69)	(-80, 0)	(-40, -69)	(40, -69)	circle	none	same	left	left	N_dist	(40, -69)	search	nr	True	1154600	1155290	left	60	10	135	35	85	160	None	None	testing
6	dd	f	20	green	1	(80, 0)	(40, 69)	(-39, 69)	(-80, 0)	(-40, -69)	(40, -69)	circle	green	dif	left	left	(40, -69)	(80, 0)	search	nr	True	1156371	1157738	left	160	10	35	110	135	60	None	None	testing
6	dd	f	20	green	1	(80, 0)	(40, 69)	(-39, 69)	(-80, 0)	(-40, -69)	(40, -69)	diamond	green	dif	left	left	(40, -69)	(40, 69)	search	nr	True	1158841	1159849	left	110	60	10	35	135	160	None	None	testing
6	dd	f	20	green	1	(80, 0)	(40, 69)	(-39, 69)	(-80, 0)	(-40, -69)	(40, -69)	circle	none	dif	right	right	N_dist	(-39, 69)	search	nr	True	1160996	1162154	right	110	85	160	60	10	135	None	None	testing
6	dd	f	20	green	1	(80, 0)	(40, 69)	(-39, 69)	(-80, 0)	(-40, -69)	(40, -69)	diamond	none	same	left	left	N_dist	(40, 69)	search	nr	True	1163250	1164378	left	110	10	60	135	35	160	None	None	testing
6	dd	f	20	green	1	(80, 0)	(40, 69)	(-39, 69)	(-80, 0)	(-40, -69)	(40, -69)	diamond	none	same	left	left	N_dist	(40, 69)	search	nr	True	1165520	1166841	left	35	135	160	85	110	60	None	None	testing
6	dd	f	20	green	1	(80, 0)	(40, 69)	(-39, 69)	(-80, 0)	(-40, -69)	(40, -69)	diamond	none	same	right	right	N_dist	(80, 0)	search	nr	True	1168126	1168905	right	160	35	85	135	10	60	None	None	testing
6	dd	f	20	green	1	(80, 0)	(40, 69)	(-39, 69)	(-80, 0)	(-40, -69)	(40, -69)	circle	green	dif	right	right	(-39, 69)	(-40, -69)	search	nr	True	1170163	1171049	right	160	110	60	135	85	10	None	None	testing
6	dd	f	20	green	1	(80, 0)	(40, 69)	(-39, 69)	(-80, 0)	(-40, -69)	(40, -69)	circle	green	dif	left	left	(40, -69)	(-39, 69)	probe	tar	None	None	None	None	160	110	135	35	85	10	(-39, 69)	18	testing
6	dd	f	20	green	1	(80, 0)	(40, 69)	(-39, 69)	(-80, 0)	(-40, -69)	(40, -69)	diamond	none	dif	left	left	N_dist	(-80, 0)	search	nr	True	1181934	1182794	left	85	110	135	60	160	35	None	None	testing
6	dd	f	20	green	1	(80, 0)	(40, 69)	(-39, 69)	(-80, 0)	(-40, -69)	(40, -69)	diamond	none	dif	left	left	N_dist	(-80, 0)	search	nr	True	1184088	1184698	left	10	85	110	35	160	60	None	None	testing
6	dd	f	20	green	1	(80, 0)	(40, 69)	(-39, 69)	(-80, 0)	(-40, -69)	(40, -69)	diamond	none	same	right	right	N_dist	(-39, 69)	probe	h_norm	None	None	None	None	135	85	35	160	60	110	(40, -69)	159	testing
6	dd	f	20	green	1	(80, 0)	(40, 69)	(-39, 69)	(-80, 0)	(-40, -69)	(40, -69)	circle	green	dif	right	right	(40, -69)	(-39, 69)	probe	norm	None	None	None	None	85	135	110	60	35	10	(-80, 0)	8	testing
6	dd	f	20	green	1	(80, 0)	(40, 69)	(-39, 69)	(-80, 0)	(-40, -69)	(40, -69)	diamond	green	same	right	right	(-40, -69)	(80, 0)	search	nr	True	1193689	1194458	right	85	110	60	160	135	10	None	None	testing
6	dd	f	20	green	1	(80, 0)	(40, 69)	(-39, 69)	(-80, 0)	(-40, -69)	(40, -69)	circle	green	same	right	right	(-39, 69)	(-40, -69)	search	nr	True	1195526	1196650	right	160	35	60	110	135	85	None	None	testing
6	dd	f	20	green	1	(80, 0)	(40, 69)	(-39, 69)	(-80, 0)	(-40, -69)	(40, -69)	circle	none	dif	left	left	N_dist	(40, -69)	search	nr	True	1197846	1198809	left	160	35	60	85	110	135	None	None	testing
6	dd	f	20	green	1	(80, 0)	(40, 69)	(-39, 69)	(-80, 0)	(-40, -69)	(40, -69)	circle	green	dif	left	left	(40, -69)	(80, 0)	search	nr	True	1200084	1201002	left	110	160	35	85	60	135	None	None	testing
6	dd	f	20	green	1	(80, 0)	(40, 69)	(-39, 69)	(-80, 0)	(-40, -69)	(40, -69)	diamond	green	dif	right	right	(40, -69)	(40, 69)	search	nr	True	1202288	1203194	right	60	35	135	85	160	110	None	None	testing
6	dd	f	20	green	1	(80, 0)	(40, 69)	(-39, 69)	(-80, 0)	(-40, -69)	(40, -69)	circle	green	dif	left	left	(40, -69)	(80, 0)	search	nr	True	1204358	1205114	left	135	10	160	110	85	60	None	None	testing
6	dd	f	20	green	1	(80, 0)	(40, 69)	(-39, 69)	(-80, 0)	(-40, -69)	(40, -69)	circle	green	same	left	left	(40, -69)	(-80, 0)	search	nr	True	1206329	1207242	left	10	85	135	35	110	60	None	None	testing
6	dd	f	20	green	1	(80, 0)	(40, 69)	(-39, 69)	(-80, 0)	(-40, -69)	(40, -69)	diamond	green	dif	left	left	(80, 0)	(40, 69)	search	nr	True	1208333	1209689	left	85	135	60	110	10	35	None	None	testing
6	dd	f	20	green	1	(80, 0)	(40, 69)	(-39, 69)	(-80, 0)	(-40, -69)	(40, -69)	diamond	green	same	right	right	(80, 0)	(40, 69)	search	nr	True	1210887	1211898	right	60	135	85	110	160	10	None	None	testing
6	dd	f	20	green	1	(80, 0)	(40, 69)	(-39, 69)	(-80, 0)	(-40, -69)	(40, -69)	circle	green	dif	right	right	(40, -69)	(80, 0)	probe	h_sin	None	None	None	None	10	110	160	135	60	85	(40, -69)	159	testing
6	dd	f	20	green	1	(80, 0)	(40, 69)	(-39, 69)	(-80, 0)	(-40, -69)	(40, -69)	diamond	none	same	right	right	N_dist	(-39, 69)	search	nr	True	1216881	1217801	right	10	85	160	110	35	135	None	None	testing
6	dd	f	20	green	1	(80, 0)	(40, 69)	(-39, 69)	(-80, 0)	(-40, -69)	(40, -69)	diamond	green	dif	right	right	(40, -69)	(40, 69)	probe	norm	None	None	None	None	85	160	135	60	10	35	(-40, -69)	156	testing
6	dd	f	20	green	1	(80, 0)	(40, 69)	(-39, 69)	(-80, 0)	(-40, -69)	(40, -69)	diamond	green	dif	right	right	(40, -69)	(40, 69)	search	nr	True	1222842	1223946	right	35	135	60	110	160	10	None	None	testing
6	dd	f	20	green	1	(80, 0)	(40, 69)	(-39, 69)	(-80, 0)	(-40, -69)	(40, -69)	circle	green	dif	right	right	(-39, 69)	(-40, -69)	search	nr	True	1225180	1226170	right	160	10	60	135	110	85	None	None	testing
6	dd	f	20	green	1	(80, 0)	(40, 69)	(-39, 69)	(-80, 0)	(-40, -69)	(40, -69)	circle	green	dif	left	left	(40, -69)	(-40, -69)	search	nr	True	1227418	1228105	left	160	60	85	10	135	35	None	None	testing
6	dd	f	20	green	1	(80, 0)	(40, 69)	(-39, 69)	(-80, 0)	(-40, -69)	(40, -69)	circle	green	dif	right	right	(40, -69)	(-80, 0)	search	nr	True	1229371	1230233	right	110	35	160	10	135	60	None	None	testing
6	dd	f	20	green	1	(80, 0)	(40, 69)	(-39, 69)	(-80, 0)	(-40, -69)	(40, -69)	circle	none	same	right	right	N_dist	(40, -69)	probe	h_tar	None	None	None	None	35	85	60	135	10	160	(40, -69)	36	testing
6	dd	f	20	green	1	(80, 0)	(40, 69)	(-39, 69)	(-80, 0)	(-40, -69)	(40, -69)	circle	green	dif	right	right	(40, -69)	(-80, 0)	search	nr	True	1235265	1236074	right	110	10	160	35	60	85	None	None	testing
6	dd	f	20	green	1	(80, 0)	(40, 69)	(-39, 69)	(-80, 0)	(-40, -69)	(40, -69)	diamond	none	same	right	right	N_dist	(-39, 69)	search	nr	True	1237169	1238009	right	35	60	160	110	85	10	None	None	testing
6	dd	f	20	green	1	(80, 0)	(40, 69)	(-39, 69)	(-80, 0)	(-40, -69)	(40, -69)	circle	green	same	right	right	(40, -69)	(-80, 0)	probe	norm	None	None	None	None	135	60	10	110	160	35	(80, 0)	31	testing
6	dd	f	20	green	1	(80, 0)	(40, 69)	(-39, 69)	(-80, 0)	(-40, -69)	(40, -69)	diamond	green	dif	left	left	(40, -69)	(-40, -69)	probe	h_sin	None	None	None	None	135	10	60	160	85	35	(40, -69)	149	testing
6	dd	f	20	green	1	(80, 0)	(40, 69)	(-39, 69)	(-80, 0)	(-40, -69)	(40, -69)	circle	green	dif	right	right	(-40, -69)	(40, 69)	search	nr	True	1247171	1247929	right	85	35	10	110	60	160	None	None	testing
6	dd	f	20	green	1	(80, 0)	(40, 69)	(-39, 69)	(-80, 0)	(-40, -69)	(40, -69)	diamond	none	dif	left	left	N_dist	(40, -69)	search	nr	True	1249174	1250042	left	110	160	10	60	135	35	None	None	testing
6	dd	f	20	green	1	(80, 0)	(40, 69)	(-39, 69)	(-80, 0)	(-40, -69)	(40, -69)	circle	green	dif	left	left	(40, -69)	(80, 0)	probe	tar	None	None	None	None	160	85	10	135	60	110	(80, 0)	34	testing
6	dd	f	20	green	1	(80, 0)	(40, 69)	(-39, 69)	(-80, 0)	(-40, -69)	(40, -69)	diamond	green	same	right	right	(-40, -69)	(-80, 0)	search	nr	True	1257323	1258057	right	160	85	10	60	35	135	None	None	testing
6	dd	f	20	green	1	(80, 0)	(40, 69)	(-39, 69)	(-80, 0)	(-40, -69)	(40, -69)	diamond	green	dif	left	left	(40, -69)	(-40, -69)	probe	h_sin	None	None	None	None	60	135	110	35	85	10	(40, -69)	135	testing
6	dd	f	20	green	1	(80, 0)	(40, 69)	(-39, 69)	(-80, 0)	(-40, -69)	(40, -69)	circle	none	same	right	right	N_dist	(-80, 0)	probe	l_norm	None	None	None	None	35	10	160	110	135	60	(80, 0)	152	testing
6	dd	f	20	green	1	(80, 0)	(40, 69)	(-39, 69)	(-80, 0)	(-40, -69)	(40, -69)	diamond	green	dif	left	left	(40, -69)	(-80, 0)	search	nr	True	1274371	1275194	left	60	10	135	35	160	110	None	None	testing
6	dd	f	20	green	1	(80, 0)	(40, 69)	(-39, 69)	(-80, 0)	(-40, -69)	(40, -69)	diamond	green	dif	right	right	(40, -69)	(40, 69)	search	nr	True	1276257	1277002	right	135	110	85	10	60	35	None	None	testing
6	dd	f	20	green	1	(80, 0)	(40, 69)	(-39, 69)	(-80, 0)	(-40, -69)	(40, -69)	circle	none	same	left	left	N_dist	(80, 0)	probe	h_norm	None	None	None	None	10	35	135	60	110	85	(40, -69)	168	testing
6	dd	f	20	green	1	(80, 0)	(40, 69)	(-39, 69)	(-80, 0)	(-40, -69)	(40, -69)	circle	none	dif	left	left	N_dist	(-80, 0)	search	nr	True	1281901	1282729	left	85	160	10	135	110	60	None	None	testing
6	dd	f	20	green	1	(80, 0)	(40, 69)	(-39, 69)	(-80, 0)	(-40, -69)	(40, -69)	circle	none	same	right	right	N_dist	(-40, -69)	search	nr	True	1283971	1284729	right	10	35	135	110	85	60	None	None	testing
6	dd	f	20	green	1	(80, 0)	(40, 69)	(-39, 69)	(-80, 0)	(-40, -69)	(40, -69)	circle	green	same	right	right	(40, -69)	(40, 69)	probe	tar	None	None	None	None	60	10	110	160	135	35	(40, 69)	141	testing
6	dd	f	20	green	1	(80, 0)	(40, 69)	(-39, 69)	(-80, 0)	(-40, -69)	(40, -69)	diamond	none	same	right	right	N_dist	(-40, -69)	search	nr	True	1290851	1291834	right	60	35	160	135	10	85	None	None	testing
6	dd	f	20	green	1	(80, 0)	(40, 69)	(-39, 69)	(-80, 0)	(-40, -69)	(40, -69)	circle	green	dif	left	left	(40, -69)	(-40, -69)	search	nr	True	1293039	1294538	left	35	160	135	60	110	10	None	None	testing
6	dd	f	20	green	1	(80, 0)	(40, 69)	(-39, 69)	(-80, 0)	(-40, -69)	(40, -69)	circle	green	dif	right	right	(40, -69)	(-80, 0)	search	nr	True	1295610	1296666	right	60	85	135	110	35	10	None	None	testing
6	dd	f	20	green	1	(80, 0)	(40, 69)	(-39, 69)	(-80, 0)	(-40, -69)	(40, -69)	circle	none	same	left	left	N_dist	(40, -69)	search	nr	True	1297947	1298666	left	110	160	85	10	35	135	None	None	testing
6	dd	f	20	green	1	(80, 0)	(40, 69)	(-39, 69)	(-80, 0)	(-40, -69)	(40, -69)	diamond	green	same	left	left	(40, -69)	(-80, 0)	search	nr	True	1299817	1300650	left	60	85	35	160	110	135	None	None	testing
6	dd	f	20	green	1	(80, 0)	(40, 69)	(-39, 69)	(-80, 0)	(-40, -69)	(40, -69)	diamond	green	dif	left	left	(40, -69)	(40, 69)	search	nr	True	1301905	1302633	left	110	160	135	85	10	60	None	None	testing
6	dd	f	20	green	1	(80, 0)	(40, 69)	(-39, 69)	(-80, 0)	(-40, -69)	(40, -69)	diamond	none	same	left	left	N_dist	(40, 69)	probe	h_norm	None	None	None	None	110	35	160	60	135	10	(40, -69)	68	testing
6	dd	f	20	green	1	(80, 0)	(40, 69)	(-39, 69)	(-80, 0)	(-40, -69)	(40, -69)	diamond	green	same	right	right	(80, 0)	(-39, 69)	search	nr	True	1307866	1309546	left	35	135	10	85	60	160	None	None	testing
6	dd	f	20	green	1	(80, 0)	(40, 69)	(-39, 69)	(-80, 0)	(-40, -69)	(40, -69)	diamond	green	dif	left	left	(80, 0)	(40, 69)	search	nr	True	1312190	1312954	left	160	10	110	135	35	85	None	None	testing
6	dd	f	20	green	1	(80, 0)	(40, 69)	(-39, 69)	(-80, 0)	(-40, -69)	(40, -69)	circle	green	same	right	right	(40, -69)	(-80, 0)	search	nr	True	1314227	1315002	right	35	110	85	135	160	10	None	None	testing
6	dd	f	20	green	1	(80, 0)	(40, 69)	(-39, 69)	(-80, 0)	(-40, -69)	(40, -69)	diamond	none	dif	right	right	N_dist	(-80, 0)	probe	l_tar	None	None	None	None	135	160	35	85	60	110	(-80, 0)	3	testing
6	dd	f	20	green	1	(80, 0)	(40, 69)	(-39, 69)	(-80, 0)	(-40, -69)	(40, -69)	diamond	green	dif	right	right	(40, -69)	(-39, 69)	search	nr	True	1319871	1320490	right	160	85	110	35	60	10	None	None	testing
6	dd	f	20	green	1	(80, 0)	(40, 69)	(-39, 69)	(-80, 0)	(-40, -69)	(40, -69)	diamond	green	dif	left	left	(40, -69)	(40, 69)	probe	h_sin	None	None	None	None	35	10	160	110	135	60	(40, -69)	167	testing
6	dd	f	20	green	1	(80, 0)	(40, 69)	(-39, 69)	(-80, 0)	(-40, -69)	(40, -69)	diamond	green	same	left	left	(40, -69)	(80, 0)	probe	tar	None	None	None	None	35	160	10	110	60	85	(80, 0)	156	testing
6	dd	f	20	green	1	(80, 0)	(40, 69)	(-39, 69)	(-80, 0)	(-40, -69)	(40, -69)	circle	green	dif	left	left	(40, 69)	(-39, 69)	search	nr	True	1328887	1330778	left	10	110	85	60	135	160	None	None	testing
6	dd	f	20	green	1	(80, 0)	(40, 69)	(-39, 69)	(-80, 0)	(-40, -69)	(40, -69)	diamond	none	same	left	left	N_dist	(-80, 0)	probe	l_norm	None	None	None	None	135	110	35	10	160	60	(80, 0)	53	testing
6	dd	f	20	green	1	(80, 0)	(40, 69)	(-39, 69)	(-80, 0)	(-40, -69)	(40, -69)	circle	green	dif	left	left	(40, -69)	(-39, 69)	search	nr	True	1335533	1336362	left	160	135	35	110	60	10	None	None	testing
6	dd	f	20	green	1	(80, 0)	(40, 69)	(-39, 69)	(-80, 0)	(-40, -69)	(40, -69)	diamond	none	same	left	left	N_dist	(-39, 69)	search	nr	True	1337470	1338217	left	60	10	110	135	160	85	None	None	testing
6	dd	f	20	green	1	(80, 0)	(40, 69)	(-39, 69)	(-80, 0)	(-40, -69)	(40, -69)	diamond	green	same	left	left	(40, -69)	(-39, 69)	search	nr	True	1339440	1340250	left	85	60	135	10	35	110	None	None	testing
6	dd	f	20	green	1	(80, 0)	(40, 69)	(-39, 69)	(-80, 0)	(-40, -69)	(40, -69)	circle	green	dif	right	right	(40, -69)	(80, 0)	search	nr	True	1341545	1342681	right	85	110	60	35	160	10	None	None	testing
6	dd	f	20	green	1	(80, 0)	(40, 69)	(-39, 69)	(-80, 0)	(-40, -69)	(40, -69)	circle	none	same	left	left	N_dist	(40, 69)	search	nr	True	1343881	1344633	left	110	35	10	85	160	60	None	None	testing
6	dd	f	20	green	1	(80, 0)	(40, 69)	(-39, 69)	(-80, 0)	(-40, -69)	(40, -69)	circle	none	same	right	right	N_dist	(40, -69)	search	nr	True	1345802	1346666	right	135	160	60	10	85	35	None	None	testing
6	dd	f	20	green	1	(80, 0)	(40, 69)	(-39, 69)	(-80, 0)	(-40, -69)	(40, -69)	diamond	green	dif	left	left	(40, -69)	(40, 69)	search	nr	True	1347805	1348538	left	60	35	85	110	135	10	None	None	testing
6	dd	f	20	green	1	(80, 0)	(40, 69)	(-39, 69)	(-80, 0)	(-40, -69)	(40, -69)	circle	green	same	left	left	(-80, 0)	(40, 69)	search	nr	True	1349726	1350410	left	160	110	60	85	135	35	None	None	testing
6	dd	f	20	green	1	(80, 0)	(40, 69)	(-39, 69)	(-80, 0)	(-40, -69)	(40, -69)	circle	green	dif	right	right	(-39, 69)	(-40, -69)	search	nr	True	1351713	1352666	right	60	35	85	110	135	10	None	None	testing
6	dd	f	20	green	1	(80, 0)	(40, 69)	(-39, 69)	(-80, 0)	(-40, -69)	(40, -69)	circle	green	same	left	left	(-80, 0)	(80, 0)	search	nr	True	1353766	1354553	left	10	160	110	35	85	60	None	None	testing
6	dd	f	20	green	1	(80, 0)	(40, 69)	(-39, 69)	(-80, 0)	(-40, -69)	(40, -69)	circle	green	same	left	left	(-80, 0)	(40, 69)	probe	l_sin	None	None	None	None	135	60	10	85	35	160	(-80, 0)	172	testing
6	dd	f	20	green	1	(80, 0)	(40, 69)	(-39, 69)	(-80, 0)	(-40, -69)	(40, -69)	diamond	green	dif	right	right	(40, -69)	(-40, -69)	probe	norm	None	None	None	None	110	35	135	160	85	10	(40, 69)	156	testing
6	dd	f	20	green	1	(80, 0)	(40, 69)	(-39, 69)	(-80, 0)	(-40, -69)	(40, -69)	circle	none	same	left	left	N_dist	(40, 69)	search	nr	True	1364019	1364761	left	110	10	85	135	160	35	None	None	testing
6	dd	f	20	green	1	(80, 0)	(40, 69)	(-39, 69)	(-80, 0)	(-40, -69)	(40, -69)	circle	green	same	left	left	(-40, -69)	(-39, 69)	probe	norm	None	None	None	None	10	135	85	110	35	160	(40, 69)	23	testing
6	dd	f	20	green	1	(80, 0)	(40, 69)	(-39, 69)	(-80, 0)	(-40, -69)	(40, -69)	diamond	green	same	left	left	(40, -69)	(-80, 0)	search	nr	True	1370581	1371481	left	35	110	60	160	135	10	None	None	testing
6	dd	f	20	green	1	(80, 0)	(40, 69)	(-39, 69)	(-80, 0)	(-40, -69)	(40, -69)	diamond	none	dif	right	right	N_dist	(40, 69)	probe	h_norm	None	None	None	None	35	85	135	60	110	10	(40, -69)	58	testing
6	dd	f	20	green	1	(80, 0)	(40, 69)	(-39, 69)	(-80, 0)	(-40, -69)	(40, -69)	circle	green	dif	right	right	(-39, 69)	(-40, -69)	search	nr	True	1377226	1378826	right	110	35	60	85	135	160	None	None	testing
6	dd	f	20	green	1	(80, 0)	(40, 69)	(-39, 69)	(-80, 0)	(-40, -69)	(40, -69)	diamond	none	dif	left	left	N_dist	(40, -69)	probe	h_tar	None	None	None	None	10	85	60	110	35	160	(40, -69)	40	testing
6	dd	f	20	green	1	(80, 0)	(40, 69)	(-39, 69)	(-80, 0)	(-40, -69)	(40, -69)	diamond	green	same	right	right	(40, -69)	(-39, 69)	search	nr	True	1383772	1385256	right	85	110	160	10	60	35	None	None	testing
6	dd	f	20	green	1	(80, 0)	(40, 69)	(-39, 69)	(-80, 0)	(-40, -69)	(40, -69)	diamond	green	same	left	left	(-39, 69)	(-40, -69)	search	nr	True	1386460	1387322	left	110	35	85	10	135	60	None	None	testing
6	dd	f	20	green	1	(80, 0)	(40, 69)	(-39, 69)	(-80, 0)	(-40, -69)	(40, -69)	diamond	green	same	right	right	(40, -69)	(-39, 69)	search	nr	True	1388631	1389353	right	35	60	10	110	85	160	None	None	testing
6	dd	f	20	green	1	(80, 0)	(40, 69)	(-39, 69)	(-80, 0)	(-40, -69)	(40, -69)	circle	green	same	left	left	(40, -69)	(80, 0)	probe	tar	None	None	None	None	135	85	10	35	60	160	(80, 0)	23	testing
6	dd	f	20	green	1	(80, 0)	(40, 69)	(-39, 69)	(-80, 0)	(-40, -69)	(40, -69)	circle	green	same	right	right	(40, -69)	(40, 69)	search	nr	True	1394892	1395706	right	85	135	160	60	110	35	None	None	testing
6	dd	f	20	green	1	(80, 0)	(40, 69)	(-39, 69)	(-80, 0)	(-40, -69)	(40, -69)	diamond	none	same	left	left	N_dist	(-80, 0)	search	nr	True	1396812	1397834	left	135	160	85	35	10	60	None	None	testing
6	dd	f	20	green	1	(80, 0)	(40, 69)	(-39, 69)	(-80, 0)	(-40, -69)	(40, -69)	circle	green	dif	left	left	(40, -69)	(80, 0)	probe	tar	None	None	None	None	135	85	35	110	60	160	(80, 0)	28	testing
6	dd	f	20	green	1	(80, 0)	(40, 69)	(-39, 69)	(-80, 0)	(-40, -69)	(40, -69)	diamond	green	dif	left	left	(-40, -69)	(-39, 69)	probe	l_sin	None	None	None	None	85	110	135	60	10	160	(-40, -69)	157	testing
6	dd	f	20	green	1	(80, 0)	(40, 69)	(-39, 69)	(-80, 0)	(-40, -69)	(40, -69)	diamond	green	same	right	right	(40, -69)	(40, 69)	probe	norm	None	None	None	None	60	110	85	160	35	135	(-39, 69)	5	testing
6	dd	f	20	green	1	(80, 0)	(40, 69)	(-39, 69)	(-80, 0)	(-40, -69)	(40, -69)	circle	green	same	left	left	(40, -69)	(40, 69)	search	nr	True	1412391	1413114	left	85	160	110	135	10	35	None	None	testing
6	dd	f	20	green	1	(80, 0)	(40, 69)	(-39, 69)	(-80, 0)	(-40, -69)	(40, -69)	diamond	green	same	right	right	(40, -69)	(-40, -69)	search	nr	True	1414361	1415384	right	35	135	160	85	10	60	None	None	testing
6	dd	f	20	green	1	(80, 0)	(40, 69)	(-39, 69)	(-80, 0)	(-40, -69)	(40, -69)	circle	none	dif	left	left	N_dist	(-80, 0)	search	nr	True	1416616	1417785	left	135	85	35	110	160	60	None	None	testing
6	dd	f	20	green	1	(80, 0)	(40, 69)	(-39, 69)	(-80, 0)	(-40, -69)	(40, -69)	diamond	none	same	right	right	N_dist	(80, 0)	search	nr	True	1418953	1419929	right	10	110	160	35	60	85	None	None	testing
6	dd	f	20	green	1	(80, 0)	(40, 69)	(-39, 69)	(-80, 0)	(-40, -69)	(40, -69)	diamond	green	same	left	left	(40, -69)	(80, 0)	search	nr	True	1421157	1421866	left	35	85	135	10	60	110	None	None	testing
6	dd	f	20	green	1	(80, 0)	(40, 69)	(-39, 69)	(-80, 0)	(-40, -69)	(40, -69)	diamond	none	dif	left	left	N_dist	(-40, -69)	search	nr	True	1423111	1423866	left	10	60	35	135	160	85	None	None	testing
6	dd	f	20	green	1	(80, 0)	(40, 69)	(-39, 69)	(-80, 0)	(-40, -69)	(40, -69)	circle	none	same	right	right	N_dist	(40, -69)	search	nr	True	1425165	1426074	right	35	85	110	135	60	10	None	None	testing
6	dd	f	20	green	1	(80, 0)	(40, 69)	(-39, 69)	(-80, 0)	(-40, -69)	(40, -69)	diamond	green	same	left	left	(40, 69)	(-80, 0)	search	nr	True	1427185	1427962	left	160	85	135	10	110	35	None	None	testing
6	dd	f	20	green	1	(80, 0)	(40, 69)	(-39, 69)	(-80, 0)	(-40, -69)	(40, -69)	diamond	green	same	left	left	(40, -69)	(-39, 69)	probe	tar	None	None	None	None	110	10	60	160	35	85	(-39, 69)	163	testing
6	dd	f	20	green	1	(80, 0)	(40, 69)	(-39, 69)	(-80, 0)	(-40, -69)	(40, -69)	circle	green	same	left	left	(40, -69)	(40, 69)	search	nr	True	1433763	1434521	left	85	60	110	35	135	10	None	None	testing
6	dd	f	20	green	1	(80, 0)	(40, 69)	(-39, 69)	(-80, 0)	(-40, -69)	(40, -69)	circle	green	same	left	left	(80, 0)	(40, 69)	probe	norm	None	None	None	None	110	160	85	10	35	60	(-39, 69)	164	testing
6	dd	f	20	green	1	(80, 0)	(40, 69)	(-39, 69)	(-80, 0)	(-40, -69)	(40, -69)	diamond	none	same	left	left	N_dist	(40, 69)	search	nr	True	1440777	1441450	left	110	10	60	85	35	135	None	None	testing
6	dd	f	20	green	1	(80, 0)	(40, 69)	(-39, 69)	(-80, 0)	(-40, -69)	(40, -69)	diamond	green	same	left	left	(40, -69)	(80, 0)	search	nr	True	1442664	1443322	left	135	35	110	60	160	10	None	None	testing
6	dd	f	20	green	1	(80, 0)	(40, 69)	(-39, 69)	(-80, 0)	(-40, -69)	(40, -69)	diamond	green	same	right	right	(-80, 0)	(80, 0)	search	nr	True	1444550	1445689	right	60	35	135	160	10	85	None	None	testing
6	dd	f	20	green	1	(80, 0)	(40, 69)	(-39, 69)	(-80, 0)	(-40, -69)	(40, -69)	diamond	green	dif	right	right	(-80, 0)	(-40, -69)	search	nr	True	1446871	1447817	right	85	135	35	160	10	60	None	None	testing
6	dd	f	20	green	1	(80, 0)	(40, 69)	(-39, 69)	(-80, 0)	(-40, -69)	(40, -69)	diamond	green	dif	left	left	(40, -69)	(80, 0)	search	nr	True	1448875	1449737	left	160	10	35	85	60	110	None	None	testing
6	dd	f	20	green	1	(80, 0)	(40, 69)	(-39, 69)	(-80, 0)	(-40, -69)	(40, -69)	circle	green	dif	left	left	(40, -69)	(80, 0)	search	nr	True	1450912	1451592	left	10	110	35	60	160	85	None	None	testing
6	dd	f	20	green	1	(80, 0)	(40, 69)	(-39, 69)	(-80, 0)	(-40, -69)	(40, -69)	diamond	green	same	left	left	(40, 69)	(-39, 69)	probe	l_sin	None	None	None	None	160	35	110	10	60	135	(40, 69)	161	testing
6	dd	f	20	green	1	(80, 0)	(40, 69)	(-39, 69)	(-80, 0)	(-40, -69)	(40, -69)	diamond	green	same	left	left	(-39, 69)	(-40, -69)	probe	tar	None	None	None	None	160	135	110	35	10	60	(-40, -69)	150	testing
6	dd	f	20	green	1	(80, 0)	(40, 69)	(-39, 69)	(-80, 0)	(-40, -69)	(40, -69)	circle	green	dif	left	left	(40, 69)	(-39, 69)	search	nr	True	1462400	1464137	left	35	10	60	135	110	85	None	None	testing
6	dd	f	20	green	1	(80, 0)	(40, 69)	(-39, 69)	(-80, 0)	(-40, -69)	(40, -69)	diamond	green	same	right	right	(40, -69)	(-40, -69)	probe	h_sin	None	None	None	None	135	10	110	35	160	85	(40, -69)	170	testing
6	dd	f	20	green	1	(80, 0)	(40, 69)	(-39, 69)	(-80, 0)	(-40, -69)	(40, -69)	circle	green	dif	left	left	(40, -69)	(-40, -69)	search	nr	True	1469479	1470489	left	135	60	85	10	160	35	None	None	testing
6	dd	f	20	green	1	(80, 0)	(40, 69)	(-39, 69)	(-80, 0)	(-40, -69)	(40, -69)	circle	none	dif	right	right	N_dist	(40, 69)	search	nr	True	1471667	1472569	right	85	110	35	10	60	135	None	None	testing
6	dd	f	20	green	1	(80, 0)	(40, 69)	(-39, 69)	(-80, 0)	(-40, -69)	(40, -69)	circle	green	dif	left	left	(40, -69)	(80, 0)	search	nr	True	1473804	1474537	left	135	35	110	10	85	60	None	None	testing
6	dd	f	20	green	1	(80, 0)	(40, 69)	(-39, 69)	(-80, 0)	(-40, -69)	(40, -69)	circle	green	same	left	left	(40, -69)	(-40, -69)	probe	norm	None	None	None	None	10	60	135	110	35	160	(-39, 69)	35	testing
6	dd	f	20	green	1	(80, 0)	(40, 69)	(-39, 69)	(-80, 0)	(-40, -69)	(40, -69)	circle	green	dif	left	left	(40, -69)	(-39, 69)	search	nr	True	1479681	1480649	left	160	60	85	35	135	10	None	None	testing
6	dd	f	20	green	1	(80, 0)	(40, 69)	(-39, 69)	(-80, 0)	(-40, -69)	(40, -69)	diamond	green	same	right	right	(40, -69)	(-39, 69)	search	nr	True	1481969	1483273	right	35	10	110	135	85	160	None	None	testing
6	dd	f	20	green	1	(80, 0)	(40, 69)	(-39, 69)	(-80, 0)	(-40, -69)	(40, -69)	diamond	green	dif	right	right	(40, 69)	(-39, 69)	probe	norm	None	None	None	None	85	60	160	10	110	35	(40, -69)	155	testing
6	dd	f	20	green	1	(80, 0)	(40, 69)	(-39, 69)	(-80, 0)	(-40, -69)	(40, -69)	circle	none	same	left	left	N_dist	(40, -69)	probe	h_tar	None	None	None	None	110	10	160	135	85	60	(40, -69)	162	testing
6	dd	f	20	green	1	(80, 0)	(40, 69)	(-39, 69)	(-80, 0)	(-40, -69)	(40, -69)	circle	green	same	left	left	(40, -69)	(-80, 0)	search	nr	True	1492605	1493513	left	35	160	60	10	135	110	None	None	testing
6	dd	f	20	green	1	(80, 0)	(40, 69)	(-39, 69)	(-80, 0)	(-40, -69)	(40, -69)	diamond	green	dif	left	left	(40, -69)	(-40, -69)	search	nr	True	1494659	1495977	left	160	85	10	60	135	110	None	None	testing
6	dd	f	20	green	1	(80, 0)	(40, 69)	(-39, 69)	(-80, 0)	(-40, -69)	(40, -69)	diamond	green	dif	left	left	(40, -69)	(40, 69)	search	nr	True	1497047	1498026	left	85	160	110	60	10	135	None	None	testing
6	dd	f	20	green	1	(80, 0)	(40, 69)	(-39, 69)	(-80, 0)	(-40, -69)	(40, -69)	diamond	none	dif	right	right	N_dist	(40, 69)	search	nr	True	1499168	1499866	right	160	135	35	10	60	110	None	None	testing
6	dd	f	20	green	1	(80, 0)	(40, 69)	(-39, 69)	(-80, 0)	(-40, -69)	(40, -69)	diamond	green	same	left	left	(-39, 69)	(-40, -69)	search	nr	True	1501071	1501801	left	160	60	110	35	85	135	None	None	testing
6	dd	f	20	green	1	(80, 0)	(40, 69)	(-39, 69)	(-80, 0)	(-40, -69)	(40, -69)	diamond	green	same	right	right	(40, -69)	(-39, 69)	probe	norm	None	None	None	None	10	135	35	85	160	60	(40, 69)	27	testing
6	dd	f	20	green	1	(80, 0)	(40, 69)	(-39, 69)	(-80, 0)	(-40, -69)	(40, -69)	circle	green	same	right	right	(40, -69)	(-80, 0)	search	nr	True	1506865	1507609	right	85	110	10	160	60	35	None	None	testing
6	dd	f	20	green	1	(80, 0)	(40, 69)	(-39, 69)	(-80, 0)	(-40, -69)	(40, -69)	circle	none	dif	left	left	N_dist	(-40, -69)	probe	l_tar	None	None	None	None	160	60	85	110	135	35	(-40, -69)	17	testing
6	dd	f	20	green	1	(80, 0)	(40, 69)	(-39, 69)	(-80, 0)	(-40, -69)	(40, -69)	diamond	green	dif	right	right	(80, 0)	(-39, 69)	probe	l_sin	None	None	None	None	10	35	60	85	160	135	(80, 0)	58	testing
