subj	name	gender	age	dist	run	tar_locs1	tar_locs2	tar_locs3	tar_locs4	tar_locs5	tar_locs6	shape	dist	td_dif	detection	resp_key	dis_loc	tar_loc	task_type	probe_cond	gotKey	startTime	respTime	resp	o1	o2	o3	o4	o5	o6	pro_loc	ori_resp	mode
6	qp	f	19	red	2	(80, 0)	(40, 69)	(-39, 69)	(-80, 0)	(-40, -69)	(40, -69)	diamond	red	same	right	right	(40, -69)	(-39, 69)	search	nr	True	54393	55112	right	85	60	160	10	35	110	None	None	testing
6	qp	f	19	red	2	(80, 0)	(40, 69)	(-39, 69)	(-80, 0)	(-40, -69)	(40, -69)	circle	red	dif	left	left	(40, -69)	(-80, 0)	search	nr	True	56313	57129	left	60	135	10	110	85	160	None	None	testing
6	qp	f	19	red	2	(80, 0)	(40, 69)	(-39, 69)	(-80, 0)	(-40, -69)	(40, -69)	circle	red	same	right	right	(40, -69)	(-40, -69)	search	nr	True	58250	59161	right	10	160	110	85	60	135	None	None	testing
6	qp	f	19	red	2	(80, 0)	(40, 69)	(-39, 69)	(-80, 0)	(-40, -69)	(40, -69)	diamond	none	dif	left	left	N_dist	(40, 69)	probe	h_norm	None	None	None	None	85	135	160	35	60	110	(40, -69)	14	testing
6	qp	f	19	red	2	(80, 0)	(40, 69)	(-39, 69)	(-80, 0)	(-40, -69)	(40, -69)	circle	red	dif	right	right	(40, -69)	(-39, 69)	probe	tar	None	None	None	None	135	35	85	10	160	60	(-39, 69)	169	testing
6	qp	f	19	red	2	(80, 0)	(40, 69)	(-39, 69)	(-80, 0)	(-40, -69)	(40, -69)	diamond	red	dif	right	right	(40, -69)	(40, 69)	search	nr	True	71124	72089	right	110	60	35	135	160	85	None	None	testing
6	qp	f	19	red	2	(80, 0)	(40, 69)	(-39, 69)	(-80, 0)	(-40, -69)	(40, -69)	diamond	red	dif	left	left	(40, -69)	(80, 0)	search	nr	True	73227	73976	left	60	110	135	35	10	160	None	None	testing
6	qp	f	19	red	2	(80, 0)	(40, 69)	(-39, 69)	(-80, 0)	(-40, -69)	(40, -69)	diamond	red	dif	left	left	(40, -69)	(40, 69)	search	nr	True	75048	75896	left	60	160	135	35	85	110	None	None	testing
6	qp	f	19	red	2	(80, 0)	(40, 69)	(-39, 69)	(-80, 0)	(-40, -69)	(40, -69)	circle	red	same	left	left	(-40, -69)	(40, 69)	probe	l_sin	None	None	None	None	60	135	35	110	10	160	(-40, -69)	167	testing
6	qp	f	19	red	2	(80, 0)	(40, 69)	(-39, 69)	(-80, 0)	(-40, -69)	(40, -69)	circle	red	same	right	right	(40, 69)	(-80, 0)	search	nr	True	81660	83449	right	10	60	35	110	160	135	None	None	testing
6	qp	f	19	red	2	(80, 0)	(40, 69)	(-39, 69)	(-80, 0)	(-40, -69)	(40, -69)	diamond	none	same	left	left	N_dist	(-80, 0)	search	nr	True	84665	85688	left	160	135	35	10	60	110	None	None	testing
6	qp	f	19	red	2	(80, 0)	(40, 69)	(-39, 69)	(-80, 0)	(-40, -69)	(40, -69)	circle	red	dif	right	right	(40, -69)	(-80, 0)	search	nr	True	86753	87465	right	85	10	160	60	110	35	None	None	testing
6	qp	f	19	red	2	(80, 0)	(40, 69)	(-39, 69)	(-80, 0)	(-40, -69)	(40, -69)	circle	red	dif	right	right	(40, -69)	(80, 0)	probe	h_sin	None	None	None	None	60	35	110	135	85	10	(40, -69)	166	testing
6	qp	f	19	red	2	(80, 0)	(40, 69)	(-39, 69)	(-80, 0)	(-40, -69)	(40, -69)	diamond	none	same	right	right	N_dist	(-40, -69)	search	nr	True	92763	94169	right	10	110	135	35	85	160	None	None	testing
6	qp	f	19	red	2	(80, 0)	(40, 69)	(-39, 69)	(-80, 0)	(-40, -69)	(40, -69)	diamond	red	dif	left	left	(40, -69)	(-40, -69)	search	nr	True	95452	96425	left	35	135	110	85	10	160	None	None	testing
6	qp	f	19	red	2	(80, 0)	(40, 69)	(-39, 69)	(-80, 0)	(-40, -69)	(40, -69)	diamond	red	same	right	right	(40, -69)	(-39, 69)	search	nr	True	97673	98264	right	35	85	60	10	135	110	None	None	testing
6	qp	f	19	red	2	(80, 0)	(40, 69)	(-39, 69)	(-80, 0)	(-40, -69)	(40, -69)	circle	red	dif	left	left	(40, -69)	(80, 0)	probe	tar	None	None	None	None	160	110	135	10	60	85	(80, 0)	18	testing
6	qp	f	19	red	2	(80, 0)	(40, 69)	(-39, 69)	(-80, 0)	(-40, -69)	(40, -69)	circle	red	dif	left	left	(40, -69)	(80, 0)	search	nr	True	104218	104856	left	160	10	85	135	110	35	None	None	testing
6	qp	f	19	red	2	(80, 0)	(40, 69)	(-39, 69)	(-80, 0)	(-40, -69)	(40, -69)	diamond	red	dif	right	right	(80, 0)	(-40, -69)	search	nr	True	106155	107081	right	60	35	85	10	135	160	None	None	testing
6	qp	f	19	red	2	(80, 0)	(40, 69)	(-39, 69)	(-80, 0)	(-40, -69)	(40, -69)	circle	red	same	right	right	(40, -69)	(-40, -69)	probe	h_sin	None	None	None	None	110	135	35	160	85	60	(40, -69)	178	testing
6	qp	f	19	red	2	(80, 0)	(40, 69)	(-39, 69)	(-80, 0)	(-40, -69)	(40, -69)	diamond	red	same	left	left	(40, -69)	(80, 0)	probe	norm	None	None	None	None	10	160	35	110	85	60	(-39, 69)	5	testing
6	qp	f	19	red	2	(80, 0)	(40, 69)	(-39, 69)	(-80, 0)	(-40, -69)	(40, -69)	circle	red	dif	right	right	(40, -69)	(-80, 0)	search	nr	True	120281	121720	right	60	85	135	10	160	35	None	None	testing
6	qp	f	19	red	2	(80, 0)	(40, 69)	(-39, 69)	(-80, 0)	(-40, -69)	(40, -69)	diamond	none	same	right	right	N_dist	(-39, 69)	probe	h_norm	None	None	None	None	110	160	35	135	85	60	(40, -69)	165	testing
6	qp	f	19	red	2	(80, 0)	(40, 69)	(-39, 69)	(-80, 0)	(-40, -69)	(40, -69)	diamond	red	same	right	right	(40, -69)	(-39, 69)	probe	tar	None	None	None	None	85	110	35	135	60	10	(-39, 69)	66	testing
6	qp	f	19	red	2	(80, 0)	(40, 69)	(-39, 69)	(-80, 0)	(-40, -69)	(40, -69)	diamond	none	dif	left	left	N_dist	(40, -69)	search	nr	True	138865	140696	left	110	135	160	35	85	10	None	None	testing
6	qp	f	19	red	2	(80, 0)	(40, 69)	(-39, 69)	(-80, 0)	(-40, -69)	(40, -69)	diamond	red	same	left	left	(40, -69)	(80, 0)	search	nr	True	141888	142553	left	10	35	85	110	160	135	None	None	testing
6	qp	f	19	red	2	(80, 0)	(40, 69)	(-39, 69)	(-80, 0)	(-40, -69)	(40, -69)	diamond	red	same	left	left	(40, -69)	(80, 0)	search	nr	True	143774	144345	left	60	10	110	160	35	135	None	None	testing
6	qp	f	19	red	2	(80, 0)	(40, 69)	(-39, 69)	(-80, 0)	(-40, -69)	(40, -69)	circle	none	same	left	left	N_dist	(-40, -69)	search	nr	True	145443	146121	left	10	35	135	85	110	60	None	None	testing
6	qp	f	19	red	2	(80, 0)	(40, 69)	(-39, 69)	(-80, 0)	(-40, -69)	(40, -69)	diamond	red	same	right	right	(40, -69)	(-80, 0)	search	nr	True	147263	147961	right	135	110	35	10	160	60	None	None	testing
6	qp	f	19	red	2	(80, 0)	(40, 69)	(-39, 69)	(-80, 0)	(-40, -69)	(40, -69)	diamond	red	dif	left	left	(-39, 69)	(80, 0)	probe	l_sin	None	None	None	None	110	10	135	60	35	160	(-39, 69)	163	testing
6	qp	f	19	red	2	(80, 0)	(40, 69)	(-39, 69)	(-80, 0)	(-40, -69)	(40, -69)	diamond	red	same	right	right	(40, -69)	(-40, -69)	probe	h_sin	None	None	None	None	35	85	60	135	160	10	(40, -69)	20	testing
6	qp	f	19	red	2	(80, 0)	(40, 69)	(-39, 69)	(-80, 0)	(-40, -69)	(40, -69)	circle	red	same	left	left	(-39, 69)	(40, 69)	search	nr	True	163845	165064	left	135	10	60	160	35	85	None	None	testing
6	qp	f	19	red	2	(80, 0)	(40, 69)	(-39, 69)	(-80, 0)	(-40, -69)	(40, -69)	diamond	red	same	left	left	(40, -69)	(-80, 0)	search	nr	True	166198	167049	left	110	160	60	85	35	135	None	None	testing
6	qp	f	19	red	2	(80, 0)	(40, 69)	(-39, 69)	(-80, 0)	(-40, -69)	(40, -69)	circle	red	same	right	right	(40, -69)	(40, 69)	search	nr	True	168136	169016	right	35	160	85	110	10	135	None	None	testing
6	qp	f	19	red	2	(80, 0)	(40, 69)	(-39, 69)	(-80, 0)	(-40, -69)	(40, -69)	circle	none	dif	left	left	N_dist	(40, 69)	probe	h_norm	None	None	None	None	60	85	35	110	160	135	(40, -69)	23	testing
6	qp	f	19	red	2	(80, 0)	(40, 69)	(-39, 69)	(-80, 0)	(-40, -69)	(40, -69)	diamond	red	same	right	right	(40, -69)	(-39, 69)	search	nr	True	176317	177048	right	85	60	35	110	135	160	None	None	testing
6	qp	f	19	red	2	(80, 0)	(40, 69)	(-39, 69)	(-80, 0)	(-40, -69)	(40, -69)	diamond	none	same	left	left	N_dist	(-39, 69)	probe	h_norm	None	None	None	None	85	160	60	10	110	135	(40, -69)	18	testing
6	qp	f	19	red	2	(80, 0)	(40, 69)	(-39, 69)	(-80, 0)	(-40, -69)	(40, -69)	circle	red	same	right	right	(40, -69)	(40, 69)	search	nr	True	183764	185064	right	10	85	160	60	110	35	None	None	testing
6	qp	f	19	red	2	(80, 0)	(40, 69)	(-39, 69)	(-80, 0)	(-40, -69)	(40, -69)	diamond	red	dif	left	left	(80, 0)	(-80, 0)	probe	l_sin	None	None	None	None	10	35	110	85	135	160	(80, 0)	0	testing
6	qp	f	19	red	2	(80, 0)	(40, 69)	(-39, 69)	(-80, 0)	(-40, -69)	(40, -69)	circle	red	dif	right	right	(40, -69)	(80, 0)	probe	h_sin	None	None	None	None	10	110	85	160	60	135	(40, -69)	114	testing
6	qp	f	19	red	2	(80, 0)	(40, 69)	(-39, 69)	(-80, 0)	(-40, -69)	(40, -69)	circle	red	same	left	left	(-80, 0)	(80, 0)	probe	norm	None	None	None	None	160	110	60	85	10	35	(40, -69)	24	testing
6	qp	f	19	red	2	(80, 0)	(40, 69)	(-39, 69)	(-80, 0)	(-40, -69)	(40, -69)	circle	red	same	left	left	(40, -69)	(-39, 69)	search	nr	True	203033	204984	left	160	135	60	35	85	110	None	None	testing
6	qp	f	19	red	2	(80, 0)	(40, 69)	(-39, 69)	(-80, 0)	(-40, -69)	(40, -69)	diamond	red	same	right	right	(-80, 0)	(40, 69)	probe	norm	None	None	None	None	35	85	110	10	160	135	(40, -69)	63	testing
6	qp	f	19	red	2	(80, 0)	(40, 69)	(-39, 69)	(-80, 0)	(-40, -69)	(40, -69)	circle	red	dif	right	right	(40, -69)	(-40, -69)	probe	h_sin	None	None	None	None	85	10	35	160	135	60	(40, -69)	164	testing
6	qp	f	19	red	2	(80, 0)	(40, 69)	(-39, 69)	(-80, 0)	(-40, -69)	(40, -69)	diamond	none	same	left	left	N_dist	(40, -69)	search	nr	True	217192	218056	left	110	35	85	135	160	10	None	None	testing
6	qp	f	19	red	2	(80, 0)	(40, 69)	(-39, 69)	(-80, 0)	(-40, -69)	(40, -69)	circle	red	dif	left	left	(40, -69)	(80, 0)	search	nr	True	219196	219833	left	60	85	35	160	10	110	None	None	testing
6	qp	f	19	red	2	(80, 0)	(40, 69)	(-39, 69)	(-80, 0)	(-40, -69)	(40, -69)	diamond	red	dif	left	left	(40, 69)	(-80, 0)	search	nr	True	221033	221833	left	110	135	60	85	160	35	None	None	testing
6	qp	f	19	red	2	(80, 0)	(40, 69)	(-39, 69)	(-80, 0)	(-40, -69)	(40, -69)	diamond	red	dif	left	left	(-39, 69)	(80, 0)	search	nr	True	222970	223624	left	60	35	135	160	10	110	None	None	testing
6	qp	f	19	red	2	(80, 0)	(40, 69)	(-39, 69)	(-80, 0)	(-40, -69)	(40, -69)	diamond	none	dif	left	left	N_dist	(40, -69)	probe	h_tar	None	None	None	None	85	10	135	60	160	35	(40, -69)	23	testing
6	qp	f	19	red	2	(80, 0)	(40, 69)	(-39, 69)	(-80, 0)	(-40, -69)	(40, -69)	circle	red	same	left	left	(-39, 69)	(40, 69)	probe	l_sin	None	None	None	None	135	110	160	85	60	35	(-39, 69)	20	testing
6	qp	f	19	red	2	(80, 0)	(40, 69)	(-39, 69)	(-80, 0)	(-40, -69)	(40, -69)	circle	none	dif	left	left	N_dist	(-80, 0)	search	nr	True	236628	237961	left	135	35	85	160	110	60	None	None	testing
6	qp	f	19	red	2	(80, 0)	(40, 69)	(-39, 69)	(-80, 0)	(-40, -69)	(40, -69)	circle	red	dif	right	right	(40, -69)	(80, 0)	search	nr	True	239232	240888	right	160	60	35	135	10	85	None	None	testing
6	qp	f	19	red	2	(80, 0)	(40, 69)	(-39, 69)	(-80, 0)	(-40, -69)	(40, -69)	diamond	none	dif	right	right	N_dist	(40, -69)	probe	h_tar	None	None	None	None	85	110	10	160	35	135	(40, -69)	3	testing
6	qp	f	19	red	2	(80, 0)	(40, 69)	(-39, 69)	(-80, 0)	(-40, -69)	(40, -69)	diamond	red	same	right	right	(40, -69)	(-39, 69)	search	nr	True	247131	248248	right	135	60	85	160	35	10	None	None	testing
6	qp	f	19	red	2	(80, 0)	(40, 69)	(-39, 69)	(-80, 0)	(-40, -69)	(40, -69)	circle	red	dif	right	right	(-39, 69)	(40, 69)	search	nr	True	249335	250312	right	35	85	110	135	10	160	None	None	testing
6	qp	f	19	red	2	(80, 0)	(40, 69)	(-39, 69)	(-80, 0)	(-40, -69)	(40, -69)	diamond	red	same	right	right	(-80, 0)	(40, 69)	search	nr	True	251539	252329	left	10	110	85	35	135	160	None	None	testing
6	qp	f	19	red	2	(80, 0)	(40, 69)	(-39, 69)	(-80, 0)	(-40, -69)	(40, -69)	diamond	red	dif	right	right	(40, -69)	(40, 69)	search	nr	True	255079	256009	right	85	10	110	35	160	60	None	None	testing
6	qp	f	19	red	2	(80, 0)	(40, 69)	(-39, 69)	(-80, 0)	(-40, -69)	(40, -69)	circle	red	same	left	left	(40, -69)	(-39, 69)	probe	norm	None	None	None	None	35	10	160	135	60	85	(-80, 0)	14	testing
6	qp	f	19	red	2	(80, 0)	(40, 69)	(-39, 69)	(-80, 0)	(-40, -69)	(40, -69)	diamond	none	same	right	right	N_dist	(-80, 0)	search	nr	True	262024	262873	right	60	110	160	85	135	10	None	None	testing
6	qp	f	19	red	2	(80, 0)	(40, 69)	(-39, 69)	(-80, 0)	(-40, -69)	(40, -69)	diamond	none	dif	right	right	N_dist	(40, -69)	search	nr	True	264162	265192	right	135	60	110	35	85	10	None	None	testing
6	qp	f	19	red	2	(80, 0)	(40, 69)	(-39, 69)	(-80, 0)	(-40, -69)	(40, -69)	circle	none	dif	right	right	N_dist	(80, 0)	search	nr	True	266483	267672	right	35	60	85	160	135	10	None	None	testing
6	qp	f	19	red	2	(80, 0)	(40, 69)	(-39, 69)	(-80, 0)	(-40, -69)	(40, -69)	diamond	none	same	right	right	N_dist	(40, 69)	search	nr	True	268921	270089	right	60	35	10	110	160	85	None	None	testing
6	qp	f	19	red	2	(80, 0)	(40, 69)	(-39, 69)	(-80, 0)	(-40, -69)	(40, -69)	diamond	none	same	right	right	N_dist	(40, 69)	probe	l_tar	None	None	None	None	110	85	35	10	60	160	(40, 69)	163	testing
6	qp	f	19	red	2	(80, 0)	(40, 69)	(-39, 69)	(-80, 0)	(-40, -69)	(40, -69)	diamond	none	same	right	right	N_dist	(40, 69)	search	nr	True	277554	278457	right	160	110	135	35	10	60	None	None	testing
6	qp	f	19	red	2	(80, 0)	(40, 69)	(-39, 69)	(-80, 0)	(-40, -69)	(40, -69)	circle	red	same	right	right	(80, 0)	(40, 69)	probe	l_sin	None	None	None	None	35	60	85	160	110	135	(80, 0)	12	testing
6	qp	f	19	red	2	(80, 0)	(40, 69)	(-39, 69)	(-80, 0)	(-40, -69)	(40, -69)	circle	red	dif	right	right	(40, -69)	(-80, 0)	probe	tar	None	None	None	None	35	135	85	110	60	160	(-80, 0)	11	testing
6	qp	f	19	red	2	(80, 0)	(40, 69)	(-39, 69)	(-80, 0)	(-40, -69)	(40, -69)	diamond	red	dif	right	right	(40, -69)	(-39, 69)	search	nr	True	291061	292120	right	110	160	135	35	10	85	None	None	testing
6	qp	f	19	red	2	(80, 0)	(40, 69)	(-39, 69)	(-80, 0)	(-40, -69)	(40, -69)	circle	none	dif	right	right	N_dist	(80, 0)	search	nr	True	293216	294680	right	10	110	85	160	35	60	None	None	testing
6	qp	f	19	red	2	(80, 0)	(40, 69)	(-39, 69)	(-80, 0)	(-40, -69)	(40, -69)	diamond	red	dif	left	left	(80, 0)	(-40, -69)	search	nr	True	295804	296888	left	85	35	110	160	10	135	None	None	testing
6	qp	f	19	red	2	(80, 0)	(40, 69)	(-39, 69)	(-80, 0)	(-40, -69)	(40, -69)	diamond	red	same	right	right	(40, 69)	(-39, 69)	probe	norm	None	None	None	None	135	160	110	10	60	85	(40, -69)	20	testing
6	qp	f	19	red	2	(80, 0)	(40, 69)	(-39, 69)	(-80, 0)	(-40, -69)	(40, -69)	circle	none	dif	left	left	N_dist	(-80, 0)	search	nr	True	302967	304137	left	110	35	10	135	160	60	None	None	testing
6	qp	f	19	red	2	(80, 0)	(40, 69)	(-39, 69)	(-80, 0)	(-40, -69)	(40, -69)	circle	none	same	right	right	N_dist	(-39, 69)	search	nr	True	305204	305881	right	35	110	160	85	135	10	None	None	testing
6	qp	f	19	red	2	(80, 0)	(40, 69)	(-39, 69)	(-80, 0)	(-40, -69)	(40, -69)	circle	red	dif	left	left	(80, 0)	(-80, 0)	probe	l_sin	None	None	None	None	35	85	160	110	60	135	(80, 0)	7	testing
6	qp	f	19	red	2	(80, 0)	(40, 69)	(-39, 69)	(-80, 0)	(-40, -69)	(40, -69)	diamond	none	same	left	left	N_dist	(-80, 0)	search	nr	True	312084	313368	left	110	160	35	10	85	135	None	None	testing
6	qp	f	19	red	2	(80, 0)	(40, 69)	(-39, 69)	(-80, 0)	(-40, -69)	(40, -69)	circle	none	dif	right	right	N_dist	(40, -69)	search	nr	True	314604	315513	right	85	135	160	35	10	60	None	None	testing
6	qp	f	19	red	2	(80, 0)	(40, 69)	(-39, 69)	(-80, 0)	(-40, -69)	(40, -69)	diamond	red	dif	right	right	(40, -69)	(80, 0)	search	nr	True	316692	317704	right	35	135	160	60	85	110	None	None	testing
6	qp	f	19	red	2	(80, 0)	(40, 69)	(-39, 69)	(-80, 0)	(-40, -69)	(40, -69)	circle	red	dif	left	left	(40, -69)	(-40, -69)	probe	h_sin	None	None	None	None	10	135	110	160	35	85	(40, -69)	25	testing
6	qp	f	19	red	2	(80, 0)	(40, 69)	(-39, 69)	(-80, 0)	(-40, -69)	(40, -69)	diamond	red	same	right	right	(40, -69)	(-39, 69)	search	nr	True	325274	326200	right	35	160	110	85	60	10	None	None	testing
6	qp	f	19	red	2	(80, 0)	(40, 69)	(-39, 69)	(-80, 0)	(-40, -69)	(40, -69)	circle	none	dif	right	right	N_dist	(-39, 69)	search	nr	True	327429	328248	right	85	110	35	160	135	10	None	None	testing
6	qp	f	19	red	2	(80, 0)	(40, 69)	(-39, 69)	(-80, 0)	(-40, -69)	(40, -69)	diamond	none	same	left	left	N_dist	(-80, 0)	search	nr	True	329348	331049	left	135	160	110	10	85	35	None	None	testing
6	qp	f	19	red	2	(80, 0)	(40, 69)	(-39, 69)	(-80, 0)	(-40, -69)	(40, -69)	diamond	none	same	left	left	N_dist	(-39, 69)	search	nr	True	332254	332984	left	10	160	85	35	110	60	None	None	testing
6	qp	f	19	red	2	(80, 0)	(40, 69)	(-39, 69)	(-80, 0)	(-40, -69)	(40, -69)	circle	red	dif	left	left	(40, -69)	(40, 69)	search	nr	True	334041	335400	left	35	135	10	60	110	160	None	None	testing
6	qp	f	19	red	2	(80, 0)	(40, 69)	(-39, 69)	(-80, 0)	(-40, -69)	(40, -69)	circle	red	dif	left	left	(40, -69)	(-80, 0)	probe	h_sin	None	None	None	None	60	35	160	85	135	110	(40, -69)	17	testing
6	qp	f	19	red	2	(80, 0)	(40, 69)	(-39, 69)	(-80, 0)	(-40, -69)	(40, -69)	circle	red	dif	left	left	(-39, 69)	(40, 69)	search	nr	True	341505	342648	left	60	35	110	85	135	160	None	None	testing
6	qp	f	19	red	2	(80, 0)	(40, 69)	(-39, 69)	(-80, 0)	(-40, -69)	(40, -69)	diamond	none	dif	left	left	N_dist	(40, 69)	search	nr	True	343759	344425	left	10	60	160	135	35	85	None	None	testing
6	qp	f	19	red	2	(80, 0)	(40, 69)	(-39, 69)	(-80, 0)	(-40, -69)	(40, -69)	circle	red	dif	right	right	(40, -69)	(40, 69)	search	nr	True	345595	346312	right	110	10	160	85	60	135	None	None	testing
6	qp	f	19	red	2	(80, 0)	(40, 69)	(-39, 69)	(-80, 0)	(-40, -69)	(40, -69)	diamond	none	dif	right	right	N_dist	(40, -69)	search	nr	True	347465	348633	right	10	35	85	60	135	160	None	None	testing
6	qp	f	19	red	2	(80, 0)	(40, 69)	(-39, 69)	(-80, 0)	(-40, -69)	(40, -69)	diamond	red	same	left	left	(-80, 0)	(40, 69)	search	nr	True	349903	350921	left	110	10	35	135	60	85	None	None	testing
6	qp	f	19	red	2	(80, 0)	(40, 69)	(-39, 69)	(-80, 0)	(-40, -69)	(40, -69)	diamond	red	dif	left	left	(80, 0)	(-40, -69)	search	nr	True	352073	352936	left	60	35	110	85	160	10	None	None	testing
6	qp	f	19	red	2	(80, 0)	(40, 69)	(-39, 69)	(-80, 0)	(-40, -69)	(40, -69)	diamond	none	dif	left	left	N_dist	(40, 69)	probe	l_tar	None	None	None	None	35	85	110	135	60	160	(40, 69)	166	testing
6	qp	f	19	red	2	(80, 0)	(40, 69)	(-39, 69)	(-80, 0)	(-40, -69)	(40, -69)	circle	red	same	left	left	(40, -69)	(-39, 69)	probe	h_sin	None	None	None	None	10	135	110	85	35	60	(40, -69)	149	testing
6	qp	f	19	red	2	(80, 0)	(40, 69)	(-39, 69)	(-80, 0)	(-40, -69)	(40, -69)	diamond	none	dif	right	right	N_dist	(40, -69)	probe	h_tar	None	None	None	None	135	160	110	35	85	60	(40, -69)	165	testing
6	qp	f	19	red	2	(80, 0)	(40, 69)	(-39, 69)	(-80, 0)	(-40, -69)	(40, -69)	circle	none	dif	left	left	N_dist	(-80, 0)	search	nr	True	372929	374089	left	160	85	10	35	135	60	None	None	testing
6	qp	f	19	red	2	(80, 0)	(40, 69)	(-39, 69)	(-80, 0)	(-40, -69)	(40, -69)	circle	none	same	left	left	N_dist	(40, 69)	search	nr	True	375283	376024	left	160	60	35	110	10	85	None	None	testing
6	qp	f	19	red	2	(80, 0)	(40, 69)	(-39, 69)	(-80, 0)	(-40, -69)	(40, -69)	diamond	none	same	left	left	N_dist	(40, -69)	search	nr	True	377220	378232	left	85	10	60	110	160	35	None	None	testing
6	qp	f	19	red	2	(80, 0)	(40, 69)	(-39, 69)	(-80, 0)	(-40, -69)	(40, -69)	diamond	none	dif	right	right	N_dist	(-40, -69)	search	nr	True	379324	380457	right	110	60	85	135	160	10	None	None	testing
6	qp	f	19	red	2	(80, 0)	(40, 69)	(-39, 69)	(-80, 0)	(-40, -69)	(40, -69)	circle	red	dif	left	left	(40, -69)	(40, 69)	probe	h_sin	None	None	None	None	35	85	10	60	135	110	(40, -69)	16	testing
6	qp	f	19	red	2	(80, 0)	(40, 69)	(-39, 69)	(-80, 0)	(-40, -69)	(40, -69)	diamond	red	dif	right	right	(-80, 0)	(-40, -69)	probe	l_sin	None	None	None	None	110	160	135	60	85	10	(-80, 0)	177	testing
6	qp	f	19	red	2	(80, 0)	(40, 69)	(-39, 69)	(-80, 0)	(-40, -69)	(40, -69)	diamond	red	same	left	left	(40, -69)	(-40, -69)	search	nr	True	390861	392728	left	110	160	10	60	135	85	None	None	testing
6	qp	f	19	red	2	(80, 0)	(40, 69)	(-39, 69)	(-80, 0)	(-40, -69)	(40, -69)	circle	red	same	left	left	(-39, 69)	(40, 69)	search	nr	True	393984	394841	left	135	160	10	35	85	110	None	None	testing
6	qp	f	19	red	2	(80, 0)	(40, 69)	(-39, 69)	(-80, 0)	(-40, -69)	(40, -69)	circle	none	same	left	left	N_dist	(-80, 0)	search	nr	True	396104	396872	left	160	85	110	35	10	60	None	None	testing
6	qp	f	19	red	2	(80, 0)	(40, 69)	(-39, 69)	(-80, 0)	(-40, -69)	(40, -69)	circle	none	same	right	right	N_dist	(-80, 0)	probe	h_norm	None	None	None	None	60	135	10	160	35	110	(40, -69)	22	testing
6	qp	f	19	red	2	(80, 0)	(40, 69)	(-39, 69)	(-80, 0)	(-40, -69)	(40, -69)	diamond	none	dif	left	left	N_dist	(-39, 69)	search	nr	True	403151	403896	left	60	35	85	135	110	160	None	None	testing
6	qp	f	19	red	2	(80, 0)	(40, 69)	(-39, 69)	(-80, 0)	(-40, -69)	(40, -69)	circle	red	same	left	left	(-40, -69)	(40, 69)	search	nr	True	405071	406056	left	110	35	85	160	10	60	None	None	testing
6	qp	f	19	red	2	(80, 0)	(40, 69)	(-39, 69)	(-80, 0)	(-40, -69)	(40, -69)	diamond	red	same	right	right	(-80, 0)	(40, 69)	probe	l_sin	None	None	None	None	60	85	110	135	35	10	(-80, 0)	0	testing
6	qp	f	19	red	2	(80, 0)	(40, 69)	(-39, 69)	(-80, 0)	(-40, -69)	(40, -69)	circle	red	dif	right	right	(40, -69)	(-39, 69)	search	nr	True	411249	412280	right	160	10	35	60	85	135	None	None	testing
6	qp	f	19	red	2	(80, 0)	(40, 69)	(-39, 69)	(-80, 0)	(-40, -69)	(40, -69)	diamond	none	dif	left	left	N_dist	(80, 0)	probe	h_norm	None	None	None	None	160	135	60	35	110	10	(40, -69)	35	testing
6	qp	f	19	red	2	(80, 0)	(40, 69)	(-39, 69)	(-80, 0)	(-40, -69)	(40, -69)	circle	red	same	left	left	(-40, -69)	(40, 69)	search	nr	True	419481	420152	left	60	35	160	85	10	135	None	None	testing
6	qp	f	19	red	2	(80, 0)	(40, 69)	(-39, 69)	(-80, 0)	(-40, -69)	(40, -69)	circle	red	same	right	right	(40, -69)	(-40, -69)	search	nr	True	421334	422392	right	110	160	135	10	85	35	None	None	testing
6	qp	f	19	red	2	(80, 0)	(40, 69)	(-39, 69)	(-80, 0)	(-40, -69)	(40, -69)	circle	red	dif	left	left	(40, -69)	(-80, 0)	search	nr	True	423538	424408	left	110	10	135	60	160	35	None	None	testing
6	qp	f	19	red	2	(80, 0)	(40, 69)	(-39, 69)	(-80, 0)	(-40, -69)	(40, -69)	diamond	red	same	left	left	(40, -69)	(-40, -69)	search	nr	True	425692	426744	left	35	160	10	60	85	110	None	None	testing
6	qp	f	19	red	2	(80, 0)	(40, 69)	(-39, 69)	(-80, 0)	(-40, -69)	(40, -69)	circle	red	dif	right	right	(-40, -69)	(40, 69)	search	nr	True	427946	429112	right	85	60	110	10	160	135	None	None	testing
6	qp	f	19	red	2	(80, 0)	(40, 69)	(-39, 69)	(-80, 0)	(-40, -69)	(40, -69)	circle	none	dif	left	left	N_dist	(-80, 0)	probe	l_norm	None	None	None	None	135	110	35	60	160	85	(40, 69)	61	testing
6	qp	f	19	red	2	(80, 0)	(40, 69)	(-39, 69)	(-80, 0)	(-40, -69)	(40, -69)	circle	red	same	right	right	(40, -69)	(40, 69)	probe	norm	None	None	None	None	10	135	85	35	160	60	(-40, -69)	156	testing
6	qp	f	19	red	2	(80, 0)	(40, 69)	(-39, 69)	(-80, 0)	(-40, -69)	(40, -69)	circle	red	same	right	right	(40, -69)	(-40, -69)	probe	h_sin	None	None	None	None	110	60	85	35	10	160	(40, -69)	29	testing
6	qp	f	19	red	2	(80, 0)	(40, 69)	(-39, 69)	(-80, 0)	(-40, -69)	(40, -69)	circle	red	same	right	right	(-40, -69)	(-80, 0)	search	nr	True	455714	457080	right	110	10	60	35	135	160	None	None	testing
6	qp	f	19	red	2	(80, 0)	(40, 69)	(-39, 69)	(-80, 0)	(-40, -69)	(40, -69)	diamond	none	dif	left	left	N_dist	(40, 69)	search	nr	True	458319	459049	left	160	60	10	85	135	35	None	None	testing
6	qp	f	19	red	2	(80, 0)	(40, 69)	(-39, 69)	(-80, 0)	(-40, -69)	(40, -69)	circle	none	same	left	left	N_dist	(40, -69)	probe	h_tar	None	None	None	None	110	85	35	135	160	10	(40, -69)	18	testing
6	qp	f	19	red	2	(80, 0)	(40, 69)	(-39, 69)	(-80, 0)	(-40, -69)	(40, -69)	diamond	red	same	left	left	(40, -69)	(80, 0)	search	nr	True	465833	466536	left	60	160	85	135	110	35	None	None	testing
6	qp	f	19	red	2	(80, 0)	(40, 69)	(-39, 69)	(-80, 0)	(-40, -69)	(40, -69)	diamond	red	same	right	right	(40, -69)	(-39, 69)	probe	h_sin	None	None	None	None	10	35	160	60	135	110	(40, -69)	29	testing
6	qp	f	19	red	2	(80, 0)	(40, 69)	(-39, 69)	(-80, 0)	(-40, -69)	(40, -69)	diamond	red	dif	left	left	(80, 0)	(-80, 0)	search	nr	True	472478	473385	left	160	85	10	135	60	110	None	None	testing
6	qp	f	19	red	2	(80, 0)	(40, 69)	(-39, 69)	(-80, 0)	(-40, -69)	(40, -69)	diamond	red	dif	right	right	(40, -69)	(40, 69)	search	nr	True	474615	475432	right	35	60	160	135	85	110	None	None	testing
6	qp	f	19	red	2	(80, 0)	(40, 69)	(-39, 69)	(-80, 0)	(-40, -69)	(40, -69)	diamond	none	dif	right	right	N_dist	(-39, 69)	search	nr	True	476602	477192	right	110	135	60	35	85	10	None	None	testing
6	qp	f	19	red	2	(80, 0)	(40, 69)	(-39, 69)	(-80, 0)	(-40, -69)	(40, -69)	diamond	red	same	right	right	(40, -69)	(-80, 0)	probe	norm	None	None	None	None	160	85	60	35	10	110	(40, 69)	24	testing
6	qp	f	19	red	2	(80, 0)	(40, 69)	(-39, 69)	(-80, 0)	(-40, -69)	(40, -69)	diamond	red	dif	right	right	(40, -69)	(-39, 69)	probe	norm	None	None	None	None	35	160	10	110	135	85	(-40, -69)	26	testing
6	qp	f	19	red	2	(80, 0)	(40, 69)	(-39, 69)	(-80, 0)	(-40, -69)	(40, -69)	diamond	red	dif	right	right	(80, 0)	(-40, -69)	probe	l_sin	None	None	None	None	10	160	85	35	60	135	(80, 0)	179	testing
6	qp	f	19	red	2	(80, 0)	(40, 69)	(-39, 69)	(-80, 0)	(-40, -69)	(40, -69)	diamond	red	same	right	right	(40, -69)	(-39, 69)	search	nr	True	498844	499944	right	85	110	160	135	10	35	None	None	testing
6	qp	f	19	red	2	(80, 0)	(40, 69)	(-39, 69)	(-80, 0)	(-40, -69)	(40, -69)	circle	red	dif	left	left	(40, -69)	(-40, -69)	search	nr	True	501248	502792	left	135	35	160	10	60	110	None	None	testing
6	qp	f	19	red	2	(80, 0)	(40, 69)	(-39, 69)	(-80, 0)	(-40, -69)	(40, -69)	diamond	red	dif	left	left	(40, -69)	(40, 69)	search	nr	True	504036	505368	left	35	85	110	135	160	60	None	None	testing
6	qp	f	19	red	2	(80, 0)	(40, 69)	(-39, 69)	(-80, 0)	(-40, -69)	(40, -69)	diamond	none	dif	left	left	N_dist	(40, 69)	search	nr	True	506458	507288	left	85	60	35	160	10	110	None	None	testing
6	qp	f	19	red	2	(80, 0)	(40, 69)	(-39, 69)	(-80, 0)	(-40, -69)	(40, -69)	circle	none	same	left	left	N_dist	(-80, 0)	probe	h_norm	None	None	None	None	85	35	135	60	110	160	(40, -69)	0	testing
6	qp	f	19	red	2	(80, 0)	(40, 69)	(-39, 69)	(-80, 0)	(-40, -69)	(40, -69)	diamond	red	dif	right	right	(40, -69)	(80, 0)	probe	tar	None	None	None	None	110	135	35	10	85	60	(80, 0)	0	testing
6	qp	f	19	red	2	(80, 0)	(40, 69)	(-39, 69)	(-80, 0)	(-40, -69)	(40, -69)	circle	red	dif	right	right	(-39, 69)	(40, 69)	search	nr	True	516626	517864	right	160	10	110	60	135	85	None	None	testing
6	qp	f	19	red	2	(80, 0)	(40, 69)	(-39, 69)	(-80, 0)	(-40, -69)	(40, -69)	diamond	none	same	right	right	N_dist	(40, 69)	search	nr	True	518980	520024	right	85	110	35	160	135	10	None	None	testing
6	qp	f	19	red	2	(80, 0)	(40, 69)	(-39, 69)	(-80, 0)	(-40, -69)	(40, -69)	circle	none	dif	left	left	N_dist	(-40, -69)	search	nr	True	521135	522200	left	35	10	160	135	60	110	None	None	testing
6	qp	f	19	red	2	(80, 0)	(40, 69)	(-39, 69)	(-80, 0)	(-40, -69)	(40, -69)	circle	red	dif	left	left	(40, -69)	(-80, 0)	search	nr	True	523472	524089	left	110	85	135	60	160	10	None	None	testing
6	qp	f	19	red	2	(80, 0)	(40, 69)	(-39, 69)	(-80, 0)	(-40, -69)	(40, -69)	circle	red	dif	right	right	(40, -69)	(-39, 69)	search	nr	True	525292	526040	right	85	10	60	160	135	35	None	None	testing
6	qp	f	19	red	2	(80, 0)	(40, 69)	(-39, 69)	(-80, 0)	(-40, -69)	(40, -69)	diamond	red	dif	right	right	(40, -69)	(40, 69)	search	nr	True	527145	527944	right	60	135	35	10	110	160	None	None	testing
6	qp	f	19	red	2	(80, 0)	(40, 69)	(-39, 69)	(-80, 0)	(-40, -69)	(40, -69)	diamond	none	same	left	left	N_dist	(80, 0)	search	nr	True	529032	529768	left	35	85	10	135	110	60	None	None	testing
6	qp	f	19	red	2	(80, 0)	(40, 69)	(-39, 69)	(-80, 0)	(-40, -69)	(40, -69)	diamond	red	same	left	left	(40, -69)	(-80, 0)	search	nr	True	530852	531465	left	10	85	35	160	60	135	None	None	testing
6	qp	f	19	red	2	(80, 0)	(40, 69)	(-39, 69)	(-80, 0)	(-40, -69)	(40, -69)	diamond	red	same	right	right	(40, -69)	(-39, 69)	probe	tar	None	None	None	None	135	60	160	85	110	10	(-39, 69)	9	testing
6	qp	f	19	red	2	(80, 0)	(40, 69)	(-39, 69)	(-80, 0)	(-40, -69)	(40, -69)	circle	none	dif	right	right	N_dist	(80, 0)	probe	l_tar	None	None	None	None	110	60	160	10	135	85	(80, 0)	15	testing
6	qp	f	19	red	2	(80, 0)	(40, 69)	(-39, 69)	(-80, 0)	(-40, -69)	(40, -69)	circle	red	dif	right	right	(40, -69)	(40, 69)	probe	tar	None	None	None	None	10	60	35	160	110	85	(40, 69)	18	testing
6	qp	f	19	red	2	(80, 0)	(40, 69)	(-39, 69)	(-80, 0)	(-40, -69)	(40, -69)	circle	none	same	right	right	N_dist	(40, 69)	search	nr	True	547199	547929	right	35	135	10	60	110	160	None	None	testing
6	qp	f	19	red	2	(80, 0)	(40, 69)	(-39, 69)	(-80, 0)	(-40, -69)	(40, -69)	diamond	none	same	right	right	N_dist	(-40, -69)	probe	l_norm	None	None	None	None	110	60	160	85	35	10	(80, 0)	20	testing
6	qp	f	19	red	2	(80, 0)	(40, 69)	(-39, 69)	(-80, 0)	(-40, -69)	(40, -69)	diamond	red	same	right	right	(-80, 0)	(40, 69)	search	nr	True	554346	555320	right	85	135	10	160	60	110	None	None	testing
6	qp	f	19	red	2	(80, 0)	(40, 69)	(-39, 69)	(-80, 0)	(-40, -69)	(40, -69)	diamond	red	same	left	left	(40, 69)	(-80, 0)	search	nr	True	556449	557304	left	135	110	160	35	85	60	None	None	testing
6	qp	f	19	red	2	(80, 0)	(40, 69)	(-39, 69)	(-80, 0)	(-40, -69)	(40, -69)	diamond	red	same	left	left	(40, -69)	(-80, 0)	probe	norm	None	None	None	None	35	135	110	85	60	160	(-39, 69)	177	testing
6	qp	f	19	red	2	(80, 0)	(40, 69)	(-39, 69)	(-80, 0)	(-40, -69)	(40, -69)	diamond	red	dif	right	right	(40, -69)	(80, 0)	search	nr	True	563295	564184	right	160	85	110	10	135	35	None	None	testing
6	qp	f	19	red	2	(80, 0)	(40, 69)	(-39, 69)	(-80, 0)	(-40, -69)	(40, -69)	circle	red	same	left	left	(-40, -69)	(40, 69)	search	nr	True	565432	566280	left	10	160	35	60	85	135	None	None	testing
6	qp	f	19	red	2	(80, 0)	(40, 69)	(-39, 69)	(-80, 0)	(-40, -69)	(40, -69)	circle	red	dif	left	left	(40, -69)	(-40, -69)	search	nr	True	567570	568360	left	35	110	60	160	135	85	None	None	testing
6	qp	f	19	red	2	(80, 0)	(40, 69)	(-39, 69)	(-80, 0)	(-40, -69)	(40, -69)	circle	red	same	right	right	(40, -69)	(-40, -69)	search	nr	True	569590	570440	right	60	35	85	160	10	110	None	None	testing
6	qp	f	19	red	2	(80, 0)	(40, 69)	(-39, 69)	(-80, 0)	(-40, -69)	(40, -69)	circle	red	same	left	left	(-80, 0)	(80, 0)	search	nr	True	571678	572488	left	110	135	60	35	160	10	None	None	testing
6	qp	f	19	red	2	(80, 0)	(40, 69)	(-39, 69)	(-80, 0)	(-40, -69)	(40, -69)	circle	red	dif	right	right	(40, -69)	(80, 0)	search	nr	True	573564	574392	right	10	110	60	35	135	85	None	None	testing
6	qp	f	19	red	2	(80, 0)	(40, 69)	(-39, 69)	(-80, 0)	(-40, -69)	(40, -69)	diamond	red	dif	right	right	(-40, -69)	(80, 0)	search	nr	True	575551	576520	right	110	10	160	135	85	60	None	None	testing
6	qp	f	19	red	2	(80, 0)	(40, 69)	(-39, 69)	(-80, 0)	(-40, -69)	(40, -69)	diamond	red	dif	left	left	(40, -69)	(-40, -69)	search	nr	True	577721	578872	left	110	160	60	135	35	10	None	None	testing
6	qp	f	19	red	2	(80, 0)	(40, 69)	(-39, 69)	(-80, 0)	(-40, -69)	(40, -69)	circle	none	same	right	right	N_dist	(40, -69)	search	nr	True	580043	580904	right	85	35	135	60	160	110	None	None	testing
6	qp	f	19	red	2	(80, 0)	(40, 69)	(-39, 69)	(-80, 0)	(-40, -69)	(40, -69)	circle	red	same	right	right	(80, 0)	(40, 69)	search	nr	True	582080	582969	right	135	85	160	10	110	60	None	None	testing
6	qp	f	19	red	2	(80, 0)	(40, 69)	(-39, 69)	(-80, 0)	(-40, -69)	(40, -69)	diamond	red	same	right	right	(40, -69)	(-40, -69)	search	nr	True	584284	585832	right	10	135	160	85	35	60	None	None	testing
6	qp	f	19	red	2	(80, 0)	(40, 69)	(-39, 69)	(-80, 0)	(-40, -69)	(40, -69)	circle	red	same	right	right	(-40, -69)	(-80, 0)	probe	l_sin	None	None	None	None	60	35	135	160	110	85	(-40, -69)	169	testing
6	qp	f	19	red	2	(80, 0)	(40, 69)	(-39, 69)	(-80, 0)	(-40, -69)	(40, -69)	circle	red	same	left	left	(40, -69)	(-39, 69)	search	nr	True	593250	594009	left	60	135	160	85	10	35	None	None	testing
6	qp	f	19	red	2	(80, 0)	(40, 69)	(-39, 69)	(-80, 0)	(-40, -69)	(40, -69)	circle	red	dif	left	left	(-39, 69)	(80, 0)	probe	tar	None	None	None	None	35	135	10	160	85	60	(80, 0)	166	testing
6	qp	f	19	red	2	(80, 0)	(40, 69)	(-39, 69)	(-80, 0)	(-40, -69)	(40, -69)	diamond	red	same	right	right	(40, -69)	(-80, 0)	search	nr	True	600113	601240	right	135	110	60	35	85	160	None	None	testing
6	qp	f	19	red	2	(80, 0)	(40, 69)	(-39, 69)	(-80, 0)	(-40, -69)	(40, -69)	diamond	red	same	left	left	(-80, 0)	(40, 69)	search	nr	True	602484	603816	left	135	60	35	110	85	160	None	None	testing
6	qp	f	19	red	2	(80, 0)	(40, 69)	(-39, 69)	(-80, 0)	(-40, -69)	(40, -69)	diamond	red	dif	right	right	(-80, 0)	(-40, -69)	search	nr	True	605072	605992	right	160	35	110	10	60	85	None	None	testing
6	qp	f	19	red	2	(80, 0)	(40, 69)	(-39, 69)	(-80, 0)	(-40, -69)	(40, -69)	circle	none	dif	right	right	N_dist	(80, 0)	probe	l_tar	None	None	None	None	35	135	110	10	160	85	(80, 0)	22	testing
6	qp	f	19	red	2	(80, 0)	(40, 69)	(-39, 69)	(-80, 0)	(-40, -69)	(40, -69)	circle	red	dif	right	right	(40, -69)	(-40, -69)	search	nr	True	612285	613416	right	135	10	85	35	60	110	None	None	testing
6	qp	f	19	red	2	(80, 0)	(40, 69)	(-39, 69)	(-80, 0)	(-40, -69)	(40, -69)	diamond	red	dif	right	right	(80, 0)	(-40, -69)	search	nr	True	614689	615513	right	60	35	85	110	10	135	None	None	testing
6	qp	f	19	red	2	(80, 0)	(40, 69)	(-39, 69)	(-80, 0)	(-40, -69)	(40, -69)	circle	red	same	left	left	(40, -69)	(-39, 69)	search	nr	True	616810	617513	left	35	160	85	60	10	135	None	None	testing
6	qp	f	19	red	2	(80, 0)	(40, 69)	(-39, 69)	(-80, 0)	(-40, -69)	(40, -69)	diamond	red	same	left	left	(40, -69)	(-80, 0)	search	nr	True	618680	620376	left	135	35	110	160	85	10	None	None	testing
6	qp	f	19	red	2	(80, 0)	(40, 69)	(-39, 69)	(-80, 0)	(-40, -69)	(40, -69)	diamond	red	dif	right	right	(40, -69)	(40, 69)	search	nr	True	621569	622488	right	35	135	160	110	60	85	None	None	testing
6	qp	f	19	red	2	(80, 0)	(40, 69)	(-39, 69)	(-80, 0)	(-40, -69)	(40, -69)	diamond	red	same	left	left	(40, -69)	(40, 69)	search	nr	True	623656	624345	left	160	60	10	110	135	35	None	None	testing
6	qp	f	19	red	2	(80, 0)	(40, 69)	(-39, 69)	(-80, 0)	(-40, -69)	(40, -69)	diamond	red	dif	left	left	(40, -69)	(40, 69)	probe	tar	None	None	None	None	35	10	160	110	60	85	(40, 69)	156	testing
6	qp	f	19	red	2	(80, 0)	(40, 69)	(-39, 69)	(-80, 0)	(-40, -69)	(40, -69)	diamond	none	dif	left	left	N_dist	(40, -69)	search	nr	True	630485	631496	left	110	160	10	35	60	135	None	None	testing
6	qp	f	19	red	2	(80, 0)	(40, 69)	(-39, 69)	(-80, 0)	(-40, -69)	(40, -69)	circle	red	dif	left	left	(40, -69)	(-80, 0)	probe	norm	None	None	None	None	85	110	10	160	135	60	(40, 69)	16	testing
6	qp	f	19	red	2	(80, 0)	(40, 69)	(-39, 69)	(-80, 0)	(-40, -69)	(40, -69)	diamond	red	dif	left	left	(80, 0)	(-80, 0)	search	nr	True	637815	638616	left	60	10	110	160	135	35	None	None	testing
6	qp	f	19	red	2	(80, 0)	(40, 69)	(-39, 69)	(-80, 0)	(-40, -69)	(40, -69)	diamond	red	dif	left	left	(40, 69)	(-80, 0)	search	nr	True	639886	640633	left	85	110	10	160	35	135	None	None	testing
6	qp	f	19	red	2	(80, 0)	(40, 69)	(-39, 69)	(-80, 0)	(-40, -69)	(40, -69)	circle	red	dif	right	right	(40, -69)	(-80, 0)	search	nr	True	641706	642664	right	10	60	135	110	35	160	None	None	testing
6	qp	f	19	red	2	(80, 0)	(40, 69)	(-39, 69)	(-80, 0)	(-40, -69)	(40, -69)	circle	red	same	left	left	(-40, -69)	(40, 69)	search	nr	True	643776	644471	left	10	60	160	135	35	110	None	None	testing
6	qp	f	19	red	2	(80, 0)	(40, 69)	(-39, 69)	(-80, 0)	(-40, -69)	(40, -69)	circle	none	same	left	left	N_dist	(40, 69)	search	nr	True	645763	646360	left	60	135	110	35	160	10	None	None	testing
6	qp	f	19	red	2	(80, 0)	(40, 69)	(-39, 69)	(-80, 0)	(-40, -69)	(40, -69)	circle	none	dif	left	left	N_dist	(40, 69)	search	nr	True	647417	648104	left	110	160	85	135	10	35	None	None	testing
6	qp	f	19	red	2	(80, 0)	(40, 69)	(-39, 69)	(-80, 0)	(-40, -69)	(40, -69)	diamond	red	same	left	left	(40, -69)	(40, 69)	search	nr	True	649270	650009	left	135	60	160	110	10	35	None	None	testing
6	qp	f	19	red	2	(80, 0)	(40, 69)	(-39, 69)	(-80, 0)	(-40, -69)	(40, -69)	circle	none	dif	right	right	N_dist	(-39, 69)	probe	l_norm	None	None	None	None	10	160	85	60	35	110	(-80, 0)	7	testing
6	qp	f	19	red	2	(80, 0)	(40, 69)	(-39, 69)	(-80, 0)	(-40, -69)	(40, -69)	diamond	red	dif	left	left	(40, 69)	(-39, 69)	search	nr	True	656767	657656	left	60	110	85	135	35	160	None	None	testing
6	qp	f	19	red	2	(80, 0)	(40, 69)	(-39, 69)	(-80, 0)	(-40, -69)	(40, -69)	diamond	red	dif	right	right	(40, -69)	(40, 69)	search	nr	True	658955	659832	right	10	60	135	110	160	35	None	None	testing
6	qp	f	19	red	2	(80, 0)	(40, 69)	(-39, 69)	(-80, 0)	(-40, -69)	(40, -69)	diamond	red	same	right	right	(40, -69)	(-40, -69)	search	nr	True	660925	661816	right	135	35	110	60	160	10	None	None	testing
6	qp	f	19	red	2	(80, 0)	(40, 69)	(-39, 69)	(-80, 0)	(-40, -69)	(40, -69)	circle	red	dif	left	left	(40, -69)	(-40, -69)	probe	tar	None	None	None	None	10	160	110	60	35	135	(-40, -69)	162	testing
6	qp	f	19	red	2	(80, 0)	(40, 69)	(-39, 69)	(-80, 0)	(-40, -69)	(40, -69)	diamond	red	same	right	right	(40, 69)	(-39, 69)	search	nr	True	669875	670616	right	135	160	10	85	35	110	None	None	testing
6	qp	f	19	red	2	(80, 0)	(40, 69)	(-39, 69)	(-80, 0)	(-40, -69)	(40, -69)	circle	red	dif	left	left	(40, -69)	(-40, -69)	search	nr	True	671745	672648	left	160	35	60	135	110	10	None	None	testing
6	qp	f	19	red	2	(80, 0)	(40, 69)	(-39, 69)	(-80, 0)	(-40, -69)	(40, -69)	diamond	red	dif	left	left	(40, -69)	(80, 0)	probe	tar	None	None	None	None	160	10	85	35	110	135	(80, 0)	162	testing
6	qp	f	19	red	2	(80, 0)	(40, 69)	(-39, 69)	(-80, 0)	(-40, -69)	(40, -69)	diamond	red	same	left	left	(-80, 0)	(-40, -69)	search	nr	True	682966	684728	left	60	160	110	35	10	85	None	None	testing
6	qp	f	19	red	2	(80, 0)	(40, 69)	(-39, 69)	(-80, 0)	(-40, -69)	(40, -69)	diamond	red	same	left	left	(-80, 0)	(40, 69)	probe	l_sin	None	None	None	None	160	60	110	135	85	35	(-80, 0)	174	testing
6	qp	f	19	red	2	(80, 0)	(40, 69)	(-39, 69)	(-80, 0)	(-40, -69)	(40, -69)	circle	red	dif	right	right	(80, 0)	(-80, 0)	search	nr	True	691798	693544	right	10	110	135	85	35	60	None	None	testing
6	qp	f	19	red	2	(80, 0)	(40, 69)	(-39, 69)	(-80, 0)	(-40, -69)	(40, -69)	circle	red	dif	right	right	(40, -69)	(-40, -69)	search	nr	True	694686	695656	right	35	10	160	85	135	60	None	None	testing
6	qp	f	19	red	2	(80, 0)	(40, 69)	(-39, 69)	(-80, 0)	(-40, -69)	(40, -69)	diamond	red	dif	left	left	(40, 69)	(-80, 0)	probe	l_sin	None	None	None	None	85	35	60	135	160	110	(40, 69)	16	testing
6	qp	f	19	red	2	(80, 0)	(40, 69)	(-39, 69)	(-80, 0)	(-40, -69)	(40, -69)	circle	none	same	left	left	N_dist	(80, 0)	search	nr	True	706558	707608	left	60	10	35	160	135	110	None	None	testing
6	qp	f	19	red	2	(80, 0)	(40, 69)	(-39, 69)	(-80, 0)	(-40, -69)	(40, -69)	diamond	red	dif	left	left	(-39, 69)	(80, 0)	search	nr	True	708913	709576	left	110	10	160	85	35	60	None	None	testing
6	qp	f	19	red	2	(80, 0)	(40, 69)	(-39, 69)	(-80, 0)	(-40, -69)	(40, -69)	diamond	none	dif	right	right	N_dist	(-40, -69)	probe	l_tar	None	None	None	None	10	60	110	160	35	135	(-40, -69)	166	testing
6	qp	f	19	red	2	(80, 0)	(40, 69)	(-39, 69)	(-80, 0)	(-40, -69)	(40, -69)	circle	none	same	left	left	N_dist	(40, -69)	search	nr	True	716845	717896	left	135	60	110	35	10	85	None	None	testing
6	qp	f	19	red	2	(80, 0)	(40, 69)	(-39, 69)	(-80, 0)	(-40, -69)	(40, -69)	diamond	red	dif	left	left	(40, -69)	(-80, 0)	probe	norm	None	None	None	None	110	135	85	10	35	60	(80, 0)	15	testing
6	qp	f	19	red	2	(80, 0)	(40, 69)	(-39, 69)	(-80, 0)	(-40, -69)	(40, -69)	diamond	red	dif	left	left	(40, -69)	(-80, 0)	search	nr	True	725026	725784	left	10	35	110	135	160	60	None	None	testing
6	qp	f	19	red	2	(80, 0)	(40, 69)	(-39, 69)	(-80, 0)	(-40, -69)	(40, -69)	circle	red	dif	right	right	(-39, 69)	(40, 69)	probe	norm	None	None	None	None	60	135	10	35	110	160	(-40, -69)	168	testing
6	qp	f	19	red	2	(80, 0)	(40, 69)	(-39, 69)	(-80, 0)	(-40, -69)	(40, -69)	circle	none	dif	left	left	N_dist	(-80, 0)	probe	l_norm	None	None	None	None	85	135	60	10	110	160	(40, 69)	18	testing
6	qp	f	19	red	2	(80, 0)	(40, 69)	(-39, 69)	(-80, 0)	(-40, -69)	(40, -69)	diamond	none	same	right	right	N_dist	(-39, 69)	search	nr	True	736547	737576	right	10	60	110	85	35	160	None	None	testing
6	qp	f	19	red	2	(80, 0)	(40, 69)	(-39, 69)	(-80, 0)	(-40, -69)	(40, -69)	diamond	red	dif	right	right	(-40, -69)	(80, 0)	probe	tar	None	None	None	None	85	110	10	35	135	160	(80, 0)	19	testing
6	qp	f	19	red	2	(80, 0)	(40, 69)	(-39, 69)	(-80, 0)	(-40, -69)	(40, -69)	diamond	none	dif	left	left	N_dist	(80, 0)	search	nr	True	744963	745736	left	85	10	135	60	110	35	None	None	testing
6	qp	f	19	red	2	(80, 0)	(40, 69)	(-39, 69)	(-80, 0)	(-40, -69)	(40, -69)	diamond	none	same	right	right	N_dist	(40, 69)	probe	l_norm	None	None	None	None	135	60	35	10	85	160	(80, 0)	17	testing
6	qp	f	19	red	2	(80, 0)	(40, 69)	(-39, 69)	(-80, 0)	(-40, -69)	(40, -69)	diamond	none	dif	left	left	N_dist	(80, 0)	search	nr	True	751975	752648	left	135	85	110	10	35	60	None	None	testing
6	qp	f	19	red	2	(80, 0)	(40, 69)	(-39, 69)	(-80, 0)	(-40, -69)	(40, -69)	circle	none	dif	left	left	N_dist	(-40, -69)	search	nr	True	753763	754824	left	135	110	85	35	160	10	None	None	testing
6	qp	f	19	red	2	(80, 0)	(40, 69)	(-39, 69)	(-80, 0)	(-40, -69)	(40, -69)	circle	red	same	right	right	(40, -69)	(40, 69)	search	nr	True	755949	757385	right	85	35	60	160	135	110	None	None	testing
6	qp	f	19	red	2	(80, 0)	(40, 69)	(-39, 69)	(-80, 0)	(-40, -69)	(40, -69)	circle	red	dif	right	right	(-40, -69)	(40, 69)	search	nr	True	758471	759304	right	85	135	110	10	160	60	None	None	testing
6	qp	f	19	red	2	(80, 0)	(40, 69)	(-39, 69)	(-80, 0)	(-40, -69)	(40, -69)	circle	none	same	right	right	N_dist	(-40, -69)	probe	l_norm	None	None	None	None	135	160	110	60	35	85	(80, 0)	11	testing
6	qp	f	19	red	2	(80, 0)	(40, 69)	(-39, 69)	(-80, 0)	(-40, -69)	(40, -69)	diamond	red	same	right	right	(40, -69)	(-80, 0)	probe	norm	None	None	None	None	10	135	110	60	85	35	(-39, 69)	9	testing
6	qp	f	19	red	2	(80, 0)	(40, 69)	(-39, 69)	(-80, 0)	(-40, -69)	(40, -69)	diamond	none	same	left	left	N_dist	(-80, 0)	search	nr	True	777856	778648	left	60	160	85	110	10	35	None	None	testing
6	qp	f	19	red	2	(80, 0)	(40, 69)	(-39, 69)	(-80, 0)	(-40, -69)	(40, -69)	circle	red	same	right	right	(40, -69)	(40, 69)	search	nr	True	779776	780648	right	110	10	60	35	135	160	None	None	testing
6	qp	f	19	red	2	(80, 0)	(40, 69)	(-39, 69)	(-80, 0)	(-40, -69)	(40, -69)	diamond	red	same	left	left	(40, -69)	(-40, -69)	probe	h_sin	None	None	None	None	85	60	10	160	110	135	(40, -69)	5	testing
6	qp	f	19	red	2	(80, 0)	(40, 69)	(-39, 69)	(-80, 0)	(-40, -69)	(40, -69)	circle	none	dif	left	left	N_dist	(40, 69)	search	nr	True	788877	789832	left	85	110	10	60	135	35	None	None	testing
6	qp	f	19	red	2	(80, 0)	(40, 69)	(-39, 69)	(-80, 0)	(-40, -69)	(40, -69)	circle	none	same	left	left	N_dist	(80, 0)	search	nr	True	791114	792009	left	85	10	35	110	135	160	None	None	testing
6	qp	f	19	red	2	(80, 0)	(40, 69)	(-39, 69)	(-80, 0)	(-40, -69)	(40, -69)	diamond	none	dif	right	right	N_dist	(-39, 69)	probe	h_norm	None	None	None	None	85	60	35	135	160	10	(40, -69)	0	testing
6	qp	f	19	red	2	(80, 0)	(40, 69)	(-39, 69)	(-80, 0)	(-40, -69)	(40, -69)	diamond	none	same	left	left	N_dist	(-80, 0)	probe	l_tar	None	None	None	None	60	85	10	110	135	160	(-80, 0)	0	testing
6	qp	f	19	red	2	(80, 0)	(40, 69)	(-39, 69)	(-80, 0)	(-40, -69)	(40, -69)	circle	none	same	right	right	N_dist	(-80, 0)	search	nr	True	802568	803736	right	85	110	35	135	160	60	None	None	testing
6	qp	f	19	red	2	(80, 0)	(40, 69)	(-39, 69)	(-80, 0)	(-40, -69)	(40, -69)	circle	red	dif	right	right	(40, -69)	(80, 0)	search	nr	True	804823	805465	right	135	35	110	10	85	160	None	None	testing
6	qp	f	19	red	2	(80, 0)	(40, 69)	(-39, 69)	(-80, 0)	(-40, -69)	(40, -69)	circle	red	dif	left	left	(-39, 69)	(40, 69)	probe	norm	None	None	None	None	110	135	85	35	60	160	(40, -69)	169	testing
6	qp	f	19	red	2	(80, 0)	(40, 69)	(-39, 69)	(-80, 0)	(-40, -69)	(40, -69)	circle	red	dif	right	right	(80, 0)	(-80, 0)	search	nr	True	812603	814264	right	160	10	85	60	110	35	None	None	testing
6	qp	f	19	red	2	(80, 0)	(40, 69)	(-39, 69)	(-80, 0)	(-40, -69)	(40, -69)	circle	red	same	right	right	(40, -69)	(-40, -69)	search	nr	True	815325	816183	right	10	135	110	160	85	60	None	None	testing
6	qp	f	19	red	2	(80, 0)	(40, 69)	(-39, 69)	(-80, 0)	(-40, -69)	(40, -69)	diamond	red	same	right	right	(-80, 0)	(40, 69)	search	nr	True	817379	818280	right	110	160	60	10	35	135	None	None	testing
6	qp	f	19	red	2	(80, 0)	(40, 69)	(-39, 69)	(-80, 0)	(-40, -69)	(40, -69)	circle	red	same	right	right	(40, -69)	(40, 69)	search	nr	True	819583	820199	right	35	10	110	135	160	85	None	None	testing
6	qp	f	19	red	2	(80, 0)	(40, 69)	(-39, 69)	(-80, 0)	(-40, -69)	(40, -69)	circle	red	same	right	right	(80, 0)	(40, 69)	search	nr	True	821269	821896	right	10	35	85	160	60	135	None	None	testing
6	qp	f	19	red	2	(80, 0)	(40, 69)	(-39, 69)	(-80, 0)	(-40, -69)	(40, -69)	circle	red	same	right	right	(40, -69)	(40, 69)	probe	tar	None	None	None	None	160	85	10	60	35	135	(40, 69)	0	testing
6	qp	f	19	red	2	(80, 0)	(40, 69)	(-39, 69)	(-80, 0)	(-40, -69)	(40, -69)	diamond	red	same	left	left	(40, -69)	(80, 0)	probe	h_sin	None	None	None	None	85	60	110	160	35	10	(40, -69)	20	testing
6	qp	f	19	red	2	(80, 0)	(40, 69)	(-39, 69)	(-80, 0)	(-40, -69)	(40, -69)	diamond	none	same	right	right	N_dist	(-80, 0)	probe	h_norm	None	None	None	None	110	160	135	85	10	60	(40, -69)	166	testing
6	qp	f	19	red	2	(80, 0)	(40, 69)	(-39, 69)	(-80, 0)	(-40, -69)	(40, -69)	circle	none	same	right	right	N_dist	(40, 69)	search	nr	True	837533	838552	right	60	35	160	110	85	135	None	None	testing
6	qp	f	19	red	2	(80, 0)	(40, 69)	(-39, 69)	(-80, 0)	(-40, -69)	(40, -69)	diamond	red	same	left	left	(40, -69)	(-80, 0)	search	nr	True	839770	841064	left	85	135	35	10	60	110	None	None	testing
6	qp	f	19	red	2	(80, 0)	(40, 69)	(-39, 69)	(-80, 0)	(-40, -69)	(40, -69)	diamond	red	dif	left	left	(40, 69)	(-39, 69)	probe	norm	None	None	None	None	10	110	60	160	85	135	(-40, -69)	167	testing
6	qp	f	19	red	2	(80, 0)	(40, 69)	(-39, 69)	(-80, 0)	(-40, -69)	(40, -69)	diamond	none	same	right	right	N_dist	(-80, 0)	search	nr	True	848336	849192	right	160	60	110	35	10	85	None	None	testing
6	qp	f	19	red	2	(80, 0)	(40, 69)	(-39, 69)	(-80, 0)	(-40, -69)	(40, -69)	circle	none	same	left	left	N_dist	(40, 69)	probe	h_norm	None	None	None	None	35	60	110	135	160	85	(40, -69)	0	testing
6	qp	f	19	red	2	(80, 0)	(40, 69)	(-39, 69)	(-80, 0)	(-40, -69)	(40, -69)	diamond	red	dif	right	right	(40, -69)	(-39, 69)	probe	norm	None	None	None	None	135	60	110	10	35	85	(40, 69)	20	testing
6	qp	f	19	red	2	(80, 0)	(40, 69)	(-39, 69)	(-80, 0)	(-40, -69)	(40, -69)	circle	red	same	right	right	(-40, -69)	(-80, 0)	search	nr	True	859807	861064	right	110	10	35	60	160	135	None	None	testing
6	qp	f	19	red	2	(80, 0)	(40, 69)	(-39, 69)	(-80, 0)	(-40, -69)	(40, -69)	diamond	red	same	right	right	(-80, 0)	(40, 69)	search	nr	True	862262	863063	left	10	85	110	35	135	60	None	None	testing
6	qp	f	19	red	2	(80, 0)	(40, 69)	(-39, 69)	(-80, 0)	(-40, -69)	(40, -69)	circle	none	dif	right	right	N_dist	(80, 0)	search	nr	True	865751	866536	right	110	160	85	60	10	35	None	None	testing
6	qp	f	19	red	2	(80, 0)	(40, 69)	(-39, 69)	(-80, 0)	(-40, -69)	(40, -69)	circle	none	same	right	right	N_dist	(-40, -69)	search	nr	True	867805	868680	right	60	85	110	160	10	135	None	None	testing
6	qp	f	19	red	2	(80, 0)	(40, 69)	(-39, 69)	(-80, 0)	(-40, -69)	(40, -69)	diamond	red	same	left	left	(-80, 0)	(-40, -69)	search	nr	True	869942	871000	left	85	135	35	110	60	10	None	None	testing
6	qp	f	19	red	2	(80, 0)	(40, 69)	(-39, 69)	(-80, 0)	(-40, -69)	(40, -69)	diamond	red	same	right	right	(40, -69)	(-80, 0)	search	nr	True	872196	873192	right	135	10	160	110	35	85	None	None	testing
6	qp	f	19	red	2	(80, 0)	(40, 69)	(-39, 69)	(-80, 0)	(-40, -69)	(40, -69)	circle	red	same	right	right	(40, 69)	(-80, 0)	probe	tar	None	None	None	None	60	10	160	35	135	85	(-80, 0)	0	testing
6	qp	f	19	red	2	(80, 0)	(40, 69)	(-39, 69)	(-80, 0)	(-40, -69)	(40, -69)	diamond	none	same	left	left	N_dist	(40, -69)	probe	h_tar	None	None	None	None	110	85	160	10	135	35	(40, -69)	20	testing
6	qp	f	19	red	2	(80, 0)	(40, 69)	(-39, 69)	(-80, 0)	(-40, -69)	(40, -69)	circle	red	same	left	left	(40, -69)	(-39, 69)	search	nr	True	882565	883400	left	160	10	60	110	35	135	None	None	testing
6	qp	f	19	red	2	(80, 0)	(40, 69)	(-39, 69)	(-80, 0)	(-40, -69)	(40, -69)	diamond	red	dif	right	right	(40, -69)	(40, 69)	probe	tar	None	None	None	None	35	85	135	110	10	160	(40, 69)	23	testing
6	qp	f	19	red	2	(80, 0)	(40, 69)	(-39, 69)	(-80, 0)	(-40, -69)	(40, -69)	diamond	red	same	left	left	(40, -69)	(-80, 0)	probe	tar	None	None	None	None	85	135	110	35	10	60	(-80, 0)	0	testing
6	qp	f	19	red	2	(80, 0)	(40, 69)	(-39, 69)	(-80, 0)	(-40, -69)	(40, -69)	diamond	none	dif	left	left	N_dist	(40, 69)	search	nr	True	894688	895816	left	35	85	60	135	160	110	None	None	testing
6	qp	f	19	red	2	(80, 0)	(40, 69)	(-39, 69)	(-80, 0)	(-40, -69)	(40, -69)	diamond	none	dif	right	right	N_dist	(-40, -69)	search	nr	True	897058	898183	right	160	85	60	35	135	110	None	None	testing
6	qp	f	19	red	2	(80, 0)	(40, 69)	(-39, 69)	(-80, 0)	(-40, -69)	(40, -69)	circle	none	same	right	right	N_dist	(40, -69)	search	nr	True	899363	900184	right	35	110	160	10	85	135	None	None	testing
6	qp	f	19	red	2	(80, 0)	(40, 69)	(-39, 69)	(-80, 0)	(-40, -69)	(40, -69)	circle	none	same	right	right	N_dist	(40, -69)	probe	h_tar	None	None	None	None	135	10	35	110	160	85	(40, -69)	19	testing
6	qp	f	19	red	2	(80, 0)	(40, 69)	(-39, 69)	(-80, 0)	(-40, -69)	(40, -69)	circle	red	dif	left	left	(-39, 69)	(40, 69)	search	nr	True	907261	908536	left	85	35	10	135	160	60	None	None	testing
6	qp	f	19	red	2	(80, 0)	(40, 69)	(-39, 69)	(-80, 0)	(-40, -69)	(40, -69)	diamond	red	dif	right	right	(40, -69)	(80, 0)	search	nr	True	909815	910696	right	10	85	35	135	160	60	None	None	testing
6	qp	f	19	red	2	(80, 0)	(40, 69)	(-39, 69)	(-80, 0)	(-40, -69)	(40, -69)	diamond	red	same	left	left	(-80, 0)	(-40, -69)	probe	l_sin	None	None	None	None	35	60	10	85	160	110	(-80, 0)	179	testing
6	qp	f	19	red	2	(80, 0)	(40, 69)	(-39, 69)	(-80, 0)	(-40, -69)	(40, -69)	diamond	red	same	right	right	(40, -69)	(-80, 0)	probe	norm	None	None	None	None	10	35	60	110	160	135	(40, 69)	17	testing
6	qp	f	19	red	2	(80, 0)	(40, 69)	(-39, 69)	(-80, 0)	(-40, -69)	(40, -69)	diamond	red	dif	left	left	(80, 0)	(-40, -69)	probe	tar	None	None	None	None	110	85	10	60	35	135	(-40, -69)	164	testing
6	qp	f	19	red	2	(80, 0)	(40, 69)	(-39, 69)	(-80, 0)	(-40, -69)	(40, -69)	diamond	red	same	left	left	(-40, -69)	(80, 0)	search	nr	True	928349	929288	left	160	35	85	135	110	10	None	None	testing
6	qp	f	19	red	2	(80, 0)	(40, 69)	(-39, 69)	(-80, 0)	(-40, -69)	(40, -69)	diamond	red	dif	left	left	(40, -69)	(80, 0)	search	nr	True	930370	930984	left	135	35	10	110	160	60	None	None	testing
6	qp	f	19	red	2	(80, 0)	(40, 69)	(-39, 69)	(-80, 0)	(-40, -69)	(40, -69)	circle	red	same	right	right	(40, -69)	(-40, -69)	search	nr	True	932190	933208	right	85	35	60	110	160	135	None	None	testing
6	qp	f	19	red	2	(80, 0)	(40, 69)	(-39, 69)	(-80, 0)	(-40, -69)	(40, -69)	circle	red	same	right	right	(40, -69)	(40, 69)	search	nr	True	934444	935224	right	85	110	135	35	10	60	None	None	testing
6	qp	f	19	red	2	(80, 0)	(40, 69)	(-39, 69)	(-80, 0)	(-40, -69)	(40, -69)	circle	red	dif	left	left	(40, -69)	(-40, -69)	search	nr	True	936415	937320	left	160	135	85	110	10	35	None	None	testing
6	qp	f	19	red	2	(80, 0)	(40, 69)	(-39, 69)	(-80, 0)	(-40, -69)	(40, -69)	diamond	none	dif	right	right	N_dist	(-39, 69)	search	nr	True	938485	939336	right	10	160	135	60	110	85	None	None	testing
6	qp	f	19	red	2	(80, 0)	(40, 69)	(-39, 69)	(-80, 0)	(-40, -69)	(40, -69)	diamond	none	dif	left	left	N_dist	(-39, 69)	search	nr	True	940471	941208	left	85	35	60	135	10	160	None	None	testing
6	qp	f	19	red	2	(80, 0)	(40, 69)	(-39, 69)	(-80, 0)	(-40, -69)	(40, -69)	diamond	red	same	left	left	(40, 69)	(-80, 0)	probe	tar	None	None	None	None	135	110	35	160	60	85	(-80, 0)	175	testing
6	qp	f	19	red	2	(80, 0)	(40, 69)	(-39, 69)	(-80, 0)	(-40, -69)	(40, -69)	circle	red	same	left	left	(40, -69)	(-40, -69)	search	nr	True	948453	949272	left	160	110	60	85	135	10	None	None	testing
6	qp	f	19	red	2	(80, 0)	(40, 69)	(-39, 69)	(-80, 0)	(-40, -69)	(40, -69)	diamond	red	dif	right	right	(40, -69)	(-39, 69)	search	nr	True	950574	951976	right	160	85	60	110	35	135	None	None	testing
6	qp	f	19	red	2	(80, 0)	(40, 69)	(-39, 69)	(-80, 0)	(-40, -69)	(40, -69)	diamond	none	same	left	left	N_dist	(80, 0)	probe	h_norm	None	None	None	None	160	110	135	60	10	35	(40, -69)	24	testing
6	qp	f	19	red	2	(80, 0)	(40, 69)	(-39, 69)	(-80, 0)	(-40, -69)	(40, -69)	circle	red	dif	right	right	(40, -69)	(-80, 0)	search	nr	True	957537	958888	right	160	35	10	135	60	85	None	None	testing
6	qp	f	19	red	2	(80, 0)	(40, 69)	(-39, 69)	(-80, 0)	(-40, -69)	(40, -69)	diamond	red	dif	right	right	(40, -69)	(-39, 69)	search	nr	True	960125	960920	right	160	110	85	135	60	35	None	None	testing
6	qp	f	19	red	2	(80, 0)	(40, 69)	(-39, 69)	(-80, 0)	(-40, -69)	(40, -69)	circle	red	dif	left	left	(40, -69)	(40, 69)	search	nr	True	962129	962840	left	10	135	60	160	35	110	None	None	testing
6	qp	f	19	red	2	(80, 0)	(40, 69)	(-39, 69)	(-80, 0)	(-40, -69)	(40, -69)	diamond	none	same	right	right	N_dist	(-39, 69)	search	nr	True	964115	964824	right	160	110	60	10	135	85	None	None	testing
6	qp	f	19	red	2	(80, 0)	(40, 69)	(-39, 69)	(-80, 0)	(-40, -69)	(40, -69)	circle	none	dif	right	right	N_dist	(-39, 69)	search	nr	True	965969	966632	right	85	10	160	60	35	135	None	None	testing
6	qp	f	19	red	2	(80, 0)	(40, 69)	(-39, 69)	(-80, 0)	(-40, -69)	(40, -69)	circle	red	dif	left	left	(40, -69)	(-80, 0)	search	nr	True	967789	968952	left	85	35	110	135	10	60	None	None	testing
6	qp	f	19	red	2	(80, 0)	(40, 69)	(-39, 69)	(-80, 0)	(-40, -69)	(40, -69)	diamond	red	same	right	right	(40, 69)	(-39, 69)	search	nr	True	970026	971032	right	60	85	135	35	10	110	None	None	testing
6	qp	f	19	red	2	(80, 0)	(40, 69)	(-39, 69)	(-80, 0)	(-40, -69)	(40, -69)	circle	red	same	left	left	(-40, -69)	(40, 69)	probe	tar	None	None	None	None	160	135	85	60	110	35	(40, 69)	16	testing
6	qp	f	19	red	2	(80, 0)	(40, 69)	(-39, 69)	(-80, 0)	(-40, -69)	(40, -69)	diamond	none	same	right	right	N_dist	(40, 69)	search	nr	True	976422	977208	right	110	35	85	10	135	160	None	None	testing
6	qp	f	19	red	2	(80, 0)	(40, 69)	(-39, 69)	(-80, 0)	(-40, -69)	(40, -69)	diamond	none	dif	right	right	N_dist	(-39, 69)	search	nr	True	978342	979192	right	160	85	135	110	35	60	None	None	testing
6	qp	f	19	red	2	(80, 0)	(40, 69)	(-39, 69)	(-80, 0)	(-40, -69)	(40, -69)	circle	red	same	right	right	(40, -69)	(-40, -69)	probe	h_sin	None	None	None	None	160	60	135	35	110	10	(40, -69)	18	testing
6	qp	f	19	red	2	(80, 0)	(40, 69)	(-39, 69)	(-80, 0)	(-40, -69)	(40, -69)	circle	red	same	left	left	(40, -69)	(80, 0)	search	nr	True	984887	985896	left	10	35	160	110	135	85	None	None	testing
6	qp	f	19	red	2	(80, 0)	(40, 69)	(-39, 69)	(-80, 0)	(-40, -69)	(40, -69)	diamond	red	dif	right	right	(-40, -69)	(80, 0)	search	nr	True	987208	987976	right	60	110	160	10	135	35	None	None	testing
6	qp	f	19	red	2	(80, 0)	(40, 69)	(-39, 69)	(-80, 0)	(-40, -69)	(40, -69)	circle	none	dif	right	right	N_dist	(80, 0)	search	nr	True	989162	989752	right	60	35	110	160	10	135	None	None	testing
6	qp	f	19	red	2	(80, 0)	(40, 69)	(-39, 69)	(-80, 0)	(-40, -69)	(40, -69)	circle	red	same	left	left	(40, -69)	(80, 0)	probe	h_sin	None	None	None	None	35	135	10	85	60	110	(40, -69)	160	testing
6	qp	f	19	red	2	(80, 0)	(40, 69)	(-39, 69)	(-80, 0)	(-40, -69)	(40, -69)	circle	red	same	left	left	(40, -69)	(-40, -69)	probe	norm	None	None	None	None	60	85	35	135	110	10	(80, 0)	163	testing
6	qp	f	19	red	2	(80, 0)	(40, 69)	(-39, 69)	(-80, 0)	(-40, -69)	(40, -69)	circle	red	same	left	left	(-39, 69)	(40, 69)	search	nr	True	1000148	1000840	left	35	10	60	110	160	135	None	None	testing
6	qp	f	19	red	2	(80, 0)	(40, 69)	(-39, 69)	(-80, 0)	(-40, -69)	(40, -69)	circle	red	same	left	left	(-39, 69)	(40, 69)	search	nr	True	1001901	1002488	left	160	85	110	135	35	10	None	None	testing
6	qp	f	19	red	2	(80, 0)	(40, 69)	(-39, 69)	(-80, 0)	(-40, -69)	(40, -69)	diamond	none	same	left	left	N_dist	(-39, 69)	search	nr	True	1003554	1004536	left	35	110	135	85	160	10	None	None	testing
6	qp	f	19	red	2	(80, 0)	(40, 69)	(-39, 69)	(-80, 0)	(-40, -69)	(40, -69)	circle	none	dif	right	right	N_dist	(80, 0)	search	nr	True	1005608	1006392	right	135	85	60	110	35	160	None	None	testing
6	qp	f	19	red	2	(80, 0)	(40, 69)	(-39, 69)	(-80, 0)	(-40, -69)	(40, -69)	diamond	red	same	left	left	(-40, -69)	(80, 0)	search	nr	True	1007645	1008408	left	85	10	160	135	35	60	None	None	testing
6	qp	f	19	red	2	(80, 0)	(40, 69)	(-39, 69)	(-80, 0)	(-40, -69)	(40, -69)	diamond	none	dif	right	right	N_dist	(40, -69)	search	nr	True	1009549	1010344	left	135	35	85	160	10	60	None	None	testing
6	qp	f	19	red	2	(80, 0)	(40, 69)	(-39, 69)	(-80, 0)	(-40, -69)	(40, -69)	circle	red	dif	left	left	(40, -69)	(-39, 69)	search	nr	True	1013156	1014056	left	160	85	10	135	110	35	None	None	testing
6	qp	f	19	red	2	(80, 0)	(40, 69)	(-39, 69)	(-80, 0)	(-40, -69)	(40, -69)	circle	red	same	right	right	(40, -69)	(-40, -69)	search	nr	True	1015142	1016104	right	60	10	160	110	35	135	None	None	testing
6	qp	f	19	red	2	(80, 0)	(40, 69)	(-39, 69)	(-80, 0)	(-40, -69)	(40, -69)	circle	none	dif	left	left	N_dist	(-40, -69)	probe	l_norm	None	None	None	None	135	35	60	85	110	10	(-80, 0)	0	testing
6	qp	f	19	red	2	(80, 0)	(40, 69)	(-39, 69)	(-80, 0)	(-40, -69)	(40, -69)	diamond	red	dif	right	right	(40, -69)	(40, 69)	probe	norm	None	None	None	None	135	110	10	35	60	160	(80, 0)	16	testing
6	qp	f	19	red	2	(80, 0)	(40, 69)	(-39, 69)	(-80, 0)	(-40, -69)	(40, -69)	diamond	none	dif	left	left	N_dist	(-39, 69)	probe	h_norm	None	None	None	None	110	135	160	10	35	85	(40, -69)	24	testing
6	qp	f	19	red	2	(80, 0)	(40, 69)	(-39, 69)	(-80, 0)	(-40, -69)	(40, -69)	diamond	red	dif	right	right	(40, -69)	(40, 69)	probe	h_sin	None	None	None	None	110	60	35	85	160	135	(40, -69)	24	testing
6	qp	f	19	red	2	(80, 0)	(40, 69)	(-39, 69)	(-80, 0)	(-40, -69)	(40, -69)	diamond	red	dif	left	left	(40, 69)	(-80, 0)	search	nr	True	1036415	1038008	left	110	85	35	160	135	60	None	None	testing
6	qp	f	19	red	2	(80, 0)	(40, 69)	(-39, 69)	(-80, 0)	(-40, -69)	(40, -69)	diamond	red	same	right	right	(40, -69)	(-80, 0)	search	nr	True	1039153	1040023	right	35	160	85	135	60	110	None	None	testing
6	qp	f	19	red	2	(80, 0)	(40, 69)	(-39, 69)	(-80, 0)	(-40, -69)	(40, -69)	diamond	red	same	right	right	(40, -69)	(-80, 0)	search	nr	True	1041274	1042104	right	160	10	135	60	35	110	None	None	testing
6	qp	f	19	red	2	(80, 0)	(40, 69)	(-39, 69)	(-80, 0)	(-40, -69)	(40, -69)	circle	none	dif	left	left	N_dist	(-80, 0)	search	nr	True	1043227	1044184	left	60	10	160	35	85	110	None	None	testing
6	qp	f	19	red	2	(80, 0)	(40, 69)	(-39, 69)	(-80, 0)	(-40, -69)	(40, -69)	circle	red	same	left	left	(-39, 69)	(40, 69)	probe	norm	None	None	None	None	35	110	85	10	60	135	(40, -69)	19	testing
6	qp	f	19	red	2	(80, 0)	(40, 69)	(-39, 69)	(-80, 0)	(-40, -69)	(40, -69)	diamond	red	same	left	left	(-40, -69)	(80, 0)	probe	l_sin	None	None	None	None	110	85	135	160	10	35	(-40, -69)	158	testing
6	qp	f	19	red	2	(80, 0)	(40, 69)	(-39, 69)	(-80, 0)	(-40, -69)	(40, -69)	diamond	red	dif	right	right	(40, -69)	(80, 0)	search	nr	True	1055400	1056679	right	135	10	160	110	85	60	None	None	testing
6	qp	f	19	red	2	(80, 0)	(40, 69)	(-39, 69)	(-80, 0)	(-40, -69)	(40, -69)	diamond	red	dif	left	left	(40, -69)	(-40, -69)	probe	tar	None	None	None	None	85	35	60	10	160	135	(-40, -69)	120	testing
6	qp	f	19	red	2	(80, 0)	(40, 69)	(-39, 69)	(-80, 0)	(-40, -69)	(40, -69)	circle	none	same	right	right	N_dist	(-39, 69)	probe	l_norm	None	None	None	None	135	35	60	160	85	10	(-40, -69)	9	testing
6	qp	f	19	red	2	(80, 0)	(40, 69)	(-39, 69)	(-80, 0)	(-40, -69)	(40, -69)	circle	none	same	left	left	N_dist	(80, 0)	probe	l_norm	None	None	None	None	110	35	10	160	135	85	(-80, 0)	21	testing
6	qp	f	19	red	2	(80, 0)	(40, 69)	(-39, 69)	(-80, 0)	(-40, -69)	(40, -69)	circle	none	dif	left	left	N_dist	(-40, -69)	search	nr	True	1075436	1076471	left	85	160	10	35	135	60	None	None	testing
6	qp	f	19	red	2	(80, 0)	(40, 69)	(-39, 69)	(-80, 0)	(-40, -69)	(40, -69)	diamond	none	same	left	left	N_dist	(-80, 0)	probe	l_norm	None	None	None	None	60	10	135	35	160	110	(-39, 69)	160	testing
6	qp	f	19	red	2	(80, 0)	(40, 69)	(-39, 69)	(-80, 0)	(-40, -69)	(40, -69)	diamond	red	dif	right	right	(40, -69)	(-39, 69)	search	nr	True	1086156	1086840	right	35	135	85	110	60	10	None	None	testing
6	qp	f	19	red	2	(80, 0)	(40, 69)	(-39, 69)	(-80, 0)	(-40, -69)	(40, -69)	circle	red	dif	left	left	(40, -69)	(-39, 69)	probe	norm	None	None	None	None	35	10	135	160	85	110	(40, 69)	29	testing
6	qp	f	19	red	2	(80, 0)	(40, 69)	(-39, 69)	(-80, 0)	(-40, -69)	(40, -69)	diamond	none	dif	right	right	N_dist	(-39, 69)	probe	l_norm	None	None	None	None	135	60	110	10	85	35	(40, 69)	30	testing
6	qp	f	19	red	2	(80, 0)	(40, 69)	(-39, 69)	(-80, 0)	(-40, -69)	(40, -69)	diamond	red	dif	right	right	(40, -69)	(80, 0)	probe	tar	None	None	None	None	10	60	160	110	85	35	(80, 0)	158	testing
6	qp	f	19	red	2	(80, 0)	(40, 69)	(-39, 69)	(-80, 0)	(-40, -69)	(40, -69)	circle	red	dif	left	left	(-39, 69)	(80, 0)	search	nr	True	1100583	1101896	left	110	160	60	35	135	10	None	None	testing
6	qp	f	19	red	2	(80, 0)	(40, 69)	(-39, 69)	(-80, 0)	(-40, -69)	(40, -69)	circle	none	same	left	left	N_dist	(-40, -69)	probe	l_norm	None	None	None	None	135	35	85	60	160	10	(-39, 69)	20	testing
6	qp	f	19	red	2	(80, 0)	(40, 69)	(-39, 69)	(-80, 0)	(-40, -69)	(40, -69)	circle	none	dif	right	right	N_dist	(80, 0)	probe	h_norm	None	None	None	None	110	85	10	160	60	135	(40, -69)	27	testing
6	qp	f	19	red	2	(80, 0)	(40, 69)	(-39, 69)	(-80, 0)	(-40, -69)	(40, -69)	circle	none	same	right	right	N_dist	(40, 69)	probe	l_norm	None	None	None	None	135	110	160	60	85	10	(80, 0)	33	testing
6	qp	f	19	red	2	(80, 0)	(40, 69)	(-39, 69)	(-80, 0)	(-40, -69)	(40, -69)	circle	red	same	right	right	(40, -69)	(80, 0)	search	nr	True	1114926	1116440	right	110	10	160	60	135	35	None	None	testing
6	qp	f	19	red	2	(80, 0)	(40, 69)	(-39, 69)	(-80, 0)	(-40, -69)	(40, -69)	circle	none	dif	left	left	N_dist	(-40, -69)	search	nr	True	1117631	1118552	left	135	85	160	35	110	10	None	None	testing
6	qp	f	19	red	2	(80, 0)	(40, 69)	(-39, 69)	(-80, 0)	(-40, -69)	(40, -69)	diamond	none	dif	right	right	N_dist	(40, -69)	search	nr	True	1119735	1120392	left	35	10	110	160	60	135	None	None	testing
6	qp	f	19	red	2	(80, 0)	(40, 69)	(-39, 69)	(-80, 0)	(-40, -69)	(40, -69)	circle	none	same	left	left	N_dist	(-80, 0)	search	nr	True	1123125	1123832	left	85	135	110	10	60	160	None	None	testing
6	qp	f	19	red	2	(80, 0)	(40, 69)	(-39, 69)	(-80, 0)	(-40, -69)	(40, -69)	circle	red	same	right	right	(40, -69)	(80, 0)	search	nr	True	1124928	1125736	right	85	135	160	10	60	35	None	None	testing
6	qp	f	19	red	2	(80, 0)	(40, 69)	(-39, 69)	(-80, 0)	(-40, -69)	(40, -69)	diamond	red	same	left	left	(40, -69)	(80, 0)	search	nr	True	1126998	1127832	left	60	10	35	135	110	85	None	None	testing
6	qp	f	19	red	2	(80, 0)	(40, 69)	(-39, 69)	(-80, 0)	(-40, -69)	(40, -69)	circle	red	dif	left	left	(-39, 69)	(80, 0)	search	nr	True	1129069	1129720	left	135	160	85	60	10	35	None	None	testing
6	qp	f	19	red	2	(80, 0)	(40, 69)	(-39, 69)	(-80, 0)	(-40, -69)	(40, -69)	circle	red	same	left	left	(40, -69)	(-40, -69)	search	nr	True	1130872	1131559	left	160	135	85	110	35	10	None	None	testing
6	qp	f	19	red	2	(80, 0)	(40, 69)	(-39, 69)	(-80, 0)	(-40, -69)	(40, -69)	circle	red	dif	right	right	(40, -69)	(40, 69)	search	nr	True	1132725	1133480	right	10	85	110	35	160	135	None	None	testing
6	qp	f	19	red	2	(80, 0)	(40, 69)	(-39, 69)	(-80, 0)	(-40, -69)	(40, -69)	circle	red	same	left	left	(40, -69)	(-39, 69)	search	nr	True	1134679	1135400	left	160	85	10	135	35	60	None	None	testing
6	qp	f	19	red	2	(80, 0)	(40, 69)	(-39, 69)	(-80, 0)	(-40, -69)	(40, -69)	circle	none	same	left	left	N_dist	(40, -69)	search	nr	True	1136550	1137224	left	10	160	85	110	135	60	None	None	testing
6	qp	f	19	red	2	(80, 0)	(40, 69)	(-39, 69)	(-80, 0)	(-40, -69)	(40, -69)	circle	none	dif	right	right	N_dist	(40, -69)	probe	h_tar	None	None	None	None	85	10	110	60	160	35	(40, -69)	153	testing
6	qp	f	19	red	2	(80, 0)	(40, 69)	(-39, 69)	(-80, 0)	(-40, -69)	(40, -69)	circle	none	dif	left	left	N_dist	(-40, -69)	probe	l_tar	None	None	None	None	160	35	135	85	60	110	(-40, -69)	17	testing
6	qp	f	19	red	2	(80, 0)	(40, 69)	(-39, 69)	(-80, 0)	(-40, -69)	(40, -69)	circle	none	same	right	right	N_dist	(-40, -69)	search	nr	True	1148020	1149656	right	35	60	110	160	10	85	None	None	testing
6	qp	f	19	red	2	(80, 0)	(40, 69)	(-39, 69)	(-80, 0)	(-40, -69)	(40, -69)	diamond	red	dif	left	left	(40, 69)	(-80, 0)	search	nr	True	1150876	1152056	left	60	85	35	135	10	110	None	None	testing
6	qp	f	19	red	2	(80, 0)	(40, 69)	(-39, 69)	(-80, 0)	(-40, -69)	(40, -69)	circle	red	same	left	left	(-80, 0)	(80, 0)	search	nr	True	1153346	1154472	left	135	85	10	60	35	110	None	None	testing
6	qp	f	19	red	2	(80, 0)	(40, 69)	(-39, 69)	(-80, 0)	(-40, -69)	(40, -69)	circle	red	same	left	left	(40, -69)	(-39, 69)	probe	norm	None	None	None	None	135	85	110	60	160	10	(-40, -69)	167	testing
6	qp	f	19	red	2	(80, 0)	(40, 69)	(-39, 69)	(-80, 0)	(-40, -69)	(40, -69)	diamond	red	same	left	left	(40, 69)	(-80, 0)	search	nr	True	1160594	1161721	left	135	35	10	110	85	160	None	None	testing
6	qp	f	19	red	2	(80, 0)	(40, 69)	(-39, 69)	(-80, 0)	(-40, -69)	(40, -69)	diamond	red	same	left	left	(40, -69)	(40, 69)	probe	tar	None	None	None	None	60	35	160	10	85	135	(40, 69)	154	testing
6	qp	f	19	red	2	(80, 0)	(40, 69)	(-39, 69)	(-80, 0)	(-40, -69)	(40, -69)	diamond	red	dif	right	right	(-80, 0)	(-40, -69)	search	nr	True	1169326	1170872	right	60	85	160	110	10	35	None	None	testing
6	qp	f	19	red	2	(80, 0)	(40, 69)	(-39, 69)	(-80, 0)	(-40, -69)	(40, -69)	circle	red	same	left	left	(40, -69)	(80, 0)	search	nr	True	1171998	1173272	left	110	60	10	35	135	85	None	None	testing
6	qp	f	19	red	2	(80, 0)	(40, 69)	(-39, 69)	(-80, 0)	(-40, -69)	(40, -69)	diamond	red	same	right	right	(40, -69)	(-80, 0)	search	nr	True	1174352	1175256	left	10	110	135	35	160	85	None	None	testing
6	qp	f	19	red	2	(80, 0)	(40, 69)	(-39, 69)	(-80, 0)	(-40, -69)	(40, -69)	circle	red	dif	right	right	(-40, -69)	(40, 69)	probe	tar	None	None	None	None	110	60	10	35	135	160	(40, 69)	22	testing
6	qp	f	19	red	2	(80, 0)	(40, 69)	(-39, 69)	(-80, 0)	(-40, -69)	(40, -69)	diamond	red	dif	left	left	(40, 69)	(-39, 69)	search	nr	True	1182600	1183464	left	60	135	10	85	160	110	None	None	testing
6	qp	f	19	red	2	(80, 0)	(40, 69)	(-39, 69)	(-80, 0)	(-40, -69)	(40, -69)	circle	red	dif	left	left	(80, 0)	(-80, 0)	search	nr	True	1184704	1185960	left	110	135	35	160	10	60	None	None	testing
6	qp	f	19	red	2	(80, 0)	(40, 69)	(-39, 69)	(-80, 0)	(-40, -69)	(40, -69)	circle	red	dif	right	right	(80, 0)	(-80, 0)	probe	l_sin	None	None	None	None	85	60	10	110	160	35	(80, 0)	177	testing
6	qp	f	19	red	2	(80, 0)	(40, 69)	(-39, 69)	(-80, 0)	(-40, -69)	(40, -69)	diamond	red	dif	left	left	(40, 69)	(-80, 0)	probe	l_sin	None	None	None	None	35	135	60	160	85	110	(40, 69)	154	testing
6	qp	f	19	red	2	(80, 0)	(40, 69)	(-39, 69)	(-80, 0)	(-40, -69)	(40, -69)	circle	none	dif	right	right	N_dist	(40, -69)	search	nr	True	1196242	1197576	right	160	35	85	60	110	10	None	None	testing
6	qp	f	19	red	2	(80, 0)	(40, 69)	(-39, 69)	(-80, 0)	(-40, -69)	(40, -69)	circle	red	dif	left	left	(80, 0)	(-80, 0)	search	nr	True	1198797	1199624	left	160	85	110	135	35	10	None	None	testing
6	qp	f	19	red	2	(80, 0)	(40, 69)	(-39, 69)	(-80, 0)	(-40, -69)	(40, -69)	diamond	none	same	right	right	N_dist	(-40, -69)	search	nr	True	1200817	1201816	right	60	160	35	135	10	110	None	None	testing
6	qp	f	19	red	2	(80, 0)	(40, 69)	(-39, 69)	(-80, 0)	(-40, -69)	(40, -69)	circle	red	dif	left	left	(40, -69)	(-39, 69)	search	nr	True	1203005	1203656	left	60	85	35	160	110	135	None	None	testing
6	qp	f	19	red	2	(80, 0)	(40, 69)	(-39, 69)	(-80, 0)	(-40, -69)	(40, -69)	circle	red	same	right	right	(40, -69)	(40, 69)	probe	norm	None	None	None	None	10	135	60	110	85	160	(80, 0)	29	testing
6	qp	f	19	red	2	(80, 0)	(40, 69)	(-39, 69)	(-80, 0)	(-40, -69)	(40, -69)	circle	red	same	left	left	(40, -69)	(-39, 69)	search	nr	True	1209784	1210440	left	60	10	85	110	35	160	None	None	testing
6	qp	f	19	red	2	(80, 0)	(40, 69)	(-39, 69)	(-80, 0)	(-40, -69)	(40, -69)	circle	none	same	right	right	N_dist	(-39, 69)	search	nr	True	1211603	1212424	right	85	10	160	60	35	110	None	None	testing
6	qp	f	19	red	2	(80, 0)	(40, 69)	(-39, 69)	(-80, 0)	(-40, -69)	(40, -69)	circle	red	same	right	right	(40, 69)	(-80, 0)	search	nr	True	1213640	1215032	right	135	10	110	85	160	35	None	None	testing
6	qp	f	19	red	2	(80, 0)	(40, 69)	(-39, 69)	(-80, 0)	(-40, -69)	(40, -69)	circle	none	dif	right	right	N_dist	(80, 0)	search	nr	True	1216296	1217064	right	160	135	60	85	110	10	None	None	testing
6	qp	f	19	red	2	(80, 0)	(40, 69)	(-39, 69)	(-80, 0)	(-40, -69)	(40, -69)	circle	none	same	left	left	N_dist	(-40, -69)	search	nr	True	1218250	1219128	left	85	135	110	10	60	35	None	None	testing
6	qp	f	19	red	2	(80, 0)	(40, 69)	(-39, 69)	(-80, 0)	(-40, -69)	(40, -69)	circle	red	same	right	right	(40, -69)	(80, 0)	probe	norm	None	None	None	None	160	60	85	135	110	35	(40, 69)	24	testing
6	qp	f	19	red	2	(80, 0)	(40, 69)	(-39, 69)	(-80, 0)	(-40, -69)	(40, -69)	circle	none	same	right	right	N_dist	(-80, 0)	search	nr	True	1225663	1226584	right	135	35	110	160	85	60	None	None	testing
6	qp	f	19	red	2	(80, 0)	(40, 69)	(-39, 69)	(-80, 0)	(-40, -69)	(40, -69)	circle	red	dif	right	right	(40, -69)	(-80, 0)	probe	tar	None	None	None	None	85	35	135	60	10	160	(-80, 0)	165	testing
6	qp	f	19	red	2	(80, 0)	(40, 69)	(-39, 69)	(-80, 0)	(-40, -69)	(40, -69)	diamond	none	same	left	left	N_dist	(80, 0)	search	nr	True	1232292	1233176	left	10	110	60	160	85	35	None	None	testing
6	qp	f	19	red	2	(80, 0)	(40, 69)	(-39, 69)	(-80, 0)	(-40, -69)	(40, -69)	diamond	none	dif	right	right	N_dist	(-39, 69)	search	nr	True	1234379	1235240	right	135	110	35	160	10	60	None	None	testing
6	qp	f	19	red	2	(80, 0)	(40, 69)	(-39, 69)	(-80, 0)	(-40, -69)	(40, -69)	circle	red	dif	right	right	(40, -69)	(80, 0)	search	nr	True	1236383	1237528	right	35	60	160	85	10	135	None	None	testing
6	qp	f	19	red	2	(80, 0)	(40, 69)	(-39, 69)	(-80, 0)	(-40, -69)	(40, -69)	diamond	red	dif	left	left	(40, -69)	(-80, 0)	search	nr	True	1238704	1239624	left	85	35	160	60	10	135	None	None	testing
