subj	name	gender	age	dist	run	tar_locs1	tar_locs2	tar_locs3	tar_locs4	tar_locs5	tar_locs6	shape	dist	td_dif	detection	resp_key	dis_loc	tar_loc	task_type	probe_cond	gotKey	startTime	respTime	resp	o1	o2	o3	o4	o5	o6	pro_loc	ori_resp	mode
6	qp	f	19	red	Le	(80, 0)	(40, 69)	(-39, 69)	(-80, 0)	(-40, -69)	(40, -69)	diamond	none	same	right	right	N_dist	(40, -69)	search	nr	True	198329	199353	right	10	135	110	160	85	60	None	None	practice
6	qp	f	19	red	Le	(80, 0)	(40, 69)	(-39, 69)	(-80, 0)	(-40, -69)	(40, -69)	diamond	red	dif	right	right	(40, -69)	(-80, 0)	search	nr	True	200533	201785	right	60	85	110	10	160	135	None	None	practice
6	qp	f	19	red	Le	(80, 0)	(40, 69)	(-39, 69)	(-80, 0)	(-40, -69)	(40, -69)	diamond	red	dif	left	left	(40, 69)	(80, 0)	search	nr	True	202887	203945	left	85	110	35	10	60	160	None	None	practice
6	qp	f	19	red	Le	(80, 0)	(40, 69)	(-39, 69)	(-80, 0)	(-40, -69)	(40, -69)	diamond	red	same	left	left	(-39, 69)	(-40, -69)	search	nr	True	205175	206649	left	160	85	60	35	10	110	None	None	practice
6	qp	f	19	red	Le	(80, 0)	(40, 69)	(-39, 69)	(-80, 0)	(-40, -69)	(40, -69)	diamond	red	same	right	right	(40, -69)	(-39, 69)	search	nr	True	207746	208617	right	110	85	135	10	35	160	None	None	practice
6	qp	f	19	red	Le	(80, 0)	(40, 69)	(-39, 69)	(-80, 0)	(-40, -69)	(40, -69)	circle	none	dif	right	right	N_dist	(-39, 69)	search	nr	True	209817	211385	right	10	60	110	135	35	85	None	None	practice
6	qp	f	19	red	Le	(80, 0)	(40, 69)	(-39, 69)	(-80, 0)	(-40, -69)	(40, -69)	circle	red	dif	right	right	(40, -69)	(-80, 0)	search	nr	True	212638	214120	right	110	85	10	60	135	35	None	None	practice
6	qp	f	19	red	Le	(80, 0)	(40, 69)	(-39, 69)	(-80, 0)	(-40, -69)	(40, -69)	circle	red	same	right	right	(-80, 0)	(80, 0)	search	nr	True	215209	216553	right	60	135	85	35	10	110	None	None	practice
6	qp	f	19	red	Le	(80, 0)	(40, 69)	(-39, 69)	(-80, 0)	(-40, -69)	(40, -69)	diamond	none	same	right	right	N_dist	(40, -69)	search	nr	True	217648	218985	right	35	110	60	10	135	85	None	None	practice
6	qp	f	19	red	Le	(80, 0)	(40, 69)	(-39, 69)	(-80, 0)	(-40, -69)	(40, -69)	circle	red	dif	left	left	(80, 0)	(-39, 69)	search	nr	True	220186	221385	left	85	135	10	35	110	160	None	None	practice
6	qp	f	19	red	Le	(80, 0)	(40, 69)	(-39, 69)	(-80, 0)	(-40, -69)	(40, -69)	circle	none	dif	right	right	N_dist	(40, 69)	search	nr	True	222490	223673	right	135	160	10	85	110	35	None	None	practice
6	qp	f	19	red	Le	(80, 0)	(40, 69)	(-39, 69)	(-80, 0)	(-40, -69)	(40, -69)	circle	none	dif	left	left	N_dist	(-39, 69)	search	nr	True	224911	226137	left	35	85	160	60	135	10	None	None	practice
6	qp	f	19	red	Le	(80, 0)	(40, 69)	(-39, 69)	(-80, 0)	(-40, -69)	(40, -69)	diamond	none	dif	left	left	N_dist	(40, 69)	search	nr	True	227248	228393	left	135	35	10	85	60	160	None	None	practice
6	qp	f	19	red	Le	(80, 0)	(40, 69)	(-39, 69)	(-80, 0)	(-40, -69)	(40, -69)	circle	red	same	left	left	(40, -69)	(80, 0)	search	nr	True	229502	231336	left	135	110	85	10	60	160	None	None	practice
6	qp	f	19	red	Le	(80, 0)	(40, 69)	(-39, 69)	(-80, 0)	(-40, -69)	(40, -69)	circle	red	same	right	right	(40, -69)	(40, 69)	search	nr	True	232625	233817	right	60	160	35	10	135	110	None	None	practice
6	qp	f	19	red	Le	(80, 0)	(40, 69)	(-39, 69)	(-80, 0)	(-40, -69)	(40, -69)	diamond	red	dif	right	right	(-40, -69)	(80, 0)	search	nr	True	234896	236872	right	60	135	10	110	160	85	None	None	practice
6	qp	f	19	red	Le	(80, 0)	(40, 69)	(-39, 69)	(-80, 0)	(-40, -69)	(40, -69)	circle	red	dif	left	left	(40, -69)	(-40, -69)	search	nr	True	238119	238953	left	60	135	10	35	160	85	None	None	practice
6	qp	f	19	red	Le	(80, 0)	(40, 69)	(-39, 69)	(-80, 0)	(-40, -69)	(40, -69)	circle	red	same	left	left	(40, -69)	(40, 69)	search	nr	True	240222	240969	left	35	160	60	135	10	110	None	None	practice
6	qp	f	19	red	Le	(80, 0)	(40, 69)	(-39, 69)	(-80, 0)	(-40, -69)	(40, -69)	diamond	red	dif	left	left	(40, 69)	(80, 0)	search	nr	True	242193	243433	left	160	85	60	110	135	10	None	None	practice
6	qp	f	19	red	Le	(80, 0)	(40, 69)	(-39, 69)	(-80, 0)	(-40, -69)	(40, -69)	circle	red	dif	left	left	(40, -69)	(-40, -69)	search	nr	True	244614	245657	left	85	60	135	110	35	160	None	None	practice
6	qp	f	19	red	Le	(80, 0)	(40, 69)	(-39, 69)	(-80, 0)	(-40, -69)	(40, -69)	circle	red	same	right	right	(40, -69)	(-40, -69)	search	nr	True	246968	247977	right	60	85	35	135	160	110	None	None	practice
6	qp	f	19	red	Le	(80, 0)	(40, 69)	(-39, 69)	(-80, 0)	(-40, -69)	(40, -69)	diamond	red	dif	left	left	(40, -69)	(-40, -69)	search	nr	True	249122	250584	left	135	10	35	85	60	160	None	None	practice
6	qp	f	19	red	Le	(80, 0)	(40, 69)	(-39, 69)	(-80, 0)	(-40, -69)	(40, -69)	diamond	red	dif	left	left	(40, -69)	(-40, -69)	search	nr	True	251744	252872	left	160	110	85	135	10	60	None	None	practice
6	qp	f	19	red	Le	(80, 0)	(40, 69)	(-39, 69)	(-80, 0)	(-40, -69)	(40, -69)	diamond	red	dif	left	left	(80, 0)	(-39, 69)	search	nr	True	253981	254953	left	160	135	10	35	110	85	None	None	practice
6	qp	f	19	red	Le	(80, 0)	(40, 69)	(-39, 69)	(-80, 0)	(-40, -69)	(40, -69)	circle	none	same	left	left	N_dist	(80, 0)	search	nr	True	256051	256792	left	110	35	60	135	85	160	None	None	practice
6	qp	f	19	red	Le	(80, 0)	(40, 69)	(-39, 69)	(-80, 0)	(-40, -69)	(40, -69)	circle	red	same	left	left	(80, 0)	(-40, -69)	search	nr	True	257905	258697	left	35	160	135	10	60	110	None	None	practice
6	qp	f	19	red	Le	(80, 0)	(40, 69)	(-39, 69)	(-80, 0)	(-40, -69)	(40, -69)	circle	red	same	right	right	(-40, -69)	(-39, 69)	search	nr	True	259791	261032	right	35	110	135	85	10	60	None	None	practice
6	qp	f	19	red	Le	(80, 0)	(40, 69)	(-39, 69)	(-80, 0)	(-40, -69)	(40, -69)	diamond	red	dif	left	left	(80, 0)	(-39, 69)	search	nr	True	262129	263176	left	160	10	135	35	60	85	None	None	practice
6	qp	f	19	red	Le	(80, 0)	(40, 69)	(-39, 69)	(-80, 0)	(-40, -69)	(40, -69)	diamond	none	same	right	right	N_dist	(40, -69)	search	nr	True	264267	265481	right	10	135	35	110	160	60	None	None	practice
6	qp	f	19	red	Le	(80, 0)	(40, 69)	(-39, 69)	(-80, 0)	(-40, -69)	(40, -69)	circle	red	same	left	left	(40, -69)	(80, 0)	search	nr	True	266754	267721	left	160	110	85	60	10	135	None	None	practice
6	qp	f	19	red	Le	(80, 0)	(40, 69)	(-39, 69)	(-80, 0)	(-40, -69)	(40, -69)	diamond	none	dif	right	right	N_dist	(80, 0)	search	nr	True	269009	270105	right	60	110	85	135	35	160	None	None	practice
6	qp	f	19	red	Le	(80, 0)	(40, 69)	(-39, 69)	(-80, 0)	(-40, -69)	(40, -69)	circle	red	dif	left	left	(40, -69)	(-40, -69)	search	nr	True	271296	272217	left	10	110	85	135	160	60	None	None	practice
6	qp	f	19	red	Le	(80, 0)	(40, 69)	(-39, 69)	(-80, 0)	(-40, -69)	(40, -69)	diamond	red	dif	right	right	(40, -69)	(-39, 69)	search	nr	True	273517	274456	right	60	110	135	35	160	85	None	None	practice
6	qp	f	19	red	Le	(80, 0)	(40, 69)	(-39, 69)	(-80, 0)	(-40, -69)	(40, -69)	diamond	red	dif	left	left	(40, -69)	(40, 69)	search	nr	True	275688	276489	left	10	110	85	160	60	35	None	None	practice
6	qp	f	19	red	Le	(80, 0)	(40, 69)	(-39, 69)	(-80, 0)	(-40, -69)	(40, -69)	circle	red	same	left	left	(-40, -69)	(-80, 0)	search	nr	True	277624	278424	left	85	35	135	110	160	60	None	None	practice
6	qp	f	19	red	Le	(80, 0)	(40, 69)	(-39, 69)	(-80, 0)	(-40, -69)	(40, -69)	diamond	red	dif	right	right	(-40, -69)	(80, 0)	search	nr	True	279528	280409	right	35	135	85	10	160	60	None	None	practice
6	qp	f	19	red	Le	(80, 0)	(40, 69)	(-39, 69)	(-80, 0)	(-40, -69)	(40, -69)	circle	red	dif	right	right	(40, -69)	(80, 0)	search	nr	True	281532	282265	right	35	160	60	135	10	85	None	None	practice
6	qp	f	19	red	Le	(80, 0)	(40, 69)	(-39, 69)	(-80, 0)	(-40, -69)	(40, -69)	diamond	red	same	left	left	(-39, 69)	(-40, -69)	search	nr	True	283552	284313	left	60	135	35	10	110	85	None	None	practice
6	qp	f	19	red	Le	(80, 0)	(40, 69)	(-39, 69)	(-80, 0)	(-40, -69)	(40, -69)	diamond	none	same	left	left	N_dist	(40, 69)	search	nr	True	285506	286504	left	60	85	135	35	10	160	None	None	practice
6	qp	f	19	red	Le	(80, 0)	(40, 69)	(-39, 69)	(-80, 0)	(-40, -69)	(40, -69)	circle	red	same	left	left	(80, 0)	(-40, -69)	search	nr	True	287660	288601	left	60	160	10	135	110	85	None	None	practice
6	qp	f	19	red	Le	(80, 0)	(40, 69)	(-39, 69)	(-80, 0)	(-40, -69)	(40, -69)	diamond	red	same	left	left	(40, -69)	(-39, 69)	search	nr	True	327700	328409	left	160	85	135	35	110	60	None	None	testing
6	qp	f	19	red	Le	(80, 0)	(40, 69)	(-39, 69)	(-80, 0)	(-40, -69)	(40, -69)	diamond	none	dif	right	right	N_dist	(40, -69)	search	nr	True	329487	330185	right	35	10	60	160	110	85	None	None	testing
6	qp	f	19	red	Le	(80, 0)	(40, 69)	(-39, 69)	(-80, 0)	(-40, -69)	(40, -69)	circle	red	same	right	right	(40, -69)	(80, 0)	search	nr	True	331273	332088	right	60	35	85	160	135	10	None	None	testing
6	qp	f	19	red	Le	(80, 0)	(40, 69)	(-39, 69)	(-80, 0)	(-40, -69)	(40, -69)	circle	red	dif	right	right	(40, -69)	(-80, 0)	search	nr	True	333244	333880	left	35	110	60	85	10	135	None	None	testing
6	qp	f	19	red	Le	(80, 0)	(40, 69)	(-39, 69)	(-80, 0)	(-40, -69)	(40, -69)	diamond	red	dif	left	left	(-39, 69)	(40, 69)	search	nr	True	336666	337577	left	160	110	60	10	135	85	None	None	testing
6	qp	f	19	red	Le	(80, 0)	(40, 69)	(-39, 69)	(-80, 0)	(-40, -69)	(40, -69)	diamond	red	same	right	right	(40, -69)	(-80, 0)	search	nr	True	338637	339433	right	135	35	160	85	10	60	None	None	testing
6	qp	f	19	red	Le	(80, 0)	(40, 69)	(-39, 69)	(-80, 0)	(-40, -69)	(40, -69)	circle	red	dif	left	left	(40, -69)	(-40, -69)	search	nr	True	340658	341657	left	160	110	60	35	135	10	None	None	testing
6	qp	f	19	red	Le	(80, 0)	(40, 69)	(-39, 69)	(-80, 0)	(-40, -69)	(40, -69)	diamond	red	dif	right	right	(40, -69)	(-39, 69)	search	nr	True	342778	343720	left	60	110	135	10	160	85	None	None	testing
6	qp	f	19	red	Le	(80, 0)	(40, 69)	(-39, 69)	(-80, 0)	(-40, -69)	(40, -69)	diamond	red	same	left	left	(40, -69)	(40, 69)	search	nr	True	346485	347513	left	35	110	10	160	85	60	None	None	testing
6	qp	f	19	red	Le	(80, 0)	(40, 69)	(-39, 69)	(-80, 0)	(-40, -69)	(40, -69)	diamond	red	dif	left	left	(-39, 69)	(80, 0)	search	nr	True	348656	349592	left	60	35	160	85	110	10	None	None	testing
6	qp	f	19	red	Le	(80, 0)	(40, 69)	(-39, 69)	(-80, 0)	(-40, -69)	(40, -69)	diamond	red	same	right	right	(40, -69)	(-80, 0)	search	nr	True	350709	351592	right	10	160	35	85	110	60	None	None	testing
6	qp	f	19	red	Le	(80, 0)	(40, 69)	(-39, 69)	(-80, 0)	(-40, -69)	(40, -69)	diamond	none	same	right	right	N_dist	(40, -69)	search	nr	True	352863	353849	right	85	160	10	110	135	35	None	None	testing
6	qp	f	19	red	Le	(80, 0)	(40, 69)	(-39, 69)	(-80, 0)	(-40, -69)	(40, -69)	circle	red	dif	left	left	(40, -69)	(-39, 69)	search	nr	True	355000	355993	left	85	60	135	10	110	160	None	None	testing
6	qp	f	19	red	Le	(80, 0)	(40, 69)	(-39, 69)	(-80, 0)	(-40, -69)	(40, -69)	diamond	red	same	right	right	(-40, -69)	(80, 0)	search	nr	True	357071	357880	right	35	85	60	135	10	160	None	None	testing
6	qp	f	19	red	Le	(80, 0)	(40, 69)	(-39, 69)	(-80, 0)	(-40, -69)	(40, -69)	circle	red	same	left	left	(-40, -69)	(-80, 0)	search	nr	True	359024	360168	left	10	60	35	135	160	85	None	None	testing
6	qp	f	19	red	Le	(80, 0)	(40, 69)	(-39, 69)	(-80, 0)	(-40, -69)	(40, -69)	diamond	red	dif	left	left	(40, 69)	(80, 0)	search	nr	True	361262	362376	left	135	35	160	110	85	60	None	None	testing
6	qp	f	19	red	Le	(80, 0)	(40, 69)	(-39, 69)	(-80, 0)	(-40, -69)	(40, -69)	diamond	none	same	right	right	N_dist	(40, -69)	search	nr	True	363533	364617	right	60	85	110	160	10	35	None	None	testing
6	qp	f	19	red	Le	(80, 0)	(40, 69)	(-39, 69)	(-80, 0)	(-40, -69)	(40, -69)	circle	red	same	right	right	(40, -69)	(40, 69)	search	nr	True	365720	366712	right	85	110	35	135	160	10	None	None	testing
6	qp	f	19	red	Le	(80, 0)	(40, 69)	(-39, 69)	(-80, 0)	(-40, -69)	(40, -69)	circle	red	same	right	right	(40, -69)	(40, 69)	search	nr	True	368007	368872	right	160	35	110	60	135	85	None	None	testing
6	qp	f	19	red	Le	(80, 0)	(40, 69)	(-39, 69)	(-80, 0)	(-40, -69)	(40, -69)	circle	red	dif	left	left	(40, -69)	(40, 69)	search	nr	True	370044	370712	left	135	35	110	85	60	160	None	None	testing
6	qp	f	19	red	Le	(80, 0)	(40, 69)	(-39, 69)	(-80, 0)	(-40, -69)	(40, -69)	diamond	red	same	right	right	(-80, 0)	(40, 69)	search	nr	True	371964	372825	right	110	35	10	85	60	135	None	None	testing
6	qp	f	19	red	Le	(80, 0)	(40, 69)	(-39, 69)	(-80, 0)	(-40, -69)	(40, -69)	diamond	red	same	right	right	(40, -69)	(-40, -69)	search	nr	True	374119	374937	right	160	110	85	135	35	60	None	None	testing
6	qp	f	19	red	Le	(80, 0)	(40, 69)	(-39, 69)	(-80, 0)	(-40, -69)	(40, -69)	circle	red	dif	left	left	(40, -69)	(40, 69)	search	nr	True	376222	377353	left	110	35	135	85	10	60	None	None	testing
6	qp	f	19	red	Le	(80, 0)	(40, 69)	(-39, 69)	(-80, 0)	(-40, -69)	(40, -69)	circle	none	same	left	left	N_dist	(-40, -69)	search	nr	True	378560	379353	left	60	85	10	110	160	35	None	None	testing
6	qp	f	19	red	Le	(80, 0)	(40, 69)	(-39, 69)	(-80, 0)	(-40, -69)	(40, -69)	diamond	red	dif	right	right	(40, -69)	(-80, 0)	search	nr	True	380580	381512	right	110	135	160	10	85	35	None	None	testing
6	qp	f	19	red	Le	(80, 0)	(40, 69)	(-39, 69)	(-80, 0)	(-40, -69)	(40, -69)	circle	none	same	right	right	N_dist	(-39, 69)	search	nr	True	382785	383561	right	85	110	10	160	135	35	None	None	testing
6	qp	f	19	red	Le	(80, 0)	(40, 69)	(-39, 69)	(-80, 0)	(-40, -69)	(40, -69)	circle	red	dif	left	left	(80, 0)	(-39, 69)	search	nr	True	384621	385352	left	60	85	10	35	135	110	None	None	testing
6	qp	f	19	red	Le	(80, 0)	(40, 69)	(-39, 69)	(-80, 0)	(-40, -69)	(40, -69)	diamond	none	same	right	right	N_dist	(80, 0)	search	nr	True	386591	387785	right	60	135	35	160	85	110	None	None	testing
6	qp	f	19	red	Le	(80, 0)	(40, 69)	(-39, 69)	(-80, 0)	(-40, -69)	(40, -69)	diamond	red	dif	left	left	(40, -69)	(40, 69)	search	nr	True	388929	389880	left	10	160	85	135	110	35	None	None	testing
6	qp	f	19	red	Le	(80, 0)	(40, 69)	(-39, 69)	(-80, 0)	(-40, -69)	(40, -69)	circle	red	dif	right	right	(40, -69)	(80, 0)	search	nr	True	390983	391704	right	35	110	135	60	160	85	None	None	testing
6	qp	f	19	red	Le	(80, 0)	(40, 69)	(-39, 69)	(-80, 0)	(-40, -69)	(40, -69)	diamond	none	dif	right	right	N_dist	(-40, -69)	search	nr	True	392903	394040	right	35	10	110	135	60	160	None	None	testing
6	qp	f	19	red	Le	(80, 0)	(40, 69)	(-39, 69)	(-80, 0)	(-40, -69)	(40, -69)	circle	red	dif	left	left	(40, -69)	(40, 69)	search	nr	True	395158	396617	left	110	60	35	85	10	135	None	None	testing
6	qp	f	19	red	Le	(80, 0)	(40, 69)	(-39, 69)	(-80, 0)	(-40, -69)	(40, -69)	diamond	red	same	right	right	(40, -69)	(-39, 69)	search	nr	True	397829	398617	right	10	60	110	35	85	160	None	None	testing
6	qp	f	19	red	Le	(80, 0)	(40, 69)	(-39, 69)	(-80, 0)	(-40, -69)	(40, -69)	diamond	red	dif	left	left	(80, 0)	(-40, -69)	search	nr	True	399832	400632	left	135	85	35	160	110	60	None	None	testing
6	qp	f	19	red	Le	(80, 0)	(40, 69)	(-39, 69)	(-80, 0)	(-40, -69)	(40, -69)	circle	none	same	right	right	N_dist	(40, -69)	search	nr	True	401870	402825	right	110	60	35	10	160	135	None	None	testing
6	qp	f	19	red	Le	(80, 0)	(40, 69)	(-39, 69)	(-80, 0)	(-40, -69)	(40, -69)	circle	none	dif	right	right	N_dist	(-80, 0)	search	nr	True	403940	404920	right	85	110	60	135	35	160	None	None	testing
6	qp	f	19	red	Le	(80, 0)	(40, 69)	(-39, 69)	(-80, 0)	(-40, -69)	(40, -69)	diamond	red	dif	right	right	(40, 69)	(80, 0)	search	nr	True	405977	406809	right	85	10	110	135	60	35	None	None	testing
6	qp	f	19	red	Le	(80, 0)	(40, 69)	(-39, 69)	(-80, 0)	(-40, -69)	(40, -69)	diamond	red	dif	left	left	(80, 0)	(-40, -69)	search	nr	True	408047	408809	left	135	160	60	110	85	10	None	None	testing
6	qp	f	19	red	Le	(80, 0)	(40, 69)	(-39, 69)	(-80, 0)	(-40, -69)	(40, -69)	circle	red	dif	right	right	(40, -69)	(-80, 0)	search	nr	True	409985	411336	right	160	35	10	135	85	110	None	None	testing
6	qp	f	19	red	Le	(80, 0)	(40, 69)	(-39, 69)	(-80, 0)	(-40, -69)	(40, -69)	circle	red	same	left	left	(40, -69)	(80, 0)	search	nr	True	412539	413161	left	10	35	135	60	110	85	None	None	testing
6	qp	f	19	red	Le	(80, 0)	(40, 69)	(-39, 69)	(-80, 0)	(-40, -69)	(40, -69)	diamond	red	dif	left	left	(40, -69)	(-40, -69)	search	nr	True	414443	415768	left	160	135	60	10	35	85	None	None	testing
6	qp	f	19	red	Le	(80, 0)	(40, 69)	(-39, 69)	(-80, 0)	(-40, -69)	(40, -69)	circle	red	dif	left	left	(40, -69)	(-80, 0)	search	nr	True	417014	417817	left	135	110	35	60	85	160	None	None	testing
6	qp	f	19	red	Le	(80, 0)	(40, 69)	(-39, 69)	(-80, 0)	(-40, -69)	(40, -69)	diamond	red	dif	left	left	(-39, 69)	(40, 69)	search	nr	True	418917	419960	right	60	135	110	85	160	35	None	None	testing
6	qp	f	19	red	Le	(80, 0)	(40, 69)	(-39, 69)	(-80, 0)	(-40, -69)	(40, -69)	diamond	none	same	left	left	N_dist	(-80, 0)	search	nr	True	422725	423496	left	135	35	60	10	110	160	None	None	testing
6	qp	f	19	red	Le	(80, 0)	(40, 69)	(-39, 69)	(-80, 0)	(-40, -69)	(40, -69)	circle	none	dif	left	left	N_dist	(-80, 0)	search	nr	True	424762	425720	left	160	35	110	85	10	135	None	None	testing
6	qp	f	19	red	Le	(80, 0)	(40, 69)	(-39, 69)	(-80, 0)	(-40, -69)	(40, -69)	diamond	red	same	right	right	(-80, 0)	(-40, -69)	search	nr	True	427016	427945	right	10	110	160	60	85	135	None	None	testing
6	qp	f	19	red	Le	(80, 0)	(40, 69)	(-39, 69)	(-80, 0)	(-40, -69)	(40, -69)	diamond	none	dif	left	left	N_dist	(-80, 0)	search	nr	True	429204	430008	left	60	10	35	160	110	135	None	None	testing
6	qp	f	19	red	Le	(80, 0)	(40, 69)	(-39, 69)	(-80, 0)	(-40, -69)	(40, -69)	circle	none	same	right	right	N_dist	(80, 0)	search	nr	True	431257	431880	left	10	35	160	85	135	60	None	None	testing
6	qp	f	19	red	Le	(80, 0)	(40, 69)	(-39, 69)	(-80, 0)	(-40, -69)	(40, -69)	circle	red	same	left	left	(-40, -69)	(-80, 0)	search	nr	True	434663	435880	left	85	10	60	110	160	35	None	None	testing
6	qp	f	19	red	Le	(80, 0)	(40, 69)	(-39, 69)	(-80, 0)	(-40, -69)	(40, -69)	diamond	red	same	right	right	(40, -69)	(-39, 69)	search	nr	True	437202	438473	right	160	10	35	135	60	85	None	None	testing
6	qp	f	19	red	Le	(80, 0)	(40, 69)	(-39, 69)	(-80, 0)	(-40, -69)	(40, -69)	circle	none	dif	right	right	N_dist	(-39, 69)	search	nr	True	439756	440729	right	85	160	110	10	35	60	None	None	testing
6	qp	f	19	red	Le	(80, 0)	(40, 69)	(-39, 69)	(-80, 0)	(-40, -69)	(40, -69)	diamond	red	dif	right	right	(40, -69)	(-40, -69)	search	nr	True	442010	443048	right	110	10	160	35	85	135	None	None	testing
6	qp	f	19	red	Le	(80, 0)	(40, 69)	(-39, 69)	(-80, 0)	(-40, -69)	(40, -69)	circle	none	same	left	left	N_dist	(40, 69)	search	nr	True	444264	445401	left	60	35	135	110	160	10	None	None	testing
6	qp	f	19	red	Le	(80, 0)	(40, 69)	(-39, 69)	(-80, 0)	(-40, -69)	(40, -69)	circle	red	same	left	left	(40, -69)	(80, 0)	search	nr	True	446703	447433	left	60	110	160	135	35	85	None	None	testing
6	qp	f	19	red	Le	(80, 0)	(40, 69)	(-39, 69)	(-80, 0)	(-40, -69)	(40, -69)	circle	red	same	right	right	(-40, -69)	(-39, 69)	search	nr	True	448722	449544	right	135	10	160	110	35	85	None	None	testing
6	qp	f	19	red	Le	(80, 0)	(40, 69)	(-39, 69)	(-80, 0)	(-40, -69)	(40, -69)	circle	red	dif	right	right	(40, -69)	(80, 0)	search	nr	True	450827	451592	right	10	60	35	160	85	135	None	None	testing
6	qp	f	19	red	Le	(80, 0)	(40, 69)	(-39, 69)	(-80, 0)	(-40, -69)	(40, -69)	diamond	none	dif	right	right	N_dist	(80, 0)	search	nr	True	452663	453672	right	160	35	60	135	110	85	None	None	testing
6	qp	f	19	red	Le	(80, 0)	(40, 69)	(-39, 69)	(-80, 0)	(-40, -69)	(40, -69)	diamond	none	dif	left	left	N_dist	(80, 0)	search	nr	True	454833	455657	left	35	110	135	60	10	85	None	None	testing
6	qp	f	19	red	Le	(80, 0)	(40, 69)	(-39, 69)	(-80, 0)	(-40, -69)	(40, -69)	circle	red	dif	right	right	(40, -69)	(-80, 0)	search	nr	True	456787	457720	right	85	60	135	10	110	35	None	None	testing
6	qp	f	19	red	Le	(80, 0)	(40, 69)	(-39, 69)	(-80, 0)	(-40, -69)	(40, -69)	circle	red	dif	right	right	(40, -69)	(-39, 69)	search	nr	True	458858	459496	right	110	85	35	60	160	10	None	None	testing
6	qp	f	19	red	Le	(80, 0)	(40, 69)	(-39, 69)	(-80, 0)	(-40, -69)	(40, -69)	diamond	red	dif	right	right	(40, -69)	(-40, -69)	search	nr	True	460778	461897	right	85	60	160	10	110	135	None	None	testing
6	qp	f	19	red	Le	(80, 0)	(40, 69)	(-39, 69)	(-80, 0)	(-40, -69)	(40, -69)	circle	red	dif	left	left	(40, -69)	(-39, 69)	search	nr	True	463199	463977	left	85	60	160	35	110	10	None	None	testing
6	qp	f	19	red	Le	(80, 0)	(40, 69)	(-39, 69)	(-80, 0)	(-40, -69)	(40, -69)	circle	red	same	right	right	(40, 69)	(80, 0)	search	nr	True	465237	466024	right	60	160	10	110	35	85	None	None	testing
6	qp	f	19	red	Le	(80, 0)	(40, 69)	(-39, 69)	(-80, 0)	(-40, -69)	(40, -69)	diamond	none	same	left	left	N_dist	(40, 69)	search	nr	True	467206	468120	left	135	60	10	35	160	85	None	None	testing
6	qp	f	19	red	Le	(80, 0)	(40, 69)	(-39, 69)	(-80, 0)	(-40, -69)	(40, -69)	circle	red	same	right	right	(40, -69)	(40, 69)	search	nr	True	469411	470489	right	60	160	35	135	10	85	None	None	testing
6	qp	f	19	red	Le	(80, 0)	(40, 69)	(-39, 69)	(-80, 0)	(-40, -69)	(40, -69)	diamond	none	same	left	left	N_dist	(80, 0)	search	nr	True	471648	472296	left	10	85	35	60	110	160	None	None	testing
6	qp	f	19	red	Le	(80, 0)	(40, 69)	(-39, 69)	(-80, 0)	(-40, -69)	(40, -69)	diamond	none	same	left	left	N_dist	(80, 0)	search	nr	True	473485	474088	left	35	160	110	85	135	60	None	None	testing
6	qp	f	19	red	Le	(80, 0)	(40, 69)	(-39, 69)	(-80, 0)	(-40, -69)	(40, -69)	circle	none	same	left	left	N_dist	(80, 0)	search	nr	True	475355	475945	left	135	60	35	85	110	160	None	None	testing
6	qp	f	19	red	Le	(80, 0)	(40, 69)	(-39, 69)	(-80, 0)	(-40, -69)	(40, -69)	circle	none	dif	left	left	N_dist	(-80, 0)	search	nr	True	477208	478649	left	85	135	10	160	110	60	None	None	testing
6	qp	f	19	red	Le	(80, 0)	(40, 69)	(-39, 69)	(-80, 0)	(-40, -69)	(40, -69)	diamond	none	dif	left	left	N_dist	(40, 69)	search	nr	True	479746	480680	left	35	60	160	85	135	110	None	None	testing
6	qp	f	19	red	Le	(80, 0)	(40, 69)	(-39, 69)	(-80, 0)	(-40, -69)	(40, -69)	circle	red	same	right	right	(40, -69)	(-40, -69)	search	nr	True	481784	483065	right	10	85	35	60	160	135	None	None	testing
6	qp	f	19	red	Le	(80, 0)	(40, 69)	(-39, 69)	(-80, 0)	(-40, -69)	(40, -69)	diamond	red	same	left	left	(40, -69)	(-80, 0)	search	nr	True	484271	485433	left	110	160	135	35	85	10	None	None	testing
6	qp	f	19	red	Le	(80, 0)	(40, 69)	(-39, 69)	(-80, 0)	(-40, -69)	(40, -69)	circle	red	same	right	right	(-80, 0)	(80, 0)	search	nr	True	486642	487400	right	85	110	160	35	10	60	None	None	testing
6	qp	f	19	red	Le	(80, 0)	(40, 69)	(-39, 69)	(-80, 0)	(-40, -69)	(40, -69)	circle	none	same	right	right	N_dist	(-40, -69)	search	nr	True	488696	489449	right	135	85	110	60	35	10	None	None	testing
6	qp	f	19	red	Le	(80, 0)	(40, 69)	(-39, 69)	(-80, 0)	(-40, -69)	(40, -69)	circle	red	dif	right	right	(40, 69)	(80, 0)	search	nr	True	490633	491193	right	35	160	60	110	85	135	None	None	testing
6	qp	f	19	red	Le	(80, 0)	(40, 69)	(-39, 69)	(-80, 0)	(-40, -69)	(40, -69)	diamond	none	same	right	right	N_dist	(40, -69)	search	nr	True	492370	493689	right	110	160	10	35	60	85	None	None	testing
6	qp	f	19	red	Le	(80, 0)	(40, 69)	(-39, 69)	(-80, 0)	(-40, -69)	(40, -69)	circle	none	dif	left	left	N_dist	(-40, -69)	search	nr	True	494941	495737	left	60	35	85	10	160	135	None	None	testing
6	qp	f	19	red	Le	(80, 0)	(40, 69)	(-39, 69)	(-80, 0)	(-40, -69)	(40, -69)	circle	red	dif	right	right	(40, -69)	(80, 0)	search	nr	True	496844	497817	right	85	10	35	160	60	135	None	None	testing
6	qp	f	19	red	Le	(80, 0)	(40, 69)	(-39, 69)	(-80, 0)	(-40, -69)	(40, -69)	circle	red	dif	left	left	(-39, 69)	(40, 69)	search	nr	True	498898	499561	left	135	110	160	10	35	85	None	None	testing
6	qp	f	19	red	Le	(80, 0)	(40, 69)	(-39, 69)	(-80, 0)	(-40, -69)	(40, -69)	diamond	none	dif	left	left	N_dist	(40, -69)	search	nr	True	500668	501657	left	10	60	110	160	35	135	None	None	testing
6	qp	f	19	red	Le	(80, 0)	(40, 69)	(-39, 69)	(-80, 0)	(-40, -69)	(40, -69)	diamond	none	dif	left	left	N_dist	(40, 69)	search	nr	True	502805	503752	left	60	85	10	35	135	160	None	None	testing
6	qp	f	19	red	Le	(80, 0)	(40, 69)	(-39, 69)	(-80, 0)	(-40, -69)	(40, -69)	circle	red	dif	left	left	(80, 0)	(-39, 69)	search	nr	True	504959	505737	left	110	60	160	85	135	10	None	None	testing
6	qp	f	19	red	Le	(80, 0)	(40, 69)	(-39, 69)	(-80, 0)	(-40, -69)	(40, -69)	diamond	red	dif	right	right	(40, 69)	(80, 0)	search	nr	True	506912	507785	right	110	135	35	10	60	85	None	None	testing
6	qp	f	19	red	Le	(80, 0)	(40, 69)	(-39, 69)	(-80, 0)	(-40, -69)	(40, -69)	diamond	red	dif	right	right	(-40, -69)	(80, 0)	search	nr	True	509050	509672	right	60	110	135	160	10	35	None	None	testing
6	qp	f	19	red	Le	(80, 0)	(40, 69)	(-39, 69)	(-80, 0)	(-40, -69)	(40, -69)	circle	red	dif	right	right	(40, -69)	(80, 0)	search	nr	True	510803	512137	right	85	135	35	110	160	10	None	None	testing
6	qp	f	19	red	Le	(80, 0)	(40, 69)	(-39, 69)	(-80, 0)	(-40, -69)	(40, -69)	circle	red	dif	right	right	(40, -69)	(80, 0)	search	nr	True	513275	513977	right	35	10	135	85	110	160	None	None	testing
6	qp	f	19	red	Le	(80, 0)	(40, 69)	(-39, 69)	(-80, 0)	(-40, -69)	(40, -69)	diamond	red	dif	right	right	(80, 0)	(-80, 0)	search	nr	True	515261	515928	left	35	85	110	10	160	135	None	None	testing
6	qp	f	19	red	Le	(80, 0)	(40, 69)	(-39, 69)	(-80, 0)	(-40, -69)	(40, -69)	diamond	none	dif	left	left	N_dist	(40, -69)	search	nr	True	518584	519449	left	60	135	10	160	35	85	None	None	testing
6	qp	f	19	red	Le	(80, 0)	(40, 69)	(-39, 69)	(-80, 0)	(-40, -69)	(40, -69)	diamond	red	same	left	left	(-39, 69)	(-40, -69)	search	nr	True	520537	521304	left	10	110	160	85	135	60	None	None	testing
6	qp	f	19	red	Le	(80, 0)	(40, 69)	(-39, 69)	(-80, 0)	(-40, -69)	(40, -69)	circle	none	same	left	left	N_dist	(-40, -69)	search	nr	True	522558	523321	left	160	35	85	135	110	10	None	None	testing
6	qp	f	19	red	Le	(80, 0)	(40, 69)	(-39, 69)	(-80, 0)	(-40, -69)	(40, -69)	circle	none	same	left	left	N_dist	(40, 69)	search	nr	True	524529	525256	left	35	110	60	135	85	10	None	None	testing
6	qp	f	19	red	Le	(80, 0)	(40, 69)	(-39, 69)	(-80, 0)	(-40, -69)	(40, -69)	circle	red	dif	right	right	(40, -69)	(80, 0)	search	nr	True	526533	527352	right	110	10	85	60	135	160	None	None	testing
6	qp	f	19	red	Le	(80, 0)	(40, 69)	(-39, 69)	(-80, 0)	(-40, -69)	(40, -69)	circle	red	same	right	right	(-40, -69)	(-39, 69)	search	nr	True	528536	529592	right	160	135	85	60	110	10	None	None	testing
6	qp	f	19	red	Le	(80, 0)	(40, 69)	(-39, 69)	(-80, 0)	(-40, -69)	(40, -69)	diamond	red	dif	left	left	(40, 69)	(80, 0)	search	nr	True	530706	531688	left	60	135	160	110	85	10	None	None	testing
6	qp	f	19	red	Le	(80, 0)	(40, 69)	(-39, 69)	(-80, 0)	(-40, -69)	(40, -69)	circle	red	same	left	left	(-80, 0)	(80, 0)	search	nr	True	532793	533416	left	10	160	110	60	135	85	None	None	testing
6	qp	f	19	red	Le	(80, 0)	(40, 69)	(-39, 69)	(-80, 0)	(-40, -69)	(40, -69)	diamond	red	same	right	right	(40, -69)	(-39, 69)	search	nr	True	534714	535832	right	110	160	135	60	10	85	None	None	testing
6	qp	f	19	red	Le	(80, 0)	(40, 69)	(-39, 69)	(-80, 0)	(-40, -69)	(40, -69)	circle	red	dif	left	left	(40, -69)	(-39, 69)	search	nr	True	537135	538776	left	85	35	110	160	60	10	None	None	testing
6	qp	f	19	red	Le	(80, 0)	(40, 69)	(-39, 69)	(-80, 0)	(-40, -69)	(40, -69)	diamond	none	dif	left	left	N_dist	(40, 69)	search	nr	True	539923	540953	left	110	135	10	160	35	85	None	None	testing
6	qp	f	19	red	Le	(80, 0)	(40, 69)	(-39, 69)	(-80, 0)	(-40, -69)	(40, -69)	diamond	red	same	left	left	(40, -69)	(-39, 69)	search	nr	True	542044	542792	left	135	160	60	110	85	35	None	None	testing
6	qp	f	19	red	Le	(80, 0)	(40, 69)	(-39, 69)	(-80, 0)	(-40, -69)	(40, -69)	circle	red	dif	right	right	(40, -69)	(-39, 69)	search	nr	True	544047	545145	right	110	135	85	10	35	160	None	None	testing
6	qp	f	19	red	Le	(80, 0)	(40, 69)	(-39, 69)	(-80, 0)	(-40, -69)	(40, -69)	circle	red	same	right	right	(40, -69)	(-40, -69)	search	nr	True	546436	547321	right	85	135	35	110	160	10	None	None	testing
6	qp	f	19	red	Le	(80, 0)	(40, 69)	(-39, 69)	(-80, 0)	(-40, -69)	(40, -69)	diamond	none	dif	right	right	N_dist	(-40, -69)	search	nr	True	548490	550200	right	10	110	135	160	60	85	None	None	testing
6	qp	f	19	red	Le	(80, 0)	(40, 69)	(-39, 69)	(-80, 0)	(-40, -69)	(40, -69)	circle	none	dif	right	right	N_dist	(-40, -69)	search	nr	True	551412	552008	right	110	85	160	35	10	135	None	None	testing
6	qp	f	19	red	Le	(80, 0)	(40, 69)	(-39, 69)	(-80, 0)	(-40, -69)	(40, -69)	circle	red	same	right	right	(40, -69)	(80, 0)	search	nr	True	553214	554233	right	110	35	160	60	85	135	None	None	testing
6	qp	f	19	red	Le	(80, 0)	(40, 69)	(-39, 69)	(-80, 0)	(-40, -69)	(40, -69)	diamond	none	same	right	right	N_dist	(40, -69)	search	nr	True	555435	556313	right	10	160	60	85	35	135	None	None	testing
6	qp	f	19	red	Le	(80, 0)	(40, 69)	(-39, 69)	(-80, 0)	(-40, -69)	(40, -69)	diamond	red	dif	right	right	(-40, -69)	(-80, 0)	search	nr	True	557489	558376	right	160	35	60	10	85	110	None	None	testing
6	qp	f	19	red	Le	(80, 0)	(40, 69)	(-39, 69)	(-80, 0)	(-40, -69)	(40, -69)	circle	red	dif	left	left	(40, -69)	(-80, 0)	search	nr	True	559459	560153	left	10	135	60	35	110	85	None	None	testing
6	qp	f	19	red	Le	(80, 0)	(40, 69)	(-39, 69)	(-80, 0)	(-40, -69)	(40, -69)	circle	red	same	left	left	(-40, -69)	(-80, 0)	search	nr	True	561396	562056	left	10	60	160	35	110	85	None	None	testing
6	qp	f	19	red	Le	(80, 0)	(40, 69)	(-39, 69)	(-80, 0)	(-40, -69)	(40, -69)	circle	none	same	left	left	N_dist	(40, 69)	search	nr	True	563300	563912	left	35	135	160	10	85	110	None	None	testing
6	qp	f	19	red	Le	(80, 0)	(40, 69)	(-39, 69)	(-80, 0)	(-40, -69)	(40, -69)	diamond	none	dif	right	right	N_dist	(40, -69)	search	nr	True	565136	566073	right	10	60	110	160	135	85	None	None	testing
6	qp	f	19	red	Le	(80, 0)	(40, 69)	(-39, 69)	(-80, 0)	(-40, -69)	(40, -69)	circle	red	same	left	left	(-40, -69)	(-80, 0)	search	nr	True	567340	568185	left	10	160	135	60	85	35	None	None	testing
6	qp	f	19	red	Le	(80, 0)	(40, 69)	(-39, 69)	(-80, 0)	(-40, -69)	(40, -69)	circle	red	dif	right	right	(40, -69)	(-39, 69)	search	nr	True	569461	570168	right	135	85	160	10	110	35	None	None	testing
6	qp	f	19	red	Le	(80, 0)	(40, 69)	(-39, 69)	(-80, 0)	(-40, -69)	(40, -69)	circle	red	same	right	right	(40, 69)	(80, 0)	search	nr	True	571282	572040	right	110	160	35	85	60	10	None	None	testing
6	qp	f	19	red	Le	(80, 0)	(40, 69)	(-39, 69)	(-80, 0)	(-40, -69)	(40, -69)	diamond	red	dif	left	left	(-80, 0)	(40, 69)	search	nr	True	573185	574344	left	10	110	60	135	160	85	None	None	testing
6	qp	f	19	red	Le	(80, 0)	(40, 69)	(-39, 69)	(-80, 0)	(-40, -69)	(40, -69)	circle	red	same	left	left	(-80, 0)	(80, 0)	search	nr	True	575573	576201	left	135	110	35	160	10	85	None	None	testing
6	qp	f	19	red	Le	(80, 0)	(40, 69)	(-39, 69)	(-80, 0)	(-40, -69)	(40, -69)	diamond	red	same	left	left	(-39, 69)	(-40, -69)	search	nr	True	577392	578201	left	160	35	10	60	110	85	None	None	testing
6	qp	f	19	red	Le	(80, 0)	(40, 69)	(-39, 69)	(-80, 0)	(-40, -69)	(40, -69)	diamond	red	same	right	right	(40, -69)	(-40, -69)	search	nr	True	579396	580329	right	110	35	160	60	85	10	None	None	testing
6	qp	f	19	red	Le	(80, 0)	(40, 69)	(-39, 69)	(-80, 0)	(-40, -69)	(40, -69)	diamond	red	dif	left	left	(40, 69)	(80, 0)	search	nr	True	581617	582729	right	110	60	85	10	35	135	None	None	testing
6	qp	f	19	red	Le	(80, 0)	(40, 69)	(-39, 69)	(-80, 0)	(-40, -69)	(40, -69)	circle	none	dif	right	right	N_dist	(-40, -69)	search	nr	True	585441	586360	right	10	160	135	110	85	60	None	None	testing
6	qp	f	19	red	Le	(80, 0)	(40, 69)	(-39, 69)	(-80, 0)	(-40, -69)	(40, -69)	circle	none	same	right	right	N_dist	(40, -69)	search	nr	True	587628	588473	right	35	85	110	160	10	135	None	None	testing
6	qp	f	19	red	Le	(80, 0)	(40, 69)	(-39, 69)	(-80, 0)	(-40, -69)	(40, -69)	circle	none	dif	right	right	N_dist	(-80, 0)	search	nr	True	589765	590537	right	60	10	135	85	35	160	None	None	testing
6	qp	f	19	red	Le	(80, 0)	(40, 69)	(-39, 69)	(-80, 0)	(-40, -69)	(40, -69)	circle	none	same	right	right	N_dist	(80, 0)	search	nr	True	591819	592424	right	85	110	60	10	160	135	None	None	testing
6	qp	f	19	red	Le	(80, 0)	(40, 69)	(-39, 69)	(-80, 0)	(-40, -69)	(40, -69)	diamond	red	dif	right	right	(40, -69)	(-40, -69)	search	nr	True	593572	594329	right	160	60	135	10	85	110	None	None	testing
6	qp	f	19	red	Le	(80, 0)	(40, 69)	(-39, 69)	(-80, 0)	(-40, -69)	(40, -69)	diamond	red	same	left	left	(-39, 69)	(-40, -69)	search	nr	True	595626	597097	right	135	10	35	160	60	110	None	None	testing
6	qp	f	19	red	Le	(80, 0)	(40, 69)	(-39, 69)	(-80, 0)	(-40, -69)	(40, -69)	diamond	red	same	right	right	(40, -69)	(-39, 69)	search	nr	True	599901	600840	right	35	135	110	85	10	160	None	None	testing
6	qp	f	19	red	Le	(80, 0)	(40, 69)	(-39, 69)	(-80, 0)	(-40, -69)	(40, -69)	circle	none	dif	right	right	N_dist	(-39, 69)	search	nr	True	601971	603113	right	85	110	35	135	10	60	None	None	testing
6	qp	f	19	red	Le	(80, 0)	(40, 69)	(-39, 69)	(-80, 0)	(-40, -69)	(40, -69)	circle	red	same	left	left	(40, -69)	(80, 0)	search	nr	True	604192	604937	left	160	110	85	60	10	135	None	None	testing
6	qp	f	19	red	Le	(80, 0)	(40, 69)	(-39, 69)	(-80, 0)	(-40, -69)	(40, -69)	circle	none	dif	left	left	N_dist	(-40, -69)	search	nr	True	606229	607016	left	10	85	35	110	60	160	None	None	testing
6	qp	f	19	red	Le	(80, 0)	(40, 69)	(-39, 69)	(-80, 0)	(-40, -69)	(40, -69)	diamond	none	dif	right	right	N_dist	(40, -69)	search	nr	True	608216	609288	right	110	60	35	10	135	160	None	None	testing
6	qp	f	19	red	Le	(80, 0)	(40, 69)	(-39, 69)	(-80, 0)	(-40, -69)	(40, -69)	diamond	none	dif	right	right	N_dist	(-39, 69)	search	nr	True	610370	611193	right	160	60	135	10	85	35	None	None	testing
6	qp	f	19	red	Le	(80, 0)	(40, 69)	(-39, 69)	(-80, 0)	(-40, -69)	(40, -69)	circle	none	dif	right	right	N_dist	(-80, 0)	search	nr	True	612373	613112	right	135	85	160	110	35	10	None	None	testing
6	qp	f	19	red	Le	(80, 0)	(40, 69)	(-39, 69)	(-80, 0)	(-40, -69)	(40, -69)	circle	red	dif	left	left	(80, 0)	(-39, 69)	search	nr	True	614411	615544	left	135	35	160	85	10	110	None	None	testing
6	qp	f	19	red	Le	(80, 0)	(40, 69)	(-39, 69)	(-80, 0)	(-40, -69)	(40, -69)	circle	red	same	right	right	(40, -69)	(-40, -69)	search	nr	True	616631	617577	right	35	60	160	135	10	85	None	None	testing
6	qp	f	19	red	Le	(80, 0)	(40, 69)	(-39, 69)	(-80, 0)	(-40, -69)	(40, -69)	diamond	none	same	right	right	N_dist	(40, -69)	search	nr	True	618751	619544	left	160	135	85	110	35	60	None	None	testing
6	qp	f	19	red	Le	(80, 0)	(40, 69)	(-39, 69)	(-80, 0)	(-40, -69)	(40, -69)	diamond	red	same	left	left	(40, -69)	(-40, -69)	search	nr	True	622325	624105	left	35	10	110	85	60	135	None	None	testing
6	qp	f	19	red	Le	(80, 0)	(40, 69)	(-39, 69)	(-80, 0)	(-40, -69)	(40, -69)	diamond	red	same	right	right	(40, -69)	(-80, 0)	search	nr	True	625197	626136	right	10	160	35	135	85	110	None	None	testing
6	qp	f	19	red	Le	(80, 0)	(40, 69)	(-39, 69)	(-80, 0)	(-40, -69)	(40, -69)	diamond	red	same	left	left	(80, 0)	(-80, 0)	search	nr	True	627301	628073	left	110	35	160	10	85	60	None	None	testing
6	qp	f	19	red	Le	(80, 0)	(40, 69)	(-39, 69)	(-80, 0)	(-40, -69)	(40, -69)	diamond	red	dif	left	left	(-80, 0)	(40, 69)	search	nr	True	629287	630281	left	135	60	35	10	160	110	None	None	testing
6	qp	f	19	red	Le	(80, 0)	(40, 69)	(-39, 69)	(-80, 0)	(-40, -69)	(40, -69)	circle	red	same	left	left	(80, 0)	(-40, -69)	search	nr	True	631525	632456	left	135	10	35	160	85	60	None	None	testing
6	qp	f	19	red	Le	(80, 0)	(40, 69)	(-39, 69)	(-80, 0)	(-40, -69)	(40, -69)	diamond	none	same	left	left	N_dist	(40, 69)	search	nr	True	633629	634328	left	160	10	85	110	35	135	None	None	testing
6	qp	f	19	red	Le	(80, 0)	(40, 69)	(-39, 69)	(-80, 0)	(-40, -69)	(40, -69)	circle	red	dif	left	left	(40, 69)	(-39, 69)	search	nr	True	635549	636361	left	135	110	85	10	60	160	None	None	testing
6	qp	f	19	red	Le	(80, 0)	(40, 69)	(-39, 69)	(-80, 0)	(-40, -69)	(40, -69)	diamond	none	dif	right	right	N_dist	(80, 0)	search	nr	True	637436	638296	right	135	85	35	60	160	110	None	None	testing
6	qp	f	19	red	Le	(80, 0)	(40, 69)	(-39, 69)	(-80, 0)	(-40, -69)	(40, -69)	diamond	none	dif	left	left	N_dist	(-80, 0)	search	nr	True	639423	640216	left	35	10	160	85	60	110	None	None	testing
6	qp	f	19	red	Le	(80, 0)	(40, 69)	(-39, 69)	(-80, 0)	(-40, -69)	(40, -69)	diamond	red	dif	right	right	(40, -69)	(-39, 69)	search	nr	True	641393	642361	right	135	110	35	160	60	10	None	None	testing
6	qp	f	19	red	Le	(80, 0)	(40, 69)	(-39, 69)	(-80, 0)	(-40, -69)	(40, -69)	diamond	red	same	left	left	(40, -69)	(-80, 0)	search	nr	True	643464	644105	left	85	160	60	35	10	135	None	None	testing
6	qp	f	19	red	Le	(80, 0)	(40, 69)	(-39, 69)	(-80, 0)	(-40, -69)	(40, -69)	circle	none	same	right	right	N_dist	(80, 0)	search	nr	True	645267	645945	right	60	110	10	160	35	135	None	None	testing
6	qp	f	19	red	Le	(80, 0)	(40, 69)	(-39, 69)	(-80, 0)	(-40, -69)	(40, -69)	circle	red	dif	right	right	(40, -69)	(-80, 0)	search	nr	True	647021	647959	right	85	10	160	35	60	110	None	None	testing
6	qp	f	19	red	Le	(80, 0)	(40, 69)	(-39, 69)	(-80, 0)	(-40, -69)	(40, -69)	diamond	red	same	left	left	(40, -69)	(-40, -69)	search	nr	True	649224	650472	left	160	110	60	85	35	135	None	None	testing
6	qp	f	19	red	Le	(80, 0)	(40, 69)	(-39, 69)	(-80, 0)	(-40, -69)	(40, -69)	circle	red	dif	left	left	(40, -69)	(-40, -69)	search	nr	True	651646	652361	right	10	85	60	110	135	160	None	None	testing
6	qp	f	19	red	Le	(80, 0)	(40, 69)	(-39, 69)	(-80, 0)	(-40, -69)	(40, -69)	circle	red	dif	right	right	(-39, 69)	(-80, 0)	search	nr	True	655036	655865	right	60	160	85	135	110	35	None	None	testing
6	qp	f	19	red	Le	(80, 0)	(40, 69)	(-39, 69)	(-80, 0)	(-40, -69)	(40, -69)	diamond	red	same	right	right	(40, -69)	(-39, 69)	search	nr	True	656955	657977	right	160	60	110	85	35	135	None	None	testing
6	qp	f	19	red	Le	(80, 0)	(40, 69)	(-39, 69)	(-80, 0)	(-40, -69)	(40, -69)	circle	none	dif	left	left	N_dist	(-80, 0)	search	nr	True	659193	660632	left	110	60	35	135	160	10	None	None	testing
6	qp	f	19	red	Le	(80, 0)	(40, 69)	(-39, 69)	(-80, 0)	(-40, -69)	(40, -69)	circle	red	same	right	right	(-40, -69)	(-39, 69)	search	nr	True	661881	662840	right	110	60	35	160	135	10	None	None	testing
6	qp	f	19	red	Le	(80, 0)	(40, 69)	(-39, 69)	(-80, 0)	(-40, -69)	(40, -69)	diamond	red	same	right	right	(-80, 0)	(40, 69)	search	nr	True	664152	665096	right	85	110	160	60	10	35	None	None	testing
6	qp	f	19	red	Le	(80, 0)	(40, 69)	(-39, 69)	(-80, 0)	(-40, -69)	(40, -69)	circle	red	same	left	left	(40, -69)	(-80, 0)	search	nr	True	666273	667304	left	85	10	110	160	35	60	None	None	testing
6	qp	f	19	red	Le	(80, 0)	(40, 69)	(-39, 69)	(-80, 0)	(-40, -69)	(40, -69)	diamond	red	same	right	right	(40, -69)	(-80, 0)	search	nr	True	668393	669976	right	10	135	35	85	160	60	None	None	testing
6	qp	f	19	red	Le	(80, 0)	(40, 69)	(-39, 69)	(-80, 0)	(-40, -69)	(40, -69)	diamond	none	dif	right	right	N_dist	(-39, 69)	search	nr	True	671098	671768	right	35	160	110	85	10	135	None	None	testing
6	qp	f	19	red	Le	(80, 0)	(40, 69)	(-39, 69)	(-80, 0)	(-40, -69)	(40, -69)	circle	red	same	left	left	(40, -69)	(40, 69)	search	nr	True	672834	674105	left	110	60	135	85	10	160	None	None	testing
6	qp	f	19	red	Le	(80, 0)	(40, 69)	(-39, 69)	(-80, 0)	(-40, -69)	(40, -69)	diamond	red	dif	left	left	(40, -69)	(-40, -69)	search	nr	True	675306	676697	left	85	110	160	35	10	60	None	None	testing
6	qp	f	19	red	Le	(80, 0)	(40, 69)	(-39, 69)	(-80, 0)	(-40, -69)	(40, -69)	diamond	red	dif	left	left	(-39, 69)	(40, 69)	search	nr	True	677877	678840	left	10	160	35	135	60	110	None	None	testing
6	qp	f	19	red	Le	(80, 0)	(40, 69)	(-39, 69)	(-80, 0)	(-40, -69)	(40, -69)	circle	none	dif	right	right	N_dist	(40, 69)	search	nr	True	679997	680968	right	60	160	110	10	35	135	None	None	testing
6	qp	f	19	red	Le	(80, 0)	(40, 69)	(-39, 69)	(-80, 0)	(-40, -69)	(40, -69)	circle	red	same	right	right	(40, -69)	(80, 0)	search	nr	True	682035	683193	right	110	60	35	160	85	10	None	None	testing
6	qp	f	19	red	Le	(80, 0)	(40, 69)	(-39, 69)	(-80, 0)	(-40, -69)	(40, -69)	diamond	red	dif	right	right	(-40, -69)	(80, 0)	search	nr	True	684506	685672	right	85	160	110	135	60	10	None	None	testing
6	qp	f	19	red	Le	(80, 0)	(40, 69)	(-39, 69)	(-80, 0)	(-40, -69)	(40, -69)	circle	none	same	left	left	N_dist	(-40, -69)	search	nr	True	686777	687657	left	35	110	135	160	60	10	None	None	testing
6	qp	f	19	red	Le	(80, 0)	(40, 69)	(-39, 69)	(-80, 0)	(-40, -69)	(40, -69)	diamond	none	same	left	left	N_dist	(80, 0)	search	nr	True	688948	689720	left	10	110	85	160	35	135	None	None	testing
6	qp	f	19	red	Le	(80, 0)	(40, 69)	(-39, 69)	(-80, 0)	(-40, -69)	(40, -69)	circle	none	dif	right	right	N_dist	(-80, 0)	search	nr	True	690868	691880	right	160	110	135	60	35	85	None	None	testing
6	qp	f	19	red	Le	(80, 0)	(40, 69)	(-39, 69)	(-80, 0)	(-40, -69)	(40, -69)	circle	none	same	left	left	N_dist	(-39, 69)	search	nr	True	693105	693928	left	35	160	85	10	60	135	None	None	testing
6	qp	f	19	red	Le	(80, 0)	(40, 69)	(-39, 69)	(-80, 0)	(-40, -69)	(40, -69)	diamond	red	same	left	left	(40, -69)	(-40, -69)	search	nr	True	695092	696424	left	10	135	160	110	85	60	None	None	testing
6	qp	f	19	red	Le	(80, 0)	(40, 69)	(-39, 69)	(-80, 0)	(-40, -69)	(40, -69)	diamond	none	dif	left	left	N_dist	(80, 0)	search	nr	True	697597	698233	left	35	135	85	160	110	60	None	None	testing
6	qp	f	19	red	Le	(80, 0)	(40, 69)	(-39, 69)	(-80, 0)	(-40, -69)	(40, -69)	diamond	red	dif	right	right	(40, -69)	(40, 69)	search	nr	True	699317	700216	right	160	85	60	135	35	110	None	None	testing
6	qp	f	19	red	Le	(80, 0)	(40, 69)	(-39, 69)	(-80, 0)	(-40, -69)	(40, -69)	circle	none	same	left	left	N_dist	(80, 0)	search	nr	True	701504	702248	left	10	60	35	135	85	160	None	None	testing
6	qp	f	19	red	Le	(80, 0)	(40, 69)	(-39, 69)	(-80, 0)	(-40, -69)	(40, -69)	circle	red	same	left	left	(-40, -69)	(-80, 0)	search	nr	True	703491	704791	left	160	110	60	85	10	35	None	None	testing
6	qp	f	19	red	Le	(80, 0)	(40, 69)	(-39, 69)	(-80, 0)	(-40, -69)	(40, -69)	diamond	red	same	left	left	(80, 0)	(-80, 0)	search	nr	True	706096	707176	left	60	35	135	110	85	10	None	None	testing
6	qp	f	19	red	Le	(80, 0)	(40, 69)	(-39, 69)	(-80, 0)	(-40, -69)	(40, -69)	circle	none	dif	left	left	N_dist	(-39, 69)	search	nr	True	708300	709353	left	35	135	60	10	160	85	None	None	testing
6	qp	f	19	red	Le	(80, 0)	(40, 69)	(-39, 69)	(-80, 0)	(-40, -69)	(40, -69)	circle	none	same	right	right	N_dist	(-80, 0)	search	nr	True	710637	711672	right	160	35	110	10	85	135	None	None	testing
6	qp	f	19	red	Le	(80, 0)	(40, 69)	(-39, 69)	(-80, 0)	(-40, -69)	(40, -69)	circle	red	same	left	left	(40, -69)	(40, 69)	search	nr	True	712825	713832	left	85	110	10	135	160	35	None	None	testing
6	qp	f	19	red	Le	(80, 0)	(40, 69)	(-39, 69)	(-80, 0)	(-40, -69)	(40, -69)	diamond	red	dif	left	left	(-39, 69)	(80, 0)	search	nr	True	714928	715945	left	110	10	160	60	135	85	None	None	testing
6	qp	f	19	red	Le	(80, 0)	(40, 69)	(-39, 69)	(-80, 0)	(-40, -69)	(40, -69)	diamond	red	dif	left	left	(-39, 69)	(-40, -69)	search	nr	True	717166	717960	left	160	35	10	60	85	110	None	None	testing
6	qp	f	19	red	Le	(80, 0)	(40, 69)	(-39, 69)	(-80, 0)	(-40, -69)	(40, -69)	circle	red	dif	right	right	(40, -69)	(-80, 0)	search	nr	True	719136	719976	right	135	35	60	10	110	160	None	None	testing
6	qp	f	19	red	Le	(80, 0)	(40, 69)	(-39, 69)	(-80, 0)	(-40, -69)	(40, -69)	circle	none	dif	left	left	N_dist	(-39, 69)	search	nr	True	721157	721800	left	160	85	110	60	10	135	None	None	testing
6	qp	f	19	red	Le	(80, 0)	(40, 69)	(-39, 69)	(-80, 0)	(-40, -69)	(40, -69)	diamond	red	same	left	left	(40, -69)	(80, 0)	search	nr	True	723010	723800	left	10	85	60	110	160	135	None	None	testing
6	qp	f	19	red	Le	(80, 0)	(40, 69)	(-39, 69)	(-80, 0)	(-40, -69)	(40, -69)	diamond	red	dif	right	right	(40, -69)	(-40, -69)	search	nr	True	724963	725720	right	110	10	35	85	60	160	None	None	testing
6	qp	f	19	red	Le	(80, 0)	(40, 69)	(-39, 69)	(-80, 0)	(-40, -69)	(40, -69)	diamond	red	same	right	right	(-40, -69)	(80, 0)	search	nr	True	726967	728040	right	85	10	135	160	35	110	None	None	testing
6	qp	f	19	red	Le	(80, 0)	(40, 69)	(-39, 69)	(-80, 0)	(-40, -69)	(40, -69)	circle	red	same	right	right	(40, -69)	(80, 0)	search	nr	True	729188	730520	right	85	60	10	35	110	160	None	None	testing
6	qp	f	19	red	Le	(80, 0)	(40, 69)	(-39, 69)	(-80, 0)	(-40, -69)	(40, -69)	circle	red	same	right	right	(40, -69)	(80, 0)	search	nr	True	731726	732520	right	135	10	60	85	35	110	None	None	testing
6	qp	f	19	red	Le	(80, 0)	(40, 69)	(-39, 69)	(-80, 0)	(-40, -69)	(40, -69)	circle	red	dif	right	right	(-80, 0)	(-40, -69)	search	nr	True	733680	734520	right	110	160	10	35	135	85	None	None	testing
6	qp	f	19	red	Le	(80, 0)	(40, 69)	(-39, 69)	(-80, 0)	(-40, -69)	(40, -69)	circle	red	dif	left	left	(-39, 69)	(40, 69)	search	nr	True	735617	736409	left	10	135	110	160	35	60	None	None	testing
6	qp	f	19	red	Le	(80, 0)	(40, 69)	(-39, 69)	(-80, 0)	(-40, -69)	(40, -69)	diamond	red	dif	left	left	(80, 0)	(-40, -69)	search	nr	True	737520	738392	left	85	135	110	10	35	160	None	None	testing
6	qp	f	19	red	Le	(80, 0)	(40, 69)	(-39, 69)	(-80, 0)	(-40, -69)	(40, -69)	diamond	none	dif	left	left	N_dist	(-80, 0)	search	nr	True	739641	740440	left	160	60	35	10	85	135	None	None	testing
6	qp	f	19	red	Le	(80, 0)	(40, 69)	(-39, 69)	(-80, 0)	(-40, -69)	(40, -69)	circle	red	same	right	right	(40, -69)	(80, 0)	search	nr	True	741611	743016	right	85	10	35	135	110	160	None	None	testing
6	qp	f	19	red	Le	(80, 0)	(40, 69)	(-39, 69)	(-80, 0)	(-40, -69)	(40, -69)	circle	red	dif	right	right	(-39, 69)	(-80, 0)	search	nr	True	744283	745336	right	10	135	85	35	110	60	None	None	testing
6	qp	f	19	red	Le	(80, 0)	(40, 69)	(-39, 69)	(-80, 0)	(-40, -69)	(40, -69)	circle	red	same	right	right	(40, -69)	(-40, -69)	search	nr	True	746570	747353	right	35	160	85	110	10	135	None	None	testing
6	qp	f	19	red	Le	(80, 0)	(40, 69)	(-39, 69)	(-80, 0)	(-40, -69)	(40, -69)	diamond	red	same	left	left	(40, -69)	(-40, -69)	search	nr	True	748456	749352	left	10	85	160	60	135	110	None	None	testing
6	qp	f	19	red	Le	(80, 0)	(40, 69)	(-39, 69)	(-80, 0)	(-40, -69)	(40, -69)	diamond	red	same	right	right	(40, -69)	(-80, 0)	search	nr	True	750460	751384	right	85	10	35	160	110	135	None	None	testing
6	qp	f	19	red	Le	(80, 0)	(40, 69)	(-39, 69)	(-80, 0)	(-40, -69)	(40, -69)	diamond	red	dif	right	right	(40, -69)	(-40, -69)	search	nr	True	752464	753160	right	35	110	85	135	10	60	None	None	testing
6	qp	f	19	red	Le	(80, 0)	(40, 69)	(-39, 69)	(-80, 0)	(-40, -69)	(40, -69)	circle	red	dif	left	left	(40, -69)	(-40, -69)	search	nr	True	754435	755272	left	10	60	135	160	85	35	None	None	testing
6	qp	f	19	red	Le	(80, 0)	(40, 69)	(-39, 69)	(-80, 0)	(-40, -69)	(40, -69)	diamond	none	same	left	left	N_dist	(40, 69)	search	nr	True	756555	757737	left	110	10	35	60	85	135	None	None	testing
6	qp	f	19	red	Le	(80, 0)	(40, 69)	(-39, 69)	(-80, 0)	(-40, -69)	(40, -69)	diamond	red	dif	right	right	(40, -69)	(-39, 69)	search	nr	True	758809	759624	right	35	110	85	10	60	160	None	None	testing
6	qp	f	19	red	Le	(80, 0)	(40, 69)	(-39, 69)	(-80, 0)	(-40, -69)	(40, -69)	diamond	red	same	left	left	(40, -69)	(-40, -69)	search	nr	True	760712	761528	left	10	160	60	85	35	135	None	None	testing
6	qp	f	19	red	Le	(80, 0)	(40, 69)	(-39, 69)	(-80, 0)	(-40, -69)	(40, -69)	diamond	none	dif	right	right	N_dist	(-40, -69)	search	nr	True	762617	763352	right	160	85	60	110	10	135	None	None	testing
6	qp	f	19	red	Le	(80, 0)	(40, 69)	(-39, 69)	(-80, 0)	(-40, -69)	(40, -69)	circle	red	dif	left	left	(40, -69)	(-40, -69)	search	nr	True	764586	765529	left	110	60	10	35	160	85	None	None	testing
6	qp	f	19	red	Le	(80, 0)	(40, 69)	(-39, 69)	(-80, 0)	(-40, -69)	(40, -69)	diamond	none	same	left	left	N_dist	(40, 69)	search	nr	True	766607	767272	left	85	135	110	160	10	60	None	None	testing
6	qp	f	19	red	Le	(80, 0)	(40, 69)	(-39, 69)	(-80, 0)	(-40, -69)	(40, -69)	diamond	red	same	left	left	(40, -69)	(-40, -69)	search	nr	True	768544	769241	left	10	160	85	35	110	135	None	None	testing
6	qp	f	19	red	Le	(80, 0)	(40, 69)	(-39, 69)	(-80, 0)	(-40, -69)	(40, -69)	circle	red	dif	left	left	(40, 69)	(-39, 69)	search	nr	True	770314	771224	left	85	110	135	160	35	60	None	None	testing
6	qp	f	19	red	Le	(80, 0)	(40, 69)	(-39, 69)	(-80, 0)	(-40, -69)	(40, -69)	circle	none	same	right	right	N_dist	(-40, -69)	search	nr	True	772401	773304	right	135	85	35	10	160	60	None	None	testing
6	qp	f	19	red	Le	(80, 0)	(40, 69)	(-39, 69)	(-80, 0)	(-40, -69)	(40, -69)	diamond	red	same	right	right	(40, -69)	(-80, 0)	search	nr	True	774421	775144	right	160	85	35	135	10	110	None	None	testing
6	qp	f	19	red	Le	(80, 0)	(40, 69)	(-39, 69)	(-80, 0)	(-40, -69)	(40, -69)	circle	none	same	left	left	N_dist	(40, 69)	search	nr	True	776291	777000	left	10	85	35	160	110	135	None	None	testing
6	qp	f	19	red	Le	(80, 0)	(40, 69)	(-39, 69)	(-80, 0)	(-40, -69)	(40, -69)	circle	red	same	right	right	(40, -69)	(40, 69)	search	nr	True	778112	778712	right	135	160	60	85	110	35	None	None	testing
6	qp	f	19	red	Le	(80, 0)	(40, 69)	(-39, 69)	(-80, 0)	(-40, -69)	(40, -69)	circle	red	dif	left	left	(40, -69)	(40, 69)	search	nr	True	779898	780456	left	10	110	135	85	35	160	None	None	testing
6	qp	f	19	red	Le	(80, 0)	(40, 69)	(-39, 69)	(-80, 0)	(-40, -69)	(40, -69)	diamond	red	dif	left	left	(40, 69)	(80, 0)	search	nr	True	781584	782712	left	135	10	110	60	35	160	None	None	testing
6	qp	f	19	red	Le	(80, 0)	(40, 69)	(-39, 69)	(-80, 0)	(-40, -69)	(40, -69)	diamond	red	same	left	left	(40, -69)	(80, 0)	search	nr	True	783972	784857	left	135	10	110	35	160	85	None	None	testing
6	qp	f	19	red	Le	(80, 0)	(40, 69)	(-39, 69)	(-80, 0)	(-40, -69)	(40, -69)	diamond	red	same	left	left	(40, -69)	(40, 69)	search	nr	True	786093	786745	left	85	160	110	10	135	60	None	None	testing
6	qp	f	19	red	Le	(80, 0)	(40, 69)	(-39, 69)	(-80, 0)	(-40, -69)	(40, -69)	diamond	red	dif	right	right	(40, -69)	(-39, 69)	search	nr	True	787912	788728	right	10	35	135	110	160	85	None	None	testing
6	qp	f	19	red	Le	(80, 0)	(40, 69)	(-39, 69)	(-80, 0)	(-40, -69)	(40, -69)	circle	none	dif	left	left	N_dist	(-39, 69)	search	nr	True	790017	790649	left	60	110	35	160	135	85	None	None	testing
6	qp	f	19	red	Le	(80, 0)	(40, 69)	(-39, 69)	(-80, 0)	(-40, -69)	(40, -69)	diamond	red	dif	left	left	(-39, 69)	(80, 0)	search	nr	True	791753	792520	right	60	85	35	135	110	160	None	None	testing
6	qp	f	19	red	Le	(80, 0)	(40, 69)	(-39, 69)	(-80, 0)	(-40, -69)	(40, -69)	circle	none	same	right	right	N_dist	(-80, 0)	search	nr	True	795126	795928	right	135	10	110	35	85	60	None	None	testing
6	qp	f	19	red	Le	(80, 0)	(40, 69)	(-39, 69)	(-80, 0)	(-40, -69)	(40, -69)	circle	red	dif	left	left	(40, -69)	(40, 69)	search	nr	True	797113	798376	left	135	60	160	10	110	35	None	None	testing
6	qp	f	19	red	Le	(80, 0)	(40, 69)	(-39, 69)	(-80, 0)	(-40, -69)	(40, -69)	diamond	none	same	right	right	N_dist	(40, -69)	search	nr	True	799535	801336	right	85	35	135	110	60	10	None	None	testing
6	qp	f	19	red	Le	(80, 0)	(40, 69)	(-39, 69)	(-80, 0)	(-40, -69)	(40, -69)	diamond	none	same	right	right	N_dist	(40, -69)	search	nr	True	802573	803496	right	110	10	160	60	135	85	None	None	testing
6	qp	f	19	red	Le	(80, 0)	(40, 69)	(-39, 69)	(-80, 0)	(-40, -69)	(40, -69)	circle	red	dif	right	right	(-39, 69)	(-80, 0)	search	nr	True	804710	805880	right	160	10	110	35	85	60	None	None	testing
6	qp	f	19	red	Le	(80, 0)	(40, 69)	(-39, 69)	(-80, 0)	(-40, -69)	(40, -69)	circle	none	dif	left	left	N_dist	(-39, 69)	search	nr	True	807081	807832	left	35	85	110	135	60	10	None	None	testing
6	qp	f	19	red	Le	(80, 0)	(40, 69)	(-39, 69)	(-80, 0)	(-40, -69)	(40, -69)	circle	red	dif	right	right	(-80, 0)	(-40, -69)	search	nr	True	808902	809928	right	10	60	35	160	110	85	None	None	testing
6	qp	f	19	red	Le	(80, 0)	(40, 69)	(-39, 69)	(-80, 0)	(-40, -69)	(40, -69)	circle	none	same	right	right	N_dist	(40, -69)	search	nr	True	811122	811848	right	135	35	110	60	10	160	None	None	testing
6	qp	f	19	red	Le	(80, 0)	(40, 69)	(-39, 69)	(-80, 0)	(-40, -69)	(40, -69)	circle	red	same	right	right	(40, 69)	(80, 0)	search	nr	True	812958	813672	right	60	160	110	135	35	10	None	None	testing
6	qp	f	19	red	Le	(80, 0)	(40, 69)	(-39, 69)	(-80, 0)	(-40, -69)	(40, -69)	circle	red	same	left	left	(40, -69)	(80, 0)	search	nr	True	814912	815768	left	110	60	135	35	10	85	None	None	testing
6	qp	f	19	red	Le	(80, 0)	(40, 69)	(-39, 69)	(-80, 0)	(-40, -69)	(40, -69)	diamond	red	same	left	left	(40, -69)	(80, 0)	search	nr	True	816966	818200	left	160	10	110	35	60	135	None	None	testing
6	qp	f	19	red	Le	(80, 0)	(40, 69)	(-39, 69)	(-80, 0)	(-40, -69)	(40, -69)	diamond	red	dif	left	left	(80, 0)	(-39, 69)	search	nr	True	819304	820361	left	60	85	160	10	110	135	None	None	testing
6	qp	f	19	red	Le	(80, 0)	(40, 69)	(-39, 69)	(-80, 0)	(-40, -69)	(40, -69)	circle	red	dif	right	right	(40, -69)	(-39, 69)	search	nr	True	821424	822248	right	85	160	110	135	35	60	None	None	testing
6	qp	f	19	red	Le	(80, 0)	(40, 69)	(-39, 69)	(-80, 0)	(-40, -69)	(40, -69)	diamond	red	same	left	left	(40, -69)	(-80, 0)	search	nr	True	823478	824456	left	85	135	60	160	35	110	None	None	testing
6	qp	f	19	red	Le	(80, 0)	(40, 69)	(-39, 69)	(-80, 0)	(-40, -69)	(40, -69)	circle	red	dif	left	left	(-39, 69)	(40, 69)	search	nr	True	825566	826440	left	85	60	135	160	35	10	None	None	testing
6	qp	f	19	red	Le	(80, 0)	(40, 69)	(-39, 69)	(-80, 0)	(-40, -69)	(40, -69)	diamond	red	same	right	right	(40, -69)	(-39, 69)	search	nr	True	827536	828153	left	160	135	85	110	10	35	None	None	testing
6	qp	f	19	red	Le	(80, 0)	(40, 69)	(-39, 69)	(-80, 0)	(-40, -69)	(40, -69)	diamond	none	same	right	right	N_dist	(40, -69)	search	nr	True	830958	832136	right	160	110	85	10	135	60	None	None	testing
6	qp	f	19	red	Le	(80, 0)	(40, 69)	(-39, 69)	(-80, 0)	(-40, -69)	(40, -69)	diamond	none	same	right	right	N_dist	(80, 0)	search	nr	True	833430	834360	right	35	60	110	160	10	85	None	None	testing
6	qp	f	19	red	Le	(80, 0)	(40, 69)	(-39, 69)	(-80, 0)	(-40, -69)	(40, -69)	diamond	none	same	left	left	N_dist	(80, 0)	search	nr	True	835517	836344	left	110	35	10	85	135	160	None	None	testing
6	qp	f	19	red	Le	(80, 0)	(40, 69)	(-39, 69)	(-80, 0)	(-40, -69)	(40, -69)	circle	none	dif	left	left	N_dist	(-80, 0)	search	nr	True	837521	838296	left	60	110	85	135	35	160	None	None	testing
6	qp	f	19	red	Le	(80, 0)	(40, 69)	(-39, 69)	(-80, 0)	(-40, -69)	(40, -69)	circle	red	dif	left	left	(40, 69)	(-39, 69)	search	nr	True	839358	840329	left	35	60	110	10	160	85	None	None	testing
6	qp	f	19	red	Le	(80, 0)	(40, 69)	(-39, 69)	(-80, 0)	(-40, -69)	(40, -69)	circle	red	dif	right	right	(40, -69)	(-80, 0)	search	nr	True	841595	842680	right	110	135	160	85	60	35	None	None	testing
6	qp	f	19	red	Le	(80, 0)	(40, 69)	(-39, 69)	(-80, 0)	(-40, -69)	(40, -69)	diamond	red	same	right	right	(40, -69)	(-39, 69)	search	nr	True	843866	844857	right	110	160	35	60	10	135	None	None	testing
6	qp	f	19	red	Le	(80, 0)	(40, 69)	(-39, 69)	(-80, 0)	(-40, -69)	(40, -69)	diamond	red	dif	right	right	(-40, -69)	(80, 0)	search	nr	True	846153	847096	right	10	35	60	85	135	110	None	None	testing
6	qp	f	19	red	Le	(80, 0)	(40, 69)	(-39, 69)	(-80, 0)	(-40, -69)	(40, -69)	diamond	red	dif	right	right	(-40, -69)	(-80, 0)	search	nr	True	848257	849272	right	35	110	10	60	135	160	None	None	testing
6	qp	f	19	red	Le	(80, 0)	(40, 69)	(-39, 69)	(-80, 0)	(-40, -69)	(40, -69)	circle	red	same	left	left	(40, -69)	(-80, 0)	search	nr	True	850561	852088	left	135	60	110	35	160	85	None	None	testing
6	qp	f	19	red	Le	(80, 0)	(40, 69)	(-39, 69)	(-80, 0)	(-40, -69)	(40, -69)	diamond	none	same	left	left	N_dist	(40, 69)	search	nr	True	853200	854312	right	110	35	85	160	60	10	None	None	testing
6	qp	f	19	red	Le	(80, 0)	(40, 69)	(-39, 69)	(-80, 0)	(-40, -69)	(40, -69)	circle	none	dif	right	right	N_dist	(-39, 69)	search	nr	True	857006	857737	right	35	85	110	135	10	160	None	None	testing
6	qp	f	19	red	Le	(80, 0)	(40, 69)	(-39, 69)	(-80, 0)	(-40, -69)	(40, -69)	diamond	none	same	right	right	N_dist	(80, 0)	search	nr	True	858876	859768	right	110	60	35	160	135	10	None	None	testing
6	qp	f	19	red	Le	(80, 0)	(40, 69)	(-39, 69)	(-80, 0)	(-40, -69)	(40, -69)	circle	red	same	left	left	(40, -69)	(80, 0)	search	nr	True	861014	862008	left	160	110	135	10	35	60	None	None	testing
6	qp	f	19	red	Le	(80, 0)	(40, 69)	(-39, 69)	(-80, 0)	(-40, -69)	(40, -69)	diamond	red	same	right	right	(-80, 0)	(40, 69)	search	nr	True	863068	864168	right	10	110	160	135	60	85	None	None	testing
6	qp	f	19	red	Le	(80, 0)	(40, 69)	(-39, 69)	(-80, 0)	(-40, -69)	(40, -69)	circle	none	same	left	left	N_dist	(40, 69)	search	nr	True	865255	865976	left	135	110	85	10	160	35	None	None	testing
6	qp	f	19	red	Le	(80, 0)	(40, 69)	(-39, 69)	(-80, 0)	(-40, -69)	(40, -69)	circle	none	same	right	right	N_dist	(-39, 69)	search	nr	True	867159	868056	right	60	10	135	160	85	110	None	None	testing
6	qp	f	19	red	Le	(80, 0)	(40, 69)	(-39, 69)	(-80, 0)	(-40, -69)	(40, -69)	circle	red	same	left	left	(80, 0)	(-40, -69)	search	nr	True	869112	870073	left	110	10	60	160	35	85	None	None	testing
6	qp	f	19	red	Le	(80, 0)	(40, 69)	(-39, 69)	(-80, 0)	(-40, -69)	(40, -69)	diamond	red	same	right	right	(-80, 0)	(-40, -69)	search	nr	True	871283	872329	right	60	85	160	110	135	35	None	None	testing
6	qp	f	19	red	Le	(80, 0)	(40, 69)	(-39, 69)	(-80, 0)	(-40, -69)	(40, -69)	circle	red	dif	left	left	(40, -69)	(-80, 0)	search	nr	True	873587	874488	left	135	160	85	10	110	35	None	None	testing
6	qp	f	19	red	Le	(80, 0)	(40, 69)	(-39, 69)	(-80, 0)	(-40, -69)	(40, -69)	diamond	red	dif	right	right	(40, -69)	(40, 69)	search	nr	True	875624	876680	right	35	85	160	110	135	10	None	None	testing
6	qp	f	19	red	Le	(80, 0)	(40, 69)	(-39, 69)	(-80, 0)	(-40, -69)	(40, -69)	circle	none	same	right	right	N_dist	(-80, 0)	search	nr	True	877829	878792	right	85	60	35	135	160	110	None	None	testing
6	qp	f	19	red	Le	(80, 0)	(40, 69)	(-39, 69)	(-80, 0)	(-40, -69)	(40, -69)	diamond	none	dif	left	left	N_dist	(40, -69)	search	nr	True	880033	880968	left	60	10	160	135	85	110	None	None	testing
6	qp	f	19	red	Le	(80, 0)	(40, 69)	(-39, 69)	(-80, 0)	(-40, -69)	(40, -69)	circle	none	same	left	left	N_dist	(-39, 69)	search	nr	True	882219	882905	left	85	160	35	10	135	110	None	None	testing
6	qp	f	19	red	Le	(80, 0)	(40, 69)	(-39, 69)	(-80, 0)	(-40, -69)	(40, -69)	circle	none	dif	right	right	N_dist	(40, 69)	search	nr	True	884173	885033	right	60	135	110	160	10	35	None	None	testing
6	qp	f	19	red	Le	(80, 0)	(40, 69)	(-39, 69)	(-80, 0)	(-40, -69)	(40, -69)	circle	red	same	left	left	(40, -69)	(40, 69)	search	nr	True	886244	887048	left	160	135	85	60	10	35	None	None	testing
6	qp	f	19	red	Le	(80, 0)	(40, 69)	(-39, 69)	(-80, 0)	(-40, -69)	(40, -69)	diamond	red	same	left	left	(40, -69)	(80, 0)	search	nr	True	888314	889224	left	10	110	85	135	160	35	None	None	testing
6	qp	f	19	red	Le	(80, 0)	(40, 69)	(-39, 69)	(-80, 0)	(-40, -69)	(40, -69)	diamond	none	dif	left	left	N_dist	(40, 69)	search	nr	True	890485	891144	left	85	110	135	60	10	160	None	None	testing
6	qp	f	19	red	Le	(80, 0)	(40, 69)	(-39, 69)	(-80, 0)	(-40, -69)	(40, -69)	diamond	red	dif	right	right	(40, -69)	(40, 69)	search	nr	True	892204	893033	right	110	160	10	135	85	60	None	None	testing
6	qp	f	19	red	Le	(80, 0)	(40, 69)	(-39, 69)	(-80, 0)	(-40, -69)	(40, -69)	diamond	red	dif	right	right	(40, -69)	(-80, 0)	search	nr	True	894108	894952	right	10	160	110	85	35	60	None	None	testing
6	qp	f	19	red	Le	(80, 0)	(40, 69)	(-39, 69)	(-80, 0)	(-40, -69)	(40, -69)	circle	red	same	right	right	(-80, 0)	(80, 0)	search	nr	True	896145	896968	right	135	60	85	10	160	35	None	None	testing
6	qp	f	19	red	Le	(80, 0)	(40, 69)	(-39, 69)	(-80, 0)	(-40, -69)	(40, -69)	diamond	red	dif	left	left	(80, 0)	(-39, 69)	search	nr	True	898215	899369	left	160	85	135	60	10	35	None	None	testing
6	qp	f	19	red	Le	(80, 0)	(40, 69)	(-39, 69)	(-80, 0)	(-40, -69)	(40, -69)	diamond	red	same	right	right	(-80, 0)	(-40, -69)	search	nr	True	900570	901752	right	160	85	135	35	110	10	None	None	testing
6	qp	f	19	red	Le	(80, 0)	(40, 69)	(-39, 69)	(-80, 0)	(-40, -69)	(40, -69)	circle	none	dif	left	left	N_dist	(-40, -69)	search	nr	True	902991	903720	left	85	60	135	35	160	110	None	None	testing
6	qp	f	19	red	Le	(80, 0)	(40, 69)	(-39, 69)	(-80, 0)	(-40, -69)	(40, -69)	circle	red	same	right	right	(40, -69)	(80, 0)	search	nr	True	904794	905608	right	10	135	35	85	110	60	None	None	testing
6	qp	f	19	red	Le	(80, 0)	(40, 69)	(-39, 69)	(-80, 0)	(-40, -69)	(40, -69)	circle	red	dif	left	left	(40, -69)	(-40, -69)	search	nr	True	906881	907737	left	60	160	10	35	135	85	None	None	testing
6	qp	f	19	red	Le	(80, 0)	(40, 69)	(-39, 69)	(-80, 0)	(-40, -69)	(40, -69)	circle	red	dif	right	right	(40, -69)	(-80, 0)	search	nr	True	908952	910792	right	160	10	60	85	135	35	None	None	testing
6	qp	f	19	red	Le	(80, 0)	(40, 69)	(-39, 69)	(-80, 0)	(-40, -69)	(40, -69)	circle	none	dif	left	left	N_dist	(-80, 0)	search	nr	True	911908	913352	left	60	85	160	110	35	10	None	None	testing
6	qp	f	19	red	Le	(80, 0)	(40, 69)	(-39, 69)	(-80, 0)	(-40, -69)	(40, -69)	circle	red	same	right	right	(40, -69)	(80, 0)	search	nr	True	914479	915144	right	10	110	160	135	35	60	None	None	testing
6	qp	f	19	red	Le	(80, 0)	(40, 69)	(-39, 69)	(-80, 0)	(-40, -69)	(40, -69)	diamond	red	same	left	left	(40, -69)	(80, 0)	search	nr	True	916282	917048	left	10	35	160	110	60	135	None	None	testing
6	qp	f	19	red	Le	(80, 0)	(40, 69)	(-39, 69)	(-80, 0)	(-40, -69)	(40, -69)	diamond	red	dif	right	right	(80, 0)	(-80, 0)	search	nr	True	918219	919640	right	135	60	35	160	110	10	None	None	testing
6	qp	f	19	red	Le	(80, 0)	(40, 69)	(-39, 69)	(-80, 0)	(-40, -69)	(40, -69)	diamond	red	dif	left	left	(40, 69)	(80, 0)	search	nr	True	920857	921912	left	35	60	10	135	160	85	None	None	testing
6	qp	f	19	red	Le	(80, 0)	(40, 69)	(-39, 69)	(-80, 0)	(-40, -69)	(40, -69)	diamond	none	same	right	right	N_dist	(40, -69)	search	nr	True	923112	924073	right	10	135	60	110	35	160	None	None	testing
6	qp	f	19	red	Le	(80, 0)	(40, 69)	(-39, 69)	(-80, 0)	(-40, -69)	(40, -69)	diamond	red	dif	left	left	(-39, 69)	(-40, -69)	search	nr	True	925265	926120	left	160	60	10	35	85	110	None	None	testing
6	qp	f	19	red	Le	(80, 0)	(40, 69)	(-39, 69)	(-80, 0)	(-40, -69)	(40, -69)	diamond	red	same	left	left	(40, -69)	(80, 0)	search	nr	True	927186	927993	left	10	135	60	85	35	110	None	None	testing
6	qp	f	19	red	Le	(80, 0)	(40, 69)	(-39, 69)	(-80, 0)	(-40, -69)	(40, -69)	circle	none	dif	left	left	N_dist	(-39, 69)	search	nr	True	929189	929816	left	85	35	10	160	110	60	None	None	testing
6	qp	f	19	red	Le	(80, 0)	(40, 69)	(-39, 69)	(-80, 0)	(-40, -69)	(40, -69)	circle	red	dif	left	left	(40, -69)	(40, 69)	search	nr	True	931093	931816	left	85	110	10	135	35	160	None	None	testing
6	qp	f	19	red	Le	(80, 0)	(40, 69)	(-39, 69)	(-80, 0)	(-40, -69)	(40, -69)	circle	red	same	right	right	(40, -69)	(40, 69)	search	nr	True	932896	933624	right	135	110	10	35	160	85	None	None	testing
6	qp	f	19	red	Le	(80, 0)	(40, 69)	(-39, 69)	(-80, 0)	(-40, -69)	(40, -69)	diamond	red	dif	left	left	(40, 69)	(80, 0)	search	nr	True	934783	935800	left	60	160	85	10	35	135	None	None	testing
6	qp	f	19	red	Le	(80, 0)	(40, 69)	(-39, 69)	(-80, 0)	(-40, -69)	(40, -69)	diamond	none	dif	right	right	N_dist	(80, 0)	search	nr	True	937054	937737	left	135	110	160	85	10	35	None	None	testing
6	qp	f	19	red	Le	(80, 0)	(40, 69)	(-39, 69)	(-80, 0)	(-40, -69)	(40, -69)	circle	red	dif	right	right	(40, -69)	(-39, 69)	search	nr	True	940560	941720	right	135	35	85	160	10	60	None	None	testing
6	qp	f	19	red	Le	(80, 0)	(40, 69)	(-39, 69)	(-80, 0)	(-40, -69)	(40, -69)	diamond	none	dif	right	right	N_dist	(-40, -69)	search	nr	True	942964	944408	right	60	10	160	35	135	110	None	None	testing
6	qp	f	19	red	Le	(80, 0)	(40, 69)	(-39, 69)	(-80, 0)	(-40, -69)	(40, -69)	circle	red	same	right	right	(-80, 0)	(80, 0)	search	nr	True	945469	946440	right	60	135	35	160	10	85	None	None	testing
6	qp	f	19	red	Le	(80, 0)	(40, 69)	(-39, 69)	(-80, 0)	(-40, -69)	(40, -69)	diamond	red	same	right	right	(40, -69)	(-40, -69)	search	nr	True	947556	948984	right	10	85	60	35	110	135	None	None	testing
6	qp	f	19	red	Le	(80, 0)	(40, 69)	(-39, 69)	(-80, 0)	(-40, -69)	(40, -69)	circle	none	dif	right	right	N_dist	(-80, 0)	search	nr	True	950094	951529	right	110	85	10	135	160	35	None	None	testing
6	qp	f	19	red	Le	(80, 0)	(40, 69)	(-39, 69)	(-80, 0)	(-40, -69)	(40, -69)	diamond	none	same	left	left	N_dist	(40, 69)	search	nr	True	952665	953576	left	85	35	10	110	135	160	None	None	testing
6	qp	f	19	red	Le	(80, 0)	(40, 69)	(-39, 69)	(-80, 0)	(-40, -69)	(40, -69)	diamond	red	dif	right	right	(40, -69)	(-40, -69)	search	nr	True	954669	955529	right	60	135	110	160	35	10	None	None	testing
6	qp	f	19	red	Le	(80, 0)	(40, 69)	(-39, 69)	(-80, 0)	(-40, -69)	(40, -69)	circle	red	dif	right	right	(40, 69)	(80, 0)	search	nr	True	956756	957624	right	160	60	35	110	135	10	None	None	testing
6	qp	f	19	red	Le	(80, 0)	(40, 69)	(-39, 69)	(-80, 0)	(-40, -69)	(40, -69)	diamond	red	same	left	left	(40, -69)	(-39, 69)	search	nr	True	958894	959640	left	35	60	85	110	160	135	None	None	testing
6	qp	f	19	red	Le	(80, 0)	(40, 69)	(-39, 69)	(-80, 0)	(-40, -69)	(40, -69)	diamond	none	same	left	left	N_dist	(-80, 0)	search	nr	True	960914	961609	left	35	135	160	85	60	110	None	None	testing
6	qp	f	19	red	Le	(80, 0)	(40, 69)	(-39, 69)	(-80, 0)	(-40, -69)	(40, -69)	circle	red	same	left	left	(80, 0)	(-40, -69)	search	nr	True	962868	963689	left	10	135	35	85	160	60	None	None	testing
6	qp	f	19	red	Le	(80, 0)	(40, 69)	(-39, 69)	(-80, 0)	(-40, -69)	(40, -69)	diamond	none	dif	right	right	N_dist	(-40, -69)	search	nr	True	964855	965640	right	10	135	60	110	35	160	None	None	testing
6	qp	f	19	red	Le	(80, 0)	(40, 69)	(-39, 69)	(-80, 0)	(-40, -69)	(40, -69)	circle	red	dif	left	left	(40, -69)	(-39, 69)	search	nr	True	966708	967865	left	110	85	160	10	60	35	None	None	testing
6	qp	f	19	red	Le	(80, 0)	(40, 69)	(-39, 69)	(-80, 0)	(-40, -69)	(40, -69)	circle	none	same	left	left	N_dist	(80, 0)	search	nr	True	968979	969656	left	10	60	110	85	135	160	None	None	testing
6	qp	f	19	red	Le	(80, 0)	(40, 69)	(-39, 69)	(-80, 0)	(-40, -69)	(40, -69)	diamond	red	same	left	left	(40, -69)	(80, 0)	search	nr	True	970866	971704	left	160	85	10	110	60	135	None	None	testing
6	qp	f	19	red	Le	(80, 0)	(40, 69)	(-39, 69)	(-80, 0)	(-40, -69)	(40, -69)	circle	red	same	left	left	(40, -69)	(80, 0)	search	nr	True	972853	973624	left	60	85	110	35	10	135	None	None	testing
6	qp	f	19	red	Le	(80, 0)	(40, 69)	(-39, 69)	(-80, 0)	(-40, -69)	(40, -69)	diamond	red	same	right	right	(40, -69)	(-80, 0)	search	nr	True	974873	975624	right	85	35	60	10	110	135	None	None	testing
6	qp	f	19	red	Le	(80, 0)	(40, 69)	(-39, 69)	(-80, 0)	(-40, -69)	(40, -69)	circle	none	dif	right	right	N_dist	(-40, -69)	search	nr	True	976894	978136	right	110	60	35	160	10	85	None	None	testing
6	qp	f	19	red	Le	(80, 0)	(40, 69)	(-39, 69)	(-80, 0)	(-40, -69)	(40, -69)	diamond	red	dif	left	left	(-80, 0)	(40, 69)	search	nr	True	979265	980312	left	10	110	85	35	135	60	None	None	testing
6	qp	f	19	red	Le	(80, 0)	(40, 69)	(-39, 69)	(-80, 0)	(-40, -69)	(40, -69)	circle	none	same	right	right	N_dist	(-40, -69)	search	nr	True	981585	982440	right	10	85	35	160	60	110	None	None	testing
6	qp	f	19	red	Le	(80, 0)	(40, 69)	(-39, 69)	(-80, 0)	(-40, -69)	(40, -69)	diamond	none	same	right	right	N_dist	(40, -69)	search	nr	True	983740	984936	right	135	10	35	110	160	60	None	None	testing
6	qp	f	19	red	Le	(80, 0)	(40, 69)	(-39, 69)	(-80, 0)	(-40, -69)	(40, -69)	diamond	red	dif	right	right	(40, -69)	(-39, 69)	search	nr	True	986194	987192	right	160	135	60	110	85	10	None	None	testing
6	qp	f	19	red	Le	(80, 0)	(40, 69)	(-39, 69)	(-80, 0)	(-40, -69)	(40, -69)	diamond	red	same	left	left	(40, -69)	(80, 0)	search	nr	True	988482	989320	left	160	135	35	110	60	85	None	None	testing
6	qp	f	19	red	Le	(80, 0)	(40, 69)	(-39, 69)	(-80, 0)	(-40, -69)	(40, -69)	diamond	none	dif	right	right	N_dist	(-40, -69)	search	nr	True	990435	991128	right	160	10	35	85	60	135	None	None	testing
6	qp	f	19	red	Le	(80, 0)	(40, 69)	(-39, 69)	(-80, 0)	(-40, -69)	(40, -69)	diamond	red	same	left	left	(40, -69)	(40, 69)	search	nr	True	992389	993336	left	110	135	85	10	60	160	None	None	testing
6	qp	f	19	red	Le	(80, 0)	(40, 69)	(-39, 69)	(-80, 0)	(-40, -69)	(40, -69)	circle	red	same	left	left	(40, -69)	(40, 69)	search	nr	True	994610	995880	left	85	160	10	60	135	110	None	None	testing
6	qp	f	19	red	Le	(80, 0)	(40, 69)	(-39, 69)	(-80, 0)	(-40, -69)	(40, -69)	diamond	red	dif	left	left	(40, -69)	(40, 69)	search	nr	True	997131	998073	left	60	35	160	110	10	85	None	None	testing
6	qp	f	19	red	Le	(80, 0)	(40, 69)	(-39, 69)	(-80, 0)	(-40, -69)	(40, -69)	circle	red	dif	right	right	(40, -69)	(-80, 0)	search	nr	True	999185	1000201	right	10	135	160	110	35	60	None	None	testing
6	qp	f	19	red	Le	(80, 0)	(40, 69)	(-39, 69)	(-80, 0)	(-40, -69)	(40, -69)	diamond	red	dif	right	right	(40, -69)	(-80, 0)	search	nr	True	1001455	1002104	right	85	160	35	135	110	10	None	None	testing
6	qp	f	19	red	Le	(80, 0)	(40, 69)	(-39, 69)	(-80, 0)	(-40, -69)	(40, -69)	circle	red	same	left	left	(40, -69)	(40, 69)	search	nr	True	1003309	1004056	left	35	160	135	60	10	85	None	None	testing
6	qp	f	19	red	Le	(80, 0)	(40, 69)	(-39, 69)	(-80, 0)	(-40, -69)	(40, -69)	circle	red	dif	left	left	(40, -69)	(-39, 69)	search	nr	True	1005162	1005944	left	60	160	110	35	135	10	None	None	testing
6	qp	f	19	red	Le	(80, 0)	(40, 69)	(-39, 69)	(-80, 0)	(-40, -69)	(40, -69)	circle	red	same	right	right	(40, -69)	(40, 69)	search	nr	True	1007149	1007752	right	10	160	135	60	110	85	None	None	testing
6	qp	f	19	red	Le	(80, 0)	(40, 69)	(-39, 69)	(-80, 0)	(-40, -69)	(40, -69)	diamond	none	same	left	left	N_dist	(80, 0)	search	nr	True	1009002	1010056	left	135	110	10	35	60	85	None	None	testing
6	qp	f	19	red	Le	(80, 0)	(40, 69)	(-39, 69)	(-80, 0)	(-40, -69)	(40, -69)	diamond	none	same	right	right	N_dist	(40, -69)	search	nr	True	1011240	1012264	left	110	160	35	135	10	85	None	None	testing
6	qp	f	19	red	Le	(80, 0)	(40, 69)	(-39, 69)	(-80, 0)	(-40, -69)	(40, -69)	diamond	red	same	left	left	(80, 0)	(-80, 0)	search	nr	True	1014864	1016056	left	135	60	160	85	10	35	None	None	testing
6	qp	f	19	red	Le	(80, 0)	(40, 69)	(-39, 69)	(-80, 0)	(-40, -69)	(40, -69)	diamond	red	dif	left	left	(-39, 69)	(-40, -69)	search	nr	True	1017251	1018392	left	110	10	135	160	35	85	None	None	testing
6	qp	f	19	red	Le	(80, 0)	(40, 69)	(-39, 69)	(-80, 0)	(-40, -69)	(40, -69)	diamond	red	same	right	right	(40, -69)	(-80, 0)	search	nr	True	1019505	1020537	right	85	160	110	60	10	35	None	None	testing
6	qp	f	19	red	Le	(80, 0)	(40, 69)	(-39, 69)	(-80, 0)	(-40, -69)	(40, -69)	diamond	red	same	right	right	(40, -69)	(-39, 69)	search	nr	True	1021660	1022312	right	35	60	110	160	85	10	None	None	testing
6	qp	f	19	red	Le	(80, 0)	(40, 69)	(-39, 69)	(-80, 0)	(-40, -69)	(40, -69)	circle	none	dif	left	left	N_dist	(-80, 0)	search	nr	True	1023429	1024504	left	85	160	135	60	110	35	None	None	testing
6	qp	f	19	red	Le	(80, 0)	(40, 69)	(-39, 69)	(-80, 0)	(-40, -69)	(40, -69)	circle	red	dif	right	right	(40, -69)	(-80, 0)	search	nr	True	1025800	1027064	right	60	85	10	35	135	160	None	None	testing
6	qp	f	19	red	Le	(80, 0)	(40, 69)	(-39, 69)	(-80, 0)	(-40, -69)	(40, -69)	circle	none	same	right	right	N_dist	(-39, 69)	search	nr	True	1028355	1028968	right	35	60	110	135	160	10	None	None	testing
6	qp	f	19	red	Le	(80, 0)	(40, 69)	(-39, 69)	(-80, 0)	(-40, -69)	(40, -69)	circle	red	dif	right	right	(40, -69)	(-39, 69)	search	nr	True	1030192	1030808	right	160	110	85	60	10	135	None	None	testing
6	qp	f	19	red	Le	(80, 0)	(40, 69)	(-39, 69)	(-80, 0)	(-40, -69)	(40, -69)	circle	red	same	left	left	(-80, 0)	(80, 0)	search	nr	True	1031895	1032697	left	85	10	135	35	160	60	None	None	testing
6	qp	f	19	red	Le	(80, 0)	(40, 69)	(-39, 69)	(-80, 0)	(-40, -69)	(40, -69)	circle	red	same	right	right	(40, -69)	(-40, -69)	search	nr	True	1033932	1034697	right	110	60	160	135	85	10	None	None	testing
6	qp	f	19	red	Le	(80, 0)	(40, 69)	(-39, 69)	(-80, 0)	(-40, -69)	(40, -69)	diamond	red	dif	right	right	(-40, -69)	(-80, 0)	search	nr	True	1035902	1036984	right	35	60	85	135	110	10	None	None	testing
6	qp	f	19	red	Le	(80, 0)	(40, 69)	(-39, 69)	(-80, 0)	(-40, -69)	(40, -69)	circle	red	same	right	right	(40, -69)	(80, 0)	search	nr	True	1038106	1038920	right	135	35	85	110	160	10	None	None	testing
6	qp	f	19	red	Le	(80, 0)	(40, 69)	(-39, 69)	(-80, 0)	(-40, -69)	(40, -69)	circle	red	dif	left	left	(40, -69)	(-39, 69)	search	nr	True	1040160	1040808	left	160	60	35	110	10	85	None	None	testing
6	qp	f	19	red	Le	(80, 0)	(40, 69)	(-39, 69)	(-80, 0)	(-40, -69)	(40, -69)	circle	red	same	left	left	(40, -69)	(40, 69)	search	nr	True	1041980	1042985	left	135	10	60	110	35	160	None	None	testing
6	qp	f	19	red	Le	(80, 0)	(40, 69)	(-39, 69)	(-80, 0)	(-40, -69)	(40, -69)	circle	red	same	left	left	(40, -69)	(-80, 0)	search	nr	True	1044285	1045176	left	35	60	135	160	110	85	None	None	testing
6	qp	f	19	red	Le	(80, 0)	(40, 69)	(-39, 69)	(-80, 0)	(-40, -69)	(40, -69)	circle	red	same	left	left	(40, -69)	(40, 69)	search	nr	True	1046287	1046953	left	110	10	60	160	35	135	None	None	testing
6	qp	f	19	red	Le	(80, 0)	(40, 69)	(-39, 69)	(-80, 0)	(-40, -69)	(40, -69)	diamond	red	same	right	right	(40, -69)	(-39, 69)	search	nr	True	1048075	1049241	right	160	10	35	135	60	85	None	None	testing
6	qp	f	19	red	Le	(80, 0)	(40, 69)	(-39, 69)	(-80, 0)	(-40, -69)	(40, -69)	diamond	red	dif	right	right	(40, 69)	(80, 0)	search	nr	True	1050412	1051400	right	10	110	135	60	160	35	None	None	testing
6	qp	f	19	red	Le	(80, 0)	(40, 69)	(-39, 69)	(-80, 0)	(-40, -69)	(40, -69)	circle	none	dif	right	right	N_dist	(40, 69)	search	nr	True	1052516	1053176	right	10	110	135	60	160	85	None	None	testing
6	qp	f	19	red	Le	(80, 0)	(40, 69)	(-39, 69)	(-80, 0)	(-40, -69)	(40, -69)	diamond	red	dif	right	right	(40, -69)	(-39, 69)	search	nr	True	1054436	1055623	right	160	10	135	60	85	35	None	None	testing
6	qp	f	19	red	Le	(80, 0)	(40, 69)	(-39, 69)	(-80, 0)	(-40, -69)	(40, -69)	diamond	red	dif	right	right	(80, 0)	(-80, 0)	search	nr	True	1056757	1059320	right	110	160	85	135	10	35	None	None	testing
6	qp	f	19	red	Le	(80, 0)	(40, 69)	(-39, 69)	(-80, 0)	(-40, -69)	(40, -69)	circle	red	same	left	left	(40, -69)	(40, 69)	search	nr	True	1060481	1061704	left	85	110	135	10	160	35	None	None	testing
6	qp	f	19	red	Le	(80, 0)	(40, 69)	(-39, 69)	(-80, 0)	(-40, -69)	(40, -69)	diamond	none	same	left	left	N_dist	(-80, 0)	search	nr	True	1062768	1063672	left	135	160	60	85	10	110	None	None	testing
6	qp	f	19	red	Le	(80, 0)	(40, 69)	(-39, 69)	(-80, 0)	(-40, -69)	(40, -69)	circle	red	same	right	right	(40, -69)	(-40, -69)	search	nr	True	1064955	1066040	right	110	10	135	60	35	85	None	None	testing
6	qp	f	19	red	Le	(80, 0)	(40, 69)	(-39, 69)	(-80, 0)	(-40, -69)	(40, -69)	diamond	red	dif	left	left	(40, -69)	(40, 69)	search	nr	True	1067160	1068153	left	10	110	85	160	135	60	None	None	testing
6	qp	f	19	red	Le	(80, 0)	(40, 69)	(-39, 69)	(-80, 0)	(-40, -69)	(40, -69)	circle	red	dif	right	right	(-80, 0)	(-40, -69)	search	nr	True	1069213	1070168	right	60	85	35	160	10	135	None	None	testing
6	qp	f	19	red	Le	(80, 0)	(40, 69)	(-39, 69)	(-80, 0)	(-40, -69)	(40, -69)	circle	none	same	left	left	N_dist	(40, 69)	search	nr	True	1071401	1072344	left	85	160	10	110	60	135	None	None	testing
6	qp	f	19	red	Le	(80, 0)	(40, 69)	(-39, 69)	(-80, 0)	(-40, -69)	(40, -69)	diamond	none	same	left	left	N_dist	(80, 0)	search	nr	True	1073421	1074264	left	135	60	10	85	160	35	None	None	testing
6	qp	f	19	red	Le	(80, 0)	(40, 69)	(-39, 69)	(-80, 0)	(-40, -69)	(40, -69)	diamond	none	same	right	right	N_dist	(40, -69)	search	nr	True	1075442	1076584	right	135	160	35	10	85	110	None	None	testing
6	qp	f	19	red	Le	(80, 0)	(40, 69)	(-39, 69)	(-80, 0)	(-40, -69)	(40, -69)	diamond	none	dif	right	right	N_dist	(-39, 69)	search	nr	True	1077745	1078489	right	10	110	60	85	160	35	None	None	testing
6	qp	f	19	red	Le	(80, 0)	(40, 69)	(-39, 69)	(-80, 0)	(-40, -69)	(40, -69)	diamond	none	dif	left	left	N_dist	(40, 69)	search	nr	True	1079700	1080312	left	85	60	110	135	160	35	None	None	testing
6	qp	f	19	red	Le	(80, 0)	(40, 69)	(-39, 69)	(-80, 0)	(-40, -69)	(40, -69)	diamond	red	dif	left	left	(40, -69)	(-40, -69)	search	nr	True	1081469	1082328	left	135	110	160	35	60	10	None	None	testing
6	qp	f	19	red	Le	(80, 0)	(40, 69)	(-39, 69)	(-80, 0)	(-40, -69)	(40, -69)	diamond	red	same	right	right	(40, -69)	(-80, 0)	search	nr	True	1083423	1084344	right	110	35	135	60	85	160	None	None	testing
6	qp	f	19	red	Le	(80, 0)	(40, 69)	(-39, 69)	(-80, 0)	(-40, -69)	(40, -69)	diamond	none	dif	left	left	N_dist	(80, 0)	search	nr	True	1085543	1086248	left	85	60	135	160	110	35	None	None	testing
6	qp	f	19	red	Le	(80, 0)	(40, 69)	(-39, 69)	(-80, 0)	(-40, -69)	(40, -69)	diamond	red	same	left	left	(40, -69)	(80, 0)	search	nr	True	1087413	1088120	left	135	10	85	110	160	60	None	None	testing
6	qp	f	19	red	Le	(80, 0)	(40, 69)	(-39, 69)	(-80, 0)	(-40, -69)	(40, -69)	circle	red	dif	right	right	(40, 69)	(80, 0)	search	nr	True	1089284	1090216	right	35	110	60	10	85	160	None	None	testing
6	qp	f	19	red	Le	(80, 0)	(40, 69)	(-39, 69)	(-80, 0)	(-40, -69)	(40, -69)	diamond	none	dif	left	left	N_dist	(40, 69)	search	nr	True	1091304	1092392	left	60	160	10	85	110	135	None	None	testing
6	qp	f	19	red	Le	(80, 0)	(40, 69)	(-39, 69)	(-80, 0)	(-40, -69)	(40, -69)	diamond	red	same	right	right	(-40, -69)	(80, 0)	search	nr	True	1093642	1094520	right	135	35	10	110	85	160	None	None	testing
6	qp	f	19	red	Le	(80, 0)	(40, 69)	(-39, 69)	(-80, 0)	(-40, -69)	(40, -69)	diamond	red	dif	left	left	(80, 0)	(-39, 69)	search	nr	True	1095628	1096471	left	85	160	10	60	35	135	None	None	testing
6	qp	f	19	red	Le	(80, 0)	(40, 69)	(-39, 69)	(-80, 0)	(-40, -69)	(40, -69)	circle	red	same	left	left	(-40, -69)	(-80, 0)	search	nr	True	1097749	1098552	left	85	60	35	10	135	110	None	None	testing
6	qp	f	19	red	Le	(80, 0)	(40, 69)	(-39, 69)	(-80, 0)	(-40, -69)	(40, -69)	circle	none	dif	right	right	N_dist	(-80, 0)	search	nr	True	1099620	1100600	right	60	160	110	35	85	135	None	None	testing
6	qp	f	19	red	Le	(80, 0)	(40, 69)	(-39, 69)	(-80, 0)	(-40, -69)	(40, -69)	circle	red	same	left	left	(40, -69)	(40, 69)	search	nr	True	1101824	1102537	left	110	85	10	35	135	160	None	None	testing
6	qp	f	19	red	Le	(80, 0)	(40, 69)	(-39, 69)	(-80, 0)	(-40, -69)	(40, -69)	circle	red	dif	left	left	(40, -69)	(-40, -69)	search	nr	True	1103710	1104504	left	110	35	135	10	85	60	None	None	testing
6	qp	f	19	red	Le	(80, 0)	(40, 69)	(-39, 69)	(-80, 0)	(-40, -69)	(40, -69)	circle	none	same	left	left	N_dist	(-39, 69)	search	nr	True	1105713	1106344	left	60	110	85	135	35	10	None	None	testing
6	qp	f	19	red	Le	(80, 0)	(40, 69)	(-39, 69)	(-80, 0)	(-40, -69)	(40, -69)	circle	none	dif	left	left	N_dist	(-39, 69)	search	nr	True	1107550	1108136	left	160	85	110	35	135	60	None	None	testing
