subj	name	gender	age	dist	run	tar_locs1	tar_locs2	tar_locs3	tar_locs4	tar_locs5	tar_locs6	shape	dist	td_dif	detection	resp_key	dis_loc	tar_loc	task_type	probe_cond	gotKey	startTime	respTime	resp	o1	o2	o3	o4	o5	o6	pro_loc	ori_resp	mode
6	qp	f	19	red	5	(80, 0)	(40, 69)	(-39, 69)	(-80, 0)	(-40, -69)	(40, -69)	diamond	red	same	right	right	(-39, 69)	(-80, 0)	probe	tar	None	None	None	None	160	110	135	85	10	60	(-80, 0)	177	testing
6	qp	f	19	red	5	(80, 0)	(40, 69)	(-39, 69)	(-80, 0)	(-40, -69)	(40, -69)	diamond	red	dif	left	left	(40, 69)	(80, 0)	search	nr	True	28008	28811	left	10	85	135	160	60	35	None	None	testing
6	qp	f	19	red	5	(80, 0)	(40, 69)	(-39, 69)	(-80, 0)	(-40, -69)	(40, -69)	circle	red	same	right	right	(-39, 69)	(-40, -69)	probe	l_sin	None	None	None	None	110	60	160	10	135	35	(-39, 69)	14	testing
6	qp	f	19	red	5	(80, 0)	(40, 69)	(-39, 69)	(-80, 0)	(-40, -69)	(40, -69)	diamond	red	same	left	left	(40, 69)	(-40, -69)	probe	norm	None	None	None	None	60	110	10	160	35	135	(80, 0)	166	testing
6	qp	f	19	red	5	(80, 0)	(40, 69)	(-39, 69)	(-80, 0)	(-40, -69)	(40, -69)	circle	red	dif	right	right	(40, -69)	(-80, 0)	probe	h_sin	None	None	None	None	160	85	10	110	35	135	(40, -69)	23	testing
6	qp	f	19	red	5	(80, 0)	(40, 69)	(-39, 69)	(-80, 0)	(-40, -69)	(40, -69)	circle	red	dif	left	left	(-40, -69)	(40, 69)	search	nr	True	44774	45483	left	10	35	60	135	85	160	None	None	testing
6	qp	f	19	red	5	(80, 0)	(40, 69)	(-39, 69)	(-80, 0)	(-40, -69)	(40, -69)	diamond	red	same	left	left	(40, -69)	(80, 0)	probe	h_sin	None	None	None	None	10	60	110	135	160	35	(40, -69)	22	testing
6	qp	f	19	red	5	(80, 0)	(40, 69)	(-39, 69)	(-80, 0)	(-40, -69)	(40, -69)	circle	none	dif	left	left	N_dist	(-39, 69)	search	nr	True	50869	51531	left	10	35	85	110	160	135	None	None	testing
6	qp	f	19	red	5	(80, 0)	(40, 69)	(-39, 69)	(-80, 0)	(-40, -69)	(40, -69)	circle	none	same	left	left	N_dist	(80, 0)	search	nr	True	52706	53435	left	160	10	110	60	35	85	None	None	testing
6	qp	f	19	red	5	(80, 0)	(40, 69)	(-39, 69)	(-80, 0)	(-40, -69)	(40, -69)	diamond	red	same	right	right	(-39, 69)	(-80, 0)	search	nr	True	54692	55739	right	35	85	160	135	110	10	None	None	testing
6	qp	f	19	red	5	(80, 0)	(40, 69)	(-39, 69)	(-80, 0)	(-40, -69)	(40, -69)	diamond	none	dif	right	right	N_dist	(40, -69)	search	nr	True	56929	57787	right	10	60	35	160	85	110	None	None	testing
6	qp	f	19	red	5	(80, 0)	(40, 69)	(-39, 69)	(-80, 0)	(-40, -69)	(40, -69)	circle	none	same	right	right	N_dist	(-40, -69)	search	nr	True	59000	59787	right	160	35	110	10	135	85	None	None	testing
6	qp	f	19	red	5	(80, 0)	(40, 69)	(-39, 69)	(-80, 0)	(-40, -69)	(40, -69)	diamond	none	same	right	right	N_dist	(-80, 0)	probe	h_norm	None	None	None	None	35	60	10	110	85	135	(40, -69)	20	testing
6	qp	f	19	red	5	(80, 0)	(40, 69)	(-39, 69)	(-80, 0)	(-40, -69)	(40, -69)	circle	none	same	left	left	N_dist	(80, 0)	probe	l_norm	None	None	None	None	85	135	60	110	10	35	(-39, 69)	11	testing
6	qp	f	19	red	5	(80, 0)	(40, 69)	(-39, 69)	(-80, 0)	(-40, -69)	(40, -69)	diamond	red	same	left	left	(40, 69)	(-40, -69)	search	nr	True	72108	73147	left	110	10	135	60	35	85	None	None	testing
6	qp	f	19	red	5	(80, 0)	(40, 69)	(-39, 69)	(-80, 0)	(-40, -69)	(40, -69)	circle	none	dif	left	left	N_dist	(-80, 0)	probe	l_norm	None	None	None	None	60	160	35	110	135	85	(40, 69)	162	testing
6	qp	f	19	red	5	(80, 0)	(40, 69)	(-39, 69)	(-80, 0)	(-40, -69)	(40, -69)	circle	red	same	left	left	(40, -69)	(-40, -69)	search	nr	True	83495	84251	left	60	110	10	160	35	135	None	None	testing
6	qp	f	19	red	5	(80, 0)	(40, 69)	(-39, 69)	(-80, 0)	(-40, -69)	(40, -69)	diamond	red	same	left	left	(40, -69)	(-80, 0)	search	nr	True	85416	86235	left	160	110	85	60	10	135	None	None	testing
6	qp	f	19	red	5	(80, 0)	(40, 69)	(-39, 69)	(-80, 0)	(-40, -69)	(40, -69)	circle	red	same	right	right	(40, -69)	(-40, -69)	search	nr	True	87536	88138	left	35	10	135	110	160	85	None	None	testing
6	qp	f	19	red	5	(80, 0)	(40, 69)	(-39, 69)	(-80, 0)	(-40, -69)	(40, -69)	circle	red	dif	right	right	(-80, 0)	(-40, -69)	search	nr	True	90825	92459	right	10	35	135	60	160	110	None	None	testing
6	qp	f	19	red	5	(80, 0)	(40, 69)	(-39, 69)	(-80, 0)	(-40, -69)	(40, -69)	circle	red	dif	left	left	(40, -69)	(40, 69)	search	nr	True	93581	94459	left	160	35	85	10	60	135	None	None	testing
6	qp	f	19	red	5	(80, 0)	(40, 69)	(-39, 69)	(-80, 0)	(-40, -69)	(40, -69)	circle	red	same	left	left	(40, -69)	(80, 0)	search	nr	True	95734	96411	left	85	60	135	35	160	110	None	None	testing
6	qp	f	19	red	5	(80, 0)	(40, 69)	(-39, 69)	(-80, 0)	(-40, -69)	(40, -69)	diamond	red	same	right	right	(40, -69)	(-39, 69)	search	nr	True	97721	98762	right	85	160	10	60	35	110	None	None	testing
6	qp	f	19	red	5	(80, 0)	(40, 69)	(-39, 69)	(-80, 0)	(-40, -69)	(40, -69)	diamond	none	same	left	left	N_dist	(-40, -69)	search	nr	True	99909	100587	left	110	85	35	10	60	135	None	None	testing
6	qp	f	19	red	5	(80, 0)	(40, 69)	(-39, 69)	(-80, 0)	(-40, -69)	(40, -69)	diamond	red	same	left	left	(40, -69)	(-39, 69)	probe	norm	None	None	None	None	135	35	10	85	160	60	(80, 0)	10	testing
6	qp	f	19	red	5	(80, 0)	(40, 69)	(-39, 69)	(-80, 0)	(-40, -69)	(40, -69)	diamond	none	dif	left	left	N_dist	(40, -69)	search	nr	True	106571	107643	left	35	10	110	135	60	160	None	None	testing
6	qp	f	19	red	5	(80, 0)	(40, 69)	(-39, 69)	(-80, 0)	(-40, -69)	(40, -69)	circle	red	same	left	left	(40, -69)	(80, 0)	probe	tar	None	None	None	None	135	35	110	10	160	85	(80, 0)	27	testing
6	qp	f	19	red	5	(80, 0)	(40, 69)	(-39, 69)	(-80, 0)	(-40, -69)	(40, -69)	diamond	red	same	left	left	(40, -69)	(80, 0)	search	nr	True	112148	112842	left	10	35	135	160	110	85	None	None	testing
6	qp	f	19	red	5	(80, 0)	(40, 69)	(-39, 69)	(-80, 0)	(-40, -69)	(40, -69)	circle	none	same	right	right	N_dist	(-39, 69)	search	nr	True	113951	114938	right	10	60	160	135	110	85	None	None	testing
6	qp	f	19	red	5	(80, 0)	(40, 69)	(-39, 69)	(-80, 0)	(-40, -69)	(40, -69)	circle	none	dif	right	right	N_dist	(-80, 0)	search	nr	True	116206	117066	right	160	135	110	85	10	60	None	None	testing
6	qp	f	19	red	5	(80, 0)	(40, 69)	(-39, 69)	(-80, 0)	(-40, -69)	(40, -69)	circle	none	same	left	left	N_dist	(-80, 0)	search	nr	True	118126	119226	left	160	10	60	135	110	35	None	None	testing
6	qp	f	19	red	5	(80, 0)	(40, 69)	(-39, 69)	(-80, 0)	(-40, -69)	(40, -69)	circle	red	dif	right	right	(-39, 69)	(40, 69)	probe	l_sin	None	None	None	None	35	60	10	110	135	160	(-39, 69)	19	testing
6	qp	f	19	red	5	(80, 0)	(40, 69)	(-39, 69)	(-80, 0)	(-40, -69)	(40, -69)	circle	none	dif	right	right	N_dist	(40, -69)	search	nr	True	128044	128859	right	85	10	60	110	35	160	None	None	testing
6	qp	f	19	red	5	(80, 0)	(40, 69)	(-39, 69)	(-80, 0)	(-40, -69)	(40, -69)	diamond	none	dif	right	right	N_dist	(40, -69)	search	nr	True	130081	130907	right	135	60	110	160	85	10	None	None	testing
6	qp	f	19	red	5	(80, 0)	(40, 69)	(-39, 69)	(-80, 0)	(-40, -69)	(40, -69)	circle	red	same	right	right	(80, 0)	(-80, 0)	probe	l_sin	None	None	None	None	160	110	60	35	135	85	(80, 0)	22	testing
6	qp	f	19	red	5	(80, 0)	(40, 69)	(-39, 69)	(-80, 0)	(-40, -69)	(40, -69)	diamond	none	dif	right	right	N_dist	(40, -69)	search	nr	True	136493	137291	right	10	35	135	85	160	60	None	None	testing
6	qp	f	19	red	5	(80, 0)	(40, 69)	(-39, 69)	(-80, 0)	(-40, -69)	(40, -69)	circle	red	dif	left	left	(40, -69)	(-80, 0)	probe	tar	None	None	None	None	85	110	135	60	10	35	(-80, 0)	176	testing
6	qp	f	19	red	5	(80, 0)	(40, 69)	(-39, 69)	(-80, 0)	(-40, -69)	(40, -69)	diamond	red	dif	right	right	(40, -69)	(-80, 0)	search	nr	True	143122	143979	right	35	85	110	160	60	135	None	None	testing
6	qp	f	19	red	5	(80, 0)	(40, 69)	(-39, 69)	(-80, 0)	(-40, -69)	(40, -69)	circle	red	dif	left	left	(40, -69)	(40, 69)	probe	tar	None	None	None	None	60	160	35	85	10	135	(40, 69)	19	testing
6	qp	f	19	red	5	(80, 0)	(40, 69)	(-39, 69)	(-80, 0)	(-40, -69)	(40, -69)	circle	none	dif	left	left	N_dist	(-39, 69)	search	nr	True	156011	156683	left	110	135	160	35	10	85	None	None	testing
6	qp	f	19	red	5	(80, 0)	(40, 69)	(-39, 69)	(-80, 0)	(-40, -69)	(40, -69)	circle	none	same	right	right	N_dist	(40, 69)	search	nr	True	157749	158747	right	135	160	85	10	35	110	None	None	testing
6	qp	f	19	red	5	(80, 0)	(40, 69)	(-39, 69)	(-80, 0)	(-40, -69)	(40, -69)	diamond	red	same	right	right	(40, -69)	(-39, 69)	probe	norm	None	None	None	None	85	60	35	110	10	135	(-80, 0)	8	testing
6	qp	f	19	red	5	(80, 0)	(40, 69)	(-39, 69)	(-80, 0)	(-40, -69)	(40, -69)	circle	red	same	left	left	(40, -69)	(-39, 69)	probe	norm	None	None	None	None	110	135	35	10	85	160	(-40, -69)	20	testing
6	qp	f	19	red	5	(80, 0)	(40, 69)	(-39, 69)	(-80, 0)	(-40, -69)	(40, -69)	circle	red	dif	left	left	(40, -69)	(40, 69)	search	nr	True	170121	170859	left	60	85	35	110	160	135	None	None	testing
6	qp	f	19	red	5	(80, 0)	(40, 69)	(-39, 69)	(-80, 0)	(-40, -69)	(40, -69)	diamond	red	dif	right	right	(40, -69)	(-40, -69)	search	nr	True	171941	172682	right	85	60	135	10	160	35	None	None	testing
6	qp	f	19	red	5	(80, 0)	(40, 69)	(-39, 69)	(-80, 0)	(-40, -69)	(40, -69)	diamond	red	dif	right	right	(40, -69)	(-80, 0)	probe	h_sin	None	None	None	None	60	160	135	85	110	10	(40, -69)	169	testing
6	qp	f	19	red	5	(80, 0)	(40, 69)	(-39, 69)	(-80, 0)	(-40, -69)	(40, -69)	diamond	red	dif	right	right	(40, -69)	(-80, 0)	probe	norm	None	None	None	None	35	135	10	85	60	160	(-39, 69)	15	testing
6	qp	f	19	red	5	(80, 0)	(40, 69)	(-39, 69)	(-80, 0)	(-40, -69)	(40, -69)	diamond	red	dif	right	right	(40, -69)	(40, 69)	probe	h_sin	None	None	None	None	60	160	110	135	10	35	(40, -69)	21	testing
6	qp	f	19	red	5	(80, 0)	(40, 69)	(-39, 69)	(-80, 0)	(-40, -69)	(40, -69)	circle	none	dif	left	left	N_dist	(-80, 0)	search	nr	True	193280	194138	left	10	160	110	85	60	135	None	None	testing
6	qp	f	19	red	5	(80, 0)	(40, 69)	(-39, 69)	(-80, 0)	(-40, -69)	(40, -69)	diamond	red	dif	right	right	(40, -69)	(80, 0)	probe	norm	None	None	None	None	110	10	60	85	160	35	(-80, 0)	1	testing
6	qp	f	19	red	5	(80, 0)	(40, 69)	(-39, 69)	(-80, 0)	(-40, -69)	(40, -69)	diamond	none	dif	right	right	N_dist	(80, 0)	search	nr	True	198757	199531	right	60	160	35	85	135	110	None	None	testing
6	qp	f	19	red	5	(80, 0)	(40, 69)	(-39, 69)	(-80, 0)	(-40, -69)	(40, -69)	circle	red	dif	right	right	(80, 0)	(-39, 69)	search	nr	True	200795	201819	right	160	10	110	85	135	35	None	None	testing
6	qp	f	19	red	5	(80, 0)	(40, 69)	(-39, 69)	(-80, 0)	(-40, -69)	(40, -69)	diamond	red	same	left	left	(40, 69)	(-40, -69)	search	nr	True	203082	203882	left	60	10	135	110	35	160	None	None	testing
6	qp	f	19	red	5	(80, 0)	(40, 69)	(-39, 69)	(-80, 0)	(-40, -69)	(40, -69)	circle	red	dif	right	right	(40, -69)	(-40, -69)	search	nr	True	204985	205755	right	35	135	160	60	85	110	None	None	testing
6	qp	f	19	red	5	(80, 0)	(40, 69)	(-39, 69)	(-80, 0)	(-40, -69)	(40, -69)	diamond	red	same	right	right	(-39, 69)	(-80, 0)	search	nr	True	206989	207819	right	135	35	85	60	10	110	None	None	testing
6	qp	f	19	red	5	(80, 0)	(40, 69)	(-39, 69)	(-80, 0)	(-40, -69)	(40, -69)	diamond	red	dif	left	left	(40, 69)	(80, 0)	search	nr	True	209076	209819	left	35	160	10	60	110	85	None	None	testing
6	qp	f	19	red	5	(80, 0)	(40, 69)	(-39, 69)	(-80, 0)	(-40, -69)	(40, -69)	circle	red	dif	left	left	(-40, -69)	(40, 69)	search	nr	True	210997	211947	left	10	135	160	60	85	35	None	None	testing
6	qp	f	19	red	5	(80, 0)	(40, 69)	(-39, 69)	(-80, 0)	(-40, -69)	(40, -69)	diamond	red	same	left	left	(40, 69)	(-40, -69)	search	nr	True	213084	214010	left	10	160	60	85	35	135	None	None	testing
6	qp	f	19	red	5	(80, 0)	(40, 69)	(-39, 69)	(-80, 0)	(-40, -69)	(40, -69)	diamond	red	same	right	right	(80, 0)	(-39, 69)	search	nr	True	215237	215898	right	160	110	135	35	10	60	None	None	testing
6	qp	f	19	red	5	(80, 0)	(40, 69)	(-39, 69)	(-80, 0)	(-40, -69)	(40, -69)	diamond	red	dif	right	right	(-39, 69)	(-40, -69)	search	nr	True	217074	217882	right	85	35	135	60	110	10	None	None	testing
6	qp	f	19	red	5	(80, 0)	(40, 69)	(-39, 69)	(-80, 0)	(-40, -69)	(40, -69)	circle	red	dif	right	right	(40, -69)	(-39, 69)	search	nr	True	218961	219594	right	35	135	10	110	160	85	None	None	testing
6	qp	f	19	red	5	(80, 0)	(40, 69)	(-39, 69)	(-80, 0)	(-40, -69)	(40, -69)	circle	none	same	left	left	N_dist	(80, 0)	search	nr	True	220698	221499	left	60	160	35	110	135	10	None	None	testing
6	qp	f	19	red	5	(80, 0)	(40, 69)	(-39, 69)	(-80, 0)	(-40, -69)	(40, -69)	diamond	red	dif	left	left	(-40, -69)	(-80, 0)	search	nr	True	222668	223627	left	35	135	60	85	110	160	None	None	testing
6	qp	f	19	red	5	(80, 0)	(40, 69)	(-39, 69)	(-80, 0)	(-40, -69)	(40, -69)	diamond	none	same	left	left	N_dist	(40, -69)	search	nr	True	224822	225643	left	60	10	160	35	110	85	None	None	testing
6	qp	f	19	red	5	(80, 0)	(40, 69)	(-39, 69)	(-80, 0)	(-40, -69)	(40, -69)	circle	none	dif	left	left	N_dist	(-80, 0)	search	nr	True	226758	227499	left	60	10	85	35	135	160	None	None	testing
6	qp	f	19	red	5	(80, 0)	(40, 69)	(-39, 69)	(-80, 0)	(-40, -69)	(40, -69)	diamond	red	dif	right	right	(40, -69)	(40, 69)	search	nr	True	228696	229754	right	160	35	10	60	110	85	None	None	testing
6	qp	f	19	red	5	(80, 0)	(40, 69)	(-39, 69)	(-80, 0)	(-40, -69)	(40, -69)	diamond	red	dif	right	right	(-80, 0)	(-39, 69)	search	nr	True	230950	231627	right	60	10	110	135	160	35	None	None	testing
6	qp	f	19	red	5	(80, 0)	(40, 69)	(-39, 69)	(-80, 0)	(-40, -69)	(40, -69)	diamond	none	same	left	left	N_dist	(-40, -69)	probe	h_norm	None	None	None	None	160	85	10	135	35	60	(40, -69)	166	testing
6	qp	f	19	red	5	(80, 0)	(40, 69)	(-39, 69)	(-80, 0)	(-40, -69)	(40, -69)	diamond	red	dif	right	right	(40, -69)	(80, 0)	search	nr	True	237746	238667	right	160	35	135	10	110	85	None	None	testing
6	qp	f	19	red	5	(80, 0)	(40, 69)	(-39, 69)	(-80, 0)	(-40, -69)	(40, -69)	circle	red	dif	left	left	(40, -69)	(40, 69)	search	nr	True	239749	240619	left	10	135	85	60	160	35	None	None	testing
6	qp	f	19	red	5	(80, 0)	(40, 69)	(-39, 69)	(-80, 0)	(-40, -69)	(40, -69)	circle	none	dif	right	right	N_dist	(-80, 0)	search	nr	True	241870	242651	right	160	85	135	110	10	60	None	None	testing
6	qp	f	19	red	5	(80, 0)	(40, 69)	(-39, 69)	(-80, 0)	(-40, -69)	(40, -69)	circle	red	dif	left	left	(40, -69)	(-39, 69)	search	nr	True	243740	244411	left	135	35	85	110	10	60	None	None	testing
6	qp	f	19	red	5	(80, 0)	(40, 69)	(-39, 69)	(-80, 0)	(-40, -69)	(40, -69)	circle	none	dif	right	right	N_dist	(-39, 69)	search	nr	True	245577	246283	right	60	35	85	10	110	160	None	None	testing
6	qp	f	19	red	5	(80, 0)	(40, 69)	(-39, 69)	(-80, 0)	(-40, -69)	(40, -69)	circle	red	same	left	left	(40, -69)	(-39, 69)	probe	tar	None	None	None	None	35	135	110	160	60	85	(-39, 69)	13	testing
6	qp	f	19	red	5	(80, 0)	(40, 69)	(-39, 69)	(-80, 0)	(-40, -69)	(40, -69)	diamond	none	same	right	right	N_dist	(40, 69)	search	nr	True	251971	252730	right	35	160	10	60	85	135	None	None	testing
6	qp	f	19	red	5	(80, 0)	(40, 69)	(-39, 69)	(-80, 0)	(-40, -69)	(40, -69)	diamond	red	same	left	left	(80, 0)	(-39, 69)	search	nr	True	253992	254587	left	110	160	10	35	85	60	None	None	testing
6	qp	f	19	red	5	(80, 0)	(40, 69)	(-39, 69)	(-80, 0)	(-40, -69)	(40, -69)	diamond	red	same	right	right	(40, -69)	(-39, 69)	search	nr	True	255728	256426	right	85	10	110	35	135	60	None	None	testing
6	qp	f	19	red	5	(80, 0)	(40, 69)	(-39, 69)	(-80, 0)	(-40, -69)	(40, -69)	diamond	red	same	right	right	(40, -69)	(-39, 69)	search	nr	True	257565	258138	right	135	160	35	10	110	60	None	None	testing
6	qp	f	19	red	5	(80, 0)	(40, 69)	(-39, 69)	(-80, 0)	(-40, -69)	(40, -69)	diamond	red	dif	left	left	(40, -69)	(-80, 0)	probe	tar	None	None	None	None	35	135	110	85	60	160	(-80, 0)	176	testing
6	qp	f	19	red	5	(80, 0)	(40, 69)	(-39, 69)	(-80, 0)	(-40, -69)	(40, -69)	circle	red	same	left	left	(40, -69)	(40, 69)	probe	tar	None	None	None	None	10	135	60	110	35	85	(40, 69)	14	testing
6	qp	f	19	red	5	(80, 0)	(40, 69)	(-39, 69)	(-80, 0)	(-40, -69)	(40, -69)	circle	none	dif	left	left	N_dist	(-80, 0)	search	nr	True	268134	269243	left	35	160	135	10	85	60	None	None	testing
6	qp	f	19	red	5	(80, 0)	(40, 69)	(-39, 69)	(-80, 0)	(-40, -69)	(40, -69)	circle	red	same	right	right	(40, -69)	(-40, -69)	probe	tar	None	None	None	None	135	35	160	85	60	10	(-40, -69)	171	testing
6	qp	f	19	red	5	(80, 0)	(40, 69)	(-39, 69)	(-80, 0)	(-40, -69)	(40, -69)	circle	none	dif	right	right	N_dist	(-39, 69)	search	nr	True	274546	275211	right	135	35	110	60	160	85	None	None	testing
6	qp	f	19	red	5	(80, 0)	(40, 69)	(-39, 69)	(-80, 0)	(-40, -69)	(40, -69)	diamond	none	same	left	left	N_dist	(80, 0)	search	nr	True	276350	277115	left	60	135	35	85	10	110	None	None	testing
6	qp	f	19	red	5	(80, 0)	(40, 69)	(-39, 69)	(-80, 0)	(-40, -69)	(40, -69)	diamond	red	dif	right	right	(-39, 69)	(-40, -69)	search	nr	True	278404	279243	right	135	10	110	85	35	160	None	None	testing
6	qp	f	19	red	5	(80, 0)	(40, 69)	(-39, 69)	(-80, 0)	(-40, -69)	(40, -69)	diamond	red	dif	right	right	(40, -69)	(80, 0)	search	nr	True	280491	281291	right	110	35	85	135	10	160	None	None	testing
6	qp	f	19	red	5	(80, 0)	(40, 69)	(-39, 69)	(-80, 0)	(-40, -69)	(40, -69)	diamond	red	same	left	left	(40, -69)	(40, 69)	search	nr	True	282394	283195	right	35	10	110	85	160	60	None	None	testing
6	qp	f	19	red	5	(80, 0)	(40, 69)	(-39, 69)	(-80, 0)	(-40, -69)	(40, -69)	circle	red	dif	left	left	(-80, 0)	(40, 69)	search	nr	True	285884	286587	left	10	85	160	110	35	135	None	None	testing
6	qp	f	19	red	5	(80, 0)	(40, 69)	(-39, 69)	(-80, 0)	(-40, -69)	(40, -69)	circle	red	dif	left	left	(40, -69)	(40, 69)	search	nr	True	287871	288459	left	85	110	10	135	160	60	None	None	testing
6	qp	f	19	red	5	(80, 0)	(40, 69)	(-39, 69)	(-80, 0)	(-40, -69)	(40, -69)	diamond	red	dif	left	left	(40, -69)	(-80, 0)	search	nr	True	289741	290298	left	10	110	60	85	160	35	None	None	testing
6	qp	f	19	red	5	(80, 0)	(40, 69)	(-39, 69)	(-80, 0)	(-40, -69)	(40, -69)	diamond	none	dif	left	left	N_dist	(-80, 0)	probe	l_norm	None	None	None	None	10	135	35	110	60	85	(-40, -69)	173	testing
6	qp	f	19	red	5	(80, 0)	(40, 69)	(-39, 69)	(-80, 0)	(-40, -69)	(40, -69)	diamond	none	dif	left	left	N_dist	(40, -69)	search	nr	True	296437	297226	left	85	60	160	110	135	10	None	None	testing
6	qp	f	19	red	5	(80, 0)	(40, 69)	(-39, 69)	(-80, 0)	(-40, -69)	(40, -69)	diamond	red	same	left	left	(40, -69)	(80, 0)	search	nr	True	298357	299178	left	10	160	110	60	35	85	None	None	testing
6	qp	f	19	red	5	(80, 0)	(40, 69)	(-39, 69)	(-80, 0)	(-40, -69)	(40, -69)	diamond	none	dif	right	right	N_dist	(40, -69)	search	nr	True	300411	301258	right	60	110	135	160	35	10	None	None	testing
6	qp	f	19	red	5	(80, 0)	(40, 69)	(-39, 69)	(-80, 0)	(-40, -69)	(40, -69)	diamond	none	dif	left	left	N_dist	(-40, -69)	search	nr	True	302415	303147	left	135	35	60	85	10	160	None	None	testing
6	qp	f	19	red	5	(80, 0)	(40, 69)	(-39, 69)	(-80, 0)	(-40, -69)	(40, -69)	diamond	none	same	left	left	N_dist	(-40, -69)	search	nr	True	304318	304922	left	35	110	160	135	85	60	None	None	testing
6	qp	f	19	red	5	(80, 0)	(40, 69)	(-39, 69)	(-80, 0)	(-40, -69)	(40, -69)	diamond	none	dif	left	left	N_dist	(80, 0)	probe	l_tar	None	None	None	None	135	85	10	110	35	160	(80, 0)	19	testing
6	qp	f	19	red	5	(80, 0)	(40, 69)	(-39, 69)	(-80, 0)	(-40, -69)	(40, -69)	diamond	red	dif	right	right	(-39, 69)	(-80, 0)	probe	l_sin	None	None	None	None	35	135	85	110	160	60	(-39, 69)	167	testing
6	qp	f	19	red	5	(80, 0)	(40, 69)	(-39, 69)	(-80, 0)	(-40, -69)	(40, -69)	circle	none	dif	left	left	N_dist	(-80, 0)	search	nr	True	316524	317338	left	110	135	160	10	35	85	None	None	testing
6	qp	f	19	red	5	(80, 0)	(40, 69)	(-39, 69)	(-80, 0)	(-40, -69)	(40, -69)	circle	red	dif	right	right	(-40, -69)	(-80, 0)	probe	l_sin	None	None	None	None	10	35	60	135	160	110	(-40, -69)	17	testing
6	qp	f	19	red	5	(80, 0)	(40, 69)	(-39, 69)	(-80, 0)	(-40, -69)	(40, -69)	diamond	red	same	left	left	(40, -69)	(80, 0)	probe	norm	None	None	None	None	10	60	85	160	35	110	(-80, 0)	22	testing
6	qp	f	19	red	5	(80, 0)	(40, 69)	(-39, 69)	(-80, 0)	(-40, -69)	(40, -69)	circle	none	dif	left	left	N_dist	(80, 0)	probe	h_norm	None	None	None	None	160	135	110	10	85	35	(40, -69)	21	testing
6	qp	f	19	red	5	(80, 0)	(40, 69)	(-39, 69)	(-80, 0)	(-40, -69)	(40, -69)	diamond	none	same	right	right	N_dist	(40, 69)	search	nr	True	334857	335898	right	110	60	135	10	85	160	None	None	testing
6	qp	f	19	red	5	(80, 0)	(40, 69)	(-39, 69)	(-80, 0)	(-40, -69)	(40, -69)	diamond	red	same	right	right	(40, -69)	(40, 69)	search	nr	True	337129	337834	right	35	135	110	10	160	85	None	None	testing
6	qp	f	19	red	5	(80, 0)	(40, 69)	(-39, 69)	(-80, 0)	(-40, -69)	(40, -69)	diamond	red	dif	left	left	(40, -69)	(-80, 0)	search	nr	True	338898	339642	left	60	35	10	135	85	160	None	None	testing
6	qp	f	19	red	5	(80, 0)	(40, 69)	(-39, 69)	(-80, 0)	(-40, -69)	(40, -69)	diamond	red	dif	right	right	(40, -69)	(80, 0)	probe	h_sin	None	None	None	None	35	10	85	135	110	160	(40, -69)	27	testing
6	qp	f	19	red	5	(80, 0)	(40, 69)	(-39, 69)	(-80, 0)	(-40, -69)	(40, -69)	circle	none	dif	right	right	N_dist	(-39, 69)	search	nr	True	346579	347466	right	35	60	135	10	110	85	None	None	testing
6	qp	f	19	red	5	(80, 0)	(40, 69)	(-39, 69)	(-80, 0)	(-40, -69)	(40, -69)	diamond	red	dif	right	right	(40, -69)	(80, 0)	search	nr	True	348649	349403	right	135	60	35	110	160	10	None	None	testing
6	qp	f	19	red	5	(80, 0)	(40, 69)	(-39, 69)	(-80, 0)	(-40, -69)	(40, -69)	diamond	red	dif	right	right	(40, -69)	(40, 69)	search	nr	True	350519	351306	right	35	60	135	110	85	10	None	None	testing
6	qp	f	19	red	5	(80, 0)	(40, 69)	(-39, 69)	(-80, 0)	(-40, -69)	(40, -69)	circle	none	dif	right	right	N_dist	(-39, 69)	search	nr	True	352540	353338	right	135	10	160	35	110	85	None	None	testing
6	qp	f	19	red	5	(80, 0)	(40, 69)	(-39, 69)	(-80, 0)	(-40, -69)	(40, -69)	circle	red	dif	right	right	(40, -69)	(-80, 0)	search	nr	True	354527	355611	right	35	160	85	110	135	60	None	None	testing
6	qp	f	19	red	5	(80, 0)	(40, 69)	(-39, 69)	(-80, 0)	(-40, -69)	(40, -69)	circle	none	dif	right	right	N_dist	(-39, 69)	search	nr	True	356681	357562	right	60	85	35	10	110	135	None	None	testing
6	qp	f	19	red	5	(80, 0)	(40, 69)	(-39, 69)	(-80, 0)	(-40, -69)	(40, -69)	circle	red	dif	right	right	(40, 69)	(-39, 69)	search	nr	True	358868	359514	right	10	110	35	60	85	160	None	None	testing
6	qp	f	19	red	5	(80, 0)	(40, 69)	(-39, 69)	(-80, 0)	(-40, -69)	(40, -69)	diamond	none	dif	right	right	N_dist	(40, 69)	probe	h_norm	None	None	None	None	85	110	135	10	160	60	(40, -69)	38	testing
6	qp	f	19	red	5	(80, 0)	(40, 69)	(-39, 69)	(-80, 0)	(-40, -69)	(40, -69)	circle	none	same	right	right	N_dist	(-40, -69)	probe	l_tar	None	None	None	None	85	110	10	60	160	35	(-40, -69)	64	testing
6	qp	f	19	red	5	(80, 0)	(40, 69)	(-39, 69)	(-80, 0)	(-40, -69)	(40, -69)	circle	red	dif	left	left	(40, -69)	(-40, -69)	search	nr	True	371291	372171	left	60	160	10	110	35	135	None	None	testing
6	qp	f	19	red	5	(80, 0)	(40, 69)	(-39, 69)	(-80, 0)	(-40, -69)	(40, -69)	circle	none	dif	left	left	N_dist	(80, 0)	search	nr	True	373228	373867	left	10	135	35	60	160	85	None	None	testing
6	qp	f	19	red	5	(80, 0)	(40, 69)	(-39, 69)	(-80, 0)	(-40, -69)	(40, -69)	circle	red	same	right	right	(40, -69)	(-40, -69)	search	nr	True	375131	376170	right	10	160	60	135	110	35	None	None	testing
6	qp	f	19	red	5	(80, 0)	(40, 69)	(-39, 69)	(-80, 0)	(-40, -69)	(40, -69)	diamond	red	same	left	left	(-80, 0)	(-40, -69)	search	nr	True	377402	378010	left	60	160	85	35	135	110	None	None	testing
6	qp	f	19	red	5	(80, 0)	(40, 69)	(-39, 69)	(-80, 0)	(-40, -69)	(40, -69)	circle	none	same	right	right	N_dist	(-40, -69)	search	nr	True	379289	379915	right	35	110	85	135	160	10	None	None	testing
6	qp	f	19	red	5	(80, 0)	(40, 69)	(-39, 69)	(-80, 0)	(-40, -69)	(40, -69)	diamond	none	dif	left	left	N_dist	(-40, -69)	search	nr	True	381175	381899	left	135	85	160	110	35	10	None	None	testing
6	qp	f	19	red	5	(80, 0)	(40, 69)	(-39, 69)	(-80, 0)	(-40, -69)	(40, -69)	circle	red	dif	left	left	(40, 69)	(80, 0)	search	nr	True	383179	384043	left	10	160	135	35	110	60	None	None	testing
6	qp	f	19	red	5	(80, 0)	(40, 69)	(-39, 69)	(-80, 0)	(-40, -69)	(40, -69)	circle	red	same	right	right	(40, -69)	(-39, 69)	search	nr	True	385100	385866	right	110	135	60	85	10	35	None	None	testing
6	qp	f	19	red	5	(80, 0)	(40, 69)	(-39, 69)	(-80, 0)	(-40, -69)	(40, -69)	diamond	red	dif	left	left	(40, -69)	(40, 69)	search	nr	True	387103	388218	left	10	85	110	35	60	160	None	None	testing
6	qp	f	19	red	5	(80, 0)	(40, 69)	(-39, 69)	(-80, 0)	(-40, -69)	(40, -69)	circle	red	same	left	left	(40, -69)	(-40, -69)	search	nr	True	389458	390107	left	10	35	110	60	135	85	None	None	testing
6	qp	f	19	red	5	(80, 0)	(40, 69)	(-39, 69)	(-80, 0)	(-40, -69)	(40, -69)	circle	none	same	left	left	N_dist	(40, -69)	search	nr	True	391395	392171	left	85	110	35	135	160	60	None	None	testing
6	qp	f	19	red	5	(80, 0)	(40, 69)	(-39, 69)	(-80, 0)	(-40, -69)	(40, -69)	circle	red	same	left	left	(40, -69)	(40, 69)	search	nr	True	393332	393850	left	60	160	85	135	110	35	None	None	testing
6	qp	f	19	red	5	(80, 0)	(40, 69)	(-39, 69)	(-80, 0)	(-40, -69)	(40, -69)	diamond	red	same	left	left	(40, -69)	(-39, 69)	search	nr	True	395118	395770	left	35	110	85	160	10	60	None	None	testing
6	qp	f	19	red	5	(80, 0)	(40, 69)	(-39, 69)	(-80, 0)	(-40, -69)	(40, -69)	diamond	red	same	left	left	(40, 69)	(-40, -69)	search	nr	True	396888	397499	left	160	85	110	10	35	60	None	None	testing
6	qp	f	19	red	5	(80, 0)	(40, 69)	(-39, 69)	(-80, 0)	(-40, -69)	(40, -69)	diamond	none	same	left	left	N_dist	(40, -69)	search	nr	True	398575	399323	left	10	110	60	135	85	160	None	None	testing
6	qp	f	19	red	5	(80, 0)	(40, 69)	(-39, 69)	(-80, 0)	(-40, -69)	(40, -69)	diamond	none	dif	left	left	N_dist	(-40, -69)	search	nr	True	400561	401130	left	35	110	10	60	85	135	None	None	testing
6	qp	f	19	red	5	(80, 0)	(40, 69)	(-39, 69)	(-80, 0)	(-40, -69)	(40, -69)	diamond	red	dif	right	right	(40, -69)	(-80, 0)	search	nr	True	402315	403178	right	110	10	85	60	135	160	None	None	testing
6	qp	f	19	red	5	(80, 0)	(40, 69)	(-39, 69)	(-80, 0)	(-40, -69)	(40, -69)	diamond	none	dif	right	right	N_dist	(40, 69)	search	nr	True	404402	404987	right	135	85	10	60	110	35	None	None	testing
6	qp	f	19	red	5	(80, 0)	(40, 69)	(-39, 69)	(-80, 0)	(-40, -69)	(40, -69)	diamond	red	same	right	right	(-80, 0)	(-40, -69)	probe	norm	None	None	None	None	160	60	85	35	10	110	(40, 69)	12	testing
6	qp	f	19	red	5	(80, 0)	(40, 69)	(-39, 69)	(-80, 0)	(-40, -69)	(40, -69)	circle	red	dif	right	right	(-40, -69)	(-80, 0)	search	nr	True	413385	415163	right	160	110	85	135	10	35	None	None	testing
6	qp	f	19	red	5	(80, 0)	(40, 69)	(-39, 69)	(-80, 0)	(-40, -69)	(40, -69)	diamond	red	dif	right	right	(40, -69)	(-80, 0)	search	nr	True	416458	417083	right	135	110	160	10	35	85	None	None	testing
6	qp	f	19	red	5	(80, 0)	(40, 69)	(-39, 69)	(-80, 0)	(-40, -69)	(40, -69)	diamond	red	same	left	left	(40, 69)	(-40, -69)	probe	l_sin	None	None	None	None	135	110	85	60	35	160	(40, 69)	10	testing
6	qp	f	19	red	5	(80, 0)	(40, 69)	(-39, 69)	(-80, 0)	(-40, -69)	(40, -69)	circle	red	dif	right	right	(-39, 69)	(40, 69)	search	nr	True	425157	425835	right	85	35	10	110	135	60	None	None	testing
6	qp	f	19	red	5	(80, 0)	(40, 69)	(-39, 69)	(-80, 0)	(-40, -69)	(40, -69)	diamond	red	same	right	right	(80, 0)	(-39, 69)	probe	l_sin	None	None	None	None	160	35	60	135	10	110	(80, 0)	18	testing
6	qp	f	19	red	5	(80, 0)	(40, 69)	(-39, 69)	(-80, 0)	(-40, -69)	(40, -69)	diamond	red	same	right	right	(80, 0)	(-39, 69)	search	nr	True	431652	432571	right	60	85	160	10	110	135	None	None	testing
6	qp	f	19	red	5	(80, 0)	(40, 69)	(-39, 69)	(-80, 0)	(-40, -69)	(40, -69)	circle	red	same	right	right	(40, -69)	(-80, 0)	search	nr	True	433672	434779	right	160	60	110	85	135	35	None	None	testing
6	qp	f	19	red	5	(80, 0)	(40, 69)	(-39, 69)	(-80, 0)	(-40, -69)	(40, -69)	circle	red	dif	right	right	(40, -69)	(-39, 69)	search	nr	True	435960	436587	right	160	60	35	10	110	85	None	None	testing
6	qp	f	19	red	5	(80, 0)	(40, 69)	(-39, 69)	(-80, 0)	(-40, -69)	(40, -69)	diamond	red	dif	left	left	(-40, -69)	(-80, 0)	probe	l_sin	None	None	None	None	10	160	110	35	60	135	(-40, -69)	168	testing
6	qp	f	19	red	5	(80, 0)	(40, 69)	(-39, 69)	(-80, 0)	(-40, -69)	(40, -69)	diamond	red	same	right	right	(-80, 0)	(-40, -69)	search	nr	True	442088	442747	right	135	60	85	110	160	35	None	None	testing
6	qp	f	19	red	5	(80, 0)	(40, 69)	(-39, 69)	(-80, 0)	(-40, -69)	(40, -69)	circle	red	dif	right	right	(80, 0)	(-39, 69)	probe	tar	None	None	None	None	135	35	85	110	10	160	(-39, 69)	14	testing
6	qp	f	19	red	5	(80, 0)	(40, 69)	(-39, 69)	(-80, 0)	(-40, -69)	(40, -69)	circle	none	same	left	left	N_dist	(80, 0)	search	nr	True	449285	450074	left	60	160	135	10	35	110	None	None	testing
6	qp	f	19	red	5	(80, 0)	(40, 69)	(-39, 69)	(-80, 0)	(-40, -69)	(40, -69)	circle	none	same	right	right	N_dist	(-40, -69)	probe	h_norm	None	None	None	None	85	60	35	110	10	135	(40, -69)	27	testing
6	qp	f	19	red	5	(80, 0)	(40, 69)	(-39, 69)	(-80, 0)	(-40, -69)	(40, -69)	circle	red	dif	right	right	(40, 69)	(-39, 69)	probe	tar	None	None	None	None	160	60	35	135	110	10	(-39, 69)	152	testing
6	qp	f	19	red	5	(80, 0)	(40, 69)	(-39, 69)	(-80, 0)	(-40, -69)	(40, -69)	diamond	none	same	left	left	N_dist	(40, 69)	search	nr	True	468386	469082	left	60	160	110	85	135	10	None	None	testing
6	qp	f	19	red	5	(80, 0)	(40, 69)	(-39, 69)	(-80, 0)	(-40, -69)	(40, -69)	diamond	red	dif	left	left	(40, -69)	(-40, -69)	search	nr	True	470172	471066	left	135	110	160	35	60	85	None	None	testing
6	qp	f	19	red	5	(80, 0)	(40, 69)	(-39, 69)	(-80, 0)	(-40, -69)	(40, -69)	circle	none	same	left	left	N_dist	(-80, 0)	search	nr	True	472193	472955	left	85	160	110	35	135	60	None	None	testing
6	qp	f	19	red	5	(80, 0)	(40, 69)	(-39, 69)	(-80, 0)	(-40, -69)	(40, -69)	circle	red	dif	left	left	(40, -69)	(-39, 69)	search	nr	True	474263	474938	left	160	10	135	60	35	85	None	None	testing
6	qp	f	19	red	5	(80, 0)	(40, 69)	(-39, 69)	(-80, 0)	(-40, -69)	(40, -69)	diamond	red	dif	left	left	(40, -69)	(40, 69)	probe	norm	None	None	None	None	10	160	110	135	60	85	(-80, 0)	179	testing
6	qp	f	19	red	5	(80, 0)	(40, 69)	(-39, 69)	(-80, 0)	(-40, -69)	(40, -69)	circle	red	same	right	right	(40, -69)	(-39, 69)	probe	h_sin	None	None	None	None	85	160	135	35	10	110	(40, -69)	17	testing
6	qp	f	19	red	5	(80, 0)	(40, 69)	(-39, 69)	(-80, 0)	(-40, -69)	(40, -69)	circle	red	same	left	left	(80, 0)	(-80, 0)	search	nr	True	485117	485818	left	60	160	85	10	110	35	None	None	testing
6	qp	f	19	red	5	(80, 0)	(40, 69)	(-39, 69)	(-80, 0)	(-40, -69)	(40, -69)	circle	red	dif	right	right	(40, -69)	(-40, -69)	search	nr	True	486921	487819	right	160	110	35	10	135	85	None	None	testing
6	qp	f	19	red	5	(80, 0)	(40, 69)	(-39, 69)	(-80, 0)	(-40, -69)	(40, -69)	diamond	none	same	right	right	N_dist	(40, 69)	probe	l_tar	None	None	None	None	35	110	60	135	10	85	(40, 69)	15	testing
6	qp	f	19	red	5	(80, 0)	(40, 69)	(-39, 69)	(-80, 0)	(-40, -69)	(40, -69)	diamond	red	dif	left	left	(40, -69)	(-40, -69)	probe	h_sin	None	None	None	None	10	160	35	110	135	85	(40, -69)	168	testing
6	qp	f	19	red	5	(80, 0)	(40, 69)	(-39, 69)	(-80, 0)	(-40, -69)	(40, -69)	diamond	red	dif	left	left	(40, -69)	(-80, 0)	search	nr	True	498441	499450	left	10	160	135	110	60	85	None	None	testing
6	qp	f	19	red	5	(80, 0)	(40, 69)	(-39, 69)	(-80, 0)	(-40, -69)	(40, -69)	circle	none	dif	right	right	N_dist	(-39, 69)	probe	l_norm	None	None	None	None	10	35	85	60	160	135	(80, 0)	29	testing
6	qp	f	19	red	5	(80, 0)	(40, 69)	(-39, 69)	(-80, 0)	(-40, -69)	(40, -69)	circle	red	same	left	left	(40, -69)	(80, 0)	search	nr	True	507274	508570	left	35	160	135	85	110	10	None	None	testing
6	qp	f	19	red	5	(80, 0)	(40, 69)	(-39, 69)	(-80, 0)	(-40, -69)	(40, -69)	diamond	red	dif	right	right	(40, -69)	(-80, 0)	search	nr	True	509829	510698	right	110	160	135	35	85	10	None	None	testing
6	qp	f	19	red	5	(80, 0)	(40, 69)	(-39, 69)	(-80, 0)	(-40, -69)	(40, -69)	circle	red	same	left	left	(40, -69)	(40, 69)	search	nr	True	511917	512730	left	35	60	160	110	85	135	None	None	testing
6	qp	f	19	red	5	(80, 0)	(40, 69)	(-39, 69)	(-80, 0)	(-40, -69)	(40, -69)	diamond	none	dif	left	left	N_dist	(80, 0)	search	nr	True	513837	514490	left	60	35	110	10	160	85	None	None	testing
6	qp	f	19	red	5	(80, 0)	(40, 69)	(-39, 69)	(-80, 0)	(-40, -69)	(40, -69)	circle	red	same	right	right	(40, -69)	(40, 69)	search	nr	True	515556	516458	right	110	10	60	35	135	85	None	None	testing
6	qp	f	19	red	5	(80, 0)	(40, 69)	(-39, 69)	(-80, 0)	(-40, -69)	(40, -69)	diamond	none	same	right	right	N_dist	(-39, 69)	search	nr	True	517711	518714	right	110	85	60	35	10	135	None	None	testing
6	qp	f	19	red	5	(80, 0)	(40, 69)	(-39, 69)	(-80, 0)	(-40, -69)	(40, -69)	diamond	red	dif	right	right	(40, -69)	(80, 0)	search	nr	True	519948	520827	right	60	35	85	160	10	135	None	None	testing
6	qp	f	19	red	5	(80, 0)	(40, 69)	(-39, 69)	(-80, 0)	(-40, -69)	(40, -69)	circle	red	dif	left	left	(40, 69)	(80, 0)	search	nr	True	521884	522795	left	60	35	85	160	110	135	None	None	testing
6	qp	f	19	red	5	(80, 0)	(40, 69)	(-39, 69)	(-80, 0)	(-40, -69)	(40, -69)	diamond	red	same	left	left	(40, -69)	(40, 69)	search	nr	True	523921	525610	left	135	60	85	35	110	160	None	None	testing
6	qp	f	19	red	5	(80, 0)	(40, 69)	(-39, 69)	(-80, 0)	(-40, -69)	(40, -69)	circle	none	same	left	left	N_dist	(40, 69)	search	nr	True	526911	527514	left	160	60	135	10	110	85	None	None	testing
6	qp	f	19	red	5	(80, 0)	(40, 69)	(-39, 69)	(-80, 0)	(-40, -69)	(40, -69)	circle	red	dif	left	left	(40, -69)	(-40, -69)	probe	tar	None	None	None	None	60	110	135	160	10	85	(-40, -69)	67	testing
6	qp	f	19	red	5	(80, 0)	(40, 69)	(-39, 69)	(-80, 0)	(-40, -69)	(40, -69)	diamond	none	dif	right	right	N_dist	(40, -69)	probe	h_tar	None	None	None	None	160	110	85	10	60	35	(40, -69)	157	testing
6	qp	f	19	red	5	(80, 0)	(40, 69)	(-39, 69)	(-80, 0)	(-40, -69)	(40, -69)	circle	red	same	left	left	(40, -69)	(-39, 69)	search	nr	True	539216	539946	left	160	10	35	60	110	85	None	None	testing
6	qp	f	19	red	5	(80, 0)	(40, 69)	(-39, 69)	(-80, 0)	(-40, -69)	(40, -69)	diamond	red	dif	right	right	(40, -69)	(-40, -69)	probe	h_sin	None	None	None	None	35	10	110	60	85	135	(40, -69)	23	testing
6	qp	f	19	red	5	(80, 0)	(40, 69)	(-39, 69)	(-80, 0)	(-40, -69)	(40, -69)	circle	red	same	right	right	(40, -69)	(40, 69)	probe	h_sin	None	None	None	None	135	85	160	110	60	10	(40, -69)	15	testing
6	qp	f	19	red	5	(80, 0)	(40, 69)	(-39, 69)	(-80, 0)	(-40, -69)	(40, -69)	diamond	none	dif	right	right	N_dist	(40, -69)	probe	h_tar	None	None	None	None	160	35	10	110	135	60	(40, -69)	28	testing
6	qp	f	19	red	5	(80, 0)	(40, 69)	(-39, 69)	(-80, 0)	(-40, -69)	(40, -69)	circle	none	dif	right	right	N_dist	(40, -69)	probe	h_tar	None	None	None	None	35	85	135	10	60	160	(40, -69)	25	testing
6	qp	f	19	red	5	(80, 0)	(40, 69)	(-39, 69)	(-80, 0)	(-40, -69)	(40, -69)	diamond	none	dif	left	left	N_dist	(-80, 0)	search	nr	True	561674	562938	left	10	35	85	160	110	135	None	None	testing
6	qp	f	19	red	5	(80, 0)	(40, 69)	(-39, 69)	(-80, 0)	(-40, -69)	(40, -69)	diamond	none	same	right	right	N_dist	(-39, 69)	search	nr	True	564213	564922	right	85	110	10	160	60	35	None	None	testing
6	qp	f	19	red	5	(80, 0)	(40, 69)	(-39, 69)	(-80, 0)	(-40, -69)	(40, -69)	circle	red	same	right	right	(40, -69)	(-40, -69)	search	nr	True	566149	567146	right	35	135	10	110	85	160	None	None	testing
6	qp	f	19	red	5	(80, 0)	(40, 69)	(-39, 69)	(-80, 0)	(-40, -69)	(40, -69)	circle	red	same	right	right	(-40, -69)	(-39, 69)	probe	norm	None	None	None	None	110	135	35	85	60	10	(80, 0)	13	testing
6	qp	f	19	red	5	(80, 0)	(40, 69)	(-39, 69)	(-80, 0)	(-40, -69)	(40, -69)	circle	red	dif	left	left	(40, -69)	(-40, -69)	search	nr	True	572928	573707	left	135	60	110	10	85	35	None	None	testing
6	qp	f	19	red	5	(80, 0)	(40, 69)	(-39, 69)	(-80, 0)	(-40, -69)	(40, -69)	circle	none	same	right	right	N_dist	(-40, -69)	probe	l_norm	None	None	None	None	10	110	160	35	60	135	(40, 69)	13	testing
6	qp	f	19	red	5	(80, 0)	(40, 69)	(-39, 69)	(-80, 0)	(-40, -69)	(40, -69)	diamond	none	dif	left	left	N_dist	(80, 0)	search	nr	True	582463	583146	left	35	160	110	135	60	10	None	None	testing
6	qp	f	19	red	5	(80, 0)	(40, 69)	(-39, 69)	(-80, 0)	(-40, -69)	(40, -69)	diamond	red	dif	right	right	(-39, 69)	(-80, 0)	search	nr	True	584316	585097	right	135	160	35	85	60	10	None	None	testing
6	qp	f	19	red	5	(80, 0)	(40, 69)	(-39, 69)	(-80, 0)	(-40, -69)	(40, -69)	diamond	red	dif	left	left	(40, -69)	(-80, 0)	search	nr	True	586236	586827	left	60	135	35	160	10	110	None	None	testing
6	qp	f	19	red	5	(80, 0)	(40, 69)	(-39, 69)	(-80, 0)	(-40, -69)	(40, -69)	circle	red	dif	left	left	(40, -69)	(-40, -69)	search	nr	True	588123	588810	left	35	60	85	160	110	10	None	None	testing
6	qp	f	19	red	5	(80, 0)	(40, 69)	(-39, 69)	(-80, 0)	(-40, -69)	(40, -69)	circle	none	dif	right	right	N_dist	(-39, 69)	probe	h_norm	None	None	None	None	35	160	110	85	135	60	(40, -69)	18	testing
6	qp	f	19	red	5	(80, 0)	(40, 69)	(-39, 69)	(-80, 0)	(-40, -69)	(40, -69)	circle	red	same	right	right	(40, -69)	(-40, -69)	search	nr	True	596873	597770	right	35	60	160	110	135	85	None	None	testing
6	qp	f	19	red	5	(80, 0)	(40, 69)	(-39, 69)	(-80, 0)	(-40, -69)	(40, -69)	diamond	red	same	left	left	(-40, -69)	(-39, 69)	search	nr	True	598826	599546	left	60	110	10	85	135	160	None	None	testing
6	qp	f	19	red	5	(80, 0)	(40, 69)	(-39, 69)	(-80, 0)	(-40, -69)	(40, -69)	circle	red	dif	right	right	(80, 0)	(-40, -69)	search	nr	True	600696	601562	right	135	110	160	60	85	10	None	None	testing
6	qp	f	19	red	5	(80, 0)	(40, 69)	(-39, 69)	(-80, 0)	(-40, -69)	(40, -69)	circle	red	dif	right	right	(-80, 0)	(80, 0)	search	nr	True	602700	603610	right	35	135	85	60	110	10	None	None	testing
6	qp	f	19	red	5	(80, 0)	(40, 69)	(-39, 69)	(-80, 0)	(-40, -69)	(40, -69)	circle	none	same	left	left	N_dist	(40, 69)	search	nr	True	604787	605482	left	135	85	10	35	160	60	None	None	testing
6	qp	f	19	red	5	(80, 0)	(40, 69)	(-39, 69)	(-80, 0)	(-40, -69)	(40, -69)	diamond	red	same	left	left	(-80, 0)	(-40, -69)	probe	norm	None	None	None	None	85	135	35	10	110	60	(-39, 69)	163	testing
6	qp	f	19	red	5	(80, 0)	(40, 69)	(-39, 69)	(-80, 0)	(-40, -69)	(40, -69)	diamond	red	same	right	right	(40, -69)	(-39, 69)	search	nr	True	610915	611546	right	60	10	85	35	135	160	None	None	testing
6	qp	f	19	red	5	(80, 0)	(40, 69)	(-39, 69)	(-80, 0)	(-40, -69)	(40, -69)	circle	red	same	right	right	(40, -69)	(-40, -69)	probe	h_sin	None	None	None	None	160	60	85	110	10	35	(40, -69)	20	testing
6	qp	f	19	red	5	(80, 0)	(40, 69)	(-39, 69)	(-80, 0)	(-40, -69)	(40, -69)	diamond	red	same	left	left	(40, -69)	(-80, 0)	probe	h_sin	None	None	None	None	10	110	35	85	60	135	(40, -69)	16	testing
6	qp	f	19	red	5	(80, 0)	(40, 69)	(-39, 69)	(-80, 0)	(-40, -69)	(40, -69)	diamond	red	same	left	left	(40, -69)	(80, 0)	search	nr	True	624741	625482	left	35	60	110	85	10	135	None	None	testing
6	qp	f	19	red	5	(80, 0)	(40, 69)	(-39, 69)	(-80, 0)	(-40, -69)	(40, -69)	circle	none	dif	left	left	N_dist	(40, -69)	search	nr	True	626727	627946	left	60	85	10	135	110	160	None	None	testing
6	qp	f	19	red	5	(80, 0)	(40, 69)	(-39, 69)	(-80, 0)	(-40, -69)	(40, -69)	diamond	none	dif	left	left	N_dist	(-80, 0)	search	nr	True	629199	630026	left	160	60	85	35	135	10	None	None	testing
6	qp	f	19	red	5	(80, 0)	(40, 69)	(-39, 69)	(-80, 0)	(-40, -69)	(40, -69)	diamond	red	dif	left	left	(40, -69)	(40, 69)	probe	tar	None	None	None	None	60	160	10	35	135	110	(40, 69)	28	testing
6	qp	f	19	red	5	(80, 0)	(40, 69)	(-39, 69)	(-80, 0)	(-40, -69)	(40, -69)	diamond	red	same	right	right	(40, -69)	(40, 69)	probe	tar	None	None	None	None	85	110	160	60	10	35	(40, 69)	171	testing
6	qp	f	19	red	5	(80, 0)	(40, 69)	(-39, 69)	(-80, 0)	(-40, -69)	(40, -69)	diamond	red	same	right	right	(-80, 0)	(-40, -69)	search	nr	True	639902	640810	right	35	135	85	110	10	60	None	None	testing
6	qp	f	19	red	5	(80, 0)	(40, 69)	(-39, 69)	(-80, 0)	(-40, -69)	(40, -69)	circle	red	same	left	left	(80, 0)	(-80, 0)	search	nr	True	641989	642938	left	110	10	60	160	85	135	None	None	testing
6	qp	f	19	red	5	(80, 0)	(40, 69)	(-39, 69)	(-80, 0)	(-40, -69)	(40, -69)	diamond	red	same	right	right	(-39, 69)	(-80, 0)	search	nr	True	644059	644810	right	10	110	85	160	135	35	None	None	testing
6	qp	f	19	red	5	(80, 0)	(40, 69)	(-39, 69)	(-80, 0)	(-40, -69)	(40, -69)	diamond	red	dif	right	right	(40, -69)	(80, 0)	search	nr	True	645963	646570	right	135	110	60	10	35	85	None	None	testing
6	qp	f	19	red	5	(80, 0)	(40, 69)	(-39, 69)	(-80, 0)	(-40, -69)	(40, -69)	circle	red	same	right	right	(40, -69)	(-39, 69)	search	nr	True	647799	648922	right	10	135	110	60	35	85	None	None	testing
6	qp	f	19	red	5	(80, 0)	(40, 69)	(-39, 69)	(-80, 0)	(-40, -69)	(40, -69)	circle	none	dif	right	right	N_dist	(-39, 69)	search	nr	True	650137	650682	right	35	135	160	85	110	60	None	None	testing
6	qp	f	19	red	5	(80, 0)	(40, 69)	(-39, 69)	(-80, 0)	(-40, -69)	(40, -69)	circle	none	same	right	right	N_dist	(-39, 69)	probe	l_norm	None	None	None	None	160	10	35	85	110	135	(80, 0)	164	testing
6	qp	f	19	red	5	(80, 0)	(40, 69)	(-39, 69)	(-80, 0)	(-40, -69)	(40, -69)	diamond	none	same	right	right	N_dist	(40, 69)	probe	h_norm	None	None	None	None	60	110	85	10	160	135	(40, -69)	166	testing
6	qp	f	19	red	5	(80, 0)	(40, 69)	(-39, 69)	(-80, 0)	(-40, -69)	(40, -69)	circle	red	dif	right	right	(-40, -69)	(-80, 0)	search	nr	True	663094	664314	right	160	135	60	35	110	10	None	None	testing
6	qp	f	19	red	5	(80, 0)	(40, 69)	(-39, 69)	(-80, 0)	(-40, -69)	(40, -69)	diamond	red	dif	left	left	(40, -69)	(-40, -69)	search	nr	True	665532	666379	left	35	60	135	110	85	10	None	None	testing
6	qp	f	19	red	5	(80, 0)	(40, 69)	(-39, 69)	(-80, 0)	(-40, -69)	(40, -69)	diamond	none	dif	right	right	N_dist	(40, 69)	search	nr	True	667636	668234	right	35	85	10	110	135	160	None	None	testing
6	qp	f	19	red	5	(80, 0)	(40, 69)	(-39, 69)	(-80, 0)	(-40, -69)	(40, -69)	circle	red	dif	left	left	(-80, 0)	(40, 69)	probe	norm	None	None	None	None	10	85	35	110	135	160	(80, 0)	22	testing
6	qp	f	19	red	5	(80, 0)	(40, 69)	(-39, 69)	(-80, 0)	(-40, -69)	(40, -69)	diamond	red	same	right	right	(40, -69)	(-39, 69)	probe	h_sin	None	None	None	None	10	35	60	160	110	85	(40, -69)	171	testing
6	qp	f	19	red	5	(80, 0)	(40, 69)	(-39, 69)	(-80, 0)	(-40, -69)	(40, -69)	circle	red	dif	right	right	(-80, 0)	(-40, -69)	search	nr	True	679491	680394	right	110	10	160	135	35	60	None	None	testing
6	qp	f	19	red	5	(80, 0)	(40, 69)	(-39, 69)	(-80, 0)	(-40, -69)	(40, -69)	circle	red	same	right	right	(40, -69)	(-80, 0)	search	nr	True	681561	682346	right	60	10	135	35	160	85	None	None	testing
6	qp	f	19	red	5	(80, 0)	(40, 69)	(-39, 69)	(-80, 0)	(-40, -69)	(40, -69)	circle	none	same	right	right	N_dist	(-40, -69)	search	nr	True	683532	684154	right	135	85	160	35	10	110	None	None	testing
6	qp	f	19	red	5	(80, 0)	(40, 69)	(-39, 69)	(-80, 0)	(-40, -69)	(40, -69)	diamond	none	dif	right	right	N_dist	(80, 0)	search	nr	True	685402	686154	right	110	160	35	60	85	135	None	None	testing
6	qp	f	19	red	5	(80, 0)	(40, 69)	(-39, 69)	(-80, 0)	(-40, -69)	(40, -69)	diamond	red	dif	right	right	(40, -69)	(80, 0)	search	nr	True	687373	687849	right	160	110	85	135	35	60	None	None	testing
6	qp	f	19	red	5	(80, 0)	(40, 69)	(-39, 69)	(-80, 0)	(-40, -69)	(40, -69)	diamond	red	same	left	left	(80, 0)	(-39, 69)	probe	tar	None	None	None	None	110	160	10	35	135	60	(-39, 69)	60	testing
6	qp	f	19	red	5	(80, 0)	(40, 69)	(-39, 69)	(-80, 0)	(-40, -69)	(40, -69)	circle	red	same	right	right	(-40, -69)	(-39, 69)	search	nr	True	694669	695627	right	85	135	60	10	35	110	None	None	testing
6	qp	f	19	red	5	(80, 0)	(40, 69)	(-39, 69)	(-80, 0)	(-40, -69)	(40, -69)	circle	red	same	right	right	(-39, 69)	(-40, -69)	search	nr	True	696856	697610	right	160	110	135	85	35	60	None	None	testing
6	qp	f	19	red	5	(80, 0)	(40, 69)	(-39, 69)	(-80, 0)	(-40, -69)	(40, -69)	circle	red	dif	left	left	(40, -69)	(-40, -69)	probe	norm	None	None	None	None	60	160	110	10	135	35	(-39, 69)	170	testing
6	qp	f	19	red	5	(80, 0)	(40, 69)	(-39, 69)	(-80, 0)	(-40, -69)	(40, -69)	circle	red	dif	right	right	(40, 69)	(-39, 69)	search	nr	True	703385	704171	left	60	110	85	35	160	135	None	None	testing
6	qp	f	19	red	5	(80, 0)	(40, 69)	(-39, 69)	(-80, 0)	(-40, -69)	(40, -69)	circle	red	same	right	right	(80, 0)	(-80, 0)	search	nr	True	706757	707627	right	85	35	135	10	110	60	None	None	testing
6	qp	f	19	red	5	(80, 0)	(40, 69)	(-39, 69)	(-80, 0)	(-40, -69)	(40, -69)	diamond	red	same	left	left	(80, 0)	(-39, 69)	search	nr	True	708879	710505	right	10	35	110	60	160	85	None	None	testing
6	qp	f	19	red	5	(80, 0)	(40, 69)	(-39, 69)	(-80, 0)	(-40, -69)	(40, -69)	circle	red	same	left	left	(40, -69)	(80, 0)	search	nr	True	713186	713994	left	60	135	160	10	35	85	None	None	testing
6	qp	f	19	red	5	(80, 0)	(40, 69)	(-39, 69)	(-80, 0)	(-40, -69)	(40, -69)	circle	none	dif	left	left	N_dist	(-39, 69)	probe	h_norm	None	None	None	None	60	85	160	110	35	135	(40, -69)	166	testing
6	qp	f	19	red	5	(80, 0)	(40, 69)	(-39, 69)	(-80, 0)	(-40, -69)	(40, -69)	circle	none	same	right	right	N_dist	(40, 69)	probe	l_tar	None	None	None	None	60	135	35	85	160	110	(40, 69)	22	testing
6	qp	f	19	red	5	(80, 0)	(40, 69)	(-39, 69)	(-80, 0)	(-40, -69)	(40, -69)	diamond	red	same	right	right	(40, -69)	(-39, 69)	search	nr	True	725125	725818	right	10	160	85	60	35	135	None	None	testing
6	qp	f	19	red	5	(80, 0)	(40, 69)	(-39, 69)	(-80, 0)	(-40, -69)	(40, -69)	diamond	none	same	left	left	N_dist	(40, -69)	probe	h_tar	None	None	None	None	60	110	85	10	160	135	(40, -69)	167	testing
6	qp	f	19	red	5	(80, 0)	(40, 69)	(-39, 69)	(-80, 0)	(-40, -69)	(40, -69)	diamond	none	same	right	right	N_dist	(-80, 0)	search	nr	True	731654	732650	right	10	85	35	135	160	110	None	None	testing
6	qp	f	19	red	5	(80, 0)	(40, 69)	(-39, 69)	(-80, 0)	(-40, -69)	(40, -69)	diamond	red	same	left	left	(40, -69)	(-39, 69)	search	nr	True	733741	734587	left	160	60	110	85	10	135	None	None	testing
6	qp	f	19	red	5	(80, 0)	(40, 69)	(-39, 69)	(-80, 0)	(-40, -69)	(40, -69)	circle	red	dif	left	left	(-40, -69)	(40, 69)	probe	norm	None	None	None	None	160	35	10	135	85	60	(40, -69)	165	testing
6	qp	f	19	red	5	(80, 0)	(40, 69)	(-39, 69)	(-80, 0)	(-40, -69)	(40, -69)	circle	none	dif	left	left	N_dist	(-80, 0)	probe	h_norm	None	None	None	None	60	10	35	85	110	160	(40, -69)	17	testing
6	qp	f	19	red	5	(80, 0)	(40, 69)	(-39, 69)	(-80, 0)	(-40, -69)	(40, -69)	circle	none	same	right	right	N_dist	(-39, 69)	search	nr	True	747583	748345	right	110	60	85	135	160	10	None	None	testing
6	qp	f	19	red	5	(80, 0)	(40, 69)	(-39, 69)	(-80, 0)	(-40, -69)	(40, -69)	diamond	none	same	left	left	N_dist	(-40, -69)	search	nr	True	749436	750362	left	85	10	110	160	35	60	None	None	testing
6	qp	f	19	red	5	(80, 0)	(40, 69)	(-39, 69)	(-80, 0)	(-40, -69)	(40, -69)	circle	red	same	right	right	(40, -69)	(-80, 0)	search	nr	True	751490	752474	right	160	85	110	35	60	10	None	None	testing
6	qp	f	19	red	5	(80, 0)	(40, 69)	(-39, 69)	(-80, 0)	(-40, -69)	(40, -69)	diamond	red	same	right	right	(-39, 69)	(-80, 0)	search	nr	True	753644	754379	right	110	60	10	160	85	35	None	None	testing
6	qp	f	19	red	5	(80, 0)	(40, 69)	(-39, 69)	(-80, 0)	(-40, -69)	(40, -69)	diamond	none	same	left	left	N_dist	(40, 69)	probe	l_norm	None	None	None	None	110	85	60	35	10	160	(-80, 0)	170	testing
6	qp	f	19	red	5	(80, 0)	(40, 69)	(-39, 69)	(-80, 0)	(-40, -69)	(40, -69)	diamond	red	same	right	right	(-40, -69)	(-80, 0)	search	nr	True	760306	761050	right	60	35	85	160	10	135	None	None	testing
6	qp	f	19	red	5	(80, 0)	(40, 69)	(-39, 69)	(-80, 0)	(-40, -69)	(40, -69)	diamond	red	dif	right	right	(-80, 0)	(-39, 69)	probe	tar	None	None	None	None	135	110	35	160	60	85	(-39, 69)	167	testing
6	qp	f	19	red	5	(80, 0)	(40, 69)	(-39, 69)	(-80, 0)	(-40, -69)	(40, -69)	diamond	red	dif	left	left	(40, -69)	(80, 0)	probe	tar	None	None	None	None	60	10	160	85	35	110	(80, 0)	16	testing
6	qp	f	19	red	5	(80, 0)	(40, 69)	(-39, 69)	(-80, 0)	(-40, -69)	(40, -69)	circle	red	dif	right	right	(-80, 0)	(80, 0)	probe	tar	None	None	None	None	10	35	110	60	160	85	(80, 0)	26	testing
6	qp	f	19	red	5	(80, 0)	(40, 69)	(-39, 69)	(-80, 0)	(-40, -69)	(40, -69)	circle	none	same	right	right	N_dist	(-40, -69)	search	nr	True	778573	779451	right	10	35	110	135	60	160	None	None	testing
6	qp	f	19	red	5	(80, 0)	(40, 69)	(-39, 69)	(-80, 0)	(-40, -69)	(40, -69)	circle	red	same	left	left	(40, -69)	(40, 69)	search	nr	True	780677	781514	right	135	85	35	110	60	10	None	None	testing
6	qp	f	19	red	5	(80, 0)	(40, 69)	(-39, 69)	(-80, 0)	(-40, -69)	(40, -69)	diamond	red	dif	left	left	(40, -69)	(80, 0)	probe	norm	None	None	None	None	135	35	10	110	60	160	(-40, -69)	168	testing
6	qp	f	19	red	5	(80, 0)	(40, 69)	(-39, 69)	(-80, 0)	(-40, -69)	(40, -69)	diamond	red	same	right	right	(40, -69)	(40, 69)	search	nr	True	789460	790650	right	10	85	60	35	135	160	None	None	testing
6	qp	f	19	red	5	(80, 0)	(40, 69)	(-39, 69)	(-80, 0)	(-40, -69)	(40, -69)	circle	red	same	left	left	(80, 0)	(-80, 0)	probe	l_sin	None	None	None	None	135	60	10	35	110	85	(80, 0)	14	testing
6	qp	f	19	red	5	(80, 0)	(40, 69)	(-39, 69)	(-80, 0)	(-40, -69)	(40, -69)	circle	none	dif	right	right	N_dist	(-80, 0)	probe	l_norm	None	None	None	None	110	35	160	85	60	10	(40, 69)	165	testing
6	qp	f	19	red	5	(80, 0)	(40, 69)	(-39, 69)	(-80, 0)	(-40, -69)	(40, -69)	circle	red	dif	left	left	(40, -69)	(-80, 0)	search	nr	True	802751	804090	left	10	35	85	160	135	110	None	None	testing
6	qp	f	19	red	5	(80, 0)	(40, 69)	(-39, 69)	(-80, 0)	(-40, -69)	(40, -69)	diamond	none	same	left	left	N_dist	(80, 0)	search	nr	True	805356	806106	left	10	35	110	135	160	60	None	None	testing
6	qp	f	19	red	5	(80, 0)	(40, 69)	(-39, 69)	(-80, 0)	(-40, -69)	(40, -69)	circle	red	same	left	left	(40, -69)	(-39, 69)	search	nr	True	807410	808282	left	135	160	10	35	60	85	None	None	testing
6	qp	f	19	red	5	(80, 0)	(40, 69)	(-39, 69)	(-80, 0)	(-40, -69)	(40, -69)	circle	red	same	right	right	(40, -69)	(-40, -69)	search	nr	True	809463	810330	right	110	60	135	160	85	35	None	None	testing
6	qp	f	19	red	5	(80, 0)	(40, 69)	(-39, 69)	(-80, 0)	(-40, -69)	(40, -69)	circle	red	dif	right	right	(80, 0)	(-40, -69)	probe	tar	None	None	None	None	10	135	85	35	60	110	(-40, -69)	163	testing
6	qp	f	19	red	5	(80, 0)	(40, 69)	(-39, 69)	(-80, 0)	(-40, -69)	(40, -69)	circle	red	same	left	left	(40, -69)	(80, 0)	probe	h_sin	None	None	None	None	85	160	10	35	110	135	(40, -69)	21	testing
6	qp	f	19	red	5	(80, 0)	(40, 69)	(-39, 69)	(-80, 0)	(-40, -69)	(40, -69)	diamond	red	dif	left	left	(40, -69)	(-80, 0)	search	nr	True	820784	821610	left	85	110	10	35	135	60	None	None	testing
6	qp	f	19	red	5	(80, 0)	(40, 69)	(-39, 69)	(-80, 0)	(-40, -69)	(40, -69)	circle	red	same	right	right	(80, 0)	(-80, 0)	search	nr	True	822855	823514	right	10	160	35	110	85	60	None	None	testing
6	qp	f	19	red	5	(80, 0)	(40, 69)	(-39, 69)	(-80, 0)	(-40, -69)	(40, -69)	diamond	none	dif	left	left	N_dist	(-40, -69)	search	nr	True	824591	825306	left	160	10	60	135	85	110	None	None	testing
6	qp	f	19	red	5	(80, 0)	(40, 69)	(-39, 69)	(-80, 0)	(-40, -69)	(40, -69)	diamond	none	dif	right	right	N_dist	(80, 0)	probe	l_norm	None	None	None	None	160	85	110	60	35	135	(-80, 0)	174	testing
6	qp	f	19	red	5	(80, 0)	(40, 69)	(-39, 69)	(-80, 0)	(-40, -69)	(40, -69)	circle	red	dif	left	left	(40, -69)	(-39, 69)	probe	norm	None	None	None	None	160	135	35	10	110	85	(-80, 0)	153	testing
6	qp	f	19	red	5	(80, 0)	(40, 69)	(-39, 69)	(-80, 0)	(-40, -69)	(40, -69)	diamond	red	dif	right	right	(40, -69)	(-40, -69)	search	nr	True	839085	839755	right	160	135	85	10	35	110	None	None	testing
6	qp	f	19	red	5	(80, 0)	(40, 69)	(-39, 69)	(-80, 0)	(-40, -69)	(40, -69)	circle	red	dif	left	left	(40, -69)	(80, 0)	search	nr	True	840905	841946	left	60	160	110	10	35	85	None	None	testing
6	qp	f	19	red	5	(80, 0)	(40, 69)	(-39, 69)	(-80, 0)	(-40, -69)	(40, -69)	diamond	red	dif	left	left	(40, -69)	(80, 0)	search	nr	True	843142	843738	left	110	135	160	60	85	10	None	None	testing
6	qp	f	19	red	5	(80, 0)	(40, 69)	(-39, 69)	(-80, 0)	(-40, -69)	(40, -69)	circle	none	dif	right	right	N_dist	(-39, 69)	probe	l_tar	None	None	None	None	135	160	35	60	110	85	(-39, 69)	154	testing
6	qp	f	19	red	5	(80, 0)	(40, 69)	(-39, 69)	(-80, 0)	(-40, -69)	(40, -69)	diamond	none	same	left	left	N_dist	(80, 0)	probe	h_norm	None	None	None	None	10	85	60	35	110	160	(40, -69)	165	testing
6	qp	f	19	red	5	(80, 0)	(40, 69)	(-39, 69)	(-80, 0)	(-40, -69)	(40, -69)	diamond	red	dif	left	left	(40, -69)	(80, 0)	search	nr	True	859672	860314	left	160	85	10	60	110	35	None	None	testing
6	qp	f	19	red	5	(80, 0)	(40, 69)	(-39, 69)	(-80, 0)	(-40, -69)	(40, -69)	circle	none	dif	left	left	N_dist	(40, -69)	probe	h_tar	None	None	None	None	110	10	135	85	35	60	(40, -69)	19	testing
6	qp	f	19	red	5	(80, 0)	(40, 69)	(-39, 69)	(-80, 0)	(-40, -69)	(40, -69)	circle	red	dif	right	right	(-80, 0)	(-40, -69)	probe	l_sin	None	None	None	None	110	85	10	60	160	135	(-80, 0)	169	testing
6	qp	f	19	red	5	(80, 0)	(40, 69)	(-39, 69)	(-80, 0)	(-40, -69)	(40, -69)	diamond	red	dif	left	left	(40, -69)	(-80, 0)	probe	h_sin	None	None	None	None	85	110	35	60	10	135	(40, -69)	174	testing
6	qp	f	19	red	5	(80, 0)	(40, 69)	(-39, 69)	(-80, 0)	(-40, -69)	(40, -69)	diamond	red	same	right	right	(40, -69)	(-39, 69)	search	nr	True	878357	879083	right	135	10	85	35	60	160	None	None	testing
6	qp	f	19	red	5	(80, 0)	(40, 69)	(-39, 69)	(-80, 0)	(-40, -69)	(40, -69)	circle	red	dif	left	left	(-80, 0)	(40, 69)	search	nr	True	880378	881083	left	160	35	60	10	110	85	None	None	testing
6	qp	f	19	red	5	(80, 0)	(40, 69)	(-39, 69)	(-80, 0)	(-40, -69)	(40, -69)	circle	none	same	right	right	N_dist	(40, 69)	search	nr	True	882347	883082	right	135	35	110	60	85	160	None	None	testing
6	qp	f	19	red	5	(80, 0)	(40, 69)	(-39, 69)	(-80, 0)	(-40, -69)	(40, -69)	circle	none	dif	left	left	N_dist	(80, 0)	search	nr	True	884201	884890	left	35	160	10	110	85	60	None	None	testing
6	qp	f	19	red	5	(80, 0)	(40, 69)	(-39, 69)	(-80, 0)	(-40, -69)	(40, -69)	circle	red	dif	right	right	(-39, 69)	(40, 69)	search	nr	True	886104	886762	right	160	110	35	60	85	10	None	None	testing
6	qp	f	19	red	5	(80, 0)	(40, 69)	(-39, 69)	(-80, 0)	(-40, -69)	(40, -69)	circle	red	dif	left	left	(40, -69)	(-80, 0)	search	nr	True	887974	888698	left	85	35	10	60	110	160	None	None	testing
6	qp	f	19	red	5	(80, 0)	(40, 69)	(-39, 69)	(-80, 0)	(-40, -69)	(40, -69)	circle	red	same	right	right	(-40, -69)	(-39, 69)	search	nr	True	889778	890394	right	85	110	35	135	10	60	None	None	testing
6	qp	f	19	red	5	(80, 0)	(40, 69)	(-39, 69)	(-80, 0)	(-40, -69)	(40, -69)	circle	none	same	left	left	N_dist	(80, 0)	search	nr	True	891498	892154	left	60	160	35	10	85	110	None	None	testing
6	qp	f	19	red	5	(80, 0)	(40, 69)	(-39, 69)	(-80, 0)	(-40, -69)	(40, -69)	diamond	red	same	right	right	(-40, -69)	(-80, 0)	search	nr	True	893368	894379	right	110	85	135	35	160	10	None	None	testing
6	qp	f	19	red	5	(80, 0)	(40, 69)	(-39, 69)	(-80, 0)	(-40, -69)	(40, -69)	circle	red	dif	right	right	(40, -69)	(-39, 69)	probe	tar	None	None	None	None	85	110	160	10	60	135	(-39, 69)	25	testing
6	qp	f	19	red	5	(80, 0)	(40, 69)	(-39, 69)	(-80, 0)	(-40, -69)	(40, -69)	diamond	none	same	left	left	N_dist	(-40, -69)	probe	h_norm	None	None	None	None	135	60	110	85	35	160	(40, -69)	161	testing
6	qp	f	19	red	5	(80, 0)	(40, 69)	(-39, 69)	(-80, 0)	(-40, -69)	(40, -69)	circle	red	same	right	right	(40, -69)	(-80, 0)	search	nr	True	905373	906506	left	110	10	35	160	60	135	None	None	testing
6	qp	f	19	red	5	(80, 0)	(40, 69)	(-39, 69)	(-80, 0)	(-40, -69)	(40, -69)	circle	red	same	right	right	(40, -69)	(-80, 0)	probe	norm	None	None	None	None	35	60	110	135	10	160	(40, 69)	7	testing
6	qp	f	19	red	5	(80, 0)	(40, 69)	(-39, 69)	(-80, 0)	(-40, -69)	(40, -69)	diamond	red	dif	left	left	(40, -69)	(80, 0)	search	nr	True	914723	915450	left	60	110	135	35	85	160	None	None	testing
6	qp	f	19	red	5	(80, 0)	(40, 69)	(-39, 69)	(-80, 0)	(-40, -69)	(40, -69)	diamond	none	dif	left	left	N_dist	(40, -69)	probe	h_tar	None	None	None	None	160	85	35	60	10	135	(40, -69)	24	testing
6	qp	f	19	red	5	(80, 0)	(40, 69)	(-39, 69)	(-80, 0)	(-40, -69)	(40, -69)	circle	red	same	right	right	(40, -69)	(40, 69)	search	nr	True	922488	923817	right	135	160	35	60	110	10	None	None	testing
6	qp	f	19	red	5	(80, 0)	(40, 69)	(-39, 69)	(-80, 0)	(-40, -69)	(40, -69)	circle	red	same	left	left	(40, -69)	(-40, -69)	probe	tar	None	None	None	None	35	60	110	10	135	85	(-40, -69)	27	testing
6	qp	f	19	red	5	(80, 0)	(40, 69)	(-39, 69)	(-80, 0)	(-40, -69)	(40, -69)	diamond	red	dif	left	left	(40, 69)	(80, 0)	probe	l_sin	None	None	None	None	85	35	60	160	135	110	(40, 69)	165	testing
6	qp	f	19	red	5	(80, 0)	(40, 69)	(-39, 69)	(-80, 0)	(-40, -69)	(40, -69)	diamond	none	dif	left	left	N_dist	(-40, -69)	probe	h_norm	None	None	None	None	110	135	10	35	160	85	(40, -69)	6	testing
6	qp	f	19	red	5	(80, 0)	(40, 69)	(-39, 69)	(-80, 0)	(-40, -69)	(40, -69)	diamond	red	same	right	right	(40, -69)	(-39, 69)	search	nr	True	942492	943963	right	160	85	135	60	10	110	None	None	testing
6	qp	f	19	red	5	(80, 0)	(40, 69)	(-39, 69)	(-80, 0)	(-40, -69)	(40, -69)	circle	red	dif	left	left	(40, -69)	(-40, -69)	search	nr	True	945247	946250	left	85	160	110	10	60	135	None	None	testing
6	qp	f	19	red	5	(80, 0)	(40, 69)	(-39, 69)	(-80, 0)	(-40, -69)	(40, -69)	diamond	red	same	left	left	(-40, -69)	(-39, 69)	probe	norm	None	None	None	None	160	85	110	60	10	135	(-80, 0)	170	testing
6	qp	f	19	red	5	(80, 0)	(40, 69)	(-39, 69)	(-80, 0)	(-40, -69)	(40, -69)	diamond	red	dif	left	left	(40, -69)	(40, 69)	search	nr	True	951992	952778	left	160	85	60	35	110	135	None	None	testing
6	qp	f	19	red	5	(80, 0)	(40, 69)	(-39, 69)	(-80, 0)	(-40, -69)	(40, -69)	circle	red	dif	right	right	(40, -69)	(-80, 0)	search	nr	True	954046	955098	right	35	60	160	10	85	110	None	None	testing
6	qp	f	19	red	5	(80, 0)	(40, 69)	(-39, 69)	(-80, 0)	(-40, -69)	(40, -69)	diamond	none	same	right	right	N_dist	(-80, 0)	search	nr	True	956233	957018	right	110	60	35	160	10	85	None	None	testing
6	qp	f	19	red	5	(80, 0)	(40, 69)	(-39, 69)	(-80, 0)	(-40, -69)	(40, -69)	diamond	red	dif	left	left	(-40, -69)	(-80, 0)	search	nr	True	958237	959003	left	35	110	135	60	85	160	None	None	testing
6	qp	f	19	red	5	(80, 0)	(40, 69)	(-39, 69)	(-80, 0)	(-40, -69)	(40, -69)	diamond	red	dif	left	left	(40, -69)	(-80, 0)	probe	tar	None	None	None	None	85	135	60	10	35	110	(-80, 0)	147	testing
6	qp	f	19	red	5	(80, 0)	(40, 69)	(-39, 69)	(-80, 0)	(-40, -69)	(40, -69)	diamond	red	dif	right	right	(40, -69)	(80, 0)	probe	norm	None	None	None	None	60	135	110	160	85	35	(-40, -69)	23	testing
6	qp	f	19	red	5	(80, 0)	(40, 69)	(-39, 69)	(-80, 0)	(-40, -69)	(40, -69)	diamond	red	same	right	right	(-40, -69)	(-80, 0)	probe	l_sin	None	None	None	None	135	60	110	85	35	10	(-40, -69)	163	testing
6	qp	f	19	red	5	(80, 0)	(40, 69)	(-39, 69)	(-80, 0)	(-40, -69)	(40, -69)	circle	red	same	left	left	(40, -69)	(40, 69)	search	nr	True	976103	977627	left	110	60	10	135	35	160	None	None	testing
6	qp	f	19	red	5	(80, 0)	(40, 69)	(-39, 69)	(-80, 0)	(-40, -69)	(40, -69)	diamond	red	dif	left	left	(40, -69)	(-80, 0)	search	nr	True	978724	979802	left	135	160	35	10	85	110	None	None	testing
6	qp	f	19	red	5	(80, 0)	(40, 69)	(-39, 69)	(-80, 0)	(-40, -69)	(40, -69)	circle	red	dif	left	left	(40, -69)	(80, 0)	probe	norm	None	None	None	None	135	110	35	60	85	10	(-80, 0)	165	testing
6	qp	f	19	red	5	(80, 0)	(40, 69)	(-39, 69)	(-80, 0)	(-40, -69)	(40, -69)	diamond	red	same	right	right	(40, -69)	(-39, 69)	search	nr	True	985186	985914	right	110	60	135	35	160	10	None	None	testing
6	qp	f	19	red	5	(80, 0)	(40, 69)	(-39, 69)	(-80, 0)	(-40, -69)	(40, -69)	diamond	none	dif	right	right	N_dist	(80, 0)	search	nr	True	987107	987707	right	10	110	135	35	60	85	None	None	testing
6	qp	f	19	red	5	(80, 0)	(40, 69)	(-39, 69)	(-80, 0)	(-40, -69)	(40, -69)	diamond	none	dif	left	left	N_dist	(-40, -69)	probe	l_norm	None	None	None	None	135	60	160	10	110	35	(40, 69)	162	testing
6	qp	f	19	red	5	(80, 0)	(40, 69)	(-39, 69)	(-80, 0)	(-40, -69)	(40, -69)	diamond	red	same	right	right	(40, -69)	(-39, 69)	probe	tar	None	None	None	None	10	160	135	60	35	85	(-39, 69)	15	testing
6	qp	f	19	red	5	(80, 0)	(40, 69)	(-39, 69)	(-80, 0)	(-40, -69)	(40, -69)	circle	red	same	left	left	(40, -69)	(80, 0)	search	nr	True	998211	999018	left	160	135	85	60	35	10	None	None	testing
6	qp	f	19	red	5	(80, 0)	(40, 69)	(-39, 69)	(-80, 0)	(-40, -69)	(40, -69)	diamond	red	same	right	right	(40, -69)	(-39, 69)	probe	norm	None	None	None	None	60	35	135	110	10	160	(-80, 0)	0	testing
6	qp	f	19	red	5	(80, 0)	(40, 69)	(-39, 69)	(-80, 0)	(-40, -69)	(40, -69)	circle	none	same	left	left	N_dist	(-80, 0)	probe	l_tar	None	None	None	None	85	60	135	160	10	110	(-80, 0)	22	testing
6	qp	f	19	red	5	(80, 0)	(40, 69)	(-39, 69)	(-80, 0)	(-40, -69)	(40, -69)	circle	red	same	left	left	(40, -69)	(-40, -69)	search	nr	True	1008345	1009706	left	60	85	160	135	10	35	None	None	testing
6	qp	f	19	red	5	(80, 0)	(40, 69)	(-39, 69)	(-80, 0)	(-40, -69)	(40, -69)	circle	red	same	left	left	(40, 69)	(-80, 0)	probe	l_sin	None	None	None	None	160	35	135	60	10	85	(40, 69)	17	testing
6	qp	f	19	red	5	(80, 0)	(40, 69)	(-39, 69)	(-80, 0)	(-40, -69)	(40, -69)	circle	red	same	left	left	(40, -69)	(40, 69)	probe	norm	None	None	None	None	10	35	60	135	85	110	(-80, 0)	20	testing
6	qp	f	19	red	5	(80, 0)	(40, 69)	(-39, 69)	(-80, 0)	(-40, -69)	(40, -69)	diamond	red	same	left	left	(-40, -69)	(-39, 69)	search	nr	True	1022104	1023210	left	110	85	135	160	60	10	None	None	testing
6	qp	f	19	red	5	(80, 0)	(40, 69)	(-39, 69)	(-80, 0)	(-40, -69)	(40, -69)	diamond	red	dif	left	left	(40, -69)	(40, 69)	search	nr	True	1024359	1025097	left	10	135	35	85	110	160	None	None	testing
6	qp	f	19	red	5	(80, 0)	(40, 69)	(-39, 69)	(-80, 0)	(-40, -69)	(40, -69)	diamond	red	same	left	left	(40, -69)	(40, 69)	probe	norm	None	None	None	None	85	160	10	135	60	35	(80, 0)	169	testing
6	qp	f	19	red	5	(80, 0)	(40, 69)	(-39, 69)	(-80, 0)	(-40, -69)	(40, -69)	circle	red	same	left	left	(40, 69)	(-80, 0)	search	nr	True	1032190	1032954	left	160	35	135	60	110	10	None	None	testing
6	qp	f	19	red	5	(80, 0)	(40, 69)	(-39, 69)	(-80, 0)	(-40, -69)	(40, -69)	circle	none	same	left	left	N_dist	(80, 0)	probe	l_norm	None	None	None	None	160	85	35	10	110	60	(-40, -69)	17	testing
6	qp	f	19	red	5	(80, 0)	(40, 69)	(-39, 69)	(-80, 0)	(-40, -69)	(40, -69)	diamond	none	dif	right	right	N_dist	(80, 0)	probe	h_norm	None	None	None	None	110	160	35	60	135	85	(40, -69)	166	testing
6	qp	f	19	red	5	(80, 0)	(40, 69)	(-39, 69)	(-80, 0)	(-40, -69)	(40, -69)	diamond	red	dif	right	right	(-80, 0)	(-39, 69)	search	nr	True	1048687	1049641	right	110	10	135	60	35	85	None	None	testing
6	qp	f	19	red	5	(80, 0)	(40, 69)	(-39, 69)	(-80, 0)	(-40, -69)	(40, -69)	circle	red	dif	right	right	(-80, 0)	(80, 0)	search	nr	True	1050941	1051738	right	135	10	110	60	35	85	None	None	testing
6	qp	f	19	red	5	(80, 0)	(40, 69)	(-39, 69)	(-80, 0)	(-40, -69)	(40, -69)	circle	none	dif	left	left	N_dist	(40, -69)	search	nr	True	1053028	1053914	left	160	10	60	85	35	135	None	None	testing
6	qp	f	19	red	5	(80, 0)	(40, 69)	(-39, 69)	(-80, 0)	(-40, -69)	(40, -69)	diamond	none	same	right	right	N_dist	(40, 69)	search	nr	True	1055082	1056074	right	85	160	110	60	10	35	None	None	testing
6	qp	f	19	red	5	(80, 0)	(40, 69)	(-39, 69)	(-80, 0)	(-40, -69)	(40, -69)	diamond	none	same	right	right	N_dist	(-39, 69)	probe	l_norm	None	None	None	None	110	160	10	60	35	135	(-80, 0)	166	testing
6	qp	f	19	red	5	(80, 0)	(40, 69)	(-39, 69)	(-80, 0)	(-40, -69)	(40, -69)	diamond	red	dif	left	left	(40, -69)	(40, 69)	search	nr	True	1061276	1062026	left	110	10	60	85	160	35	None	None	testing
6	qp	f	19	red	5	(80, 0)	(40, 69)	(-39, 69)	(-80, 0)	(-40, -69)	(40, -69)	diamond	none	same	right	right	N_dist	(40, 69)	search	nr	True	1063164	1063914	right	35	10	60	135	110	160	None	None	testing
6	qp	f	19	red	5	(80, 0)	(40, 69)	(-39, 69)	(-80, 0)	(-40, -69)	(40, -69)	circle	red	same	right	right	(40, -69)	(-40, -69)	probe	tar	None	None	None	None	10	85	35	60	160	110	(-40, -69)	165	testing
6	qp	f	19	red	5	(80, 0)	(40, 69)	(-39, 69)	(-80, 0)	(-40, -69)	(40, -69)	circle	red	same	left	left	(40, 69)	(-80, 0)	search	nr	True	1070443	1071802	left	60	85	10	135	35	110	None	None	testing
6	qp	f	19	red	5	(80, 0)	(40, 69)	(-39, 69)	(-80, 0)	(-40, -69)	(40, -69)	diamond	none	dif	right	right	N_dist	(80, 0)	search	nr	True	1072865	1073738	right	135	10	60	160	35	110	None	None	testing
6	qp	f	19	red	5	(80, 0)	(40, 69)	(-39, 69)	(-80, 0)	(-40, -69)	(40, -69)	diamond	red	same	left	left	(-80, 0)	(-40, -69)	search	nr	True	1074952	1075818	left	60	160	110	35	10	85	None	None	testing
6	qp	f	19	red	5	(80, 0)	(40, 69)	(-39, 69)	(-80, 0)	(-40, -69)	(40, -69)	circle	red	same	right	right	(40, -69)	(-80, 0)	probe	h_sin	None	None	None	None	60	85	35	10	135	110	(40, -69)	17	testing
6	qp	f	19	red	5	(80, 0)	(40, 69)	(-39, 69)	(-80, 0)	(-40, -69)	(40, -69)	diamond	red	dif	right	right	(-39, 69)	(-80, 0)	search	nr	True	1084286	1085178	right	10	135	60	35	160	110	None	None	testing
6	qp	f	19	red	5	(80, 0)	(40, 69)	(-39, 69)	(-80, 0)	(-40, -69)	(40, -69)	circle	red	dif	right	right	(80, 0)	(-40, -69)	search	nr	True	1086373	1087370	right	135	60	160	10	85	110	None	None	testing
6	qp	f	19	red	5	(80, 0)	(40, 69)	(-39, 69)	(-80, 0)	(-40, -69)	(40, -69)	diamond	red	same	left	left	(40, -69)	(80, 0)	search	nr	True	1088426	1089274	left	160	60	10	110	85	35	None	None	testing
6	qp	f	19	red	5	(80, 0)	(40, 69)	(-39, 69)	(-80, 0)	(-40, -69)	(40, -69)	circle	red	same	left	left	(40, -69)	(-39, 69)	search	nr	True	1090564	1091322	left	35	10	110	85	135	60	None	None	testing
6	qp	f	19	red	5	(80, 0)	(40, 69)	(-39, 69)	(-80, 0)	(-40, -69)	(40, -69)	circle	red	same	right	right	(40, -69)	(-40, -69)	search	nr	True	1092484	1093514	right	110	60	135	160	35	10	None	None	testing
6	qp	f	19	red	5	(80, 0)	(40, 69)	(-39, 69)	(-80, 0)	(-40, -69)	(40, -69)	diamond	none	same	right	right	N_dist	(40, 69)	probe	l_tar	None	None	None	None	110	160	35	135	60	10	(40, 69)	15	testing
6	qp	f	19	red	5	(80, 0)	(40, 69)	(-39, 69)	(-80, 0)	(-40, -69)	(40, -69)	circle	red	dif	right	right	(40, -69)	(-40, -69)	probe	h_sin	None	None	None	None	135	60	85	160	10	110	(40, -69)	165	testing
6	qp	f	19	red	5	(80, 0)	(40, 69)	(-39, 69)	(-80, 0)	(-40, -69)	(40, -69)	circle	red	same	left	left	(40, -69)	(-40, -69)	search	nr	True	1106543	1107402	left	160	10	85	110	135	35	None	None	testing
6	qp	f	19	red	5	(80, 0)	(40, 69)	(-39, 69)	(-80, 0)	(-40, -69)	(40, -69)	circle	none	same	right	right	N_dist	(-40, -69)	search	nr	True	1108563	1109338	right	110	35	135	85	160	10	None	None	testing
6	qp	f	19	red	5	(80, 0)	(40, 69)	(-39, 69)	(-80, 0)	(-40, -69)	(40, -69)	diamond	none	same	right	right	N_dist	(40, 69)	search	nr	True	1110417	1111354	right	110	135	60	160	35	85	None	None	testing
6	qp	f	19	red	5	(80, 0)	(40, 69)	(-39, 69)	(-80, 0)	(-40, -69)	(40, -69)	diamond	red	dif	right	right	(-39, 69)	(-40, -69)	probe	l_sin	None	None	None	None	135	85	10	160	60	110	(-39, 69)	17	testing
6	qp	f	19	red	5	(80, 0)	(40, 69)	(-39, 69)	(-80, 0)	(-40, -69)	(40, -69)	circle	red	same	right	right	(-39, 69)	(-40, -69)	search	nr	True	1118482	1119274	right	10	85	135	35	60	110	None	None	testing
6	qp	f	19	red	5	(80, 0)	(40, 69)	(-39, 69)	(-80, 0)	(-40, -69)	(40, -69)	diamond	red	dif	left	left	(40, -69)	(80, 0)	search	nr	True	1120435	1121146	left	85	35	110	135	10	60	None	None	testing
6	qp	f	19	red	5	(80, 0)	(40, 69)	(-39, 69)	(-80, 0)	(-40, -69)	(40, -69)	diamond	none	same	right	right	N_dist	(40, 69)	search	nr	True	1122439	1123210	right	85	135	35	110	60	10	None	None	testing
6	qp	f	19	red	5	(80, 0)	(40, 69)	(-39, 69)	(-80, 0)	(-40, -69)	(40, -69)	circle	none	same	left	left	N_dist	(40, -69)	probe	h_tar	None	None	None	None	110	35	10	160	60	85	(40, -69)	173	testing
6	qp	f	19	red	5	(80, 0)	(40, 69)	(-39, 69)	(-80, 0)	(-40, -69)	(40, -69)	circle	red	dif	left	left	(40, 69)	(80, 0)	probe	l_sin	None	None	None	None	35	60	10	110	135	85	(40, 69)	13	testing
6	qp	f	19	red	5	(80, 0)	(40, 69)	(-39, 69)	(-80, 0)	(-40, -69)	(40, -69)	diamond	red	same	right	right	(-39, 69)	(-80, 0)	probe	l_sin	None	None	None	None	10	110	160	60	85	35	(-39, 69)	14	testing
6	qp	f	19	red	5	(80, 0)	(40, 69)	(-39, 69)	(-80, 0)	(-40, -69)	(40, -69)	circle	red	same	left	left	(40, -69)	(-39, 69)	search	nr	True	1139621	1140506	left	10	160	60	35	135	85	None	None	testing
6	qp	f	19	red	5	(80, 0)	(40, 69)	(-39, 69)	(-80, 0)	(-40, -69)	(40, -69)	circle	none	same	left	left	N_dist	(40, 69)	probe	l_norm	None	None	None	None	135	110	160	35	60	85	(-80, 0)	168	testing
6	qp	f	19	red	5	(80, 0)	(40, 69)	(-39, 69)	(-80, 0)	(-40, -69)	(40, -69)	circle	none	same	left	left	N_dist	(40, -69)	search	nr	True	1146516	1147290	left	110	85	35	10	135	60	None	None	testing
6	qp	f	19	red	5	(80, 0)	(40, 69)	(-39, 69)	(-80, 0)	(-40, -69)	(40, -69)	circle	none	same	right	right	N_dist	(-40, -69)	search	nr	True	1148403	1149162	right	110	85	160	10	60	135	None	None	testing
6	qp	f	19	red	5	(80, 0)	(40, 69)	(-39, 69)	(-80, 0)	(-40, -69)	(40, -69)	circle	red	dif	left	left	(40, -69)	(80, 0)	search	nr	True	1150407	1151050	left	85	60	135	10	160	110	None	None	testing
6	qp	f	19	red	5	(80, 0)	(40, 69)	(-39, 69)	(-80, 0)	(-40, -69)	(40, -69)	circle	red	dif	right	right	(80, 0)	(-39, 69)	search	nr	True	1152194	1152809	right	110	85	10	160	60	35	None	None	testing
6	qp	f	19	red	5	(80, 0)	(40, 69)	(-39, 69)	(-80, 0)	(-40, -69)	(40, -69)	circle	red	dif	left	left	(40, -69)	(40, 69)	probe	tar	None	None	None	None	160	110	35	135	10	85	(40, 69)	15	testing
6	qp	f	19	red	5	(80, 0)	(40, 69)	(-39, 69)	(-80, 0)	(-40, -69)	(40, -69)	diamond	none	same	left	left	N_dist	(40, 69)	search	nr	True	1158505	1159290	right	10	60	85	135	35	160	None	None	testing
6	qp	f	19	red	5	(80, 0)	(40, 69)	(-39, 69)	(-80, 0)	(-40, -69)	(40, -69)	circle	none	dif	right	right	N_dist	(40, -69)	search	nr	True	1162028	1163003	right	110	160	10	35	60	135	None	None	testing
6	qp	f	19	red	5	(80, 0)	(40, 69)	(-39, 69)	(-80, 0)	(-40, -69)	(40, -69)	diamond	none	same	left	left	N_dist	(-40, -69)	search	nr	True	1164132	1164746	left	60	110	135	85	35	10	None	None	testing
6	qp	f	19	red	5	(80, 0)	(40, 69)	(-39, 69)	(-80, 0)	(-40, -69)	(40, -69)	circle	red	same	left	left	(40, -69)	(-40, -69)	probe	norm	None	None	None	None	10	160	35	135	110	85	(-39, 69)	162	testing
6	qp	f	19	red	5	(80, 0)	(40, 69)	(-39, 69)	(-80, 0)	(-40, -69)	(40, -69)	diamond	red	same	left	left	(40, -69)	(-80, 0)	search	nr	True	1178459	1179290	left	10	85	110	35	60	160	None	None	testing
