subj	name	gender	age	dist	run	tar_locs1	tar_locs2	tar_locs3	tar_locs4	tar_locs5	tar_locs6	shape	dist	td_dif	detection	resp_key	dis_loc	tar_loc	task_type	probe_cond	gotKey	startTime	respTime	resp	o1	o2	o3	o4	o5	o6	pro_loc	ori_resp	mode
6	qp	f	19	red	1	(80, 0)	(40, 69)	(-39, 69)	(-80, 0)	(-40, -69)	(40, -69)	diamond	none	dif	right	right	N_dist	(80, 0)	search	nr	True	183102	183970	right	60	35	160	10	110	85	None	None	practice
6	qp	f	19	red	1	(80, 0)	(40, 69)	(-39, 69)	(-80, 0)	(-40, -69)	(40, -69)	diamond	red	same	right	right	(40, -69)	(80, 0)	search	nr	True	185089	186609	right	35	60	85	10	135	110	None	None	practice
6	qp	f	19	red	1	(80, 0)	(40, 69)	(-39, 69)	(-80, 0)	(-40, -69)	(40, -69)	circle	red	dif	left	left	(40, -69)	(40, 69)	search	nr	True	187894	188658	left	10	35	60	135	85	160	None	None	practice
6	qp	f	19	red	1	(80, 0)	(40, 69)	(-39, 69)	(-80, 0)	(-40, -69)	(40, -69)	diamond	none	same	right	right	N_dist	(-80, 0)	probe	l_norm	None	None	None	None	85	35	10	60	110	135	(80, 0)	11	practice
6	qp	f	19	red	1	(80, 0)	(40, 69)	(-39, 69)	(-80, 0)	(-40, -69)	(40, -69)	circle	red	dif	left	left	(40, -69)	(80, 0)	search	nr	True	201151	202642	left	135	35	10	85	160	110	None	None	practice
6	qp	f	19	red	1	(80, 0)	(40, 69)	(-39, 69)	(-80, 0)	(-40, -69)	(40, -69)	circle	red	same	right	right	(-40, -69)	(80, 0)	search	nr	True	203756	204706	right	10	160	85	35	60	135	None	None	practice
6	qp	f	19	red	1	(80, 0)	(40, 69)	(-39, 69)	(-80, 0)	(-40, -69)	(40, -69)	circle	none	same	right	right	N_dist	(80, 0)	search	nr	True	205910	206657	right	135	85	10	35	160	110	None	None	practice
6	qp	f	19	red	1	(80, 0)	(40, 69)	(-39, 69)	(-80, 0)	(-40, -69)	(40, -69)	diamond	none	same	right	right	N_dist	(-80, 0)	search	nr	True	207747	209617	right	10	85	110	160	35	135	None	None	practice
6	qp	f	19	red	1	(80, 0)	(40, 69)	(-39, 69)	(-80, 0)	(-40, -69)	(40, -69)	circle	red	same	right	right	(-40, -69)	(-39, 69)	probe	l_sin	None	None	None	None	110	160	10	35	60	85	(-40, -69)	62	practice
6	qp	f	19	red	1	(80, 0)	(40, 69)	(-39, 69)	(-80, 0)	(-40, -69)	(40, -69)	circle	red	same	right	right	(-40, -69)	(-80, 0)	probe	l_sin	None	None	None	None	160	110	10	60	35	135	(-40, -69)	162	practice
6	qp	f	19	red	1	(80, 0)	(40, 69)	(-39, 69)	(-80, 0)	(-40, -69)	(40, -69)	diamond	red	same	right	right	(40, -69)	(-39, 69)	search	nr	True	228451	229266	right	35	60	85	160	110	10	None	None	practice
6	qp	f	19	red	1	(80, 0)	(40, 69)	(-39, 69)	(-80, 0)	(-40, -69)	(40, -69)	diamond	red	same	right	right	(40, -69)	(80, 0)	search	nr	True	230522	231282	right	60	135	160	10	35	110	None	None	practice
6	qp	f	19	red	1	(80, 0)	(40, 69)	(-39, 69)	(-80, 0)	(-40, -69)	(40, -69)	diamond	none	same	right	right	N_dist	(-39, 69)	search	nr	True	232525	233186	right	135	110	85	160	60	35	None	None	practice
6	qp	f	19	red	1	(80, 0)	(40, 69)	(-39, 69)	(-80, 0)	(-40, -69)	(40, -69)	diamond	none	dif	right	right	N_dist	(80, 0)	probe	h_norm	None	None	None	None	110	85	60	135	35	10	(40, -69)	19	practice
6	qp	f	19	red	1	(80, 0)	(40, 69)	(-39, 69)	(-80, 0)	(-40, -69)	(40, -69)	circle	none	dif	right	right	N_dist	(40, 69)	probe	l_norm	None	None	None	None	35	10	160	135	110	60	(-80, 0)	104	practice
6	qp	f	19	red	1	(80, 0)	(40, 69)	(-39, 69)	(-80, 0)	(-40, -69)	(40, -69)	circle	none	dif	left	left	N_dist	(-39, 69)	search	nr	True	255618	256417	left	35	110	10	60	85	135	None	None	practice
6	qp	f	19	red	1	(80, 0)	(40, 69)	(-39, 69)	(-80, 0)	(-40, -69)	(40, -69)	diamond	red	same	right	right	(40, -69)	(-80, 0)	probe	tar	None	None	None	None	10	135	110	160	35	85	(-80, 0)	107	practice
6	qp	f	19	red	1	(80, 0)	(40, 69)	(-39, 69)	(-80, 0)	(-40, -69)	(40, -69)	diamond	none	same	right	right	N_dist	(-40, -69)	search	nr	True	264785	265826	right	35	135	85	110	60	160	None	None	practice
6	qp	f	19	red	1	(80, 0)	(40, 69)	(-39, 69)	(-80, 0)	(-40, -69)	(40, -69)	diamond	red	dif	right	right	(40, -69)	(-40, -69)	search	nr	True	266989	268930	right	60	160	10	135	110	35	None	None	practice
6	qp	f	19	red	1	(80, 0)	(40, 69)	(-39, 69)	(-80, 0)	(-40, -69)	(40, -69)	diamond	red	dif	left	left	(40, -69)	(-80, 0)	probe	tar	None	None	None	None	85	35	160	60	10	135	(-80, 0)	158	practice
6	qp	f	19	red	1	(80, 0)	(40, 69)	(-39, 69)	(-80, 0)	(-40, -69)	(40, -69)	diamond	none	same	right	right	N_dist	(-80, 0)	probe	l_norm	None	None	None	None	85	35	160	135	10	110	(80, 0)	19	practice
6	qp	f	19	red	1	(80, 0)	(40, 69)	(-39, 69)	(-80, 0)	(-40, -69)	(40, -69)	circle	none	dif	right	right	N_dist	(40, -69)	search	nr	True	295926	297218	right	10	135	60	85	35	160	None	None	practice
6	qp	f	19	red	1	(80, 0)	(40, 69)	(-39, 69)	(-80, 0)	(-40, -69)	(40, -69)	circle	none	same	right	right	N_dist	(40, -69)	search	nr	True	298313	299186	right	110	60	160	10	85	35	None	None	practice
6	qp	f	19	red	1	(80, 0)	(40, 69)	(-39, 69)	(-80, 0)	(-40, -69)	(40, -69)	circle	none	same	right	right	N_dist	(40, -69)	probe	h_tar	None	None	None	None	35	110	135	160	85	60	(40, -69)	106	practice
6	qp	f	19	red	1	(80, 0)	(40, 69)	(-39, 69)	(-80, 0)	(-40, -69)	(40, -69)	diamond	none	dif	left	left	N_dist	(-40, -69)	search	nr	True	309300	310178	left	10	110	85	160	35	135	None	None	practice
6	qp	f	19	red	1	(80, 0)	(40, 69)	(-39, 69)	(-80, 0)	(-40, -69)	(40, -69)	diamond	red	same	left	left	(40, -69)	(80, 0)	probe	h_sin	None	None	None	None	110	135	60	160	10	35	(40, -69)	22	practice
6	qp	f	19	red	1	(80, 0)	(40, 69)	(-39, 69)	(-80, 0)	(-40, -69)	(40, -69)	circle	red	same	left	left	(40, -69)	(80, 0)	search	nr	True	322007	323025	left	10	60	85	160	35	135	None	None	practice
6	qp	f	19	red	1	(80, 0)	(40, 69)	(-39, 69)	(-80, 0)	(-40, -69)	(40, -69)	diamond	none	dif	right	right	N_dist	(40, 69)	search	nr	True	324244	325025	right	35	135	10	85	60	160	None	None	practice
6	qp	f	19	red	1	(80, 0)	(40, 69)	(-39, 69)	(-80, 0)	(-40, -69)	(40, -69)	circle	red	same	left	left	(-39, 69)	(-80, 0)	search	nr	True	326298	327521	left	35	60	10	85	160	135	None	None	practice
6	qp	f	19	red	1	(80, 0)	(40, 69)	(-39, 69)	(-80, 0)	(-40, -69)	(40, -69)	diamond	red	same	right	right	(40, -69)	(80, 0)	probe	norm	None	None	None	None	160	135	60	35	110	85	(40, 69)	9	practice
6	qp	f	19	red	1	(80, 0)	(40, 69)	(-39, 69)	(-80, 0)	(-40, -69)	(40, -69)	circle	none	dif	left	left	N_dist	(-39, 69)	probe	l_tar	None	None	None	None	60	110	85	160	135	10	(-39, 69)	8	practice
6	qp	f	19	red	1	(80, 0)	(40, 69)	(-39, 69)	(-80, 0)	(-40, -69)	(40, -69)	diamond	red	same	right	right	(40, -69)	(-80, 0)	search	nr	True	341510	342657	right	60	10	35	135	110	160	None	None	practice
6	qp	f	19	red	1	(80, 0)	(40, 69)	(-39, 69)	(-80, 0)	(-40, -69)	(40, -69)	circle	red	dif	right	right	(40, -69)	(-80, 0)	search	nr	True	343813	345601	right	160	110	35	60	10	135	None	None	practice
6	qp	f	19	red	1	(80, 0)	(40, 69)	(-39, 69)	(-80, 0)	(-40, -69)	(40, -69)	diamond	none	dif	right	right	N_dist	(40, -69)	probe	h_tar	None	None	None	None	85	135	160	110	60	35	(40, -69)	14	practice
6	qp	f	19	red	1	(80, 0)	(40, 69)	(-39, 69)	(-80, 0)	(-40, -69)	(40, -69)	diamond	red	same	left	left	(40, -69)	(40, 69)	search	nr	True	353665	354545	left	10	135	85	60	35	110	None	None	practice
6	qp	f	19	red	1	(80, 0)	(40, 69)	(-39, 69)	(-80, 0)	(-40, -69)	(40, -69)	diamond	red	same	right	right	(-40, -69)	(40, 69)	probe	l_sin	None	None	None	None	135	85	35	160	10	60	(-40, -69)	169	practice
6	qp	f	19	red	1	(80, 0)	(40, 69)	(-39, 69)	(-80, 0)	(-40, -69)	(40, -69)	diamond	red	same	right	right	(40, -69)	(-39, 69)	probe	h_sin	None	None	None	None	35	135	110	60	85	160	(40, -69)	15	practice
6	qp	f	19	red	1	(80, 0)	(40, 69)	(-39, 69)	(-80, 0)	(-40, -69)	(40, -69)	diamond	red	dif	left	left	(40, -69)	(-39, 69)	search	nr	True	371381	372258	left	35	160	110	60	10	85	None	None	practice
6	qp	f	19	red	1	(80, 0)	(40, 69)	(-39, 69)	(-80, 0)	(-40, -69)	(40, -69)	diamond	none	dif	left	left	N_dist	(-40, -69)	search	nr	True	373335	374130	left	85	110	160	35	10	60	None	None	practice
6	qp	f	19	red	1	(80, 0)	(40, 69)	(-39, 69)	(-80, 0)	(-40, -69)	(40, -69)	circle	red	dif	left	left	(40, -69)	(-39, 69)	search	nr	True	375255	376049	left	110	35	60	160	85	10	None	None	practice
6	qp	f	19	red	1	(80, 0)	(40, 69)	(-39, 69)	(-80, 0)	(-40, -69)	(40, -69)	circle	none	dif	left	left	N_dist	(-39, 69)	search	nr	True	430773	431458	left	110	35	160	135	10	85	None	None	testing
6	qp	f	19	red	1	(80, 0)	(40, 69)	(-39, 69)	(-80, 0)	(-40, -69)	(40, -69)	circle	none	dif	right	right	N_dist	(-39, 69)	search	nr	True	432561	433233	right	160	110	135	10	35	85	None	None	testing
6	qp	f	19	red	1	(80, 0)	(40, 69)	(-39, 69)	(-80, 0)	(-40, -69)	(40, -69)	diamond	red	same	left	left	(40, -69)	(80, 0)	search	nr	True	434464	435745	left	135	160	35	110	85	10	None	None	testing
6	qp	f	19	red	1	(80, 0)	(40, 69)	(-39, 69)	(-80, 0)	(-40, -69)	(40, -69)	circle	red	dif	left	left	(40, -69)	(-40, -69)	probe	norm	None	None	None	None	160	135	60	85	110	35	(80, 0)	8	testing
6	qp	f	19	red	1	(80, 0)	(40, 69)	(-39, 69)	(-80, 0)	(-40, -69)	(40, -69)	circle	red	same	left	left	(-39, 69)	(40, 69)	probe	l_sin	None	None	None	None	110	160	10	35	135	60	(-39, 69)	170	testing
6	qp	f	19	red	1	(80, 0)	(40, 69)	(-39, 69)	(-80, 0)	(-40, -69)	(40, -69)	circle	red	same	left	left	(40, -69)	(-80, 0)	probe	tar	None	None	None	None	10	60	35	135	85	110	(-80, 0)	11	testing
6	qp	f	19	red	1	(80, 0)	(40, 69)	(-39, 69)	(-80, 0)	(-40, -69)	(40, -69)	diamond	none	dif	right	right	N_dist	(80, 0)	probe	h_norm	None	None	None	None	10	35	160	85	60	110	(40, -69)	18	testing
6	qp	f	19	red	1	(80, 0)	(40, 69)	(-39, 69)	(-80, 0)	(-40, -69)	(40, -69)	circle	none	same	right	right	N_dist	(40, -69)	search	nr	True	457840	459378	right	10	135	160	60	35	85	None	None	testing
6	qp	f	19	red	1	(80, 0)	(40, 69)	(-39, 69)	(-80, 0)	(-40, -69)	(40, -69)	diamond	red	dif	right	right	(-40, -69)	(-80, 0)	search	nr	True	460495	461474	right	135	85	110	60	160	10	None	None	testing
6	qp	f	19	red	1	(80, 0)	(40, 69)	(-39, 69)	(-80, 0)	(-40, -69)	(40, -69)	circle	red	same	left	left	(40, -69)	(40, 69)	probe	h_sin	None	None	None	None	135	35	10	85	160	60	(40, -69)	23	testing
6	qp	f	19	red	1	(80, 0)	(40, 69)	(-39, 69)	(-80, 0)	(-40, -69)	(40, -69)	circle	red	same	right	right	(80, 0)	(40, 69)	search	nr	True	468359	469554	right	60	135	10	160	35	110	None	None	testing
6	qp	f	19	red	1	(80, 0)	(40, 69)	(-39, 69)	(-80, 0)	(-40, -69)	(40, -69)	diamond	red	same	right	right	(-40, -69)	(40, 69)	probe	l_sin	None	None	None	None	85	10	35	110	60	160	(-40, -69)	175	testing
6	qp	f	19	red	1	(80, 0)	(40, 69)	(-39, 69)	(-80, 0)	(-40, -69)	(40, -69)	circle	red	dif	left	left	(40, 69)	(80, 0)	probe	tar	None	None	None	None	135	110	60	35	85	10	(80, 0)	8	testing
6	qp	f	19	red	1	(80, 0)	(40, 69)	(-39, 69)	(-80, 0)	(-40, -69)	(40, -69)	circle	none	same	left	left	N_dist	(-39, 69)	search	nr	True	481784	482449	left	160	10	35	60	110	135	None	None	testing
6	qp	f	19	red	1	(80, 0)	(40, 69)	(-39, 69)	(-80, 0)	(-40, -69)	(40, -69)	circle	red	same	left	left	(40, -69)	(40, 69)	search	nr	True	483721	484434	left	110	60	160	85	10	135	None	None	testing
6	qp	f	19	red	1	(80, 0)	(40, 69)	(-39, 69)	(-80, 0)	(-40, -69)	(40, -69)	circle	none	same	left	left	N_dist	(-80, 0)	probe	h_norm	None	None	None	None	10	110	60	135	35	160	(40, -69)	13	testing
6	qp	f	19	red	1	(80, 0)	(40, 69)	(-39, 69)	(-80, 0)	(-40, -69)	(40, -69)	circle	red	dif	left	left	(80, 0)	(-40, -69)	probe	l_sin	None	None	None	None	110	85	60	35	135	10	(80, 0)	8	testing
6	qp	f	19	red	1	(80, 0)	(40, 69)	(-39, 69)	(-80, 0)	(-40, -69)	(40, -69)	circle	none	same	right	right	N_dist	(40, 69)	search	nr	True	498799	499586	right	10	135	110	35	60	160	None	None	testing
6	qp	f	19	red	1	(80, 0)	(40, 69)	(-39, 69)	(-80, 0)	(-40, -69)	(40, -69)	diamond	red	dif	right	right	(-40, -69)	(-80, 0)	search	nr	True	500886	501922	right	110	35	10	135	85	160	None	None	testing
6	qp	f	19	red	1	(80, 0)	(40, 69)	(-39, 69)	(-80, 0)	(-40, -69)	(40, -69)	diamond	none	same	left	left	N_dist	(40, -69)	probe	h_tar	None	None	None	None	135	160	35	10	110	85	(40, -69)	18	testing
6	qp	f	19	red	1	(80, 0)	(40, 69)	(-39, 69)	(-80, 0)	(-40, -69)	(40, -69)	circle	red	dif	right	right	(40, -69)	(-80, 0)	probe	norm	None	None	None	None	135	85	35	10	160	110	(80, 0)	12	testing
6	qp	f	19	red	1	(80, 0)	(40, 69)	(-39, 69)	(-80, 0)	(-40, -69)	(40, -69)	diamond	red	same	left	left	(40, -69)	(80, 0)	search	nr	True	516665	517602	left	10	35	135	110	60	160	None	None	testing
6	qp	f	19	red	1	(80, 0)	(40, 69)	(-39, 69)	(-80, 0)	(-40, -69)	(40, -69)	circle	none	dif	left	left	N_dist	(-39, 69)	search	nr	True	518719	519729	left	85	60	35	135	110	160	None	None	testing
6	qp	f	19	red	1	(80, 0)	(40, 69)	(-39, 69)	(-80, 0)	(-40, -69)	(40, -69)	diamond	red	same	left	left	(80, 0)	(-39, 69)	probe	l_sin	None	None	None	None	85	135	110	60	160	10	(80, 0)	0	testing
6	qp	f	19	red	1	(80, 0)	(40, 69)	(-39, 69)	(-80, 0)	(-40, -69)	(40, -69)	circle	red	dif	right	right	(40, -69)	(-80, 0)	search	nr	True	525381	526642	right	35	60	135	110	85	10	None	None	testing
6	qp	f	19	red	1	(80, 0)	(40, 69)	(-39, 69)	(-80, 0)	(-40, -69)	(40, -69)	diamond	red	same	right	right	(40, -69)	(-40, -69)	search	nr	True	527835	528673	right	35	110	60	160	10	135	None	None	testing
6	qp	f	19	red	1	(80, 0)	(40, 69)	(-39, 69)	(-80, 0)	(-40, -69)	(40, -69)	circle	red	same	right	right	(-80, 0)	(40, 69)	search	nr	True	529923	531266	right	35	60	85	10	110	160	None	None	testing
6	qp	f	19	red	1	(80, 0)	(40, 69)	(-39, 69)	(-80, 0)	(-40, -69)	(40, -69)	diamond	red	dif	right	right	(40, -69)	(80, 0)	search	nr	True	532461	533745	right	85	10	110	35	160	135	None	None	testing
6	qp	f	19	red	1	(80, 0)	(40, 69)	(-39, 69)	(-80, 0)	(-40, -69)	(40, -69)	circle	red	same	right	right	(-40, -69)	(80, 0)	probe	l_sin	None	None	None	None	135	10	160	35	110	60	(-40, -69)	17	testing
6	qp	f	19	red	1	(80, 0)	(40, 69)	(-39, 69)	(-80, 0)	(-40, -69)	(40, -69)	diamond	none	dif	right	right	N_dist	(-40, -69)	probe	h_norm	None	None	None	None	60	85	10	135	35	160	(40, -69)	22	testing
6	qp	f	19	red	1	(80, 0)	(40, 69)	(-39, 69)	(-80, 0)	(-40, -69)	(40, -69)	diamond	red	dif	right	right	(40, -69)	(-40, -69)	search	nr	True	552965	554978	right	135	35	10	85	110	60	None	None	testing
6	qp	f	19	red	1	(80, 0)	(40, 69)	(-39, 69)	(-80, 0)	(-40, -69)	(40, -69)	circle	red	same	right	right	(40, -69)	(-39, 69)	search	nr	True	556070	556737	right	110	160	85	35	60	135	None	None	testing
6	qp	f	19	red	1	(80, 0)	(40, 69)	(-39, 69)	(-80, 0)	(-40, -69)	(40, -69)	diamond	red	same	right	right	(40, -69)	(-80, 0)	search	nr	True	557874	558513	right	35	60	110	10	135	160	None	None	testing
6	qp	f	19	red	1	(80, 0)	(40, 69)	(-39, 69)	(-80, 0)	(-40, -69)	(40, -69)	circle	red	same	right	right	(-40, -69)	(-39, 69)	probe	l_sin	None	None	None	None	35	60	160	85	135	10	(-40, -69)	161	testing
6	qp	f	19	red	1	(80, 0)	(40, 69)	(-39, 69)	(-80, 0)	(-40, -69)	(40, -69)	circle	none	dif	left	left	N_dist	(-39, 69)	search	nr	True	564820	565521	left	85	35	135	110	60	10	None	None	testing
6	qp	f	19	red	1	(80, 0)	(40, 69)	(-39, 69)	(-80, 0)	(-40, -69)	(40, -69)	diamond	red	same	right	right	(-39, 69)	(40, 69)	search	nr	True	566773	568018	right	10	110	160	35	135	85	None	None	testing
6	qp	f	19	red	1	(80, 0)	(40, 69)	(-39, 69)	(-80, 0)	(-40, -69)	(40, -69)	circle	red	dif	right	right	(40, 69)	(-40, -69)	search	nr	True	569161	569937	right	110	10	160	85	135	60	None	None	testing
6	qp	f	19	red	1	(80, 0)	(40, 69)	(-39, 69)	(-80, 0)	(-40, -69)	(40, -69)	circle	red	same	left	left	(40, -69)	(-39, 69)	probe	tar	None	None	None	None	160	135	85	10	60	35	(-39, 69)	0	testing
6	qp	f	19	red	1	(80, 0)	(40, 69)	(-39, 69)	(-80, 0)	(-40, -69)	(40, -69)	diamond	none	dif	right	right	N_dist	(-40, -69)	search	nr	True	576825	577793	right	60	35	110	135	160	85	None	None	testing
6	qp	f	19	red	1	(80, 0)	(40, 69)	(-39, 69)	(-80, 0)	(-40, -69)	(40, -69)	diamond	red	dif	right	right	(40, -69)	(-40, -69)	search	nr	True	579113	579793	right	135	60	35	110	85	10	None	None	testing
6	qp	f	19	red	1	(80, 0)	(40, 69)	(-39, 69)	(-80, 0)	(-40, -69)	(40, -69)	circle	red	dif	left	left	(40, -69)	(-40, -69)	search	nr	True	581033	581905	left	160	60	85	135	35	110	None	None	testing
6	qp	f	19	red	1	(80, 0)	(40, 69)	(-39, 69)	(-80, 0)	(-40, -69)	(40, -69)	circle	red	dif	right	right	(40, 69)	(-40, -69)	search	nr	True	583153	583825	right	85	10	160	35	110	60	None	None	testing
6	qp	f	19	red	1	(80, 0)	(40, 69)	(-39, 69)	(-80, 0)	(-40, -69)	(40, -69)	circle	none	dif	right	right	N_dist	(80, 0)	search	nr	True	585074	586064	right	160	35	135	10	110	85	None	None	testing
6	qp	f	19	red	1	(80, 0)	(40, 69)	(-39, 69)	(-80, 0)	(-40, -69)	(40, -69)	circle	none	dif	right	right	N_dist	(40, -69)	search	nr	True	587194	588098	right	35	135	60	10	160	110	None	None	testing
6	qp	f	19	red	1	(80, 0)	(40, 69)	(-39, 69)	(-80, 0)	(-40, -69)	(40, -69)	circle	none	dif	left	left	N_dist	(40, -69)	search	nr	True	589265	590386	left	10	60	135	85	35	160	None	None	testing
6	qp	f	19	red	1	(80, 0)	(40, 69)	(-39, 69)	(-80, 0)	(-40, -69)	(40, -69)	diamond	red	dif	left	left	(40, -69)	(80, 0)	probe	h_sin	None	None	None	None	10	160	35	110	60	135	(40, -69)	164	testing
6	qp	f	19	red	1	(80, 0)	(40, 69)	(-39, 69)	(-80, 0)	(-40, -69)	(40, -69)	circle	red	dif	right	right	(-80, 0)	(-40, -69)	search	nr	True	599116	600129	right	160	85	135	35	10	110	None	None	testing
6	qp	f	19	red	1	(80, 0)	(40, 69)	(-39, 69)	(-80, 0)	(-40, -69)	(40, -69)	diamond	red	same	right	right	(40, -69)	(-80, 0)	probe	tar	None	None	None	None	135	110	35	10	60	85	(-80, 0)	165	testing
6	qp	f	19	red	1	(80, 0)	(40, 69)	(-39, 69)	(-80, 0)	(-40, -69)	(40, -69)	diamond	none	same	left	left	N_dist	(80, 0)	search	nr	True	611807	612514	left	160	135	85	10	60	110	None	None	testing
6	qp	f	19	red	1	(80, 0)	(40, 69)	(-39, 69)	(-80, 0)	(-40, -69)	(40, -69)	diamond	red	dif	right	right	(40, -69)	(80, 0)	probe	h_sin	None	None	None	None	35	10	110	85	60	135	(40, -69)	20	testing
6	qp	f	19	red	1	(80, 0)	(40, 69)	(-39, 69)	(-80, 0)	(-40, -69)	(40, -69)	circle	red	same	left	left	(80, 0)	(-80, 0)	search	nr	True	620222	621714	left	35	160	110	135	10	60	None	None	testing
6	qp	f	19	red	1	(80, 0)	(40, 69)	(-39, 69)	(-80, 0)	(-40, -69)	(40, -69)	diamond	red	dif	left	left	(40, -69)	(-39, 69)	probe	norm	None	None	None	None	85	160	135	110	10	60	(-40, -69)	18	testing
6	qp	f	19	red	1	(80, 0)	(40, 69)	(-39, 69)	(-80, 0)	(-40, -69)	(40, -69)	diamond	red	dif	left	left	(40, -69)	(80, 0)	search	nr	True	630324	630945	left	10	35	160	135	60	85	None	None	testing
6	qp	f	19	red	1	(80, 0)	(40, 69)	(-39, 69)	(-80, 0)	(-40, -69)	(40, -69)	diamond	red	same	left	left	(40, 69)	(-39, 69)	search	nr	True	632110	633281	left	160	35	135	85	10	60	None	None	testing
6	qp	f	19	red	1	(80, 0)	(40, 69)	(-39, 69)	(-80, 0)	(-40, -69)	(40, -69)	circle	none	dif	right	right	N_dist	(-80, 0)	search	nr	True	634398	635409	right	10	35	135	60	85	110	None	None	testing
6	qp	f	19	red	1	(80, 0)	(40, 69)	(-39, 69)	(-80, 0)	(-40, -69)	(40, -69)	diamond	red	same	left	left	(40, -69)	(80, 0)	probe	norm	None	None	None	None	110	35	135	10	160	85	(-80, 0)	16	testing
6	qp	f	19	red	1	(80, 0)	(40, 69)	(-39, 69)	(-80, 0)	(-40, -69)	(40, -69)	circle	red	dif	right	right	(40, 69)	(-39, 69)	probe	l_sin	None	None	None	None	110	60	10	85	35	160	(40, 69)	3	testing
6	qp	f	19	red	1	(80, 0)	(40, 69)	(-39, 69)	(-80, 0)	(-40, -69)	(40, -69)	diamond	red	dif	right	right	(40, -69)	(-40, -69)	probe	h_sin	None	None	None	None	160	35	85	60	10	110	(40, -69)	169	testing
6	qp	f	19	red	1	(80, 0)	(40, 69)	(-39, 69)	(-80, 0)	(-40, -69)	(40, -69)	circle	red	same	right	right	(40, -69)	(-39, 69)	search	nr	True	662333	663138	right	160	85	60	110	10	35	None	None	testing
6	qp	f	19	red	1	(80, 0)	(40, 69)	(-39, 69)	(-80, 0)	(-40, -69)	(40, -69)	circle	red	dif	left	left	(40, -69)	(-39, 69)	probe	norm	None	None	None	None	110	10	160	135	35	85	(-80, 0)	9	testing
6	qp	f	19	red	1	(80, 0)	(40, 69)	(-39, 69)	(-80, 0)	(-40, -69)	(40, -69)	diamond	none	dif	right	right	N_dist	(40, -69)	search	nr	True	677010	677985	right	85	60	10	160	135	110	None	None	testing
6	qp	f	19	red	1	(80, 0)	(40, 69)	(-39, 69)	(-80, 0)	(-40, -69)	(40, -69)	circle	red	dif	right	right	(40, -69)	(40, 69)	search	nr	True	679181	680177	right	135	85	60	35	110	10	None	None	testing
6	qp	f	19	red	1	(80, 0)	(40, 69)	(-39, 69)	(-80, 0)	(-40, -69)	(40, -69)	diamond	none	same	right	right	N_dist	(-80, 0)	search	nr	True	681484	683521	right	60	135	35	85	160	10	None	None	testing
6	qp	f	19	red	1	(80, 0)	(40, 69)	(-39, 69)	(-80, 0)	(-40, -69)	(40, -69)	diamond	red	dif	right	right	(80, 0)	(40, 69)	probe	norm	None	None	None	None	160	85	110	10	135	35	(40, -69)	14	testing
6	qp	f	19	red	1	(80, 0)	(40, 69)	(-39, 69)	(-80, 0)	(-40, -69)	(40, -69)	circle	red	dif	left	left	(40, -69)	(-40, -69)	search	nr	True	692271	693041	left	110	135	160	10	60	85	None	None	testing
6	qp	f	19	red	1	(80, 0)	(40, 69)	(-39, 69)	(-80, 0)	(-40, -69)	(40, -69)	diamond	none	same	left	left	N_dist	(40, 69)	search	nr	True	694158	695745	left	135	110	10	35	85	160	None	None	testing
6	qp	f	19	red	1	(80, 0)	(40, 69)	(-39, 69)	(-80, 0)	(-40, -69)	(40, -69)	circle	red	same	right	right	(-80, 0)	(40, 69)	probe	l_sin	None	None	None	None	160	110	10	135	60	85	(-80, 0)	5	testing
6	qp	f	19	red	1	(80, 0)	(40, 69)	(-39, 69)	(-80, 0)	(-40, -69)	(40, -69)	diamond	red	dif	left	left	(40, -69)	(-40, -69)	probe	tar	None	None	None	None	60	35	160	110	10	85	(-40, -69)	162	testing
6	qp	f	19	red	1	(80, 0)	(40, 69)	(-39, 69)	(-80, 0)	(-40, -69)	(40, -69)	circle	none	dif	right	right	N_dist	(40, 69)	probe	l_norm	None	None	None	None	160	10	135	60	35	110	(-40, -69)	152	testing
6	qp	f	19	red	1	(80, 0)	(40, 69)	(-39, 69)	(-80, 0)	(-40, -69)	(40, -69)	diamond	none	dif	left	left	N_dist	(-80, 0)	search	nr	True	750328	751377	left	60	160	110	135	85	10	None	None	testing
6	qp	f	19	red	1	(80, 0)	(40, 69)	(-39, 69)	(-80, 0)	(-40, -69)	(40, -69)	circle	none	same	left	left	N_dist	(80, 0)	search	nr	True	752599	753265	left	35	85	10	60	135	110	None	None	testing
6	qp	f	19	red	1	(80, 0)	(40, 69)	(-39, 69)	(-80, 0)	(-40, -69)	(40, -69)	diamond	none	dif	left	left	N_dist	(-40, -69)	probe	l_norm	None	None	None	None	110	10	35	85	160	135	(40, 69)	2	testing
6	qp	f	19	red	1	(80, 0)	(40, 69)	(-39, 69)	(-80, 0)	(-40, -69)	(40, -69)	diamond	none	same	right	right	N_dist	(-40, -69)	probe	l_norm	None	None	None	None	110	60	35	160	10	135	(-39, 69)	15	testing
6	qp	f	19	red	1	(80, 0)	(40, 69)	(-39, 69)	(-80, 0)	(-40, -69)	(40, -69)	circle	none	same	right	right	N_dist	(80, 0)	search	nr	True	770415	771169	right	35	135	85	160	110	10	None	None	testing
6	qp	f	19	red	1	(80, 0)	(40, 69)	(-39, 69)	(-80, 0)	(-40, -69)	(40, -69)	diamond	none	dif	right	right	N_dist	(-40, -69)	search	nr	True	772368	773297	right	85	60	10	160	110	35	None	None	testing
6	qp	f	19	red	1	(80, 0)	(40, 69)	(-39, 69)	(-80, 0)	(-40, -69)	(40, -69)	diamond	none	dif	left	left	N_dist	(-40, -69)	probe	l_norm	None	None	None	None	35	110	60	10	160	135	(-80, 0)	169	testing
6	qp	f	19	red	1	(80, 0)	(40, 69)	(-39, 69)	(-80, 0)	(-40, -69)	(40, -69)	diamond	none	same	right	right	N_dist	(-80, 0)	probe	l_norm	None	None	None	None	135	10	85	160	60	110	(-40, -69)	15	testing
6	qp	f	19	red	1	(80, 0)	(40, 69)	(-39, 69)	(-80, 0)	(-40, -69)	(40, -69)	diamond	none	same	right	right	N_dist	(-39, 69)	search	nr	True	794059	794753	right	60	110	35	160	10	135	None	None	testing
6	qp	f	19	red	1	(80, 0)	(40, 69)	(-39, 69)	(-80, 0)	(-40, -69)	(40, -69)	circle	red	same	right	right	(40, -69)	(80, 0)	probe	h_sin	None	None	None	None	35	85	160	10	110	135	(40, -69)	170	testing
6	qp	f	19	red	1	(80, 0)	(40, 69)	(-39, 69)	(-80, 0)	(-40, -69)	(40, -69)	circle	none	same	left	left	N_dist	(-39, 69)	search	nr	True	802123	802785	left	160	85	60	10	135	35	None	None	testing
6	qp	f	19	red	1	(80, 0)	(40, 69)	(-39, 69)	(-80, 0)	(-40, -69)	(40, -69)	circle	red	dif	right	right	(40, -69)	(-80, 0)	probe	norm	None	None	None	None	85	60	160	135	10	35	(40, 69)	159	testing
6	qp	f	19	red	1	(80, 0)	(40, 69)	(-39, 69)	(-80, 0)	(-40, -69)	(40, -69)	diamond	red	same	right	right	(40, -69)	(-39, 69)	probe	tar	None	None	None	None	35	60	10	135	85	160	(-39, 69)	68	testing
6	qp	f	19	red	1	(80, 0)	(40, 69)	(-39, 69)	(-80, 0)	(-40, -69)	(40, -69)	circle	none	dif	right	right	N_dist	(40, -69)	probe	h_tar	None	None	None	None	85	60	10	135	35	110	(40, -69)	179	testing
6	qp	f	19	red	1	(80, 0)	(40, 69)	(-39, 69)	(-80, 0)	(-40, -69)	(40, -69)	circle	none	dif	left	left	N_dist	(-39, 69)	probe	l_tar	None	None	None	None	85	60	10	35	160	135	(-39, 69)	165	testing
6	qp	f	19	red	1	(80, 0)	(40, 69)	(-39, 69)	(-80, 0)	(-40, -69)	(40, -69)	circle	none	same	left	left	N_dist	(40, -69)	probe	h_tar	None	None	None	None	160	35	60	85	10	135	(40, -69)	25	testing
6	qp	f	19	red	1	(80, 0)	(40, 69)	(-39, 69)	(-80, 0)	(-40, -69)	(40, -69)	diamond	red	dif	left	left	(40, -69)	(-39, 69)	search	nr	True	839759	840833	left	160	85	135	60	110	10	None	None	testing
6	qp	f	19	red	1	(80, 0)	(40, 69)	(-39, 69)	(-80, 0)	(-40, -69)	(40, -69)	diamond	red	same	right	right	(40, -69)	(-39, 69)	search	nr	True	842146	842833	right	110	10	160	85	35	60	None	None	testing
6	qp	f	19	red	1	(80, 0)	(40, 69)	(-39, 69)	(-80, 0)	(-40, -69)	(40, -69)	diamond	red	dif	left	left	(40, -69)	(-39, 69)	search	nr	True	844033	844722	left	135	85	60	10	110	35	None	None	testing
6	qp	f	19	red	1	(80, 0)	(40, 69)	(-39, 69)	(-80, 0)	(-40, -69)	(40, -69)	circle	none	same	left	left	N_dist	(-39, 69)	probe	h_norm	None	None	None	None	85	10	35	160	110	60	(40, -69)	162	testing
6	qp	f	19	red	1	(80, 0)	(40, 69)	(-39, 69)	(-80, 0)	(-40, -69)	(40, -69)	diamond	none	same	left	left	N_dist	(40, 69)	probe	h_norm	None	None	None	None	135	60	10	35	110	85	(40, -69)	167	testing
6	qp	f	19	red	1	(80, 0)	(40, 69)	(-39, 69)	(-80, 0)	(-40, -69)	(40, -69)	circle	red	same	left	left	(-39, 69)	(-80, 0)	probe	l_sin	None	None	None	None	10	85	60	135	110	35	(-39, 69)	165	testing
6	qp	f	19	red	1	(80, 0)	(40, 69)	(-39, 69)	(-80, 0)	(-40, -69)	(40, -69)	circle	red	same	right	right	(80, 0)	(40, 69)	probe	norm	None	None	None	None	160	60	35	135	110	85	(-80, 0)	25	testing
6	qp	f	19	red	1	(80, 0)	(40, 69)	(-39, 69)	(-80, 0)	(-40, -69)	(40, -69)	diamond	red	dif	right	right	(-80, 0)	(40, 69)	probe	tar	None	None	None	None	160	85	35	10	110	135	(40, 69)	8	testing
6	qp	f	19	red	1	(80, 0)	(40, 69)	(-39, 69)	(-80, 0)	(-40, -69)	(40, -69)	circle	red	dif	left	left	(40, -69)	(80, 0)	probe	tar	None	None	None	None	60	160	10	85	35	135	(80, 0)	159	testing
6	qp	f	19	red	1	(80, 0)	(40, 69)	(-39, 69)	(-80, 0)	(-40, -69)	(40, -69)	circle	none	dif	left	left	N_dist	(-80, 0)	search	nr	True	886929	888353	left	110	60	10	85	160	135	None	None	testing
6	qp	f	19	red	1	(80, 0)	(40, 69)	(-39, 69)	(-80, 0)	(-40, -69)	(40, -69)	diamond	red	same	left	left	(40, -69)	(40, 69)	search	nr	True	889500	890401	left	60	135	35	85	10	160	None	None	testing
6	qp	f	19	red	1	(80, 0)	(40, 69)	(-39, 69)	(-80, 0)	(-40, -69)	(40, -69)	circle	red	dif	right	right	(40, 69)	(-39, 69)	search	nr	True	891520	892449	right	160	60	85	35	135	10	None	None	testing
6	qp	f	19	red	1	(80, 0)	(40, 69)	(-39, 69)	(-80, 0)	(-40, -69)	(40, -69)	diamond	none	dif	right	right	N_dist	(40, 69)	search	nr	True	893758	894737	right	35	160	85	110	10	135	None	None	testing
6	qp	f	19	red	1	(80, 0)	(40, 69)	(-39, 69)	(-80, 0)	(-40, -69)	(40, -69)	diamond	red	same	left	left	(40, -69)	(-39, 69)	probe	h_sin	None	None	None	None	60	160	85	110	135	35	(40, -69)	23	testing
6	qp	f	19	red	1	(80, 0)	(40, 69)	(-39, 69)	(-80, 0)	(-40, -69)	(40, -69)	circle	none	dif	left	left	N_dist	(40, -69)	search	nr	True	901473	902178	left	10	160	60	85	35	135	None	None	testing
6	qp	f	19	red	1	(80, 0)	(40, 69)	(-39, 69)	(-80, 0)	(-40, -69)	(40, -69)	circle	red	same	left	left	(-39, 69)	(-40, -69)	search	nr	True	903309	904081	left	85	110	10	60	160	35	None	None	testing
6	qp	f	19	red	1	(80, 0)	(40, 69)	(-39, 69)	(-80, 0)	(-40, -69)	(40, -69)	diamond	red	same	left	left	(40, -69)	(80, 0)	search	nr	True	905346	906193	left	60	110	10	85	35	160	None	None	testing
6	qp	f	19	red	1	(80, 0)	(40, 69)	(-39, 69)	(-80, 0)	(-40, -69)	(40, -69)	diamond	none	same	left	left	N_dist	(40, -69)	search	nr	True	907417	908241	left	160	10	110	60	135	35	None	None	testing
6	qp	f	19	red	1	(80, 0)	(40, 69)	(-39, 69)	(-80, 0)	(-40, -69)	(40, -69)	diamond	red	dif	right	right	(40, -69)	(-40, -69)	search	nr	True	909520	910434	right	135	35	110	10	60	160	None	None	testing
6	qp	f	19	red	1	(80, 0)	(40, 69)	(-39, 69)	(-80, 0)	(-40, -69)	(40, -69)	diamond	none	same	left	left	N_dist	(40, 69)	search	nr	True	911658	912353	left	160	135	60	10	110	35	None	None	testing
6	qp	f	19	red	1	(80, 0)	(40, 69)	(-39, 69)	(-80, 0)	(-40, -69)	(40, -69)	diamond	red	dif	right	right	(-39, 69)	(-40, -69)	probe	l_sin	None	None	None	None	135	35	110	160	60	85	(-39, 69)	5	testing
6	qp	f	19	red	1	(80, 0)	(40, 69)	(-39, 69)	(-80, 0)	(-40, -69)	(40, -69)	diamond	red	dif	left	left	(40, -69)	(40, 69)	search	nr	True	920424	921297	left	35	160	60	110	85	135	None	None	testing
6	qp	f	19	red	1	(80, 0)	(40, 69)	(-39, 69)	(-80, 0)	(-40, -69)	(40, -69)	circle	red	dif	right	right	(40, -69)	(-40, -69)	search	nr	True	922511	923409	right	135	35	110	10	60	85	None	None	testing
6	qp	f	19	red	1	(80, 0)	(40, 69)	(-39, 69)	(-80, 0)	(-40, -69)	(40, -69)	circle	red	dif	right	right	(40, 69)	(-39, 69)	search	nr	True	924599	925297	left	10	135	110	85	35	160	None	None	testing
6	qp	f	19	red	1	(80, 0)	(40, 69)	(-39, 69)	(-80, 0)	(-40, -69)	(40, -69)	diamond	red	dif	right	right	(-80, 0)	(40, 69)	search	nr	True	927937	929138	right	10	160	85	35	135	110	None	None	testing
6	qp	f	19	red	1	(80, 0)	(40, 69)	(-39, 69)	(-80, 0)	(-40, -69)	(40, -69)	diamond	none	dif	left	left	N_dist	(-80, 0)	probe	h_norm	None	None	None	None	85	110	160	135	10	35	(40, -69)	22	testing
6	qp	f	19	red	1	(80, 0)	(40, 69)	(-39, 69)	(-80, 0)	(-40, -69)	(40, -69)	circle	red	dif	left	left	(-80, 0)	(-40, -69)	probe	l_sin	None	None	None	None	160	85	135	60	10	35	(-80, 0)	169	testing
6	qp	f	19	red	1	(80, 0)	(40, 69)	(-39, 69)	(-80, 0)	(-40, -69)	(40, -69)	diamond	red	dif	right	right	(80, 0)	(40, 69)	search	nr	True	939876	941665	right	60	35	160	10	110	85	None	None	testing
6	qp	f	19	red	1	(80, 0)	(40, 69)	(-39, 69)	(-80, 0)	(-40, -69)	(40, -69)	diamond	red	same	right	right	(40, -69)	(-39, 69)	probe	h_sin	None	None	None	None	135	160	110	35	85	60	(40, -69)	74	testing
6	qp	f	19	red	1	(80, 0)	(40, 69)	(-39, 69)	(-80, 0)	(-40, -69)	(40, -69)	circle	none	dif	right	right	N_dist	(-80, 0)	probe	l_norm	None	None	None	None	110	60	10	35	85	160	(40, 69)	16	testing
6	qp	f	19	red	1	(80, 0)	(40, 69)	(-39, 69)	(-80, 0)	(-40, -69)	(40, -69)	diamond	none	dif	left	left	N_dist	(-40, -69)	probe	l_tar	None	None	None	None	35	85	160	60	110	10	(-40, -69)	154	testing
6	qp	f	19	red	1	(80, 0)	(40, 69)	(-39, 69)	(-80, 0)	(-40, -69)	(40, -69)	diamond	red	same	right	right	(40, -69)	(-80, 0)	probe	norm	None	None	None	None	10	135	160	85	110	60	(-40, -69)	165	testing
6	qp	f	19	red	1	(80, 0)	(40, 69)	(-39, 69)	(-80, 0)	(-40, -69)	(40, -69)	circle	red	same	right	right	(-40, -69)	(-80, 0)	search	nr	True	971251	973440	right	85	135	35	10	160	60	None	None	testing
6	qp	f	19	red	1	(80, 0)	(40, 69)	(-39, 69)	(-80, 0)	(-40, -69)	(40, -69)	diamond	red	same	left	left	(40, -69)	(80, 0)	probe	h_sin	None	None	None	None	110	10	35	85	160	60	(40, -69)	175	testing
6	qp	f	19	red	1	(80, 0)	(40, 69)	(-39, 69)	(-80, 0)	(-40, -69)	(40, -69)	diamond	red	dif	right	right	(40, -69)	(-80, 0)	search	nr	True	980301	981682	right	135	160	110	35	60	10	None	None	testing
6	qp	f	19	red	1	(80, 0)	(40, 69)	(-39, 69)	(-80, 0)	(-40, -69)	(40, -69)	circle	red	dif	left	left	(40, -69)	(40, 69)	probe	norm	None	None	None	None	10	135	85	110	160	35	(-39, 69)	16	testing
6	qp	f	19	red	1	(80, 0)	(40, 69)	(-39, 69)	(-80, 0)	(-40, -69)	(40, -69)	circle	red	dif	right	right	(40, -69)	(40, 69)	probe	h_sin	None	None	None	None	10	35	85	135	60	160	(40, -69)	19	testing
6	qp	f	19	red	1	(80, 0)	(40, 69)	(-39, 69)	(-80, 0)	(-40, -69)	(40, -69)	diamond	red	same	right	right	(40, -69)	(-40, -69)	probe	h_sin	None	None	None	None	35	135	10	60	160	110	(40, -69)	30	testing
6	qp	f	19	red	1	(80, 0)	(40, 69)	(-39, 69)	(-80, 0)	(-40, -69)	(40, -69)	diamond	none	dif	left	left	N_dist	(40, 69)	probe	h_norm	None	None	None	None	160	35	60	135	10	110	(40, -69)	24	testing
6	qp	f	19	red	1	(80, 0)	(40, 69)	(-39, 69)	(-80, 0)	(-40, -69)	(40, -69)	diamond	red	same	left	left	(-80, 0)	(80, 0)	search	nr	True	1007367	1009266	left	60	35	110	160	10	85	None	None	testing
6	qp	f	19	red	1	(80, 0)	(40, 69)	(-39, 69)	(-80, 0)	(-40, -69)	(40, -69)	circle	none	dif	right	right	N_dist	(-39, 69)	probe	l_norm	None	None	None	None	135	35	60	85	10	160	(40, 69)	1	testing
6	qp	f	19	red	1	(80, 0)	(40, 69)	(-39, 69)	(-80, 0)	(-40, -69)	(40, -69)	diamond	none	same	right	right	N_dist	(-80, 0)	search	nr	True	1018337	1019457	right	60	135	85	110	10	35	None	None	testing
6	qp	f	19	red	1	(80, 0)	(40, 69)	(-39, 69)	(-80, 0)	(-40, -69)	(40, -69)	diamond	red	same	left	left	(-80, 0)	(80, 0)	probe	tar	None	None	None	None	60	85	10	160	135	110	(80, 0)	166	testing
6	qp	f	19	red	1	(80, 0)	(40, 69)	(-39, 69)	(-80, 0)	(-40, -69)	(40, -69)	circle	none	same	right	right	N_dist	(40, -69)	search	nr	True	1025734	1026625	right	135	85	160	35	60	10	None	None	testing
6	qp	f	19	red	1	(80, 0)	(40, 69)	(-39, 69)	(-80, 0)	(-40, -69)	(40, -69)	diamond	red	dif	left	left	(40, -69)	(-80, 0)	search	nr	True	1027838	1028722	left	85	10	110	60	35	135	None	None	testing
6	qp	f	19	red	1	(80, 0)	(40, 69)	(-39, 69)	(-80, 0)	(-40, -69)	(40, -69)	diamond	red	dif	right	right	(-40, -69)	(-80, 0)	probe	norm	None	None	None	None	135	110	35	60	85	160	(40, -69)	14	testing
6	qp	f	19	red	1	(80, 0)	(40, 69)	(-39, 69)	(-80, 0)	(-40, -69)	(40, -69)	diamond	red	same	left	left	(40, -69)	(-39, 69)	search	nr	True	1035869	1037217	left	135	160	35	85	10	60	None	None	testing
6	qp	f	19	red	1	(80, 0)	(40, 69)	(-39, 69)	(-80, 0)	(-40, -69)	(40, -69)	diamond	red	same	left	left	(40, -69)	(-40, -69)	search	nr	True	1038308	1039137	left	110	135	60	160	35	10	None	None	testing
6	qp	f	19	red	1	(80, 0)	(40, 69)	(-39, 69)	(-80, 0)	(-40, -69)	(40, -69)	diamond	red	same	left	left	(40, 69)	(-39, 69)	probe	l_sin	None	None	None	None	10	135	160	35	85	110	(40, 69)	25	testing
6	qp	f	19	red	1	(80, 0)	(40, 69)	(-39, 69)	(-80, 0)	(-40, -69)	(40, -69)	circle	red	dif	right	right	(-80, 0)	(-40, -69)	search	nr	True	1048275	1049345	right	135	10	85	35	160	110	None	None	testing
6	qp	f	19	red	1	(80, 0)	(40, 69)	(-39, 69)	(-80, 0)	(-40, -69)	(40, -69)	circle	red	same	left	left	(40, -69)	(40, 69)	search	nr	True	1050413	1051025	left	135	85	10	60	110	35	None	None	testing
6	qp	f	19	red	1	(80, 0)	(40, 69)	(-39, 69)	(-80, 0)	(-40, -69)	(40, -69)	circle	red	dif	right	right	(40, -69)	(-80, 0)	search	nr	True	1052183	1053105	right	85	60	35	110	160	10	None	None	testing
6	qp	f	19	red	1	(80, 0)	(40, 69)	(-39, 69)	(-80, 0)	(-40, -69)	(40, -69)	circle	red	dif	left	left	(40, -69)	(-39, 69)	probe	norm	None	None	None	None	85	10	110	160	60	35	(40, 69)	169	testing
6	qp	f	19	red	1	(80, 0)	(40, 69)	(-39, 69)	(-80, 0)	(-40, -69)	(40, -69)	circle	red	dif	left	left	(80, 0)	(-40, -69)	search	nr	True	1059797	1060673	left	110	135	10	85	60	35	None	None	testing
6	qp	f	19	red	1	(80, 0)	(40, 69)	(-39, 69)	(-80, 0)	(-40, -69)	(40, -69)	circle	red	same	right	right	(-40, -69)	(-39, 69)	search	nr	True	1061750	1062321	right	35	135	85	10	110	60	None	None	testing
6	qp	f	19	red	1	(80, 0)	(40, 69)	(-39, 69)	(-80, 0)	(-40, -69)	(40, -69)	diamond	red	dif	right	right	(40, -69)	(40, 69)	probe	h_sin	None	None	None	None	10	60	135	35	85	160	(40, -69)	26	testing
6	qp	f	19	red	1	(80, 0)	(40, 69)	(-39, 69)	(-80, 0)	(-40, -69)	(40, -69)	diamond	none	same	right	right	N_dist	(-80, 0)	search	nr	True	1069949	1070801	right	60	110	135	85	35	10	None	None	testing
6	qp	f	19	red	1	(80, 0)	(40, 69)	(-39, 69)	(-80, 0)	(-40, -69)	(40, -69)	circle	none	same	left	left	N_dist	(-80, 0)	search	nr	True	1071919	1072929	left	135	10	160	35	60	110	None	None	testing
6	qp	f	19	red	1	(80, 0)	(40, 69)	(-39, 69)	(-80, 0)	(-40, -69)	(40, -69)	diamond	red	dif	left	left	(40, 69)	(-80, 0)	probe	l_sin	None	None	None	None	60	10	85	110	35	135	(40, 69)	168	testing
6	qp	f	19	red	1	(80, 0)	(40, 69)	(-39, 69)	(-80, 0)	(-40, -69)	(40, -69)	diamond	none	same	left	left	N_dist	(80, 0)	search	nr	True	1078832	1079441	left	85	10	35	135	110	160	None	None	testing
6	qp	f	19	red	1	(80, 0)	(40, 69)	(-39, 69)	(-80, 0)	(-40, -69)	(40, -69)	circle	red	dif	left	left	(40, -69)	(-39, 69)	search	nr	True	1080568	1081233	left	35	160	135	10	110	85	None	None	testing
6	qp	f	19	red	1	(80, 0)	(40, 69)	(-39, 69)	(-80, 0)	(-40, -69)	(40, -69)	circle	red	dif	left	left	(-80, 0)	(-40, -69)	search	nr	True	1082422	1083266	left	160	35	135	85	60	10	None	None	testing
6	qp	f	19	red	1	(80, 0)	(40, 69)	(-39, 69)	(-80, 0)	(-40, -69)	(40, -69)	circle	none	dif	left	left	N_dist	(-39, 69)	search	nr	True	1084542	1085266	left	135	35	60	85	110	160	None	None	testing
6	qp	f	19	red	1	(80, 0)	(40, 69)	(-39, 69)	(-80, 0)	(-40, -69)	(40, -69)	circle	none	same	right	right	N_dist	(-40, -69)	search	nr	True	1086379	1087346	right	35	135	85	10	110	160	None	None	testing
6	qp	f	19	red	1	(80, 0)	(40, 69)	(-39, 69)	(-80, 0)	(-40, -69)	(40, -69)	diamond	red	same	right	right	(80, 0)	(40, 69)	search	nr	True	1088466	1089361	right	85	35	135	110	160	10	None	None	testing
6	qp	f	19	red	1	(80, 0)	(40, 69)	(-39, 69)	(-80, 0)	(-40, -69)	(40, -69)	circle	red	same	right	right	(40, -69)	(80, 0)	search	nr	True	1090637	1091602	right	85	35	60	110	135	160	None	None	testing
6	qp	f	19	red	1	(80, 0)	(40, 69)	(-39, 69)	(-80, 0)	(-40, -69)	(40, -69)	circle	red	dif	right	right	(40, -69)	(-80, 0)	probe	norm	None	None	None	None	10	60	110	160	85	135	(-40, -69)	15	testing
6	qp	f	19	red	1	(80, 0)	(40, 69)	(-39, 69)	(-80, 0)	(-40, -69)	(40, -69)	circle	none	same	right	right	N_dist	(-40, -69)	probe	l_norm	None	None	None	None	160	85	10	135	35	60	(-39, 69)	171	testing
6	qp	f	19	red	1	(80, 0)	(40, 69)	(-39, 69)	(-80, 0)	(-40, -69)	(40, -69)	circle	red	same	left	left	(40, -69)	(-39, 69)	search	nr	True	1105297	1106161	left	35	110	10	160	85	135	None	None	testing
6	qp	f	19	red	1	(80, 0)	(40, 69)	(-39, 69)	(-80, 0)	(-40, -69)	(40, -69)	circle	none	dif	right	right	N_dist	(40, 69)	search	nr	True	1107351	1108065	right	85	160	135	10	60	110	None	None	testing
6	qp	f	19	red	1	(80, 0)	(40, 69)	(-39, 69)	(-80, 0)	(-40, -69)	(40, -69)	circle	none	same	right	right	N_dist	(40, 69)	probe	l_tar	None	None	None	None	135	110	160	60	35	85	(40, 69)	14	testing
6	qp	f	19	red	1	(80, 0)	(40, 69)	(-39, 69)	(-80, 0)	(-40, -69)	(40, -69)	diamond	none	same	left	left	N_dist	(80, 0)	probe	l_norm	None	None	None	None	160	60	110	10	35	85	(40, 69)	160	testing
6	qp	f	19	red	1	(80, 0)	(40, 69)	(-39, 69)	(-80, 0)	(-40, -69)	(40, -69)	circle	none	dif	left	left	N_dist	(-39, 69)	search	nr	True	1120608	1121329	left	60	85	110	160	10	135	None	None	testing
6	qp	f	19	red	1	(80, 0)	(40, 69)	(-39, 69)	(-80, 0)	(-40, -69)	(40, -69)	diamond	red	dif	left	left	(40, -69)	(-40, -69)	search	nr	True	1122579	1123793	left	160	85	135	35	60	10	None	None	testing
6	qp	f	19	red	1	(80, 0)	(40, 69)	(-39, 69)	(-80, 0)	(-40, -69)	(40, -69)	circle	red	same	left	left	(40, -69)	(-80, 0)	search	nr	True	1124950	1125841	left	85	60	160	10	135	110	None	None	testing
6	qp	f	19	red	1	(80, 0)	(40, 69)	(-39, 69)	(-80, 0)	(-40, -69)	(40, -69)	diamond	none	dif	left	left	N_dist	(-40, -69)	search	nr	True	1127120	1128529	left	10	60	35	110	160	135	None	None	testing
6	qp	f	19	red	1	(80, 0)	(40, 69)	(-39, 69)	(-80, 0)	(-40, -69)	(40, -69)	circle	red	dif	left	left	(40, -69)	(-39, 69)	search	nr	True	1129675	1130273	left	35	85	60	110	160	10	None	None	testing
6	qp	f	19	red	1	(80, 0)	(40, 69)	(-39, 69)	(-80, 0)	(-40, -69)	(40, -69)	diamond	red	dif	right	right	(80, 0)	(40, 69)	search	nr	True	1131545	1132545	right	85	60	10	35	160	135	None	None	testing
6	qp	f	19	red	1	(80, 0)	(40, 69)	(-39, 69)	(-80, 0)	(-40, -69)	(40, -69)	diamond	none	same	right	right	N_dist	(-80, 0)	probe	h_norm	None	None	None	None	35	135	110	10	60	85	(40, -69)	21	testing
6	qp	f	19	red	1	(80, 0)	(40, 69)	(-39, 69)	(-80, 0)	(-40, -69)	(40, -69)	circle	red	dif	left	left	(40, -69)	(-39, 69)	search	nr	True	1139042	1139777	left	85	60	10	110	160	35	None	None	testing
6	qp	f	19	red	1	(80, 0)	(40, 69)	(-39, 69)	(-80, 0)	(-40, -69)	(40, -69)	circle	red	dif	left	left	(40, -69)	(40, 69)	probe	h_sin	None	None	None	None	10	110	135	35	60	160	(40, -69)	171	testing
6	qp	f	19	red	1	(80, 0)	(40, 69)	(-39, 69)	(-80, 0)	(-40, -69)	(40, -69)	diamond	red	dif	right	right	(-80, 0)	(40, 69)	search	nr	True	1147792	1148529	left	160	60	10	85	135	35	None	None	testing
6	qp	f	19	red	1	(80, 0)	(40, 69)	(-39, 69)	(-80, 0)	(-40, -69)	(40, -69)	diamond	red	dif	left	left	(40, -69)	(-40, -69)	probe	tar	None	None	None	None	110	35	85	135	160	10	(-40, -69)	21	testing
6	qp	f	19	red	1	(80, 0)	(40, 69)	(-39, 69)	(-80, 0)	(-40, -69)	(40, -69)	circle	red	dif	left	left	(40, -69)	(40, 69)	search	nr	True	1163237	1164097	left	110	10	60	160	135	85	None	None	testing
6	qp	f	19	red	1	(80, 0)	(40, 69)	(-39, 69)	(-80, 0)	(-40, -69)	(40, -69)	diamond	red	dif	left	left	(40, -69)	(-39, 69)	search	nr	True	1165291	1166480	left	60	10	35	135	85	160	None	None	testing
6	qp	f	19	red	1	(80, 0)	(40, 69)	(-39, 69)	(-80, 0)	(-40, -69)	(40, -69)	circle	none	same	left	left	N_dist	(-80, 0)	search	nr	True	1167645	1168801	left	160	35	85	10	135	110	None	None	testing
6	qp	f	19	red	1	(80, 0)	(40, 69)	(-39, 69)	(-80, 0)	(-40, -69)	(40, -69)	diamond	none	dif	left	left	N_dist	(-40, -69)	search	nr	True	1170016	1171025	left	10	60	85	110	160	35	None	None	testing
6	qp	f	19	red	1	(80, 0)	(40, 69)	(-39, 69)	(-80, 0)	(-40, -69)	(40, -69)	diamond	red	dif	right	right	(40, -69)	(40, 69)	search	nr	True	1172186	1173121	right	60	85	160	10	35	135	None	None	testing
6	qp	f	19	red	1	(80, 0)	(40, 69)	(-39, 69)	(-80, 0)	(-40, -69)	(40, -69)	diamond	red	same	right	right	(40, -69)	(-80, 0)	search	nr	True	1174374	1175553	right	85	35	10	110	135	160	None	None	testing
6	qp	f	19	red	1	(80, 0)	(40, 69)	(-39, 69)	(-80, 0)	(-40, -69)	(40, -69)	circle	none	same	left	left	N_dist	(-39, 69)	search	nr	True	1176645	1177393	left	60	10	160	85	35	110	None	None	testing
6	qp	f	19	red	1	(80, 0)	(40, 69)	(-39, 69)	(-80, 0)	(-40, -69)	(40, -69)	diamond	none	same	right	right	N_dist	(-40, -69)	search	nr	True	1178515	1179425	right	60	10	135	160	85	110	None	None	testing
6	qp	f	19	red	1	(80, 0)	(40, 69)	(-39, 69)	(-80, 0)	(-40, -69)	(40, -69)	circle	red	dif	right	right	(40, -69)	(-40, -69)	probe	tar	None	None	None	None	85	10	35	110	60	160	(-40, -69)	169	testing
6	qp	f	19	red	1	(80, 0)	(40, 69)	(-39, 69)	(-80, 0)	(-40, -69)	(40, -69)	diamond	none	dif	right	right	N_dist	(40, -69)	search	nr	True	1186613	1187394	left	85	135	60	10	110	160	None	None	testing
6	qp	f	19	red	1	(80, 0)	(40, 69)	(-39, 69)	(-80, 0)	(-40, -69)	(40, -69)	circle	red	same	right	right	(40, -69)	(80, 0)	search	nr	True	1189986	1191152	right	10	110	85	35	160	60	None	None	testing
6	qp	f	19	red	1	(80, 0)	(40, 69)	(-39, 69)	(-80, 0)	(-40, -69)	(40, -69)	diamond	red	dif	left	left	(40, 69)	(-80, 0)	search	nr	True	1192374	1193584	left	60	135	160	110	10	35	None	None	testing
6	qp	f	19	red	1	(80, 0)	(40, 69)	(-39, 69)	(-80, 0)	(-40, -69)	(40, -69)	diamond	red	dif	left	left	(40, -69)	(40, 69)	probe	tar	None	None	None	None	10	60	35	160	85	135	(40, 69)	163	testing
6	qp	f	19	red	1	(80, 0)	(40, 69)	(-39, 69)	(-80, 0)	(-40, -69)	(40, -69)	circle	none	dif	left	left	N_dist	(-39, 69)	search	nr	True	1200038	1200785	left	10	135	60	35	85	160	None	None	testing
6	qp	f	19	red	1	(80, 0)	(40, 69)	(-39, 69)	(-80, 0)	(-40, -69)	(40, -69)	diamond	red	dif	right	right	(40, -69)	(-40, -69)	search	nr	True	1201941	1203761	right	110	85	135	10	60	35	None	None	testing
6	qp	f	19	red	1	(80, 0)	(40, 69)	(-39, 69)	(-80, 0)	(-40, -69)	(40, -69)	circle	red	same	left	left	(40, -69)	(80, 0)	probe	tar	None	None	None	None	160	135	60	85	35	10	(80, 0)	6	testing
6	qp	f	19	red	1	(80, 0)	(40, 69)	(-39, 69)	(-80, 0)	(-40, -69)	(40, -69)	circle	red	same	right	right	(-40, -69)	(-39, 69)	probe	tar	None	None	None	None	10	85	35	110	135	160	(-39, 69)	13	testing
6	qp	f	19	red	1	(80, 0)	(40, 69)	(-39, 69)	(-80, 0)	(-40, -69)	(40, -69)	circle	none	same	right	right	N_dist	(80, 0)	search	nr	True	1217754	1218561	right	10	60	35	160	135	110	None	None	testing
6	qp	f	19	red	1	(80, 0)	(40, 69)	(-39, 69)	(-80, 0)	(-40, -69)	(40, -69)	diamond	none	dif	right	right	N_dist	(40, 69)	probe	h_norm	None	None	None	None	85	160	110	60	10	35	(40, -69)	0	testing
6	qp	f	19	red	1	(80, 0)	(40, 69)	(-39, 69)	(-80, 0)	(-40, -69)	(40, -69)	circle	none	same	right	right	N_dist	(40, 69)	search	nr	True	1224917	1225633	right	135	160	85	110	60	10	None	None	testing
6	qp	f	19	red	1	(80, 0)	(40, 69)	(-39, 69)	(-80, 0)	(-40, -69)	(40, -69)	circle	red	same	left	left	(-39, 69)	(-80, 0)	search	nr	True	1226904	1228337	left	110	10	60	160	135	35	None	None	testing
6	qp	f	19	red	1	(80, 0)	(40, 69)	(-39, 69)	(-80, 0)	(-40, -69)	(40, -69)	diamond	red	same	left	left	(-80, 0)	(80, 0)	search	nr	True	1229592	1230337	left	85	110	135	60	160	35	None	None	testing
6	qp	f	19	red	1	(80, 0)	(40, 69)	(-39, 69)	(-80, 0)	(-40, -69)	(40, -69)	diamond	red	dif	left	left	(40, -69)	(-80, 0)	probe	tar	None	None	None	None	110	60	10	35	160	85	(-80, 0)	0	testing
6	qp	f	19	red	1	(80, 0)	(40, 69)	(-39, 69)	(-80, 0)	(-40, -69)	(40, -69)	circle	red	dif	left	left	(40, -69)	(-39, 69)	search	nr	True	1236672	1237394	left	85	135	110	35	160	60	None	None	testing
6	qp	f	19	red	1	(80, 0)	(40, 69)	(-39, 69)	(-80, 0)	(-40, -69)	(40, -69)	diamond	red	dif	left	left	(40, -69)	(-39, 69)	search	nr	True	1238659	1239394	left	85	10	110	160	35	60	None	None	testing
6	qp	f	19	red	1	(80, 0)	(40, 69)	(-39, 69)	(-80, 0)	(-40, -69)	(40, -69)	circle	red	same	left	left	(40, -69)	(40, 69)	probe	norm	None	None	None	None	110	10	135	35	160	60	(-80, 0)	170	testing
6	qp	f	19	red	1	(80, 0)	(40, 69)	(-39, 69)	(-80, 0)	(-40, -69)	(40, -69)	circle	red	same	right	right	(-80, 0)	(40, 69)	probe	l_sin	None	None	None	None	35	60	135	85	110	160	(-80, 0)	14	testing
6	qp	f	19	red	1	(80, 0)	(40, 69)	(-39, 69)	(-80, 0)	(-40, -69)	(40, -69)	circle	none	same	right	right	N_dist	(40, -69)	probe	h_tar	None	None	None	None	60	35	160	110	85	10	(40, -69)	24	testing
6	qp	f	19	red	1	(80, 0)	(40, 69)	(-39, 69)	(-80, 0)	(-40, -69)	(40, -69)	diamond	red	same	left	left	(40, -69)	(-40, -69)	probe	h_sin	None	None	None	None	160	10	35	85	60	135	(40, -69)	24	testing
6	qp	f	19	red	1	(80, 0)	(40, 69)	(-39, 69)	(-80, 0)	(-40, -69)	(40, -69)	diamond	red	same	left	left	(40, -69)	(80, 0)	probe	norm	None	None	None	None	85	110	135	35	160	10	(-40, -69)	160	testing
6	qp	f	19	red	1	(80, 0)	(40, 69)	(-39, 69)	(-80, 0)	(-40, -69)	(40, -69)	diamond	red	same	left	left	(40, -69)	(80, 0)	search	nr	True	1270200	1271649	left	135	60	110	160	35	85	None	None	testing
6	qp	f	19	red	1	(80, 0)	(40, 69)	(-39, 69)	(-80, 0)	(-40, -69)	(40, -69)	circle	red	same	left	left	(40, -69)	(80, 0)	search	nr	True	1272788	1273425	left	60	135	160	85	110	35	None	None	testing
6	qp	f	19	red	1	(80, 0)	(40, 69)	(-39, 69)	(-80, 0)	(-40, -69)	(40, -69)	diamond	none	same	left	left	N_dist	(80, 0)	probe	l_tar	None	None	None	None	60	85	160	135	35	10	(80, 0)	178	testing
6	qp	f	19	red	1	(80, 0)	(40, 69)	(-39, 69)	(-80, 0)	(-40, -69)	(40, -69)	circle	none	dif	left	left	N_dist	(-39, 69)	probe	l_norm	None	None	None	None	85	35	135	110	60	160	(-80, 0)	172	testing
6	qp	f	19	red	1	(80, 0)	(40, 69)	(-39, 69)	(-80, 0)	(-40, -69)	(40, -69)	circle	red	same	right	right	(-80, 0)	(40, 69)	search	nr	True	1287799	1288977	right	60	160	85	135	10	110	None	None	testing
6	qp	f	19	red	1	(80, 0)	(40, 69)	(-39, 69)	(-80, 0)	(-40, -69)	(40, -69)	circle	red	dif	right	right	(40, -69)	(-80, 0)	search	nr	True	1290254	1291377	right	110	85	35	10	160	60	None	None	testing
6	qp	f	19	red	1	(80, 0)	(40, 69)	(-39, 69)	(-80, 0)	(-40, -69)	(40, -69)	diamond	red	dif	left	left	(40, -69)	(-39, 69)	search	nr	True	1292575	1293473	left	85	160	110	135	60	35	None	None	testing
6	qp	f	19	red	1	(80, 0)	(40, 69)	(-39, 69)	(-80, 0)	(-40, -69)	(40, -69)	diamond	none	dif	left	left	N_dist	(-80, 0)	search	nr	True	1294728	1295520	left	35	110	60	10	135	85	None	None	testing
6	qp	f	19	red	1	(80, 0)	(40, 69)	(-39, 69)	(-80, 0)	(-40, -69)	(40, -69)	circle	red	same	left	left	(40, -69)	(40, 69)	search	nr	True	1296582	1297232	left	85	60	35	10	110	135	None	None	testing
6	qp	f	19	red	1	(80, 0)	(40, 69)	(-39, 69)	(-80, 0)	(-40, -69)	(40, -69)	circle	red	dif	left	left	(40, 69)	(80, 0)	search	nr	True	1298335	1299409	left	10	110	85	160	60	35	None	None	testing
6	qp	f	19	red	1	(80, 0)	(40, 69)	(-39, 69)	(-80, 0)	(-40, -69)	(40, -69)	circle	red	same	left	left	(80, 0)	(-80, 0)	probe	norm	None	None	None	None	60	110	135	10	85	35	(40, -69)	166	testing
6	qp	f	19	red	1	(80, 0)	(40, 69)	(-39, 69)	(-80, 0)	(-40, -69)	(40, -69)	diamond	red	same	left	left	(40, -69)	(-40, -69)	search	nr	True	1306784	1307696	left	35	10	160	85	60	135	None	None	testing
6	qp	f	19	red	1	(80, 0)	(40, 69)	(-39, 69)	(-80, 0)	(-40, -69)	(40, -69)	diamond	red	dif	left	left	(40, -69)	(-39, 69)	search	nr	True	1308922	1309569	left	85	35	10	110	160	60	None	None	testing
6	qp	f	19	red	1	(80, 0)	(40, 69)	(-39, 69)	(-80, 0)	(-40, -69)	(40, -69)	circle	red	dif	right	right	(40, -69)	(-40, -69)	search	nr	True	1310825	1312001	right	135	35	60	110	160	10	None	None	testing
6	qp	f	19	red	1	(80, 0)	(40, 69)	(-39, 69)	(-80, 0)	(-40, -69)	(40, -69)	circle	red	dif	right	right	(40, -69)	(-40, -69)	probe	tar	None	None	None	None	35	85	10	160	60	110	(-40, -69)	170	testing
6	qp	f	19	red	1	(80, 0)	(40, 69)	(-39, 69)	(-80, 0)	(-40, -69)	(40, -69)	circle	red	same	right	right	(40, -69)	(-39, 69)	probe	tar	None	None	None	None	135	35	85	10	160	110	(-39, 69)	13	testing
6	qp	f	19	red	1	(80, 0)	(40, 69)	(-39, 69)	(-80, 0)	(-40, -69)	(40, -69)	circle	red	same	left	left	(40, -69)	(-80, 0)	search	nr	True	1323766	1325265	left	60	160	35	135	10	85	None	None	testing
6	qp	f	19	red	1	(80, 0)	(40, 69)	(-39, 69)	(-80, 0)	(-40, -69)	(40, -69)	circle	red	same	left	left	(40, -69)	(80, 0)	search	nr	True	1326370	1327057	left	110	85	35	135	160	10	None	None	testing
6	qp	f	19	red	1	(80, 0)	(40, 69)	(-39, 69)	(-80, 0)	(-40, -69)	(40, -69)	diamond	red	dif	left	left	(40, -69)	(-40, -69)	search	nr	True	1328140	1329121	left	110	60	85	135	160	35	None	None	testing
6	qp	f	19	red	1	(80, 0)	(40, 69)	(-39, 69)	(-80, 0)	(-40, -69)	(40, -69)	circle	red	dif	left	left	(40, 69)	(80, 0)	search	nr	True	1330277	1330865	left	85	110	35	60	10	135	None	None	testing
6	qp	f	19	red	1	(80, 0)	(40, 69)	(-39, 69)	(-80, 0)	(-40, -69)	(40, -69)	diamond	red	same	right	right	(-39, 69)	(40, 69)	probe	norm	None	None	None	None	85	110	10	135	60	35	(40, -69)	20	testing
6	qp	f	19	red	1	(80, 0)	(40, 69)	(-39, 69)	(-80, 0)	(-40, -69)	(40, -69)	diamond	red	same	left	left	(40, -69)	(-39, 69)	search	nr	True	1338108	1339232	left	35	135	85	10	160	60	None	None	testing
6	qp	f	19	red	1	(80, 0)	(40, 69)	(-39, 69)	(-80, 0)	(-40, -69)	(40, -69)	circle	red	same	left	left	(40, -69)	(-80, 0)	search	nr	True	1340296	1341105	right	10	85	60	135	160	110	None	None	testing
6	qp	f	19	red	1	(80, 0)	(40, 69)	(-39, 69)	(-80, 0)	(-40, -69)	(40, -69)	circle	none	dif	left	left	N_dist	(-80, 0)	probe	l_tar	None	None	None	None	10	160	60	110	85	135	(-80, 0)	0	testing
6	qp	f	19	red	1	(80, 0)	(40, 69)	(-39, 69)	(-80, 0)	(-40, -69)	(40, -69)	diamond	none	same	left	left	N_dist	(40, 69)	probe	l_norm	None	None	None	None	110	60	10	85	160	35	(80, 0)	0	testing
6	qp	f	19	red	1	(80, 0)	(40, 69)	(-39, 69)	(-80, 0)	(-40, -69)	(40, -69)	diamond	red	dif	right	right	(40, -69)	(-80, 0)	probe	tar	None	None	None	None	10	60	35	85	160	135	(-80, 0)	171	testing
6	qp	f	19	red	1	(80, 0)	(40, 69)	(-39, 69)	(-80, 0)	(-40, -69)	(40, -69)	circle	red	same	right	right	(-40, -69)	(80, 0)	search	nr	True	1359381	1360209	right	110	10	160	35	60	135	None	None	testing
6	qp	f	19	red	1	(80, 0)	(40, 69)	(-39, 69)	(-80, 0)	(-40, -69)	(40, -69)	circle	red	dif	left	left	(40, -69)	(40, 69)	search	nr	True	1361401	1363073	left	135	110	60	10	160	85	None	None	testing
6	qp	f	19	red	1	(80, 0)	(40, 69)	(-39, 69)	(-80, 0)	(-40, -69)	(40, -69)	diamond	none	same	left	left	N_dist	(40, -69)	search	nr	True	1364223	1364897	right	85	110	60	160	135	35	None	None	testing
6	qp	f	19	red	1	(80, 0)	(40, 69)	(-39, 69)	(-80, 0)	(-40, -69)	(40, -69)	circle	none	dif	right	right	N_dist	(80, 0)	search	nr	True	1367596	1368353	right	160	110	35	85	10	135	None	None	testing
6	qp	f	19	red	1	(80, 0)	(40, 69)	(-39, 69)	(-80, 0)	(-40, -69)	(40, -69)	diamond	none	same	right	right	N_dist	(-80, 0)	search	nr	True	1369533	1370545	right	85	60	110	160	10	135	None	None	testing
6	qp	f	19	red	1	(80, 0)	(40, 69)	(-39, 69)	(-80, 0)	(-40, -69)	(40, -69)	diamond	none	same	right	right	N_dist	(-80, 0)	search	nr	True	1371770	1372672	right	35	10	160	135	110	60	None	None	testing
6	qp	f	19	red	1	(80, 0)	(40, 69)	(-39, 69)	(-80, 0)	(-40, -69)	(40, -69)	circle	none	dif	right	right	N_dist	(40, -69)	search	nr	True	1373891	1374769	right	10	85	160	135	110	35	None	None	testing
6	qp	f	19	red	1	(80, 0)	(40, 69)	(-39, 69)	(-80, 0)	(-40, -69)	(40, -69)	diamond	none	dif	right	right	N_dist	(40, -69)	probe	h_tar	None	None	None	None	135	160	85	60	10	110	(40, -69)	19	testing
6	qp	f	19	red	1	(80, 0)	(40, 69)	(-39, 69)	(-80, 0)	(-40, -69)	(40, -69)	diamond	none	same	right	right	N_dist	(-80, 0)	probe	l_norm	None	None	None	None	10	110	35	85	60	135	(-39, 69)	169	testing
6	qp	f	19	red	1	(80, 0)	(40, 69)	(-39, 69)	(-80, 0)	(-40, -69)	(40, -69)	circle	none	same	right	right	N_dist	(40, -69)	search	nr	True	1387616	1388865	right	85	35	160	110	135	60	None	None	testing
6	qp	f	19	red	1	(80, 0)	(40, 69)	(-39, 69)	(-80, 0)	(-40, -69)	(40, -69)	circle	red	dif	right	right	(40, -69)	(-80, 0)	search	nr	True	1390154	1391152	right	10	85	135	60	35	110	None	None	testing
6	qp	f	19	red	1	(80, 0)	(40, 69)	(-39, 69)	(-80, 0)	(-40, -69)	(40, -69)	circle	none	same	left	left	N_dist	(40, -69)	search	nr	True	1392241	1392993	left	110	85	35	10	160	135	None	None	testing
6	qp	f	19	red	1	(80, 0)	(40, 69)	(-39, 69)	(-80, 0)	(-40, -69)	(40, -69)	circle	red	dif	right	right	(40, -69)	(-80, 0)	search	nr	True	1394128	1394881	right	85	110	135	10	35	60	None	None	testing
6	qp	f	19	red	1	(80, 0)	(40, 69)	(-39, 69)	(-80, 0)	(-40, -69)	(40, -69)	diamond	none	dif	right	right	N_dist	(80, 0)	search	nr	True	1395998	1396849	right	110	35	10	160	85	60	None	None	testing
6	qp	f	19	red	1	(80, 0)	(40, 69)	(-39, 69)	(-80, 0)	(-40, -69)	(40, -69)	diamond	none	same	right	right	N_dist	(-39, 69)	probe	h_norm	None	None	None	None	135	85	60	110	10	160	(40, -69)	13	testing
6	qp	f	19	red	1	(80, 0)	(40, 69)	(-39, 69)	(-80, 0)	(-40, -69)	(40, -69)	diamond	none	dif	right	right	N_dist	(80, 0)	search	nr	True	1403829	1404497	right	110	85	160	135	35	60	None	None	testing
6	qp	f	19	red	1	(80, 0)	(40, 69)	(-39, 69)	(-80, 0)	(-40, -69)	(40, -69)	diamond	none	dif	right	right	N_dist	(80, 0)	search	nr	True	1405699	1406321	right	60	110	135	10	85	160	None	None	testing
6	qp	f	19	red	1	(80, 0)	(40, 69)	(-39, 69)	(-80, 0)	(-40, -69)	(40, -69)	diamond	none	dif	left	left	N_dist	(40, 69)	search	nr	True	1407536	1408417	left	10	110	160	85	60	135	None	None	testing
6	qp	f	19	red	1	(80, 0)	(40, 69)	(-39, 69)	(-80, 0)	(-40, -69)	(40, -69)	diamond	red	same	right	right	(40, -69)	(-39, 69)	search	nr	True	1409640	1410449	right	110	60	35	10	160	135	None	None	testing
6	qp	f	19	red	1	(80, 0)	(40, 69)	(-39, 69)	(-80, 0)	(-40, -69)	(40, -69)	diamond	none	dif	left	left	N_dist	(-40, -69)	search	nr	True	1411526	1412417	left	10	135	60	85	35	160	None	None	testing
6	qp	f	19	red	1	(80, 0)	(40, 69)	(-39, 69)	(-80, 0)	(-40, -69)	(40, -69)	diamond	red	same	right	right	(-40, -69)	(40, 69)	search	nr	True	1413480	1414433	right	60	160	85	10	35	135	None	None	testing
6	qp	f	19	red	1	(80, 0)	(40, 69)	(-39, 69)	(-80, 0)	(-40, -69)	(40, -69)	circle	red	same	right	right	(-40, -69)	(80, 0)	search	nr	True	1415668	1416689	right	135	35	110	10	60	160	None	None	testing
6	qp	f	19	red	1	(80, 0)	(40, 69)	(-39, 69)	(-80, 0)	(-40, -69)	(40, -69)	circle	red	dif	left	left	(40, -69)	(40, 69)	search	nr	True	1417988	1418801	left	10	85	160	110	135	60	None	None	testing
6	qp	f	19	red	1	(80, 0)	(40, 69)	(-39, 69)	(-80, 0)	(-40, -69)	(40, -69)	circle	red	same	right	right	(-39, 69)	(80, 0)	search	nr	True	1419858	1420529	right	160	135	35	10	60	85	None	None	testing
6	qp	f	19	red	1	(80, 0)	(40, 69)	(-39, 69)	(-80, 0)	(-40, -69)	(40, -69)	diamond	none	same	right	right	N_dist	(-40, -69)	search	nr	True	1421712	1422657	left	135	160	60	10	85	35	None	None	testing
6	qp	f	19	red	1	(80, 0)	(40, 69)	(-39, 69)	(-80, 0)	(-40, -69)	(40, -69)	diamond	red	same	right	right	(80, 0)	(40, 69)	probe	tar	None	None	None	None	110	160	60	10	35	85	(40, 69)	0	testing
6	qp	f	19	red	1	(80, 0)	(40, 69)	(-39, 69)	(-80, 0)	(-40, -69)	(40, -69)	diamond	red	dif	left	left	(40, -69)	(40, 69)	search	nr	True	1435838	1436736	left	10	85	35	135	110	60	None	None	testing
6	qp	f	19	red	1	(80, 0)	(40, 69)	(-39, 69)	(-80, 0)	(-40, -69)	(40, -69)	circle	none	same	right	right	N_dist	(40, -69)	search	nr	True	1437858	1438705	right	85	160	35	10	135	110	None	None	testing
6	qp	f	19	red	1	(80, 0)	(40, 69)	(-39, 69)	(-80, 0)	(-40, -69)	(40, -69)	diamond	none	same	left	left	N_dist	(40, 69)	search	nr	True	1439795	1440625	left	110	135	85	160	35	10	None	None	testing
6	qp	f	19	red	1	(80, 0)	(40, 69)	(-39, 69)	(-80, 0)	(-40, -69)	(40, -69)	circle	none	same	left	left	N_dist	(-39, 69)	search	nr	True	1441832	1442753	left	160	35	135	85	60	110	None	None	testing
6	qp	f	19	red	1	(80, 0)	(40, 69)	(-39, 69)	(-80, 0)	(-40, -69)	(40, -69)	diamond	none	same	left	left	N_dist	(80, 0)	search	nr	True	1443920	1444529	left	60	110	35	160	85	135	None	None	testing
6	qp	f	19	red	1	(80, 0)	(40, 69)	(-39, 69)	(-80, 0)	(-40, -69)	(40, -69)	diamond	red	dif	right	right	(40, -69)	(-40, -69)	probe	tar	None	None	None	None	60	135	10	160	110	85	(-40, -69)	0	testing
6	qp	f	19	red	1	(80, 0)	(40, 69)	(-39, 69)	(-80, 0)	(-40, -69)	(40, -69)	circle	none	dif	left	left	N_dist	(-39, 69)	probe	l_tar	None	None	None	None	10	135	35	60	85	110	(-39, 69)	0	testing
6	qp	f	19	red	1	(80, 0)	(40, 69)	(-39, 69)	(-80, 0)	(-40, -69)	(40, -69)	diamond	none	same	right	right	N_dist	(-80, 0)	search	nr	True	1462687	1463777	right	160	85	110	35	60	10	None	None	testing
6	qp	f	19	red	1	(80, 0)	(40, 69)	(-39, 69)	(-80, 0)	(-40, -69)	(40, -69)	circle	red	dif	left	left	(40, -69)	(80, 0)	search	nr	True	1464908	1465713	left	135	85	35	160	10	110	None	None	testing
6	qp	f	19	red	1	(80, 0)	(40, 69)	(-39, 69)	(-80, 0)	(-40, -69)	(40, -69)	circle	red	same	right	right	(-39, 69)	(80, 0)	search	nr	True	1466828	1467489	right	160	10	35	135	60	85	None	None	testing
6	qp	f	19	red	1	(80, 0)	(40, 69)	(-39, 69)	(-80, 0)	(-40, -69)	(40, -69)	diamond	none	dif	left	left	N_dist	(40, 69)	search	nr	True	1468615	1469761	right	35	10	160	135	85	60	None	None	testing
6	qp	f	19	red	1	(80, 0)	(40, 69)	(-39, 69)	(-80, 0)	(-40, -69)	(40, -69)	circle	red	same	left	left	(40, -69)	(-80, 0)	probe	norm	None	None	None	None	135	160	60	10	110	85	(40, 69)	16	testing
6	qp	f	19	red	1	(80, 0)	(40, 69)	(-39, 69)	(-80, 0)	(-40, -69)	(40, -69)	circle	red	same	left	left	(-39, 69)	(-40, -69)	probe	tar	None	None	None	None	10	110	60	160	85	135	(-40, -69)	168	testing
6	qp	f	19	red	1	(80, 0)	(40, 69)	(-39, 69)	(-80, 0)	(-40, -69)	(40, -69)	diamond	none	dif	left	left	N_dist	(-40, -69)	search	nr	True	1485847	1488513	left	10	110	85	35	160	60	None	None	testing
6	qp	f	19	red	1	(80, 0)	(40, 69)	(-39, 69)	(-80, 0)	(-40, -69)	(40, -69)	diamond	red	dif	left	left	(40, -69)	(-40, -69)	search	nr	True	1489671	1490992	left	110	35	85	10	60	135	None	None	testing
6	qp	f	19	red	1	(80, 0)	(40, 69)	(-39, 69)	(-80, 0)	(-40, -69)	(40, -69)	diamond	red	same	right	right	(40, -69)	(-39, 69)	search	nr	True	1492142	1492769	right	85	35	135	60	110	10	None	None	testing
6	qp	f	19	red	1	(80, 0)	(40, 69)	(-39, 69)	(-80, 0)	(-40, -69)	(40, -69)	circle	none	dif	left	left	N_dist	(40, -69)	probe	h_tar	None	None	None	None	135	110	60	10	160	85	(40, -69)	21	testing
6	qp	f	19	red	1	(80, 0)	(40, 69)	(-39, 69)	(-80, 0)	(-40, -69)	(40, -69)	circle	none	same	left	left	N_dist	(80, 0)	search	nr	True	1498420	1499585	left	60	85	135	160	35	110	None	None	testing
6	qp	f	19	red	1	(80, 0)	(40, 69)	(-39, 69)	(-80, 0)	(-40, -69)	(40, -69)	circle	red	same	right	right	(-39, 69)	(80, 0)	probe	l_sin	None	None	None	None	110	35	60	10	160	135	(-39, 69)	21	testing
6	qp	f	19	red	1	(80, 0)	(40, 69)	(-39, 69)	(-80, 0)	(-40, -69)	(40, -69)	diamond	none	dif	left	left	N_dist	(-40, -69)	search	nr	True	1513682	1514705	left	160	35	85	10	110	60	None	None	testing
6	qp	f	19	red	1	(80, 0)	(40, 69)	(-39, 69)	(-80, 0)	(-40, -69)	(40, -69)	circle	red	same	left	left	(40, -69)	(-80, 0)	search	nr	True	1515785	1516929	left	85	160	60	35	110	135	None	None	testing
6	qp	f	19	red	1	(80, 0)	(40, 69)	(-39, 69)	(-80, 0)	(-40, -69)	(40, -69)	diamond	red	same	right	right	(40, -69)	(80, 0)	probe	tar	None	None	None	None	10	35	110	160	60	135	(80, 0)	165	testing
6	qp	f	19	red	1	(80, 0)	(40, 69)	(-39, 69)	(-80, 0)	(-40, -69)	(40, -69)	diamond	red	same	left	left	(40, -69)	(40, 69)	probe	norm	None	None	None	None	85	10	35	110	160	135	(-80, 0)	0	testing
6	qp	f	19	red	1	(80, 0)	(40, 69)	(-39, 69)	(-80, 0)	(-40, -69)	(40, -69)	diamond	none	dif	right	right	N_dist	(40, 69)	search	nr	True	1528158	1529121	right	135	60	35	160	10	85	None	None	testing
6	qp	f	19	red	1	(80, 0)	(40, 69)	(-39, 69)	(-80, 0)	(-40, -69)	(40, -69)	diamond	none	same	left	left	N_dist	(40, 69)	search	nr	True	1530228	1531009	left	10	135	60	160	110	35	None	None	testing
6	qp	f	19	red	1	(80, 0)	(40, 69)	(-39, 69)	(-80, 0)	(-40, -69)	(40, -69)	circle	red	dif	right	right	(40, -69)	(-80, 0)	search	nr	True	1532215	1533201	right	60	110	135	160	85	35	None	None	testing
6	qp	f	19	red	1	(80, 0)	(40, 69)	(-39, 69)	(-80, 0)	(-40, -69)	(40, -69)	diamond	red	dif	left	left	(40, 69)	(80, 0)	probe	tar	None	None	None	None	35	160	135	110	60	85	(80, 0)	16	testing
6	qp	f	19	red	1	(80, 0)	(40, 69)	(-39, 69)	(-80, 0)	(-40, -69)	(40, -69)	circle	red	same	left	left	(40, -69)	(40, 69)	search	nr	True	1544187	1545345	left	85	35	10	60	110	160	None	None	testing
6	qp	f	19	red	1	(80, 0)	(40, 69)	(-39, 69)	(-80, 0)	(-40, -69)	(40, -69)	diamond	red	same	left	left	(40, -69)	(80, 0)	search	nr	True	1546559	1547297	left	85	10	35	60	135	160	None	None	testing
6	qp	f	19	red	1	(80, 0)	(40, 69)	(-39, 69)	(-80, 0)	(-40, -69)	(40, -69)	diamond	red	dif	right	right	(40, -69)	(-80, 0)	search	nr	True	1548545	1549553	right	10	35	85	110	135	60	None	None	testing
6	qp	f	19	red	1	(80, 0)	(40, 69)	(-39, 69)	(-80, 0)	(-40, -69)	(40, -69)	diamond	red	dif	right	right	(40, -69)	(-40, -69)	search	nr	True	1550833	1551777	right	110	60	160	85	135	10	None	None	testing
6	qp	f	19	red	1	(80, 0)	(40, 69)	(-39, 69)	(-80, 0)	(-40, -69)	(40, -69)	circle	none	dif	right	right	N_dist	(-39, 69)	search	nr	True	1553070	1553681	right	135	85	60	35	160	10	None	None	testing
6	qp	f	19	red	1	(80, 0)	(40, 69)	(-39, 69)	(-80, 0)	(-40, -69)	(40, -69)	circle	red	dif	left	left	(40, -69)	(40, 69)	search	nr	True	1554957	1555633	left	160	85	35	10	110	60	None	None	testing
6	qp	f	19	red	1	(80, 0)	(40, 69)	(-39, 69)	(-80, 0)	(-40, -69)	(40, -69)	diamond	none	same	left	left	N_dist	(80, 0)	search	nr	True	1556761	1557681	left	35	60	160	135	10	110	None	None	testing
6	qp	f	19	red	1	(80, 0)	(40, 69)	(-39, 69)	(-80, 0)	(-40, -69)	(40, -69)	diamond	red	same	right	right	(40, -69)	(80, 0)	search	nr	True	1558931	1559809	right	160	110	85	135	10	35	None	None	testing
6	qp	f	19	red	1	(80, 0)	(40, 69)	(-39, 69)	(-80, 0)	(-40, -69)	(40, -69)	circle	none	same	right	right	N_dist	(80, 0)	probe	l_tar	None	None	None	None	160	135	35	110	10	85	(80, 0)	19	testing
6	qp	f	19	red	1	(80, 0)	(40, 69)	(-39, 69)	(-80, 0)	(-40, -69)	(40, -69)	diamond	none	dif	left	left	N_dist	(-40, -69)	search	nr	True	1565944	1566801	left	35	85	135	60	160	10	None	None	testing
6	qp	f	19	red	1	(80, 0)	(40, 69)	(-39, 69)	(-80, 0)	(-40, -69)	(40, -69)	diamond	red	same	left	left	(40, -69)	(40, 69)	search	nr	True	1567864	1568529	left	110	135	10	85	60	35	None	None	testing
6	qp	f	19	red	1	(80, 0)	(40, 69)	(-39, 69)	(-80, 0)	(-40, -69)	(40, -69)	diamond	red	same	left	left	(80, 0)	(-39, 69)	search	nr	True	1569650	1570400	left	10	160	135	35	110	85	None	None	testing
6	qp	f	19	red	1	(80, 0)	(40, 69)	(-39, 69)	(-80, 0)	(-40, -69)	(40, -69)	diamond	red	same	right	right	(40, -69)	(80, 0)	search	nr	True	1571538	1572161	right	110	135	160	35	85	10	None	None	testing
6	qp	f	19	red	1	(80, 0)	(40, 69)	(-39, 69)	(-80, 0)	(-40, -69)	(40, -69)	circle	red	dif	right	right	(40, -69)	(-40, -69)	search	nr	True	1573391	1574625	right	35	60	10	160	135	85	None	None	testing
6	qp	f	19	red	1	(80, 0)	(40, 69)	(-39, 69)	(-80, 0)	(-40, -69)	(40, -69)	diamond	red	dif	left	left	(40, 69)	(80, 0)	search	nr	True	1575728	1576801	left	85	60	110	135	35	10	None	None	testing
6	qp	f	19	red	1	(80, 0)	(40, 69)	(-39, 69)	(-80, 0)	(-40, -69)	(40, -69)	circle	red	same	left	left	(80, 0)	(-80, 0)	search	nr	True	1577966	1578688	left	10	160	135	35	110	85	None	None	testing
6	qp	f	19	red	1	(80, 0)	(40, 69)	(-39, 69)	(-80, 0)	(-40, -69)	(40, -69)	circle	red	same	right	right	(-80, 0)	(40, 69)	search	nr	True	1579836	1580433	right	110	10	160	60	35	135	None	None	testing
6	qp	f	19	red	1	(80, 0)	(40, 69)	(-39, 69)	(-80, 0)	(-40, -69)	(40, -69)	diamond	red	dif	right	right	(40, -69)	(80, 0)	search	nr	True	1581656	1582576	right	110	85	135	60	35	160	None	None	testing
6	qp	f	19	red	1	(80, 0)	(40, 69)	(-39, 69)	(-80, 0)	(-40, -69)	(40, -69)	circle	red	dif	left	left	(40, -69)	(40, 69)	search	nr	True	1583677	1584369	left	60	10	35	135	160	85	None	None	testing
6	qp	f	19	red	1	(80, 0)	(40, 69)	(-39, 69)	(-80, 0)	(-40, -69)	(40, -69)	circle	none	same	right	right	N_dist	(40, -69)	probe	h_tar	None	None	None	None	85	10	35	135	160	110	(40, -69)	166	testing
6	qp	f	19	red	1	(80, 0)	(40, 69)	(-39, 69)	(-80, 0)	(-40, -69)	(40, -69)	circle	red	dif	right	right	(40, -69)	(-80, 0)	probe	norm	None	None	None	None	110	135	10	160	85	35	(-40, -69)	20	testing
6	qp	f	19	red	1	(80, 0)	(40, 69)	(-39, 69)	(-80, 0)	(-40, -69)	(40, -69)	diamond	red	same	left	left	(40, -69)	(80, 0)	search	nr	True	1595933	1596977	left	60	35	110	10	85	135	None	None	testing
6	qp	f	19	red	1	(80, 0)	(40, 69)	(-39, 69)	(-80, 0)	(-40, -69)	(40, -69)	circle	red	same	right	right	(-40, -69)	(-39, 69)	search	nr	True	1598236	1600209	right	10	135	60	110	85	160	None	None	testing
6	qp	f	19	red	1	(80, 0)	(40, 69)	(-39, 69)	(-80, 0)	(-40, -69)	(40, -69)	diamond	red	dif	left	left	(40, -69)	(-80, 0)	search	nr	True	1601476	1602400	left	10	135	60	160	35	110	None	None	testing
6	qp	f	19	red	1	(80, 0)	(40, 69)	(-39, 69)	(-80, 0)	(-40, -69)	(40, -69)	diamond	red	same	right	right	(-39, 69)	(40, 69)	search	nr	True	1603463	1604576	right	135	10	35	110	160	60	None	None	testing
6	qp	f	19	red	1	(80, 0)	(40, 69)	(-39, 69)	(-80, 0)	(-40, -69)	(40, -69)	circle	red	same	left	left	(-39, 69)	(-80, 0)	search	nr	True	1605667	1606593	left	60	35	10	135	110	160	None	None	testing
6	qp	f	19	red	1	(80, 0)	(40, 69)	(-39, 69)	(-80, 0)	(-40, -69)	(40, -69)	diamond	red	dif	right	right	(-39, 69)	(-40, -69)	search	nr	True	1607737	1608784	right	135	60	35	160	110	10	None	None	testing
6	qp	f	19	red	1	(80, 0)	(40, 69)	(-39, 69)	(-80, 0)	(-40, -69)	(40, -69)	circle	red	same	left	left	(-39, 69)	(-40, -69)	search	nr	True	1609858	1610625	left	160	85	135	35	60	110	None	None	testing
6	qp	f	19	red	1	(80, 0)	(40, 69)	(-39, 69)	(-80, 0)	(-40, -69)	(40, -69)	diamond	red	same	left	left	(40, -69)	(40, 69)	probe	norm	None	None	None	None	60	110	35	10	85	160	(-80, 0)	179	testing
6	qp	f	19	red	1	(80, 0)	(40, 69)	(-39, 69)	(-80, 0)	(-40, -69)	(40, -69)	diamond	red	same	right	right	(40, -69)	(80, 0)	probe	norm	None	None	None	None	110	60	135	10	160	85	(-80, 0)	162	testing
6	qp	f	19	red	1	(80, 0)	(40, 69)	(-39, 69)	(-80, 0)	(-40, -69)	(40, -69)	diamond	red	dif	right	right	(40, -69)	(-40, -69)	probe	h_sin	None	None	None	None	135	60	10	110	160	85	(40, -69)	21	testing
6	qp	f	19	red	1	(80, 0)	(40, 69)	(-39, 69)	(-80, 0)	(-40, -69)	(40, -69)	diamond	red	same	right	right	(40, -69)	(80, 0)	search	nr	True	1629911	1631089	right	60	85	35	135	110	160	None	None	testing
6	qp	f	19	red	1	(80, 0)	(40, 69)	(-39, 69)	(-80, 0)	(-40, -69)	(40, -69)	circle	red	same	right	right	(-40, -69)	(-80, 0)	search	nr	True	1632183	1633457	right	135	110	85	35	10	160	None	None	testing
6	qp	f	19	red	1	(80, 0)	(40, 69)	(-39, 69)	(-80, 0)	(-40, -69)	(40, -69)	diamond	red	same	left	left	(40, -69)	(40, 69)	search	nr	True	1634587	1635585	left	85	35	135	60	160	10	None	None	testing
6	qp	f	19	red	1	(80, 0)	(40, 69)	(-39, 69)	(-80, 0)	(-40, -69)	(40, -69)	circle	red	same	right	right	(80, 0)	(40, 69)	search	nr	True	1636725	1637505	right	135	10	85	160	35	110	None	None	testing
6	qp	f	19	red	1	(80, 0)	(40, 69)	(-39, 69)	(-80, 0)	(-40, -69)	(40, -69)	diamond	red	dif	left	left	(40, 69)	(80, 0)	search	nr	True	1638678	1639585	left	60	160	10	85	110	35	None	None	testing
6	qp	f	19	red	1	(80, 0)	(40, 69)	(-39, 69)	(-80, 0)	(-40, -69)	(40, -69)	diamond	red	same	left	left	(40, 69)	(-39, 69)	search	nr	True	1640665	1641568	left	160	110	85	135	60	10	None	None	testing
6	qp	f	19	red	1	(80, 0)	(40, 69)	(-39, 69)	(-80, 0)	(-40, -69)	(40, -69)	diamond	red	dif	left	left	(40, 69)	(-80, 0)	search	nr	True	1642651	1643504	left	85	160	35	10	60	110	None	None	testing
6	qp	f	19	red	1	(80, 0)	(40, 69)	(-39, 69)	(-80, 0)	(-40, -69)	(40, -69)	diamond	red	dif	left	left	(40, -69)	(-39, 69)	probe	h_sin	None	None	None	None	110	160	85	35	60	10	(40, -69)	24	testing
6	qp	f	19	red	1	(80, 0)	(40, 69)	(-39, 69)	(-80, 0)	(-40, -69)	(40, -69)	circle	red	same	right	right	(-80, 0)	(40, 69)	search	nr	True	1649531	1651025	right	85	60	135	160	10	110	None	None	testing
6	qp	f	19	red	1	(80, 0)	(40, 69)	(-39, 69)	(-80, 0)	(-40, -69)	(40, -69)	circle	none	same	left	left	N_dist	(80, 0)	probe	h_norm	None	None	None	None	135	85	10	35	110	160	(40, -69)	17	testing
6	qp	f	19	red	1	(80, 0)	(40, 69)	(-39, 69)	(-80, 0)	(-40, -69)	(40, -69)	diamond	red	dif	left	left	(40, -69)	(-39, 69)	probe	h_sin	None	None	None	None	10	85	160	135	110	35	(40, -69)	25	testing
6	qp	f	19	red	1	(80, 0)	(40, 69)	(-39, 69)	(-80, 0)	(-40, -69)	(40, -69)	diamond	red	dif	right	right	(40, -69)	(40, 69)	search	nr	True	1663089	1664241	right	35	135	60	160	85	110	None	None	testing
6	qp	f	19	red	1	(80, 0)	(40, 69)	(-39, 69)	(-80, 0)	(-40, -69)	(40, -69)	circle	red	same	left	left	(-39, 69)	(40, 69)	search	nr	True	1665511	1666480	left	135	35	160	10	110	60	None	None	testing
6	qp	f	19	red	1	(80, 0)	(40, 69)	(-39, 69)	(-80, 0)	(-40, -69)	(40, -69)	circle	red	dif	right	right	(40, -69)	(40, 69)	search	nr	True	1667548	1668289	right	135	110	85	60	35	160	None	None	testing
6	qp	f	19	red	1	(80, 0)	(40, 69)	(-39, 69)	(-80, 0)	(-40, -69)	(40, -69)	diamond	none	dif	right	right	N_dist	(80, 0)	search	nr	True	1669451	1670001	left	85	60	10	135	110	35	None	None	testing
6	qp	f	19	red	1	(80, 0)	(40, 69)	(-39, 69)	(-80, 0)	(-40, -69)	(40, -69)	circle	red	dif	right	right	(40, -69)	(-80, 0)	search	nr	True	1672690	1673585	right	60	110	85	160	10	35	None	None	testing
6	qp	f	19	red	1	(80, 0)	(40, 69)	(-39, 69)	(-80, 0)	(-40, -69)	(40, -69)	diamond	red	same	right	right	(80, 0)	(40, 69)	search	nr	True	1674861	1675809	right	35	60	110	160	85	135	None	None	testing
6	qp	f	19	red	1	(80, 0)	(40, 69)	(-39, 69)	(-80, 0)	(-40, -69)	(40, -69)	circle	none	same	left	left	N_dist	(40, -69)	search	nr	True	1676998	1678001	left	85	10	60	110	135	35	None	None	testing
6	qp	f	19	red	1	(80, 0)	(40, 69)	(-39, 69)	(-80, 0)	(-40, -69)	(40, -69)	circle	none	dif	left	left	N_dist	(-80, 0)	search	nr	True	1679136	1680049	left	135	160	85	35	110	60	None	None	testing
6	qp	f	19	red	1	(80, 0)	(40, 69)	(-39, 69)	(-80, 0)	(-40, -69)	(40, -69)	diamond	red	same	right	right	(40, -69)	(-40, -69)	search	nr	True	1681256	1682209	right	110	60	10	85	35	160	None	None	testing
6	qp	f	19	red	1	(80, 0)	(40, 69)	(-39, 69)	(-80, 0)	(-40, -69)	(40, -69)	diamond	none	dif	right	right	N_dist	(80, 0)	probe	h_norm	None	None	None	None	135	160	10	110	60	35	(40, -69)	179	testing
6	qp	f	19	red	1	(80, 0)	(40, 69)	(-39, 69)	(-80, 0)	(-40, -69)	(40, -69)	circle	none	dif	right	right	N_dist	(80, 0)	probe	l_norm	None	None	None	None	110	85	10	160	60	135	(-40, -69)	170	testing
6	qp	f	19	red	1	(80, 0)	(40, 69)	(-39, 69)	(-80, 0)	(-40, -69)	(40, -69)	circle	red	dif	right	right	(40, -69)	(-40, -69)	search	nr	True	1693528	1694929	right	110	60	160	35	135	85	None	None	testing
6	qp	f	19	red	1	(80, 0)	(40, 69)	(-39, 69)	(-80, 0)	(-40, -69)	(40, -69)	diamond	red	same	right	right	(40, -69)	(80, 0)	search	nr	True	1696017	1697121	right	160	35	10	110	85	135	None	None	testing
6	qp	f	19	red	1	(80, 0)	(40, 69)	(-39, 69)	(-80, 0)	(-40, -69)	(40, -69)	circle	red	dif	left	left	(80, 0)	(-40, -69)	search	nr	True	1698338	1699073	left	35	160	135	110	10	60	None	None	testing
6	qp	f	19	red	1	(80, 0)	(40, 69)	(-39, 69)	(-80, 0)	(-40, -69)	(40, -69)	circle	red	dif	left	left	(40, -69)	(80, 0)	search	nr	True	1700308	1700961	left	60	10	35	110	135	85	None	None	testing
6	qp	f	19	red	1	(80, 0)	(40, 69)	(-39, 69)	(-80, 0)	(-40, -69)	(40, -69)	diamond	red	same	right	right	(40, -69)	(-80, 0)	search	nr	True	1702095	1703089	right	110	10	135	160	35	85	None	None	testing
6	qp	f	19	red	1	(80, 0)	(40, 69)	(-39, 69)	(-80, 0)	(-40, -69)	(40, -69)	diamond	red	dif	right	right	(40, -69)	(-40, -69)	search	nr	True	1704182	1704992	right	110	10	85	60	135	35	None	None	testing
6	qp	f	19	red	1	(80, 0)	(40, 69)	(-39, 69)	(-80, 0)	(-40, -69)	(40, -69)	diamond	red	same	right	right	(-40, -69)	(40, 69)	search	nr	True	1706135	1707057	right	10	135	35	160	85	110	None	None	testing
6	qp	f	19	red	1	(80, 0)	(40, 69)	(-39, 69)	(-80, 0)	(-40, -69)	(40, -69)	diamond	red	dif	left	left	(40, -69)	(80, 0)	search	nr	True	1708322	1709104	left	110	35	60	85	10	135	None	None	testing
6	qp	f	19	red	1	(80, 0)	(40, 69)	(-39, 69)	(-80, 0)	(-40, -69)	(40, -69)	circle	none	dif	right	right	N_dist	(40, 69)	search	nr	True	1710409	1711024	right	135	85	160	35	110	60	None	None	testing
6	qp	f	19	red	1	(80, 0)	(40, 69)	(-39, 69)	(-80, 0)	(-40, -69)	(40, -69)	circle	red	dif	left	left	(40, -69)	(40, 69)	search	nr	True	1712313	1712945	left	60	85	10	110	160	35	None	None	testing
6	qp	f	19	red	1	(80, 0)	(40, 69)	(-39, 69)	(-80, 0)	(-40, -69)	(40, -69)	circle	none	same	left	left	N_dist	(-39, 69)	probe	h_norm	None	None	None	None	35	135	60	85	160	110	(40, -69)	12	testing
6	qp	f	19	red	1	(80, 0)	(40, 69)	(-39, 69)	(-80, 0)	(-40, -69)	(40, -69)	circle	red	dif	right	right	(-80, 0)	(-40, -69)	probe	norm	None	None	None	None	160	60	35	110	10	135	(80, 0)	21	testing
6	qp	f	19	red	1	(80, 0)	(40, 69)	(-39, 69)	(-80, 0)	(-40, -69)	(40, -69)	circle	red	dif	right	right	(40, -69)	(-80, 0)	search	nr	True	1724052	1725473	right	110	60	160	135	10	35	None	None	testing
6	qp	f	19	red	1	(80, 0)	(40, 69)	(-39, 69)	(-80, 0)	(-40, -69)	(40, -69)	circle	red	dif	left	left	(-80, 0)	(-40, -69)	search	nr	True	1726673	1727793	left	135	60	85	10	160	110	None	None	testing
6	qp	f	19	red	1	(80, 0)	(40, 69)	(-39, 69)	(-80, 0)	(-40, -69)	(40, -69)	circle	red	same	left	left	(40, -69)	(-39, 69)	search	nr	True	1728894	1729601	left	35	60	110	10	85	135	None	None	testing
6	qp	f	19	red	1	(80, 0)	(40, 69)	(-39, 69)	(-80, 0)	(-40, -69)	(40, -69)	diamond	red	same	left	left	(40, -69)	(40, 69)	search	nr	True	1730897	1731825	left	35	135	110	60	160	10	None	None	testing
6	qp	f	19	red	1	(80, 0)	(40, 69)	(-39, 69)	(-80, 0)	(-40, -69)	(40, -69)	diamond	none	same	right	right	N_dist	(-39, 69)	search	nr	True	1733001	1733697	right	10	135	35	60	110	85	None	None	testing
6	qp	f	19	red	1	(80, 0)	(40, 69)	(-39, 69)	(-80, 0)	(-40, -69)	(40, -69)	circle	none	dif	right	right	N_dist	(-80, 0)	search	nr	True	1734988	1736017	right	135	160	85	110	60	10	None	None	testing
6	qp	f	19	red	1	(80, 0)	(40, 69)	(-39, 69)	(-80, 0)	(-40, -69)	(40, -69)	diamond	red	same	left	left	(80, 0)	(-39, 69)	search	nr	True	1737259	1737953	left	160	10	60	35	110	85	None	None	testing
6	qp	f	19	red	1	(80, 0)	(40, 69)	(-39, 69)	(-80, 0)	(-40, -69)	(40, -69)	diamond	red	dif	left	left	(40, -69)	(-40, -69)	search	nr	True	1739112	1739889	left	60	110	135	160	35	10	None	None	testing
6	qp	f	19	red	1	(80, 0)	(40, 69)	(-39, 69)	(-80, 0)	(-40, -69)	(40, -69)	circle	red	same	right	right	(-40, -69)	(-39, 69)	search	nr	True	1740949	1741921	right	35	85	160	110	60	135	None	None	testing
6	qp	f	19	red	1	(80, 0)	(40, 69)	(-39, 69)	(-80, 0)	(-40, -69)	(40, -69)	circle	red	dif	left	left	(40, -69)	(40, 69)	probe	tar	None	None	None	None	10	60	35	160	85	135	(40, 69)	161	testing
6	qp	f	19	red	1	(80, 0)	(40, 69)	(-39, 69)	(-80, 0)	(-40, -69)	(40, -69)	circle	red	same	right	right	(-40, -69)	(-39, 69)	search	nr	True	1747494	1748529	right	10	135	85	60	160	35	None	None	testing
6	qp	f	19	red	1	(80, 0)	(40, 69)	(-39, 69)	(-80, 0)	(-40, -69)	(40, -69)	circle	red	same	left	left	(-39, 69)	(40, 69)	search	nr	True	1749698	1750465	left	35	135	110	60	10	160	None	None	testing
6	qp	f	19	red	1	(80, 0)	(40, 69)	(-39, 69)	(-80, 0)	(-40, -69)	(40, -69)	diamond	red	same	right	right	(40, -69)	(-80, 0)	search	nr	True	1751652	1752545	right	35	160	60	110	10	135	None	None	testing
6	qp	f	19	red	1	(80, 0)	(40, 69)	(-39, 69)	(-80, 0)	(-40, -69)	(40, -69)	diamond	red	same	right	right	(40, -69)	(-39, 69)	search	nr	True	1753756	1754513	right	110	85	35	10	135	60	None	None	testing
6	qp	f	19	red	1	(80, 0)	(40, 69)	(-39, 69)	(-80, 0)	(-40, -69)	(40, -69)	circle	red	dif	right	right	(40, 69)	(-40, -69)	probe	norm	None	None	None	None	85	110	60	160	35	10	(80, 0)	171	testing
6	qp	f	19	red	1	(80, 0)	(40, 69)	(-39, 69)	(-80, 0)	(-40, -69)	(40, -69)	diamond	red	dif	right	right	(-39, 69)	(-40, -69)	search	nr	True	1765428	1766209	right	135	110	35	10	60	160	None	None	testing
6	qp	f	19	red	1	(80, 0)	(40, 69)	(-39, 69)	(-80, 0)	(-40, -69)	(40, -69)	circle	red	same	right	right	(-40, -69)	(-80, 0)	probe	l_sin	None	None	None	None	110	10	160	35	60	85	(-40, -69)	170	testing
6	qp	f	19	red	1	(80, 0)	(40, 69)	(-39, 69)	(-80, 0)	(-40, -69)	(40, -69)	circle	none	same	right	right	N_dist	(-40, -69)	search	nr	True	1771855	1773072	right	60	135	110	35	160	85	None	None	testing
