subj	name	gender	age	dist	run	tar_locs1	tar_locs2	tar_locs3	tar_locs4	tar_locs5	tar_locs6	shape	dist	td_dif	detection	resp_key	dis_loc	tar_loc	task_type	probe_cond	gotKey	startTime	respTime	resp	o1	o2	o3	o4	o5	o6	pro_loc	ori_resp	mode
7	wr	f	18	red	2	(80, 0)	(40, 69)	(-39, 69)	(-80, 0)	(-40, -69)	(40, -69)	circle	red	same	right	right	(40, 69)	(40, -69)	search	nr	True	265825	266615	right	60	110	35	135	160	10	None	None	testing
7	wr	f	18	red	2	(80, 0)	(40, 69)	(-39, 69)	(-80, 0)	(-40, -69)	(40, -69)	circle	red	dif	left	left	(-80, 0)	(-40, -69)	search	nr	True	267779	268567	left	10	160	135	85	60	35	None	None	testing
7	wr	f	18	red	2	(80, 0)	(40, 69)	(-39, 69)	(-80, 0)	(-40, -69)	(40, -69)	circle	red	same	right	right	(80, 0)	(-80, 0)	search	nr	True	269866	270487	right	110	160	35	10	60	135	None	None	testing
7	wr	f	18	red	2	(80, 0)	(40, 69)	(-39, 69)	(-80, 0)	(-40, -69)	(40, -69)	diamond	red	same	right	right	(80, 0)	(40, 69)	probe	tar	None	None	None	None	135	110	60	160	35	85	(40, 69)	17	testing
7	wr	f	18	red	2	(80, 0)	(40, 69)	(-39, 69)	(-80, 0)	(-40, -69)	(40, -69)	circle	none	same	right	right	N_dist	(-40, -69)	probe	h_norm	None	None	None	None	85	160	10	35	135	60	(80, 0)	33	testing
7	wr	f	18	red	2	(80, 0)	(40, 69)	(-39, 69)	(-80, 0)	(-40, -69)	(40, -69)	circle	none	same	left	left	N_dist	(-40, -69)	search	nr	True	281454	282199	left	135	35	60	160	85	10	None	None	testing
7	wr	f	18	red	2	(80, 0)	(40, 69)	(-39, 69)	(-80, 0)	(-40, -69)	(40, -69)	diamond	red	dif	right	right	(40, 69)	(40, -69)	search	nr	True	283458	284151	right	135	60	10	110	35	160	None	None	testing
7	wr	f	18	red	2	(80, 0)	(40, 69)	(-39, 69)	(-80, 0)	(-40, -69)	(40, -69)	diamond	red	dif	left	left	(-80, 0)	(40, 69)	probe	l_sin	None	None	None	None	10	135	35	60	110	85	(-80, 0)	9	testing
7	wr	f	18	red	2	(80, 0)	(40, 69)	(-39, 69)	(-80, 0)	(-40, -69)	(40, -69)	diamond	red	same	right	right	(40, 69)	(-80, 0)	search	nr	True	290738	291623	right	10	35	110	160	135	60	None	None	testing
7	wr	f	18	red	2	(80, 0)	(40, 69)	(-39, 69)	(-80, 0)	(-40, -69)	(40, -69)	circle	none	same	left	left	N_dist	(80, 0)	search	nr	True	292724	293607	left	160	110	10	60	35	85	None	None	testing
7	wr	f	18	red	2	(80, 0)	(40, 69)	(-39, 69)	(-80, 0)	(-40, -69)	(40, -69)	circle	red	dif	right	right	(80, 0)	(-39, 69)	probe	h_sin	None	None	None	None	10	110	35	85	60	160	(80, 0)	162	testing
7	wr	f	18	red	2	(80, 0)	(40, 69)	(-39, 69)	(-80, 0)	(-40, -69)	(40, -69)	circle	red	dif	left	left	(-80, 0)	(-40, -69)	search	nr	True	298619	299558	left	135	110	35	160	10	60	None	None	testing
7	wr	f	18	red	2	(80, 0)	(40, 69)	(-39, 69)	(-80, 0)	(-40, -69)	(40, -69)	diamond	red	same	left	left	(80, 0)	(-40, -69)	probe	h_sin	None	None	None	None	135	110	10	160	35	85	(80, 0)	165	testing
7	wr	f	18	red	2	(80, 0)	(40, 69)	(-39, 69)	(-80, 0)	(-40, -69)	(40, -69)	circle	none	dif	left	left	N_dist	(-80, 0)	search	nr	True	304163	305607	left	10	35	110	60	160	85	None	None	testing
7	wr	f	18	red	2	(80, 0)	(40, 69)	(-39, 69)	(-80, 0)	(-40, -69)	(40, -69)	diamond	none	dif	left	left	N_dist	(80, 0)	search	nr	True	306751	307719	left	110	10	160	60	35	85	None	None	testing
7	wr	f	18	red	2	(80, 0)	(40, 69)	(-39, 69)	(-80, 0)	(-40, -69)	(40, -69)	circle	red	same	right	right	(80, 0)	(-80, 0)	probe	h_sin	None	None	None	None	160	35	10	85	110	60	(80, 0)	169	testing
7	wr	f	18	red	2	(80, 0)	(40, 69)	(-39, 69)	(-80, 0)	(-40, -69)	(40, -69)	circle	none	same	right	right	N_dist	(-39, 69)	search	nr	True	312578	313367	right	85	35	60	135	160	110	None	None	testing
7	wr	f	18	red	2	(80, 0)	(40, 69)	(-39, 69)	(-80, 0)	(-40, -69)	(40, -69)	circle	red	dif	right	right	(80, 0)	(-80, 0)	search	nr	True	314548	315575	right	85	60	135	160	35	10	None	None	testing
7	wr	f	18	red	2	(80, 0)	(40, 69)	(-39, 69)	(-80, 0)	(-40, -69)	(40, -69)	diamond	red	dif	right	right	(40, -69)	(-40, -69)	search	nr	True	316802	317543	right	85	35	110	160	60	135	None	None	testing
7	wr	f	18	red	2	(80, 0)	(40, 69)	(-39, 69)	(-80, 0)	(-40, -69)	(40, -69)	diamond	red	dif	right	right	(40, 69)	(40, -69)	search	nr	True	318689	319447	right	160	135	60	10	110	35	None	None	testing
7	wr	f	18	red	2	(80, 0)	(40, 69)	(-39, 69)	(-80, 0)	(-40, -69)	(40, -69)	circle	none	dif	right	right	N_dist	(-80, 0)	search	nr	True	320609	321335	right	60	135	160	110	85	35	None	None	testing
7	wr	f	18	red	2	(80, 0)	(40, 69)	(-39, 69)	(-80, 0)	(-40, -69)	(40, -69)	circle	none	same	left	left	N_dist	(-39, 69)	search	nr	True	322396	323463	left	35	135	110	10	160	85	None	None	testing
7	wr	f	18	red	2	(80, 0)	(40, 69)	(-39, 69)	(-80, 0)	(-40, -69)	(40, -69)	circle	red	dif	left	left	(80, 0)	(40, -69)	search	nr	True	324549	325191	left	110	60	85	135	160	35	None	None	testing
7	wr	f	18	red	2	(80, 0)	(40, 69)	(-39, 69)	(-80, 0)	(-40, -69)	(40, -69)	circle	none	dif	left	left	N_dist	(40, -69)	search	nr	True	326454	327046	left	110	160	135	85	10	60	None	None	testing
7	wr	f	18	red	2	(80, 0)	(40, 69)	(-39, 69)	(-80, 0)	(-40, -69)	(40, -69)	circle	red	same	left	left	(80, 0)	(40, 69)	probe	norm	None	None	None	None	10	110	135	160	35	60	(-39, 69)	13	testing
7	wr	f	18	red	2	(80, 0)	(40, 69)	(-39, 69)	(-80, 0)	(-40, -69)	(40, -69)	diamond	red	dif	right	right	(40, 69)	(40, -69)	probe	l_sin	None	None	None	None	35	135	60	85	160	110	(40, 69)	31	testing
7	wr	f	18	red	2	(80, 0)	(40, 69)	(-39, 69)	(-80, 0)	(-40, -69)	(40, -69)	circle	red	same	left	left	(-40, -69)	(40, 69)	search	nr	True	336789	337511	left	85	10	110	160	60	135	None	None	testing
7	wr	f	18	red	2	(80, 0)	(40, 69)	(-39, 69)	(-80, 0)	(-40, -69)	(40, -69)	circle	red	dif	right	right	(80, 0)	(-39, 69)	search	nr	True	338710	339751	right	110	35	160	135	60	85	None	None	testing
7	wr	f	18	red	2	(80, 0)	(40, 69)	(-39, 69)	(-80, 0)	(-40, -69)	(40, -69)	diamond	red	same	right	right	(80, 0)	(40, 69)	probe	h_sin	None	None	None	None	60	35	160	110	135	10	(80, 0)	153	testing
7	wr	f	18	red	2	(80, 0)	(40, 69)	(-39, 69)	(-80, 0)	(-40, -69)	(40, -69)	diamond	red	dif	right	right	(-80, 0)	(40, 69)	search	nr	True	344504	345239	right	60	10	160	110	35	85	None	None	testing
7	wr	f	18	red	2	(80, 0)	(40, 69)	(-39, 69)	(-80, 0)	(-40, -69)	(40, -69)	circle	red	dif	right	right	(-39, 69)	(-40, -69)	search	nr	True	346390	347127	right	35	135	110	85	10	60	None	None	testing
7	wr	f	18	red	2	(80, 0)	(40, 69)	(-39, 69)	(-80, 0)	(-40, -69)	(40, -69)	circle	none	dif	left	left	N_dist	(40, 69)	search	nr	True	348327	348934	left	10	135	85	160	110	60	None	None	testing
7	wr	f	18	red	2	(80, 0)	(40, 69)	(-39, 69)	(-80, 0)	(-40, -69)	(40, -69)	diamond	red	dif	left	left	(80, 0)	(40, 69)	probe	tar	None	None	None	None	135	110	85	10	160	35	(40, 69)	13	testing
7	wr	f	18	red	2	(80, 0)	(40, 69)	(-39, 69)	(-80, 0)	(-40, -69)	(40, -69)	diamond	red	dif	right	right	(80, 0)	(-40, -69)	search	nr	True	354221	355671	right	10	135	160	85	110	35	None	None	testing
7	wr	f	18	red	2	(80, 0)	(40, 69)	(-39, 69)	(-80, 0)	(-40, -69)	(40, -69)	diamond	red	same	left	left	(80, 0)	(-40, -69)	probe	norm	None	None	None	None	10	135	110	85	160	35	(-80, 0)	5	testing
7	wr	f	18	red	2	(80, 0)	(40, 69)	(-39, 69)	(-80, 0)	(-40, -69)	(40, -69)	circle	red	same	left	left	(80, 0)	(-80, 0)	search	nr	True	360834	361735	left	85	35	10	60	160	110	None	None	testing
7	wr	f	18	red	2	(80, 0)	(40, 69)	(-39, 69)	(-80, 0)	(-40, -69)	(40, -69)	diamond	red	same	right	right	(40, 69)	(-40, -69)	probe	l_sin	None	None	None	None	60	85	110	10	35	135	(40, 69)	171	testing
7	wr	f	18	red	2	(80, 0)	(40, 69)	(-39, 69)	(-80, 0)	(-40, -69)	(40, -69)	diamond	red	same	right	right	(80, 0)	(40, -69)	probe	norm	None	None	None	None	35	85	160	60	110	10	(-80, 0)	5	testing
7	wr	f	18	red	2	(80, 0)	(40, 69)	(-39, 69)	(-80, 0)	(-40, -69)	(40, -69)	diamond	none	same	left	left	N_dist	(-40, -69)	search	nr	True	369883	370567	left	10	60	85	35	110	135	None	None	testing
7	wr	f	18	red	2	(80, 0)	(40, 69)	(-39, 69)	(-80, 0)	(-40, -69)	(40, -69)	diamond	red	dif	right	right	(-80, 0)	(40, -69)	search	nr	True	371803	372711	right	35	135	110	60	85	10	None	None	testing
7	wr	f	18	red	2	(80, 0)	(40, 69)	(-39, 69)	(-80, 0)	(-40, -69)	(40, -69)	diamond	red	dif	left	left	(80, 0)	(40, 69)	search	nr	True	373774	374518	left	60	135	10	35	160	110	None	None	testing
7	wr	f	18	red	2	(80, 0)	(40, 69)	(-39, 69)	(-80, 0)	(-40, -69)	(40, -69)	diamond	red	same	right	right	(80, 0)	(-39, 69)	search	nr	True	375694	376311	right	60	160	85	35	10	135	None	None	testing
7	wr	f	18	red	2	(80, 0)	(40, 69)	(-39, 69)	(-80, 0)	(-40, -69)	(40, -69)	diamond	red	dif	left	left	(40, -69)	(40, 69)	search	nr	True	377547	379639	left	110	60	10	35	160	135	None	None	testing
7	wr	f	18	red	2	(80, 0)	(40, 69)	(-39, 69)	(-80, 0)	(-40, -69)	(40, -69)	circle	red	same	left	left	(80, 0)	(40, -69)	probe	norm	None	None	None	None	85	160	35	10	135	110	(-80, 0)	141	testing
7	wr	f	18	red	2	(80, 0)	(40, 69)	(-39, 69)	(-80, 0)	(-40, -69)	(40, -69)	diamond	none	same	left	left	N_dist	(40, -69)	probe	l_tar	None	None	None	None	135	60	160	85	35	110	(40, -69)	13	testing
7	wr	f	18	red	2	(80, 0)	(40, 69)	(-39, 69)	(-80, 0)	(-40, -69)	(40, -69)	circle	red	same	left	left	(80, 0)	(-40, -69)	search	nr	True	391105	391815	left	135	10	60	110	85	160	None	None	testing
7	wr	f	18	red	2	(80, 0)	(40, 69)	(-39, 69)	(-80, 0)	(-40, -69)	(40, -69)	circle	none	dif	left	left	N_dist	(40, -69)	search	nr	True	392925	393703	left	85	10	110	135	35	160	None	None	testing
7	wr	f	18	red	2	(80, 0)	(40, 69)	(-39, 69)	(-80, 0)	(-40, -69)	(40, -69)	circle	red	dif	left	left	(80, 0)	(40, 69)	probe	tar	None	None	None	None	160	85	60	10	35	135	(40, 69)	10	testing
7	wr	f	18	red	2	(80, 0)	(40, 69)	(-39, 69)	(-80, 0)	(-40, -69)	(40, -69)	circle	none	dif	right	right	N_dist	(40, 69)	search	nr	True	398486	399127	right	160	85	60	10	135	35	None	None	testing
7	wr	f	18	red	2	(80, 0)	(40, 69)	(-39, 69)	(-80, 0)	(-40, -69)	(40, -69)	diamond	none	dif	right	right	N_dist	(-39, 69)	search	nr	True	400222	400823	right	35	110	85	135	10	60	None	None	testing
7	wr	f	18	red	2	(80, 0)	(40, 69)	(-39, 69)	(-80, 0)	(-40, -69)	(40, -69)	diamond	red	same	right	right	(80, 0)	(40, 69)	search	nr	True	402092	402743	right	10	135	85	60	160	110	None	None	testing
7	wr	f	18	red	2	(80, 0)	(40, 69)	(-39, 69)	(-80, 0)	(-40, -69)	(40, -69)	diamond	red	same	right	right	(40, 69)	(-40, -69)	search	nr	True	404029	404663	right	160	135	110	85	10	35	None	None	testing
7	wr	f	18	red	2	(80, 0)	(40, 69)	(-39, 69)	(-80, 0)	(-40, -69)	(40, -69)	diamond	red	dif	left	left	(40, -69)	(-40, -69)	search	nr	True	405882	406630	left	10	110	35	135	60	85	None	None	testing
7	wr	f	18	red	2	(80, 0)	(40, 69)	(-39, 69)	(-80, 0)	(-40, -69)	(40, -69)	circle	red	same	right	right	(80, 0)	(40, 69)	search	nr	True	407786	408439	right	60	35	85	160	10	135	None	None	testing
7	wr	f	18	red	2	(80, 0)	(40, 69)	(-39, 69)	(-80, 0)	(-40, -69)	(40, -69)	circle	red	same	left	left	(80, 0)	(-40, -69)	search	nr	True	409740	410359	left	110	135	160	10	60	85	None	None	testing
7	wr	f	18	red	2	(80, 0)	(40, 69)	(-39, 69)	(-80, 0)	(-40, -69)	(40, -69)	diamond	none	dif	left	left	N_dist	(-39, 69)	probe	l_norm	None	None	None	None	35	135	110	160	85	10	(-80, 0)	5	testing
7	wr	f	18	red	2	(80, 0)	(40, 69)	(-39, 69)	(-80, 0)	(-40, -69)	(40, -69)	circle	red	dif	right	right	(-40, -69)	(40, -69)	probe	norm	None	None	None	None	160	35	110	10	60	135	(80, 0)	165	testing
7	wr	f	18	red	2	(80, 0)	(40, 69)	(-39, 69)	(-80, 0)	(-40, -69)	(40, -69)	diamond	none	dif	left	left	N_dist	(-40, -69)	search	nr	True	419208	419798	left	85	60	35	135	10	110	None	None	testing
7	wr	f	18	red	2	(80, 0)	(40, 69)	(-39, 69)	(-80, 0)	(-40, -69)	(40, -69)	diamond	red	dif	right	right	(-80, 0)	(-39, 69)	probe	norm	None	None	None	None	35	110	160	60	85	135	(80, 0)	10	testing
7	wr	f	18	red	2	(80, 0)	(40, 69)	(-39, 69)	(-80, 0)	(-40, -69)	(40, -69)	circle	none	dif	left	left	N_dist	(-39, 69)	search	nr	True	426020	426663	left	110	10	135	60	160	85	None	None	testing
7	wr	f	18	red	2	(80, 0)	(40, 69)	(-39, 69)	(-80, 0)	(-40, -69)	(40, -69)	circle	none	same	left	left	N_dist	(-80, 0)	probe	l_norm	None	None	None	None	35	110	135	85	60	10	(-40, -69)	173	testing
7	wr	f	18	red	2	(80, 0)	(40, 69)	(-39, 69)	(-80, 0)	(-40, -69)	(40, -69)	diamond	none	same	right	right	N_dist	(40, -69)	search	nr	True	431513	432199	right	60	10	85	160	110	35	None	None	testing
7	wr	f	18	red	2	(80, 0)	(40, 69)	(-39, 69)	(-80, 0)	(-40, -69)	(40, -69)	circle	red	dif	right	right	(80, 0)	(-40, -69)	search	nr	True	433316	434134	right	85	10	60	135	110	160	None	None	testing
7	wr	f	18	red	2	(80, 0)	(40, 69)	(-39, 69)	(-80, 0)	(-40, -69)	(40, -69)	diamond	red	same	right	right	(-40, -69)	(40, 69)	probe	norm	None	None	None	None	135	85	10	60	35	110	(-39, 69)	16	testing
7	wr	f	18	red	2	(80, 0)	(40, 69)	(-39, 69)	(-80, 0)	(-40, -69)	(40, -69)	diamond	none	dif	left	left	N_dist	(80, 0)	probe	h_tar	None	None	None	None	135	35	85	60	110	160	(80, 0)	21	testing
7	wr	f	18	red	2	(80, 0)	(40, 69)	(-39, 69)	(-80, 0)	(-40, -69)	(40, -69)	diamond	red	same	left	left	(-40, -69)	(40, 69)	search	nr	True	443201	443798	left	35	110	160	135	10	85	None	None	testing
7	wr	f	18	red	2	(80, 0)	(40, 69)	(-39, 69)	(-80, 0)	(-40, -69)	(40, -69)	diamond	none	dif	right	right	N_dist	(40, 69)	search	nr	True	444871	445479	right	60	160	35	135	85	110	None	None	testing
7	wr	f	18	red	2	(80, 0)	(40, 69)	(-39, 69)	(-80, 0)	(-40, -69)	(40, -69)	diamond	red	dif	right	right	(40, -69)	(-40, -69)	search	nr	True	446708	447399	right	35	10	160	110	85	135	None	None	testing
7	wr	f	18	red	2	(80, 0)	(40, 69)	(-39, 69)	(-80, 0)	(-40, -69)	(40, -69)	circle	none	same	right	right	N_dist	(80, 0)	search	nr	True	448461	449239	right	60	160	110	135	85	10	None	None	testing
7	wr	f	18	red	2	(80, 0)	(40, 69)	(-39, 69)	(-80, 0)	(-40, -69)	(40, -69)	diamond	red	same	right	right	(80, 0)	(-39, 69)	search	nr	True	450314	450966	right	135	35	60	110	85	10	None	None	testing
7	wr	f	18	red	2	(80, 0)	(40, 69)	(-39, 69)	(-80, 0)	(-40, -69)	(40, -69)	circle	red	dif	left	left	(80, 0)	(40, -69)	search	nr	True	452268	453143	left	110	160	35	10	85	135	None	None	testing
7	wr	f	18	red	2	(80, 0)	(40, 69)	(-39, 69)	(-80, 0)	(-40, -69)	(40, -69)	circle	red	same	right	right	(80, 0)	(-80, 0)	search	nr	True	454439	455079	right	60	135	85	35	110	160	None	None	testing
7	wr	f	18	red	2	(80, 0)	(40, 69)	(-39, 69)	(-80, 0)	(-40, -69)	(40, -69)	diamond	red	dif	left	left	(80, 0)	(-40, -69)	probe	tar	None	None	None	None	85	10	135	60	35	160	(-40, -69)	147	testing
7	wr	f	18	red	2	(80, 0)	(40, 69)	(-39, 69)	(-80, 0)	(-40, -69)	(40, -69)	diamond	red	same	left	left	(-39, 69)	(40, 69)	probe	l_sin	None	None	None	None	10	35	110	85	60	135	(-39, 69)	11	testing
7	wr	f	18	red	2	(80, 0)	(40, 69)	(-39, 69)	(-80, 0)	(-40, -69)	(40, -69)	diamond	red	same	left	left	(80, 0)	(-39, 69)	search	nr	True	467463	468054	left	110	10	85	135	35	60	None	None	testing
7	wr	f	18	red	2	(80, 0)	(40, 69)	(-39, 69)	(-80, 0)	(-40, -69)	(40, -69)	diamond	red	dif	right	right	(40, -69)	(-40, -69)	probe	tar	None	None	None	None	35	60	85	110	10	135	(-40, -69)	147	testing
7	wr	f	18	red	2	(80, 0)	(40, 69)	(-39, 69)	(-80, 0)	(-40, -69)	(40, -69)	diamond	none	same	right	right	N_dist	(-80, 0)	search	nr	True	478316	478951	right	135	10	85	35	60	160	None	None	testing
7	wr	f	18	red	2	(80, 0)	(40, 69)	(-39, 69)	(-80, 0)	(-40, -69)	(40, -69)	diamond	none	same	left	left	N_dist	(40, 69)	search	nr	True	480135	480726	left	85	35	135	110	10	160	None	None	testing
7	wr	f	18	red	2	(80, 0)	(40, 69)	(-39, 69)	(-80, 0)	(-40, -69)	(40, -69)	circle	red	dif	right	right	(80, 0)	(40, -69)	search	nr	True	481856	482886	right	110	85	135	160	35	10	None	None	testing
7	wr	f	18	red	2	(80, 0)	(40, 69)	(-39, 69)	(-80, 0)	(-40, -69)	(40, -69)	diamond	red	dif	right	right	(-80, 0)	(40, 69)	probe	l_sin	None	None	None	None	110	160	135	60	85	10	(-80, 0)	11	testing
7	wr	f	18	red	2	(80, 0)	(40, 69)	(-39, 69)	(-80, 0)	(-40, -69)	(40, -69)	diamond	red	dif	left	left	(-80, 0)	(40, 69)	search	nr	True	487650	488342	left	60	135	85	160	10	35	None	None	testing
7	wr	f	18	red	2	(80, 0)	(40, 69)	(-39, 69)	(-80, 0)	(-40, -69)	(40, -69)	circle	red	dif	right	right	(80, 0)	(40, -69)	search	nr	True	489603	490742	right	85	60	160	110	135	10	None	None	testing
7	wr	f	18	red	2	(80, 0)	(40, 69)	(-39, 69)	(-80, 0)	(-40, -69)	(40, -69)	diamond	red	dif	left	left	(-39, 69)	(40, 69)	search	nr	True	491924	492439	left	85	35	60	135	110	10	None	None	testing
7	wr	f	18	red	2	(80, 0)	(40, 69)	(-39, 69)	(-80, 0)	(-40, -69)	(40, -69)	circle	none	same	right	right	N_dist	(-39, 69)	probe	l_tar	None	None	None	None	85	135	160	60	10	110	(-39, 69)	10	testing
7	wr	f	18	red	2	(80, 0)	(40, 69)	(-39, 69)	(-80, 0)	(-40, -69)	(40, -69)	diamond	none	same	left	left	N_dist	(40, -69)	search	nr	True	498152	498727	left	35	10	85	60	160	135	None	None	testing
7	wr	f	18	red	2	(80, 0)	(40, 69)	(-39, 69)	(-80, 0)	(-40, -69)	(40, -69)	diamond	red	same	left	left	(-40, -69)	(40, 69)	search	nr	True	499822	500567	left	85	35	110	160	60	10	None	None	testing
7	wr	f	18	red	2	(80, 0)	(40, 69)	(-39, 69)	(-80, 0)	(-40, -69)	(40, -69)	diamond	red	dif	left	left	(80, 0)	(-40, -69)	search	nr	True	501809	502470	left	85	135	110	160	35	10	None	None	testing
7	wr	f	18	red	2	(80, 0)	(40, 69)	(-39, 69)	(-80, 0)	(-40, -69)	(40, -69)	diamond	none	same	left	left	N_dist	(40, 69)	probe	h_norm	None	None	None	None	110	60	10	160	35	85	(80, 0)	169	testing
7	wr	f	18	red	2	(80, 0)	(40, 69)	(-39, 69)	(-80, 0)	(-40, -69)	(40, -69)	diamond	red	dif	right	right	(80, 0)	(40, 69)	probe	h_sin	None	None	None	None	60	35	10	160	135	110	(80, 0)	170	testing
7	wr	f	18	red	2	(80, 0)	(40, 69)	(-39, 69)	(-80, 0)	(-40, -69)	(40, -69)	circle	none	same	right	right	N_dist	(-40, -69)	search	nr	True	511092	512310	right	160	10	110	135	85	35	None	None	testing
7	wr	f	18	red	2	(80, 0)	(40, 69)	(-39, 69)	(-80, 0)	(-40, -69)	(40, -69)	diamond	none	dif	right	right	N_dist	(40, 69)	search	nr	True	513581	514198	right	110	35	85	60	10	135	None	None	testing
7	wr	f	18	red	2	(80, 0)	(40, 69)	(-39, 69)	(-80, 0)	(-40, -69)	(40, -69)	circle	red	same	right	right	(80, 0)	(40, 69)	probe	tar	None	None	None	None	60	160	10	85	135	35	(40, 69)	149	testing
7	wr	f	18	red	2	(80, 0)	(40, 69)	(-39, 69)	(-80, 0)	(-40, -69)	(40, -69)	diamond	red	same	right	right	(80, 0)	(40, 69)	search	nr	True	521278	521846	right	10	60	110	35	135	85	None	None	testing
7	wr	f	18	red	2	(80, 0)	(40, 69)	(-39, 69)	(-80, 0)	(-40, -69)	(40, -69)	circle	none	dif	right	right	N_dist	(-80, 0)	probe	l_norm	None	None	None	None	85	60	35	10	135	160	(40, 69)	157	testing
7	wr	f	18	red	2	(80, 0)	(40, 69)	(-39, 69)	(-80, 0)	(-40, -69)	(40, -69)	circle	red	dif	right	right	(-40, -69)	(40, -69)	search	nr	True	527540	528534	right	10	110	85	60	135	160	None	None	testing
7	wr	f	18	red	2	(80, 0)	(40, 69)	(-39, 69)	(-80, 0)	(-40, -69)	(40, -69)	diamond	red	dif	right	right	(-80, 0)	(40, -69)	search	nr	True	529810	530550	right	10	160	135	60	85	110	None	None	testing
7	wr	f	18	red	2	(80, 0)	(40, 69)	(-39, 69)	(-80, 0)	(-40, -69)	(40, -69)	circle	red	dif	left	left	(80, 0)	(40, -69)	probe	tar	None	None	None	None	35	110	160	60	85	135	(40, -69)	17	testing
7	wr	f	18	red	2	(80, 0)	(40, 69)	(-39, 69)	(-80, 0)	(-40, -69)	(40, -69)	diamond	red	dif	right	right	(-80, 0)	(40, -69)	probe	tar	None	None	None	None	60	135	85	160	35	110	(40, -69)	164	testing
7	wr	f	18	red	2	(80, 0)	(40, 69)	(-39, 69)	(-80, 0)	(-40, -69)	(40, -69)	diamond	red	same	left	left	(-40, -69)	(40, 69)	probe	tar	None	None	None	None	10	110	35	60	160	85	(40, 69)	9	testing
7	wr	f	18	red	2	(80, 0)	(40, 69)	(-39, 69)	(-80, 0)	(-40, -69)	(40, -69)	diamond	red	same	left	left	(80, 0)	(-40, -69)	search	nr	True	545573	546326	left	35	135	110	60	10	85	None	None	testing
7	wr	f	18	red	2	(80, 0)	(40, 69)	(-39, 69)	(-80, 0)	(-40, -69)	(40, -69)	diamond	red	same	right	right	(80, 0)	(-39, 69)	probe	norm	None	None	None	None	160	10	60	135	110	35	(-80, 0)	2	testing
7	wr	f	18	red	2	(80, 0)	(40, 69)	(-39, 69)	(-80, 0)	(-40, -69)	(40, -69)	diamond	red	same	right	right	(80, 0)	(40, -69)	search	nr	True	551066	551863	right	10	85	110	160	135	60	None	None	testing
7	wr	f	18	red	2	(80, 0)	(40, 69)	(-39, 69)	(-80, 0)	(-40, -69)	(40, -69)	diamond	none	dif	left	left	N_dist	(80, 0)	probe	h_tar	None	None	None	None	110	35	60	160	10	85	(80, 0)	10	testing
7	wr	f	18	red	2	(80, 0)	(40, 69)	(-39, 69)	(-80, 0)	(-40, -69)	(40, -69)	diamond	none	same	right	right	N_dist	(-40, -69)	search	nr	True	556610	557302	right	110	60	160	35	85	135	None	None	testing
7	wr	f	18	red	2	(80, 0)	(40, 69)	(-39, 69)	(-80, 0)	(-40, -69)	(40, -69)	circle	red	same	left	left	(-40, -69)	(40, 69)	probe	l_sin	None	None	None	None	10	160	60	135	110	35	(-40, -69)	175	testing
7	wr	f	18	red	2	(80, 0)	(40, 69)	(-39, 69)	(-80, 0)	(-40, -69)	(40, -69)	circle	red	dif	left	left	(40, -69)	(-40, -69)	probe	l_sin	None	None	None	None	135	160	35	110	60	85	(40, -69)	0	testing
7	wr	f	18	red	2	(80, 0)	(40, 69)	(-39, 69)	(-80, 0)	(-40, -69)	(40, -69)	diamond	red	same	left	left	(80, 0)	(-40, -69)	search	nr	True	565526	566166	left	10	85	135	35	160	110	None	None	testing
7	wr	f	18	red	2	(80, 0)	(40, 69)	(-39, 69)	(-80, 0)	(-40, -69)	(40, -69)	diamond	red	same	right	right	(80, 0)	(40, 69)	search	nr	True	567330	568518	right	110	135	10	85	60	160	None	None	testing
7	wr	f	18	red	2	(80, 0)	(40, 69)	(-39, 69)	(-80, 0)	(-40, -69)	(40, -69)	diamond	none	same	right	right	N_dist	(-40, -69)	probe	h_norm	None	None	None	None	35	10	85	60	160	110	(80, 0)	164	testing
7	wr	f	18	red	2	(80, 0)	(40, 69)	(-39, 69)	(-80, 0)	(-40, -69)	(40, -69)	diamond	none	dif	left	left	N_dist	(-39, 69)	search	nr	True	573474	574102	left	10	60	85	160	110	35	None	None	testing
7	wr	f	18	red	2	(80, 0)	(40, 69)	(-39, 69)	(-80, 0)	(-40, -69)	(40, -69)	diamond	red	dif	left	left	(80, 0)	(-40, -69)	search	nr	True	575361	576102	left	10	85	60	35	160	135	None	None	testing
7	wr	f	18	red	2	(80, 0)	(40, 69)	(-39, 69)	(-80, 0)	(-40, -69)	(40, -69)	circle	red	dif	left	left	(80, 0)	(-39, 69)	probe	h_sin	None	None	None	None	160	10	85	135	110	35	(80, 0)	30	testing
7	wr	f	18	red	2	(80, 0)	(40, 69)	(-39, 69)	(-80, 0)	(-40, -69)	(40, -69)	circle	red	dif	right	right	(80, 0)	(-39, 69)	probe	tar	None	None	None	None	160	110	10	135	60	85	(-39, 69)	36	testing
7	wr	f	18	red	2	(80, 0)	(40, 69)	(-39, 69)	(-80, 0)	(-40, -69)	(40, -69)	circle	red	same	right	right	(80, 0)	(40, 69)	probe	tar	None	None	None	None	10	60	160	135	110	35	(40, 69)	162	testing
7	wr	f	18	red	2	(80, 0)	(40, 69)	(-39, 69)	(-80, 0)	(-40, -69)	(40, -69)	circle	red	dif	right	right	(80, 0)	(-40, -69)	probe	norm	None	None	None	None	10	110	85	60	35	135	(-80, 0)	173	testing
7	wr	f	18	red	2	(80, 0)	(40, 69)	(-39, 69)	(-80, 0)	(-40, -69)	(40, -69)	diamond	red	dif	right	right	(40, -69)	(-39, 69)	search	nr	True	595064	595974	right	35	135	110	60	85	10	None	None	testing
7	wr	f	18	red	2	(80, 0)	(40, 69)	(-39, 69)	(-80, 0)	(-40, -69)	(40, -69)	diamond	red	dif	left	left	(80, 0)	(-40, -69)	search	nr	True	597151	597862	left	85	160	135	110	35	10	None	None	testing
7	wr	f	18	red	2	(80, 0)	(40, 69)	(-39, 69)	(-80, 0)	(-40, -69)	(40, -69)	circle	none	same	left	left	N_dist	(-80, 0)	search	nr	True	599038	600006	left	35	60	160	110	135	10	None	None	testing
7	wr	f	18	red	2	(80, 0)	(40, 69)	(-39, 69)	(-80, 0)	(-40, -69)	(40, -69)	diamond	none	dif	left	left	N_dist	(-39, 69)	search	nr	True	601308	602182	left	135	35	110	10	60	85	None	None	testing
7	wr	f	18	red	2	(80, 0)	(40, 69)	(-39, 69)	(-80, 0)	(-40, -69)	(40, -69)	circle	none	dif	right	right	N_dist	(-39, 69)	search	nr	True	603413	603974	right	160	110	135	10	35	85	None	None	testing
7	wr	f	18	red	2	(80, 0)	(40, 69)	(-39, 69)	(-80, 0)	(-40, -69)	(40, -69)	circle	red	dif	left	left	(-39, 69)	(-40, -69)	probe	l_sin	None	None	None	None	35	110	135	60	160	85	(-39, 69)	15	testing
7	wr	f	18	red	2	(80, 0)	(40, 69)	(-39, 69)	(-80, 0)	(-40, -69)	(40, -69)	circle	red	same	left	left	(80, 0)	(40, 69)	search	nr	True	609440	610375	left	35	110	135	160	60	10	None	None	testing
7	wr	f	18	red	2	(80, 0)	(40, 69)	(-39, 69)	(-80, 0)	(-40, -69)	(40, -69)	circle	none	same	left	left	N_dist	(40, -69)	search	nr	True	611510	612199	left	60	135	110	35	85	160	None	None	testing
7	wr	f	18	red	2	(80, 0)	(40, 69)	(-39, 69)	(-80, 0)	(-40, -69)	(40, -69)	diamond	red	same	left	left	(40, 69)	(-40, -69)	probe	norm	None	None	None	None	35	135	60	10	110	85	(-39, 69)	171	testing
7	wr	f	18	red	2	(80, 0)	(40, 69)	(-39, 69)	(-80, 0)	(-40, -69)	(40, -69)	circle	red	same	right	right	(80, 0)	(-80, 0)	probe	norm	None	None	None	None	60	10	135	35	160	85	(-40, -69)	124	testing
7	wr	f	18	red	2	(80, 0)	(40, 69)	(-39, 69)	(-80, 0)	(-40, -69)	(40, -69)	diamond	red	same	left	left	(80, 0)	(-39, 69)	probe	h_sin	None	None	None	None	10	60	135	85	110	35	(80, 0)	172	testing
7	wr	f	18	red	2	(80, 0)	(40, 69)	(-39, 69)	(-80, 0)	(-40, -69)	(40, -69)	diamond	red	same	right	right	(80, 0)	(-39, 69)	search	nr	True	636172	636758	right	160	85	35	110	60	135	None	None	testing
7	wr	f	18	red	2	(80, 0)	(40, 69)	(-39, 69)	(-80, 0)	(-40, -69)	(40, -69)	circle	none	dif	right	right	N_dist	(-39, 69)	search	nr	True	637909	638486	right	60	10	85	135	110	35	None	None	testing
7	wr	f	18	red	2	(80, 0)	(40, 69)	(-39, 69)	(-80, 0)	(-40, -69)	(40, -69)	circle	none	same	right	right	N_dist	(80, 0)	search	nr	True	639729	640455	right	10	135	110	60	160	35	None	None	testing
7	wr	f	18	red	2	(80, 0)	(40, 69)	(-39, 69)	(-80, 0)	(-40, -69)	(40, -69)	circle	red	same	right	right	(80, 0)	(-80, 0)	search	nr	True	641700	642327	right	110	135	60	35	85	10	None	None	testing
7	wr	f	18	red	2	(80, 0)	(40, 69)	(-39, 69)	(-80, 0)	(-40, -69)	(40, -69)	circle	none	dif	left	left	N_dist	(40, -69)	probe	l_norm	None	None	None	None	160	60	35	85	110	135	(-80, 0)	0	testing
7	wr	f	18	red	2	(80, 0)	(40, 69)	(-39, 69)	(-80, 0)	(-40, -69)	(40, -69)	diamond	none	same	left	left	N_dist	(-40, -69)	search	nr	True	646876	647686	left	10	110	135	85	60	160	None	None	testing
7	wr	f	18	red	2	(80, 0)	(40, 69)	(-39, 69)	(-80, 0)	(-40, -69)	(40, -69)	circle	red	same	left	left	(80, 0)	(40, -69)	search	nr	True	648830	649846	left	110	10	135	160	85	35	None	None	testing
7	wr	f	18	red	2	(80, 0)	(40, 69)	(-39, 69)	(-80, 0)	(-40, -69)	(40, -69)	circle	red	same	right	right	(-40, -69)	(-39, 69)	search	nr	True	650933	651703	right	160	85	35	10	135	60	None	None	testing
7	wr	f	18	red	2	(80, 0)	(40, 69)	(-39, 69)	(-80, 0)	(-40, -69)	(40, -69)	diamond	red	same	left	left	(40, 69)	(-40, -69)	search	nr	True	652820	653542	left	110	135	35	85	60	10	None	None	testing
7	wr	f	18	red	2	(80, 0)	(40, 69)	(-39, 69)	(-80, 0)	(-40, -69)	(40, -69)	circle	red	same	left	left	(80, 0)	(40, 69)	search	nr	True	654673	655382	left	10	135	160	60	85	35	None	None	testing
7	wr	f	18	red	2	(80, 0)	(40, 69)	(-39, 69)	(-80, 0)	(-40, -69)	(40, -69)	circle	red	dif	right	right	(80, 0)	(-39, 69)	search	nr	True	656443	657079	right	60	110	10	35	85	135	None	None	testing
7	wr	f	18	red	2	(80, 0)	(40, 69)	(-39, 69)	(-80, 0)	(-40, -69)	(40, -69)	diamond	red	dif	left	left	(80, 0)	(-80, 0)	search	nr	True	658296	658951	left	35	135	160	10	110	85	None	None	testing
7	wr	f	18	red	2	(80, 0)	(40, 69)	(-39, 69)	(-80, 0)	(-40, -69)	(40, -69)	circle	red	dif	right	right	(80, 0)	(40, -69)	probe	h_sin	None	None	None	None	60	160	135	85	10	110	(80, 0)	157	testing
7	wr	f	18	red	2	(80, 0)	(40, 69)	(-39, 69)	(-80, 0)	(-40, -69)	(40, -69)	circle	red	same	left	left	(80, 0)	(40, -69)	search	nr	True	663991	664678	left	85	60	110	10	35	135	None	None	testing
7	wr	f	18	red	2	(80, 0)	(40, 69)	(-39, 69)	(-80, 0)	(-40, -69)	(40, -69)	diamond	red	dif	left	left	(-39, 69)	(40, 69)	search	nr	True	665944	667174	left	60	110	160	85	135	10	None	None	testing
7	wr	f	18	red	2	(80, 0)	(40, 69)	(-39, 69)	(-80, 0)	(-40, -69)	(40, -69)	circle	none	dif	right	right	N_dist	(40, 69)	search	nr	True	668348	668950	right	110	10	135	160	35	85	None	None	testing
7	wr	f	18	red	2	(80, 0)	(40, 69)	(-39, 69)	(-80, 0)	(-40, -69)	(40, -69)	circle	red	dif	left	left	(-80, 0)	(-40, -69)	probe	tar	None	None	None	None	60	110	160	135	35	10	(-40, -69)	169	testing
7	wr	f	18	red	2	(80, 0)	(40, 69)	(-39, 69)	(-80, 0)	(-40, -69)	(40, -69)	circle	red	same	left	left	(80, 0)	(40, 69)	probe	norm	None	None	None	None	110	160	135	85	60	10	(-40, -69)	155	testing
7	wr	f	18	red	2	(80, 0)	(40, 69)	(-39, 69)	(-80, 0)	(-40, -69)	(40, -69)	circle	red	dif	right	right	(80, 0)	(-80, 0)	probe	norm	None	None	None	None	135	110	10	60	35	160	(-40, -69)	173	testing
7	wr	f	18	red	2	(80, 0)	(40, 69)	(-39, 69)	(-80, 0)	(-40, -69)	(40, -69)	circle	none	dif	left	left	N_dist	(-39, 69)	probe	h_norm	None	None	None	None	85	60	135	110	10	160	(80, 0)	168	testing
7	wr	f	18	red	2	(80, 0)	(40, 69)	(-39, 69)	(-80, 0)	(-40, -69)	(40, -69)	diamond	none	dif	right	right	N_dist	(40, 69)	search	nr	True	687266	687911	right	110	160	85	10	35	60	None	None	testing
7	wr	f	18	red	2	(80, 0)	(40, 69)	(-39, 69)	(-80, 0)	(-40, -69)	(40, -69)	diamond	none	dif	right	right	N_dist	(-39, 69)	search	nr	True	689171	689894	right	160	85	10	135	35	60	None	None	testing
7	wr	f	18	red	2	(80, 0)	(40, 69)	(-39, 69)	(-80, 0)	(-40, -69)	(40, -69)	diamond	none	dif	right	right	N_dist	(40, 69)	probe	l_tar	None	None	None	None	135	10	85	110	35	160	(40, 69)	141	testing
7	wr	f	18	red	2	(80, 0)	(40, 69)	(-39, 69)	(-80, 0)	(-40, -69)	(40, -69)	diamond	none	dif	right	right	N_dist	(-80, 0)	search	nr	True	696183	696791	right	60	110	10	35	160	135	None	None	testing
7	wr	f	18	red	2	(80, 0)	(40, 69)	(-39, 69)	(-80, 0)	(-40, -69)	(40, -69)	circle	none	dif	left	left	N_dist	(-80, 0)	probe	l_norm	None	None	None	None	35	160	110	60	135	10	(-39, 69)	8	testing
7	wr	f	18	red	2	(80, 0)	(40, 69)	(-39, 69)	(-80, 0)	(-40, -69)	(40, -69)	circle	red	dif	left	left	(80, 0)	(-40, -69)	search	nr	True	702295	703174	left	160	10	110	85	135	60	None	None	testing
7	wr	f	18	red	2	(80, 0)	(40, 69)	(-39, 69)	(-80, 0)	(-40, -69)	(40, -69)	circle	red	same	right	right	(80, 0)	(-80, 0)	search	nr	True	704415	705014	right	85	60	135	35	110	10	None	None	testing
7	wr	f	18	red	2	(80, 0)	(40, 69)	(-39, 69)	(-80, 0)	(-40, -69)	(40, -69)	diamond	red	dif	left	left	(40, -69)	(40, 69)	probe	l_sin	None	None	None	None	85	10	135	35	160	60	(40, -69)	18	testing
7	wr	f	18	red	2	(80, 0)	(40, 69)	(-39, 69)	(-80, 0)	(-40, -69)	(40, -69)	diamond	red	same	right	right	(80, 0)	(40, 69)	search	nr	True	710493	711110	right	110	85	60	160	10	135	None	None	testing
7	wr	f	18	red	2	(80, 0)	(40, 69)	(-39, 69)	(-80, 0)	(-40, -69)	(40, -69)	diamond	none	dif	left	left	N_dist	(80, 0)	search	nr	True	712379	713030	left	10	60	135	35	160	110	None	None	testing
7	wr	f	18	red	2	(80, 0)	(40, 69)	(-39, 69)	(-80, 0)	(-40, -69)	(40, -69)	diamond	red	dif	left	left	(80, 0)	(-80, 0)	search	nr	True	714116	714726	left	135	35	160	85	10	60	None	None	testing
7	wr	f	18	red	2	(80, 0)	(40, 69)	(-39, 69)	(-80, 0)	(-40, -69)	(40, -69)	circle	none	same	right	right	N_dist	(-39, 69)	search	nr	True	715969	716742	right	160	60	85	35	10	135	None	None	testing
7	wr	f	18	red	2	(80, 0)	(40, 69)	(-39, 69)	(-80, 0)	(-40, -69)	(40, -69)	circle	red	dif	right	right	(80, 0)	(40, -69)	search	nr	True	717906	718774	right	135	60	10	160	110	85	None	None	testing
7	wr	f	18	red	2	(80, 0)	(40, 69)	(-39, 69)	(-80, 0)	(-40, -69)	(40, -69)	circle	red	dif	right	right	(80, 0)	(-39, 69)	search	nr	True	719977	720646	right	60	110	160	85	135	35	None	None	testing
7	wr	f	18	red	2	(80, 0)	(40, 69)	(-39, 69)	(-80, 0)	(-40, -69)	(40, -69)	circle	red	dif	left	left	(80, 0)	(40, -69)	search	nr	True	721747	722390	left	110	60	135	10	85	160	None	None	testing
7	wr	f	18	red	2	(80, 0)	(40, 69)	(-39, 69)	(-80, 0)	(-40, -69)	(40, -69)	circle	red	dif	left	left	(80, 0)	(40, -69)	probe	norm	None	None	None	None	60	135	160	85	35	10	(40, 69)	29	testing
7	wr	f	18	red	2	(80, 0)	(40, 69)	(-39, 69)	(-80, 0)	(-40, -69)	(40, -69)	circle	none	same	right	right	N_dist	(80, 0)	probe	h_tar	None	None	None	None	60	35	10	110	85	160	(80, 0)	152	testing
7	wr	f	18	red	2	(80, 0)	(40, 69)	(-39, 69)	(-80, 0)	(-40, -69)	(40, -69)	circle	red	same	right	right	(80, 0)	(-80, 0)	search	nr	True	733535	734119	right	110	135	85	160	10	35	None	None	testing
7	wr	f	18	red	2	(80, 0)	(40, 69)	(-39, 69)	(-80, 0)	(-40, -69)	(40, -69)	diamond	red	same	left	left	(80, 0)	(-39, 69)	search	nr	True	735188	736054	left	160	110	60	135	35	10	None	None	testing
7	wr	f	18	red	2	(80, 0)	(40, 69)	(-39, 69)	(-80, 0)	(-40, -69)	(40, -69)	diamond	red	dif	right	right	(80, 0)	(-39, 69)	probe	tar	None	None	None	None	110	85	135	60	160	10	(-39, 69)	13	testing
7	wr	f	18	red	2	(80, 0)	(40, 69)	(-39, 69)	(-80, 0)	(-40, -69)	(40, -69)	diamond	none	same	right	right	N_dist	(80, 0)	search	nr	True	742384	743046	right	35	110	160	85	60	10	None	None	testing
7	wr	f	18	red	2	(80, 0)	(40, 69)	(-39, 69)	(-80, 0)	(-40, -69)	(40, -69)	diamond	red	dif	left	left	(40, -69)	(-40, -69)	probe	l_sin	None	None	None	None	35	85	10	110	135	160	(40, -69)	12	testing
7	wr	f	18	red	2	(80, 0)	(40, 69)	(-39, 69)	(-80, 0)	(-40, -69)	(40, -69)	diamond	red	same	left	left	(80, 0)	(-39, 69)	probe	norm	None	None	None	None	60	35	135	10	160	85	(40, 69)	170	testing
7	wr	f	18	red	2	(80, 0)	(40, 69)	(-39, 69)	(-80, 0)	(-40, -69)	(40, -69)	circle	red	dif	left	left	(-39, 69)	(-40, -69)	search	nr	True	751885	753142	left	10	35	60	160	110	85	None	None	testing
7	wr	f	18	red	2	(80, 0)	(40, 69)	(-39, 69)	(-80, 0)	(-40, -69)	(40, -69)	circle	red	dif	left	left	(80, 0)	(-39, 69)	search	nr	True	754423	755093	left	160	85	60	135	10	35	None	None	testing
7	wr	f	18	red	2	(80, 0)	(40, 69)	(-39, 69)	(-80, 0)	(-40, -69)	(40, -69)	diamond	none	dif	left	left	N_dist	(80, 0)	search	nr	True	756160	756758	left	10	35	160	135	60	110	None	None	testing
7	wr	f	18	red	2	(80, 0)	(40, 69)	(-39, 69)	(-80, 0)	(-40, -69)	(40, -69)	diamond	red	dif	right	right	(80, 0)	(-80, 0)	probe	h_sin	None	None	None	None	110	10	85	160	60	135	(80, 0)	170	testing
7	wr	f	18	red	2	(80, 0)	(40, 69)	(-39, 69)	(-80, 0)	(-40, -69)	(40, -69)	circle	none	same	right	right	N_dist	(-40, -69)	search	nr	True	761838	762742	right	10	60	160	35	85	135	None	None	testing
7	wr	f	18	red	2	(80, 0)	(40, 69)	(-39, 69)	(-80, 0)	(-40, -69)	(40, -69)	diamond	none	same	left	left	N_dist	(-40, -69)	probe	h_norm	None	None	None	None	160	85	35	60	10	135	(80, 0)	173	testing
7	wr	f	18	red	2	(80, 0)	(40, 69)	(-39, 69)	(-80, 0)	(-40, -69)	(40, -69)	diamond	red	dif	left	left	(40, -69)	(-40, -69)	search	nr	True	768566	769238	left	135	160	85	60	110	10	None	None	testing
7	wr	f	18	red	2	(80, 0)	(40, 69)	(-39, 69)	(-80, 0)	(-40, -69)	(40, -69)	diamond	none	same	right	right	N_dist	(-40, -69)	search	nr	True	770337	771014	right	60	35	135	85	110	10	None	None	testing
7	wr	f	18	red	2	(80, 0)	(40, 69)	(-39, 69)	(-80, 0)	(-40, -69)	(40, -69)	circle	red	same	right	right	(80, 0)	(40, 69)	search	nr	True	772073	773094	right	110	135	35	60	160	85	None	None	testing
7	wr	f	18	red	2	(80, 0)	(40, 69)	(-39, 69)	(-80, 0)	(-40, -69)	(40, -69)	diamond	none	same	left	left	N_dist	(40, -69)	probe	h_norm	None	None	None	None	135	10	60	85	160	110	(80, 0)	14	testing
7	wr	f	18	red	2	(80, 0)	(40, 69)	(-39, 69)	(-80, 0)	(-40, -69)	(40, -69)	circle	red	dif	right	right	(80, 0)	(40, -69)	search	nr	True	778117	778838	right	35	85	135	160	10	60	None	None	testing
7	wr	f	18	red	2	(80, 0)	(40, 69)	(-39, 69)	(-80, 0)	(-40, -69)	(40, -69)	circle	none	dif	left	left	N_dist	(40, 69)	probe	l_norm	None	None	None	None	85	160	10	110	35	135	(-39, 69)	167	testing
7	wr	f	18	red	2	(80, 0)	(40, 69)	(-39, 69)	(-80, 0)	(-40, -69)	(40, -69)	circle	none	dif	right	right	N_dist	(40, -69)	probe	h_norm	None	None	None	None	10	85	60	135	35	110	(80, 0)	167	testing
7	wr	f	18	red	2	(80, 0)	(40, 69)	(-39, 69)	(-80, 0)	(-40, -69)	(40, -69)	circle	red	dif	right	right	(-40, -69)	(40, -69)	search	nr	True	788937	790038	right	60	85	135	160	110	10	None	None	testing
7	wr	f	18	red	2	(80, 0)	(40, 69)	(-39, 69)	(-80, 0)	(-40, -69)	(40, -69)	circle	red	same	right	right	(-39, 69)	(40, 69)	probe	l_sin	None	None	None	None	160	10	85	135	35	60	(-39, 69)	7	testing
7	wr	f	18	red	2	(80, 0)	(40, 69)	(-39, 69)	(-80, 0)	(-40, -69)	(40, -69)	circle	none	dif	right	right	N_dist	(-39, 69)	search	nr	True	794831	795478	right	160	10	60	35	110	85	None	None	testing
7	wr	f	18	red	2	(80, 0)	(40, 69)	(-39, 69)	(-80, 0)	(-40, -69)	(40, -69)	circle	none	same	left	left	N_dist	(-80, 0)	search	nr	True	796718	797526	left	160	135	60	10	35	85	None	None	testing
7	wr	f	18	red	2	(80, 0)	(40, 69)	(-39, 69)	(-80, 0)	(-40, -69)	(40, -69)	circle	red	dif	left	left	(40, -69)	(-40, -69)	search	nr	True	798805	799558	left	35	160	85	10	135	110	None	None	testing
7	wr	f	18	red	2	(80, 0)	(40, 69)	(-39, 69)	(-80, 0)	(-40, -69)	(40, -69)	circle	none	same	right	right	N_dist	(40, 69)	probe	l_norm	None	None	None	None	60	135	110	35	10	160	(-40, -69)	8	testing
7	wr	f	18	red	2	(80, 0)	(40, 69)	(-39, 69)	(-80, 0)	(-40, -69)	(40, -69)	diamond	red	dif	right	right	(80, 0)	(-80, 0)	search	nr	True	804599	805302	right	60	85	10	160	135	110	None	None	testing
7	wr	f	18	red	2	(80, 0)	(40, 69)	(-39, 69)	(-80, 0)	(-40, -69)	(40, -69)	diamond	red	same	right	right	(-40, -69)	(40, 69)	search	nr	True	806519	807270	right	160	35	85	135	10	110	None	None	testing
7	wr	f	18	red	2	(80, 0)	(40, 69)	(-39, 69)	(-80, 0)	(-40, -69)	(40, -69)	circle	none	same	right	right	N_dist	(80, 0)	search	nr	True	808573	809286	right	110	85	135	60	10	160	None	None	testing
7	wr	f	18	red	2	(80, 0)	(40, 69)	(-39, 69)	(-80, 0)	(-40, -69)	(40, -69)	diamond	red	same	left	left	(40, -69)	(-40, -69)	probe	l_sin	None	None	None	None	160	110	35	60	135	85	(40, -69)	173	testing
7	wr	f	18	red	2	(80, 0)	(40, 69)	(-39, 69)	(-80, 0)	(-40, -69)	(40, -69)	diamond	red	dif	left	left	(80, 0)	(-80, 0)	search	nr	True	814418	815030	left	160	110	60	85	35	135	None	None	testing
7	wr	f	18	red	2	(80, 0)	(40, 69)	(-39, 69)	(-80, 0)	(-40, -69)	(40, -69)	circle	none	same	left	left	N_dist	(40, -69)	probe	l_tar	None	None	None	None	135	110	35	85	160	60	(40, -69)	165	testing
7	wr	f	18	red	2	(80, 0)	(40, 69)	(-39, 69)	(-80, 0)	(-40, -69)	(40, -69)	circle	red	same	left	left	(80, 0)	(40, -69)	probe	norm	None	None	None	None	135	60	10	35	160	110	(40, 69)	18	testing
7	wr	f	18	red	2	(80, 0)	(40, 69)	(-39, 69)	(-80, 0)	(-40, -69)	(40, -69)	circle	red	dif	left	left	(80, 0)	(-40, -69)	probe	h_sin	None	None	None	None	85	10	35	60	160	135	(80, 0)	0	testing
7	wr	f	18	red	2	(80, 0)	(40, 69)	(-39, 69)	(-80, 0)	(-40, -69)	(40, -69)	circle	red	same	left	left	(80, 0)	(40, 69)	probe	norm	None	None	None	None	110	160	85	10	35	60	(-40, -69)	13	testing
7	wr	f	18	red	2	(80, 0)	(40, 69)	(-39, 69)	(-80, 0)	(-40, -69)	(40, -69)	diamond	none	same	right	right	N_dist	(-80, 0)	search	nr	True	830747	831670	right	135	110	160	60	10	85	None	None	testing
7	wr	f	18	red	2	(80, 0)	(40, 69)	(-39, 69)	(-80, 0)	(-40, -69)	(40, -69)	diamond	none	dif	right	right	N_dist	(-39, 69)	probe	l_tar	None	None	None	None	10	135	110	35	85	160	(-39, 69)	8	testing
7	wr	f	18	red	2	(80, 0)	(40, 69)	(-39, 69)	(-80, 0)	(-40, -69)	(40, -69)	circle	red	dif	right	right	(-39, 69)	(-40, -69)	search	nr	True	836725	837734	right	60	85	35	135	160	10	None	None	testing
7	wr	f	18	red	2	(80, 0)	(40, 69)	(-39, 69)	(-80, 0)	(-40, -69)	(40, -69)	diamond	red	dif	left	left	(80, 0)	(-40, -69)	search	nr	True	838979	840166	left	135	60	10	110	85	35	None	None	testing
7	wr	f	18	red	2	(80, 0)	(40, 69)	(-39, 69)	(-80, 0)	(-40, -69)	(40, -69)	circle	red	same	right	right	(80, 0)	(-39, 69)	search	nr	True	841383	842006	right	160	35	60	110	85	10	None	None	testing
7	wr	f	18	red	2	(80, 0)	(40, 69)	(-39, 69)	(-80, 0)	(-40, -69)	(40, -69)	diamond	red	dif	right	right	(80, 0)	(-80, 0)	search	nr	True	843204	843846	right	160	35	85	110	10	60	None	None	testing
7	wr	f	18	red	2	(80, 0)	(40, 69)	(-39, 69)	(-80, 0)	(-40, -69)	(40, -69)	circle	none	same	right	right	N_dist	(80, 0)	search	nr	True	845107	846790	right	35	160	60	85	10	110	None	None	testing
7	wr	f	18	red	2	(80, 0)	(40, 69)	(-39, 69)	(-80, 0)	(-40, -69)	(40, -69)	circle	none	dif	right	right	N_dist	(40, -69)	search	nr	True	847912	848678	right	35	85	60	135	10	110	None	None	testing
7	wr	f	18	red	2	(80, 0)	(40, 69)	(-39, 69)	(-80, 0)	(-40, -69)	(40, -69)	diamond	none	dif	left	left	N_dist	(80, 0)	search	nr	True	849782	850566	left	85	160	60	10	35	135	None	None	testing
7	wr	f	18	red	2	(80, 0)	(40, 69)	(-39, 69)	(-80, 0)	(-40, -69)	(40, -69)	diamond	red	dif	left	left	(40, -69)	(40, 69)	search	nr	True	851852	852854	left	85	135	160	60	35	10	None	None	testing
7	wr	f	18	red	2	(80, 0)	(40, 69)	(-39, 69)	(-80, 0)	(-40, -69)	(40, -69)	circle	red	dif	right	right	(80, 0)	(40, -69)	probe	norm	None	None	None	None	35	60	85	110	135	160	(40, 69)	4	testing
7	wr	f	18	red	2	(80, 0)	(40, 69)	(-39, 69)	(-80, 0)	(-40, -69)	(40, -69)	diamond	red	dif	left	left	(80, 0)	(-40, -69)	probe	h_sin	None	None	None	None	60	135	35	10	85	110	(80, 0)	164	testing
7	wr	f	18	red	2	(80, 0)	(40, 69)	(-39, 69)	(-80, 0)	(-40, -69)	(40, -69)	diamond	red	same	left	left	(80, 0)	(-39, 69)	search	nr	True	863256	863958	left	85	10	110	60	135	160	None	None	testing
7	wr	f	18	red	2	(80, 0)	(40, 69)	(-39, 69)	(-80, 0)	(-40, -69)	(40, -69)	circle	none	dif	right	right	N_dist	(40, -69)	search	nr	True	865093	865862	right	35	10	85	110	160	60	None	None	testing
7	wr	f	18	red	2	(80, 0)	(40, 69)	(-39, 69)	(-80, 0)	(-40, -69)	(40, -69)	circle	red	dif	right	right	(80, 0)	(-40, -69)	search	nr	True	867114	867894	right	110	10	85	160	35	135	None	None	testing
7	wr	f	18	red	2	(80, 0)	(40, 69)	(-39, 69)	(-80, 0)	(-40, -69)	(40, -69)	circle	red	dif	left	left	(80, 0)	(-40, -69)	search	nr	True	869085	869990	left	35	85	135	60	110	10	None	None	testing
7	wr	f	18	red	2	(80, 0)	(40, 69)	(-39, 69)	(-80, 0)	(-40, -69)	(40, -69)	diamond	red	dif	left	left	(80, 0)	(-80, 0)	probe	h_sin	None	None	None	None	85	135	35	60	110	160	(80, 0)	10	testing
7	wr	f	18	red	2	(80, 0)	(40, 69)	(-39, 69)	(-80, 0)	(-40, -69)	(40, -69)	circle	red	dif	right	right	(-39, 69)	(-40, -69)	probe	norm	None	None	None	None	160	35	110	60	10	135	(40, -69)	19	testing
7	wr	f	18	red	2	(80, 0)	(40, 69)	(-39, 69)	(-80, 0)	(-40, -69)	(40, -69)	circle	none	dif	left	left	N_dist	(-80, 0)	probe	h_norm	None	None	None	None	85	135	60	35	10	110	(80, 0)	10	testing
7	wr	f	18	red	2	(80, 0)	(40, 69)	(-39, 69)	(-80, 0)	(-40, -69)	(40, -69)	circle	red	same	right	right	(80, 0)	(-80, 0)	search	nr	True	882559	883318	right	85	135	10	110	60	35	None	None	testing
7	wr	f	18	red	2	(80, 0)	(40, 69)	(-39, 69)	(-80, 0)	(-40, -69)	(40, -69)	diamond	red	same	left	left	(40, 69)	(-40, -69)	search	nr	True	884429	885254	left	85	10	35	135	160	60	None	None	testing
7	wr	f	18	red	2	(80, 0)	(40, 69)	(-39, 69)	(-80, 0)	(-40, -69)	(40, -69)	circle	red	same	left	left	(-80, 0)	(40, 69)	probe	norm	None	None	None	None	135	85	35	160	60	110	(80, 0)	19	testing
7	wr	f	18	red	2	(80, 0)	(40, 69)	(-39, 69)	(-80, 0)	(-40, -69)	(40, -69)	diamond	none	same	right	right	N_dist	(40, -69)	search	nr	True	889972	890694	right	60	110	35	135	10	85	None	None	testing
7	wr	f	18	red	2	(80, 0)	(40, 69)	(-39, 69)	(-80, 0)	(-40, -69)	(40, -69)	diamond	none	dif	right	right	N_dist	(-40, -69)	probe	l_norm	None	None	None	None	85	35	60	10	160	135	(-39, 69)	167	testing
7	wr	f	18	red	2	(80, 0)	(40, 69)	(-39, 69)	(-80, 0)	(-40, -69)	(40, -69)	circle	red	same	left	left	(40, 69)	(-39, 69)	probe	norm	None	None	None	None	10	135	35	60	160	110	(40, -69)	167	testing
7	wr	f	18	red	2	(80, 0)	(40, 69)	(-39, 69)	(-80, 0)	(-40, -69)	(40, -69)	circle	red	dif	left	left	(80, 0)	(40, 69)	search	nr	True	900726	901654	left	85	10	160	35	60	135	None	None	testing
7	wr	f	18	red	2	(80, 0)	(40, 69)	(-39, 69)	(-80, 0)	(-40, -69)	(40, -69)	circle	red	dif	right	right	(80, 0)	(-80, 0)	search	nr	True	902863	903558	right	160	60	110	10	135	35	None	None	testing
7	wr	f	18	red	2	(80, 0)	(40, 69)	(-39, 69)	(-80, 0)	(-40, -69)	(40, -69)	circle	red	dif	right	right	(80, 0)	(-39, 69)	search	nr	True	904733	905446	right	35	160	110	10	135	60	None	None	testing
7	wr	f	18	red	2	(80, 0)	(40, 69)	(-39, 69)	(-80, 0)	(-40, -69)	(40, -69)	diamond	red	same	left	left	(80, 0)	(-39, 69)	search	nr	True	906737	907366	left	35	60	85	160	10	135	None	None	testing
7	wr	f	18	red	2	(80, 0)	(40, 69)	(-39, 69)	(-80, 0)	(-40, -69)	(40, -69)	diamond	none	same	right	right	N_dist	(-80, 0)	probe	h_norm	None	None	None	None	160	135	110	10	35	85	(80, 0)	26	testing
7	wr	f	18	red	2	(80, 0)	(40, 69)	(-39, 69)	(-80, 0)	(-40, -69)	(40, -69)	circle	red	dif	right	right	(-40, -69)	(-80, 0)	search	nr	True	913366	913974	right	135	60	35	110	160	10	None	None	testing
7	wr	f	18	red	2	(80, 0)	(40, 69)	(-39, 69)	(-80, 0)	(-40, -69)	(40, -69)	diamond	red	same	right	right	(80, 0)	(40, -69)	probe	tar	None	None	None	None	110	10	135	85	60	35	(40, -69)	12	testing
7	wr	f	18	red	2	(80, 0)	(40, 69)	(-39, 69)	(-80, 0)	(-40, -69)	(40, -69)	circle	red	same	left	left	(80, 0)	(40, 69)	search	nr	True	919661	920278	left	160	60	10	135	85	110	None	None	testing
7	wr	f	18	red	2	(80, 0)	(40, 69)	(-39, 69)	(-80, 0)	(-40, -69)	(40, -69)	circle	red	same	left	left	(80, 0)	(40, 69)	search	nr	True	921364	921958	left	60	110	10	160	135	85	None	None	testing
7	wr	f	18	red	2	(80, 0)	(40, 69)	(-39, 69)	(-80, 0)	(-40, -69)	(40, -69)	diamond	red	same	right	right	(80, 0)	(-39, 69)	probe	norm	None	None	None	None	85	135	10	160	60	35	(-40, -69)	172	testing
7	wr	f	18	red	2	(80, 0)	(40, 69)	(-39, 69)	(-80, 0)	(-40, -69)	(40, -69)	circle	red	dif	left	left	(80, 0)	(40, -69)	probe	h_sin	None	None	None	None	135	110	60	35	160	85	(80, 0)	20	testing
7	wr	f	18	red	2	(80, 0)	(40, 69)	(-39, 69)	(-80, 0)	(-40, -69)	(40, -69)	diamond	none	same	left	left	N_dist	(40, -69)	search	nr	True	930247	930950	left	135	35	160	60	85	10	None	None	testing
7	wr	f	18	red	2	(80, 0)	(40, 69)	(-39, 69)	(-80, 0)	(-40, -69)	(40, -69)	circle	red	dif	left	left	(80, 0)	(40, -69)	search	nr	True	932201	932806	left	85	110	35	135	10	60	None	None	testing
7	wr	f	18	red	2	(80, 0)	(40, 69)	(-39, 69)	(-80, 0)	(-40, -69)	(40, -69)	circle	red	dif	left	left	(-39, 69)	(-40, -69)	search	nr	True	933987	934934	left	35	135	10	60	85	110	None	None	testing
7	wr	f	18	red	2	(80, 0)	(40, 69)	(-39, 69)	(-80, 0)	(-40, -69)	(40, -69)	diamond	none	same	right	right	N_dist	(80, 0)	probe	h_tar	None	None	None	None	110	10	85	35	135	60	(80, 0)	165	testing
7	wr	f	18	red	2	(80, 0)	(40, 69)	(-39, 69)	(-80, 0)	(-40, -69)	(40, -69)	circle	red	same	left	left	(80, 0)	(40, 69)	search	nr	True	939847	940421	left	60	160	135	10	110	85	None	None	testing
7	wr	f	18	red	2	(80, 0)	(40, 69)	(-39, 69)	(-80, 0)	(-40, -69)	(40, -69)	diamond	red	dif	left	left	(-39, 69)	(40, 69)	probe	tar	None	None	None	None	35	135	160	85	60	10	(40, 69)	168	testing
7	wr	f	18	red	2	(80, 0)	(40, 69)	(-39, 69)	(-80, 0)	(-40, -69)	(40, -69)	circle	red	same	right	right	(80, 0)	(-80, 0)	search	nr	True	945291	945942	right	10	135	160	110	60	85	None	None	testing
7	wr	f	18	red	2	(80, 0)	(40, 69)	(-39, 69)	(-80, 0)	(-40, -69)	(40, -69)	diamond	red	dif	right	right	(80, 0)	(-39, 69)	search	nr	True	947228	947990	right	160	135	10	60	35	110	None	None	testing
7	wr	f	18	red	2	(80, 0)	(40, 69)	(-39, 69)	(-80, 0)	(-40, -69)	(40, -69)	diamond	red	dif	left	left	(80, 0)	(40, 69)	search	nr	True	949282	949894	left	135	35	60	110	10	160	None	None	testing
7	wr	f	18	red	2	(80, 0)	(40, 69)	(-39, 69)	(-80, 0)	(-40, -69)	(40, -69)	circle	none	dif	left	left	N_dist	(-80, 0)	search	nr	True	950952	951717	left	85	110	160	35	60	135	None	None	testing
7	wr	f	18	red	2	(80, 0)	(40, 69)	(-39, 69)	(-80, 0)	(-40, -69)	(40, -69)	diamond	red	same	right	right	(-40, -69)	(40, 69)	search	nr	True	952888	953494	right	85	160	60	110	10	135	None	None	testing
7	wr	f	18	red	2	(80, 0)	(40, 69)	(-39, 69)	(-80, 0)	(-40, -69)	(40, -69)	diamond	red	same	right	right	(80, 0)	(-39, 69)	search	nr	True	954591	955317	right	10	60	160	110	35	85	None	None	testing
7	wr	f	18	red	2	(80, 0)	(40, 69)	(-39, 69)	(-80, 0)	(-40, -69)	(40, -69)	circle	red	same	right	right	(80, 0)	(-80, 0)	search	nr	True	956395	957446	right	85	60	35	135	10	160	None	None	testing
7	wr	f	18	red	2	(80, 0)	(40, 69)	(-39, 69)	(-80, 0)	(-40, -69)	(40, -69)	circle	red	same	right	right	(80, 0)	(-39, 69)	probe	tar	None	None	None	None	85	10	110	160	35	135	(-39, 69)	14	testing
7	wr	f	18	red	2	(80, 0)	(40, 69)	(-39, 69)	(-80, 0)	(-40, -69)	(40, -69)	circle	none	same	left	left	N_dist	(80, 0)	probe	h_tar	None	None	None	None	60	110	35	135	85	10	(80, 0)	168	testing
7	wr	f	18	red	2	(80, 0)	(40, 69)	(-39, 69)	(-80, 0)	(-40, -69)	(40, -69)	circle	red	same	right	right	(-39, 69)	(40, 69)	search	nr	True	966330	967446	right	10	85	35	60	135	160	None	None	testing
7	wr	f	18	red	2	(80, 0)	(40, 69)	(-39, 69)	(-80, 0)	(-40, -69)	(40, -69)	diamond	red	dif	left	left	(80, 0)	(-80, 0)	search	nr	True	968734	969350	left	35	10	60	135	110	160	None	None	testing
7	wr	f	18	red	2	(80, 0)	(40, 69)	(-39, 69)	(-80, 0)	(-40, -69)	(40, -69)	diamond	red	dif	right	right	(-80, 0)	(40, 69)	search	nr	True	970654	971414	right	160	35	10	135	110	60	None	None	testing
7	wr	f	18	red	2	(80, 0)	(40, 69)	(-39, 69)	(-80, 0)	(-40, -69)	(40, -69)	circle	red	dif	left	left	(80, 0)	(40, -69)	search	nr	True	972674	973542	left	135	60	10	110	160	35	None	None	testing
7	wr	f	18	red	2	(80, 0)	(40, 69)	(-39, 69)	(-80, 0)	(-40, -69)	(40, -69)	circle	red	same	right	right	(80, 0)	(-39, 69)	search	nr	True	974629	975254	right	85	60	110	160	35	135	None	None	testing
7	wr	f	18	red	2	(80, 0)	(40, 69)	(-39, 69)	(-80, 0)	(-40, -69)	(40, -69)	diamond	none	dif	right	right	N_dist	(40, 69)	search	nr	True	976398	977110	right	35	110	60	135	10	85	None	None	testing
7	wr	f	18	red	2	(80, 0)	(40, 69)	(-39, 69)	(-80, 0)	(-40, -69)	(40, -69)	diamond	red	dif	right	right	(-80, 0)	(-39, 69)	search	nr	True	978301	979238	right	135	60	160	10	85	35	None	None	testing
7	wr	f	18	red	2	(80, 0)	(40, 69)	(-39, 69)	(-80, 0)	(-40, -69)	(40, -69)	circle	red	dif	left	left	(40, -69)	(-40, -69)	search	nr	True	980422	981158	left	110	35	160	135	60	85	None	None	testing
7	wr	f	18	red	2	(80, 0)	(40, 69)	(-39, 69)	(-80, 0)	(-40, -69)	(40, -69)	diamond	red	dif	right	right	(40, -69)	(-39, 69)	search	nr	True	982392	982998	right	135	60	85	10	110	35	None	None	testing
7	wr	f	18	red	2	(80, 0)	(40, 69)	(-39, 69)	(-80, 0)	(-40, -69)	(40, -69)	diamond	red	dif	left	left	(80, 0)	(-40, -69)	probe	tar	None	None	None	None	35	60	10	110	160	85	(-40, -69)	29	testing
7	wr	f	18	red	2	(80, 0)	(40, 69)	(-39, 69)	(-80, 0)	(-40, -69)	(40, -69)	circle	red	dif	right	right	(80, 0)	(40, -69)	search	nr	True	989839	990790	right	160	10	35	135	110	85	None	None	testing
7	wr	f	18	red	2	(80, 0)	(40, 69)	(-39, 69)	(-80, 0)	(-40, -69)	(40, -69)	circle	red	dif	left	left	(-39, 69)	(-80, 0)	search	nr	True	991994	993589	left	110	160	60	35	135	10	None	None	testing
7	wr	f	18	red	2	(80, 0)	(40, 69)	(-39, 69)	(-80, 0)	(-40, -69)	(40, -69)	circle	none	dif	left	left	N_dist	(40, 69)	search	nr	True	994882	995478	left	135	110	85	10	160	35	None	None	testing
7	wr	f	18	red	2	(80, 0)	(40, 69)	(-39, 69)	(-80, 0)	(-40, -69)	(40, -69)	diamond	red	same	left	left	(40, -69)	(-40, -69)	search	nr	True	996586	997206	left	10	60	160	135	35	110	None	None	testing
7	wr	f	18	red	2	(80, 0)	(40, 69)	(-39, 69)	(-80, 0)	(-40, -69)	(40, -69)	diamond	red	same	left	left	(80, 0)	(-40, -69)	search	nr	True	998505	999702	left	85	10	60	135	35	160	None	None	testing
7	wr	f	18	red	2	(80, 0)	(40, 69)	(-39, 69)	(-80, 0)	(-40, -69)	(40, -69)	diamond	red	same	right	right	(80, 0)	(-80, 0)	search	nr	True	1000759	1001526	right	110	60	135	35	10	85	None	None	testing
7	wr	f	18	red	2	(80, 0)	(40, 69)	(-39, 69)	(-80, 0)	(-40, -69)	(40, -69)	diamond	red	dif	right	right	(80, 0)	(-39, 69)	search	nr	True	1002646	1003301	right	135	160	85	110	35	60	None	None	testing
7	wr	f	18	red	2	(80, 0)	(40, 69)	(-39, 69)	(-80, 0)	(-40, -69)	(40, -69)	circle	none	same	left	left	N_dist	(40, -69)	search	nr	True	1004600	1005318	left	160	85	135	10	35	60	None	None	testing
7	wr	f	18	red	2	(80, 0)	(40, 69)	(-39, 69)	(-80, 0)	(-40, -69)	(40, -69)	diamond	red	same	right	right	(80, 0)	(-80, 0)	probe	h_sin	None	None	None	None	135	35	110	60	160	85	(80, 0)	163	testing
7	wr	f	18	red	2	(80, 0)	(40, 69)	(-39, 69)	(-80, 0)	(-40, -69)	(40, -69)	circle	red	same	right	right	(40, 69)	(40, -69)	search	nr	True	1010511	1011349	right	85	160	135	60	110	35	None	None	testing
7	wr	f	18	red	2	(80, 0)	(40, 69)	(-39, 69)	(-80, 0)	(-40, -69)	(40, -69)	circle	red	dif	left	left	(-39, 69)	(-80, 0)	probe	tar	None	None	None	None	160	85	60	10	110	135	(-80, 0)	139	testing
7	wr	f	18	red	2	(80, 0)	(40, 69)	(-39, 69)	(-80, 0)	(-40, -69)	(40, -69)	circle	red	same	right	right	(-39, 69)	(40, 69)	search	nr	True	1019461	1020517	right	85	160	110	60	135	10	None	None	testing
7	wr	f	18	red	2	(80, 0)	(40, 69)	(-39, 69)	(-80, 0)	(-40, -69)	(40, -69)	diamond	red	same	left	left	(80, 0)	(-39, 69)	search	nr	True	1021648	1023206	left	135	160	85	35	110	60	None	None	testing
7	wr	f	18	red	2	(80, 0)	(40, 69)	(-39, 69)	(-80, 0)	(-40, -69)	(40, -69)	diamond	red	same	left	left	(40, -69)	(-40, -69)	search	nr	True	1024337	1025078	left	10	135	110	160	35	85	None	None	testing
7	wr	f	18	red	2	(80, 0)	(40, 69)	(-39, 69)	(-80, 0)	(-40, -69)	(40, -69)	circle	red	same	left	left	(40, 69)	(-39, 69)	search	nr	True	1026306	1027910	left	10	110	85	160	135	35	None	None	testing
7	wr	f	18	red	2	(80, 0)	(40, 69)	(-39, 69)	(-80, 0)	(-40, -69)	(40, -69)	diamond	none	same	left	left	N_dist	(40, -69)	search	nr	True	1029212	1030005	left	110	160	135	60	85	10	None	None	testing
7	wr	f	18	red	2	(80, 0)	(40, 69)	(-39, 69)	(-80, 0)	(-40, -69)	(40, -69)	diamond	red	dif	right	right	(80, 0)	(-40, -69)	search	nr	True	1031082	1032357	right	135	110	60	160	10	35	None	None	testing
7	wr	f	18	red	2	(80, 0)	(40, 69)	(-39, 69)	(-80, 0)	(-40, -69)	(40, -69)	diamond	none	dif	right	right	N_dist	(-80, 0)	probe	h_norm	None	None	None	None	60	110	35	135	85	160	(80, 0)	165	testing
7	wr	f	18	red	2	(80, 0)	(40, 69)	(-39, 69)	(-80, 0)	(-40, -69)	(40, -69)	diamond	red	same	left	left	(80, 0)	(-39, 69)	search	nr	True	1039815	1040518	left	135	35	110	160	10	60	None	None	testing
7	wr	f	18	red	2	(80, 0)	(40, 69)	(-39, 69)	(-80, 0)	(-40, -69)	(40, -69)	circle	none	same	left	left	N_dist	(-40, -69)	probe	l_norm	None	None	None	None	160	60	10	110	35	85	(-80, 0)	4	testing
7	wr	f	18	red	2	(80, 0)	(40, 69)	(-39, 69)	(-80, 0)	(-40, -69)	(40, -69)	diamond	red	same	left	left	(80, 0)	(-40, -69)	search	nr	True	1046711	1047462	left	135	35	85	160	110	10	None	None	testing
7	wr	f	18	red	2	(80, 0)	(40, 69)	(-39, 69)	(-80, 0)	(-40, -69)	(40, -69)	circle	red	same	left	left	(80, 0)	(-80, 0)	probe	norm	None	None	None	None	35	110	160	85	10	135	(-40, -69)	173	testing
7	wr	f	18	red	2	(80, 0)	(40, 69)	(-39, 69)	(-80, 0)	(-40, -69)	(40, -69)	diamond	red	same	right	right	(80, 0)	(-80, 0)	search	nr	True	1052688	1053381	right	10	160	110	85	135	35	None	None	testing
7	wr	f	18	red	2	(80, 0)	(40, 69)	(-39, 69)	(-80, 0)	(-40, -69)	(40, -69)	diamond	red	dif	left	left	(80, 0)	(-40, -69)	search	nr	True	1054442	1055206	left	10	135	85	60	160	35	None	None	testing
7	wr	f	18	red	2	(80, 0)	(40, 69)	(-39, 69)	(-80, 0)	(-40, -69)	(40, -69)	circle	none	same	left	left	N_dist	(-39, 69)	probe	l_norm	None	None	None	None	60	10	85	110	160	135	(40, -69)	25	testing
7	wr	f	18	red	2	(80, 0)	(40, 69)	(-39, 69)	(-80, 0)	(-40, -69)	(40, -69)	diamond	none	same	left	left	N_dist	(40, 69)	search	nr	True	1060169	1060822	left	135	110	35	10	160	85	None	None	testing
7	wr	f	18	red	2	(80, 0)	(40, 69)	(-39, 69)	(-80, 0)	(-40, -69)	(40, -69)	diamond	red	same	left	left	(-39, 69)	(40, 69)	search	nr	True	1061906	1062565	left	60	110	85	160	10	135	None	None	testing
7	wr	f	18	red	2	(80, 0)	(40, 69)	(-39, 69)	(-80, 0)	(-40, -69)	(40, -69)	circle	none	dif	right	right	N_dist	(40, 69)	probe	l_tar	None	None	None	None	85	110	35	135	160	60	(40, 69)	10	testing
7	wr	f	18	red	2	(80, 0)	(40, 69)	(-39, 69)	(-80, 0)	(-40, -69)	(40, -69)	diamond	none	same	right	right	N_dist	(-80, 0)	probe	l_tar	None	None	None	None	35	60	10	135	160	85	(-80, 0)	9	testing
7	wr	f	18	red	2	(80, 0)	(40, 69)	(-39, 69)	(-80, 0)	(-40, -69)	(40, -69)	diamond	red	same	right	right	(40, 69)	(-40, -69)	search	nr	True	1071356	1072038	right	135	110	35	85	60	160	None	None	testing
7	wr	f	18	red	2	(80, 0)	(40, 69)	(-39, 69)	(-80, 0)	(-40, -69)	(40, -69)	diamond	red	dif	right	right	(80, 0)	(-40, -69)	probe	norm	None	None	None	None	110	85	60	160	135	10	(-39, 69)	168	testing
7	wr	f	18	red	2	(80, 0)	(40, 69)	(-39, 69)	(-80, 0)	(-40, -69)	(40, -69)	circle	none	same	left	left	N_dist	(80, 0)	search	nr	True	1076733	1077526	left	85	35	160	10	60	135	None	None	testing
7	wr	f	18	red	2	(80, 0)	(40, 69)	(-39, 69)	(-80, 0)	(-40, -69)	(40, -69)	circle	red	same	left	left	(80, 0)	(40, -69)	search	nr	True	1078770	1080150	left	60	10	35	160	110	85	None	None	testing
7	wr	f	18	red	2	(80, 0)	(40, 69)	(-39, 69)	(-80, 0)	(-40, -69)	(40, -69)	diamond	red	same	left	left	(80, 0)	(-40, -69)	search	nr	True	1081274	1082294	left	135	10	160	110	85	60	None	None	testing
7	wr	f	18	red	2	(80, 0)	(40, 69)	(-39, 69)	(-80, 0)	(-40, -69)	(40, -69)	diamond	red	same	right	right	(40, 69)	(-80, 0)	probe	l_sin	None	None	None	None	35	10	110	60	160	135	(40, 69)	17	testing
7	wr	f	18	red	2	(80, 0)	(40, 69)	(-39, 69)	(-80, 0)	(-40, -69)	(40, -69)	diamond	none	dif	right	right	N_dist	(40, 69)	probe	h_norm	None	None	None	None	110	85	135	10	35	160	(80, 0)	0	testing
7	wr	f	18	red	2	(80, 0)	(40, 69)	(-39, 69)	(-80, 0)	(-40, -69)	(40, -69)	diamond	none	same	right	right	N_dist	(-80, 0)	search	nr	True	1091343	1092021	right	85	135	60	35	110	160	None	None	testing
7	wr	f	18	red	2	(80, 0)	(40, 69)	(-39, 69)	(-80, 0)	(-40, -69)	(40, -69)	diamond	red	dif	left	left	(80, 0)	(-40, -69)	search	nr	True	1093247	1094213	left	10	135	35	85	160	110	None	None	testing
7	wr	f	18	red	2	(80, 0)	(40, 69)	(-39, 69)	(-80, 0)	(-40, -69)	(40, -69)	diamond	red	same	right	right	(80, 0)	(40, -69)	search	nr	True	1095383	1096485	right	10	160	85	110	135	35	None	None	testing
7	wr	f	18	red	2	(80, 0)	(40, 69)	(-39, 69)	(-80, 0)	(-40, -69)	(40, -69)	circle	red	same	right	right	(80, 0)	(40, 69)	search	nr	True	1097705	1098822	right	110	135	10	35	60	160	None	None	testing
7	wr	f	18	red	2	(80, 0)	(40, 69)	(-39, 69)	(-80, 0)	(-40, -69)	(40, -69)	circle	red	dif	left	left	(80, 0)	(40, -69)	search	nr	True	1100026	1100837	left	60	135	35	85	110	160	None	None	testing
7	wr	f	18	red	2	(80, 0)	(40, 69)	(-39, 69)	(-80, 0)	(-40, -69)	(40, -69)	circle	none	same	left	left	N_dist	(-39, 69)	search	nr	True	1102063	1102805	left	85	60	10	160	35	135	None	None	testing
7	wr	f	18	red	2	(80, 0)	(40, 69)	(-39, 69)	(-80, 0)	(-40, -69)	(40, -69)	circle	red	dif	right	right	(80, 0)	(40, -69)	probe	tar	None	None	None	None	110	35	135	160	60	85	(40, -69)	20	testing
7	wr	f	18	red	2	(80, 0)	(40, 69)	(-39, 69)	(-80, 0)	(-40, -69)	(40, -69)	diamond	none	dif	left	left	N_dist	(-40, -69)	search	nr	True	1107756	1108485	left	10	160	85	60	110	135	None	None	testing
7	wr	f	18	red	2	(80, 0)	(40, 69)	(-39, 69)	(-80, 0)	(-40, -69)	(40, -69)	diamond	none	same	left	left	N_dist	(-40, -69)	search	nr	True	1109543	1110198	left	60	160	110	10	85	135	None	None	testing
7	wr	f	18	red	2	(80, 0)	(40, 69)	(-39, 69)	(-80, 0)	(-40, -69)	(40, -69)	circle	red	same	left	left	(80, 0)	(40, 69)	search	nr	True	1111280	1112261	left	10	160	85	60	110	35	None	None	testing
7	wr	f	18	red	2	(80, 0)	(40, 69)	(-39, 69)	(-80, 0)	(-40, -69)	(40, -69)	circle	none	dif	right	right	N_dist	(-39, 69)	probe	l_norm	None	None	None	None	135	35	60	160	10	85	(40, -69)	164	testing
7	wr	f	18	red	2	(80, 0)	(40, 69)	(-39, 69)	(-80, 0)	(-40, -69)	(40, -69)	circle	none	dif	left	left	N_dist	(-80, 0)	search	nr	True	1117858	1118517	left	110	60	85	160	135	10	None	None	testing
7	wr	f	18	red	2	(80, 0)	(40, 69)	(-39, 69)	(-80, 0)	(-40, -69)	(40, -69)	diamond	red	same	right	right	(80, 0)	(40, -69)	search	nr	True	1119745	1120662	right	85	160	135	10	60	110	None	None	testing
7	wr	f	18	red	2	(80, 0)	(40, 69)	(-39, 69)	(-80, 0)	(-40, -69)	(40, -69)	diamond	red	dif	left	left	(-80, 0)	(40, 69)	search	nr	True	1121916	1122981	left	160	110	10	85	135	60	None	None	testing
7	wr	f	18	red	2	(80, 0)	(40, 69)	(-39, 69)	(-80, 0)	(-40, -69)	(40, -69)	diamond	none	same	left	left	N_dist	(-40, -69)	probe	l_norm	None	None	None	None	35	60	10	135	160	85	(-80, 0)	7	testing
7	wr	f	18	red	2	(80, 0)	(40, 69)	(-39, 69)	(-80, 0)	(-40, -69)	(40, -69)	diamond	none	dif	left	left	N_dist	(80, 0)	probe	h_tar	None	None	None	None	60	10	35	110	160	135	(80, 0)	162	testing
7	wr	f	18	red	2	(80, 0)	(40, 69)	(-39, 69)	(-80, 0)	(-40, -69)	(40, -69)	circle	none	same	right	right	N_dist	(40, 69)	search	nr	True	1130866	1131685	right	60	85	135	160	110	35	None	None	testing
7	wr	f	18	red	2	(80, 0)	(40, 69)	(-39, 69)	(-80, 0)	(-40, -69)	(40, -69)	diamond	none	same	left	left	N_dist	(40, -69)	search	nr	True	1132870	1133542	left	35	160	110	10	85	60	None	None	testing
7	wr	f	18	red	2	(80, 0)	(40, 69)	(-39, 69)	(-80, 0)	(-40, -69)	(40, -69)	circle	red	same	left	left	(80, 0)	(-80, 0)	search	nr	True	1134823	1136485	left	85	10	160	110	60	135	None	None	testing
7	wr	f	18	red	2	(80, 0)	(40, 69)	(-39, 69)	(-80, 0)	(-40, -69)	(40, -69)	circle	red	same	right	right	(40, 69)	(40, -69)	probe	tar	None	None	None	None	110	135	60	85	160	35	(40, -69)	14	testing
7	wr	f	18	red	2	(80, 0)	(40, 69)	(-39, 69)	(-80, 0)	(-40, -69)	(40, -69)	diamond	red	dif	right	right	(80, 0)	(40, 69)	search	nr	True	1142003	1142838	right	160	85	35	110	60	135	None	None	testing
7	wr	f	18	red	2	(80, 0)	(40, 69)	(-39, 69)	(-80, 0)	(-40, -69)	(40, -69)	circle	red	dif	right	right	(-40, -69)	(-80, 0)	search	nr	True	1144073	1145126	right	85	10	160	110	35	135	None	None	testing
7	wr	f	18	red	2	(80, 0)	(40, 69)	(-39, 69)	(-80, 0)	(-40, -69)	(40, -69)	diamond	red	dif	right	right	(80, 0)	(40, 69)	search	nr	True	1146361	1147238	right	85	60	135	160	10	110	None	None	testing
7	wr	f	18	red	2	(80, 0)	(40, 69)	(-39, 69)	(-80, 0)	(-40, -69)	(40, -69)	circle	none	same	right	right	N_dist	(40, 69)	search	nr	True	1148464	1149254	right	85	110	10	60	135	35	None	None	testing
7	wr	f	18	red	2	(80, 0)	(40, 69)	(-39, 69)	(-80, 0)	(-40, -69)	(40, -69)	diamond	red	dif	right	right	(-80, 0)	(-39, 69)	search	nr	True	1150551	1151637	right	135	35	85	60	160	10	None	None	testing
7	wr	f	18	red	2	(80, 0)	(40, 69)	(-39, 69)	(-80, 0)	(-40, -69)	(40, -69)	diamond	none	same	right	right	N_dist	(80, 0)	search	nr	True	1152839	1153589	right	60	35	85	135	10	160	None	None	testing
7	wr	f	18	red	2	(80, 0)	(40, 69)	(-39, 69)	(-80, 0)	(-40, -69)	(40, -69)	diamond	red	same	left	left	(80, 0)	(-39, 69)	probe	tar	None	None	None	None	135	60	110	85	160	35	(-39, 69)	9	testing
7	wr	f	18	red	2	(80, 0)	(40, 69)	(-39, 69)	(-80, 0)	(-40, -69)	(40, -69)	circle	red	dif	left	left	(-39, 69)	(-80, 0)	search	nr	True	1159885	1160918	left	110	10	135	85	35	60	None	None	testing
7	wr	f	18	red	2	(80, 0)	(40, 69)	(-39, 69)	(-80, 0)	(-40, -69)	(40, -69)	diamond	none	same	right	right	N_dist	(-80, 0)	search	nr	True	1162207	1163093	right	135	60	35	160	10	110	None	None	testing
7	wr	f	18	red	2	(80, 0)	(40, 69)	(-39, 69)	(-80, 0)	(-40, -69)	(40, -69)	diamond	none	dif	right	right	N_dist	(-40, -69)	search	nr	True	1164378	1165126	right	135	85	160	60	35	10	None	None	testing
7	wr	f	18	red	2	(80, 0)	(40, 69)	(-39, 69)	(-80, 0)	(-40, -69)	(40, -69)	diamond	none	dif	left	left	N_dist	(-40, -69)	probe	l_norm	None	None	None	None	60	160	35	10	85	135	(-39, 69)	171	testing
7	wr	f	18	red	2	(80, 0)	(40, 69)	(-39, 69)	(-80, 0)	(-40, -69)	(40, -69)	circle	red	same	right	right	(-40, -69)	(-39, 69)	search	nr	True	1169937	1170933	right	35	160	135	110	10	60	None	None	testing
7	wr	f	18	red	2	(80, 0)	(40, 69)	(-39, 69)	(-80, 0)	(-40, -69)	(40, -69)	circle	none	dif	right	right	N_dist	(-80, 0)	search	nr	True	1172125	1172837	right	135	110	85	60	10	35	None	None	testing
7	wr	f	18	red	2	(80, 0)	(40, 69)	(-39, 69)	(-80, 0)	(-40, -69)	(40, -69)	circle	none	dif	right	right	N_dist	(-39, 69)	probe	h_norm	None	None	None	None	110	60	160	35	85	10	(80, 0)	17	testing
7	wr	f	18	red	2	(80, 0)	(40, 69)	(-39, 69)	(-80, 0)	(-40, -69)	(40, -69)	circle	none	same	right	right	N_dist	(80, 0)	probe	h_tar	None	None	None	None	85	60	35	110	160	135	(80, 0)	167	testing
7	wr	f	18	red	2	(80, 0)	(40, 69)	(-39, 69)	(-80, 0)	(-40, -69)	(40, -69)	circle	red	same	left	left	(-80, 0)	(40, 69)	search	nr	True	1181425	1182198	left	60	160	135	110	10	85	None	None	testing
7	wr	f	18	red	2	(80, 0)	(40, 69)	(-39, 69)	(-80, 0)	(-40, -69)	(40, -69)	circle	red	same	left	left	(-80, 0)	(40, 69)	search	nr	True	1183262	1183925	left	160	135	10	35	110	60	None	None	testing
7	wr	f	18	red	2	(80, 0)	(40, 69)	(-39, 69)	(-80, 0)	(-40, -69)	(40, -69)	circle	red	same	left	left	(80, 0)	(40, -69)	search	nr	True	1184999	1185941	left	60	135	160	35	110	85	None	None	testing
7	wr	f	18	red	2	(80, 0)	(40, 69)	(-39, 69)	(-80, 0)	(-40, -69)	(40, -69)	diamond	red	same	right	right	(80, 0)	(40, -69)	search	nr	True	1187219	1187925	left	160	85	10	35	60	135	None	None	testing
7	wr	f	18	red	2	(80, 0)	(40, 69)	(-39, 69)	(-80, 0)	(-40, -69)	(40, -69)	circle	red	dif	left	left	(80, 0)	(40, 69)	search	nr	True	1190609	1191653	left	10	135	60	35	85	160	None	None	testing
7	wr	f	18	red	2	(80, 0)	(40, 69)	(-39, 69)	(-80, 0)	(-40, -69)	(40, -69)	diamond	red	same	left	left	(-39, 69)	(40, 69)	search	nr	True	1192913	1193749	left	60	35	85	160	10	110	None	None	testing
7	wr	f	18	red	2	(80, 0)	(40, 69)	(-39, 69)	(-80, 0)	(-40, -69)	(40, -69)	circle	red	dif	left	left	(80, 0)	(-39, 69)	search	nr	True	1194900	1195557	left	135	10	160	35	85	110	None	None	testing
7	wr	f	18	red	2	(80, 0)	(40, 69)	(-39, 69)	(-80, 0)	(-40, -69)	(40, -69)	diamond	red	dif	left	left	(80, 0)	(-80, 0)	probe	tar	None	None	None	None	135	35	160	85	60	10	(-80, 0)	6	testing
7	wr	f	18	red	2	(80, 0)	(40, 69)	(-39, 69)	(-80, 0)	(-40, -69)	(40, -69)	circle	red	same	left	left	(80, 0)	(-40, -69)	probe	h_sin	None	None	None	None	10	135	160	110	60	85	(80, 0)	168	testing
7	wr	f	18	red	2	(80, 0)	(40, 69)	(-39, 69)	(-80, 0)	(-40, -69)	(40, -69)	diamond	red	same	right	right	(40, 69)	(-80, 0)	search	nr	True	1206488	1207269	right	135	160	10	85	60	110	None	None	testing
7	wr	f	18	red	2	(80, 0)	(40, 69)	(-39, 69)	(-80, 0)	(-40, -69)	(40, -69)	diamond	red	same	left	left	(80, 0)	(-40, -69)	search	nr	True	1208542	1209317	left	85	110	160	60	10	135	None	None	testing
7	wr	f	18	red	2	(80, 0)	(40, 69)	(-39, 69)	(-80, 0)	(-40, -69)	(40, -69)	diamond	red	dif	right	right	(40, -69)	(-39, 69)	probe	l_sin	None	None	None	None	135	35	60	160	10	110	(40, -69)	15	testing
7	wr	f	18	red	2	(80, 0)	(40, 69)	(-39, 69)	(-80, 0)	(-40, -69)	(40, -69)	diamond	none	dif	right	right	N_dist	(-80, 0)	search	nr	True	1214202	1214853	right	135	110	35	10	60	85	None	None	testing
7	wr	f	18	red	2	(80, 0)	(40, 69)	(-39, 69)	(-80, 0)	(-40, -69)	(40, -69)	circle	red	same	left	left	(40, 69)	(-39, 69)	search	nr	True	1215972	1217622	left	60	110	10	160	135	35	None	None	testing
7	wr	f	18	red	2	(80, 0)	(40, 69)	(-39, 69)	(-80, 0)	(-40, -69)	(40, -69)	diamond	red	same	left	left	(80, 0)	(-40, -69)	probe	h_sin	None	None	None	None	110	35	60	160	10	85	(80, 0)	6	testing
7	wr	f	18	red	2	(80, 0)	(40, 69)	(-39, 69)	(-80, 0)	(-40, -69)	(40, -69)	circle	red	dif	right	right	(80, 0)	(40, -69)	search	nr	True	1222484	1223509	right	160	135	85	110	10	60	None	None	testing
7	wr	f	18	red	2	(80, 0)	(40, 69)	(-39, 69)	(-80, 0)	(-40, -69)	(40, -69)	circle	red	same	left	left	(-40, -69)	(40, 69)	search	nr	True	1224605	1225349	left	85	35	10	60	160	110	None	None	testing
7	wr	f	18	red	2	(80, 0)	(40, 69)	(-39, 69)	(-80, 0)	(-40, -69)	(40, -69)	circle	none	dif	left	left	N_dist	(-39, 69)	search	nr	True	1226575	1227317	left	85	135	35	160	10	110	None	None	testing
7	wr	f	18	red	2	(80, 0)	(40, 69)	(-39, 69)	(-80, 0)	(-40, -69)	(40, -69)	diamond	none	dif	left	left	N_dist	(80, 0)	search	nr	True	1228529	1229286	left	85	35	110	60	135	10	None	None	testing
7	wr	f	18	red	2	(80, 0)	(40, 69)	(-39, 69)	(-80, 0)	(-40, -69)	(40, -69)	circle	red	same	right	right	(80, 0)	(-80, 0)	probe	tar	None	None	None	None	60	10	160	35	110	85	(-80, 0)	6	testing
7	wr	f	18	red	2	(80, 0)	(40, 69)	(-39, 69)	(-80, 0)	(-40, -69)	(40, -69)	circle	none	dif	left	left	N_dist	(-80, 0)	search	nr	True	1235841	1236582	left	135	10	85	160	110	60	None	None	testing
7	wr	f	18	red	2	(80, 0)	(40, 69)	(-39, 69)	(-80, 0)	(-40, -69)	(40, -69)	diamond	none	same	left	left	N_dist	(-40, -69)	search	nr	True	1237746	1238597	left	160	85	60	35	10	135	None	None	testing
7	wr	f	18	red	2	(80, 0)	(40, 69)	(-39, 69)	(-80, 0)	(-40, -69)	(40, -69)	circle	red	same	right	right	(80, 0)	(40, 69)	search	nr	True	1239783	1240661	right	160	10	110	35	85	60	None	None	testing
7	wr	f	18	red	2	(80, 0)	(40, 69)	(-39, 69)	(-80, 0)	(-40, -69)	(40, -69)	circle	red	dif	right	right	(-40, -69)	(-80, 0)	probe	l_sin	None	None	None	None	110	60	135	85	10	35	(-40, -69)	160	testing
7	wr	f	18	red	2	(80, 0)	(40, 69)	(-39, 69)	(-80, 0)	(-40, -69)	(40, -69)	diamond	none	dif	right	right	N_dist	(-40, -69)	search	nr	True	1247096	1247877	right	135	10	60	160	85	110	None	None	testing
7	wr	f	18	red	2	(80, 0)	(40, 69)	(-39, 69)	(-80, 0)	(-40, -69)	(40, -69)	circle	red	same	right	right	(80, 0)	(-80, 0)	probe	tar	None	None	None	None	110	10	135	85	35	160	(-80, 0)	175	testing
7	wr	f	18	red	2	(80, 0)	(40, 69)	(-39, 69)	(-80, 0)	(-40, -69)	(40, -69)	circle	red	same	right	right	(-40, -69)	(-39, 69)	probe	l_sin	None	None	None	None	160	10	110	60	85	35	(-40, -69)	170	testing
7	wr	f	18	red	2	(80, 0)	(40, 69)	(-39, 69)	(-80, 0)	(-40, -69)	(40, -69)	circle	none	dif	right	right	N_dist	(-39, 69)	search	nr	True	1257281	1258086	right	160	10	35	60	85	135	None	None	testing
7	wr	f	18	red	2	(80, 0)	(40, 69)	(-39, 69)	(-80, 0)	(-40, -69)	(40, -69)	circle	none	same	left	left	N_dist	(-40, -69)	search	nr	True	1259301	1260101	left	35	160	10	135	110	85	None	None	testing
7	wr	f	18	red	2	(80, 0)	(40, 69)	(-39, 69)	(-80, 0)	(-40, -69)	(40, -69)	diamond	none	same	right	right	N_dist	(40, -69)	probe	h_norm	None	None	None	None	10	135	85	60	35	160	(80, 0)	166	testing
7	wr	f	18	red	2	(80, 0)	(40, 69)	(-39, 69)	(-80, 0)	(-40, -69)	(40, -69)	diamond	none	dif	left	left	N_dist	(80, 0)	search	nr	True	1264979	1266052	left	60	135	10	160	110	35	None	None	testing
