subj	name	gender	age	dist	run	tar_locs1	tar_locs2	tar_locs3	tar_locs4	tar_locs5	tar_locs6	shape	dist	td_dif	detection	resp_key	dis_loc	tar_loc	task_type	probe_cond	gotKey	startTime	respTime	resp	o1	o2	o3	o4	o5	o6	pro_loc	ori_resp	mode
7	wr	f	18	red	1	(80, 0)	(40, 69)	(-39, 69)	(-80, 0)	(-40, -69)	(40, -69)	diamond	red	same	left	left	(40, -69)	(-40, -69)	search	nr	True	175871	176585	left	35	85	135	10	160	60	None	None	practice
7	wr	f	18	red	1	(80, 0)	(40, 69)	(-39, 69)	(-80, 0)	(-40, -69)	(40, -69)	diamond	none	same	right	right	N_dist	(80, 0)	search	nr	True	177791	178345	right	35	135	10	110	60	160	None	None	practice
7	wr	f	18	red	1	(80, 0)	(40, 69)	(-39, 69)	(-80, 0)	(-40, -69)	(40, -69)	diamond	none	same	right	right	N_dist	(40, -69)	probe	l_tar	None	None	None	None	60	110	135	85	160	10	(40, -69)	0	practice
7	wr	f	18	red	1	(80, 0)	(40, 69)	(-39, 69)	(-80, 0)	(-40, -69)	(40, -69)	circle	none	dif	left	left	N_dist	(40, -69)	search	nr	False	184169	None	None	85	135	35	160	110	10	None	None	practice
7	wr	f	18	red	1	(80, 0)	(40, 69)	(-39, 69)	(-80, 0)	(-40, -69)	(40, -69)	diamond	none	dif	right	right	N_dist	(-39, 69)	probe	l_norm	None	None	None	None	35	10	160	85	135	110	(40, -69)	161	practice
7	wr	f	18	red	1	(80, 0)	(40, 69)	(-39, 69)	(-80, 0)	(-40, -69)	(40, -69)	diamond	red	same	right	right	(80, 0)	(-80, 0)	probe	h_sin	None	None	None	None	35	60	10	160	85	135	(80, 0)	154	practice
7	wr	f	18	red	1	(80, 0)	(40, 69)	(-39, 69)	(-80, 0)	(-40, -69)	(40, -69)	diamond	red	same	left	left	(40, -69)	(-40, -69)	search	nr	True	202352	202969	left	10	110	60	160	35	85	None	None	practice
7	wr	f	18	red	1	(80, 0)	(40, 69)	(-39, 69)	(-80, 0)	(-40, -69)	(40, -69)	circle	none	dif	right	right	N_dist	(-39, 69)	search	nr	True	204072	204856	right	160	110	35	135	60	85	None	None	practice
7	wr	f	18	red	1	(80, 0)	(40, 69)	(-39, 69)	(-80, 0)	(-40, -69)	(40, -69)	circle	red	same	left	left	(80, 0)	(40, -69)	search	nr	True	205993	206712	left	60	85	10	110	135	35	None	None	practice
7	wr	f	18	red	1	(80, 0)	(40, 69)	(-39, 69)	(-80, 0)	(-40, -69)	(40, -69)	circle	none	same	right	right	N_dist	(-80, 0)	search	nr	True	207863	208504	right	85	60	135	160	10	35	None	None	practice
7	wr	f	18	red	1	(80, 0)	(40, 69)	(-39, 69)	(-80, 0)	(-40, -69)	(40, -69)	diamond	none	dif	left	left	N_dist	(40, 69)	probe	l_norm	None	None	None	None	110	35	60	135	85	10	(40, -69)	32	practice
7	wr	f	18	red	1	(80, 0)	(40, 69)	(-39, 69)	(-80, 0)	(-40, -69)	(40, -69)	diamond	red	same	right	right	(40, -69)	(-80, 0)	search	nr	True	215344	216024	right	35	110	160	60	135	85	None	None	practice
7	wr	f	18	red	1	(80, 0)	(40, 69)	(-39, 69)	(-80, 0)	(-40, -69)	(40, -69)	circle	none	dif	right	right	N_dist	(40, -69)	search	nr	True	217180	217816	right	35	135	110	160	60	10	None	None	practice
7	wr	f	18	red	1	(80, 0)	(40, 69)	(-39, 69)	(-80, 0)	(-40, -69)	(40, -69)	diamond	red	same	left	left	(-40, -69)	(40, -69)	probe	l_sin	None	None	None	None	10	110	160	35	85	135	(-40, -69)	152	practice
7	wr	f	18	red	1	(80, 0)	(40, 69)	(-39, 69)	(-80, 0)	(-40, -69)	(40, -69)	circle	red	same	right	right	(40, -69)	(-80, 0)	search	nr	True	225178	225816	right	160	135	110	60	10	85	None	None	practice
7	wr	f	18	red	1	(80, 0)	(40, 69)	(-39, 69)	(-80, 0)	(-40, -69)	(40, -69)	circle	red	dif	right	right	(80, 0)	(-40, -69)	search	nr	True	227065	227673	right	85	35	10	60	160	110	None	None	practice
7	wr	f	18	red	1	(80, 0)	(40, 69)	(-39, 69)	(-80, 0)	(-40, -69)	(40, -69)	circle	red	dif	left	left	(-40, -69)	(40, -69)	probe	l_sin	None	None	None	None	10	135	85	110	160	35	(-40, -69)	67	practice
7	wr	f	18	red	1	(80, 0)	(40, 69)	(-39, 69)	(-80, 0)	(-40, -69)	(40, -69)	diamond	red	dif	right	right	(-39, 69)	(40, 69)	search	nr	True	237684	238456	right	85	160	60	10	35	135	None	None	practice
7	wr	f	18	red	1	(80, 0)	(40, 69)	(-39, 69)	(-80, 0)	(-40, -69)	(40, -69)	diamond	red	dif	right	right	(40, 69)	(-40, -69)	search	nr	True	239755	240888	right	35	60	10	135	85	110	None	None	practice
7	wr	f	18	red	1	(80, 0)	(40, 69)	(-39, 69)	(-80, 0)	(-40, -69)	(40, -69)	circle	red	dif	left	left	(80, 0)	(40, 69)	search	nr	True	242142	242856	left	85	10	160	60	35	110	None	None	practice
7	wr	f	18	red	1	(80, 0)	(40, 69)	(-39, 69)	(-80, 0)	(-40, -69)	(40, -69)	circle	none	dif	right	right	N_dist	(40, -69)	search	nr	True	244097	244728	right	85	135	160	35	60	110	None	None	practice
7	wr	f	18	red	1	(80, 0)	(40, 69)	(-39, 69)	(-80, 0)	(-40, -69)	(40, -69)	circle	none	same	right	right	N_dist	(-40, -69)	search	nr	True	245967	246584	right	10	85	135	160	35	60	None	None	practice
7	wr	f	18	red	1	(80, 0)	(40, 69)	(-39, 69)	(-80, 0)	(-40, -69)	(40, -69)	circle	none	same	right	right	N_dist	(-40, -69)	probe	l_norm	None	None	None	None	35	110	160	10	85	135	(-39, 69)	150	practice
7	wr	f	18	red	1	(80, 0)	(40, 69)	(-39, 69)	(-80, 0)	(-40, -69)	(40, -69)	circle	red	same	right	right	(80, 0)	(40, 69)	search	nr	True	256135	256824	right	85	60	10	160	35	135	None	None	practice
7	wr	f	18	red	1	(80, 0)	(40, 69)	(-39, 69)	(-80, 0)	(-40, -69)	(40, -69)	diamond	none	dif	right	right	N_dist	(-80, 0)	search	nr	True	257905	258664	right	85	110	10	160	135	35	None	None	practice
7	wr	f	18	red	1	(80, 0)	(40, 69)	(-39, 69)	(-80, 0)	(-40, -69)	(40, -69)	circle	red	same	left	left	(80, 0)	(40, -69)	probe	norm	None	None	None	None	135	160	35	110	60	85	(40, 69)	128	practice
7	wr	f	18	red	1	(80, 0)	(40, 69)	(-39, 69)	(-80, 0)	(-40, -69)	(40, -69)	circle	red	dif	right	right	(80, 0)	(-40, -69)	search	nr	True	265786	266440	right	160	10	60	110	35	85	None	None	practice
7	wr	f	18	red	1	(80, 0)	(40, 69)	(-39, 69)	(-80, 0)	(-40, -69)	(40, -69)	circle	red	dif	left	left	(80, 0)	(-39, 69)	probe	h_sin	None	None	None	None	110	85	35	135	160	60	(80, 0)	22	practice
7	wr	f	18	red	1	(80, 0)	(40, 69)	(-39, 69)	(-80, 0)	(-40, -69)	(40, -69)	diamond	none	same	left	left	N_dist	(80, 0)	search	nr	True	272516	273288	left	35	160	60	85	110	10	None	None	practice
7	wr	f	18	red	1	(80, 0)	(40, 69)	(-39, 69)	(-80, 0)	(-40, -69)	(40, -69)	circle	none	same	left	left	N_dist	(-80, 0)	search	nr	True	274351	275063	left	135	10	160	60	110	35	None	None	practice
7	wr	f	18	red	1	(80, 0)	(40, 69)	(-39, 69)	(-80, 0)	(-40, -69)	(40, -69)	circle	red	same	right	right	(80, 0)	(-40, -69)	search	nr	True	276122	276904	right	135	10	110	60	85	160	None	None	practice
7	wr	f	18	red	1	(80, 0)	(40, 69)	(-39, 69)	(-80, 0)	(-40, -69)	(40, -69)	diamond	red	dif	right	right	(80, 0)	(-80, 0)	probe	norm	None	None	None	None	60	10	35	110	160	135	(-40, -69)	54	practice
7	wr	f	18	red	1	(80, 0)	(40, 69)	(-39, 69)	(-80, 0)	(-40, -69)	(40, -69)	diamond	red	dif	left	left	(80, 0)	(-39, 69)	search	nr	True	289630	290392	left	160	85	35	10	135	110	None	None	practice
7	wr	f	18	red	1	(80, 0)	(40, 69)	(-39, 69)	(-80, 0)	(-40, -69)	(40, -69)	circle	red	dif	left	left	(80, 0)	(40, 69)	probe	norm	None	None	None	None	160	85	60	135	110	10	(-40, -69)	171	practice
7	wr	f	18	red	1	(80, 0)	(40, 69)	(-39, 69)	(-80, 0)	(-40, -69)	(40, -69)	diamond	red	same	left	left	(80, 0)	(40, -69)	probe	tar	None	None	None	None	85	160	35	135	60	110	(40, -69)	168	practice
7	wr	f	18	red	1	(80, 0)	(40, 69)	(-39, 69)	(-80, 0)	(-40, -69)	(40, -69)	circle	none	same	left	left	N_dist	(-80, 0)	search	nr	True	303339	303992	left	85	135	10	160	60	110	None	None	practice
7	wr	f	18	red	1	(80, 0)	(40, 69)	(-39, 69)	(-80, 0)	(-40, -69)	(40, -69)	diamond	red	dif	right	right	(-80, 0)	(40, -69)	probe	tar	None	None	None	None	85	110	35	135	60	10	(40, -69)	24	practice
7	wr	f	18	red	1	(80, 0)	(40, 69)	(-39, 69)	(-80, 0)	(-40, -69)	(40, -69)	diamond	red	same	right	right	(80, 0)	(-39, 69)	search	nr	True	312138	312792	right	135	85	35	110	10	60	None	None	practice
7	wr	f	18	red	1	(80, 0)	(40, 69)	(-39, 69)	(-80, 0)	(-40, -69)	(40, -69)	diamond	none	same	right	right	N_dist	(-40, -69)	search	nr	True	313891	314520	right	135	85	35	60	160	110	None	None	practice
7	wr	f	18	red	1	(80, 0)	(40, 69)	(-39, 69)	(-80, 0)	(-40, -69)	(40, -69)	circle	none	dif	left	left	N_dist	(40, 69)	search	nr	True	315578	316216	left	135	160	35	10	110	85	None	None	practice
7	wr	f	18	red	1	(80, 0)	(40, 69)	(-39, 69)	(-80, 0)	(-40, -69)	(40, -69)	diamond	none	same	left	left	N_dist	(80, 0)	search	nr	True	382150	382712	left	85	135	160	10	60	110	None	None	testing
7	wr	f	18	red	1	(80, 0)	(40, 69)	(-39, 69)	(-80, 0)	(-40, -69)	(40, -69)	diamond	red	same	left	left	(80, 0)	(-80, 0)	probe	norm	None	None	None	None	110	160	60	85	10	135	(-39, 69)	11	testing
7	wr	f	18	red	1	(80, 0)	(40, 69)	(-39, 69)	(-80, 0)	(-40, -69)	(40, -69)	diamond	red	same	left	left	(80, 0)	(-80, 0)	search	nr	True	388044	388568	left	10	135	85	110	60	35	None	None	testing
7	wr	f	18	red	1	(80, 0)	(40, 69)	(-39, 69)	(-80, 0)	(-40, -69)	(40, -69)	diamond	red	same	right	right	(80, 0)	(-39, 69)	search	nr	True	389831	390488	right	10	60	135	110	35	85	None	None	testing
7	wr	f	18	red	1	(80, 0)	(40, 69)	(-39, 69)	(-80, 0)	(-40, -69)	(40, -69)	circle	red	same	left	left	(80, 0)	(-80, 0)	search	nr	True	391651	392216	left	110	35	60	85	160	10	None	None	testing
7	wr	f	18	red	1	(80, 0)	(40, 69)	(-39, 69)	(-80, 0)	(-40, -69)	(40, -69)	diamond	red	same	left	left	(40, -69)	(-40, -69)	probe	tar	None	None	None	None	135	110	160	85	35	10	(-40, -69)	161	testing
7	wr	f	18	red	1	(80, 0)	(40, 69)	(-39, 69)	(-80, 0)	(-40, -69)	(40, -69)	diamond	red	same	right	right	(80, 0)	(-39, 69)	search	nr	True	398180	398760	right	60	35	85	135	10	160	None	None	testing
7	wr	f	18	red	1	(80, 0)	(40, 69)	(-39, 69)	(-80, 0)	(-40, -69)	(40, -69)	circle	red	same	left	left	(80, 0)	(40, -69)	probe	h_sin	None	None	None	None	35	160	85	10	60	135	(80, 0)	171	testing
7	wr	f	18	red	1	(80, 0)	(40, 69)	(-39, 69)	(-80, 0)	(-40, -69)	(40, -69)	circle	red	dif	right	right	(-40, -69)	(40, 69)	search	nr	True	406244	407160	right	110	135	60	160	35	85	None	None	testing
7	wr	f	18	red	1	(80, 0)	(40, 69)	(-39, 69)	(-80, 0)	(-40, -69)	(40, -69)	circle	red	dif	left	left	(80, 0)	(-39, 69)	probe	h_sin	None	None	None	None	10	85	110	135	60	35	(80, 0)	160	testing
7	wr	f	18	red	1	(80, 0)	(40, 69)	(-39, 69)	(-80, 0)	(-40, -69)	(40, -69)	diamond	none	same	left	left	N_dist	(80, 0)	probe	h_tar	None	None	None	None	160	35	110	85	60	135	(80, 0)	28	testing
7	wr	f	18	red	1	(80, 0)	(40, 69)	(-39, 69)	(-80, 0)	(-40, -69)	(40, -69)	circle	none	same	right	right	N_dist	(-40, -69)	search	nr	True	416881	417576	right	85	110	160	35	135	60	None	None	testing
7	wr	f	18	red	1	(80, 0)	(40, 69)	(-39, 69)	(-80, 0)	(-40, -69)	(40, -69)	diamond	none	same	left	left	N_dist	(80, 0)	search	nr	True	418734	419352	left	10	110	85	135	160	60	None	None	testing
7	wr	f	18	red	1	(80, 0)	(40, 69)	(-39, 69)	(-80, 0)	(-40, -69)	(40, -69)	diamond	red	dif	right	right	(-80, 0)	(40, -69)	probe	tar	None	None	None	None	35	60	160	85	135	10	(40, -69)	29	testing
7	wr	f	18	red	1	(80, 0)	(40, 69)	(-39, 69)	(-80, 0)	(-40, -69)	(40, -69)	diamond	red	dif	left	left	(80, 0)	(-80, 0)	search	nr	True	425630	426584	left	85	35	160	10	60	110	None	None	testing
7	wr	f	18	red	1	(80, 0)	(40, 69)	(-39, 69)	(-80, 0)	(-40, -69)	(40, -69)	diamond	none	same	right	right	N_dist	(40, 69)	search	nr	True	427850	428504	right	60	10	160	135	110	85	None	None	testing
7	wr	f	18	red	1	(80, 0)	(40, 69)	(-39, 69)	(-80, 0)	(-40, -69)	(40, -69)	circle	red	dif	left	left	(80, 0)	(40, -69)	search	nr	True	429821	430680	left	85	35	160	135	110	60	None	None	testing
7	wr	f	18	red	1	(80, 0)	(40, 69)	(-39, 69)	(-80, 0)	(-40, -69)	(40, -69)	diamond	red	dif	right	right	(80, 0)	(40, 69)	search	nr	True	431925	432567	right	85	135	160	10	110	60	None	None	testing
7	wr	f	18	red	1	(80, 0)	(40, 69)	(-39, 69)	(-80, 0)	(-40, -69)	(40, -69)	circle	red	same	right	right	(80, 0)	(-39, 69)	search	nr	True	433778	434376	right	35	60	85	10	135	110	None	None	testing
7	wr	f	18	red	1	(80, 0)	(40, 69)	(-39, 69)	(-80, 0)	(-40, -69)	(40, -69)	circle	none	same	left	left	N_dist	(-80, 0)	search	nr	True	435531	436296	left	85	110	135	160	60	35	None	None	testing
7	wr	f	18	red	1	(80, 0)	(40, 69)	(-39, 69)	(-80, 0)	(-40, -69)	(40, -69)	diamond	red	dif	left	left	(80, 0)	(40, 69)	search	nr	True	437452	438168	left	60	135	85	35	10	110	None	None	testing
7	wr	f	18	red	1	(80, 0)	(40, 69)	(-39, 69)	(-80, 0)	(-40, -69)	(40, -69)	diamond	red	dif	left	left	(80, 0)	(-80, 0)	search	nr	True	439489	440040	left	160	35	60	85	110	135	None	None	testing
7	wr	f	18	red	1	(80, 0)	(40, 69)	(-39, 69)	(-80, 0)	(-40, -69)	(40, -69)	diamond	red	dif	right	right	(80, 0)	(-39, 69)	search	nr	True	441308	441912	right	110	135	35	160	60	85	None	None	testing
7	wr	f	18	red	1	(80, 0)	(40, 69)	(-39, 69)	(-80, 0)	(-40, -69)	(40, -69)	circle	none	dif	left	left	N_dist	(40, 69)	probe	l_norm	None	None	None	None	85	110	60	135	160	35	(-80, 0)	171	testing
7	wr	f	18	red	1	(80, 0)	(40, 69)	(-39, 69)	(-80, 0)	(-40, -69)	(40, -69)	circle	none	dif	left	left	N_dist	(-40, -69)	probe	h_norm	None	None	None	None	135	85	10	60	110	160	(80, 0)	36	testing
7	wr	f	18	red	1	(80, 0)	(40, 69)	(-39, 69)	(-80, 0)	(-40, -69)	(40, -69)	diamond	red	dif	left	left	(80, 0)	(-39, 69)	search	nr	True	451694	452280	left	135	85	60	10	160	110	None	None	testing
7	wr	f	18	red	1	(80, 0)	(40, 69)	(-39, 69)	(-80, 0)	(-40, -69)	(40, -69)	diamond	red	same	right	right	(80, 0)	(-39, 69)	search	nr	True	453364	453960	right	35	85	110	160	135	10	None	None	testing
7	wr	f	18	red	1	(80, 0)	(40, 69)	(-39, 69)	(-80, 0)	(-40, -69)	(40, -69)	diamond	red	dif	left	left	(80, 0)	(40, 69)	search	nr	True	455251	455895	left	10	110	60	35	160	85	None	None	testing
7	wr	f	18	red	1	(80, 0)	(40, 69)	(-39, 69)	(-80, 0)	(-40, -69)	(40, -69)	diamond	red	same	left	left	(80, 0)	(-80, 0)	probe	norm	None	None	None	None	10	35	60	160	135	85	(-40, -69)	115	testing
7	wr	f	18	red	1	(80, 0)	(40, 69)	(-39, 69)	(-80, 0)	(-40, -69)	(40, -69)	circle	red	same	left	left	(40, 69)	(-80, 0)	search	nr	True	464001	464599	left	110	10	160	60	135	35	None	None	testing
7	wr	f	18	red	1	(80, 0)	(40, 69)	(-39, 69)	(-80, 0)	(-40, -69)	(40, -69)	circle	none	same	left	left	N_dist	(-39, 69)	probe	l_tar	None	None	None	None	135	160	110	85	60	10	(-39, 69)	17	testing
7	wr	f	18	red	1	(80, 0)	(40, 69)	(-39, 69)	(-80, 0)	(-40, -69)	(40, -69)	circle	red	same	right	right	(40, 69)	(-80, 0)	search	nr	True	475088	475800	right	35	85	135	60	10	110	None	None	testing
7	wr	f	18	red	1	(80, 0)	(40, 69)	(-39, 69)	(-80, 0)	(-40, -69)	(40, -69)	circle	none	same	right	right	N_dist	(-80, 0)	search	nr	True	476958	477479	right	135	10	160	60	110	85	None	None	testing
7	wr	f	18	red	1	(80, 0)	(40, 69)	(-39, 69)	(-80, 0)	(-40, -69)	(40, -69)	circle	red	same	left	left	(-39, 69)	(40, 69)	probe	l_sin	None	None	None	None	10	110	35	160	85	60	(-39, 69)	154	testing
7	wr	f	18	red	1	(80, 0)	(40, 69)	(-39, 69)	(-80, 0)	(-40, -69)	(40, -69)	diamond	red	same	right	right	(-80, 0)	(40, -69)	probe	l_sin	None	None	None	None	35	85	10	110	60	135	(-80, 0)	9	testing
7	wr	f	18	red	1	(80, 0)	(40, 69)	(-39, 69)	(-80, 0)	(-40, -69)	(40, -69)	diamond	red	same	left	left	(-40, -69)	(40, -69)	search	nr	True	487109	487992	left	10	85	35	60	110	160	None	None	testing
7	wr	f	18	red	1	(80, 0)	(40, 69)	(-39, 69)	(-80, 0)	(-40, -69)	(40, -69)	diamond	none	dif	right	right	N_dist	(-80, 0)	search	nr	True	489097	489704	right	60	110	85	135	10	35	None	None	testing
7	wr	f	18	red	1	(80, 0)	(40, 69)	(-39, 69)	(-80, 0)	(-40, -69)	(40, -69)	diamond	none	dif	left	left	N_dist	(40, 69)	search	nr	True	490983	491592	left	160	35	60	135	110	10	None	None	testing
7	wr	f	18	red	1	(80, 0)	(40, 69)	(-39, 69)	(-80, 0)	(-40, -69)	(40, -69)	circle	red	same	right	right	(80, 0)	(-40, -69)	probe	norm	None	None	None	None	10	60	135	160	85	110	(-80, 0)	17	testing
7	wr	f	18	red	1	(80, 0)	(40, 69)	(-39, 69)	(-80, 0)	(-40, -69)	(40, -69)	circle	red	same	left	left	(40, 69)	(-80, 0)	search	nr	True	498097	499240	left	135	60	160	10	35	85	None	None	testing
7	wr	f	18	red	1	(80, 0)	(40, 69)	(-39, 69)	(-80, 0)	(-40, -69)	(40, -69)	diamond	red	same	right	right	(40, -69)	(-80, 0)	probe	l_sin	None	None	None	None	160	110	85	10	135	35	(40, -69)	164	testing
7	wr	f	18	red	1	(80, 0)	(40, 69)	(-39, 69)	(-80, 0)	(-40, -69)	(40, -69)	circle	red	dif	left	left	(-40, -69)	(40, -69)	search	nr	True	504124	504792	left	110	35	160	10	60	135	None	None	testing
7	wr	f	18	red	1	(80, 0)	(40, 69)	(-39, 69)	(-80, 0)	(-40, -69)	(40, -69)	circle	red	dif	right	right	(80, 0)	(40, 69)	search	nr	True	505994	506983	right	110	135	60	160	35	10	None	None	testing
7	wr	f	18	red	1	(80, 0)	(40, 69)	(-39, 69)	(-80, 0)	(-40, -69)	(40, -69)	diamond	none	dif	right	right	N_dist	(-80, 0)	probe	l_tar	None	None	None	None	35	160	85	10	60	110	(-80, 0)	154	testing
7	wr	f	18	red	1	(80, 0)	(40, 69)	(-39, 69)	(-80, 0)	(-40, -69)	(40, -69)	diamond	none	same	right	right	N_dist	(80, 0)	search	nr	True	513024	513752	right	35	110	135	60	85	160	None	None	testing
7	wr	f	18	red	1	(80, 0)	(40, 69)	(-39, 69)	(-80, 0)	(-40, -69)	(40, -69)	circle	none	dif	right	right	N_dist	(40, -69)	search	nr	True	514827	515479	right	85	160	10	60	35	135	None	None	testing
7	wr	f	18	red	1	(80, 0)	(40, 69)	(-39, 69)	(-80, 0)	(-40, -69)	(40, -69)	diamond	none	dif	left	left	N_dist	(80, 0)	probe	h_tar	None	None	None	None	10	160	135	60	35	85	(80, 0)	141	testing
7	wr	f	18	red	1	(80, 0)	(40, 69)	(-39, 69)	(-80, 0)	(-40, -69)	(40, -69)	diamond	red	dif	left	left	(-39, 69)	(40, 69)	search	nr	True	524579	525160	left	110	160	135	35	60	10	None	None	testing
7	wr	f	18	red	1	(80, 0)	(40, 69)	(-39, 69)	(-80, 0)	(-40, -69)	(40, -69)	circle	red	dif	right	right	(-39, 69)	(-80, 0)	search	nr	True	526382	527128	right	10	85	60	110	160	135	None	None	testing
7	wr	f	18	red	1	(80, 0)	(40, 69)	(-39, 69)	(-80, 0)	(-40, -69)	(40, -69)	circle	red	same	left	left	(-39, 69)	(40, 69)	search	nr	True	528185	528775	left	85	60	10	110	160	135	None	None	testing
7	wr	f	18	red	1	(80, 0)	(40, 69)	(-39, 69)	(-80, 0)	(-40, -69)	(40, -69)	circle	none	same	right	right	N_dist	(-40, -69)	probe	l_norm	None	None	None	None	160	110	135	85	60	35	(40, -69)	151	testing
7	wr	f	18	red	1	(80, 0)	(40, 69)	(-39, 69)	(-80, 0)	(-40, -69)	(40, -69)	circle	red	dif	right	right	(-40, -69)	(40, 69)	probe	l_sin	None	None	None	None	60	10	85	160	35	135	(-40, -69)	141	testing
7	wr	f	18	red	1	(80, 0)	(40, 69)	(-39, 69)	(-80, 0)	(-40, -69)	(40, -69)	diamond	red	same	left	left	(80, 0)	(-40, -69)	probe	tar	None	None	None	None	135	110	10	60	35	160	(-40, -69)	144	testing
7	wr	f	18	red	1	(80, 0)	(40, 69)	(-39, 69)	(-80, 0)	(-40, -69)	(40, -69)	circle	red	dif	right	right	(80, 0)	(40, 69)	probe	norm	None	None	None	None	135	160	35	85	110	60	(-39, 69)	153	testing
7	wr	f	18	red	1	(80, 0)	(40, 69)	(-39, 69)	(-80, 0)	(-40, -69)	(40, -69)	diamond	red	same	right	right	(80, 0)	(-39, 69)	search	nr	True	552146	553048	left	135	160	10	35	110	60	None	None	testing
7	wr	f	18	red	1	(80, 0)	(40, 69)	(-39, 69)	(-80, 0)	(-40, -69)	(40, -69)	diamond	red	dif	right	right	(-80, 0)	(-39, 69)	search	nr	True	555736	556808	right	10	60	85	110	160	35	None	None	testing
7	wr	f	18	red	1	(80, 0)	(40, 69)	(-39, 69)	(-80, 0)	(-40, -69)	(40, -69)	diamond	red	same	left	left	(80, 0)	(-80, 0)	search	nr	True	558057	558888	left	60	85	160	135	10	35	None	None	testing
7	wr	f	18	red	1	(80, 0)	(40, 69)	(-39, 69)	(-80, 0)	(-40, -69)	(40, -69)	diamond	none	same	right	right	N_dist	(40, -69)	probe	l_tar	None	None	None	None	10	60	85	135	110	160	(40, -69)	31	testing
7	wr	f	18	red	1	(80, 0)	(40, 69)	(-39, 69)	(-80, 0)	(-40, -69)	(40, -69)	circle	red	dif	right	right	(-80, 0)	(-39, 69)	search	nr	True	565387	566231	right	110	135	160	10	85	35	None	None	testing
7	wr	f	18	red	1	(80, 0)	(40, 69)	(-39, 69)	(-80, 0)	(-40, -69)	(40, -69)	circle	red	same	left	left	(-39, 69)	(40, 69)	search	nr	True	567457	568136	left	135	85	10	60	110	160	None	None	testing
7	wr	f	18	red	1	(80, 0)	(40, 69)	(-39, 69)	(-80, 0)	(-40, -69)	(40, -69)	diamond	none	same	left	left	N_dist	(80, 0)	probe	h_tar	None	None	None	None	85	10	110	35	60	135	(80, 0)	162	testing
7	wr	f	18	red	1	(80, 0)	(40, 69)	(-39, 69)	(-80, 0)	(-40, -69)	(40, -69)	circle	red	dif	right	right	(-80, 0)	(-39, 69)	probe	l_sin	None	None	None	None	135	85	10	35	60	110	(-80, 0)	146	testing
7	wr	f	18	red	1	(80, 0)	(40, 69)	(-39, 69)	(-80, 0)	(-40, -69)	(40, -69)	circle	red	same	right	right	(80, 0)	(-40, -69)	search	nr	True	582485	583640	right	135	10	85	110	35	60	None	None	testing
7	wr	f	18	red	1	(80, 0)	(40, 69)	(-39, 69)	(-80, 0)	(-40, -69)	(40, -69)	diamond	none	dif	right	right	N_dist	(-39, 69)	search	nr	True	584840	585496	right	110	35	85	135	160	10	None	None	testing
7	wr	f	18	red	1	(80, 0)	(40, 69)	(-39, 69)	(-80, 0)	(-40, -69)	(40, -69)	diamond	none	dif	right	right	N_dist	(-80, 0)	search	nr	True	586642	587224	right	35	10	85	110	160	135	None	None	testing
7	wr	f	18	red	1	(80, 0)	(40, 69)	(-39, 69)	(-80, 0)	(-40, -69)	(40, -69)	diamond	red	dif	right	right	(80, 0)	(40, 69)	search	nr	True	588413	589096	right	60	85	135	35	160	110	None	None	testing
7	wr	f	18	red	1	(80, 0)	(40, 69)	(-39, 69)	(-80, 0)	(-40, -69)	(40, -69)	circle	none	same	right	right	N_dist	(-80, 0)	search	nr	True	590316	591304	right	110	160	60	35	135	10	None	None	testing
7	wr	f	18	red	1	(80, 0)	(40, 69)	(-39, 69)	(-80, 0)	(-40, -69)	(40, -69)	circle	none	same	right	right	N_dist	(-40, -69)	search	nr	True	592487	593416	right	135	60	85	35	110	160	None	None	testing
7	wr	f	18	red	1	(80, 0)	(40, 69)	(-39, 69)	(-80, 0)	(-40, -69)	(40, -69)	diamond	red	dif	left	left	(-80, 0)	(40, -69)	probe	norm	None	None	None	None	60	10	135	85	160	110	(-40, -69)	44	testing
7	wr	f	18	red	1	(80, 0)	(40, 69)	(-39, 69)	(-80, 0)	(-40, -69)	(40, -69)	circle	none	dif	right	right	N_dist	(40, -69)	search	nr	True	604525	605256	right	110	60	135	35	10	85	None	None	testing
7	wr	f	18	red	1	(80, 0)	(40, 69)	(-39, 69)	(-80, 0)	(-40, -69)	(40, -69)	diamond	red	dif	left	left	(80, 0)	(-39, 69)	search	nr	True	606463	607142	left	60	160	110	85	35	135	None	None	testing
7	wr	f	18	red	1	(80, 0)	(40, 69)	(-39, 69)	(-80, 0)	(-40, -69)	(40, -69)	circle	none	same	left	left	N_dist	(-80, 0)	probe	h_norm	None	None	None	None	35	85	135	10	110	60	(80, 0)	146	testing
7	wr	f	18	red	1	(80, 0)	(40, 69)	(-39, 69)	(-80, 0)	(-40, -69)	(40, -69)	diamond	none	same	right	right	N_dist	(40, -69)	search	nr	True	612490	613224	right	85	135	35	10	60	160	None	None	testing
7	wr	f	18	red	1	(80, 0)	(40, 69)	(-39, 69)	(-80, 0)	(-40, -69)	(40, -69)	diamond	none	same	right	right	N_dist	(-40, -69)	search	nr	True	614410	615111	right	135	85	110	160	10	60	None	None	testing
7	wr	f	18	red	1	(80, 0)	(40, 69)	(-39, 69)	(-80, 0)	(-40, -69)	(40, -69)	circle	none	dif	right	right	N_dist	(40, -69)	probe	l_norm	None	None	None	None	10	85	110	160	35	60	(-39, 69)	168	testing
7	wr	f	18	red	1	(80, 0)	(40, 69)	(-39, 69)	(-80, 0)	(-40, -69)	(40, -69)	diamond	red	dif	left	left	(80, 0)	(40, 69)	probe	h_sin	None	None	None	None	135	60	160	110	85	35	(80, 0)	173	testing
7	wr	f	18	red	1	(80, 0)	(40, 69)	(-39, 69)	(-80, 0)	(-40, -69)	(40, -69)	circle	red	same	right	right	(80, 0)	(40, 69)	search	nr	True	625698	626407	right	60	85	110	160	35	135	None	None	testing
7	wr	f	18	red	1	(80, 0)	(40, 69)	(-39, 69)	(-80, 0)	(-40, -69)	(40, -69)	diamond	red	same	right	right	(80, 0)	(40, -69)	search	nr	True	627651	628296	right	135	60	85	110	35	160	None	None	testing
7	wr	f	18	red	1	(80, 0)	(40, 69)	(-39, 69)	(-80, 0)	(-40, -69)	(40, -69)	circle	none	same	left	left	N_dist	(40, 69)	search	nr	True	629472	630088	left	110	10	35	160	85	60	None	None	testing
7	wr	f	18	red	1	(80, 0)	(40, 69)	(-39, 69)	(-80, 0)	(-40, -69)	(40, -69)	circle	red	dif	left	left	(40, 69)	(40, -69)	probe	l_sin	None	None	None	None	135	160	60	85	10	110	(40, 69)	150	testing
7	wr	f	18	red	1	(80, 0)	(40, 69)	(-39, 69)	(-80, 0)	(-40, -69)	(40, -69)	diamond	red	same	left	left	(80, 0)	(-39, 69)	search	nr	True	638806	639416	left	85	60	135	10	35	160	None	None	testing
7	wr	f	18	red	1	(80, 0)	(40, 69)	(-39, 69)	(-80, 0)	(-40, -69)	(40, -69)	diamond	red	dif	right	right	(80, 0)	(-80, 0)	search	nr	True	640659	641287	right	85	110	135	60	35	10	None	None	testing
7	wr	f	18	red	1	(80, 0)	(40, 69)	(-39, 69)	(-80, 0)	(-40, -69)	(40, -69)	circle	red	dif	right	right	(-80, 0)	(-39, 69)	search	nr	True	642579	644103	right	10	60	135	160	110	85	None	None	testing
7	wr	f	18	red	1	(80, 0)	(40, 69)	(-39, 69)	(-80, 0)	(-40, -69)	(40, -69)	diamond	red	same	left	left	(80, 0)	(-80, 0)	search	nr	True	645200	645766	left	60	160	85	35	110	135	None	None	testing
7	wr	f	18	red	1	(80, 0)	(40, 69)	(-39, 69)	(-80, 0)	(-40, -69)	(40, -69)	circle	red	same	right	right	(40, -69)	(-80, 0)	search	nr	True	646987	647575	right	35	85	110	10	135	60	None	None	testing
7	wr	f	18	red	1	(80, 0)	(40, 69)	(-39, 69)	(-80, 0)	(-40, -69)	(40, -69)	circle	none	dif	right	right	N_dist	(-39, 69)	search	nr	True	648640	649256	right	35	110	10	60	135	160	None	None	testing
7	wr	f	18	red	1	(80, 0)	(40, 69)	(-39, 69)	(-80, 0)	(-40, -69)	(40, -69)	circle	red	same	left	left	(-39, 69)	(40, 69)	search	nr	True	650427	651159	left	160	10	60	110	35	85	None	None	testing
7	wr	f	18	red	1	(80, 0)	(40, 69)	(-39, 69)	(-80, 0)	(-40, -69)	(40, -69)	diamond	red	dif	right	right	(80, 0)	(-39, 69)	search	nr	True	652330	653703	right	10	160	135	110	35	85	None	None	testing
7	wr	f	18	red	1	(80, 0)	(40, 69)	(-39, 69)	(-80, 0)	(-40, -69)	(40, -69)	circle	red	same	right	right	(80, 0)	(-40, -69)	search	nr	True	654969	655879	right	10	60	85	160	135	35	None	None	testing
7	wr	f	18	red	1	(80, 0)	(40, 69)	(-39, 69)	(-80, 0)	(-40, -69)	(40, -69)	diamond	red	dif	right	right	(40, 69)	(-40, -69)	search	nr	True	656955	657592	right	10	35	60	135	110	160	None	None	testing
7	wr	f	18	red	1	(80, 0)	(40, 69)	(-39, 69)	(-80, 0)	(-40, -69)	(40, -69)	circle	red	same	left	left	(80, 0)	(-40, -69)	search	nr	True	658792	659447	left	60	160	110	85	35	135	None	None	testing
7	wr	f	18	red	1	(80, 0)	(40, 69)	(-39, 69)	(-80, 0)	(-40, -69)	(40, -69)	diamond	red	same	left	left	(80, 0)	(-40, -69)	search	nr	True	660562	661447	left	110	60	10	160	135	35	None	None	testing
7	wr	f	18	red	1	(80, 0)	(40, 69)	(-39, 69)	(-80, 0)	(-40, -69)	(40, -69)	diamond	none	dif	right	right	N_dist	(-39, 69)	probe	l_norm	None	None	None	None	110	60	135	85	10	160	(-40, -69)	58	testing
7	wr	f	18	red	1	(80, 0)	(40, 69)	(-39, 69)	(-80, 0)	(-40, -69)	(40, -69)	diamond	none	dif	left	left	N_dist	(40, 69)	probe	h_norm	None	None	None	None	10	35	85	110	60	160	(80, 0)	165	testing
7	wr	f	18	red	1	(80, 0)	(40, 69)	(-39, 69)	(-80, 0)	(-40, -69)	(40, -69)	circle	red	same	left	left	(80, 0)	(40, -69)	search	nr	True	672617	673655	left	60	110	135	85	10	160	None	None	testing
7	wr	f	18	red	1	(80, 0)	(40, 69)	(-39, 69)	(-80, 0)	(-40, -69)	(40, -69)	circle	red	dif	left	left	(-40, -69)	(40, -69)	probe	l_sin	None	None	None	None	85	110	60	135	35	10	(-40, -69)	160	testing
7	wr	f	18	red	1	(80, 0)	(40, 69)	(-39, 69)	(-80, 0)	(-40, -69)	(40, -69)	circle	red	same	left	left	(80, 0)	(40, 69)	search	nr	True	679046	679687	left	60	10	110	35	160	135	None	None	testing
7	wr	f	18	red	1	(80, 0)	(40, 69)	(-39, 69)	(-80, 0)	(-40, -69)	(40, -69)	diamond	red	dif	right	right	(80, 0)	(40, 69)	search	nr	True	680833	681592	right	110	135	85	160	60	10	None	None	testing
7	wr	f	18	red	1	(80, 0)	(40, 69)	(-39, 69)	(-80, 0)	(-40, -69)	(40, -69)	circle	red	same	left	left	(40, -69)	(40, 69)	probe	tar	None	None	None	None	110	135	35	160	60	10	(40, 69)	21	testing
7	wr	f	18	red	1	(80, 0)	(40, 69)	(-39, 69)	(-80, 0)	(-40, -69)	(40, -69)	diamond	none	dif	right	right	N_dist	(-80, 0)	search	nr	True	688229	688840	left	135	160	85	35	110	10	None	None	testing
7	wr	f	18	red	1	(80, 0)	(40, 69)	(-39, 69)	(-80, 0)	(-40, -69)	(40, -69)	circle	red	dif	right	right	(80, 0)	(-40, -69)	probe	h_sin	None	None	None	None	135	35	110	85	160	10	(80, 0)	161	testing
7	wr	f	18	red	1	(80, 0)	(40, 69)	(-39, 69)	(-80, 0)	(-40, -69)	(40, -69)	diamond	red	same	left	left	(80, 0)	(-40, -69)	search	nr	True	695643	696504	left	35	110	10	160	60	85	None	None	testing
7	wr	f	18	red	1	(80, 0)	(40, 69)	(-39, 69)	(-80, 0)	(-40, -69)	(40, -69)	circle	red	dif	left	left	(80, 0)	(-40, -69)	probe	h_sin	None	None	None	None	85	10	35	160	60	110	(80, 0)	24	testing
7	wr	f	18	red	1	(80, 0)	(40, 69)	(-39, 69)	(-80, 0)	(-40, -69)	(40, -69)	diamond	none	same	right	right	N_dist	(80, 0)	probe	h_tar	None	None	None	None	10	35	110	160	85	60	(80, 0)	149	testing
7	wr	f	18	red	1	(80, 0)	(40, 69)	(-39, 69)	(-80, 0)	(-40, -69)	(40, -69)	diamond	none	same	right	right	N_dist	(-40, -69)	probe	l_tar	None	None	None	None	110	10	135	85	60	35	(-40, -69)	168	testing
7	wr	f	18	red	1	(80, 0)	(40, 69)	(-39, 69)	(-80, 0)	(-40, -69)	(40, -69)	diamond	none	same	left	left	N_dist	(80, 0)	search	nr	True	712925	713815	left	10	85	60	135	160	110	None	None	testing
7	wr	f	18	red	1	(80, 0)	(40, 69)	(-39, 69)	(-80, 0)	(-40, -69)	(40, -69)	diamond	red	dif	right	right	(-80, 0)	(40, -69)	search	nr	True	714995	716216	right	160	10	60	135	35	85	None	None	testing
7	wr	f	18	red	1	(80, 0)	(40, 69)	(-39, 69)	(-80, 0)	(-40, -69)	(40, -69)	diamond	red	same	left	left	(-40, -69)	(40, -69)	search	nr	True	717349	718168	left	35	85	135	60	160	110	None	None	testing
7	wr	f	18	red	1	(80, 0)	(40, 69)	(-39, 69)	(-80, 0)	(-40, -69)	(40, -69)	diamond	red	dif	right	right	(-40, -69)	(-80, 0)	probe	tar	None	None	None	None	35	160	10	110	60	135	(-80, 0)	13	testing
7	wr	f	18	red	1	(80, 0)	(40, 69)	(-39, 69)	(-80, 0)	(-40, -69)	(40, -69)	diamond	red	dif	right	right	(-40, -69)	(-80, 0)	search	nr	True	724096	725191	right	110	135	85	60	160	10	None	None	testing
7	wr	f	18	red	1	(80, 0)	(40, 69)	(-39, 69)	(-80, 0)	(-40, -69)	(40, -69)	circle	red	same	left	left	(80, 0)	(40, 69)	search	nr	True	726467	727478	left	35	135	60	85	10	110	None	None	testing
7	wr	f	18	red	1	(80, 0)	(40, 69)	(-39, 69)	(-80, 0)	(-40, -69)	(40, -69)	diamond	red	dif	right	right	(80, 0)	(-39, 69)	search	nr	True	728721	729511	right	60	35	10	160	85	135	None	None	testing
7	wr	f	18	red	1	(80, 0)	(40, 69)	(-39, 69)	(-80, 0)	(-40, -69)	(40, -69)	diamond	none	same	left	left	N_dist	(40, -69)	probe	l_norm	None	None	None	None	110	135	85	35	10	160	(-40, -69)	148	testing
7	wr	f	18	red	1	(80, 0)	(40, 69)	(-39, 69)	(-80, 0)	(-40, -69)	(40, -69)	diamond	red	same	right	right	(40, 69)	(-80, 0)	search	nr	True	738539	739176	right	35	110	85	10	160	135	None	None	testing
7	wr	f	18	red	1	(80, 0)	(40, 69)	(-39, 69)	(-80, 0)	(-40, -69)	(40, -69)	diamond	none	dif	right	right	N_dist	(-39, 69)	search	nr	True	740475	741048	right	135	10	160	60	110	85	None	None	testing
7	wr	f	18	red	1	(80, 0)	(40, 69)	(-39, 69)	(-80, 0)	(-40, -69)	(40, -69)	circle	none	same	right	right	N_dist	(-80, 0)	search	nr	True	742296	743128	right	60	110	85	35	10	160	None	None	testing
7	wr	f	18	red	1	(80, 0)	(40, 69)	(-39, 69)	(-80, 0)	(-40, -69)	(40, -69)	circle	red	same	left	left	(80, 0)	(-80, 0)	search	nr	True	744249	745319	left	85	160	110	35	10	135	None	None	testing
7	wr	f	18	red	1	(80, 0)	(40, 69)	(-39, 69)	(-80, 0)	(-40, -69)	(40, -69)	diamond	red	same	left	left	(80, 0)	(-80, 0)	search	nr	True	746520	747207	left	35	110	60	10	160	85	None	None	testing
7	wr	f	18	red	1	(80, 0)	(40, 69)	(-39, 69)	(-80, 0)	(-40, -69)	(40, -69)	diamond	red	dif	right	right	(80, 0)	(40, 69)	search	nr	True	748490	749096	right	85	160	35	60	10	110	None	None	testing
7	wr	f	18	red	1	(80, 0)	(40, 69)	(-39, 69)	(-80, 0)	(-40, -69)	(40, -69)	diamond	red	dif	left	left	(80, 0)	(40, 69)	probe	h_sin	None	None	None	None	60	110	35	160	85	10	(80, 0)	28	testing
7	wr	f	18	red	1	(80, 0)	(40, 69)	(-39, 69)	(-80, 0)	(-40, -69)	(40, -69)	diamond	red	dif	left	left	(40, -69)	(-39, 69)	probe	norm	None	None	None	None	110	85	60	135	160	10	(-40, -69)	171	testing
7	wr	f	18	red	1	(80, 0)	(40, 69)	(-39, 69)	(-80, 0)	(-40, -69)	(40, -69)	diamond	red	dif	left	left	(40, 69)	(-40, -69)	search	nr	True	758642	759367	left	135	160	60	35	85	110	None	None	testing
7	wr	f	18	red	1	(80, 0)	(40, 69)	(-39, 69)	(-80, 0)	(-40, -69)	(40, -69)	circle	none	dif	right	right	N_dist	(-39, 69)	probe	l_norm	None	None	None	None	160	60	10	85	35	110	(40, -69)	18	testing
7	wr	f	18	red	1	(80, 0)	(40, 69)	(-39, 69)	(-80, 0)	(-40, -69)	(40, -69)	diamond	red	dif	right	right	(-39, 69)	(40, 69)	probe	l_sin	None	None	None	None	35	160	135	85	110	10	(-39, 69)	17	testing
7	wr	f	18	red	1	(80, 0)	(40, 69)	(-39, 69)	(-80, 0)	(-40, -69)	(40, -69)	circle	none	same	left	left	N_dist	(40, 69)	probe	h_norm	None	None	None	None	60	160	35	135	10	110	(80, 0)	156	testing
7	wr	f	18	red	1	(80, 0)	(40, 69)	(-39, 69)	(-80, 0)	(-40, -69)	(40, -69)	circle	red	dif	left	left	(40, 69)	(40, -69)	search	nr	True	775757	776679	left	110	10	160	60	35	135	None	None	testing
7	wr	f	18	red	1	(80, 0)	(40, 69)	(-39, 69)	(-80, 0)	(-40, -69)	(40, -69)	diamond	red	dif	left	left	(-80, 0)	(40, -69)	search	nr	True	777928	778695	left	10	60	160	135	35	110	None	None	testing
7	wr	f	18	red	1	(80, 0)	(40, 69)	(-39, 69)	(-80, 0)	(-40, -69)	(40, -69)	diamond	red	same	left	left	(80, 0)	(-80, 0)	probe	norm	None	None	None	None	60	35	135	10	110	160	(-40, -69)	23	testing
7	wr	f	18	red	1	(80, 0)	(40, 69)	(-39, 69)	(-80, 0)	(-40, -69)	(40, -69)	circle	none	dif	left	left	N_dist	(40, 69)	search	nr	True	785358	786136	left	135	35	60	160	85	110	None	None	testing
7	wr	f	18	red	1	(80, 0)	(40, 69)	(-39, 69)	(-80, 0)	(-40, -69)	(40, -69)	diamond	red	dif	right	right	(-39, 69)	(40, 69)	search	nr	True	787195	788056	right	110	10	35	160	60	135	None	None	testing
7	wr	f	18	red	1	(80, 0)	(40, 69)	(-39, 69)	(-80, 0)	(-40, -69)	(40, -69)	circle	red	dif	right	right	(-39, 69)	(-80, 0)	probe	l_sin	None	None	None	None	135	35	160	110	10	60	(-39, 69)	24	testing
7	wr	f	18	red	1	(80, 0)	(40, 69)	(-39, 69)	(-80, 0)	(-40, -69)	(40, -69)	circle	none	dif	right	right	N_dist	(-40, -69)	search	nr	True	794525	795304	right	35	110	135	85	160	10	None	None	testing
7	wr	f	18	red	1	(80, 0)	(40, 69)	(-39, 69)	(-80, 0)	(-40, -69)	(40, -69)	circle	red	same	left	left	(40, -69)	(40, 69)	search	nr	True	796512	797158	left	60	160	10	110	85	135	None	None	testing
7	wr	f	18	red	1	(80, 0)	(40, 69)	(-39, 69)	(-80, 0)	(-40, -69)	(40, -69)	circle	red	dif	right	right	(80, 0)	(-40, -69)	search	nr	True	798349	798999	right	135	160	110	60	10	35	None	None	testing
7	wr	f	18	red	1	(80, 0)	(40, 69)	(-39, 69)	(-80, 0)	(-40, -69)	(40, -69)	circle	red	dif	left	left	(80, 0)	(40, -69)	search	nr	True	800068	800695	left	60	160	10	110	85	35	None	None	testing
7	wr	f	18	red	1	(80, 0)	(40, 69)	(-39, 69)	(-80, 0)	(-40, -69)	(40, -69)	diamond	none	same	left	left	N_dist	(80, 0)	probe	h_tar	None	None	None	None	10	160	60	110	135	85	(80, 0)	147	testing
7	wr	f	18	red	1	(80, 0)	(40, 69)	(-39, 69)	(-80, 0)	(-40, -69)	(40, -69)	diamond	red	same	left	left	(80, 0)	(-40, -69)	search	nr	True	805695	806344	left	110	60	160	135	10	85	None	None	testing
7	wr	f	18	red	1	(80, 0)	(40, 69)	(-39, 69)	(-80, 0)	(-40, -69)	(40, -69)	circle	red	same	left	left	(-39, 69)	(40, 69)	search	nr	True	807565	808375	left	110	10	85	160	35	60	None	None	testing
7	wr	f	18	red	1	(80, 0)	(40, 69)	(-39, 69)	(-80, 0)	(-40, -69)	(40, -69)	diamond	none	dif	left	left	N_dist	(40, 69)	probe	l_norm	None	None	None	None	160	110	35	85	60	10	(-80, 0)	168	testing
7	wr	f	18	red	1	(80, 0)	(40, 69)	(-39, 69)	(-80, 0)	(-40, -69)	(40, -69)	diamond	red	dif	left	left	(40, 69)	(-40, -69)	search	nr	True	815497	816216	left	160	35	60	135	85	110	None	None	testing
7	wr	f	18	red	1	(80, 0)	(40, 69)	(-39, 69)	(-80, 0)	(-40, -69)	(40, -69)	circle	red	same	right	right	(40, 69)	(-80, 0)	search	nr	True	817384	818344	right	10	110	35	160	135	60	None	None	testing
7	wr	f	18	red	1	(80, 0)	(40, 69)	(-39, 69)	(-80, 0)	(-40, -69)	(40, -69)	circle	none	dif	left	left	N_dist	(-40, -69)	search	nr	True	819555	820199	left	35	160	135	110	60	10	None	None	testing
7	wr	f	18	red	1	(80, 0)	(40, 69)	(-39, 69)	(-80, 0)	(-40, -69)	(40, -69)	diamond	none	dif	left	left	N_dist	(80, 0)	search	nr	True	821324	822023	left	60	10	135	35	85	160	None	None	testing
7	wr	f	18	red	1	(80, 0)	(40, 69)	(-39, 69)	(-80, 0)	(-40, -69)	(40, -69)	diamond	red	same	right	right	(40, 69)	(-80, 0)	probe	tar	None	None	None	None	85	60	135	10	160	110	(-80, 0)	150	testing
7	wr	f	18	red	1	(80, 0)	(40, 69)	(-39, 69)	(-80, 0)	(-40, -69)	(40, -69)	diamond	red	same	left	left	(80, 0)	(-80, 0)	search	nr	True	829155	829751	left	110	135	160	85	35	60	None	None	testing
7	wr	f	18	red	1	(80, 0)	(40, 69)	(-39, 69)	(-80, 0)	(-40, -69)	(40, -69)	circle	red	dif	left	left	(80, 0)	(-39, 69)	probe	tar	None	None	None	None	10	160	110	135	60	85	(-39, 69)	14	testing
7	wr	f	18	red	1	(80, 0)	(40, 69)	(-39, 69)	(-80, 0)	(-40, -69)	(40, -69)	diamond	red	dif	right	right	(-80, 0)	(-39, 69)	probe	l_sin	None	None	None	None	110	135	160	85	10	35	(-80, 0)	0	testing
7	wr	f	18	red	1	(80, 0)	(40, 69)	(-39, 69)	(-80, 0)	(-40, -69)	(40, -69)	diamond	none	same	left	left	N_dist	(80, 0)	search	nr	True	838489	839127	left	135	60	85	35	110	10	None	None	testing
7	wr	f	18	red	1	(80, 0)	(40, 69)	(-39, 69)	(-80, 0)	(-40, -69)	(40, -69)	circle	red	same	right	right	(80, 0)	(-40, -69)	probe	norm	None	None	None	None	135	160	110	85	35	10	(-39, 69)	8	testing
7	wr	f	18	red	1	(80, 0)	(40, 69)	(-39, 69)	(-80, 0)	(-40, -69)	(40, -69)	diamond	red	same	right	right	(-80, 0)	(40, -69)	search	nr	True	844433	845207	right	135	110	60	10	85	160	None	None	testing
7	wr	f	18	red	1	(80, 0)	(40, 69)	(-39, 69)	(-80, 0)	(-40, -69)	(40, -69)	diamond	none	dif	right	right	N_dist	(40, -69)	search	nr	True	846287	847047	right	85	60	160	10	110	135	None	None	testing
7	wr	f	18	red	1	(80, 0)	(40, 69)	(-39, 69)	(-80, 0)	(-40, -69)	(40, -69)	diamond	red	dif	right	right	(80, 0)	(40, 69)	probe	norm	None	None	None	None	110	35	10	135	60	85	(-40, -69)	170	testing
7	wr	f	18	red	1	(80, 0)	(40, 69)	(-39, 69)	(-80, 0)	(-40, -69)	(40, -69)	diamond	red	dif	right	right	(80, 0)	(-80, 0)	probe	norm	None	None	None	None	35	135	60	10	160	85	(-39, 69)	171	testing
7	wr	f	18	red	1	(80, 0)	(40, 69)	(-39, 69)	(-80, 0)	(-40, -69)	(40, -69)	circle	red	same	right	right	(80, 0)	(40, 69)	search	nr	True	856589	857575	right	35	110	60	135	10	160	None	None	testing
7	wr	f	18	red	1	(80, 0)	(40, 69)	(-39, 69)	(-80, 0)	(-40, -69)	(40, -69)	diamond	red	same	right	right	(80, 0)	(-39, 69)	search	nr	True	858844	859591	right	110	135	10	160	60	35	None	None	testing
7	wr	f	18	red	1	(80, 0)	(40, 69)	(-39, 69)	(-80, 0)	(-40, -69)	(40, -69)	diamond	none	same	right	right	N_dist	(80, 0)	search	nr	True	860696	861383	right	135	160	10	110	60	85	None	None	testing
7	wr	f	18	red	1	(80, 0)	(40, 69)	(-39, 69)	(-80, 0)	(-40, -69)	(40, -69)	diamond	red	same	left	left	(80, 0)	(40, -69)	search	nr	True	862550	863894	left	110	60	160	10	85	35	None	None	testing
7	wr	f	18	red	1	(80, 0)	(40, 69)	(-39, 69)	(-80, 0)	(-40, -69)	(40, -69)	diamond	red	dif	right	right	(-80, 0)	(-39, 69)	search	nr	True	864954	865783	right	85	60	110	10	35	160	None	None	testing
7	wr	f	18	red	1	(80, 0)	(40, 69)	(-39, 69)	(-80, 0)	(-40, -69)	(40, -69)	circle	red	same	left	left	(40, 69)	(-80, 0)	probe	norm	None	None	None	None	60	160	35	85	110	135	(-39, 69)	15	testing
7	wr	f	18	red	1	(80, 0)	(40, 69)	(-39, 69)	(-80, 0)	(-40, -69)	(40, -69)	diamond	red	same	right	right	(80, 0)	(40, -69)	search	nr	True	871933	872871	right	35	60	135	110	10	85	None	None	testing
7	wr	f	18	red	1	(80, 0)	(40, 69)	(-39, 69)	(-80, 0)	(-40, -69)	(40, -69)	diamond	red	dif	left	left	(40, -69)	(40, 69)	probe	l_sin	None	None	None	None	85	10	135	160	60	35	(40, -69)	21	testing
7	wr	f	18	red	1	(80, 0)	(40, 69)	(-39, 69)	(-80, 0)	(-40, -69)	(40, -69)	circle	red	same	right	right	(80, 0)	(40, -69)	search	nr	True	879331	880583	right	60	10	85	110	160	135	None	None	testing
7	wr	f	18	red	1	(80, 0)	(40, 69)	(-39, 69)	(-80, 0)	(-40, -69)	(40, -69)	diamond	none	dif	left	left	N_dist	(40, 69)	search	nr	True	881785	882535	left	110	85	10	35	135	60	None	None	testing
7	wr	f	18	red	1	(80, 0)	(40, 69)	(-39, 69)	(-80, 0)	(-40, -69)	(40, -69)	circle	red	same	right	right	(40, 69)	(-80, 0)	probe	l_sin	None	None	None	None	60	110	10	85	160	35	(40, 69)	152	testing
7	wr	f	18	red	1	(80, 0)	(40, 69)	(-39, 69)	(-80, 0)	(-40, -69)	(40, -69)	diamond	none	dif	right	right	N_dist	(40, -69)	search	nr	True	892205	892934	right	10	135	85	110	35	160	None	None	testing
7	wr	f	18	red	1	(80, 0)	(40, 69)	(-39, 69)	(-80, 0)	(-40, -69)	(40, -69)	circle	red	same	left	left	(-39, 69)	(40, 69)	search	nr	True	893991	895847	left	135	35	160	10	60	110	None	None	testing
7	wr	f	18	red	1	(80, 0)	(40, 69)	(-39, 69)	(-80, 0)	(-40, -69)	(40, -69)	circle	red	dif	left	left	(-40, -69)	(40, -69)	search	nr	True	897130	898230	left	60	110	35	135	160	85	None	None	testing
7	wr	f	18	red	1	(80, 0)	(40, 69)	(-39, 69)	(-80, 0)	(-40, -69)	(40, -69)	circle	none	dif	right	right	N_dist	(-39, 69)	search	nr	True	899334	899927	right	135	35	110	85	160	10	None	None	testing
7	wr	f	18	red	1	(80, 0)	(40, 69)	(-39, 69)	(-80, 0)	(-40, -69)	(40, -69)	diamond	red	same	right	right	(80, 0)	(-80, 0)	search	nr	True	901154	902183	right	10	85	60	35	160	110	None	None	testing
7	wr	f	18	red	1	(80, 0)	(40, 69)	(-39, 69)	(-80, 0)	(-40, -69)	(40, -69)	circle	none	same	right	right	N_dist	(-40, -69)	search	nr	True	903375	904039	right	85	160	60	10	110	135	None	None	testing
7	wr	f	18	red	1	(80, 0)	(40, 69)	(-39, 69)	(-80, 0)	(-40, -69)	(40, -69)	circle	red	same	right	right	(40, -69)	(-80, 0)	search	nr	True	905179	905863	right	85	60	110	135	35	160	None	None	testing
7	wr	f	18	red	1	(80, 0)	(40, 69)	(-39, 69)	(-80, 0)	(-40, -69)	(40, -69)	circle	red	dif	left	left	(80, 0)	(40, -69)	search	nr	True	907165	907975	left	135	160	35	60	85	10	None	None	testing
7	wr	f	18	red	1	(80, 0)	(40, 69)	(-39, 69)	(-80, 0)	(-40, -69)	(40, -69)	diamond	red	dif	right	right	(40, 69)	(-40, -69)	probe	norm	None	None	None	None	35	60	135	85	160	110	(-80, 0)	8	testing
7	wr	f	18	red	1	(80, 0)	(40, 69)	(-39, 69)	(-80, 0)	(-40, -69)	(40, -69)	diamond	red	dif	right	right	(-40, -69)	(-80, 0)	search	nr	True	913460	914679	right	85	135	160	10	60	35	None	None	testing
7	wr	f	18	red	1	(80, 0)	(40, 69)	(-39, 69)	(-80, 0)	(-40, -69)	(40, -69)	circle	red	dif	left	left	(-40, -69)	(40, -69)	probe	norm	None	None	None	None	160	110	35	60	10	85	(40, 69)	19	testing
7	wr	f	18	red	1	(80, 0)	(40, 69)	(-39, 69)	(-80, 0)	(-40, -69)	(40, -69)	diamond	red	dif	left	left	(80, 0)	(-80, 0)	probe	norm	None	None	None	None	85	110	60	160	35	10	(-39, 69)	10	testing
7	wr	f	18	red	1	(80, 0)	(40, 69)	(-39, 69)	(-80, 0)	(-40, -69)	(40, -69)	circle	red	same	left	left	(80, 0)	(-40, -69)	probe	norm	None	None	None	None	10	85	110	160	135	60	(40, -69)	159	testing
7	wr	f	18	red	1	(80, 0)	(40, 69)	(-39, 69)	(-80, 0)	(-40, -69)	(40, -69)	diamond	red	dif	right	right	(-80, 0)	(40, -69)	search	nr	True	931794	932647	right	135	35	160	10	85	60	None	None	testing
7	wr	f	18	red	1	(80, 0)	(40, 69)	(-39, 69)	(-80, 0)	(-40, -69)	(40, -69)	diamond	red	same	right	right	(80, 0)	(-39, 69)	probe	h_sin	None	None	None	None	135	35	60	10	110	85	(80, 0)	159	testing
7	wr	f	18	red	1	(80, 0)	(40, 69)	(-39, 69)	(-80, 0)	(-40, -69)	(40, -69)	circle	red	dif	left	left	(80, 0)	(-39, 69)	search	nr	True	937922	939095	left	60	160	10	135	35	85	None	None	testing
7	wr	f	18	red	1	(80, 0)	(40, 69)	(-39, 69)	(-80, 0)	(-40, -69)	(40, -69)	circle	red	dif	right	right	(-40, -69)	(40, 69)	search	nr	True	940210	940982	right	135	10	60	160	35	85	None	None	testing
7	wr	f	18	red	1	(80, 0)	(40, 69)	(-39, 69)	(-80, 0)	(-40, -69)	(40, -69)	diamond	none	same	right	right	N_dist	(80, 0)	search	nr	True	942163	942902	right	160	85	135	10	110	60	None	None	testing
7	wr	f	18	red	1	(80, 0)	(40, 69)	(-39, 69)	(-80, 0)	(-40, -69)	(40, -69)	circle	red	dif	left	left	(80, 0)	(40, 69)	search	nr	True	944083	944759	left	110	10	135	85	60	35	None	None	testing
7	wr	f	18	red	1	(80, 0)	(40, 69)	(-39, 69)	(-80, 0)	(-40, -69)	(40, -69)	circle	none	same	right	right	N_dist	(-40, -69)	search	nr	True	945953	946599	right	110	60	160	10	85	135	None	None	testing
7	wr	f	18	red	1	(80, 0)	(40, 69)	(-39, 69)	(-80, 0)	(-40, -69)	(40, -69)	diamond	none	dif	left	left	N_dist	(40, 69)	search	nr	True	947690	948343	left	60	160	10	35	135	85	None	None	testing
7	wr	f	18	red	1	(80, 0)	(40, 69)	(-39, 69)	(-80, 0)	(-40, -69)	(40, -69)	circle	red	dif	left	left	(80, 0)	(40, 69)	probe	norm	None	None	None	None	35	135	160	60	110	10	(-39, 69)	19	testing
7	wr	f	18	red	1	(80, 0)	(40, 69)	(-39, 69)	(-80, 0)	(-40, -69)	(40, -69)	circle	none	dif	left	left	N_dist	(40, -69)	search	nr	True	953334	954023	left	160	85	60	110	10	135	None	None	testing
7	wr	f	18	red	1	(80, 0)	(40, 69)	(-39, 69)	(-80, 0)	(-40, -69)	(40, -69)	circle	red	same	right	right	(40, -69)	(-80, 0)	probe	tar	None	None	None	None	35	135	160	85	60	10	(-80, 0)	174	testing
7	wr	f	18	red	1	(80, 0)	(40, 69)	(-39, 69)	(-80, 0)	(-40, -69)	(40, -69)	circle	red	dif	right	right	(80, 0)	(-40, -69)	search	nr	True	959779	960551	right	85	110	160	60	35	135	None	None	testing
7	wr	f	18	red	1	(80, 0)	(40, 69)	(-39, 69)	(-80, 0)	(-40, -69)	(40, -69)	circle	red	dif	right	right	(80, 0)	(40, -69)	probe	tar	None	None	None	None	60	85	10	110	35	160	(40, -69)	20	testing
7	wr	f	18	red	1	(80, 0)	(40, 69)	(-39, 69)	(-80, 0)	(-40, -69)	(40, -69)	diamond	none	same	left	left	N_dist	(80, 0)	search	nr	True	966224	967255	left	10	60	110	135	160	35	None	None	testing
7	wr	f	18	red	1	(80, 0)	(40, 69)	(-39, 69)	(-80, 0)	(-40, -69)	(40, -69)	diamond	red	dif	left	left	(40, -69)	(-39, 69)	search	nr	True	968478	969111	left	160	10	135	60	85	35	None	None	testing
7	wr	f	18	red	1	(80, 0)	(40, 69)	(-39, 69)	(-80, 0)	(-40, -69)	(40, -69)	circle	red	dif	right	right	(-39, 69)	(-80, 0)	search	nr	True	970248	971591	right	110	85	160	135	10	35	None	None	testing
7	wr	f	18	red	1	(80, 0)	(40, 69)	(-39, 69)	(-80, 0)	(-40, -69)	(40, -69)	diamond	red	dif	left	left	(40, -69)	(40, 69)	search	nr	True	972869	974151	left	60	135	160	110	35	10	None	None	testing
7	wr	f	18	red	1	(80, 0)	(40, 69)	(-39, 69)	(-80, 0)	(-40, -69)	(40, -69)	circle	red	dif	right	right	(80, 0)	(40, 69)	search	nr	True	975257	976071	right	135	85	10	60	35	160	None	None	testing
7	wr	f	18	red	1	(80, 0)	(40, 69)	(-39, 69)	(-80, 0)	(-40, -69)	(40, -69)	diamond	red	dif	right	right	(40, 69)	(-40, -69)	search	nr	True	977328	978295	right	135	110	10	160	85	35	None	None	testing
7	wr	f	18	red	1	(80, 0)	(40, 69)	(-39, 69)	(-80, 0)	(-40, -69)	(40, -69)	circle	red	dif	right	right	(80, 0)	(-40, -69)	search	nr	True	979415	980695	right	60	85	110	35	10	160	None	None	testing
7	wr	f	18	red	1	(80, 0)	(40, 69)	(-39, 69)	(-80, 0)	(-40, -69)	(40, -69)	circle	red	dif	left	left	(80, 0)	(40, -69)	probe	tar	None	None	None	None	35	10	160	110	60	135	(40, -69)	19	testing
7	wr	f	18	red	1	(80, 0)	(40, 69)	(-39, 69)	(-80, 0)	(-40, -69)	(40, -69)	circle	none	same	right	right	N_dist	(-40, -69)	probe	h_norm	None	None	None	None	10	35	110	160	85	60	(80, 0)	167	testing
7	wr	f	18	red	1	(80, 0)	(40, 69)	(-39, 69)	(-80, 0)	(-40, -69)	(40, -69)	circle	red	dif	right	right	(80, 0)	(40, -69)	search	nr	True	990535	991383	right	110	160	85	60	135	10	None	None	testing
7	wr	f	18	red	1	(80, 0)	(40, 69)	(-39, 69)	(-80, 0)	(-40, -69)	(40, -69)	circle	none	same	left	left	N_dist	(-39, 69)	search	nr	True	992623	993527	left	10	35	110	85	135	160	None	None	testing
7	wr	f	18	red	1	(80, 0)	(40, 69)	(-39, 69)	(-80, 0)	(-40, -69)	(40, -69)	circle	none	same	right	right	N_dist	(-80, 0)	search	nr	True	994793	995527	right	10	85	135	110	160	35	None	None	testing
7	wr	f	18	red	1	(80, 0)	(40, 69)	(-39, 69)	(-80, 0)	(-40, -69)	(40, -69)	circle	red	same	left	left	(80, 0)	(-40, -69)	search	nr	True	996663	997335	left	160	85	110	35	135	60	None	None	testing
7	wr	f	18	red	1	(80, 0)	(40, 69)	(-39, 69)	(-80, 0)	(-40, -69)	(40, -69)	circle	red	dif	left	left	(80, 0)	(40, -69)	probe	tar	None	None	None	None	35	135	85	10	60	160	(40, -69)	24	testing
7	wr	f	18	red	1	(80, 0)	(40, 69)	(-39, 69)	(-80, 0)	(-40, -69)	(40, -69)	circle	none	same	left	left	N_dist	(-39, 69)	search	nr	True	1003409	1003974	left	110	135	60	35	160	10	None	None	testing
7	wr	f	18	red	1	(80, 0)	(40, 69)	(-39, 69)	(-80, 0)	(-40, -69)	(40, -69)	diamond	none	dif	right	right	N_dist	(-80, 0)	probe	h_norm	None	None	None	None	85	60	110	35	160	135	(80, 0)	15	testing
7	wr	f	18	red	1	(80, 0)	(40, 69)	(-39, 69)	(-80, 0)	(-40, -69)	(40, -69)	diamond	red	dif	left	left	(80, 0)	(40, 69)	probe	tar	None	None	None	None	10	135	60	35	85	110	(40, 69)	11	testing
7	wr	f	18	red	1	(80, 0)	(40, 69)	(-39, 69)	(-80, 0)	(-40, -69)	(40, -69)	circle	red	dif	right	right	(80, 0)	(-40, -69)	search	nr	True	1015181	1016358	right	10	110	60	35	160	85	None	None	testing
7	wr	f	18	red	1	(80, 0)	(40, 69)	(-39, 69)	(-80, 0)	(-40, -69)	(40, -69)	circle	none	same	left	left	N_dist	(-80, 0)	search	nr	True	1017468	1018263	left	60	85	110	135	10	35	None	None	testing
7	wr	f	18	red	1	(80, 0)	(40, 69)	(-39, 69)	(-80, 0)	(-40, -69)	(40, -69)	diamond	red	same	right	right	(80, 0)	(-80, 0)	probe	h_sin	None	None	None	None	60	35	85	135	10	110	(80, 0)	161	testing
7	wr	f	18	red	1	(80, 0)	(40, 69)	(-39, 69)	(-80, 0)	(-40, -69)	(40, -69)	circle	red	same	right	right	(80, 0)	(-40, -69)	search	nr	True	1022945	1023686	right	135	60	35	85	10	160	None	None	testing
7	wr	f	18	red	1	(80, 0)	(40, 69)	(-39, 69)	(-80, 0)	(-40, -69)	(40, -69)	circle	red	dif	left	left	(80, 0)	(40, -69)	search	nr	True	1024782	1025463	left	110	135	160	60	85	35	None	None	testing
7	wr	f	18	red	1	(80, 0)	(40, 69)	(-39, 69)	(-80, 0)	(-40, -69)	(40, -69)	diamond	none	same	left	left	N_dist	(80, 0)	search	nr	True	1026618	1027335	left	110	160	85	135	10	60	None	None	testing
7	wr	f	18	red	1	(80, 0)	(40, 69)	(-39, 69)	(-80, 0)	(-40, -69)	(40, -69)	diamond	none	dif	left	left	N_dist	(40, 69)	search	nr	True	1028405	1029015	left	85	135	110	160	60	10	None	None	testing
7	wr	f	18	red	1	(80, 0)	(40, 69)	(-39, 69)	(-80, 0)	(-40, -69)	(40, -69)	diamond	red	same	right	right	(-80, 0)	(40, -69)	search	nr	True	1030208	1030967	right	135	35	110	60	10	160	None	None	testing
7	wr	f	18	red	1	(80, 0)	(40, 69)	(-39, 69)	(-80, 0)	(-40, -69)	(40, -69)	circle	none	dif	right	right	N_dist	(-39, 69)	probe	l_norm	None	None	None	None	60	10	35	160	135	110	(40, -69)	165	testing
7	wr	f	18	red	1	(80, 0)	(40, 69)	(-39, 69)	(-80, 0)	(-40, -69)	(40, -69)	circle	red	same	right	right	(80, 0)	(40, 69)	probe	norm	None	None	None	None	135	110	60	160	35	10	(-40, -69)	12	testing
7	wr	f	18	red	1	(80, 0)	(40, 69)	(-39, 69)	(-80, 0)	(-40, -69)	(40, -69)	diamond	none	same	right	right	N_dist	(40, 69)	search	nr	True	1039926	1040534	right	60	110	85	135	160	10	None	None	testing
7	wr	f	18	red	1	(80, 0)	(40, 69)	(-39, 69)	(-80, 0)	(-40, -69)	(40, -69)	circle	red	same	right	right	(80, 0)	(40, -69)	search	nr	True	1041646	1042438	right	85	160	60	35	135	10	None	None	testing
7	wr	f	18	red	1	(80, 0)	(40, 69)	(-39, 69)	(-80, 0)	(-40, -69)	(40, -69)	circle	red	dif	right	right	(80, 0)	(-40, -69)	probe	h_sin	None	None	None	None	110	10	85	60	35	160	(80, 0)	162	testing
7	wr	f	18	red	1	(80, 0)	(40, 69)	(-39, 69)	(-80, 0)	(-40, -69)	(40, -69)	circle	red	dif	right	right	(80, 0)	(-80, 0)	search	nr	True	1047907	1048487	right	10	135	160	60	35	110	None	None	testing
7	wr	f	18	red	1	(80, 0)	(40, 69)	(-39, 69)	(-80, 0)	(-40, -69)	(40, -69)	circle	none	dif	left	left	N_dist	(40, 69)	probe	h_norm	None	None	None	None	85	160	110	60	10	35	(80, 0)	166	testing
7	wr	f	18	red	1	(80, 0)	(40, 69)	(-39, 69)	(-80, 0)	(-40, -69)	(40, -69)	circle	red	dif	left	left	(80, 0)	(-39, 69)	search	nr	True	1053802	1054454	left	10	60	110	35	85	135	None	None	testing
7	wr	f	18	red	1	(80, 0)	(40, 69)	(-39, 69)	(-80, 0)	(-40, -69)	(40, -69)	circle	red	same	right	right	(80, 0)	(40, -69)	search	nr	True	1055772	1056726	right	10	35	110	85	160	135	None	None	testing
7	wr	f	18	red	1	(80, 0)	(40, 69)	(-39, 69)	(-80, 0)	(-40, -69)	(40, -69)	circle	red	dif	left	left	(80, 0)	(-40, -69)	search	nr	True	1057809	1058518	left	85	135	60	110	35	10	None	None	testing
7	wr	f	18	red	1	(80, 0)	(40, 69)	(-39, 69)	(-80, 0)	(-40, -69)	(40, -69)	diamond	red	same	left	left	(40, -69)	(-40, -69)	search	nr	True	1059612	1060279	left	60	35	10	110	160	85	None	None	testing
7	wr	f	18	red	1	(80, 0)	(40, 69)	(-39, 69)	(-80, 0)	(-40, -69)	(40, -69)	diamond	red	dif	left	left	(-39, 69)	(40, 69)	probe	l_sin	None	None	None	None	135	160	60	110	85	35	(-39, 69)	5	testing
7	wr	f	18	red	1	(80, 0)	(40, 69)	(-39, 69)	(-80, 0)	(-40, -69)	(40, -69)	diamond	red	same	left	left	(-40, -69)	(40, -69)	probe	l_sin	None	None	None	None	85	135	160	110	10	35	(-40, -69)	156	testing
7	wr	f	18	red	1	(80, 0)	(40, 69)	(-39, 69)	(-80, 0)	(-40, -69)	(40, -69)	circle	red	same	right	right	(80, 0)	(40, -69)	search	nr	True	1071701	1072406	right	85	160	35	110	10	135	None	None	testing
7	wr	f	18	red	1	(80, 0)	(40, 69)	(-39, 69)	(-80, 0)	(-40, -69)	(40, -69)	circle	red	same	left	left	(40, -69)	(40, 69)	search	nr	True	1073538	1074470	left	110	35	10	85	160	135	None	None	testing
7	wr	f	18	red	1	(80, 0)	(40, 69)	(-39, 69)	(-80, 0)	(-40, -69)	(40, -69)	diamond	red	same	right	right	(80, 0)	(-80, 0)	search	nr	True	1075692	1076694	right	110	135	35	10	60	160	None	None	testing
7	wr	f	18	red	1	(80, 0)	(40, 69)	(-39, 69)	(-80, 0)	(-40, -69)	(40, -69)	circle	none	dif	right	right	N_dist	(-39, 69)	search	nr	True	1077879	1078615	right	160	35	110	60	135	10	None	None	testing
7	wr	f	18	red	1	(80, 0)	(40, 69)	(-39, 69)	(-80, 0)	(-40, -69)	(40, -69)	diamond	red	same	right	right	(80, 0)	(-80, 0)	search	nr	True	1079916	1080871	right	60	160	135	85	10	110	None	None	testing
7	wr	f	18	red	1	(80, 0)	(40, 69)	(-39, 69)	(-80, 0)	(-40, -69)	(40, -69)	diamond	red	same	right	right	(80, 0)	(-39, 69)	probe	tar	None	None	None	None	160	110	135	10	85	60	(-39, 69)	17	testing
7	wr	f	18	red	1	(80, 0)	(40, 69)	(-39, 69)	(-80, 0)	(-40, -69)	(40, -69)	circle	red	same	right	right	(80, 0)	(-40, -69)	probe	tar	None	None	None	None	85	60	110	35	160	10	(-40, -69)	115	testing
7	wr	f	18	red	1	(80, 0)	(40, 69)	(-39, 69)	(-80, 0)	(-40, -69)	(40, -69)	circle	red	same	left	left	(80, 0)	(40, 69)	probe	h_sin	None	None	None	None	85	110	10	35	160	60	(80, 0)	165	testing
7	wr	f	18	red	1	(80, 0)	(40, 69)	(-39, 69)	(-80, 0)	(-40, -69)	(40, -69)	diamond	red	same	right	right	(80, 0)	(40, -69)	probe	h_sin	None	None	None	None	160	10	85	60	110	135	(80, 0)	0	testing
7	wr	f	18	red	1	(80, 0)	(40, 69)	(-39, 69)	(-80, 0)	(-40, -69)	(40, -69)	diamond	red	same	right	right	(40, -69)	(-80, 0)	search	nr	True	1104796	1106183	right	110	60	160	135	85	10	None	None	testing
7	wr	f	18	red	1	(80, 0)	(40, 69)	(-39, 69)	(-80, 0)	(-40, -69)	(40, -69)	circle	red	dif	right	right	(-40, -69)	(-39, 69)	search	nr	True	1107350	1108486	right	10	160	110	135	35	85	None	None	testing
7	wr	f	18	red	1	(80, 0)	(40, 69)	(-39, 69)	(-80, 0)	(-40, -69)	(40, -69)	diamond	red	dif	left	left	(40, -69)	(40, 69)	search	nr	True	1109738	1110503	left	135	110	10	35	60	160	None	None	testing
7	wr	f	18	red	1	(80, 0)	(40, 69)	(-39, 69)	(-80, 0)	(-40, -69)	(40, -69)	circle	red	same	left	left	(-39, 69)	(40, 69)	probe	l_sin	None	None	None	None	35	85	60	110	135	10	(-39, 69)	165	testing
7	wr	f	18	red	1	(80, 0)	(40, 69)	(-39, 69)	(-80, 0)	(-40, -69)	(40, -69)	diamond	none	dif	left	left	N_dist	(40, 69)	search	nr	True	1115883	1116599	left	60	10	110	85	160	135	None	None	testing
7	wr	f	18	red	1	(80, 0)	(40, 69)	(-39, 69)	(-80, 0)	(-40, -69)	(40, -69)	diamond	red	same	left	left	(80, 0)	(-80, 0)	search	nr	True	1117903	1118679	left	135	160	85	10	110	60	None	None	testing
7	wr	f	18	red	1	(80, 0)	(40, 69)	(-39, 69)	(-80, 0)	(-40, -69)	(40, -69)	diamond	red	dif	left	left	(80, 0)	(40, 69)	search	nr	True	1119756	1121110	left	110	160	10	85	135	35	None	None	testing
7	wr	f	18	red	1	(80, 0)	(40, 69)	(-39, 69)	(-80, 0)	(-40, -69)	(40, -69)	circle	none	dif	left	left	N_dist	(40, 69)	search	nr	True	1122211	1123175	left	85	135	60	35	160	10	None	None	testing
7	wr	f	18	red	1	(80, 0)	(40, 69)	(-39, 69)	(-80, 0)	(-40, -69)	(40, -69)	circle	red	dif	left	left	(80, 0)	(-40, -69)	search	nr	True	1124314	1125207	left	85	160	110	10	60	135	None	None	testing
7	wr	f	18	red	1	(80, 0)	(40, 69)	(-39, 69)	(-80, 0)	(-40, -69)	(40, -69)	circle	red	dif	left	left	(80, 0)	(40, -69)	probe	tar	None	None	None	None	35	85	60	135	160	110	(40, -69)	24	testing
7	wr	f	18	red	1	(80, 0)	(40, 69)	(-39, 69)	(-80, 0)	(-40, -69)	(40, -69)	diamond	none	dif	right	right	N_dist	(-80, 0)	search	nr	True	1130827	1131463	right	35	160	60	110	85	135	None	None	testing
7	wr	f	18	red	1	(80, 0)	(40, 69)	(-39, 69)	(-80, 0)	(-40, -69)	(40, -69)	circle	none	dif	right	right	N_dist	(-39, 69)	search	nr	True	1132613	1133255	right	85	35	135	110	60	10	None	None	testing
7	wr	f	18	red	1	(80, 0)	(40, 69)	(-39, 69)	(-80, 0)	(-40, -69)	(40, -69)	diamond	none	same	left	left	N_dist	(40, -69)	search	nr	True	1134316	1135031	left	10	110	135	35	85	160	None	None	testing
7	wr	f	18	red	1	(80, 0)	(40, 69)	(-39, 69)	(-80, 0)	(-40, -69)	(40, -69)	diamond	red	same	left	left	(80, 0)	(40, -69)	probe	tar	None	None	None	None	160	110	135	85	60	10	(40, -69)	159	testing
7	wr	f	18	red	1	(80, 0)	(40, 69)	(-39, 69)	(-80, 0)	(-40, -69)	(40, -69)	diamond	red	dif	left	left	(80, 0)	(40, 69)	search	nr	True	1141179	1141862	left	135	35	110	85	60	160	None	None	testing
7	wr	f	18	red	1	(80, 0)	(40, 69)	(-39, 69)	(-80, 0)	(-40, -69)	(40, -69)	circle	red	same	left	left	(80, 0)	(40, -69)	probe	norm	None	None	None	None	35	110	160	60	10	135	(-40, -69)	153	testing
7	wr	f	18	red	1	(80, 0)	(40, 69)	(-39, 69)	(-80, 0)	(-40, -69)	(40, -69)	circle	red	same	right	right	(80, 0)	(40, -69)	probe	norm	None	None	None	None	10	160	60	135	110	85	(-40, -69)	9	testing
7	wr	f	18	red	1	(80, 0)	(40, 69)	(-39, 69)	(-80, 0)	(-40, -69)	(40, -69)	diamond	red	same	right	right	(80, 0)	(40, 69)	search	nr	True	1152733	1153543	right	135	85	60	35	110	10	None	None	testing
7	wr	f	18	red	1	(80, 0)	(40, 69)	(-39, 69)	(-80, 0)	(-40, -69)	(40, -69)	diamond	red	same	right	right	(80, 0)	(-80, 0)	search	nr	True	1154804	1155463	right	135	85	10	110	160	60	None	None	testing
7	wr	f	18	red	1	(80, 0)	(40, 69)	(-39, 69)	(-80, 0)	(-40, -69)	(40, -69)	circle	red	same	left	left	(80, 0)	(40, -69)	search	nr	True	1156657	1157350	left	85	160	110	60	10	35	None	None	testing
7	wr	f	18	red	1	(80, 0)	(40, 69)	(-39, 69)	(-80, 0)	(-40, -69)	(40, -69)	diamond	none	same	right	right	N_dist	(40, -69)	search	nr	True	1158494	1159095	right	110	135	85	60	160	35	None	None	testing
7	wr	f	18	red	1	(80, 0)	(40, 69)	(-39, 69)	(-80, 0)	(-40, -69)	(40, -69)	diamond	red	dif	right	right	(80, 0)	(-39, 69)	search	nr	True	1160164	1160742	right	135	85	160	110	60	35	None	None	testing
7	wr	f	18	red	1	(80, 0)	(40, 69)	(-39, 69)	(-80, 0)	(-40, -69)	(40, -69)	circle	red	same	right	right	(80, 0)	(-39, 69)	probe	tar	None	None	None	None	35	110	135	60	10	160	(-39, 69)	16	testing
7	wr	f	18	red	1	(80, 0)	(40, 69)	(-39, 69)	(-80, 0)	(-40, -69)	(40, -69)	diamond	none	same	right	right	N_dist	(80, 0)	search	nr	True	1166558	1167255	right	85	35	60	135	110	160	None	None	testing
7	wr	f	18	red	1	(80, 0)	(40, 69)	(-39, 69)	(-80, 0)	(-40, -69)	(40, -69)	circle	red	same	left	left	(-39, 69)	(40, 69)	probe	l_sin	None	None	None	None	110	85	35	135	160	60	(-39, 69)	161	testing
7	wr	f	18	red	1	(80, 0)	(40, 69)	(-39, 69)	(-80, 0)	(-40, -69)	(40, -69)	diamond	red	same	left	left	(80, 0)	(-80, 0)	search	nr	True	1172704	1173511	left	160	85	135	10	35	110	None	None	testing
7	wr	f	18	red	1	(80, 0)	(40, 69)	(-39, 69)	(-80, 0)	(-40, -69)	(40, -69)	circle	none	dif	right	right	N_dist	(-39, 69)	search	nr	True	1174808	1175639	right	60	160	35	10	110	85	None	None	testing
7	wr	f	18	red	1	(80, 0)	(40, 69)	(-39, 69)	(-80, 0)	(-40, -69)	(40, -69)	diamond	red	same	right	right	(40, 69)	(-80, 0)	search	nr	True	1176811	1177431	right	160	135	35	85	10	60	None	None	testing
7	wr	f	18	red	1	(80, 0)	(40, 69)	(-39, 69)	(-80, 0)	(-40, -69)	(40, -69)	circle	red	same	right	right	(80, 0)	(-40, -69)	search	nr	True	1178564	1180662	right	160	135	60	35	10	110	None	None	testing
7	wr	f	18	red	1	(80, 0)	(40, 69)	(-39, 69)	(-80, 0)	(-40, -69)	(40, -69)	circle	red	same	right	right	(80, 0)	(-40, -69)	search	nr	True	1181870	1183095	right	160	10	85	60	35	110	None	None	testing
7	wr	f	18	red	1	(80, 0)	(40, 69)	(-39, 69)	(-80, 0)	(-40, -69)	(40, -69)	circle	red	same	right	right	(80, 0)	(40, -69)	probe	norm	None	None	None	None	10	110	135	85	60	160	(-39, 69)	12	testing
7	wr	f	18	red	1	(80, 0)	(40, 69)	(-39, 69)	(-80, 0)	(-40, -69)	(40, -69)	diamond	none	same	right	right	N_dist	(-40, -69)	search	nr	True	1189601	1190391	right	60	160	35	10	85	135	None	None	testing
7	wr	f	18	red	1	(80, 0)	(40, 69)	(-39, 69)	(-80, 0)	(-40, -69)	(40, -69)	circle	none	dif	right	right	N_dist	(-40, -69)	probe	l_norm	None	None	None	None	110	35	85	160	60	135	(40, 69)	144	testing
7	wr	f	18	red	1	(80, 0)	(40, 69)	(-39, 69)	(-80, 0)	(-40, -69)	(40, -69)	circle	none	dif	left	left	N_dist	(40, 69)	search	nr	True	1195579	1196534	left	135	10	110	160	60	85	None	None	testing
7	wr	f	18	red	1	(80, 0)	(40, 69)	(-39, 69)	(-80, 0)	(-40, -69)	(40, -69)	diamond	red	same	left	left	(80, 0)	(-40, -69)	search	nr	True	1197699	1198438	left	35	85	60	160	135	110	None	None	testing
7	wr	f	18	red	1	(80, 0)	(40, 69)	(-39, 69)	(-80, 0)	(-40, -69)	(40, -69)	diamond	none	dif	right	right	N_dist	(-39, 69)	probe	h_norm	None	None	None	None	160	110	35	60	10	135	(80, 0)	25	testing
7	wr	f	18	red	1	(80, 0)	(40, 69)	(-39, 69)	(-80, 0)	(-40, -69)	(40, -69)	circle	none	same	right	right	N_dist	(-80, 0)	probe	h_norm	None	None	None	None	160	60	85	10	110	35	(80, 0)	169	testing
7	wr	f	18	red	1	(80, 0)	(40, 69)	(-39, 69)	(-80, 0)	(-40, -69)	(40, -69)	circle	none	same	left	left	N_dist	(40, 69)	search	nr	True	1211074	1211766	left	135	35	160	110	85	10	None	None	testing
7	wr	f	18	red	1	(80, 0)	(40, 69)	(-39, 69)	(-80, 0)	(-40, -69)	(40, -69)	diamond	red	dif	left	left	(-39, 69)	(40, 69)	search	nr	True	1212944	1213942	left	135	10	60	85	160	35	None	None	testing
7	wr	f	18	red	1	(80, 0)	(40, 69)	(-39, 69)	(-80, 0)	(-40, -69)	(40, -69)	circle	none	dif	left	left	N_dist	(-40, -69)	search	nr	True	1215148	1215782	left	35	160	10	135	110	60	None	None	testing
7	wr	f	18	red	1	(80, 0)	(40, 69)	(-39, 69)	(-80, 0)	(-40, -69)	(40, -69)	circle	red	dif	left	left	(-40, -69)	(40, -69)	search	nr	True	1216985	1218007	left	110	160	10	85	135	35	None	None	testing
7	wr	f	18	red	1	(80, 0)	(40, 69)	(-39, 69)	(-80, 0)	(-40, -69)	(40, -69)	circle	red	dif	left	left	(80, 0)	(40, 69)	search	nr	True	1219173	1219751	left	85	60	35	110	135	10	None	None	testing
7	wr	f	18	red	1	(80, 0)	(40, 69)	(-39, 69)	(-80, 0)	(-40, -69)	(40, -69)	diamond	none	dif	left	left	N_dist	(40, -69)	search	nr	True	1220808	1221574	left	35	110	135	60	10	160	None	None	testing
7	wr	f	18	red	1	(80, 0)	(40, 69)	(-39, 69)	(-80, 0)	(-40, -69)	(40, -69)	diamond	red	same	right	right	(80, 0)	(40, 69)	search	nr	True	1222695	1223462	right	60	110	10	85	35	135	None	None	testing
7	wr	f	18	red	1	(80, 0)	(40, 69)	(-39, 69)	(-80, 0)	(-40, -69)	(40, -69)	circle	red	dif	right	right	(-40, -69)	(-39, 69)	probe	tar	None	None	None	None	60	135	10	35	110	85	(-39, 69)	15	testing
7	wr	f	18	red	1	(80, 0)	(40, 69)	(-39, 69)	(-80, 0)	(-40, -69)	(40, -69)	diamond	none	dif	right	right	N_dist	(40, -69)	probe	l_norm	None	None	None	None	85	160	60	135	35	10	(-40, -69)	160	testing
7	wr	f	18	red	1	(80, 0)	(40, 69)	(-39, 69)	(-80, 0)	(-40, -69)	(40, -69)	diamond	red	same	right	right	(80, 0)	(-80, 0)	probe	h_sin	None	None	None	None	160	85	10	110	60	135	(80, 0)	161	testing
7	wr	f	18	red	1	(80, 0)	(40, 69)	(-39, 69)	(-80, 0)	(-40, -69)	(40, -69)	diamond	red	same	left	left	(80, 0)	(-80, 0)	search	nr	True	1238474	1239110	left	160	35	135	110	85	60	None	None	testing
7	wr	f	18	red	1	(80, 0)	(40, 69)	(-39, 69)	(-80, 0)	(-40, -69)	(40, -69)	circle	red	dif	right	right	(80, 0)	(-80, 0)	probe	h_sin	None	None	None	None	60	110	35	10	135	160	(80, 0)	153	testing
7	wr	f	18	red	1	(80, 0)	(40, 69)	(-39, 69)	(-80, 0)	(-40, -69)	(40, -69)	circle	none	same	left	left	N_dist	(-80, 0)	search	nr	True	1247524	1248198	left	135	85	110	35	10	160	None	None	testing
7	wr	f	18	red	1	(80, 0)	(40, 69)	(-39, 69)	(-80, 0)	(-40, -69)	(40, -69)	circle	red	dif	right	right	(80, 0)	(-40, -69)	search	nr	True	1249345	1250070	right	160	60	10	85	35	110	None	None	testing
7	wr	f	18	red	1	(80, 0)	(40, 69)	(-39, 69)	(-80, 0)	(-40, -69)	(40, -69)	diamond	red	dif	left	left	(-80, 0)	(40, -69)	search	nr	True	1251365	1252215	left	160	135	60	85	110	35	None	None	testing
7	wr	f	18	red	1	(80, 0)	(40, 69)	(-39, 69)	(-80, 0)	(-40, -69)	(40, -69)	circle	none	dif	left	left	N_dist	(-39, 69)	search	nr	True	1253386	1254118	left	60	160	135	110	85	35	None	None	testing
7	wr	f	18	red	1	(80, 0)	(40, 69)	(-39, 69)	(-80, 0)	(-40, -69)	(40, -69)	circle	red	dif	right	right	(80, 0)	(-40, -69)	search	nr	True	1255322	1256007	right	35	135	85	10	160	110	None	None	testing
7	wr	f	18	red	1	(80, 0)	(40, 69)	(-39, 69)	(-80, 0)	(-40, -69)	(40, -69)	diamond	none	same	left	left	N_dist	(80, 0)	search	nr	True	1257142	1257751	left	160	10	85	135	35	60	None	None	testing
7	wr	f	18	red	1	(80, 0)	(40, 69)	(-39, 69)	(-80, 0)	(-40, -69)	(40, -69)	diamond	none	dif	left	left	N_dist	(80, 0)	search	nr	True	1258996	1260711	left	60	35	160	110	135	10	None	None	testing
7	wr	f	18	red	1	(80, 0)	(40, 69)	(-39, 69)	(-80, 0)	(-40, -69)	(40, -69)	diamond	red	same	right	right	(80, 0)	(40, 69)	probe	h_sin	None	None	None	None	110	160	35	135	60	10	(80, 0)	168	testing
7	wr	f	18	red	1	(80, 0)	(40, 69)	(-39, 69)	(-80, 0)	(-40, -69)	(40, -69)	circle	none	same	left	left	N_dist	(-80, 0)	search	nr	True	1266326	1267062	left	35	60	160	110	135	10	None	None	testing
7	wr	f	18	red	1	(80, 0)	(40, 69)	(-39, 69)	(-80, 0)	(-40, -69)	(40, -69)	diamond	red	same	right	right	(80, 0)	(-39, 69)	probe	h_sin	None	None	None	None	35	60	85	10	135	110	(80, 0)	170	testing
7	wr	f	18	red	1	(80, 0)	(40, 69)	(-39, 69)	(-80, 0)	(-40, -69)	(40, -69)	circle	red	dif	right	right	(80, 0)	(-40, -69)	probe	tar	None	None	None	None	110	60	10	160	85	135	(-40, -69)	0	testing
7	wr	f	18	red	1	(80, 0)	(40, 69)	(-39, 69)	(-80, 0)	(-40, -69)	(40, -69)	circle	red	same	left	left	(-39, 69)	(40, 69)	search	nr	True	1286129	1286822	left	35	160	60	135	10	110	None	None	testing
7	wr	f	18	red	1	(80, 0)	(40, 69)	(-39, 69)	(-80, 0)	(-40, -69)	(40, -69)	circle	none	dif	right	right	N_dist	(-40, -69)	search	nr	True	1288116	1289014	right	60	160	35	135	85	10	None	None	testing
7	wr	f	18	red	1	(80, 0)	(40, 69)	(-39, 69)	(-80, 0)	(-40, -69)	(40, -69)	circle	red	same	left	left	(80, 0)	(-80, 0)	probe	h_sin	None	None	None	None	85	60	10	35	135	160	(80, 0)	174	testing
7	wr	f	18	red	1	(80, 0)	(40, 69)	(-39, 69)	(-80, 0)	(-40, -69)	(40, -69)	diamond	none	dif	left	left	N_dist	(40, 69)	search	nr	True	1295228	1295910	left	135	160	85	60	35	10	None	None	testing
7	wr	f	18	red	1	(80, 0)	(40, 69)	(-39, 69)	(-80, 0)	(-40, -69)	(40, -69)	diamond	none	dif	right	right	N_dist	(-39, 69)	search	nr	True	1297082	1297798	right	160	35	110	135	85	10	None	None	testing
7	wr	f	18	red	1	(80, 0)	(40, 69)	(-39, 69)	(-80, 0)	(-40, -69)	(40, -69)	circle	red	dif	left	left	(-40, -69)	(40, -69)	search	nr	True	1299053	1299910	left	60	160	35	10	85	110	None	None	testing
7	wr	f	18	red	1	(80, 0)	(40, 69)	(-39, 69)	(-80, 0)	(-40, -69)	(40, -69)	diamond	red	same	right	right	(40, -69)	(-80, 0)	search	nr	True	1301006	1302423	right	110	85	35	135	60	160	None	None	testing
7	wr	f	18	red	1	(80, 0)	(40, 69)	(-39, 69)	(-80, 0)	(-40, -69)	(40, -69)	diamond	none	dif	left	left	N_dist	(40, 69)	probe	l_norm	None	None	None	None	110	135	160	10	85	60	(-80, 0)	178	testing
7	wr	f	18	red	1	(80, 0)	(40, 69)	(-39, 69)	(-80, 0)	(-40, -69)	(40, -69)	circle	red	same	right	right	(-80, 0)	(40, -69)	search	nr	True	1307234	1308102	right	110	10	35	135	60	85	None	None	testing
7	wr	f	18	red	1	(80, 0)	(40, 69)	(-39, 69)	(-80, 0)	(-40, -69)	(40, -69)	circle	red	dif	right	right	(80, 0)	(-80, 0)	search	nr	True	1309271	1310022	right	160	85	60	135	35	10	None	None	testing
7	wr	f	18	red	1	(80, 0)	(40, 69)	(-39, 69)	(-80, 0)	(-40, -69)	(40, -69)	diamond	red	dif	right	right	(-39, 69)	(40, 69)	search	nr	True	1311308	1312055	right	35	10	60	85	160	135	None	None	testing
7	wr	f	18	red	1	(80, 0)	(40, 69)	(-39, 69)	(-80, 0)	(-40, -69)	(40, -69)	circle	none	dif	left	left	N_dist	(40, -69)	probe	l_norm	None	None	None	None	110	85	60	35	160	10	(40, 69)	11	testing
7	wr	f	18	red	1	(80, 0)	(40, 69)	(-39, 69)	(-80, 0)	(-40, -69)	(40, -69)	circle	red	same	right	right	(80, 0)	(-40, -69)	search	nr	True	1317286	1318135	right	85	110	35	160	60	135	None	None	testing
7	wr	f	18	red	1	(80, 0)	(40, 69)	(-39, 69)	(-80, 0)	(-40, -69)	(40, -69)	diamond	none	same	right	right	N_dist	(40, 69)	probe	h_norm	None	None	None	None	110	160	60	10	85	35	(80, 0)	161	testing
7	wr	f	18	red	1	(80, 0)	(40, 69)	(-39, 69)	(-80, 0)	(-40, -69)	(40, -69)	circle	red	dif	left	left	(40, 69)	(40, -69)	search	nr	True	1323431	1324326	left	85	110	60	160	10	35	None	None	testing
7	wr	f	18	red	1	(80, 0)	(40, 69)	(-39, 69)	(-80, 0)	(-40, -69)	(40, -69)	circle	red	dif	left	left	(80, 0)	(40, -69)	search	nr	True	1325618	1326262	left	160	35	60	10	135	110	None	None	testing
7	wr	f	18	red	1	(80, 0)	(40, 69)	(-39, 69)	(-80, 0)	(-40, -69)	(40, -69)	diamond	red	dif	left	left	(80, 0)	(-39, 69)	probe	tar	None	None	None	None	35	135	160	85	60	110	(-39, 69)	18	testing
7	wr	f	18	red	1	(80, 0)	(40, 69)	(-39, 69)	(-80, 0)	(-40, -69)	(40, -69)	diamond	red	dif	right	right	(80, 0)	(-39, 69)	probe	tar	None	None	None	None	60	35	135	10	110	85	(-39, 69)	16	testing
7	wr	f	18	red	1	(80, 0)	(40, 69)	(-39, 69)	(-80, 0)	(-40, -69)	(40, -69)	circle	red	same	left	left	(80, 0)	(40, -69)	search	nr	True	1339544	1340246	left	35	85	135	10	160	110	None	None	testing
7	wr	f	18	red	1	(80, 0)	(40, 69)	(-39, 69)	(-80, 0)	(-40, -69)	(40, -69)	circle	none	dif	left	left	N_dist	(40, -69)	search	nr	True	1341431	1342055	left	135	110	10	35	60	160	None	None	testing
7	wr	f	18	red	1	(80, 0)	(40, 69)	(-39, 69)	(-80, 0)	(-40, -69)	(40, -69)	diamond	none	same	left	left	N_dist	(80, 0)	probe	h_tar	None	None	None	None	60	135	160	10	35	85	(80, 0)	167	testing
7	wr	f	18	red	1	(80, 0)	(40, 69)	(-39, 69)	(-80, 0)	(-40, -69)	(40, -69)	circle	red	dif	right	right	(80, 0)	(40, -69)	search	nr	True	1349629	1350422	right	85	10	35	60	160	135	None	None	testing
7	wr	f	18	red	1	(80, 0)	(40, 69)	(-39, 69)	(-80, 0)	(-40, -69)	(40, -69)	circle	none	same	right	right	N_dist	(-40, -69)	probe	h_norm	None	None	None	None	35	60	160	10	135	110	(80, 0)	165	testing
7	wr	f	18	red	1	(80, 0)	(40, 69)	(-39, 69)	(-80, 0)	(-40, -69)	(40, -69)	circle	none	same	left	left	N_dist	(40, -69)	probe	l_tar	None	None	None	None	35	85	110	160	10	135	(40, -69)	25	testing
7	wr	f	18	red	1	(80, 0)	(40, 69)	(-39, 69)	(-80, 0)	(-40, -69)	(40, -69)	circle	red	dif	left	left	(80, 0)	(-39, 69)	search	nr	True	1361400	1362086	left	85	110	160	35	135	10	None	None	testing
7	wr	f	18	red	1	(80, 0)	(40, 69)	(-39, 69)	(-80, 0)	(-40, -69)	(40, -69)	diamond	red	dif	left	left	(80, 0)	(40, 69)	search	nr	True	1363221	1364055	left	135	110	60	35	85	10	None	None	testing
7	wr	f	18	red	1	(80, 0)	(40, 69)	(-39, 69)	(-80, 0)	(-40, -69)	(40, -69)	circle	red	dif	right	right	(-40, -69)	(-39, 69)	search	nr	True	1365224	1366198	right	35	110	85	160	135	10	None	None	testing
7	wr	f	18	red	1	(80, 0)	(40, 69)	(-39, 69)	(-80, 0)	(-40, -69)	(40, -69)	circle	none	same	right	right	N_dist	(-40, -69)	search	nr	True	1367328	1368198	right	110	160	35	85	135	60	None	None	testing
7	wr	f	18	red	1	(80, 0)	(40, 69)	(-39, 69)	(-80, 0)	(-40, -69)	(40, -69)	diamond	red	dif	left	left	(40, -69)	(-39, 69)	search	nr	True	1369332	1370101	left	35	60	85	135	10	110	None	None	testing
7	wr	f	18	red	1	(80, 0)	(40, 69)	(-39, 69)	(-80, 0)	(-40, -69)	(40, -69)	circle	red	same	right	right	(80, 0)	(-39, 69)	search	nr	True	1371302	1371974	right	135	10	85	35	60	110	None	None	testing
7	wr	f	18	red	1	(80, 0)	(40, 69)	(-39, 69)	(-80, 0)	(-40, -69)	(40, -69)	circle	none	dif	left	left	N_dist	(-39, 69)	probe	l_norm	None	None	None	None	35	10	135	85	110	60	(40, 69)	151	testing
7	wr	f	18	red	1	(80, 0)	(40, 69)	(-39, 69)	(-80, 0)	(-40, -69)	(40, -69)	circle	none	dif	right	right	N_dist	(-39, 69)	search	nr	True	1377914	1378518	right	135	85	110	10	35	160	None	None	testing
7	wr	f	18	red	1	(80, 0)	(40, 69)	(-39, 69)	(-80, 0)	(-40, -69)	(40, -69)	diamond	red	dif	right	right	(80, 0)	(40, 69)	probe	tar	None	None	None	None	10	85	35	135	60	110	(40, 69)	16	testing
7	wr	f	18	red	1	(80, 0)	(40, 69)	(-39, 69)	(-80, 0)	(-40, -69)	(40, -69)	diamond	none	same	left	left	N_dist	(80, 0)	search	nr	True	1385278	1386294	left	110	35	160	10	60	85	None	None	testing
7	wr	f	18	red	1	(80, 0)	(40, 69)	(-39, 69)	(-80, 0)	(-40, -69)	(40, -69)	diamond	red	same	right	right	(80, 0)	(-39, 69)	search	nr	True	1387365	1387990	right	10	110	85	160	135	35	None	None	testing
7	wr	f	18	red	1	(80, 0)	(40, 69)	(-39, 69)	(-80, 0)	(-40, -69)	(40, -69)	diamond	none	dif	right	right	N_dist	(-39, 69)	search	nr	True	1389135	1389718	right	60	85	160	110	35	10	None	None	testing
7	wr	f	18	red	1	(80, 0)	(40, 69)	(-39, 69)	(-80, 0)	(-40, -69)	(40, -69)	diamond	red	same	left	left	(80, 0)	(-39, 69)	search	nr	True	1390988	1391702	left	35	110	10	135	60	160	None	None	testing
7	wr	f	18	red	1	(80, 0)	(40, 69)	(-39, 69)	(-80, 0)	(-40, -69)	(40, -69)	diamond	red	same	left	left	(80, 0)	(-40, -69)	probe	tar	None	None	None	None	160	10	35	110	135	60	(-40, -69)	15	testing
7	wr	f	18	red	1	(80, 0)	(40, 69)	(-39, 69)	(-80, 0)	(-40, -69)	(40, -69)	circle	none	dif	left	left	N_dist	(40, 69)	search	nr	True	1396699	1397382	left	10	135	160	110	85	60	None	None	testing
7	wr	f	18	red	1	(80, 0)	(40, 69)	(-39, 69)	(-80, 0)	(-40, -69)	(40, -69)	circle	red	same	right	right	(-80, 0)	(40, -69)	probe	norm	None	None	None	None	135	60	35	10	110	160	(-40, -69)	17	testing
7	wr	f	18	red	1	(80, 0)	(40, 69)	(-39, 69)	(-80, 0)	(-40, -69)	(40, -69)	circle	none	dif	right	right	N_dist	(-39, 69)	probe	h_norm	None	None	None	None	35	135	110	160	60	10	(80, 0)	162	testing
7	wr	f	18	red	1	(80, 0)	(40, 69)	(-39, 69)	(-80, 0)	(-40, -69)	(40, -69)	diamond	red	same	left	left	(80, 0)	(-39, 69)	probe	norm	None	None	None	None	85	160	135	110	35	60	(40, 69)	39	testing
7	wr	f	18	red	1	(80, 0)	(40, 69)	(-39, 69)	(-80, 0)	(-40, -69)	(40, -69)	circle	none	dif	left	left	N_dist	(-39, 69)	search	nr	True	1421912	1422582	left	60	160	135	35	85	110	None	None	testing
7	wr	f	18	red	1	(80, 0)	(40, 69)	(-39, 69)	(-80, 0)	(-40, -69)	(40, -69)	circle	none	same	left	left	N_dist	(-80, 0)	probe	h_norm	None	None	None	None	10	85	110	160	135	60	(80, 0)	144	testing
7	wr	f	18	red	1	(80, 0)	(40, 69)	(-39, 69)	(-80, 0)	(-40, -69)	(40, -69)	diamond	red	same	left	left	(80, 0)	(40, -69)	search	nr	True	1428007	1428998	left	60	85	135	35	110	160	None	None	testing
7	wr	f	18	red	1	(80, 0)	(40, 69)	(-39, 69)	(-80, 0)	(-40, -69)	(40, -69)	diamond	red	dif	left	left	(80, 0)	(40, 69)	search	nr	True	1430244	1431414	left	110	85	35	10	60	160	None	None	testing
7	wr	f	18	red	1	(80, 0)	(40, 69)	(-39, 69)	(-80, 0)	(-40, -69)	(40, -69)	circle	red	dif	left	left	(80, 0)	(40, -69)	search	nr	True	1432599	1434502	left	60	160	35	85	110	135	None	None	testing
7	wr	f	18	red	1	(80, 0)	(40, 69)	(-39, 69)	(-80, 0)	(-40, -69)	(40, -69)	diamond	none	dif	left	left	N_dist	(40, -69)	probe	l_tar	None	None	None	None	135	160	110	85	60	10	(40, -69)	148	testing
7	wr	f	18	red	1	(80, 0)	(40, 69)	(-39, 69)	(-80, 0)	(-40, -69)	(40, -69)	diamond	red	dif	left	left	(40, 69)	(-40, -69)	probe	norm	None	None	None	None	135	35	160	110	85	10	(-80, 0)	10	testing
7	wr	f	18	red	1	(80, 0)	(40, 69)	(-39, 69)	(-80, 0)	(-40, -69)	(40, -69)	circle	red	same	left	left	(80, 0)	(40, -69)	search	nr	True	1444403	1445318	left	85	60	10	160	110	35	None	None	testing
7	wr	f	18	red	1	(80, 0)	(40, 69)	(-39, 69)	(-80, 0)	(-40, -69)	(40, -69)	circle	red	dif	left	left	(80, 0)	(-39, 69)	search	nr	True	1446574	1447318	left	60	135	35	10	160	110	None	None	testing
7	wr	f	18	red	1	(80, 0)	(40, 69)	(-39, 69)	(-80, 0)	(-40, -69)	(40, -69)	diamond	red	dif	right	right	(80, 0)	(-80, 0)	search	nr	True	1448444	1449510	right	60	160	10	135	110	35	None	None	testing
7	wr	f	18	red	1	(80, 0)	(40, 69)	(-39, 69)	(-80, 0)	(-40, -69)	(40, -69)	circle	none	same	right	right	N_dist	(-40, -69)	search	nr	True	1450781	1451478	right	35	160	135	10	110	85	None	None	testing
7	wr	f	18	red	1	(80, 0)	(40, 69)	(-39, 69)	(-80, 0)	(-40, -69)	(40, -69)	diamond	red	same	left	left	(40, -69)	(-40, -69)	search	nr	True	1452685	1453302	left	110	160	135	85	35	60	None	None	testing
7	wr	f	18	red	1	(80, 0)	(40, 69)	(-39, 69)	(-80, 0)	(-40, -69)	(40, -69)	diamond	red	dif	right	right	(80, 0)	(-39, 69)	probe	norm	None	None	None	None	60	135	160	10	110	35	(40, 69)	30	testing
7	wr	f	18	red	1	(80, 0)	(40, 69)	(-39, 69)	(-80, 0)	(-40, -69)	(40, -69)	circle	none	same	right	right	N_dist	(-80, 0)	probe	l_tar	None	None	None	None	160	110	60	35	10	85	(-80, 0)	147	testing
7	wr	f	18	red	1	(80, 0)	(40, 69)	(-39, 69)	(-80, 0)	(-40, -69)	(40, -69)	diamond	none	same	right	right	N_dist	(80, 0)	probe	h_tar	None	None	None	None	160	35	10	60	110	135	(80, 0)	25	testing
7	wr	f	18	red	1	(80, 0)	(40, 69)	(-39, 69)	(-80, 0)	(-40, -69)	(40, -69)	diamond	none	dif	left	left	N_dist	(40, -69)	search	nr	True	1470668	1471430	left	135	110	60	85	160	10	None	None	testing
7	wr	f	18	red	1	(80, 0)	(40, 69)	(-39, 69)	(-80, 0)	(-40, -69)	(40, -69)	circle	none	same	left	left	N_dist	(40, -69)	search	nr	True	1472538	1473206	left	10	60	135	85	160	110	None	None	testing
7	wr	f	18	red	1	(80, 0)	(40, 69)	(-39, 69)	(-80, 0)	(-40, -69)	(40, -69)	diamond	none	same	left	left	N_dist	(40, -69)	search	nr	True	1474375	1474998	left	60	35	10	160	85	110	None	None	testing
7	wr	f	18	red	1	(80, 0)	(40, 69)	(-39, 69)	(-80, 0)	(-40, -69)	(40, -69)	circle	none	same	left	left	N_dist	(40, -69)	search	nr	True	1476078	1476694	left	60	110	35	85	135	160	None	None	testing
7	wr	f	18	red	1	(80, 0)	(40, 69)	(-39, 69)	(-80, 0)	(-40, -69)	(40, -69)	diamond	red	same	left	left	(80, 0)	(-80, 0)	probe	tar	None	None	None	None	10	135	85	110	60	35	(-80, 0)	9	testing
7	wr	f	18	red	1	(80, 0)	(40, 69)	(-39, 69)	(-80, 0)	(-40, -69)	(40, -69)	circle	red	same	right	right	(-80, 0)	(40, -69)	search	nr	True	1482272	1483078	right	60	10	85	135	160	35	None	None	testing
