subj	name	gender	age	dist	run	tar_locs1	tar_locs2	tar_locs3	tar_locs4	tar_locs5	tar_locs6	shape	dist	td_dif	detection	resp_key	dis_loc	tar_loc	task_type	probe_cond	gotKey	startTime	respTime	resp	o1	o2	o3	o4	o5	o6	pro_loc	ori_resp	mode
7	xd	f	21	green	4	(80, 0)	(40, 69)	(-39, 69)	(-80, 0)	(-40, -69)	(40, -69)	circle	none	same	right	right	N_dist	(-39, 69)	search	nr	True	75161	76058	right	35	135	85	110	160	60	None	None	practice
7	xd	f	21	green	4	(80, 0)	(40, 69)	(-39, 69)	(-80, 0)	(-40, -69)	(40, -69)	diamond	green	dif	left	left	(-80, 0)	(40, -69)	search	nr	True	77148	77787	left	10	135	60	110	160	35	None	None	practice
7	xd	f	21	green	4	(80, 0)	(40, 69)	(-39, 69)	(-80, 0)	(-40, -69)	(40, -69)	circle	green	same	left	left	(80, 0)	(-39, 69)	search	nr	True	79068	79818	left	60	35	135	160	10	85	None	None	practice
7	xd	f	21	green	4	(80, 0)	(40, 69)	(-39, 69)	(-80, 0)	(-40, -69)	(40, -69)	diamond	green	same	left	left	(80, 0)	(40, 69)	search	nr	True	81088	81867	left	160	35	60	10	135	85	None	None	practice
7	xd	f	21	green	4	(80, 0)	(40, 69)	(-39, 69)	(-80, 0)	(-40, -69)	(40, -69)	diamond	none	dif	right	right	N_dist	(40, -69)	probe	h_norm	None	None	None	None	10	160	60	35	135	110	(80, 0)	13	practice
7	xd	f	21	green	4	(80, 0)	(40, 69)	(-39, 69)	(-80, 0)	(-40, -69)	(40, -69)	diamond	none	same	left	left	N_dist	(-39, 69)	search	nr	True	87367	88123	left	85	60	110	135	160	10	None	None	practice
7	xd	f	21	green	4	(80, 0)	(40, 69)	(-39, 69)	(-80, 0)	(-40, -69)	(40, -69)	diamond	green	same	right	right	(40, -69)	(-80, 0)	search	nr	True	89420	90043	right	160	110	10	35	135	60	None	None	practice
7	xd	f	21	green	4	(80, 0)	(40, 69)	(-39, 69)	(-80, 0)	(-40, -69)	(40, -69)	circle	green	same	right	right	(80, 0)	(-80, 0)	probe	norm	None	None	None	None	160	110	85	10	35	60	(-39, 69)	21	practice
7	xd	f	21	green	4	(80, 0)	(40, 69)	(-39, 69)	(-80, 0)	(-40, -69)	(40, -69)	diamond	green	same	right	right	(80, 0)	(-39, 69)	search	nr	True	95615	96187	right	60	160	110	85	35	135	None	None	practice
7	xd	f	21	green	4	(80, 0)	(40, 69)	(-39, 69)	(-80, 0)	(-40, -69)	(40, -69)	circle	green	dif	right	right	(-39, 69)	(40, -69)	search	nr	True	97452	98042	right	35	135	10	160	60	110	None	None	practice
7	xd	f	21	green	4	(80, 0)	(40, 69)	(-39, 69)	(-80, 0)	(-40, -69)	(40, -69)	diamond	green	same	left	left	(-80, 0)	(-40, -69)	probe	tar	None	None	None	None	60	160	110	135	35	85	(-40, -69)	47	practice
7	xd	f	21	green	4	(80, 0)	(40, 69)	(-39, 69)	(-80, 0)	(-40, -69)	(40, -69)	diamond	green	dif	left	left	(-40, -69)	(-80, 0)	probe	norm	None	None	None	None	135	160	110	60	85	35	(80, 0)	13	practice
7	xd	f	21	green	4	(80, 0)	(40, 69)	(-39, 69)	(-80, 0)	(-40, -69)	(40, -69)	circle	green	same	left	left	(80, 0)	(-40, -69)	probe	h_sin	None	None	None	None	160	60	135	35	10	85	(80, 0)	15	practice
7	xd	f	21	green	4	(80, 0)	(40, 69)	(-39, 69)	(-80, 0)	(-40, -69)	(40, -69)	circle	none	same	right	right	N_dist	(40, -69)	search	nr	True	112563	113482	right	135	10	110	85	35	160	None	None	practice
7	xd	f	21	green	4	(80, 0)	(40, 69)	(-39, 69)	(-80, 0)	(-40, -69)	(40, -69)	circle	green	same	right	right	(80, 0)	(-80, 0)	search	nr	True	114716	115371	right	60	110	160	10	135	35	None	None	practice
7	xd	f	21	green	4	(80, 0)	(40, 69)	(-39, 69)	(-80, 0)	(-40, -69)	(40, -69)	diamond	green	same	right	right	(80, 0)	(-39, 69)	probe	tar	None	None	None	None	10	160	135	110	60	35	(-39, 69)	17	practice
7	xd	f	21	green	4	(80, 0)	(40, 69)	(-39, 69)	(-80, 0)	(-40, -69)	(40, -69)	diamond	green	dif	left	left	(80, 0)	(40, 69)	search	nr	True	120811	121306	left	35	60	110	135	160	85	None	None	practice
7	xd	f	21	green	4	(80, 0)	(40, 69)	(-39, 69)	(-80, 0)	(-40, -69)	(40, -69)	circle	none	dif	right	right	N_dist	(80, 0)	search	nr	True	122498	123306	right	160	85	35	135	60	110	None	None	practice
7	xd	f	21	green	4	(80, 0)	(40, 69)	(-39, 69)	(-80, 0)	(-40, -69)	(40, -69)	circle	green	dif	right	right	(-80, 0)	(-40, -69)	search	nr	True	124619	125419	right	110	85	160	135	60	35	None	None	practice
7	xd	f	21	green	4	(80, 0)	(40, 69)	(-39, 69)	(-80, 0)	(-40, -69)	(40, -69)	diamond	none	dif	right	right	N_dist	(40, -69)	search	nr	True	126588	127227	right	60	35	10	135	160	85	None	None	practice
7	xd	f	21	green	4	(80, 0)	(40, 69)	(-39, 69)	(-80, 0)	(-40, -69)	(40, -69)	circle	green	same	left	left	(80, 0)	(-39, 69)	search	nr	True	128442	129563	left	60	85	35	160	110	135	None	None	practice
7	xd	f	21	green	4	(80, 0)	(40, 69)	(-39, 69)	(-80, 0)	(-40, -69)	(40, -69)	diamond	none	same	left	left	N_dist	(40, -69)	search	nr	True	130863	131483	left	60	110	135	85	160	10	None	None	practice
7	xd	f	21	green	4	(80, 0)	(40, 69)	(-39, 69)	(-80, 0)	(-40, -69)	(40, -69)	circle	green	same	right	right	(80, 0)	(-40, -69)	search	nr	True	132650	133579	right	10	135	160	110	60	35	None	None	practice
7	xd	f	21	green	4	(80, 0)	(40, 69)	(-39, 69)	(-80, 0)	(-40, -69)	(40, -69)	circle	green	same	left	left	(80, 0)	(-39, 69)	probe	h_sin	None	None	None	None	160	60	35	85	135	110	(80, 0)	25	practice
7	xd	f	21	green	4	(80, 0)	(40, 69)	(-39, 69)	(-80, 0)	(-40, -69)	(40, -69)	diamond	none	dif	right	right	N_dist	(-40, -69)	probe	h_norm	None	None	None	None	10	160	135	110	60	85	(80, 0)	15	practice
7	xd	f	21	green	4	(80, 0)	(40, 69)	(-39, 69)	(-80, 0)	(-40, -69)	(40, -69)	circle	green	same	right	right	(80, 0)	(-40, -69)	search	nr	True	143002	143594	right	60	85	110	10	160	135	None	None	practice
7	xd	f	21	green	4	(80, 0)	(40, 69)	(-39, 69)	(-80, 0)	(-40, -69)	(40, -69)	circle	none	same	right	right	N_dist	(-39, 69)	probe	h_norm	None	None	None	None	135	110	60	160	10	35	(80, 0)	20	practice
7	xd	f	21	green	4	(80, 0)	(40, 69)	(-39, 69)	(-80, 0)	(-40, -69)	(40, -69)	circle	green	same	left	left	(80, 0)	(40, -69)	probe	tar	None	None	None	None	85	110	160	135	60	35	(40, -69)	159	practice
7	xd	f	21	green	4	(80, 0)	(40, 69)	(-39, 69)	(-80, 0)	(-40, -69)	(40, -69)	diamond	green	dif	right	right	(80, 0)	(-40, -69)	search	nr	True	153205	153786	right	10	110	160	35	135	60	None	None	practice
7	xd	f	21	green	4	(80, 0)	(40, 69)	(-39, 69)	(-80, 0)	(-40, -69)	(40, -69)	diamond	none	same	left	left	N_dist	(-39, 69)	search	nr	True	154857	155530	left	160	135	85	60	10	110	None	None	practice
7	xd	f	21	green	4	(80, 0)	(40, 69)	(-39, 69)	(-80, 0)	(-40, -69)	(40, -69)	circle	green	same	left	left	(80, 0)	(-39, 69)	search	nr	True	156611	157083	left	135	110	85	10	60	35	None	None	practice
7	xd	f	21	green	4	(80, 0)	(40, 69)	(-39, 69)	(-80, 0)	(-40, -69)	(40, -69)	circle	green	dif	left	left	(40, -69)	(-40, -69)	search	nr	True	158213	158811	right	35	135	10	85	110	60	None	None	practice
7	xd	f	21	green	4	(80, 0)	(40, 69)	(-39, 69)	(-80, 0)	(-40, -69)	(40, -69)	circle	none	same	right	right	N_dist	(-39, 69)	search	nr	True	161502	162090	right	160	60	135	10	85	35	None	None	practice
7	xd	f	21	green	4	(80, 0)	(40, 69)	(-39, 69)	(-80, 0)	(-40, -69)	(40, -69)	diamond	green	dif	left	left	(80, 0)	(40, 69)	search	nr	True	163206	163930	left	10	85	110	135	160	35	None	None	practice
7	xd	f	21	green	4	(80, 0)	(40, 69)	(-39, 69)	(-80, 0)	(-40, -69)	(40, -69)	diamond	green	dif	left	left	(-40, -69)	(-80, 0)	search	nr	True	165026	165978	left	35	85	110	60	10	135	None	None	practice
7	xd	f	21	green	4	(80, 0)	(40, 69)	(-39, 69)	(-80, 0)	(-40, -69)	(40, -69)	diamond	green	same	right	right	(40, -69)	(-80, 0)	search	nr	True	167263	167915	right	85	35	110	160	10	60	None	None	practice
7	xd	f	21	green	4	(80, 0)	(40, 69)	(-39, 69)	(-80, 0)	(-40, -69)	(40, -69)	diamond	green	same	right	right	(-39, 69)	(40, -69)	probe	norm	None	None	None	None	35	135	160	85	10	60	(-80, 0)	163	practice
7	xd	f	21	green	4	(80, 0)	(40, 69)	(-39, 69)	(-80, 0)	(-40, -69)	(40, -69)	circle	none	same	left	left	N_dist	(-40, -69)	search	nr	True	174527	175210	left	135	160	60	10	35	110	None	None	practice
7	xd	f	21	green	4	(80, 0)	(40, 69)	(-39, 69)	(-80, 0)	(-40, -69)	(40, -69)	diamond	green	dif	right	right	(80, 0)	(-40, -69)	probe	norm	None	None	None	None	60	35	160	135	110	85	(-39, 69)	17	practice
7	xd	f	21	green	4	(80, 0)	(40, 69)	(-39, 69)	(-80, 0)	(-40, -69)	(40, -69)	circle	none	dif	left	left	N_dist	(80, 0)	search	nr	True	180488	181099	left	10	60	35	160	135	85	None	None	practice
7	xd	f	21	green	4	(80, 0)	(40, 69)	(-39, 69)	(-80, 0)	(-40, -69)	(40, -69)	circle	none	same	right	right	N_dist	(-80, 0)	search	nr	True	198955	199595	right	35	85	60	160	110	10	None	None	testing
7	xd	f	21	green	4	(80, 0)	(40, 69)	(-39, 69)	(-80, 0)	(-40, -69)	(40, -69)	circle	green	same	right	right	(80, 0)	(-40, -69)	search	nr	True	200758	201403	right	85	135	10	110	35	60	None	None	testing
7	xd	f	21	green	4	(80, 0)	(40, 69)	(-39, 69)	(-80, 0)	(-40, -69)	(40, -69)	circle	green	same	left	left	(80, 0)	(-39, 69)	probe	h_sin	None	None	None	None	10	160	110	135	85	35	(80, 0)	27	testing
7	xd	f	21	green	4	(80, 0)	(40, 69)	(-39, 69)	(-80, 0)	(-40, -69)	(40, -69)	circle	none	dif	left	left	N_dist	(80, 0)	search	nr	True	206418	206955	left	135	160	60	110	35	10	None	None	testing
7	xd	f	21	green	4	(80, 0)	(40, 69)	(-39, 69)	(-80, 0)	(-40, -69)	(40, -69)	diamond	none	dif	right	right	N_dist	(40, -69)	search	nr	True	208088	208858	right	110	85	10	35	160	135	None	None	testing
7	xd	f	21	green	4	(80, 0)	(40, 69)	(-39, 69)	(-80, 0)	(-40, -69)	(40, -69)	circle	none	dif	left	left	N_dist	(-40, -69)	search	nr	True	210159	210762	left	35	60	160	85	110	135	None	None	testing
7	xd	f	21	green	4	(80, 0)	(40, 69)	(-39, 69)	(-80, 0)	(-40, -69)	(40, -69)	diamond	green	dif	left	left	(80, 0)	(40, 69)	search	nr	True	211997	212682	left	60	35	10	160	85	135	None	None	testing
7	xd	f	21	green	4	(80, 0)	(40, 69)	(-39, 69)	(-80, 0)	(-40, -69)	(40, -69)	diamond	green	same	left	left	(80, 0)	(40, -69)	search	nr	True	213866	214394	left	135	35	10	60	85	110	None	None	testing
7	xd	f	21	green	4	(80, 0)	(40, 69)	(-39, 69)	(-80, 0)	(-40, -69)	(40, -69)	diamond	green	same	left	left	(-80, 0)	(-40, -69)	search	nr	True	215519	216091	left	85	110	35	10	135	60	None	None	testing
7	xd	f	21	green	4	(80, 0)	(40, 69)	(-39, 69)	(-80, 0)	(-40, -69)	(40, -69)	diamond	green	dif	left	left	(80, 0)	(-80, 0)	search	nr	True	217289	217771	left	110	160	35	60	85	10	None	None	testing
7	xd	f	21	green	4	(80, 0)	(40, 69)	(-39, 69)	(-80, 0)	(-40, -69)	(40, -69)	diamond	none	dif	left	left	N_dist	(-40, -69)	probe	l_norm	None	None	None	None	35	135	10	60	160	110	(-39, 69)	22	testing
7	xd	f	21	green	4	(80, 0)	(40, 69)	(-39, 69)	(-80, 0)	(-40, -69)	(40, -69)	diamond	none	same	left	left	N_dist	(-39, 69)	search	nr	True	223250	223739	left	10	35	85	135	160	60	None	None	testing
7	xd	f	21	green	4	(80, 0)	(40, 69)	(-39, 69)	(-80, 0)	(-40, -69)	(40, -69)	diamond	green	dif	left	left	(80, 0)	(-39, 69)	search	nr	True	224853	225354	left	85	60	135	35	160	10	None	None	testing
7	xd	f	21	green	4	(80, 0)	(40, 69)	(-39, 69)	(-80, 0)	(-40, -69)	(40, -69)	circle	green	same	left	left	(80, 0)	(40, -69)	search	nr	True	226472	227322	left	160	10	60	110	35	85	None	None	testing
7	xd	f	21	green	4	(80, 0)	(40, 69)	(-39, 69)	(-80, 0)	(-40, -69)	(40, -69)	circle	green	same	left	left	(-40, -69)	(-39, 69)	search	nr	True	228410	228922	left	135	85	10	60	35	110	None	None	testing
7	xd	f	21	green	4	(80, 0)	(40, 69)	(-39, 69)	(-80, 0)	(-40, -69)	(40, -69)	diamond	none	dif	left	left	N_dist	(-39, 69)	search	nr	True	230163	230666	left	110	160	60	135	35	10	None	None	testing
7	xd	f	21	green	4	(80, 0)	(40, 69)	(-39, 69)	(-80, 0)	(-40, -69)	(40, -69)	circle	green	dif	right	right	(80, 0)	(40, 69)	probe	h_sin	None	None	None	None	85	10	135	160	35	60	(80, 0)	167	testing
7	xd	f	21	green	4	(80, 0)	(40, 69)	(-39, 69)	(-80, 0)	(-40, -69)	(40, -69)	circle	none	dif	right	right	N_dist	(-80, 0)	search	nr	True	235456	236378	right	60	160	85	35	110	135	None	None	testing
7	xd	f	21	green	4	(80, 0)	(40, 69)	(-39, 69)	(-80, 0)	(-40, -69)	(40, -69)	circle	green	dif	left	left	(40, -69)	(-40, -69)	probe	l_sin	None	None	None	None	160	60	10	110	85	35	(40, -69)	25	testing
7	xd	f	21	green	4	(80, 0)	(40, 69)	(-39, 69)	(-80, 0)	(-40, -69)	(40, -69)	diamond	none	same	right	right	N_dist	(80, 0)	search	nr	True	242084	242762	right	85	35	135	160	60	10	None	None	testing
7	xd	f	21	green	4	(80, 0)	(40, 69)	(-39, 69)	(-80, 0)	(-40, -69)	(40, -69)	circle	green	same	right	right	(40, -69)	(-80, 0)	search	nr	True	244004	244682	right	160	10	110	60	85	135	None	None	testing
7	xd	f	21	green	4	(80, 0)	(40, 69)	(-39, 69)	(-80, 0)	(-40, -69)	(40, -69)	diamond	none	same	right	right	N_dist	(40, -69)	search	nr	True	245858	246570	right	10	60	110	85	160	135	None	None	testing
7	xd	f	21	green	4	(80, 0)	(40, 69)	(-39, 69)	(-80, 0)	(-40, -69)	(40, -69)	circle	none	dif	left	left	N_dist	(-39, 69)	search	nr	True	247711	248443	left	85	160	10	135	35	110	None	None	testing
7	xd	f	21	green	4	(80, 0)	(40, 69)	(-39, 69)	(-80, 0)	(-40, -69)	(40, -69)	diamond	green	same	right	right	(-80, 0)	(-40, -69)	search	nr	True	249532	250442	right	110	160	10	85	60	135	None	None	testing
7	xd	f	21	green	4	(80, 0)	(40, 69)	(-39, 69)	(-80, 0)	(-40, -69)	(40, -69)	diamond	green	dif	right	right	(40, -69)	(-80, 0)	probe	l_sin	None	None	None	None	10	135	60	85	160	110	(40, -69)	26	testing
7	xd	f	21	green	4	(80, 0)	(40, 69)	(-39, 69)	(-80, 0)	(-40, -69)	(40, -69)	diamond	green	dif	right	right	(80, 0)	(40, -69)	search	nr	True	255994	256571	right	85	10	135	35	60	110	None	None	testing
7	xd	f	21	green	4	(80, 0)	(40, 69)	(-39, 69)	(-80, 0)	(-40, -69)	(40, -69)	circle	none	same	left	left	N_dist	(-80, 0)	search	nr	True	257813	258443	left	60	35	110	160	135	10	None	None	testing
7	xd	f	21	green	4	(80, 0)	(40, 69)	(-39, 69)	(-80, 0)	(-40, -69)	(40, -69)	circle	green	dif	left	left	(80, 0)	(-40, -69)	search	nr	True	259716	260314	left	135	35	85	10	110	160	None	None	testing
7	xd	f	21	green	4	(80, 0)	(40, 69)	(-39, 69)	(-80, 0)	(-40, -69)	(40, -69)	diamond	none	same	right	right	N_dist	(40, -69)	search	nr	True	261437	262250	right	60	10	85	35	135	160	None	None	testing
7	xd	f	21	green	4	(80, 0)	(40, 69)	(-39, 69)	(-80, 0)	(-40, -69)	(40, -69)	circle	none	dif	right	right	N_dist	(-80, 0)	probe	l_tar	None	None	None	None	110	35	160	135	10	60	(-80, 0)	7	testing
7	xd	f	21	green	4	(80, 0)	(40, 69)	(-39, 69)	(-80, 0)	(-40, -69)	(40, -69)	circle	green	same	right	right	(80, 0)	(-80, 0)	search	nr	True	267732	268491	right	85	160	35	135	60	110	None	None	testing
7	xd	f	21	green	4	(80, 0)	(40, 69)	(-39, 69)	(-80, 0)	(-40, -69)	(40, -69)	diamond	green	dif	right	right	(40, 69)	(-39, 69)	search	nr	True	269751	270442	right	110	160	60	135	35	85	None	None	testing
7	xd	f	21	green	4	(80, 0)	(40, 69)	(-39, 69)	(-80, 0)	(-40, -69)	(40, -69)	diamond	green	same	right	right	(80, 0)	(-39, 69)	probe	tar	None	None	None	None	110	10	135	85	60	35	(-39, 69)	15	testing
7	xd	f	21	green	4	(80, 0)	(40, 69)	(-39, 69)	(-80, 0)	(-40, -69)	(40, -69)	diamond	green	same	left	left	(-39, 69)	(-80, 0)	search	nr	True	276064	276794	left	110	135	160	35	85	60	None	None	testing
7	xd	f	21	green	4	(80, 0)	(40, 69)	(-39, 69)	(-80, 0)	(-40, -69)	(40, -69)	circle	none	dif	right	right	N_dist	(80, 0)	search	nr	True	277883	278570	right	60	135	160	10	85	35	None	None	testing
7	xd	f	21	green	4	(80, 0)	(40, 69)	(-39, 69)	(-80, 0)	(-40, -69)	(40, -69)	circle	none	dif	right	right	N_dist	(-39, 69)	probe	l_tar	None	None	None	None	135	110	10	60	85	35	(-39, 69)	121	testing
7	xd	f	21	green	4	(80, 0)	(40, 69)	(-39, 69)	(-80, 0)	(-40, -69)	(40, -69)	circle	green	dif	left	left	(-39, 69)	(-40, -69)	probe	l_sin	None	None	None	None	35	10	135	60	110	85	(-39, 69)	23	testing
7	xd	f	21	green	4	(80, 0)	(40, 69)	(-39, 69)	(-80, 0)	(-40, -69)	(40, -69)	circle	green	same	left	left	(80, 0)	(40, 69)	search	nr	True	288320	288875	left	135	110	60	85	10	35	None	None	testing
7	xd	f	21	green	4	(80, 0)	(40, 69)	(-39, 69)	(-80, 0)	(-40, -69)	(40, -69)	circle	none	dif	left	left	N_dist	(-39, 69)	search	nr	True	289972	290458	left	160	10	35	60	110	135	None	None	testing
7	xd	f	21	green	4	(80, 0)	(40, 69)	(-39, 69)	(-80, 0)	(-40, -69)	(40, -69)	circle	green	same	right	right	(-39, 69)	(-40, -69)	search	nr	True	291541	292330	right	135	110	10	85	35	60	None	None	testing
7	xd	f	21	green	4	(80, 0)	(40, 69)	(-39, 69)	(-80, 0)	(-40, -69)	(40, -69)	circle	green	dif	left	left	(80, 0)	(40, -69)	search	nr	True	293429	294010	left	35	10	135	160	60	85	None	None	testing
7	xd	f	21	green	4	(80, 0)	(40, 69)	(-39, 69)	(-80, 0)	(-40, -69)	(40, -69)	circle	none	dif	right	right	N_dist	(80, 0)	probe	h_tar	None	None	None	None	60	35	160	10	135	85	(80, 0)	162	testing
7	xd	f	21	green	4	(80, 0)	(40, 69)	(-39, 69)	(-80, 0)	(-40, -69)	(40, -69)	circle	none	dif	left	left	N_dist	(-40, -69)	search	nr	True	299557	300186	left	60	110	35	10	135	85	None	None	testing
7	xd	f	21	green	4	(80, 0)	(40, 69)	(-39, 69)	(-80, 0)	(-40, -69)	(40, -69)	circle	none	dif	left	left	N_dist	(-40, -69)	probe	h_norm	None	None	None	None	35	135	85	60	10	110	(80, 0)	31	testing
7	xd	f	21	green	4	(80, 0)	(40, 69)	(-39, 69)	(-80, 0)	(-40, -69)	(40, -69)	circle	green	same	left	left	(80, 0)	(-39, 69)	search	nr	True	305702	306218	left	85	110	160	10	35	60	None	None	testing
7	xd	f	21	green	4	(80, 0)	(40, 69)	(-39, 69)	(-80, 0)	(-40, -69)	(40, -69)	diamond	green	dif	right	right	(40, 69)	(-39, 69)	probe	l_sin	None	None	None	None	10	135	160	60	110	85	(40, 69)	25	testing
7	xd	f	21	green	4	(80, 0)	(40, 69)	(-39, 69)	(-80, 0)	(-40, -69)	(40, -69)	diamond	none	dif	left	left	N_dist	(40, 69)	search	nr	True	311746	312298	left	110	10	85	160	135	60	None	None	testing
7	xd	f	21	green	4	(80, 0)	(40, 69)	(-39, 69)	(-80, 0)	(-40, -69)	(40, -69)	circle	green	dif	left	left	(-40, -69)	(-39, 69)	search	nr	True	313499	314059	left	85	110	10	60	135	35	None	None	testing
7	xd	f	21	green	4	(80, 0)	(40, 69)	(-39, 69)	(-80, 0)	(-40, -69)	(40, -69)	circle	none	dif	left	left	N_dist	(80, 0)	search	nr	True	315203	315739	left	60	35	135	110	10	85	None	None	testing
7	xd	f	21	green	4	(80, 0)	(40, 69)	(-39, 69)	(-80, 0)	(-40, -69)	(40, -69)	circle	green	dif	right	right	(80, 0)	(-80, 0)	probe	norm	None	None	None	None	35	85	110	135	160	60	(-39, 69)	11	testing
7	xd	f	21	green	4	(80, 0)	(40, 69)	(-39, 69)	(-80, 0)	(-40, -69)	(40, -69)	circle	green	dif	right	right	(-80, 0)	(-40, -69)	search	nr	True	321213	322123	right	10	35	85	160	110	60	None	None	testing
7	xd	f	21	green	4	(80, 0)	(40, 69)	(-39, 69)	(-80, 0)	(-40, -69)	(40, -69)	diamond	green	dif	right	right	(80, 0)	(40, -69)	search	nr	True	323401	324154	right	160	60	10	135	35	110	None	None	testing
7	xd	f	21	green	4	(80, 0)	(40, 69)	(-39, 69)	(-80, 0)	(-40, -69)	(40, -69)	diamond	green	same	right	right	(80, 0)	(40, 69)	probe	tar	None	None	None	None	160	60	135	110	10	85	(40, 69)	152	testing
7	xd	f	21	green	4	(80, 0)	(40, 69)	(-39, 69)	(-80, 0)	(-40, -69)	(40, -69)	circle	none	same	left	left	N_dist	(40, 69)	search	nr	True	329461	329978	left	35	135	85	10	160	110	None	None	testing
7	xd	f	21	green	4	(80, 0)	(40, 69)	(-39, 69)	(-80, 0)	(-40, -69)	(40, -69)	diamond	green	dif	left	left	(80, 0)	(-39, 69)	probe	h_sin	None	None	None	None	60	135	35	10	85	110	(80, 0)	25	testing
7	xd	f	21	green	4	(80, 0)	(40, 69)	(-39, 69)	(-80, 0)	(-40, -69)	(40, -69)	circle	none	same	right	right	N_dist	(-80, 0)	search	nr	True	334638	335210	right	35	10	60	160	135	110	None	None	testing
7	xd	f	21	green	4	(80, 0)	(40, 69)	(-39, 69)	(-80, 0)	(-40, -69)	(40, -69)	diamond	green	dif	right	right	(80, 0)	(-40, -69)	probe	norm	None	None	None	None	160	60	110	10	135	85	(-80, 0)	8	testing
7	xd	f	21	green	4	(80, 0)	(40, 69)	(-39, 69)	(-80, 0)	(-40, -69)	(40, -69)	diamond	none	dif	right	right	N_dist	(80, 0)	probe	h_tar	None	None	None	None	85	10	160	110	60	35	(80, 0)	170	testing
7	xd	f	21	green	4	(80, 0)	(40, 69)	(-39, 69)	(-80, 0)	(-40, -69)	(40, -69)	diamond	green	same	left	left	(80, 0)	(40, 69)	search	nr	True	344973	345690	left	10	160	135	85	110	35	None	None	testing
7	xd	f	21	green	4	(80, 0)	(40, 69)	(-39, 69)	(-80, 0)	(-40, -69)	(40, -69)	circle	green	same	right	right	(-40, -69)	(-80, 0)	search	nr	True	346810	347482	right	10	85	110	160	35	135	None	None	testing
7	xd	f	21	green	4	(80, 0)	(40, 69)	(-39, 69)	(-80, 0)	(-40, -69)	(40, -69)	circle	green	same	right	right	(80, 0)	(-40, -69)	search	nr	True	348564	349209	right	110	60	35	10	160	135	None	None	testing
7	xd	f	21	green	4	(80, 0)	(40, 69)	(-39, 69)	(-80, 0)	(-40, -69)	(40, -69)	diamond	green	same	left	left	(80, 0)	(40, 69)	search	nr	True	350383	350922	left	35	135	85	110	60	10	None	None	testing
7	xd	f	21	green	4	(80, 0)	(40, 69)	(-39, 69)	(-80, 0)	(-40, -69)	(40, -69)	diamond	green	same	left	left	(80, 0)	(-80, 0)	probe	tar	None	None	None	None	110	135	35	160	60	10	(-80, 0)	25	testing
7	xd	f	21	green	4	(80, 0)	(40, 69)	(-39, 69)	(-80, 0)	(-40, -69)	(40, -69)	circle	green	same	left	left	(80, 0)	(40, 69)	search	nr	True	357263	357962	left	10	35	60	135	160	110	None	None	testing
7	xd	f	21	green	4	(80, 0)	(40, 69)	(-39, 69)	(-80, 0)	(-40, -69)	(40, -69)	circle	none	same	right	right	N_dist	(-39, 69)	search	nr	True	359083	359626	right	110	10	160	85	35	135	None	None	testing
7	xd	f	21	green	4	(80, 0)	(40, 69)	(-39, 69)	(-80, 0)	(-40, -69)	(40, -69)	diamond	none	dif	left	left	N_dist	(80, 0)	probe	h_tar	None	None	None	None	85	110	35	160	135	60	(80, 0)	175	testing
7	xd	f	21	green	4	(80, 0)	(40, 69)	(-39, 69)	(-80, 0)	(-40, -69)	(40, -69)	diamond	none	dif	right	right	N_dist	(80, 0)	search	nr	True	364493	365083	right	35	85	60	160	135	110	None	None	testing
7	xd	f	21	green	4	(80, 0)	(40, 69)	(-39, 69)	(-80, 0)	(-40, -69)	(40, -69)	diamond	green	dif	right	right	(80, 0)	(40, -69)	search	nr	True	366396	367130	right	60	85	10	110	160	135	None	None	testing
7	xd	f	21	green	4	(80, 0)	(40, 69)	(-39, 69)	(-80, 0)	(-40, -69)	(40, -69)	diamond	green	dif	left	left	(80, 0)	(-40, -69)	search	nr	True	368299	368810	left	60	10	85	35	110	135	None	None	testing
7	xd	f	21	green	4	(80, 0)	(40, 69)	(-39, 69)	(-80, 0)	(-40, -69)	(40, -69)	diamond	green	same	left	left	(80, 0)	(-80, 0)	search	nr	True	369986	370506	left	110	60	135	35	160	10	None	None	testing
7	xd	f	21	green	4	(80, 0)	(40, 69)	(-39, 69)	(-80, 0)	(-40, -69)	(40, -69)	diamond	green	dif	left	left	(80, 0)	(40, 69)	search	nr	True	371623	372218	left	10	135	35	110	85	60	None	None	testing
7	xd	f	21	green	4	(80, 0)	(40, 69)	(-39, 69)	(-80, 0)	(-40, -69)	(40, -69)	diamond	green	same	right	right	(80, 0)	(40, -69)	search	nr	True	373493	374155	right	160	10	110	85	35	135	None	None	testing
7	xd	f	21	green	4	(80, 0)	(40, 69)	(-39, 69)	(-80, 0)	(-40, -69)	(40, -69)	diamond	none	same	left	left	N_dist	(-39, 69)	search	nr	True	375296	375801	left	110	85	60	135	160	10	None	None	testing
7	xd	f	21	green	4	(80, 0)	(40, 69)	(-39, 69)	(-80, 0)	(-40, -69)	(40, -69)	diamond	none	same	right	right	N_dist	(-40, -69)	search	nr	True	377016	377625	right	60	35	110	85	135	160	None	None	testing
7	xd	f	21	green	4	(80, 0)	(40, 69)	(-39, 69)	(-80, 0)	(-40, -69)	(40, -69)	circle	green	same	left	left	(80, 0)	(-39, 69)	search	nr	True	378719	379771	left	10	85	60	160	135	35	None	None	testing
7	xd	f	21	green	4	(80, 0)	(40, 69)	(-39, 69)	(-80, 0)	(-40, -69)	(40, -69)	circle	green	dif	right	right	(40, 69)	(-40, -69)	probe	tar	None	None	None	None	110	35	85	10	60	160	(-40, -69)	164	testing
7	xd	f	21	green	4	(80, 0)	(40, 69)	(-39, 69)	(-80, 0)	(-40, -69)	(40, -69)	circle	none	dif	left	left	N_dist	(80, 0)	search	nr	True	384680	385259	left	110	85	135	10	160	60	None	None	testing
7	xd	f	21	green	4	(80, 0)	(40, 69)	(-39, 69)	(-80, 0)	(-40, -69)	(40, -69)	diamond	green	same	left	left	(80, 0)	(-80, 0)	search	nr	True	386416	386907	left	135	35	10	160	60	85	None	None	testing
7	xd	f	21	green	4	(80, 0)	(40, 69)	(-39, 69)	(-80, 0)	(-40, -69)	(40, -69)	circle	green	dif	left	left	(40, 69)	(-80, 0)	search	nr	True	388070	388554	left	160	35	10	60	110	135	None	None	testing
7	xd	f	21	green	4	(80, 0)	(40, 69)	(-39, 69)	(-80, 0)	(-40, -69)	(40, -69)	diamond	green	dif	right	right	(80, 0)	(-40, -69)	probe	norm	None	None	None	None	85	135	10	35	60	160	(-39, 69)	17	testing
7	xd	f	21	green	4	(80, 0)	(40, 69)	(-39, 69)	(-80, 0)	(-40, -69)	(40, -69)	circle	green	same	left	left	(80, 0)	(-39, 69)	probe	h_sin	None	None	None	None	160	60	35	110	135	10	(80, 0)	28	testing
7	xd	f	21	green	4	(80, 0)	(40, 69)	(-39, 69)	(-80, 0)	(-40, -69)	(40, -69)	circle	green	dif	right	right	(80, 0)	(40, -69)	search	nr	True	397320	397962	right	135	85	160	60	10	110	None	None	testing
7	xd	f	21	green	4	(80, 0)	(40, 69)	(-39, 69)	(-80, 0)	(-40, -69)	(40, -69)	circle	none	dif	right	right	N_dist	(-80, 0)	search	nr	True	399207	399803	right	135	10	60	85	35	110	None	None	testing
7	xd	f	21	green	4	(80, 0)	(40, 69)	(-39, 69)	(-80, 0)	(-40, -69)	(40, -69)	diamond	green	same	left	left	(80, 0)	(-80, 0)	probe	norm	None	None	None	None	35	135	160	60	10	85	(40, -69)	38	testing
7	xd	f	21	green	4	(80, 0)	(40, 69)	(-39, 69)	(-80, 0)	(-40, -69)	(40, -69)	circle	green	dif	right	right	(80, 0)	(40, -69)	search	nr	True	405184	405802	right	60	135	110	160	85	10	None	None	testing
7	xd	f	21	green	4	(80, 0)	(40, 69)	(-39, 69)	(-80, 0)	(-40, -69)	(40, -69)	circle	green	same	left	left	(80, 0)	(40, 69)	probe	tar	None	None	None	None	135	85	60	160	10	35	(40, 69)	9	testing
7	xd	f	21	green	4	(80, 0)	(40, 69)	(-39, 69)	(-80, 0)	(-40, -69)	(40, -69)	diamond	none	same	left	left	N_dist	(-39, 69)	probe	h_norm	None	None	None	None	135	110	85	10	60	160	(80, 0)	42	testing
7	xd	f	21	green	4	(80, 0)	(40, 69)	(-39, 69)	(-80, 0)	(-40, -69)	(40, -69)	circle	green	same	right	right	(80, 0)	(-40, -69)	probe	norm	None	None	None	None	135	85	110	10	60	35	(40, 69)	155	testing
7	xd	f	21	green	4	(80, 0)	(40, 69)	(-39, 69)	(-80, 0)	(-40, -69)	(40, -69)	circle	none	dif	left	left	N_dist	(80, 0)	probe	h_tar	None	None	None	None	35	85	135	10	110	160	(80, 0)	149	testing
7	xd	f	21	green	4	(80, 0)	(40, 69)	(-39, 69)	(-80, 0)	(-40, -69)	(40, -69)	circle	green	same	left	left	(80, 0)	(40, -69)	search	nr	True	424236	424986	left	35	10	85	135	60	160	None	None	testing
7	xd	f	21	green	4	(80, 0)	(40, 69)	(-39, 69)	(-80, 0)	(-40, -69)	(40, -69)	diamond	green	dif	right	right	(80, 0)	(40, -69)	search	nr	True	426223	426921	right	60	10	35	110	160	85	None	None	testing
7	xd	f	21	green	4	(80, 0)	(40, 69)	(-39, 69)	(-80, 0)	(-40, -69)	(40, -69)	diamond	green	same	right	right	(40, 69)	(40, -69)	search	nr	True	428110	428955	right	135	60	35	85	10	110	None	None	testing
7	xd	f	21	green	4	(80, 0)	(40, 69)	(-39, 69)	(-80, 0)	(-40, -69)	(40, -69)	circle	green	same	left	left	(40, -69)	(-39, 69)	probe	tar	None	None	None	None	35	10	160	60	85	135	(-39, 69)	24	testing
7	xd	f	21	green	4	(80, 0)	(40, 69)	(-39, 69)	(-80, 0)	(-40, -69)	(40, -69)	diamond	green	dif	right	right	(80, 0)	(-40, -69)	search	nr	True	434739	435482	right	60	35	110	85	10	160	None	None	testing
7	xd	f	21	green	4	(80, 0)	(40, 69)	(-39, 69)	(-80, 0)	(-40, -69)	(40, -69)	circle	none	same	right	right	N_dist	(-80, 0)	search	nr	True	436743	437323	right	10	60	135	35	110	85	None	None	testing
7	xd	f	21	green	4	(80, 0)	(40, 69)	(-39, 69)	(-80, 0)	(-40, -69)	(40, -69)	circle	none	dif	right	right	N_dist	(80, 0)	search	nr	True	438479	439210	right	110	160	85	35	60	10	None	None	testing
7	xd	f	21	green	4	(80, 0)	(40, 69)	(-39, 69)	(-80, 0)	(-40, -69)	(40, -69)	diamond	none	dif	right	right	N_dist	(40, 69)	search	nr	True	440349	441001	right	85	160	135	35	10	110	None	None	testing
7	xd	f	21	green	4	(80, 0)	(40, 69)	(-39, 69)	(-80, 0)	(-40, -69)	(40, -69)	diamond	green	same	left	left	(80, 0)	(40, -69)	probe	norm	None	None	None	None	160	35	110	85	135	10	(-80, 0)	6	testing
7	xd	f	21	green	4	(80, 0)	(40, 69)	(-39, 69)	(-80, 0)	(-40, -69)	(40, -69)	circle	green	dif	right	right	(80, 0)	(40, 69)	search	nr	True	446076	446875	right	60	85	135	110	35	160	None	None	testing
7	xd	f	21	green	4	(80, 0)	(40, 69)	(-39, 69)	(-80, 0)	(-40, -69)	(40, -69)	diamond	none	same	right	right	N_dist	(-40, -69)	search	nr	True	447997	448666	right	110	35	10	160	85	60	None	None	testing
7	xd	f	21	green	4	(80, 0)	(40, 69)	(-39, 69)	(-80, 0)	(-40, -69)	(40, -69)	diamond	none	dif	right	right	N_dist	(80, 0)	search	nr	True	449816	450363	right	10	35	85	60	160	135	None	None	testing
7	xd	f	21	green	4	(80, 0)	(40, 69)	(-39, 69)	(-80, 0)	(-40, -69)	(40, -69)	circle	green	dif	left	left	(80, 0)	(-40, -69)	probe	h_sin	None	None	None	None	10	35	160	85	60	110	(80, 0)	19	testing
7	xd	f	21	green	4	(80, 0)	(40, 69)	(-39, 69)	(-80, 0)	(-40, -69)	(40, -69)	diamond	green	dif	left	left	(80, 0)	(40, 69)	probe	norm	None	None	None	None	10	160	85	35	60	110	(-39, 69)	162	testing
7	xd	f	21	green	4	(80, 0)	(40, 69)	(-39, 69)	(-80, 0)	(-40, -69)	(40, -69)	circle	green	same	right	right	(-40, -69)	(-80, 0)	search	nr	True	459517	460666	right	135	110	60	10	85	35	None	None	testing
7	xd	f	21	green	4	(80, 0)	(40, 69)	(-39, 69)	(-80, 0)	(-40, -69)	(40, -69)	diamond	green	same	right	right	(40, 69)	(40, -69)	probe	norm	None	None	None	None	135	85	35	10	110	60	(-80, 0)	5	testing
7	xd	f	21	green	4	(80, 0)	(40, 69)	(-39, 69)	(-80, 0)	(-40, -69)	(40, -69)	circle	green	same	right	right	(-40, -69)	(40, -69)	search	nr	True	466113	466747	right	110	160	10	35	135	85	None	None	testing
7	xd	f	21	green	4	(80, 0)	(40, 69)	(-39, 69)	(-80, 0)	(-40, -69)	(40, -69)	circle	green	same	right	right	(80, 0)	(-80, 0)	probe	h_sin	None	None	None	None	35	110	85	10	135	60	(80, 0)	42	testing
7	xd	f	21	green	4	(80, 0)	(40, 69)	(-39, 69)	(-80, 0)	(-40, -69)	(40, -69)	circle	none	same	right	right	N_dist	(-80, 0)	search	nr	True	473527	474074	right	60	85	110	135	10	160	None	None	testing
7	xd	f	21	green	4	(80, 0)	(40, 69)	(-39, 69)	(-80, 0)	(-40, -69)	(40, -69)	diamond	none	same	left	left	N_dist	(-39, 69)	search	nr	True	475280	475978	left	35	135	110	10	60	160	None	None	testing
7	xd	f	21	green	4	(80, 0)	(40, 69)	(-39, 69)	(-80, 0)	(-40, -69)	(40, -69)	circle	green	same	right	right	(80, 0)	(-80, 0)	probe	norm	None	None	None	None	85	60	160	10	110	135	(-40, -69)	18	testing
7	xd	f	21	green	4	(80, 0)	(40, 69)	(-39, 69)	(-80, 0)	(-40, -69)	(40, -69)	circle	none	same	right	right	N_dist	(-39, 69)	search	nr	True	481492	482042	right	135	35	110	10	85	160	None	None	testing
7	xd	f	21	green	4	(80, 0)	(40, 69)	(-39, 69)	(-80, 0)	(-40, -69)	(40, -69)	diamond	green	same	right	right	(40, -69)	(-80, 0)	search	nr	True	483228	483803	left	60	110	10	35	135	160	None	None	testing
7	xd	f	21	green	4	(80, 0)	(40, 69)	(-39, 69)	(-80, 0)	(-40, -69)	(40, -69)	diamond	none	same	left	left	N_dist	(40, -69)	search	nr	True	486400	487162	left	110	135	35	10	60	160	None	None	testing
7	xd	f	21	green	4	(80, 0)	(40, 69)	(-39, 69)	(-80, 0)	(-40, -69)	(40, -69)	diamond	green	same	left	left	(-80, 0)	(40, 69)	probe	l_sin	None	None	None	None	10	135	35	160	85	60	(-80, 0)	6	testing
7	xd	f	21	green	4	(80, 0)	(40, 69)	(-39, 69)	(-80, 0)	(-40, -69)	(40, -69)	diamond	green	same	right	right	(40, 69)	(-39, 69)	search	nr	True	492061	492713	right	85	35	110	160	10	60	None	None	testing
7	xd	f	21	green	4	(80, 0)	(40, 69)	(-39, 69)	(-80, 0)	(-40, -69)	(40, -69)	diamond	none	same	right	right	N_dist	(80, 0)	search	nr	True	493781	494554	right	85	10	135	160	110	60	None	None	testing
7	xd	f	21	green	4	(80, 0)	(40, 69)	(-39, 69)	(-80, 0)	(-40, -69)	(40, -69)	circle	green	same	right	right	(80, 0)	(-40, -69)	probe	tar	None	None	None	None	35	60	160	135	85	110	(-40, -69)	173	testing
7	xd	f	21	green	4	(80, 0)	(40, 69)	(-39, 69)	(-80, 0)	(-40, -69)	(40, -69)	diamond	green	dif	left	left	(80, 0)	(-39, 69)	probe	norm	None	None	None	None	135	10	60	110	85	160	(-40, -69)	170	testing
7	xd	f	21	green	4	(80, 0)	(40, 69)	(-39, 69)	(-80, 0)	(-40, -69)	(40, -69)	circle	green	dif	left	left	(-40, -69)	(-39, 69)	search	nr	True	504433	505019	left	160	35	110	135	10	60	None	None	testing
7	xd	f	21	green	4	(80, 0)	(40, 69)	(-39, 69)	(-80, 0)	(-40, -69)	(40, -69)	circle	none	same	left	left	N_dist	(40, 69)	probe	h_norm	None	None	None	None	35	160	60	85	10	135	(80, 0)	15	testing
7	xd	f	21	green	4	(80, 0)	(40, 69)	(-39, 69)	(-80, 0)	(-40, -69)	(40, -69)	circle	green	dif	right	right	(80, 0)	(40, -69)	probe	norm	None	None	None	None	35	60	135	110	160	10	(40, 69)	23	testing
7	xd	f	21	green	4	(80, 0)	(40, 69)	(-39, 69)	(-80, 0)	(-40, -69)	(40, -69)	diamond	green	same	left	left	(80, 0)	(-80, 0)	search	nr	True	514251	515083	left	10	110	160	35	135	85	None	None	testing
7	xd	f	21	green	4	(80, 0)	(40, 69)	(-39, 69)	(-80, 0)	(-40, -69)	(40, -69)	circle	green	dif	right	right	(-39, 69)	(40, -69)	probe	l_sin	None	None	None	None	135	160	110	10	85	60	(-39, 69)	165	testing
7	xd	f	21	green	4	(80, 0)	(40, 69)	(-39, 69)	(-80, 0)	(-40, -69)	(40, -69)	diamond	green	same	left	left	(-39, 69)	(-80, 0)	search	nr	True	520563	521210	left	85	35	160	110	10	60	None	None	testing
7	xd	f	21	green	4	(80, 0)	(40, 69)	(-39, 69)	(-80, 0)	(-40, -69)	(40, -69)	diamond	green	same	right	right	(80, 0)	(40, -69)	probe	tar	None	None	None	None	60	10	135	110	160	85	(40, -69)	172	testing
7	xd	f	21	green	4	(80, 0)	(40, 69)	(-39, 69)	(-80, 0)	(-40, -69)	(40, -69)	circle	none	dif	right	right	N_dist	(40, -69)	search	nr	True	526390	526955	right	35	135	110	85	10	60	None	None	testing
7	xd	f	21	green	4	(80, 0)	(40, 69)	(-39, 69)	(-80, 0)	(-40, -69)	(40, -69)	diamond	none	dif	right	right	N_dist	(80, 0)	search	nr	True	528227	528922	right	60	10	35	110	85	135	None	None	testing
7	xd	f	21	green	4	(80, 0)	(40, 69)	(-39, 69)	(-80, 0)	(-40, -69)	(40, -69)	diamond	none	same	left	left	N_dist	(40, 69)	search	nr	True	530214	530810	left	35	110	160	60	85	135	None	None	testing
7	xd	f	21	green	4	(80, 0)	(40, 69)	(-39, 69)	(-80, 0)	(-40, -69)	(40, -69)	diamond	green	dif	left	left	(80, 0)	(-39, 69)	search	nr	True	532000	532570	left	160	60	135	35	85	110	None	None	testing
7	xd	f	21	green	4	(80, 0)	(40, 69)	(-39, 69)	(-80, 0)	(-40, -69)	(40, -69)	circle	green	same	right	right	(80, 0)	(-80, 0)	search	nr	True	533670	534362	right	10	85	35	110	135	160	None	None	testing
7	xd	f	21	green	4	(80, 0)	(40, 69)	(-39, 69)	(-80, 0)	(-40, -69)	(40, -69)	diamond	green	same	right	right	(80, 0)	(-39, 69)	search	nr	True	535474	536265	right	60	35	110	135	160	10	None	None	testing
7	xd	f	21	green	4	(80, 0)	(40, 69)	(-39, 69)	(-80, 0)	(-40, -69)	(40, -69)	circle	green	dif	right	right	(40, -69)	(-40, -69)	probe	norm	None	None	None	None	110	10	160	85	135	60	(80, 0)	9	testing
7	xd	f	21	green	4	(80, 0)	(40, 69)	(-39, 69)	(-80, 0)	(-40, -69)	(40, -69)	diamond	green	dif	left	left	(80, 0)	(-39, 69)	search	nr	True	541384	542026	left	60	10	135	35	110	85	None	None	testing
7	xd	f	21	green	4	(80, 0)	(40, 69)	(-39, 69)	(-80, 0)	(-40, -69)	(40, -69)	diamond	green	dif	right	right	(80, 0)	(-40, -69)	search	nr	True	543205	543899	right	85	35	110	10	60	135	None	None	testing
7	xd	f	21	green	4	(80, 0)	(40, 69)	(-39, 69)	(-80, 0)	(-40, -69)	(40, -69)	circle	green	same	left	left	(-40, -69)	(-39, 69)	search	nr	True	545008	545578	left	35	85	10	135	60	110	None	None	testing
7	xd	f	21	green	4	(80, 0)	(40, 69)	(-39, 69)	(-80, 0)	(-40, -69)	(40, -69)	circle	green	dif	left	left	(-40, -69)	(40, 69)	probe	l_sin	None	None	None	None	135	160	35	10	60	110	(-40, -69)	162	testing
7	xd	f	21	green	4	(80, 0)	(40, 69)	(-39, 69)	(-80, 0)	(-40, -69)	(40, -69)	circle	green	same	right	right	(40, -69)	(-80, 0)	probe	l_sin	None	None	None	None	85	135	110	10	160	35	(40, -69)	26	testing
7	xd	f	21	green	4	(80, 0)	(40, 69)	(-39, 69)	(-80, 0)	(-40, -69)	(40, -69)	circle	green	dif	right	right	(-39, 69)	(40, -69)	search	nr	True	555093	555915	right	60	10	110	85	160	135	None	None	testing
7	xd	f	21	green	4	(80, 0)	(40, 69)	(-39, 69)	(-80, 0)	(-40, -69)	(40, -69)	diamond	green	same	right	right	(40, 69)	(40, -69)	search	nr	True	557013	557594	right	60	10	85	160	35	135	None	None	testing
7	xd	f	21	green	4	(80, 0)	(40, 69)	(-39, 69)	(-80, 0)	(-40, -69)	(40, -69)	circle	green	same	left	left	(40, -69)	(-39, 69)	search	nr	True	558833	559386	left	35	110	10	60	135	160	None	None	testing
7	xd	f	21	green	4	(80, 0)	(40, 69)	(-39, 69)	(-80, 0)	(-40, -69)	(40, -69)	diamond	green	same	left	left	(80, 0)	(40, 69)	probe	norm	None	None	None	None	160	35	110	60	135	85	(-80, 0)	24	testing
7	xd	f	21	green	4	(80, 0)	(40, 69)	(-39, 69)	(-80, 0)	(-40, -69)	(40, -69)	diamond	green	same	left	left	(80, 0)	(-80, 0)	search	nr	True	565963	566506	left	10	110	35	160	85	60	None	None	testing
7	xd	f	21	green	4	(80, 0)	(40, 69)	(-39, 69)	(-80, 0)	(-40, -69)	(40, -69)	diamond	none	dif	left	left	N_dist	(40, -69)	probe	h_norm	None	None	None	None	60	135	35	110	85	160	(80, 0)	8	testing
7	xd	f	21	green	4	(80, 0)	(40, 69)	(-39, 69)	(-80, 0)	(-40, -69)	(40, -69)	diamond	green	same	right	right	(40, 69)	(-39, 69)	probe	norm	None	None	None	None	10	85	160	110	35	135	(40, -69)	161	testing
7	xd	f	21	green	4	(80, 0)	(40, 69)	(-39, 69)	(-80, 0)	(-40, -69)	(40, -69)	circle	green	same	right	right	(-40, -69)	(40, -69)	search	nr	True	576399	577067	right	10	60	85	35	135	110	None	None	testing
7	xd	f	21	green	4	(80, 0)	(40, 69)	(-39, 69)	(-80, 0)	(-40, -69)	(40, -69)	circle	none	same	left	left	N_dist	(-40, -69)	probe	l_tar	None	None	None	None	35	85	60	10	160	110	(-40, -69)	20	testing
7	xd	f	21	green	4	(80, 0)	(40, 69)	(-39, 69)	(-80, 0)	(-40, -69)	(40, -69)	circle	none	same	right	right	N_dist	(40, -69)	search	nr	True	583378	583946	right	10	60	35	85	160	110	None	None	testing
7	xd	f	21	green	4	(80, 0)	(40, 69)	(-39, 69)	(-80, 0)	(-40, -69)	(40, -69)	circle	green	dif	right	right	(-80, 0)	(40, -69)	probe	norm	None	None	None	None	60	110	85	135	10	35	(40, 69)	29	testing
7	xd	f	21	green	4	(80, 0)	(40, 69)	(-39, 69)	(-80, 0)	(-40, -69)	(40, -69)	circle	none	dif	left	left	N_dist	(-39, 69)	search	nr	True	589506	590009	left	110	35	60	85	160	10	None	None	testing
7	xd	f	21	green	4	(80, 0)	(40, 69)	(-39, 69)	(-80, 0)	(-40, -69)	(40, -69)	circle	green	dif	left	left	(80, 0)	(40, 69)	search	nr	True	591293	591818	left	110	160	85	10	135	60	None	None	testing
7	xd	f	21	green	4	(80, 0)	(40, 69)	(-39, 69)	(-80, 0)	(-40, -69)	(40, -69)	diamond	green	dif	right	right	(80, 0)	(40, -69)	probe	tar	None	None	None	None	85	110	160	10	60	35	(40, -69)	156	testing
7	xd	f	21	green	4	(80, 0)	(40, 69)	(-39, 69)	(-80, 0)	(-40, -69)	(40, -69)	circle	green	same	right	right	(-40, -69)	(-80, 0)	probe	norm	None	None	None	None	60	10	135	35	110	85	(80, 0)	16	testing
7	xd	f	21	green	4	(80, 0)	(40, 69)	(-39, 69)	(-80, 0)	(-40, -69)	(40, -69)	circle	green	same	left	left	(80, 0)	(40, -69)	search	nr	True	600811	601562	left	160	35	135	85	10	60	None	None	testing
7	xd	f	21	green	4	(80, 0)	(40, 69)	(-39, 69)	(-80, 0)	(-40, -69)	(40, -69)	diamond	none	dif	left	left	N_dist	(-40, -69)	search	nr	True	602848	603450	left	60	35	110	10	135	160	None	None	testing
7	xd	f	21	green	4	(80, 0)	(40, 69)	(-39, 69)	(-80, 0)	(-40, -69)	(40, -69)	circle	green	same	right	right	(-39, 69)	(-40, -69)	probe	tar	None	None	None	None	135	110	35	85	60	10	(-40, -69)	168	testing
7	xd	f	21	green	4	(80, 0)	(40, 69)	(-39, 69)	(-80, 0)	(-40, -69)	(40, -69)	diamond	green	dif	left	left	(80, 0)	(40, 69)	search	nr	True	608675	609194	left	60	10	85	110	35	160	None	None	testing
7	xd	f	21	green	4	(80, 0)	(40, 69)	(-39, 69)	(-80, 0)	(-40, -69)	(40, -69)	circle	green	same	left	left	(40, 69)	(-39, 69)	probe	l_sin	None	None	None	None	35	60	160	110	85	135	(40, 69)	165	testing
7	xd	f	21	green	4	(80, 0)	(40, 69)	(-39, 69)	(-80, 0)	(-40, -69)	(40, -69)	diamond	none	dif	left	left	N_dist	(-39, 69)	probe	l_norm	None	None	None	None	35	135	110	85	160	10	(-80, 0)	8	testing
7	xd	f	21	green	4	(80, 0)	(40, 69)	(-39, 69)	(-80, 0)	(-40, -69)	(40, -69)	circle	green	same	right	right	(-39, 69)	(-40, -69)	search	nr	True	618125	618970	right	60	110	160	10	35	135	None	None	testing
7	xd	f	21	green	4	(80, 0)	(40, 69)	(-39, 69)	(-80, 0)	(-40, -69)	(40, -69)	circle	none	same	right	right	N_dist	(-80, 0)	search	nr	True	620163	620746	right	10	135	160	110	85	35	None	None	testing
7	xd	f	21	green	4	(80, 0)	(40, 69)	(-39, 69)	(-80, 0)	(-40, -69)	(40, -69)	diamond	green	dif	right	right	(40, -69)	(-80, 0)	search	nr	True	621833	622313	right	110	135	60	35	160	10	None	None	testing
7	xd	f	21	green	4	(80, 0)	(40, 69)	(-39, 69)	(-80, 0)	(-40, -69)	(40, -69)	circle	green	same	left	left	(40, -69)	(-39, 69)	search	nr	True	623620	624186	left	85	60	135	110	10	35	None	None	testing
7	xd	f	21	green	4	(80, 0)	(40, 69)	(-39, 69)	(-80, 0)	(-40, -69)	(40, -69)	diamond	green	same	right	right	(80, 0)	(40, 69)	search	nr	True	625323	625898	right	35	110	10	160	135	60	None	None	testing
7	xd	f	21	green	4	(80, 0)	(40, 69)	(-39, 69)	(-80, 0)	(-40, -69)	(40, -69)	circle	green	dif	left	left	(-40, -69)	(-39, 69)	probe	tar	None	None	None	None	35	10	135	110	160	60	(-39, 69)	21	testing
7	xd	f	21	green	4	(80, 0)	(40, 69)	(-39, 69)	(-80, 0)	(-40, -69)	(40, -69)	circle	green	dif	right	right	(80, 0)	(-80, 0)	search	nr	True	632101	632682	right	85	110	10	160	135	60	None	None	testing
7	xd	f	21	green	4	(80, 0)	(40, 69)	(-39, 69)	(-80, 0)	(-40, -69)	(40, -69)	circle	none	dif	left	left	N_dist	(-39, 69)	search	nr	True	633888	634394	left	110	160	10	60	135	85	None	None	testing
7	xd	f	21	green	4	(80, 0)	(40, 69)	(-39, 69)	(-80, 0)	(-40, -69)	(40, -69)	diamond	green	dif	right	right	(80, 0)	(-40, -69)	probe	tar	None	None	None	None	85	10	60	35	135	110	(-40, -69)	17	testing
7	xd	f	21	green	4	(80, 0)	(40, 69)	(-39, 69)	(-80, 0)	(-40, -69)	(40, -69)	diamond	none	same	right	right	N_dist	(-40, -69)	search	nr	True	639081	639658	right	85	110	10	60	160	135	None	None	testing
7	xd	f	21	green	4	(80, 0)	(40, 69)	(-39, 69)	(-80, 0)	(-40, -69)	(40, -69)	diamond	green	same	left	left	(80, 0)	(-80, 0)	search	nr	True	640901	641529	left	110	10	60	160	135	35	None	None	testing
7	xd	f	21	green	4	(80, 0)	(40, 69)	(-39, 69)	(-80, 0)	(-40, -69)	(40, -69)	diamond	none	same	left	left	N_dist	(40, 69)	search	nr	True	642671	643227	left	85	135	160	60	35	110	None	None	testing
7	xd	f	21	green	4	(80, 0)	(40, 69)	(-39, 69)	(-80, 0)	(-40, -69)	(40, -69)	diamond	green	dif	right	right	(80, 0)	(40, -69)	search	nr	True	644507	645114	left	135	10	35	85	160	60	None	None	testing
7	xd	f	21	green	4	(80, 0)	(40, 69)	(-39, 69)	(-80, 0)	(-40, -69)	(40, -69)	diamond	none	dif	left	left	N_dist	(40, -69)	search	nr	True	647880	648426	left	85	35	60	160	10	110	None	None	testing
7	xd	f	21	green	4	(80, 0)	(40, 69)	(-39, 69)	(-80, 0)	(-40, -69)	(40, -69)	diamond	green	same	right	right	(40, 69)	(-39, 69)	search	nr	True	649567	650105	right	85	135	10	60	35	110	None	None	testing
7	xd	f	21	green	4	(80, 0)	(40, 69)	(-39, 69)	(-80, 0)	(-40, -69)	(40, -69)	diamond	green	dif	right	right	(80, 0)	(40, -69)	probe	tar	None	None	None	None	85	160	10	35	60	135	(40, -69)	24	testing
7	xd	f	21	green	4	(80, 0)	(40, 69)	(-39, 69)	(-80, 0)	(-40, -69)	(40, -69)	diamond	green	dif	left	left	(80, 0)	(-39, 69)	search	nr	True	655093	655689	left	110	135	10	35	85	160	None	None	testing
7	xd	f	21	green	4	(80, 0)	(40, 69)	(-39, 69)	(-80, 0)	(-40, -69)	(40, -69)	circle	green	same	right	right	(80, 0)	(-40, -69)	search	nr	True	656864	657578	right	10	35	135	60	85	160	None	None	testing
7	xd	f	21	green	4	(80, 0)	(40, 69)	(-39, 69)	(-80, 0)	(-40, -69)	(40, -69)	circle	green	dif	left	left	(-40, -69)	(40, 69)	search	nr	True	658817	659434	left	85	35	110	160	60	10	None	None	testing
7	xd	f	21	green	4	(80, 0)	(40, 69)	(-39, 69)	(-80, 0)	(-40, -69)	(40, -69)	diamond	green	same	left	left	(-39, 69)	(-80, 0)	probe	l_sin	None	None	None	None	160	85	60	10	35	110	(-39, 69)	164	testing
7	xd	f	21	green	4	(80, 0)	(40, 69)	(-39, 69)	(-80, 0)	(-40, -69)	(40, -69)	circle	green	dif	left	left	(40, -69)	(-40, -69)	search	nr	True	665446	666266	left	60	85	10	35	160	135	None	None	testing
7	xd	f	21	green	4	(80, 0)	(40, 69)	(-39, 69)	(-80, 0)	(-40, -69)	(40, -69)	circle	green	dif	left	left	(80, 0)	(40, 69)	search	nr	True	667534	668090	left	160	135	60	85	110	10	None	None	testing
7	xd	f	21	green	4	(80, 0)	(40, 69)	(-39, 69)	(-80, 0)	(-40, -69)	(40, -69)	diamond	green	dif	right	right	(80, 0)	(-40, -69)	search	nr	True	669386	670090	right	60	160	10	110	135	35	None	None	testing
7	xd	f	21	green	4	(80, 0)	(40, 69)	(-39, 69)	(-80, 0)	(-40, -69)	(40, -69)	diamond	green	same	right	right	(80, 0)	(-39, 69)	search	nr	True	671256	671770	right	35	10	85	110	60	135	None	None	testing
7	xd	f	21	green	4	(80, 0)	(40, 69)	(-39, 69)	(-80, 0)	(-40, -69)	(40, -69)	diamond	green	same	right	right	(80, 0)	(40, 69)	probe	tar	None	None	None	None	110	60	35	135	85	10	(40, 69)	165	testing
7	xd	f	21	green	4	(80, 0)	(40, 69)	(-39, 69)	(-80, 0)	(-40, -69)	(40, -69)	circle	green	dif	left	left	(80, 0)	(40, -69)	search	nr	True	676967	677625	left	35	85	10	160	110	135	None	None	testing
7	xd	f	21	green	4	(80, 0)	(40, 69)	(-39, 69)	(-80, 0)	(-40, -69)	(40, -69)	diamond	green	dif	right	right	(80, 0)	(-39, 69)	search	nr	True	678754	679306	right	60	85	10	135	110	35	None	None	testing
7	xd	f	21	green	4	(80, 0)	(40, 69)	(-39, 69)	(-80, 0)	(-40, -69)	(40, -69)	diamond	green	same	right	right	(80, 0)	(40, 69)	search	nr	True	680440	681018	left	35	135	110	160	60	85	None	None	testing
7	xd	f	21	green	4	(80, 0)	(40, 69)	(-39, 69)	(-80, 0)	(-40, -69)	(40, -69)	circle	green	same	right	right	(80, 0)	(-40, -69)	search	nr	True	683646	684377	right	110	10	35	60	135	160	None	None	testing
7	xd	f	21	green	4	(80, 0)	(40, 69)	(-39, 69)	(-80, 0)	(-40, -69)	(40, -69)	circle	none	dif	right	right	N_dist	(40, -69)	search	nr	True	685450	686106	right	10	60	160	110	85	135	None	None	testing
7	xd	f	21	green	4	(80, 0)	(40, 69)	(-39, 69)	(-80, 0)	(-40, -69)	(40, -69)	diamond	green	dif	right	right	(40, -69)	(-80, 0)	search	nr	True	687336	687946	right	110	35	10	135	160	85	None	None	testing
7	xd	f	21	green	4	(80, 0)	(40, 69)	(-39, 69)	(-80, 0)	(-40, -69)	(40, -69)	diamond	none	dif	left	left	N_dist	(80, 0)	search	nr	True	689173	689978	right	110	35	160	60	135	85	None	None	testing
7	xd	f	21	green	4	(80, 0)	(40, 69)	(-39, 69)	(-80, 0)	(-40, -69)	(40, -69)	diamond	green	same	left	left	(-39, 69)	(-80, 0)	search	nr	True	692796	693498	left	85	60	160	35	10	110	None	None	testing
7	xd	f	21	green	4	(80, 0)	(40, 69)	(-39, 69)	(-80, 0)	(-40, -69)	(40, -69)	diamond	none	dif	right	right	N_dist	(-40, -69)	probe	h_norm	None	None	None	None	60	135	160	35	85	10	(80, 0)	21	testing
7	xd	f	21	green	4	(80, 0)	(40, 69)	(-39, 69)	(-80, 0)	(-40, -69)	(40, -69)	diamond	green	dif	left	left	(80, 0)	(40, 69)	probe	tar	None	None	None	None	110	10	60	160	85	135	(40, 69)	128	testing
7	xd	f	21	green	4	(80, 0)	(40, 69)	(-39, 69)	(-80, 0)	(-40, -69)	(40, -69)	diamond	none	same	right	right	N_dist	(-40, -69)	search	nr	True	704368	704954	right	10	60	110	35	160	135	None	None	testing
7	xd	f	21	green	4	(80, 0)	(40, 69)	(-39, 69)	(-80, 0)	(-40, -69)	(40, -69)	circle	green	dif	left	left	(80, 0)	(40, 69)	search	nr	True	706205	707386	left	10	160	135	110	85	60	None	None	testing
7	xd	f	21	green	4	(80, 0)	(40, 69)	(-39, 69)	(-80, 0)	(-40, -69)	(40, -69)	diamond	none	dif	left	left	N_dist	(80, 0)	search	nr	True	708642	709642	left	135	35	160	85	10	60	None	None	testing
7	xd	f	21	green	4	(80, 0)	(40, 69)	(-39, 69)	(-80, 0)	(-40, -69)	(40, -69)	circle	green	dif	right	right	(-80, 0)	(40, -69)	search	nr	True	710963	711753	right	135	110	60	35	160	85	None	None	testing
7	xd	f	21	green	4	(80, 0)	(40, 69)	(-39, 69)	(-80, 0)	(-40, -69)	(40, -69)	circle	green	same	right	right	(80, 0)	(-80, 0)	probe	norm	None	None	None	None	10	110	35	135	160	60	(-40, -69)	12	testing
7	xd	f	21	green	4	(80, 0)	(40, 69)	(-39, 69)	(-80, 0)	(-40, -69)	(40, -69)	diamond	green	dif	left	left	(-40, -69)	(-80, 0)	search	nr	True	717024	717530	left	85	160	135	10	35	110	None	None	testing
7	xd	f	21	green	4	(80, 0)	(40, 69)	(-39, 69)	(-80, 0)	(-40, -69)	(40, -69)	circle	none	same	left	left	N_dist	(40, 69)	probe	h_norm	None	None	None	None	135	85	35	60	160	10	(80, 0)	12	testing
7	xd	f	21	green	4	(80, 0)	(40, 69)	(-39, 69)	(-80, 0)	(-40, -69)	(40, -69)	diamond	green	same	right	right	(80, 0)	(40, 69)	search	nr	True	722702	723226	right	110	160	85	10	60	35	None	None	testing
7	xd	f	21	green	4	(80, 0)	(40, 69)	(-39, 69)	(-80, 0)	(-40, -69)	(40, -69)	circle	green	dif	left	left	(-40, -69)	(40, 69)	search	nr	True	724488	725098	left	110	60	35	160	10	135	None	None	testing
7	xd	f	21	green	4	(80, 0)	(40, 69)	(-39, 69)	(-80, 0)	(-40, -69)	(40, -69)	diamond	green	same	left	left	(80, 0)	(-80, 0)	search	nr	True	726224	726906	left	10	60	110	135	85	160	None	None	testing
7	xd	f	21	green	4	(80, 0)	(40, 69)	(-39, 69)	(-80, 0)	(-40, -69)	(40, -69)	circle	green	same	left	left	(40, 69)	(-39, 69)	search	nr	True	728111	728826	left	10	160	135	35	60	110	None	None	testing
7	xd	f	21	green	4	(80, 0)	(40, 69)	(-39, 69)	(-80, 0)	(-40, -69)	(40, -69)	circle	green	dif	left	left	(40, 69)	(-80, 0)	search	nr	True	729948	730570	left	10	85	110	60	135	35	None	None	testing
7	xd	f	21	green	4	(80, 0)	(40, 69)	(-39, 69)	(-80, 0)	(-40, -69)	(40, -69)	diamond	green	dif	left	left	(80, 0)	(40, 69)	search	nr	True	731634	732234	left	160	35	110	135	10	60	None	None	testing
7	xd	f	21	green	4	(80, 0)	(40, 69)	(-39, 69)	(-80, 0)	(-40, -69)	(40, -69)	diamond	none	same	right	right	N_dist	(-40, -69)	probe	l_norm	None	None	None	None	35	160	135	85	10	60	(-80, 0)	6	testing
7	xd	f	21	green	4	(80, 0)	(40, 69)	(-39, 69)	(-80, 0)	(-40, -69)	(40, -69)	diamond	none	dif	right	right	N_dist	(-40, -69)	search	nr	True	737362	738058	right	35	85	160	60	135	110	None	None	testing
7	xd	f	21	green	4	(80, 0)	(40, 69)	(-39, 69)	(-80, 0)	(-40, -69)	(40, -69)	diamond	green	dif	left	left	(80, 0)	(40, -69)	probe	h_sin	None	None	None	None	60	85	135	160	110	35	(80, 0)	9	testing
7	xd	f	21	green	4	(80, 0)	(40, 69)	(-39, 69)	(-80, 0)	(-40, -69)	(40, -69)	diamond	none	same	right	right	N_dist	(80, 0)	probe	h_tar	None	None	None	None	60	110	85	10	35	160	(80, 0)	161	testing
7	xd	f	21	green	4	(80, 0)	(40, 69)	(-39, 69)	(-80, 0)	(-40, -69)	(40, -69)	diamond	green	same	right	right	(80, 0)	(40, -69)	search	nr	True	747814	748473	right	10	85	160	110	135	35	None	None	testing
7	xd	f	21	green	4	(80, 0)	(40, 69)	(-39, 69)	(-80, 0)	(-40, -69)	(40, -69)	diamond	none	same	right	right	N_dist	(40, -69)	probe	h_norm	None	None	None	None	110	135	60	10	160	85	(80, 0)	12	testing
7	xd	f	21	green	4	(80, 0)	(40, 69)	(-39, 69)	(-80, 0)	(-40, -69)	(40, -69)	diamond	none	same	left	left	N_dist	(40, 69)	search	nr	True	753158	753898	left	135	110	60	35	85	10	None	None	testing
7	xd	f	21	green	4	(80, 0)	(40, 69)	(-39, 69)	(-80, 0)	(-40, -69)	(40, -69)	diamond	green	dif	left	left	(80, 0)	(-39, 69)	search	nr	True	755211	755801	left	160	110	135	85	60	35	None	None	testing
7	xd	f	21	green	4	(80, 0)	(40, 69)	(-39, 69)	(-80, 0)	(-40, -69)	(40, -69)	circle	none	dif	left	left	N_dist	(80, 0)	probe	h_tar	None	None	None	None	160	35	110	85	135	10	(80, 0)	31	testing
7	xd	f	21	green	4	(80, 0)	(40, 69)	(-39, 69)	(-80, 0)	(-40, -69)	(40, -69)	circle	green	dif	left	left	(80, 0)	(-39, 69)	probe	tar	None	None	None	None	160	85	35	10	110	60	(-39, 69)	160	testing
7	xd	f	21	green	4	(80, 0)	(40, 69)	(-39, 69)	(-80, 0)	(-40, -69)	(40, -69)	circle	green	same	left	left	(80, 0)	(-39, 69)	search	nr	True	765581	766169	left	10	160	135	35	110	85	None	None	testing
7	xd	f	21	green	4	(80, 0)	(40, 69)	(-39, 69)	(-80, 0)	(-40, -69)	(40, -69)	diamond	green	same	left	left	(80, 0)	(40, 69)	search	nr	True	767250	767785	left	85	160	60	10	135	35	None	None	testing
7	xd	f	21	green	4	(80, 0)	(40, 69)	(-39, 69)	(-80, 0)	(-40, -69)	(40, -69)	circle	none	same	right	right	N_dist	(-80, 0)	probe	h_norm	None	None	None	None	35	110	10	60	85	135	(80, 0)	21	testing
7	xd	f	21	green	4	(80, 0)	(40, 69)	(-39, 69)	(-80, 0)	(-40, -69)	(40, -69)	circle	green	dif	right	right	(40, 69)	(-40, -69)	search	nr	True	772476	773226	right	135	85	160	110	60	35	None	None	testing
7	xd	f	21	green	4	(80, 0)	(40, 69)	(-39, 69)	(-80, 0)	(-40, -69)	(40, -69)	circle	none	same	left	left	N_dist	(40, 69)	search	nr	True	774296	774986	left	135	110	35	10	85	160	None	None	testing
7	xd	f	21	green	4	(80, 0)	(40, 69)	(-39, 69)	(-80, 0)	(-40, -69)	(40, -69)	diamond	green	dif	left	left	(80, 0)	(-40, -69)	search	nr	True	776166	776906	left	85	160	10	110	135	35	None	None	testing
7	xd	f	21	green	4	(80, 0)	(40, 69)	(-39, 69)	(-80, 0)	(-40, -69)	(40, -69)	circle	green	same	left	left	(80, 0)	(-39, 69)	search	nr	True	777987	778602	left	10	110	160	60	135	85	None	None	testing
7	xd	f	21	green	4	(80, 0)	(40, 69)	(-39, 69)	(-80, 0)	(-40, -69)	(40, -69)	diamond	none	dif	left	left	N_dist	(-40, -69)	search	nr	True	779907	780570	left	135	85	10	35	60	110	None	None	testing
7	xd	f	21	green	4	(80, 0)	(40, 69)	(-39, 69)	(-80, 0)	(-40, -69)	(40, -69)	circle	green	dif	right	right	(40, 69)	(-40, -69)	search	nr	True	781744	782474	right	160	85	135	10	60	110	None	None	testing
7	xd	f	21	green	4	(80, 0)	(40, 69)	(-39, 69)	(-80, 0)	(-40, -69)	(40, -69)	circle	none	same	right	right	N_dist	(40, -69)	probe	h_norm	None	None	None	None	60	110	85	10	35	135	(80, 0)	14	testing
7	xd	f	21	green	4	(80, 0)	(40, 69)	(-39, 69)	(-80, 0)	(-40, -69)	(40, -69)	diamond	none	same	right	right	N_dist	(-40, -69)	probe	l_norm	None	None	None	None	135	60	35	110	85	160	(40, 69)	162	testing
7	xd	f	21	green	4	(80, 0)	(40, 69)	(-39, 69)	(-80, 0)	(-40, -69)	(40, -69)	circle	none	dif	left	left	N_dist	(-39, 69)	probe	l_tar	None	None	None	None	110	35	10	85	160	60	(-39, 69)	125	testing
7	xd	f	21	green	4	(80, 0)	(40, 69)	(-39, 69)	(-80, 0)	(-40, -69)	(40, -69)	circle	green	dif	right	right	(80, 0)	(-80, 0)	search	nr	True	795769	796346	right	60	35	135	10	85	160	None	None	testing
7	xd	f	21	green	4	(80, 0)	(40, 69)	(-39, 69)	(-80, 0)	(-40, -69)	(40, -69)	diamond	green	same	right	right	(80, 0)	(-39, 69)	search	nr	True	797456	798138	right	35	85	160	60	135	110	None	None	testing
7	xd	f	21	green	4	(80, 0)	(40, 69)	(-39, 69)	(-80, 0)	(-40, -69)	(40, -69)	circle	none	same	left	left	N_dist	(-40, -69)	search	nr	True	799443	800026	left	110	160	35	60	85	10	None	None	testing
7	xd	f	21	green	4	(80, 0)	(40, 69)	(-39, 69)	(-80, 0)	(-40, -69)	(40, -69)	diamond	none	same	left	left	N_dist	(-39, 69)	search	nr	True	801196	801833	left	160	10	85	60	135	35	None	None	testing
7	xd	f	21	green	4	(80, 0)	(40, 69)	(-39, 69)	(-80, 0)	(-40, -69)	(40, -69)	diamond	green	dif	right	right	(80, 0)	(-40, -69)	probe	h_sin	None	None	None	None	35	60	85	10	160	135	(80, 0)	16	testing
7	xd	f	21	green	4	(80, 0)	(40, 69)	(-39, 69)	(-80, 0)	(-40, -69)	(40, -69)	circle	green	same	right	right	(80, 0)	(-40, -69)	search	nr	True	806405	807034	right	160	110	85	135	60	10	None	None	testing
7	xd	f	21	green	4	(80, 0)	(40, 69)	(-39, 69)	(-80, 0)	(-40, -69)	(40, -69)	diamond	green	dif	right	right	(40, 69)	(-39, 69)	search	nr	True	808258	808826	right	85	160	10	110	135	60	None	None	testing
7	xd	f	21	green	4	(80, 0)	(40, 69)	(-39, 69)	(-80, 0)	(-40, -69)	(40, -69)	circle	none	same	left	left	N_dist	(40, 69)	search	nr	True	809912	810538	left	135	85	160	35	110	60	None	None	testing
7	xd	f	21	green	4	(80, 0)	(40, 69)	(-39, 69)	(-80, 0)	(-40, -69)	(40, -69)	diamond	green	same	left	left	(-39, 69)	(-80, 0)	probe	l_sin	None	None	None	None	110	60	160	35	85	10	(-39, 69)	11	testing
7	xd	f	21	green	4	(80, 0)	(40, 69)	(-39, 69)	(-80, 0)	(-40, -69)	(40, -69)	circle	none	same	right	right	N_dist	(-80, 0)	search	nr	True	815689	816266	right	10	60	85	35	110	160	None	None	testing
7	xd	f	21	green	4	(80, 0)	(40, 69)	(-39, 69)	(-80, 0)	(-40, -69)	(40, -69)	diamond	green	dif	left	left	(-40, -69)	(-80, 0)	probe	norm	None	None	None	None	35	10	110	135	160	60	(40, -69)	20	testing
7	xd	f	21	green	4	(80, 0)	(40, 69)	(-39, 69)	(-80, 0)	(-40, -69)	(40, -69)	diamond	none	same	right	right	N_dist	(-40, -69)	probe	l_norm	None	None	None	None	135	10	110	35	60	160	(-80, 0)	170	testing
7	xd	f	21	green	4	(80, 0)	(40, 69)	(-39, 69)	(-80, 0)	(-40, -69)	(40, -69)	circle	none	dif	left	left	N_dist	(80, 0)	search	nr	True	824755	825322	left	160	110	85	10	135	60	None	None	testing
7	xd	f	21	green	4	(80, 0)	(40, 69)	(-39, 69)	(-80, 0)	(-40, -69)	(40, -69)	circle	none	dif	right	right	N_dist	(-39, 69)	search	nr	True	826475	827146	right	85	135	35	160	110	10	None	None	testing
7	xd	f	21	green	4	(80, 0)	(40, 69)	(-39, 69)	(-80, 0)	(-40, -69)	(40, -69)	diamond	green	dif	right	right	(80, 0)	(-39, 69)	search	nr	True	828246	828809	right	60	35	110	160	85	10	None	None	testing
7	xd	f	21	green	4	(80, 0)	(40, 69)	(-39, 69)	(-80, 0)	(-40, -69)	(40, -69)	diamond	green	same	left	left	(-80, 0)	(-40, -69)	search	nr	True	830032	830857	left	35	135	110	85	60	10	None	None	testing
7	xd	f	21	green	4	(80, 0)	(40, 69)	(-39, 69)	(-80, 0)	(-40, -69)	(40, -69)	diamond	none	dif	left	left	N_dist	(40, 69)	probe	l_tar	None	None	None	None	135	85	60	160	110	10	(40, 69)	173	testing
7	xd	f	21	green	4	(80, 0)	(40, 69)	(-39, 69)	(-80, 0)	(-40, -69)	(40, -69)	diamond	none	same	left	left	N_dist	(40, 69)	probe	l_norm	None	None	None	None	160	35	110	60	135	85	(40, -69)	14	testing
7	xd	f	21	green	4	(80, 0)	(40, 69)	(-39, 69)	(-80, 0)	(-40, -69)	(40, -69)	diamond	green	dif	left	left	(80, 0)	(40, -69)	search	nr	True	841036	841642	left	60	110	85	160	35	10	None	None	testing
7	xd	f	21	green	4	(80, 0)	(40, 69)	(-39, 69)	(-80, 0)	(-40, -69)	(40, -69)	diamond	green	dif	right	right	(80, 0)	(40, -69)	search	nr	True	842822	843593	right	85	60	10	110	160	135	None	None	testing
7	xd	f	21	green	4	(80, 0)	(40, 69)	(-39, 69)	(-80, 0)	(-40, -69)	(40, -69)	circle	green	same	right	right	(-40, -69)	(40, -69)	probe	l_sin	None	None	None	None	160	85	110	60	10	35	(-40, -69)	7	testing
7	xd	f	21	green	4	(80, 0)	(40, 69)	(-39, 69)	(-80, 0)	(-40, -69)	(40, -69)	circle	green	dif	right	right	(80, 0)	(-80, 0)	search	nr	True	848549	849209	right	35	110	135	85	60	160	None	None	testing
7	xd	f	21	green	4	(80, 0)	(40, 69)	(-39, 69)	(-80, 0)	(-40, -69)	(40, -69)	diamond	none	same	left	left	N_dist	(40, 69)	probe	l_tar	None	None	None	None	10	110	85	135	160	35	(40, 69)	11	testing
7	xd	f	21	green	4	(80, 0)	(40, 69)	(-39, 69)	(-80, 0)	(-40, -69)	(40, -69)	diamond	green	same	left	left	(80, 0)	(40, -69)	search	nr	True	853776	854409	left	60	135	35	10	85	110	None	None	testing
7	xd	f	21	green	4	(80, 0)	(40, 69)	(-39, 69)	(-80, 0)	(-40, -69)	(40, -69)	diamond	green	dif	left	left	(-80, 0)	(40, -69)	search	nr	True	855579	856154	left	160	135	60	110	10	85	None	None	testing
7	xd	f	21	green	4	(80, 0)	(40, 69)	(-39, 69)	(-80, 0)	(-40, -69)	(40, -69)	circle	green	dif	left	left	(80, 0)	(-39, 69)	search	nr	True	857299	857914	left	110	35	135	60	85	160	None	None	testing
7	xd	f	21	green	4	(80, 0)	(40, 69)	(-39, 69)	(-80, 0)	(-40, -69)	(40, -69)	circle	green	dif	left	left	(40, -69)	(-40, -69)	search	nr	True	859052	859658	left	60	160	110	35	85	135	None	None	testing
7	xd	f	21	green	4	(80, 0)	(40, 69)	(-39, 69)	(-80, 0)	(-40, -69)	(40, -69)	diamond	green	same	left	left	(80, 0)	(40, 69)	search	nr	True	860939	861482	left	135	85	10	160	60	110	None	None	testing
7	xd	f	21	green	4	(80, 0)	(40, 69)	(-39, 69)	(-80, 0)	(-40, -69)	(40, -69)	diamond	green	dif	left	left	(80, 0)	(40, -69)	search	nr	True	862592	863129	left	85	60	35	10	110	160	None	None	testing
7	xd	f	21	green	4	(80, 0)	(40, 69)	(-39, 69)	(-80, 0)	(-40, -69)	(40, -69)	circle	green	same	left	left	(80, 0)	(-39, 69)	search	nr	True	864378	865034	left	35	135	60	85	110	10	None	None	testing
7	xd	f	21	green	4	(80, 0)	(40, 69)	(-39, 69)	(-80, 0)	(-40, -69)	(40, -69)	circle	green	dif	left	left	(80, 0)	(-40, -69)	search	nr	True	866232	866841	left	110	85	35	135	10	60	None	None	testing
7	xd	f	21	green	4	(80, 0)	(40, 69)	(-39, 69)	(-80, 0)	(-40, -69)	(40, -69)	diamond	green	same	right	right	(80, 0)	(-39, 69)	search	nr	True	867902	868601	right	85	35	160	110	60	10	None	None	testing
7	xd	f	21	green	4	(80, 0)	(40, 69)	(-39, 69)	(-80, 0)	(-40, -69)	(40, -69)	circle	green	same	right	right	(80, 0)	(-80, 0)	search	nr	True	869855	870474	right	35	110	160	10	60	85	None	None	testing
7	xd	f	21	green	4	(80, 0)	(40, 69)	(-39, 69)	(-80, 0)	(-40, -69)	(40, -69)	diamond	none	same	right	right	N_dist	(-40, -69)	search	nr	True	871642	872345	right	60	35	110	85	135	160	None	None	testing
7	xd	f	21	green	4	(80, 0)	(40, 69)	(-39, 69)	(-80, 0)	(-40, -69)	(40, -69)	circle	none	dif	right	right	N_dist	(-80, 0)	search	nr	True	873412	874025	right	85	110	60	160	35	10	None	None	testing
7	xd	f	21	green	4	(80, 0)	(40, 69)	(-39, 69)	(-80, 0)	(-40, -69)	(40, -69)	diamond	none	same	left	left	N_dist	(40, -69)	probe	l_norm	None	None	None	None	160	110	35	135	60	85	(-39, 69)	2	testing
7	xd	f	21	green	4	(80, 0)	(40, 69)	(-39, 69)	(-80, 0)	(-40, -69)	(40, -69)	circle	green	dif	right	right	(80, 0)	(-80, 0)	probe	h_sin	None	None	None	None	35	160	10	60	85	135	(80, 0)	20	testing
7	xd	f	21	green	4	(80, 0)	(40, 69)	(-39, 69)	(-80, 0)	(-40, -69)	(40, -69)	circle	green	dif	right	right	(40, -69)	(-40, -69)	search	nr	True	883614	884297	right	35	135	160	85	110	60	None	None	testing
7	xd	f	21	green	4	(80, 0)	(40, 69)	(-39, 69)	(-80, 0)	(-40, -69)	(40, -69)	circle	green	same	right	right	(80, 0)	(-80, 0)	search	nr	True	885550	886057	right	10	85	160	60	35	110	None	None	testing
7	xd	f	21	green	4	(80, 0)	(40, 69)	(-39, 69)	(-80, 0)	(-40, -69)	(40, -69)	circle	green	same	right	right	(80, 0)	(-40, -69)	search	nr	True	887337	888106	right	60	35	110	135	85	10	None	None	testing
7	xd	f	21	green	4	(80, 0)	(40, 69)	(-39, 69)	(-80, 0)	(-40, -69)	(40, -69)	diamond	none	dif	right	right	N_dist	(80, 0)	probe	h_tar	None	None	None	None	85	110	35	160	10	135	(80, 0)	8	testing
7	xd	f	21	green	4	(80, 0)	(40, 69)	(-39, 69)	(-80, 0)	(-40, -69)	(40, -69)	circle	green	dif	right	right	(80, 0)	(-80, 0)	search	nr	True	892797	893433	right	160	10	60	35	110	135	None	None	testing
7	xd	f	21	green	4	(80, 0)	(40, 69)	(-39, 69)	(-80, 0)	(-40, -69)	(40, -69)	circle	none	same	left	left	N_dist	(40, 69)	search	nr	True	894534	895162	left	10	85	110	160	35	135	None	None	testing
7	xd	f	21	green	4	(80, 0)	(40, 69)	(-39, 69)	(-80, 0)	(-40, -69)	(40, -69)	diamond	green	same	left	left	(-39, 69)	(-80, 0)	search	nr	True	896270	896889	left	160	110	35	10	135	85	None	None	testing
7	xd	f	21	green	4	(80, 0)	(40, 69)	(-39, 69)	(-80, 0)	(-40, -69)	(40, -69)	circle	green	dif	left	left	(80, 0)	(40, 69)	search	nr	True	898191	898889	left	160	35	10	135	110	85	None	None	testing
7	xd	f	21	green	4	(80, 0)	(40, 69)	(-39, 69)	(-80, 0)	(-40, -69)	(40, -69)	circle	none	same	right	right	N_dist	(-80, 0)	probe	l_norm	None	None	None	None	60	85	10	110	160	135	(-40, -69)	9	testing
7	xd	f	21	green	4	(80, 0)	(40, 69)	(-39, 69)	(-80, 0)	(-40, -69)	(40, -69)	circle	none	same	left	left	N_dist	(40, 69)	search	nr	True	905003	905578	left	35	160	60	10	135	110	None	None	testing
7	xd	f	21	green	4	(80, 0)	(40, 69)	(-39, 69)	(-80, 0)	(-40, -69)	(40, -69)	diamond	green	same	right	right	(80, 0)	(-39, 69)	probe	norm	None	None	None	None	10	60	85	135	110	35	(40, -69)	161	testing
7	xd	f	21	green	4	(80, 0)	(40, 69)	(-39, 69)	(-80, 0)	(-40, -69)	(40, -69)	circle	green	dif	right	right	(-80, 0)	(40, -69)	search	nr	True	910630	911242	right	60	10	35	110	85	135	None	None	testing
7	xd	f	21	green	4	(80, 0)	(40, 69)	(-39, 69)	(-80, 0)	(-40, -69)	(40, -69)	diamond	green	same	right	right	(-80, 0)	(-40, -69)	search	nr	True	912416	913146	right	60	35	135	160	85	10	None	None	testing
7	xd	f	21	green	4	(80, 0)	(40, 69)	(-39, 69)	(-80, 0)	(-40, -69)	(40, -69)	circle	green	dif	right	right	(80, 0)	(40, 69)	search	nr	True	914337	914889	right	135	10	85	35	110	60	None	None	testing
7	xd	f	21	green	4	(80, 0)	(40, 69)	(-39, 69)	(-80, 0)	(-40, -69)	(40, -69)	circle	green	same	left	left	(80, 0)	(-39, 69)	probe	h_sin	None	None	None	None	110	160	60	85	10	35	(80, 0)	16	testing
7	xd	f	21	green	4	(80, 0)	(40, 69)	(-39, 69)	(-80, 0)	(-40, -69)	(40, -69)	circle	green	dif	right	right	(80, 0)	(-80, 0)	search	nr	True	920282	920858	right	160	135	85	60	10	110	None	None	testing
7	xd	f	21	green	4	(80, 0)	(40, 69)	(-39, 69)	(-80, 0)	(-40, -69)	(40, -69)	diamond	green	dif	left	left	(-80, 0)	(40, -69)	search	nr	True	922068	922874	left	35	160	85	10	60	110	None	None	testing
7	xd	f	21	green	4	(80, 0)	(40, 69)	(-39, 69)	(-80, 0)	(-40, -69)	(40, -69)	circle	green	dif	left	left	(40, 69)	(-80, 0)	probe	l_sin	None	None	None	None	160	35	60	110	85	10	(40, 69)	152	testing
7	xd	f	21	green	4	(80, 0)	(40, 69)	(-39, 69)	(-80, 0)	(-40, -69)	(40, -69)	circle	green	same	left	left	(80, 0)	(-40, -69)	search	nr	True	927979	928553	left	60	85	135	10	35	160	None	None	testing
7	xd	f	21	green	4	(80, 0)	(40, 69)	(-39, 69)	(-80, 0)	(-40, -69)	(40, -69)	circle	none	same	right	right	N_dist	(40, -69)	search	nr	True	929849	930585	right	110	60	10	35	85	160	None	None	testing
7	xd	f	21	green	4	(80, 0)	(40, 69)	(-39, 69)	(-80, 0)	(-40, -69)	(40, -69)	circle	green	same	right	right	(80, 0)	(-40, -69)	probe	h_sin	None	None	None	None	35	60	135	160	110	10	(80, 0)	141	testing
7	xd	f	21	green	4	(80, 0)	(40, 69)	(-39, 69)	(-80, 0)	(-40, -69)	(40, -69)	diamond	green	dif	right	right	(80, 0)	(-40, -69)	search	nr	True	936594	937194	right	35	135	10	110	160	85	None	None	testing
7	xd	f	21	green	4	(80, 0)	(40, 69)	(-39, 69)	(-80, 0)	(-40, -69)	(40, -69)	diamond	none	dif	right	right	N_dist	(40, 69)	probe	l_norm	None	None	None	None	10	135	35	160	60	85	(-40, -69)	165	testing
7	xd	f	21	green	4	(80, 0)	(40, 69)	(-39, 69)	(-80, 0)	(-40, -69)	(40, -69)	diamond	green	dif	right	right	(80, 0)	(-39, 69)	probe	tar	None	None	None	None	135	10	110	35	160	85	(-39, 69)	15	testing
7	xd	f	21	green	4	(80, 0)	(40, 69)	(-39, 69)	(-80, 0)	(-40, -69)	(40, -69)	diamond	green	dif	left	left	(-40, -69)	(-80, 0)	search	nr	True	946062	946698	left	110	160	85	35	10	135	None	None	testing
7	xd	f	21	green	4	(80, 0)	(40, 69)	(-39, 69)	(-80, 0)	(-40, -69)	(40, -69)	diamond	green	dif	left	left	(80, 0)	(-80, 0)	search	nr	True	947815	948329	left	35	10	160	110	135	60	None	None	testing
7	xd	f	21	green	4	(80, 0)	(40, 69)	(-39, 69)	(-80, 0)	(-40, -69)	(40, -69)	diamond	green	dif	left	left	(80, 0)	(-39, 69)	search	nr	True	949501	950121	left	110	35	135	10	60	85	None	None	testing
7	xd	f	21	green	4	(80, 0)	(40, 69)	(-39, 69)	(-80, 0)	(-40, -69)	(40, -69)	circle	green	same	left	left	(80, 0)	(-39, 69)	search	nr	True	951322	951849	left	85	60	135	110	35	10	None	None	testing
7	xd	f	21	green	4	(80, 0)	(40, 69)	(-39, 69)	(-80, 0)	(-40, -69)	(40, -69)	circle	green	dif	right	right	(40, -69)	(-40, -69)	search	nr	True	952941	953833	right	160	85	135	110	35	10	None	None	testing
7	xd	f	21	green	4	(80, 0)	(40, 69)	(-39, 69)	(-80, 0)	(-40, -69)	(40, -69)	circle	green	same	left	left	(-40, -69)	(-39, 69)	probe	l_sin	None	None	None	None	85	110	10	60	135	35	(-40, -69)	26	testing
7	xd	f	21	green	4	(80, 0)	(40, 69)	(-39, 69)	(-80, 0)	(-40, -69)	(40, -69)	circle	none	dif	right	right	N_dist	(40, -69)	probe	h_norm	None	None	None	None	160	10	135	60	35	110	(80, 0)	21	testing
7	xd	f	21	green	4	(80, 0)	(40, 69)	(-39, 69)	(-80, 0)	(-40, -69)	(40, -69)	circle	green	dif	right	right	(80, 0)	(-80, 0)	probe	norm	None	None	None	None	10	135	60	160	85	35	(40, 69)	153	testing
7	xd	f	21	green	4	(80, 0)	(40, 69)	(-39, 69)	(-80, 0)	(-40, -69)	(40, -69)	diamond	green	same	left	left	(-80, 0)	(-40, -69)	probe	tar	None	None	None	None	110	60	35	10	85	135	(-40, -69)	171	testing
7	xd	f	21	green	4	(80, 0)	(40, 69)	(-39, 69)	(-80, 0)	(-40, -69)	(40, -69)	diamond	green	dif	left	left	(-80, 0)	(40, -69)	probe	tar	None	None	None	None	60	160	85	135	110	10	(40, -69)	124	testing
7	xd	f	21	green	4	(80, 0)	(40, 69)	(-39, 69)	(-80, 0)	(-40, -69)	(40, -69)	circle	green	same	left	left	(80, 0)	(-40, -69)	probe	h_sin	None	None	None	None	160	60	35	10	85	135	(80, 0)	26	testing
7	xd	f	21	green	4	(80, 0)	(40, 69)	(-39, 69)	(-80, 0)	(-40, -69)	(40, -69)	circle	none	same	left	left	N_dist	(40, 69)	probe	h_norm	None	None	None	None	85	160	60	35	135	110	(80, 0)	51	testing
7	xd	f	21	green	4	(80, 0)	(40, 69)	(-39, 69)	(-80, 0)	(-40, -69)	(40, -69)	diamond	green	dif	right	right	(80, 0)	(-40, -69)	search	nr	True	984483	985225	right	35	60	10	110	160	135	None	None	testing
7	xd	f	21	green	4	(80, 0)	(40, 69)	(-39, 69)	(-80, 0)	(-40, -69)	(40, -69)	diamond	none	same	left	left	N_dist	(40, -69)	search	nr	True	986469	987034	left	35	110	135	10	60	160	None	None	testing
7	xd	f	21	green	4	(80, 0)	(40, 69)	(-39, 69)	(-80, 0)	(-40, -69)	(40, -69)	circle	green	dif	left	left	(-39, 69)	(-40, -69)	search	nr	True	988089	988681	left	35	85	135	160	110	10	None	None	testing
7	xd	f	21	green	4	(80, 0)	(40, 69)	(-39, 69)	(-80, 0)	(-40, -69)	(40, -69)	circle	none	dif	right	right	N_dist	(-80, 0)	search	nr	True	989893	990570	right	60	160	135	10	110	35	None	None	testing
7	xd	f	21	green	4	(80, 0)	(40, 69)	(-39, 69)	(-80, 0)	(-40, -69)	(40, -69)	diamond	green	same	right	right	(40, -69)	(-80, 0)	probe	l_sin	None	None	None	None	160	110	35	135	10	60	(40, -69)	20	testing
7	xd	f	21	green	4	(80, 0)	(40, 69)	(-39, 69)	(-80, 0)	(-40, -69)	(40, -69)	diamond	green	dif	right	right	(80, 0)	(-40, -69)	search	nr	True	995753	996377	right	160	60	10	135	35	85	None	None	testing
7	xd	f	21	green	4	(80, 0)	(40, 69)	(-39, 69)	(-80, 0)	(-40, -69)	(40, -69)	diamond	none	same	left	left	N_dist	(40, 69)	search	nr	True	997457	998041	left	10	110	35	85	135	160	None	None	testing
7	xd	f	21	green	4	(80, 0)	(40, 69)	(-39, 69)	(-80, 0)	(-40, -69)	(40, -69)	diamond	none	dif	left	left	N_dist	(-39, 69)	search	nr	True	999277	999786	left	35	85	10	160	60	135	None	None	testing
7	xd	f	21	green	4	(80, 0)	(40, 69)	(-39, 69)	(-80, 0)	(-40, -69)	(40, -69)	circle	green	same	left	left	(80, 0)	(40, -69)	probe	tar	None	None	None	None	110	35	85	10	60	160	(40, -69)	31	testing
7	xd	f	21	green	4	(80, 0)	(40, 69)	(-39, 69)	(-80, 0)	(-40, -69)	(40, -69)	circle	green	dif	left	left	(80, 0)	(-39, 69)	search	nr	True	1004737	1005242	left	10	85	110	160	35	60	None	None	testing
7	xd	f	21	green	4	(80, 0)	(40, 69)	(-39, 69)	(-80, 0)	(-40, -69)	(40, -69)	circle	none	dif	right	right	N_dist	(-80, 0)	probe	l_norm	None	None	None	None	160	10	110	35	85	60	(-40, -69)	159	testing
7	xd	f	21	green	4	(80, 0)	(40, 69)	(-39, 69)	(-80, 0)	(-40, -69)	(40, -69)	diamond	none	dif	right	right	N_dist	(80, 0)	search	nr	True	1010731	1011545	right	10	110	160	60	85	35	None	None	testing
7	xd	f	21	green	4	(80, 0)	(40, 69)	(-39, 69)	(-80, 0)	(-40, -69)	(40, -69)	diamond	green	dif	right	right	(80, 0)	(-40, -69)	search	nr	True	1012801	1013498	right	135	60	110	85	10	35	None	None	testing
7	xd	f	21	green	4	(80, 0)	(40, 69)	(-39, 69)	(-80, 0)	(-40, -69)	(40, -69)	circle	green	dif	left	left	(80, 0)	(40, 69)	probe	norm	None	None	None	None	35	10	85	110	160	135	(-80, 0)	0	testing
7	xd	f	21	green	4	(80, 0)	(40, 69)	(-39, 69)	(-80, 0)	(-40, -69)	(40, -69)	diamond	green	same	left	left	(80, 0)	(40, 69)	probe	h_sin	None	None	None	None	35	110	85	135	10	160	(80, 0)	19	testing
7	xd	f	21	green	4	(80, 0)	(40, 69)	(-39, 69)	(-80, 0)	(-40, -69)	(40, -69)	circle	none	same	right	right	N_dist	(-39, 69)	probe	h_norm	None	None	None	None	135	110	60	35	85	160	(80, 0)	173	testing
7	xd	f	21	green	4	(80, 0)	(40, 69)	(-39, 69)	(-80, 0)	(-40, -69)	(40, -69)	diamond	green	dif	left	left	(80, 0)	(-40, -69)	probe	h_sin	None	None	None	None	85	135	60	110	35	10	(80, 0)	10	testing
7	xd	f	21	green	4	(80, 0)	(40, 69)	(-39, 69)	(-80, 0)	(-40, -69)	(40, -69)	diamond	green	dif	right	right	(80, 0)	(-40, -69)	search	nr	True	1031552	1032376	right	160	110	135	85	60	35	None	None	testing
7	xd	f	21	green	4	(80, 0)	(40, 69)	(-39, 69)	(-80, 0)	(-40, -69)	(40, -69)	circle	none	same	left	left	N_dist	(-80, 0)	search	nr	True	1033589	1034282	left	85	135	160	110	10	35	None	None	testing
7	xd	f	21	green	4	(80, 0)	(40, 69)	(-39, 69)	(-80, 0)	(-40, -69)	(40, -69)	circle	green	same	right	right	(80, 0)	(-80, 0)	search	nr	True	1035410	1035977	right	135	60	10	35	85	160	None	None	testing
7	xd	f	21	green	4	(80, 0)	(40, 69)	(-39, 69)	(-80, 0)	(-40, -69)	(40, -69)	circle	green	dif	right	right	(80, 0)	(-80, 0)	search	nr	True	1037080	1037593	right	85	10	60	135	160	110	None	None	testing
7	xd	f	21	green	4	(80, 0)	(40, 69)	(-39, 69)	(-80, 0)	(-40, -69)	(40, -69)	diamond	green	dif	right	right	(80, 0)	(40, -69)	probe	tar	None	None	None	None	35	160	110	10	60	135	(40, -69)	20	testing
7	xd	f	21	green	4	(80, 0)	(40, 69)	(-39, 69)	(-80, 0)	(-40, -69)	(40, -69)	circle	green	dif	left	left	(-39, 69)	(-40, -69)	search	nr	True	1042606	1043353	left	85	160	60	35	110	135	None	None	testing
7	xd	f	21	green	4	(80, 0)	(40, 69)	(-39, 69)	(-80, 0)	(-40, -69)	(40, -69)	circle	green	same	left	left	(80, 0)	(40, -69)	search	nr	True	1044543	1045129	left	85	10	110	35	60	160	None	None	testing
7	xd	f	21	green	4	(80, 0)	(40, 69)	(-39, 69)	(-80, 0)	(-40, -69)	(40, -69)	diamond	none	dif	left	left	N_dist	(40, 69)	search	nr	True	1046230	1046809	left	110	60	160	85	135	10	None	None	testing
7	xd	f	21	green	4	(80, 0)	(40, 69)	(-39, 69)	(-80, 0)	(-40, -69)	(40, -69)	diamond	green	same	right	right	(-80, 0)	(-40, -69)	probe	tar	None	None	None	None	35	135	110	160	85	10	(-40, -69)	4	testing
7	xd	f	21	green	4	(80, 0)	(40, 69)	(-39, 69)	(-80, 0)	(-40, -69)	(40, -69)	diamond	green	same	left	left	(-80, 0)	(40, 69)	search	nr	True	1052408	1052937	left	85	110	135	60	35	10	None	None	testing
7	xd	f	21	green	4	(80, 0)	(40, 69)	(-39, 69)	(-80, 0)	(-40, -69)	(40, -69)	circle	green	same	left	left	(80, 0)	(-40, -69)	search	nr	True	1054010	1054649	left	85	35	160	10	110	60	None	None	testing
7	xd	f	21	green	4	(80, 0)	(40, 69)	(-39, 69)	(-80, 0)	(-40, -69)	(40, -69)	circle	none	dif	right	right	N_dist	(-39, 69)	search	nr	True	1055713	1056377	right	110	10	135	35	160	85	None	None	testing
7	xd	f	21	green	4	(80, 0)	(40, 69)	(-39, 69)	(-80, 0)	(-40, -69)	(40, -69)	diamond	none	dif	right	right	N_dist	(-40, -69)	search	nr	True	1057534	1058185	right	160	10	60	110	135	35	None	None	testing
7	xd	f	21	green	4	(80, 0)	(40, 69)	(-39, 69)	(-80, 0)	(-40, -69)	(40, -69)	circle	none	same	right	right	N_dist	(-80, 0)	probe	l_tar	None	None	None	None	60	110	35	160	85	10	(-80, 0)	178	testing
7	xd	f	21	green	4	(80, 0)	(40, 69)	(-39, 69)	(-80, 0)	(-40, -69)	(40, -69)	diamond	none	dif	right	right	N_dist	(40, -69)	probe	h_norm	None	None	None	None	10	85	135	60	110	35	(80, 0)	138	testing
7	xd	f	21	green	4	(80, 0)	(40, 69)	(-39, 69)	(-80, 0)	(-40, -69)	(40, -69)	diamond	none	dif	right	right	N_dist	(40, -69)	search	nr	True	1067501	1068345	right	85	110	10	60	160	35	None	None	testing
7	xd	f	21	green	4	(80, 0)	(40, 69)	(-39, 69)	(-80, 0)	(-40, -69)	(40, -69)	diamond	green	same	right	right	(80, 0)	(40, 69)	search	nr	True	1069406	1069945	right	10	35	85	160	60	110	None	None	testing
7	xd	f	21	green	4	(80, 0)	(40, 69)	(-39, 69)	(-80, 0)	(-40, -69)	(40, -69)	circle	green	same	right	right	(40, -69)	(-80, 0)	search	nr	True	1071109	1071897	right	160	35	85	10	60	110	None	None	testing
7	xd	f	21	green	4	(80, 0)	(40, 69)	(-39, 69)	(-80, 0)	(-40, -69)	(40, -69)	circle	none	dif	left	left	N_dist	(-39, 69)	probe	l_norm	None	None	None	None	85	60	160	135	110	35	(-80, 0)	4	testing
7	xd	f	21	green	4	(80, 0)	(40, 69)	(-39, 69)	(-80, 0)	(-40, -69)	(40, -69)	circle	green	dif	right	right	(-39, 69)	(40, -69)	search	nr	True	1077153	1077849	right	10	60	135	35	160	85	None	None	testing
7	xd	f	21	green	4	(80, 0)	(40, 69)	(-39, 69)	(-80, 0)	(-40, -69)	(40, -69)	diamond	green	same	left	left	(80, 0)	(-80, 0)	probe	h_sin	None	None	None	None	10	60	110	135	85	35	(80, 0)	168	testing
7	xd	f	21	green	4	(80, 0)	(40, 69)	(-39, 69)	(-80, 0)	(-40, -69)	(40, -69)	diamond	none	dif	left	left	N_dist	(40, -69)	search	nr	True	1082813	1083449	left	35	135	10	110	85	60	None	None	testing
7	xd	f	21	green	4	(80, 0)	(40, 69)	(-39, 69)	(-80, 0)	(-40, -69)	(40, -69)	circle	green	dif	right	right	(-80, 0)	(-40, -69)	probe	l_sin	None	None	None	None	85	160	110	10	135	60	(-80, 0)	3	testing
7	xd	f	21	green	4	(80, 0)	(40, 69)	(-39, 69)	(-80, 0)	(-40, -69)	(40, -69)	diamond	none	same	left	left	N_dist	(-39, 69)	probe	l_norm	None	None	None	None	160	10	60	85	110	135	(40, 69)	136	testing
7	xd	f	21	green	4	(80, 0)	(40, 69)	(-39, 69)	(-80, 0)	(-40, -69)	(40, -69)	diamond	green	same	right	right	(40, -69)	(-80, 0)	search	nr	True	1093383	1094009	right	35	10	85	60	110	160	None	None	testing
7	xd	f	21	green	4	(80, 0)	(40, 69)	(-39, 69)	(-80, 0)	(-40, -69)	(40, -69)	diamond	none	same	right	right	N_dist	(-40, -69)	search	nr	True	1095153	1095865	right	135	35	85	110	160	60	None	None	testing
7	xd	f	21	green	4	(80, 0)	(40, 69)	(-39, 69)	(-80, 0)	(-40, -69)	(40, -69)	circle	green	same	left	left	(80, 0)	(40, -69)	probe	tar	None	None	None	None	85	135	35	60	10	110	(40, -69)	8	testing
7	xd	f	21	green	4	(80, 0)	(40, 69)	(-39, 69)	(-80, 0)	(-40, -69)	(40, -69)	diamond	green	same	right	right	(-39, 69)	(40, -69)	probe	norm	None	None	None	None	60	135	10	85	160	110	(-40, -69)	167	testing
7	xd	f	21	green	4	(80, 0)	(40, 69)	(-39, 69)	(-80, 0)	(-40, -69)	(40, -69)	circle	green	dif	left	left	(80, 0)	(40, -69)	probe	tar	None	None	None	None	60	110	35	85	160	135	(40, -69)	17	testing
7	xd	f	21	green	4	(80, 0)	(40, 69)	(-39, 69)	(-80, 0)	(-40, -69)	(40, -69)	circle	green	dif	right	right	(-80, 0)	(-40, -69)	search	nr	True	1108761	1109641	right	85	10	135	35	110	160	None	None	testing
7	xd	f	21	green	4	(80, 0)	(40, 69)	(-39, 69)	(-80, 0)	(-40, -69)	(40, -69)	diamond	green	same	right	right	(-39, 69)	(40, -69)	search	nr	True	1110848	1111369	right	60	160	135	110	10	35	None	None	testing
7	xd	f	21	green	4	(80, 0)	(40, 69)	(-39, 69)	(-80, 0)	(-40, -69)	(40, -69)	circle	green	dif	left	left	(80, 0)	(40, 69)	probe	h_sin	None	None	None	None	85	160	10	135	35	60	(80, 0)	2	testing
7	xd	f	21	green	4	(80, 0)	(40, 69)	(-39, 69)	(-80, 0)	(-40, -69)	(40, -69)	diamond	green	same	right	right	(-39, 69)	(40, -69)	search	nr	True	1116409	1117449	right	135	10	85	110	160	60	None	None	testing
7	xd	f	21	green	4	(80, 0)	(40, 69)	(-39, 69)	(-80, 0)	(-40, -69)	(40, -69)	circle	none	same	left	left	N_dist	(-40, -69)	search	nr	True	1118663	1119337	left	160	110	135	35	85	60	None	None	testing
7	xd	f	21	green	4	(80, 0)	(40, 69)	(-39, 69)	(-80, 0)	(-40, -69)	(40, -69)	diamond	green	dif	left	left	(80, 0)	(-39, 69)	probe	norm	None	None	None	None	10	110	85	35	60	160	(-80, 0)	174	testing
7	xd	f	21	green	4	(80, 0)	(40, 69)	(-39, 69)	(-80, 0)	(-40, -69)	(40, -69)	circle	none	same	left	left	N_dist	(40, 69)	search	nr	True	1124473	1125241	left	35	10	85	135	60	160	None	None	testing
7	xd	f	21	green	4	(80, 0)	(40, 69)	(-39, 69)	(-80, 0)	(-40, -69)	(40, -69)	diamond	green	dif	left	left	(80, 0)	(-80, 0)	probe	norm	None	None	None	None	160	60	135	35	10	110	(40, 69)	11	testing
7	xd	f	21	green	4	(80, 0)	(40, 69)	(-39, 69)	(-80, 0)	(-40, -69)	(40, -69)	diamond	green	same	left	left	(-80, 0)	(40, 69)	search	nr	True	1130284	1130809	left	60	160	10	135	110	35	None	None	testing
7	xd	f	21	green	4	(80, 0)	(40, 69)	(-39, 69)	(-80, 0)	(-40, -69)	(40, -69)	circle	none	same	left	left	N_dist	(-80, 0)	probe	l_norm	None	None	None	None	60	135	10	160	85	35	(-39, 69)	125	testing
7	xd	f	21	green	4	(80, 0)	(40, 69)	(-39, 69)	(-80, 0)	(-40, -69)	(40, -69)	circle	green	same	left	left	(40, 69)	(-39, 69)	search	nr	True	1137681	1138313	left	85	110	135	35	10	160	None	None	testing
7	xd	f	21	green	4	(80, 0)	(40, 69)	(-39, 69)	(-80, 0)	(-40, -69)	(40, -69)	diamond	none	dif	right	right	N_dist	(40, 69)	search	nr	True	1139535	1140216	right	135	110	85	160	10	60	None	None	testing
7	xd	f	21	green	4	(80, 0)	(40, 69)	(-39, 69)	(-80, 0)	(-40, -69)	(40, -69)	circle	green	same	right	right	(80, 0)	(-80, 0)	search	nr	True	1141371	1142169	right	110	35	160	10	60	135	None	None	testing
