subj	name	gender	age	dist	run	tar_locs1	tar_locs2	tar_locs3	tar_locs4	tar_locs5	tar_locs6	shape	dist	td_dif	detection	resp_key	dis_loc	tar_loc	task_type	probe_cond	gotKey	startTime	respTime	resp	o1	o2	o3	o4	o5	o6	pro_loc	ori_resp	mode
7	xd	f	21	green	6	(80, 0)	(40, 69)	(-39, 69)	(-80, 0)	(-40, -69)	(40, -69)	circle	none	dif	right	right	N_dist	(-80, 0)	probe	l_tar	None	None	None	None	60	35	160	135	85	110	(-80, 0)	20	testing
7	xd	f	21	green	6	(80, 0)	(40, 69)	(-39, 69)	(-80, 0)	(-40, -69)	(40, -69)	circle	none	same	left	left	N_dist	(40, -69)	search	nr	True	22423	23180	left	160	10	110	135	35	60	None	None	testing
7	xd	f	21	green	6	(80, 0)	(40, 69)	(-39, 69)	(-80, 0)	(-40, -69)	(40, -69)	diamond	green	same	left	left	(80, 0)	(40, -69)	probe	tar	None	None	None	None	10	135	110	35	160	60	(40, -69)	159	testing
7	xd	f	21	green	6	(80, 0)	(40, 69)	(-39, 69)	(-80, 0)	(-40, -69)	(40, -69)	diamond	green	dif	left	left	(80, 0)	(40, -69)	search	nr	True	27466	28061	left	60	35	110	10	135	160	None	None	testing
7	xd	f	21	green	6	(80, 0)	(40, 69)	(-39, 69)	(-80, 0)	(-40, -69)	(40, -69)	circle	green	same	left	left	(80, 0)	(40, -69)	search	nr	True	29303	29901	left	35	10	60	135	160	110	None	None	testing
7	xd	f	21	green	6	(80, 0)	(40, 69)	(-39, 69)	(-80, 0)	(-40, -69)	(40, -69)	circle	green	same	right	right	(-39, 69)	(-80, 0)	search	nr	True	31023	31805	right	85	160	10	110	135	35	None	None	testing
7	xd	f	21	green	6	(80, 0)	(40, 69)	(-39, 69)	(-80, 0)	(-40, -69)	(40, -69)	circle	green	dif	right	right	(80, 0)	(-40, -69)	search	nr	True	32961	33580	right	85	10	35	110	160	135	None	None	testing
7	xd	f	21	green	6	(80, 0)	(40, 69)	(-39, 69)	(-80, 0)	(-40, -69)	(40, -69)	diamond	green	dif	right	right	(-39, 69)	(-80, 0)	search	nr	True	34681	35357	left	35	110	60	10	160	135	None	None	testing
7	xd	f	21	green	6	(80, 0)	(40, 69)	(-39, 69)	(-80, 0)	(-40, -69)	(40, -69)	circle	none	same	right	right	N_dist	(40, -69)	search	nr	True	38038	38557	right	35	60	110	135	85	10	None	None	testing
7	xd	f	21	green	6	(80, 0)	(40, 69)	(-39, 69)	(-80, 0)	(-40, -69)	(40, -69)	diamond	none	same	right	right	N_dist	(40, -69)	search	nr	True	39707	40205	right	160	10	135	60	85	35	None	None	testing
7	xd	f	21	green	6	(80, 0)	(40, 69)	(-39, 69)	(-80, 0)	(-40, -69)	(40, -69)	circle	green	same	left	left	(80, 0)	(-39, 69)	probe	tar	None	None	None	None	35	110	135	10	60	160	(-39, 69)	17	testing
7	xd	f	21	green	6	(80, 0)	(40, 69)	(-39, 69)	(-80, 0)	(-40, -69)	(40, -69)	diamond	none	dif	left	left	N_dist	(-39, 69)	search	nr	True	45217	45805	left	85	160	60	135	10	35	None	None	testing
7	xd	f	21	green	6	(80, 0)	(40, 69)	(-39, 69)	(-80, 0)	(-40, -69)	(40, -69)	diamond	none	dif	right	right	N_dist	(-80, 0)	search	nr	True	47003	47693	right	160	110	35	135	10	85	None	None	testing
7	xd	f	21	green	6	(80, 0)	(40, 69)	(-39, 69)	(-80, 0)	(-40, -69)	(40, -69)	diamond	green	dif	left	left	(80, 0)	(-40, -69)	search	nr	True	48840	49517	left	35	135	160	60	85	110	None	None	testing
7	xd	f	21	green	6	(80, 0)	(40, 69)	(-39, 69)	(-80, 0)	(-40, -69)	(40, -69)	diamond	none	dif	right	right	N_dist	(-80, 0)	probe	h_norm	None	None	None	None	135	10	160	35	110	85	(80, 0)	54	testing
7	xd	f	21	green	6	(80, 0)	(40, 69)	(-39, 69)	(-80, 0)	(-40, -69)	(40, -69)	circle	green	dif	right	right	(-39, 69)	(40, -69)	search	nr	True	54384	54989	right	35	10	160	60	135	110	None	None	testing
7	xd	f	21	green	6	(80, 0)	(40, 69)	(-39, 69)	(-80, 0)	(-40, -69)	(40, -69)	circle	none	dif	right	right	N_dist	(-39, 69)	search	nr	True	56238	56845	right	110	135	160	85	10	35	None	None	testing
7	xd	f	21	green	6	(80, 0)	(40, 69)	(-39, 69)	(-80, 0)	(-40, -69)	(40, -69)	circle	green	dif	left	left	(80, 0)	(40, 69)	search	nr	True	58108	58956	left	160	35	110	85	135	10	None	None	testing
7	xd	f	21	green	6	(80, 0)	(40, 69)	(-39, 69)	(-80, 0)	(-40, -69)	(40, -69)	diamond	green	dif	left	left	(-40, -69)	(-80, 0)	search	nr	True	60212	61020	left	10	85	60	110	160	135	None	None	testing
7	xd	f	21	green	6	(80, 0)	(40, 69)	(-39, 69)	(-80, 0)	(-40, -69)	(40, -69)	diamond	none	same	left	left	N_dist	(80, 0)	search	nr	True	62098	62669	right	160	10	60	35	85	110	None	None	testing
7	xd	f	21	green	6	(80, 0)	(40, 69)	(-39, 69)	(-80, 0)	(-40, -69)	(40, -69)	diamond	green	same	left	left	(80, 0)	(-80, 0)	search	nr	True	65455	66060	left	110	85	160	35	135	10	None	None	testing
7	xd	f	21	green	6	(80, 0)	(40, 69)	(-39, 69)	(-80, 0)	(-40, -69)	(40, -69)	circle	green	same	right	right	(80, 0)	(-39, 69)	search	nr	True	67124	67853	right	60	110	160	35	10	135	None	None	testing
7	xd	f	21	green	6	(80, 0)	(40, 69)	(-39, 69)	(-80, 0)	(-40, -69)	(40, -69)	circle	green	dif	right	right	(-39, 69)	(40, -69)	probe	l_sin	None	None	None	None	60	110	10	35	135	160	(-39, 69)	19	testing
7	xd	f	21	green	6	(80, 0)	(40, 69)	(-39, 69)	(-80, 0)	(-40, -69)	(40, -69)	diamond	green	same	left	left	(80, 0)	(-40, -69)	probe	norm	None	None	None	None	10	85	60	135	110	160	(40, -69)	25	testing
7	xd	f	21	green	6	(80, 0)	(40, 69)	(-39, 69)	(-80, 0)	(-40, -69)	(40, -69)	circle	green	dif	left	left	(40, -69)	(-39, 69)	search	nr	True	77360	77997	left	35	10	85	60	110	160	None	None	testing
7	xd	f	21	green	6	(80, 0)	(40, 69)	(-39, 69)	(-80, 0)	(-40, -69)	(40, -69)	diamond	green	same	left	left	(80, 0)	(40, 69)	search	nr	True	79230	79741	left	60	135	160	85	110	10	None	None	testing
7	xd	f	21	green	6	(80, 0)	(40, 69)	(-39, 69)	(-80, 0)	(-40, -69)	(40, -69)	diamond	green	same	left	left	(40, 69)	(40, -69)	probe	norm	None	None	None	None	110	135	35	60	85	160	(-80, 0)	173	testing
7	xd	f	21	green	6	(80, 0)	(40, 69)	(-39, 69)	(-80, 0)	(-40, -69)	(40, -69)	circle	green	dif	right	right	(80, 0)	(40, -69)	probe	h_sin	None	None	None	None	135	110	35	85	10	60	(80, 0)	16	testing
7	xd	f	21	green	6	(80, 0)	(40, 69)	(-39, 69)	(-80, 0)	(-40, -69)	(40, -69)	circle	green	same	right	right	(80, 0)	(-39, 69)	search	nr	True	89065	89997	right	85	35	60	135	160	10	None	None	testing
7	xd	f	21	green	6	(80, 0)	(40, 69)	(-39, 69)	(-80, 0)	(-40, -69)	(40, -69)	diamond	green	dif	left	left	(80, 0)	(40, 69)	search	nr	True	91286	91949	left	110	35	85	160	10	60	None	None	testing
7	xd	f	21	green	6	(80, 0)	(40, 69)	(-39, 69)	(-80, 0)	(-40, -69)	(40, -69)	diamond	green	same	left	left	(80, 0)	(40, 69)	probe	h_sin	None	None	None	None	110	60	160	135	10	35	(80, 0)	10	testing
7	xd	f	21	green	6	(80, 0)	(40, 69)	(-39, 69)	(-80, 0)	(-40, -69)	(40, -69)	diamond	green	dif	left	left	(80, 0)	(40, 69)	probe	h_sin	None	None	None	None	60	35	10	135	85	160	(80, 0)	165	testing
7	xd	f	21	green	6	(80, 0)	(40, 69)	(-39, 69)	(-80, 0)	(-40, -69)	(40, -69)	diamond	green	dif	right	right	(40, -69)	(40, 69)	probe	l_sin	None	None	None	None	60	110	35	10	135	160	(40, -69)	14	testing
7	xd	f	21	green	6	(80, 0)	(40, 69)	(-39, 69)	(-80, 0)	(-40, -69)	(40, -69)	diamond	none	dif	right	right	N_dist	(40, -69)	search	nr	True	105194	106317	left	35	60	10	110	135	160	None	None	testing
7	xd	f	21	green	6	(80, 0)	(40, 69)	(-39, 69)	(-80, 0)	(-40, -69)	(40, -69)	circle	green	dif	left	left	(80, 0)	(40, 69)	search	nr	True	109084	110397	left	35	135	85	110	160	10	None	None	testing
7	xd	f	21	green	6	(80, 0)	(40, 69)	(-39, 69)	(-80, 0)	(-40, -69)	(40, -69)	diamond	green	same	right	right	(80, 0)	(40, -69)	search	nr	True	111606	112525	right	110	160	85	135	10	35	None	None	testing
7	xd	f	21	green	6	(80, 0)	(40, 69)	(-39, 69)	(-80, 0)	(-40, -69)	(40, -69)	circle	green	dif	left	left	(80, 0)	(-80, 0)	search	nr	True	113827	114428	left	110	85	160	10	135	60	None	None	testing
7	xd	f	21	green	6	(80, 0)	(40, 69)	(-39, 69)	(-80, 0)	(-40, -69)	(40, -69)	diamond	green	dif	left	left	(80, 0)	(40, -69)	probe	tar	None	None	None	None	10	160	85	35	110	135	(40, -69)	12	testing
7	xd	f	21	green	6	(80, 0)	(40, 69)	(-39, 69)	(-80, 0)	(-40, -69)	(40, -69)	diamond	green	same	left	left	(80, 0)	(-39, 69)	search	nr	True	119303	119821	left	160	110	35	85	10	135	None	None	testing
7	xd	f	21	green	6	(80, 0)	(40, 69)	(-39, 69)	(-80, 0)	(-40, -69)	(40, -69)	diamond	none	same	right	right	N_dist	(40, 69)	probe	l_tar	None	None	None	None	160	110	10	35	85	60	(40, 69)	25	testing
7	xd	f	21	green	6	(80, 0)	(40, 69)	(-39, 69)	(-80, 0)	(-40, -69)	(40, -69)	circle	none	same	right	right	N_dist	(40, 69)	probe	l_norm	None	None	None	None	85	60	110	160	10	35	(-40, -69)	25	testing
7	xd	f	21	green	6	(80, 0)	(40, 69)	(-39, 69)	(-80, 0)	(-40, -69)	(40, -69)	circle	green	dif	right	right	(80, 0)	(-40, -69)	probe	tar	None	None	None	None	110	35	160	10	135	60	(-40, -69)	14	testing
7	xd	f	21	green	6	(80, 0)	(40, 69)	(-39, 69)	(-80, 0)	(-40, -69)	(40, -69)	diamond	green	same	left	left	(80, 0)	(40, 69)	search	nr	True	132110	132844	left	10	35	60	135	160	85	None	None	testing
7	xd	f	21	green	6	(80, 0)	(40, 69)	(-39, 69)	(-80, 0)	(-40, -69)	(40, -69)	circle	green	same	right	right	(-39, 69)	(40, -69)	search	nr	True	133997	134621	right	60	35	85	10	110	160	None	None	testing
7	xd	f	21	green	6	(80, 0)	(40, 69)	(-39, 69)	(-80, 0)	(-40, -69)	(40, -69)	circle	green	dif	right	right	(80, 0)	(-40, -69)	search	nr	True	135717	136317	right	10	110	160	35	85	60	None	None	testing
7	xd	f	21	green	6	(80, 0)	(40, 69)	(-39, 69)	(-80, 0)	(-40, -69)	(40, -69)	circle	none	dif	right	right	N_dist	(80, 0)	search	nr	True	137386	138045	right	110	35	160	85	135	60	None	None	testing
7	xd	f	21	green	6	(80, 0)	(40, 69)	(-39, 69)	(-80, 0)	(-40, -69)	(40, -69)	circle	none	same	left	left	N_dist	(-40, -69)	search	nr	True	139274	139853	left	60	135	160	10	110	85	None	None	testing
7	xd	f	21	green	6	(80, 0)	(40, 69)	(-39, 69)	(-80, 0)	(-40, -69)	(40, -69)	diamond	green	dif	right	right	(-39, 69)	(40, 69)	search	nr	True	140959	142221	left	160	10	60	85	35	110	None	None	testing
7	xd	f	21	green	6	(80, 0)	(40, 69)	(-39, 69)	(-80, 0)	(-40, -69)	(40, -69)	circle	green	dif	right	right	(80, 0)	(-40, -69)	probe	h_sin	None	None	None	None	135	10	160	35	110	60	(80, 0)	8	testing
7	xd	f	21	green	6	(80, 0)	(40, 69)	(-39, 69)	(-80, 0)	(-40, -69)	(40, -69)	diamond	none	same	right	right	N_dist	(40, -69)	probe	l_norm	None	None	None	None	160	35	85	135	10	110	(-39, 69)	167	testing
7	xd	f	21	green	6	(80, 0)	(40, 69)	(-39, 69)	(-80, 0)	(-40, -69)	(40, -69)	diamond	none	same	right	right	N_dist	(80, 0)	probe	h_tar	None	None	None	None	35	85	160	60	135	110	(80, 0)	153	testing
7	xd	f	21	green	6	(80, 0)	(40, 69)	(-39, 69)	(-80, 0)	(-40, -69)	(40, -69)	circle	green	same	left	left	(40, -69)	(-80, 0)	search	nr	True	156455	157101	left	60	10	85	110	160	135	None	None	testing
7	xd	f	21	green	6	(80, 0)	(40, 69)	(-39, 69)	(-80, 0)	(-40, -69)	(40, -69)	circle	green	same	right	right	(80, 0)	(-40, -69)	search	nr	True	158375	159037	right	110	160	60	85	10	35	None	None	testing
7	xd	f	21	green	6	(80, 0)	(40, 69)	(-39, 69)	(-80, 0)	(-40, -69)	(40, -69)	circle	none	same	right	right	N_dist	(-39, 69)	probe	l_norm	None	None	None	None	110	10	85	60	35	135	(-80, 0)	166	testing
7	xd	f	21	green	6	(80, 0)	(40, 69)	(-39, 69)	(-80, 0)	(-40, -69)	(40, -69)	circle	green	same	right	right	(-39, 69)	(-80, 0)	search	nr	True	165104	165789	right	35	110	10	160	135	85	None	None	testing
7	xd	f	21	green	6	(80, 0)	(40, 69)	(-39, 69)	(-80, 0)	(-40, -69)	(40, -69)	diamond	green	dif	right	right	(-39, 69)	(-80, 0)	probe	l_sin	None	None	None	None	135	35	10	85	60	160	(-39, 69)	14	testing
7	xd	f	21	green	6	(80, 0)	(40, 69)	(-39, 69)	(-80, 0)	(-40, -69)	(40, -69)	circle	green	same	left	left	(80, 0)	(40, -69)	search	nr	True	171165	171932	left	160	10	135	35	60	85	None	None	testing
7	xd	f	21	green	6	(80, 0)	(40, 69)	(-39, 69)	(-80, 0)	(-40, -69)	(40, -69)	diamond	none	same	left	left	N_dist	(-40, -69)	search	nr	True	173069	173693	left	60	85	110	160	135	10	None	None	testing
7	xd	f	21	green	6	(80, 0)	(40, 69)	(-39, 69)	(-80, 0)	(-40, -69)	(40, -69)	diamond	green	dif	right	right	(80, 0)	(40, -69)	search	nr	True	174838	175613	right	135	160	110	60	10	35	None	None	testing
7	xd	f	21	green	6	(80, 0)	(40, 69)	(-39, 69)	(-80, 0)	(-40, -69)	(40, -69)	diamond	green	same	left	left	(80, 0)	(40, 69)	probe	tar	None	None	None	None	10	160	60	110	35	135	(40, 69)	24	testing
7	xd	f	21	green	6	(80, 0)	(40, 69)	(-39, 69)	(-80, 0)	(-40, -69)	(40, -69)	circle	none	same	left	left	N_dist	(40, -69)	probe	h_norm	None	None	None	None	110	85	10	60	135	35	(80, 0)	17	testing
7	xd	f	21	green	6	(80, 0)	(40, 69)	(-39, 69)	(-80, 0)	(-40, -69)	(40, -69)	diamond	none	dif	right	right	N_dist	(-40, -69)	search	nr	True	184673	185437	right	60	35	160	110	10	85	None	None	testing
7	xd	f	21	green	6	(80, 0)	(40, 69)	(-39, 69)	(-80, 0)	(-40, -69)	(40, -69)	circle	green	dif	right	right	(80, 0)	(40, 69)	probe	tar	None	None	None	None	135	110	35	10	60	160	(40, 69)	23	testing
7	xd	f	21	green	6	(80, 0)	(40, 69)	(-39, 69)	(-80, 0)	(-40, -69)	(40, -69)	diamond	none	dif	right	right	N_dist	(-40, -69)	search	nr	True	190000	190796	right	135	35	60	10	110	160	None	None	testing
7	xd	f	21	green	6	(80, 0)	(40, 69)	(-39, 69)	(-80, 0)	(-40, -69)	(40, -69)	diamond	none	same	left	left	N_dist	(-80, 0)	probe	l_tar	None	None	None	None	85	35	135	60	110	160	(-80, 0)	158	testing
7	xd	f	21	green	6	(80, 0)	(40, 69)	(-39, 69)	(-80, 0)	(-40, -69)	(40, -69)	circle	none	same	left	left	N_dist	(-39, 69)	search	nr	True	196329	196861	left	10	35	135	110	160	60	None	None	testing
7	xd	f	21	green	6	(80, 0)	(40, 69)	(-39, 69)	(-80, 0)	(-40, -69)	(40, -69)	diamond	green	dif	right	right	(-39, 69)	(40, 69)	search	nr	True	198081	198876	right	135	60	110	160	10	85	None	None	testing
7	xd	f	21	green	6	(80, 0)	(40, 69)	(-39, 69)	(-80, 0)	(-40, -69)	(40, -69)	diamond	none	dif	right	right	N_dist	(-40, -69)	probe	l_norm	None	None	None	None	135	110	85	35	160	60	(40, 69)	13	testing
7	xd	f	21	green	6	(80, 0)	(40, 69)	(-39, 69)	(-80, 0)	(-40, -69)	(40, -69)	circle	none	dif	left	left	N_dist	(-39, 69)	probe	h_norm	None	None	None	None	135	60	35	85	160	110	(80, 0)	22	testing
7	xd	f	21	green	6	(80, 0)	(40, 69)	(-39, 69)	(-80, 0)	(-40, -69)	(40, -69)	circle	green	same	left	left	(-80, 0)	(40, 69)	search	nr	True	207916	208605	left	160	110	60	10	135	85	None	None	testing
7	xd	f	21	green	6	(80, 0)	(40, 69)	(-39, 69)	(-80, 0)	(-40, -69)	(40, -69)	circle	green	same	left	left	(-80, 0)	(40, -69)	search	nr	True	209870	210460	left	85	35	110	60	160	135	None	None	testing
7	xd	f	21	green	6	(80, 0)	(40, 69)	(-39, 69)	(-80, 0)	(-40, -69)	(40, -69)	circle	none	dif	left	left	N_dist	(40, -69)	search	nr	True	211523	212029	left	160	60	10	135	85	35	None	None	testing
7	xd	f	21	green	6	(80, 0)	(40, 69)	(-39, 69)	(-80, 0)	(-40, -69)	(40, -69)	circle	none	dif	right	right	N_dist	(80, 0)	search	nr	True	213177	213901	right	110	35	10	60	85	135	None	None	testing
7	xd	f	21	green	6	(80, 0)	(40, 69)	(-39, 69)	(-80, 0)	(-40, -69)	(40, -69)	diamond	green	dif	left	left	(-40, -69)	(-80, 0)	search	nr	True	215046	216220	left	35	110	135	85	160	10	None	None	testing
7	xd	f	21	green	6	(80, 0)	(40, 69)	(-39, 69)	(-80, 0)	(-40, -69)	(40, -69)	circle	green	same	right	right	(40, 69)	(-80, 0)	probe	l_sin	None	None	None	None	10	60	160	85	135	110	(40, 69)	160	testing
7	xd	f	21	green	6	(80, 0)	(40, 69)	(-39, 69)	(-80, 0)	(-40, -69)	(40, -69)	circle	none	dif	right	right	N_dist	(-39, 69)	search	nr	True	221875	222508	right	135	60	160	85	10	35	None	None	testing
7	xd	f	21	green	6	(80, 0)	(40, 69)	(-39, 69)	(-80, 0)	(-40, -69)	(40, -69)	circle	green	dif	right	right	(-80, 0)	(40, 69)	search	nr	True	223628	224189	right	35	135	10	85	160	110	None	None	testing
7	xd	f	21	green	6	(80, 0)	(40, 69)	(-39, 69)	(-80, 0)	(-40, -69)	(40, -69)	diamond	none	dif	left	left	N_dist	(80, 0)	search	nr	True	225432	226252	left	60	160	35	110	85	135	None	None	testing
7	xd	f	21	green	6	(80, 0)	(40, 69)	(-39, 69)	(-80, 0)	(-40, -69)	(40, -69)	diamond	green	same	right	right	(-40, -69)	(40, 69)	probe	tar	None	None	None	None	60	85	160	35	10	110	(40, 69)	170	testing
7	xd	f	21	green	6	(80, 0)	(40, 69)	(-39, 69)	(-80, 0)	(-40, -69)	(40, -69)	diamond	green	dif	right	right	(80, 0)	(-80, 0)	search	nr	True	233012	233805	right	85	60	35	135	160	110	None	None	testing
7	xd	f	21	green	6	(80, 0)	(40, 69)	(-39, 69)	(-80, 0)	(-40, -69)	(40, -69)	circle	green	same	left	left	(80, 0)	(40, 69)	probe	tar	None	None	None	None	110	160	135	10	60	35	(40, 69)	32	testing
7	xd	f	21	green	6	(80, 0)	(40, 69)	(-39, 69)	(-80, 0)	(-40, -69)	(40, -69)	circle	none	dif	left	left	N_dist	(-39, 69)	search	nr	True	238873	239437	left	85	10	160	110	60	35	None	None	testing
7	xd	f	21	green	6	(80, 0)	(40, 69)	(-39, 69)	(-80, 0)	(-40, -69)	(40, -69)	diamond	green	same	left	left	(80, 0)	(-80, 0)	search	nr	True	240577	241132	left	10	35	160	60	110	135	None	None	testing
7	xd	f	21	green	6	(80, 0)	(40, 69)	(-39, 69)	(-80, 0)	(-40, -69)	(40, -69)	diamond	green	same	right	right	(-40, -69)	(40, 69)	search	nr	True	242363	242956	right	60	85	35	160	10	110	None	None	testing
7	xd	f	21	green	6	(80, 0)	(40, 69)	(-39, 69)	(-80, 0)	(-40, -69)	(40, -69)	circle	green	same	left	left	(80, 0)	(-80, 0)	search	nr	True	244183	244924	left	135	110	85	35	160	10	None	None	testing
7	xd	f	21	green	6	(80, 0)	(40, 69)	(-39, 69)	(-80, 0)	(-40, -69)	(40, -69)	circle	green	same	left	left	(40, -69)	(-80, 0)	search	nr	True	246086	246588	left	35	135	60	85	160	10	None	None	testing
7	xd	f	21	green	6	(80, 0)	(40, 69)	(-39, 69)	(-80, 0)	(-40, -69)	(40, -69)	diamond	none	dif	left	left	N_dist	(80, 0)	search	nr	True	247740	248300	left	135	35	85	60	10	110	None	None	testing
7	xd	f	21	green	6	(80, 0)	(40, 69)	(-39, 69)	(-80, 0)	(-40, -69)	(40, -69)	circle	green	dif	left	left	(40, -69)	(40, 69)	search	nr	True	249410	250524	left	35	85	135	110	60	160	None	None	testing
7	xd	f	21	green	6	(80, 0)	(40, 69)	(-39, 69)	(-80, 0)	(-40, -69)	(40, -69)	circle	none	dif	left	left	N_dist	(-80, 0)	search	nr	True	251680	252269	left	60	160	110	135	10	35	None	None	testing
7	xd	f	21	green	6	(80, 0)	(40, 69)	(-39, 69)	(-80, 0)	(-40, -69)	(40, -69)	circle	none	same	right	right	N_dist	(40, 69)	search	nr	True	253416	254029	right	60	135	85	35	10	110	None	None	testing
7	xd	f	21	green	6	(80, 0)	(40, 69)	(-39, 69)	(-80, 0)	(-40, -69)	(40, -69)	circle	green	dif	right	right	(40, 69)	(-80, 0)	search	nr	True	255103	255949	right	160	85	10	60	110	35	None	None	testing
7	xd	f	21	green	6	(80, 0)	(40, 69)	(-39, 69)	(-80, 0)	(-40, -69)	(40, -69)	diamond	green	dif	left	left	(80, 0)	(-80, 0)	probe	tar	None	None	None	None	160	110	35	135	60	85	(-80, 0)	16	testing
7	xd	f	21	green	6	(80, 0)	(40, 69)	(-39, 69)	(-80, 0)	(-40, -69)	(40, -69)	circle	green	dif	left	left	(40, -69)	(-39, 69)	search	nr	True	261798	262380	left	60	35	135	160	85	10	None	None	testing
7	xd	f	21	green	6	(80, 0)	(40, 69)	(-39, 69)	(-80, 0)	(-40, -69)	(40, -69)	circle	none	dif	left	left	N_dist	(40, 69)	probe	h_norm	None	None	None	None	60	135	110	10	35	85	(80, 0)	21	testing
7	xd	f	21	green	6	(80, 0)	(40, 69)	(-39, 69)	(-80, 0)	(-40, -69)	(40, -69)	circle	none	dif	right	right	N_dist	(-80, 0)	search	nr	True	267225	267820	right	160	10	85	135	110	35	None	None	testing
7	xd	f	21	green	6	(80, 0)	(40, 69)	(-39, 69)	(-80, 0)	(-40, -69)	(40, -69)	diamond	none	same	left	left	N_dist	(80, 0)	search	nr	True	269095	270428	left	35	10	135	160	85	60	None	None	testing
7	xd	f	21	green	6	(80, 0)	(40, 69)	(-39, 69)	(-80, 0)	(-40, -69)	(40, -69)	diamond	green	same	left	left	(40, 69)	(40, -69)	search	nr	True	271550	272332	left	110	60	10	160	35	85	None	None	testing
7	xd	f	21	green	6	(80, 0)	(40, 69)	(-39, 69)	(-80, 0)	(-40, -69)	(40, -69)	diamond	green	same	right	right	(40, 69)	(-40, -69)	probe	l_sin	None	None	None	None	160	110	10	135	60	35	(40, 69)	13	testing
7	xd	f	21	green	6	(80, 0)	(40, 69)	(-39, 69)	(-80, 0)	(-40, -69)	(40, -69)	diamond	green	same	right	right	(80, 0)	(40, 69)	probe	norm	None	None	None	None	85	160	135	10	60	35	(-40, -69)	163	testing
7	xd	f	21	green	6	(80, 0)	(40, 69)	(-39, 69)	(-80, 0)	(-40, -69)	(40, -69)	circle	green	dif	right	right	(80, 0)	(-40, -69)	search	nr	True	281418	282060	right	110	10	60	85	160	35	None	None	testing
7	xd	f	21	green	6	(80, 0)	(40, 69)	(-39, 69)	(-80, 0)	(-40, -69)	(40, -69)	diamond	green	same	left	left	(80, 0)	(-40, -69)	search	nr	True	283305	283997	left	35	135	110	10	60	85	None	None	testing
7	xd	f	21	green	6	(80, 0)	(40, 69)	(-39, 69)	(-80, 0)	(-40, -69)	(40, -69)	diamond	none	dif	left	left	N_dist	(80, 0)	search	nr	True	285308	285869	left	60	160	10	110	85	35	None	None	testing
7	xd	f	21	green	6	(80, 0)	(40, 69)	(-39, 69)	(-80, 0)	(-40, -69)	(40, -69)	diamond	green	same	left	left	(80, 0)	(40, 69)	search	nr	True	287029	287565	left	135	110	85	35	10	160	None	None	testing
7	xd	f	21	green	6	(80, 0)	(40, 69)	(-39, 69)	(-80, 0)	(-40, -69)	(40, -69)	diamond	green	same	right	right	(40, 69)	(-80, 0)	search	nr	True	288631	289212	right	35	85	10	135	60	160	None	None	testing
7	xd	f	21	green	6	(80, 0)	(40, 69)	(-39, 69)	(-80, 0)	(-40, -69)	(40, -69)	diamond	green	same	left	left	(-80, 0)	(-40, -69)	search	nr	True	290368	291037	left	60	10	160	35	85	110	None	None	testing
7	xd	f	21	green	6	(80, 0)	(40, 69)	(-39, 69)	(-80, 0)	(-40, -69)	(40, -69)	diamond	green	dif	left	left	(80, 0)	(-39, 69)	search	nr	True	292104	292733	left	85	135	110	10	35	60	None	None	testing
7	xd	f	21	green	6	(80, 0)	(40, 69)	(-39, 69)	(-80, 0)	(-40, -69)	(40, -69)	diamond	green	same	right	right	(80, 0)	(40, -69)	probe	norm	None	None	None	None	160	85	110	35	135	60	(-39, 69)	15	testing
7	xd	f	21	green	6	(80, 0)	(40, 69)	(-39, 69)	(-80, 0)	(-40, -69)	(40, -69)	diamond	none	dif	right	right	N_dist	(-40, -69)	probe	l_norm	None	None	None	None	85	135	160	10	110	60	(-39, 69)	9	testing
7	xd	f	21	green	6	(80, 0)	(40, 69)	(-39, 69)	(-80, 0)	(-40, -69)	(40, -69)	diamond	none	same	right	right	N_dist	(-40, -69)	search	nr	True	301772	302476	right	35	160	110	85	135	60	None	None	testing
7	xd	f	21	green	6	(80, 0)	(40, 69)	(-39, 69)	(-80, 0)	(-40, -69)	(40, -69)	diamond	green	same	right	right	(-40, -69)	(-80, 0)	probe	l_sin	None	None	None	None	160	60	35	110	135	10	(-40, -69)	12	testing
7	xd	f	21	green	6	(80, 0)	(40, 69)	(-39, 69)	(-80, 0)	(-40, -69)	(40, -69)	diamond	green	same	left	left	(-80, 0)	(-40, -69)	probe	l_sin	None	None	None	None	60	160	110	35	135	10	(-80, 0)	6	testing
7	xd	f	21	green	6	(80, 0)	(40, 69)	(-39, 69)	(-80, 0)	(-40, -69)	(40, -69)	diamond	green	same	left	left	(80, 0)	(-40, -69)	search	nr	True	311039	311724	left	160	110	60	85	135	35	None	None	testing
7	xd	f	21	green	6	(80, 0)	(40, 69)	(-39, 69)	(-80, 0)	(-40, -69)	(40, -69)	diamond	none	same	left	left	N_dist	(-40, -69)	search	nr	True	312809	313291	left	135	35	110	60	160	10	None	None	testing
7	xd	f	21	green	6	(80, 0)	(40, 69)	(-39, 69)	(-80, 0)	(-40, -69)	(40, -69)	circle	green	same	left	left	(80, 0)	(-39, 69)	search	nr	True	314446	315100	left	110	85	10	135	35	60	None	None	testing
7	xd	f	21	green	6	(80, 0)	(40, 69)	(-39, 69)	(-80, 0)	(-40, -69)	(40, -69)	diamond	green	dif	right	right	(-39, 69)	(40, 69)	probe	tar	None	None	None	None	135	60	85	10	35	160	(40, 69)	165	testing
7	xd	f	21	green	6	(80, 0)	(40, 69)	(-39, 69)	(-80, 0)	(-40, -69)	(40, -69)	diamond	green	dif	left	left	(80, 0)	(-39, 69)	search	nr	True	320089	320588	left	10	160	35	60	135	110	None	None	testing
7	xd	f	21	green	6	(80, 0)	(40, 69)	(-39, 69)	(-80, 0)	(-40, -69)	(40, -69)	diamond	green	same	right	right	(80, 0)	(-39, 69)	probe	norm	None	None	None	None	35	60	160	135	10	110	(40, 69)	166	testing
7	xd	f	21	green	6	(80, 0)	(40, 69)	(-39, 69)	(-80, 0)	(-40, -69)	(40, -69)	circle	green	dif	right	right	(80, 0)	(-80, 0)	search	nr	True	325933	326621	right	60	110	35	10	160	85	None	None	testing
7	xd	f	21	green	6	(80, 0)	(40, 69)	(-39, 69)	(-80, 0)	(-40, -69)	(40, -69)	diamond	green	dif	left	left	(80, 0)	(-39, 69)	probe	tar	None	None	None	None	60	35	135	110	85	10	(-39, 69)	16	testing
7	xd	f	21	green	6	(80, 0)	(40, 69)	(-39, 69)	(-80, 0)	(-40, -69)	(40, -69)	diamond	none	dif	left	left	N_dist	(40, -69)	search	nr	True	331560	332205	left	85	60	135	35	110	10	None	None	testing
7	xd	f	21	green	6	(80, 0)	(40, 69)	(-39, 69)	(-80, 0)	(-40, -69)	(40, -69)	diamond	green	dif	right	right	(40, -69)	(40, 69)	search	nr	True	333280	333916	right	10	35	110	135	160	85	None	None	testing
7	xd	f	21	green	6	(80, 0)	(40, 69)	(-39, 69)	(-80, 0)	(-40, -69)	(40, -69)	circle	green	same	right	right	(80, 0)	(-40, -69)	search	nr	True	335034	335804	right	160	85	110	135	10	35	None	None	testing
7	xd	f	21	green	6	(80, 0)	(40, 69)	(-39, 69)	(-80, 0)	(-40, -69)	(40, -69)	diamond	green	same	right	right	(80, 0)	(-39, 69)	probe	tar	None	None	None	None	10	85	60	135	160	35	(-39, 69)	165	testing
7	xd	f	21	green	6	(80, 0)	(40, 69)	(-39, 69)	(-80, 0)	(-40, -69)	(40, -69)	circle	none	same	left	left	N_dist	(-39, 69)	search	nr	True	341696	342172	left	160	135	60	35	10	110	None	None	testing
7	xd	f	21	green	6	(80, 0)	(40, 69)	(-39, 69)	(-80, 0)	(-40, -69)	(40, -69)	diamond	green	dif	right	right	(80, 0)	(-80, 0)	search	nr	True	343382	343949	right	85	110	35	60	135	10	None	None	testing
7	xd	f	21	green	6	(80, 0)	(40, 69)	(-39, 69)	(-80, 0)	(-40, -69)	(40, -69)	circle	green	dif	left	left	(40, -69)	(-39, 69)	search	nr	True	345202	345756	left	35	110	85	10	160	135	None	None	testing
7	xd	f	21	green	6	(80, 0)	(40, 69)	(-39, 69)	(-80, 0)	(-40, -69)	(40, -69)	diamond	green	dif	left	left	(80, 0)	(-39, 69)	search	nr	True	346872	347388	left	10	85	160	60	135	35	None	None	testing
7	xd	f	21	green	6	(80, 0)	(40, 69)	(-39, 69)	(-80, 0)	(-40, -69)	(40, -69)	circle	green	same	left	left	(80, 0)	(-80, 0)	probe	tar	None	None	None	None	110	60	35	10	160	85	(-80, 0)	9	testing
7	xd	f	21	green	6	(80, 0)	(40, 69)	(-39, 69)	(-80, 0)	(-40, -69)	(40, -69)	circle	green	same	left	left	(80, 0)	(40, -69)	probe	norm	None	None	None	None	85	10	60	135	160	110	(40, 69)	124	testing
7	xd	f	21	green	6	(80, 0)	(40, 69)	(-39, 69)	(-80, 0)	(-40, -69)	(40, -69)	circle	none	same	right	right	N_dist	(40, -69)	probe	l_norm	None	None	None	None	160	110	135	35	10	85	(-80, 0)	164	testing
7	xd	f	21	green	6	(80, 0)	(40, 69)	(-39, 69)	(-80, 0)	(-40, -69)	(40, -69)	circle	green	dif	left	left	(40, -69)	(-40, -69)	search	nr	True	361115	361724	left	10	135	85	60	110	35	None	None	testing
7	xd	f	21	green	6	(80, 0)	(40, 69)	(-39, 69)	(-80, 0)	(-40, -69)	(40, -69)	circle	green	same	left	left	(80, 0)	(40, 69)	search	nr	True	362884	363499	left	60	35	110	10	135	85	None	None	testing
7	xd	f	21	green	6	(80, 0)	(40, 69)	(-39, 69)	(-80, 0)	(-40, -69)	(40, -69)	circle	green	dif	right	right	(-80, 0)	(40, 69)	probe	tar	None	None	None	None	160	35	110	60	135	85	(40, 69)	145	testing
7	xd	f	21	green	6	(80, 0)	(40, 69)	(-39, 69)	(-80, 0)	(-40, -69)	(40, -69)	diamond	green	dif	left	left	(80, 0)	(-80, 0)	probe	norm	None	None	None	None	160	35	110	135	85	60	(40, 69)	156	testing
7	xd	f	21	green	6	(80, 0)	(40, 69)	(-39, 69)	(-80, 0)	(-40, -69)	(40, -69)	circle	none	same	right	right	N_dist	(40, -69)	search	nr	True	373187	373788	right	160	110	35	85	10	60	None	None	testing
7	xd	f	21	green	6	(80, 0)	(40, 69)	(-39, 69)	(-80, 0)	(-40, -69)	(40, -69)	diamond	green	dif	left	left	(80, 0)	(-39, 69)	search	nr	True	374940	375484	left	135	110	10	85	160	35	None	None	testing
7	xd	f	21	green	6	(80, 0)	(40, 69)	(-39, 69)	(-80, 0)	(-40, -69)	(40, -69)	circle	none	dif	left	left	N_dist	(40, 69)	search	nr	True	376542	377148	left	10	110	135	85	60	35	None	None	testing
7	xd	f	21	green	6	(80, 0)	(40, 69)	(-39, 69)	(-80, 0)	(-40, -69)	(40, -69)	diamond	green	same	right	right	(-40, -69)	(-80, 0)	search	nr	True	378296	378989	right	35	135	110	10	85	160	None	None	testing
7	xd	f	21	green	6	(80, 0)	(40, 69)	(-39, 69)	(-80, 0)	(-40, -69)	(40, -69)	circle	green	dif	right	right	(80, 0)	(-40, -69)	search	nr	True	380082	380732	right	110	35	60	160	10	85	None	None	testing
7	xd	f	21	green	6	(80, 0)	(40, 69)	(-39, 69)	(-80, 0)	(-40, -69)	(40, -69)	circle	none	dif	left	left	N_dist	(-39, 69)	probe	l_norm	None	None	None	None	10	110	35	160	60	135	(40, -69)	27	testing
7	xd	f	21	green	6	(80, 0)	(40, 69)	(-39, 69)	(-80, 0)	(-40, -69)	(40, -69)	diamond	none	dif	right	right	N_dist	(-40, -69)	search	nr	True	385860	386556	right	135	85	35	160	10	60	None	None	testing
7	xd	f	21	green	6	(80, 0)	(40, 69)	(-39, 69)	(-80, 0)	(-40, -69)	(40, -69)	circle	none	dif	left	left	N_dist	(40, -69)	probe	h_norm	None	None	None	None	135	60	160	10	110	85	(80, 0)	16	testing
7	xd	f	21	green	6	(80, 0)	(40, 69)	(-39, 69)	(-80, 0)	(-40, -69)	(40, -69)	circle	none	dif	left	left	N_dist	(-80, 0)	search	nr	True	391487	392108	left	135	85	160	60	110	35	None	None	testing
7	xd	f	21	green	6	(80, 0)	(40, 69)	(-39, 69)	(-80, 0)	(-40, -69)	(40, -69)	diamond	green	same	right	right	(-40, -69)	(40, 69)	probe	norm	None	None	None	None	110	60	135	35	160	10	(80, 0)	160	testing
7	xd	f	21	green	6	(80, 0)	(40, 69)	(-39, 69)	(-80, 0)	(-40, -69)	(40, -69)	diamond	none	dif	left	left	N_dist	(40, -69)	probe	l_norm	None	None	None	None	35	85	160	60	135	110	(-80, 0)	1	testing
7	xd	f	21	green	6	(80, 0)	(40, 69)	(-39, 69)	(-80, 0)	(-40, -69)	(40, -69)	circle	none	dif	right	right	N_dist	(-39, 69)	search	nr	True	400887	401499	right	110	35	160	85	60	10	None	None	testing
7	xd	f	21	green	6	(80, 0)	(40, 69)	(-39, 69)	(-80, 0)	(-40, -69)	(40, -69)	diamond	green	dif	right	right	(80, 0)	(-40, -69)	probe	norm	None	None	None	None	60	35	135	110	160	10	(40, -69)	38	testing
7	xd	f	21	green	6	(80, 0)	(40, 69)	(-39, 69)	(-80, 0)	(-40, -69)	(40, -69)	diamond	green	dif	right	right	(80, 0)	(-80, 0)	probe	norm	None	None	None	None	85	35	135	60	10	160	(-40, -69)	156	testing
7	xd	f	21	green	6	(80, 0)	(40, 69)	(-39, 69)	(-80, 0)	(-40, -69)	(40, -69)	circle	none	same	left	left	N_dist	(40, -69)	search	nr	True	411924	412508	left	60	85	35	160	135	110	None	None	testing
7	xd	f	21	green	6	(80, 0)	(40, 69)	(-39, 69)	(-80, 0)	(-40, -69)	(40, -69)	circle	green	same	right	right	(-39, 69)	(40, -69)	search	nr	True	413728	414413	right	35	110	160	60	85	10	None	None	testing
7	xd	f	21	green	6	(80, 0)	(40, 69)	(-39, 69)	(-80, 0)	(-40, -69)	(40, -69)	diamond	green	same	right	right	(80, 0)	(-39, 69)	search	nr	True	415648	416299	right	135	110	35	85	60	10	None	None	testing
7	xd	f	21	green	6	(80, 0)	(40, 69)	(-39, 69)	(-80, 0)	(-40, -69)	(40, -69)	circle	green	dif	left	left	(80, 0)	(40, 69)	probe	norm	None	None	None	None	60	85	35	10	110	160	(-39, 69)	12	testing
7	xd	f	21	green	6	(80, 0)	(40, 69)	(-39, 69)	(-80, 0)	(-40, -69)	(40, -69)	circle	green	same	left	left	(-80, 0)	(40, -69)	search	nr	True	421392	422077	left	160	85	60	10	135	35	None	None	testing
7	xd	f	21	green	6	(80, 0)	(40, 69)	(-39, 69)	(-80, 0)	(-40, -69)	(40, -69)	circle	green	same	right	right	(-39, 69)	(40, -69)	probe	l_sin	None	None	None	None	60	85	160	135	35	110	(-39, 69)	14	testing
7	xd	f	21	green	6	(80, 0)	(40, 69)	(-39, 69)	(-80, 0)	(-40, -69)	(40, -69)	diamond	none	same	right	right	N_dist	(-40, -69)	search	nr	True	427370	427997	right	85	10	60	160	110	35	None	None	testing
7	xd	f	21	green	6	(80, 0)	(40, 69)	(-39, 69)	(-80, 0)	(-40, -69)	(40, -69)	diamond	green	same	left	left	(-80, 0)	(-40, -69)	search	nr	True	429157	429852	left	160	60	35	85	10	135	None	None	testing
7	xd	f	21	green	6	(80, 0)	(40, 69)	(-39, 69)	(-80, 0)	(-40, -69)	(40, -69)	diamond	none	dif	right	right	N_dist	(-40, -69)	search	nr	True	431160	431789	right	60	135	160	35	10	110	None	None	testing
7	xd	f	21	green	6	(80, 0)	(40, 69)	(-39, 69)	(-80, 0)	(-40, -69)	(40, -69)	diamond	none	same	right	right	N_dist	(40, 69)	search	nr	True	432930	433548	right	10	35	60	160	85	110	None	None	testing
7	xd	f	21	green	6	(80, 0)	(40, 69)	(-39, 69)	(-80, 0)	(-40, -69)	(40, -69)	circle	green	same	right	right	(80, 0)	(-80, 0)	search	nr	True	434784	435564	right	135	60	35	85	110	160	None	None	testing
7	xd	f	21	green	6	(80, 0)	(40, 69)	(-39, 69)	(-80, 0)	(-40, -69)	(40, -69)	diamond	green	dif	right	right	(80, 0)	(40, -69)	probe	norm	None	None	None	None	10	35	110	85	135	160	(40, 69)	151	testing
7	xd	f	21	green	6	(80, 0)	(40, 69)	(-39, 69)	(-80, 0)	(-40, -69)	(40, -69)	circle	green	same	left	left	(80, 0)	(40, -69)	search	nr	True	441279	441868	left	135	110	85	160	10	35	None	None	testing
7	xd	f	21	green	6	(80, 0)	(40, 69)	(-39, 69)	(-80, 0)	(-40, -69)	(40, -69)	circle	green	same	right	right	(40, 69)	(-80, 0)	search	nr	True	443065	443821	right	135	10	85	35	160	60	None	None	testing
7	xd	f	21	green	6	(80, 0)	(40, 69)	(-39, 69)	(-80, 0)	(-40, -69)	(40, -69)	diamond	none	same	right	right	N_dist	(40, 69)	search	nr	True	444952	445532	right	160	10	110	35	60	85	None	None	testing
7	xd	f	21	green	6	(80, 0)	(40, 69)	(-39, 69)	(-80, 0)	(-40, -69)	(40, -69)	circle	green	same	right	right	(80, 0)	(-80, 0)	search	nr	True	446805	447388	right	60	85	135	10	110	160	None	None	testing
7	xd	f	21	green	6	(80, 0)	(40, 69)	(-39, 69)	(-80, 0)	(-40, -69)	(40, -69)	circle	green	dif	right	right	(40, 69)	(-80, 0)	probe	norm	None	None	None	None	35	60	10	135	85	160	(80, 0)	166	testing
7	xd	f	21	green	6	(80, 0)	(40, 69)	(-39, 69)	(-80, 0)	(-40, -69)	(40, -69)	diamond	green	same	right	right	(80, 0)	(-39, 69)	search	nr	True	452248	453356	right	85	160	135	35	10	60	None	None	testing
7	xd	f	21	green	6	(80, 0)	(40, 69)	(-39, 69)	(-80, 0)	(-40, -69)	(40, -69)	circle	green	same	right	right	(-40, -69)	(-39, 69)	search	nr	True	454419	455308	right	35	160	10	85	110	60	None	None	testing
7	xd	f	21	green	6	(80, 0)	(40, 69)	(-39, 69)	(-80, 0)	(-40, -69)	(40, -69)	diamond	none	dif	left	left	N_dist	(-39, 69)	search	nr	True	456456	457037	left	10	110	135	160	60	35	None	None	testing
7	xd	f	21	green	6	(80, 0)	(40, 69)	(-39, 69)	(-80, 0)	(-40, -69)	(40, -69)	circle	green	same	left	left	(80, 0)	(40, 69)	search	nr	True	458193	458780	left	160	135	35	60	110	85	None	None	testing
7	xd	f	21	green	6	(80, 0)	(40, 69)	(-39, 69)	(-80, 0)	(-40, -69)	(40, -69)	circle	green	dif	left	left	(80, 0)	(-39, 69)	search	nr	True	459863	460413	left	10	110	60	85	160	135	None	None	testing
7	xd	f	21	green	6	(80, 0)	(40, 69)	(-39, 69)	(-80, 0)	(-40, -69)	(40, -69)	diamond	green	dif	left	left	(80, 0)	(40, -69)	search	nr	True	461632	462188	left	60	135	85	110	160	35	None	None	testing
7	xd	f	21	green	6	(80, 0)	(40, 69)	(-39, 69)	(-80, 0)	(-40, -69)	(40, -69)	circle	none	same	right	right	N_dist	(-39, 69)	search	nr	True	463502	464060	right	60	85	110	160	35	135	None	None	testing
7	xd	f	21	green	6	(80, 0)	(40, 69)	(-39, 69)	(-80, 0)	(-40, -69)	(40, -69)	diamond	green	dif	left	left	(80, 0)	(-80, 0)	probe	h_sin	None	None	None	None	160	85	60	110	10	135	(80, 0)	43	testing
7	xd	f	21	green	6	(80, 0)	(40, 69)	(-39, 69)	(-80, 0)	(-40, -69)	(40, -69)	circle	green	dif	right	right	(-39, 69)	(40, -69)	search	nr	True	469531	470300	right	10	60	35	110	85	160	None	None	testing
7	xd	f	21	green	6	(80, 0)	(40, 69)	(-39, 69)	(-80, 0)	(-40, -69)	(40, -69)	diamond	none	dif	left	left	N_dist	(80, 0)	search	nr	True	471401	472076	left	160	35	10	85	60	110	None	None	testing
7	xd	f	21	green	6	(80, 0)	(40, 69)	(-39, 69)	(-80, 0)	(-40, -69)	(40, -69)	diamond	green	same	right	right	(-80, 0)	(-39, 69)	probe	l_sin	None	None	None	None	135	85	110	35	160	60	(-80, 0)	165	testing
7	xd	f	21	green	6	(80, 0)	(40, 69)	(-39, 69)	(-80, 0)	(-40, -69)	(40, -69)	circle	none	same	left	left	N_dist	(-80, 0)	probe	l_tar	None	None	None	None	85	60	10	35	135	160	(-80, 0)	154	testing
7	xd	f	21	green	6	(80, 0)	(40, 69)	(-39, 69)	(-80, 0)	(-40, -69)	(40, -69)	circle	none	dif	left	left	N_dist	(-39, 69)	search	nr	True	482271	482844	left	10	160	35	135	60	110	None	None	testing
7	xd	f	21	green	6	(80, 0)	(40, 69)	(-39, 69)	(-80, 0)	(-40, -69)	(40, -69)	diamond	none	same	left	left	N_dist	(80, 0)	search	nr	True	484123	484684	right	160	85	60	110	135	10	None	None	testing
7	xd	f	21	green	6	(80, 0)	(40, 69)	(-39, 69)	(-80, 0)	(-40, -69)	(40, -69)	circle	green	dif	right	right	(80, 0)	(-40, -69)	search	nr	True	487447	488332	right	85	110	135	10	60	35	None	None	testing
7	xd	f	21	green	6	(80, 0)	(40, 69)	(-39, 69)	(-80, 0)	(-40, -69)	(40, -69)	circle	none	same	left	left	N_dist	(-40, -69)	search	nr	True	489618	490156	left	135	10	35	160	85	60	None	None	testing
7	xd	f	21	green	6	(80, 0)	(40, 69)	(-39, 69)	(-80, 0)	(-40, -69)	(40, -69)	circle	green	same	right	right	(40, 69)	(-80, 0)	search	nr	True	491288	492060	right	135	35	160	110	10	60	None	None	testing
7	xd	f	21	green	6	(80, 0)	(40, 69)	(-39, 69)	(-80, 0)	(-40, -69)	(40, -69)	circle	green	dif	left	left	(40, -69)	(40, 69)	search	nr	True	493307	493836	left	160	60	10	85	35	135	None	None	testing
7	xd	f	21	green	6	(80, 0)	(40, 69)	(-39, 69)	(-80, 0)	(-40, -69)	(40, -69)	diamond	green	same	right	right	(80, 0)	(40, 69)	search	nr	True	494944	495515	right	110	85	160	60	135	35	None	None	testing
7	xd	f	21	green	6	(80, 0)	(40, 69)	(-39, 69)	(-80, 0)	(-40, -69)	(40, -69)	circle	none	dif	left	left	N_dist	(-39, 69)	search	nr	True	496614	497164	left	60	135	85	110	35	10	None	None	testing
7	xd	f	21	green	6	(80, 0)	(40, 69)	(-39, 69)	(-80, 0)	(-40, -69)	(40, -69)	diamond	none	dif	right	right	N_dist	(-80, 0)	search	nr	True	498467	499148	right	60	135	85	10	35	110	None	None	testing
7	xd	f	21	green	6	(80, 0)	(40, 69)	(-39, 69)	(-80, 0)	(-40, -69)	(40, -69)	circle	green	dif	right	right	(80, 0)	(-40, -69)	probe	h_sin	None	None	None	None	135	110	10	35	160	85	(80, 0)	14	testing
7	xd	f	21	green	6	(80, 0)	(40, 69)	(-39, 69)	(-80, 0)	(-40, -69)	(40, -69)	circle	green	same	left	left	(80, 0)	(40, -69)	search	nr	True	504061	504700	left	60	85	135	160	35	110	None	None	testing
7	xd	f	21	green	6	(80, 0)	(40, 69)	(-39, 69)	(-80, 0)	(-40, -69)	(40, -69)	circle	none	dif	left	left	N_dist	(40, 69)	search	nr	True	505864	506428	left	35	135	85	60	10	110	None	None	testing
7	xd	f	21	green	6	(80, 0)	(40, 69)	(-39, 69)	(-80, 0)	(-40, -69)	(40, -69)	circle	green	dif	left	left	(80, 0)	(-40, -69)	probe	norm	None	None	None	None	135	160	85	60	10	110	(-80, 0)	9	testing
7	xd	f	21	green	6	(80, 0)	(40, 69)	(-39, 69)	(-80, 0)	(-40, -69)	(40, -69)	circle	none	dif	right	right	N_dist	(80, 0)	probe	h_tar	None	None	None	None	160	85	35	110	135	60	(80, 0)	39	testing
7	xd	f	21	green	6	(80, 0)	(40, 69)	(-39, 69)	(-80, 0)	(-40, -69)	(40, -69)	circle	green	same	right	right	(-40, -69)	(40, 69)	search	nr	True	514930	515804	right	135	35	60	160	110	85	None	None	testing
7	xd	f	21	green	6	(80, 0)	(40, 69)	(-39, 69)	(-80, 0)	(-40, -69)	(40, -69)	circle	green	same	left	left	(-80, 0)	(-40, -69)	search	nr	True	516967	517612	left	10	160	35	85	110	60	None	None	testing
7	xd	f	21	green	6	(80, 0)	(40, 69)	(-39, 69)	(-80, 0)	(-40, -69)	(40, -69)	circle	green	dif	left	left	(40, -69)	(-39, 69)	probe	tar	None	None	None	None	160	10	35	85	135	110	(-39, 69)	160	testing
7	xd	f	21	green	6	(80, 0)	(40, 69)	(-39, 69)	(-80, 0)	(-40, -69)	(40, -69)	diamond	none	dif	left	left	N_dist	(40, -69)	search	nr	True	522895	523836	left	60	135	35	10	110	160	None	None	testing
7	xd	f	21	green	6	(80, 0)	(40, 69)	(-39, 69)	(-80, 0)	(-40, -69)	(40, -69)	diamond	green	same	left	left	(80, 0)	(-39, 69)	search	nr	True	525033	525660	left	60	10	135	35	160	110	None	None	testing
7	xd	f	21	green	6	(80, 0)	(40, 69)	(-39, 69)	(-80, 0)	(-40, -69)	(40, -69)	diamond	none	dif	left	left	N_dist	(40, 69)	probe	h_norm	None	None	None	None	10	110	35	160	135	85	(80, 0)	18	testing
7	xd	f	21	green	6	(80, 0)	(40, 69)	(-39, 69)	(-80, 0)	(-40, -69)	(40, -69)	circle	none	dif	right	right	N_dist	(-39, 69)	search	nr	True	530375	531004	right	85	135	35	110	10	60	None	None	testing
7	xd	f	21	green	6	(80, 0)	(40, 69)	(-39, 69)	(-80, 0)	(-40, -69)	(40, -69)	circle	none	dif	right	right	N_dist	(-39, 69)	probe	h_norm	None	None	None	None	110	135	60	35	160	10	(80, 0)	37	testing
7	xd	f	21	green	6	(80, 0)	(40, 69)	(-39, 69)	(-80, 0)	(-40, -69)	(40, -69)	diamond	green	same	left	left	(80, 0)	(40, 69)	search	nr	True	536370	537020	left	35	160	110	60	135	85	None	None	testing
7	xd	f	21	green	6	(80, 0)	(40, 69)	(-39, 69)	(-80, 0)	(-40, -69)	(40, -69)	circle	none	dif	right	right	N_dist	(-80, 0)	search	nr	True	538140	538748	right	110	85	60	35	135	10	None	None	testing
7	xd	f	21	green	6	(80, 0)	(40, 69)	(-39, 69)	(-80, 0)	(-40, -69)	(40, -69)	diamond	none	dif	right	right	N_dist	(-80, 0)	search	nr	True	539860	540396	right	160	85	35	10	60	135	None	None	testing
7	xd	f	21	green	6	(80, 0)	(40, 69)	(-39, 69)	(-80, 0)	(-40, -69)	(40, -69)	circle	green	dif	right	right	(80, 0)	(-40, -69)	probe	norm	None	None	None	None	35	160	60	10	110	135	(-80, 0)	163	testing
7	xd	f	21	green	6	(80, 0)	(40, 69)	(-39, 69)	(-80, 0)	(-40, -69)	(40, -69)	circle	green	same	left	left	(-80, 0)	(40, 69)	search	nr	True	545520	546123	left	10	35	160	60	135	85	None	None	testing
7	xd	f	21	green	6	(80, 0)	(40, 69)	(-39, 69)	(-80, 0)	(-40, -69)	(40, -69)	circle	none	same	right	right	N_dist	(-39, 69)	search	nr	True	547373	548012	right	135	110	85	160	60	10	None	None	testing
7	xd	f	21	green	6	(80, 0)	(40, 69)	(-39, 69)	(-80, 0)	(-40, -69)	(40, -69)	circle	none	dif	left	left	N_dist	(40, -69)	search	nr	True	549310	550044	left	160	135	35	85	110	60	None	None	testing
7	xd	f	21	green	6	(80, 0)	(40, 69)	(-39, 69)	(-80, 0)	(-40, -69)	(40, -69)	diamond	green	same	left	left	(80, 0)	(40, 69)	probe	norm	None	None	None	None	85	160	110	10	60	135	(-39, 69)	170	testing
7	xd	f	21	green	6	(80, 0)	(40, 69)	(-39, 69)	(-80, 0)	(-40, -69)	(40, -69)	circle	green	same	left	left	(80, 0)	(40, -69)	search	nr	True	555338	555932	left	160	135	35	60	110	85	None	None	testing
7	xd	f	21	green	6	(80, 0)	(40, 69)	(-39, 69)	(-80, 0)	(-40, -69)	(40, -69)	circle	none	dif	left	left	N_dist	(-39, 69)	search	nr	True	556992	557564	left	60	135	160	85	110	10	None	None	testing
7	xd	f	21	green	6	(80, 0)	(40, 69)	(-39, 69)	(-80, 0)	(-40, -69)	(40, -69)	diamond	none	same	left	left	N_dist	(-80, 0)	search	nr	True	558644	559740	left	135	160	35	85	10	110	None	None	testing
7	xd	f	21	green	6	(80, 0)	(40, 69)	(-39, 69)	(-80, 0)	(-40, -69)	(40, -69)	diamond	green	same	left	left	(80, 0)	(-80, 0)	probe	tar	None	None	None	None	60	10	160	35	85	135	(-80, 0)	156	testing
7	xd	f	21	green	6	(80, 0)	(40, 69)	(-39, 69)	(-80, 0)	(-40, -69)	(40, -69)	circle	none	dif	right	right	N_dist	(-40, -69)	probe	l_norm	None	None	None	None	85	35	10	60	110	160	(40, -69)	26	testing
7	xd	f	21	green	6	(80, 0)	(40, 69)	(-39, 69)	(-80, 0)	(-40, -69)	(40, -69)	diamond	none	same	left	left	N_dist	(80, 0)	probe	h_tar	None	None	None	None	60	110	135	35	160	10	(80, 0)	155	testing
7	xd	f	21	green	6	(80, 0)	(40, 69)	(-39, 69)	(-80, 0)	(-40, -69)	(40, -69)	diamond	green	same	right	right	(80, 0)	(40, -69)	search	nr	True	573372	574092	right	110	35	135	85	160	10	None	None	testing
7	xd	f	21	green	6	(80, 0)	(40, 69)	(-39, 69)	(-80, 0)	(-40, -69)	(40, -69)	diamond	green	same	right	right	(-40, -69)	(40, 69)	search	nr	True	575225	575900	right	10	110	160	35	135	85	None	None	testing
7	xd	f	21	green	6	(80, 0)	(40, 69)	(-39, 69)	(-80, 0)	(-40, -69)	(40, -69)	circle	green	dif	left	left	(80, 0)	(-40, -69)	search	nr	True	577195	577788	left	110	60	135	35	10	85	None	None	testing
7	xd	f	21	green	6	(80, 0)	(40, 69)	(-39, 69)	(-80, 0)	(-40, -69)	(40, -69)	circle	green	same	left	left	(-80, 0)	(40, 69)	probe	norm	None	None	None	None	10	160	135	85	35	60	(-40, -69)	157	testing
7	xd	f	21	green	6	(80, 0)	(40, 69)	(-39, 69)	(-80, 0)	(-40, -69)	(40, -69)	diamond	green	same	left	left	(80, 0)	(40, 69)	search	nr	True	583206	583724	left	35	85	135	110	10	160	None	None	testing
7	xd	f	21	green	6	(80, 0)	(40, 69)	(-39, 69)	(-80, 0)	(-40, -69)	(40, -69)	diamond	green	dif	right	right	(80, 0)	(-40, -69)	probe	h_sin	None	None	None	None	10	60	85	110	35	160	(80, 0)	23	testing
7	xd	f	21	green	6	(80, 0)	(40, 69)	(-39, 69)	(-80, 0)	(-40, -69)	(40, -69)	diamond	green	dif	right	right	(-39, 69)	(-80, 0)	search	nr	True	588632	589260	right	60	35	110	85	135	160	None	None	testing
7	xd	f	21	green	6	(80, 0)	(40, 69)	(-39, 69)	(-80, 0)	(-40, -69)	(40, -69)	circle	green	dif	left	left	(40, -69)	(-40, -69)	search	nr	True	590436	591083	left	85	60	135	160	110	35	None	None	testing
7	xd	f	21	green	6	(80, 0)	(40, 69)	(-39, 69)	(-80, 0)	(-40, -69)	(40, -69)	diamond	green	dif	left	left	(80, 0)	(-80, 0)	search	nr	True	592189	592795	left	160	60	110	35	135	10	None	None	testing
7	xd	f	21	green	6	(80, 0)	(40, 69)	(-39, 69)	(-80, 0)	(-40, -69)	(40, -69)	diamond	green	same	right	right	(-80, 0)	(-39, 69)	search	nr	True	593909	594476	right	60	85	160	35	10	135	None	None	testing
7	xd	f	21	green	6	(80, 0)	(40, 69)	(-39, 69)	(-80, 0)	(-40, -69)	(40, -69)	diamond	green	dif	left	left	(80, 0)	(40, 69)	search	nr	True	595629	596156	left	35	110	135	10	85	160	None	None	testing
7	xd	f	21	green	6	(80, 0)	(40, 69)	(-39, 69)	(-80, 0)	(-40, -69)	(40, -69)	circle	green	dif	right	right	(-80, 0)	(40, 69)	search	nr	True	597265	597852	right	85	60	110	10	35	135	None	None	testing
7	xd	f	21	green	6	(80, 0)	(40, 69)	(-39, 69)	(-80, 0)	(-40, -69)	(40, -69)	circle	green	dif	left	left	(-39, 69)	(-40, -69)	search	nr	True	599085	599740	left	160	10	60	35	85	135	None	None	testing
7	xd	f	21	green	6	(80, 0)	(40, 69)	(-39, 69)	(-80, 0)	(-40, -69)	(40, -69)	circle	green	dif	right	right	(80, 0)	(-80, 0)	search	nr	True	600822	601484	right	35	160	10	60	135	85	None	None	testing
7	xd	f	21	green	6	(80, 0)	(40, 69)	(-39, 69)	(-80, 0)	(-40, -69)	(40, -69)	circle	green	same	right	right	(80, 0)	(-39, 69)	search	nr	True	602575	603212	right	85	110	135	160	60	35	None	None	testing
7	xd	f	21	green	6	(80, 0)	(40, 69)	(-39, 69)	(-80, 0)	(-40, -69)	(40, -69)	diamond	green	dif	left	left	(80, 0)	(-80, 0)	search	nr	True	604345	604875	left	60	85	35	160	110	10	None	None	testing
7	xd	f	21	green	6	(80, 0)	(40, 69)	(-39, 69)	(-80, 0)	(-40, -69)	(40, -69)	circle	green	dif	right	right	(80, 0)	(-80, 0)	probe	tar	None	None	None	None	60	160	10	35	110	85	(-80, 0)	152	testing
7	xd	f	21	green	6	(80, 0)	(40, 69)	(-39, 69)	(-80, 0)	(-40, -69)	(40, -69)	diamond	green	dif	left	left	(80, 0)	(40, -69)	search	nr	True	610273	611036	left	10	60	135	110	160	85	None	None	testing
7	xd	f	21	green	6	(80, 0)	(40, 69)	(-39, 69)	(-80, 0)	(-40, -69)	(40, -69)	circle	green	dif	left	left	(40, -69)	(-39, 69)	probe	l_sin	None	None	None	None	60	110	10	160	85	35	(40, -69)	33	testing
7	xd	f	21	green	6	(80, 0)	(40, 69)	(-39, 69)	(-80, 0)	(-40, -69)	(40, -69)	circle	none	dif	right	right	N_dist	(-40, -69)	search	nr	True	616166	616875	right	35	85	135	60	10	160	None	None	testing
7	xd	f	21	green	6	(80, 0)	(40, 69)	(-39, 69)	(-80, 0)	(-40, -69)	(40, -69)	diamond	green	dif	right	right	(80, 0)	(40, 69)	search	nr	True	617954	618524	right	160	85	35	110	10	135	None	None	testing
7	xd	f	21	green	6	(80, 0)	(40, 69)	(-39, 69)	(-80, 0)	(-40, -69)	(40, -69)	diamond	green	dif	right	right	(80, 0)	(40, 69)	search	nr	True	619740	620267	right	60	85	10	135	160	110	None	None	testing
7	xd	f	21	green	6	(80, 0)	(40, 69)	(-39, 69)	(-80, 0)	(-40, -69)	(40, -69)	circle	green	dif	left	left	(40, -69)	(40, 69)	probe	l_sin	None	None	None	None	10	60	110	135	160	85	(40, -69)	24	testing
7	xd	f	21	green	6	(80, 0)	(40, 69)	(-39, 69)	(-80, 0)	(-40, -69)	(40, -69)	diamond	none	dif	left	left	N_dist	(40, 69)	search	nr	True	625534	626076	left	35	10	160	60	85	110	None	None	testing
7	xd	f	21	green	6	(80, 0)	(40, 69)	(-39, 69)	(-80, 0)	(-40, -69)	(40, -69)	circle	green	dif	left	left	(40, -69)	(-40, -69)	probe	tar	None	None	None	None	160	35	110	135	60	10	(-40, -69)	153	testing
7	xd	f	21	green	6	(80, 0)	(40, 69)	(-39, 69)	(-80, 0)	(-40, -69)	(40, -69)	circle	green	same	right	right	(80, 0)	(-39, 69)	probe	norm	None	None	None	None	110	135	85	160	35	60	(40, -69)	15	testing
7	xd	f	21	green	6	(80, 0)	(40, 69)	(-39, 69)	(-80, 0)	(-40, -69)	(40, -69)	diamond	green	dif	right	right	(80, 0)	(-40, -69)	search	nr	True	635653	636331	right	10	135	35	85	60	110	None	None	testing
7	xd	f	21	green	6	(80, 0)	(40, 69)	(-39, 69)	(-80, 0)	(-40, -69)	(40, -69)	diamond	green	dif	right	right	(80, 0)	(-40, -69)	search	nr	True	637556	638139	right	60	110	85	135	10	35	None	None	testing
7	xd	f	21	green	6	(80, 0)	(40, 69)	(-39, 69)	(-80, 0)	(-40, -69)	(40, -69)	diamond	none	dif	left	left	N_dist	(80, 0)	probe	h_tar	None	None	None	None	110	35	10	135	85	160	(80, 0)	14	testing
7	xd	f	21	green	6	(80, 0)	(40, 69)	(-39, 69)	(-80, 0)	(-40, -69)	(40, -69)	circle	green	same	right	right	(-40, -69)	(-39, 69)	search	nr	True	643233	643884	right	10	110	60	85	160	35	None	None	testing
7	xd	f	21	green	6	(80, 0)	(40, 69)	(-39, 69)	(-80, 0)	(-40, -69)	(40, -69)	diamond	green	same	right	right	(80, 0)	(-39, 69)	search	nr	True	645170	645707	right	60	135	10	85	110	35	None	None	testing
7	xd	f	21	green	6	(80, 0)	(40, 69)	(-39, 69)	(-80, 0)	(-40, -69)	(40, -69)	diamond	green	same	right	right	(-80, 0)	(-39, 69)	search	nr	True	646873	647419	right	110	85	160	10	35	60	None	None	testing
7	xd	f	21	green	6	(80, 0)	(40, 69)	(-39, 69)	(-80, 0)	(-40, -69)	(40, -69)	diamond	green	dif	left	left	(80, 0)	(-80, 0)	search	nr	True	648493	649148	left	135	10	110	85	60	160	None	None	testing
7	xd	f	21	green	6	(80, 0)	(40, 69)	(-39, 69)	(-80, 0)	(-40, -69)	(40, -69)	diamond	green	dif	left	left	(80, 0)	(40, -69)	probe	norm	None	None	None	None	10	60	110	85	160	135	(-80, 0)	170	testing
7	xd	f	21	green	6	(80, 0)	(40, 69)	(-39, 69)	(-80, 0)	(-40, -69)	(40, -69)	circle	none	same	right	right	N_dist	(40, 69)	search	nr	True	654387	655276	right	85	35	60	10	135	160	None	None	testing
7	xd	f	21	green	6	(80, 0)	(40, 69)	(-39, 69)	(-80, 0)	(-40, -69)	(40, -69)	diamond	none	dif	right	right	N_dist	(-80, 0)	probe	h_norm	None	None	None	None	160	35	85	10	60	135	(80, 0)	38	testing
7	xd	f	21	green	6	(80, 0)	(40, 69)	(-39, 69)	(-80, 0)	(-40, -69)	(40, -69)	diamond	green	dif	right	right	(80, 0)	(-80, 0)	search	nr	True	661183	661884	right	85	110	60	135	160	35	None	None	testing
7	xd	f	21	green	6	(80, 0)	(40, 69)	(-39, 69)	(-80, 0)	(-40, -69)	(40, -69)	circle	green	dif	right	right	(80, 0)	(40, -69)	search	nr	True	663070	664140	right	60	135	110	35	85	160	None	None	testing
7	xd	f	21	green	6	(80, 0)	(40, 69)	(-39, 69)	(-80, 0)	(-40, -69)	(40, -69)	diamond	green	same	right	right	(40, 69)	(-40, -69)	search	nr	True	665223	665980	right	110	85	35	60	135	10	None	None	testing
7	xd	f	21	green	6	(80, 0)	(40, 69)	(-39, 69)	(-80, 0)	(-40, -69)	(40, -69)	diamond	green	dif	left	left	(80, 0)	(-80, 0)	search	nr	True	667227	667980	left	35	135	110	85	60	10	None	None	testing
7	xd	f	21	green	6	(80, 0)	(40, 69)	(-39, 69)	(-80, 0)	(-40, -69)	(40, -69)	circle	green	same	left	left	(80, 0)	(40, -69)	probe	h_sin	None	None	None	None	110	10	160	35	85	60	(80, 0)	12	testing
7	xd	f	21	green	6	(80, 0)	(40, 69)	(-39, 69)	(-80, 0)	(-40, -69)	(40, -69)	circle	green	same	right	right	(80, 0)	(-39, 69)	probe	norm	None	None	None	None	110	35	85	10	60	160	(40, 69)	155	testing
7	xd	f	21	green	6	(80, 0)	(40, 69)	(-39, 69)	(-80, 0)	(-40, -69)	(40, -69)	circle	green	dif	right	right	(80, 0)	(40, 69)	search	nr	True	677847	678572	right	160	135	110	85	60	35	None	None	testing
7	xd	f	21	green	6	(80, 0)	(40, 69)	(-39, 69)	(-80, 0)	(-40, -69)	(40, -69)	diamond	none	same	left	left	N_dist	(80, 0)	probe	h_tar	None	None	None	None	110	160	35	60	10	135	(80, 0)	9	testing
7	xd	f	21	green	6	(80, 0)	(40, 69)	(-39, 69)	(-80, 0)	(-40, -69)	(40, -69)	circle	green	dif	right	right	(40, 69)	(-80, 0)	search	nr	True	684309	685020	right	10	160	60	135	85	35	None	None	testing
7	xd	f	21	green	6	(80, 0)	(40, 69)	(-39, 69)	(-80, 0)	(-40, -69)	(40, -69)	diamond	none	dif	right	right	N_dist	(-80, 0)	search	nr	True	686112	686828	right	10	135	60	85	35	110	None	None	testing
7	xd	f	21	green	6	(80, 0)	(40, 69)	(-39, 69)	(-80, 0)	(-40, -69)	(40, -69)	circle	green	same	right	right	(-40, -69)	(40, 69)	search	nr	True	688032	688715	right	10	110	60	35	135	85	None	None	testing
7	xd	f	21	green	6	(80, 0)	(40, 69)	(-39, 69)	(-80, 0)	(-40, -69)	(40, -69)	diamond	green	dif	left	left	(-40, -69)	(-80, 0)	probe	l_sin	None	None	None	None	110	135	35	160	85	10	(-40, -69)	29	testing
7	xd	f	21	green	6	(80, 0)	(40, 69)	(-39, 69)	(-80, 0)	(-40, -69)	(40, -69)	circle	green	same	left	left	(80, 0)	(-80, 0)	search	nr	True	694978	695644	left	110	35	85	60	160	135	None	None	testing
7	xd	f	21	green	6	(80, 0)	(40, 69)	(-39, 69)	(-80, 0)	(-40, -69)	(40, -69)	diamond	green	same	right	right	(40, 69)	(-80, 0)	search	nr	True	696949	697707	right	135	35	60	110	10	85	None	None	testing
7	xd	f	21	green	6	(80, 0)	(40, 69)	(-39, 69)	(-80, 0)	(-40, -69)	(40, -69)	circle	none	same	right	right	N_dist	(40, 69)	probe	h_norm	None	None	None	None	85	160	60	35	110	10	(80, 0)	164	testing
7	xd	f	21	green	6	(80, 0)	(40, 69)	(-39, 69)	(-80, 0)	(-40, -69)	(40, -69)	diamond	green	dif	right	right	(80, 0)	(-80, 0)	probe	h_sin	None	None	None	None	60	110	10	160	85	35	(80, 0)	41	testing
7	xd	f	21	green	6	(80, 0)	(40, 69)	(-39, 69)	(-80, 0)	(-40, -69)	(40, -69)	diamond	green	same	left	left	(80, 0)	(40, -69)	search	nr	True	707986	708715	left	60	135	85	35	110	10	None	None	testing
7	xd	f	21	green	6	(80, 0)	(40, 69)	(-39, 69)	(-80, 0)	(-40, -69)	(40, -69)	diamond	green	dif	right	right	(80, 0)	(40, -69)	search	nr	True	709972	710652	right	110	10	160	60	35	85	None	None	testing
7	xd	f	21	green	6	(80, 0)	(40, 69)	(-39, 69)	(-80, 0)	(-40, -69)	(40, -69)	diamond	none	same	right	right	N_dist	(80, 0)	search	nr	True	711910	712459	right	60	35	85	110	135	160	None	None	testing
7	xd	f	21	green	6	(80, 0)	(40, 69)	(-39, 69)	(-80, 0)	(-40, -69)	(40, -69)	diamond	none	same	right	right	N_dist	(-80, 0)	search	nr	True	713545	714171	right	10	60	35	85	160	110	None	None	testing
7	xd	f	21	green	6	(80, 0)	(40, 69)	(-39, 69)	(-80, 0)	(-40, -69)	(40, -69)	diamond	green	same	left	left	(80, 0)	(40, -69)	search	nr	True	715265	715835	left	35	160	10	110	60	85	None	None	testing
7	xd	f	21	green	6	(80, 0)	(40, 69)	(-39, 69)	(-80, 0)	(-40, -69)	(40, -69)	diamond	green	same	right	right	(40, 69)	(-40, -69)	search	nr	True	717019	717787	right	10	160	35	110	135	85	None	None	testing
7	xd	f	21	green	6	(80, 0)	(40, 69)	(-39, 69)	(-80, 0)	(-40, -69)	(40, -69)	circle	green	dif	left	left	(40, -69)	(-39, 69)	search	nr	True	718939	719595	left	160	60	35	110	85	10	None	None	testing
7	xd	f	21	green	6	(80, 0)	(40, 69)	(-39, 69)	(-80, 0)	(-40, -69)	(40, -69)	diamond	green	dif	right	right	(80, 0)	(40, 69)	probe	tar	None	None	None	None	110	35	85	135	160	60	(40, 69)	152	testing
7	xd	f	21	green	6	(80, 0)	(40, 69)	(-39, 69)	(-80, 0)	(-40, -69)	(40, -69)	circle	green	same	right	right	(80, 0)	(-39, 69)	search	nr	True	724265	725083	right	135	35	160	85	110	60	None	None	testing
7	xd	f	21	green	6	(80, 0)	(40, 69)	(-39, 69)	(-80, 0)	(-40, -69)	(40, -69)	diamond	green	dif	right	right	(40, -69)	(40, 69)	search	nr	True	726319	727228	right	135	10	35	160	60	110	None	None	testing
7	xd	f	21	green	6	(80, 0)	(40, 69)	(-39, 69)	(-80, 0)	(-40, -69)	(40, -69)	diamond	green	same	right	right	(80, 0)	(40, 69)	search	nr	True	728473	729051	right	85	110	60	35	160	10	None	None	testing
7	xd	f	21	green	6	(80, 0)	(40, 69)	(-39, 69)	(-80, 0)	(-40, -69)	(40, -69)	circle	green	dif	left	left	(80, 0)	(-80, 0)	probe	h_sin	None	None	None	None	85	10	35	110	160	60	(80, 0)	170	testing
7	xd	f	21	green	6	(80, 0)	(40, 69)	(-39, 69)	(-80, 0)	(-40, -69)	(40, -69)	circle	none	same	right	right	N_dist	(40, 69)	search	nr	True	733883	734492	right	160	35	110	85	135	10	None	None	testing
7	xd	f	21	green	6	(80, 0)	(40, 69)	(-39, 69)	(-80, 0)	(-40, -69)	(40, -69)	circle	none	same	left	left	N_dist	(40, 69)	search	nr	True	735686	736219	left	160	35	135	10	85	60	None	None	testing
7	xd	f	21	green	6	(80, 0)	(40, 69)	(-39, 69)	(-80, 0)	(-40, -69)	(40, -69)	diamond	none	same	left	left	N_dist	(40, 69)	search	nr	True	737372	737852	left	160	135	85	10	60	35	None	None	testing
7	xd	f	21	green	6	(80, 0)	(40, 69)	(-39, 69)	(-80, 0)	(-40, -69)	(40, -69)	circle	green	same	right	right	(80, 0)	(-39, 69)	search	nr	True	738925	740364	right	35	85	10	60	135	110	None	None	testing
7	xd	f	21	green	6	(80, 0)	(40, 69)	(-39, 69)	(-80, 0)	(-40, -69)	(40, -69)	circle	none	same	left	left	N_dist	(-39, 69)	probe	l_norm	None	None	None	None	35	110	10	135	85	60	(-80, 0)	5	testing
7	xd	f	21	green	6	(80, 0)	(40, 69)	(-39, 69)	(-80, 0)	(-40, -69)	(40, -69)	diamond	green	dif	left	left	(80, 0)	(-80, 0)	search	nr	True	745622	746219	left	35	85	60	10	110	135	None	None	testing
7	xd	f	21	green	6	(80, 0)	(40, 69)	(-39, 69)	(-80, 0)	(-40, -69)	(40, -69)	circle	green	same	right	right	(-39, 69)	(-80, 0)	probe	l_sin	None	None	None	None	135	35	110	10	85	160	(-39, 69)	13	testing
7	xd	f	21	green	6	(80, 0)	(40, 69)	(-39, 69)	(-80, 0)	(-40, -69)	(40, -69)	circle	none	same	left	left	N_dist	(40, 69)	probe	l_tar	None	None	None	None	10	60	85	135	160	110	(40, 69)	164	testing
7	xd	f	21	green	6	(80, 0)	(40, 69)	(-39, 69)	(-80, 0)	(-40, -69)	(40, -69)	circle	green	dif	left	left	(-39, 69)	(-40, -69)	search	nr	True	755255	756028	left	110	35	60	85	10	135	None	None	testing
7	xd	f	21	green	6	(80, 0)	(40, 69)	(-39, 69)	(-80, 0)	(-40, -69)	(40, -69)	diamond	none	dif	right	right	N_dist	(40, -69)	search	nr	True	757125	757772	right	160	135	110	60	10	35	None	None	testing
7	xd	f	21	green	6	(80, 0)	(40, 69)	(-39, 69)	(-80, 0)	(-40, -69)	(40, -69)	circle	none	same	left	left	N_dist	(-80, 0)	search	nr	True	758845	759484	left	60	35	110	160	135	85	None	None	testing
7	xd	f	21	green	6	(80, 0)	(40, 69)	(-39, 69)	(-80, 0)	(-40, -69)	(40, -69)	circle	green	dif	right	right	(80, 0)	(40, 69)	search	nr	True	760783	761387	right	160	10	60	85	135	35	None	None	testing
7	xd	f	21	green	6	(80, 0)	(40, 69)	(-39, 69)	(-80, 0)	(-40, -69)	(40, -69)	diamond	green	same	left	left	(40, 69)	(40, -69)	search	nr	True	762686	763499	left	135	85	10	110	160	60	None	None	testing
7	xd	f	21	green	6	(80, 0)	(40, 69)	(-39, 69)	(-80, 0)	(-40, -69)	(40, -69)	circle	none	same	left	left	N_dist	(40, 69)	search	nr	True	764622	765276	left	160	35	85	60	135	10	None	None	testing
7	xd	f	21	green	6	(80, 0)	(40, 69)	(-39, 69)	(-80, 0)	(-40, -69)	(40, -69)	diamond	green	dif	right	right	(80, 0)	(40, -69)	search	nr	True	766410	767419	right	160	85	135	110	35	10	None	None	testing
7	xd	f	21	green	6	(80, 0)	(40, 69)	(-39, 69)	(-80, 0)	(-40, -69)	(40, -69)	diamond	green	dif	left	left	(80, 0)	(-40, -69)	probe	h_sin	None	None	None	None	135	60	110	160	85	10	(80, 0)	44	testing
7	xd	f	21	green	6	(80, 0)	(40, 69)	(-39, 69)	(-80, 0)	(-40, -69)	(40, -69)	circle	none	same	right	right	N_dist	(80, 0)	search	nr	True	773289	774011	right	85	60	135	10	110	160	None	None	testing
7	xd	f	21	green	6	(80, 0)	(40, 69)	(-39, 69)	(-80, 0)	(-40, -69)	(40, -69)	circle	green	dif	right	right	(80, 0)	(-40, -69)	search	nr	True	775209	775931	right	10	110	135	160	60	35	None	None	testing
7	xd	f	21	green	6	(80, 0)	(40, 69)	(-39, 69)	(-80, 0)	(-40, -69)	(40, -69)	diamond	green	same	right	right	(-40, -69)	(40, 69)	search	nr	True	777045	777644	right	10	135	35	110	85	160	None	None	testing
7	xd	f	21	green	6	(80, 0)	(40, 69)	(-39, 69)	(-80, 0)	(-40, -69)	(40, -69)	diamond	green	same	right	right	(-40, -69)	(-80, 0)	search	nr	True	778899	779644	right	160	60	85	110	135	35	None	None	testing
7	xd	f	21	green	6	(80, 0)	(40, 69)	(-39, 69)	(-80, 0)	(-40, -69)	(40, -69)	circle	none	dif	right	right	N_dist	(-40, -69)	search	nr	True	780719	781547	right	35	160	85	10	60	135	None	None	testing
7	xd	f	21	green	6	(80, 0)	(40, 69)	(-39, 69)	(-80, 0)	(-40, -69)	(40, -69)	diamond	none	dif	left	left	N_dist	(80, 0)	probe	h_tar	None	None	None	None	60	85	110	35	135	160	(80, 0)	166	testing
7	xd	f	21	green	6	(80, 0)	(40, 69)	(-39, 69)	(-80, 0)	(-40, -69)	(40, -69)	circle	green	dif	right	right	(80, 0)	(-40, -69)	search	nr	True	786429	787051	right	160	110	35	60	10	135	None	None	testing
7	xd	f	21	green	6	(80, 0)	(40, 69)	(-39, 69)	(-80, 0)	(-40, -69)	(40, -69)	circle	green	dif	left	left	(80, 0)	(-39, 69)	search	nr	True	788367	788988	left	85	60	135	110	10	160	None	None	testing
7	xd	f	21	green	6	(80, 0)	(40, 69)	(-39, 69)	(-80, 0)	(-40, -69)	(40, -69)	diamond	none	dif	right	right	N_dist	(40, -69)	probe	l_tar	None	None	None	None	85	110	135	35	10	60	(40, -69)	166	testing
7	xd	f	21	green	6	(80, 0)	(40, 69)	(-39, 69)	(-80, 0)	(-40, -69)	(40, -69)	circle	green	dif	right	right	(80, 0)	(-40, -69)	search	nr	True	794227	794860	right	85	135	10	35	110	160	None	None	testing
7	xd	f	21	green	6	(80, 0)	(40, 69)	(-39, 69)	(-80, 0)	(-40, -69)	(40, -69)	circle	green	dif	right	right	(80, 0)	(40, -69)	search	nr	True	796031	796828	right	160	35	135	110	85	10	None	None	testing
7	xd	f	21	green	6	(80, 0)	(40, 69)	(-39, 69)	(-80, 0)	(-40, -69)	(40, -69)	circle	green	dif	left	left	(80, 0)	(40, 69)	search	nr	True	798018	798714	left	110	85	10	160	60	135	None	None	testing
7	xd	f	21	green	6	(80, 0)	(40, 69)	(-39, 69)	(-80, 0)	(-40, -69)	(40, -69)	diamond	none	same	right	right	N_dist	(-40, -69)	probe	h_norm	None	None	None	None	160	60	85	135	10	110	(80, 0)	14	testing
7	xd	f	21	green	6	(80, 0)	(40, 69)	(-39, 69)	(-80, 0)	(-40, -69)	(40, -69)	diamond	none	same	right	right	N_dist	(80, 0)	search	nr	True	803761	804714	right	85	60	35	110	135	10	None	None	testing
7	xd	f	21	green	6	(80, 0)	(40, 69)	(-39, 69)	(-80, 0)	(-40, -69)	(40, -69)	diamond	green	dif	right	right	(80, 0)	(-40, -69)	search	nr	True	805782	806908	right	160	110	10	60	85	35	None	None	testing
7	xd	f	21	green	6	(80, 0)	(40, 69)	(-39, 69)	(-80, 0)	(-40, -69)	(40, -69)	circle	green	dif	left	left	(80, 0)	(-40, -69)	search	nr	True	808136	809051	left	60	10	160	135	85	35	None	None	testing
7	xd	f	21	green	6	(80, 0)	(40, 69)	(-39, 69)	(-80, 0)	(-40, -69)	(40, -69)	diamond	green	dif	left	left	(80, 0)	(-40, -69)	search	nr	True	810290	810923	left	135	10	60	85	110	35	None	None	testing
7	xd	f	21	green	6	(80, 0)	(40, 69)	(-39, 69)	(-80, 0)	(-40, -69)	(40, -69)	diamond	none	same	left	left	N_dist	(-80, 0)	search	nr	True	812110	812683	left	135	110	160	10	85	60	None	None	testing
7	xd	f	21	green	6	(80, 0)	(40, 69)	(-39, 69)	(-80, 0)	(-40, -69)	(40, -69)	diamond	green	dif	left	left	(80, 0)	(40, -69)	search	nr	True	813980	814587	left	85	135	35	10	110	160	None	None	testing
7	xd	f	21	green	6	(80, 0)	(40, 69)	(-39, 69)	(-80, 0)	(-40, -69)	(40, -69)	diamond	none	same	left	left	N_dist	(-40, -69)	probe	l_norm	None	None	None	None	10	35	135	85	60	160	(-39, 69)	13	testing
7	xd	f	21	green	6	(80, 0)	(40, 69)	(-39, 69)	(-80, 0)	(-40, -69)	(40, -69)	diamond	green	dif	right	right	(80, 0)	(-80, 0)	search	nr	True	819891	820572	right	160	135	60	10	110	85	None	None	testing
7	xd	f	21	green	6	(80, 0)	(40, 69)	(-39, 69)	(-80, 0)	(-40, -69)	(40, -69)	diamond	green	dif	left	left	(80, 0)	(-39, 69)	probe	h_sin	None	None	None	None	10	110	135	35	60	85	(80, 0)	4	testing
7	xd	f	21	green	6	(80, 0)	(40, 69)	(-39, 69)	(-80, 0)	(-40, -69)	(40, -69)	diamond	green	dif	right	right	(80, 0)	(40, -69)	probe	tar	None	None	None	None	60	35	110	135	10	85	(40, -69)	169	testing
7	xd	f	21	green	6	(80, 0)	(40, 69)	(-39, 69)	(-80, 0)	(-40, -69)	(40, -69)	diamond	none	same	right	right	N_dist	(-80, 0)	search	nr	True	829208	829820	right	60	85	135	110	35	160	None	None	testing
7	xd	f	21	green	6	(80, 0)	(40, 69)	(-39, 69)	(-80, 0)	(-40, -69)	(40, -69)	circle	none	same	left	left	N_dist	(-40, -69)	probe	l_norm	None	None	None	None	35	160	10	60	135	110	(40, -69)	18	testing
7	xd	f	21	green	6	(80, 0)	(40, 69)	(-39, 69)	(-80, 0)	(-40, -69)	(40, -69)	circle	green	same	left	left	(80, 0)	(40, -69)	search	nr	True	834835	835451	left	60	10	110	85	160	135	None	None	testing
7	xd	f	21	green	6	(80, 0)	(40, 69)	(-39, 69)	(-80, 0)	(-40, -69)	(40, -69)	diamond	green	same	left	left	(40, 69)	(40, -69)	search	nr	True	836622	837211	left	60	85	135	110	160	10	None	None	testing
7	xd	f	21	green	6	(80, 0)	(40, 69)	(-39, 69)	(-80, 0)	(-40, -69)	(40, -69)	diamond	none	same	left	left	N_dist	(40, 69)	probe	h_norm	None	None	None	None	10	110	160	60	135	35	(80, 0)	43	testing
7	xd	f	21	green	6	(80, 0)	(40, 69)	(-39, 69)	(-80, 0)	(-40, -69)	(40, -69)	circle	green	dif	left	left	(80, 0)	(-80, 0)	search	nr	True	844469	845036	left	35	160	60	135	85	10	None	None	testing
7	xd	f	21	green	6	(80, 0)	(40, 69)	(-39, 69)	(-80, 0)	(-40, -69)	(40, -69)	diamond	none	same	right	right	N_dist	(40, -69)	search	nr	True	846156	847211	right	10	85	60	35	135	160	None	None	testing
7	xd	f	21	green	6	(80, 0)	(40, 69)	(-39, 69)	(-80, 0)	(-40, -69)	(40, -69)	diamond	green	same	left	left	(40, 69)	(40, -69)	probe	tar	None	None	None	None	85	60	110	35	10	135	(40, -69)	12	testing
7	xd	f	21	green	6	(80, 0)	(40, 69)	(-39, 69)	(-80, 0)	(-40, -69)	(40, -69)	circle	green	same	left	left	(80, 0)	(40, -69)	probe	tar	None	None	None	None	60	85	110	35	10	135	(40, -69)	20	testing
7	xd	f	21	green	6	(80, 0)	(40, 69)	(-39, 69)	(-80, 0)	(-40, -69)	(40, -69)	diamond	green	same	left	left	(80, 0)	(40, 69)	search	nr	True	855974	856700	left	35	10	160	60	110	135	None	None	testing
7	xd	f	21	green	6	(80, 0)	(40, 69)	(-39, 69)	(-80, 0)	(-40, -69)	(40, -69)	diamond	green	same	right	right	(40, 69)	(-80, 0)	probe	l_sin	None	None	None	None	10	60	35	135	160	110	(40, 69)	152	testing
7	xd	f	21	green	6	(80, 0)	(40, 69)	(-39, 69)	(-80, 0)	(-40, -69)	(40, -69)	circle	green	same	left	left	(-80, 0)	(40, -69)	probe	norm	None	None	None	None	135	10	35	110	85	160	(80, 0)	22	testing
7	xd	f	21	green	6	(80, 0)	(40, 69)	(-39, 69)	(-80, 0)	(-40, -69)	(40, -69)	circle	green	same	left	left	(40, -69)	(-80, 0)	probe	norm	None	None	None	None	160	135	60	35	110	10	(-39, 69)	14	testing
7	xd	f	21	green	6	(80, 0)	(40, 69)	(-39, 69)	(-80, 0)	(-40, -69)	(40, -69)	diamond	green	same	left	left	(40, 69)	(40, -69)	search	nr	True	869649	870444	left	10	160	85	35	135	60	None	None	testing
7	xd	f	21	green	6	(80, 0)	(40, 69)	(-39, 69)	(-80, 0)	(-40, -69)	(40, -69)	circle	none	dif	right	right	N_dist	(-39, 69)	probe	h_norm	None	None	None	None	60	10	135	85	35	160	(80, 0)	162	testing
7	xd	f	21	green	6	(80, 0)	(40, 69)	(-39, 69)	(-80, 0)	(-40, -69)	(40, -69)	diamond	green	same	left	left	(80, 0)	(-39, 69)	probe	h_sin	None	None	None	None	135	85	60	10	160	110	(80, 0)	7	testing
7	xd	f	21	green	6	(80, 0)	(40, 69)	(-39, 69)	(-80, 0)	(-40, -69)	(40, -69)	diamond	none	same	right	right	N_dist	(-80, 0)	probe	h_norm	None	None	None	None	85	35	160	60	135	10	(80, 0)	7	testing
7	xd	f	21	green	6	(80, 0)	(40, 69)	(-39, 69)	(-80, 0)	(-40, -69)	(40, -69)	circle	none	dif	left	left	N_dist	(-80, 0)	probe	l_norm	None	None	None	None	160	60	85	110	35	135	(40, -69)	22	testing
7	xd	f	21	green	6	(80, 0)	(40, 69)	(-39, 69)	(-80, 0)	(-40, -69)	(40, -69)	diamond	green	same	right	right	(-40, -69)	(40, 69)	search	nr	True	888284	890076	right	135	35	60	85	110	10	None	None	testing
7	xd	f	21	green	6	(80, 0)	(40, 69)	(-39, 69)	(-80, 0)	(-40, -69)	(40, -69)	circle	green	dif	left	left	(80, 0)	(-39, 69)	probe	tar	None	None	None	None	10	135	110	60	85	160	(-39, 69)	174	testing
7	xd	f	21	green	6	(80, 0)	(40, 69)	(-39, 69)	(-80, 0)	(-40, -69)	(40, -69)	circle	green	dif	left	left	(-39, 69)	(-40, -69)	probe	l_sin	None	None	None	None	160	110	135	85	10	60	(-39, 69)	20	testing
7	xd	f	21	green	6	(80, 0)	(40, 69)	(-39, 69)	(-80, 0)	(-40, -69)	(40, -69)	circle	green	same	right	right	(-40, -69)	(-39, 69)	probe	l_sin	None	None	None	None	110	85	135	10	35	160	(-40, -69)	155	testing
7	xd	f	21	green	6	(80, 0)	(40, 69)	(-39, 69)	(-80, 0)	(-40, -69)	(40, -69)	diamond	green	dif	right	right	(80, 0)	(40, -69)	search	nr	True	905198	905788	left	85	135	60	35	10	110	None	None	testing
7	xd	f	21	green	6	(80, 0)	(40, 69)	(-39, 69)	(-80, 0)	(-40, -69)	(40, -69)	circle	none	same	left	left	N_dist	(-80, 0)	search	nr	True	908488	909195	left	135	60	160	85	10	110	None	None	testing
7	xd	f	21	green	6	(80, 0)	(40, 69)	(-39, 69)	(-80, 0)	(-40, -69)	(40, -69)	circle	green	same	right	right	(80, 0)	(-39, 69)	search	nr	True	910307	910987	right	10	135	35	60	110	160	None	None	testing
7	xd	f	21	green	6	(80, 0)	(40, 69)	(-39, 69)	(-80, 0)	(-40, -69)	(40, -69)	circle	green	same	left	left	(-80, 0)	(-40, -69)	probe	norm	None	None	None	None	160	135	60	85	35	110	(40, 69)	45	testing
7	xd	f	21	green	6	(80, 0)	(40, 69)	(-39, 69)	(-80, 0)	(-40, -69)	(40, -69)	circle	green	dif	left	left	(80, 0)	(40, 69)	search	nr	True	917287	918011	left	10	35	160	110	135	85	None	None	testing
7	xd	f	21	green	6	(80, 0)	(40, 69)	(-39, 69)	(-80, 0)	(-40, -69)	(40, -69)	circle	green	dif	left	left	(80, 0)	(40, 69)	probe	norm	None	None	None	None	10	160	85	35	60	135	(40, -69)	29	testing
7	xd	f	21	green	6	(80, 0)	(40, 69)	(-39, 69)	(-80, 0)	(-40, -69)	(40, -69)	diamond	green	same	right	right	(80, 0)	(-39, 69)	search	nr	True	923348	923979	right	85	10	60	135	110	160	None	None	testing
7	xd	f	21	green	6	(80, 0)	(40, 69)	(-39, 69)	(-80, 0)	(-40, -69)	(40, -69)	circle	green	same	left	left	(80, 0)	(-39, 69)	search	nr	True	925118	925691	left	135	60	10	85	35	110	None	None	testing
7	xd	f	21	green	6	(80, 0)	(40, 69)	(-39, 69)	(-80, 0)	(-40, -69)	(40, -69)	diamond	green	dif	left	left	(80, 0)	(-80, 0)	search	nr	True	926837	927483	left	110	160	60	135	35	85	None	None	testing
7	xd	f	21	green	6	(80, 0)	(40, 69)	(-39, 69)	(-80, 0)	(-40, -69)	(40, -69)	diamond	none	same	left	left	N_dist	(40, 69)	search	nr	True	928624	929179	left	10	60	35	110	135	160	None	None	testing
7	xd	f	21	green	6	(80, 0)	(40, 69)	(-39, 69)	(-80, 0)	(-40, -69)	(40, -69)	diamond	none	same	left	left	N_dist	(80, 0)	search	nr	True	930461	931003	left	135	60	35	85	110	160	None	None	testing
7	xd	f	21	green	6	(80, 0)	(40, 69)	(-39, 69)	(-80, 0)	(-40, -69)	(40, -69)	circle	none	same	right	right	N_dist	(40, 69)	search	nr	True	932214	933083	right	60	35	85	10	160	135	None	None	testing
7	xd	f	21	green	6	(80, 0)	(40, 69)	(-39, 69)	(-80, 0)	(-40, -69)	(40, -69)	diamond	green	dif	right	right	(80, 0)	(-40, -69)	search	nr	True	934318	935099	right	160	10	135	85	35	60	None	None	testing
7	xd	f	21	green	6	(80, 0)	(40, 69)	(-39, 69)	(-80, 0)	(-40, -69)	(40, -69)	circle	green	same	right	right	(80, 0)	(-80, 0)	probe	h_sin	None	None	None	None	110	135	85	35	160	10	(80, 0)	8	testing
7	xd	f	21	green	6	(80, 0)	(40, 69)	(-39, 69)	(-80, 0)	(-40, -69)	(40, -69)	circle	green	same	right	right	(-40, -69)	(40, 69)	probe	tar	None	None	None	None	10	60	135	110	35	85	(40, 69)	163	testing
7	xd	f	21	green	6	(80, 0)	(40, 69)	(-39, 69)	(-80, 0)	(-40, -69)	(40, -69)	diamond	none	dif	left	left	N_dist	(40, 69)	search	nr	True	943668	944315	left	135	85	160	35	110	10	None	None	testing
7	xd	f	21	green	6	(80, 0)	(40, 69)	(-39, 69)	(-80, 0)	(-40, -69)	(40, -69)	circle	green	same	right	right	(80, 0)	(-39, 69)	probe	h_sin	None	None	None	None	85	60	10	35	135	160	(80, 0)	13	testing
7	xd	f	21	green	6	(80, 0)	(40, 69)	(-39, 69)	(-80, 0)	(-40, -69)	(40, -69)	diamond	none	dif	left	left	N_dist	(-39, 69)	probe	l_tar	None	None	None	None	160	10	135	60	110	85	(-39, 69)	18	testing
7	xd	f	21	green	6	(80, 0)	(40, 69)	(-39, 69)	(-80, 0)	(-40, -69)	(40, -69)	circle	none	same	right	right	N_dist	(80, 0)	search	nr	True	953720	954443	right	85	160	35	135	110	10	None	None	testing
7	xd	f	21	green	6	(80, 0)	(40, 69)	(-39, 69)	(-80, 0)	(-40, -69)	(40, -69)	circle	none	same	right	right	N_dist	(80, 0)	probe	h_tar	None	None	None	None	110	10	35	160	60	85	(80, 0)	15	testing
7	xd	f	21	green	6	(80, 0)	(40, 69)	(-39, 69)	(-80, 0)	(-40, -69)	(40, -69)	circle	green	same	right	right	(80, 0)	(-40, -69)	probe	h_sin	None	None	None	None	85	160	135	110	60	35	(80, 0)	8	testing
7	xd	f	21	green	6	(80, 0)	(40, 69)	(-39, 69)	(-80, 0)	(-40, -69)	(40, -69)	circle	green	same	left	left	(-80, 0)	(-40, -69)	search	nr	True	963421	964235	left	110	60	35	135	10	160	None	None	testing
