subj	name	gender	age	dist	run	tar_locs1	tar_locs2	tar_locs3	tar_locs4	tar_locs5	tar_locs6	shape	dist	td_dif	detection	resp_key	dis_loc	tar_loc	task_type	probe_cond	gotKey	startTime	respTime	resp	o1	o2	o3	o4	o5	o6	pro_loc	ori_resp	mode
8	wj	f	19	green	5	(80, 0)	(40, 69)	(-39, 69)	(-80, 0)	(-40, -69)	(40, -69)	circle	green	dif	right	right	(40, -69)	(-40, -69)	search	nr	True	70986	71827	right	135	110	35	160	60	85	None	None	testing
8	wj	f	19	green	5	(80, 0)	(40, 69)	(-39, 69)	(-80, 0)	(-40, -69)	(40, -69)	circle	green	same	right	right	(40, 69)	(-39, 69)	search	nr	True	73124	73699	right	10	60	85	35	110	160	None	None	testing
8	wj	f	19	green	5	(80, 0)	(40, 69)	(-39, 69)	(-80, 0)	(-40, -69)	(40, -69)	diamond	none	dif	left	left	N_dist	(80, 0)	search	nr	True	74893	75443	left	60	160	110	35	10	135	None	None	testing
8	wj	f	19	green	5	(80, 0)	(40, 69)	(-39, 69)	(-80, 0)	(-40, -69)	(40, -69)	circle	green	same	right	right	(40, 69)	(-80, 0)	search	nr	True	76681	77394	right	60	160	35	110	85	10	None	None	testing
8	wj	f	19	green	5	(80, 0)	(40, 69)	(-39, 69)	(-80, 0)	(-40, -69)	(40, -69)	diamond	none	dif	right	right	N_dist	(-39, 69)	search	nr	True	78684	79379	right	10	60	160	85	110	135	None	None	testing
8	wj	f	19	green	5	(80, 0)	(40, 69)	(-39, 69)	(-80, 0)	(-40, -69)	(40, -69)	diamond	green	same	left	left	(-40, -69)	(-39, 69)	probe	tar	None	None	None	None	60	10	110	135	85	160	(-39, 69)	24	testing
8	wj	f	19	green	5	(80, 0)	(40, 69)	(-39, 69)	(-80, 0)	(-40, -69)	(40, -69)	circle	none	dif	left	left	N_dist	(40, 69)	search	nr	True	85213	85826	left	160	110	10	35	60	135	None	None	testing
8	wj	f	19	green	5	(80, 0)	(40, 69)	(-39, 69)	(-80, 0)	(-40, -69)	(40, -69)	diamond	none	dif	right	right	N_dist	(-40, -69)	probe	l_norm	None	None	None	None	10	35	60	85	135	110	(40, -69)	25	testing
8	wj	f	19	green	5	(80, 0)	(40, 69)	(-39, 69)	(-80, 0)	(-40, -69)	(40, -69)	diamond	green	dif	right	right	(-40, -69)	(80, 0)	search	nr	True	91508	92179	right	160	85	10	60	135	110	None	None	testing
8	wj	f	19	green	5	(80, 0)	(40, 69)	(-39, 69)	(-80, 0)	(-40, -69)	(40, -69)	circle	none	same	left	left	N_dist	(-80, 0)	search	nr	True	93244	93907	left	160	135	35	60	110	85	None	None	testing
8	wj	f	19	green	5	(80, 0)	(40, 69)	(-39, 69)	(-80, 0)	(-40, -69)	(40, -69)	circle	green	dif	right	right	(40, 69)	(80, 0)	search	nr	True	95147	95907	right	135	110	35	60	85	160	None	None	testing
8	wj	f	19	green	5	(80, 0)	(40, 69)	(-39, 69)	(-80, 0)	(-40, -69)	(40, -69)	circle	green	same	right	right	(-40, -69)	(80, 0)	probe	l_sin	None	None	None	None	110	135	10	160	60	85	(-40, -69)	168	testing
8	wj	f	19	green	5	(80, 0)	(40, 69)	(-39, 69)	(-80, 0)	(-40, -69)	(40, -69)	diamond	green	same	left	left	(-39, 69)	(80, 0)	search	nr	True	100974	101571	left	10	60	35	85	135	110	None	None	testing
8	wj	f	19	green	5	(80, 0)	(40, 69)	(-39, 69)	(-80, 0)	(-40, -69)	(40, -69)	diamond	none	same	left	left	N_dist	(80, 0)	probe	l_norm	None	None	None	None	10	35	135	160	60	110	(-80, 0)	160	testing
8	wj	f	19	green	5	(80, 0)	(40, 69)	(-39, 69)	(-80, 0)	(-40, -69)	(40, -69)	diamond	none	dif	left	left	N_dist	(80, 0)	search	nr	True	107069	107619	left	160	60	35	85	135	110	None	None	testing
8	wj	f	19	green	5	(80, 0)	(40, 69)	(-39, 69)	(-80, 0)	(-40, -69)	(40, -69)	diamond	green	dif	right	right	(40, 69)	(80, 0)	probe	norm	None	None	None	None	60	110	35	135	85	160	(-39, 69)	13	testing
8	wj	f	19	green	5	(80, 0)	(40, 69)	(-39, 69)	(-80, 0)	(-40, -69)	(40, -69)	circle	green	same	right	right	(40, -69)	(-80, 0)	search	nr	True	113063	113890	right	35	60	135	160	85	110	None	None	testing
8	wj	f	19	green	5	(80, 0)	(40, 69)	(-39, 69)	(-80, 0)	(-40, -69)	(40, -69)	circle	none	dif	right	right	N_dist	(40, 69)	search	nr	True	114968	115810	right	85	60	35	160	135	10	None	None	testing
8	wj	f	19	green	5	(80, 0)	(40, 69)	(-39, 69)	(-80, 0)	(-40, -69)	(40, -69)	circle	green	dif	right	right	(-80, 0)	(-40, -69)	probe	l_sin	None	None	None	None	85	35	160	60	135	110	(-80, 0)	166	testing
8	wj	f	19	green	5	(80, 0)	(40, 69)	(-39, 69)	(-80, 0)	(-40, -69)	(40, -69)	diamond	green	same	left	left	(40, 69)	(-39, 69)	search	nr	True	120878	121923	left	35	60	10	110	85	135	None	None	testing
8	wj	f	19	green	5	(80, 0)	(40, 69)	(-39, 69)	(-80, 0)	(-40, -69)	(40, -69)	diamond	green	same	left	left	(40, 69)	(-39, 69)	search	nr	True	123182	123827	left	35	110	135	60	85	160	None	None	testing
8	wj	f	19	green	5	(80, 0)	(40, 69)	(-39, 69)	(-80, 0)	(-40, -69)	(40, -69)	diamond	green	dif	left	left	(40, 69)	(-80, 0)	search	nr	True	124919	125730	left	60	10	135	85	35	160	None	None	testing
8	wj	f	19	green	5	(80, 0)	(40, 69)	(-39, 69)	(-80, 0)	(-40, -69)	(40, -69)	circle	green	dif	right	right	(-80, 0)	(-40, -69)	search	nr	True	126973	128210	right	60	35	110	160	85	135	None	None	testing
8	wj	f	19	green	5	(80, 0)	(40, 69)	(-39, 69)	(-80, 0)	(-40, -69)	(40, -69)	diamond	none	same	right	right	N_dist	(80, 0)	probe	h_norm	None	None	None	None	60	160	85	10	110	135	(40, 69)	159	testing
8	wj	f	19	green	5	(80, 0)	(40, 69)	(-39, 69)	(-80, 0)	(-40, -69)	(40, -69)	circle	none	same	right	right	N_dist	(40, 69)	probe	h_tar	None	None	None	None	160	85	110	10	60	135	(40, 69)	166	testing
8	wj	f	19	green	5	(80, 0)	(40, 69)	(-39, 69)	(-80, 0)	(-40, -69)	(40, -69)	diamond	green	same	left	left	(40, 69)	(40, -69)	search	nr	True	137509	138226	left	60	135	35	110	85	160	None	None	testing
8	wj	f	19	green	5	(80, 0)	(40, 69)	(-39, 69)	(-80, 0)	(-40, -69)	(40, -69)	circle	none	same	right	right	N_dist	(-40, -69)	search	nr	True	139346	140210	right	85	10	35	135	160	110	None	None	testing
8	wj	f	19	green	5	(80, 0)	(40, 69)	(-39, 69)	(-80, 0)	(-40, -69)	(40, -69)	circle	green	same	right	right	(40, 69)	(-40, -69)	search	nr	True	141416	142083	right	160	135	35	85	110	60	None	None	testing
8	wj	f	19	green	5	(80, 0)	(40, 69)	(-39, 69)	(-80, 0)	(-40, -69)	(40, -69)	diamond	green	same	left	left	(80, 0)	(40, -69)	search	nr	True	143336	144163	left	10	110	35	160	60	85	None	None	testing
8	wj	f	19	green	5	(80, 0)	(40, 69)	(-39, 69)	(-80, 0)	(-40, -69)	(40, -69)	diamond	green	dif	left	left	(40, 69)	(40, -69)	probe	norm	None	None	None	None	60	110	135	85	160	10	(-80, 0)	168	testing
8	wj	f	19	green	5	(80, 0)	(40, 69)	(-39, 69)	(-80, 0)	(-40, -69)	(40, -69)	diamond	none	dif	left	left	N_dist	(-40, -69)	probe	l_tar	None	None	None	None	160	85	110	10	135	35	(-40, -69)	75	testing
8	wj	f	19	green	5	(80, 0)	(40, 69)	(-39, 69)	(-80, 0)	(-40, -69)	(40, -69)	circle	none	same	right	right	N_dist	(80, 0)	search	nr	True	155642	156259	right	10	85	135	110	35	60	None	None	testing
8	wj	f	19	green	5	(80, 0)	(40, 69)	(-39, 69)	(-80, 0)	(-40, -69)	(40, -69)	circle	none	same	right	right	N_dist	(80, 0)	probe	l_norm	None	None	None	None	160	110	60	10	85	135	(-39, 69)	9	testing
8	wj	f	19	green	5	(80, 0)	(40, 69)	(-39, 69)	(-80, 0)	(-40, -69)	(40, -69)	diamond	green	dif	left	left	(40, -69)	(-39, 69)	probe	l_sin	None	None	None	None	135	35	110	160	60	10	(40, -69)	23	testing
8	wj	f	19	green	5	(80, 0)	(40, 69)	(-39, 69)	(-80, 0)	(-40, -69)	(40, -69)	circle	green	same	left	left	(40, 69)	(40, -69)	search	nr	True	166713	167347	left	10	160	85	110	135	35	None	None	testing
8	wj	f	19	green	5	(80, 0)	(40, 69)	(-39, 69)	(-80, 0)	(-40, -69)	(40, -69)	diamond	none	same	left	left	N_dist	(80, 0)	search	nr	True	168616	169186	left	60	35	85	160	135	10	None	None	testing
8	wj	f	19	green	5	(80, 0)	(40, 69)	(-39, 69)	(-80, 0)	(-40, -69)	(40, -69)	diamond	none	dif	right	right	N_dist	(-39, 69)	search	nr	True	170386	171106	right	85	160	60	135	35	110	None	None	testing
8	wj	f	19	green	5	(80, 0)	(40, 69)	(-39, 69)	(-80, 0)	(-40, -69)	(40, -69)	circle	green	dif	right	right	(40, 69)	(40, -69)	search	nr	True	172223	173043	right	85	135	10	60	160	35	None	None	testing
8	wj	f	19	green	5	(80, 0)	(40, 69)	(-39, 69)	(-80, 0)	(-40, -69)	(40, -69)	circle	none	dif	right	right	N_dist	(-80, 0)	search	nr	True	174193	174883	right	110	35	10	85	60	135	None	None	testing
8	wj	f	19	green	5	(80, 0)	(40, 69)	(-39, 69)	(-80, 0)	(-40, -69)	(40, -69)	circle	green	dif	left	left	(40, 69)	(80, 0)	probe	h_sin	None	None	None	None	35	135	160	10	60	85	(40, 69)	27	testing
8	wj	f	19	green	5	(80, 0)	(40, 69)	(-39, 69)	(-80, 0)	(-40, -69)	(40, -69)	circle	green	same	left	left	(40, 69)	(-80, 0)	probe	norm	None	None	None	None	35	135	60	110	10	85	(40, -69)	20	testing
8	wj	f	19	green	5	(80, 0)	(40, 69)	(-39, 69)	(-80, 0)	(-40, -69)	(40, -69)	diamond	none	dif	right	right	N_dist	(40, -69)	search	nr	True	185313	186146	right	135	160	85	110	60	10	None	None	testing
8	wj	f	19	green	5	(80, 0)	(40, 69)	(-39, 69)	(-80, 0)	(-40, -69)	(40, -69)	diamond	green	dif	right	right	(40, 69)	(-80, 0)	search	nr	True	187417	188098	right	110	85	35	135	10	160	None	None	testing
8	wj	f	19	green	5	(80, 0)	(40, 69)	(-39, 69)	(-80, 0)	(-40, -69)	(40, -69)	circle	green	dif	left	left	(-40, -69)	(-39, 69)	search	nr	True	189304	190083	left	10	60	160	85	135	110	None	None	testing
8	wj	f	19	green	5	(80, 0)	(40, 69)	(-39, 69)	(-80, 0)	(-40, -69)	(40, -69)	diamond	green	dif	left	left	(-39, 69)	(40, -69)	search	nr	True	191375	192098	left	135	110	85	35	160	60	None	None	testing
8	wj	f	19	green	5	(80, 0)	(40, 69)	(-39, 69)	(-80, 0)	(-40, -69)	(40, -69)	circle	green	dif	left	left	(40, -69)	(80, 0)	search	nr	True	193178	194194	left	10	60	110	160	85	135	None	None	testing
8	wj	f	19	green	5	(80, 0)	(40, 69)	(-39, 69)	(-80, 0)	(-40, -69)	(40, -69)	diamond	green	dif	left	left	(40, 69)	(-80, 0)	search	nr	True	195398	196178	left	135	60	85	110	35	10	None	None	testing
8	wj	f	19	green	5	(80, 0)	(40, 69)	(-39, 69)	(-80, 0)	(-40, -69)	(40, -69)	diamond	green	dif	right	right	(40, 69)	(40, -69)	probe	norm	None	None	None	None	10	85	110	135	60	35	(-39, 69)	13	testing
8	wj	f	19	green	5	(80, 0)	(40, 69)	(-39, 69)	(-80, 0)	(-40, -69)	(40, -69)	circle	green	same	left	left	(-40, -69)	(-80, 0)	search	nr	True	201860	202514	left	85	110	60	10	35	160	None	None	testing
8	wj	f	19	green	5	(80, 0)	(40, 69)	(-39, 69)	(-80, 0)	(-40, -69)	(40, -69)	diamond	green	dif	left	left	(40, 69)	(-40, -69)	search	nr	True	203780	204690	left	85	135	60	160	35	110	None	None	testing
8	wj	f	19	green	5	(80, 0)	(40, 69)	(-39, 69)	(-80, 0)	(-40, -69)	(40, -69)	circle	none	dif	left	left	N_dist	(40, 69)	search	nr	True	206001	206658	left	85	110	160	35	60	10	None	None	testing
8	wj	f	19	green	5	(80, 0)	(40, 69)	(-39, 69)	(-80, 0)	(-40, -69)	(40, -69)	circle	green	same	left	left	(40, 69)	(-39, 69)	search	nr	True	207955	208674	left	60	35	160	85	110	10	None	None	testing
8	wj	f	19	green	5	(80, 0)	(40, 69)	(-39, 69)	(-80, 0)	(-40, -69)	(40, -69)	diamond	green	same	right	right	(40, 69)	(-80, 0)	probe	h_sin	None	None	None	None	10	160	135	85	35	60	(40, 69)	22	testing
8	wj	f	19	green	5	(80, 0)	(40, 69)	(-39, 69)	(-80, 0)	(-40, -69)	(40, -69)	diamond	none	same	right	right	N_dist	(-80, 0)	search	nr	True	214066	214866	right	135	60	160	85	10	35	None	None	testing
8	wj	f	19	green	5	(80, 0)	(40, 69)	(-39, 69)	(-80, 0)	(-40, -69)	(40, -69)	circle	green	same	left	left	(40, 69)	(40, -69)	probe	norm	None	None	None	None	135	60	10	35	110	160	(-39, 69)	15	testing
8	wj	f	19	green	5	(80, 0)	(40, 69)	(-39, 69)	(-80, 0)	(-40, -69)	(40, -69)	circle	green	same	right	right	(40, 69)	(80, 0)	probe	h_sin	None	None	None	None	60	135	160	85	35	10	(40, 69)	30	testing
8	wj	f	19	green	5	(80, 0)	(40, 69)	(-39, 69)	(-80, 0)	(-40, -69)	(40, -69)	circle	green	dif	left	left	(40, 69)	(80, 0)	search	nr	True	225537	226114	left	35	110	85	135	60	10	None	None	testing
8	wj	f	19	green	5	(80, 0)	(40, 69)	(-39, 69)	(-80, 0)	(-40, -69)	(40, -69)	circle	green	dif	right	right	(40, -69)	(-40, -69)	search	nr	True	227341	228018	right	160	110	135	60	85	10	None	None	testing
8	wj	f	19	green	5	(80, 0)	(40, 69)	(-39, 69)	(-80, 0)	(-40, -69)	(40, -69)	circle	green	dif	left	left	(80, 0)	(40, -69)	search	nr	True	229094	229938	left	85	35	135	160	110	60	None	None	testing
8	wj	f	19	green	5	(80, 0)	(40, 69)	(-39, 69)	(-80, 0)	(-40, -69)	(40, -69)	circle	none	dif	right	right	N_dist	(-40, -69)	search	nr	True	231147	231906	right	60	10	110	135	160	85	None	None	testing
8	wj	f	19	green	5	(80, 0)	(40, 69)	(-39, 69)	(-80, 0)	(-40, -69)	(40, -69)	diamond	green	dif	left	left	(40, 69)	(-80, 0)	probe	h_sin	None	None	None	None	10	135	160	85	60	110	(40, 69)	168	testing
8	wj	f	19	green	5	(80, 0)	(40, 69)	(-39, 69)	(-80, 0)	(-40, -69)	(40, -69)	diamond	none	same	right	right	N_dist	(80, 0)	search	nr	True	236941	237618	right	10	60	35	110	85	135	None	None	testing
8	wj	f	19	green	5	(80, 0)	(40, 69)	(-39, 69)	(-80, 0)	(-40, -69)	(40, -69)	diamond	green	same	right	right	(80, 0)	(-39, 69)	search	nr	True	238694	239330	right	60	85	10	35	160	110	None	None	testing
8	wj	f	19	green	5	(80, 0)	(40, 69)	(-39, 69)	(-80, 0)	(-40, -69)	(40, -69)	circle	green	same	left	left	(40, 69)	(80, 0)	probe	norm	None	None	None	None	85	110	35	60	10	160	(-40, -69)	151	testing
8	wj	f	19	green	5	(80, 0)	(40, 69)	(-39, 69)	(-80, 0)	(-40, -69)	(40, -69)	circle	none	same	left	left	N_dist	(80, 0)	probe	h_norm	None	None	None	None	35	160	85	60	10	110	(40, 69)	149	testing
8	wj	f	19	green	5	(80, 0)	(40, 69)	(-39, 69)	(-80, 0)	(-40, -69)	(40, -69)	diamond	none	same	right	right	N_dist	(40, 69)	search	nr	True	250700	251394	right	160	110	135	85	10	35	None	None	testing
8	wj	f	19	green	5	(80, 0)	(40, 69)	(-39, 69)	(-80, 0)	(-40, -69)	(40, -69)	circle	green	dif	left	left	(40, 69)	(-80, 0)	search	nr	True	252453	253154	left	135	35	10	60	85	110	None	None	testing
8	wj	f	19	green	5	(80, 0)	(40, 69)	(-39, 69)	(-80, 0)	(-40, -69)	(40, -69)	diamond	none	dif	left	left	N_dist	(40, -69)	search	nr	True	254407	255379	left	60	85	110	135	10	35	None	None	testing
8	wj	f	19	green	5	(80, 0)	(40, 69)	(-39, 69)	(-80, 0)	(-40, -69)	(40, -69)	circle	green	same	right	right	(40, 69)	(40, -69)	probe	tar	None	None	None	None	60	135	85	35	10	110	(40, -69)	16	testing
8	wj	f	19	green	5	(80, 0)	(40, 69)	(-39, 69)	(-80, 0)	(-40, -69)	(40, -69)	circle	green	dif	left	left	(-40, -69)	(40, -69)	search	nr	True	260618	261219	left	35	160	110	60	85	10	None	None	testing
8	wj	f	19	green	5	(80, 0)	(40, 69)	(-39, 69)	(-80, 0)	(-40, -69)	(40, -69)	diamond	none	dif	left	left	N_dist	(40, 69)	probe	h_tar	None	None	None	None	160	10	35	60	110	85	(40, 69)	135	testing
8	wj	f	19	green	5	(80, 0)	(40, 69)	(-39, 69)	(-80, 0)	(-40, -69)	(40, -69)	circle	green	dif	left	left	(40, 69)	(-80, 0)	search	nr	True	267164	267698	left	85	135	60	35	110	10	None	None	testing
8	wj	f	19	green	5	(80, 0)	(40, 69)	(-39, 69)	(-80, 0)	(-40, -69)	(40, -69)	circle	green	same	left	left	(80, 0)	(-80, 0)	search	nr	True	269001	269618	left	160	60	10	110	135	35	None	None	testing
8	wj	f	19	green	5	(80, 0)	(40, 69)	(-39, 69)	(-80, 0)	(-40, -69)	(40, -69)	circle	green	same	right	right	(40, -69)	(-80, 0)	probe	tar	None	None	None	None	110	60	10	85	160	35	(-80, 0)	170	testing
8	wj	f	19	green	5	(80, 0)	(40, 69)	(-39, 69)	(-80, 0)	(-40, -69)	(40, -69)	circle	green	dif	left	left	(-40, -69)	(-39, 69)	probe	tar	None	None	None	None	135	160	110	85	60	35	(-39, 69)	22	testing
8	wj	f	19	green	5	(80, 0)	(40, 69)	(-39, 69)	(-80, 0)	(-40, -69)	(40, -69)	diamond	none	dif	left	left	N_dist	(-40, -69)	search	nr	True	278785	279458	left	35	110	85	10	135	160	None	None	testing
8	wj	f	19	green	5	(80, 0)	(40, 69)	(-39, 69)	(-80, 0)	(-40, -69)	(40, -69)	circle	green	dif	right	right	(40, 69)	(-39, 69)	probe	norm	None	None	None	None	85	135	160	110	10	60	(-40, -69)	160	testing
8	wj	f	19	green	5	(80, 0)	(40, 69)	(-39, 69)	(-80, 0)	(-40, -69)	(40, -69)	diamond	green	same	right	right	(40, 69)	(-40, -69)	search	nr	True	284696	285507	right	110	85	160	10	35	135	None	None	testing
8	wj	f	19	green	5	(80, 0)	(40, 69)	(-39, 69)	(-80, 0)	(-40, -69)	(40, -69)	circle	none	dif	right	right	N_dist	(-80, 0)	search	nr	True	286616	287219	right	60	35	85	110	160	10	None	None	testing
8	wj	f	19	green	5	(80, 0)	(40, 69)	(-39, 69)	(-80, 0)	(-40, -69)	(40, -69)	diamond	green	dif	right	right	(-80, 0)	(80, 0)	search	nr	True	288319	288914	right	160	60	85	10	110	135	None	None	testing
8	wj	f	19	green	5	(80, 0)	(40, 69)	(-39, 69)	(-80, 0)	(-40, -69)	(40, -69)	diamond	green	dif	left	left	(40, 69)	(-40, -69)	search	nr	True	290173	290930	left	85	10	160	60	135	110	None	None	testing
8	wj	f	19	green	5	(80, 0)	(40, 69)	(-39, 69)	(-80, 0)	(-40, -69)	(40, -69)	circle	green	same	left	left	(80, 0)	(-80, 0)	probe	norm	None	None	None	None	160	110	60	85	135	10	(-39, 69)	165	testing
8	wj	f	19	green	5	(80, 0)	(40, 69)	(-39, 69)	(-80, 0)	(-40, -69)	(40, -69)	circle	green	same	right	right	(40, 69)	(-39, 69)	search	nr	True	297804	298450	right	110	10	160	85	35	135	None	None	testing
8	wj	f	19	green	5	(80, 0)	(40, 69)	(-39, 69)	(-80, 0)	(-40, -69)	(40, -69)	circle	green	same	left	left	(-40, -69)	(-80, 0)	probe	l_sin	None	None	None	None	110	160	10	35	60	85	(-40, -69)	161	testing
8	wj	f	19	green	5	(80, 0)	(40, 69)	(-39, 69)	(-80, 0)	(-40, -69)	(40, -69)	circle	none	same	right	right	N_dist	(-39, 69)	search	nr	True	304132	304818	right	110	35	160	10	60	85	None	None	testing
8	wj	f	19	green	5	(80, 0)	(40, 69)	(-39, 69)	(-80, 0)	(-40, -69)	(40, -69)	diamond	green	same	left	left	(80, 0)	(-80, 0)	search	nr	True	306018	306674	left	10	135	160	35	60	110	None	None	testing
8	wj	f	19	green	5	(80, 0)	(40, 69)	(-39, 69)	(-80, 0)	(-40, -69)	(40, -69)	circle	green	same	right	right	(40, 69)	(80, 0)	search	nr	True	307922	308547	right	10	135	60	160	85	110	None	None	testing
8	wj	f	19	green	5	(80, 0)	(40, 69)	(-39, 69)	(-80, 0)	(-40, -69)	(40, -69)	circle	none	dif	left	left	N_dist	(-40, -69)	search	nr	True	309692	310322	left	135	85	160	60	35	110	None	None	testing
8	wj	f	19	green	5	(80, 0)	(40, 69)	(-39, 69)	(-80, 0)	(-40, -69)	(40, -69)	diamond	green	dif	left	left	(80, 0)	(-39, 69)	probe	l_sin	None	None	None	None	110	85	10	135	60	35	(80, 0)	162	testing
8	wj	f	19	green	5	(80, 0)	(40, 69)	(-39, 69)	(-80, 0)	(-40, -69)	(40, -69)	diamond	none	dif	left	left	N_dist	(40, -69)	search	nr	True	315386	315986	left	85	135	60	35	110	160	None	None	testing
8	wj	f	19	green	5	(80, 0)	(40, 69)	(-39, 69)	(-80, 0)	(-40, -69)	(40, -69)	circle	green	dif	right	right	(40, -69)	(-40, -69)	search	nr	True	317105	317874	right	85	135	10	110	60	160	None	None	testing
8	wj	f	19	green	5	(80, 0)	(40, 69)	(-39, 69)	(-80, 0)	(-40, -69)	(40, -69)	circle	none	dif	right	right	N_dist	(40, -69)	search	nr	True	319093	319649	right	10	135	160	60	85	35	None	None	testing
8	wj	f	19	green	5	(80, 0)	(40, 69)	(-39, 69)	(-80, 0)	(-40, -69)	(40, -69)	diamond	green	dif	right	right	(-40, -69)	(80, 0)	search	nr	True	320895	321602	right	10	35	60	135	85	110	None	None	testing
8	wj	f	19	green	5	(80, 0)	(40, 69)	(-39, 69)	(-80, 0)	(-40, -69)	(40, -69)	circle	green	dif	right	right	(40, -69)	(-80, 0)	search	nr	True	322666	323697	right	135	160	85	10	35	110	None	None	testing
8	wj	f	19	green	5	(80, 0)	(40, 69)	(-39, 69)	(-80, 0)	(-40, -69)	(40, -69)	circle	none	dif	right	right	N_dist	(40, 69)	probe	h_tar	None	None	None	None	85	110	60	135	35	160	(40, 69)	167	testing
8	wj	f	19	green	5	(80, 0)	(40, 69)	(-39, 69)	(-80, 0)	(-40, -69)	(40, -69)	diamond	green	dif	left	left	(40, 69)	(-40, -69)	search	nr	True	328944	329570	left	85	135	160	35	60	10	None	None	testing
8	wj	f	19	green	5	(80, 0)	(40, 69)	(-39, 69)	(-80, 0)	(-40, -69)	(40, -69)	diamond	none	same	right	right	N_dist	(-80, 0)	probe	h_norm	None	None	None	None	110	10	60	85	160	135	(40, 69)	163	testing
8	wj	f	19	green	5	(80, 0)	(40, 69)	(-39, 69)	(-80, 0)	(-40, -69)	(40, -69)	diamond	green	dif	right	right	(40, 69)	(-80, 0)	probe	norm	None	None	None	None	160	10	35	110	85	135	(-40, -69)	159	testing
8	wj	f	19	green	5	(80, 0)	(40, 69)	(-39, 69)	(-80, 0)	(-40, -69)	(40, -69)	circle	green	same	right	right	(40, 69)	(80, 0)	search	nr	True	339229	339890	right	160	135	60	85	35	10	None	None	testing
8	wj	f	19	green	5	(80, 0)	(40, 69)	(-39, 69)	(-80, 0)	(-40, -69)	(40, -69)	diamond	green	same	left	left	(40, 69)	(-39, 69)	probe	h_sin	None	None	None	None	135	10	60	160	110	35	(40, 69)	154	testing
8	wj	f	19	green	5	(80, 0)	(40, 69)	(-39, 69)	(-80, 0)	(-40, -69)	(40, -69)	circle	none	dif	left	left	N_dist	(-39, 69)	probe	l_tar	None	None	None	None	35	135	85	110	60	10	(-39, 69)	15	testing
8	wj	f	19	green	5	(80, 0)	(40, 69)	(-39, 69)	(-80, 0)	(-40, -69)	(40, -69)	diamond	green	dif	right	right	(40, 69)	(40, -69)	search	nr	True	351769	352562	right	135	110	10	160	85	60	None	None	testing
8	wj	f	19	green	5	(80, 0)	(40, 69)	(-39, 69)	(-80, 0)	(-40, -69)	(40, -69)	diamond	green	dif	right	right	(40, 69)	(80, 0)	search	nr	True	353639	354146	right	60	110	85	10	135	160	None	None	testing
8	wj	f	19	green	5	(80, 0)	(40, 69)	(-39, 69)	(-80, 0)	(-40, -69)	(40, -69)	diamond	none	same	right	right	N_dist	(-80, 0)	search	nr	True	355292	355938	right	160	85	60	35	110	135	None	None	testing
8	wj	f	19	green	5	(80, 0)	(40, 69)	(-39, 69)	(-80, 0)	(-40, -69)	(40, -69)	circle	green	dif	left	left	(40, 69)	(-80, 0)	probe	h_sin	None	None	None	None	160	60	85	110	10	35	(40, 69)	19	testing
8	wj	f	19	green	5	(80, 0)	(40, 69)	(-39, 69)	(-80, 0)	(-40, -69)	(40, -69)	diamond	green	dif	right	right	(-39, 69)	(80, 0)	search	nr	True	361487	362034	right	110	35	10	160	85	135	None	None	testing
8	wj	f	19	green	5	(80, 0)	(40, 69)	(-39, 69)	(-80, 0)	(-40, -69)	(40, -69)	circle	green	dif	right	right	(-80, 0)	(80, 0)	search	nr	True	363257	363986	right	60	85	160	135	110	10	None	None	testing
8	wj	f	19	green	5	(80, 0)	(40, 69)	(-39, 69)	(-80, 0)	(-40, -69)	(40, -69)	diamond	green	same	left	left	(-40, -69)	(-39, 69)	search	nr	True	365160	365970	left	110	10	35	135	85	60	None	None	testing
8	wj	f	19	green	5	(80, 0)	(40, 69)	(-39, 69)	(-80, 0)	(-40, -69)	(40, -69)	diamond	green	same	right	right	(40, 69)	(-40, -69)	search	nr	True	367264	368051	right	85	10	135	60	35	110	None	None	testing
8	wj	f	19	green	5	(80, 0)	(40, 69)	(-39, 69)	(-80, 0)	(-40, -69)	(40, -69)	circle	green	same	left	left	(-80, 0)	(40, -69)	search	nr	True	369335	370433	left	60	10	160	35	85	135	None	None	testing
8	wj	f	19	green	5	(80, 0)	(40, 69)	(-39, 69)	(-80, 0)	(-40, -69)	(40, -69)	circle	none	same	left	left	N_dist	(-80, 0)	probe	l_norm	None	None	None	None	135	35	160	85	60	10	(-39, 69)	18	testing
8	wj	f	19	green	5	(80, 0)	(40, 69)	(-39, 69)	(-80, 0)	(-40, -69)	(40, -69)	diamond	green	dif	left	left	(80, 0)	(-39, 69)	search	nr	True	375964	376770	left	60	135	85	35	10	160	None	None	testing
8	wj	f	19	green	5	(80, 0)	(40, 69)	(-39, 69)	(-80, 0)	(-40, -69)	(40, -69)	diamond	green	same	left	left	(-40, -69)	(-39, 69)	search	nr	True	378067	378610	left	60	135	10	110	35	160	None	None	testing
8	wj	f	19	green	5	(80, 0)	(40, 69)	(-39, 69)	(-80, 0)	(-40, -69)	(40, -69)	diamond	green	dif	left	left	(80, 0)	(-39, 69)	search	nr	True	379787	380785	left	60	135	85	10	160	35	None	None	testing
8	wj	f	19	green	5	(80, 0)	(40, 69)	(-39, 69)	(-80, 0)	(-40, -69)	(40, -69)	circle	none	dif	right	right	N_dist	(40, -69)	probe	h_norm	None	None	None	None	160	85	135	35	10	60	(40, 69)	163	testing
8	wj	f	19	green	5	(80, 0)	(40, 69)	(-39, 69)	(-80, 0)	(-40, -69)	(40, -69)	circle	green	dif	left	left	(40, -69)	(80, 0)	search	nr	True	385665	386450	left	85	110	10	35	160	135	None	None	testing
8	wj	f	19	green	5	(80, 0)	(40, 69)	(-39, 69)	(-80, 0)	(-40, -69)	(40, -69)	circle	green	dif	left	left	(-40, -69)	(40, -69)	probe	l_sin	None	None	None	None	85	60	110	10	135	35	(-40, -69)	158	testing
8	wj	f	19	green	5	(80, 0)	(40, 69)	(-39, 69)	(-80, 0)	(-40, -69)	(40, -69)	diamond	none	dif	right	right	N_dist	(-80, 0)	probe	h_norm	None	None	None	None	110	135	10	60	35	160	(40, 69)	24	testing
8	wj	f	19	green	5	(80, 0)	(40, 69)	(-39, 69)	(-80, 0)	(-40, -69)	(40, -69)	circle	green	dif	left	left	(40, 69)	(-80, 0)	probe	norm	None	None	None	None	85	10	110	60	35	160	(40, -69)	165	testing
8	wj	f	19	green	5	(80, 0)	(40, 69)	(-39, 69)	(-80, 0)	(-40, -69)	(40, -69)	diamond	green	same	right	right	(40, 69)	(40, -69)	probe	tar	None	None	None	None	85	35	60	110	135	10	(40, -69)	21	testing
8	wj	f	19	green	5	(80, 0)	(40, 69)	(-39, 69)	(-80, 0)	(-40, -69)	(40, -69)	circle	green	same	right	right	(40, 69)	(-40, -69)	probe	norm	None	None	None	None	60	35	10	110	85	160	(40, -69)	23	testing
8	wj	f	19	green	5	(80, 0)	(40, 69)	(-39, 69)	(-80, 0)	(-40, -69)	(40, -69)	diamond	none	dif	right	right	N_dist	(40, -69)	search	nr	True	411847	412723	right	10	160	85	60	135	110	None	None	testing
8	wj	f	19	green	5	(80, 0)	(40, 69)	(-39, 69)	(-80, 0)	(-40, -69)	(40, -69)	diamond	none	same	left	left	N_dist	(40, 69)	search	nr	True	414000	414738	left	85	10	35	160	60	110	None	None	testing
8	wj	f	19	green	5	(80, 0)	(40, 69)	(-39, 69)	(-80, 0)	(-40, -69)	(40, -69)	diamond	green	dif	left	left	(40, 69)	(-40, -69)	probe	h_sin	None	None	None	None	135	85	160	60	35	110	(40, 69)	162	testing
8	wj	f	19	green	5	(80, 0)	(40, 69)	(-39, 69)	(-80, 0)	(-40, -69)	(40, -69)	circle	green	same	right	right	(40, 69)	(80, 0)	search	nr	True	419661	420562	right	60	135	110	85	35	160	None	None	testing
8	wj	f	19	green	5	(80, 0)	(40, 69)	(-39, 69)	(-80, 0)	(-40, -69)	(40, -69)	circle	green	dif	left	left	(-80, 0)	(40, -69)	probe	l_sin	None	None	None	None	135	35	110	160	85	10	(-80, 0)	22	testing
8	wj	f	19	green	5	(80, 0)	(40, 69)	(-39, 69)	(-80, 0)	(-40, -69)	(40, -69)	diamond	green	same	right	right	(40, 69)	(-40, -69)	search	nr	True	426523	427250	right	110	35	60	160	135	85	None	None	testing
8	wj	f	19	green	5	(80, 0)	(40, 69)	(-39, 69)	(-80, 0)	(-40, -69)	(40, -69)	diamond	green	same	right	right	(-80, 0)	(-40, -69)	search	nr	True	428443	429393	right	60	135	35	10	160	85	None	None	testing
8	wj	f	19	green	5	(80, 0)	(40, 69)	(-39, 69)	(-80, 0)	(-40, -69)	(40, -69)	circle	green	dif	left	left	(40, 69)	(-40, -69)	search	nr	True	430598	431218	left	35	135	160	110	10	85	None	None	testing
8	wj	f	19	green	5	(80, 0)	(40, 69)	(-39, 69)	(-80, 0)	(-40, -69)	(40, -69)	circle	green	same	left	left	(40, 69)	(80, 0)	search	nr	True	432317	432882	left	10	135	85	160	35	110	None	None	testing
8	wj	f	19	green	5	(80, 0)	(40, 69)	(-39, 69)	(-80, 0)	(-40, -69)	(40, -69)	diamond	green	dif	right	right	(40, 69)	(40, -69)	search	nr	True	433987	434769	right	10	160	110	135	85	60	None	None	testing
8	wj	f	19	green	5	(80, 0)	(40, 69)	(-39, 69)	(-80, 0)	(-40, -69)	(40, -69)	circle	green	same	left	left	(-39, 69)	(40, -69)	search	nr	True	436008	436706	left	135	110	60	35	85	10	None	None	testing
8	wj	f	19	green	5	(80, 0)	(40, 69)	(-39, 69)	(-80, 0)	(-40, -69)	(40, -69)	circle	green	same	right	right	(-40, -69)	(80, 0)	search	nr	True	437977	439025	right	110	10	135	60	85	160	None	None	testing
8	wj	f	19	green	5	(80, 0)	(40, 69)	(-39, 69)	(-80, 0)	(-40, -69)	(40, -69)	circle	none	same	left	left	N_dist	(40, -69)	probe	l_norm	None	None	None	None	110	35	160	85	10	60	(80, 0)	16	testing
8	wj	f	19	green	5	(80, 0)	(40, 69)	(-39, 69)	(-80, 0)	(-40, -69)	(40, -69)	circle	none	same	left	left	N_dist	(-80, 0)	search	nr	True	446142	446722	left	85	160	110	60	135	10	None	None	testing
8	wj	f	19	green	5	(80, 0)	(40, 69)	(-39, 69)	(-80, 0)	(-40, -69)	(40, -69)	circle	none	same	left	left	N_dist	(40, -69)	search	nr	True	447963	448737	left	35	160	10	85	135	110	None	None	testing
8	wj	f	19	green	5	(80, 0)	(40, 69)	(-39, 69)	(-80, 0)	(-40, -69)	(40, -69)	diamond	green	same	right	right	(-80, 0)	(-40, -69)	search	nr	True	450033	451010	right	60	85	110	135	10	35	None	None	testing
8	wj	f	19	green	5	(80, 0)	(40, 69)	(-39, 69)	(-80, 0)	(-40, -69)	(40, -69)	diamond	green	dif	right	right	(-39, 69)	(80, 0)	probe	tar	None	None	None	None	110	135	160	35	10	85	(80, 0)	17	testing
8	wj	f	19	green	5	(80, 0)	(40, 69)	(-39, 69)	(-80, 0)	(-40, -69)	(40, -69)	diamond	green	same	right	right	(40, 69)	(-80, 0)	search	nr	True	455961	456657	right	85	10	60	35	110	135	None	None	testing
8	wj	f	19	green	5	(80, 0)	(40, 69)	(-39, 69)	(-80, 0)	(-40, -69)	(40, -69)	circle	green	dif	left	left	(80, 0)	(40, -69)	search	nr	True	457948	459169	left	60	10	160	110	85	135	None	None	testing
8	wj	f	19	green	5	(80, 0)	(40, 69)	(-39, 69)	(-80, 0)	(-40, -69)	(40, -69)	circle	green	same	right	right	(40, 69)	(-40, -69)	probe	norm	None	None	None	None	85	135	60	160	110	35	(40, -69)	16	testing
8	wj	f	19	green	5	(80, 0)	(40, 69)	(-39, 69)	(-80, 0)	(-40, -69)	(40, -69)	circle	green	same	left	left	(40, 69)	(40, -69)	search	nr	True	464761	465506	left	60	10	160	35	110	135	None	None	testing
8	wj	f	19	green	5	(80, 0)	(40, 69)	(-39, 69)	(-80, 0)	(-40, -69)	(40, -69)	circle	none	same	right	right	N_dist	(40, 69)	search	nr	True	466780	467650	right	85	10	110	135	160	60	None	None	testing
8	wj	f	19	green	5	(80, 0)	(40, 69)	(-39, 69)	(-80, 0)	(-40, -69)	(40, -69)	diamond	green	same	right	right	(80, 0)	(-39, 69)	search	nr	True	468734	469554	right	110	35	85	10	60	135	None	None	testing
8	wj	f	19	green	5	(80, 0)	(40, 69)	(-39, 69)	(-80, 0)	(-40, -69)	(40, -69)	circle	none	dif	right	right	N_dist	(-80, 0)	probe	h_norm	None	None	None	None	10	160	35	85	135	60	(40, 69)	18	testing
8	wj	f	19	green	5	(80, 0)	(40, 69)	(-39, 69)	(-80, 0)	(-40, -69)	(40, -69)	diamond	green	same	left	left	(40, 69)	(-39, 69)	search	nr	True	476899	477570	left	60	35	85	135	160	110	None	None	testing
8	wj	f	19	green	5	(80, 0)	(40, 69)	(-39, 69)	(-80, 0)	(-40, -69)	(40, -69)	diamond	green	same	right	right	(40, 69)	(80, 0)	search	nr	True	478652	479298	right	60	110	85	35	10	160	None	None	testing
8	wj	f	19	green	5	(80, 0)	(40, 69)	(-39, 69)	(-80, 0)	(-40, -69)	(40, -69)	circle	green	dif	left	left	(-80, 0)	(40, -69)	search	nr	True	480372	481250	left	85	35	60	160	135	110	None	None	testing
8	wj	f	19	green	5	(80, 0)	(40, 69)	(-39, 69)	(-80, 0)	(-40, -69)	(40, -69)	diamond	green	dif	left	left	(40, 69)	(40, -69)	search	nr	True	482426	483234	left	85	160	35	60	110	135	None	None	testing
8	wj	f	19	green	5	(80, 0)	(40, 69)	(-39, 69)	(-80, 0)	(-40, -69)	(40, -69)	diamond	green	same	left	left	(80, 0)	(40, -69)	probe	l_sin	None	None	None	None	10	85	35	60	110	135	(80, 0)	141	testing
8	wj	f	19	green	5	(80, 0)	(40, 69)	(-39, 69)	(-80, 0)	(-40, -69)	(40, -69)	circle	green	same	left	left	(40, 69)	(40, -69)	search	nr	True	489255	489826	left	110	60	10	135	85	160	None	None	testing
8	wj	f	19	green	5	(80, 0)	(40, 69)	(-39, 69)	(-80, 0)	(-40, -69)	(40, -69)	diamond	green	same	left	left	(40, 69)	(-40, -69)	probe	tar	None	None	None	None	135	60	35	10	110	160	(-40, -69)	161	testing
8	wj	f	19	green	5	(80, 0)	(40, 69)	(-39, 69)	(-80, 0)	(-40, -69)	(40, -69)	circle	green	dif	right	right	(40, 69)	(-39, 69)	search	nr	True	495918	497105	right	135	10	60	35	110	85	None	None	testing
8	wj	f	19	green	5	(80, 0)	(40, 69)	(-39, 69)	(-80, 0)	(-40, -69)	(40, -69)	diamond	green	same	right	right	(40, 69)	(-40, -69)	probe	h_sin	None	None	None	None	135	85	160	35	60	10	(40, 69)	165	testing
8	wj	f	19	green	5	(80, 0)	(40, 69)	(-39, 69)	(-80, 0)	(-40, -69)	(40, -69)	circle	green	dif	right	right	(-39, 69)	(-40, -69)	search	nr	True	502463	503234	right	35	60	10	160	85	135	None	None	testing
8	wj	f	19	green	5	(80, 0)	(40, 69)	(-39, 69)	(-80, 0)	(-40, -69)	(40, -69)	diamond	green	dif	left	left	(40, 69)	(-40, -69)	search	nr	True	504500	505217	left	135	110	35	60	160	10	None	None	testing
8	wj	f	19	green	5	(80, 0)	(40, 69)	(-39, 69)	(-80, 0)	(-40, -69)	(40, -69)	diamond	green	same	right	right	(-39, 69)	(80, 0)	search	nr	True	506287	506946	right	85	35	60	110	10	135	None	None	testing
8	wj	f	19	green	5	(80, 0)	(40, 69)	(-39, 69)	(-80, 0)	(-40, -69)	(40, -69)	circle	green	dif	right	right	(40, -69)	(-80, 0)	search	nr	True	508123	508930	right	110	35	10	160	85	135	None	None	testing
8	wj	f	19	green	5	(80, 0)	(40, 69)	(-39, 69)	(-80, 0)	(-40, -69)	(40, -69)	circle	green	same	left	left	(40, 69)	(-39, 69)	probe	tar	None	None	None	None	135	35	85	60	110	10	(-39, 69)	10	testing
8	wj	f	19	green	5	(80, 0)	(40, 69)	(-39, 69)	(-80, 0)	(-40, -69)	(40, -69)	circle	green	dif	left	left	(40, 69)	(-39, 69)	probe	h_sin	None	None	None	None	135	160	85	110	10	35	(40, 69)	27	testing
8	wj	f	19	green	5	(80, 0)	(40, 69)	(-39, 69)	(-80, 0)	(-40, -69)	(40, -69)	diamond	green	same	left	left	(40, 69)	(-39, 69)	search	nr	True	519294	519906	left	35	60	85	160	10	135	None	None	testing
8	wj	f	19	green	5	(80, 0)	(40, 69)	(-39, 69)	(-80, 0)	(-40, -69)	(40, -69)	diamond	green	same	right	right	(40, 69)	(-80, 0)	search	nr	True	521164	521857	right	10	135	85	60	160	110	None	None	testing
8	wj	f	19	green	5	(80, 0)	(40, 69)	(-39, 69)	(-80, 0)	(-40, -69)	(40, -69)	circle	green	same	left	left	(40, 69)	(80, 0)	probe	norm	None	None	None	None	160	35	85	135	10	110	(-80, 0)	16	testing
8	wj	f	19	green	5	(80, 0)	(40, 69)	(-39, 69)	(-80, 0)	(-40, -69)	(40, -69)	diamond	none	dif	left	left	N_dist	(80, 0)	probe	l_tar	None	None	None	None	110	85	160	60	35	10	(80, 0)	16	testing
8	wj	f	19	green	5	(80, 0)	(40, 69)	(-39, 69)	(-80, 0)	(-40, -69)	(40, -69)	circle	green	same	right	right	(40, 69)	(-40, -69)	search	nr	True	531416	532306	right	110	10	85	35	60	135	None	None	testing
8	wj	f	19	green	5	(80, 0)	(40, 69)	(-39, 69)	(-80, 0)	(-40, -69)	(40, -69)	circle	green	dif	left	left	(-80, 0)	(40, -69)	search	nr	True	533420	534114	left	135	35	60	10	160	110	None	None	testing
8	wj	f	19	green	5	(80, 0)	(40, 69)	(-39, 69)	(-80, 0)	(-40, -69)	(40, -69)	circle	green	same	right	right	(40, 69)	(-80, 0)	search	nr	True	535390	535969	right	60	10	35	110	85	160	None	None	testing
8	wj	f	19	green	5	(80, 0)	(40, 69)	(-39, 69)	(-80, 0)	(-40, -69)	(40, -69)	circle	green	same	left	left	(-39, 69)	(40, -69)	search	nr	True	537160	537873	left	160	85	110	60	35	135	None	None	testing
8	wj	f	19	green	5	(80, 0)	(40, 69)	(-39, 69)	(-80, 0)	(-40, -69)	(40, -69)	circle	green	dif	right	right	(40, -69)	(-40, -69)	probe	norm	None	None	None	None	85	10	160	110	135	35	(-80, 0)	166	testing
8	wj	f	19	green	5	(80, 0)	(40, 69)	(-39, 69)	(-80, 0)	(-40, -69)	(40, -69)	diamond	green	same	left	left	(-39, 69)	(80, 0)	probe	tar	None	None	None	None	110	60	10	85	160	135	(80, 0)	15	testing
8	wj	f	19	green	5	(80, 0)	(40, 69)	(-39, 69)	(-80, 0)	(-40, -69)	(40, -69)	circle	green	same	left	left	(40, 69)	(-80, 0)	search	nr	True	548164	548897	left	35	60	110	85	10	160	None	None	testing
8	wj	f	19	green	5	(80, 0)	(40, 69)	(-39, 69)	(-80, 0)	(-40, -69)	(40, -69)	diamond	none	same	right	right	N_dist	(-80, 0)	probe	l_norm	None	None	None	None	10	35	85	60	160	110	(-39, 69)	18	testing
8	wj	f	19	green	5	(80, 0)	(40, 69)	(-39, 69)	(-80, 0)	(-40, -69)	(40, -69)	circle	green	dif	right	right	(40, 69)	(-39, 69)	search	nr	True	556663	557426	right	35	160	10	135	85	110	None	None	testing
8	wj	f	19	green	5	(80, 0)	(40, 69)	(-39, 69)	(-80, 0)	(-40, -69)	(40, -69)	circle	green	dif	right	right	(40, -69)	(-40, -69)	probe	norm	None	None	None	None	135	110	35	60	160	10	(-39, 69)	16	testing
8	wj	f	19	green	5	(80, 0)	(40, 69)	(-39, 69)	(-80, 0)	(-40, -69)	(40, -69)	circle	none	dif	right	right	N_dist	(40, -69)	search	nr	True	563792	564418	right	35	60	110	85	10	160	None	None	testing
8	wj	f	19	green	5	(80, 0)	(40, 69)	(-39, 69)	(-80, 0)	(-40, -69)	(40, -69)	circle	none	dif	right	right	N_dist	(40, -69)	search	nr	True	565612	566162	right	35	160	110	60	135	85	None	None	testing
8	wj	f	19	green	5	(80, 0)	(40, 69)	(-39, 69)	(-80, 0)	(-40, -69)	(40, -69)	circle	none	same	right	right	N_dist	(-40, -69)	search	nr	True	567249	567889	right	135	160	60	110	85	35	None	None	testing
8	wj	f	19	green	5	(80, 0)	(40, 69)	(-39, 69)	(-80, 0)	(-40, -69)	(40, -69)	diamond	none	dif	right	right	N_dist	(-40, -69)	search	nr	True	569002	569586	right	60	85	135	35	160	10	None	None	testing
8	wj	f	19	green	5	(80, 0)	(40, 69)	(-39, 69)	(-80, 0)	(-40, -69)	(40, -69)	circle	green	same	left	left	(40, 69)	(-80, 0)	search	nr	True	570839	571506	left	160	10	135	85	35	110	None	None	testing
8	wj	f	19	green	5	(80, 0)	(40, 69)	(-39, 69)	(-80, 0)	(-40, -69)	(40, -69)	circle	none	dif	right	right	N_dist	(40, -69)	probe	l_tar	None	None	None	None	135	10	110	35	85	160	(40, -69)	38	testing
8	wj	f	19	green	5	(80, 0)	(40, 69)	(-39, 69)	(-80, 0)	(-40, -69)	(40, -69)	diamond	green	dif	right	right	(40, 69)	(80, 0)	search	nr	True	577350	578578	right	10	60	85	110	135	160	None	None	testing
8	wj	f	19	green	5	(80, 0)	(40, 69)	(-39, 69)	(-80, 0)	(-40, -69)	(40, -69)	circle	green	same	right	right	(40, 69)	(-80, 0)	probe	h_sin	None	None	None	None	60	135	35	110	85	160	(40, 69)	28	testing
8	wj	f	19	green	5	(80, 0)	(40, 69)	(-39, 69)	(-80, 0)	(-40, -69)	(40, -69)	circle	green	same	left	left	(-80, 0)	(40, -69)	probe	l_sin	None	None	None	None	110	160	85	135	60	35	(-80, 0)	167	testing
8	wj	f	19	green	5	(80, 0)	(40, 69)	(-39, 69)	(-80, 0)	(-40, -69)	(40, -69)	diamond	green	dif	left	left	(40, 69)	(-40, -69)	probe	tar	None	None	None	None	135	110	160	85	10	35	(-40, -69)	153	testing
8	wj	f	19	green	5	(80, 0)	(40, 69)	(-39, 69)	(-80, 0)	(-40, -69)	(40, -69)	circle	green	same	left	left	(40, 69)	(40, -69)	probe	tar	None	None	None	None	10	110	160	35	85	135	(40, -69)	21	testing
8	wj	f	19	green	5	(80, 0)	(40, 69)	(-39, 69)	(-80, 0)	(-40, -69)	(40, -69)	diamond	none	same	right	right	N_dist	(-80, 0)	search	nr	True	597521	598241	right	135	160	110	85	60	35	None	None	testing
8	wj	f	19	green	5	(80, 0)	(40, 69)	(-39, 69)	(-80, 0)	(-40, -69)	(40, -69)	circle	green	dif	right	right	(40, 69)	(-39, 69)	probe	tar	None	None	None	None	10	60	85	135	35	160	(-39, 69)	22	testing
8	wj	f	19	green	5	(80, 0)	(40, 69)	(-39, 69)	(-80, 0)	(-40, -69)	(40, -69)	circle	green	same	right	right	(40, 69)	(40, -69)	search	nr	True	604701	605346	right	160	35	135	110	10	60	None	None	testing
8	wj	f	19	green	5	(80, 0)	(40, 69)	(-39, 69)	(-80, 0)	(-40, -69)	(40, -69)	diamond	green	same	right	right	(-39, 69)	(80, 0)	probe	l_sin	None	None	None	None	135	110	85	60	35	160	(-39, 69)	19	testing
8	wj	f	19	green	5	(80, 0)	(40, 69)	(-39, 69)	(-80, 0)	(-40, -69)	(40, -69)	circle	green	dif	left	left	(40, 69)	(-40, -69)	search	nr	True	611797	612418	left	35	60	160	110	85	135	None	None	testing
8	wj	f	19	green	5	(80, 0)	(40, 69)	(-39, 69)	(-80, 0)	(-40, -69)	(40, -69)	circle	none	same	left	left	N_dist	(-39, 69)	probe	l_tar	None	None	None	None	110	85	10	35	135	160	(-39, 69)	137	testing
8	wj	f	19	green	5	(80, 0)	(40, 69)	(-39, 69)	(-80, 0)	(-40, -69)	(40, -69)	circle	none	same	left	left	N_dist	(40, 69)	search	nr	True	618609	619185	left	35	85	60	160	135	110	None	None	testing
8	wj	f	19	green	5	(80, 0)	(40, 69)	(-39, 69)	(-80, 0)	(-40, -69)	(40, -69)	circle	none	dif	left	left	N_dist	(80, 0)	search	nr	True	620430	621090	left	135	85	110	160	60	10	None	None	testing
8	wj	f	19	green	5	(80, 0)	(40, 69)	(-39, 69)	(-80, 0)	(-40, -69)	(40, -69)	diamond	green	dif	right	right	(40, 69)	(80, 0)	search	nr	True	622200	622802	right	110	85	135	160	35	10	None	None	testing
8	wj	f	19	green	5	(80, 0)	(40, 69)	(-39, 69)	(-80, 0)	(-40, -69)	(40, -69)	circle	green	dif	right	right	(40, 69)	(80, 0)	probe	tar	None	None	None	None	60	160	10	110	135	85	(80, 0)	165	testing
8	wj	f	19	green	5	(80, 0)	(40, 69)	(-39, 69)	(-80, 0)	(-40, -69)	(40, -69)	diamond	none	dif	right	right	N_dist	(-39, 69)	search	nr	True	627677	628338	right	35	135	60	85	110	10	None	None	testing
8	wj	f	19	green	5	(80, 0)	(40, 69)	(-39, 69)	(-80, 0)	(-40, -69)	(40, -69)	circle	none	same	left	left	N_dist	(40, 69)	probe	h_tar	None	None	None	None	160	85	135	110	35	10	(40, 69)	165	testing
8	wj	f	19	green	5	(80, 0)	(40, 69)	(-39, 69)	(-80, 0)	(-40, -69)	(40, -69)	circle	green	dif	right	right	(40, 69)	(80, 0)	search	nr	True	633170	633794	right	60	135	110	85	160	35	None	None	testing
8	wj	f	19	green	5	(80, 0)	(40, 69)	(-39, 69)	(-80, 0)	(-40, -69)	(40, -69)	circle	green	same	right	right	(40, 69)	(80, 0)	search	nr	True	635007	635489	right	35	60	135	85	110	10	None	None	testing
8	wj	f	19	green	5	(80, 0)	(40, 69)	(-39, 69)	(-80, 0)	(-40, -69)	(40, -69)	diamond	none	same	left	left	N_dist	(-39, 69)	search	nr	True	636593	637714	left	160	85	60	135	110	10	None	None	testing
8	wj	f	19	green	5	(80, 0)	(40, 69)	(-39, 69)	(-80, 0)	(-40, -69)	(40, -69)	circle	green	dif	right	right	(-80, 0)	(80, 0)	probe	l_sin	None	None	None	None	60	85	160	10	110	35	(-80, 0)	167	testing
8	wj	f	19	green	5	(80, 0)	(40, 69)	(-39, 69)	(-80, 0)	(-40, -69)	(40, -69)	diamond	none	same	left	left	N_dist	(-39, 69)	probe	h_norm	None	None	None	None	10	110	85	160	35	60	(40, 69)	18	testing
8	wj	f	19	green	5	(80, 0)	(40, 69)	(-39, 69)	(-80, 0)	(-40, -69)	(40, -69)	circle	green	dif	left	left	(80, 0)	(40, -69)	probe	norm	None	None	None	None	135	160	10	85	35	60	(-40, -69)	159	testing
8	wj	f	19	green	5	(80, 0)	(40, 69)	(-39, 69)	(-80, 0)	(-40, -69)	(40, -69)	diamond	none	same	right	right	N_dist	(-80, 0)	search	nr	True	651387	652082	right	35	135	85	60	160	10	None	None	testing
8	wj	f	19	green	5	(80, 0)	(40, 69)	(-39, 69)	(-80, 0)	(-40, -69)	(40, -69)	circle	none	dif	left	left	N_dist	(80, 0)	probe	l_tar	None	None	None	None	135	35	110	85	60	10	(80, 0)	15	testing
8	wj	f	19	green	5	(80, 0)	(40, 69)	(-39, 69)	(-80, 0)	(-40, -69)	(40, -69)	diamond	none	same	right	right	N_dist	(-80, 0)	probe	l_tar	None	None	None	None	110	135	60	35	85	10	(-80, 0)	158	testing
8	wj	f	19	green	5	(80, 0)	(40, 69)	(-39, 69)	(-80, 0)	(-40, -69)	(40, -69)	diamond	green	same	left	left	(40, 69)	(-39, 69)	probe	h_sin	None	None	None	None	110	10	85	60	160	35	(40, 69)	31	testing
8	wj	f	19	green	5	(80, 0)	(40, 69)	(-39, 69)	(-80, 0)	(-40, -69)	(40, -69)	diamond	green	dif	right	right	(40, 69)	(-39, 69)	search	nr	True	667850	668498	right	35	10	60	85	160	135	None	None	testing
8	wj	f	19	green	5	(80, 0)	(40, 69)	(-39, 69)	(-80, 0)	(-40, -69)	(40, -69)	diamond	none	dif	right	right	N_dist	(40, -69)	probe	l_norm	None	None	None	None	60	85	35	135	10	110	(-39, 69)	23	testing
8	wj	f	19	green	5	(80, 0)	(40, 69)	(-39, 69)	(-80, 0)	(-40, -69)	(40, -69)	circle	green	same	left	left	(-40, -69)	(-80, 0)	search	nr	True	674579	675409	left	135	85	160	10	35	110	None	None	testing
8	wj	f	19	green	5	(80, 0)	(40, 69)	(-39, 69)	(-80, 0)	(-40, -69)	(40, -69)	diamond	green	same	right	right	(40, 69)	(-80, 0)	probe	h_sin	None	None	None	None	110	35	85	10	135	160	(40, 69)	156	testing
8	wj	f	19	green	5	(80, 0)	(40, 69)	(-39, 69)	(-80, 0)	(-40, -69)	(40, -69)	circle	green	dif	left	left	(40, 69)	(80, 0)	search	nr	True	681057	681665	left	85	60	110	35	160	10	None	None	testing
8	wj	f	19	green	5	(80, 0)	(40, 69)	(-39, 69)	(-80, 0)	(-40, -69)	(40, -69)	diamond	none	same	left	left	N_dist	(-40, -69)	search	nr	True	682961	683697	left	85	110	10	135	35	160	None	None	testing
8	wj	f	19	green	5	(80, 0)	(40, 69)	(-39, 69)	(-80, 0)	(-40, -69)	(40, -69)	diamond	green	same	left	left	(40, 69)	(-39, 69)	search	nr	True	684998	685745	left	60	35	160	110	85	10	None	None	testing
8	wj	f	19	green	5	(80, 0)	(40, 69)	(-39, 69)	(-80, 0)	(-40, -69)	(40, -69)	diamond	green	same	right	right	(40, 69)	(-80, 0)	search	nr	True	686835	687617	right	35	85	160	10	135	60	None	None	testing
8	wj	f	19	green	5	(80, 0)	(40, 69)	(-39, 69)	(-80, 0)	(-40, -69)	(40, -69)	diamond	green	same	right	right	(40, 69)	(40, -69)	search	nr	True	688872	689762	right	135	10	60	110	85	35	None	None	testing
8	wj	f	19	green	5	(80, 0)	(40, 69)	(-39, 69)	(-80, 0)	(-40, -69)	(40, -69)	diamond	none	dif	right	right	N_dist	(-40, -69)	search	nr	True	691010	691666	right	35	160	110	85	10	60	None	None	testing
8	wj	f	19	green	5	(80, 0)	(40, 69)	(-39, 69)	(-80, 0)	(-40, -69)	(40, -69)	diamond	none	dif	left	left	N_dist	(-40, -69)	search	nr	True	692896	693634	left	10	135	35	160	85	60	None	None	testing
8	wj	f	19	green	5	(80, 0)	(40, 69)	(-39, 69)	(-80, 0)	(-40, -69)	(40, -69)	circle	green	dif	left	left	(40, 69)	(-80, 0)	search	nr	True	694900	695922	left	110	135	160	10	85	60	None	None	testing
8	wj	f	19	green	5	(80, 0)	(40, 69)	(-39, 69)	(-80, 0)	(-40, -69)	(40, -69)	diamond	green	same	right	right	(40, 69)	(-80, 0)	search	nr	True	697171	697873	right	160	110	135	85	60	35	None	None	testing
8	wj	f	19	green	5	(80, 0)	(40, 69)	(-39, 69)	(-80, 0)	(-40, -69)	(40, -69)	diamond	green	same	right	right	(-80, 0)	(-40, -69)	probe	l_sin	None	None	None	None	35	10	110	160	135	85	(-80, 0)	64	testing
8	wj	f	19	green	5	(80, 0)	(40, 69)	(-39, 69)	(-80, 0)	(-40, -69)	(40, -69)	circle	none	same	left	left	N_dist	(80, 0)	search	nr	True	704851	705537	left	35	135	85	10	160	110	None	None	testing
8	wj	f	19	green	5	(80, 0)	(40, 69)	(-39, 69)	(-80, 0)	(-40, -69)	(40, -69)	diamond	green	dif	left	left	(40, 69)	(40, -69)	search	nr	True	706788	707665	left	10	135	160	85	35	60	None	None	testing
8	wj	f	19	green	5	(80, 0)	(40, 69)	(-39, 69)	(-80, 0)	(-40, -69)	(40, -69)	circle	green	same	right	right	(40, 69)	(80, 0)	search	nr	True	708959	709794	right	85	135	160	110	35	10	None	None	testing
8	wj	f	19	green	5	(80, 0)	(40, 69)	(-39, 69)	(-80, 0)	(-40, -69)	(40, -69)	diamond	green	dif	right	right	(40, 69)	(-80, 0)	search	nr	True	710930	711665	right	10	160	35	60	135	110	None	None	testing
8	wj	f	19	green	5	(80, 0)	(40, 69)	(-39, 69)	(-80, 0)	(-40, -69)	(40, -69)	diamond	none	same	left	left	N_dist	(-80, 0)	search	nr	True	712916	713601	left	60	160	85	35	135	110	None	None	testing
8	wj	f	19	green	5	(80, 0)	(40, 69)	(-39, 69)	(-80, 0)	(-40, -69)	(40, -69)	circle	green	same	right	right	(40, 69)	(-39, 69)	probe	tar	None	None	None	None	60	35	135	110	160	10	(-39, 69)	25	testing
8	wj	f	19	green	5	(80, 0)	(40, 69)	(-39, 69)	(-80, 0)	(-40, -69)	(40, -69)	diamond	none	same	right	right	N_dist	(-80, 0)	search	nr	True	720163	720833	right	160	135	60	35	10	85	None	None	testing
8	wj	f	19	green	5	(80, 0)	(40, 69)	(-39, 69)	(-80, 0)	(-40, -69)	(40, -69)	diamond	none	same	left	left	N_dist	(-40, -69)	search	nr	True	722066	722705	left	85	135	60	35	160	10	None	None	testing
8	wj	f	19	green	5	(80, 0)	(40, 69)	(-39, 69)	(-80, 0)	(-40, -69)	(40, -69)	circle	green	same	right	right	(40, -69)	(-80, 0)	search	nr	True	723853	724594	right	110	35	160	85	10	135	None	None	testing
8	wj	f	19	green	5	(80, 0)	(40, 69)	(-39, 69)	(-80, 0)	(-40, -69)	(40, -69)	circle	green	dif	right	right	(40, 69)	(40, -69)	probe	tar	None	None	None	None	110	160	35	10	60	85	(40, -69)	14	testing
8	wj	f	19	green	5	(80, 0)	(40, 69)	(-39, 69)	(-80, 0)	(-40, -69)	(40, -69)	circle	green	dif	right	right	(-80, 0)	(80, 0)	search	nr	True	730448	731409	right	10	110	85	60	135	160	None	None	testing
8	wj	f	19	green	5	(80, 0)	(40, 69)	(-39, 69)	(-80, 0)	(-40, -69)	(40, -69)	diamond	green	dif	right	right	(-80, 0)	(80, 0)	probe	l_sin	None	None	None	None	85	10	135	110	35	60	(-80, 0)	10	testing
8	wj	f	19	green	5	(80, 0)	(40, 69)	(-39, 69)	(-80, 0)	(-40, -69)	(40, -69)	diamond	green	same	right	right	(40, 69)	(40, -69)	search	nr	True	736844	737842	right	35	10	110	85	135	160	None	None	testing
8	wj	f	19	green	5	(80, 0)	(40, 69)	(-39, 69)	(-80, 0)	(-40, -69)	(40, -69)	diamond	green	same	right	right	(-39, 69)	(80, 0)	search	nr	True	739064	739696	right	35	85	110	10	135	160	None	None	testing
8	wj	f	19	green	5	(80, 0)	(40, 69)	(-39, 69)	(-80, 0)	(-40, -69)	(40, -69)	diamond	green	dif	right	right	(40, 69)	(40, -69)	search	nr	True	740968	741970	right	35	160	85	60	135	10	None	None	testing
8	wj	f	19	green	5	(80, 0)	(40, 69)	(-39, 69)	(-80, 0)	(-40, -69)	(40, -69)	diamond	green	same	right	right	(40, 69)	(40, -69)	search	nr	True	743188	743825	right	85	10	135	160	60	110	None	None	testing
8	wj	f	19	green	5	(80, 0)	(40, 69)	(-39, 69)	(-80, 0)	(-40, -69)	(40, -69)	circle	green	same	left	left	(40, 69)	(80, 0)	search	nr	True	744926	746193	left	160	35	135	110	60	10	None	None	testing
8	wj	f	19	green	5	(80, 0)	(40, 69)	(-39, 69)	(-80, 0)	(-40, -69)	(40, -69)	diamond	none	dif	left	left	N_dist	(80, 0)	probe	h_norm	None	None	None	None	10	160	110	60	35	85	(40, 69)	28	testing
8	wj	f	19	green	5	(80, 0)	(40, 69)	(-39, 69)	(-80, 0)	(-40, -69)	(40, -69)	diamond	green	same	right	right	(40, 69)	(40, -69)	search	nr	True	752172	753025	right	35	10	135	85	110	160	None	None	testing
8	wj	f	19	green	5	(80, 0)	(40, 69)	(-39, 69)	(-80, 0)	(-40, -69)	(40, -69)	diamond	green	dif	left	left	(40, -69)	(-39, 69)	search	nr	True	754259	755169	left	110	35	85	10	60	160	None	None	testing
8	wj	f	19	green	5	(80, 0)	(40, 69)	(-39, 69)	(-80, 0)	(-40, -69)	(40, -69)	diamond	none	dif	left	left	N_dist	(40, 69)	search	nr	True	756279	756882	left	160	110	85	60	10	35	None	None	testing
8	wj	f	19	green	5	(80, 0)	(40, 69)	(-39, 69)	(-80, 0)	(-40, -69)	(40, -69)	diamond	green	same	left	left	(80, 0)	(40, -69)	search	nr	True	757966	758897	left	135	85	35	110	60	10	None	None	testing
8	wj	f	19	green	5	(80, 0)	(40, 69)	(-39, 69)	(-80, 0)	(-40, -69)	(40, -69)	diamond	none	same	left	left	N_dist	(40, 69)	probe	h_tar	None	None	None	None	160	135	10	110	35	60	(40, 69)	29	testing
8	wj	f	19	green	5	(80, 0)	(40, 69)	(-39, 69)	(-80, 0)	(-40, -69)	(40, -69)	diamond	green	same	right	right	(40, 69)	(80, 0)	search	nr	True	764011	764976	right	160	85	35	110	60	10	None	None	testing
8	wj	f	19	green	5	(80, 0)	(40, 69)	(-39, 69)	(-80, 0)	(-40, -69)	(40, -69)	diamond	green	same	left	left	(80, 0)	(-80, 0)	probe	norm	None	None	None	None	110	35	135	60	85	10	(40, 69)	154	testing
8	wj	f	19	green	5	(80, 0)	(40, 69)	(-39, 69)	(-80, 0)	(-40, -69)	(40, -69)	circle	none	dif	right	right	N_dist	(-40, -69)	search	nr	True	770238	771073	right	60	35	110	160	135	85	None	None	testing
8	wj	f	19	green	5	(80, 0)	(40, 69)	(-39, 69)	(-80, 0)	(-40, -69)	(40, -69)	circle	green	dif	right	right	(-39, 69)	(-40, -69)	search	nr	True	772159	773073	right	85	160	10	35	60	135	None	None	testing
8	wj	f	19	green	5	(80, 0)	(40, 69)	(-39, 69)	(-80, 0)	(-40, -69)	(40, -69)	circle	green	dif	left	left	(40, -69)	(80, 0)	probe	norm	None	None	None	None	85	10	110	35	135	60	(-40, -69)	155	testing
8	wj	f	19	green	5	(80, 0)	(40, 69)	(-39, 69)	(-80, 0)	(-40, -69)	(40, -69)	diamond	green	dif	right	right	(40, 69)	(80, 0)	probe	tar	None	None	None	None	160	60	35	10	85	135	(80, 0)	22	testing
8	wj	f	19	green	5	(80, 0)	(40, 69)	(-39, 69)	(-80, 0)	(-40, -69)	(40, -69)	diamond	green	dif	right	right	(-80, 0)	(80, 0)	search	nr	True	783729	784385	right	10	85	60	110	35	135	None	None	testing
8	wj	f	19	green	5	(80, 0)	(40, 69)	(-39, 69)	(-80, 0)	(-40, -69)	(40, -69)	diamond	none	same	left	left	N_dist	(-80, 0)	search	nr	True	785634	786289	left	10	60	85	160	35	110	None	None	testing
8	wj	f	19	green	5	(80, 0)	(40, 69)	(-39, 69)	(-80, 0)	(-40, -69)	(40, -69)	diamond	green	same	left	left	(40, 69)	(-80, 0)	search	nr	True	787603	788177	left	35	160	10	110	135	85	None	None	testing
8	wj	f	19	green	5	(80, 0)	(40, 69)	(-39, 69)	(-80, 0)	(-40, -69)	(40, -69)	circle	green	same	left	left	(40, 69)	(-39, 69)	search	nr	True	789440	790224	left	10	85	60	35	135	160	None	None	testing
8	wj	f	19	green	5	(80, 0)	(40, 69)	(-39, 69)	(-80, 0)	(-40, -69)	(40, -69)	circle	none	dif	right	right	N_dist	(-40, -69)	probe	h_norm	None	None	None	None	60	110	35	85	10	135	(40, 69)	161	testing
8	wj	f	19	green	5	(80, 0)	(40, 69)	(-39, 69)	(-80, 0)	(-40, -69)	(40, -69)	circle	green	dif	right	right	(-80, 0)	(-40, -69)	search	nr	True	794900	795825	right	35	10	85	60	110	160	None	None	testing
8	wj	f	19	green	5	(80, 0)	(40, 69)	(-39, 69)	(-80, 0)	(-40, -69)	(40, -69)	circle	green	same	right	right	(40, 69)	(80, 0)	probe	tar	None	None	None	None	35	160	85	60	135	110	(80, 0)	154	testing
8	wj	f	19	green	5	(80, 0)	(40, 69)	(-39, 69)	(-80, 0)	(-40, -69)	(40, -69)	diamond	green	dif	right	right	(40, 69)	(40, -69)	probe	norm	None	None	None	None	110	60	85	35	160	135	(-40, -69)	23	testing
8	wj	f	19	green	5	(80, 0)	(40, 69)	(-39, 69)	(-80, 0)	(-40, -69)	(40, -69)	circle	green	same	left	left	(-39, 69)	(40, -69)	probe	l_sin	None	None	None	None	160	10	60	85	35	110	(-39, 69)	22	testing
8	wj	f	19	green	5	(80, 0)	(40, 69)	(-39, 69)	(-80, 0)	(-40, -69)	(40, -69)	diamond	green	dif	left	left	(-39, 69)	(40, -69)	probe	tar	None	None	None	None	35	135	160	85	60	10	(40, -69)	143	testing
8	wj	f	19	green	5	(80, 0)	(40, 69)	(-39, 69)	(-80, 0)	(-40, -69)	(40, -69)	circle	green	dif	left	left	(-40, -69)	(-39, 69)	search	nr	True	815505	816433	left	135	35	110	85	10	60	None	None	testing
8	wj	f	19	green	5	(80, 0)	(40, 69)	(-39, 69)	(-80, 0)	(-40, -69)	(40, -69)	circle	green	dif	left	left	(40, 69)	(-39, 69)	search	nr	True	817509	818161	left	135	85	160	10	60	110	None	None	testing
8	wj	f	19	green	5	(80, 0)	(40, 69)	(-39, 69)	(-80, 0)	(-40, -69)	(40, -69)	diamond	green	same	left	left	(40, 69)	(-40, -69)	search	nr	True	819278	820081	left	85	10	160	35	60	135	None	None	testing
8	wj	f	19	green	5	(80, 0)	(40, 69)	(-39, 69)	(-80, 0)	(-40, -69)	(40, -69)	circle	none	dif	right	right	N_dist	(40, -69)	search	nr	True	821282	821873	right	60	10	35	110	85	135	None	None	testing
8	wj	f	19	green	5	(80, 0)	(40, 69)	(-39, 69)	(-80, 0)	(-40, -69)	(40, -69)	circle	none	same	left	left	N_dist	(-39, 69)	search	nr	True	823119	823776	left	85	110	35	135	10	60	None	None	testing
8	wj	f	19	green	5	(80, 0)	(40, 69)	(-39, 69)	(-80, 0)	(-40, -69)	(40, -69)	circle	green	same	right	right	(40, 69)	(40, -69)	search	nr	True	825056	825633	right	35	10	110	85	60	135	None	None	testing
8	wj	f	19	green	5	(80, 0)	(40, 69)	(-39, 69)	(-80, 0)	(-40, -69)	(40, -69)	circle	green	same	left	left	(80, 0)	(-80, 0)	search	nr	True	826692	827297	left	110	160	10	85	60	35	None	None	testing
8	wj	f	19	green	5	(80, 0)	(40, 69)	(-39, 69)	(-80, 0)	(-40, -69)	(40, -69)	diamond	none	dif	right	right	N_dist	(-39, 69)	search	nr	True	828579	829233	right	135	60	85	110	10	35	None	None	testing
8	wj	f	19	green	5	(80, 0)	(40, 69)	(-39, 69)	(-80, 0)	(-40, -69)	(40, -69)	circle	green	same	left	left	(-80, 0)	(40, -69)	search	nr	True	830482	831265	left	35	160	85	60	135	110	None	None	testing
8	wj	f	19	green	5	(80, 0)	(40, 69)	(-39, 69)	(-80, 0)	(-40, -69)	(40, -69)	diamond	green	dif	left	left	(40, 69)	(-40, -69)	search	nr	True	832402	833201	left	60	135	85	160	35	110	None	None	testing
8	wj	f	19	green	5	(80, 0)	(40, 69)	(-39, 69)	(-80, 0)	(-40, -69)	(40, -69)	circle	none	dif	right	right	N_dist	(40, 69)	search	nr	True	834290	835169	right	35	135	10	60	85	160	None	None	testing
8	wj	f	19	green	5	(80, 0)	(40, 69)	(-39, 69)	(-80, 0)	(-40, -69)	(40, -69)	circle	none	dif	left	left	N_dist	(40, -69)	search	nr	True	836293	837041	left	135	85	110	160	10	35	None	None	testing
8	wj	f	19	green	5	(80, 0)	(40, 69)	(-39, 69)	(-80, 0)	(-40, -69)	(40, -69)	diamond	green	dif	right	right	(40, 69)	(80, 0)	search	nr	True	838196	839121	right	35	110	85	135	160	10	None	None	testing
8	wj	f	19	green	5	(80, 0)	(40, 69)	(-39, 69)	(-80, 0)	(-40, -69)	(40, -69)	diamond	green	dif	right	right	(40, 69)	(-39, 69)	probe	norm	None	None	None	None	110	10	60	35	85	160	(-40, -69)	156	testing
8	wj	f	19	green	5	(80, 0)	(40, 69)	(-39, 69)	(-80, 0)	(-40, -69)	(40, -69)	diamond	green	dif	left	left	(40, 69)	(-40, -69)	search	nr	True	844458	845169	left	135	160	10	110	60	85	None	None	testing
8	wj	f	19	green	5	(80, 0)	(40, 69)	(-39, 69)	(-80, 0)	(-40, -69)	(40, -69)	circle	green	dif	right	right	(40, -69)	(-40, -69)	search	nr	True	846228	847041	right	85	10	60	160	110	35	None	None	testing
8	wj	f	19	green	5	(80, 0)	(40, 69)	(-39, 69)	(-80, 0)	(-40, -69)	(40, -69)	diamond	green	dif	right	right	(40, 69)	(-80, 0)	search	nr	True	848132	849232	right	60	35	135	160	85	110	None	None	testing
8	wj	f	19	green	5	(80, 0)	(40, 69)	(-39, 69)	(-80, 0)	(-40, -69)	(40, -69)	circle	none	same	left	left	N_dist	(40, 69)	search	nr	True	850369	851073	left	60	135	10	85	160	110	None	None	testing
8	wj	f	19	green	5	(80, 0)	(40, 69)	(-39, 69)	(-80, 0)	(-40, -69)	(40, -69)	circle	none	same	right	right	N_dist	(-40, -69)	search	nr	True	852306	853249	right	60	135	10	160	110	35	None	None	testing
8	wj	f	19	green	5	(80, 0)	(40, 69)	(-39, 69)	(-80, 0)	(-40, -69)	(40, -69)	diamond	green	dif	left	left	(40, 69)	(-39, 69)	search	nr	True	854510	855265	left	10	60	85	35	135	160	None	None	testing
8	wj	f	19	green	5	(80, 0)	(40, 69)	(-39, 69)	(-80, 0)	(-40, -69)	(40, -69)	diamond	none	same	right	right	N_dist	(80, 0)	search	nr	True	856464	857409	right	160	60	135	10	35	85	None	None	testing
8	wj	f	19	green	5	(80, 0)	(40, 69)	(-39, 69)	(-80, 0)	(-40, -69)	(40, -69)	circle	none	same	right	right	N_dist	(-40, -69)	search	nr	True	858567	859377	right	160	85	110	60	10	35	None	None	testing
8	wj	f	19	green	5	(80, 0)	(40, 69)	(-39, 69)	(-80, 0)	(-40, -69)	(40, -69)	diamond	green	same	left	left	(40, 69)	(-40, -69)	search	nr	True	860538	861281	left	135	160	85	60	10	110	None	None	testing
8	wj	f	19	green	5	(80, 0)	(40, 69)	(-39, 69)	(-80, 0)	(-40, -69)	(40, -69)	diamond	green	same	right	right	(40, 69)	(-40, -69)	probe	tar	None	None	None	None	135	160	35	60	110	10	(-40, -69)	162	testing
8	wj	f	19	green	5	(80, 0)	(40, 69)	(-39, 69)	(-80, 0)	(-40, -69)	(40, -69)	diamond	none	same	right	right	N_dist	(40, 69)	search	nr	True	866014	866625	right	60	135	10	110	35	85	None	None	testing
8	wj	f	19	green	5	(80, 0)	(40, 69)	(-39, 69)	(-80, 0)	(-40, -69)	(40, -69)	diamond	green	dif	left	left	(40, 69)	(-39, 69)	probe	tar	None	None	None	None	10	85	135	35	60	160	(-39, 69)	17	testing
8	wj	f	19	green	5	(80, 0)	(40, 69)	(-39, 69)	(-80, 0)	(-40, -69)	(40, -69)	circle	none	same	left	left	N_dist	(-39, 69)	search	nr	True	872142	872689	left	10	110	160	85	135	60	None	None	testing
8	wj	f	19	green	5	(80, 0)	(40, 69)	(-39, 69)	(-80, 0)	(-40, -69)	(40, -69)	diamond	green	same	left	left	(40, 69)	(-39, 69)	search	nr	True	873945	874561	left	160	135	110	85	35	60	None	None	testing
8	wj	f	19	green	5	(80, 0)	(40, 69)	(-39, 69)	(-80, 0)	(-40, -69)	(40, -69)	circle	none	same	right	right	N_dist	(80, 0)	search	nr	True	875833	876577	right	60	160	135	110	35	85	None	None	testing
8	wj	f	19	green	5	(80, 0)	(40, 69)	(-39, 69)	(-80, 0)	(-40, -69)	(40, -69)	circle	green	dif	left	left	(40, 69)	(-40, -69)	probe	tar	None	None	None	None	10	35	135	60	110	160	(-40, -69)	161	testing
8	wj	f	19	green	5	(80, 0)	(40, 69)	(-39, 69)	(-80, 0)	(-40, -69)	(40, -69)	circle	none	same	right	right	N_dist	(40, 69)	search	nr	True	882094	882721	right	10	110	60	35	160	85	None	None	testing
8	wj	f	19	green	5	(80, 0)	(40, 69)	(-39, 69)	(-80, 0)	(-40, -69)	(40, -69)	diamond	green	dif	right	right	(-40, -69)	(80, 0)	probe	tar	None	None	None	None	10	160	60	135	110	35	(80, 0)	171	testing
8	wj	f	19	green	5	(80, 0)	(40, 69)	(-39, 69)	(-80, 0)	(-40, -69)	(40, -69)	circle	none	same	right	right	N_dist	(-39, 69)	search	nr	True	888139	888721	right	160	35	85	10	110	60	None	None	testing
8	wj	f	19	green	5	(80, 0)	(40, 69)	(-39, 69)	(-80, 0)	(-40, -69)	(40, -69)	diamond	green	dif	left	left	(40, 69)	(-40, -69)	search	nr	True	889842	890465	left	35	85	60	160	10	135	None	None	testing
8	wj	f	19	green	5	(80, 0)	(40, 69)	(-39, 69)	(-80, 0)	(-40, -69)	(40, -69)	circle	green	dif	right	right	(40, 69)	(-39, 69)	search	nr	True	891745	892385	right	35	135	160	85	10	60	None	None	testing
8	wj	f	19	green	5	(80, 0)	(40, 69)	(-39, 69)	(-80, 0)	(-40, -69)	(40, -69)	diamond	none	dif	left	left	N_dist	(80, 0)	search	nr	True	893598	894417	left	85	135	160	60	10	110	None	None	testing
8	wj	f	19	green	5	(80, 0)	(40, 69)	(-39, 69)	(-80, 0)	(-40, -69)	(40, -69)	circle	none	same	left	left	N_dist	(80, 0)	search	nr	True	895485	896001	left	85	10	60	160	35	110	None	None	testing
8	wj	f	19	green	5	(80, 0)	(40, 69)	(-39, 69)	(-80, 0)	(-40, -69)	(40, -69)	circle	green	dif	left	left	(40, 69)	(-39, 69)	search	nr	True	897188	898017	left	85	135	160	35	10	110	None	None	testing
8	wj	f	19	green	5	(80, 0)	(40, 69)	(-39, 69)	(-80, 0)	(-40, -69)	(40, -69)	circle	none	dif	left	left	N_dist	(40, -69)	search	nr	True	899192	900016	left	110	10	160	35	135	85	None	None	testing
8	wj	f	19	green	5	(80, 0)	(40, 69)	(-39, 69)	(-80, 0)	(-40, -69)	(40, -69)	diamond	green	dif	left	left	(40, 69)	(-39, 69)	search	nr	True	901263	901825	left	135	10	60	85	160	110	None	None	testing
8	wj	f	19	green	5	(80, 0)	(40, 69)	(-39, 69)	(-80, 0)	(-40, -69)	(40, -69)	diamond	green	dif	right	right	(40, 69)	(-39, 69)	search	nr	True	903049	903777	right	135	35	10	110	160	85	None	None	testing
8	wj	f	19	green	5	(80, 0)	(40, 69)	(-39, 69)	(-80, 0)	(-40, -69)	(40, -69)	circle	green	same	right	right	(40, 69)	(-40, -69)	search	nr	True	905069	905873	right	60	160	10	85	110	135	None	None	testing
8	wj	f	19	green	5	(80, 0)	(40, 69)	(-39, 69)	(-80, 0)	(-40, -69)	(40, -69)	circle	none	same	right	right	N_dist	(-39, 69)	probe	l_norm	None	None	None	None	85	110	160	10	60	35	(-40, -69)	160	testing
8	wj	f	19	green	5	(80, 0)	(40, 69)	(-39, 69)	(-80, 0)	(-40, -69)	(40, -69)	diamond	none	dif	right	right	N_dist	(-39, 69)	probe	h_norm	None	None	None	None	110	35	135	10	85	160	(40, 69)	154	testing
8	wj	f	19	green	5	(80, 0)	(40, 69)	(-39, 69)	(-80, 0)	(-40, -69)	(40, -69)	diamond	green	same	left	left	(-39, 69)	(80, 0)	search	nr	True	915522	916257	left	160	135	35	60	85	110	None	None	testing
8	wj	f	19	green	5	(80, 0)	(40, 69)	(-39, 69)	(-80, 0)	(-40, -69)	(40, -69)	diamond	none	same	left	left	N_dist	(40, 69)	search	nr	True	917409	918081	left	60	135	160	10	85	110	None	None	testing
8	wj	f	19	green	5	(80, 0)	(40, 69)	(-39, 69)	(-80, 0)	(-40, -69)	(40, -69)	diamond	none	same	left	left	N_dist	(-39, 69)	search	nr	True	919229	919825	left	85	135	110	60	10	160	None	None	testing
8	wj	f	19	green	5	(80, 0)	(40, 69)	(-39, 69)	(-80, 0)	(-40, -69)	(40, -69)	diamond	green	same	right	right	(80, 0)	(-39, 69)	probe	l_sin	None	None	None	None	10	35	160	85	110	135	(80, 0)	150	testing
8	wj	f	19	green	5	(80, 0)	(40, 69)	(-39, 69)	(-80, 0)	(-40, -69)	(40, -69)	circle	green	dif	left	left	(-40, -69)	(40, -69)	search	nr	True	925156	925824	left	35	10	85	110	135	160	None	None	testing
8	wj	f	19	green	5	(80, 0)	(40, 69)	(-39, 69)	(-80, 0)	(-40, -69)	(40, -69)	circle	none	same	left	left	N_dist	(40, -69)	search	nr	True	926976	927569	left	60	160	135	110	10	35	None	None	testing
8	wj	f	19	green	5	(80, 0)	(40, 69)	(-39, 69)	(-80, 0)	(-40, -69)	(40, -69)	circle	green	same	right	right	(40, 69)	(80, 0)	probe	h_sin	None	None	None	None	85	60	110	10	35	135	(40, 69)	162	testing
8	wj	f	19	green	5	(80, 0)	(40, 69)	(-39, 69)	(-80, 0)	(-40, -69)	(40, -69)	circle	none	same	right	right	N_dist	(-40, -69)	probe	l_norm	None	None	None	None	160	85	60	110	10	35	(40, -69)	24	testing
8	wj	f	19	green	5	(80, 0)	(40, 69)	(-39, 69)	(-80, 0)	(-40, -69)	(40, -69)	diamond	green	dif	left	left	(-39, 69)	(40, -69)	search	nr	True	936544	937313	left	35	85	160	135	10	60	None	None	testing
8	wj	f	19	green	5	(80, 0)	(40, 69)	(-39, 69)	(-80, 0)	(-40, -69)	(40, -69)	diamond	none	dif	right	right	N_dist	(-80, 0)	search	nr	True	938498	939297	right	85	35	110	135	60	10	None	None	testing
8	wj	f	19	green	5	(80, 0)	(40, 69)	(-39, 69)	(-80, 0)	(-40, -69)	(40, -69)	diamond	green	dif	left	left	(40, 69)	(-40, -69)	probe	norm	None	None	None	None	60	160	85	110	35	10	(80, 0)	164	testing
8	wj	f	19	green	5	(80, 0)	(40, 69)	(-39, 69)	(-80, 0)	(-40, -69)	(40, -69)	diamond	green	dif	right	right	(40, 69)	(-80, 0)	search	nr	True	944241	944800	right	85	110	10	160	135	35	None	None	testing
8	wj	f	19	green	5	(80, 0)	(40, 69)	(-39, 69)	(-80, 0)	(-40, -69)	(40, -69)	diamond	none	same	left	left	N_dist	(-40, -69)	probe	l_norm	None	None	None	None	135	35	110	10	160	85	(-39, 69)	20	testing
8	wj	f	19	green	5	(80, 0)	(40, 69)	(-39, 69)	(-80, 0)	(-40, -69)	(40, -69)	diamond	green	same	left	left	(40, 69)	(40, -69)	search	nr	True	950253	950800	left	110	135	60	35	85	160	None	None	testing
8	wj	f	19	green	5	(80, 0)	(40, 69)	(-39, 69)	(-80, 0)	(-40, -69)	(40, -69)	diamond	none	same	right	right	N_dist	(-80, 0)	search	nr	True	952006	952609	right	35	110	60	135	85	160	None	None	testing
8	wj	f	19	green	5	(80, 0)	(40, 69)	(-39, 69)	(-80, 0)	(-40, -69)	(40, -69)	diamond	green	same	left	left	(40, 69)	(-39, 69)	probe	h_sin	None	None	None	None	35	10	135	110	60	160	(40, 69)	153	testing
8	wj	f	19	green	5	(80, 0)	(40, 69)	(-39, 69)	(-80, 0)	(-40, -69)	(40, -69)	diamond	green	same	right	right	(40, 69)	(80, 0)	probe	norm	None	None	None	None	160	85	60	35	135	10	(-39, 69)	30	testing
8	wj	f	19	green	5	(80, 0)	(40, 69)	(-39, 69)	(-80, 0)	(-40, -69)	(40, -69)	circle	green	same	left	left	(40, 69)	(40, -69)	search	nr	True	962224	962929	left	135	35	10	160	60	85	None	None	testing
8	wj	f	19	green	5	(80, 0)	(40, 69)	(-39, 69)	(-80, 0)	(-40, -69)	(40, -69)	diamond	green	same	left	left	(80, 0)	(-80, 0)	search	nr	True	963994	964817	left	10	135	160	35	60	110	None	None	testing
8	wj	f	19	green	5	(80, 0)	(40, 69)	(-39, 69)	(-80, 0)	(-40, -69)	(40, -69)	diamond	green	same	right	right	(40, 69)	(-40, -69)	search	nr	True	966031	966801	right	160	35	85	10	60	135	None	None	testing
8	wj	f	19	green	5	(80, 0)	(40, 69)	(-39, 69)	(-80, 0)	(-40, -69)	(40, -69)	circle	green	dif	right	right	(40, 69)	(40, -69)	search	nr	True	967901	968513	right	10	110	160	135	60	85	None	None	testing
8	wj	f	19	green	5	(80, 0)	(40, 69)	(-39, 69)	(-80, 0)	(-40, -69)	(40, -69)	diamond	green	same	right	right	(40, 69)	(40, -69)	probe	tar	None	None	None	None	160	85	135	110	35	60	(40, -69)	160	testing
8	wj	f	19	green	5	(80, 0)	(40, 69)	(-39, 69)	(-80, 0)	(-40, -69)	(40, -69)	circle	none	dif	left	left	N_dist	(-40, -69)	probe	h_norm	None	None	None	None	60	110	135	35	160	85	(40, 69)	17	testing
8	wj	f	19	green	5	(80, 0)	(40, 69)	(-39, 69)	(-80, 0)	(-40, -69)	(40, -69)	circle	green	same	right	right	(-40, -69)	(80, 0)	search	nr	True	977602	978608	right	160	60	10	35	135	85	None	None	testing
8	wj	f	19	green	5	(80, 0)	(40, 69)	(-39, 69)	(-80, 0)	(-40, -69)	(40, -69)	diamond	green	same	left	left	(40, 69)	(40, -69)	probe	h_sin	None	None	None	None	135	85	110	35	160	10	(40, 69)	172	testing
8	wj	f	19	green	5	(80, 0)	(40, 69)	(-39, 69)	(-80, 0)	(-40, -69)	(40, -69)	circle	green	dif	left	left	(40, 69)	(-80, 0)	search	nr	True	984883	985456	left	10	160	135	85	60	110	None	None	testing
8	wj	f	19	green	5	(80, 0)	(40, 69)	(-39, 69)	(-80, 0)	(-40, -69)	(40, -69)	diamond	none	same	left	left	N_dist	(80, 0)	search	nr	True	986619	987249	left	10	135	35	60	85	110	None	None	testing
8	wj	f	19	green	5	(80, 0)	(40, 69)	(-39, 69)	(-80, 0)	(-40, -69)	(40, -69)	circle	none	dif	left	left	N_dist	(40, 69)	probe	h_tar	None	None	None	None	135	60	110	85	35	10	(40, 69)	162	testing
8	wj	f	19	green	5	(80, 0)	(40, 69)	(-39, 69)	(-80, 0)	(-40, -69)	(40, -69)	circle	none	dif	left	left	N_dist	(80, 0)	search	nr	True	992580	993169	left	160	10	135	110	60	35	None	None	testing
8	wj	f	19	green	5	(80, 0)	(40, 69)	(-39, 69)	(-80, 0)	(-40, -69)	(40, -69)	diamond	none	same	right	right	N_dist	(40, 69)	probe	h_tar	None	None	None	None	60	35	110	10	135	160	(40, 69)	161	testing
8	wj	f	19	green	5	(80, 0)	(40, 69)	(-39, 69)	(-80, 0)	(-40, -69)	(40, -69)	diamond	green	dif	left	left	(40, -69)	(-39, 69)	search	nr	True	997856	998465	left	135	160	110	10	85	35	None	None	testing
8	wj	f	19	green	5	(80, 0)	(40, 69)	(-39, 69)	(-80, 0)	(-40, -69)	(40, -69)	diamond	none	dif	right	right	N_dist	(-80, 0)	search	nr	True	999660	1000161	left	110	60	85	35	10	160	None	None	testing
8	wj	f	19	green	5	(80, 0)	(40, 69)	(-39, 69)	(-80, 0)	(-40, -69)	(40, -69)	circle	none	dif	left	left	N_dist	(-39, 69)	search	nr	True	1002916	1003568	left	135	60	35	85	160	110	None	None	testing
8	wj	f	19	green	5	(80, 0)	(40, 69)	(-39, 69)	(-80, 0)	(-40, -69)	(40, -69)	circle	green	same	left	left	(40, 69)	(80, 0)	search	nr	True	1004686	1005264	left	160	110	85	10	35	135	None	None	testing
8	wj	f	19	green	5	(80, 0)	(40, 69)	(-39, 69)	(-80, 0)	(-40, -69)	(40, -69)	diamond	green	dif	right	right	(40, 69)	(40, -69)	search	nr	True	1006423	1007217	right	85	160	60	135	110	10	None	None	testing
8	wj	f	19	green	5	(80, 0)	(40, 69)	(-39, 69)	(-80, 0)	(-40, -69)	(40, -69)	circle	none	dif	left	left	N_dist	(40, -69)	probe	l_norm	None	None	None	None	160	35	10	60	135	110	(-40, -69)	162	testing
8	wj	f	19	green	5	(80, 0)	(40, 69)	(-39, 69)	(-80, 0)	(-40, -69)	(40, -69)	diamond	none	dif	left	left	N_dist	(80, 0)	search	nr	True	1013018	1013585	left	85	110	10	135	35	160	None	None	testing
8	wj	f	19	green	5	(80, 0)	(40, 69)	(-39, 69)	(-80, 0)	(-40, -69)	(40, -69)	circle	green	same	right	right	(40, 69)	(-40, -69)	search	nr	True	1014671	1015392	right	10	85	60	135	160	35	None	None	testing
8	wj	f	19	green	5	(80, 0)	(40, 69)	(-39, 69)	(-80, 0)	(-40, -69)	(40, -69)	circle	green	dif	right	right	(40, 69)	(-39, 69)	search	nr	True	1016658	1017329	right	110	10	35	60	135	160	None	None	testing
8	wj	f	19	green	5	(80, 0)	(40, 69)	(-39, 69)	(-80, 0)	(-40, -69)	(40, -69)	circle	none	dif	left	left	N_dist	(-40, -69)	search	nr	True	1018444	1019104	left	10	85	135	35	110	160	None	None	testing
8	wj	f	19	green	5	(80, 0)	(40, 69)	(-39, 69)	(-80, 0)	(-40, -69)	(40, -69)	diamond	none	dif	left	left	N_dist	(40, -69)	probe	l_norm	None	None	None	None	60	110	160	35	85	135	(-40, -69)	167	testing
8	wj	f	19	green	5	(80, 0)	(40, 69)	(-39, 69)	(-80, 0)	(-40, -69)	(40, -69)	circle	green	dif	right	right	(40, -69)	(-80, 0)	probe	norm	None	None	None	None	160	135	110	60	10	85	(-39, 69)	22	testing
8	wj	f	19	green	5	(80, 0)	(40, 69)	(-39, 69)	(-80, 0)	(-40, -69)	(40, -69)	diamond	green	dif	left	left	(40, 69)	(-40, -69)	probe	tar	None	None	None	None	135	110	10	60	85	160	(-40, -69)	167	testing
8	wj	f	19	green	5	(80, 0)	(40, 69)	(-39, 69)	(-80, 0)	(-40, -69)	(40, -69)	diamond	green	dif	right	right	(-39, 69)	(80, 0)	search	nr	True	1033071	1033825	right	160	110	85	60	35	135	None	None	testing
8	wj	f	19	green	5	(80, 0)	(40, 69)	(-39, 69)	(-80, 0)	(-40, -69)	(40, -69)	diamond	none	dif	left	left	N_dist	(40, 69)	search	nr	True	1035042	1035744	left	60	160	135	110	10	35	None	None	testing
8	wj	f	19	green	5	(80, 0)	(40, 69)	(-39, 69)	(-80, 0)	(-40, -69)	(40, -69)	circle	none	dif	left	left	N_dist	(-39, 69)	search	nr	True	1036895	1037617	left	10	110	60	160	85	135	None	None	testing
8	wj	f	19	green	5	(80, 0)	(40, 69)	(-39, 69)	(-80, 0)	(-40, -69)	(40, -69)	diamond	none	same	left	left	N_dist	(-80, 0)	probe	l_norm	None	None	None	None	85	135	10	110	35	60	(-40, -69)	166	testing
8	wj	f	19	green	5	(80, 0)	(40, 69)	(-39, 69)	(-80, 0)	(-40, -69)	(40, -69)	circle	green	dif	right	right	(-39, 69)	(-40, -69)	probe	l_sin	None	None	None	None	160	85	35	60	10	110	(-39, 69)	168	testing
8	wj	f	19	green	5	(80, 0)	(40, 69)	(-39, 69)	(-80, 0)	(-40, -69)	(40, -69)	circle	green	same	left	left	(40, 69)	(80, 0)	search	nr	True	1047949	1048577	left	160	110	60	10	135	85	None	None	testing
8	wj	f	19	green	5	(80, 0)	(40, 69)	(-39, 69)	(-80, 0)	(-40, -69)	(40, -69)	diamond	green	same	left	left	(40, 69)	(-80, 0)	probe	norm	None	None	None	None	10	160	60	35	135	110	(40, -69)	22	testing
8	wj	f	19	green	5	(80, 0)	(40, 69)	(-39, 69)	(-80, 0)	(-40, -69)	(40, -69)	diamond	none	dif	right	right	N_dist	(-39, 69)	probe	h_norm	None	None	None	None	135	60	110	35	10	85	(40, 69)	163	testing
8	wj	f	19	green	5	(80, 0)	(40, 69)	(-39, 69)	(-80, 0)	(-40, -69)	(40, -69)	diamond	green	dif	left	left	(40, 69)	(-40, -69)	search	nr	True	1057316	1058097	left	135	110	60	10	85	160	None	None	testing
8	wj	f	19	green	5	(80, 0)	(40, 69)	(-39, 69)	(-80, 0)	(-40, -69)	(40, -69)	circle	none	same	right	right	N_dist	(-40, -69)	probe	h_norm	None	None	None	None	85	10	110	60	35	135	(40, 69)	158	testing
8	wj	f	19	green	5	(80, 0)	(40, 69)	(-39, 69)	(-80, 0)	(-40, -69)	(40, -69)	circle	green	same	right	right	(40, 69)	(80, 0)	search	nr	True	1063894	1064608	right	85	135	160	35	10	60	None	None	testing
8	wj	f	19	green	5	(80, 0)	(40, 69)	(-39, 69)	(-80, 0)	(-40, -69)	(40, -69)	diamond	green	same	left	left	(40, 69)	(-80, 0)	search	nr	True	1065715	1066320	left	160	135	60	85	35	110	None	None	testing
8	wj	f	19	green	5	(80, 0)	(40, 69)	(-39, 69)	(-80, 0)	(-40, -69)	(40, -69)	diamond	green	dif	right	right	(40, 69)	(-80, 0)	probe	h_sin	None	None	None	None	10	60	135	85	35	160	(40, 69)	162	testing
