subj	name	gender	age	dist	run	tar_locs1	tar_locs2	tar_locs3	tar_locs4	tar_locs5	tar_locs6	shape	dist	td_dif	detection	resp_key	dis_loc	tar_loc	task_type	probe_cond	gotKey	startTime	respTime	resp	o1	o2	o3	o4	o5	o6	pro_loc	ori_resp	mode
8	wj	f	19	green	4	(80, 0)	(40, 69)	(-39, 69)	(-80, 0)	(-40, -69)	(40, -69)	circle	none	same	left	left	N_dist	(40, 69)	probe	h_tar	None	None	None	None	10	160	135	60	110	85	(40, 69)	19	practice
8	wj	f	19	green	4	(80, 0)	(40, 69)	(-39, 69)	(-80, 0)	(-40, -69)	(40, -69)	circle	none	same	right	right	N_dist	(-39, 69)	search	nr	True	85520	86267	right	160	110	60	85	135	35	None	None	practice
8	wj	f	19	green	4	(80, 0)	(40, 69)	(-39, 69)	(-80, 0)	(-40, -69)	(40, -69)	diamond	green	same	right	right	(-40, -69)	(80, 0)	search	nr	True	87540	88635	left	10	110	60	160	35	85	None	None	practice
8	wj	f	19	green	4	(80, 0)	(40, 69)	(-39, 69)	(-80, 0)	(-40, -69)	(40, -69)	diamond	green	same	right	right	(-40, -69)	(80, 0)	probe	tar	None	None	None	None	10	85	160	60	135	110	(80, 0)	29	practice
8	wj	f	19	green	4	(80, 0)	(40, 69)	(-39, 69)	(-80, 0)	(-40, -69)	(40, -69)	diamond	green	same	right	right	(80, 0)	(-80, 0)	search	nr	True	98360	99147	right	135	35	60	110	160	10	None	None	practice
8	wj	f	19	green	4	(80, 0)	(40, 69)	(-39, 69)	(-80, 0)	(-40, -69)	(40, -69)	diamond	green	same	left	left	(40, 69)	(40, -69)	probe	tar	None	None	None	None	160	135	35	85	10	60	(40, -69)	147	practice
8	wj	f	19	green	4	(80, 0)	(40, 69)	(-39, 69)	(-80, 0)	(-40, -69)	(40, -69)	circle	green	same	left	left	(40, -69)	(-39, 69)	search	nr	True	105523	106779	left	60	135	35	10	160	85	None	None	practice
8	wj	f	19	green	4	(80, 0)	(40, 69)	(-39, 69)	(-80, 0)	(-40, -69)	(40, -69)	circle	none	dif	right	right	N_dist	(40, 69)	search	nr	True	108012	108810	right	135	110	60	35	10	85	None	None	practice
8	wj	f	19	green	4	(80, 0)	(40, 69)	(-39, 69)	(-80, 0)	(-40, -69)	(40, -69)	circle	none	dif	right	right	N_dist	(-39, 69)	search	nr	True	109948	110587	right	60	135	110	35	160	85	None	None	practice
8	wj	f	19	green	4	(80, 0)	(40, 69)	(-39, 69)	(-80, 0)	(-40, -69)	(40, -69)	diamond	none	same	left	left	N_dist	(40, 69)	probe	h_tar	None	None	None	None	85	60	35	135	110	10	(40, 69)	153	practice
8	wj	f	19	green	4	(80, 0)	(40, 69)	(-39, 69)	(-80, 0)	(-40, -69)	(40, -69)	circle	green	same	left	left	(-80, 0)	(-40, -69)	search	nr	True	117779	118715	left	135	85	60	110	35	160	None	None	practice
8	wj	f	19	green	4	(80, 0)	(40, 69)	(-39, 69)	(-80, 0)	(-40, -69)	(40, -69)	diamond	green	same	right	right	(40, 69)	(80, 0)	probe	h_sin	None	None	None	None	35	10	60	85	160	135	(40, 69)	121	practice
8	wj	f	19	green	4	(80, 0)	(40, 69)	(-39, 69)	(-80, 0)	(-40, -69)	(40, -69)	diamond	none	dif	right	right	N_dist	(-40, -69)	probe	l_norm	None	None	None	None	135	110	85	35	160	10	(40, -69)	35	practice
8	wj	f	19	green	4	(80, 0)	(40, 69)	(-39, 69)	(-80, 0)	(-40, -69)	(40, -69)	diamond	green	dif	left	left	(40, 69)	(40, -69)	search	nr	True	132256	133066	left	110	160	85	135	60	35	None	None	practice
8	wj	f	19	green	4	(80, 0)	(40, 69)	(-39, 69)	(-80, 0)	(-40, -69)	(40, -69)	circle	none	same	right	right	N_dist	(-80, 0)	probe	l_norm	None	None	None	None	110	10	85	60	35	160	(-40, -69)	152	practice
8	wj	f	19	green	4	(80, 0)	(40, 69)	(-39, 69)	(-80, 0)	(-40, -69)	(40, -69)	circle	green	same	left	left	(40, 69)	(-80, 0)	search	nr	True	139786	140411	left	160	60	135	85	10	110	None	None	practice
8	wj	f	19	green	4	(80, 0)	(40, 69)	(-39, 69)	(-80, 0)	(-40, -69)	(40, -69)	diamond	green	dif	left	left	(-40, -69)	(-39, 69)	probe	l_sin	None	None	None	None	85	110	60	135	160	35	(-40, -69)	70	practice
8	wj	f	19	green	4	(80, 0)	(40, 69)	(-39, 69)	(-80, 0)	(-40, -69)	(40, -69)	diamond	none	dif	left	left	N_dist	(-40, -69)	search	nr	True	146899	147595	left	35	160	60	135	110	10	None	None	practice
8	wj	f	19	green	4	(80, 0)	(40, 69)	(-39, 69)	(-80, 0)	(-40, -69)	(40, -69)	diamond	none	dif	left	left	N_dist	(40, -69)	probe	l_norm	None	None	None	None	60	135	110	85	160	35	(80, 0)	163	practice
8	wj	f	19	green	4	(80, 0)	(40, 69)	(-39, 69)	(-80, 0)	(-40, -69)	(40, -69)	diamond	green	dif	left	left	(40, 69)	(80, 0)	search	nr	True	154062	154715	left	85	110	60	135	160	35	None	None	practice
8	wj	f	19	green	4	(80, 0)	(40, 69)	(-39, 69)	(-80, 0)	(-40, -69)	(40, -69)	circle	green	same	left	left	(40, 69)	(40, -69)	search	nr	True	155899	156987	left	10	110	85	135	35	160	None	None	practice
8	wj	f	19	green	4	(80, 0)	(40, 69)	(-39, 69)	(-80, 0)	(-40, -69)	(40, -69)	circle	green	dif	right	right	(80, 0)	(-39, 69)	search	nr	True	158070	158731	right	35	10	60	135	85	110	None	None	practice
8	wj	f	19	green	4	(80, 0)	(40, 69)	(-39, 69)	(-80, 0)	(-40, -69)	(40, -69)	diamond	green	same	right	right	(40, 69)	(80, 0)	search	nr	True	159990	160763	right	110	35	85	160	10	60	None	None	practice
8	wj	f	19	green	4	(80, 0)	(40, 69)	(-39, 69)	(-80, 0)	(-40, -69)	(40, -69)	diamond	none	same	right	right	N_dist	(80, 0)	probe	l_norm	None	None	None	None	135	160	60	35	110	85	(-80, 0)	165	practice
8	wj	f	19	green	4	(80, 0)	(40, 69)	(-39, 69)	(-80, 0)	(-40, -69)	(40, -69)	diamond	green	dif	left	left	(40, 69)	(40, -69)	probe	h_sin	None	None	None	None	85	160	135	60	110	35	(40, 69)	159	practice
8	wj	f	19	green	4	(80, 0)	(40, 69)	(-39, 69)	(-80, 0)	(-40, -69)	(40, -69)	diamond	none	same	right	right	N_dist	(-40, -69)	search	nr	True	172213	172923	right	35	85	10	110	60	135	None	None	practice
8	wj	f	19	green	4	(80, 0)	(40, 69)	(-39, 69)	(-80, 0)	(-40, -69)	(40, -69)	diamond	green	dif	left	left	(-40, -69)	(-80, 0)	search	nr	True	174050	174843	left	110	60	35	10	160	135	None	None	practice
8	wj	f	19	green	4	(80, 0)	(40, 69)	(-39, 69)	(-80, 0)	(-40, -69)	(40, -69)	diamond	green	same	right	right	(80, 0)	(-80, 0)	probe	norm	None	None	None	None	10	135	160	60	85	35	(40, 69)	17	practice
8	wj	f	19	green	4	(80, 0)	(40, 69)	(-39, 69)	(-80, 0)	(-40, -69)	(40, -69)	circle	green	dif	right	right	(40, 69)	(-40, -69)	search	nr	True	181780	182556	right	85	160	35	10	135	110	None	None	practice
8	wj	f	19	green	4	(80, 0)	(40, 69)	(-39, 69)	(-80, 0)	(-40, -69)	(40, -69)	circle	green	dif	right	right	(40, 69)	(-40, -69)	probe	norm	None	None	None	None	160	35	85	110	135	60	(-39, 69)	15	practice
8	wj	f	19	green	4	(80, 0)	(40, 69)	(-39, 69)	(-80, 0)	(-40, -69)	(40, -69)	circle	green	dif	left	left	(40, 69)	(-39, 69)	probe	norm	None	None	None	None	35	85	135	10	110	160	(-80, 0)	166	practice
8	wj	f	19	green	4	(80, 0)	(40, 69)	(-39, 69)	(-80, 0)	(-40, -69)	(40, -69)	circle	green	same	right	right	(40, 69)	(-39, 69)	search	nr	True	195689	196411	right	85	10	35	60	160	135	None	None	practice
8	wj	f	19	green	4	(80, 0)	(40, 69)	(-39, 69)	(-80, 0)	(-40, -69)	(40, -69)	diamond	green	dif	right	right	(-39, 69)	(-80, 0)	search	nr	True	197492	198362	right	85	135	10	110	35	160	None	None	practice
8	wj	f	19	green	4	(80, 0)	(40, 69)	(-39, 69)	(-80, 0)	(-40, -69)	(40, -69)	circle	green	same	left	left	(-80, 0)	(-40, -69)	probe	tar	None	None	None	None	10	160	110	85	60	135	(-40, -69)	158	practice
8	wj	f	19	green	4	(80, 0)	(40, 69)	(-39, 69)	(-80, 0)	(-40, -69)	(40, -69)	circle	green	dif	left	left	(40, -69)	(-80, 0)	search	nr	True	204422	205179	left	10	135	35	160	60	85	None	None	practice
8	wj	f	19	green	4	(80, 0)	(40, 69)	(-39, 69)	(-80, 0)	(-40, -69)	(40, -69)	diamond	green	same	right	right	(40, 69)	(-40, -69)	search	nr	True	206275	207067	right	35	10	85	110	60	160	None	None	practice
8	wj	f	19	green	4	(80, 0)	(40, 69)	(-39, 69)	(-80, 0)	(-40, -69)	(40, -69)	diamond	green	dif	right	right	(-39, 69)	(40, -69)	search	nr	True	208246	208955	right	10	160	35	135	85	110	None	None	practice
8	wj	f	19	green	4	(80, 0)	(40, 69)	(-39, 69)	(-80, 0)	(-40, -69)	(40, -69)	diamond	green	same	left	left	(40, 69)	(-39, 69)	search	nr	True	210099	211019	left	10	110	85	60	135	160	None	None	practice
8	wj	f	19	green	4	(80, 0)	(40, 69)	(-39, 69)	(-80, 0)	(-40, -69)	(40, -69)	circle	green	same	right	right	(80, 0)	(40, -69)	search	nr	True	212253	212971	right	60	135	10	160	85	35	None	None	practice
8	wj	f	19	green	4	(80, 0)	(40, 69)	(-39, 69)	(-80, 0)	(-40, -69)	(40, -69)	diamond	green	same	left	left	(40, 69)	(80, 0)	probe	tar	None	None	None	None	35	135	60	160	85	10	(80, 0)	165	practice
8	wj	f	19	green	4	(80, 0)	(40, 69)	(-39, 69)	(-80, 0)	(-40, -69)	(40, -69)	circle	green	dif	left	left	(40, -69)	(-40, -69)	search	nr	True	241206	242203	left	35	85	10	60	135	160	None	None	testing
8	wj	f	19	green	4	(80, 0)	(40, 69)	(-39, 69)	(-80, 0)	(-40, -69)	(40, -69)	diamond	green	same	right	right	(40, 69)	(80, 0)	search	nr	True	243260	243931	right	110	85	135	10	35	60	None	None	testing
8	wj	f	19	green	4	(80, 0)	(40, 69)	(-39, 69)	(-80, 0)	(-40, -69)	(40, -69)	diamond	green	dif	right	right	(40, 69)	(-39, 69)	search	nr	True	245030	245707	right	135	85	10	110	60	160	None	None	testing
8	wj	f	19	green	4	(80, 0)	(40, 69)	(-39, 69)	(-80, 0)	(-40, -69)	(40, -69)	diamond	green	dif	right	right	(40, 69)	(-40, -69)	search	nr	True	247000	247707	right	135	35	10	160	110	60	None	None	testing
8	wj	f	19	green	4	(80, 0)	(40, 69)	(-39, 69)	(-80, 0)	(-40, -69)	(40, -69)	diamond	none	same	right	right	N_dist	(-80, 0)	search	nr	True	248971	249659	right	10	160	35	135	85	110	None	None	testing
8	wj	f	19	green	4	(80, 0)	(40, 69)	(-39, 69)	(-80, 0)	(-40, -69)	(40, -69)	diamond	none	same	left	left	N_dist	(-39, 69)	probe	h_norm	None	None	None	None	60	10	110	135	160	85	(40, 69)	144	testing
8	wj	f	19	green	4	(80, 0)	(40, 69)	(-39, 69)	(-80, 0)	(-40, -69)	(40, -69)	diamond	none	same	right	right	N_dist	(40, -69)	search	nr	True	255099	255867	right	60	160	10	135	35	110	None	None	testing
8	wj	f	19	green	4	(80, 0)	(40, 69)	(-39, 69)	(-80, 0)	(-40, -69)	(40, -69)	diamond	none	dif	right	right	N_dist	(-40, -69)	search	nr	True	256969	257595	right	110	160	135	85	35	10	None	None	testing
8	wj	f	19	green	4	(80, 0)	(40, 69)	(-39, 69)	(-80, 0)	(-40, -69)	(40, -69)	diamond	green	dif	left	left	(40, 69)	(-40, -69)	probe	h_sin	None	None	None	None	135	60	35	10	110	160	(40, 69)	167	testing
8	wj	f	19	green	4	(80, 0)	(40, 69)	(-39, 69)	(-80, 0)	(-40, -69)	(40, -69)	circle	green	same	right	right	(40, 69)	(40, -69)	search	nr	True	262596	263291	right	85	160	110	10	135	60	None	None	testing
8	wj	f	19	green	4	(80, 0)	(40, 69)	(-39, 69)	(-80, 0)	(-40, -69)	(40, -69)	circle	green	same	right	right	(40, 69)	(-39, 69)	probe	h_sin	None	None	None	None	160	35	10	110	85	60	(40, 69)	151	testing
8	wj	f	19	green	4	(80, 0)	(40, 69)	(-39, 69)	(-80, 0)	(-40, -69)	(40, -69)	diamond	green	dif	right	right	(40, 69)	(-40, -69)	search	nr	True	269525	270219	right	60	110	35	160	85	135	None	None	testing
8	wj	f	19	green	4	(80, 0)	(40, 69)	(-39, 69)	(-80, 0)	(-40, -69)	(40, -69)	diamond	green	same	right	right	(-80, 0)	(40, -69)	search	nr	True	271328	271947	right	110	135	10	35	60	160	None	None	testing
8	wj	f	19	green	4	(80, 0)	(40, 69)	(-39, 69)	(-80, 0)	(-40, -69)	(40, -69)	circle	none	same	right	right	N_dist	(-80, 0)	search	nr	True	273249	273915	right	160	35	10	60	85	110	None	None	testing
8	wj	f	19	green	4	(80, 0)	(40, 69)	(-39, 69)	(-80, 0)	(-40, -69)	(40, -69)	circle	green	same	left	left	(40, -69)	(-39, 69)	probe	tar	None	None	None	None	10	135	60	35	110	85	(-39, 69)	160	testing
8	wj	f	19	green	4	(80, 0)	(40, 69)	(-39, 69)	(-80, 0)	(-40, -69)	(40, -69)	circle	none	dif	right	right	N_dist	(-80, 0)	probe	l_norm	None	None	None	None	60	160	85	135	10	110	(-39, 69)	168	testing
8	wj	f	19	green	4	(80, 0)	(40, 69)	(-39, 69)	(-80, 0)	(-40, -69)	(40, -69)	circle	green	same	left	left	(-40, -69)	(40, -69)	search	nr	True	290447	291146	left	160	35	135	85	10	60	None	None	testing
8	wj	f	19	green	4	(80, 0)	(40, 69)	(-39, 69)	(-80, 0)	(-40, -69)	(40, -69)	diamond	green	same	right	right	(40, 69)	(-40, -69)	search	nr	True	292233	293163	right	85	35	135	160	60	10	None	None	testing
8	wj	f	19	green	4	(80, 0)	(40, 69)	(-39, 69)	(-80, 0)	(-40, -69)	(40, -69)	circle	green	dif	left	left	(-39, 69)	(-80, 0)	search	nr	True	294471	295499	left	135	60	35	160	85	110	None	None	testing
8	wj	f	19	green	4	(80, 0)	(40, 69)	(-39, 69)	(-80, 0)	(-40, -69)	(40, -69)	diamond	green	same	right	right	(80, 0)	(-80, 0)	search	nr	True	296625	297402	right	160	10	110	85	60	135	None	None	testing
8	wj	f	19	green	4	(80, 0)	(40, 69)	(-39, 69)	(-80, 0)	(-40, -69)	(40, -69)	diamond	green	same	right	right	(40, -69)	(80, 0)	probe	tar	None	None	None	None	60	35	10	160	135	85	(80, 0)	167	testing
8	wj	f	19	green	4	(80, 0)	(40, 69)	(-39, 69)	(-80, 0)	(-40, -69)	(40, -69)	circle	green	same	left	left	(40, -69)	(-39, 69)	search	nr	True	302769	303530	left	135	110	10	85	160	60	None	None	testing
8	wj	f	19	green	4	(80, 0)	(40, 69)	(-39, 69)	(-80, 0)	(-40, -69)	(40, -69)	diamond	green	dif	left	left	(40, 69)	(-39, 69)	search	nr	True	304640	305371	left	10	160	135	110	35	85	None	None	testing
8	wj	f	19	green	4	(80, 0)	(40, 69)	(-39, 69)	(-80, 0)	(-40, -69)	(40, -69)	circle	none	dif	left	left	N_dist	(-40, -69)	search	nr	True	306593	307354	left	10	60	35	85	135	160	None	None	testing
8	wj	f	19	green	4	(80, 0)	(40, 69)	(-39, 69)	(-80, 0)	(-40, -69)	(40, -69)	circle	none	same	right	right	N_dist	(-39, 69)	search	nr	True	308430	309099	right	10	135	60	110	160	85	None	None	testing
8	wj	f	19	green	4	(80, 0)	(40, 69)	(-39, 69)	(-80, 0)	(-40, -69)	(40, -69)	diamond	green	same	right	right	(40, 69)	(-40, -69)	search	nr	True	310384	311307	right	60	35	10	85	160	110	None	None	testing
8	wj	f	19	green	4	(80, 0)	(40, 69)	(-39, 69)	(-80, 0)	(-40, -69)	(40, -69)	diamond	green	dif	left	left	(80, 0)	(-40, -69)	probe	l_sin	None	None	None	None	60	160	10	110	85	135	(80, 0)	168	testing
8	wj	f	19	green	4	(80, 0)	(40, 69)	(-39, 69)	(-80, 0)	(-40, -69)	(40, -69)	diamond	green	dif	right	right	(-80, 0)	(-40, -69)	probe	l_sin	None	None	None	None	60	135	160	110	10	85	(-80, 0)	167	testing
8	wj	f	19	green	4	(80, 0)	(40, 69)	(-39, 69)	(-80, 0)	(-40, -69)	(40, -69)	diamond	green	dif	right	right	(40, 69)	(80, 0)	search	nr	True	320318	320987	right	110	135	10	85	160	60	None	None	testing
8	wj	f	19	green	4	(80, 0)	(40, 69)	(-39, 69)	(-80, 0)	(-40, -69)	(40, -69)	circle	none	dif	left	left	N_dist	(80, 0)	search	nr	True	322155	322858	left	135	60	85	35	110	160	None	None	testing
8	wj	f	19	green	4	(80, 0)	(40, 69)	(-39, 69)	(-80, 0)	(-40, -69)	(40, -69)	circle	none	dif	left	left	N_dist	(40, 69)	search	nr	True	324025	324938	left	160	35	85	60	110	10	None	None	testing
8	wj	f	19	green	4	(80, 0)	(40, 69)	(-39, 69)	(-80, 0)	(-40, -69)	(40, -69)	circle	green	same	left	left	(40, -69)	(-39, 69)	probe	l_sin	None	None	None	None	10	60	135	35	160	110	(40, -69)	14	testing
8	wj	f	19	green	4	(80, 0)	(40, 69)	(-39, 69)	(-80, 0)	(-40, -69)	(40, -69)	diamond	none	same	left	left	N_dist	(40, 69)	search	nr	True	332992	333706	left	60	160	110	135	10	85	None	None	testing
8	wj	f	19	green	4	(80, 0)	(40, 69)	(-39, 69)	(-80, 0)	(-40, -69)	(40, -69)	diamond	none	same	right	right	N_dist	(80, 0)	search	nr	True	334945	335675	right	35	60	135	160	110	85	None	None	testing
8	wj	f	19	green	4	(80, 0)	(40, 69)	(-39, 69)	(-80, 0)	(-40, -69)	(40, -69)	diamond	none	dif	right	right	N_dist	(40, 69)	probe	h_tar	None	None	None	None	10	35	135	85	60	110	(40, 69)	160	testing
8	wj	f	19	green	4	(80, 0)	(40, 69)	(-39, 69)	(-80, 0)	(-40, -69)	(40, -69)	diamond	green	dif	left	left	(40, 69)	(-80, 0)	probe	h_sin	None	None	None	None	135	35	160	10	60	85	(40, 69)	161	testing
8	wj	f	19	green	4	(80, 0)	(40, 69)	(-39, 69)	(-80, 0)	(-40, -69)	(40, -69)	circle	green	same	right	right	(80, 0)	(-40, -69)	search	nr	True	347852	348602	right	60	160	135	110	35	10	None	None	testing
8	wj	f	19	green	4	(80, 0)	(40, 69)	(-39, 69)	(-80, 0)	(-40, -69)	(40, -69)	circle	green	same	right	right	(40, 69)	(40, -69)	probe	norm	None	None	None	None	135	110	35	10	160	60	(-39, 69)	15	testing
8	wj	f	19	green	4	(80, 0)	(40, 69)	(-39, 69)	(-80, 0)	(-40, -69)	(40, -69)	diamond	none	dif	right	right	N_dist	(-39, 69)	probe	h_norm	None	None	None	None	135	160	35	110	10	85	(40, 69)	75	testing
8	wj	f	19	green	4	(80, 0)	(40, 69)	(-39, 69)	(-80, 0)	(-40, -69)	(40, -69)	circle	green	same	right	right	(40, 69)	(40, -69)	probe	norm	None	None	None	None	160	110	85	35	60	10	(-39, 69)	10	testing
8	wj	f	19	green	4	(80, 0)	(40, 69)	(-39, 69)	(-80, 0)	(-40, -69)	(40, -69)	diamond	none	same	right	right	N_dist	(-80, 0)	probe	h_norm	None	None	None	None	60	10	85	135	160	110	(40, 69)	157	testing
8	wj	f	19	green	4	(80, 0)	(40, 69)	(-39, 69)	(-80, 0)	(-40, -69)	(40, -69)	circle	green	dif	left	left	(-39, 69)	(-80, 0)	search	nr	True	375152	375978	left	85	60	160	10	110	35	None	None	testing
8	wj	f	19	green	4	(80, 0)	(40, 69)	(-39, 69)	(-80, 0)	(-40, -69)	(40, -69)	circle	green	dif	left	left	(40, 69)	(80, 0)	search	nr	True	377073	377723	left	60	85	35	110	160	135	None	None	testing
8	wj	f	19	green	4	(80, 0)	(40, 69)	(-39, 69)	(-80, 0)	(-40, -69)	(40, -69)	circle	green	dif	left	left	(40, 69)	(-80, 0)	search	nr	True	378993	379849	left	10	35	60	85	110	135	None	None	testing
8	wj	f	19	green	4	(80, 0)	(40, 69)	(-39, 69)	(-80, 0)	(-40, -69)	(40, -69)	circle	none	same	right	right	N_dist	(-40, -69)	probe	l_norm	None	None	None	None	85	110	135	35	10	160	(40, -69)	19	testing
8	wj	f	19	green	4	(80, 0)	(40, 69)	(-39, 69)	(-80, 0)	(-40, -69)	(40, -69)	diamond	green	dif	left	left	(40, 69)	(-80, 0)	search	nr	True	385905	386539	left	60	110	160	135	85	10	None	None	testing
8	wj	f	19	green	4	(80, 0)	(40, 69)	(-39, 69)	(-80, 0)	(-40, -69)	(40, -69)	diamond	green	dif	right	right	(40, 69)	(80, 0)	probe	norm	None	None	None	None	10	35	60	110	160	135	(-40, -69)	157	testing
8	wj	f	19	green	4	(80, 0)	(40, 69)	(-39, 69)	(-80, 0)	(-40, -69)	(40, -69)	diamond	none	dif	left	left	N_dist	(40, -69)	search	nr	True	392150	392778	left	10	110	60	135	85	160	None	None	testing
8	wj	f	19	green	4	(80, 0)	(40, 69)	(-39, 69)	(-80, 0)	(-40, -69)	(40, -69)	diamond	green	dif	left	left	(40, 69)	(80, 0)	search	nr	True	393920	394763	left	135	10	85	60	160	35	None	None	testing
8	wj	f	19	green	4	(80, 0)	(40, 69)	(-39, 69)	(-80, 0)	(-40, -69)	(40, -69)	circle	none	same	left	left	N_dist	(40, 69)	search	nr	True	396041	396971	left	110	160	35	135	85	60	None	None	testing
8	wj	f	19	green	4	(80, 0)	(40, 69)	(-39, 69)	(-80, 0)	(-40, -69)	(40, -69)	diamond	none	dif	left	left	N_dist	(-80, 0)	search	nr	True	398028	399050	left	110	160	135	10	85	60	None	None	testing
8	wj	f	19	green	4	(80, 0)	(40, 69)	(-39, 69)	(-80, 0)	(-40, -69)	(40, -69)	circle	none	same	left	left	N_dist	(40, 69)	search	nr	True	400148	400955	left	10	35	110	135	85	60	None	None	testing
8	wj	f	19	green	4	(80, 0)	(40, 69)	(-39, 69)	(-80, 0)	(-40, -69)	(40, -69)	circle	none	same	left	left	N_dist	(-80, 0)	probe	l_norm	None	None	None	None	60	10	160	35	110	135	(-40, -69)	164	testing
8	wj	f	19	green	4	(80, 0)	(40, 69)	(-39, 69)	(-80, 0)	(-40, -69)	(40, -69)	diamond	green	dif	left	left	(-40, -69)	(-80, 0)	search	nr	True	406911	407610	right	135	35	110	85	60	160	None	None	testing
8	wj	f	19	green	4	(80, 0)	(40, 69)	(-39, 69)	(-80, 0)	(-40, -69)	(40, -69)	diamond	green	dif	right	right	(40, 69)	(-39, 69)	search	nr	True	410384	411434	right	135	160	110	35	10	85	None	None	testing
8	wj	f	19	green	4	(80, 0)	(40, 69)	(-39, 69)	(-80, 0)	(-40, -69)	(40, -69)	circle	green	dif	right	right	(40, 69)	(-80, 0)	search	nr	True	412672	413546	right	110	160	85	135	60	35	None	None	testing
8	wj	f	19	green	4	(80, 0)	(40, 69)	(-39, 69)	(-80, 0)	(-40, -69)	(40, -69)	circle	none	dif	left	left	N_dist	(-80, 0)	probe	h_norm	None	None	None	None	60	135	160	110	10	35	(40, 69)	161	testing
8	wj	f	19	green	4	(80, 0)	(40, 69)	(-39, 69)	(-80, 0)	(-40, -69)	(40, -69)	diamond	none	dif	left	left	N_dist	(-80, 0)	probe	l_tar	None	None	None	None	85	135	60	35	110	160	(-80, 0)	163	testing
8	wj	f	19	green	4	(80, 0)	(40, 69)	(-39, 69)	(-80, 0)	(-40, -69)	(40, -69)	diamond	green	same	right	right	(-40, -69)	(80, 0)	search	nr	True	423708	424555	right	135	35	110	160	60	85	None	None	testing
8	wj	f	19	green	4	(80, 0)	(40, 69)	(-39, 69)	(-80, 0)	(-40, -69)	(40, -69)	circle	none	same	left	left	N_dist	(40, -69)	search	nr	True	425712	426618	left	110	60	85	135	35	10	None	None	testing
8	wj	f	19	green	4	(80, 0)	(40, 69)	(-39, 69)	(-80, 0)	(-40, -69)	(40, -69)	diamond	green	same	right	right	(40, 69)	(80, 0)	search	nr	True	427932	428635	right	85	160	35	10	110	60	None	None	testing
8	wj	f	19	green	4	(80, 0)	(40, 69)	(-39, 69)	(-80, 0)	(-40, -69)	(40, -69)	circle	green	dif	left	left	(-39, 69)	(-80, 0)	probe	tar	None	None	None	None	110	160	85	135	60	10	(-80, 0)	164	testing
8	wj	f	19	green	4	(80, 0)	(40, 69)	(-39, 69)	(-80, 0)	(-40, -69)	(40, -69)	circle	none	same	left	left	N_dist	(80, 0)	search	nr	True	433627	434234	left	85	60	160	110	35	10	None	None	testing
8	wj	f	19	green	4	(80, 0)	(40, 69)	(-39, 69)	(-80, 0)	(-40, -69)	(40, -69)	diamond	green	same	right	right	(40, 69)	(80, 0)	search	nr	True	435480	436154	right	160	10	110	85	135	60	None	None	testing
8	wj	f	19	green	4	(80, 0)	(40, 69)	(-39, 69)	(-80, 0)	(-40, -69)	(40, -69)	diamond	green	same	left	left	(40, 69)	(-40, -69)	probe	norm	None	None	None	None	110	160	10	35	135	85	(80, 0)	165	testing
8	wj	f	19	green	4	(80, 0)	(40, 69)	(-39, 69)	(-80, 0)	(-40, -69)	(40, -69)	circle	green	dif	left	left	(40, 69)	(-39, 69)	search	nr	True	441023	441946	left	60	110	10	35	135	160	None	None	testing
8	wj	f	19	green	4	(80, 0)	(40, 69)	(-39, 69)	(-80, 0)	(-40, -69)	(40, -69)	circle	green	same	right	right	(80, 0)	(-40, -69)	search	nr	True	443178	444154	right	160	10	60	35	135	110	None	None	testing
8	wj	f	19	green	4	(80, 0)	(40, 69)	(-39, 69)	(-80, 0)	(-40, -69)	(40, -69)	diamond	green	same	right	right	(80, 0)	(-80, 0)	probe	norm	None	None	None	None	160	60	85	135	10	35	(-40, -69)	157	testing
8	wj	f	19	green	4	(80, 0)	(40, 69)	(-39, 69)	(-80, 0)	(-40, -69)	(40, -69)	circle	green	same	left	left	(40, -69)	(-39, 69)	search	nr	True	450157	451131	left	135	160	35	110	10	60	None	None	testing
8	wj	f	19	green	4	(80, 0)	(40, 69)	(-39, 69)	(-80, 0)	(-40, -69)	(40, -69)	circle	green	dif	right	right	(80, 0)	(-39, 69)	search	nr	True	452411	453595	right	10	35	135	85	60	160	None	None	testing
8	wj	f	19	green	4	(80, 0)	(40, 69)	(-39, 69)	(-80, 0)	(-40, -69)	(40, -69)	diamond	none	dif	right	right	N_dist	(-40, -69)	probe	l_tar	None	None	None	None	35	160	60	110	135	10	(-40, -69)	156	testing
8	wj	f	19	green	4	(80, 0)	(40, 69)	(-39, 69)	(-80, 0)	(-40, -69)	(40, -69)	diamond	green	same	left	left	(-39, 69)	(80, 0)	search	nr	True	459724	460602	left	135	85	60	160	110	10	None	None	testing
8	wj	f	19	green	4	(80, 0)	(40, 69)	(-39, 69)	(-80, 0)	(-40, -69)	(40, -69)	circle	green	dif	left	left	(40, 69)	(-40, -69)	probe	tar	None	None	None	None	35	160	10	135	60	110	(-40, -69)	134	testing
8	wj	f	19	green	4	(80, 0)	(40, 69)	(-39, 69)	(-80, 0)	(-40, -69)	(40, -69)	diamond	green	dif	right	right	(-39, 69)	(40, -69)	search	nr	True	465769	466507	right	35	160	85	110	60	135	None	None	testing
8	wj	f	19	green	4	(80, 0)	(40, 69)	(-39, 69)	(-80, 0)	(-40, -69)	(40, -69)	diamond	green	same	left	left	(40, 69)	(-40, -69)	search	nr	True	467589	468331	left	85	35	135	10	60	110	None	None	testing
8	wj	f	19	green	4	(80, 0)	(40, 69)	(-39, 69)	(-80, 0)	(-40, -69)	(40, -69)	circle	green	same	right	right	(40, 69)	(-39, 69)	search	nr	True	469392	470154	right	85	35	160	10	60	110	None	None	testing
8	wj	f	19	green	4	(80, 0)	(40, 69)	(-39, 69)	(-80, 0)	(-40, -69)	(40, -69)	circle	green	same	right	right	(80, 0)	(40, -69)	search	nr	True	471413	472058	right	160	135	35	85	60	110	None	None	testing
8	wj	f	19	green	4	(80, 0)	(40, 69)	(-39, 69)	(-80, 0)	(-40, -69)	(40, -69)	diamond	none	same	right	right	N_dist	(-40, -69)	search	nr	True	473182	474042	right	135	110	10	35	160	85	None	None	testing
8	wj	f	19	green	4	(80, 0)	(40, 69)	(-39, 69)	(-80, 0)	(-40, -69)	(40, -69)	diamond	green	dif	right	right	(-80, 0)	(-40, -69)	search	nr	True	475137	476011	right	60	160	10	35	135	110	None	None	testing
8	wj	f	19	green	4	(80, 0)	(40, 69)	(-39, 69)	(-80, 0)	(-40, -69)	(40, -69)	circle	none	dif	right	right	N_dist	(-39, 69)	search	nr	True	477174	478058	right	85	35	60	160	135	110	None	None	testing
8	wj	f	19	green	4	(80, 0)	(40, 69)	(-39, 69)	(-80, 0)	(-40, -69)	(40, -69)	circle	green	same	left	left	(-40, -69)	(40, -69)	probe	l_sin	None	None	None	None	160	135	85	110	35	60	(-40, -69)	160	testing
8	wj	f	19	green	4	(80, 0)	(40, 69)	(-39, 69)	(-80, 0)	(-40, -69)	(40, -69)	diamond	green	same	right	right	(40, 69)	(40, -69)	search	nr	True	484954	485723	right	135	10	60	160	110	85	None	None	testing
8	wj	f	19	green	4	(80, 0)	(40, 69)	(-39, 69)	(-80, 0)	(-40, -69)	(40, -69)	circle	none	dif	left	left	N_dist	(80, 0)	probe	h_norm	None	None	None	None	135	85	10	35	60	160	(40, 69)	21	testing
8	wj	f	19	green	4	(80, 0)	(40, 69)	(-39, 69)	(-80, 0)	(-40, -69)	(40, -69)	diamond	green	same	left	left	(40, 69)	(-39, 69)	probe	norm	None	None	None	None	60	110	160	135	10	35	(40, -69)	32	testing
8	wj	f	19	green	4	(80, 0)	(40, 69)	(-39, 69)	(-80, 0)	(-40, -69)	(40, -69)	diamond	none	dif	left	left	N_dist	(40, -69)	probe	l_norm	None	None	None	None	160	35	85	60	135	10	(-40, -69)	154	testing
8	wj	f	19	green	4	(80, 0)	(40, 69)	(-39, 69)	(-80, 0)	(-40, -69)	(40, -69)	diamond	green	same	left	left	(-40, -69)	(80, 0)	probe	l_sin	None	None	None	None	135	160	10	85	110	60	(-40, -69)	156	testing
8	wj	f	19	green	4	(80, 0)	(40, 69)	(-39, 69)	(-80, 0)	(-40, -69)	(40, -69)	circle	green	same	left	left	(-80, 0)	(40, -69)	search	nr	True	507245	507946	left	160	10	135	35	85	110	None	None	testing
8	wj	f	19	green	4	(80, 0)	(40, 69)	(-39, 69)	(-80, 0)	(-40, -69)	(40, -69)	circle	green	dif	left	left	(40, -69)	(-80, 0)	search	nr	True	509232	510154	left	10	60	35	85	135	110	None	None	testing
8	wj	f	19	green	4	(80, 0)	(40, 69)	(-39, 69)	(-80, 0)	(-40, -69)	(40, -69)	diamond	green	same	left	left	(40, 69)	(-80, 0)	search	nr	True	511403	512362	left	85	160	110	60	135	10	None	None	testing
8	wj	f	19	green	4	(80, 0)	(40, 69)	(-39, 69)	(-80, 0)	(-40, -69)	(40, -69)	diamond	green	dif	left	left	(40, 69)	(-80, 0)	search	nr	True	513507	514154	left	85	60	135	35	160	110	None	None	testing
8	wj	f	19	green	4	(80, 0)	(40, 69)	(-39, 69)	(-80, 0)	(-40, -69)	(40, -69)	diamond	none	dif	right	right	N_dist	(-40, -69)	probe	l_norm	None	None	None	None	85	135	10	60	160	110	(40, -69)	25	testing
8	wj	f	19	green	4	(80, 0)	(40, 69)	(-39, 69)	(-80, 0)	(-40, -69)	(40, -69)	circle	none	dif	right	right	N_dist	(-39, 69)	probe	h_norm	None	None	None	None	160	60	85	10	110	135	(40, 69)	161	testing
8	wj	f	19	green	4	(80, 0)	(40, 69)	(-39, 69)	(-80, 0)	(-40, -69)	(40, -69)	diamond	green	dif	right	right	(40, 69)	(80, 0)	probe	tar	None	None	None	None	110	60	35	10	160	135	(80, 0)	169	testing
8	wj	f	19	green	4	(80, 0)	(40, 69)	(-39, 69)	(-80, 0)	(-40, -69)	(40, -69)	circle	green	same	left	left	(40, -69)	(-39, 69)	search	nr	True	527115	527770	left	35	10	85	110	160	60	None	None	testing
8	wj	f	19	green	4	(80, 0)	(40, 69)	(-39, 69)	(-80, 0)	(-40, -69)	(40, -69)	diamond	green	same	right	right	(40, -69)	(80, 0)	search	nr	True	528851	529770	right	110	60	35	135	85	10	None	None	testing
8	wj	f	19	green	4	(80, 0)	(40, 69)	(-39, 69)	(-80, 0)	(-40, -69)	(40, -69)	circle	green	same	right	right	(40, 69)	(-39, 69)	search	nr	True	530905	532122	right	60	110	10	135	35	85	None	None	testing
8	wj	f	19	green	4	(80, 0)	(40, 69)	(-39, 69)	(-80, 0)	(-40, -69)	(40, -69)	circle	none	same	left	left	N_dist	(-80, 0)	search	nr	True	533344	534042	left	160	135	60	110	35	10	None	None	testing
8	wj	f	19	green	4	(80, 0)	(40, 69)	(-39, 69)	(-80, 0)	(-40, -69)	(40, -69)	circle	green	dif	right	right	(40, 69)	(80, 0)	search	nr	True	535264	535834	right	110	35	85	160	60	135	None	None	testing
8	wj	f	19	green	4	(80, 0)	(40, 69)	(-39, 69)	(-80, 0)	(-40, -69)	(40, -69)	circle	none	same	right	right	N_dist	(-39, 69)	search	nr	True	537000	537658	right	135	85	110	35	60	160	None	None	testing
8	wj	f	19	green	4	(80, 0)	(40, 69)	(-39, 69)	(-80, 0)	(-40, -69)	(40, -69)	diamond	green	dif	right	right	(-39, 69)	(40, -69)	search	nr	True	538720	539530	right	60	110	160	85	135	35	None	None	testing
8	wj	f	19	green	4	(80, 0)	(40, 69)	(-39, 69)	(-80, 0)	(-40, -69)	(40, -69)	diamond	none	same	left	left	N_dist	(40, 69)	search	nr	True	540773	541515	left	10	35	110	60	135	85	None	None	testing
8	wj	f	19	green	4	(80, 0)	(40, 69)	(-39, 69)	(-80, 0)	(-40, -69)	(40, -69)	diamond	green	dif	left	left	(40, 69)	(-80, 0)	probe	tar	None	None	None	None	35	160	135	10	60	85	(-80, 0)	158	testing
8	wj	f	19	green	4	(80, 0)	(40, 69)	(-39, 69)	(-80, 0)	(-40, -69)	(40, -69)	circle	green	dif	right	right	(40, 69)	(-40, -69)	search	nr	True	547085	547786	right	35	160	60	110	85	10	None	None	testing
8	wj	f	19	green	4	(80, 0)	(40, 69)	(-39, 69)	(-80, 0)	(-40, -69)	(40, -69)	diamond	none	same	left	left	N_dist	(-39, 69)	search	nr	True	548989	549658	left	160	10	135	35	85	110	None	None	testing
8	wj	f	19	green	4	(80, 0)	(40, 69)	(-39, 69)	(-80, 0)	(-40, -69)	(40, -69)	circle	none	dif	right	right	N_dist	(-39, 69)	search	nr	True	550942	551515	right	135	10	35	85	110	160	None	None	testing
8	wj	f	19	green	4	(80, 0)	(40, 69)	(-39, 69)	(-80, 0)	(-40, -69)	(40, -69)	diamond	none	dif	left	left	N_dist	(-40, -69)	search	nr	True	552596	553387	left	135	35	60	10	160	110	None	None	testing
8	wj	f	19	green	4	(80, 0)	(40, 69)	(-39, 69)	(-80, 0)	(-40, -69)	(40, -69)	circle	none	dif	right	right	N_dist	(80, 0)	search	nr	True	554649	555306	right	85	35	160	135	60	110	None	None	testing
8	wj	f	19	green	4	(80, 0)	(40, 69)	(-39, 69)	(-80, 0)	(-40, -69)	(40, -69)	diamond	green	dif	left	left	(40, 69)	(-80, 0)	search	nr	True	556503	557162	left	60	110	85	135	160	35	None	None	testing
8	wj	f	19	green	4	(80, 0)	(40, 69)	(-39, 69)	(-80, 0)	(-40, -69)	(40, -69)	circle	none	dif	left	left	N_dist	(40, 69)	search	nr	True	558306	558906	left	135	85	35	110	10	60	None	None	testing
8	wj	f	19	green	4	(80, 0)	(40, 69)	(-39, 69)	(-80, 0)	(-40, -69)	(40, -69)	diamond	green	same	left	left	(80, 0)	(-80, 0)	probe	l_sin	None	None	None	None	10	110	160	60	85	135	(80, 0)	162	testing
8	wj	f	19	green	4	(80, 0)	(40, 69)	(-39, 69)	(-80, 0)	(-40, -69)	(40, -69)	circle	green	dif	left	left	(-39, 69)	(-80, 0)	search	nr	True	563599	564313	right	135	10	35	85	60	110	None	None	testing
8	wj	f	19	green	4	(80, 0)	(40, 69)	(-39, 69)	(-80, 0)	(-40, -69)	(40, -69)	diamond	none	same	left	left	N_dist	(-39, 69)	search	nr	True	566955	567689	left	135	35	85	10	60	110	None	None	testing
8	wj	f	19	green	4	(80, 0)	(40, 69)	(-39, 69)	(-80, 0)	(-40, -69)	(40, -69)	circle	green	same	right	right	(40, 69)	(40, -69)	search	nr	True	568992	569626	right	110	10	160	60	135	35	None	None	testing
8	wj	f	19	green	4	(80, 0)	(40, 69)	(-39, 69)	(-80, 0)	(-40, -69)	(40, -69)	diamond	none	dif	left	left	N_dist	(-39, 69)	search	nr	True	570862	571498	left	10	35	160	135	60	85	None	None	testing
8	wj	f	19	green	4	(80, 0)	(40, 69)	(-39, 69)	(-80, 0)	(-40, -69)	(40, -69)	diamond	green	dif	right	right	(40, 69)	(-39, 69)	search	nr	True	572649	573338	right	85	35	110	10	135	60	None	None	testing
8	wj	f	19	green	4	(80, 0)	(40, 69)	(-39, 69)	(-80, 0)	(-40, -69)	(40, -69)	circle	green	dif	right	right	(40, 69)	(-40, -69)	search	nr	True	574452	575194	right	10	135	35	160	110	85	None	None	testing
8	wj	f	19	green	4	(80, 0)	(40, 69)	(-39, 69)	(-80, 0)	(-40, -69)	(40, -69)	circle	green	same	left	left	(-40, -69)	(40, -69)	search	nr	True	576355	577322	left	85	60	35	110	10	135	None	None	testing
8	wj	f	19	green	4	(80, 0)	(40, 69)	(-39, 69)	(-80, 0)	(-40, -69)	(40, -69)	circle	none	same	left	left	N_dist	(40, -69)	search	nr	True	578559	579194	left	160	135	35	110	85	10	None	None	testing
8	wj	f	19	green	4	(80, 0)	(40, 69)	(-39, 69)	(-80, 0)	(-40, -69)	(40, -69)	circle	green	dif	left	left	(40, 69)	(-80, 0)	search	nr	True	580313	580986	left	35	60	85	135	110	10	None	None	testing
8	wj	f	19	green	4	(80, 0)	(40, 69)	(-39, 69)	(-80, 0)	(-40, -69)	(40, -69)	circle	none	dif	left	left	N_dist	(40, -69)	search	nr	True	582050	582635	left	10	135	85	160	35	110	None	None	testing
8	wj	f	19	green	4	(80, 0)	(40, 69)	(-39, 69)	(-80, 0)	(-40, -69)	(40, -69)	diamond	green	same	left	left	(40, 69)	(40, -69)	search	nr	True	583936	584698	left	10	85	110	160	60	35	None	None	testing
8	wj	f	19	green	4	(80, 0)	(40, 69)	(-39, 69)	(-80, 0)	(-40, -69)	(40, -69)	diamond	none	same	left	left	N_dist	(-39, 69)	search	nr	True	585856	586746	left	160	60	35	85	135	10	None	None	testing
8	wj	f	19	green	4	(80, 0)	(40, 69)	(-39, 69)	(-80, 0)	(-40, -69)	(40, -69)	circle	green	dif	left	left	(40, -69)	(-80, 0)	probe	l_sin	None	None	None	None	135	110	60	35	85	10	(40, -69)	153	testing
8	wj	f	19	green	4	(80, 0)	(40, 69)	(-39, 69)	(-80, 0)	(-40, -69)	(40, -69)	diamond	none	same	right	right	N_dist	(40, -69)	probe	l_norm	None	None	None	None	160	135	110	10	35	85	(-80, 0)	173	testing
8	wj	f	19	green	4	(80, 0)	(40, 69)	(-39, 69)	(-80, 0)	(-40, -69)	(40, -69)	diamond	green	dif	left	left	(40, 69)	(-39, 69)	search	nr	True	597945	598586	left	35	85	110	10	60	160	None	None	testing
8	wj	f	19	green	4	(80, 0)	(40, 69)	(-39, 69)	(-80, 0)	(-40, -69)	(40, -69)	circle	green	dif	left	left	(-39, 69)	(-80, 0)	probe	l_sin	None	None	None	None	35	160	85	10	60	110	(-39, 69)	156	testing
8	wj	f	19	green	4	(80, 0)	(40, 69)	(-39, 69)	(-80, 0)	(-40, -69)	(40, -69)	diamond	none	dif	left	left	N_dist	(-39, 69)	search	nr	True	605510	606170	left	35	60	10	135	160	110	None	None	testing
8	wj	f	19	green	4	(80, 0)	(40, 69)	(-39, 69)	(-80, 0)	(-40, -69)	(40, -69)	circle	none	dif	right	right	N_dist	(40, 69)	search	nr	True	607246	607898	right	135	10	160	85	110	35	None	None	testing
8	wj	f	19	green	4	(80, 0)	(40, 69)	(-39, 69)	(-80, 0)	(-40, -69)	(40, -69)	diamond	green	same	right	right	(40, 69)	(80, 0)	probe	norm	None	None	None	None	85	135	110	10	60	160	(-39, 69)	11	testing
8	wj	f	19	green	4	(80, 0)	(40, 69)	(-39, 69)	(-80, 0)	(-40, -69)	(40, -69)	circle	green	same	right	right	(40, 69)	(-39, 69)	search	nr	True	613891	614745	right	60	85	10	160	35	110	None	None	testing
8	wj	f	19	green	4	(80, 0)	(40, 69)	(-39, 69)	(-80, 0)	(-40, -69)	(40, -69)	circle	green	dif	right	right	(40, 69)	(-40, -69)	probe	norm	None	None	None	None	160	135	60	10	85	35	(80, 0)	5	testing
8	wj	f	19	green	4	(80, 0)	(40, 69)	(-39, 69)	(-80, 0)	(-40, -69)	(40, -69)	circle	green	dif	right	right	(80, 0)	(-39, 69)	probe	l_sin	None	None	None	None	110	160	135	85	10	35	(80, 0)	19	testing
8	wj	f	19	green	4	(80, 0)	(40, 69)	(-39, 69)	(-80, 0)	(-40, -69)	(40, -69)	circle	green	dif	right	right	(40, 69)	(-80, 0)	search	nr	True	624711	625626	right	10	135	60	110	35	85	None	None	testing
8	wj	f	19	green	4	(80, 0)	(40, 69)	(-39, 69)	(-80, 0)	(-40, -69)	(40, -69)	diamond	none	dif	right	right	N_dist	(-39, 69)	search	nr	True	626915	627914	right	110	85	160	10	135	60	None	None	testing
8	wj	f	19	green	4	(80, 0)	(40, 69)	(-39, 69)	(-80, 0)	(-40, -69)	(40, -69)	circle	none	same	left	left	N_dist	(40, -69)	probe	l_tar	None	None	None	None	110	10	135	60	35	85	(40, -69)	175	testing
8	wj	f	19	green	4	(80, 0)	(40, 69)	(-39, 69)	(-80, 0)	(-40, -69)	(40, -69)	circle	none	same	left	left	N_dist	(80, 0)	probe	h_norm	None	None	None	None	110	60	35	135	10	160	(40, 69)	163	testing
8	wj	f	19	green	4	(80, 0)	(40, 69)	(-39, 69)	(-80, 0)	(-40, -69)	(40, -69)	circle	green	dif	left	left	(40, 69)	(-39, 69)	probe	norm	None	None	None	None	85	135	110	10	160	35	(40, -69)	26	testing
8	wj	f	19	green	4	(80, 0)	(40, 69)	(-39, 69)	(-80, 0)	(-40, -69)	(40, -69)	diamond	green	dif	right	right	(40, 69)	(-40, -69)	probe	norm	None	None	None	None	35	10	110	135	85	60	(-80, 0)	167	testing
8	wj	f	19	green	4	(80, 0)	(40, 69)	(-39, 69)	(-80, 0)	(-40, -69)	(40, -69)	circle	none	same	left	left	N_dist	(-40, -69)	search	nr	True	647269	647962	left	85	60	35	135	160	10	None	None	testing
8	wj	f	19	green	4	(80, 0)	(40, 69)	(-39, 69)	(-80, 0)	(-40, -69)	(40, -69)	diamond	green	dif	left	left	(40, 69)	(-80, 0)	search	nr	True	649123	649882	left	135	35	160	110	10	60	None	None	testing
8	wj	f	19	green	4	(80, 0)	(40, 69)	(-39, 69)	(-80, 0)	(-40, -69)	(40, -69)	circle	green	same	left	left	(40, -69)	(-39, 69)	probe	tar	None	None	None	None	110	135	85	160	10	35	(-39, 69)	169	testing
8	wj	f	19	green	4	(80, 0)	(40, 69)	(-39, 69)	(-80, 0)	(-40, -69)	(40, -69)	diamond	green	same	right	right	(-80, 0)	(40, -69)	search	nr	True	657889	658905	right	135	10	60	85	110	160	None	None	testing
8	wj	f	19	green	4	(80, 0)	(40, 69)	(-39, 69)	(-80, 0)	(-40, -69)	(40, -69)	diamond	green	dif	right	right	(-39, 69)	(40, -69)	probe	l_sin	None	None	None	None	135	35	160	110	10	60	(-39, 69)	16	testing
8	wj	f	19	green	4	(80, 0)	(40, 69)	(-39, 69)	(-80, 0)	(-40, -69)	(40, -69)	circle	green	dif	left	left	(40, 69)	(80, 0)	probe	h_sin	None	None	None	None	60	160	10	110	85	35	(40, 69)	160	testing
8	wj	f	19	green	4	(80, 0)	(40, 69)	(-39, 69)	(-80, 0)	(-40, -69)	(40, -69)	circle	none	same	left	left	N_dist	(-80, 0)	search	nr	True	668625	669258	left	60	10	135	85	110	160	None	None	testing
8	wj	f	19	green	4	(80, 0)	(40, 69)	(-39, 69)	(-80, 0)	(-40, -69)	(40, -69)	circle	none	dif	left	left	N_dist	(80, 0)	search	nr	True	670345	670954	left	60	10	35	110	85	160	None	None	testing
8	wj	f	19	green	4	(80, 0)	(40, 69)	(-39, 69)	(-80, 0)	(-40, -69)	(40, -69)	diamond	none	same	left	left	N_dist	(-39, 69)	probe	h_norm	None	None	None	None	60	10	135	85	160	35	(40, 69)	150	testing
8	wj	f	19	green	4	(80, 0)	(40, 69)	(-39, 69)	(-80, 0)	(-40, -69)	(40, -69)	circle	green	same	right	right	(40, 69)	(-39, 69)	search	nr	True	677808	678426	right	160	35	135	10	110	60	None	None	testing
8	wj	f	19	green	4	(80, 0)	(40, 69)	(-39, 69)	(-80, 0)	(-40, -69)	(40, -69)	diamond	green	dif	right	right	(-39, 69)	(40, -69)	search	nr	True	679562	680281	right	110	60	85	35	135	10	None	None	testing
8	wj	f	19	green	4	(80, 0)	(40, 69)	(-39, 69)	(-80, 0)	(-40, -69)	(40, -69)	circle	green	dif	right	right	(-80, 0)	(80, 0)	search	nr	True	681449	682410	right	135	10	60	110	160	85	None	None	testing
8	wj	f	19	green	4	(80, 0)	(40, 69)	(-39, 69)	(-80, 0)	(-40, -69)	(40, -69)	diamond	none	same	right	right	N_dist	(80, 0)	probe	l_norm	None	None	None	None	160	135	85	110	60	10	(-80, 0)	167	testing
8	wj	f	19	green	4	(80, 0)	(40, 69)	(-39, 69)	(-80, 0)	(-40, -69)	(40, -69)	diamond	none	same	right	right	N_dist	(-40, -69)	probe	l_tar	None	None	None	None	35	110	160	10	60	85	(-40, -69)	158	testing
8	wj	f	19	green	4	(80, 0)	(40, 69)	(-39, 69)	(-80, 0)	(-40, -69)	(40, -69)	diamond	green	same	left	left	(80, 0)	(-80, 0)	search	nr	True	692769	693466	left	110	135	10	60	35	160	None	None	testing
8	wj	f	19	green	4	(80, 0)	(40, 69)	(-39, 69)	(-80, 0)	(-40, -69)	(40, -69)	circle	green	dif	left	left	(40, 69)	(40, -69)	probe	norm	None	None	None	None	135	35	85	110	60	160	(-39, 69)	13	testing
8	wj	f	19	green	4	(80, 0)	(40, 69)	(-39, 69)	(-80, 0)	(-40, -69)	(40, -69)	diamond	green	dif	right	right	(40, 69)	(80, 0)	search	nr	True	698530	699210	right	135	60	160	35	85	110	None	None	testing
8	wj	f	19	green	4	(80, 0)	(40, 69)	(-39, 69)	(-80, 0)	(-40, -69)	(40, -69)	circle	green	dif	right	right	(40, 69)	(-80, 0)	probe	h_sin	None	None	None	None	110	160	35	10	85	135	(40, 69)	20	testing
8	wj	f	19	green	4	(80, 0)	(40, 69)	(-39, 69)	(-80, 0)	(-40, -69)	(40, -69)	diamond	green	dif	left	left	(40, 69)	(-40, -69)	search	nr	True	705860	706778	left	110	35	10	135	85	160	None	None	testing
8	wj	f	19	green	4	(80, 0)	(40, 69)	(-39, 69)	(-80, 0)	(-40, -69)	(40, -69)	diamond	none	dif	left	left	N_dist	(-40, -69)	probe	l_norm	None	None	None	None	35	10	60	85	135	110	(-80, 0)	170	testing
8	wj	f	19	green	4	(80, 0)	(40, 69)	(-39, 69)	(-80, 0)	(-40, -69)	(40, -69)	circle	green	same	left	left	(40, 69)	(-39, 69)	search	nr	True	711687	712521	left	110	85	10	135	60	35	None	None	testing
8	wj	f	19	green	4	(80, 0)	(40, 69)	(-39, 69)	(-80, 0)	(-40, -69)	(40, -69)	diamond	none	dif	left	left	N_dist	(40, -69)	probe	l_norm	None	None	None	None	110	85	60	135	35	10	(-80, 0)	169	testing
8	wj	f	19	green	4	(80, 0)	(40, 69)	(-39, 69)	(-80, 0)	(-40, -69)	(40, -69)	circle	green	dif	right	right	(40, 69)	(-80, 0)	search	nr	True	718350	719002	right	10	160	85	60	110	135	None	None	testing
8	wj	f	19	green	4	(80, 0)	(40, 69)	(-39, 69)	(-80, 0)	(-40, -69)	(40, -69)	diamond	green	same	left	left	(-39, 69)	(80, 0)	search	nr	True	720304	721002	left	10	85	135	160	60	110	None	None	testing
8	wj	f	19	green	4	(80, 0)	(40, 69)	(-39, 69)	(-80, 0)	(-40, -69)	(40, -69)	circle	green	dif	left	left	(40, -69)	(-40, -69)	search	nr	True	722257	723210	left	135	10	160	110	35	60	None	None	testing
8	wj	f	19	green	4	(80, 0)	(40, 69)	(-39, 69)	(-80, 0)	(-40, -69)	(40, -69)	circle	green	same	right	right	(80, 0)	(-40, -69)	probe	l_sin	None	None	None	None	160	135	60	85	110	10	(80, 0)	176	testing
8	wj	f	19	green	4	(80, 0)	(40, 69)	(-39, 69)	(-80, 0)	(-40, -69)	(40, -69)	diamond	green	same	right	right	(40, 69)	(80, 0)	probe	h_sin	None	None	None	None	135	110	85	35	160	60	(40, 69)	19	testing
8	wj	f	19	green	4	(80, 0)	(40, 69)	(-39, 69)	(-80, 0)	(-40, -69)	(40, -69)	circle	green	same	right	right	(40, 69)	(-39, 69)	search	nr	True	733394	734057	right	10	85	135	110	35	160	None	None	testing
8	wj	f	19	green	4	(80, 0)	(40, 69)	(-39, 69)	(-80, 0)	(-40, -69)	(40, -69)	diamond	none	dif	left	left	N_dist	(40, -69)	search	nr	True	735164	736521	left	160	135	35	85	110	10	None	None	testing
8	wj	f	19	green	4	(80, 0)	(40, 69)	(-39, 69)	(-80, 0)	(-40, -69)	(40, -69)	circle	green	same	left	left	(40, 69)	(40, -69)	search	nr	True	737602	738506	left	135	85	10	160	60	110	None	None	testing
8	wj	f	19	green	4	(80, 0)	(40, 69)	(-39, 69)	(-80, 0)	(-40, -69)	(40, -69)	circle	green	same	right	right	(40, 69)	(80, 0)	search	nr	True	739789	740506	right	10	110	160	60	135	35	None	None	testing
8	wj	f	19	green	4	(80, 0)	(40, 69)	(-39, 69)	(-80, 0)	(-40, -69)	(40, -69)	diamond	green	dif	left	left	(-40, -69)	(-80, 0)	probe	norm	None	None	None	None	110	35	60	85	10	160	(-39, 69)	22	testing
8	wj	f	19	green	4	(80, 0)	(40, 69)	(-39, 69)	(-80, 0)	(-40, -69)	(40, -69)	circle	green	same	right	right	(40, 69)	(-80, 0)	search	nr	True	746819	747418	right	135	60	160	85	10	35	None	None	testing
8	wj	f	19	green	4	(80, 0)	(40, 69)	(-39, 69)	(-80, 0)	(-40, -69)	(40, -69)	diamond	none	dif	right	right	N_dist	(-39, 69)	search	nr	True	748673	749962	right	135	85	60	10	160	35	None	None	testing
8	wj	f	19	green	4	(80, 0)	(40, 69)	(-39, 69)	(-80, 0)	(-40, -69)	(40, -69)	diamond	green	dif	left	left	(40, 69)	(-80, 0)	probe	tar	None	None	None	None	135	35	110	10	160	85	(-80, 0)	161	testing
8	wj	f	19	green	4	(80, 0)	(40, 69)	(-39, 69)	(-80, 0)	(-40, -69)	(40, -69)	diamond	green	same	right	right	(-80, 0)	(40, -69)	probe	l_sin	None	None	None	None	110	85	35	160	10	135	(-80, 0)	163	testing
8	wj	f	19	green	4	(80, 0)	(40, 69)	(-39, 69)	(-80, 0)	(-40, -69)	(40, -69)	circle	green	same	right	right	(40, 69)	(-39, 69)	search	nr	True	761362	762185	right	110	160	85	60	135	10	None	None	testing
8	wj	f	19	green	4	(80, 0)	(40, 69)	(-39, 69)	(-80, 0)	(-40, -69)	(40, -69)	diamond	green	same	left	left	(40, 69)	(40, -69)	search	nr	True	763349	764298	left	160	85	135	35	10	60	None	None	testing
8	wj	f	19	green	4	(80, 0)	(40, 69)	(-39, 69)	(-80, 0)	(-40, -69)	(40, -69)	diamond	green	dif	left	left	(-40, -69)	(-39, 69)	search	nr	True	765403	766393	left	110	85	10	160	35	135	None	None	testing
8	wj	f	19	green	4	(80, 0)	(40, 69)	(-39, 69)	(-80, 0)	(-40, -69)	(40, -69)	diamond	none	same	right	right	N_dist	(-80, 0)	search	nr	True	767641	768458	right	35	10	160	85	110	135	None	None	testing
8	wj	f	19	green	4	(80, 0)	(40, 69)	(-39, 69)	(-80, 0)	(-40, -69)	(40, -69)	diamond	green	dif	right	right	(40, 69)	(40, -69)	search	nr	True	769577	770346	right	110	10	160	85	35	60	None	None	testing
8	wj	f	19	green	4	(80, 0)	(40, 69)	(-39, 69)	(-80, 0)	(-40, -69)	(40, -69)	circle	green	dif	right	right	(-40, -69)	(-39, 69)	search	nr	True	771531	772489	right	60	160	135	10	35	85	None	None	testing
8	wj	f	19	green	4	(80, 0)	(40, 69)	(-39, 69)	(-80, 0)	(-40, -69)	(40, -69)	diamond	green	same	left	left	(40, 69)	(40, -69)	search	nr	True	773752	774490	left	110	10	60	35	85	135	None	None	testing
8	wj	f	19	green	4	(80, 0)	(40, 69)	(-39, 69)	(-80, 0)	(-40, -69)	(40, -69)	circle	green	dif	right	right	(40, 69)	(-80, 0)	probe	norm	None	None	None	None	85	35	110	135	10	60	(80, 0)	169	testing
8	wj	f	19	green	4	(80, 0)	(40, 69)	(-39, 69)	(-80, 0)	(-40, -69)	(40, -69)	diamond	green	dif	left	left	(-40, -69)	(-39, 69)	search	nr	True	780063	780906	left	135	110	10	160	35	85	None	None	testing
8	wj	f	19	green	4	(80, 0)	(40, 69)	(-39, 69)	(-80, 0)	(-40, -69)	(40, -69)	circle	none	same	right	right	N_dist	(40, -69)	probe	h_norm	None	None	None	None	35	60	10	85	135	160	(40, 69)	164	testing
8	wj	f	19	green	4	(80, 0)	(40, 69)	(-39, 69)	(-80, 0)	(-40, -69)	(40, -69)	circle	none	dif	right	right	N_dist	(-80, 0)	search	nr	True	786292	786905	right	35	85	60	135	110	160	None	None	testing
8	wj	f	19	green	4	(80, 0)	(40, 69)	(-39, 69)	(-80, 0)	(-40, -69)	(40, -69)	circle	green	same	right	right	(40, 69)	(-39, 69)	probe	tar	None	None	None	None	60	135	10	160	35	110	(-39, 69)	18	testing
8	wj	f	19	green	4	(80, 0)	(40, 69)	(-39, 69)	(-80, 0)	(-40, -69)	(40, -69)	circle	green	dif	right	right	(-40, -69)	(-39, 69)	probe	norm	None	None	None	None	85	110	60	135	35	10	(40, 69)	172	testing
8	wj	f	19	green	4	(80, 0)	(40, 69)	(-39, 69)	(-80, 0)	(-40, -69)	(40, -69)	diamond	green	same	right	right	(-40, -69)	(80, 0)	search	nr	True	797195	798170	right	135	10	60	160	35	85	None	None	testing
8	wj	f	19	green	4	(80, 0)	(40, 69)	(-39, 69)	(-80, 0)	(-40, -69)	(40, -69)	circle	green	same	right	right	(80, 0)	(40, -69)	probe	l_sin	None	None	None	None	10	85	35	60	110	135	(80, 0)	165	testing
8	wj	f	19	green	4	(80, 0)	(40, 69)	(-39, 69)	(-80, 0)	(-40, -69)	(40, -69)	circle	none	dif	left	left	N_dist	(40, 69)	probe	h_tar	None	None	None	None	60	135	110	10	85	160	(40, 69)	24	testing
8	wj	f	19	green	4	(80, 0)	(40, 69)	(-39, 69)	(-80, 0)	(-40, -69)	(40, -69)	diamond	green	dif	right	right	(40, 69)	(80, 0)	search	nr	True	808733	809402	right	10	35	110	135	60	160	None	None	testing
8	wj	f	19	green	4	(80, 0)	(40, 69)	(-39, 69)	(-80, 0)	(-40, -69)	(40, -69)	diamond	green	same	left	left	(40, 69)	(80, 0)	search	nr	True	810569	811225	left	60	10	160	135	85	35	None	None	testing
8	wj	f	19	green	4	(80, 0)	(40, 69)	(-39, 69)	(-80, 0)	(-40, -69)	(40, -69)	circle	green	same	right	right	(40, 69)	(-39, 69)	search	nr	True	812340	813033	right	160	110	135	35	85	10	None	None	testing
8	wj	f	19	green	4	(80, 0)	(40, 69)	(-39, 69)	(-80, 0)	(-40, -69)	(40, -69)	circle	green	dif	left	left	(-39, 69)	(-80, 0)	search	nr	True	814276	815224	left	110	60	85	160	10	135	None	None	testing
8	wj	f	19	green	4	(80, 0)	(40, 69)	(-39, 69)	(-80, 0)	(-40, -69)	(40, -69)	diamond	none	same	right	right	N_dist	(40, -69)	search	nr	True	816363	817306	right	35	85	10	110	160	135	None	None	testing
8	wj	f	19	green	4	(80, 0)	(40, 69)	(-39, 69)	(-80, 0)	(-40, -69)	(40, -69)	diamond	green	same	left	left	(40, 69)	(40, -69)	search	nr	True	818451	819145	left	35	10	110	85	60	135	None	None	testing
8	wj	f	19	green	4	(80, 0)	(40, 69)	(-39, 69)	(-80, 0)	(-40, -69)	(40, -69)	circle	none	same	left	left	N_dist	(40, 69)	probe	h_tar	None	None	None	None	10	85	110	35	135	160	(40, 69)	169	testing
8	wj	f	19	green	4	(80, 0)	(40, 69)	(-39, 69)	(-80, 0)	(-40, -69)	(40, -69)	circle	none	dif	left	left	N_dist	(-40, -69)	search	nr	True	825747	826426	left	60	35	85	110	135	160	None	None	testing
8	wj	f	19	green	4	(80, 0)	(40, 69)	(-39, 69)	(-80, 0)	(-40, -69)	(40, -69)	diamond	none	same	left	left	N_dist	(40, 69)	search	nr	True	827617	828218	left	35	60	85	110	160	10	None	None	testing
8	wj	f	19	green	4	(80, 0)	(40, 69)	(-39, 69)	(-80, 0)	(-40, -69)	(40, -69)	circle	green	same	left	left	(-80, 0)	(40, -69)	probe	norm	None	None	None	None	35	135	160	10	85	110	(-39, 69)	16	testing
8	wj	f	19	green	4	(80, 0)	(40, 69)	(-39, 69)	(-80, 0)	(-40, -69)	(40, -69)	diamond	none	dif	left	left	N_dist	(-80, 0)	search	nr	True	834631	835242	left	10	85	35	160	60	135	None	None	testing
8	wj	f	19	green	4	(80, 0)	(40, 69)	(-39, 69)	(-80, 0)	(-40, -69)	(40, -69)	diamond	green	dif	right	right	(-39, 69)	(-80, 0)	search	nr	True	836317	837178	right	35	110	60	10	135	160	None	None	testing
8	wj	f	19	green	4	(80, 0)	(40, 69)	(-39, 69)	(-80, 0)	(-40, -69)	(40, -69)	diamond	green	same	right	right	(40, 69)	(40, -69)	search	nr	True	838337	838937	right	160	60	85	110	10	35	None	None	testing
8	wj	f	19	green	4	(80, 0)	(40, 69)	(-39, 69)	(-80, 0)	(-40, -69)	(40, -69)	diamond	green	dif	left	left	(40, 69)	(80, 0)	search	nr	True	840157	840746	left	10	110	160	85	60	135	None	None	testing
8	wj	f	19	green	4	(80, 0)	(40, 69)	(-39, 69)	(-80, 0)	(-40, -69)	(40, -69)	diamond	none	dif	right	right	N_dist	(-40, -69)	search	nr	True	842027	842697	right	60	85	135	160	110	10	None	None	testing
8	wj	f	19	green	4	(80, 0)	(40, 69)	(-39, 69)	(-80, 0)	(-40, -69)	(40, -69)	diamond	green	same	right	right	(40, 69)	(80, 0)	search	nr	True	843981	844585	right	85	60	160	135	10	35	None	None	testing
8	wj	f	19	green	4	(80, 0)	(40, 69)	(-39, 69)	(-80, 0)	(-40, -69)	(40, -69)	circle	green	dif	left	left	(40, 69)	(-40, -69)	search	nr	True	845784	846569	left	10	110	160	35	60	135	None	None	testing
8	wj	f	19	green	4	(80, 0)	(40, 69)	(-39, 69)	(-80, 0)	(-40, -69)	(40, -69)	circle	none	dif	right	right	N_dist	(-80, 0)	search	nr	True	847687	848313	right	10	135	160	110	35	85	None	None	testing
8	wj	f	19	green	4	(80, 0)	(40, 69)	(-39, 69)	(-80, 0)	(-40, -69)	(40, -69)	circle	none	dif	left	left	N_dist	(-80, 0)	search	nr	True	849557	850218	left	135	85	35	110	160	60	None	None	testing
8	wj	f	19	green	4	(80, 0)	(40, 69)	(-39, 69)	(-80, 0)	(-40, -69)	(40, -69)	diamond	green	same	left	left	(40, 69)	(40, -69)	probe	norm	None	None	None	None	35	60	110	135	160	10	(-40, -69)	152	testing
8	wj	f	19	green	4	(80, 0)	(40, 69)	(-39, 69)	(-80, 0)	(-40, -69)	(40, -69)	diamond	none	same	left	left	N_dist	(40, 69)	probe	h_tar	None	None	None	None	35	60	85	135	110	10	(40, 69)	17	testing
8	wj	f	19	green	4	(80, 0)	(40, 69)	(-39, 69)	(-80, 0)	(-40, -69)	(40, -69)	diamond	green	same	left	left	(40, 69)	(80, 0)	probe	tar	None	None	None	None	160	10	85	60	135	110	(80, 0)	25	testing
8	wj	f	19	green	4	(80, 0)	(40, 69)	(-39, 69)	(-80, 0)	(-40, -69)	(40, -69)	circle	green	same	left	left	(-80, 0)	(-40, -69)	search	nr	True	864636	865466	left	60	85	160	35	135	10	None	None	testing
8	wj	f	19	green	4	(80, 0)	(40, 69)	(-39, 69)	(-80, 0)	(-40, -69)	(40, -69)	diamond	none	dif	left	left	N_dist	(40, -69)	search	nr	True	866589	867242	left	60	135	35	110	160	85	None	None	testing
8	wj	f	19	green	4	(80, 0)	(40, 69)	(-39, 69)	(-80, 0)	(-40, -69)	(40, -69)	circle	green	same	left	left	(40, -69)	(-39, 69)	search	nr	True	868459	869273	left	35	135	60	160	10	110	None	None	testing
8	wj	f	19	green	4	(80, 0)	(40, 69)	(-39, 69)	(-80, 0)	(-40, -69)	(40, -69)	diamond	green	dif	left	left	(-40, -69)	(-39, 69)	probe	l_sin	None	None	None	None	85	35	10	160	135	60	(-40, -69)	154	testing
8	wj	f	19	green	4	(80, 0)	(40, 69)	(-39, 69)	(-80, 0)	(-40, -69)	(40, -69)	diamond	green	same	left	left	(40, 69)	(80, 0)	search	nr	True	875706	876506	left	60	160	110	135	35	85	None	None	testing
8	wj	f	19	green	4	(80, 0)	(40, 69)	(-39, 69)	(-80, 0)	(-40, -69)	(40, -69)	diamond	none	dif	right	right	N_dist	(-40, -69)	search	nr	True	877760	878441	right	160	85	10	35	110	135	None	None	testing
8	wj	f	19	green	4	(80, 0)	(40, 69)	(-39, 69)	(-80, 0)	(-40, -69)	(40, -69)	diamond	green	same	right	right	(40, 69)	(40, -69)	probe	h_sin	None	None	None	None	60	160	10	35	85	135	(40, 69)	166	testing
8	wj	f	19	green	4	(80, 0)	(40, 69)	(-39, 69)	(-80, 0)	(-40, -69)	(40, -69)	diamond	none	same	left	left	N_dist	(40, -69)	probe	h_norm	None	None	None	None	35	110	160	85	135	10	(40, 69)	14	testing
8	wj	f	19	green	4	(80, 0)	(40, 69)	(-39, 69)	(-80, 0)	(-40, -69)	(40, -69)	diamond	none	same	left	left	N_dist	(-39, 69)	search	nr	True	888129	888745	left	160	60	110	10	85	135	None	None	testing
8	wj	f	19	green	4	(80, 0)	(40, 69)	(-39, 69)	(-80, 0)	(-40, -69)	(40, -69)	circle	green	same	left	left	(40, 69)	(-80, 0)	probe	tar	None	None	None	None	135	110	35	60	85	10	(-80, 0)	167	testing
8	wj	f	19	green	4	(80, 0)	(40, 69)	(-39, 69)	(-80, 0)	(-40, -69)	(40, -69)	diamond	none	same	left	left	N_dist	(40, -69)	search	nr	True	894340	894890	left	135	10	160	60	85	110	None	None	testing
8	wj	f	19	green	4	(80, 0)	(40, 69)	(-39, 69)	(-80, 0)	(-40, -69)	(40, -69)	circle	none	dif	right	right	N_dist	(80, 0)	search	nr	True	896010	896842	right	10	35	85	60	160	110	None	None	testing
8	wj	f	19	green	4	(80, 0)	(40, 69)	(-39, 69)	(-80, 0)	(-40, -69)	(40, -69)	diamond	green	same	left	left	(40, 69)	(-80, 0)	probe	norm	None	None	None	None	160	35	10	60	85	135	(-40, -69)	166	testing
8	wj	f	19	green	4	(80, 0)	(40, 69)	(-39, 69)	(-80, 0)	(-40, -69)	(40, -69)	diamond	green	same	right	right	(40, 69)	(80, 0)	search	nr	True	903123	903737	right	60	35	85	160	135	10	None	None	testing
8	wj	f	19	green	4	(80, 0)	(40, 69)	(-39, 69)	(-80, 0)	(-40, -69)	(40, -69)	circle	green	same	left	left	(-80, 0)	(40, -69)	search	nr	True	904927	906010	left	60	10	160	85	110	35	None	None	testing
8	wj	f	19	green	4	(80, 0)	(40, 69)	(-39, 69)	(-80, 0)	(-40, -69)	(40, -69)	diamond	none	dif	right	right	N_dist	(40, 69)	search	nr	True	907230	908170	right	85	160	10	110	60	35	None	None	testing
8	wj	f	19	green	4	(80, 0)	(40, 69)	(-39, 69)	(-80, 0)	(-40, -69)	(40, -69)	circle	none	same	right	right	N_dist	(-80, 0)	search	nr	True	909251	910073	right	135	110	160	10	35	60	None	None	testing
8	wj	f	19	green	4	(80, 0)	(40, 69)	(-39, 69)	(-80, 0)	(-40, -69)	(40, -69)	diamond	green	same	right	right	(40, 69)	(-40, -69)	probe	norm	None	None	None	None	160	60	10	85	110	135	(-39, 69)	11	testing
8	wj	f	19	green	4	(80, 0)	(40, 69)	(-39, 69)	(-80, 0)	(-40, -69)	(40, -69)	circle	green	dif	right	right	(40, 69)	(-40, -69)	search	nr	True	917666	918312	right	160	35	135	10	60	85	None	None	testing
8	wj	f	19	green	4	(80, 0)	(40, 69)	(-39, 69)	(-80, 0)	(-40, -69)	(40, -69)	circle	green	same	left	left	(40, 69)	(-39, 69)	search	nr	True	919370	920042	left	160	35	110	60	135	85	None	None	testing
8	wj	f	19	green	4	(80, 0)	(40, 69)	(-39, 69)	(-80, 0)	(-40, -69)	(40, -69)	circle	green	same	right	right	(40, 69)	(40, -69)	search	nr	True	921206	921802	right	160	135	110	85	10	35	None	None	testing
8	wj	f	19	green	4	(80, 0)	(40, 69)	(-39, 69)	(-80, 0)	(-40, -69)	(40, -69)	circle	green	same	right	right	(40, 69)	(-39, 69)	probe	h_sin	None	None	None	None	110	135	160	60	10	85	(40, 69)	24	testing
8	wj	f	19	green	4	(80, 0)	(40, 69)	(-39, 69)	(-80, 0)	(-40, -69)	(40, -69)	circle	green	same	right	right	(40, 69)	(-80, 0)	probe	tar	None	None	None	None	135	110	160	60	10	85	(-80, 0)	167	testing
8	wj	f	19	green	4	(80, 0)	(40, 69)	(-39, 69)	(-80, 0)	(-40, -69)	(40, -69)	diamond	green	same	right	right	(40, 69)	(80, 0)	probe	h_sin	None	None	None	None	60	35	160	135	10	85	(40, 69)	169	testing
8	wj	f	19	green	4	(80, 0)	(40, 69)	(-39, 69)	(-80, 0)	(-40, -69)	(40, -69)	diamond	green	dif	right	right	(40, 69)	(-39, 69)	search	nr	True	937119	938794	right	85	135	35	160	10	60	None	None	testing
8	wj	f	19	green	4	(80, 0)	(40, 69)	(-39, 69)	(-80, 0)	(-40, -69)	(40, -69)	circle	green	same	right	right	(40, 69)	(40, -69)	search	nr	True	940008	940729	right	135	160	10	110	35	85	None	None	testing
8	wj	f	19	green	4	(80, 0)	(40, 69)	(-39, 69)	(-80, 0)	(-40, -69)	(40, -69)	diamond	green	same	right	right	(80, 0)	(-80, 0)	search	nr	True	942028	942697	right	160	35	10	135	85	110	None	None	testing
8	wj	f	19	green	4	(80, 0)	(40, 69)	(-39, 69)	(-80, 0)	(-40, -69)	(40, -69)	diamond	green	dif	right	right	(-80, 0)	(-40, -69)	search	nr	True	943898	944745	right	135	160	85	110	10	35	None	None	testing
8	wj	f	19	green	4	(80, 0)	(40, 69)	(-39, 69)	(-80, 0)	(-40, -69)	(40, -69)	diamond	green	same	left	left	(40, 69)	(40, -69)	probe	h_sin	None	None	None	None	85	10	135	110	60	35	(40, 69)	20	testing
8	wj	f	19	green	4	(80, 0)	(40, 69)	(-39, 69)	(-80, 0)	(-40, -69)	(40, -69)	diamond	green	same	right	right	(40, 69)	(-40, -69)	search	nr	True	950293	951033	right	85	160	35	10	135	110	None	None	testing
8	wj	f	19	green	4	(80, 0)	(40, 69)	(-39, 69)	(-80, 0)	(-40, -69)	(40, -69)	diamond	none	same	left	left	N_dist	(40, 69)	search	nr	True	952213	952857	left	60	110	85	135	10	160	None	None	testing
8	wj	f	19	green	4	(80, 0)	(40, 69)	(-39, 69)	(-80, 0)	(-40, -69)	(40, -69)	diamond	green	same	left	left	(40, 69)	(-40, -69)	search	nr	True	954000	954777	left	135	35	10	60	85	110	None	None	testing
8	wj	f	19	green	4	(80, 0)	(40, 69)	(-39, 69)	(-80, 0)	(-40, -69)	(40, -69)	diamond	green	same	left	left	(40, 69)	(-80, 0)	search	nr	True	955971	956601	left	110	85	35	135	10	60	None	None	testing
8	wj	f	19	green	4	(80, 0)	(40, 69)	(-39, 69)	(-80, 0)	(-40, -69)	(40, -69)	circle	green	dif	left	left	(40, -69)	(-40, -69)	probe	l_sin	None	None	None	None	35	60	10	110	135	85	(40, -69)	8	testing
8	wj	f	19	green	4	(80, 0)	(40, 69)	(-39, 69)	(-80, 0)	(-40, -69)	(40, -69)	circle	none	dif	right	right	N_dist	(40, 69)	probe	h_tar	None	None	None	None	10	160	60	110	85	35	(40, 69)	25	testing
8	wj	f	19	green	4	(80, 0)	(40, 69)	(-39, 69)	(-80, 0)	(-40, -69)	(40, -69)	circle	green	dif	left	left	(40, 69)	(40, -69)	search	nr	True	968860	969481	left	85	35	160	135	60	10	None	None	testing
8	wj	f	19	green	4	(80, 0)	(40, 69)	(-39, 69)	(-80, 0)	(-40, -69)	(40, -69)	diamond	green	dif	right	right	(40, 69)	(-39, 69)	probe	tar	None	None	None	None	110	10	60	35	85	135	(-39, 69)	165	testing
8	wj	f	19	green	4	(80, 0)	(40, 69)	(-39, 69)	(-80, 0)	(-40, -69)	(40, -69)	circle	none	same	right	right	N_dist	(-39, 69)	probe	l_norm	None	None	None	None	35	110	10	160	85	135	(80, 0)	21	testing
8	wj	f	19	green	4	(80, 0)	(40, 69)	(-39, 69)	(-80, 0)	(-40, -69)	(40, -69)	diamond	none	dif	left	left	N_dist	(-39, 69)	probe	h_norm	None	None	None	None	160	135	110	60	35	85	(40, 69)	22	testing
8	wj	f	19	green	4	(80, 0)	(40, 69)	(-39, 69)	(-80, 0)	(-40, -69)	(40, -69)	diamond	green	dif	left	left	(40, 69)	(40, -69)	search	nr	True	983204	983913	left	10	160	110	35	135	60	None	None	testing
8	wj	f	19	green	4	(80, 0)	(40, 69)	(-39, 69)	(-80, 0)	(-40, -69)	(40, -69)	circle	none	same	right	right	N_dist	(40, -69)	search	nr	True	985023	985722	right	85	160	60	110	135	35	None	None	testing
8	wj	f	19	green	4	(80, 0)	(40, 69)	(-39, 69)	(-80, 0)	(-40, -69)	(40, -69)	circle	green	same	left	left	(40, 69)	(-80, 0)	search	nr	True	986994	987609	left	60	160	10	35	85	110	None	None	testing
8	wj	f	19	green	4	(80, 0)	(40, 69)	(-39, 69)	(-80, 0)	(-40, -69)	(40, -69)	circle	green	same	right	right	(40, 69)	(-39, 69)	search	nr	True	988914	989577	right	135	160	10	60	85	110	None	None	testing
8	wj	f	19	green	4	(80, 0)	(40, 69)	(-39, 69)	(-80, 0)	(-40, -69)	(40, -69)	circle	green	dif	right	right	(40, 69)	(-40, -69)	search	nr	True	990850	991545	right	160	85	35	135	110	60	None	None	testing
8	wj	f	19	green	4	(80, 0)	(40, 69)	(-39, 69)	(-80, 0)	(-40, -69)	(40, -69)	diamond	green	same	left	left	(40, 69)	(-39, 69)	search	nr	True	992755	993401	left	85	35	10	135	110	60	None	None	testing
8	wj	f	19	green	4	(80, 0)	(40, 69)	(-39, 69)	(-80, 0)	(-40, -69)	(40, -69)	diamond	green	dif	left	left	(-40, -69)	(-80, 0)	search	nr	True	994608	995705	left	135	60	10	110	85	160	None	None	testing
8	wj	f	19	green	4	(80, 0)	(40, 69)	(-39, 69)	(-80, 0)	(-40, -69)	(40, -69)	circle	green	dif	right	right	(40, 69)	(-40, -69)	probe	norm	None	None	None	None	135	110	160	60	35	10	(40, -69)	30	testing
8	wj	f	19	green	4	(80, 0)	(40, 69)	(-39, 69)	(-80, 0)	(-40, -69)	(40, -69)	circle	none	dif	right	right	N_dist	(-80, 0)	probe	l_tar	None	None	None	None	35	10	60	110	85	135	(-80, 0)	11	testing
8	wj	f	19	green	4	(80, 0)	(40, 69)	(-39, 69)	(-80, 0)	(-40, -69)	(40, -69)	circle	none	dif	left	left	N_dist	(40, -69)	probe	l_tar	None	None	None	None	110	135	160	60	35	10	(40, -69)	24	testing
8	wj	f	19	green	4	(80, 0)	(40, 69)	(-39, 69)	(-80, 0)	(-40, -69)	(40, -69)	diamond	green	same	left	left	(40, 69)	(40, -69)	probe	tar	None	None	None	None	35	110	10	135	85	160	(40, -69)	35	testing
8	wj	f	19	green	4	(80, 0)	(40, 69)	(-39, 69)	(-80, 0)	(-40, -69)	(40, -69)	circle	green	same	right	right	(40, 69)	(-39, 69)	probe	tar	None	None	None	None	10	135	160	110	85	35	(-39, 69)	23	testing
8	wj	f	19	green	4	(80, 0)	(40, 69)	(-39, 69)	(-80, 0)	(-40, -69)	(40, -69)	diamond	none	dif	right	right	N_dist	(80, 0)	probe	l_norm	None	None	None	None	10	35	135	60	85	160	(40, -69)	21	testing
8	wj	f	19	green	4	(80, 0)	(40, 69)	(-39, 69)	(-80, 0)	(-40, -69)	(40, -69)	circle	green	same	left	left	(40, 69)	(40, -69)	probe	tar	None	None	None	None	85	35	160	135	60	110	(40, -69)	22	testing
8	wj	f	19	green	4	(80, 0)	(40, 69)	(-39, 69)	(-80, 0)	(-40, -69)	(40, -69)	circle	none	dif	right	right	N_dist	(-80, 0)	search	nr	True	1028387	1029001	right	10	110	135	60	85	35	None	None	testing
8	wj	f	19	green	4	(80, 0)	(40, 69)	(-39, 69)	(-80, 0)	(-40, -69)	(40, -69)	circle	none	dif	right	right	N_dist	(80, 0)	probe	h_norm	None	None	None	None	135	60	35	160	110	10	(40, 69)	166	testing
8	wj	f	19	green	4	(80, 0)	(40, 69)	(-39, 69)	(-80, 0)	(-40, -69)	(40, -69)	diamond	green	dif	left	left	(40, 69)	(40, -69)	probe	h_sin	None	None	None	None	160	110	135	10	35	85	(40, 69)	20	testing
8	wj	f	19	green	4	(80, 0)	(40, 69)	(-39, 69)	(-80, 0)	(-40, -69)	(40, -69)	circle	green	dif	right	right	(-80, 0)	(80, 0)	search	nr	True	1040391	1041113	right	10	60	135	160	85	35	None	None	testing
8	wj	f	19	green	4	(80, 0)	(40, 69)	(-39, 69)	(-80, 0)	(-40, -69)	(40, -69)	circle	green	dif	right	right	(40, 69)	(-80, 0)	probe	tar	None	None	None	None	85	160	135	60	10	110	(-80, 0)	167	testing
8	wj	f	19	green	4	(80, 0)	(40, 69)	(-39, 69)	(-80, 0)	(-40, -69)	(40, -69)	diamond	green	same	right	right	(40, 69)	(-40, -69)	search	nr	True	1046721	1047497	right	35	10	85	110	160	60	None	None	testing
8	wj	f	19	green	4	(80, 0)	(40, 69)	(-39, 69)	(-80, 0)	(-40, -69)	(40, -69)	circle	none	dif	left	left	N_dist	(-40, -69)	probe	l_tar	None	None	None	None	160	85	135	60	35	110	(-40, -69)	150	testing
8	wj	f	19	green	4	(80, 0)	(40, 69)	(-39, 69)	(-80, 0)	(-40, -69)	(40, -69)	circle	none	same	right	right	N_dist	(40, -69)	search	nr	True	1052798	1053497	right	60	135	110	10	35	160	None	None	testing
8	wj	f	19	green	4	(80, 0)	(40, 69)	(-39, 69)	(-80, 0)	(-40, -69)	(40, -69)	diamond	green	dif	right	right	(40, 69)	(80, 0)	search	nr	True	1054585	1055129	right	135	160	10	60	35	110	None	None	testing
8	wj	f	19	green	4	(80, 0)	(40, 69)	(-39, 69)	(-80, 0)	(-40, -69)	(40, -69)	diamond	none	dif	right	right	N_dist	(-40, -69)	search	nr	True	1056354	1057145	right	135	85	10	60	35	160	None	None	testing
8	wj	f	19	green	4	(80, 0)	(40, 69)	(-39, 69)	(-80, 0)	(-40, -69)	(40, -69)	diamond	none	dif	right	right	N_dist	(80, 0)	search	nr	True	1058391	1058970	right	35	110	85	10	135	60	None	None	testing
8	wj	f	19	green	4	(80, 0)	(40, 69)	(-39, 69)	(-80, 0)	(-40, -69)	(40, -69)	diamond	green	dif	left	left	(40, 69)	(-39, 69)	probe	tar	None	None	None	None	110	135	60	10	85	160	(-39, 69)	165	testing
8	wj	f	19	green	4	(80, 0)	(40, 69)	(-39, 69)	(-80, 0)	(-40, -69)	(40, -69)	circle	green	same	right	right	(80, 0)	(40, -69)	search	nr	True	1064670	1065400	right	110	35	135	60	85	10	None	None	testing
8	wj	f	19	green	4	(80, 0)	(40, 69)	(-39, 69)	(-80, 0)	(-40, -69)	(40, -69)	circle	green	dif	left	left	(40, 69)	(-40, -69)	search	nr	True	1066573	1067225	left	135	60	35	85	10	160	None	None	testing
8	wj	f	19	green	4	(80, 0)	(40, 69)	(-39, 69)	(-80, 0)	(-40, -69)	(40, -69)	circle	none	same	right	right	N_dist	(40, 69)	search	nr	True	1068344	1069144	right	85	35	160	135	10	110	None	None	testing
8	wj	f	19	green	4	(80, 0)	(40, 69)	(-39, 69)	(-80, 0)	(-40, -69)	(40, -69)	diamond	none	same	right	right	N_dist	(80, 0)	search	nr	True	1070247	1071049	right	85	10	60	135	110	35	None	None	testing
8	wj	f	19	green	4	(80, 0)	(40, 69)	(-39, 69)	(-80, 0)	(-40, -69)	(40, -69)	circle	green	same	left	left	(-80, 0)	(-40, -69)	probe	tar	None	None	None	None	10	35	60	110	160	135	(-40, -69)	160	testing
8	wj	f	19	green	4	(80, 0)	(40, 69)	(-39, 69)	(-80, 0)	(-40, -69)	(40, -69)	circle	none	same	right	right	N_dist	(-40, -69)	search	nr	True	1076826	1077417	right	160	10	60	35	110	85	None	None	testing
8	wj	f	19	green	4	(80, 0)	(40, 69)	(-39, 69)	(-80, 0)	(-40, -69)	(40, -69)	circle	green	dif	left	left	(40, 69)	(40, -69)	search	nr	True	1078562	1079209	left	160	110	35	10	60	135	None	None	testing
8	wj	f	19	green	4	(80, 0)	(40, 69)	(-39, 69)	(-80, 0)	(-40, -69)	(40, -69)	diamond	green	same	left	left	(-40, -69)	(80, 0)	search	nr	True	1080332	1080953	left	10	110	35	160	60	135	None	None	testing
8	wj	f	19	green	4	(80, 0)	(40, 69)	(-39, 69)	(-80, 0)	(-40, -69)	(40, -69)	circle	none	same	left	left	N_dist	(80, 0)	search	nr	True	1082052	1082682	left	110	135	85	60	160	35	None	None	testing
8	wj	f	19	green	4	(80, 0)	(40, 69)	(-39, 69)	(-80, 0)	(-40, -69)	(40, -69)	circle	green	dif	right	right	(40, 69)	(-40, -69)	search	nr	True	1083822	1084601	right	85	10	60	35	160	135	None	None	testing
8	wj	f	19	green	4	(80, 0)	(40, 69)	(-39, 69)	(-80, 0)	(-40, -69)	(40, -69)	circle	green	dif	right	right	(80, 0)	(-39, 69)	search	nr	True	1085792	1086474	right	135	10	110	85	60	160	None	None	testing
8	wj	f	19	green	4	(80, 0)	(40, 69)	(-39, 69)	(-80, 0)	(-40, -69)	(40, -69)	diamond	none	dif	right	right	N_dist	(40, 69)	search	nr	True	1087546	1088441	right	160	35	10	85	60	135	None	None	testing
8	wj	f	19	green	4	(80, 0)	(40, 69)	(-39, 69)	(-80, 0)	(-40, -69)	(40, -69)	diamond	green	dif	left	left	(40, 69)	(-80, 0)	search	nr	True	1089582	1090297	left	135	160	60	35	85	110	None	None	testing
8	wj	f	19	green	4	(80, 0)	(40, 69)	(-39, 69)	(-80, 0)	(-40, -69)	(40, -69)	circle	green	dif	left	left	(40, 69)	(80, 0)	search	nr	True	1091503	1092489	left	60	10	85	160	35	110	None	None	testing
8	wj	f	19	green	4	(80, 0)	(40, 69)	(-39, 69)	(-80, 0)	(-40, -69)	(40, -69)	diamond	green	dif	right	right	(-39, 69)	(40, -69)	probe	l_sin	None	None	None	None	85	35	135	160	60	110	(-39, 69)	17	testing
8	wj	f	19	green	4	(80, 0)	(40, 69)	(-39, 69)	(-80, 0)	(-40, -69)	(40, -69)	circle	green	dif	right	right	(40, 69)	(-40, -69)	search	nr	True	1098115	1098985	right	10	35	135	160	110	85	None	None	testing
8	wj	f	19	green	4	(80, 0)	(40, 69)	(-39, 69)	(-80, 0)	(-40, -69)	(40, -69)	diamond	green	dif	right	right	(-39, 69)	(40, -69)	search	nr	True	1100085	1100665	right	135	35	60	10	110	160	None	None	testing
8	wj	f	19	green	4	(80, 0)	(40, 69)	(-39, 69)	(-80, 0)	(-40, -69)	(40, -69)	diamond	green	same	left	left	(40, 69)	(40, -69)	search	nr	True	1101889	1102553	left	135	85	35	60	10	160	None	None	testing
8	wj	f	19	green	4	(80, 0)	(40, 69)	(-39, 69)	(-80, 0)	(-40, -69)	(40, -69)	circle	green	dif	left	left	(40, 69)	(-80, 0)	probe	h_sin	None	None	None	None	135	10	60	110	160	85	(40, 69)	159	testing
8	wj	f	19	green	4	(80, 0)	(40, 69)	(-39, 69)	(-80, 0)	(-40, -69)	(40, -69)	circle	green	dif	right	right	(-80, 0)	(80, 0)	probe	norm	None	None	None	None	60	135	10	160	110	35	(40, 69)	164	testing
8	wj	f	19	green	4	(80, 0)	(40, 69)	(-39, 69)	(-80, 0)	(-40, -69)	(40, -69)	circle	green	dif	left	left	(-80, 0)	(-40, -69)	search	nr	True	1111089	1111977	left	135	110	160	60	85	35	None	None	testing
8	wj	f	19	green	4	(80, 0)	(40, 69)	(-39, 69)	(-80, 0)	(-40, -69)	(40, -69)	circle	none	dif	right	right	N_dist	(40, 69)	search	nr	True	1113076	1113721	right	85	160	110	35	60	10	None	None	testing
8	wj	f	19	green	4	(80, 0)	(40, 69)	(-39, 69)	(-80, 0)	(-40, -69)	(40, -69)	diamond	none	same	right	right	N_dist	(80, 0)	probe	h_norm	None	None	None	None	10	35	135	60	85	160	(40, 69)	22	testing
8	wj	f	19	green	4	(80, 0)	(40, 69)	(-39, 69)	(-80, 0)	(-40, -69)	(40, -69)	diamond	none	same	right	right	N_dist	(80, 0)	search	nr	True	1119638	1120217	right	10	60	35	160	135	85	None	None	testing
8	wj	f	19	green	4	(80, 0)	(40, 69)	(-39, 69)	(-80, 0)	(-40, -69)	(40, -69)	diamond	green	dif	right	right	(-39, 69)	(-80, 0)	search	nr	True	1121324	1122009	right	135	10	160	110	85	35	None	None	testing
8	wj	f	19	green	4	(80, 0)	(40, 69)	(-39, 69)	(-80, 0)	(-40, -69)	(40, -69)	diamond	none	same	left	left	N_dist	(40, 69)	probe	h_tar	None	None	None	None	135	35	110	160	85	60	(40, 69)	154	testing
8	wj	f	19	green	4	(80, 0)	(40, 69)	(-39, 69)	(-80, 0)	(-40, -69)	(40, -69)	diamond	green	dif	right	right	(40, 69)	(40, -69)	search	nr	True	1127351	1128089	right	160	35	85	60	135	10	None	None	testing
8	wj	f	19	green	4	(80, 0)	(40, 69)	(-39, 69)	(-80, 0)	(-40, -69)	(40, -69)	circle	green	same	left	left	(40, -69)	(-39, 69)	search	nr	True	1129339	1130089	left	160	60	35	85	10	110	None	None	testing
8	wj	f	19	green	4	(80, 0)	(40, 69)	(-39, 69)	(-80, 0)	(-40, -69)	(40, -69)	diamond	green	dif	right	right	(-39, 69)	(-80, 0)	probe	norm	None	None	None	None	110	135	60	35	160	85	(80, 0)	13	testing
8	wj	f	19	green	4	(80, 0)	(40, 69)	(-39, 69)	(-80, 0)	(-40, -69)	(40, -69)	circle	none	same	left	left	N_dist	(-40, -69)	probe	l_norm	None	None	None	None	160	110	135	10	60	85	(40, -69)	24	testing
8	wj	f	19	green	4	(80, 0)	(40, 69)	(-39, 69)	(-80, 0)	(-40, -69)	(40, -69)	circle	green	same	left	left	(40, 69)	(-40, -69)	probe	h_sin	None	None	None	None	135	85	35	10	110	160	(40, 69)	165	testing
8	wj	f	19	green	4	(80, 0)	(40, 69)	(-39, 69)	(-80, 0)	(-40, -69)	(40, -69)	circle	green	same	left	left	(40, 69)	(-40, -69)	search	nr	True	1145518	1146217	left	35	10	135	110	60	85	None	None	testing
8	wj	f	19	green	4	(80, 0)	(40, 69)	(-39, 69)	(-80, 0)	(-40, -69)	(40, -69)	diamond	green	dif	left	left	(40, 69)	(40, -69)	search	nr	True	1147289	1147961	left	35	10	60	135	160	110	None	None	testing
8	wj	f	19	green	4	(80, 0)	(40, 69)	(-39, 69)	(-80, 0)	(-40, -69)	(40, -69)	circle	green	dif	left	left	(40, 69)	(-39, 69)	search	nr	True	1149242	1150057	left	110	10	85	60	35	135	None	None	testing
8	wj	f	19	green	4	(80, 0)	(40, 69)	(-39, 69)	(-80, 0)	(-40, -69)	(40, -69)	circle	green	same	right	right	(40, 69)	(80, 0)	search	nr	True	1151229	1151913	right	160	135	35	110	60	85	None	None	testing
8	wj	f	19	green	4	(80, 0)	(40, 69)	(-39, 69)	(-80, 0)	(-40, -69)	(40, -69)	circle	none	dif	right	right	N_dist	(-80, 0)	search	nr	True	1153216	1153849	right	60	160	85	10	135	110	None	None	testing
8	wj	f	19	green	4	(80, 0)	(40, 69)	(-39, 69)	(-80, 0)	(-40, -69)	(40, -69)	circle	green	same	right	right	(40, 69)	(80, 0)	probe	norm	None	None	None	None	85	110	160	35	135	60	(40, -69)	17	testing
8	wj	f	19	green	4	(80, 0)	(40, 69)	(-39, 69)	(-80, 0)	(-40, -69)	(40, -69)	circle	green	dif	right	right	(40, 69)	(80, 0)	probe	h_sin	None	None	None	None	10	160	35	85	110	60	(40, 69)	23	testing
8	wj	f	19	green	4	(80, 0)	(40, 69)	(-39, 69)	(-80, 0)	(-40, -69)	(40, -69)	diamond	green	dif	left	left	(80, 0)	(-40, -69)	search	nr	True	1164671	1165465	left	85	35	10	60	110	160	None	None	testing
8	wj	f	19	green	4	(80, 0)	(40, 69)	(-39, 69)	(-80, 0)	(-40, -69)	(40, -69)	diamond	none	same	right	right	N_dist	(-40, -69)	search	nr	True	1166657	1167385	right	110	160	135	60	35	10	None	None	testing
8	wj	f	19	green	4	(80, 0)	(40, 69)	(-39, 69)	(-80, 0)	(-40, -69)	(40, -69)	circle	green	same	left	left	(40, -69)	(-39, 69)	search	nr	True	1168560	1169257	left	10	135	85	60	160	35	None	None	testing
8	wj	f	19	green	4	(80, 0)	(40, 69)	(-39, 69)	(-80, 0)	(-40, -69)	(40, -69)	diamond	green	dif	left	left	(80, 0)	(-40, -69)	search	nr	True	1170381	1171144	left	10	35	85	135	160	60	None	None	testing
8	wj	f	19	green	4	(80, 0)	(40, 69)	(-39, 69)	(-80, 0)	(-40, -69)	(40, -69)	diamond	green	dif	left	left	(40, 69)	(-40, -69)	search	nr	True	1172251	1173097	left	160	10	85	60	110	135	None	None	testing
8	wj	f	19	green	4	(80, 0)	(40, 69)	(-39, 69)	(-80, 0)	(-40, -69)	(40, -69)	circle	green	same	right	right	(40, 69)	(-80, 0)	search	nr	True	1174338	1175049	right	60	135	110	160	85	35	None	None	testing
8	wj	f	19	green	4	(80, 0)	(40, 69)	(-39, 69)	(-80, 0)	(-40, -69)	(40, -69)	diamond	green	dif	right	right	(40, 69)	(-39, 69)	probe	tar	None	None	None	None	160	35	110	85	10	60	(-39, 69)	19	testing
8	wj	f	19	green	4	(80, 0)	(40, 69)	(-39, 69)	(-80, 0)	(-40, -69)	(40, -69)	circle	green	same	left	left	(40, 69)	(-80, 0)	search	nr	True	1181552	1182184	left	85	10	35	160	110	135	None	None	testing
8	wj	f	19	green	4	(80, 0)	(40, 69)	(-39, 69)	(-80, 0)	(-40, -69)	(40, -69)	circle	green	dif	right	right	(40, 69)	(-80, 0)	search	nr	True	1183389	1184024	right	85	135	60	35	110	10	None	None	testing
8	wj	f	19	green	4	(80, 0)	(40, 69)	(-39, 69)	(-80, 0)	(-40, -69)	(40, -69)	diamond	green	dif	right	right	(40, 69)	(40, -69)	probe	tar	None	None	None	None	85	10	135	35	110	160	(40, -69)	19	testing
8	wj	f	19	green	4	(80, 0)	(40, 69)	(-39, 69)	(-80, 0)	(-40, -69)	(40, -69)	circle	none	same	right	right	N_dist	(40, 69)	probe	h_tar	None	None	None	None	35	10	85	110	160	60	(40, 69)	128	testing
8	wj	f	19	green	4	(80, 0)	(40, 69)	(-39, 69)	(-80, 0)	(-40, -69)	(40, -69)	circle	green	dif	right	right	(40, 69)	(-80, 0)	search	nr	True	1195511	1196169	right	110	85	10	160	35	60	None	None	testing
8	wj	f	19	green	4	(80, 0)	(40, 69)	(-39, 69)	(-80, 0)	(-40, -69)	(40, -69)	diamond	green	same	left	left	(40, 69)	(-39, 69)	search	nr	True	1197431	1198281	left	35	160	135	85	110	10	None	None	testing
8	wj	f	19	green	4	(80, 0)	(40, 69)	(-39, 69)	(-80, 0)	(-40, -69)	(40, -69)	diamond	none	dif	left	left	N_dist	(40, -69)	search	nr	True	1199350	1200137	left	110	10	135	60	35	85	None	None	testing
8	wj	f	19	green	4	(80, 0)	(40, 69)	(-39, 69)	(-80, 0)	(-40, -69)	(40, -69)	circle	green	same	left	left	(40, 69)	(40, -69)	search	nr	True	1201404	1202377	left	135	160	10	60	35	110	None	None	testing
8	wj	f	19	green	4	(80, 0)	(40, 69)	(-39, 69)	(-80, 0)	(-40, -69)	(40, -69)	circle	green	dif	right	right	(-40, -69)	(-39, 69)	search	nr	True	1203475	1204297	right	110	35	85	60	160	135	None	None	testing
8	wj	f	19	green	4	(80, 0)	(40, 69)	(-39, 69)	(-80, 0)	(-40, -69)	(40, -69)	circle	green	same	left	left	(40, 69)	(-39, 69)	probe	tar	None	None	None	None	60	35	10	110	135	85	(-39, 69)	129	testing
8	wj	f	19	green	4	(80, 0)	(40, 69)	(-39, 69)	(-80, 0)	(-40, -69)	(40, -69)	circle	green	dif	left	left	(40, -69)	(-80, 0)	search	nr	True	1210221	1211272	left	85	60	135	35	160	10	None	None	testing
8	wj	f	19	green	4	(80, 0)	(40, 69)	(-39, 69)	(-80, 0)	(-40, -69)	(40, -69)	circle	none	dif	left	left	N_dist	(-80, 0)	search	nr	True	1212408	1213033	left	110	60	10	35	85	135	None	None	testing
8	wj	f	19	green	4	(80, 0)	(40, 69)	(-39, 69)	(-80, 0)	(-40, -69)	(40, -69)	diamond	green	same	right	right	(-40, -69)	(80, 0)	probe	tar	None	None	None	None	110	10	135	160	35	85	(80, 0)	169	testing
8	wj	f	19	green	4	(80, 0)	(40, 69)	(-39, 69)	(-80, 0)	(-40, -69)	(40, -69)	diamond	green	same	left	left	(40, 69)	(40, -69)	search	nr	True	1218386	1219112	left	110	160	35	85	135	10	None	None	testing
8	wj	f	19	green	4	(80, 0)	(40, 69)	(-39, 69)	(-80, 0)	(-40, -69)	(40, -69)	circle	none	same	right	right	N_dist	(-40, -69)	search	nr	True	1220189	1220952	right	10	160	85	60	110	135	None	None	testing
8	wj	f	19	green	4	(80, 0)	(40, 69)	(-39, 69)	(-80, 0)	(-40, -69)	(40, -69)	circle	green	dif	left	left	(-80, 0)	(-40, -69)	probe	tar	None	None	None	None	110	135	85	35	160	60	(-40, -69)	136	testing
8	wj	f	19	green	4	(80, 0)	(40, 69)	(-39, 69)	(-80, 0)	(-40, -69)	(40, -69)	circle	green	same	left	left	(40, 69)	(-40, -69)	search	nr	True	1227769	1228457	left	85	135	10	35	160	60	None	None	testing
8	wj	f	19	green	4	(80, 0)	(40, 69)	(-39, 69)	(-80, 0)	(-40, -69)	(40, -69)	circle	green	dif	right	right	(40, 69)	(80, 0)	search	nr	True	1229690	1230297	right	160	10	85	110	135	35	None	None	testing
8	wj	f	19	green	4	(80, 0)	(40, 69)	(-39, 69)	(-80, 0)	(-40, -69)	(40, -69)	diamond	none	same	right	right	N_dist	(80, 0)	search	nr	True	1231427	1232009	right	110	35	135	160	10	60	None	None	testing
8	wj	f	19	green	4	(80, 0)	(40, 69)	(-39, 69)	(-80, 0)	(-40, -69)	(40, -69)	circle	green	dif	right	right	(40, 69)	(-80, 0)	search	nr	True	1233313	1233896	right	135	35	10	60	85	110	None	None	testing
8	wj	f	19	green	4	(80, 0)	(40, 69)	(-39, 69)	(-80, 0)	(-40, -69)	(40, -69)	diamond	green	dif	left	left	(40, 69)	(80, 0)	probe	norm	None	None	None	None	10	60	35	160	135	85	(-39, 69)	164	testing
8	wj	f	19	green	4	(80, 0)	(40, 69)	(-39, 69)	(-80, 0)	(-40, -69)	(40, -69)	diamond	none	dif	left	left	N_dist	(-40, -69)	search	nr	True	1240493	1241129	left	35	85	160	10	60	135	None	None	testing
8	wj	f	19	green	4	(80, 0)	(40, 69)	(-39, 69)	(-80, 0)	(-40, -69)	(40, -69)	circle	green	same	left	left	(-80, 0)	(-40, -69)	search	nr	True	1242363	1243129	left	110	35	10	160	60	85	None	None	testing
8	wj	f	19	green	4	(80, 0)	(40, 69)	(-39, 69)	(-80, 0)	(-40, -69)	(40, -69)	diamond	green	same	left	left	(-39, 69)	(80, 0)	probe	norm	None	None	None	None	85	110	10	35	135	60	(-80, 0)	170	testing
8	wj	f	19	green	4	(80, 0)	(40, 69)	(-39, 69)	(-80, 0)	(-40, -69)	(40, -69)	circle	none	same	left	left	N_dist	(-40, -69)	search	nr	True	1248141	1248713	left	110	160	60	135	35	85	None	None	testing
8	wj	f	19	green	4	(80, 0)	(40, 69)	(-39, 69)	(-80, 0)	(-40, -69)	(40, -69)	circle	green	dif	right	right	(40, 69)	(-40, -69)	probe	h_sin	None	None	None	None	10	35	110	135	160	85	(40, 69)	25	testing
8	wj	f	19	green	4	(80, 0)	(40, 69)	(-39, 69)	(-80, 0)	(-40, -69)	(40, -69)	diamond	green	same	left	left	(-40, -69)	(80, 0)	search	nr	True	1254452	1255304	left	110	35	160	60	10	135	None	None	testing
8	wj	f	19	green	4	(80, 0)	(40, 69)	(-39, 69)	(-80, 0)	(-40, -69)	(40, -69)	diamond	green	same	left	left	(80, 0)	(-80, 0)	search	nr	True	1256573	1257209	left	60	10	35	135	85	160	None	None	testing
8	wj	f	19	green	4	(80, 0)	(40, 69)	(-39, 69)	(-80, 0)	(-40, -69)	(40, -69)	diamond	green	same	right	right	(40, -69)	(80, 0)	search	nr	True	1258376	1259064	right	110	60	135	10	35	160	None	None	testing
8	wj	f	19	green	4	(80, 0)	(40, 69)	(-39, 69)	(-80, 0)	(-40, -69)	(40, -69)	diamond	none	same	left	left	N_dist	(40, -69)	search	nr	True	1260296	1261161	left	35	10	135	60	110	160	None	None	testing
8	wj	f	19	green	4	(80, 0)	(40, 69)	(-39, 69)	(-80, 0)	(-40, -69)	(40, -69)	diamond	green	dif	left	left	(40, 69)	(-80, 0)	search	nr	True	1262417	1263000	left	60	110	85	160	35	10	None	None	testing
8	wj	f	19	green	4	(80, 0)	(40, 69)	(-39, 69)	(-80, 0)	(-40, -69)	(40, -69)	diamond	green	same	right	right	(40, 69)	(-40, -69)	probe	h_sin	None	None	None	None	60	135	110	35	10	160	(40, 69)	160	testing
8	wj	f	19	green	4	(80, 0)	(40, 69)	(-39, 69)	(-80, 0)	(-40, -69)	(40, -69)	circle	none	same	right	right	N_dist	(-80, 0)	probe	l_norm	None	None	None	None	160	10	85	35	60	135	(-39, 69)	17	testing
8	wj	f	19	green	4	(80, 0)	(40, 69)	(-39, 69)	(-80, 0)	(-40, -69)	(40, -69)	circle	none	same	right	right	N_dist	(40, 69)	search	nr	True	1274238	1274920	right	160	35	85	110	135	10	None	None	testing
8	wj	f	19	green	4	(80, 0)	(40, 69)	(-39, 69)	(-80, 0)	(-40, -69)	(40, -69)	diamond	none	dif	right	right	N_dist	(80, 0)	search	nr	True	1276009	1276585	right	85	60	110	10	160	135	None	None	testing
8	wj	f	19	green	4	(80, 0)	(40, 69)	(-39, 69)	(-80, 0)	(-40, -69)	(40, -69)	circle	green	dif	left	left	(-80, 0)	(-40, -69)	search	nr	True	1277811	1278953	left	10	135	85	60	35	110	None	None	testing
8	wj	f	19	green	4	(80, 0)	(40, 69)	(-39, 69)	(-80, 0)	(-40, -69)	(40, -69)	circle	none	dif	left	left	N_dist	(40, -69)	search	nr	True	1280099	1280665	left	35	85	160	10	60	135	None	None	testing
8	wj	f	19	green	4	(80, 0)	(40, 69)	(-39, 69)	(-80, 0)	(-40, -69)	(40, -69)	diamond	green	same	right	right	(40, 69)	(80, 0)	search	nr	True	1281886	1282536	right	160	110	85	135	35	60	None	None	testing
