subj	name	gender	age	dist	run	tar_locs1	tar_locs2	tar_locs3	tar_locs4	tar_locs5	tar_locs6	shape	dist	td_dif	detection	resp_key	dis_loc	tar_loc	task_type	probe_cond	gotKey	startTime	respTime	resp	o1	o2	o3	o4	o5	o6	pro_loc	ori_resp	mode
8	wj	f	19	green	2	(80, 0)	(40, 69)	(-39, 69)	(-80, 0)	(-40, -69)	(40, -69)	circle	none	dif	left	left	N_dist	(40, -69)	search	nr	True	463848	464494	left	60	110	160	35	135	10	None	None	testing
8	wj	f	19	green	2	(80, 0)	(40, 69)	(-39, 69)	(-80, 0)	(-40, -69)	(40, -69)	diamond	green	dif	left	left	(40, 69)	(80, 0)	search	nr	True	465585	466397	left	60	35	85	135	110	160	None	None	testing
8	wj	f	19	green	2	(80, 0)	(40, 69)	(-39, 69)	(-80, 0)	(-40, -69)	(40, -69)	circle	green	same	left	left	(40, 69)	(-40, -69)	probe	norm	None	None	None	None	110	35	85	135	60	160	(-80, 0)	144	testing
8	wj	f	19	green	2	(80, 0)	(40, 69)	(-39, 69)	(-80, 0)	(-40, -69)	(40, -69)	diamond	none	dif	left	left	N_dist	(80, 0)	search	nr	True	471779	472381	left	10	85	160	135	60	35	None	None	testing
8	wj	f	19	green	2	(80, 0)	(40, 69)	(-39, 69)	(-80, 0)	(-40, -69)	(40, -69)	diamond	none	dif	left	left	N_dist	(40, 69)	search	nr	True	473682	474349	left	135	35	85	160	60	110	None	None	testing
8	wj	f	19	green	2	(80, 0)	(40, 69)	(-39, 69)	(-80, 0)	(-40, -69)	(40, -69)	circle	green	dif	left	left	(-39, 69)	(40, -69)	search	nr	True	475536	476317	left	110	10	60	35	160	135	None	None	testing
8	wj	f	19	green	2	(80, 0)	(40, 69)	(-39, 69)	(-80, 0)	(-40, -69)	(40, -69)	circle	green	same	left	left	(40, 69)	(-80, 0)	search	nr	True	477556	478237	left	35	60	110	135	85	160	None	None	testing
8	wj	f	19	green	2	(80, 0)	(40, 69)	(-39, 69)	(-80, 0)	(-40, -69)	(40, -69)	diamond	none	dif	right	right	N_dist	(-40, -69)	search	nr	True	479426	480349	right	60	10	135	85	110	35	None	None	testing
8	wj	f	19	green	2	(80, 0)	(40, 69)	(-39, 69)	(-80, 0)	(-40, -69)	(40, -69)	circle	none	same	left	left	N_dist	(-39, 69)	search	nr	True	481447	482397	left	60	10	85	110	35	160	None	None	testing
8	wj	f	19	green	2	(80, 0)	(40, 69)	(-39, 69)	(-80, 0)	(-40, -69)	(40, -69)	diamond	green	same	left	left	(-80, 0)	(80, 0)	probe	l_sin	None	None	None	None	160	60	10	35	135	85	(-80, 0)	153	testing
8	wj	f	19	green	2	(80, 0)	(40, 69)	(-39, 69)	(-80, 0)	(-40, -69)	(40, -69)	circle	none	dif	right	right	N_dist	(-39, 69)	search	nr	True	489579	490301	right	10	60	110	135	85	35	None	None	testing
8	wj	f	19	green	2	(80, 0)	(40, 69)	(-39, 69)	(-80, 0)	(-40, -69)	(40, -69)	circle	green	dif	left	left	(-39, 69)	(-40, -69)	probe	l_sin	None	None	None	None	10	135	35	85	110	160	(-39, 69)	154	testing
8	wj	f	19	green	2	(80, 0)	(40, 69)	(-39, 69)	(-80, 0)	(-40, -69)	(40, -69)	diamond	green	dif	left	left	(-40, -69)	(40, -69)	probe	tar	None	None	None	None	135	110	35	160	60	10	(40, -69)	59	testing
8	wj	f	19	green	2	(80, 0)	(40, 69)	(-39, 69)	(-80, 0)	(-40, -69)	(40, -69)	diamond	green	dif	right	right	(40, 69)	(80, 0)	search	nr	True	503788	504542	right	135	35	60	85	110	160	None	None	testing
8	wj	f	19	green	2	(80, 0)	(40, 69)	(-39, 69)	(-80, 0)	(-40, -69)	(40, -69)	circle	green	same	left	left	(80, 0)	(-80, 0)	probe	l_sin	None	None	None	None	35	160	60	135	10	85	(80, 0)	168	testing
8	wj	f	19	green	2	(80, 0)	(40, 69)	(-39, 69)	(-80, 0)	(-40, -69)	(40, -69)	circle	green	dif	left	left	(-39, 69)	(-40, -69)	search	nr	True	510467	511198	left	85	10	160	135	35	110	None	None	testing
8	wj	f	19	green	2	(80, 0)	(40, 69)	(-39, 69)	(-80, 0)	(-40, -69)	(40, -69)	circle	green	dif	left	left	(40, 69)	(-80, 0)	search	nr	True	512437	513341	left	10	85	160	60	135	110	None	None	testing
8	wj	f	19	green	2	(80, 0)	(40, 69)	(-39, 69)	(-80, 0)	(-40, -69)	(40, -69)	diamond	green	dif	left	left	(-40, -69)	(40, -69)	search	nr	True	514408	515149	left	135	85	160	60	35	110	None	None	testing
8	wj	f	19	green	2	(80, 0)	(40, 69)	(-39, 69)	(-80, 0)	(-40, -69)	(40, -69)	circle	green	same	left	left	(40, 69)	(-80, 0)	probe	tar	None	None	None	None	35	160	10	60	85	135	(-80, 0)	164	testing
8	wj	f	19	green	2	(80, 0)	(40, 69)	(-39, 69)	(-80, 0)	(-40, -69)	(40, -69)	diamond	green	dif	right	right	(40, 69)	(-39, 69)	probe	norm	None	None	None	None	110	60	10	135	85	35	(80, 0)	10	testing
8	wj	f	19	green	2	(80, 0)	(40, 69)	(-39, 69)	(-80, 0)	(-40, -69)	(40, -69)	circle	green	same	right	right	(40, 69)	(40, -69)	search	nr	True	526279	526925	right	10	110	35	160	85	60	None	None	testing
8	wj	f	19	green	2	(80, 0)	(40, 69)	(-39, 69)	(-80, 0)	(-40, -69)	(40, -69)	circle	green	same	left	left	(40, 69)	(40, -69)	search	nr	True	528033	528637	left	160	10	135	85	60	35	None	None	testing
8	wj	f	19	green	2	(80, 0)	(40, 69)	(-39, 69)	(-80, 0)	(-40, -69)	(40, -69)	diamond	none	dif	right	right	N_dist	(-40, -69)	probe	h_norm	None	None	None	None	160	135	10	85	110	60	(40, 69)	19	testing
8	wj	f	19	green	2	(80, 0)	(40, 69)	(-39, 69)	(-80, 0)	(-40, -69)	(40, -69)	circle	green	dif	left	left	(40, -69)	(-39, 69)	search	nr	True	535463	536670	left	110	10	35	60	160	85	None	None	testing
8	wj	f	19	green	2	(80, 0)	(40, 69)	(-39, 69)	(-80, 0)	(-40, -69)	(40, -69)	circle	none	same	right	right	N_dist	(40, -69)	search	nr	True	537967	538702	right	85	10	110	160	135	60	None	None	testing
8	wj	f	19	green	2	(80, 0)	(40, 69)	(-39, 69)	(-80, 0)	(-40, -69)	(40, -69)	circle	none	dif	left	left	N_dist	(40, 69)	search	nr	True	539771	540542	left	110	10	160	60	135	35	None	None	testing
8	wj	f	19	green	2	(80, 0)	(40, 69)	(-39, 69)	(-80, 0)	(-40, -69)	(40, -69)	diamond	green	dif	right	right	(40, 69)	(-39, 69)	probe	tar	None	None	None	None	160	60	85	110	135	35	(-39, 69)	169	testing
8	wj	f	19	green	2	(80, 0)	(40, 69)	(-39, 69)	(-80, 0)	(-40, -69)	(40, -69)	circle	green	same	right	right	(40, 69)	(40, -69)	search	nr	True	546116	546925	right	160	60	35	135	10	85	None	None	testing
8	wj	f	19	green	2	(80, 0)	(40, 69)	(-39, 69)	(-80, 0)	(-40, -69)	(40, -69)	circle	green	dif	left	left	(40, 69)	(40, -69)	probe	h_sin	None	None	None	None	85	110	10	35	60	160	(40, 69)	166	testing
8	wj	f	19	green	2	(80, 0)	(40, 69)	(-39, 69)	(-80, 0)	(-40, -69)	(40, -69)	circle	green	same	left	left	(80, 0)	(-39, 69)	search	nr	True	551976	552813	left	160	135	10	85	60	35	None	None	testing
8	wj	f	19	green	2	(80, 0)	(40, 69)	(-39, 69)	(-80, 0)	(-40, -69)	(40, -69)	circle	green	dif	left	left	(40, 69)	(-80, 0)	search	nr	True	554097	554813	left	85	110	35	10	160	60	None	None	testing
8	wj	f	19	green	2	(80, 0)	(40, 69)	(-39, 69)	(-80, 0)	(-40, -69)	(40, -69)	diamond	green	same	right	right	(40, 69)	(-39, 69)	search	nr	True	555984	557086	right	110	85	160	60	10	135	None	None	testing
8	wj	f	19	green	2	(80, 0)	(40, 69)	(-39, 69)	(-80, 0)	(-40, -69)	(40, -69)	diamond	green	same	right	right	(40, 69)	(-40, -69)	search	nr	True	558271	559117	right	135	160	110	85	60	35	None	None	testing
8	wj	f	19	green	2	(80, 0)	(40, 69)	(-39, 69)	(-80, 0)	(-40, -69)	(40, -69)	circle	green	dif	left	left	(40, 69)	(-80, 0)	probe	norm	None	None	None	None	60	10	110	160	135	35	(-39, 69)	11	testing
8	wj	f	19	green	2	(80, 0)	(40, 69)	(-39, 69)	(-80, 0)	(-40, -69)	(40, -69)	circle	green	dif	left	left	(80, 0)	(-40, -69)	search	nr	True	565034	565837	left	135	110	10	160	60	85	None	None	testing
8	wj	f	19	green	2	(80, 0)	(40, 69)	(-39, 69)	(-80, 0)	(-40, -69)	(40, -69)	diamond	green	same	right	right	(40, 69)	(80, 0)	search	nr	True	567088	568013	right	85	135	10	110	35	60	None	None	testing
8	wj	f	19	green	2	(80, 0)	(40, 69)	(-39, 69)	(-80, 0)	(-40, -69)	(40, -69)	diamond	none	same	right	right	N_dist	(-40, -69)	search	nr	True	569075	569838	right	135	60	35	160	10	110	None	None	testing
8	wj	f	19	green	2	(80, 0)	(40, 69)	(-39, 69)	(-80, 0)	(-40, -69)	(40, -69)	diamond	green	dif	left	left	(-40, -69)	(40, -69)	search	nr	True	571112	571918	left	110	35	160	135	60	85	None	None	testing
8	wj	f	19	green	2	(80, 0)	(40, 69)	(-39, 69)	(-80, 0)	(-40, -69)	(40, -69)	diamond	none	same	left	left	N_dist	(-40, -69)	probe	h_norm	None	None	None	None	10	35	60	110	85	135	(40, 69)	163	testing
8	wj	f	19	green	2	(80, 0)	(40, 69)	(-39, 69)	(-80, 0)	(-40, -69)	(40, -69)	circle	none	same	right	right	N_dist	(-80, 0)	probe	l_norm	None	None	None	None	160	135	60	35	85	110	(80, 0)	9	testing
8	wj	f	19	green	2	(80, 0)	(40, 69)	(-39, 69)	(-80, 0)	(-40, -69)	(40, -69)	diamond	none	same	right	right	N_dist	(-39, 69)	search	nr	True	582500	583181	right	60	160	135	35	85	10	None	None	testing
8	wj	f	19	green	2	(80, 0)	(40, 69)	(-39, 69)	(-80, 0)	(-40, -69)	(40, -69)	diamond	green	dif	left	left	(-40, -69)	(80, 0)	probe	tar	None	None	None	None	85	135	35	10	160	60	(80, 0)	161	testing
8	wj	f	19	green	2	(80, 0)	(40, 69)	(-39, 69)	(-80, 0)	(-40, -69)	(40, -69)	diamond	none	dif	right	right	N_dist	(40, -69)	search	nr	True	588393	589005	right	10	110	35	60	135	85	None	None	testing
8	wj	f	19	green	2	(80, 0)	(40, 69)	(-39, 69)	(-80, 0)	(-40, -69)	(40, -69)	diamond	green	same	left	left	(40, 69)	(-80, 0)	search	nr	True	590080	590670	left	60	35	110	135	10	85	None	None	testing
8	wj	f	19	green	2	(80, 0)	(40, 69)	(-39, 69)	(-80, 0)	(-40, -69)	(40, -69)	diamond	none	dif	left	left	N_dist	(80, 0)	probe	l_norm	None	None	None	None	110	135	160	85	10	60	(-40, -69)	152	testing
8	wj	f	19	green	2	(80, 0)	(40, 69)	(-39, 69)	(-80, 0)	(-40, -69)	(40, -69)	diamond	green	dif	right	right	(40, -69)	(-39, 69)	probe	norm	None	None	None	None	135	10	60	35	160	110	(-80, 0)	166	testing
8	wj	f	19	green	2	(80, 0)	(40, 69)	(-39, 69)	(-80, 0)	(-40, -69)	(40, -69)	diamond	green	dif	right	right	(40, 69)	(-39, 69)	search	nr	True	601618	602333	right	85	10	135	110	35	60	None	None	testing
8	wj	f	19	green	2	(80, 0)	(40, 69)	(-39, 69)	(-80, 0)	(-40, -69)	(40, -69)	circle	green	same	right	right	(40, -69)	(-39, 69)	search	nr	True	603471	604941	right	85	160	135	10	60	35	None	None	testing
8	wj	f	19	green	2	(80, 0)	(40, 69)	(-39, 69)	(-80, 0)	(-40, -69)	(40, -69)	circle	green	dif	left	left	(40, 69)	(-40, -69)	search	nr	True	606243	607053	left	110	60	135	35	85	10	None	None	testing
8	wj	f	19	green	2	(80, 0)	(40, 69)	(-39, 69)	(-80, 0)	(-40, -69)	(40, -69)	diamond	green	dif	right	right	(80, 0)	(-40, -69)	search	nr	True	608330	609021	right	110	35	135	10	160	60	None	None	testing
8	wj	f	19	green	2	(80, 0)	(40, 69)	(-39, 69)	(-80, 0)	(-40, -69)	(40, -69)	diamond	none	same	left	left	N_dist	(-39, 69)	probe	l_norm	None	None	None	None	160	60	35	85	110	10	(-80, 0)	166	testing
8	wj	f	19	green	2	(80, 0)	(40, 69)	(-39, 69)	(-80, 0)	(-40, -69)	(40, -69)	circle	none	same	left	left	N_dist	(40, -69)	search	nr	True	614591	615166	left	160	60	85	10	110	35	None	None	testing
8	wj	f	19	green	2	(80, 0)	(40, 69)	(-39, 69)	(-80, 0)	(-40, -69)	(40, -69)	circle	none	same	left	left	N_dist	(-39, 69)	probe	h_norm	None	None	None	None	135	35	160	85	10	110	(40, 69)	18	testing
8	wj	f	19	green	2	(80, 0)	(40, 69)	(-39, 69)	(-80, 0)	(-40, -69)	(40, -69)	circle	none	dif	right	right	N_dist	(40, -69)	search	nr	True	620235	621053	right	60	85	10	35	160	135	None	None	testing
8	wj	f	19	green	2	(80, 0)	(40, 69)	(-39, 69)	(-80, 0)	(-40, -69)	(40, -69)	diamond	green	dif	right	right	(40, 69)	(80, 0)	probe	norm	None	None	None	None	60	160	110	10	135	35	(-80, 0)	167	testing
8	wj	f	19	green	2	(80, 0)	(40, 69)	(-39, 69)	(-80, 0)	(-40, -69)	(40, -69)	circle	green	same	right	right	(40, 69)	(40, -69)	search	nr	True	626196	627021	right	110	85	60	10	135	160	None	None	testing
8	wj	f	19	green	2	(80, 0)	(40, 69)	(-39, 69)	(-80, 0)	(-40, -69)	(40, -69)	diamond	green	same	right	right	(40, 69)	(40, -69)	search	nr	True	628300	628893	right	85	110	160	135	10	35	None	None	testing
8	wj	f	19	green	2	(80, 0)	(40, 69)	(-39, 69)	(-80, 0)	(-40, -69)	(40, -69)	diamond	none	dif	left	left	N_dist	(-80, 0)	probe	h_norm	None	None	None	None	35	135	10	85	60	110	(40, 69)	161	testing
8	wj	f	19	green	2	(80, 0)	(40, 69)	(-39, 69)	(-80, 0)	(-40, -69)	(40, -69)	circle	green	same	right	right	(40, 69)	(80, 0)	search	nr	True	635196	635773	right	10	35	160	135	60	110	None	None	testing
8	wj	f	19	green	2	(80, 0)	(40, 69)	(-39, 69)	(-80, 0)	(-40, -69)	(40, -69)	circle	green	same	left	left	(40, 69)	(-80, 0)	search	nr	True	636849	637517	left	135	85	10	160	60	110	None	None	testing
8	wj	f	19	green	2	(80, 0)	(40, 69)	(-39, 69)	(-80, 0)	(-40, -69)	(40, -69)	diamond	green	same	left	left	(40, 69)	(-80, 0)	search	nr	True	638753	639309	left	60	35	85	110	160	135	None	None	testing
8	wj	f	19	green	2	(80, 0)	(40, 69)	(-39, 69)	(-80, 0)	(-40, -69)	(40, -69)	circle	green	dif	right	right	(40, 69)	(-40, -69)	probe	tar	None	None	None	None	135	35	10	85	60	160	(-40, -69)	148	testing
8	wj	f	19	green	2	(80, 0)	(40, 69)	(-39, 69)	(-80, 0)	(-40, -69)	(40, -69)	circle	none	same	right	right	N_dist	(80, 0)	search	nr	True	645047	645741	right	10	60	35	85	160	110	None	None	testing
8	wj	f	19	green	2	(80, 0)	(40, 69)	(-39, 69)	(-80, 0)	(-40, -69)	(40, -69)	diamond	green	same	left	left	(-80, 0)	(-40, -69)	search	nr	True	646851	647661	left	135	60	10	85	35	160	None	None	testing
8	wj	f	19	green	2	(80, 0)	(40, 69)	(-39, 69)	(-80, 0)	(-40, -69)	(40, -69)	diamond	none	same	right	right	N_dist	(-39, 69)	probe	l_tar	None	None	None	None	35	60	85	135	110	10	(-39, 69)	160	testing
8	wj	f	19	green	2	(80, 0)	(40, 69)	(-39, 69)	(-80, 0)	(-40, -69)	(40, -69)	diamond	green	same	right	right	(40, 69)	(40, -69)	search	nr	True	653964	654588	right	110	35	85	135	60	10	None	None	testing
8	wj	f	19	green	2	(80, 0)	(40, 69)	(-39, 69)	(-80, 0)	(-40, -69)	(40, -69)	diamond	none	dif	right	right	N_dist	(80, 0)	search	nr	True	655701	656557	right	160	60	135	10	85	110	None	None	testing
8	wj	f	19	green	2	(80, 0)	(40, 69)	(-39, 69)	(-80, 0)	(-40, -69)	(40, -69)	circle	none	same	left	left	N_dist	(40, -69)	search	nr	True	657721	658462	left	135	110	10	60	35	160	None	None	testing
8	wj	f	19	green	2	(80, 0)	(40, 69)	(-39, 69)	(-80, 0)	(-40, -69)	(40, -69)	diamond	green	same	right	right	(40, 69)	(80, 0)	search	nr	True	659591	660221	right	85	35	135	10	110	60	None	None	testing
8	wj	f	19	green	2	(80, 0)	(40, 69)	(-39, 69)	(-80, 0)	(-40, -69)	(40, -69)	diamond	green	same	right	right	(40, 69)	(80, 0)	probe	h_sin	None	None	None	None	110	85	35	160	135	60	(40, 69)	155	testing
8	wj	f	19	green	2	(80, 0)	(40, 69)	(-39, 69)	(-80, 0)	(-40, -69)	(40, -69)	diamond	none	dif	left	left	N_dist	(80, 0)	search	nr	True	665719	666268	left	135	85	35	110	60	160	None	None	testing
8	wj	f	19	green	2	(80, 0)	(40, 69)	(-39, 69)	(-80, 0)	(-40, -69)	(40, -69)	circle	green	dif	left	left	(40, 69)	(-40, -69)	search	nr	True	667406	668397	left	110	60	135	160	35	10	None	None	testing
8	wj	f	19	green	2	(80, 0)	(40, 69)	(-39, 69)	(-80, 0)	(-40, -69)	(40, -69)	diamond	none	dif	left	left	N_dist	(80, 0)	search	nr	True	669627	670141	left	135	60	10	160	110	85	None	None	testing
8	wj	f	19	green	2	(80, 0)	(40, 69)	(-39, 69)	(-80, 0)	(-40, -69)	(40, -69)	circle	green	same	left	left	(-39, 69)	(-40, -69)	search	nr	True	671380	672013	left	160	110	60	85	35	135	None	None	testing
8	wj	f	19	green	2	(80, 0)	(40, 69)	(-39, 69)	(-80, 0)	(-40, -69)	(40, -69)	circle	green	dif	left	left	(40, 69)	(-80, 0)	search	nr	True	673266	673838	left	10	135	160	60	35	85	None	None	testing
8	wj	f	19	green	2	(80, 0)	(40, 69)	(-39, 69)	(-80, 0)	(-40, -69)	(40, -69)	diamond	green	dif	right	right	(80, 0)	(-40, -69)	probe	norm	None	None	None	None	35	160	85	60	135	10	(40, -69)	16	testing
8	wj	f	19	green	2	(80, 0)	(40, 69)	(-39, 69)	(-80, 0)	(-40, -69)	(40, -69)	diamond	green	same	right	right	(40, 69)	(80, 0)	search	nr	True	679545	680301	right	160	135	110	85	10	60	None	None	testing
8	wj	f	19	green	2	(80, 0)	(40, 69)	(-39, 69)	(-80, 0)	(-40, -69)	(40, -69)	diamond	green	dif	right	right	(40, -69)	(-39, 69)	search	nr	True	681398	682045	left	110	85	160	135	10	35	None	None	testing
8	wj	f	19	green	2	(80, 0)	(40, 69)	(-39, 69)	(-80, 0)	(-40, -69)	(40, -69)	diamond	green	same	left	left	(40, 69)	(-80, 0)	search	nr	True	684720	685549	left	35	110	85	10	135	160	None	None	testing
8	wj	f	19	green	2	(80, 0)	(40, 69)	(-39, 69)	(-80, 0)	(-40, -69)	(40, -69)	diamond	none	same	left	left	N_dist	(-80, 0)	probe	l_tar	None	None	None	None	60	10	35	85	135	160	(-80, 0)	162	testing
8	wj	f	19	green	2	(80, 0)	(40, 69)	(-39, 69)	(-80, 0)	(-40, -69)	(40, -69)	diamond	green	dif	right	right	(40, -69)	(-39, 69)	search	nr	True	691066	691852	right	35	60	85	135	10	160	None	None	testing
8	wj	f	19	green	2	(80, 0)	(40, 69)	(-39, 69)	(-80, 0)	(-40, -69)	(40, -69)	circle	green	same	right	right	(40, 69)	(-80, 0)	search	nr	True	693086	694573	right	110	85	135	160	60	35	None	None	testing
8	wj	f	19	green	2	(80, 0)	(40, 69)	(-39, 69)	(-80, 0)	(-40, -69)	(40, -69)	diamond	none	same	right	right	N_dist	(-40, -69)	probe	h_norm	None	None	None	None	85	110	135	10	35	160	(40, 69)	156	testing
8	wj	f	19	green	2	(80, 0)	(40, 69)	(-39, 69)	(-80, 0)	(-40, -69)	(40, -69)	diamond	green	dif	left	left	(40, 69)	(-80, 0)	search	nr	True	700215	700989	left	10	135	35	110	60	160	None	None	testing
8	wj	f	19	green	2	(80, 0)	(40, 69)	(-39, 69)	(-80, 0)	(-40, -69)	(40, -69)	circle	green	dif	right	right	(40, -69)	(-40, -69)	probe	l_sin	None	None	None	None	35	135	10	60	85	110	(40, -69)	16	testing
8	wj	f	19	green	2	(80, 0)	(40, 69)	(-39, 69)	(-80, 0)	(-40, -69)	(40, -69)	circle	green	same	left	left	(-80, 0)	(80, 0)	search	nr	True	708498	709693	left	10	135	110	160	85	60	None	None	testing
8	wj	f	19	green	2	(80, 0)	(40, 69)	(-39, 69)	(-80, 0)	(-40, -69)	(40, -69)	diamond	green	dif	left	left	(-80, 0)	(80, 0)	search	nr	True	710986	711901	left	160	85	135	10	110	35	None	None	testing
8	wj	f	19	green	2	(80, 0)	(40, 69)	(-39, 69)	(-80, 0)	(-40, -69)	(40, -69)	circle	green	same	left	left	(-39, 69)	(-40, -69)	search	nr	True	713172	714109	left	110	60	35	10	160	135	None	None	testing
8	wj	f	19	green	2	(80, 0)	(40, 69)	(-39, 69)	(-80, 0)	(-40, -69)	(40, -69)	diamond	green	same	left	left	(40, 69)	(-80, 0)	probe	h_sin	None	None	None	None	160	110	60	10	135	35	(40, 69)	165	testing
8	wj	f	19	green	2	(80, 0)	(40, 69)	(-39, 69)	(-80, 0)	(-40, -69)	(40, -69)	diamond	green	same	right	right	(-39, 69)	(40, -69)	search	nr	True	719451	720333	right	10	135	110	160	60	35	None	None	testing
8	wj	f	19	green	2	(80, 0)	(40, 69)	(-39, 69)	(-80, 0)	(-40, -69)	(40, -69)	diamond	green	same	left	left	(40, 69)	(-80, 0)	search	nr	True	721622	722365	left	35	85	135	60	110	160	None	None	testing
8	wj	f	19	green	2	(80, 0)	(40, 69)	(-39, 69)	(-80, 0)	(-40, -69)	(40, -69)	circle	none	same	left	left	N_dist	(40, 69)	search	nr	True	723592	724716	left	60	135	10	110	35	160	None	None	testing
8	wj	f	19	green	2	(80, 0)	(40, 69)	(-39, 69)	(-80, 0)	(-40, -69)	(40, -69)	circle	green	same	left	left	(40, 69)	(-80, 0)	search	nr	True	725963	726684	left	110	10	85	160	135	35	None	None	testing
8	wj	f	19	green	2	(80, 0)	(40, 69)	(-39, 69)	(-80, 0)	(-40, -69)	(40, -69)	circle	green	same	left	left	(40, 69)	(-80, 0)	search	nr	True	727799	728653	left	60	10	160	35	110	85	None	None	testing
8	wj	f	19	green	2	(80, 0)	(40, 69)	(-39, 69)	(-80, 0)	(-40, -69)	(40, -69)	diamond	none	same	right	right	N_dist	(-39, 69)	search	nr	True	729853	730685	right	135	110	60	35	10	160	None	None	testing
8	wj	f	19	green	2	(80, 0)	(40, 69)	(-39, 69)	(-80, 0)	(-40, -69)	(40, -69)	circle	none	same	right	right	N_dist	(40, -69)	search	nr	True	731774	732461	right	110	10	35	85	60	135	None	None	testing
8	wj	f	19	green	2	(80, 0)	(40, 69)	(-39, 69)	(-80, 0)	(-40, -69)	(40, -69)	diamond	green	dif	right	right	(40, 69)	(-39, 69)	search	nr	True	733694	734396	right	10	60	135	85	35	110	None	None	testing
8	wj	f	19	green	2	(80, 0)	(40, 69)	(-39, 69)	(-80, 0)	(-40, -69)	(40, -69)	circle	green	dif	left	left	(40, 69)	(-40, -69)	search	nr	True	735480	736269	left	35	160	85	10	60	135	None	None	testing
8	wj	f	19	green	2	(80, 0)	(40, 69)	(-39, 69)	(-80, 0)	(-40, -69)	(40, -69)	diamond	none	same	left	left	N_dist	(-40, -69)	search	nr	True	737418	738060	left	10	160	35	110	60	85	None	None	testing
8	wj	f	19	green	2	(80, 0)	(40, 69)	(-39, 69)	(-80, 0)	(-40, -69)	(40, -69)	diamond	green	dif	left	left	(-40, -69)	(80, 0)	search	nr	True	739354	740172	left	135	10	60	160	85	110	None	None	testing
8	wj	f	19	green	2	(80, 0)	(40, 69)	(-39, 69)	(-80, 0)	(-40, -69)	(40, -69)	circle	green	dif	right	right	(40, 69)	(40, -69)	search	nr	True	741241	741949	right	85	35	135	60	110	160	None	None	testing
8	wj	f	19	green	2	(80, 0)	(40, 69)	(-39, 69)	(-80, 0)	(-40, -69)	(40, -69)	circle	green	dif	right	right	(-40, -69)	(-80, 0)	probe	l_sin	None	None	None	None	160	85	10	110	60	35	(-40, -69)	156	testing
8	wj	f	19	green	2	(80, 0)	(40, 69)	(-39, 69)	(-80, 0)	(-40, -69)	(40, -69)	circle	green	dif	left	left	(40, 69)	(-40, -69)	search	nr	True	747820	748445	left	60	85	35	110	135	160	None	None	testing
8	wj	f	19	green	2	(80, 0)	(40, 69)	(-39, 69)	(-80, 0)	(-40, -69)	(40, -69)	circle	green	dif	right	right	(40, 69)	(-40, -69)	probe	h_sin	None	None	None	None	10	135	160	110	85	60	(40, 69)	26	testing
8	wj	f	19	green	2	(80, 0)	(40, 69)	(-39, 69)	(-80, 0)	(-40, -69)	(40, -69)	circle	green	same	right	right	(40, 69)	(80, 0)	search	nr	True	754432	755005	right	10	110	35	160	60	135	None	None	testing
8	wj	f	19	green	2	(80, 0)	(40, 69)	(-39, 69)	(-80, 0)	(-40, -69)	(40, -69)	circle	green	dif	right	right	(40, 69)	(40, -69)	search	nr	True	756235	756908	right	60	35	10	85	160	135	None	None	testing
8	wj	f	19	green	2	(80, 0)	(40, 69)	(-39, 69)	(-80, 0)	(-40, -69)	(40, -69)	diamond	green	dif	right	right	(40, 69)	(-39, 69)	search	nr	True	758172	759309	right	35	135	110	160	85	60	None	None	testing
8	wj	f	19	green	2	(80, 0)	(40, 69)	(-39, 69)	(-80, 0)	(-40, -69)	(40, -69)	diamond	green	dif	left	left	(40, 69)	(-39, 69)	probe	tar	None	None	None	None	160	85	35	135	110	10	(-39, 69)	149	testing
8	wj	f	19	green	2	(80, 0)	(40, 69)	(-39, 69)	(-80, 0)	(-40, -69)	(40, -69)	circle	green	same	left	left	(80, 0)	(-80, 0)	search	nr	True	766404	767213	left	160	60	10	135	85	110	None	None	testing
8	wj	f	19	green	2	(80, 0)	(40, 69)	(-39, 69)	(-80, 0)	(-40, -69)	(40, -69)	diamond	green	dif	right	right	(40, 69)	(-39, 69)	search	nr	True	768391	769132	right	160	10	135	85	35	60	None	None	testing
8	wj	f	19	green	2	(80, 0)	(40, 69)	(-39, 69)	(-80, 0)	(-40, -69)	(40, -69)	circle	green	dif	right	right	(-40, -69)	(-80, 0)	search	nr	True	770311	771949	right	60	85	10	35	135	160	None	None	testing
8	wj	f	19	green	2	(80, 0)	(40, 69)	(-39, 69)	(-80, 0)	(-40, -69)	(40, -69)	diamond	green	dif	left	left	(40, 69)	(80, 0)	search	nr	True	773099	774029	left	135	110	160	35	60	10	None	None	testing
8	wj	f	19	green	2	(80, 0)	(40, 69)	(-39, 69)	(-80, 0)	(-40, -69)	(40, -69)	circle	green	same	right	right	(40, -69)	(80, 0)	search	nr	True	775204	776493	right	35	110	160	10	60	85	None	None	testing
8	wj	f	19	green	2	(80, 0)	(40, 69)	(-39, 69)	(-80, 0)	(-40, -69)	(40, -69)	circle	green	same	left	left	(40, 69)	(-80, 0)	probe	norm	None	None	None	None	35	135	60	160	110	85	(-39, 69)	160	testing
8	wj	f	19	green	2	(80, 0)	(40, 69)	(-39, 69)	(-80, 0)	(-40, -69)	(40, -69)	circle	none	dif	left	left	N_dist	(-80, 0)	probe	l_tar	None	None	None	None	110	160	35	10	135	60	(-80, 0)	58	testing
8	wj	f	19	green	2	(80, 0)	(40, 69)	(-39, 69)	(-80, 0)	(-40, -69)	(40, -69)	circle	green	dif	left	left	(40, 69)	(-40, -69)	probe	h_sin	None	None	None	None	85	135	110	35	60	10	(40, 69)	23	testing
8	wj	f	19	green	2	(80, 0)	(40, 69)	(-39, 69)	(-80, 0)	(-40, -69)	(40, -69)	circle	green	dif	left	left	(40, 69)	(-39, 69)	search	nr	True	794923	795613	left	10	160	85	110	60	35	None	None	testing
8	wj	f	19	green	2	(80, 0)	(40, 69)	(-39, 69)	(-80, 0)	(-40, -69)	(40, -69)	diamond	green	dif	right	right	(-39, 69)	(80, 0)	probe	l_sin	None	None	None	None	135	35	10	110	85	160	(-39, 69)	124	testing
8	wj	f	19	green	2	(80, 0)	(40, 69)	(-39, 69)	(-80, 0)	(-40, -69)	(40, -69)	diamond	green	same	right	right	(-39, 69)	(40, -69)	search	nr	True	806277	807373	right	160	85	135	10	60	110	None	None	testing
8	wj	f	19	green	2	(80, 0)	(40, 69)	(-39, 69)	(-80, 0)	(-40, -69)	(40, -69)	diamond	green	same	left	left	(40, 69)	(40, -69)	search	nr	True	808464	809132	left	135	160	60	85	35	110	None	None	testing
8	wj	f	19	green	2	(80, 0)	(40, 69)	(-39, 69)	(-80, 0)	(-40, -69)	(40, -69)	circle	green	same	left	left	(40, 69)	(40, -69)	search	nr	True	810335	811228	left	35	110	10	135	60	85	None	None	testing
8	wj	f	19	green	2	(80, 0)	(40, 69)	(-39, 69)	(-80, 0)	(-40, -69)	(40, -69)	circle	none	same	right	right	N_dist	(-80, 0)	search	nr	True	812422	813132	right	85	60	10	110	160	35	None	None	testing
8	wj	f	19	green	2	(80, 0)	(40, 69)	(-39, 69)	(-80, 0)	(-40, -69)	(40, -69)	diamond	none	same	left	left	N_dist	(-80, 0)	search	nr	True	814292	815101	left	35	135	110	160	85	10	None	None	testing
8	wj	f	19	green	2	(80, 0)	(40, 69)	(-39, 69)	(-80, 0)	(-40, -69)	(40, -69)	diamond	green	same	right	right	(40, 69)	(80, 0)	search	nr	True	816262	817085	right	35	135	110	160	85	60	None	None	testing
8	wj	f	19	green	2	(80, 0)	(40, 69)	(-39, 69)	(-80, 0)	(-40, -69)	(40, -69)	diamond	green	dif	right	right	(40, 69)	(80, 0)	probe	tar	None	None	None	None	10	60	35	110	135	160	(80, 0)	66	testing
8	wj	f	19	green	2	(80, 0)	(40, 69)	(-39, 69)	(-80, 0)	(-40, -69)	(40, -69)	diamond	green	same	right	right	(40, 69)	(40, -69)	search	nr	True	825029	825789	right	135	85	160	60	10	35	None	None	testing
8	wj	f	19	green	2	(80, 0)	(40, 69)	(-39, 69)	(-80, 0)	(-40, -69)	(40, -69)	diamond	none	same	right	right	N_dist	(-39, 69)	search	nr	True	826965	827725	right	85	10	135	60	160	35	None	None	testing
8	wj	f	19	green	2	(80, 0)	(40, 69)	(-39, 69)	(-80, 0)	(-40, -69)	(40, -69)	circle	none	dif	right	right	N_dist	(40, 69)	search	nr	True	828786	829548	right	110	135	85	35	10	60	None	None	testing
8	wj	f	19	green	2	(80, 0)	(40, 69)	(-39, 69)	(-80, 0)	(-40, -69)	(40, -69)	circle	none	same	right	right	N_dist	(40, -69)	probe	l_norm	None	None	None	None	35	85	60	10	135	160	(-80, 0)	166	testing
8	wj	f	19	green	2	(80, 0)	(40, 69)	(-39, 69)	(-80, 0)	(-40, -69)	(40, -69)	circle	green	same	right	right	(40, 69)	(-80, 0)	probe	norm	None	None	None	None	10	110	60	135	35	160	(-39, 69)	159	testing
8	wj	f	19	green	2	(80, 0)	(40, 69)	(-39, 69)	(-80, 0)	(-40, -69)	(40, -69)	circle	green	dif	right	right	(40, 69)	(80, 0)	search	nr	True	841192	841853	right	10	110	135	85	160	60	None	None	testing
8	wj	f	19	green	2	(80, 0)	(40, 69)	(-39, 69)	(-80, 0)	(-40, -69)	(40, -69)	diamond	green	same	left	left	(40, -69)	(-40, -69)	search	nr	True	842962	843949	left	135	35	110	85	160	60	None	None	testing
8	wj	f	19	green	2	(80, 0)	(40, 69)	(-39, 69)	(-80, 0)	(-40, -69)	(40, -69)	diamond	green	dif	left	left	(40, 69)	(-39, 69)	search	nr	True	845015	845917	left	60	85	35	10	110	160	None	None	testing
8	wj	f	19	green	2	(80, 0)	(40, 69)	(-39, 69)	(-80, 0)	(-40, -69)	(40, -69)	diamond	green	same	left	left	(40, 69)	(-80, 0)	probe	tar	None	None	None	None	35	60	110	85	10	160	(-80, 0)	164	testing
8	wj	f	19	green	2	(80, 0)	(40, 69)	(-39, 69)	(-80, 0)	(-40, -69)	(40, -69)	circle	green	dif	left	left	(40, 69)	(-39, 69)	probe	h_sin	None	None	None	None	35	60	135	10	110	85	(40, 69)	159	testing
8	wj	f	19	green	2	(80, 0)	(40, 69)	(-39, 69)	(-80, 0)	(-40, -69)	(40, -69)	diamond	none	dif	left	left	N_dist	(40, 69)	search	nr	True	856170	856989	left	85	60	110	160	35	135	None	None	testing
8	wj	f	19	green	2	(80, 0)	(40, 69)	(-39, 69)	(-80, 0)	(-40, -69)	(40, -69)	diamond	none	dif	right	right	N_dist	(40, -69)	probe	h_norm	None	None	None	None	10	110	60	135	160	35	(40, 69)	154	testing
8	wj	f	19	green	2	(80, 0)	(40, 69)	(-39, 69)	(-80, 0)	(-40, -69)	(40, -69)	diamond	green	dif	right	right	(40, 69)	(80, 0)	search	nr	True	863065	863853	right	85	60	160	35	110	10	None	None	testing
8	wj	f	19	green	2	(80, 0)	(40, 69)	(-39, 69)	(-80, 0)	(-40, -69)	(40, -69)	circle	green	dif	right	right	(40, 69)	(-40, -69)	search	nr	True	865135	865932	right	160	85	60	135	10	35	None	None	testing
8	wj	f	19	green	2	(80, 0)	(40, 69)	(-39, 69)	(-80, 0)	(-40, -69)	(40, -69)	circle	none	dif	right	right	N_dist	(-40, -69)	probe	l_norm	None	None	None	None	110	60	160	85	135	10	(40, -69)	27	testing
8	wj	f	19	green	2	(80, 0)	(40, 69)	(-39, 69)	(-80, 0)	(-40, -69)	(40, -69)	circle	none	dif	right	right	N_dist	(-40, -69)	search	nr	True	873985	874684	right	160	60	85	10	35	110	None	None	testing
8	wj	f	19	green	2	(80, 0)	(40, 69)	(-39, 69)	(-80, 0)	(-40, -69)	(40, -69)	diamond	green	dif	right	right	(40, 69)	(-39, 69)	search	nr	True	875939	876716	right	160	110	35	10	60	85	None	None	testing
8	wj	f	19	green	2	(80, 0)	(40, 69)	(-39, 69)	(-80, 0)	(-40, -69)	(40, -69)	diamond	green	same	left	left	(40, -69)	(-40, -69)	search	nr	True	877809	878588	left	135	160	85	110	35	60	None	None	testing
8	wj	f	19	green	2	(80, 0)	(40, 69)	(-39, 69)	(-80, 0)	(-40, -69)	(40, -69)	diamond	none	same	right	right	N_dist	(-39, 69)	search	nr	True	879663	880477	right	85	35	135	160	110	10	None	None	testing
8	wj	f	19	green	2	(80, 0)	(40, 69)	(-39, 69)	(-80, 0)	(-40, -69)	(40, -69)	circle	green	dif	right	right	(40, 69)	(-40, -69)	search	nr	True	881733	882605	right	85	60	160	110	10	35	None	None	testing
8	wj	f	19	green	2	(80, 0)	(40, 69)	(-39, 69)	(-80, 0)	(-40, -69)	(40, -69)	diamond	none	same	left	left	N_dist	(-39, 69)	search	nr	True	883719	884380	left	85	160	35	10	110	135	None	None	testing
8	wj	f	19	green	2	(80, 0)	(40, 69)	(-39, 69)	(-80, 0)	(-40, -69)	(40, -69)	diamond	green	same	left	left	(-80, 0)	(80, 0)	search	nr	True	885523	886300	left	110	35	135	60	10	160	None	None	testing
8	wj	f	19	green	2	(80, 0)	(40, 69)	(-39, 69)	(-80, 0)	(-40, -69)	(40, -69)	circle	none	dif	left	left	N_dist	(-40, -69)	probe	l_norm	None	None	None	None	85	110	135	60	10	35	(-80, 0)	165	testing
8	wj	f	19	green	2	(80, 0)	(40, 69)	(-39, 69)	(-80, 0)	(-40, -69)	(40, -69)	circle	green	dif	left	left	(-39, 69)	(40, -69)	search	nr	True	891768	892396	left	35	60	160	85	110	10	None	None	testing
8	wj	f	19	green	2	(80, 0)	(40, 69)	(-39, 69)	(-80, 0)	(-40, -69)	(40, -69)	circle	green	same	right	right	(40, -69)	(-39, 69)	probe	norm	None	None	None	None	85	10	35	110	135	160	(40, 69)	143	testing
8	wj	f	19	green	2	(80, 0)	(40, 69)	(-39, 69)	(-80, 0)	(-40, -69)	(40, -69)	circle	green	dif	left	left	(40, 69)	(40, -69)	search	nr	True	898230	898861	left	135	85	160	110	35	10	None	None	testing
8	wj	f	19	green	2	(80, 0)	(40, 69)	(-39, 69)	(-80, 0)	(-40, -69)	(40, -69)	diamond	none	dif	left	left	N_dist	(40, 69)	search	nr	True	899950	901020	left	110	85	10	35	160	135	None	None	testing
8	wj	f	19	green	2	(80, 0)	(40, 69)	(-39, 69)	(-80, 0)	(-40, -69)	(40, -69)	circle	green	same	right	right	(40, 69)	(40, -69)	search	nr	True	902120	902829	right	35	10	160	135	85	60	None	None	testing
8	wj	f	19	green	2	(80, 0)	(40, 69)	(-39, 69)	(-80, 0)	(-40, -69)	(40, -69)	circle	none	dif	left	left	N_dist	(-80, 0)	search	nr	True	904024	904829	left	10	110	85	60	135	35	None	None	testing
8	wj	f	19	green	2	(80, 0)	(40, 69)	(-39, 69)	(-80, 0)	(-40, -69)	(40, -69)	diamond	green	same	left	left	(80, 0)	(40, -69)	search	nr	True	906010	906924	left	35	10	160	135	110	60	None	None	testing
8	wj	f	19	green	2	(80, 0)	(40, 69)	(-39, 69)	(-80, 0)	(-40, -69)	(40, -69)	diamond	green	dif	left	left	(-80, 0)	(-39, 69)	search	nr	True	908131	908972	left	60	35	85	110	10	160	None	None	testing
8	wj	f	19	green	2	(80, 0)	(40, 69)	(-39, 69)	(-80, 0)	(-40, -69)	(40, -69)	circle	green	same	left	left	(-80, 0)	(80, 0)	search	nr	True	910235	911884	left	35	60	85	135	160	10	None	None	testing
8	wj	f	19	green	2	(80, 0)	(40, 69)	(-39, 69)	(-80, 0)	(-40, -69)	(40, -69)	diamond	none	same	right	right	N_dist	(-39, 69)	probe	l_tar	None	None	None	None	110	10	85	60	160	35	(-39, 69)	20	testing
8	wj	f	19	green	2	(80, 0)	(40, 69)	(-39, 69)	(-80, 0)	(-40, -69)	(40, -69)	circle	green	same	left	left	(40, 69)	(40, -69)	probe	tar	None	None	None	None	60	135	160	110	85	35	(40, -69)	147	testing
8	wj	f	19	green	2	(80, 0)	(40, 69)	(-39, 69)	(-80, 0)	(-40, -69)	(40, -69)	diamond	none	dif	left	left	N_dist	(80, 0)	probe	h_norm	None	None	None	None	10	110	160	35	135	60	(40, 69)	28	testing
8	wj	f	19	green	2	(80, 0)	(40, 69)	(-39, 69)	(-80, 0)	(-40, -69)	(40, -69)	diamond	green	same	left	left	(40, 69)	(40, -69)	search	nr	True	927851	928684	left	35	160	110	10	60	85	None	None	testing
8	wj	f	19	green	2	(80, 0)	(40, 69)	(-39, 69)	(-80, 0)	(-40, -69)	(40, -69)	diamond	green	dif	right	right	(40, 69)	(-39, 69)	probe	norm	None	None	None	None	35	160	85	10	135	60	(40, -69)	60	testing
8	wj	f	19	green	2	(80, 0)	(40, 69)	(-39, 69)	(-80, 0)	(-40, -69)	(40, -69)	circle	none	dif	right	right	N_dist	(40, 69)	probe	h_tar	None	None	None	None	35	135	110	160	85	60	(40, 69)	36	testing
8	wj	f	19	green	2	(80, 0)	(40, 69)	(-39, 69)	(-80, 0)	(-40, -69)	(40, -69)	circle	none	dif	right	right	N_dist	(40, 69)	probe	h_tar	None	None	None	None	60	160	10	110	135	35	(40, 69)	26	testing
8	wj	f	19	green	2	(80, 0)	(40, 69)	(-39, 69)	(-80, 0)	(-40, -69)	(40, -69)	diamond	green	dif	right	right	(40, 69)	(80, 0)	probe	h_sin	None	None	None	None	35	85	110	60	135	10	(40, 69)	14	testing
8	wj	f	19	green	2	(80, 0)	(40, 69)	(-39, 69)	(-80, 0)	(-40, -69)	(40, -69)	diamond	green	dif	left	left	(40, 69)	(80, 0)	probe	h_sin	None	None	None	None	60	135	35	10	85	160	(40, 69)	18	testing
8	wj	f	19	green	2	(80, 0)	(40, 69)	(-39, 69)	(-80, 0)	(-40, -69)	(40, -69)	diamond	none	same	left	left	N_dist	(-39, 69)	search	nr	True	957088	957724	left	160	35	10	135	110	60	None	None	testing
8	wj	f	19	green	2	(80, 0)	(40, 69)	(-39, 69)	(-80, 0)	(-40, -69)	(40, -69)	circle	none	same	left	left	N_dist	(80, 0)	probe	l_tar	None	None	None	None	10	135	160	35	110	85	(80, 0)	36	testing
8	wj	f	19	green	2	(80, 0)	(40, 69)	(-39, 69)	(-80, 0)	(-40, -69)	(40, -69)	circle	green	dif	left	left	(80, 0)	(-40, -69)	search	nr	True	966789	967468	left	35	85	60	160	10	110	None	None	testing
8	wj	f	19	green	2	(80, 0)	(40, 69)	(-39, 69)	(-80, 0)	(-40, -69)	(40, -69)	diamond	green	same	right	right	(40, 69)	(-39, 69)	probe	h_sin	None	None	None	None	60	85	35	10	160	110	(40, 69)	171	testing
8	wj	f	19	green	2	(80, 0)	(40, 69)	(-39, 69)	(-80, 0)	(-40, -69)	(40, -69)	diamond	green	dif	left	left	(40, 69)	(-80, 0)	probe	h_sin	None	None	None	None	135	35	60	10	160	85	(40, 69)	155	testing
8	wj	f	19	green	2	(80, 0)	(40, 69)	(-39, 69)	(-80, 0)	(-40, -69)	(40, -69)	diamond	green	dif	left	left	(-40, -69)	(40, -69)	probe	norm	None	None	None	None	135	10	160	110	35	85	(40, 69)	136	testing
8	wj	f	19	green	2	(80, 0)	(40, 69)	(-39, 69)	(-80, 0)	(-40, -69)	(40, -69)	circle	none	same	left	left	N_dist	(40, 69)	search	nr	True	984221	985213	left	85	160	110	35	10	60	None	None	testing
8	wj	f	19	green	2	(80, 0)	(40, 69)	(-39, 69)	(-80, 0)	(-40, -69)	(40, -69)	circle	green	dif	right	right	(40, 69)	(80, 0)	probe	norm	None	None	None	None	35	60	160	10	110	85	(40, -69)	66	testing
8	wj	f	19	green	2	(80, 0)	(40, 69)	(-39, 69)	(-80, 0)	(-40, -69)	(40, -69)	circle	none	same	left	left	N_dist	(40, 69)	probe	h_tar	None	None	None	None	135	160	35	85	110	10	(40, 69)	43	testing
8	wj	f	19	green	2	(80, 0)	(40, 69)	(-39, 69)	(-80, 0)	(-40, -69)	(40, -69)	diamond	none	dif	right	right	N_dist	(-40, -69)	search	nr	True	998964	999949	right	85	35	110	135	160	10	None	None	testing
8	wj	f	19	green	2	(80, 0)	(40, 69)	(-39, 69)	(-80, 0)	(-40, -69)	(40, -69)	circle	green	dif	left	left	(40, 69)	(40, -69)	search	nr	True	1001135	1001869	left	60	160	110	10	85	135	None	None	testing
8	wj	f	19	green	2	(80, 0)	(40, 69)	(-39, 69)	(-80, 0)	(-40, -69)	(40, -69)	circle	green	same	right	right	(-40, -69)	(80, 0)	probe	norm	None	None	None	None	110	85	35	60	135	160	(40, -69)	41	testing
8	wj	f	19	green	2	(80, 0)	(40, 69)	(-39, 69)	(-80, 0)	(-40, -69)	(40, -69)	circle	none	same	right	right	N_dist	(80, 0)	probe	h_norm	None	None	None	None	35	85	110	160	135	60	(40, 69)	160	testing
8	wj	f	19	green	2	(80, 0)	(40, 69)	(-39, 69)	(-80, 0)	(-40, -69)	(40, -69)	diamond	green	same	right	right	(40, 69)	(-39, 69)	search	nr	True	1013575	1014668	right	135	110	160	60	10	35	None	None	testing
8	wj	f	19	green	2	(80, 0)	(40, 69)	(-39, 69)	(-80, 0)	(-40, -69)	(40, -69)	circle	green	same	left	left	(80, 0)	(-39, 69)	search	nr	True	1015846	1016492	left	110	160	60	35	135	85	None	None	testing
8	wj	f	19	green	2	(80, 0)	(40, 69)	(-39, 69)	(-80, 0)	(-40, -69)	(40, -69)	circle	none	dif	right	right	N_dist	(40, 69)	search	nr	True	1017666	1018316	right	160	10	85	60	110	135	None	None	testing
8	wj	f	19	green	2	(80, 0)	(40, 69)	(-39, 69)	(-80, 0)	(-40, -69)	(40, -69)	diamond	none	dif	left	left	N_dist	(-80, 0)	search	nr	True	1019620	1020588	left	160	35	10	135	60	110	None	None	testing
8	wj	f	19	green	2	(80, 0)	(40, 69)	(-39, 69)	(-80, 0)	(-40, -69)	(40, -69)	circle	none	same	left	left	N_dist	(80, 0)	search	nr	True	1021723	1022476	left	60	160	110	10	85	35	None	None	testing
8	wj	f	19	green	2	(80, 0)	(40, 69)	(-39, 69)	(-80, 0)	(-40, -69)	(40, -69)	circle	green	dif	right	right	(-39, 69)	(-40, -69)	search	nr	True	1023694	1024652	right	110	60	160	10	35	135	None	None	testing
8	wj	f	19	green	2	(80, 0)	(40, 69)	(-39, 69)	(-80, 0)	(-40, -69)	(40, -69)	circle	green	dif	right	right	(-39, 69)	(-40, -69)	probe	tar	None	None	None	None	135	35	110	160	10	85	(-40, -69)	142	testing
8	wj	f	19	green	2	(80, 0)	(40, 69)	(-39, 69)	(-80, 0)	(-40, -69)	(40, -69)	diamond	green	same	right	right	(40, 69)	(-39, 69)	probe	norm	None	None	None	None	135	35	160	10	85	60	(40, -69)	28	testing
8	wj	f	19	green	2	(80, 0)	(40, 69)	(-39, 69)	(-80, 0)	(-40, -69)	(40, -69)	diamond	green	dif	left	left	(-80, 0)	(80, 0)	probe	l_sin	None	None	None	None	35	110	135	160	85	10	(-80, 0)	167	testing
8	wj	f	19	green	2	(80, 0)	(40, 69)	(-39, 69)	(-80, 0)	(-40, -69)	(40, -69)	diamond	green	same	right	right	(40, 69)	(40, -69)	search	nr	True	1039272	1040204	right	160	60	135	10	110	85	None	None	testing
8	wj	f	19	green	2	(80, 0)	(40, 69)	(-39, 69)	(-80, 0)	(-40, -69)	(40, -69)	diamond	green	same	left	left	(40, 69)	(-40, -69)	search	nr	True	1041293	1041997	left	160	135	85	10	35	60	None	None	testing
8	wj	f	19	green	2	(80, 0)	(40, 69)	(-39, 69)	(-80, 0)	(-40, -69)	(40, -69)	diamond	green	same	left	left	(40, 69)	(-80, 0)	search	nr	True	1043280	1043932	left	110	135	160	35	60	10	None	None	testing
8	wj	f	19	green	2	(80, 0)	(40, 69)	(-39, 69)	(-80, 0)	(-40, -69)	(40, -69)	circle	green	dif	left	left	(40, 69)	(-80, 0)	search	nr	True	1045000	1045756	left	10	135	85	35	60	110	None	None	testing
8	wj	f	19	green	2	(80, 0)	(40, 69)	(-39, 69)	(-80, 0)	(-40, -69)	(40, -69)	diamond	none	dif	left	left	N_dist	(40, 69)	probe	h_tar	None	None	None	None	135	35	60	85	10	110	(40, 69)	148	testing
8	wj	f	19	green	2	(80, 0)	(40, 69)	(-39, 69)	(-80, 0)	(-40, -69)	(40, -69)	diamond	green	dif	left	left	(40, 69)	(-39, 69)	search	nr	True	1050877	1051612	left	10	60	160	110	35	85	None	None	testing
8	wj	f	19	green	2	(80, 0)	(40, 69)	(-39, 69)	(-80, 0)	(-40, -69)	(40, -69)	circle	green	dif	right	right	(40, -69)	(-40, -69)	search	nr	True	1052763	1053548	left	85	110	35	135	60	10	None	None	testing
8	wj	f	19	green	2	(80, 0)	(40, 69)	(-39, 69)	(-80, 0)	(-40, -69)	(40, -69)	diamond	none	same	left	left	N_dist	(-80, 0)	probe	l_tar	None	None	None	None	10	60	110	160	35	85	(-80, 0)	67	testing
8	wj	f	19	green	2	(80, 0)	(40, 69)	(-39, 69)	(-80, 0)	(-40, -69)	(40, -69)	circle	none	dif	left	left	N_dist	(-80, 0)	search	nr	True	1061947	1062812	left	10	110	35	135	85	160	None	None	testing
8	wj	f	19	green	2	(80, 0)	(40, 69)	(-39, 69)	(-80, 0)	(-40, -69)	(40, -69)	circle	green	same	right	right	(40, 69)	(-40, -69)	search	nr	True	1063984	1064844	right	85	10	135	160	35	60	None	None	testing
8	wj	f	19	green	2	(80, 0)	(40, 69)	(-39, 69)	(-80, 0)	(-40, -69)	(40, -69)	circle	green	dif	right	right	(40, 69)	(-40, -69)	search	nr	True	1066055	1066796	right	110	160	60	35	10	135	None	None	testing
8	wj	f	19	green	2	(80, 0)	(40, 69)	(-39, 69)	(-80, 0)	(-40, -69)	(40, -69)	diamond	green	dif	right	right	(-39, 69)	(80, 0)	search	nr	True	1068058	1069196	right	60	85	135	35	10	160	None	None	testing
8	wj	f	19	green	2	(80, 0)	(40, 69)	(-39, 69)	(-80, 0)	(-40, -69)	(40, -69)	diamond	green	dif	right	right	(40, 69)	(80, 0)	search	nr	True	1070497	1071165	right	35	60	135	85	160	110	None	None	testing
8	wj	f	19	green	2	(80, 0)	(40, 69)	(-39, 69)	(-80, 0)	(-40, -69)	(40, -69)	diamond	green	same	right	right	(40, 69)	(-40, -69)	probe	tar	None	None	None	None	160	135	60	85	35	10	(-40, -69)	147	testing
8	wj	f	19	green	2	(80, 0)	(40, 69)	(-39, 69)	(-80, 0)	(-40, -69)	(40, -69)	circle	none	same	right	right	N_dist	(-80, 0)	search	nr	True	1077693	1078444	right	60	10	160	110	135	35	None	None	testing
8	wj	f	19	green	2	(80, 0)	(40, 69)	(-39, 69)	(-80, 0)	(-40, -69)	(40, -69)	diamond	none	same	left	left	N_dist	(-80, 0)	search	nr	True	1079680	1080348	left	135	110	10	85	35	160	None	None	testing
8	wj	f	19	green	2	(80, 0)	(40, 69)	(-39, 69)	(-80, 0)	(-40, -69)	(40, -69)	circle	none	dif	right	right	N_dist	(-39, 69)	probe	h_norm	None	None	None	None	160	60	35	135	110	10	(40, 69)	22	testing
8	wj	f	19	green	2	(80, 0)	(40, 69)	(-39, 69)	(-80, 0)	(-40, -69)	(40, -69)	circle	none	dif	right	right	N_dist	(40, 69)	search	nr	True	1085858	1086508	right	35	85	110	60	160	10	None	None	testing
8	wj	f	19	green	2	(80, 0)	(40, 69)	(-39, 69)	(-80, 0)	(-40, -69)	(40, -69)	diamond	green	same	left	left	(80, 0)	(40, -69)	probe	l_sin	None	None	None	None	60	35	10	110	85	135	(80, 0)	8	testing
8	wj	f	19	green	2	(80, 0)	(40, 69)	(-39, 69)	(-80, 0)	(-40, -69)	(40, -69)	diamond	none	dif	right	right	N_dist	(80, 0)	probe	h_norm	None	None	None	None	110	10	60	85	135	160	(40, 69)	156	testing
8	wj	f	19	green	2	(80, 0)	(40, 69)	(-39, 69)	(-80, 0)	(-40, -69)	(40, -69)	circle	green	same	right	right	(40, 69)	(-40, -69)	probe	tar	None	None	None	None	110	60	85	35	10	135	(-40, -69)	144	testing
8	wj	f	19	green	2	(80, 0)	(40, 69)	(-39, 69)	(-80, 0)	(-40, -69)	(40, -69)	circle	green	dif	right	right	(40, 69)	(-39, 69)	search	nr	True	1101687	1102604	right	10	160	110	60	85	135	None	None	testing
8	wj	f	19	green	2	(80, 0)	(40, 69)	(-39, 69)	(-80, 0)	(-40, -69)	(40, -69)	diamond	none	dif	left	left	N_dist	(80, 0)	search	nr	True	1103807	1104444	left	160	10	85	110	35	60	None	None	testing
8	wj	f	19	green	2	(80, 0)	(40, 69)	(-39, 69)	(-80, 0)	(-40, -69)	(40, -69)	circle	green	same	right	right	(-40, -69)	(-80, 0)	search	nr	True	1105694	1106780	right	135	85	35	60	160	110	None	None	testing
8	wj	f	19	green	2	(80, 0)	(40, 69)	(-39, 69)	(-80, 0)	(-40, -69)	(40, -69)	circle	green	dif	right	right	(40, 69)	(-40, -69)	search	nr	True	1107982	1108892	right	110	135	35	60	10	160	None	None	testing
8	wj	f	19	green	2	(80, 0)	(40, 69)	(-39, 69)	(-80, 0)	(-40, -69)	(40, -69)	diamond	green	dif	left	left	(40, 69)	(-39, 69)	search	nr	True	1110102	1111180	left	110	10	60	85	35	135	None	None	testing
8	wj	f	19	green	2	(80, 0)	(40, 69)	(-39, 69)	(-80, 0)	(-40, -69)	(40, -69)	diamond	green	same	left	left	(40, 69)	(-80, 0)	probe	tar	None	None	None	None	60	85	10	110	135	35	(-80, 0)	168	testing
8	wj	f	19	green	2	(80, 0)	(40, 69)	(-39, 69)	(-80, 0)	(-40, -69)	(40, -69)	diamond	none	same	left	left	N_dist	(-80, 0)	search	nr	True	1116832	1117467	left	85	110	60	160	135	35	None	None	testing
8	wj	f	19	green	2	(80, 0)	(40, 69)	(-39, 69)	(-80, 0)	(-40, -69)	(40, -69)	diamond	none	same	left	left	N_dist	(80, 0)	search	nr	True	1118735	1119339	left	135	10	60	160	110	35	None	None	testing
8	wj	f	19	green	2	(80, 0)	(40, 69)	(-39, 69)	(-80, 0)	(-40, -69)	(40, -69)	circle	green	same	right	right	(40, -69)	(80, 0)	search	nr	True	1120522	1121260	right	135	35	10	110	85	160	None	None	testing
8	wj	f	19	green	2	(80, 0)	(40, 69)	(-39, 69)	(-80, 0)	(-40, -69)	(40, -69)	diamond	green	same	left	left	(40, 69)	(-40, -69)	probe	h_sin	None	None	None	None	10	110	135	85	35	60	(40, 69)	163	testing
8	wj	f	19	green	2	(80, 0)	(40, 69)	(-39, 69)	(-80, 0)	(-40, -69)	(40, -69)	circle	green	same	left	left	(40, 69)	(40, -69)	search	nr	True	1127133	1127788	left	160	60	110	35	10	135	None	None	testing
8	wj	f	19	green	2	(80, 0)	(40, 69)	(-39, 69)	(-80, 0)	(-40, -69)	(40, -69)	diamond	green	dif	right	right	(40, 69)	(-39, 69)	search	nr	True	1128970	1129629	right	10	35	60	85	110	160	None	None	testing
8	wj	f	19	green	2	(80, 0)	(40, 69)	(-39, 69)	(-80, 0)	(-40, -69)	(40, -69)	diamond	green	dif	right	right	(40, 69)	(80, 0)	search	nr	True	1130908	1131724	right	60	85	10	35	135	160	None	None	testing
8	wj	f	19	green	2	(80, 0)	(40, 69)	(-39, 69)	(-80, 0)	(-40, -69)	(40, -69)	circle	none	same	left	left	N_dist	(40, -69)	probe	l_norm	None	None	None	None	60	35	110	10	85	160	(-80, 0)	167	testing
8	wj	f	19	green	2	(80, 0)	(40, 69)	(-39, 69)	(-80, 0)	(-40, -69)	(40, -69)	circle	green	same	left	left	(40, 69)	(-80, 0)	search	nr	True	1136752	1137804	left	85	60	135	160	110	35	None	None	testing
8	wj	f	19	green	2	(80, 0)	(40, 69)	(-39, 69)	(-80, 0)	(-40, -69)	(40, -69)	circle	none	same	left	left	N_dist	(-39, 69)	search	nr	True	1139022	1139612	left	110	160	35	135	60	85	None	None	testing
8	wj	f	19	green	2	(80, 0)	(40, 69)	(-39, 69)	(-80, 0)	(-40, -69)	(40, -69)	diamond	none	same	right	right	N_dist	(-40, -69)	search	nr	True	1140725	1141596	right	135	35	85	160	110	60	None	None	testing
8	wj	f	19	green	2	(80, 0)	(40, 69)	(-39, 69)	(-80, 0)	(-40, -69)	(40, -69)	circle	green	dif	right	right	(40, 69)	(-39, 69)	probe	norm	None	None	None	None	85	135	10	160	35	60	(80, 0)	175	testing
8	wj	f	19	green	2	(80, 0)	(40, 69)	(-39, 69)	(-80, 0)	(-40, -69)	(40, -69)	diamond	none	dif	right	right	N_dist	(80, 0)	search	nr	True	1147822	1148492	right	60	35	10	160	110	135	None	None	testing
8	wj	f	19	green	2	(80, 0)	(40, 69)	(-39, 69)	(-80, 0)	(-40, -69)	(40, -69)	circle	none	same	right	right	N_dist	(-39, 69)	probe	l_norm	None	None	None	None	60	35	160	110	85	10	(-80, 0)	172	testing
8	wj	f	19	green	2	(80, 0)	(40, 69)	(-39, 69)	(-80, 0)	(-40, -69)	(40, -69)	diamond	green	same	right	right	(40, 69)	(-40, -69)	probe	h_sin	None	None	None	None	35	60	135	160	85	10	(40, 69)	161	testing
8	wj	f	19	green	2	(80, 0)	(40, 69)	(-39, 69)	(-80, 0)	(-40, -69)	(40, -69)	diamond	green	dif	right	right	(40, 69)	(80, 0)	search	nr	True	1158107	1158749	right	85	60	35	135	10	160	None	None	testing
8	wj	f	19	green	2	(80, 0)	(40, 69)	(-39, 69)	(-80, 0)	(-40, -69)	(40, -69)	diamond	green	same	left	left	(-80, 0)	(40, -69)	search	nr	True	1159827	1161052	left	35	60	110	160	85	10	None	None	testing
8	wj	f	19	green	2	(80, 0)	(40, 69)	(-39, 69)	(-80, 0)	(-40, -69)	(40, -69)	circle	none	same	right	right	N_dist	(-80, 0)	probe	h_norm	None	None	None	None	160	135	35	110	10	60	(40, 69)	149	testing
8	wj	f	19	green	2	(80, 0)	(40, 69)	(-39, 69)	(-80, 0)	(-40, -69)	(40, -69)	circle	green	same	right	right	(40, 69)	(40, -69)	probe	norm	None	None	None	None	10	135	110	160	60	85	(-40, -69)	152	testing
8	wj	f	19	green	2	(80, 0)	(40, 69)	(-39, 69)	(-80, 0)	(-40, -69)	(40, -69)	circle	green	same	right	right	(40, 69)	(80, 0)	probe	norm	None	None	None	None	160	60	110	35	85	10	(-40, -69)	168	testing
8	wj	f	19	green	2	(80, 0)	(40, 69)	(-39, 69)	(-80, 0)	(-40, -69)	(40, -69)	circle	green	same	left	left	(-39, 69)	(-40, -69)	probe	l_sin	None	None	None	None	10	135	60	160	85	35	(-39, 69)	13	testing
8	wj	f	19	green	2	(80, 0)	(40, 69)	(-39, 69)	(-80, 0)	(-40, -69)	(40, -69)	diamond	green	same	right	right	(40, 69)	(-39, 69)	search	nr	True	1180515	1181228	right	160	10	110	135	35	60	None	None	testing
8	wj	f	19	green	2	(80, 0)	(40, 69)	(-39, 69)	(-80, 0)	(-40, -69)	(40, -69)	circle	none	same	left	left	N_dist	(40, 69)	probe	h_tar	None	None	None	None	110	35	60	10	160	85	(40, 69)	147	testing
8	wj	f	19	green	2	(80, 0)	(40, 69)	(-39, 69)	(-80, 0)	(-40, -69)	(40, -69)	circle	none	dif	left	left	N_dist	(-80, 0)	search	nr	True	1186410	1187260	left	60	160	135	110	35	85	None	None	testing
8	wj	f	19	green	2	(80, 0)	(40, 69)	(-39, 69)	(-80, 0)	(-40, -69)	(40, -69)	diamond	green	same	left	left	(-80, 0)	(-40, -69)	search	nr	True	1188396	1189660	left	110	35	85	60	10	160	None	None	testing
8	wj	f	19	green	2	(80, 0)	(40, 69)	(-39, 69)	(-80, 0)	(-40, -69)	(40, -69)	diamond	green	dif	left	left	(-80, 0)	(-39, 69)	search	nr	True	1190751	1191531	left	110	160	35	10	135	60	None	None	testing
8	wj	f	19	green	2	(80, 0)	(40, 69)	(-39, 69)	(-80, 0)	(-40, -69)	(40, -69)	diamond	green	dif	left	left	(-40, -69)	(80, 0)	search	nr	True	1192755	1193435	left	135	110	85	35	10	60	None	None	testing
8	wj	f	19	green	2	(80, 0)	(40, 69)	(-39, 69)	(-80, 0)	(-40, -69)	(40, -69)	diamond	none	dif	left	left	N_dist	(40, 69)	search	nr	True	1194724	1195387	left	10	135	85	60	160	35	None	None	testing
8	wj	f	19	green	2	(80, 0)	(40, 69)	(-39, 69)	(-80, 0)	(-40, -69)	(40, -69)	diamond	green	dif	right	right	(40, 69)	(80, 0)	probe	norm	None	None	None	None	85	110	160	10	60	35	(-40, -69)	164	testing
8	wj	f	19	green	2	(80, 0)	(40, 69)	(-39, 69)	(-80, 0)	(-40, -69)	(40, -69)	circle	green	dif	left	left	(-39, 69)	(40, -69)	probe	l_sin	None	None	None	None	10	110	85	35	135	60	(-39, 69)	161	testing
8	wj	f	19	green	2	(80, 0)	(40, 69)	(-39, 69)	(-80, 0)	(-40, -69)	(40, -69)	diamond	green	dif	left	left	(40, 69)	(-39, 69)	probe	h_sin	None	None	None	None	35	135	85	110	10	60	(40, 69)	16	testing
8	wj	f	19	green	2	(80, 0)	(40, 69)	(-39, 69)	(-80, 0)	(-40, -69)	(40, -69)	circle	green	dif	right	right	(40, 69)	(80, 0)	search	nr	True	1210421	1211404	right	35	60	110	85	10	160	None	None	testing
8	wj	f	19	green	2	(80, 0)	(40, 69)	(-39, 69)	(-80, 0)	(-40, -69)	(40, -69)	diamond	green	same	left	left	(40, 69)	(-40, -69)	search	nr	True	1212708	1213739	left	135	60	110	85	35	10	None	None	testing
8	wj	f	19	green	2	(80, 0)	(40, 69)	(-39, 69)	(-80, 0)	(-40, -69)	(40, -69)	diamond	green	dif	left	left	(-80, 0)	(-39, 69)	probe	tar	None	None	None	None	135	110	35	160	10	60	(-39, 69)	152	testing
8	wj	f	19	green	2	(80, 0)	(40, 69)	(-39, 69)	(-80, 0)	(-40, -69)	(40, -69)	diamond	green	dif	left	left	(-40, -69)	(40, -69)	search	nr	True	1219570	1220460	left	10	85	60	110	160	135	None	None	testing
8	wj	f	19	green	2	(80, 0)	(40, 69)	(-39, 69)	(-80, 0)	(-40, -69)	(40, -69)	diamond	none	same	right	right	N_dist	(-40, -69)	probe	h_norm	None	None	None	None	35	10	160	60	85	110	(40, 69)	151	testing
8	wj	f	19	green	2	(80, 0)	(40, 69)	(-39, 69)	(-80, 0)	(-40, -69)	(40, -69)	diamond	green	dif	left	left	(80, 0)	(-80, 0)	search	nr	True	1225782	1226348	left	35	160	110	60	135	85	None	None	testing
8	wj	f	19	green	2	(80, 0)	(40, 69)	(-39, 69)	(-80, 0)	(-40, -69)	(40, -69)	diamond	none	same	right	right	N_dist	(-40, -69)	search	nr	True	1227435	1228219	right	60	35	160	135	85	110	None	None	testing
8	wj	f	19	green	2	(80, 0)	(40, 69)	(-39, 69)	(-80, 0)	(-40, -69)	(40, -69)	circle	none	same	right	right	N_dist	(-39, 69)	search	nr	True	1229438	1230748	right	110	85	10	35	60	135	None	None	testing
8	wj	f	19	green	2	(80, 0)	(40, 69)	(-39, 69)	(-80, 0)	(-40, -69)	(40, -69)	diamond	green	dif	left	left	(80, 0)	(-80, 0)	probe	l_sin	None	None	None	None	110	35	10	60	85	160	(80, 0)	157	testing
8	wj	f	19	green	2	(80, 0)	(40, 69)	(-39, 69)	(-80, 0)	(-40, -69)	(40, -69)	circle	green	same	right	right	(40, 69)	(-40, -69)	search	nr	True	1235533	1236284	right	35	85	160	60	135	110	None	None	testing
8	wj	f	19	green	2	(80, 0)	(40, 69)	(-39, 69)	(-80, 0)	(-40, -69)	(40, -69)	diamond	none	dif	right	right	N_dist	(-39, 69)	probe	l_norm	None	None	None	None	85	110	135	160	60	35	(40, -69)	32	testing
8	wj	f	19	green	2	(80, 0)	(40, 69)	(-39, 69)	(-80, 0)	(-40, -69)	(40, -69)	circle	green	dif	right	right	(40, 69)	(-39, 69)	search	nr	True	1242246	1243148	right	135	10	160	110	85	35	None	None	testing
8	wj	f	19	green	2	(80, 0)	(40, 69)	(-39, 69)	(-80, 0)	(-40, -69)	(40, -69)	circle	none	dif	right	right	N_dist	(-39, 69)	search	nr	True	1244299	1244876	right	110	35	60	160	135	85	None	None	testing
8	wj	f	19	green	2	(80, 0)	(40, 69)	(-39, 69)	(-80, 0)	(-40, -69)	(40, -69)	circle	green	dif	right	right	(40, 69)	(-40, -69)	probe	tar	None	None	None	None	85	10	60	35	135	110	(-40, -69)	148	testing
8	wj	f	19	green	2	(80, 0)	(40, 69)	(-39, 69)	(-80, 0)	(-40, -69)	(40, -69)	diamond	green	same	left	left	(40, 69)	(-80, 0)	search	nr	True	1250494	1251339	left	135	35	110	160	60	85	None	None	testing
8	wj	f	19	green	2	(80, 0)	(40, 69)	(-39, 69)	(-80, 0)	(-40, -69)	(40, -69)	circle	green	dif	right	right	(40, -69)	(-40, -69)	search	nr	True	1252531	1253484	right	85	35	60	10	110	160	None	None	testing
8	wj	f	19	green	2	(80, 0)	(40, 69)	(-39, 69)	(-80, 0)	(-40, -69)	(40, -69)	circle	green	same	right	right	(40, 69)	(40, -69)	probe	h_sin	None	None	None	None	135	110	60	85	35	10	(40, 69)	145	testing
8	wj	f	19	green	2	(80, 0)	(40, 69)	(-39, 69)	(-80, 0)	(-40, -69)	(40, -69)	diamond	green	same	right	right	(40, 69)	(80, 0)	probe	tar	None	None	None	None	110	160	135	60	10	85	(80, 0)	16	testing
8	wj	f	19	green	2	(80, 0)	(40, 69)	(-39, 69)	(-80, 0)	(-40, -69)	(40, -69)	diamond	green	dif	right	right	(40, 69)	(80, 0)	search	nr	True	1262149	1262812	right	60	160	85	135	10	110	None	None	testing
8	wj	f	19	green	2	(80, 0)	(40, 69)	(-39, 69)	(-80, 0)	(-40, -69)	(40, -69)	diamond	none	dif	right	right	N_dist	(-40, -69)	search	nr	True	1263885	1264620	right	35	160	60	10	135	85	None	None	testing
8	wj	f	19	green	2	(80, 0)	(40, 69)	(-39, 69)	(-80, 0)	(-40, -69)	(40, -69)	circle	none	same	right	right	N_dist	(-80, 0)	search	nr	True	1265822	1266427	right	135	160	110	85	10	35	None	None	testing
8	wj	f	19	green	2	(80, 0)	(40, 69)	(-39, 69)	(-80, 0)	(-40, -69)	(40, -69)	circle	green	same	right	right	(40, 69)	(40, -69)	probe	tar	None	None	None	None	35	60	160	135	10	110	(40, -69)	19	testing
8	wj	f	19	green	2	(80, 0)	(40, 69)	(-39, 69)	(-80, 0)	(-40, -69)	(40, -69)	diamond	green	same	left	left	(-80, 0)	(40, -69)	search	nr	True	1271516	1272668	left	10	135	85	160	60	110	None	None	testing
8	wj	f	19	green	2	(80, 0)	(40, 69)	(-39, 69)	(-80, 0)	(-40, -69)	(40, -69)	circle	none	same	right	right	N_dist	(-80, 0)	search	nr	True	1273837	1274540	right	35	85	110	10	160	60	None	None	testing
8	wj	f	19	green	2	(80, 0)	(40, 69)	(-39, 69)	(-80, 0)	(-40, -69)	(40, -69)	circle	none	dif	left	left	N_dist	(40, 69)	probe	h_tar	None	None	None	None	110	135	10	85	35	60	(40, 69)	35	testing
8	wj	f	19	green	2	(80, 0)	(40, 69)	(-39, 69)	(-80, 0)	(-40, -69)	(40, -69)	diamond	green	same	right	right	(40, 69)	(40, -69)	probe	norm	None	None	None	None	85	135	60	110	35	160	(-39, 69)	18	testing
8	wj	f	19	green	2	(80, 0)	(40, 69)	(-39, 69)	(-80, 0)	(-40, -69)	(40, -69)	diamond	none	same	left	left	N_dist	(-40, -69)	search	nr	True	1288664	1289563	left	110	10	160	60	35	135	None	None	testing
8	wj	f	19	green	2	(80, 0)	(40, 69)	(-39, 69)	(-80, 0)	(-40, -69)	(40, -69)	circle	none	dif	left	left	N_dist	(40, -69)	probe	l_norm	None	None	None	None	10	135	160	85	110	60	(-39, 69)	13	testing
8	wj	f	19	green	2	(80, 0)	(40, 69)	(-39, 69)	(-80, 0)	(-40, -69)	(40, -69)	circle	green	same	right	right	(40, 69)	(-80, 0)	search	nr	True	1295677	1296380	right	160	10	60	35	110	135	None	None	testing
8	wj	f	19	green	2	(80, 0)	(40, 69)	(-39, 69)	(-80, 0)	(-40, -69)	(40, -69)	circle	none	same	left	left	N_dist	(80, 0)	search	nr	True	1297581	1298204	left	160	85	110	10	35	135	None	None	testing
8	wj	f	19	green	2	(80, 0)	(40, 69)	(-39, 69)	(-80, 0)	(-40, -69)	(40, -69)	circle	green	dif	right	right	(40, 69)	(-39, 69)	search	nr	True	1299418	1300140	right	135	10	160	85	60	35	None	None	testing
8	wj	f	19	green	2	(80, 0)	(40, 69)	(-39, 69)	(-80, 0)	(-40, -69)	(40, -69)	circle	none	dif	left	left	N_dist	(-40, -69)	search	nr	True	1301437	1302188	left	135	60	85	110	35	160	None	None	testing
8	wj	f	19	green	2	(80, 0)	(40, 69)	(-39, 69)	(-80, 0)	(-40, -69)	(40, -69)	circle	green	same	right	right	(40, -69)	(-39, 69)	search	nr	True	1303492	1304779	right	110	10	135	160	35	85	None	None	testing
8	wj	f	19	green	2	(80, 0)	(40, 69)	(-39, 69)	(-80, 0)	(-40, -69)	(40, -69)	diamond	green	same	left	left	(-80, 0)	(40, -69)	probe	l_sin	None	None	None	None	35	85	160	60	135	10	(-80, 0)	157	testing
8	wj	f	19	green	2	(80, 0)	(40, 69)	(-39, 69)	(-80, 0)	(-40, -69)	(40, -69)	diamond	none	same	right	right	N_dist	(40, -69)	search	nr	True	1310354	1311020	right	160	60	110	35	85	10	None	None	testing
8	wj	f	19	green	2	(80, 0)	(40, 69)	(-39, 69)	(-80, 0)	(-40, -69)	(40, -69)	circle	green	same	left	left	(40, 69)	(-80, 0)	search	nr	True	1312274	1313020	left	160	10	85	110	135	60	None	None	testing
8	wj	f	19	green	2	(80, 0)	(40, 69)	(-39, 69)	(-80, 0)	(-40, -69)	(40, -69)	circle	none	dif	right	right	N_dist	(-40, -69)	search	nr	True	1314295	1314940	right	135	60	35	10	160	85	None	None	testing
8	wj	f	19	green	2	(80, 0)	(40, 69)	(-39, 69)	(-80, 0)	(-40, -69)	(40, -69)	diamond	green	same	left	left	(-80, 0)	(80, 0)	search	nr	True	1316198	1317131	left	60	10	135	160	85	35	None	None	testing
8	wj	f	19	green	2	(80, 0)	(40, 69)	(-39, 69)	(-80, 0)	(-40, -69)	(40, -69)	circle	none	same	right	right	N_dist	(80, 0)	search	nr	True	1318402	1318971	right	135	10	35	60	85	110	None	None	testing
8	wj	f	19	green	2	(80, 0)	(40, 69)	(-39, 69)	(-80, 0)	(-40, -69)	(40, -69)	diamond	none	dif	right	right	N_dist	(-40, -69)	probe	h_norm	None	None	None	None	35	10	135	160	60	85	(40, 69)	26	testing
8	wj	f	19	green	2	(80, 0)	(40, 69)	(-39, 69)	(-80, 0)	(-40, -69)	(40, -69)	diamond	green	same	right	right	(40, 69)	(-40, -69)	search	nr	True	1324998	1325708	right	10	110	135	85	160	35	None	None	testing
8	wj	f	19	green	2	(80, 0)	(40, 69)	(-39, 69)	(-80, 0)	(-40, -69)	(40, -69)	diamond	none	dif	right	right	N_dist	(-39, 69)	search	nr	True	1326868	1327436	right	10	110	85	135	35	160	None	None	testing
8	wj	f	19	green	2	(80, 0)	(40, 69)	(-39, 69)	(-80, 0)	(-40, -69)	(40, -69)	diamond	none	dif	left	left	N_dist	(-80, 0)	search	nr	True	1328571	1329212	left	160	60	110	135	10	85	None	None	testing
8	wj	f	19	green	2	(80, 0)	(40, 69)	(-39, 69)	(-80, 0)	(-40, -69)	(40, -69)	diamond	green	dif	right	right	(-39, 69)	(80, 0)	search	nr	True	1330408	1331099	right	60	35	160	85	110	135	None	None	testing
8	wj	f	19	green	2	(80, 0)	(40, 69)	(-39, 69)	(-80, 0)	(-40, -69)	(40, -69)	circle	green	same	right	right	(-40, -69)	(-80, 0)	search	nr	True	1332328	1333292	right	35	110	10	60	85	160	None	None	testing
8	wj	f	19	green	2	(80, 0)	(40, 69)	(-39, 69)	(-80, 0)	(-40, -69)	(40, -69)	diamond	green	same	right	right	(40, 69)	(80, 0)	probe	norm	None	None	None	None	135	60	85	110	160	10	(40, -69)	18	testing
8	wj	f	19	green	2	(80, 0)	(40, 69)	(-39, 69)	(-80, 0)	(-40, -69)	(40, -69)	diamond	none	dif	right	right	N_dist	(-39, 69)	search	nr	True	1339006	1339580	right	135	110	160	85	10	60	None	None	testing
8	wj	f	19	green	2	(80, 0)	(40, 69)	(-39, 69)	(-80, 0)	(-40, -69)	(40, -69)	circle	none	dif	left	left	N_dist	(40, -69)	search	nr	True	1340827	1341612	left	35	10	160	135	60	85	None	None	testing
8	wj	f	19	green	2	(80, 0)	(40, 69)	(-39, 69)	(-80, 0)	(-40, -69)	(40, -69)	diamond	none	same	left	left	N_dist	(-80, 0)	search	nr	True	1342897	1343580	left	35	85	135	10	160	110	None	None	testing
8	wj	f	19	green	2	(80, 0)	(40, 69)	(-39, 69)	(-80, 0)	(-40, -69)	(40, -69)	circle	green	same	left	left	(40, 69)	(40, -69)	probe	tar	None	None	None	None	60	10	85	160	35	135	(40, -69)	12	testing
8	wj	f	19	green	2	(80, 0)	(40, 69)	(-39, 69)	(-80, 0)	(-40, -69)	(40, -69)	diamond	green	same	right	right	(40, 69)	(-39, 69)	search	nr	True	1348574	1349196	right	110	135	160	60	85	35	None	None	testing
8	wj	f	19	green	2	(80, 0)	(40, 69)	(-39, 69)	(-80, 0)	(-40, -69)	(40, -69)	circle	green	same	left	left	(80, 0)	(-39, 69)	probe	l_sin	None	None	None	None	160	10	110	60	35	85	(80, 0)	171	testing
8	wj	f	19	green	2	(80, 0)	(40, 69)	(-39, 69)	(-80, 0)	(-40, -69)	(40, -69)	diamond	green	same	left	left	(80, 0)	(40, -69)	search	nr	True	1355186	1355979	left	60	160	110	135	10	85	None	None	testing
8	wj	f	19	green	2	(80, 0)	(40, 69)	(-39, 69)	(-80, 0)	(-40, -69)	(40, -69)	diamond	green	dif	right	right	(80, 0)	(-40, -69)	search	nr	True	1357056	1357803	right	135	60	10	85	160	110	None	None	testing
8	wj	f	19	green	2	(80, 0)	(40, 69)	(-39, 69)	(-80, 0)	(-40, -69)	(40, -69)	circle	none	dif	right	right	N_dist	(40, -69)	search	nr	True	1358893	1359612	right	10	110	85	35	135	60	None	None	testing
8	wj	f	19	green	2	(80, 0)	(40, 69)	(-39, 69)	(-80, 0)	(-40, -69)	(40, -69)	circle	none	same	right	right	N_dist	(-39, 69)	search	nr	True	1360813	1361420	right	10	60	85	160	110	35	None	None	testing
8	wj	f	19	green	2	(80, 0)	(40, 69)	(-39, 69)	(-80, 0)	(-40, -69)	(40, -69)	diamond	green	same	left	left	(40, -69)	(-40, -69)	probe	l_sin	None	None	None	None	60	135	35	160	85	10	(40, -69)	145	testing
8	wj	f	19	green	2	(80, 0)	(40, 69)	(-39, 69)	(-80, 0)	(-40, -69)	(40, -69)	diamond	none	dif	right	right	N_dist	(40, -69)	search	nr	True	1367659	1368635	right	60	10	160	85	135	35	None	None	testing
8	wj	f	19	green	2	(80, 0)	(40, 69)	(-39, 69)	(-80, 0)	(-40, -69)	(40, -69)	circle	green	same	right	right	(40, -69)	(80, 0)	probe	tar	None	None	None	None	35	60	110	85	10	135	(80, 0)	14	testing
8	wj	f	19	green	2	(80, 0)	(40, 69)	(-39, 69)	(-80, 0)	(-40, -69)	(40, -69)	circle	green	dif	left	left	(40, -69)	(-39, 69)	search	nr	True	1373603	1374347	left	10	85	60	160	135	110	None	None	testing
8	wj	f	19	green	2	(80, 0)	(40, 69)	(-39, 69)	(-80, 0)	(-40, -69)	(40, -69)	diamond	none	same	left	left	N_dist	(80, 0)	probe	l_norm	None	None	None	None	110	85	35	160	10	60	(40, -69)	19	testing
8	wj	f	19	green	2	(80, 0)	(40, 69)	(-39, 69)	(-80, 0)	(-40, -69)	(40, -69)	diamond	none	same	right	right	N_dist	(-40, -69)	search	nr	True	1379698	1380347	right	110	135	60	10	85	160	None	None	testing
8	wj	f	19	green	2	(80, 0)	(40, 69)	(-39, 69)	(-80, 0)	(-40, -69)	(40, -69)	diamond	none	dif	right	right	N_dist	(-40, -69)	search	nr	True	1381535	1382236	right	85	35	60	110	10	135	None	None	testing
8	wj	f	19	green	2	(80, 0)	(40, 69)	(-39, 69)	(-80, 0)	(-40, -69)	(40, -69)	diamond	none	same	right	right	N_dist	(40, -69)	search	nr	True	1383372	1383948	right	110	135	85	160	10	35	None	None	testing
8	wj	f	19	green	2	(80, 0)	(40, 69)	(-39, 69)	(-80, 0)	(-40, -69)	(40, -69)	diamond	green	dif	left	left	(40, 69)	(-39, 69)	search	nr	True	1385174	1385851	left	110	135	85	160	60	35	None	None	testing
8	wj	f	19	green	2	(80, 0)	(40, 69)	(-39, 69)	(-80, 0)	(-40, -69)	(40, -69)	circle	green	dif	left	left	(40, 69)	(-39, 69)	search	nr	True	1387112	1388492	right	85	10	135	60	110	160	None	None	testing
8	wj	f	19	green	2	(80, 0)	(40, 69)	(-39, 69)	(-80, 0)	(-40, -69)	(40, -69)	diamond	green	same	right	right	(40, 69)	(80, 0)	search	nr	True	1391203	1391900	right	10	135	160	85	110	60	None	None	testing
8	wj	f	19	green	2	(80, 0)	(40, 69)	(-39, 69)	(-80, 0)	(-40, -69)	(40, -69)	circle	none	dif	right	right	N_dist	(40, -69)	probe	l_norm	None	None	None	None	110	160	35	10	85	135	(80, 0)	168	testing
8	wj	f	19	green	2	(80, 0)	(40, 69)	(-39, 69)	(-80, 0)	(-40, -69)	(40, -69)	circle	green	same	left	left	(40, 69)	(40, -69)	search	nr	True	1397781	1398444	left	110	35	160	10	60	135	None	None	testing
8	wj	f	19	green	2	(80, 0)	(40, 69)	(-39, 69)	(-80, 0)	(-40, -69)	(40, -69)	circle	green	same	left	left	(40, 69)	(-40, -69)	search	nr	True	1399735	1400492	left	160	135	10	35	85	60	None	None	testing
8	wj	f	19	green	2	(80, 0)	(40, 69)	(-39, 69)	(-80, 0)	(-40, -69)	(40, -69)	circle	green	dif	right	right	(40, 69)	(-39, 69)	probe	h_sin	None	None	None	None	85	60	35	135	160	10	(40, 69)	163	testing
8	wj	f	19	green	2	(80, 0)	(40, 69)	(-39, 69)	(-80, 0)	(-40, -69)	(40, -69)	circle	green	same	left	left	(-80, 0)	(80, 0)	probe	l_sin	None	None	None	None	160	85	110	60	10	35	(-80, 0)	168	testing
8	wj	f	19	green	2	(80, 0)	(40, 69)	(-39, 69)	(-80, 0)	(-40, -69)	(40, -69)	diamond	green	dif	right	right	(40, 69)	(80, 0)	search	nr	True	1410855	1411532	right	160	10	110	135	85	60	None	None	testing
8	wj	f	19	green	2	(80, 0)	(40, 69)	(-39, 69)	(-80, 0)	(-40, -69)	(40, -69)	circle	none	dif	right	right	N_dist	(40, 69)	search	nr	True	1412809	1413819	right	160	110	10	60	135	35	None	None	testing
8	wj	f	19	green	2	(80, 0)	(40, 69)	(-39, 69)	(-80, 0)	(-40, -69)	(40, -69)	circle	green	dif	right	right	(-40, -69)	(-80, 0)	search	nr	True	1414997	1415740	right	135	85	10	35	110	160	None	None	testing
8	wj	f	19	green	2	(80, 0)	(40, 69)	(-39, 69)	(-80, 0)	(-40, -69)	(40, -69)	circle	green	dif	left	left	(-39, 69)	(-40, -69)	search	nr	True	1416816	1417723	left	10	160	85	35	60	135	None	None	testing
8	wj	f	19	green	2	(80, 0)	(40, 69)	(-39, 69)	(-80, 0)	(-40, -69)	(40, -69)	circle	green	dif	left	left	(40, 69)	(-40, -69)	probe	h_sin	None	None	None	None	10	85	60	35	110	160	(40, 69)	24	testing
8	wj	f	19	green	2	(80, 0)	(40, 69)	(-39, 69)	(-80, 0)	(-40, -69)	(40, -69)	diamond	green	same	right	right	(40, 69)	(-40, -69)	search	nr	True	1423979	1424748	right	110	85	160	35	135	60	None	None	testing
8	wj	f	19	green	2	(80, 0)	(40, 69)	(-39, 69)	(-80, 0)	(-40, -69)	(40, -69)	diamond	none	same	left	left	N_dist	(80, 0)	search	nr	True	1425966	1426555	left	35	135	160	10	60	110	None	None	testing
8	wj	f	19	green	2	(80, 0)	(40, 69)	(-39, 69)	(-80, 0)	(-40, -69)	(40, -69)	diamond	green	dif	left	left	(-80, 0)	(80, 0)	search	nr	True	1427787	1428668	left	85	110	60	135	35	10	None	None	testing
8	wj	f	19	green	2	(80, 0)	(40, 69)	(-39, 69)	(-80, 0)	(-40, -69)	(40, -69)	circle	green	same	right	right	(40, 69)	(40, -69)	search	nr	True	1429857	1430811	right	85	110	60	135	35	10	None	None	testing
8	wj	f	19	green	2	(80, 0)	(40, 69)	(-39, 69)	(-80, 0)	(-40, -69)	(40, -69)	circle	green	same	right	right	(-40, -69)	(80, 0)	search	nr	True	1431927	1432828	right	60	35	10	160	135	85	None	None	testing
8	wj	f	19	green	2	(80, 0)	(40, 69)	(-39, 69)	(-80, 0)	(-40, -69)	(40, -69)	diamond	green	same	right	right	(40, 69)	(40, -69)	probe	norm	None	None	None	None	160	60	110	35	85	135	(80, 0)	39	testing
8	wj	f	19	green	2	(80, 0)	(40, 69)	(-39, 69)	(-80, 0)	(-40, -69)	(40, -69)	circle	green	same	right	right	(40, 69)	(40, -69)	search	nr	True	1439191	1439819	right	10	160	35	60	85	135	None	None	testing
8	wj	f	19	green	2	(80, 0)	(40, 69)	(-39, 69)	(-80, 0)	(-40, -69)	(40, -69)	circle	none	dif	left	left	N_dist	(40, 69)	search	nr	True	1440927	1441803	left	110	85	160	60	10	35	None	None	testing
8	wj	f	19	green	2	(80, 0)	(40, 69)	(-39, 69)	(-80, 0)	(-40, -69)	(40, -69)	circle	green	dif	left	left	(40, 69)	(-80, 0)	probe	tar	None	None	None	None	35	135	160	85	10	110	(-80, 0)	170	testing
8	wj	f	19	green	2	(80, 0)	(40, 69)	(-39, 69)	(-80, 0)	(-40, -69)	(40, -69)	circle	green	same	left	left	(80, 0)	(-80, 0)	search	nr	True	1447039	1448044	left	110	10	160	85	60	35	None	None	testing
8	wj	f	19	green	2	(80, 0)	(40, 69)	(-39, 69)	(-80, 0)	(-40, -69)	(40, -69)	circle	green	same	left	left	(40, 69)	(-40, -69)	search	nr	True	1449326	1450108	left	35	10	85	135	160	60	None	None	testing
8	wj	f	19	green	2	(80, 0)	(40, 69)	(-39, 69)	(-80, 0)	(-40, -69)	(40, -69)	diamond	none	dif	left	left	N_dist	(40, 69)	probe	h_tar	None	None	None	None	10	160	85	110	60	35	(40, 69)	22	testing
8	wj	f	19	green	2	(80, 0)	(40, 69)	(-39, 69)	(-80, 0)	(-40, -69)	(40, -69)	circle	green	dif	right	right	(40, 69)	(-39, 69)	search	nr	True	1456189	1456859	right	110	35	85	60	160	135	None	None	testing
8	wj	f	19	green	2	(80, 0)	(40, 69)	(-39, 69)	(-80, 0)	(-40, -69)	(40, -69)	circle	none	dif	left	left	N_dist	(-40, -69)	search	nr	True	1458159	1458988	left	135	85	10	35	110	60	None	None	testing
8	wj	f	19	green	2	(80, 0)	(40, 69)	(-39, 69)	(-80, 0)	(-40, -69)	(40, -69)	diamond	green	same	right	right	(-39, 69)	(40, -69)	probe	l_sin	None	None	None	None	10	60	110	85	160	35	(-39, 69)	21	testing
8	wj	f	19	green	2	(80, 0)	(40, 69)	(-39, 69)	(-80, 0)	(-40, -69)	(40, -69)	circle	green	same	right	right	(-40, -69)	(80, 0)	search	nr	True	1465322	1465995	right	60	10	85	35	160	110	None	None	testing
8	wj	f	19	green	2	(80, 0)	(40, 69)	(-39, 69)	(-80, 0)	(-40, -69)	(40, -69)	circle	green	same	right	right	(-40, -69)	(-80, 0)	probe	tar	None	None	None	None	10	135	60	160	35	110	(-80, 0)	167	testing
8	wj	f	19	green	2	(80, 0)	(40, 69)	(-39, 69)	(-80, 0)	(-40, -69)	(40, -69)	circle	green	dif	left	left	(40, -69)	(-39, 69)	probe	norm	None	None	None	None	110	60	160	35	85	135	(-40, -69)	161	testing
8	wj	f	19	green	2	(80, 0)	(40, 69)	(-39, 69)	(-80, 0)	(-40, -69)	(40, -69)	circle	green	dif	left	left	(80, 0)	(-40, -69)	probe	tar	None	None	None	None	110	160	135	60	35	85	(-40, -69)	156	testing
8	wj	f	19	green	2	(80, 0)	(40, 69)	(-39, 69)	(-80, 0)	(-40, -69)	(40, -69)	circle	green	dif	right	right	(-39, 69)	(-40, -69)	search	nr	True	1479532	1480540	right	35	60	10	110	85	135	None	None	testing
8	wj	f	19	green	2	(80, 0)	(40, 69)	(-39, 69)	(-80, 0)	(-40, -69)	(40, -69)	circle	none	dif	left	left	N_dist	(-80, 0)	search	nr	True	1481769	1482507	left	85	135	60	160	10	110	None	None	testing
8	wj	f	19	green	2	(80, 0)	(40, 69)	(-39, 69)	(-80, 0)	(-40, -69)	(40, -69)	circle	green	dif	right	right	(40, 69)	(40, -69)	probe	norm	None	None	None	None	135	85	35	60	160	10	(-80, 0)	168	testing
8	wj	f	19	green	2	(80, 0)	(40, 69)	(-39, 69)	(-80, 0)	(-40, -69)	(40, -69)	diamond	green	same	right	right	(40, 69)	(80, 0)	search	nr	True	1487763	1488427	right	10	35	85	110	160	135	None	None	testing
8	wj	f	19	green	2	(80, 0)	(40, 69)	(-39, 69)	(-80, 0)	(-40, -69)	(40, -69)	circle	green	dif	right	right	(40, 69)	(-40, -69)	search	nr	True	1489633	1490315	right	10	60	85	35	135	110	None	None	testing
8	wj	f	19	green	2	(80, 0)	(40, 69)	(-39, 69)	(-80, 0)	(-40, -69)	(40, -69)	circle	green	same	left	left	(40, 69)	(-80, 0)	probe	tar	None	None	None	None	60	10	35	85	160	135	(-80, 0)	172	testing
8	wj	f	19	green	2	(80, 0)	(40, 69)	(-39, 69)	(-80, 0)	(-40, -69)	(40, -69)	diamond	green	dif	left	left	(40, 69)	(-80, 0)	search	nr	True	1495561	1496332	left	35	10	135	110	160	85	None	None	testing
8	wj	f	19	green	2	(80, 0)	(40, 69)	(-39, 69)	(-80, 0)	(-40, -69)	(40, -69)	circle	none	same	left	left	N_dist	(40, 69)	search	nr	True	1497514	1498204	left	85	110	160	135	35	10	None	None	testing
8	wj	f	19	green	2	(80, 0)	(40, 69)	(-39, 69)	(-80, 0)	(-40, -69)	(40, -69)	circle	green	dif	right	right	(40, 69)	(-40, -69)	search	nr	True	1499301	1500059	right	60	110	35	135	10	85	None	None	testing
8	wj	f	19	green	2	(80, 0)	(40, 69)	(-39, 69)	(-80, 0)	(-40, -69)	(40, -69)	diamond	green	dif	right	right	(40, 69)	(80, 0)	search	nr	True	1501172	1502252	right	135	160	85	110	10	60	None	None	testing
8	wj	f	19	green	2	(80, 0)	(40, 69)	(-39, 69)	(-80, 0)	(-40, -69)	(40, -69)	diamond	none	same	right	right	N_dist	(40, -69)	probe	l_tar	None	None	None	None	85	160	135	35	60	10	(40, -69)	26	testing
8	wj	f	19	green	2	(80, 0)	(40, 69)	(-39, 69)	(-80, 0)	(-40, -69)	(40, -69)	diamond	green	dif	left	left	(80, 0)	(-80, 0)	search	nr	True	1507767	1508412	left	110	10	85	135	60	35	None	None	testing
8	wj	f	19	green	2	(80, 0)	(40, 69)	(-39, 69)	(-80, 0)	(-40, -69)	(40, -69)	diamond	green	same	left	left	(-80, 0)	(-40, -69)	probe	norm	None	None	None	None	35	160	85	110	10	135	(80, 0)	156	testing
8	wj	f	19	green	2	(80, 0)	(40, 69)	(-39, 69)	(-80, 0)	(-40, -69)	(40, -69)	diamond	green	dif	left	left	(-40, -69)	(40, -69)	search	nr	True	1513394	1514252	left	85	110	10	135	60	160	None	None	testing
8	wj	f	19	green	2	(80, 0)	(40, 69)	(-39, 69)	(-80, 0)	(-40, -69)	(40, -69)	circle	none	same	left	left	N_dist	(40, 69)	search	nr	True	1515331	1516172	left	35	135	85	60	160	10	None	None	testing
8	wj	f	19	green	2	(80, 0)	(40, 69)	(-39, 69)	(-80, 0)	(-40, -69)	(40, -69)	diamond	green	same	left	left	(40, 69)	(40, -69)	probe	tar	None	None	None	None	60	10	85	110	35	160	(40, -69)	30	testing
8	wj	f	19	green	2	(80, 0)	(40, 69)	(-39, 69)	(-80, 0)	(-40, -69)	(40, -69)	diamond	green	same	right	right	(40, 69)	(-40, -69)	search	nr	True	1521876	1522555	right	160	110	135	35	60	10	None	None	testing
8	wj	f	19	green	2	(80, 0)	(40, 69)	(-39, 69)	(-80, 0)	(-40, -69)	(40, -69)	circle	none	dif	left	left	N_dist	(-80, 0)	probe	l_norm	None	None	None	None	10	35	60	85	135	160	(80, 0)	174	testing
