subj	name	gender	age	dist	run	tar_locs1	tar_locs2	tar_locs3	tar_locs4	tar_locs5	tar_locs6	shape	dist	td_dif	detection	resp_key	dis_loc	tar_loc	task_type	probe_cond	gotKey	startTime	respTime	resp	o1	o2	o3	o4	o5	o6	pro_loc	ori_resp	mode
8	wj	f	19	green	6	(80, 0)	(40, 69)	(-39, 69)	(-80, 0)	(-40, -69)	(40, -69)	circle	none	dif	left	left	N_dist	(40, 69)	probe	h_tar	None	None	None	None	35	85	60	160	135	10	(40, 69)	158	testing
8	wj	f	19	green	6	(80, 0)	(40, 69)	(-39, 69)	(-80, 0)	(-40, -69)	(40, -69)	diamond	none	dif	right	right	N_dist	(-39, 69)	probe	l_tar	None	None	None	None	85	10	60	35	160	110	(-39, 69)	16	testing
8	wj	f	19	green	6	(80, 0)	(40, 69)	(-39, 69)	(-80, 0)	(-40, -69)	(40, -69)	circle	none	same	left	left	N_dist	(-39, 69)	search	nr	True	122819	123411	left	85	160	60	110	10	135	None	None	testing
8	wj	f	19	green	6	(80, 0)	(40, 69)	(-39, 69)	(-80, 0)	(-40, -69)	(40, -69)	circle	green	same	right	right	(40, 69)	(80, 0)	search	nr	True	124588	125123	right	35	135	10	110	160	60	None	None	testing
8	wj	f	19	green	6	(80, 0)	(40, 69)	(-39, 69)	(-80, 0)	(-40, -69)	(40, -69)	circle	green	same	left	left	(40, 69)	(40, -69)	search	nr	True	126392	127107	left	35	60	85	160	10	110	None	None	testing
8	wj	f	19	green	6	(80, 0)	(40, 69)	(-39, 69)	(-80, 0)	(-40, -69)	(40, -69)	circle	green	same	left	left	(40, 69)	(80, 0)	probe	norm	None	None	None	None	160	85	60	135	10	110	(-40, -69)	162	testing
8	wj	f	19	green	6	(80, 0)	(40, 69)	(-39, 69)	(-80, 0)	(-40, -69)	(40, -69)	circle	none	same	left	left	N_dist	(80, 0)	search	nr	True	132252	132820	left	85	135	35	10	110	60	None	None	testing
8	wj	f	19	green	6	(80, 0)	(40, 69)	(-39, 69)	(-80, 0)	(-40, -69)	(40, -69)	circle	none	dif	left	left	N_dist	(40, 69)	search	nr	True	133922	134564	left	35	160	60	85	10	110	None	None	testing
8	wj	f	19	green	6	(80, 0)	(40, 69)	(-39, 69)	(-80, 0)	(-40, -69)	(40, -69)	diamond	green	dif	right	right	(80, 0)	(40, -69)	search	nr	True	135776	136627	right	110	60	160	85	10	135	None	None	testing
8	wj	f	19	green	6	(80, 0)	(40, 69)	(-39, 69)	(-80, 0)	(-40, -69)	(40, -69)	diamond	green	dif	left	left	(40, 69)	(80, 0)	probe	norm	None	None	None	None	135	10	85	160	35	60	(-39, 69)	18	testing
8	wj	f	19	green	6	(80, 0)	(40, 69)	(-39, 69)	(-80, 0)	(-40, -69)	(40, -69)	circle	green	same	left	left	(-80, 0)	(40, -69)	search	nr	True	142238	143059	left	10	35	110	160	60	85	None	None	testing
8	wj	f	19	green	6	(80, 0)	(40, 69)	(-39, 69)	(-80, 0)	(-40, -69)	(40, -69)	diamond	green	dif	left	left	(40, 69)	(80, 0)	search	nr	True	144241	144820	left	135	110	60	10	160	35	None	None	testing
8	wj	f	19	green	6	(80, 0)	(40, 69)	(-39, 69)	(-80, 0)	(-40, -69)	(40, -69)	circle	none	dif	right	right	N_dist	(-80, 0)	probe	l_norm	None	None	None	None	60	35	135	110	10	85	(-39, 69)	14	testing
8	wj	f	19	green	6	(80, 0)	(40, 69)	(-39, 69)	(-80, 0)	(-40, -69)	(40, -69)	circle	none	dif	left	left	N_dist	(-39, 69)	probe	h_norm	None	None	None	None	85	110	35	10	135	160	(40, 69)	21	testing
8	wj	f	19	green	6	(80, 0)	(40, 69)	(-39, 69)	(-80, 0)	(-40, -69)	(40, -69)	circle	green	dif	right	right	(40, 69)	(-39, 69)	search	nr	True	155178	155923	right	85	60	35	160	10	135	None	None	testing
8	wj	f	19	green	6	(80, 0)	(40, 69)	(-39, 69)	(-80, 0)	(-40, -69)	(40, -69)	diamond	green	same	right	right	(80, 0)	(-39, 69)	search	nr	True	157215	158099	right	85	60	160	10	35	135	None	None	testing
8	wj	f	19	green	6	(80, 0)	(40, 69)	(-39, 69)	(-80, 0)	(-40, -69)	(40, -69)	diamond	none	dif	left	left	N_dist	(80, 0)	search	nr	True	159369	160163	left	160	135	85	10	110	60	None	None	testing
8	wj	f	19	green	6	(80, 0)	(40, 69)	(-39, 69)	(-80, 0)	(-40, -69)	(40, -69)	diamond	green	same	left	left	(40, 69)	(-80, 0)	probe	h_sin	None	None	None	None	60	85	135	160	35	10	(40, 69)	17	testing
8	wj	f	19	green	6	(80, 0)	(40, 69)	(-39, 69)	(-80, 0)	(-40, -69)	(40, -69)	diamond	green	dif	left	left	(40, 69)	(-39, 69)	probe	h_sin	None	None	None	None	110	60	35	85	135	160	(40, 69)	166	testing
8	wj	f	19	green	6	(80, 0)	(40, 69)	(-39, 69)	(-80, 0)	(-40, -69)	(40, -69)	circle	green	same	left	left	(40, 69)	(-40, -69)	search	nr	True	169922	170643	left	10	85	110	160	60	135	None	None	testing
8	wj	f	19	green	6	(80, 0)	(40, 69)	(-39, 69)	(-80, 0)	(-40, -69)	(40, -69)	circle	green	dif	right	right	(40, 69)	(80, 0)	probe	tar	None	None	None	None	160	60	35	110	85	10	(80, 0)	26	testing
8	wj	f	19	green	6	(80, 0)	(40, 69)	(-39, 69)	(-80, 0)	(-40, -69)	(40, -69)	diamond	green	same	left	left	(40, 69)	(-40, -69)	probe	norm	None	None	None	None	35	160	85	60	110	10	(-80, 0)	169	testing
8	wj	f	19	green	6	(80, 0)	(40, 69)	(-39, 69)	(-80, 0)	(-40, -69)	(40, -69)	diamond	green	dif	left	left	(80, 0)	(-80, 0)	search	nr	True	178704	181107	left	85	160	10	135	35	110	None	None	testing
8	wj	f	19	green	6	(80, 0)	(40, 69)	(-39, 69)	(-80, 0)	(-40, -69)	(40, -69)	circle	green	dif	right	right	(40, -69)	(-40, -69)	probe	l_sin	None	None	None	None	10	60	110	85	35	135	(40, -69)	27	testing
8	wj	f	19	green	6	(80, 0)	(40, 69)	(-39, 69)	(-80, 0)	(-40, -69)	(40, -69)	circle	green	dif	left	left	(40, 69)	(-40, -69)	search	nr	True	186502	187123	left	85	35	10	110	160	135	None	None	testing
8	wj	f	19	green	6	(80, 0)	(40, 69)	(-39, 69)	(-80, 0)	(-40, -69)	(40, -69)	circle	none	same	left	left	N_dist	(80, 0)	probe	l_norm	None	None	None	None	110	10	160	135	85	60	(-80, 0)	169	testing
8	wj	f	19	green	6	(80, 0)	(40, 69)	(-39, 69)	(-80, 0)	(-40, -69)	(40, -69)	diamond	none	dif	right	right	N_dist	(-40, -69)	search	nr	True	191962	192883	right	10	110	60	35	160	135	None	None	testing
8	wj	f	19	green	6	(80, 0)	(40, 69)	(-39, 69)	(-80, 0)	(-40, -69)	(40, -69)	diamond	none	same	right	right	N_dist	(40, -69)	search	nr	True	194166	194803	right	35	160	60	85	10	135	None	None	testing
8	wj	f	19	green	6	(80, 0)	(40, 69)	(-39, 69)	(-80, 0)	(-40, -69)	(40, -69)	diamond	green	dif	right	right	(40, 69)	(-80, 0)	search	nr	True	195886	196563	right	85	35	135	160	110	60	None	None	testing
8	wj	f	19	green	6	(80, 0)	(40, 69)	(-39, 69)	(-80, 0)	(-40, -69)	(40, -69)	circle	green	same	right	right	(40, -69)	(-80, 0)	probe	l_sin	None	None	None	None	35	160	10	135	85	110	(40, -69)	19	testing
8	wj	f	19	green	6	(80, 0)	(40, 69)	(-39, 69)	(-80, 0)	(-40, -69)	(40, -69)	circle	green	dif	right	right	(40, 69)	(-39, 69)	search	nr	True	201280	202451	right	160	60	110	10	35	85	None	None	testing
8	wj	f	19	green	6	(80, 0)	(40, 69)	(-39, 69)	(-80, 0)	(-40, -69)	(40, -69)	circle	green	same	right	right	(40, 69)	(-39, 69)	search	nr	True	203600	204739	right	10	135	85	160	110	35	None	None	testing
8	wj	f	19	green	6	(80, 0)	(40, 69)	(-39, 69)	(-80, 0)	(-40, -69)	(40, -69)	diamond	green	dif	left	left	(80, 0)	(-80, 0)	probe	tar	None	None	None	None	135	110	60	85	35	160	(-80, 0)	171	testing
8	wj	f	19	green	6	(80, 0)	(40, 69)	(-39, 69)	(-80, 0)	(-40, -69)	(40, -69)	circle	green	dif	left	left	(40, 69)	(40, -69)	search	nr	True	209445	210787	left	60	35	110	160	10	135	None	None	testing
8	wj	f	19	green	6	(80, 0)	(40, 69)	(-39, 69)	(-80, 0)	(-40, -69)	(40, -69)	diamond	green	dif	left	left	(40, 69)	(80, 0)	search	nr	True	212032	213907	left	135	60	160	10	110	85	None	None	testing
8	wj	f	19	green	6	(80, 0)	(40, 69)	(-39, 69)	(-80, 0)	(-40, -69)	(40, -69)	circle	green	same	right	right	(40, 69)	(40, -69)	search	nr	True	214971	215923	right	60	85	135	10	160	35	None	None	testing
8	wj	f	19	green	6	(80, 0)	(40, 69)	(-39, 69)	(-80, 0)	(-40, -69)	(40, -69)	circle	green	dif	left	left	(40, 69)	(-40, -69)	probe	norm	None	None	None	None	110	135	60	85	160	10	(80, 0)	17	testing
8	wj	f	19	green	6	(80, 0)	(40, 69)	(-39, 69)	(-80, 0)	(-40, -69)	(40, -69)	diamond	green	same	right	right	(40, 69)	(-39, 69)	probe	h_sin	None	None	None	None	135	110	10	35	60	85	(40, 69)	16	testing
8	wj	f	19	green	6	(80, 0)	(40, 69)	(-39, 69)	(-80, 0)	(-40, -69)	(40, -69)	diamond	green	same	left	left	(40, 69)	(-80, 0)	search	nr	True	225107	226050	left	110	35	85	60	160	135	None	None	testing
8	wj	f	19	green	6	(80, 0)	(40, 69)	(-39, 69)	(-80, 0)	(-40, -69)	(40, -69)	circle	none	dif	right	right	N_dist	(-40, -69)	search	nr	True	227227	227988	right	135	85	60	35	10	160	None	None	testing
8	wj	f	19	green	6	(80, 0)	(40, 69)	(-39, 69)	(-80, 0)	(-40, -69)	(40, -69)	diamond	green	same	right	right	(40, 69)	(-40, -69)	search	nr	True	229198	229907	right	60	160	85	135	35	110	None	None	testing
8	wj	f	19	green	6	(80, 0)	(40, 69)	(-39, 69)	(-80, 0)	(-40, -69)	(40, -69)	diamond	green	dif	right	right	(40, 69)	(40, -69)	probe	h_sin	None	None	None	None	10	85	35	135	60	110	(40, 69)	161	testing
8	wj	f	19	green	6	(80, 0)	(40, 69)	(-39, 69)	(-80, 0)	(-40, -69)	(40, -69)	circle	none	same	left	left	N_dist	(40, 69)	search	nr	True	235408	236338	left	110	35	60	135	10	85	None	None	testing
8	wj	f	19	green	6	(80, 0)	(40, 69)	(-39, 69)	(-80, 0)	(-40, -69)	(40, -69)	circle	green	same	left	left	(-80, 0)	(40, -69)	probe	tar	None	None	None	None	110	10	85	135	60	35	(40, -69)	20	testing
8	wj	f	19	green	6	(80, 0)	(40, 69)	(-39, 69)	(-80, 0)	(-40, -69)	(40, -69)	circle	green	same	right	right	(-80, 0)	(40, -69)	probe	l_sin	None	None	None	None	110	85	60	135	160	10	(-80, 0)	168	testing
8	wj	f	19	green	6	(80, 0)	(40, 69)	(-39, 69)	(-80, 0)	(-40, -69)	(40, -69)	diamond	green	dif	left	left	(-40, -69)	(80, 0)	search	nr	True	245093	245763	left	35	110	60	85	160	135	None	None	testing
8	wj	f	19	green	6	(80, 0)	(40, 69)	(-39, 69)	(-80, 0)	(-40, -69)	(40, -69)	diamond	green	dif	left	left	(40, 69)	(-80, 0)	search	nr	True	246846	247603	left	60	35	160	110	135	10	None	None	testing
8	wj	f	19	green	6	(80, 0)	(40, 69)	(-39, 69)	(-80, 0)	(-40, -69)	(40, -69)	diamond	none	dif	right	right	N_dist	(80, 0)	search	nr	True	248866	249539	right	135	60	85	10	110	35	None	None	testing
8	wj	f	19	green	6	(80, 0)	(40, 69)	(-39, 69)	(-80, 0)	(-40, -69)	(40, -69)	circle	green	dif	right	right	(80, 0)	(-39, 69)	search	nr	True	250703	251811	right	35	60	135	110	160	10	None	None	testing
8	wj	f	19	green	6	(80, 0)	(40, 69)	(-39, 69)	(-80, 0)	(-40, -69)	(40, -69)	circle	none	dif	right	right	N_dist	(-40, -69)	probe	h_norm	None	None	None	None	35	110	85	135	10	160	(40, 69)	14	testing
8	wj	f	19	green	6	(80, 0)	(40, 69)	(-39, 69)	(-80, 0)	(-40, -69)	(40, -69)	circle	green	dif	left	left	(40, 69)	(40, -69)	probe	h_sin	None	None	None	None	60	85	10	35	135	160	(40, 69)	14	testing
8	wj	f	19	green	6	(80, 0)	(40, 69)	(-39, 69)	(-80, 0)	(-40, -69)	(40, -69)	circle	green	same	right	right	(40, 69)	(-39, 69)	probe	tar	None	None	None	None	10	160	85	35	60	110	(-39, 69)	7	testing
8	wj	f	19	green	6	(80, 0)	(40, 69)	(-39, 69)	(-80, 0)	(-40, -69)	(40, -69)	diamond	green	dif	right	right	(40, 69)	(-80, 0)	search	nr	True	265046	265939	right	60	110	135	85	35	160	None	None	testing
8	wj	f	19	green	6	(80, 0)	(40, 69)	(-39, 69)	(-80, 0)	(-40, -69)	(40, -69)	circle	green	same	left	left	(40, 69)	(40, -69)	probe	norm	None	None	None	None	160	35	135	85	110	10	(-39, 69)	13	testing
8	wj	f	19	green	6	(80, 0)	(40, 69)	(-39, 69)	(-80, 0)	(-40, -69)	(40, -69)	circle	green	dif	left	left	(40, 69)	(-80, 0)	probe	norm	None	None	None	None	85	35	110	160	135	60	(-39, 69)	17	testing
8	wj	f	19	green	6	(80, 0)	(40, 69)	(-39, 69)	(-80, 0)	(-40, -69)	(40, -69)	diamond	green	dif	right	right	(40, 69)	(-80, 0)	probe	h_sin	None	None	None	None	35	160	135	60	85	110	(40, 69)	173	testing
8	wj	f	19	green	6	(80, 0)	(40, 69)	(-39, 69)	(-80, 0)	(-40, -69)	(40, -69)	circle	none	same	left	left	N_dist	(-40, -69)	probe	h_norm	None	None	None	None	110	160	135	35	10	85	(40, 69)	20	testing
8	wj	f	19	green	6	(80, 0)	(40, 69)	(-39, 69)	(-80, 0)	(-40, -69)	(40, -69)	diamond	green	same	right	right	(40, 69)	(40, -69)	search	nr	True	283380	284163	right	10	135	160	35	60	110	None	None	testing
8	wj	f	19	green	6	(80, 0)	(40, 69)	(-39, 69)	(-80, 0)	(-40, -69)	(40, -69)	diamond	green	dif	right	right	(40, 69)	(-39, 69)	search	nr	True	285250	285923	right	135	110	160	60	35	85	None	None	testing
8	wj	f	19	green	6	(80, 0)	(40, 69)	(-39, 69)	(-80, 0)	(-40, -69)	(40, -69)	diamond	none	same	right	right	N_dist	(-39, 69)	search	nr	True	287087	287635	right	110	35	60	135	10	160	None	None	testing
8	wj	f	19	green	6	(80, 0)	(40, 69)	(-39, 69)	(-80, 0)	(-40, -69)	(40, -69)	circle	green	same	left	left	(-80, 0)	(80, 0)	probe	norm	None	None	None	None	135	60	35	10	85	110	(40, 69)	165	testing
8	wj	f	19	green	6	(80, 0)	(40, 69)	(-39, 69)	(-80, 0)	(-40, -69)	(40, -69)	circle	green	dif	left	left	(-39, 69)	(80, 0)	search	nr	True	292664	293491	left	110	160	135	85	10	35	None	None	testing
8	wj	f	19	green	6	(80, 0)	(40, 69)	(-39, 69)	(-80, 0)	(-40, -69)	(40, -69)	diamond	green	same	right	right	(40, 69)	(-80, 0)	search	nr	True	294768	295507	right	35	85	160	135	10	110	None	None	testing
8	wj	f	19	green	6	(80, 0)	(40, 69)	(-39, 69)	(-80, 0)	(-40, -69)	(40, -69)	circle	none	dif	right	right	N_dist	(-80, 0)	search	nr	True	296588	297475	right	35	110	60	160	10	85	None	None	testing
8	wj	f	19	green	6	(80, 0)	(40, 69)	(-39, 69)	(-80, 0)	(-40, -69)	(40, -69)	circle	green	dif	right	right	(40, -69)	(-40, -69)	probe	l_sin	None	None	None	None	110	160	10	85	35	135	(40, -69)	19	testing
8	wj	f	19	green	6	(80, 0)	(40, 69)	(-39, 69)	(-80, 0)	(-40, -69)	(40, -69)	circle	none	dif	left	left	N_dist	(-39, 69)	search	nr	True	302582	303411	left	10	135	60	85	110	160	None	None	testing
8	wj	f	19	green	6	(80, 0)	(40, 69)	(-39, 69)	(-80, 0)	(-40, -69)	(40, -69)	diamond	none	same	left	left	N_dist	(-39, 69)	search	nr	True	304469	305107	left	110	60	160	85	10	135	None	None	testing
8	wj	f	19	green	6	(80, 0)	(40, 69)	(-39, 69)	(-80, 0)	(-40, -69)	(40, -69)	diamond	green	same	right	right	(-40, -69)	(-80, 0)	probe	l_sin	None	None	None	None	85	60	10	35	160	135	(-40, -69)	157	testing
8	wj	f	19	green	6	(80, 0)	(40, 69)	(-39, 69)	(-80, 0)	(-40, -69)	(40, -69)	diamond	none	dif	right	right	N_dist	(-39, 69)	search	nr	True	310329	310963	right	110	60	35	10	85	160	None	None	testing
8	wj	f	19	green	6	(80, 0)	(40, 69)	(-39, 69)	(-80, 0)	(-40, -69)	(40, -69)	diamond	green	dif	left	left	(40, 69)	(80, 0)	search	nr	True	312283	313091	left	60	110	160	85	10	35	None	None	testing
8	wj	f	19	green	6	(80, 0)	(40, 69)	(-39, 69)	(-80, 0)	(-40, -69)	(40, -69)	circle	green	dif	left	left	(-39, 69)	(-80, 0)	probe	norm	None	None	None	None	35	110	60	160	85	135	(-40, -69)	167	testing
8	wj	f	19	green	6	(80, 0)	(40, 69)	(-39, 69)	(-80, 0)	(-40, -69)	(40, -69)	circle	none	dif	left	left	N_dist	(-39, 69)	search	nr	True	318144	318914	left	35	85	135	110	160	60	None	None	testing
8	wj	f	19	green	6	(80, 0)	(40, 69)	(-39, 69)	(-80, 0)	(-40, -69)	(40, -69)	diamond	green	same	left	left	(40, 69)	(-80, 0)	probe	norm	None	None	None	None	10	135	85	60	110	35	(-40, -69)	163	testing
8	wj	f	19	green	6	(80, 0)	(40, 69)	(-39, 69)	(-80, 0)	(-40, -69)	(40, -69)	circle	green	dif	right	right	(-80, 0)	(-40, -69)	search	nr	True	323989	324883	right	135	85	160	35	60	10	None	None	testing
8	wj	f	19	green	6	(80, 0)	(40, 69)	(-39, 69)	(-80, 0)	(-40, -69)	(40, -69)	circle	green	dif	right	right	(40, -69)	(-40, -69)	search	nr	True	326176	326819	right	85	10	160	135	60	35	None	None	testing
8	wj	f	19	green	6	(80, 0)	(40, 69)	(-39, 69)	(-80, 0)	(-40, -69)	(40, -69)	diamond	green	same	right	right	(-40, -69)	(-39, 69)	search	nr	True	327995	328931	right	160	35	10	110	60	85	None	None	testing
8	wj	f	19	green	6	(80, 0)	(40, 69)	(-39, 69)	(-80, 0)	(-40, -69)	(40, -69)	circle	green	same	left	left	(-39, 69)	(-80, 0)	search	nr	True	330249	331410	left	135	110	85	10	60	160	None	None	testing
8	wj	f	19	green	6	(80, 0)	(40, 69)	(-39, 69)	(-80, 0)	(-40, -69)	(40, -69)	diamond	green	same	right	right	(40, 69)	(-39, 69)	search	nr	True	332521	333795	right	10	35	110	60	160	135	None	None	testing
8	wj	f	19	green	6	(80, 0)	(40, 69)	(-39, 69)	(-80, 0)	(-40, -69)	(40, -69)	circle	none	same	right	right	N_dist	(80, 0)	search	nr	True	335075	335923	right	60	35	160	110	10	85	None	None	testing
8	wj	f	19	green	6	(80, 0)	(40, 69)	(-39, 69)	(-80, 0)	(-40, -69)	(40, -69)	diamond	green	dif	right	right	(40, 69)	(80, 0)	search	nr	True	337146	338051	right	10	85	135	160	110	35	None	None	testing
8	wj	f	19	green	6	(80, 0)	(40, 69)	(-39, 69)	(-80, 0)	(-40, -69)	(40, -69)	diamond	green	dif	left	left	(40, 69)	(-39, 69)	search	nr	True	339266	339971	left	10	110	35	135	60	85	None	None	testing
8	wj	f	19	green	6	(80, 0)	(40, 69)	(-39, 69)	(-80, 0)	(-40, -69)	(40, -69)	circle	green	same	right	right	(40, 69)	(80, 0)	search	nr	True	341103	341746	right	110	10	85	35	60	135	None	None	testing
8	wj	f	19	green	6	(80, 0)	(40, 69)	(-39, 69)	(-80, 0)	(-40, -69)	(40, -69)	diamond	none	dif	right	right	N_dist	(-80, 0)	search	nr	True	342873	343715	right	110	85	60	10	35	135	None	None	testing
8	wj	f	19	green	6	(80, 0)	(40, 69)	(-39, 69)	(-80, 0)	(-40, -69)	(40, -69)	diamond	green	same	right	right	(40, 69)	(80, 0)	probe	tar	None	None	None	None	110	160	35	10	135	60	(80, 0)	8	testing
8	wj	f	19	green	6	(80, 0)	(40, 69)	(-39, 69)	(-80, 0)	(-40, -69)	(40, -69)	circle	none	same	left	left	N_dist	(-40, -69)	search	nr	True	349385	350115	left	60	110	85	10	160	135	None	None	testing
8	wj	f	19	green	6	(80, 0)	(40, 69)	(-39, 69)	(-80, 0)	(-40, -69)	(40, -69)	circle	green	same	right	right	(40, 69)	(-39, 69)	search	nr	True	351188	352179	right	110	35	135	85	10	60	None	None	testing
8	wj	f	19	green	6	(80, 0)	(40, 69)	(-39, 69)	(-80, 0)	(-40, -69)	(40, -69)	circle	green	dif	right	right	(40, 69)	(40, -69)	search	nr	True	353259	353859	right	35	135	85	10	160	60	None	None	testing
8	wj	f	19	green	6	(80, 0)	(40, 69)	(-39, 69)	(-80, 0)	(-40, -69)	(40, -69)	diamond	green	same	left	left	(40, 69)	(-40, -69)	probe	tar	None	None	None	None	35	85	160	60	135	110	(-40, -69)	164	testing
8	wj	f	19	green	6	(80, 0)	(40, 69)	(-39, 69)	(-80, 0)	(-40, -69)	(40, -69)	diamond	green	same	right	right	(80, 0)	(-39, 69)	search	nr	True	358986	359715	right	60	110	85	160	10	135	None	None	testing
8	wj	f	19	green	6	(80, 0)	(40, 69)	(-39, 69)	(-80, 0)	(-40, -69)	(40, -69)	circle	none	dif	left	left	N_dist	(-39, 69)	search	nr	True	360956	361555	left	85	110	10	135	60	35	None	None	testing
8	wj	f	19	green	6	(80, 0)	(40, 69)	(-39, 69)	(-80, 0)	(-40, -69)	(40, -69)	diamond	none	dif	left	left	N_dist	(-80, 0)	probe	h_norm	None	None	None	None	60	85	110	35	10	135	(40, 69)	174	testing
8	wj	f	19	green	6	(80, 0)	(40, 69)	(-39, 69)	(-80, 0)	(-40, -69)	(40, -69)	circle	none	dif	right	right	N_dist	(-40, -69)	search	nr	True	367919	368755	right	10	110	160	35	85	135	None	None	testing
8	wj	f	19	green	6	(80, 0)	(40, 69)	(-39, 69)	(-80, 0)	(-40, -69)	(40, -69)	circle	green	same	right	right	(40, 69)	(80, 0)	search	nr	True	369856	370435	right	35	135	110	60	160	85	None	None	testing
8	wj	f	19	green	6	(80, 0)	(40, 69)	(-39, 69)	(-80, 0)	(-40, -69)	(40, -69)	circle	none	dif	left	left	N_dist	(-39, 69)	search	nr	True	371542	372115	left	85	60	10	160	135	35	None	None	testing
8	wj	f	19	green	6	(80, 0)	(40, 69)	(-39, 69)	(-80, 0)	(-40, -69)	(40, -69)	diamond	none	dif	right	right	N_dist	(80, 0)	probe	l_tar	None	None	None	None	135	110	10	60	160	35	(80, 0)	22	testing
8	wj	f	19	green	6	(80, 0)	(40, 69)	(-39, 69)	(-80, 0)	(-40, -69)	(40, -69)	circle	none	same	right	right	N_dist	(80, 0)	search	nr	True	377186	377699	right	85	135	110	160	60	10	None	None	testing
8	wj	f	19	green	6	(80, 0)	(40, 69)	(-39, 69)	(-80, 0)	(-40, -69)	(40, -69)	diamond	green	same	left	left	(-39, 69)	(40, -69)	search	nr	True	378839	379794	left	160	110	35	60	10	135	None	None	testing
8	wj	f	19	green	6	(80, 0)	(40, 69)	(-39, 69)	(-80, 0)	(-40, -69)	(40, -69)	diamond	green	same	right	right	(40, 69)	(80, 0)	search	nr	True	380993	381682	right	35	135	10	160	110	85	None	None	testing
8	wj	f	19	green	6	(80, 0)	(40, 69)	(-39, 69)	(-80, 0)	(-40, -69)	(40, -69)	circle	green	same	left	left	(-40, -69)	(-39, 69)	search	nr	True	382813	383587	left	35	110	135	160	85	60	None	None	testing
8	wj	f	19	green	6	(80, 0)	(40, 69)	(-39, 69)	(-80, 0)	(-40, -69)	(40, -69)	circle	green	dif	right	right	(40, -69)	(-40, -69)	search	nr	True	384850	385811	right	135	35	110	60	10	85	None	None	testing
8	wj	f	19	green	6	(80, 0)	(40, 69)	(-39, 69)	(-80, 0)	(-40, -69)	(40, -69)	diamond	green	dif	left	left	(40, -69)	(-80, 0)	search	nr	True	387104	388290	left	160	110	35	135	85	60	None	None	testing
8	wj	f	19	green	6	(80, 0)	(40, 69)	(-39, 69)	(-80, 0)	(-40, -69)	(40, -69)	circle	none	dif	left	left	N_dist	(40, 69)	search	nr	True	389458	390515	left	10	35	160	135	110	60	None	None	testing
8	wj	f	19	green	6	(80, 0)	(40, 69)	(-39, 69)	(-80, 0)	(-40, -69)	(40, -69)	diamond	green	dif	right	right	(40, 69)	(-39, 69)	probe	h_sin	None	None	None	None	110	160	10	135	85	60	(40, 69)	35	testing
8	wj	f	19	green	6	(80, 0)	(40, 69)	(-39, 69)	(-80, 0)	(-40, -69)	(40, -69)	circle	green	same	right	right	(40, -69)	(-40, -69)	probe	tar	None	None	None	None	85	160	60	35	10	135	(-40, -69)	150	testing
8	wj	f	19	green	6	(80, 0)	(40, 69)	(-39, 69)	(-80, 0)	(-40, -69)	(40, -69)	circle	green	same	right	right	(40, -69)	(-80, 0)	search	nr	True	403184	403859	right	35	85	160	135	60	110	None	None	testing
8	wj	f	19	green	6	(80, 0)	(40, 69)	(-39, 69)	(-80, 0)	(-40, -69)	(40, -69)	circle	green	dif	right	right	(40, 69)	(-40, -69)	search	nr	True	405037	405778	right	60	160	10	135	35	110	None	None	testing
8	wj	f	19	green	6	(80, 0)	(40, 69)	(-39, 69)	(-80, 0)	(-40, -69)	(40, -69)	circle	green	dif	left	left	(40, 69)	(-80, 0)	search	nr	True	406990	407698	left	35	110	160	60	85	135	None	None	testing
8	wj	f	19	green	6	(80, 0)	(40, 69)	(-39, 69)	(-80, 0)	(-40, -69)	(40, -69)	diamond	green	dif	left	left	(40, 69)	(-39, 69)	probe	norm	None	None	None	None	85	60	135	10	110	160	(-40, -69)	158	testing
8	wj	f	19	green	6	(80, 0)	(40, 69)	(-39, 69)	(-80, 0)	(-40, -69)	(40, -69)	diamond	none	dif	right	right	N_dist	(-80, 0)	search	nr	True	412885	413475	right	135	85	110	60	10	160	None	None	testing
8	wj	f	19	green	6	(80, 0)	(40, 69)	(-39, 69)	(-80, 0)	(-40, -69)	(40, -69)	diamond	none	same	left	left	N_dist	(-40, -69)	search	nr	True	414621	415618	left	135	110	160	35	85	60	None	None	testing
8	wj	f	19	green	6	(80, 0)	(40, 69)	(-39, 69)	(-80, 0)	(-40, -69)	(40, -69)	circle	green	dif	left	left	(-40, -69)	(80, 0)	probe	l_sin	None	None	None	None	160	60	10	85	135	35	(-40, -69)	160	testing
8	wj	f	19	green	6	(80, 0)	(40, 69)	(-39, 69)	(-80, 0)	(-40, -69)	(40, -69)	diamond	green	dif	right	right	(-40, -69)	(-80, 0)	search	nr	True	420332	421011	right	160	85	10	35	135	60	None	None	testing
8	wj	f	19	green	6	(80, 0)	(40, 69)	(-39, 69)	(-80, 0)	(-40, -69)	(40, -69)	circle	green	same	right	right	(40, 69)	(-39, 69)	search	nr	True	422219	422866	right	10	35	160	85	135	110	None	None	testing
8	wj	f	19	green	6	(80, 0)	(40, 69)	(-39, 69)	(-80, 0)	(-40, -69)	(40, -69)	diamond	green	dif	right	right	(40, 69)	(-80, 0)	search	nr	True	423989	424578	right	110	60	160	10	35	85	None	None	testing
8	wj	f	19	green	6	(80, 0)	(40, 69)	(-39, 69)	(-80, 0)	(-40, -69)	(40, -69)	diamond	none	dif	left	left	N_dist	(-40, -69)	search	nr	True	425692	426434	left	135	110	160	60	10	35	None	None	testing
8	wj	f	19	green	6	(80, 0)	(40, 69)	(-39, 69)	(-80, 0)	(-40, -69)	(40, -69)	circle	none	same	right	right	N_dist	(40, -69)	search	nr	True	427629	428210	right	85	35	10	160	110	135	None	None	testing
8	wj	f	19	green	6	(80, 0)	(40, 69)	(-39, 69)	(-80, 0)	(-40, -69)	(40, -69)	circle	none	dif	left	left	N_dist	(40, 69)	search	nr	True	429399	430210	left	110	135	35	160	60	85	None	None	testing
8	wj	f	19	green	6	(80, 0)	(40, 69)	(-39, 69)	(-80, 0)	(-40, -69)	(40, -69)	diamond	none	dif	left	left	N_dist	(40, -69)	search	nr	True	431369	432131	left	60	35	10	110	85	135	None	None	testing
8	wj	f	19	green	6	(80, 0)	(40, 69)	(-39, 69)	(-80, 0)	(-40, -69)	(40, -69)	circle	none	dif	right	right	N_dist	(80, 0)	search	nr	True	433289	434082	right	10	60	160	85	135	35	None	None	testing
8	wj	f	19	green	6	(80, 0)	(40, 69)	(-39, 69)	(-80, 0)	(-40, -69)	(40, -69)	diamond	none	dif	left	left	N_dist	(-40, -69)	probe	l_norm	None	None	None	None	60	160	85	135	110	35	(-80, 0)	9	testing
8	wj	f	19	green	6	(80, 0)	(40, 69)	(-39, 69)	(-80, 0)	(-40, -69)	(40, -69)	circle	green	same	right	right	(40, -69)	(-80, 0)	search	nr	True	439300	440115	right	10	160	60	35	135	85	None	None	testing
8	wj	f	19	green	6	(80, 0)	(40, 69)	(-39, 69)	(-80, 0)	(-40, -69)	(40, -69)	circle	green	same	left	left	(-40, -69)	(-39, 69)	probe	tar	None	None	None	None	110	10	135	35	160	60	(-39, 69)	24	testing
8	wj	f	19	green	6	(80, 0)	(40, 69)	(-39, 69)	(-80, 0)	(-40, -69)	(40, -69)	circle	green	dif	left	left	(40, 69)	(-40, -69)	search	nr	True	445612	446355	left	160	35	110	60	10	85	None	None	testing
8	wj	f	19	green	6	(80, 0)	(40, 69)	(-39, 69)	(-80, 0)	(-40, -69)	(40, -69)	diamond	green	dif	left	left	(80, 0)	(-80, 0)	search	nr	True	447599	448179	left	35	85	60	135	10	160	None	None	testing
8	wj	f	19	green	6	(80, 0)	(40, 69)	(-39, 69)	(-80, 0)	(-40, -69)	(40, -69)	circle	green	same	left	left	(40, 69)	(40, -69)	probe	norm	None	None	None	None	10	110	60	85	135	35	(-40, -69)	159	testing
8	wj	f	19	green	6	(80, 0)	(40, 69)	(-39, 69)	(-80, 0)	(-40, -69)	(40, -69)	diamond	green	same	right	right	(-40, -69)	(-39, 69)	search	nr	True	453527	454338	right	110	85	135	10	160	60	None	None	testing
8	wj	f	19	green	6	(80, 0)	(40, 69)	(-39, 69)	(-80, 0)	(-40, -69)	(40, -69)	diamond	none	same	right	right	N_dist	(-39, 69)	probe	l_norm	None	None	None	None	10	85	135	60	110	35	(-80, 0)	13	testing
8	wj	f	19	green	6	(80, 0)	(40, 69)	(-39, 69)	(-80, 0)	(-40, -69)	(40, -69)	circle	none	same	right	right	N_dist	(40, -69)	search	nr	True	459321	459954	right	160	60	35	10	85	135	None	None	testing
8	wj	f	19	green	6	(80, 0)	(40, 69)	(-39, 69)	(-80, 0)	(-40, -69)	(40, -69)	circle	green	same	left	left	(40, 69)	(80, 0)	search	nr	True	461257	461859	left	10	85	35	160	110	135	None	None	testing
8	wj	f	19	green	6	(80, 0)	(40, 69)	(-39, 69)	(-80, 0)	(-40, -69)	(40, -69)	circle	green	same	left	left	(-80, 0)	(80, 0)	search	nr	True	463061	463763	left	135	10	110	60	35	85	None	None	testing
8	wj	f	19	green	6	(80, 0)	(40, 69)	(-39, 69)	(-80, 0)	(-40, -69)	(40, -69)	diamond	none	same	right	right	N_dist	(-39, 69)	probe	h_norm	None	None	None	None	35	10	110	85	160	60	(40, 69)	119	testing
8	wj	f	19	green	6	(80, 0)	(40, 69)	(-39, 69)	(-80, 0)	(-40, -69)	(40, -69)	circle	none	dif	right	right	N_dist	(40, -69)	probe	l_tar	None	None	None	None	60	10	85	35	110	160	(40, -69)	29	testing
8	wj	f	19	green	6	(80, 0)	(40, 69)	(-39, 69)	(-80, 0)	(-40, -69)	(40, -69)	diamond	green	dif	left	left	(40, 69)	(-39, 69)	search	nr	True	476986	477746	left	35	10	160	110	135	60	None	None	testing
8	wj	f	19	green	6	(80, 0)	(40, 69)	(-39, 69)	(-80, 0)	(-40, -69)	(40, -69)	circle	green	dif	right	right	(80, 0)	(-80, 0)	search	nr	True	478873	479603	right	35	160	60	110	85	135	None	None	testing
8	wj	f	19	green	6	(80, 0)	(40, 69)	(-39, 69)	(-80, 0)	(-40, -69)	(40, -69)	circle	green	dif	left	left	(-80, 0)	(-39, 69)	probe	norm	None	None	None	None	110	35	160	10	60	85	(40, 69)	152	testing
8	wj	f	19	green	6	(80, 0)	(40, 69)	(-39, 69)	(-80, 0)	(-40, -69)	(40, -69)	diamond	green	same	left	left	(40, 69)	(80, 0)	probe	h_sin	None	None	None	None	60	85	160	135	110	10	(40, 69)	158	testing
8	wj	f	19	green	6	(80, 0)	(40, 69)	(-39, 69)	(-80, 0)	(-40, -69)	(40, -69)	circle	green	dif	right	right	(-80, 0)	(-40, -69)	probe	tar	None	None	None	None	60	35	135	85	160	10	(-40, -69)	158	testing
8	wj	f	19	green	6	(80, 0)	(40, 69)	(-39, 69)	(-80, 0)	(-40, -69)	(40, -69)	diamond	none	dif	right	right	N_dist	(40, 69)	probe	h_tar	None	None	None	None	60	85	10	160	135	35	(40, 69)	22	testing
8	wj	f	19	green	6	(80, 0)	(40, 69)	(-39, 69)	(-80, 0)	(-40, -69)	(40, -69)	circle	green	same	right	right	(40, 69)	(-39, 69)	search	nr	True	499410	500162	right	35	160	110	10	135	60	None	None	testing
8	wj	f	19	green	6	(80, 0)	(40, 69)	(-39, 69)	(-80, 0)	(-40, -69)	(40, -69)	diamond	green	same	left	left	(-39, 69)	(-40, -69)	search	nr	True	501247	502130	left	60	135	35	10	110	160	None	None	testing
8	wj	f	19	green	6	(80, 0)	(40, 69)	(-39, 69)	(-80, 0)	(-40, -69)	(40, -69)	circle	none	dif	left	left	N_dist	(40, 69)	search	nr	True	503284	503906	left	85	160	135	10	110	35	None	None	testing
8	wj	f	19	green	6	(80, 0)	(40, 69)	(-39, 69)	(-80, 0)	(-40, -69)	(40, -69)	circle	none	same	left	left	N_dist	(-39, 69)	probe	h_norm	None	None	None	None	110	85	35	10	160	60	(40, 69)	172	testing
8	wj	f	19	green	6	(80, 0)	(40, 69)	(-39, 69)	(-80, 0)	(-40, -69)	(40, -69)	circle	none	same	right	right	N_dist	(40, -69)	probe	l_tar	None	None	None	None	10	160	85	35	60	110	(40, -69)	13	testing
8	wj	f	19	green	6	(80, 0)	(40, 69)	(-39, 69)	(-80, 0)	(-40, -69)	(40, -69)	circle	green	same	left	left	(-39, 69)	(-80, 0)	probe	tar	None	None	None	None	60	160	10	85	110	35	(-80, 0)	171	testing
8	wj	f	19	green	6	(80, 0)	(40, 69)	(-39, 69)	(-80, 0)	(-40, -69)	(40, -69)	diamond	none	dif	left	left	N_dist	(-40, -69)	search	nr	True	518897	519651	left	85	110	35	60	135	160	None	None	testing
8	wj	f	19	green	6	(80, 0)	(40, 69)	(-39, 69)	(-80, 0)	(-40, -69)	(40, -69)	circle	green	dif	left	left	(40, 69)	(40, -69)	search	nr	True	520950	521538	left	85	60	135	160	35	10	None	None	testing
8	wj	f	19	green	6	(80, 0)	(40, 69)	(-39, 69)	(-80, 0)	(-40, -69)	(40, -69)	diamond	green	dif	left	left	(-40, -69)	(80, 0)	search	nr	True	522620	523506	left	110	60	10	160	85	135	None	None	testing
8	wj	f	19	green	6	(80, 0)	(40, 69)	(-39, 69)	(-80, 0)	(-40, -69)	(40, -69)	diamond	none	same	right	right	N_dist	(40, -69)	probe	h_norm	None	None	None	None	60	135	35	160	85	110	(40, 69)	19	testing
8	wj	f	19	green	6	(80, 0)	(40, 69)	(-39, 69)	(-80, 0)	(-40, -69)	(40, -69)	circle	none	dif	left	left	N_dist	(40, 69)	probe	h_tar	None	None	None	None	160	35	85	110	10	135	(40, 69)	156	testing
8	wj	f	19	green	6	(80, 0)	(40, 69)	(-39, 69)	(-80, 0)	(-40, -69)	(40, -69)	circle	none	dif	right	right	N_dist	(40, -69)	search	nr	True	532805	533634	right	85	60	110	160	135	10	None	None	testing
8	wj	f	19	green	6	(80, 0)	(40, 69)	(-39, 69)	(-80, 0)	(-40, -69)	(40, -69)	circle	green	same	right	right	(40, -69)	(-40, -69)	search	nr	True	534726	535651	right	160	10	85	60	35	110	None	None	testing
8	wj	f	19	green	6	(80, 0)	(40, 69)	(-39, 69)	(-80, 0)	(-40, -69)	(40, -69)	circle	green	dif	right	right	(40, -69)	(-40, -69)	search	nr	True	536796	537490	right	160	10	35	110	85	60	None	None	testing
8	wj	f	19	green	6	(80, 0)	(40, 69)	(-39, 69)	(-80, 0)	(-40, -69)	(40, -69)	diamond	none	dif	left	left	N_dist	(-40, -69)	search	nr	True	538549	539330	left	110	35	160	135	85	10	None	None	testing
8	wj	f	19	green	6	(80, 0)	(40, 69)	(-39, 69)	(-80, 0)	(-40, -69)	(40, -69)	diamond	none	same	right	right	N_dist	(40, -69)	search	nr	True	540520	541315	right	135	10	60	160	110	35	None	None	testing
8	wj	f	19	green	6	(80, 0)	(40, 69)	(-39, 69)	(-80, 0)	(-40, -69)	(40, -69)	diamond	green	same	left	left	(80, 0)	(-39, 69)	probe	l_sin	None	None	None	None	135	85	10	160	110	35	(80, 0)	170	testing
8	wj	f	19	green	6	(80, 0)	(40, 69)	(-39, 69)	(-80, 0)	(-40, -69)	(40, -69)	diamond	green	same	left	left	(40, 69)	(80, 0)	search	nr	True	546213	547074	left	110	135	35	160	60	85	None	None	testing
8	wj	f	19	green	6	(80, 0)	(40, 69)	(-39, 69)	(-80, 0)	(-40, -69)	(40, -69)	diamond	none	same	left	left	N_dist	(40, -69)	probe	h_norm	None	None	None	None	10	110	135	85	60	35	(40, 69)	158	testing
8	wj	f	19	green	6	(80, 0)	(40, 69)	(-39, 69)	(-80, 0)	(-40, -69)	(40, -69)	diamond	green	dif	right	right	(40, 69)	(40, -69)	search	nr	True	553076	553699	right	85	135	35	10	60	110	None	None	testing
8	wj	f	19	green	6	(80, 0)	(40, 69)	(-39, 69)	(-80, 0)	(-40, -69)	(40, -69)	circle	green	same	left	left	(40, 69)	(-40, -69)	search	nr	True	554896	555603	left	10	135	35	110	160	85	None	None	testing
8	wj	f	19	green	6	(80, 0)	(40, 69)	(-39, 69)	(-80, 0)	(-40, -69)	(40, -69)	diamond	green	same	left	left	(40, 69)	(-80, 0)	search	nr	True	556782	557538	left	135	35	85	60	110	160	None	None	testing
8	wj	f	19	green	6	(80, 0)	(40, 69)	(-39, 69)	(-80, 0)	(-40, -69)	(40, -69)	circle	green	same	left	left	(40, 69)	(-40, -69)	probe	tar	None	None	None	None	60	35	110	135	10	160	(-40, -69)	152	testing
8	wj	f	19	green	6	(80, 0)	(40, 69)	(-39, 69)	(-80, 0)	(-40, -69)	(40, -69)	circle	none	dif	right	right	N_dist	(40, -69)	search	nr	True	563244	563970	right	35	60	135	85	10	160	None	None	testing
8	wj	f	19	green	6	(80, 0)	(40, 69)	(-39, 69)	(-80, 0)	(-40, -69)	(40, -69)	circle	none	dif	right	right	N_dist	(80, 0)	search	nr	True	565065	565907	right	35	85	135	60	110	160	None	None	testing
8	wj	f	19	green	6	(80, 0)	(40, 69)	(-39, 69)	(-80, 0)	(-40, -69)	(40, -69)	diamond	green	same	right	right	(-40, -69)	(-80, 0)	search	nr	True	567135	568210	right	160	60	135	10	85	35	None	None	testing
8	wj	f	19	green	6	(80, 0)	(40, 69)	(-39, 69)	(-80, 0)	(-40, -69)	(40, -69)	diamond	none	dif	left	left	N_dist	(-80, 0)	search	nr	True	569372	570098	left	60	35	110	135	85	160	None	None	testing
8	wj	f	19	green	6	(80, 0)	(40, 69)	(-39, 69)	(-80, 0)	(-40, -69)	(40, -69)	diamond	green	dif	right	right	(40, 69)	(80, 0)	search	nr	True	571259	571826	right	60	35	110	135	85	160	None	None	testing
8	wj	f	19	green	6	(80, 0)	(40, 69)	(-39, 69)	(-80, 0)	(-40, -69)	(40, -69)	diamond	green	dif	left	left	(-39, 69)	(-40, -69)	probe	norm	None	None	None	None	110	35	60	160	10	135	(80, 0)	167	testing
8	wj	f	19	green	6	(80, 0)	(40, 69)	(-39, 69)	(-80, 0)	(-40, -69)	(40, -69)	diamond	none	same	right	right	N_dist	(-39, 69)	search	nr	True	576469	577154	right	85	135	110	10	35	60	None	None	testing
8	wj	f	19	green	6	(80, 0)	(40, 69)	(-39, 69)	(-80, 0)	(-40, -69)	(40, -69)	diamond	green	dif	left	left	(40, 69)	(-80, 0)	search	nr	True	578356	579090	left	35	10	110	60	85	160	None	None	testing
8	wj	f	19	green	6	(80, 0)	(40, 69)	(-39, 69)	(-80, 0)	(-40, -69)	(40, -69)	circle	green	same	right	right	(40, 69)	(80, 0)	probe	norm	None	None	None	None	85	10	110	135	160	60	(-40, -69)	154	testing
8	wj	f	19	green	6	(80, 0)	(40, 69)	(-39, 69)	(-80, 0)	(-40, -69)	(40, -69)	circle	green	dif	left	left	(40, 69)	(-40, -69)	search	nr	True	585603	586242	left	135	160	85	35	10	60	None	None	testing
8	wj	f	19	green	6	(80, 0)	(40, 69)	(-39, 69)	(-80, 0)	(-40, -69)	(40, -69)	circle	green	dif	left	left	(40, 69)	(-40, -69)	search	nr	True	587389	587954	left	35	135	160	60	85	10	None	None	testing
8	wj	f	19	green	6	(80, 0)	(40, 69)	(-39, 69)	(-80, 0)	(-40, -69)	(40, -69)	circle	none	same	right	right	N_dist	(-80, 0)	search	nr	True	589242	590034	right	135	160	35	110	60	85	None	None	testing
8	wj	f	19	green	6	(80, 0)	(40, 69)	(-39, 69)	(-80, 0)	(-40, -69)	(40, -69)	diamond	none	dif	right	right	N_dist	(40, 69)	search	nr	True	591230	592098	right	35	110	10	135	160	85	None	None	testing
8	wj	f	19	green	6	(80, 0)	(40, 69)	(-39, 69)	(-80, 0)	(-40, -69)	(40, -69)	circle	green	dif	left	left	(40, 69)	(-40, -69)	probe	h_sin	None	None	None	None	10	160	110	135	60	85	(40, 69)	24	testing
8	wj	f	19	green	6	(80, 0)	(40, 69)	(-39, 69)	(-80, 0)	(-40, -69)	(40, -69)	diamond	green	same	left	left	(40, 69)	(-80, 0)	search	nr	True	597174	597746	left	10	60	135	160	85	110	None	None	testing
8	wj	f	19	green	6	(80, 0)	(40, 69)	(-39, 69)	(-80, 0)	(-40, -69)	(40, -69)	diamond	none	same	left	left	N_dist	(-40, -69)	probe	l_norm	None	None	None	None	85	60	160	10	135	110	(40, -69)	18	testing
8	wj	f	19	green	6	(80, 0)	(40, 69)	(-39, 69)	(-80, 0)	(-40, -69)	(40, -69)	diamond	none	same	left	left	N_dist	(-39, 69)	search	nr	True	603385	604161	left	10	85	160	35	135	110	None	None	testing
8	wj	f	19	green	6	(80, 0)	(40, 69)	(-39, 69)	(-80, 0)	(-40, -69)	(40, -69)	diamond	green	same	left	left	(40, 69)	(-40, -69)	search	nr	True	605439	606066	left	10	110	35	85	60	135	None	None	testing
8	wj	f	19	green	6	(80, 0)	(40, 69)	(-39, 69)	(-80, 0)	(-40, -69)	(40, -69)	circle	green	dif	left	left	(40, 69)	(-80, 0)	search	nr	True	607175	608195	left	60	135	10	110	160	35	None	None	testing
8	wj	f	19	green	6	(80, 0)	(40, 69)	(-39, 69)	(-80, 0)	(-40, -69)	(40, -69)	diamond	green	dif	right	right	(40, 69)	(-80, 0)	probe	tar	None	None	None	None	10	85	135	35	60	110	(-80, 0)	160	testing
8	wj	f	19	green	6	(80, 0)	(40, 69)	(-39, 69)	(-80, 0)	(-40, -69)	(40, -69)	circle	green	same	right	right	(40, 69)	(80, 0)	search	nr	True	613821	614403	right	10	135	110	160	35	60	None	None	testing
8	wj	f	19	green	6	(80, 0)	(40, 69)	(-39, 69)	(-80, 0)	(-40, -69)	(40, -69)	diamond	none	same	left	left	N_dist	(40, 69)	search	nr	True	615674	616418	left	60	35	110	135	160	10	None	None	testing
8	wj	f	19	green	6	(80, 0)	(40, 69)	(-39, 69)	(-80, 0)	(-40, -69)	(40, -69)	circle	none	same	left	left	N_dist	(-40, -69)	search	nr	True	617628	618403	left	110	160	60	85	135	35	None	None	testing
8	wj	f	19	green	6	(80, 0)	(40, 69)	(-39, 69)	(-80, 0)	(-40, -69)	(40, -69)	diamond	green	dif	right	right	(40, 69)	(80, 0)	search	nr	True	619598	620418	right	135	10	60	110	35	85	None	None	testing
8	wj	f	19	green	6	(80, 0)	(40, 69)	(-39, 69)	(-80, 0)	(-40, -69)	(40, -69)	circle	none	same	right	right	N_dist	(80, 0)	search	nr	True	621535	622195	right	135	35	85	10	60	160	None	None	testing
8	wj	f	19	green	6	(80, 0)	(40, 69)	(-39, 69)	(-80, 0)	(-40, -69)	(40, -69)	diamond	green	same	left	left	(-80, 0)	(80, 0)	search	nr	True	623305	624242	left	35	135	110	60	160	10	None	None	testing
8	wj	f	19	green	6	(80, 0)	(40, 69)	(-39, 69)	(-80, 0)	(-40, -69)	(40, -69)	circle	none	same	right	right	N_dist	(80, 0)	probe	l_norm	None	None	None	None	110	60	85	135	160	35	(-40, -69)	158	testing
8	wj	f	19	green	6	(80, 0)	(40, 69)	(-39, 69)	(-80, 0)	(-40, -69)	(40, -69)	circle	none	dif	right	right	N_dist	(80, 0)	probe	l_norm	None	None	None	None	60	35	10	160	110	135	(-80, 0)	11	testing
8	wj	f	19	green	6	(80, 0)	(40, 69)	(-39, 69)	(-80, 0)	(-40, -69)	(40, -69)	diamond	green	same	left	left	(-80, 0)	(80, 0)	search	nr	True	633924	634514	left	35	85	10	110	60	135	None	None	testing
8	wj	f	19	green	6	(80, 0)	(40, 69)	(-39, 69)	(-80, 0)	(-40, -69)	(40, -69)	diamond	green	dif	left	left	(-39, 69)	(-40, -69)	search	nr	True	635778	636498	left	110	60	10	35	135	85	None	None	testing
8	wj	f	19	green	6	(80, 0)	(40, 69)	(-39, 69)	(-80, 0)	(-40, -69)	(40, -69)	diamond	green	dif	left	left	(40, -69)	(-80, 0)	search	nr	True	637732	638386	left	160	85	10	110	60	35	None	None	testing
8	wj	f	19	green	6	(80, 0)	(40, 69)	(-39, 69)	(-80, 0)	(-40, -69)	(40, -69)	diamond	none	same	right	right	N_dist	(-39, 69)	search	nr	True	639652	640418	right	35	135	85	160	10	60	None	None	testing
8	wj	f	19	green	6	(80, 0)	(40, 69)	(-39, 69)	(-80, 0)	(-40, -69)	(40, -69)	circle	green	dif	left	left	(40, 69)	(-40, -69)	search	nr	True	641722	642370	left	160	85	60	135	35	110	None	None	testing
8	wj	f	19	green	6	(80, 0)	(40, 69)	(-39, 69)	(-80, 0)	(-40, -69)	(40, -69)	diamond	green	same	right	right	(40, 69)	(-80, 0)	probe	norm	None	None	None	None	85	135	35	110	10	160	(-40, -69)	165	testing
8	wj	f	19	green	6	(80, 0)	(40, 69)	(-39, 69)	(-80, 0)	(-40, -69)	(40, -69)	circle	green	dif	left	left	(-39, 69)	(80, 0)	probe	l_sin	None	None	None	None	10	35	160	60	135	110	(-39, 69)	17	testing
8	wj	f	19	green	6	(80, 0)	(40, 69)	(-39, 69)	(-80, 0)	(-40, -69)	(40, -69)	circle	green	dif	right	right	(40, -69)	(-40, -69)	search	nr	True	651707	652610	right	135	35	60	85	160	110	None	None	testing
8	wj	f	19	green	6	(80, 0)	(40, 69)	(-39, 69)	(-80, 0)	(-40, -69)	(40, -69)	circle	none	same	right	right	N_dist	(-80, 0)	probe	l_norm	None	None	None	None	60	135	10	160	35	85	(80, 0)	172	testing
8	wj	f	19	green	6	(80, 0)	(40, 69)	(-39, 69)	(-80, 0)	(-40, -69)	(40, -69)	circle	green	same	left	left	(40, 69)	(80, 0)	search	nr	True	658453	659090	left	135	35	110	60	85	10	None	None	testing
8	wj	f	19	green	6	(80, 0)	(40, 69)	(-39, 69)	(-80, 0)	(-40, -69)	(40, -69)	circle	green	same	right	right	(40, 69)	(40, -69)	probe	norm	None	None	None	None	10	160	85	35	135	110	(-40, -69)	169	testing
8	wj	f	19	green	6	(80, 0)	(40, 69)	(-39, 69)	(-80, 0)	(-40, -69)	(40, -69)	diamond	none	dif	right	right	N_dist	(-40, -69)	search	nr	True	664013	664642	right	60	35	10	110	135	160	None	None	testing
8	wj	f	19	green	6	(80, 0)	(40, 69)	(-39, 69)	(-80, 0)	(-40, -69)	(40, -69)	circle	green	dif	right	right	(40, 69)	(-40, -69)	search	nr	True	665800	666386	right	60	35	85	160	110	135	None	None	testing
8	wj	f	19	green	6	(80, 0)	(40, 69)	(-39, 69)	(-80, 0)	(-40, -69)	(40, -69)	circle	none	same	right	right	N_dist	(80, 0)	probe	h_norm	None	None	None	None	135	10	60	110	160	85	(40, 69)	165	testing
8	wj	f	19	green	6	(80, 0)	(40, 69)	(-39, 69)	(-80, 0)	(-40, -69)	(40, -69)	diamond	green	dif	right	right	(40, 69)	(40, -69)	search	nr	True	671660	672354	right	10	60	135	110	35	160	None	None	testing
8	wj	f	19	green	6	(80, 0)	(40, 69)	(-39, 69)	(-80, 0)	(-40, -69)	(40, -69)	diamond	none	dif	left	left	N_dist	(80, 0)	search	nr	True	673615	674290	left	135	60	85	110	10	160	None	None	testing
8	wj	f	19	green	6	(80, 0)	(40, 69)	(-39, 69)	(-80, 0)	(-40, -69)	(40, -69)	circle	none	same	left	left	N_dist	(80, 0)	search	nr	True	675450	676098	left	85	135	60	110	160	10	None	None	testing
8	wj	f	19	green	6	(80, 0)	(40, 69)	(-39, 69)	(-80, 0)	(-40, -69)	(40, -69)	circle	green	dif	left	left	(-39, 69)	(-80, 0)	search	nr	True	677171	677858	left	110	160	10	135	35	85	None	None	testing
8	wj	f	19	green	6	(80, 0)	(40, 69)	(-39, 69)	(-80, 0)	(-40, -69)	(40, -69)	diamond	green	same	left	left	(40, 69)	(-40, -69)	search	nr	True	679041	679810	left	160	135	85	110	35	10	None	None	testing
8	wj	f	19	green	6	(80, 0)	(40, 69)	(-39, 69)	(-80, 0)	(-40, -69)	(40, -69)	circle	green	dif	left	left	(-40, -69)	(80, 0)	search	nr	True	681044	681634	left	110	10	160	35	60	135	None	None	testing
8	wj	f	19	green	6	(80, 0)	(40, 69)	(-39, 69)	(-80, 0)	(-40, -69)	(40, -69)	diamond	none	same	left	left	N_dist	(40, 69)	probe	h_tar	None	None	None	None	110	160	10	85	135	60	(40, 69)	157	testing
8	wj	f	19	green	6	(80, 0)	(40, 69)	(-39, 69)	(-80, 0)	(-40, -69)	(40, -69)	circle	green	same	right	right	(40, 69)	(-39, 69)	search	nr	True	687323	688194	right	110	10	35	160	85	60	None	None	testing
8	wj	f	19	green	6	(80, 0)	(40, 69)	(-39, 69)	(-80, 0)	(-40, -69)	(40, -69)	circle	none	same	left	left	N_dist	(-40, -69)	search	nr	True	689493	690146	left	60	35	160	135	110	85	None	None	testing
8	wj	f	19	green	6	(80, 0)	(40, 69)	(-39, 69)	(-80, 0)	(-40, -69)	(40, -69)	circle	green	same	left	left	(40, 69)	(40, -69)	search	nr	True	691380	692115	left	160	110	85	60	135	10	None	None	testing
8	wj	f	19	green	6	(80, 0)	(40, 69)	(-39, 69)	(-80, 0)	(-40, -69)	(40, -69)	circle	green	same	left	left	(40, 69)	(40, -69)	search	nr	True	693184	693746	left	10	160	85	135	110	35	None	None	testing
8	wj	f	19	green	6	(80, 0)	(40, 69)	(-39, 69)	(-80, 0)	(-40, -69)	(40, -69)	diamond	none	dif	left	left	N_dist	(80, 0)	probe	l_norm	None	None	None	None	110	135	10	160	60	85	(-39, 69)	17	testing
8	wj	f	19	green	6	(80, 0)	(40, 69)	(-39, 69)	(-80, 0)	(-40, -69)	(40, -69)	circle	none	same	left	left	N_dist	(-40, -69)	probe	l_norm	None	None	None	None	10	85	60	135	35	110	(-39, 69)	19	testing
8	wj	f	19	green	6	(80, 0)	(40, 69)	(-39, 69)	(-80, 0)	(-40, -69)	(40, -69)	circle	green	same	left	left	(40, 69)	(-40, -69)	search	nr	True	704438	705074	left	110	160	85	35	60	10	None	None	testing
8	wj	f	19	green	6	(80, 0)	(40, 69)	(-39, 69)	(-80, 0)	(-40, -69)	(40, -69)	diamond	none	dif	left	left	N_dist	(40, -69)	probe	l_norm	None	None	None	None	110	60	10	135	35	85	(-80, 0)	172	testing
8	wj	f	19	green	6	(80, 0)	(40, 69)	(-39, 69)	(-80, 0)	(-40, -69)	(40, -69)	diamond	green	same	left	left	(40, 69)	(-40, -69)	probe	h_sin	None	None	None	None	85	60	35	160	110	10	(40, 69)	170	testing
8	wj	f	19	green	6	(80, 0)	(40, 69)	(-39, 69)	(-80, 0)	(-40, -69)	(40, -69)	diamond	none	same	right	right	N_dist	(-39, 69)	search	nr	True	713921	714626	right	60	110	160	10	135	35	None	None	testing
8	wj	f	19	green	6	(80, 0)	(40, 69)	(-39, 69)	(-80, 0)	(-40, -69)	(40, -69)	diamond	green	same	left	left	(40, 69)	(-40, -69)	search	nr	True	715892	716530	left	110	85	160	35	10	135	None	None	testing
8	wj	f	19	green	6	(80, 0)	(40, 69)	(-39, 69)	(-80, 0)	(-40, -69)	(40, -69)	diamond	none	same	right	right	N_dist	(40, -69)	search	nr	True	717595	718257	right	35	160	135	10	110	85	None	None	testing
8	wj	f	19	green	6	(80, 0)	(40, 69)	(-39, 69)	(-80, 0)	(-40, -69)	(40, -69)	diamond	green	dif	left	left	(40, 69)	(-80, 0)	search	nr	True	719548	720194	left	85	160	110	60	10	35	None	None	testing
8	wj	f	19	green	6	(80, 0)	(40, 69)	(-39, 69)	(-80, 0)	(-40, -69)	(40, -69)	circle	none	same	right	right	N_dist	(-80, 0)	search	nr	True	721285	722226	right	60	35	160	10	135	110	None	None	testing
8	wj	f	19	green	6	(80, 0)	(40, 69)	(-39, 69)	(-80, 0)	(-40, -69)	(40, -69)	diamond	green	dif	left	left	(40, 69)	(-39, 69)	search	nr	True	723422	724178	left	160	135	10	60	85	35	None	None	testing
8	wj	f	19	green	6	(80, 0)	(40, 69)	(-39, 69)	(-80, 0)	(-40, -69)	(40, -69)	diamond	green	dif	right	right	(80, 0)	(40, -69)	probe	l_sin	None	None	None	None	110	10	35	160	85	135	(80, 0)	10	testing
8	wj	f	19	green	6	(80, 0)	(40, 69)	(-39, 69)	(-80, 0)	(-40, -69)	(40, -69)	diamond	green	same	left	left	(-80, 0)	(80, 0)	probe	l_sin	None	None	None	None	35	110	85	10	60	160	(-80, 0)	163	testing
8	wj	f	19	green	6	(80, 0)	(40, 69)	(-39, 69)	(-80, 0)	(-40, -69)	(40, -69)	diamond	green	same	right	right	(40, 69)	(-80, 0)	search	nr	True	734459	735138	right	10	60	110	160	35	85	None	None	testing
8	wj	f	19	green	6	(80, 0)	(40, 69)	(-39, 69)	(-80, 0)	(-40, -69)	(40, -69)	diamond	green	same	left	left	(80, 0)	(-39, 69)	search	nr	True	736280	736962	left	35	160	60	110	10	135	None	None	testing
8	wj	f	19	green	6	(80, 0)	(40, 69)	(-39, 69)	(-80, 0)	(-40, -69)	(40, -69)	diamond	none	dif	right	right	N_dist	(-39, 69)	search	nr	True	738049	738642	right	135	85	10	35	110	60	None	None	testing
8	wj	f	19	green	6	(80, 0)	(40, 69)	(-39, 69)	(-80, 0)	(-40, -69)	(40, -69)	circle	green	same	right	right	(-80, 0)	(40, -69)	search	nr	True	739736	740690	right	135	10	35	160	60	85	None	None	testing
8	wj	f	19	green	6	(80, 0)	(40, 69)	(-39, 69)	(-80, 0)	(-40, -69)	(40, -69)	diamond	green	same	left	left	(80, 0)	(-39, 69)	search	nr	True	741806	742610	left	35	10	160	135	110	60	None	None	testing
8	wj	f	19	green	6	(80, 0)	(40, 69)	(-39, 69)	(-80, 0)	(-40, -69)	(40, -69)	circle	green	dif	left	left	(40, 69)	(40, -69)	probe	h_sin	None	None	None	None	160	60	110	10	135	85	(40, 69)	15	testing
8	wj	f	19	green	6	(80, 0)	(40, 69)	(-39, 69)	(-80, 0)	(-40, -69)	(40, -69)	diamond	none	same	left	left	N_dist	(-40, -69)	search	nr	True	748034	748722	left	10	60	35	110	85	135	None	None	testing
8	wj	f	19	green	6	(80, 0)	(40, 69)	(-39, 69)	(-80, 0)	(-40, -69)	(40, -69)	diamond	green	dif	right	right	(80, 0)	(40, -69)	search	nr	True	749938	750865	right	85	10	60	110	135	35	None	None	testing
8	wj	f	19	green	6	(80, 0)	(40, 69)	(-39, 69)	(-80, 0)	(-40, -69)	(40, -69)	diamond	none	same	right	right	N_dist	(40, 69)	search	nr	True	751942	752657	right	85	35	160	110	60	135	None	None	testing
8	wj	f	19	green	6	(80, 0)	(40, 69)	(-39, 69)	(-80, 0)	(-40, -69)	(40, -69)	diamond	green	dif	right	right	(40, 69)	(40, -69)	search	nr	True	753828	754593	right	35	60	135	110	10	85	None	None	testing
8	wj	f	19	green	6	(80, 0)	(40, 69)	(-39, 69)	(-80, 0)	(-40, -69)	(40, -69)	circle	none	same	left	left	N_dist	(-40, -69)	search	nr	True	755665	756369	left	160	10	60	110	35	135	None	None	testing
8	wj	f	19	green	6	(80, 0)	(40, 69)	(-39, 69)	(-80, 0)	(-40, -69)	(40, -69)	circle	none	dif	right	right	N_dist	(-80, 0)	search	nr	True	757535	758162	right	135	110	35	10	160	85	None	None	testing
8	wj	f	19	green	6	(80, 0)	(40, 69)	(-39, 69)	(-80, 0)	(-40, -69)	(40, -69)	circle	green	dif	right	right	(80, 0)	(-39, 69)	probe	norm	None	None	None	None	35	60	85	160	110	135	(40, 69)	166	testing
8	wj	f	19	green	6	(80, 0)	(40, 69)	(-39, 69)	(-80, 0)	(-40, -69)	(40, -69)	circle	green	dif	right	right	(40, 69)	(80, 0)	search	nr	True	763262	763906	right	10	85	160	110	135	60	None	None	testing
8	wj	f	19	green	6	(80, 0)	(40, 69)	(-39, 69)	(-80, 0)	(-40, -69)	(40, -69)	diamond	green	dif	right	right	(40, 69)	(80, 0)	probe	h_sin	None	None	None	None	85	110	135	160	35	60	(40, 69)	15	testing
8	wj	f	19	green	6	(80, 0)	(40, 69)	(-39, 69)	(-80, 0)	(-40, -69)	(40, -69)	circle	green	same	right	right	(40, 69)	(40, -69)	search	nr	True	769290	769953	right	160	110	35	85	10	60	None	None	testing
8	wj	f	19	green	6	(80, 0)	(40, 69)	(-39, 69)	(-80, 0)	(-40, -69)	(40, -69)	diamond	none	same	left	left	N_dist	(40, -69)	search	nr	True	771043	771810	left	160	110	60	85	35	10	None	None	testing
8	wj	f	19	green	6	(80, 0)	(40, 69)	(-39, 69)	(-80, 0)	(-40, -69)	(40, -69)	circle	green	dif	left	left	(-80, 0)	(-39, 69)	search	nr	True	772913	773745	left	160	10	110	35	85	60	None	None	testing
8	wj	f	19	green	6	(80, 0)	(40, 69)	(-39, 69)	(-80, 0)	(-40, -69)	(40, -69)	diamond	green	same	right	right	(40, 69)	(-40, -69)	probe	tar	None	None	None	None	110	60	135	85	160	10	(-40, -69)	160	testing
8	wj	f	19	green	6	(80, 0)	(40, 69)	(-39, 69)	(-80, 0)	(-40, -69)	(40, -69)	diamond	green	dif	right	right	(40, 69)	(-80, 0)	search	nr	True	778757	779394	right	85	110	60	160	10	35	None	None	testing
8	wj	f	19	green	6	(80, 0)	(40, 69)	(-39, 69)	(-80, 0)	(-40, -69)	(40, -69)	circle	green	same	right	right	(40, 69)	(-39, 69)	probe	tar	None	None	None	None	10	60	110	135	85	35	(-39, 69)	15	testing
8	wj	f	19	green	6	(80, 0)	(40, 69)	(-39, 69)	(-80, 0)	(-40, -69)	(40, -69)	circle	green	same	left	left	(40, 69)	(40, -69)	search	nr	True	785252	786018	left	160	35	85	110	135	60	None	None	testing
8	wj	f	19	green	6	(80, 0)	(40, 69)	(-39, 69)	(-80, 0)	(-40, -69)	(40, -69)	diamond	green	dif	left	left	(40, 69)	(-80, 0)	search	nr	True	787240	787890	left	10	135	85	110	160	60	None	None	testing
8	wj	f	19	green	6	(80, 0)	(40, 69)	(-39, 69)	(-80, 0)	(-40, -69)	(40, -69)	diamond	green	same	left	left	(40, 69)	(-40, -69)	search	nr	True	789110	789810	left	160	60	110	35	135	10	None	None	testing
8	wj	f	19	green	6	(80, 0)	(40, 69)	(-39, 69)	(-80, 0)	(-40, -69)	(40, -69)	diamond	green	same	right	right	(40, 69)	(40, -69)	search	nr	True	790963	791602	right	10	160	35	135	60	110	None	None	testing
8	wj	f	19	green	6	(80, 0)	(40, 69)	(-39, 69)	(-80, 0)	(-40, -69)	(40, -69)	diamond	none	dif	left	left	N_dist	(-40, -69)	probe	l_tar	None	None	None	None	60	160	135	85	110	35	(-40, -69)	21	testing
8	wj	f	19	green	6	(80, 0)	(40, 69)	(-39, 69)	(-80, 0)	(-40, -69)	(40, -69)	circle	none	same	right	right	N_dist	(40, -69)	search	nr	True	798827	799394	right	35	135	160	60	85	110	None	None	testing
8	wj	f	19	green	6	(80, 0)	(40, 69)	(-39, 69)	(-80, 0)	(-40, -69)	(40, -69)	diamond	green	same	left	left	(40, 69)	(-40, -69)	search	nr	True	800648	801282	left	160	135	60	110	85	35	None	None	testing
8	wj	f	19	green	6	(80, 0)	(40, 69)	(-39, 69)	(-80, 0)	(-40, -69)	(40, -69)	diamond	green	dif	left	left	(-39, 69)	(-40, -69)	search	nr	True	802518	803074	left	85	10	135	160	110	60	None	None	testing
8	wj	f	19	green	6	(80, 0)	(40, 69)	(-39, 69)	(-80, 0)	(-40, -69)	(40, -69)	diamond	green	same	left	left	(-39, 69)	(-40, -69)	probe	l_sin	None	None	None	None	85	35	110	60	160	10	(-39, 69)	17	testing
8	wj	f	19	green	6	(80, 0)	(40, 69)	(-39, 69)	(-80, 0)	(-40, -69)	(40, -69)	circle	green	same	right	right	(-80, 0)	(40, -69)	search	nr	True	808846	809426	right	110	160	35	135	60	85	None	None	testing
8	wj	f	19	green	6	(80, 0)	(40, 69)	(-39, 69)	(-80, 0)	(-40, -69)	(40, -69)	circle	green	dif	right	right	(40, 69)	(80, 0)	search	nr	True	810483	811058	right	85	110	35	60	160	10	None	None	testing
8	wj	f	19	green	6	(80, 0)	(40, 69)	(-39, 69)	(-80, 0)	(-40, -69)	(40, -69)	circle	green	same	left	left	(-40, -69)	(-39, 69)	search	nr	True	812202	813121	left	10	85	160	35	60	135	None	None	testing
8	wj	f	19	green	6	(80, 0)	(40, 69)	(-39, 69)	(-80, 0)	(-40, -69)	(40, -69)	diamond	green	same	left	left	(40, 69)	(-80, 0)	search	nr	True	814339	815026	left	135	60	35	85	110	10	None	None	testing
8	wj	f	19	green	6	(80, 0)	(40, 69)	(-39, 69)	(-80, 0)	(-40, -69)	(40, -69)	diamond	green	same	right	right	(-40, -69)	(-80, 0)	search	nr	True	816143	816818	right	110	160	85	60	135	10	None	None	testing
8	wj	f	19	green	6	(80, 0)	(40, 69)	(-39, 69)	(-80, 0)	(-40, -69)	(40, -69)	diamond	none	dif	right	right	N_dist	(-40, -69)	probe	h_norm	None	None	None	None	60	35	135	85	110	160	(40, 69)	15	testing
8	wj	f	19	green	6	(80, 0)	(40, 69)	(-39, 69)	(-80, 0)	(-40, -69)	(40, -69)	diamond	green	dif	left	left	(40, 69)	(-80, 0)	probe	h_sin	None	None	None	None	135	60	160	10	35	85	(40, 69)	159	testing
8	wj	f	19	green	6	(80, 0)	(40, 69)	(-39, 69)	(-80, 0)	(-40, -69)	(40, -69)	circle	green	same	right	right	(40, 69)	(-39, 69)	probe	tar	None	None	None	None	10	110	160	35	60	85	(-39, 69)	20	testing
8	wj	f	19	green	6	(80, 0)	(40, 69)	(-39, 69)	(-80, 0)	(-40, -69)	(40, -69)	circle	none	dif	right	right	N_dist	(-80, 0)	probe	l_tar	None	None	None	None	85	160	135	60	10	35	(-80, 0)	167	testing
8	wj	f	19	green	6	(80, 0)	(40, 69)	(-39, 69)	(-80, 0)	(-40, -69)	(40, -69)	circle	green	same	right	right	(40, 69)	(-39, 69)	probe	tar	None	None	None	None	110	160	85	35	135	10	(-39, 69)	18	testing
8	wj	f	19	green	6	(80, 0)	(40, 69)	(-39, 69)	(-80, 0)	(-40, -69)	(40, -69)	circle	green	same	left	left	(-80, 0)	(40, -69)	search	nr	True	839469	840322	left	160	60	85	110	135	10	None	None	testing
8	wj	f	19	green	6	(80, 0)	(40, 69)	(-39, 69)	(-80, 0)	(-40, -69)	(40, -69)	diamond	green	same	right	right	(-40, -69)	(-39, 69)	probe	l_sin	None	None	None	None	60	160	85	135	110	10	(-40, -69)	167	testing
8	wj	f	19	green	6	(80, 0)	(40, 69)	(-39, 69)	(-80, 0)	(-40, -69)	(40, -69)	circle	green	dif	left	left	(-80, 0)	(-39, 69)	search	nr	True	845213	846018	left	110	160	85	135	10	60	None	None	testing
8	wj	f	19	green	6	(80, 0)	(40, 69)	(-39, 69)	(-80, 0)	(-40, -69)	(40, -69)	circle	green	dif	right	right	(80, 0)	(-39, 69)	search	nr	True	847183	847858	right	60	10	85	135	35	110	None	None	testing
8	wj	f	19	green	6	(80, 0)	(40, 69)	(-39, 69)	(-80, 0)	(-40, -69)	(40, -69)	diamond	green	dif	right	right	(40, 69)	(-80, 0)	search	nr	True	848970	849922	right	60	85	10	35	160	135	None	None	testing
8	wj	f	19	green	6	(80, 0)	(40, 69)	(-39, 69)	(-80, 0)	(-40, -69)	(40, -69)	circle	green	same	left	left	(40, 69)	(-39, 69)	probe	h_sin	None	None	None	None	135	35	110	60	10	85	(40, 69)	157	testing
8	wj	f	19	green	6	(80, 0)	(40, 69)	(-39, 69)	(-80, 0)	(-40, -69)	(40, -69)	diamond	none	same	left	left	N_dist	(40, 69)	search	nr	True	856116	856770	left	85	10	35	160	110	135	None	None	testing
8	wj	f	19	green	6	(80, 0)	(40, 69)	(-39, 69)	(-80, 0)	(-40, -69)	(40, -69)	diamond	green	same	right	right	(40, 69)	(80, 0)	search	nr	True	857836	858753	right	35	160	110	60	10	135	None	None	testing
8	wj	f	19	green	6	(80, 0)	(40, 69)	(-39, 69)	(-80, 0)	(-40, -69)	(40, -69)	diamond	green	dif	left	left	(40, 69)	(80, 0)	probe	h_sin	None	None	None	None	60	10	160	35	110	135	(40, 69)	162	testing
8	wj	f	19	green	6	(80, 0)	(40, 69)	(-39, 69)	(-80, 0)	(-40, -69)	(40, -69)	circle	green	same	left	left	(40, 69)	(-40, -69)	probe	norm	None	None	None	None	135	10	60	85	110	35	(-80, 0)	169	testing
8	wj	f	19	green	6	(80, 0)	(40, 69)	(-39, 69)	(-80, 0)	(-40, -69)	(40, -69)	diamond	green	same	right	right	(80, 0)	(-39, 69)	probe	norm	None	None	None	None	160	35	135	60	85	110	(40, 69)	154	testing
8	wj	f	19	green	6	(80, 0)	(40, 69)	(-39, 69)	(-80, 0)	(-40, -69)	(40, -69)	diamond	none	dif	left	left	N_dist	(-40, -69)	search	nr	True	873265	873921	left	160	35	10	110	135	85	None	None	testing
8	wj	f	19	green	6	(80, 0)	(40, 69)	(-39, 69)	(-80, 0)	(-40, -69)	(40, -69)	diamond	green	dif	right	right	(40, 69)	(80, 0)	probe	norm	None	None	None	None	60	10	35	85	160	110	(40, -69)	22	testing
8	wj	f	19	green	6	(80, 0)	(40, 69)	(-39, 69)	(-80, 0)	(-40, -69)	(40, -69)	circle	green	dif	right	right	(40, 69)	(40, -69)	probe	norm	None	None	None	None	135	110	85	60	160	10	(-39, 69)	14	testing
8	wj	f	19	green	6	(80, 0)	(40, 69)	(-39, 69)	(-80, 0)	(-40, -69)	(40, -69)	circle	green	dif	right	right	(40, 69)	(-39, 69)	probe	tar	None	None	None	None	35	10	160	110	60	135	(-39, 69)	27	testing
8	wj	f	19	green	6	(80, 0)	(40, 69)	(-39, 69)	(-80, 0)	(-40, -69)	(40, -69)	diamond	none	same	right	right	N_dist	(40, 69)	search	nr	True	889160	889938	right	135	35	160	110	10	60	None	None	testing
8	wj	f	19	green	6	(80, 0)	(40, 69)	(-39, 69)	(-80, 0)	(-40, -69)	(40, -69)	diamond	green	same	left	left	(-39, 69)	(40, -69)	probe	l_sin	None	None	None	None	60	35	85	135	110	160	(-39, 69)	8	testing
8	wj	f	19	green	6	(80, 0)	(40, 69)	(-39, 69)	(-80, 0)	(-40, -69)	(40, -69)	diamond	none	same	right	right	N_dist	(40, -69)	search	nr	True	895322	895969	right	160	135	35	110	85	60	None	None	testing
8	wj	f	19	green	6	(80, 0)	(40, 69)	(-39, 69)	(-80, 0)	(-40, -69)	(40, -69)	diamond	green	dif	right	right	(40, 69)	(40, -69)	probe	tar	None	None	None	None	60	85	35	160	110	135	(40, -69)	16	testing
8	wj	f	19	green	6	(80, 0)	(40, 69)	(-39, 69)	(-80, 0)	(-40, -69)	(40, -69)	diamond	green	dif	left	left	(40, 69)	(-39, 69)	search	nr	True	901917	902545	left	60	10	135	160	85	35	None	None	testing
8	wj	f	19	green	6	(80, 0)	(40, 69)	(-39, 69)	(-80, 0)	(-40, -69)	(40, -69)	circle	none	dif	right	right	N_dist	(-80, 0)	search	nr	True	903804	904465	right	35	85	10	110	135	160	None	None	testing
8	wj	f	19	green	6	(80, 0)	(40, 69)	(-39, 69)	(-80, 0)	(-40, -69)	(40, -69)	diamond	none	dif	right	right	N_dist	(40, 69)	search	nr	True	905624	906161	right	35	60	110	10	160	85	None	None	testing
8	wj	f	19	green	6	(80, 0)	(40, 69)	(-39, 69)	(-80, 0)	(-40, -69)	(40, -69)	circle	none	dif	left	left	N_dist	(40, 69)	search	nr	True	907394	908145	left	35	10	160	135	110	85	None	None	testing
8	wj	f	19	green	6	(80, 0)	(40, 69)	(-39, 69)	(-80, 0)	(-40, -69)	(40, -69)	diamond	green	same	right	right	(40, 69)	(-80, 0)	probe	tar	None	None	None	None	85	35	10	60	110	135	(-80, 0)	168	testing
8	wj	f	19	green	6	(80, 0)	(40, 69)	(-39, 69)	(-80, 0)	(-40, -69)	(40, -69)	diamond	green	dif	right	right	(40, 69)	(80, 0)	search	nr	True	912887	913490	right	110	10	60	160	35	85	None	None	testing
8	wj	f	19	green	6	(80, 0)	(40, 69)	(-39, 69)	(-80, 0)	(-40, -69)	(40, -69)	diamond	green	same	left	left	(40, 69)	(-40, -69)	search	nr	True	914574	915425	left	10	160	110	135	85	60	None	None	testing
8	wj	f	19	green	6	(80, 0)	(40, 69)	(-39, 69)	(-80, 0)	(-40, -69)	(40, -69)	diamond	green	same	right	right	(40, 69)	(-39, 69)	search	nr	True	916627	917314	right	10	85	160	135	60	110	None	None	testing
8	wj	f	19	green	6	(80, 0)	(40, 69)	(-39, 69)	(-80, 0)	(-40, -69)	(40, -69)	circle	green	same	right	right	(40, 69)	(80, 0)	probe	norm	None	None	None	None	160	110	135	35	10	60	(-80, 0)	164	testing
8	wj	f	19	green	6	(80, 0)	(40, 69)	(-39, 69)	(-80, 0)	(-40, -69)	(40, -69)	circle	green	same	right	right	(40, 69)	(-39, 69)	search	nr	True	922772	923730	right	35	135	85	60	110	160	None	None	testing
8	wj	f	19	green	6	(80, 0)	(40, 69)	(-39, 69)	(-80, 0)	(-40, -69)	(40, -69)	diamond	none	same	right	right	N_dist	(40, 69)	probe	h_tar	None	None	None	None	135	85	160	35	60	10	(40, 69)	167	testing
8	wj	f	19	green	6	(80, 0)	(40, 69)	(-39, 69)	(-80, 0)	(-40, -69)	(40, -69)	diamond	green	dif	left	left	(-40, -69)	(80, 0)	probe	l_sin	None	None	None	None	160	60	10	35	110	85	(-40, -69)	170	testing
8	wj	f	19	green	6	(80, 0)	(40, 69)	(-39, 69)	(-80, 0)	(-40, -69)	(40, -69)	circle	green	same	left	left	(40, 69)	(-39, 69)	search	nr	True	933058	933921	left	110	160	135	10	60	35	None	None	testing
8	wj	f	19	green	6	(80, 0)	(40, 69)	(-39, 69)	(-80, 0)	(-40, -69)	(40, -69)	diamond	none	same	right	right	N_dist	(40, -69)	probe	l_norm	None	None	None	None	135	60	85	35	10	160	(-80, 0)	169	testing
8	wj	f	19	green	6	(80, 0)	(40, 69)	(-39, 69)	(-80, 0)	(-40, -69)	(40, -69)	circle	green	dif	left	left	(40, 69)	(40, -69)	search	nr	True	939720	940562	left	135	35	110	85	60	10	None	None	testing
8	wj	f	19	green	6	(80, 0)	(40, 69)	(-39, 69)	(-80, 0)	(-40, -69)	(40, -69)	circle	green	dif	left	left	(-39, 69)	(-80, 0)	search	nr	True	941740	942561	left	160	60	110	85	35	135	None	None	testing
8	wj	f	19	green	6	(80, 0)	(40, 69)	(-39, 69)	(-80, 0)	(-40, -69)	(40, -69)	circle	green	same	left	left	(-39, 69)	(-80, 0)	search	nr	True	943744	944354	left	85	135	110	160	60	10	None	None	testing
8	wj	f	19	green	6	(80, 0)	(40, 69)	(-39, 69)	(-80, 0)	(-40, -69)	(40, -69)	diamond	none	dif	right	right	N_dist	(-80, 0)	probe	h_norm	None	None	None	None	135	85	35	160	60	110	(40, 69)	6	testing
8	wj	f	19	green	6	(80, 0)	(40, 69)	(-39, 69)	(-80, 0)	(-40, -69)	(40, -69)	circle	green	same	right	right	(40, -69)	(-40, -69)	search	nr	True	950390	951201	right	35	85	60	10	135	160	None	None	testing
8	wj	f	19	green	6	(80, 0)	(40, 69)	(-39, 69)	(-80, 0)	(-40, -69)	(40, -69)	circle	green	dif	right	right	(40, 69)	(-40, -69)	probe	h_sin	None	None	None	None	35	10	85	160	135	110	(40, 69)	14	testing
8	wj	f	19	green	6	(80, 0)	(40, 69)	(-39, 69)	(-80, 0)	(-40, -69)	(40, -69)	diamond	green	same	right	right	(40, 69)	(-80, 0)	search	nr	True	955749	956417	right	60	85	135	160	35	10	None	None	testing
8	wj	f	19	green	6	(80, 0)	(40, 69)	(-39, 69)	(-80, 0)	(-40, -69)	(40, -69)	diamond	none	same	left	left	N_dist	(-80, 0)	probe	h_norm	None	None	None	None	160	110	60	35	135	10	(40, 69)	16	testing
8	wj	f	19	green	6	(80, 0)	(40, 69)	(-39, 69)	(-80, 0)	(-40, -69)	(40, -69)	circle	green	same	right	right	(40, 69)	(-39, 69)	search	nr	True	962044	962642	right	10	135	60	85	35	110	None	None	testing
8	wj	f	19	green	6	(80, 0)	(40, 69)	(-39, 69)	(-80, 0)	(-40, -69)	(40, -69)	diamond	none	same	left	left	N_dist	(-80, 0)	search	nr	True	963898	964642	left	110	135	10	35	160	85	None	None	testing
8	wj	f	19	green	6	(80, 0)	(40, 69)	(-39, 69)	(-80, 0)	(-40, -69)	(40, -69)	circle	green	dif	right	right	(80, 0)	(-80, 0)	search	nr	True	965701	966497	right	10	135	85	35	160	60	None	None	testing
8	wj	f	19	green	6	(80, 0)	(40, 69)	(-39, 69)	(-80, 0)	(-40, -69)	(40, -69)	diamond	green	same	right	right	(40, 69)	(-80, 0)	search	nr	True	967721	968625	right	135	60	160	110	10	35	None	None	testing
8	wj	f	19	green	6	(80, 0)	(40, 69)	(-39, 69)	(-80, 0)	(-40, -69)	(40, -69)	circle	none	dif	left	left	N_dist	(40, 69)	probe	h_tar	None	None	None	None	35	10	60	110	135	85	(40, 69)	141	testing
8	wj	f	19	green	6	(80, 0)	(40, 69)	(-39, 69)	(-80, 0)	(-40, -69)	(40, -69)	diamond	green	dif	right	right	(40, 69)	(-80, 0)	search	nr	True	975452	976066	right	135	85	60	160	110	10	None	None	testing
8	wj	f	19	green	6	(80, 0)	(40, 69)	(-39, 69)	(-80, 0)	(-40, -69)	(40, -69)	diamond	none	same	left	left	N_dist	(-39, 69)	probe	h_norm	None	None	None	None	85	135	60	110	160	35	(40, 69)	21	testing
8	wj	f	19	green	6	(80, 0)	(40, 69)	(-39, 69)	(-80, 0)	(-40, -69)	(40, -69)	circle	green	same	right	right	(40, 69)	(-39, 69)	search	nr	True	980812	981409	right	60	135	85	35	110	10	None	None	testing
8	wj	f	19	green	6	(80, 0)	(40, 69)	(-39, 69)	(-80, 0)	(-40, -69)	(40, -69)	circle	green	dif	right	right	(40, -69)	(-40, -69)	search	nr	True	982699	983425	right	110	85	60	160	135	10	None	None	testing
8	wj	f	19	green	6	(80, 0)	(40, 69)	(-39, 69)	(-80, 0)	(-40, -69)	(40, -69)	diamond	green	same	left	left	(40, 69)	(80, 0)	search	nr	True	984619	985570	left	85	10	60	135	160	35	None	None	testing
8	wj	f	19	green	6	(80, 0)	(40, 69)	(-39, 69)	(-80, 0)	(-40, -69)	(40, -69)	circle	none	dif	left	left	N_dist	(-39, 69)	probe	l_norm	None	None	None	None	135	85	60	35	110	10	(-40, -69)	161	testing
8	wj	f	19	green	6	(80, 0)	(40, 69)	(-39, 69)	(-80, 0)	(-40, -69)	(40, -69)	circle	none	same	right	right	N_dist	(80, 0)	search	nr	True	990580	991234	right	135	160	85	60	35	110	None	None	testing
8	wj	f	19	green	6	(80, 0)	(40, 69)	(-39, 69)	(-80, 0)	(-40, -69)	(40, -69)	circle	green	dif	left	left	(40, 69)	(-40, -69)	search	nr	True	992417	993234	left	110	135	10	60	35	160	None	None	testing
8	wj	f	19	green	6	(80, 0)	(40, 69)	(-39, 69)	(-80, 0)	(-40, -69)	(40, -69)	diamond	green	same	left	left	(-39, 69)	(40, -69)	search	nr	True	994471	995234	left	110	35	160	60	85	10	None	None	testing
8	wj	f	19	green	6	(80, 0)	(40, 69)	(-39, 69)	(-80, 0)	(-40, -69)	(40, -69)	circle	green	dif	left	left	(-39, 69)	(80, 0)	search	nr	True	996474	997442	left	10	60	135	160	110	35	None	None	testing
8	wj	f	19	green	6	(80, 0)	(40, 69)	(-39, 69)	(-80, 0)	(-40, -69)	(40, -69)	diamond	none	same	left	left	N_dist	(-80, 0)	search	nr	True	998695	999537	left	35	10	60	135	160	110	None	None	testing
8	wj	f	19	green	6	(80, 0)	(40, 69)	(-39, 69)	(-80, 0)	(-40, -69)	(40, -69)	circle	none	same	left	left	N_dist	(40, 69)	probe	h_tar	None	None	None	None	60	135	110	10	85	35	(40, 69)	21	testing
8	wj	f	19	green	6	(80, 0)	(40, 69)	(-39, 69)	(-80, 0)	(-40, -69)	(40, -69)	circle	none	same	left	left	N_dist	(40, 69)	search	nr	True	1007027	1007633	left	110	135	10	60	160	35	None	None	testing
8	wj	f	19	green	6	(80, 0)	(40, 69)	(-39, 69)	(-80, 0)	(-40, -69)	(40, -69)	circle	none	same	left	left	N_dist	(-39, 69)	search	nr	True	1008713	1009297	left	10	135	110	85	60	35	None	None	testing
8	wj	f	19	green	6	(80, 0)	(40, 69)	(-39, 69)	(-80, 0)	(-40, -69)	(40, -69)	circle	green	same	left	left	(40, 69)	(-40, -69)	search	nr	True	1010366	1011169	left	35	10	85	110	60	135	None	None	testing
8	wj	f	19	green	6	(80, 0)	(40, 69)	(-39, 69)	(-80, 0)	(-40, -69)	(40, -69)	diamond	green	dif	right	right	(40, 69)	(-80, 0)	probe	tar	None	None	None	None	85	110	60	135	160	35	(-80, 0)	169	testing
8	wj	f	19	green	6	(80, 0)	(40, 69)	(-39, 69)	(-80, 0)	(-40, -69)	(40, -69)	circle	green	dif	left	left	(40, 69)	(-40, -69)	probe	norm	None	None	None	None	160	135	85	60	35	110	(-39, 69)	20	testing
8	wj	f	19	green	6	(80, 0)	(40, 69)	(-39, 69)	(-80, 0)	(-40, -69)	(40, -69)	circle	green	same	left	left	(40, 69)	(-39, 69)	search	nr	True	1021103	1021713	left	85	35	10	60	160	135	None	None	testing
8	wj	f	19	green	6	(80, 0)	(40, 69)	(-39, 69)	(-80, 0)	(-40, -69)	(40, -69)	circle	green	dif	left	left	(-40, -69)	(80, 0)	search	nr	True	1022907	1023521	left	60	160	35	85	110	10	None	None	testing
8	wj	f	19	green	6	(80, 0)	(40, 69)	(-39, 69)	(-80, 0)	(-40, -69)	(40, -69)	circle	green	dif	right	right	(40, 69)	(40, -69)	search	nr	True	1024593	1025457	right	110	10	60	85	135	35	None	None	testing
8	wj	f	19	green	6	(80, 0)	(40, 69)	(-39, 69)	(-80, 0)	(-40, -69)	(40, -69)	diamond	green	dif	right	right	(-40, -69)	(-80, 0)	search	nr	True	1026680	1027745	right	60	10	135	110	85	160	None	None	testing
8	wj	f	19	green	6	(80, 0)	(40, 69)	(-39, 69)	(-80, 0)	(-40, -69)	(40, -69)	circle	green	dif	right	right	(-80, 0)	(-40, -69)	search	nr	True	1028950	1029713	right	110	10	35	60	135	160	None	None	testing
8	wj	f	19	green	6	(80, 0)	(40, 69)	(-39, 69)	(-80, 0)	(-40, -69)	(40, -69)	diamond	none	dif	left	left	N_dist	(40, -69)	search	nr	True	1030854	1031761	left	60	110	160	135	85	35	None	None	testing
8	wj	f	19	green	6	(80, 0)	(40, 69)	(-39, 69)	(-80, 0)	(-40, -69)	(40, -69)	diamond	green	dif	left	left	(40, 69)	(80, 0)	search	nr	True	1032991	1033665	left	85	135	35	10	160	110	None	None	testing
8	wj	f	19	green	6	(80, 0)	(40, 69)	(-39, 69)	(-80, 0)	(-40, -69)	(40, -69)	diamond	green	dif	right	right	(-40, -69)	(-80, 0)	probe	l_sin	None	None	None	None	85	60	10	135	160	110	(-40, -69)	162	testing
8	wj	f	19	green	6	(80, 0)	(40, 69)	(-39, 69)	(-80, 0)	(-40, -69)	(40, -69)	circle	none	dif	right	right	N_dist	(-80, 0)	search	nr	True	1038685	1039393	right	160	135	60	110	85	10	None	None	testing
8	wj	f	19	green	6	(80, 0)	(40, 69)	(-39, 69)	(-80, 0)	(-40, -69)	(40, -69)	circle	none	same	right	right	N_dist	(40, -69)	search	nr	True	1040689	1041265	right	35	85	60	10	160	110	None	None	testing
8	wj	f	19	green	6	(80, 0)	(40, 69)	(-39, 69)	(-80, 0)	(-40, -69)	(40, -69)	diamond	green	same	left	left	(-39, 69)	(-40, -69)	search	nr	True	1042559	1043522	left	35	60	110	160	10	85	None	None	testing
8	wj	f	19	green	6	(80, 0)	(40, 69)	(-39, 69)	(-80, 0)	(-40, -69)	(40, -69)	circle	green	dif	left	left	(40, 69)	(40, -69)	search	nr	True	1044713	1045296	left	35	85	160	10	135	60	None	None	testing
8	wj	f	19	green	6	(80, 0)	(40, 69)	(-39, 69)	(-80, 0)	(-40, -69)	(40, -69)	diamond	green	dif	left	left	(40, 69)	(-80, 0)	probe	tar	None	None	None	None	10	135	85	160	110	60	(-80, 0)	146	testing
8	wj	f	19	green	6	(80, 0)	(40, 69)	(-39, 69)	(-80, 0)	(-40, -69)	(40, -69)	diamond	none	dif	right	right	N_dist	(80, 0)	search	nr	True	1052143	1052738	right	35	110	60	85	135	160	None	None	testing
8	wj	f	19	green	6	(80, 0)	(40, 69)	(-39, 69)	(-80, 0)	(-40, -69)	(40, -69)	circle	green	same	left	left	(-80, 0)	(80, 0)	search	nr	True	1053829	1054592	left	60	10	85	135	110	160	None	None	testing
8	wj	f	19	green	6	(80, 0)	(40, 69)	(-39, 69)	(-80, 0)	(-40, -69)	(40, -69)	diamond	none	dif	left	left	N_dist	(-80, 0)	search	nr	True	1055683	1056913	left	110	85	60	35	160	135	None	None	testing
8	wj	f	19	green	6	(80, 0)	(40, 69)	(-39, 69)	(-80, 0)	(-40, -69)	(40, -69)	circle	green	dif	right	right	(40, -69)	(-40, -69)	probe	tar	None	None	None	None	85	135	160	110	35	60	(-40, -69)	163	testing
8	wj	f	19	green	6	(80, 0)	(40, 69)	(-39, 69)	(-80, 0)	(-40, -69)	(40, -69)	diamond	green	dif	right	right	(40, 69)	(40, -69)	search	nr	True	1062563	1063473	right	10	35	60	135	85	160	None	None	testing
8	wj	f	19	green	6	(80, 0)	(40, 69)	(-39, 69)	(-80, 0)	(-40, -69)	(40, -69)	diamond	green	same	right	right	(40, 69)	(40, -69)	probe	tar	None	None	None	None	135	85	110	10	35	60	(40, -69)	159	testing
8	wj	f	19	green	6	(80, 0)	(40, 69)	(-39, 69)	(-80, 0)	(-40, -69)	(40, -69)	diamond	green	dif	right	right	(40, 69)	(-39, 69)	search	nr	True	1068289	1069041	right	135	60	85	110	35	10	None	None	testing
8	wj	f	19	green	6	(80, 0)	(40, 69)	(-39, 69)	(-80, 0)	(-40, -69)	(40, -69)	diamond	green	dif	left	left	(40, -69)	(-80, 0)	probe	norm	None	None	None	None	35	110	135	85	10	160	(-40, -69)	168	testing
8	wj	f	19	green	6	(80, 0)	(40, 69)	(-39, 69)	(-80, 0)	(-40, -69)	(40, -69)	diamond	none	same	left	left	N_dist	(40, -69)	search	nr	True	1074184	1074785	left	85	135	35	10	160	110	None	None	testing
8	wj	f	19	green	6	(80, 0)	(40, 69)	(-39, 69)	(-80, 0)	(-40, -69)	(40, -69)	circle	green	dif	right	right	(80, 0)	(-80, 0)	probe	l_sin	None	None	None	None	135	35	160	110	85	60	(80, 0)	18	testing
8	wj	f	19	green	6	(80, 0)	(40, 69)	(-39, 69)	(-80, 0)	(-40, -69)	(40, -69)	diamond	green	same	right	right	(40, 69)	(40, -69)	probe	tar	None	None	None	None	135	10	85	110	35	160	(40, -69)	41	testing
8	wj	f	19	green	6	(80, 0)	(40, 69)	(-39, 69)	(-80, 0)	(-40, -69)	(40, -69)	diamond	green	same	right	right	(40, 69)	(-40, -69)	search	nr	True	1085087	1085889	right	135	85	160	110	35	10	None	None	testing
8	wj	f	19	green	6	(80, 0)	(40, 69)	(-39, 69)	(-80, 0)	(-40, -69)	(40, -69)	diamond	green	same	right	right	(40, 69)	(40, -69)	search	nr	True	1087074	1087681	right	135	35	85	60	10	160	None	None	testing
8	wj	f	19	green	6	(80, 0)	(40, 69)	(-39, 69)	(-80, 0)	(-40, -69)	(40, -69)	diamond	green	same	right	right	(40, 69)	(40, -69)	search	nr	True	1088794	1089345	right	135	60	160	85	10	35	None	None	testing
8	wj	f	19	green	6	(80, 0)	(40, 69)	(-39, 69)	(-80, 0)	(-40, -69)	(40, -69)	circle	none	dif	left	left	N_dist	(40, 69)	search	nr	True	1090564	1091425	left	85	110	160	60	135	10	None	None	testing
8	wj	f	19	green	6	(80, 0)	(40, 69)	(-39, 69)	(-80, 0)	(-40, -69)	(40, -69)	circle	green	dif	right	right	(40, -69)	(-40, -69)	search	nr	True	1092500	1093393	right	10	160	35	110	60	135	None	None	testing
8	wj	f	19	green	6	(80, 0)	(40, 69)	(-39, 69)	(-80, 0)	(-40, -69)	(40, -69)	circle	none	same	right	right	N_dist	(40, -69)	probe	l_tar	None	None	None	None	160	35	135	85	110	10	(40, -69)	60	testing
