subj	name	gender	age	dist	run	tar_locs1	tar_locs2	tar_locs3	tar_locs4	tar_locs5	tar_locs6	shape	dist	td_dif	detection	resp_key	dis_loc	tar_loc	task_type	probe_cond	gotKey	startTime	respTime	resp	o1	o2	o3	o4	o5	o6	pro_loc	ori_resp	mode
8	wj	f	19	green	Le	(80, 0)	(40, 69)	(-39, 69)	(-80, 0)	(-40, -69)	(40, -69)	circle	green	dif	left	left	(40, 69)	(-40, -69)	search	nr	True	245264	246370	right	85	35	160	10	60	135	None	None	practice
8	wj	f	19	green	Le	(80, 0)	(40, 69)	(-39, 69)	(-80, 0)	(-40, -69)	(40, -69)	diamond	green	same	left	left	(-40, -69)	(-80, 0)	search	nr	True	249137	251393	left	60	135	85	10	160	110	None	None	practice
8	wj	f	19	green	Le	(80, 0)	(40, 69)	(-39, 69)	(-80, 0)	(-40, -69)	(40, -69)	diamond	green	dif	right	right	(40, 69)	(-39, 69)	search	nr	True	252493	253906	right	160	10	35	85	135	110	None	None	practice
8	wj	f	19	green	Le	(80, 0)	(40, 69)	(-39, 69)	(-80, 0)	(-40, -69)	(40, -69)	diamond	green	same	right	right	(-80, 0)	(-39, 69)	search	nr	True	255115	256386	right	10	85	160	135	60	35	None	None	practice
8	wj	f	19	green	Le	(80, 0)	(40, 69)	(-39, 69)	(-80, 0)	(-40, -69)	(40, -69)	diamond	green	dif	left	left	(-40, -69)	(80, 0)	search	nr	True	257686	258674	left	160	110	10	35	85	60	None	None	practice
8	wj	f	19	green	Le	(80, 0)	(40, 69)	(-39, 69)	(-80, 0)	(-40, -69)	(40, -69)	circle	green	same	right	right	(40, 69)	(-39, 69)	search	nr	True	259840	260961	right	110	160	135	85	60	35	None	None	practice
8	wj	f	19	green	Le	(80, 0)	(40, 69)	(-39, 69)	(-80, 0)	(-40, -69)	(40, -69)	circle	none	dif	right	right	N_dist	(40, 69)	search	nr	True	262027	263202	right	160	35	110	135	85	60	None	None	practice
8	wj	f	19	green	Le	(80, 0)	(40, 69)	(-39, 69)	(-80, 0)	(-40, -69)	(40, -69)	circle	green	same	right	right	(40, 69)	(-80, 0)	search	nr	True	264499	266146	right	110	35	160	85	135	10	None	None	practice
8	wj	f	19	green	Le	(80, 0)	(40, 69)	(-39, 69)	(-80, 0)	(-40, -69)	(40, -69)	diamond	none	same	right	right	N_dist	(40, -69)	search	nr	True	267287	268497	right	60	10	110	135	85	160	None	None	practice
8	wj	f	19	green	Le	(80, 0)	(40, 69)	(-39, 69)	(-80, 0)	(-40, -69)	(40, -69)	diamond	green	dif	right	right	(-39, 69)	(40, -69)	search	nr	True	269741	270786	right	35	10	135	110	60	160	None	None	practice
8	wj	f	19	green	Le	(80, 0)	(40, 69)	(-39, 69)	(-80, 0)	(-40, -69)	(40, -69)	circle	green	same	left	left	(40, 69)	(-39, 69)	search	nr	True	272062	273521	left	160	110	135	35	85	60	None	None	practice
8	wj	f	19	green	Le	(80, 0)	(40, 69)	(-39, 69)	(-80, 0)	(-40, -69)	(40, -69)	circle	green	dif	right	right	(-39, 69)	(80, 0)	search	nr	True	274751	275714	right	110	10	35	160	135	85	None	None	practice
8	wj	f	19	green	Le	(80, 0)	(40, 69)	(-39, 69)	(-80, 0)	(-40, -69)	(40, -69)	diamond	green	dif	left	left	(-40, -69)	(-39, 69)	search	nr	True	276788	277793	left	60	135	35	85	10	160	None	None	practice
8	wj	f	19	green	Le	(80, 0)	(40, 69)	(-39, 69)	(-80, 0)	(-40, -69)	(40, -69)	diamond	none	dif	left	left	N_dist	(40, 69)	search	nr	True	279075	280017	left	110	60	160	135	10	35	None	None	practice
8	wj	f	19	green	Le	(80, 0)	(40, 69)	(-39, 69)	(-80, 0)	(-40, -69)	(40, -69)	diamond	green	dif	left	left	(-40, -69)	(-39, 69)	search	nr	True	281096	281970	left	110	60	35	160	85	135	None	None	practice
8	wj	f	19	green	Le	(80, 0)	(40, 69)	(-39, 69)	(-80, 0)	(-40, -69)	(40, -69)	diamond	green	same	right	right	(-80, 0)	(-39, 69)	search	nr	True	283050	284386	right	10	110	35	135	160	85	None	None	practice
8	wj	f	19	green	Le	(80, 0)	(40, 69)	(-39, 69)	(-80, 0)	(-40, -69)	(40, -69)	circle	green	same	right	right	(40, 69)	(40, -69)	search	nr	True	285537	286641	right	35	60	110	135	10	85	None	None	practice
8	wj	f	19	green	Le	(80, 0)	(40, 69)	(-39, 69)	(-80, 0)	(-40, -69)	(40, -69)	circle	none	dif	left	left	N_dist	(-39, 69)	search	nr	True	287891	288561	left	60	160	135	110	85	10	None	None	practice
8	wj	f	19	green	Le	(80, 0)	(40, 69)	(-39, 69)	(-80, 0)	(-40, -69)	(40, -69)	diamond	green	same	right	right	(40, 69)	(40, -69)	search	nr	True	289728	290481	right	10	160	110	35	85	60	None	None	practice
8	wj	f	19	green	Le	(80, 0)	(40, 69)	(-39, 69)	(-80, 0)	(-40, -69)	(40, -69)	diamond	none	same	left	left	N_dist	(80, 0)	search	nr	True	291682	292610	left	10	160	35	110	85	60	None	None	practice
8	wj	f	19	green	Le	(80, 0)	(40, 69)	(-39, 69)	(-80, 0)	(-40, -69)	(40, -69)	circle	green	same	right	right	(40, 69)	(-39, 69)	search	nr	True	293919	295010	left	160	110	60	35	135	85	None	None	practice
8	wj	f	19	green	Le	(80, 0)	(40, 69)	(-39, 69)	(-80, 0)	(-40, -69)	(40, -69)	circle	none	dif	left	left	N_dist	(40, -69)	search	nr	True	297760	298897	left	85	160	10	135	110	35	None	None	practice
8	wj	f	19	green	Le	(80, 0)	(40, 69)	(-39, 69)	(-80, 0)	(-40, -69)	(40, -69)	diamond	green	dif	left	left	(80, 0)	(40, -69)	search	nr	True	300014	301089	left	110	35	160	135	10	85	None	None	practice
8	wj	f	19	green	Le	(80, 0)	(40, 69)	(-39, 69)	(-80, 0)	(-40, -69)	(40, -69)	diamond	green	same	left	left	(-40, -69)	(-80, 0)	search	nr	True	302385	303538	left	135	160	85	10	35	60	None	None	practice
8	wj	f	19	green	Le	(80, 0)	(40, 69)	(-39, 69)	(-80, 0)	(-40, -69)	(40, -69)	diamond	none	dif	right	right	N_dist	(-39, 69)	search	nr	True	304757	305538	right	135	85	10	160	60	110	None	None	practice
8	wj	f	19	green	Le	(80, 0)	(40, 69)	(-39, 69)	(-80, 0)	(-40, -69)	(40, -69)	diamond	green	dif	left	left	(40, 69)	(-39, 69)	search	nr	True	306726	307474	left	160	85	110	10	35	60	None	None	practice
8	wj	f	19	green	Le	(80, 0)	(40, 69)	(-39, 69)	(-80, 0)	(-40, -69)	(40, -69)	circle	green	same	right	right	(-80, 0)	(-39, 69)	search	nr	True	308696	310674	right	85	135	35	110	10	60	None	None	practice
8	wj	f	19	green	Le	(80, 0)	(40, 69)	(-39, 69)	(-80, 0)	(-40, -69)	(40, -69)	diamond	none	dif	right	right	N_dist	(-40, -69)	search	nr	True	311886	312882	right	110	85	135	160	35	60	None	None	practice
8	wj	f	19	green	Le	(80, 0)	(40, 69)	(-39, 69)	(-80, 0)	(-40, -69)	(40, -69)	diamond	none	dif	right	right	N_dist	(-40, -69)	search	nr	True	313956	314882	right	160	35	60	85	10	135	None	None	practice
8	wj	f	19	green	Le	(80, 0)	(40, 69)	(-39, 69)	(-80, 0)	(-40, -69)	(40, -69)	circle	none	same	left	left	N_dist	(-39, 69)	search	nr	True	316127	317409	left	135	60	35	160	85	10	None	None	practice
8	wj	f	19	green	Le	(80, 0)	(40, 69)	(-39, 69)	(-80, 0)	(-40, -69)	(40, -69)	circle	green	same	right	right	(-39, 69)	(40, -69)	search	nr	True	318498	319282	right	60	160	110	35	10	135	None	None	practice
8	wj	f	19	green	Le	(80, 0)	(40, 69)	(-39, 69)	(-80, 0)	(-40, -69)	(40, -69)	circle	none	same	right	right	N_dist	(40, -69)	search	nr	True	320385	321042	right	10	85	160	60	110	35	None	None	practice
8	wj	f	19	green	Le	(80, 0)	(40, 69)	(-39, 69)	(-80, 0)	(-40, -69)	(40, -69)	circle	none	same	right	right	N_dist	(40, 69)	search	nr	True	322255	323282	right	135	35	110	85	10	160	None	None	practice
8	wj	f	19	green	Le	(80, 0)	(40, 69)	(-39, 69)	(-80, 0)	(-40, -69)	(40, -69)	diamond	green	same	right	right	(40, 69)	(-40, -69)	search	nr	True	324358	325426	left	110	10	160	35	135	60	None	None	practice
8	wj	f	19	green	Le	(80, 0)	(40, 69)	(-39, 69)	(-80, 0)	(-40, -69)	(40, -69)	circle	green	same	left	left	(40, 69)	(80, 0)	search	nr	True	328249	329618	left	35	85	110	160	60	135	None	None	practice
8	wj	f	19	green	Le	(80, 0)	(40, 69)	(-39, 69)	(-80, 0)	(-40, -69)	(40, -69)	circle	green	same	left	left	(40, 69)	(-39, 69)	search	nr	True	330904	333313	left	10	35	60	85	160	110	None	None	practice
8	wj	f	19	green	Le	(80, 0)	(40, 69)	(-39, 69)	(-80, 0)	(-40, -69)	(40, -69)	circle	green	same	left	left	(40, 69)	(40, -69)	search	nr	True	334377	335890	left	60	110	135	35	85	10	None	None	practice
8	wj	f	19	green	Le	(80, 0)	(40, 69)	(-39, 69)	(-80, 0)	(-40, -69)	(40, -69)	circle	green	dif	right	right	(40, 69)	(-39, 69)	search	nr	True	336998	338466	right	35	60	135	85	110	160	None	None	practice
8	wj	f	19	green	Le	(80, 0)	(40, 69)	(-39, 69)	(-80, 0)	(-40, -69)	(40, -69)	circle	none	dif	right	right	N_dist	(80, 0)	search	nr	True	339570	340594	right	35	85	160	135	110	60	None	None	practice
8	wj	f	19	green	Le	(80, 0)	(40, 69)	(-39, 69)	(-80, 0)	(-40, -69)	(40, -69)	diamond	none	same	left	left	N_dist	(40, -69)	search	nr	True	341857	342705	left	60	160	135	35	110	10	None	None	practice
8	wj	f	19	green	Le	(80, 0)	(40, 69)	(-39, 69)	(-80, 0)	(-40, -69)	(40, -69)	circle	green	same	right	right	(40, 69)	(80, 0)	search	nr	True	397025	398017	right	60	110	160	10	135	85	None	None	testing
8	wj	f	19	green	Le	(80, 0)	(40, 69)	(-39, 69)	(-80, 0)	(-40, -69)	(40, -69)	diamond	green	dif	right	right	(40, 69)	(-40, -69)	search	nr	True	399213	399970	right	60	35	135	85	160	10	None	None	testing
8	wj	f	19	green	Le	(80, 0)	(40, 69)	(-39, 69)	(-80, 0)	(-40, -69)	(40, -69)	diamond	none	dif	right	right	N_dist	(-40, -69)	search	nr	True	401200	401890	right	60	10	85	110	135	160	None	None	testing
8	wj	f	19	green	Le	(80, 0)	(40, 69)	(-39, 69)	(-80, 0)	(-40, -69)	(40, -69)	diamond	green	dif	right	right	(80, 0)	(-80, 0)	search	nr	True	403036	403794	right	35	135	110	85	160	60	None	None	testing
8	wj	f	19	green	Le	(80, 0)	(40, 69)	(-39, 69)	(-80, 0)	(-40, -69)	(40, -69)	diamond	green	dif	left	left	(40, 69)	(-80, 0)	search	nr	True	404957	405777	left	60	10	35	135	160	85	None	None	testing
8	wj	f	19	green	Le	(80, 0)	(40, 69)	(-39, 69)	(-80, 0)	(-40, -69)	(40, -69)	circle	green	same	left	left	(40, 69)	(-39, 69)	search	nr	True	406960	408689	right	110	135	85	10	160	35	None	None	testing
8	wj	f	19	green	Le	(80, 0)	(40, 69)	(-39, 69)	(-80, 0)	(-40, -69)	(40, -69)	circle	green	same	right	right	(40, 69)	(80, 0)	search	nr	True	411335	412513	right	35	60	85	10	110	135	None	None	testing
8	wj	f	19	green	Le	(80, 0)	(40, 69)	(-39, 69)	(-80, 0)	(-40, -69)	(40, -69)	diamond	none	same	left	left	N_dist	(-80, 0)	search	nr	True	413723	414529	left	10	110	135	35	85	60	None	None	testing
8	wj	f	19	green	Le	(80, 0)	(40, 69)	(-39, 69)	(-80, 0)	(-40, -69)	(40, -69)	circle	green	dif	left	left	(80, 0)	(-80, 0)	search	nr	True	415776	416754	left	135	60	35	85	110	160	None	None	testing
8	wj	f	19	green	Le	(80, 0)	(40, 69)	(-39, 69)	(-80, 0)	(-40, -69)	(40, -69)	diamond	green	same	right	right	(-40, -69)	(-39, 69)	search	nr	True	417997	418930	right	110	85	35	160	60	10	None	None	testing
8	wj	f	19	green	Le	(80, 0)	(40, 69)	(-39, 69)	(-80, 0)	(-40, -69)	(40, -69)	circle	none	dif	left	left	N_dist	(40, -69)	search	nr	True	420085	421090	left	35	160	135	110	10	85	None	None	testing
8	wj	f	19	green	Le	(80, 0)	(40, 69)	(-39, 69)	(-80, 0)	(-40, -69)	(40, -69)	circle	green	same	left	left	(40, 69)	(-39, 69)	search	nr	True	422355	423554	left	85	10	135	60	110	160	None	None	testing
8	wj	f	19	green	Le	(80, 0)	(40, 69)	(-39, 69)	(-80, 0)	(-40, -69)	(40, -69)	circle	green	same	left	left	(40, 69)	(40, -69)	search	nr	True	424760	425697	left	110	10	60	135	160	35	None	None	testing
8	wj	f	19	green	Le	(80, 0)	(40, 69)	(-39, 69)	(-80, 0)	(-40, -69)	(40, -69)	circle	green	same	right	right	(40, 69)	(80, 0)	search	nr	True	426813	427794	right	110	60	35	10	135	85	None	None	testing
8	wj	f	19	green	Le	(80, 0)	(40, 69)	(-39, 69)	(-80, 0)	(-40, -69)	(40, -69)	circle	green	dif	left	left	(-40, -69)	(-39, 69)	search	nr	True	428984	430225	left	110	35	85	10	160	60	None	None	testing
8	wj	f	19	green	Le	(80, 0)	(40, 69)	(-39, 69)	(-80, 0)	(-40, -69)	(40, -69)	circle	none	dif	right	right	N_dist	(40, 69)	search	nr	True	431522	432481	right	135	35	60	160	85	110	None	None	testing
8	wj	f	19	green	Le	(80, 0)	(40, 69)	(-39, 69)	(-80, 0)	(-40, -69)	(40, -69)	diamond	green	dif	left	left	(40, 69)	(80, 0)	search	nr	True	433576	434674	left	35	60	110	135	85	160	None	None	testing
8	wj	f	19	green	Le	(80, 0)	(40, 69)	(-39, 69)	(-80, 0)	(-40, -69)	(40, -69)	circle	green	same	right	right	(40, 69)	(-39, 69)	search	nr	True	435964	436802	right	60	10	160	135	110	35	None	None	testing
8	wj	f	19	green	Le	(80, 0)	(40, 69)	(-39, 69)	(-80, 0)	(-40, -69)	(40, -69)	diamond	green	same	left	left	(80, 0)	(40, -69)	search	nr	True	438051	439122	left	35	160	110	85	10	135	None	None	testing
8	wj	f	19	green	Le	(80, 0)	(40, 69)	(-39, 69)	(-80, 0)	(-40, -69)	(40, -69)	circle	green	dif	left	left	(40, 69)	(-80, 0)	search	nr	True	440205	441153	left	160	60	35	85	10	110	None	None	testing
8	wj	f	19	green	Le	(80, 0)	(40, 69)	(-39, 69)	(-80, 0)	(-40, -69)	(40, -69)	circle	none	same	left	left	N_dist	(-40, -69)	search	nr	True	442426	443441	left	85	35	60	10	135	110	None	None	testing
8	wj	f	19	green	Le	(80, 0)	(40, 69)	(-39, 69)	(-80, 0)	(-40, -69)	(40, -69)	diamond	green	same	left	left	(-40, -69)	(-80, 0)	search	nr	True	444529	445874	left	10	60	135	110	35	85	None	None	testing
8	wj	f	19	green	Le	(80, 0)	(40, 69)	(-39, 69)	(-80, 0)	(-40, -69)	(40, -69)	diamond	green	dif	right	right	(40, 69)	(80, 0)	search	nr	True	446984	447890	right	10	85	35	60	110	160	None	None	testing
8	wj	f	19	green	Le	(80, 0)	(40, 69)	(-39, 69)	(-80, 0)	(-40, -69)	(40, -69)	diamond	green	same	right	right	(80, 0)	(-39, 69)	search	nr	True	449104	450098	right	10	160	60	85	35	110	None	None	testing
8	wj	f	19	green	Le	(80, 0)	(40, 69)	(-39, 69)	(-80, 0)	(-40, -69)	(40, -69)	circle	green	dif	right	right	(-39, 69)	(80, 0)	search	nr	True	451342	452577	right	60	160	10	135	110	35	None	None	testing
8	wj	f	19	green	Le	(80, 0)	(40, 69)	(-39, 69)	(-80, 0)	(-40, -69)	(40, -69)	circle	green	same	right	right	(40, 69)	(-39, 69)	search	nr	True	453680	454514	right	85	35	10	110	160	60	None	None	testing
8	wj	f	19	green	Le	(80, 0)	(40, 69)	(-39, 69)	(-80, 0)	(-40, -69)	(40, -69)	circle	none	dif	left	left	N_dist	(40, -69)	search	nr	True	455667	456401	left	60	35	135	110	160	10	None	None	testing
8	wj	f	19	green	Le	(80, 0)	(40, 69)	(-39, 69)	(-80, 0)	(-40, -69)	(40, -69)	diamond	none	dif	left	left	N_dist	(40, 69)	search	nr	True	457537	458529	left	35	135	160	110	60	10	None	None	testing
8	wj	f	19	green	Le	(80, 0)	(40, 69)	(-39, 69)	(-80, 0)	(-40, -69)	(40, -69)	circle	green	dif	left	left	(40, 69)	(-80, 0)	search	nr	True	459657	461138	left	110	160	60	10	35	85	None	None	testing
8	wj	f	19	green	Le	(80, 0)	(40, 69)	(-39, 69)	(-80, 0)	(-40, -69)	(40, -69)	diamond	none	dif	left	left	N_dist	(80, 0)	search	nr	True	462346	463313	left	160	85	60	35	10	110	None	None	testing
8	wj	f	19	green	Le	(80, 0)	(40, 69)	(-39, 69)	(-80, 0)	(-40, -69)	(40, -69)	circle	green	same	left	left	(40, 69)	(-40, -69)	search	nr	True	464482	465682	left	10	135	60	110	160	85	None	None	testing
8	wj	f	19	green	Le	(80, 0)	(40, 69)	(-39, 69)	(-80, 0)	(-40, -69)	(40, -69)	circle	green	same	right	right	(-80, 0)	(-39, 69)	search	nr	True	466754	467937	right	60	160	135	10	85	35	None	None	testing
8	wj	f	19	green	Le	(80, 0)	(40, 69)	(-39, 69)	(-80, 0)	(-40, -69)	(40, -69)	diamond	green	dif	left	left	(40, 69)	(-39, 69)	search	nr	True	469074	470626	left	85	135	35	110	160	10	None	None	testing
8	wj	f	19	green	Le	(80, 0)	(40, 69)	(-39, 69)	(-80, 0)	(-40, -69)	(40, -69)	circle	green	dif	left	left	(-40, -69)	(-39, 69)	search	nr	True	471880	473474	left	60	110	85	10	160	35	None	None	testing
8	wj	f	19	green	Le	(80, 0)	(40, 69)	(-39, 69)	(-80, 0)	(-40, -69)	(40, -69)	circle	green	dif	right	right	(40, 69)	(-40, -69)	search	nr	True	474651	475633	right	60	110	160	10	135	35	None	None	testing
8	wj	f	19	green	Le	(80, 0)	(40, 69)	(-39, 69)	(-80, 0)	(-40, -69)	(40, -69)	diamond	green	same	right	right	(-39, 69)	(80, 0)	search	nr	True	476756	477857	right	135	85	160	35	10	110	None	None	testing
8	wj	f	19	green	Le	(80, 0)	(40, 69)	(-39, 69)	(-80, 0)	(-40, -69)	(40, -69)	circle	green	same	left	left	(40, 69)	(-40, -69)	search	nr	True	479043	479874	left	160	10	135	110	60	85	None	None	testing
8	wj	f	19	green	Le	(80, 0)	(40, 69)	(-39, 69)	(-80, 0)	(-40, -69)	(40, -69)	diamond	none	same	right	right	N_dist	(40, -69)	search	nr	True	481030	481985	right	135	110	10	85	160	60	None	None	testing
8	wj	f	19	green	Le	(80, 0)	(40, 69)	(-39, 69)	(-80, 0)	(-40, -69)	(40, -69)	circle	green	same	right	right	(40, 69)	(-80, 0)	search	nr	True	483100	484193	right	60	160	135	85	10	110	None	None	testing
8	wj	f	19	green	Le	(80, 0)	(40, 69)	(-39, 69)	(-80, 0)	(-40, -69)	(40, -69)	diamond	green	same	left	left	(-80, 0)	(-39, 69)	search	nr	True	485354	486609	left	60	135	160	35	10	110	None	None	testing
8	wj	f	19	green	Le	(80, 0)	(40, 69)	(-39, 69)	(-80, 0)	(-40, -69)	(40, -69)	diamond	green	dif	right	right	(40, -69)	(-40, -69)	search	nr	True	487876	488913	right	10	60	110	160	135	85	None	None	testing
8	wj	f	19	green	Le	(80, 0)	(40, 69)	(-39, 69)	(-80, 0)	(-40, -69)	(40, -69)	diamond	none	same	left	left	N_dist	(80, 0)	search	nr	True	490163	491329	left	10	135	35	85	160	60	None	None	testing
8	wj	f	19	green	Le	(80, 0)	(40, 69)	(-39, 69)	(-80, 0)	(-40, -69)	(40, -69)	circle	green	dif	left	left	(-40, -69)	(-39, 69)	search	nr	True	492585	493569	left	85	60	110	10	160	135	None	None	testing
8	wj	f	19	green	Le	(80, 0)	(40, 69)	(-39, 69)	(-80, 0)	(-40, -69)	(40, -69)	diamond	none	same	right	right	N_dist	(80, 0)	search	nr	True	494738	495569	right	160	110	10	85	35	60	None	None	testing
8	wj	f	19	green	Le	(80, 0)	(40, 69)	(-39, 69)	(-80, 0)	(-40, -69)	(40, -69)	circle	green	dif	left	left	(-40, -69)	(-39, 69)	search	nr	True	496658	497985	left	135	85	110	160	60	10	None	None	testing
8	wj	f	19	green	Le	(80, 0)	(40, 69)	(-39, 69)	(-80, 0)	(-40, -69)	(40, -69)	diamond	none	same	right	right	N_dist	(80, 0)	search	nr	True	499080	499874	right	85	35	60	160	135	10	None	None	testing
8	wj	f	19	green	Le	(80, 0)	(40, 69)	(-39, 69)	(-80, 0)	(-40, -69)	(40, -69)	diamond	none	dif	left	left	N_dist	(-39, 69)	search	nr	True	501150	502737	left	135	110	160	85	35	60	None	None	testing
8	wj	f	19	green	Le	(80, 0)	(40, 69)	(-39, 69)	(-80, 0)	(-40, -69)	(40, -69)	diamond	none	same	left	left	N_dist	(40, -69)	search	nr	True	503889	504802	left	85	35	160	60	10	135	None	None	testing
8	wj	f	19	green	Le	(80, 0)	(40, 69)	(-39, 69)	(-80, 0)	(-40, -69)	(40, -69)	circle	green	same	right	right	(40, 69)	(-80, 0)	search	nr	True	505992	506897	right	85	10	135	60	35	160	None	None	testing
8	wj	f	19	green	Le	(80, 0)	(40, 69)	(-39, 69)	(-80, 0)	(-40, -69)	(40, -69)	circle	green	dif	left	left	(-40, -69)	(-39, 69)	search	nr	True	508146	509554	left	60	110	85	35	160	135	None	None	testing
8	wj	f	19	green	Le	(80, 0)	(40, 69)	(-39, 69)	(-80, 0)	(-40, -69)	(40, -69)	circle	green	dif	right	right	(-39, 69)	(80, 0)	search	nr	True	510617	511521	right	85	160	10	60	110	135	None	None	testing
8	wj	f	19	green	Le	(80, 0)	(40, 69)	(-39, 69)	(-80, 0)	(-40, -69)	(40, -69)	diamond	green	dif	right	right	(-39, 69)	(40, -69)	search	nr	True	512588	513601	right	160	35	85	10	135	60	None	None	testing
8	wj	f	19	green	Le	(80, 0)	(40, 69)	(-39, 69)	(-80, 0)	(-40, -69)	(40, -69)	diamond	green	same	left	left	(-80, 0)	(-40, -69)	search	nr	True	514808	516145	left	160	85	110	135	60	10	None	None	testing
8	wj	f	19	green	Le	(80, 0)	(40, 69)	(-39, 69)	(-80, 0)	(-40, -69)	(40, -69)	diamond	green	same	left	left	(-80, 0)	(-39, 69)	search	nr	True	517347	518561	left	110	160	60	35	135	10	None	None	testing
8	wj	f	19	green	Le	(80, 0)	(40, 69)	(-39, 69)	(-80, 0)	(-40, -69)	(40, -69)	circle	none	same	left	left	N_dist	(-40, -69)	search	nr	True	519634	520993	left	135	60	110	85	35	10	None	None	testing
8	wj	f	19	green	Le	(80, 0)	(40, 69)	(-39, 69)	(-80, 0)	(-40, -69)	(40, -69)	diamond	none	same	right	right	N_dist	(40, -69)	search	nr	True	522139	522834	right	160	110	135	85	10	60	None	None	testing
8	wj	f	19	green	Le	(80, 0)	(40, 69)	(-39, 69)	(-80, 0)	(-40, -69)	(40, -69)	diamond	green	dif	left	left	(40, 69)	(80, 0)	search	nr	True	524076	525634	left	10	85	35	160	135	110	None	None	testing
8	wj	f	19	green	Le	(80, 0)	(40, 69)	(-39, 69)	(-80, 0)	(-40, -69)	(40, -69)	circle	green	dif	right	right	(40, 69)	(-40, -69)	search	nr	True	526914	528225	right	110	35	10	135	160	60	None	None	testing
8	wj	f	19	green	Le	(80, 0)	(40, 69)	(-39, 69)	(-80, 0)	(-40, -69)	(40, -69)	diamond	green	dif	right	right	(40, 69)	(-39, 69)	search	nr	True	529419	530674	right	10	135	35	85	60	160	None	None	testing
8	wj	f	19	green	Le	(80, 0)	(40, 69)	(-39, 69)	(-80, 0)	(-40, -69)	(40, -69)	circle	green	dif	right	right	(40, -69)	(80, 0)	search	nr	True	531840	533392	right	110	35	135	10	160	60	None	None	testing
8	wj	f	19	green	Le	(80, 0)	(40, 69)	(-39, 69)	(-80, 0)	(-40, -69)	(40, -69)	circle	green	same	left	left	(40, 69)	(-39, 69)	search	nr	True	534662	535554	left	60	110	35	85	135	10	None	None	testing
8	wj	f	19	green	Le	(80, 0)	(40, 69)	(-39, 69)	(-80, 0)	(-40, -69)	(40, -69)	diamond	green	same	right	right	(-80, 0)	(-39, 69)	search	nr	True	536815	537970	right	110	85	35	60	160	10	None	None	testing
8	wj	f	19	green	Le	(80, 0)	(40, 69)	(-39, 69)	(-80, 0)	(-40, -69)	(40, -69)	diamond	green	same	right	right	(40, 69)	(40, -69)	search	nr	True	539120	540001	right	10	35	135	85	60	110	None	None	testing
8	wj	f	19	green	Le	(80, 0)	(40, 69)	(-39, 69)	(-80, 0)	(-40, -69)	(40, -69)	diamond	green	same	right	right	(40, 69)	(-40, -69)	search	nr	True	541190	541970	right	160	85	35	110	135	10	None	None	testing
8	wj	f	19	green	Le	(80, 0)	(40, 69)	(-39, 69)	(-80, 0)	(-40, -69)	(40, -69)	circle	none	same	right	right	N_dist	(-80, 0)	search	nr	True	543261	544145	right	135	110	60	10	160	35	None	None	testing
8	wj	f	19	green	Le	(80, 0)	(40, 69)	(-39, 69)	(-80, 0)	(-40, -69)	(40, -69)	circle	none	same	left	left	N_dist	(-80, 0)	search	nr	True	545415	546225	left	60	35	110	10	160	135	None	None	testing
8	wj	f	19	green	Le	(80, 0)	(40, 69)	(-39, 69)	(-80, 0)	(-40, -69)	(40, -69)	circle	green	same	left	left	(40, 69)	(-40, -69)	search	nr	True	547419	548433	left	35	60	160	110	10	135	None	None	testing
8	wj	f	19	green	Le	(80, 0)	(40, 69)	(-39, 69)	(-80, 0)	(-40, -69)	(40, -69)	diamond	green	same	left	left	(40, 69)	(-40, -69)	search	nr	True	549673	550577	left	160	110	135	60	10	85	None	None	testing
8	wj	f	19	green	Le	(80, 0)	(40, 69)	(-39, 69)	(-80, 0)	(-40, -69)	(40, -69)	circle	green	dif	left	left	(-40, -69)	(-39, 69)	search	nr	True	551844	553361	left	85	160	110	35	135	60	None	None	testing
8	wj	f	19	green	Le	(80, 0)	(40, 69)	(-39, 69)	(-80, 0)	(-40, -69)	(40, -69)	circle	green	dif	right	right	(40, -69)	(-80, 0)	search	nr	True	554481	555441	right	110	160	85	10	60	35	None	None	testing
8	wj	f	19	green	Le	(80, 0)	(40, 69)	(-39, 69)	(-80, 0)	(-40, -69)	(40, -69)	circle	green	same	right	right	(40, 69)	(-80, 0)	search	nr	True	556586	557617	right	60	10	35	110	135	85	None	None	testing
8	wj	f	19	green	Le	(80, 0)	(40, 69)	(-39, 69)	(-80, 0)	(-40, -69)	(40, -69)	circle	none	same	right	right	N_dist	(-80, 0)	search	nr	True	558856	560001	right	10	60	160	35	85	135	None	None	testing
8	wj	f	19	green	Le	(80, 0)	(40, 69)	(-39, 69)	(-80, 0)	(-40, -69)	(40, -69)	diamond	green	same	right	right	(40, 69)	(-80, 0)	search	nr	True	561211	562689	right	85	160	60	110	135	35	None	None	testing
8	wj	f	19	green	Le	(80, 0)	(40, 69)	(-39, 69)	(-80, 0)	(-40, -69)	(40, -69)	diamond	none	same	left	left	N_dist	(-80, 0)	search	nr	True	563966	564722	left	35	135	85	10	60	110	None	None	testing
8	wj	f	19	green	Le	(80, 0)	(40, 69)	(-39, 69)	(-80, 0)	(-40, -69)	(40, -69)	diamond	green	dif	left	left	(40, 69)	(-39, 69)	search	nr	True	566019	567232	left	135	110	60	85	160	35	None	None	testing
8	wj	f	19	green	Le	(80, 0)	(40, 69)	(-39, 69)	(-80, 0)	(-40, -69)	(40, -69)	diamond	green	dif	right	right	(40, 69)	(-40, -69)	search	nr	True	568391	569505	right	60	85	10	135	160	110	None	None	testing
8	wj	f	19	green	Le	(80, 0)	(40, 69)	(-39, 69)	(-80, 0)	(-40, -69)	(40, -69)	diamond	none	same	right	right	N_dist	(80, 0)	search	nr	True	570661	571473	right	160	85	135	110	35	60	None	None	testing
8	wj	f	19	green	Le	(80, 0)	(40, 69)	(-39, 69)	(-80, 0)	(-40, -69)	(40, -69)	diamond	green	same	right	right	(40, 69)	(-80, 0)	search	nr	True	572766	573457	right	60	85	35	110	135	160	None	None	testing
8	wj	f	19	green	Le	(80, 0)	(40, 69)	(-39, 69)	(-80, 0)	(-40, -69)	(40, -69)	circle	green	same	left	left	(80, 0)	(40, -69)	search	nr	True	574685	575777	left	85	135	60	110	10	35	None	None	testing
8	wj	f	19	green	Le	(80, 0)	(40, 69)	(-39, 69)	(-80, 0)	(-40, -69)	(40, -69)	diamond	green	dif	right	right	(40, -69)	(80, 0)	search	nr	True	576939	578033	right	35	85	110	160	10	135	None	None	testing
8	wj	f	19	green	Le	(80, 0)	(40, 69)	(-39, 69)	(-80, 0)	(-40, -69)	(40, -69)	circle	green	dif	left	left	(40, 69)	(-80, 0)	search	nr	True	579327	580865	left	160	85	10	60	35	110	None	None	testing
8	wj	f	19	green	Le	(80, 0)	(40, 69)	(-39, 69)	(-80, 0)	(-40, -69)	(40, -69)	circle	green	dif	right	right	(40, 69)	(80, 0)	search	nr	True	582099	582785	right	10	85	110	160	135	35	None	None	testing
8	wj	f	19	green	Le	(80, 0)	(40, 69)	(-39, 69)	(-80, 0)	(-40, -69)	(40, -69)	circle	none	same	right	right	N_dist	(-40, -69)	search	nr	True	583952	584722	right	135	35	85	160	10	110	None	None	testing
8	wj	f	19	green	Le	(80, 0)	(40, 69)	(-39, 69)	(-80, 0)	(-40, -69)	(40, -69)	diamond	green	dif	right	right	(40, 69)	(-39, 69)	search	nr	True	585956	587025	right	60	85	10	110	135	160	None	None	testing
8	wj	f	19	green	Le	(80, 0)	(40, 69)	(-39, 69)	(-80, 0)	(-40, -69)	(40, -69)	diamond	green	same	right	right	(40, -69)	(-80, 0)	search	nr	True	588110	589281	right	135	35	110	60	160	85	None	None	testing
8	wj	f	19	green	Le	(80, 0)	(40, 69)	(-39, 69)	(-80, 0)	(-40, -69)	(40, -69)	diamond	green	dif	left	left	(-40, -69)	(-39, 69)	search	nr	True	590447	591329	left	135	110	35	85	10	60	None	None	testing
8	wj	f	19	green	Le	(80, 0)	(40, 69)	(-39, 69)	(-80, 0)	(-40, -69)	(40, -69)	circle	green	same	right	right	(40, 69)	(-39, 69)	search	nr	True	592401	593634	right	85	60	110	35	160	10	None	None	testing
8	wj	f	19	green	Le	(80, 0)	(40, 69)	(-39, 69)	(-80, 0)	(-40, -69)	(40, -69)	circle	green	dif	left	left	(40, 69)	(40, -69)	search	nr	True	594705	595505	left	135	110	160	35	10	60	None	None	testing
8	wj	f	19	green	Le	(80, 0)	(40, 69)	(-39, 69)	(-80, 0)	(-40, -69)	(40, -69)	diamond	green	same	right	right	(-39, 69)	(80, 0)	search	nr	True	596593	597809	right	35	135	85	160	60	110	None	None	testing
8	wj	f	19	green	Le	(80, 0)	(40, 69)	(-39, 69)	(-80, 0)	(-40, -69)	(40, -69)	diamond	green	dif	right	right	(40, -69)	(-40, -69)	search	nr	True	599047	599857	right	10	35	135	110	160	60	None	None	testing
8	wj	f	19	green	Le	(80, 0)	(40, 69)	(-39, 69)	(-80, 0)	(-40, -69)	(40, -69)	circle	none	dif	right	right	N_dist	(40, 69)	search	nr	True	601017	601825	right	10	60	160	110	135	85	None	None	testing
8	wj	f	19	green	Le	(80, 0)	(40, 69)	(-39, 69)	(-80, 0)	(-40, -69)	(40, -69)	circle	none	dif	right	right	N_dist	(40, -69)	search	nr	True	603055	603745	right	35	135	160	110	60	10	None	None	testing
8	wj	f	19	green	Le	(80, 0)	(40, 69)	(-39, 69)	(-80, 0)	(-40, -69)	(40, -69)	circle	green	same	left	left	(40, 69)	(-40, -69)	search	nr	True	604874	605634	left	60	10	85	110	35	135	None	None	testing
8	wj	f	19	green	Le	(80, 0)	(40, 69)	(-39, 69)	(-80, 0)	(-40, -69)	(40, -69)	diamond	green	dif	left	left	(-40, -69)	(80, 0)	search	nr	True	606894	607714	right	85	35	110	160	10	135	None	None	testing
8	wj	f	19	green	Le	(80, 0)	(40, 69)	(-39, 69)	(-80, 0)	(-40, -69)	(40, -69)	circle	none	same	left	left	N_dist	(-39, 69)	search	nr	True	610517	611393	left	60	110	160	85	10	135	None	None	testing
8	wj	f	19	green	Le	(80, 0)	(40, 69)	(-39, 69)	(-80, 0)	(-40, -69)	(40, -69)	diamond	green	same	right	right	(40, 69)	(40, -69)	search	nr	True	612472	613280	right	60	110	160	10	35	85	None	None	testing
8	wj	f	19	green	Le	(80, 0)	(40, 69)	(-39, 69)	(-80, 0)	(-40, -69)	(40, -69)	circle	green	same	left	left	(40, 69)	(40, -69)	search	nr	True	614525	615329	left	135	60	160	85	10	110	None	None	testing
8	wj	f	19	green	Le	(80, 0)	(40, 69)	(-39, 69)	(-80, 0)	(-40, -69)	(40, -69)	diamond	none	same	right	right	N_dist	(40, -69)	search	nr	True	616412	617201	right	110	160	10	35	85	135	None	None	testing
8	wj	f	19	green	Le	(80, 0)	(40, 69)	(-39, 69)	(-80, 0)	(-40, -69)	(40, -69)	diamond	green	same	left	left	(-40, -69)	(-80, 0)	search	nr	True	618299	619474	left	135	85	10	160	60	35	None	None	testing
8	wj	f	19	green	Le	(80, 0)	(40, 69)	(-39, 69)	(-80, 0)	(-40, -69)	(40, -69)	diamond	green	dif	left	left	(40, 69)	(-39, 69)	search	nr	True	620753	621634	left	10	135	35	85	60	160	None	None	testing
8	wj	f	19	green	Le	(80, 0)	(40, 69)	(-39, 69)	(-80, 0)	(-40, -69)	(40, -69)	diamond	green	dif	right	right	(-39, 69)	(40, -69)	search	nr	True	622924	623633	right	160	135	110	85	10	60	None	None	testing
8	wj	f	19	green	Le	(80, 0)	(40, 69)	(-39, 69)	(-80, 0)	(-40, -69)	(40, -69)	circle	none	same	right	right	N_dist	(40, -69)	search	nr	True	624928	625857	right	35	160	135	85	110	60	None	None	testing
8	wj	f	19	green	Le	(80, 0)	(40, 69)	(-39, 69)	(-80, 0)	(-40, -69)	(40, -69)	circle	green	dif	left	left	(40, 69)	(-40, -69)	search	nr	True	627132	627937	left	110	35	85	10	60	135	None	None	testing
8	wj	f	19	green	Le	(80, 0)	(40, 69)	(-39, 69)	(-80, 0)	(-40, -69)	(40, -69)	diamond	green	same	left	left	(80, 0)	(40, -69)	search	nr	True	629085	630817	left	10	60	110	85	160	135	None	None	testing
8	wj	f	19	green	Le	(80, 0)	(40, 69)	(-39, 69)	(-80, 0)	(-40, -69)	(40, -69)	circle	green	dif	right	right	(-39, 69)	(80, 0)	search	nr	True	632008	633985	right	160	35	135	110	60	85	None	None	testing
8	wj	f	19	green	Le	(80, 0)	(40, 69)	(-39, 69)	(-80, 0)	(-40, -69)	(40, -69)	circle	none	same	right	right	N_dist	(40, -69)	search	nr	True	635264	636514	right	85	35	10	60	135	110	None	None	testing
8	wj	f	19	green	Le	(80, 0)	(40, 69)	(-39, 69)	(-80, 0)	(-40, -69)	(40, -69)	diamond	none	dif	right	right	N_dist	(-40, -69)	search	nr	True	637802	638961	right	10	85	135	160	60	35	None	None	testing
8	wj	f	19	green	Le	(80, 0)	(40, 69)	(-39, 69)	(-80, 0)	(-40, -69)	(40, -69)	circle	none	dif	left	left	N_dist	(-39, 69)	search	nr	True	640122	640945	left	35	60	110	10	160	135	None	None	testing
8	wj	f	19	green	Le	(80, 0)	(40, 69)	(-39, 69)	(-80, 0)	(-40, -69)	(40, -69)	circle	none	same	left	left	N_dist	(-39, 69)	search	nr	True	642142	642881	left	110	60	85	10	160	135	None	None	testing
8	wj	f	19	green	Le	(80, 0)	(40, 69)	(-39, 69)	(-80, 0)	(-40, -69)	(40, -69)	diamond	green	dif	right	right	(80, 0)	(-80, 0)	search	nr	True	644130	645217	right	35	60	85	110	10	135	None	None	testing
8	wj	f	19	green	Le	(80, 0)	(40, 69)	(-39, 69)	(-80, 0)	(-40, -69)	(40, -69)	diamond	green	same	right	right	(40, 69)	(40, -69)	search	nr	True	646350	647217	right	160	110	85	135	60	10	None	None	testing
8	wj	f	19	green	Le	(80, 0)	(40, 69)	(-39, 69)	(-80, 0)	(-40, -69)	(40, -69)	circle	none	dif	left	left	N_dist	(-39, 69)	search	nr	True	648487	650833	left	35	10	110	85	60	160	None	None	testing
8	wj	f	19	green	Le	(80, 0)	(40, 69)	(-39, 69)	(-80, 0)	(-40, -69)	(40, -69)	circle	green	dif	right	right	(40, 69)	(-40, -69)	search	nr	True	652044	653409	right	85	110	135	160	10	60	None	None	testing
8	wj	f	19	green	Le	(80, 0)	(40, 69)	(-39, 69)	(-80, 0)	(-40, -69)	(40, -69)	circle	green	dif	left	left	(40, 69)	(-80, 0)	search	nr	True	654532	655377	left	110	60	10	35	160	85	None	None	testing
8	wj	f	19	green	Le	(80, 0)	(40, 69)	(-39, 69)	(-80, 0)	(-40, -69)	(40, -69)	diamond	none	dif	left	left	N_dist	(40, 69)	search	nr	True	656452	657761	left	85	60	110	160	135	35	None	None	testing
8	wj	f	19	green	Le	(80, 0)	(40, 69)	(-39, 69)	(-80, 0)	(-40, -69)	(40, -69)	diamond	none	same	right	right	N_dist	(80, 0)	search	nr	True	658957	659857	right	35	110	85	135	160	10	None	None	testing
8	wj	f	19	green	Le	(80, 0)	(40, 69)	(-39, 69)	(-80, 0)	(-40, -69)	(40, -69)	diamond	none	dif	right	right	N_dist	(-39, 69)	search	nr	True	661161	661905	right	10	110	35	60	85	135	None	None	testing
8	wj	f	19	green	Le	(80, 0)	(40, 69)	(-39, 69)	(-80, 0)	(-40, -69)	(40, -69)	circle	green	dif	left	left	(40, 69)	(40, -69)	search	nr	True	663048	664129	left	60	110	85	35	10	160	None	None	testing
8	wj	f	19	green	Le	(80, 0)	(40, 69)	(-39, 69)	(-80, 0)	(-40, -69)	(40, -69)	circle	green	dif	left	left	(40, 69)	(40, -69)	search	nr	True	665402	666417	left	60	160	135	10	35	110	None	None	testing
8	wj	f	19	green	Le	(80, 0)	(40, 69)	(-39, 69)	(-80, 0)	(-40, -69)	(40, -69)	diamond	green	dif	right	right	(40, -69)	(80, 0)	search	nr	True	667539	668673	right	35	60	110	160	85	10	None	None	testing
8	wj	f	19	green	Le	(80, 0)	(40, 69)	(-39, 69)	(-80, 0)	(-40, -69)	(40, -69)	circle	green	dif	right	right	(40, 69)	(-39, 69)	search	nr	True	669794	671441	right	135	160	10	35	60	110	None	None	testing
8	wj	f	19	green	Le	(80, 0)	(40, 69)	(-39, 69)	(-80, 0)	(-40, -69)	(40, -69)	circle	green	same	right	right	(40, 69)	(-80, 0)	search	nr	True	672665	674657	right	60	85	10	135	110	160	None	None	testing
8	wj	f	19	green	Le	(80, 0)	(40, 69)	(-39, 69)	(-80, 0)	(-40, -69)	(40, -69)	diamond	green	same	left	left	(40, 69)	(80, 0)	search	nr	True	675938	678001	left	135	60	110	85	35	160	None	None	testing
8	wj	f	19	green	Le	(80, 0)	(40, 69)	(-39, 69)	(-80, 0)	(-40, -69)	(40, -69)	diamond	none	same	right	right	N_dist	(80, 0)	search	nr	True	679227	680049	right	85	110	135	160	60	10	None	None	testing
8	wj	f	19	green	Le	(80, 0)	(40, 69)	(-39, 69)	(-80, 0)	(-40, -69)	(40, -69)	circle	none	dif	right	right	N_dist	(-39, 69)	search	nr	True	681265	682593	right	110	10	35	85	160	60	None	None	testing
8	wj	f	19	green	Le	(80, 0)	(40, 69)	(-39, 69)	(-80, 0)	(-40, -69)	(40, -69)	circle	green	dif	right	right	(-39, 69)	(40, -69)	search	nr	True	683803	684722	right	35	110	10	135	85	60	None	None	testing
8	wj	f	19	green	Le	(80, 0)	(40, 69)	(-39, 69)	(-80, 0)	(-40, -69)	(40, -69)	diamond	green	same	right	right	(40, 69)	(-40, -69)	search	nr	True	685890	687024	right	85	110	60	135	160	35	None	None	testing
8	wj	f	19	green	Le	(80, 0)	(40, 69)	(-39, 69)	(-80, 0)	(-40, -69)	(40, -69)	diamond	green	dif	right	right	(40, 69)	(80, 0)	search	nr	True	688277	689346	right	60	85	135	110	10	35	None	None	testing
8	wj	f	19	green	Le	(80, 0)	(40, 69)	(-39, 69)	(-80, 0)	(-40, -69)	(40, -69)	circle	green	dif	left	left	(40, 69)	(40, -69)	search	nr	True	690599	691936	left	110	10	160	135	85	35	None	None	testing
8	wj	f	19	green	Le	(80, 0)	(40, 69)	(-39, 69)	(-80, 0)	(-40, -69)	(40, -69)	diamond	none	dif	right	right	N_dist	(-40, -69)	search	nr	True	693069	693936	right	10	60	135	160	35	85	None	None	testing
8	wj	f	19	green	Le	(80, 0)	(40, 69)	(-39, 69)	(-80, 0)	(-40, -69)	(40, -69)	circle	green	same	left	left	(40, 69)	(80, 0)	search	nr	True	695190	695985	left	85	10	110	35	135	60	None	None	testing
8	wj	f	19	green	Le	(80, 0)	(40, 69)	(-39, 69)	(-80, 0)	(-40, -69)	(40, -69)	circle	green	dif	right	right	(40, -69)	(80, 0)	search	nr	True	697177	698560	right	10	60	110	35	85	135	None	None	testing
8	wj	f	19	green	Le	(80, 0)	(40, 69)	(-39, 69)	(-80, 0)	(-40, -69)	(40, -69)	circle	green	dif	right	right	(40, 69)	(80, 0)	search	nr	True	699682	700705	right	85	35	60	160	110	10	None	None	testing
8	wj	f	19	green	Le	(80, 0)	(40, 69)	(-39, 69)	(-80, 0)	(-40, -69)	(40, -69)	diamond	none	same	left	left	N_dist	(-80, 0)	search	nr	True	701970	702657	left	60	35	110	135	160	85	None	None	testing
8	wj	f	19	green	Le	(80, 0)	(40, 69)	(-39, 69)	(-80, 0)	(-40, -69)	(40, -69)	diamond	green	same	right	right	(-80, 0)	(-39, 69)	search	nr	True	703789	706161	right	60	160	135	110	10	85	None	None	testing
8	wj	f	19	green	Le	(80, 0)	(40, 69)	(-39, 69)	(-80, 0)	(-40, -69)	(40, -69)	circle	green	same	left	left	(40, 69)	(40, -69)	search	nr	True	707430	708577	left	85	110	135	160	35	10	None	None	testing
8	wj	f	19	green	Le	(80, 0)	(40, 69)	(-39, 69)	(-80, 0)	(-40, -69)	(40, -69)	diamond	none	same	left	left	N_dist	(40, 69)	search	nr	True	709717	710736	left	85	135	110	10	60	35	None	None	testing
8	wj	f	19	green	Le	(80, 0)	(40, 69)	(-39, 69)	(-80, 0)	(-40, -69)	(40, -69)	diamond	none	dif	left	left	N_dist	(-39, 69)	search	nr	True	711937	713089	left	160	35	85	110	10	60	None	None	testing
8	wj	f	19	green	Le	(80, 0)	(40, 69)	(-39, 69)	(-80, 0)	(-40, -69)	(40, -69)	circle	green	dif	left	left	(40, 69)	(-40, -69)	search	nr	True	714175	715104	left	10	135	85	110	60	160	None	None	testing
8	wj	f	19	green	Le	(80, 0)	(40, 69)	(-39, 69)	(-80, 0)	(-40, -69)	(40, -69)	diamond	green	dif	left	left	(40, 69)	(-80, 0)	search	nr	True	716395	717681	left	135	35	160	85	110	60	None	None	testing
8	wj	f	19	green	Le	(80, 0)	(40, 69)	(-39, 69)	(-80, 0)	(-40, -69)	(40, -69)	circle	green	dif	left	left	(40, 69)	(-80, 0)	search	nr	True	718766	719873	left	10	35	160	110	85	135	None	None	testing
8	wj	f	19	green	Le	(80, 0)	(40, 69)	(-39, 69)	(-80, 0)	(-40, -69)	(40, -69)	diamond	green	dif	right	right	(40, 69)	(-39, 69)	search	nr	True	720971	721665	right	10	85	110	35	160	60	None	None	testing
8	wj	f	19	green	Le	(80, 0)	(40, 69)	(-39, 69)	(-80, 0)	(-40, -69)	(40, -69)	diamond	none	dif	left	left	N_dist	(-80, 0)	search	nr	True	722841	723537	left	35	135	160	60	10	85	None	None	testing
8	wj	f	19	green	Le	(80, 0)	(40, 69)	(-39, 69)	(-80, 0)	(-40, -69)	(40, -69)	circle	none	dif	left	left	N_dist	(40, -69)	search	nr	True	724661	725425	left	160	60	135	85	35	110	None	None	testing
8	wj	f	19	green	Le	(80, 0)	(40, 69)	(-39, 69)	(-80, 0)	(-40, -69)	(40, -69)	circle	green	same	right	right	(-39, 69)	(40, -69)	search	nr	True	726698	728001	right	35	160	10	135	60	85	None	None	testing
8	wj	f	19	green	Le	(80, 0)	(40, 69)	(-39, 69)	(-80, 0)	(-40, -69)	(40, -69)	circle	green	same	left	left	(40, 69)	(40, -69)	search	nr	True	729169	730193	left	60	85	135	10	160	35	None	None	testing
8	wj	f	19	green	Le	(80, 0)	(40, 69)	(-39, 69)	(-80, 0)	(-40, -69)	(40, -69)	diamond	none	dif	left	left	N_dist	(40, 69)	search	nr	True	731440	732224	left	60	110	160	85	10	35	None	None	testing
8	wj	f	19	green	Le	(80, 0)	(40, 69)	(-39, 69)	(-80, 0)	(-40, -69)	(40, -69)	circle	none	dif	left	left	N_dist	(-40, -69)	search	nr	True	733477	734305	left	35	10	60	135	85	160	None	None	testing
8	wj	f	19	green	Le	(80, 0)	(40, 69)	(-39, 69)	(-80, 0)	(-40, -69)	(40, -69)	circle	green	dif	left	left	(40, 69)	(40, -69)	search	nr	True	735481	736641	left	85	35	135	10	60	110	None	None	testing
8	wj	f	19	green	Le	(80, 0)	(40, 69)	(-39, 69)	(-80, 0)	(-40, -69)	(40, -69)	circle	none	same	left	left	N_dist	(-39, 69)	search	nr	True	737886	738737	left	35	85	135	60	160	110	None	None	testing
8	wj	f	19	green	Le	(80, 0)	(40, 69)	(-39, 69)	(-80, 0)	(-40, -69)	(40, -69)	circle	green	dif	left	left	(40, 69)	(-80, 0)	search	nr	True	739872	740817	left	35	85	160	135	10	60	None	None	testing
8	wj	f	19	green	Le	(80, 0)	(40, 69)	(-39, 69)	(-80, 0)	(-40, -69)	(40, -69)	circle	green	dif	left	left	(40, 69)	(-40, -69)	search	nr	True	742127	742945	left	110	135	60	85	35	10	None	None	testing
8	wj	f	19	green	Le	(80, 0)	(40, 69)	(-39, 69)	(-80, 0)	(-40, -69)	(40, -69)	diamond	none	dif	right	right	N_dist	(-40, -69)	search	nr	True	744164	744993	right	35	85	10	110	135	160	None	None	testing
8	wj	f	19	green	Le	(80, 0)	(40, 69)	(-39, 69)	(-80, 0)	(-40, -69)	(40, -69)	diamond	green	same	left	left	(40, 69)	(40, -69)	search	nr	True	746117	747217	left	85	60	110	35	10	135	None	None	testing
8	wj	f	19	green	Le	(80, 0)	(40, 69)	(-39, 69)	(-80, 0)	(-40, -69)	(40, -69)	circle	green	dif	right	right	(40, 69)	(80, 0)	search	nr	True	748338	749649	right	60	110	35	160	85	10	None	None	testing
8	wj	f	19	green	Le	(80, 0)	(40, 69)	(-39, 69)	(-80, 0)	(-40, -69)	(40, -69)	circle	none	dif	right	right	N_dist	(80, 0)	search	nr	True	750843	751808	right	10	160	85	110	135	35	None	None	testing
8	wj	f	19	green	Le	(80, 0)	(40, 69)	(-39, 69)	(-80, 0)	(-40, -69)	(40, -69)	circle	none	dif	right	right	N_dist	(40, 69)	search	nr	True	752946	753905	right	10	60	35	135	85	160	None	None	testing
8	wj	f	19	green	Le	(80, 0)	(40, 69)	(-39, 69)	(-80, 0)	(-40, -69)	(40, -69)	circle	green	dif	left	left	(40, 69)	(-80, 0)	search	nr	True	755016	755745	left	135	60	35	85	160	110	None	None	testing
8	wj	f	19	green	Le	(80, 0)	(40, 69)	(-39, 69)	(-80, 0)	(-40, -69)	(40, -69)	circle	none	same	right	right	N_dist	(-80, 0)	search	nr	True	756853	757665	right	135	60	10	160	35	110	None	None	testing
8	wj	f	19	green	Le	(80, 0)	(40, 69)	(-39, 69)	(-80, 0)	(-40, -69)	(40, -69)	circle	none	same	left	left	N_dist	(-39, 69)	search	nr	True	758940	759681	left	160	60	110	10	35	85	None	None	testing
8	wj	f	19	green	Le	(80, 0)	(40, 69)	(-39, 69)	(-80, 0)	(-40, -69)	(40, -69)	diamond	green	dif	right	right	(80, 0)	(-80, 0)	search	nr	True	760911	761953	right	110	135	35	160	60	10	None	None	testing
8	wj	f	19	green	Le	(80, 0)	(40, 69)	(-39, 69)	(-80, 0)	(-40, -69)	(40, -69)	diamond	none	dif	right	right	N_dist	(-39, 69)	search	nr	True	763082	764465	right	85	35	135	10	110	160	None	None	testing
8	wj	f	19	green	Le	(80, 0)	(40, 69)	(-39, 69)	(-80, 0)	(-40, -69)	(40, -69)	diamond	green	same	right	right	(-40, -69)	(-39, 69)	search	nr	True	765753	766705	right	35	135	85	160	110	10	None	None	testing
8	wj	f	19	green	Le	(80, 0)	(40, 69)	(-39, 69)	(-80, 0)	(-40, -69)	(40, -69)	diamond	green	dif	left	left	(40, 69)	(-40, -69)	search	nr	True	767957	769024	left	160	35	85	10	135	60	None	None	testing
8	wj	f	19	green	Le	(80, 0)	(40, 69)	(-39, 69)	(-80, 0)	(-40, -69)	(40, -69)	circle	green	same	left	left	(-80, 0)	(40, -69)	search	nr	True	770178	771232	left	135	85	160	35	110	60	None	None	testing
8	wj	f	19	green	Le	(80, 0)	(40, 69)	(-39, 69)	(-80, 0)	(-40, -69)	(40, -69)	diamond	green	same	right	right	(40, 69)	(40, -69)	search	nr	True	772516	773504	right	110	35	160	85	135	60	None	None	testing
8	wj	f	19	green	Le	(80, 0)	(40, 69)	(-39, 69)	(-80, 0)	(-40, -69)	(40, -69)	diamond	green	same	left	left	(40, 69)	(-80, 0)	search	nr	True	774670	775585	left	85	110	10	135	35	160	None	None	testing
8	wj	f	19	green	Le	(80, 0)	(40, 69)	(-39, 69)	(-80, 0)	(-40, -69)	(40, -69)	diamond	none	dif	right	right	N_dist	(-40, -69)	search	nr	True	776841	777713	right	85	60	110	135	10	35	None	None	testing
8	wj	f	19	green	Le	(80, 0)	(40, 69)	(-39, 69)	(-80, 0)	(-40, -69)	(40, -69)	diamond	none	dif	right	right	N_dist	(-40, -69)	search	nr	True	778994	779953	right	60	10	85	135	110	160	None	None	testing
8	wj	f	19	green	Le	(80, 0)	(40, 69)	(-39, 69)	(-80, 0)	(-40, -69)	(40, -69)	circle	green	dif	left	left	(40, 69)	(-80, 0)	search	nr	True	781048	782049	left	160	10	135	110	35	85	None	None	testing
8	wj	f	19	green	Le	(80, 0)	(40, 69)	(-39, 69)	(-80, 0)	(-40, -69)	(40, -69)	diamond	green	same	left	left	(40, 69)	(-80, 0)	search	nr	True	783268	784593	left	135	85	60	10	160	110	None	None	testing
8	wj	f	19	green	Le	(80, 0)	(40, 69)	(-39, 69)	(-80, 0)	(-40, -69)	(40, -69)	circle	none	dif	left	left	N_dist	(-39, 69)	search	nr	True	785656	786560	left	60	110	10	160	85	135	None	None	testing
8	wj	f	19	green	Le	(80, 0)	(40, 69)	(-39, 69)	(-80, 0)	(-40, -69)	(40, -69)	circle	none	dif	right	right	N_dist	(40, 69)	search	nr	True	787677	788705	right	135	60	35	110	85	10	None	None	testing
8	wj	f	19	green	Le	(80, 0)	(40, 69)	(-39, 69)	(-80, 0)	(-40, -69)	(40, -69)	diamond	green	dif	left	left	(-40, -69)	(-39, 69)	search	nr	True	789881	790849	left	110	160	35	10	135	60	None	None	testing
8	wj	f	19	green	Le	(80, 0)	(40, 69)	(-39, 69)	(-80, 0)	(-40, -69)	(40, -69)	diamond	none	dif	right	right	N_dist	(-39, 69)	search	nr	True	792135	792896	right	160	10	135	60	110	85	None	None	testing
8	wj	f	19	green	Le	(80, 0)	(40, 69)	(-39, 69)	(-80, 0)	(-40, -69)	(40, -69)	circle	none	same	left	left	N_dist	(-80, 0)	search	nr	True	794021	795057	left	35	110	85	10	160	135	None	None	testing
8	wj	f	19	green	Le	(80, 0)	(40, 69)	(-39, 69)	(-80, 0)	(-40, -69)	(40, -69)	circle	green	same	left	left	(40, 69)	(80, 0)	search	nr	True	796343	797200	left	10	60	85	135	35	160	None	None	testing
8	wj	f	19	green	Le	(80, 0)	(40, 69)	(-39, 69)	(-80, 0)	(-40, -69)	(40, -69)	circle	green	same	right	right	(40, 69)	(-39, 69)	search	nr	True	798446	799105	right	110	135	85	35	60	160	None	None	testing
8	wj	f	19	green	Le	(80, 0)	(40, 69)	(-39, 69)	(-80, 0)	(-40, -69)	(40, -69)	diamond	green	dif	left	left	(80, 0)	(40, -69)	search	nr	True	800384	801536	left	110	85	10	60	35	160	None	None	testing
8	wj	f	19	green	Le	(80, 0)	(40, 69)	(-39, 69)	(-80, 0)	(-40, -69)	(40, -69)	diamond	green	dif	left	left	(80, 0)	(40, -69)	search	nr	True	802654	803265	left	35	110	135	160	60	85	None	None	testing
8	wj	f	19	green	Le	(80, 0)	(40, 69)	(-39, 69)	(-80, 0)	(-40, -69)	(40, -69)	diamond	none	same	left	left	N_dist	(80, 0)	search	nr	True	804407	805537	left	60	160	85	10	35	110	None	None	testing
8	wj	f	19	green	Le	(80, 0)	(40, 69)	(-39, 69)	(-80, 0)	(-40, -69)	(40, -69)	circle	green	same	right	right	(40, 69)	(-39, 69)	search	nr	True	806745	807521	right	85	10	35	135	60	110	None	None	testing
8	wj	f	19	green	Le	(80, 0)	(40, 69)	(-39, 69)	(-80, 0)	(-40, -69)	(40, -69)	circle	none	dif	left	left	N_dist	(-39, 69)	search	nr	True	808615	809280	left	160	60	135	85	35	10	None	None	testing
8	wj	f	19	green	Le	(80, 0)	(40, 69)	(-39, 69)	(-80, 0)	(-40, -69)	(40, -69)	diamond	green	same	left	left	(80, 0)	(40, -69)	search	nr	True	810469	811505	left	35	85	135	110	10	60	None	None	testing
8	wj	f	19	green	Le	(80, 0)	(40, 69)	(-39, 69)	(-80, 0)	(-40, -69)	(40, -69)	diamond	green	same	right	right	(40, -69)	(-80, 0)	search	nr	True	812623	813345	right	10	160	35	85	135	60	None	None	testing
8	wj	f	19	green	Le	(80, 0)	(40, 69)	(-39, 69)	(-80, 0)	(-40, -69)	(40, -69)	circle	green	same	left	left	(40, 69)	(40, -69)	search	nr	True	814493	815312	left	85	160	110	35	10	135	None	None	testing
8	wj	f	19	green	Le	(80, 0)	(40, 69)	(-39, 69)	(-80, 0)	(-40, -69)	(40, -69)	diamond	green	dif	right	right	(-39, 69)	(40, -69)	search	nr	True	816580	817297	right	10	160	110	60	135	35	None	None	testing
8	wj	f	19	green	Le	(80, 0)	(40, 69)	(-39, 69)	(-80, 0)	(-40, -69)	(40, -69)	diamond	none	same	right	right	N_dist	(-40, -69)	search	nr	True	818450	819408	right	10	135	110	85	60	160	None	None	testing
8	wj	f	19	green	Le	(80, 0)	(40, 69)	(-39, 69)	(-80, 0)	(-40, -69)	(40, -69)	diamond	green	same	left	left	(40, 69)	(40, -69)	search	nr	True	820504	821232	left	135	60	35	10	160	85	None	None	testing
8	wj	f	19	green	Le	(80, 0)	(40, 69)	(-39, 69)	(-80, 0)	(-40, -69)	(40, -69)	circle	none	dif	left	left	N_dist	(40, -69)	search	nr	True	822508	823233	left	35	10	60	85	110	135	None	None	testing
8	wj	f	19	green	Le	(80, 0)	(40, 69)	(-39, 69)	(-80, 0)	(-40, -69)	(40, -69)	diamond	green	same	right	right	(-40, -69)	(-39, 69)	search	nr	True	824394	825297	right	35	160	60	110	85	10	None	None	testing
8	wj	f	19	green	Le	(80, 0)	(40, 69)	(-39, 69)	(-80, 0)	(-40, -69)	(40, -69)	diamond	green	dif	right	right	(-39, 69)	(40, -69)	search	nr	True	826565	827392	right	10	60	35	110	160	135	None	None	testing
8	wj	f	19	green	Le	(80, 0)	(40, 69)	(-39, 69)	(-80, 0)	(-40, -69)	(40, -69)	circle	green	dif	right	right	(40, 69)	(80, 0)	search	nr	True	828636	829489	right	10	135	60	160	85	110	None	None	testing
8	wj	f	19	green	Le	(80, 0)	(40, 69)	(-39, 69)	(-80, 0)	(-40, -69)	(40, -69)	circle	green	dif	right	right	(-39, 69)	(40, -69)	search	nr	True	830589	831409	right	35	10	110	135	160	85	None	None	testing
8	wj	f	19	green	Le	(80, 0)	(40, 69)	(-39, 69)	(-80, 0)	(-40, -69)	(40, -69)	circle	green	same	right	right	(40, 69)	(-40, -69)	search	nr	True	832576	833392	right	160	85	10	110	35	135	None	None	testing
8	wj	f	19	green	Le	(80, 0)	(40, 69)	(-39, 69)	(-80, 0)	(-40, -69)	(40, -69)	circle	green	same	left	left	(40, 69)	(-39, 69)	search	nr	True	834646	835280	left	35	85	10	110	60	160	None	None	testing
8	wj	f	19	green	Le	(80, 0)	(40, 69)	(-39, 69)	(-80, 0)	(-40, -69)	(40, -69)	diamond	green	dif	left	left	(-40, -69)	(80, 0)	search	nr	True	836584	837808	left	110	160	85	35	10	135	None	None	testing
8	wj	f	19	green	Le	(80, 0)	(40, 69)	(-39, 69)	(-80, 0)	(-40, -69)	(40, -69)	diamond	green	dif	left	left	(40, 69)	(-39, 69)	search	nr	True	838871	839745	left	35	10	110	135	60	160	None	None	testing
8	wj	f	19	green	Le	(80, 0)	(40, 69)	(-39, 69)	(-80, 0)	(-40, -69)	(40, -69)	diamond	none	dif	left	left	N_dist	(-80, 0)	search	nr	True	841025	841825	left	35	60	160	110	135	85	None	None	testing
8	wj	f	19	green	Le	(80, 0)	(40, 69)	(-39, 69)	(-80, 0)	(-40, -69)	(40, -69)	circle	none	dif	left	left	N_dist	(-40, -69)	search	nr	True	842995	843808	left	60	85	10	160	110	35	None	None	testing
8	wj	f	19	green	Le	(80, 0)	(40, 69)	(-39, 69)	(-80, 0)	(-40, -69)	(40, -69)	diamond	none	dif	right	right	N_dist	(40, 69)	search	nr	True	844932	845921	right	85	35	135	60	10	110	None	None	testing
8	wj	f	19	green	Le	(80, 0)	(40, 69)	(-39, 69)	(-80, 0)	(-40, -69)	(40, -69)	diamond	green	same	left	left	(40, 69)	(-80, 0)	search	nr	True	847186	847953	left	110	85	35	10	60	160	None	None	testing
8	wj	f	19	green	Le	(80, 0)	(40, 69)	(-39, 69)	(-80, 0)	(-40, -69)	(40, -69)	circle	none	same	right	right	N_dist	(-80, 0)	search	nr	True	849224	850161	right	85	160	10	135	35	110	None	None	testing
8	wj	f	19	green	Le	(80, 0)	(40, 69)	(-39, 69)	(-80, 0)	(-40, -69)	(40, -69)	diamond	green	dif	right	right	(40, -69)	(-40, -69)	search	nr	True	851461	852577	right	10	160	60	135	110	35	None	None	testing
8	wj	f	19	green	Le	(80, 0)	(40, 69)	(-39, 69)	(-80, 0)	(-40, -69)	(40, -69)	circle	green	same	right	right	(-39, 69)	(40, -69)	search	nr	True	853882	854768	right	135	160	10	35	85	60	None	None	testing
8	wj	f	19	green	Le	(80, 0)	(40, 69)	(-39, 69)	(-80, 0)	(-40, -69)	(40, -69)	circle	green	same	left	left	(40, 69)	(40, -69)	search	nr	True	855902	856641	left	160	135	10	110	85	35	None	None	testing
8	wj	f	19	green	Le	(80, 0)	(40, 69)	(-39, 69)	(-80, 0)	(-40, -69)	(40, -69)	diamond	green	dif	right	right	(40, 69)	(-40, -69)	search	nr	True	857822	859024	right	135	160	60	10	35	110	None	None	testing
8	wj	f	19	green	Le	(80, 0)	(40, 69)	(-39, 69)	(-80, 0)	(-40, -69)	(40, -69)	circle	none	same	right	right	N_dist	(40, -69)	search	nr	True	860210	861009	right	35	160	135	110	10	85	None	None	testing
8	wj	f	19	green	Le	(80, 0)	(40, 69)	(-39, 69)	(-80, 0)	(-40, -69)	(40, -69)	circle	none	same	left	left	N_dist	(-40, -69)	search	nr	True	862080	862913	left	160	135	110	60	10	85	None	None	testing
8	wj	f	19	green	Le	(80, 0)	(40, 69)	(-39, 69)	(-80, 0)	(-40, -69)	(40, -69)	diamond	green	same	left	left	(-80, 0)	(-40, -69)	search	nr	True	864067	864961	left	110	35	160	85	135	60	None	None	testing
8	wj	f	19	green	Le	(80, 0)	(40, 69)	(-39, 69)	(-80, 0)	(-40, -69)	(40, -69)	diamond	none	dif	left	left	N_dist	(-80, 0)	search	nr	True	866121	866849	left	35	160	60	135	110	10	None	None	testing
8	wj	f	19	green	Le	(80, 0)	(40, 69)	(-39, 69)	(-80, 0)	(-40, -69)	(40, -69)	diamond	green	same	right	right	(-39, 69)	(80, 0)	search	nr	True	868041	868657	right	35	160	85	135	110	10	None	None	testing
8	wj	f	19	green	Le	(80, 0)	(40, 69)	(-39, 69)	(-80, 0)	(-40, -69)	(40, -69)	circle	none	same	right	right	N_dist	(40, 69)	search	nr	True	869911	870816	right	135	35	85	60	110	10	None	None	testing
8	wj	f	19	green	Le	(80, 0)	(40, 69)	(-39, 69)	(-80, 0)	(-40, -69)	(40, -69)	diamond	green	same	right	right	(40, 69)	(-80, 0)	search	nr	True	871898	872768	right	85	110	60	135	160	35	None	None	testing
8	wj	f	19	green	Le	(80, 0)	(40, 69)	(-39, 69)	(-80, 0)	(-40, -69)	(40, -69)	diamond	green	same	left	left	(40, 69)	(-80, 0)	search	nr	True	873969	874736	left	135	160	60	110	10	85	None	None	testing
8	wj	f	19	green	Le	(80, 0)	(40, 69)	(-39, 69)	(-80, 0)	(-40, -69)	(40, -69)	diamond	green	dif	left	left	(40, 69)	(-80, 0)	search	nr	True	876022	876753	left	35	110	10	85	135	160	None	None	testing
8	wj	f	19	green	Le	(80, 0)	(40, 69)	(-39, 69)	(-80, 0)	(-40, -69)	(40, -69)	circle	green	dif	left	left	(40, 69)	(40, -69)	search	nr	True	877826	880193	left	60	10	135	110	85	160	None	None	testing
8	wj	f	19	green	Le	(80, 0)	(40, 69)	(-39, 69)	(-80, 0)	(-40, -69)	(40, -69)	diamond	green	same	right	right	(40, 69)	(40, -69)	search	nr	True	881466	883024	right	135	10	35	85	110	160	None	None	testing
8	wj	f	19	green	Le	(80, 0)	(40, 69)	(-39, 69)	(-80, 0)	(-40, -69)	(40, -69)	diamond	none	dif	right	right	N_dist	(-40, -69)	search	nr	True	884171	884929	right	60	85	10	135	35	110	None	None	testing
8	wj	f	19	green	Le	(80, 0)	(40, 69)	(-39, 69)	(-80, 0)	(-40, -69)	(40, -69)	circle	green	same	left	left	(40, 69)	(-39, 69)	search	nr	True	885991	886785	left	85	10	35	60	160	110	None	None	testing
8	wj	f	19	green	Le	(80, 0)	(40, 69)	(-39, 69)	(-80, 0)	(-40, -69)	(40, -69)	circle	green	same	right	right	(40, 69)	(40, -69)	search	nr	True	887911	888657	right	35	10	60	135	160	85	None	None	testing
8	wj	f	19	green	Le	(80, 0)	(40, 69)	(-39, 69)	(-80, 0)	(-40, -69)	(40, -69)	circle	green	dif	right	right	(40, 69)	(-39, 69)	search	nr	True	889932	890625	right	160	60	135	35	85	10	None	None	testing
8	wj	f	19	green	Le	(80, 0)	(40, 69)	(-39, 69)	(-80, 0)	(-40, -69)	(40, -69)	diamond	green	same	left	left	(40, 69)	(40, -69)	search	nr	True	891885	892752	left	60	85	10	135	110	160	None	None	testing
8	wj	f	19	green	Le	(80, 0)	(40, 69)	(-39, 69)	(-80, 0)	(-40, -69)	(40, -69)	diamond	none	same	left	left	N_dist	(-80, 0)	search	nr	True	893922	894705	left	10	160	60	85	135	110	None	None	testing
8	wj	f	19	green	Le	(80, 0)	(40, 69)	(-39, 69)	(-80, 0)	(-40, -69)	(40, -69)	diamond	green	same	right	right	(40, 69)	(40, -69)	search	nr	True	895876	896608	right	60	160	10	135	35	85	None	None	testing
8	wj	f	19	green	Le	(80, 0)	(40, 69)	(-39, 69)	(-80, 0)	(-40, -69)	(40, -69)	circle	green	same	left	left	(40, 69)	(80, 0)	search	nr	True	897713	898432	left	110	60	160	10	135	35	None	None	testing
8	wj	f	19	green	Le	(80, 0)	(40, 69)	(-39, 69)	(-80, 0)	(-40, -69)	(40, -69)	circle	none	dif	left	left	N_dist	(-39, 69)	search	nr	True	899699	900577	left	160	60	135	110	35	10	None	None	testing
8	wj	f	19	green	Le	(80, 0)	(40, 69)	(-39, 69)	(-80, 0)	(-40, -69)	(40, -69)	circle	green	dif	right	right	(40, 69)	(80, 0)	search	nr	True	901637	902497	right	35	10	110	160	60	85	None	None	testing
8	wj	f	19	green	Le	(80, 0)	(40, 69)	(-39, 69)	(-80, 0)	(-40, -69)	(40, -69)	circle	none	dif	right	right	N_dist	(40, -69)	search	nr	True	903590	904400	right	110	10	160	60	135	85	None	None	testing
8	wj	f	19	green	Le	(80, 0)	(40, 69)	(-39, 69)	(-80, 0)	(-40, -69)	(40, -69)	circle	none	dif	left	left	N_dist	(40, -69)	search	nr	True	905660	906416	left	160	110	60	135	35	10	None	None	testing
8	wj	f	19	green	Le	(80, 0)	(40, 69)	(-39, 69)	(-80, 0)	(-40, -69)	(40, -69)	diamond	green	same	left	left	(40, 69)	(40, -69)	search	nr	True	907647	909265	left	135	110	85	35	60	10	None	None	testing
8	wj	f	19	green	Le	(80, 0)	(40, 69)	(-39, 69)	(-80, 0)	(-40, -69)	(40, -69)	diamond	none	same	right	right	N_dist	(-40, -69)	search	nr	True	910435	911377	right	135	160	35	60	10	85	None	None	testing
8	wj	f	19	green	Le	(80, 0)	(40, 69)	(-39, 69)	(-80, 0)	(-40, -69)	(40, -69)	circle	none	dif	right	right	N_dist	(40, -69)	search	nr	True	912557	913296	right	35	60	135	85	10	160	None	None	testing
8	wj	f	19	green	Le	(80, 0)	(40, 69)	(-39, 69)	(-80, 0)	(-40, -69)	(40, -69)	circle	none	same	left	left	N_dist	(-80, 0)	search	nr	True	914460	915137	left	35	10	85	60	110	135	None	None	testing
8	wj	f	19	green	Le	(80, 0)	(40, 69)	(-39, 69)	(-80, 0)	(-40, -69)	(40, -69)	diamond	green	dif	right	right	(40, 69)	(80, 0)	search	nr	True	916247	917169	right	135	85	10	160	60	35	None	None	testing
8	wj	f	19	green	Le	(80, 0)	(40, 69)	(-39, 69)	(-80, 0)	(-40, -69)	(40, -69)	diamond	green	same	right	right	(40, -69)	(80, 0)	search	nr	True	918400	919473	right	160	135	60	85	110	10	None	None	testing
8	wj	f	19	green	Le	(80, 0)	(40, 69)	(-39, 69)	(-80, 0)	(-40, -69)	(40, -69)	circle	none	same	right	right	N_dist	(40, 69)	search	nr	True	920688	921728	right	10	35	85	135	160	60	None	None	testing
8	wj	f	19	green	Le	(80, 0)	(40, 69)	(-39, 69)	(-80, 0)	(-40, -69)	(40, -69)	circle	none	dif	left	left	N_dist	(40, -69)	search	nr	True	922992	923648	left	110	10	60	35	85	135	None	None	testing
8	wj	f	19	green	Le	(80, 0)	(40, 69)	(-39, 69)	(-80, 0)	(-40, -69)	(40, -69)	circle	green	same	right	right	(-80, 0)	(-39, 69)	search	nr	True	924946	926656	right	10	110	135	85	60	35	None	None	testing
8	wj	f	19	green	Le	(80, 0)	(40, 69)	(-39, 69)	(-80, 0)	(-40, -69)	(40, -69)	circle	green	same	right	right	(40, 69)	(-39, 69)	search	nr	True	927801	929137	right	10	160	60	110	35	135	None	None	testing
8	wj	f	19	green	Le	(80, 0)	(40, 69)	(-39, 69)	(-80, 0)	(-40, -69)	(40, -69)	circle	none	dif	right	right	N_dist	(80, 0)	search	nr	True	930322	931089	right	85	110	10	135	160	35	None	None	testing
8	wj	f	19	green	Le	(80, 0)	(40, 69)	(-39, 69)	(-80, 0)	(-40, -69)	(40, -69)	circle	green	same	right	right	(40, 69)	(40, -69)	search	nr	True	932209	932976	right	60	135	35	110	160	85	None	None	testing
8	wj	f	19	green	Le	(80, 0)	(40, 69)	(-39, 69)	(-80, 0)	(-40, -69)	(40, -69)	diamond	green	same	right	right	(80, 0)	(-39, 69)	search	nr	True	934130	935505	right	35	60	10	110	160	85	None	None	testing
8	wj	f	19	green	Le	(80, 0)	(40, 69)	(-39, 69)	(-80, 0)	(-40, -69)	(40, -69)	circle	green	dif	right	right	(40, -69)	(80, 0)	search	nr	True	936684	937904	right	160	60	35	85	135	110	None	None	testing
8	wj	f	19	green	Le	(80, 0)	(40, 69)	(-39, 69)	(-80, 0)	(-40, -69)	(40, -69)	circle	green	dif	right	right	(40, 69)	(80, 0)	search	nr	True	939105	940129	right	85	135	110	60	35	10	None	None	testing
8	wj	f	19	green	Le	(80, 0)	(40, 69)	(-39, 69)	(-80, 0)	(-40, -69)	(40, -69)	diamond	green	same	left	left	(40, 69)	(40, -69)	search	nr	True	941426	942593	left	10	35	85	160	135	60	None	None	testing
8	wj	f	19	green	Le	(80, 0)	(40, 69)	(-39, 69)	(-80, 0)	(-40, -69)	(40, -69)	circle	green	dif	right	right	(-39, 69)	(40, -69)	search	nr	True	943881	944736	right	60	10	135	160	85	35	None	None	testing
8	wj	f	19	green	Le	(80, 0)	(40, 69)	(-39, 69)	(-80, 0)	(-40, -69)	(40, -69)	circle	green	dif	right	right	(40, 69)	(80, 0)	search	nr	True	945868	946656	right	85	60	10	160	135	110	None	None	testing
8	wj	f	19	green	Le	(80, 0)	(40, 69)	(-39, 69)	(-80, 0)	(-40, -69)	(40, -69)	diamond	green	same	right	right	(40, -69)	(80, 0)	search	nr	True	947838	948913	right	35	110	60	135	85	160	None	None	testing
8	wj	f	19	green	Le	(80, 0)	(40, 69)	(-39, 69)	(-80, 0)	(-40, -69)	(40, -69)	diamond	none	same	right	right	N_dist	(80, 0)	search	nr	True	950126	951249	right	35	10	60	160	85	110	None	None	testing
8	wj	f	19	green	Le	(80, 0)	(40, 69)	(-39, 69)	(-80, 0)	(-40, -69)	(40, -69)	circle	none	same	left	left	N_dist	(-39, 69)	search	nr	True	952530	953249	left	135	35	10	160	85	110	None	None	testing
8	wj	f	19	green	Le	(80, 0)	(40, 69)	(-39, 69)	(-80, 0)	(-40, -69)	(40, -69)	circle	green	same	right	right	(40, 69)	(-40, -69)	search	nr	True	954450	955345	right	135	35	60	85	110	10	None	None	testing
8	wj	f	19	green	Le	(80, 0)	(40, 69)	(-39, 69)	(-80, 0)	(-40, -69)	(40, -69)	circle	green	same	right	right	(40, 69)	(-39, 69)	search	nr	True	956471	957169	right	110	35	10	135	60	85	None	None	testing
8	wj	f	19	green	Le	(80, 0)	(40, 69)	(-39, 69)	(-80, 0)	(-40, -69)	(40, -69)	circle	green	same	left	left	(40, 69)	(-40, -69)	search	nr	True	958257	959057	left	10	110	60	85	135	35	None	None	testing
8	wj	f	19	green	Le	(80, 0)	(40, 69)	(-39, 69)	(-80, 0)	(-40, -69)	(40, -69)	diamond	green	dif	right	right	(-39, 69)	(40, -69)	search	nr	True	960345	961168	right	10	160	85	60	110	135	None	None	testing
8	wj	f	19	green	Le	(80, 0)	(40, 69)	(-39, 69)	(-80, 0)	(-40, -69)	(40, -69)	circle	green	dif	left	left	(80, 0)	(-80, 0)	search	nr	True	962231	962976	left	60	35	160	10	85	110	None	None	testing
8	wj	f	19	green	Le	(80, 0)	(40, 69)	(-39, 69)	(-80, 0)	(-40, -69)	(40, -69)	circle	green	same	left	left	(40, 69)	(-39, 69)	search	nr	True	964051	964768	left	135	110	85	35	60	10	None	None	testing
8	wj	f	19	green	Le	(80, 0)	(40, 69)	(-39, 69)	(-80, 0)	(-40, -69)	(40, -69)	diamond	green	dif	left	left	(40, 69)	(-39, 69)	search	nr	True	965871	967376	left	160	135	10	60	85	110	None	None	testing
8	wj	f	19	green	Le	(80, 0)	(40, 69)	(-39, 69)	(-80, 0)	(-40, -69)	(40, -69)	circle	none	dif	right	right	N_dist	(-39, 69)	search	nr	True	968626	969633	right	160	10	60	135	35	110	None	None	testing
8	wj	f	19	green	Le	(80, 0)	(40, 69)	(-39, 69)	(-80, 0)	(-40, -69)	(40, -69)	diamond	green	same	left	left	(40, 69)	(-80, 0)	search	nr	True	970813	971761	left	85	10	160	135	35	60	None	None	testing
8	wj	f	19	green	Le	(80, 0)	(40, 69)	(-39, 69)	(-80, 0)	(-40, -69)	(40, -69)	circle	green	dif	right	right	(40, 69)	(80, 0)	search	nr	True	973017	973793	right	85	60	135	110	160	35	None	None	testing
8	wj	f	19	green	Le	(80, 0)	(40, 69)	(-39, 69)	(-80, 0)	(-40, -69)	(40, -69)	diamond	green	dif	left	left	(40, 69)	(-80, 0)	search	nr	True	974988	975776	left	85	10	160	110	35	60	None	None	testing
8	wj	f	19	green	Le	(80, 0)	(40, 69)	(-39, 69)	(-80, 0)	(-40, -69)	(40, -69)	circle	green	same	left	left	(40, 69)	(80, 0)	search	nr	True	977058	977793	left	10	60	35	135	160	85	None	None	testing
8	wj	f	19	green	Le	(80, 0)	(40, 69)	(-39, 69)	(-80, 0)	(-40, -69)	(40, -69)	circle	green	dif	right	right	(40, -69)	(-80, 0)	search	nr	True	978879	979665	right	85	10	35	110	160	60	None	None	testing
8	wj	f	19	green	Le	(80, 0)	(40, 69)	(-39, 69)	(-80, 0)	(-40, -69)	(40, -69)	circle	none	same	right	right	N_dist	(-80, 0)	search	nr	True	980932	981568	right	85	60	35	160	10	135	None	None	testing
8	wj	f	19	green	Le	(80, 0)	(40, 69)	(-39, 69)	(-80, 0)	(-40, -69)	(40, -69)	diamond	none	same	left	left	N_dist	(40, -69)	search	nr	True	982735	983713	left	10	110	60	135	85	35	None	None	testing
8	wj	f	19	green	Le	(80, 0)	(40, 69)	(-39, 69)	(-80, 0)	(-40, -69)	(40, -69)	circle	none	same	right	right	N_dist	(-80, 0)	search	nr	True	984939	985808	right	110	85	160	135	10	35	None	None	testing
8	wj	f	19	green	Le	(80, 0)	(40, 69)	(-39, 69)	(-80, 0)	(-40, -69)	(40, -69)	circle	none	dif	left	left	N_dist	(-40, -69)	search	nr	True	987060	988001	left	110	10	85	135	35	160	None	None	testing
8	wj	f	19	green	Le	(80, 0)	(40, 69)	(-39, 69)	(-80, 0)	(-40, -69)	(40, -69)	diamond	none	same	left	left	N_dist	(40, -69)	search	nr	True	989214	990625	left	60	135	160	85	35	10	None	None	testing
8	wj	f	19	green	Le	(80, 0)	(40, 69)	(-39, 69)	(-80, 0)	(-40, -69)	(40, -69)	circle	none	same	left	left	N_dist	(80, 0)	search	nr	True	991919	992849	left	10	110	60	135	35	85	None	None	testing
8	wj	f	19	green	Le	(80, 0)	(40, 69)	(-39, 69)	(-80, 0)	(-40, -69)	(40, -69)	circle	green	dif	left	left	(40, 69)	(40, -69)	search	nr	True	993939	994976	left	110	135	60	35	160	10	None	None	testing
8	wj	f	19	green	Le	(80, 0)	(40, 69)	(-39, 69)	(-80, 0)	(-40, -69)	(40, -69)	diamond	green	dif	left	left	(-40, -69)	(80, 0)	search	nr	True	996094	996976	left	10	35	160	85	110	135	None	None	testing
8	wj	f	19	green	Le	(80, 0)	(40, 69)	(-39, 69)	(-80, 0)	(-40, -69)	(40, -69)	circle	green	dif	right	right	(40, 69)	(-40, -69)	search	nr	True	998131	999200	right	85	135	35	10	60	160	None	None	testing
8	wj	f	19	green	Le	(80, 0)	(40, 69)	(-39, 69)	(-80, 0)	(-40, -69)	(40, -69)	circle	green	same	right	right	(40, 69)	(40, -69)	search	nr	True	1000301	1001121	right	10	160	135	60	110	85	None	None	testing
8	wj	f	19	green	Le	(80, 0)	(40, 69)	(-39, 69)	(-80, 0)	(-40, -69)	(40, -69)	diamond	green	same	left	left	(-40, -69)	(-80, 0)	search	nr	True	1002255	1003232	left	110	35	60	85	135	160	None	None	testing
8	wj	f	19	green	Le	(80, 0)	(40, 69)	(-39, 69)	(-80, 0)	(-40, -69)	(40, -69)	diamond	green	dif	right	right	(40, -69)	(80, 0)	search	nr	True	1004391	1005249	right	35	60	160	10	110	85	None	None	testing
8	wj	f	19	green	Le	(80, 0)	(40, 69)	(-39, 69)	(-80, 0)	(-40, -69)	(40, -69)	diamond	none	dif	left	left	N_dist	(40, 69)	search	nr	True	1006412	1007457	left	10	110	60	160	35	85	None	None	testing
8	wj	f	19	green	Le	(80, 0)	(40, 69)	(-39, 69)	(-80, 0)	(-40, -69)	(40, -69)	circle	green	same	left	left	(80, 0)	(40, -69)	search	nr	True	1008616	1009808	left	110	10	135	60	160	85	None	None	testing
8	wj	f	19	green	Le	(80, 0)	(40, 69)	(-39, 69)	(-80, 0)	(-40, -69)	(40, -69)	diamond	none	dif	right	right	N_dist	(-40, -69)	search	nr	True	1010954	1011824	right	35	10	160	110	60	135	None	None	testing
8	wj	f	19	green	Le	(80, 0)	(40, 69)	(-39, 69)	(-80, 0)	(-40, -69)	(40, -69)	circle	none	same	right	right	N_dist	(-40, -69)	search	nr	True	1013041	1014064	right	35	160	110	135	60	10	None	None	testing
8	wj	f	19	green	Le	(80, 0)	(40, 69)	(-39, 69)	(-80, 0)	(-40, -69)	(40, -69)	circle	green	same	right	right	(-80, 0)	(-39, 69)	search	nr	True	1015312	1016320	right	85	35	110	135	160	10	None	None	testing
8	wj	f	19	green	Le	(80, 0)	(40, 69)	(-39, 69)	(-80, 0)	(-40, -69)	(40, -69)	circle	green	dif	right	right	(40, 69)	(-40, -69)	search	nr	True	1017399	1018161	right	60	160	10	35	135	85	None	None	testing
8	wj	f	19	green	Le	(80, 0)	(40, 69)	(-39, 69)	(-80, 0)	(-40, -69)	(40, -69)	diamond	green	dif	right	right	(-39, 69)	(40, -69)	search	nr	True	1019319	1020144	right	110	160	60	85	10	135	None	None	testing
8	wj	f	19	green	Le	(80, 0)	(40, 69)	(-39, 69)	(-80, 0)	(-40, -69)	(40, -69)	diamond	none	same	right	right	N_dist	(40, -69)	search	nr	True	1021307	1021984	right	160	110	85	35	60	135	None	None	testing
8	wj	f	19	green	Le	(80, 0)	(40, 69)	(-39, 69)	(-80, 0)	(-40, -69)	(40, -69)	diamond	green	same	right	right	(40, -69)	(-80, 0)	search	nr	True	1023160	1023969	right	160	35	135	85	10	110	None	None	testing
8	wj	f	19	green	Le	(80, 0)	(40, 69)	(-39, 69)	(-80, 0)	(-40, -69)	(40, -69)	diamond	none	dif	right	right	N_dist	(40, 69)	search	nr	True	1025097	1026112	right	35	10	135	60	85	110	None	None	testing
8	wj	f	19	green	Le	(80, 0)	(40, 69)	(-39, 69)	(-80, 0)	(-40, -69)	(40, -69)	circle	green	same	right	right	(40, 69)	(-40, -69)	search	nr	True	1027284	1028304	right	35	160	85	10	60	135	None	None	testing
8	wj	f	19	green	Le	(80, 0)	(40, 69)	(-39, 69)	(-80, 0)	(-40, -69)	(40, -69)	diamond	green	same	left	left	(40, 69)	(40, -69)	search	nr	True	1029588	1030545	left	110	35	85	60	160	135	None	None	testing
8	wj	f	19	green	Le	(80, 0)	(40, 69)	(-39, 69)	(-80, 0)	(-40, -69)	(40, -69)	diamond	none	dif	right	right	N_dist	(-40, -69)	search	nr	True	1031725	1032528	right	110	135	35	10	85	60	None	None	testing
8	wj	f	19	green	Le	(80, 0)	(40, 69)	(-39, 69)	(-80, 0)	(-40, -69)	(40, -69)	diamond	green	dif	right	right	(40, 69)	(-39, 69)	search	nr	True	1033662	1034784	right	135	160	85	35	10	110	None	None	testing
8	wj	f	19	green	Le	(80, 0)	(40, 69)	(-39, 69)	(-80, 0)	(-40, -69)	(40, -69)	circle	none	dif	left	left	N_dist	(-39, 69)	search	nr	True	1036100	1036961	left	160	110	135	35	10	85	None	None	testing
8	wj	f	19	green	Le	(80, 0)	(40, 69)	(-39, 69)	(-80, 0)	(-40, -69)	(40, -69)	circle	green	dif	right	right	(40, 69)	(-39, 69)	search	nr	True	1038087	1039936	right	85	110	135	35	10	160	None	None	testing
8	wj	f	19	green	Le	(80, 0)	(40, 69)	(-39, 69)	(-80, 0)	(-40, -69)	(40, -69)	diamond	green	dif	right	right	(40, 69)	(-39, 69)	search	nr	True	1041226	1042608	right	135	60	85	35	160	10	None	None	testing
8	wj	f	19	green	Le	(80, 0)	(40, 69)	(-39, 69)	(-80, 0)	(-40, -69)	(40, -69)	diamond	green	same	left	left	(-80, 0)	(-39, 69)	search	nr	True	1043798	1044753	left	60	135	160	10	110	35	None	None	testing
8	wj	f	19	green	Le	(80, 0)	(40, 69)	(-39, 69)	(-80, 0)	(-40, -69)	(40, -69)	diamond	green	dif	right	right	(40, 69)	(80, 0)	search	nr	True	1045985	1046929	right	110	85	135	60	10	35	None	None	testing
8	wj	f	19	green	Le	(80, 0)	(40, 69)	(-39, 69)	(-80, 0)	(-40, -69)	(40, -69)	diamond	none	dif	left	left	N_dist	(40, 69)	search	nr	True	1048022	1048800	left	35	135	110	60	85	10	None	None	testing
8	wj	f	19	green	Le	(80, 0)	(40, 69)	(-39, 69)	(-80, 0)	(-40, -69)	(40, -69)	circle	green	dif	right	right	(40, -69)	(-80, 0)	search	nr	True	1049892	1051232	right	60	10	35	85	160	110	None	None	testing
8	wj	f	19	green	Le	(80, 0)	(40, 69)	(-39, 69)	(-80, 0)	(-40, -69)	(40, -69)	circle	none	same	right	right	N_dist	(40, 69)	search	nr	True	1052414	1053217	right	135	35	160	85	10	110	None	None	testing
8	wj	f	19	green	Le	(80, 0)	(40, 69)	(-39, 69)	(-80, 0)	(-40, -69)	(40, -69)	circle	none	same	left	left	N_dist	(80, 0)	search	nr	True	1054400	1055297	left	160	60	135	35	10	85	None	None	testing
8	wj	f	19	green	Le	(80, 0)	(40, 69)	(-39, 69)	(-80, 0)	(-40, -69)	(40, -69)	diamond	none	same	left	left	N_dist	(-80, 0)	search	nr	True	1056388	1057169	left	85	10	135	60	110	160	None	None	testing
8	wj	f	19	green	Le	(80, 0)	(40, 69)	(-39, 69)	(-80, 0)	(-40, -69)	(40, -69)	circle	green	same	right	right	(40, 69)	(-80, 0)	search	nr	True	1058307	1059040	right	85	10	60	160	35	135	None	None	testing
8	wj	f	19	green	Le	(80, 0)	(40, 69)	(-39, 69)	(-80, 0)	(-40, -69)	(40, -69)	diamond	green	same	left	left	(40, 69)	(-40, -69)	search	nr	True	1060328	1061359	left	35	60	160	110	10	135	None	None	testing
8	wj	f	19	green	Le	(80, 0)	(40, 69)	(-39, 69)	(-80, 0)	(-40, -69)	(40, -69)	diamond	none	dif	left	left	N_dist	(40, 69)	search	nr	True	1062565	1063232	left	135	35	60	85	10	110	None	None	testing
8	wj	f	19	green	Le	(80, 0)	(40, 69)	(-39, 69)	(-80, 0)	(-40, -69)	(40, -69)	circle	green	dif	left	left	(40, 69)	(40, -69)	search	nr	True	1064369	1065104	right	110	35	85	10	135	60	None	None	testing
8	wj	f	19	green	Le	(80, 0)	(40, 69)	(-39, 69)	(-80, 0)	(-40, -69)	(40, -69)	diamond	green	same	left	left	(40, 69)	(-40, -69)	search	nr	True	1067909	1068768	left	85	35	60	160	110	10	None	None	testing
8	wj	f	19	green	Le	(80, 0)	(40, 69)	(-39, 69)	(-80, 0)	(-40, -69)	(40, -69)	diamond	green	dif	left	left	(40, 69)	(-40, -69)	search	nr	True	1070062	1071040	left	60	35	10	135	160	85	None	None	testing
8	wj	f	19	green	Le	(80, 0)	(40, 69)	(-39, 69)	(-80, 0)	(-40, -69)	(40, -69)	circle	none	same	left	left	N_dist	(-39, 69)	search	nr	True	1072149	1072960	left	110	60	85	160	135	35	None	None	testing
8	wj	f	19	green	Le	(80, 0)	(40, 69)	(-39, 69)	(-80, 0)	(-40, -69)	(40, -69)	diamond	green	same	left	left	(-80, 0)	(-40, -69)	search	nr	True	1074120	1075041	left	135	110	35	85	60	10	None	None	testing
8	wj	f	19	green	Le	(80, 0)	(40, 69)	(-39, 69)	(-80, 0)	(-40, -69)	(40, -69)	circle	none	dif	right	right	N_dist	(40, 69)	search	nr	True	1076174	1076992	right	35	60	10	160	110	135	None	None	testing
8	wj	f	19	green	Le	(80, 0)	(40, 69)	(-39, 69)	(-80, 0)	(-40, -69)	(40, -69)	circle	green	same	left	left	(-80, 0)	(40, -69)	search	nr	True	1078094	1078896	left	60	135	10	160	85	35	None	None	testing
8	wj	f	19	green	Le	(80, 0)	(40, 69)	(-39, 69)	(-80, 0)	(-40, -69)	(40, -69)	diamond	green	same	right	right	(80, 0)	(-39, 69)	search	nr	True	1080015	1080832	right	35	10	60	85	110	160	None	None	testing
8	wj	f	19	green	Le	(80, 0)	(40, 69)	(-39, 69)	(-80, 0)	(-40, -69)	(40, -69)	diamond	green	dif	left	left	(-80, 0)	(80, 0)	search	nr	True	1081918	1082736	left	110	60	85	10	160	35	None	None	testing
8	wj	f	19	green	Le	(80, 0)	(40, 69)	(-39, 69)	(-80, 0)	(-40, -69)	(40, -69)	diamond	green	dif	left	left	(80, 0)	(40, -69)	search	nr	True	1084038	1085009	left	35	110	160	85	60	10	None	None	testing
8	wj	f	19	green	Le	(80, 0)	(40, 69)	(-39, 69)	(-80, 0)	(-40, -69)	(40, -69)	diamond	none	dif	left	left	N_dist	(-39, 69)	search	nr	True	1086309	1086960	left	35	135	60	160	85	10	None	None	testing
8	wj	f	19	green	Le	(80, 0)	(40, 69)	(-39, 69)	(-80, 0)	(-40, -69)	(40, -69)	circle	green	same	right	right	(-39, 69)	(40, -69)	search	nr	True	1088180	1089057	right	35	10	160	110	135	60	None	None	testing
8	wj	f	19	green	Le	(80, 0)	(40, 69)	(-39, 69)	(-80, 0)	(-40, -69)	(40, -69)	diamond	green	dif	left	left	(40, 69)	(-40, -69)	search	nr	True	1090283	1090976	left	85	10	135	35	160	110	None	None	testing
8	wj	f	19	green	Le	(80, 0)	(40, 69)	(-39, 69)	(-80, 0)	(-40, -69)	(40, -69)	diamond	green	dif	right	right	(40, 69)	(80, 0)	search	nr	True	1092236	1093088	right	60	35	135	10	85	160	None	None	testing
8	wj	f	19	green	Le	(80, 0)	(40, 69)	(-39, 69)	(-80, 0)	(-40, -69)	(40, -69)	diamond	green	dif	left	left	(40, 69)	(-80, 0)	search	nr	True	1094357	1095057	left	110	160	85	135	35	10	None	None	testing
8	wj	f	19	green	Le	(80, 0)	(40, 69)	(-39, 69)	(-80, 0)	(-40, -69)	(40, -69)	diamond	green	dif	left	left	(-80, 0)	(80, 0)	search	nr	True	1096277	1096976	left	60	135	35	110	10	85	None	None	testing
8	wj	f	19	green	Le	(80, 0)	(40, 69)	(-39, 69)	(-80, 0)	(-40, -69)	(40, -69)	diamond	green	same	left	left	(40, 69)	(-80, 0)	search	nr	True	1098164	1098815	left	160	135	35	10	85	60	None	None	testing
8	wj	f	19	green	Le	(80, 0)	(40, 69)	(-39, 69)	(-80, 0)	(-40, -69)	(40, -69)	diamond	green	same	right	right	(40, -69)	(80, 0)	search	nr	True	1099968	1100736	right	160	110	35	135	85	60	None	None	testing
8	wj	f	19	green	Le	(80, 0)	(40, 69)	(-39, 69)	(-80, 0)	(-40, -69)	(40, -69)	circle	green	dif	left	left	(40, 69)	(-80, 0)	search	nr	True	1101871	1102768	left	85	60	10	135	160	35	None	None	testing
8	wj	f	19	green	Le	(80, 0)	(40, 69)	(-39, 69)	(-80, 0)	(-40, -69)	(40, -69)	circle	none	dif	right	right	N_dist	(80, 0)	search	nr	True	1104058	1104864	right	110	160	85	35	10	60	None	None	testing
8	wj	f	19	green	Le	(80, 0)	(40, 69)	(-39, 69)	(-80, 0)	(-40, -69)	(40, -69)	circle	green	same	right	right	(40, 69)	(-80, 0)	search	nr	True	1105945	1106753	right	160	60	85	110	10	35	None	None	testing
8	wj	f	19	green	Le	(80, 0)	(40, 69)	(-39, 69)	(-80, 0)	(-40, -69)	(40, -69)	diamond	green	dif	left	left	(-40, -69)	(-39, 69)	search	nr	True	1107999	1109024	left	60	135	160	85	10	110	None	None	testing
8	wj	f	19	green	Le	(80, 0)	(40, 69)	(-39, 69)	(-80, 0)	(-40, -69)	(40, -69)	circle	green	same	left	left	(40, 69)	(80, 0)	search	nr	True	1110170	1110864	left	160	35	85	60	110	135	None	None	testing
8	wj	f	19	green	Le	(80, 0)	(40, 69)	(-39, 69)	(-80, 0)	(-40, -69)	(40, -69)	diamond	none	same	right	right	N_dist	(40, -69)	search	nr	True	1112106	1113168	right	35	160	60	135	10	110	None	None	testing
8	wj	f	19	green	Le	(80, 0)	(40, 69)	(-39, 69)	(-80, 0)	(-40, -69)	(40, -69)	circle	green	same	left	left	(40, 69)	(-40, -69)	search	nr	True	1114277	1115184	left	110	60	85	10	35	135	None	None	testing
8	wj	f	19	green	Le	(80, 0)	(40, 69)	(-39, 69)	(-80, 0)	(-40, -69)	(40, -69)	diamond	none	dif	right	right	N_dist	(40, 69)	search	nr	True	1116481	1117280	right	85	110	10	60	35	135	None	None	testing
8	wj	f	19	green	Le	(80, 0)	(40, 69)	(-39, 69)	(-80, 0)	(-40, -69)	(40, -69)	circle	green	same	right	right	(40, 69)	(-39, 69)	search	nr	True	1118434	1119776	right	160	85	60	10	35	110	None	None	testing
8	wj	f	19	green	Le	(80, 0)	(40, 69)	(-39, 69)	(-80, 0)	(-40, -69)	(40, -69)	diamond	none	same	left	left	N_dist	(40, 69)	search	nr	True	1121040	1121872	left	160	135	35	10	60	85	None	None	testing
8	wj	f	19	green	Le	(80, 0)	(40, 69)	(-39, 69)	(-80, 0)	(-40, -69)	(40, -69)	diamond	green	same	left	left	(40, 69)	(80, 0)	search	nr	True	1123110	1124224	left	60	85	135	160	35	110	None	None	testing
8	wj	f	19	green	Le	(80, 0)	(40, 69)	(-39, 69)	(-80, 0)	(-40, -69)	(40, -69)	diamond	green	dif	left	left	(40, 69)	(-80, 0)	search	nr	True	1125348	1126513	left	135	35	10	160	85	110	None	None	testing
8	wj	f	19	green	Le	(80, 0)	(40, 69)	(-39, 69)	(-80, 0)	(-40, -69)	(40, -69)	circle	green	same	left	left	(80, 0)	(40, -69)	search	nr	True	1127685	1128480	left	85	135	160	60	35	10	None	None	testing
8	wj	f	19	green	Le	(80, 0)	(40, 69)	(-39, 69)	(-80, 0)	(-40, -69)	(40, -69)	circle	green	dif	right	right	(40, 69)	(-40, -69)	search	nr	True	1129655	1130496	right	135	110	85	60	10	160	None	None	testing
8	wj	f	19	green	Le	(80, 0)	(40, 69)	(-39, 69)	(-80, 0)	(-40, -69)	(40, -69)	diamond	none	dif	left	left	N_dist	(80, 0)	search	nr	True	1131659	1132368	left	60	110	85	135	35	10	None	None	testing
8	wj	f	19	green	Le	(80, 0)	(40, 69)	(-39, 69)	(-80, 0)	(-40, -69)	(40, -69)	circle	green	dif	left	left	(40, 69)	(40, -69)	search	nr	True	1133680	1134559	left	10	160	85	35	135	60	None	None	testing
8	wj	f	19	green	Le	(80, 0)	(40, 69)	(-39, 69)	(-80, 0)	(-40, -69)	(40, -69)	circle	none	dif	right	right	N_dist	(-39, 69)	search	nr	True	1135733	1136399	right	135	10	85	60	160	35	None	None	testing
8	wj	f	19	green	Le	(80, 0)	(40, 69)	(-39, 69)	(-80, 0)	(-40, -69)	(40, -69)	circle	green	same	right	right	(40, 69)	(-39, 69)	search	nr	True	1137670	1138624	right	160	60	35	135	10	110	None	None	testing
8	wj	f	19	green	Le	(80, 0)	(40, 69)	(-39, 69)	(-80, 0)	(-40, -69)	(40, -69)	diamond	none	same	right	right	N_dist	(-40, -69)	search	nr	True	1139741	1140704	right	60	160	135	10	110	35	None	None	testing
8	wj	f	19	green	Le	(80, 0)	(40, 69)	(-39, 69)	(-80, 0)	(-40, -69)	(40, -69)	diamond	green	same	right	right	(-80, 0)	(-39, 69)	search	nr	True	1141861	1143328	right	35	135	10	85	110	60	None	None	testing
8	wj	f	19	green	Le	(80, 0)	(40, 69)	(-39, 69)	(-80, 0)	(-40, -69)	(40, -69)	diamond	green	dif	right	right	(40, 69)	(-39, 69)	search	nr	True	1144482	1146160	right	60	85	10	160	135	35	None	None	testing
8	wj	f	19	green	Le	(80, 0)	(40, 69)	(-39, 69)	(-80, 0)	(-40, -69)	(40, -69)	diamond	green	same	left	left	(40, 69)	(80, 0)	search	nr	True	1147405	1148256	left	135	110	35	85	160	10	None	None	testing
8	wj	f	19	green	Le	(80, 0)	(40, 69)	(-39, 69)	(-80, 0)	(-40, -69)	(40, -69)	diamond	green	dif	left	left	(40, 69)	(80, 0)	search	nr	True	1149391	1150049	left	10	60	135	110	160	35	None	None	testing
8	wj	f	19	green	Le	(80, 0)	(40, 69)	(-39, 69)	(-80, 0)	(-40, -69)	(40, -69)	diamond	none	dif	left	left	N_dist	(80, 0)	search	nr	True	1151278	1151936	left	10	110	35	135	160	85	None	None	testing
8	wj	f	19	green	Le	(80, 0)	(40, 69)	(-39, 69)	(-80, 0)	(-40, -69)	(40, -69)	circle	green	same	left	left	(40, 69)	(80, 0)	search	nr	True	1153016	1153889	left	35	160	85	135	60	10	None	None	testing
8	wj	f	19	green	Le	(80, 0)	(40, 69)	(-39, 69)	(-80, 0)	(-40, -69)	(40, -69)	circle	none	same	right	right	N_dist	(-40, -69)	search	nr	True	1155169	1156144	right	10	60	110	160	35	85	None	None	testing
8	wj	f	19	green	Le	(80, 0)	(40, 69)	(-39, 69)	(-80, 0)	(-40, -69)	(40, -69)	diamond	none	same	right	right	N_dist	(40, -69)	search	nr	True	1157373	1158385	right	10	85	160	135	35	60	None	None	testing
8	wj	f	19	green	Le	(80, 0)	(40, 69)	(-39, 69)	(-80, 0)	(-40, -69)	(40, -69)	diamond	green	dif	left	left	(-80, 0)	(80, 0)	search	nr	True	1159661	1160976	left	85	35	60	10	160	110	None	None	testing
8	wj	f	19	green	Le	(80, 0)	(40, 69)	(-39, 69)	(-80, 0)	(-40, -69)	(40, -69)	circle	none	dif	right	right	N_dist	(40, 69)	search	nr	True	1162216	1163072	right	110	160	85	35	60	135	None	None	testing
8	wj	f	19	green	Le	(80, 0)	(40, 69)	(-39, 69)	(-80, 0)	(-40, -69)	(40, -69)	circle	green	dif	right	right	(40, 69)	(80, 0)	search	nr	True	1164369	1165137	right	10	60	110	160	35	135	None	None	testing
8	wj	f	19	green	Le	(80, 0)	(40, 69)	(-39, 69)	(-80, 0)	(-40, -69)	(40, -69)	diamond	green	dif	right	right	(40, 69)	(80, 0)	search	nr	True	1166406	1167136	right	135	10	110	160	60	35	None	None	testing
8	wj	f	19	green	Le	(80, 0)	(40, 69)	(-39, 69)	(-80, 0)	(-40, -69)	(40, -69)	diamond	none	same	left	left	N_dist	(80, 0)	search	nr	True	1168344	1169024	left	160	10	60	35	110	135	None	None	testing
8	wj	f	19	green	Le	(80, 0)	(40, 69)	(-39, 69)	(-80, 0)	(-40, -69)	(40, -69)	circle	none	same	left	left	N_dist	(80, 0)	search	nr	True	1170297	1171057	left	110	60	35	160	135	85	None	None	testing
8	wj	f	19	green	Le	(80, 0)	(40, 69)	(-39, 69)	(-80, 0)	(-40, -69)	(40, -69)	circle	green	dif	left	left	(80, 0)	(-80, 0)	search	nr	True	1172317	1173216	left	85	35	110	60	10	160	None	None	testing
8	wj	f	19	green	Le	(80, 0)	(40, 69)	(-39, 69)	(-80, 0)	(-40, -69)	(40, -69)	circle	green	same	left	left	(-80, 0)	(40, -69)	search	nr	True	1174437	1175553	left	10	35	85	110	135	160	None	None	testing
8	wj	f	19	green	Le	(80, 0)	(40, 69)	(-39, 69)	(-80, 0)	(-40, -69)	(40, -69)	diamond	green	dif	left	left	(40, 69)	(-39, 69)	search	nr	True	1176742	1177984	left	160	110	85	135	60	10	None	None	testing
8	wj	f	19	green	Le	(80, 0)	(40, 69)	(-39, 69)	(-80, 0)	(-40, -69)	(40, -69)	diamond	none	same	left	left	N_dist	(40, 69)	search	nr	True	1179080	1179840	left	10	160	110	35	85	60	None	None	testing
8	wj	f	19	green	Le	(80, 0)	(40, 69)	(-39, 69)	(-80, 0)	(-40, -69)	(40, -69)	diamond	green	same	right	right	(40, 69)	(-40, -69)	search	nr	True	1181134	1182191	right	35	135	160	110	10	60	None	None	testing
8	wj	f	19	green	Le	(80, 0)	(40, 69)	(-39, 69)	(-80, 0)	(-40, -69)	(40, -69)	diamond	none	same	left	left	N_dist	(-80, 0)	search	nr	True	1183371	1184240	left	110	160	10	85	135	35	None	None	testing
