subj	name	gender	age	dist	run	tar_locs1	tar_locs2	tar_locs3	tar_locs4	tar_locs5	tar_locs6	shape	dist	td_dif	detection	resp_key	dis_loc	tar_loc	task_type	probe_cond	gotKey	startTime	respTime	resp	o1	o2	o3	o4	o5	o6	pro_loc	ori_resp	mode
8	xy	f	18	red	2	(80, 0)	(40, 69)	(-39, 69)	(-80, 0)	(-40, -69)	(40, -69)	circle	red	dif	right	right	(40, 69)	(40, -69)	search	nr	True	253860	255205	right	110	10	135	35	60	160	None	None	testing
8	xy	f	18	red	2	(80, 0)	(40, 69)	(-39, 69)	(-80, 0)	(-40, -69)	(40, -69)	circle	red	dif	left	left	(40, 69)	(-80, 0)	search	nr	True	256481	257125	left	10	85	160	35	135	110	None	None	testing
8	xy	f	18	red	2	(80, 0)	(40, 69)	(-39, 69)	(-80, 0)	(-40, -69)	(40, -69)	circle	red	same	right	right	(-80, 0)	(40, -69)	probe	tar	None	None	None	None	85	60	110	10	160	35	(40, -69)	44	testing
8	xy	f	18	red	2	(80, 0)	(40, 69)	(-39, 69)	(-80, 0)	(-40, -69)	(40, -69)	circle	none	same	left	left	N_dist	(-80, 0)	search	nr	True	262743	263508	left	135	35	10	85	60	160	None	None	testing
8	xy	f	18	red	2	(80, 0)	(40, 69)	(-39, 69)	(-80, 0)	(-40, -69)	(40, -69)	diamond	red	dif	left	left	(-39, 69)	(-80, 0)	search	nr	True	264780	265572	right	135	60	110	85	10	160	None	None	testing
8	xy	f	18	red	2	(80, 0)	(40, 69)	(-39, 69)	(-80, 0)	(-40, -69)	(40, -69)	circle	red	same	left	left	(40, 69)	(-40, -69)	search	nr	True	268153	268917	left	10	85	160	135	60	35	None	None	testing
8	xy	f	18	red	2	(80, 0)	(40, 69)	(-39, 69)	(-80, 0)	(-40, -69)	(40, -69)	circle	none	dif	right	right	N_dist	(-80, 0)	probe	l_tar	None	None	None	None	85	35	10	160	110	135	(-80, 0)	18	testing
8	xy	f	18	red	2	(80, 0)	(40, 69)	(-39, 69)	(-80, 0)	(-40, -69)	(40, -69)	diamond	red	same	left	left	(40, 69)	(80, 0)	probe	norm	None	None	None	None	110	85	10	35	135	60	(-40, -69)	22	testing
8	xy	f	18	red	2	(80, 0)	(40, 69)	(-39, 69)	(-80, 0)	(-40, -69)	(40, -69)	circle	none	same	left	left	N_dist	(-80, 0)	probe	h_norm	None	None	None	None	160	35	85	135	60	10	(40, 69)	157	testing
8	xy	f	18	red	2	(80, 0)	(40, 69)	(-39, 69)	(-80, 0)	(-40, -69)	(40, -69)	diamond	none	same	right	right	N_dist	(-80, 0)	search	nr	True	283114	283957	right	160	110	10	35	85	60	None	None	testing
8	xy	f	18	red	2	(80, 0)	(40, 69)	(-39, 69)	(-80, 0)	(-40, -69)	(40, -69)	circle	red	dif	left	left	(80, 0)	(-40, -69)	search	nr	True	285151	286228	left	35	135	160	10	110	85	None	None	testing
8	xy	f	18	red	2	(80, 0)	(40, 69)	(-39, 69)	(-80, 0)	(-40, -69)	(40, -69)	circle	red	same	right	right	(-39, 69)	(-40, -69)	search	nr	True	287372	288148	right	110	35	60	135	10	85	None	None	testing
8	xy	f	18	red	2	(80, 0)	(40, 69)	(-39, 69)	(-80, 0)	(-40, -69)	(40, -69)	diamond	red	dif	left	left	(-80, 0)	(-40, -69)	probe	tar	None	None	None	None	160	110	10	35	60	135	(-40, -69)	33	testing
8	xy	f	18	red	2	(80, 0)	(40, 69)	(-39, 69)	(-80, 0)	(-40, -69)	(40, -69)	diamond	red	dif	left	left	(-80, 0)	(-40, -69)	search	nr	True	293917	295493	left	85	60	35	10	135	160	None	None	testing
8	xy	f	18	red	2	(80, 0)	(40, 69)	(-39, 69)	(-80, 0)	(-40, -69)	(40, -69)	circle	red	dif	left	left	(40, 69)	(80, 0)	search	nr	True	296655	297445	left	135	10	60	160	110	85	None	None	testing
8	xy	f	18	red	2	(80, 0)	(40, 69)	(-39, 69)	(-80, 0)	(-40, -69)	(40, -69)	circle	red	dif	left	left	(-40, -69)	(-39, 69)	probe	norm	None	None	None	None	35	60	135	110	160	85	(80, 0)	30	testing
8	xy	f	18	red	2	(80, 0)	(40, 69)	(-39, 69)	(-80, 0)	(-40, -69)	(40, -69)	diamond	red	same	left	left	(80, 0)	(40, -69)	search	nr	True	303985	304980	left	60	135	85	10	160	35	None	None	testing
8	xy	f	18	red	2	(80, 0)	(40, 69)	(-39, 69)	(-80, 0)	(-40, -69)	(40, -69)	circle	red	dif	left	left	(-80, 0)	(-39, 69)	search	nr	True	306206	307268	left	10	110	60	160	35	135	None	None	testing
8	xy	f	18	red	2	(80, 0)	(40, 69)	(-39, 69)	(-80, 0)	(-40, -69)	(40, -69)	circle	none	dif	left	left	N_dist	(-40, -69)	search	nr	True	308377	309077	left	85	35	60	110	10	135	None	None	testing
8	xy	f	18	red	2	(80, 0)	(40, 69)	(-39, 69)	(-80, 0)	(-40, -69)	(40, -69)	diamond	none	dif	right	right	N_dist	(-80, 0)	probe	l_norm	None	None	None	None	160	135	60	35	85	110	(-40, -69)	167	testing
8	xy	f	18	red	2	(80, 0)	(40, 69)	(-39, 69)	(-80, 0)	(-40, -69)	(40, -69)	diamond	red	dif	left	left	(-39, 69)	(-80, 0)	probe	tar	None	None	None	None	160	35	60	10	85	110	(-80, 0)	177	testing
8	xy	f	18	red	2	(80, 0)	(40, 69)	(-39, 69)	(-80, 0)	(-40, -69)	(40, -69)	diamond	none	same	left	left	N_dist	(-40, -69)	search	nr	True	319614	320436	left	160	60	135	35	110	85	None	None	testing
8	xy	f	18	red	2	(80, 0)	(40, 69)	(-39, 69)	(-80, 0)	(-40, -69)	(40, -69)	circle	none	same	right	right	N_dist	(-80, 0)	probe	h_norm	None	None	None	None	135	10	85	60	110	35	(40, 69)	160	testing
8	xy	f	18	red	2	(80, 0)	(40, 69)	(-39, 69)	(-80, 0)	(-40, -69)	(40, -69)	diamond	none	dif	left	left	N_dist	(-80, 0)	search	nr	True	326160	326869	left	35	10	85	60	160	135	None	None	testing
8	xy	f	18	red	2	(80, 0)	(40, 69)	(-39, 69)	(-80, 0)	(-40, -69)	(40, -69)	diamond	red	same	left	left	(40, 69)	(40, -69)	search	nr	True	327996	328837	left	135	110	160	35	60	10	None	None	testing
8	xy	f	18	red	2	(80, 0)	(40, 69)	(-39, 69)	(-80, 0)	(-40, -69)	(40, -69)	circle	red	dif	right	right	(40, 69)	(-39, 69)	search	nr	True	329950	330724	right	135	35	85	10	60	110	None	None	testing
8	xy	f	18	red	2	(80, 0)	(40, 69)	(-39, 69)	(-80, 0)	(-40, -69)	(40, -69)	diamond	red	dif	right	right	(40, 69)	(-40, -69)	search	nr	True	331853	332661	right	135	85	10	110	60	160	None	None	testing
8	xy	f	18	red	2	(80, 0)	(40, 69)	(-39, 69)	(-80, 0)	(-40, -69)	(40, -69)	circle	red	same	right	right	(40, 69)	(-80, 0)	probe	h_sin	None	None	None	None	35	60	135	110	160	85	(40, 69)	163	testing
8	xy	f	18	red	2	(80, 0)	(40, 69)	(-39, 69)	(-80, 0)	(-40, -69)	(40, -69)	circle	none	dif	left	left	N_dist	(-40, -69)	search	nr	True	338616	339316	left	60	85	35	135	160	110	None	None	testing
8	xy	f	18	red	2	(80, 0)	(40, 69)	(-39, 69)	(-80, 0)	(-40, -69)	(40, -69)	diamond	red	same	right	right	(40, 69)	(40, -69)	probe	norm	None	None	None	None	85	10	35	135	60	110	(-39, 69)	26	testing
8	xy	f	18	red	2	(80, 0)	(40, 69)	(-39, 69)	(-80, 0)	(-40, -69)	(40, -69)	diamond	red	same	right	right	(40, 69)	(40, -69)	search	nr	True	344610	345524	right	35	160	110	135	10	85	None	None	testing
8	xy	f	18	red	2	(80, 0)	(40, 69)	(-39, 69)	(-80, 0)	(-40, -69)	(40, -69)	diamond	red	same	left	left	(40, 69)	(-40, -69)	search	nr	True	346747	347413	left	110	35	135	60	160	10	None	None	testing
8	xy	f	18	red	2	(80, 0)	(40, 69)	(-39, 69)	(-80, 0)	(-40, -69)	(40, -69)	diamond	red	dif	left	left	(-80, 0)	(-40, -69)	probe	l_sin	None	None	None	None	135	160	85	60	35	10	(-80, 0)	177	testing
8	xy	f	18	red	2	(80, 0)	(40, 69)	(-39, 69)	(-80, 0)	(-40, -69)	(40, -69)	diamond	red	same	left	left	(40, 69)	(-40, -69)	probe	tar	None	None	None	None	135	35	60	85	110	160	(-40, -69)	161	testing
8	xy	f	18	red	2	(80, 0)	(40, 69)	(-39, 69)	(-80, 0)	(-40, -69)	(40, -69)	circle	red	dif	right	right	(40, 69)	(40, -69)	search	nr	True	358552	359348	right	60	110	35	85	160	10	None	None	testing
8	xy	f	18	red	2	(80, 0)	(40, 69)	(-39, 69)	(-80, 0)	(-40, -69)	(40, -69)	diamond	red	same	right	right	(40, 69)	(40, -69)	search	nr	True	360639	361413	right	10	135	85	60	160	110	None	None	testing
8	xy	f	18	red	2	(80, 0)	(40, 69)	(-39, 69)	(-80, 0)	(-40, -69)	(40, -69)	circle	red	same	left	left	(-39, 69)	(-80, 0)	search	nr	True	362526	363171	left	60	135	160	110	85	10	None	None	testing
8	xy	f	18	red	2	(80, 0)	(40, 69)	(-39, 69)	(-80, 0)	(-40, -69)	(40, -69)	circle	red	dif	left	left	(-39, 69)	(-40, -69)	probe	tar	None	None	None	None	160	135	60	85	10	35	(-40, -69)	171	testing
8	xy	f	18	red	2	(80, 0)	(40, 69)	(-39, 69)	(-80, 0)	(-40, -69)	(40, -69)	diamond	red	same	left	left	(80, 0)	(40, -69)	search	nr	True	368671	369829	left	35	60	135	160	85	10	None	None	testing
8	xy	f	18	red	2	(80, 0)	(40, 69)	(-39, 69)	(-80, 0)	(-40, -69)	(40, -69)	diamond	red	dif	left	left	(40, 69)	(40, -69)	probe	tar	None	None	None	None	35	85	135	110	60	10	(40, -69)	40	testing
8	xy	f	18	red	2	(80, 0)	(40, 69)	(-39, 69)	(-80, 0)	(-40, -69)	(40, -69)	circle	none	same	right	right	N_dist	(-80, 0)	search	nr	True	374866	375573	right	35	160	110	10	135	60	None	None	testing
8	xy	f	18	red	2	(80, 0)	(40, 69)	(-39, 69)	(-80, 0)	(-40, -69)	(40, -69)	circle	red	dif	left	left	(80, 0)	(-40, -69)	search	nr	True	376652	377588	left	135	60	35	110	10	160	None	None	testing
8	xy	f	18	red	2	(80, 0)	(40, 69)	(-39, 69)	(-80, 0)	(-40, -69)	(40, -69)	circle	red	dif	right	right	(40, 69)	(-39, 69)	search	nr	True	378806	379572	right	10	85	135	160	60	35	None	None	testing
8	xy	f	18	red	2	(80, 0)	(40, 69)	(-39, 69)	(-80, 0)	(-40, -69)	(40, -69)	diamond	none	dif	right	right	N_dist	(80, 0)	probe	h_norm	None	None	None	None	10	135	35	60	85	110	(40, 69)	151	testing
8	xy	f	18	red	2	(80, 0)	(40, 69)	(-39, 69)	(-80, 0)	(-40, -69)	(40, -69)	diamond	red	same	left	left	(40, 69)	(-80, 0)	search	nr	True	386036	386837	left	35	160	110	85	135	60	None	None	testing
8	xy	f	18	red	2	(80, 0)	(40, 69)	(-39, 69)	(-80, 0)	(-40, -69)	(40, -69)	circle	red	same	right	right	(40, 69)	(-40, -69)	probe	tar	None	None	None	None	60	85	110	160	135	10	(-40, -69)	173	testing
8	xy	f	18	red	2	(80, 0)	(40, 69)	(-39, 69)	(-80, 0)	(-40, -69)	(40, -69)	circle	red	dif	left	left	(40, 69)	(80, 0)	search	nr	True	392565	393333	left	35	160	10	110	60	85	None	None	testing
8	xy	f	18	red	2	(80, 0)	(40, 69)	(-39, 69)	(-80, 0)	(-40, -69)	(40, -69)	diamond	red	same	left	left	(40, 69)	(-40, -69)	search	nr	True	394619	395413	left	110	60	10	35	85	160	None	None	testing
8	xy	f	18	red	2	(80, 0)	(40, 69)	(-39, 69)	(-80, 0)	(-40, -69)	(40, -69)	circle	none	dif	right	right	N_dist	(40, -69)	probe	l_norm	None	None	None	None	160	110	135	85	10	35	(80, 0)	47	testing
8	xy	f	18	red	2	(80, 0)	(40, 69)	(-39, 69)	(-80, 0)	(-40, -69)	(40, -69)	diamond	none	same	left	left	N_dist	(-39, 69)	search	nr	True	400379	401236	left	35	110	10	60	160	85	None	None	testing
8	xy	f	18	red	2	(80, 0)	(40, 69)	(-39, 69)	(-80, 0)	(-40, -69)	(40, -69)	diamond	red	same	right	right	(40, 69)	(80, 0)	probe	h_sin	None	None	None	None	160	35	135	85	10	60	(40, 69)	54	testing
8	xy	f	18	red	2	(80, 0)	(40, 69)	(-39, 69)	(-80, 0)	(-40, -69)	(40, -69)	diamond	red	same	right	right	(40, 69)	(-80, 0)	search	nr	True	406574	407253	right	35	110	60	85	10	135	None	None	testing
8	xy	f	18	red	2	(80, 0)	(40, 69)	(-39, 69)	(-80, 0)	(-40, -69)	(40, -69)	circle	red	same	right	right	(40, -69)	(-80, 0)	search	nr	True	408310	409444	right	110	60	85	35	135	10	None	None	testing
8	xy	f	18	red	2	(80, 0)	(40, 69)	(-39, 69)	(-80, 0)	(-40, -69)	(40, -69)	diamond	none	dif	left	left	N_dist	(-39, 69)	search	nr	True	410765	411572	left	160	110	10	35	85	60	None	None	testing
8	xy	f	18	red	2	(80, 0)	(40, 69)	(-39, 69)	(-80, 0)	(-40, -69)	(40, -69)	circle	red	dif	left	left	(40, 69)	(80, 0)	probe	tar	None	None	None	None	10	60	160	110	135	35	(80, 0)	41	testing
8	xy	f	18	red	2	(80, 0)	(40, 69)	(-39, 69)	(-80, 0)	(-40, -69)	(40, -69)	diamond	red	dif	right	right	(40, -69)	(-80, 0)	search	nr	True	417260	417892	right	85	110	135	35	60	10	None	None	testing
8	xy	f	18	red	2	(80, 0)	(40, 69)	(-39, 69)	(-80, 0)	(-40, -69)	(40, -69)	diamond	red	dif	right	right	(-40, -69)	(-80, 0)	probe	norm	None	None	None	None	35	160	85	110	10	60	(40, -69)	51	testing
8	xy	f	18	red	2	(80, 0)	(40, 69)	(-39, 69)	(-80, 0)	(-40, -69)	(40, -69)	diamond	none	same	right	right	N_dist	(40, -69)	search	nr	True	423505	424484	right	160	85	10	135	60	110	None	None	testing
8	xy	f	18	red	2	(80, 0)	(40, 69)	(-39, 69)	(-80, 0)	(-40, -69)	(40, -69)	diamond	red	dif	left	left	(40, -69)	(-39, 69)	probe	tar	None	None	None	None	160	60	135	10	110	35	(-39, 69)	37	testing
8	xy	f	18	red	2	(80, 0)	(40, 69)	(-39, 69)	(-80, 0)	(-40, -69)	(40, -69)	diamond	red	same	left	left	(40, 69)	(80, 0)	search	nr	True	430735	431636	left	85	110	160	35	10	60	None	None	testing
8	xy	f	18	red	2	(80, 0)	(40, 69)	(-39, 69)	(-80, 0)	(-40, -69)	(40, -69)	circle	red	same	left	left	(40, 69)	(-80, 0)	probe	tar	None	None	None	None	110	35	60	160	85	135	(-80, 0)	34	testing
8	xy	f	18	red	2	(80, 0)	(40, 69)	(-39, 69)	(-80, 0)	(-40, -69)	(40, -69)	diamond	none	same	right	right	N_dist	(-40, -69)	search	nr	True	437247	438037	right	60	135	160	35	10	110	None	None	testing
8	xy	f	18	red	2	(80, 0)	(40, 69)	(-39, 69)	(-80, 0)	(-40, -69)	(40, -69)	circle	red	same	left	left	(40, 69)	(40, -69)	probe	h_sin	None	None	None	None	10	35	85	60	110	160	(40, 69)	155	testing
8	xy	f	18	red	2	(80, 0)	(40, 69)	(-39, 69)	(-80, 0)	(-40, -69)	(40, -69)	circle	red	same	right	right	(-80, 0)	(40, -69)	search	nr	True	444460	445444	right	10	110	135	60	85	35	None	None	testing
8	xy	f	18	red	2	(80, 0)	(40, 69)	(-39, 69)	(-80, 0)	(-40, -69)	(40, -69)	circle	red	same	left	left	(-40, -69)	(40, -69)	search	nr	True	446564	447541	left	60	110	135	35	160	85	None	None	testing
8	xy	f	18	red	2	(80, 0)	(40, 69)	(-39, 69)	(-80, 0)	(-40, -69)	(40, -69)	circle	none	dif	right	right	N_dist	(40, 69)	probe	h_tar	None	None	None	None	160	60	85	110	10	35	(40, 69)	162	testing
8	xy	f	18	red	2	(80, 0)	(40, 69)	(-39, 69)	(-80, 0)	(-40, -69)	(40, -69)	circle	red	dif	right	right	(40, 69)	(-39, 69)	search	nr	True	452942	453684	right	160	85	135	35	110	10	None	None	testing
8	xy	f	18	red	2	(80, 0)	(40, 69)	(-39, 69)	(-80, 0)	(-40, -69)	(40, -69)	circle	none	same	right	right	N_dist	(40, -69)	search	nr	True	454929	455636	right	60	85	110	35	135	10	None	None	testing
8	xy	f	18	red	2	(80, 0)	(40, 69)	(-39, 69)	(-80, 0)	(-40, -69)	(40, -69)	diamond	red	dif	left	left	(40, -69)	(-40, -69)	probe	norm	None	None	None	None	85	160	10	135	110	35	(40, 69)	64	testing
8	xy	f	18	red	2	(80, 0)	(40, 69)	(-39, 69)	(-80, 0)	(-40, -69)	(40, -69)	circle	red	same	left	left	(40, 69)	(40, -69)	search	nr	True	463078	463988	left	85	35	10	135	110	60	None	None	testing
8	xy	f	18	red	2	(80, 0)	(40, 69)	(-39, 69)	(-80, 0)	(-40, -69)	(40, -69)	circle	red	same	right	right	(40, 69)	(-80, 0)	search	nr	True	465064	465860	right	85	110	10	160	60	35	None	None	testing
8	xy	f	18	red	2	(80, 0)	(40, 69)	(-39, 69)	(-80, 0)	(-40, -69)	(40, -69)	diamond	red	dif	right	right	(-40, -69)	(80, 0)	probe	l_sin	None	None	None	None	85	60	110	160	35	135	(-40, -69)	14	testing
8	xy	f	18	red	2	(80, 0)	(40, 69)	(-39, 69)	(-80, 0)	(-40, -69)	(40, -69)	circle	none	same	left	left	N_dist	(40, 69)	search	nr	True	471877	472596	left	135	85	160	35	60	10	None	None	testing
8	xy	f	18	red	2	(80, 0)	(40, 69)	(-39, 69)	(-80, 0)	(-40, -69)	(40, -69)	circle	red	same	left	left	(40, 69)	(-40, -69)	search	nr	True	473797	474580	left	60	85	110	135	35	160	None	None	testing
8	xy	f	18	red	2	(80, 0)	(40, 69)	(-39, 69)	(-80, 0)	(-40, -69)	(40, -69)	circle	red	dif	left	left	(-40, -69)	(-39, 69)	search	nr	True	475851	476596	left	160	110	35	85	10	60	None	None	testing
8	xy	f	18	red	2	(80, 0)	(40, 69)	(-39, 69)	(-80, 0)	(-40, -69)	(40, -69)	circle	red	dif	left	left	(40, 69)	(-80, 0)	search	nr	True	477804	478548	left	10	85	35	160	110	135	None	None	testing
8	xy	f	18	red	2	(80, 0)	(40, 69)	(-39, 69)	(-80, 0)	(-40, -69)	(40, -69)	diamond	red	dif	right	right	(40, 69)	(-80, 0)	search	nr	True	479758	480532	right	85	35	135	60	10	160	None	None	testing
8	xy	f	18	red	2	(80, 0)	(40, 69)	(-39, 69)	(-80, 0)	(-40, -69)	(40, -69)	diamond	red	same	right	right	(40, 69)	(80, 0)	search	nr	True	481745	482644	right	135	110	10	160	35	60	None	None	testing
8	xy	f	18	red	2	(80, 0)	(40, 69)	(-39, 69)	(-80, 0)	(-40, -69)	(40, -69)	diamond	red	same	left	left	(40, 69)	(40, -69)	probe	norm	None	None	None	None	160	35	60	135	85	10	(-39, 69)	54	testing
8	xy	f	18	red	2	(80, 0)	(40, 69)	(-39, 69)	(-80, 0)	(-40, -69)	(40, -69)	circle	red	dif	left	left	(40, 69)	(-80, 0)	search	nr	True	489760	490532	right	60	160	110	135	10	35	None	None	testing
8	xy	f	18	red	2	(80, 0)	(40, 69)	(-39, 69)	(-80, 0)	(-40, -69)	(40, -69)	circle	red	same	left	left	(40, 69)	(-80, 0)	search	nr	True	493266	494052	left	135	160	60	35	10	110	None	None	testing
8	xy	f	18	red	2	(80, 0)	(40, 69)	(-39, 69)	(-80, 0)	(-40, -69)	(40, -69)	circle	red	same	right	right	(40, 69)	(-80, 0)	search	nr	True	495186	496067	right	10	60	85	110	160	35	None	None	testing
8	xy	f	18	red	2	(80, 0)	(40, 69)	(-39, 69)	(-80, 0)	(-40, -69)	(40, -69)	diamond	none	dif	right	right	N_dist	(40, -69)	search	nr	True	497223	498164	right	60	110	10	160	35	135	None	None	testing
8	xy	f	18	red	2	(80, 0)	(40, 69)	(-39, 69)	(-80, 0)	(-40, -69)	(40, -69)	circle	red	dif	right	right	(40, 69)	(80, 0)	probe	norm	None	None	None	None	85	35	135	10	160	60	(-39, 69)	30	testing
8	xy	f	18	red	2	(80, 0)	(40, 69)	(-39, 69)	(-80, 0)	(-40, -69)	(40, -69)	circle	red	same	left	left	(40, 69)	(80, 0)	search	nr	True	503602	504580	left	60	160	135	35	85	110	None	None	testing
8	xy	f	18	red	2	(80, 0)	(40, 69)	(-39, 69)	(-80, 0)	(-40, -69)	(40, -69)	circle	red	dif	right	right	(40, 69)	(-39, 69)	probe	norm	None	None	None	None	110	60	10	35	160	85	(80, 0)	157	testing
8	xy	f	18	red	2	(80, 0)	(40, 69)	(-39, 69)	(-80, 0)	(-40, -69)	(40, -69)	diamond	red	same	left	left	(40, 69)	(80, 0)	probe	tar	None	None	None	None	35	10	60	135	85	160	(80, 0)	150	testing
8	xy	f	18	red	2	(80, 0)	(40, 69)	(-39, 69)	(-80, 0)	(-40, -69)	(40, -69)	diamond	red	same	right	right	(-39, 69)	(80, 0)	search	nr	True	515340	516452	right	10	85	160	135	60	110	None	None	testing
8	xy	f	18	red	2	(80, 0)	(40, 69)	(-39, 69)	(-80, 0)	(-40, -69)	(40, -69)	circle	none	same	right	right	N_dist	(40, -69)	search	nr	True	517511	518372	right	135	160	10	110	85	35	None	None	testing
8	xy	f	18	red	2	(80, 0)	(40, 69)	(-39, 69)	(-80, 0)	(-40, -69)	(40, -69)	circle	red	same	left	left	(40, 69)	(80, 0)	search	nr	True	519548	521284	left	135	110	35	85	160	10	None	None	testing
8	xy	f	18	red	2	(80, 0)	(40, 69)	(-39, 69)	(-80, 0)	(-40, -69)	(40, -69)	circle	red	same	right	right	(40, 69)	(-39, 69)	search	nr	True	522403	523732	right	110	135	10	60	35	85	None	None	testing
8	xy	f	18	red	2	(80, 0)	(40, 69)	(-39, 69)	(-80, 0)	(-40, -69)	(40, -69)	diamond	none	same	right	right	N_dist	(80, 0)	probe	l_norm	None	None	None	None	160	135	60	85	10	110	(-80, 0)	25	testing
8	xy	f	18	red	2	(80, 0)	(40, 69)	(-39, 69)	(-80, 0)	(-40, -69)	(40, -69)	circle	red	same	right	right	(40, 69)	(-40, -69)	probe	h_sin	None	None	None	None	110	60	135	35	160	10	(40, 69)	115	testing
8	xy	f	18	red	2	(80, 0)	(40, 69)	(-39, 69)	(-80, 0)	(-40, -69)	(40, -69)	circle	red	dif	right	right	(40, 69)	(-39, 69)	probe	h_sin	None	None	None	None	110	10	35	85	160	135	(40, 69)	64	testing
8	xy	f	18	red	2	(80, 0)	(40, 69)	(-39, 69)	(-80, 0)	(-40, -69)	(40, -69)	circle	red	same	right	right	(-39, 69)	(-40, -69)	search	nr	True	542640	543396	right	35	135	10	60	160	85	None	None	testing
8	xy	f	18	red	2	(80, 0)	(40, 69)	(-39, 69)	(-80, 0)	(-40, -69)	(40, -69)	diamond	red	same	right	right	(80, 0)	(-80, 0)	search	nr	True	544561	545268	right	135	85	110	10	160	35	None	None	testing
8	xy	f	18	red	2	(80, 0)	(40, 69)	(-39, 69)	(-80, 0)	(-40, -69)	(40, -69)	circle	red	same	right	right	(40, 69)	(-80, 0)	probe	h_sin	None	None	None	None	85	135	10	60	160	35	(40, 69)	57	testing
8	xy	f	18	red	2	(80, 0)	(40, 69)	(-39, 69)	(-80, 0)	(-40, -69)	(40, -69)	diamond	red	dif	left	left	(40, -69)	(-40, -69)	search	nr	True	551807	552820	left	110	85	135	160	10	60	None	None	testing
8	xy	f	18	red	2	(80, 0)	(40, 69)	(-39, 69)	(-80, 0)	(-40, -69)	(40, -69)	circle	none	dif	left	left	N_dist	(80, 0)	search	nr	True	553995	554771	left	60	135	10	160	35	110	None	None	testing
8	xy	f	18	red	2	(80, 0)	(40, 69)	(-39, 69)	(-80, 0)	(-40, -69)	(40, -69)	diamond	red	dif	right	right	(80, 0)	(-39, 69)	probe	l_sin	None	None	None	None	10	60	35	110	160	85	(80, 0)	154	testing
8	xy	f	18	red	2	(80, 0)	(40, 69)	(-39, 69)	(-80, 0)	(-40, -69)	(40, -69)	circle	red	dif	left	left	(40, 69)	(-80, 0)	probe	tar	None	None	None	None	85	60	10	160	35	110	(-80, 0)	37	testing
8	xy	f	18	red	2	(80, 0)	(40, 69)	(-39, 69)	(-80, 0)	(-40, -69)	(40, -69)	diamond	none	same	right	right	N_dist	(-80, 0)	probe	l_tar	None	None	None	None	110	135	160	35	60	10	(-80, 0)	70	testing
8	xy	f	18	red	2	(80, 0)	(40, 69)	(-39, 69)	(-80, 0)	(-40, -69)	(40, -69)	circle	red	same	left	left	(40, 69)	(-40, -69)	probe	h_sin	None	None	None	None	135	10	160	60	35	85	(40, 69)	143	testing
8	xy	f	18	red	2	(80, 0)	(40, 69)	(-39, 69)	(-80, 0)	(-40, -69)	(40, -69)	circle	none	dif	left	left	N_dist	(-39, 69)	search	nr	True	574348	575396	left	60	35	10	135	160	85	None	None	testing
8	xy	f	18	red	2	(80, 0)	(40, 69)	(-39, 69)	(-80, 0)	(-40, -69)	(40, -69)	diamond	none	dif	right	right	N_dist	(-40, -69)	probe	h_norm	None	None	None	None	110	135	160	10	35	85	(40, 69)	36	testing
8	xy	f	18	red	2	(80, 0)	(40, 69)	(-39, 69)	(-80, 0)	(-40, -69)	(40, -69)	circle	none	same	right	right	N_dist	(-39, 69)	search	nr	True	581278	582020	right	10	135	110	160	60	85	None	None	testing
8	xy	f	18	red	2	(80, 0)	(40, 69)	(-39, 69)	(-80, 0)	(-40, -69)	(40, -69)	circle	red	same	left	left	(40, 69)	(-39, 69)	search	nr	True	583282	584100	left	60	110	135	160	10	85	None	None	testing
8	xy	f	18	red	2	(80, 0)	(40, 69)	(-39, 69)	(-80, 0)	(-40, -69)	(40, -69)	circle	none	dif	right	right	N_dist	(40, 69)	search	nr	True	585369	586131	right	135	160	10	60	35	110	None	None	testing
8	xy	f	18	red	2	(80, 0)	(40, 69)	(-39, 69)	(-80, 0)	(-40, -69)	(40, -69)	circle	red	dif	right	right	(40, 69)	(-80, 0)	search	nr	True	587323	588036	right	60	160	35	10	110	135	None	None	testing
8	xy	f	18	red	2	(80, 0)	(40, 69)	(-39, 69)	(-80, 0)	(-40, -69)	(40, -69)	diamond	none	dif	right	right	N_dist	(-40, -69)	search	nr	True	589159	589908	right	85	160	135	60	35	110	None	None	testing
8	xy	f	18	red	2	(80, 0)	(40, 69)	(-39, 69)	(-80, 0)	(-40, -69)	(40, -69)	diamond	red	dif	left	left	(40, -69)	(-40, -69)	search	nr	True	591213	592035	left	160	110	35	85	135	10	None	None	testing
8	xy	f	18	red	2	(80, 0)	(40, 69)	(-39, 69)	(-80, 0)	(-40, -69)	(40, -69)	diamond	none	dif	right	right	N_dist	(-80, 0)	search	nr	True	593216	594068	right	85	10	135	110	35	160	None	None	testing
8	xy	f	18	red	2	(80, 0)	(40, 69)	(-39, 69)	(-80, 0)	(-40, -69)	(40, -69)	circle	red	dif	right	right	(40, 69)	(-39, 69)	probe	h_sin	None	None	None	None	60	160	35	10	85	135	(40, 69)	107	testing
8	xy	f	18	red	2	(80, 0)	(40, 69)	(-39, 69)	(-80, 0)	(-40, -69)	(40, -69)	circle	red	same	left	left	(40, 69)	(80, 0)	search	nr	True	601031	601908	left	60	160	110	10	135	85	None	None	testing
8	xy	f	18	red	2	(80, 0)	(40, 69)	(-39, 69)	(-80, 0)	(-40, -69)	(40, -69)	circle	none	same	left	left	N_dist	(-39, 69)	probe	h_norm	None	None	None	None	85	160	35	110	135	60	(40, 69)	66	testing
8	xy	f	18	red	2	(80, 0)	(40, 69)	(-39, 69)	(-80, 0)	(-40, -69)	(40, -69)	diamond	none	same	right	right	N_dist	(80, 0)	probe	l_tar	None	None	None	None	135	35	60	110	10	85	(80, 0)	26	testing
8	xy	f	18	red	2	(80, 0)	(40, 69)	(-39, 69)	(-80, 0)	(-40, -69)	(40, -69)	diamond	none	same	left	left	N_dist	(40, 69)	search	nr	True	612652	613524	left	60	160	135	10	110	35	None	None	testing
8	xy	f	18	red	2	(80, 0)	(40, 69)	(-39, 69)	(-80, 0)	(-40, -69)	(40, -69)	diamond	none	dif	left	left	N_dist	(-39, 69)	search	nr	True	614773	615507	left	85	110	160	35	60	135	None	None	testing
8	xy	f	18	red	2	(80, 0)	(40, 69)	(-39, 69)	(-80, 0)	(-40, -69)	(40, -69)	diamond	red	dif	left	left	(40, 69)	(40, -69)	search	nr	True	616726	617715	left	60	160	10	35	135	110	None	None	testing
8	xy	f	18	red	2	(80, 0)	(40, 69)	(-39, 69)	(-80, 0)	(-40, -69)	(40, -69)	circle	red	same	left	left	(-40, -69)	(40, -69)	search	nr	True	618781	619748	left	110	85	10	135	60	35	None	None	testing
8	xy	f	18	red	2	(80, 0)	(40, 69)	(-39, 69)	(-80, 0)	(-40, -69)	(40, -69)	diamond	none	dif	right	right	N_dist	(40, 69)	search	nr	True	620918	622228	right	85	10	160	35	110	135	None	None	testing
8	xy	f	18	red	2	(80, 0)	(40, 69)	(-39, 69)	(-80, 0)	(-40, -69)	(40, -69)	circle	red	dif	left	left	(40, 69)	(-80, 0)	search	nr	True	623289	623956	left	10	60	35	160	110	85	None	None	testing
8	xy	f	18	red	2	(80, 0)	(40, 69)	(-39, 69)	(-80, 0)	(-40, -69)	(40, -69)	diamond	red	dif	right	right	(40, -69)	(-80, 0)	probe	tar	None	None	None	None	110	135	35	160	60	85	(-80, 0)	57	testing
8	xy	f	18	red	2	(80, 0)	(40, 69)	(-39, 69)	(-80, 0)	(-40, -69)	(40, -69)	diamond	red	same	right	right	(40, 69)	(-40, -69)	search	nr	True	629734	630612	right	110	160	10	60	85	135	None	None	testing
8	xy	f	18	red	2	(80, 0)	(40, 69)	(-39, 69)	(-80, 0)	(-40, -69)	(40, -69)	diamond	red	same	right	right	(40, 69)	(-39, 69)	search	nr	True	631771	632484	right	60	85	110	160	35	10	None	None	testing
8	xy	f	18	red	2	(80, 0)	(40, 69)	(-39, 69)	(-80, 0)	(-40, -69)	(40, -69)	diamond	red	same	left	left	(40, 69)	(40, -69)	search	nr	True	633708	634451	left	110	160	35	85	135	10	None	None	testing
8	xy	f	18	red	2	(80, 0)	(40, 69)	(-39, 69)	(-80, 0)	(-40, -69)	(40, -69)	diamond	red	dif	right	right	(-40, -69)	(80, 0)	search	nr	True	635662	636500	right	10	35	160	135	85	60	None	None	testing
8	xy	f	18	red	2	(80, 0)	(40, 69)	(-39, 69)	(-80, 0)	(-40, -69)	(40, -69)	circle	red	same	right	right	(40, 69)	(-39, 69)	probe	norm	None	None	None	None	35	10	60	160	135	85	(40, -69)	16	testing
8	xy	f	18	red	2	(80, 0)	(40, 69)	(-39, 69)	(-80, 0)	(-40, -69)	(40, -69)	circle	none	dif	right	right	N_dist	(40, 69)	probe	h_tar	None	None	None	None	35	10	110	160	85	135	(40, 69)	66	testing
8	xy	f	18	red	2	(80, 0)	(40, 69)	(-39, 69)	(-80, 0)	(-40, -69)	(40, -69)	circle	none	same	right	right	N_dist	(-80, 0)	search	nr	True	646698	647412	right	10	60	35	160	110	135	None	None	testing
8	xy	f	18	red	2	(80, 0)	(40, 69)	(-39, 69)	(-80, 0)	(-40, -69)	(40, -69)	diamond	red	same	left	left	(80, 0)	(40, -69)	probe	l_sin	None	None	None	None	85	60	35	110	160	10	(80, 0)	167	testing
8	xy	f	18	red	2	(80, 0)	(40, 69)	(-39, 69)	(-80, 0)	(-40, -69)	(40, -69)	circle	red	dif	left	left	(40, 69)	(40, -69)	search	nr	True	652726	653668	left	135	35	160	110	60	10	None	None	testing
8	xy	f	18	red	2	(80, 0)	(40, 69)	(-39, 69)	(-80, 0)	(-40, -69)	(40, -69)	circle	red	same	right	right	(40, -69)	(-80, 0)	search	nr	True	654897	655620	right	10	35	85	160	60	135	None	None	testing
8	xy	f	18	red	2	(80, 0)	(40, 69)	(-39, 69)	(-80, 0)	(-40, -69)	(40, -69)	circle	red	dif	right	right	(40, 69)	(-39, 69)	probe	tar	None	None	None	None	135	85	10	35	160	60	(-39, 69)	158	testing
8	xy	f	18	red	2	(80, 0)	(40, 69)	(-39, 69)	(-80, 0)	(-40, -69)	(40, -69)	diamond	none	dif	left	left	N_dist	(40, 69)	probe	h_tar	None	None	None	None	10	110	160	135	85	35	(40, 69)	28	testing
8	xy	f	18	red	2	(80, 0)	(40, 69)	(-39, 69)	(-80, 0)	(-40, -69)	(40, -69)	circle	none	same	right	right	N_dist	(40, -69)	probe	h_norm	None	None	None	None	35	110	135	60	10	160	(40, 69)	155	testing
8	xy	f	18	red	2	(80, 0)	(40, 69)	(-39, 69)	(-80, 0)	(-40, -69)	(40, -69)	diamond	none	dif	right	right	N_dist	(40, 69)	probe	h_tar	None	None	None	None	160	60	10	35	135	110	(40, 69)	150	testing
8	xy	f	18	red	2	(80, 0)	(40, 69)	(-39, 69)	(-80, 0)	(-40, -69)	(40, -69)	diamond	none	same	left	left	N_dist	(80, 0)	search	nr	True	673982	674851	left	110	160	10	85	135	60	None	None	testing
8	xy	f	18	red	2	(80, 0)	(40, 69)	(-39, 69)	(-80, 0)	(-40, -69)	(40, -69)	diamond	red	dif	left	left	(40, -69)	(-39, 69)	search	nr	True	675919	676643	left	135	110	10	85	160	35	None	None	testing
8	xy	f	18	red	2	(80, 0)	(40, 69)	(-39, 69)	(-80, 0)	(-40, -69)	(40, -69)	diamond	none	dif	left	left	N_dist	(-39, 69)	search	nr	True	677939	678515	left	10	60	35	160	85	110	None	None	testing
8	xy	f	18	red	2	(80, 0)	(40, 69)	(-39, 69)	(-80, 0)	(-40, -69)	(40, -69)	circle	red	dif	right	right	(40, 69)	(40, -69)	probe	tar	None	None	None	None	60	110	35	85	135	160	(40, -69)	38	testing
8	xy	f	18	red	2	(80, 0)	(40, 69)	(-39, 69)	(-80, 0)	(-40, -69)	(40, -69)	circle	red	dif	right	right	(40, 69)	(-80, 0)	search	nr	True	684284	685011	right	85	60	110	160	35	10	None	None	testing
8	xy	f	18	red	2	(80, 0)	(40, 69)	(-39, 69)	(-80, 0)	(-40, -69)	(40, -69)	circle	none	dif	left	left	N_dist	(40, -69)	search	nr	True	686238	686948	left	160	35	135	110	60	10	None	None	testing
8	xy	f	18	red	2	(80, 0)	(40, 69)	(-39, 69)	(-80, 0)	(-40, -69)	(40, -69)	circle	red	dif	left	left	(40, 69)	(-40, -69)	search	nr	True	688075	689315	left	85	60	10	160	35	135	None	None	testing
8	xy	f	18	red	2	(80, 0)	(40, 69)	(-39, 69)	(-80, 0)	(-40, -69)	(40, -69)	diamond	red	same	right	right	(-39, 69)	(80, 0)	probe	l_sin	None	None	None	None	135	160	10	35	85	60	(-39, 69)	28	testing
8	xy	f	18	red	2	(80, 0)	(40, 69)	(-39, 69)	(-80, 0)	(-40, -69)	(40, -69)	diamond	red	dif	right	right	(-40, -69)	(-80, 0)	search	nr	True	695888	696723	right	135	60	35	110	85	10	None	None	testing
8	xy	f	18	red	2	(80, 0)	(40, 69)	(-39, 69)	(-80, 0)	(-40, -69)	(40, -69)	diamond	red	dif	left	left	(40, 69)	(-39, 69)	probe	norm	None	None	None	None	160	135	85	35	110	10	(-80, 0)	10	testing
8	xy	f	18	red	2	(80, 0)	(40, 69)	(-39, 69)	(-80, 0)	(-40, -69)	(40, -69)	diamond	red	dif	right	right	(40, 69)	(-80, 0)	probe	tar	None	None	None	None	85	35	110	135	160	60	(-80, 0)	24	testing
8	xy	f	18	red	2	(80, 0)	(40, 69)	(-39, 69)	(-80, 0)	(-40, -69)	(40, -69)	circle	red	same	left	left	(80, 0)	(-39, 69)	search	nr	True	706608	707971	left	135	60	10	85	160	110	None	None	testing
8	xy	f	18	red	2	(80, 0)	(40, 69)	(-39, 69)	(-80, 0)	(-40, -69)	(40, -69)	circle	none	same	left	left	N_dist	(40, 69)	search	nr	True	709146	709843	left	10	160	35	60	110	135	None	None	testing
8	xy	f	18	red	2	(80, 0)	(40, 69)	(-39, 69)	(-80, 0)	(-40, -69)	(40, -69)	diamond	none	same	right	right	N_dist	(40, -69)	search	nr	True	710917	711700	right	35	160	135	85	10	60	None	None	testing
8	xy	f	18	red	2	(80, 0)	(40, 69)	(-39, 69)	(-80, 0)	(-40, -69)	(40, -69)	circle	none	same	left	left	N_dist	(40, 69)	probe	h_tar	None	None	None	None	160	10	110	60	135	85	(40, 69)	73	testing
8	xy	f	18	red	2	(80, 0)	(40, 69)	(-39, 69)	(-80, 0)	(-40, -69)	(40, -69)	circle	red	same	left	left	(-39, 69)	(-80, 0)	search	nr	True	717529	718292	left	60	160	110	135	85	35	None	None	testing
8	xy	f	18	red	2	(80, 0)	(40, 69)	(-39, 69)	(-80, 0)	(-40, -69)	(40, -69)	diamond	red	same	right	right	(40, 69)	(80, 0)	search	nr	True	719532	720227	right	60	110	85	135	35	160	None	None	testing
8	xy	f	18	red	2	(80, 0)	(40, 69)	(-39, 69)	(-80, 0)	(-40, -69)	(40, -69)	diamond	red	dif	right	right	(-39, 69)	(-80, 0)	probe	tar	None	None	None	None	35	135	10	85	160	110	(-80, 0)	16	testing
8	xy	f	18	red	2	(80, 0)	(40, 69)	(-39, 69)	(-80, 0)	(-40, -69)	(40, -69)	diamond	red	same	right	right	(80, 0)	(-80, 0)	probe	l_sin	None	None	None	None	35	10	160	60	135	110	(80, 0)	68	testing
8	xy	f	18	red	2	(80, 0)	(40, 69)	(-39, 69)	(-80, 0)	(-40, -69)	(40, -69)	diamond	red	same	left	left	(40, 69)	(40, -69)	search	nr	True	730536	731380	left	160	110	85	135	60	10	None	None	testing
8	xy	f	18	red	2	(80, 0)	(40, 69)	(-39, 69)	(-80, 0)	(-40, -69)	(40, -69)	diamond	none	same	left	left	N_dist	(-39, 69)	search	nr	True	732556	733204	left	10	160	135	35	60	85	None	None	testing
8	xy	f	18	red	2	(80, 0)	(40, 69)	(-39, 69)	(-80, 0)	(-40, -69)	(40, -69)	circle	red	dif	left	left	(40, 69)	(40, -69)	probe	h_sin	None	None	None	None	110	160	35	60	85	10	(40, 69)	117	testing
8	xy	f	18	red	2	(80, 0)	(40, 69)	(-39, 69)	(-80, 0)	(-40, -69)	(40, -69)	circle	red	same	right	right	(40, 69)	(40, -69)	search	nr	True	739235	740019	right	35	160	10	85	135	110	None	None	testing
8	xy	f	18	red	2	(80, 0)	(40, 69)	(-39, 69)	(-80, 0)	(-40, -69)	(40, -69)	circle	none	dif	left	left	N_dist	(-39, 69)	search	nr	True	741255	742036	left	135	35	160	85	110	60	None	None	testing
8	xy	f	18	red	2	(80, 0)	(40, 69)	(-39, 69)	(-80, 0)	(-40, -69)	(40, -69)	diamond	red	dif	left	left	(-80, 0)	(-40, -69)	search	nr	True	743326	744467	left	10	60	160	35	85	110	None	None	testing
8	xy	f	18	red	2	(80, 0)	(40, 69)	(-39, 69)	(-80, 0)	(-40, -69)	(40, -69)	diamond	red	dif	left	left	(40, 69)	(-40, -69)	search	nr	True	745713	746483	left	10	160	110	135	35	85	None	None	testing
8	xy	f	18	red	2	(80, 0)	(40, 69)	(-39, 69)	(-80, 0)	(-40, -69)	(40, -69)	circle	none	dif	right	right	N_dist	(-80, 0)	search	nr	True	747751	748675	left	160	35	135	85	110	60	None	None	testing
8	xy	f	18	red	2	(80, 0)	(40, 69)	(-39, 69)	(-80, 0)	(-40, -69)	(40, -69)	circle	red	same	right	right	(40, 69)	(-39, 69)	search	nr	True	751291	751955	right	135	60	10	85	160	110	None	None	testing
8	xy	f	18	red	2	(80, 0)	(40, 69)	(-39, 69)	(-80, 0)	(-40, -69)	(40, -69)	circle	none	dif	right	right	N_dist	(40, 69)	search	nr	True	753278	753956	right	85	160	110	60	35	10	None	None	testing
8	xy	f	18	red	2	(80, 0)	(40, 69)	(-39, 69)	(-80, 0)	(-40, -69)	(40, -69)	circle	none	same	right	right	N_dist	(-40, -69)	search	nr	True	755231	755891	right	10	35	110	60	160	135	None	None	testing
8	xy	f	18	red	2	(80, 0)	(40, 69)	(-39, 69)	(-80, 0)	(-40, -69)	(40, -69)	diamond	red	dif	right	right	(40, -69)	(-80, 0)	search	nr	True	757018	758099	right	135	35	85	160	10	60	None	None	testing
8	xy	f	18	red	2	(80, 0)	(40, 69)	(-39, 69)	(-80, 0)	(-40, -69)	(40, -69)	diamond	red	dif	left	left	(40, 69)	(-39, 69)	search	nr	True	759289	760628	left	135	35	85	10	160	60	None	None	testing
8	xy	f	18	red	2	(80, 0)	(40, 69)	(-39, 69)	(-80, 0)	(-40, -69)	(40, -69)	diamond	none	same	left	left	N_dist	(-40, -69)	search	nr	True	761794	762612	left	135	160	60	110	85	35	None	None	testing
8	xy	f	18	red	2	(80, 0)	(40, 69)	(-39, 69)	(-80, 0)	(-40, -69)	(40, -69)	diamond	red	same	right	right	(40, 69)	(80, 0)	search	nr	True	763864	764643	right	60	35	85	110	135	10	None	None	testing
8	xy	f	18	red	2	(80, 0)	(40, 69)	(-39, 69)	(-80, 0)	(-40, -69)	(40, -69)	circle	red	dif	left	left	(-80, 0)	(-39, 69)	search	nr	True	765868	767748	left	10	85	135	60	160	110	None	None	testing
8	xy	f	18	red	2	(80, 0)	(40, 69)	(-39, 69)	(-80, 0)	(-40, -69)	(40, -69)	diamond	red	dif	right	right	(80, 0)	(-39, 69)	search	nr	True	768806	770116	right	85	35	60	110	10	135	None	None	testing
8	xy	f	18	red	2	(80, 0)	(40, 69)	(-39, 69)	(-80, 0)	(-40, -69)	(40, -69)	circle	red	dif	right	right	(40, 69)	(-39, 69)	search	nr	True	771227	772179	right	35	60	85	160	10	110	None	None	testing
8	xy	f	18	red	2	(80, 0)	(40, 69)	(-39, 69)	(-80, 0)	(-40, -69)	(40, -69)	diamond	red	same	right	right	(40, 69)	(80, 0)	probe	norm	None	None	None	None	10	60	85	160	110	35	(-80, 0)	175	testing
8	xy	f	18	red	2	(80, 0)	(40, 69)	(-39, 69)	(-80, 0)	(-40, -69)	(40, -69)	circle	none	dif	left	left	N_dist	(40, -69)	probe	l_tar	None	None	None	None	160	35	135	60	110	10	(40, -69)	58	testing
8	xy	f	18	red	2	(80, 0)	(40, 69)	(-39, 69)	(-80, 0)	(-40, -69)	(40, -69)	circle	red	same	right	right	(40, 69)	(-40, -69)	search	nr	True	783233	784036	right	85	110	135	10	35	60	None	None	testing
8	xy	f	18	red	2	(80, 0)	(40, 69)	(-39, 69)	(-80, 0)	(-40, -69)	(40, -69)	circle	none	dif	right	right	N_dist	(40, 69)	search	nr	True	785170	785875	right	110	10	60	135	160	35	None	None	testing
8	xy	f	18	red	2	(80, 0)	(40, 69)	(-39, 69)	(-80, 0)	(-40, -69)	(40, -69)	diamond	red	same	left	left	(40, 69)	(-40, -69)	probe	h_sin	None	None	None	None	135	35	10	85	60	110	(40, 69)	164	testing
8	xy	f	18	red	2	(80, 0)	(40, 69)	(-39, 69)	(-80, 0)	(-40, -69)	(40, -69)	diamond	red	same	right	right	(40, 69)	(80, 0)	probe	norm	None	None	None	None	160	60	110	35	85	135	(40, -69)	55	testing
8	xy	f	18	red	2	(80, 0)	(40, 69)	(-39, 69)	(-80, 0)	(-40, -69)	(40, -69)	circle	red	same	left	left	(40, 69)	(40, -69)	search	nr	True	798795	799811	left	60	160	110	10	85	135	None	None	testing
8	xy	f	18	red	2	(80, 0)	(40, 69)	(-39, 69)	(-80, 0)	(-40, -69)	(40, -69)	circle	red	dif	left	left	(40, 69)	(-80, 0)	search	nr	True	801082	801876	left	135	60	110	10	35	85	None	None	testing
8	xy	f	18	red	2	(80, 0)	(40, 69)	(-39, 69)	(-80, 0)	(-40, -69)	(40, -69)	diamond	red	same	right	right	(40, 69)	(80, 0)	search	nr	True	803153	803875	right	60	110	85	135	35	10	None	None	testing
8	xy	f	18	red	2	(80, 0)	(40, 69)	(-39, 69)	(-80, 0)	(-40, -69)	(40, -69)	diamond	none	dif	left	left	N_dist	(-80, 0)	search	nr	True	804989	805603	left	110	60	85	135	160	35	None	None	testing
8	xy	f	18	red	2	(80, 0)	(40, 69)	(-39, 69)	(-80, 0)	(-40, -69)	(40, -69)	diamond	red	same	right	right	(80, 0)	(-39, 69)	probe	norm	None	None	None	None	110	85	10	60	35	135	(-40, -69)	176	testing
8	xy	f	18	red	2	(80, 0)	(40, 69)	(-39, 69)	(-80, 0)	(-40, -69)	(40, -69)	diamond	none	same	right	right	N_dist	(80, 0)	search	nr	True	811902	812660	right	160	135	35	10	60	110	None	None	testing
8	xy	f	18	red	2	(80, 0)	(40, 69)	(-39, 69)	(-80, 0)	(-40, -69)	(40, -69)	circle	none	same	left	left	N_dist	(40, -69)	search	nr	True	813739	814628	left	35	60	110	10	160	85	None	None	testing
8	xy	f	18	red	2	(80, 0)	(40, 69)	(-39, 69)	(-80, 0)	(-40, -69)	(40, -69)	circle	red	dif	right	right	(40, 69)	(80, 0)	search	nr	True	815926	816836	right	110	135	60	160	35	10	None	None	testing
8	xy	f	18	red	2	(80, 0)	(40, 69)	(-39, 69)	(-80, 0)	(-40, -69)	(40, -69)	circle	red	dif	right	right	(-40, -69)	(80, 0)	search	nr	True	817913	818819	right	60	10	85	135	160	35	None	None	testing
8	xy	f	18	red	2	(80, 0)	(40, 69)	(-39, 69)	(-80, 0)	(-40, -69)	(40, -69)	circle	red	dif	right	right	(40, 69)	(-80, 0)	probe	tar	None	None	None	None	110	135	10	85	60	35	(-80, 0)	8	testing
8	xy	f	18	red	2	(80, 0)	(40, 69)	(-39, 69)	(-80, 0)	(-40, -69)	(40, -69)	diamond	none	same	left	left	N_dist	(80, 0)	probe	l_norm	None	None	None	None	85	160	135	110	60	10	(-80, 0)	177	testing
8	xy	f	18	red	2	(80, 0)	(40, 69)	(-39, 69)	(-80, 0)	(-40, -69)	(40, -69)	diamond	red	same	left	left	(40, 69)	(80, 0)	search	nr	True	829251	830067	left	110	135	85	10	60	160	None	None	testing
8	xy	f	18	red	2	(80, 0)	(40, 69)	(-39, 69)	(-80, 0)	(-40, -69)	(40, -69)	diamond	none	dif	left	left	N_dist	(-39, 69)	probe	l_norm	None	None	None	None	160	85	35	135	60	110	(-40, -69)	12	testing
8	xy	f	18	red	2	(80, 0)	(40, 69)	(-39, 69)	(-80, 0)	(-40, -69)	(40, -69)	diamond	red	dif	right	right	(80, 0)	(-39, 69)	search	nr	True	837900	838755	right	60	85	10	160	135	35	None	None	testing
8	xy	f	18	red	2	(80, 0)	(40, 69)	(-39, 69)	(-80, 0)	(-40, -69)	(40, -69)	circle	red	dif	right	right	(-40, -69)	(80, 0)	probe	norm	None	None	None	None	135	10	35	85	160	110	(40, 69)	31	testing
8	xy	f	18	red	2	(80, 0)	(40, 69)	(-39, 69)	(-80, 0)	(-40, -69)	(40, -69)	circle	none	same	right	right	N_dist	(-39, 69)	probe	l_norm	None	None	None	None	135	85	160	60	35	10	(-40, -69)	8	testing
8	xy	f	18	red	2	(80, 0)	(40, 69)	(-39, 69)	(-80, 0)	(-40, -69)	(40, -69)	diamond	red	same	right	right	(40, 69)	(-80, 0)	probe	h_sin	None	None	None	None	135	160	35	60	85	10	(40, 69)	164	testing
8	xy	f	18	red	2	(80, 0)	(40, 69)	(-39, 69)	(-80, 0)	(-40, -69)	(40, -69)	circle	red	same	left	left	(-40, -69)	(40, -69)	probe	l_sin	None	None	None	None	10	85	35	160	135	60	(-40, -69)	174	testing
8	xy	f	18	red	2	(80, 0)	(40, 69)	(-39, 69)	(-80, 0)	(-40, -69)	(40, -69)	circle	none	same	right	right	N_dist	(40, -69)	probe	l_norm	None	None	None	None	60	35	10	135	160	85	(-80, 0)	17	testing
8	xy	f	18	red	2	(80, 0)	(40, 69)	(-39, 69)	(-80, 0)	(-40, -69)	(40, -69)	diamond	red	dif	right	right	(-39, 69)	(-80, 0)	search	nr	True	864616	865571	right	85	135	35	110	60	10	None	None	testing
8	xy	f	18	red	2	(80, 0)	(40, 69)	(-39, 69)	(-80, 0)	(-40, -69)	(40, -69)	diamond	red	dif	right	right	(40, -69)	(-80, 0)	search	nr	True	866703	867252	right	10	60	135	35	85	110	None	None	testing
8	xy	f	18	red	2	(80, 0)	(40, 69)	(-39, 69)	(-80, 0)	(-40, -69)	(40, -69)	diamond	red	same	left	left	(40, 69)	(-40, -69)	search	nr	True	868456	869299	left	110	160	10	135	60	85	None	None	testing
8	xy	f	18	red	2	(80, 0)	(40, 69)	(-39, 69)	(-80, 0)	(-40, -69)	(40, -69)	circle	red	dif	right	right	(40, 69)	(-39, 69)	search	nr	True	870577	871315	right	60	110	35	85	10	135	None	None	testing
8	xy	f	18	red	2	(80, 0)	(40, 69)	(-39, 69)	(-80, 0)	(-40, -69)	(40, -69)	circle	red	same	right	right	(40, 69)	(-40, -69)	search	nr	True	872614	873267	right	135	35	60	10	110	85	None	None	testing
8	xy	f	18	red	2	(80, 0)	(40, 69)	(-39, 69)	(-80, 0)	(-40, -69)	(40, -69)	diamond	red	dif	left	left	(40, 69)	(-39, 69)	search	nr	True	874367	875252	left	60	10	160	135	110	35	None	None	testing
8	xy	f	18	red	2	(80, 0)	(40, 69)	(-39, 69)	(-80, 0)	(-40, -69)	(40, -69)	diamond	red	dif	right	right	(40, 69)	(-40, -69)	search	nr	True	876404	877091	right	10	35	60	160	85	135	None	None	testing
8	xy	f	18	red	2	(80, 0)	(40, 69)	(-39, 69)	(-80, 0)	(-40, -69)	(40, -69)	diamond	red	same	left	left	(40, 69)	(80, 0)	search	nr	True	878241	878947	left	135	35	110	60	160	85	None	None	testing
8	xy	f	18	red	2	(80, 0)	(40, 69)	(-39, 69)	(-80, 0)	(-40, -69)	(40, -69)	diamond	none	same	left	left	N_dist	(40, 69)	search	nr	True	880094	880723	left	10	60	85	160	35	110	None	None	testing
8	xy	f	18	red	2	(80, 0)	(40, 69)	(-39, 69)	(-80, 0)	(-40, -69)	(40, -69)	diamond	red	dif	left	left	(40, 69)	(-39, 69)	probe	norm	None	None	None	None	135	35	110	10	85	60	(-40, -69)	0	testing
8	xy	f	18	red	2	(80, 0)	(40, 69)	(-39, 69)	(-80, 0)	(-40, -69)	(40, -69)	diamond	red	dif	left	left	(40, -69)	(-39, 69)	search	nr	True	886105	886739	left	60	160	10	110	35	85	None	None	testing
8	xy	f	18	red	2	(80, 0)	(40, 69)	(-39, 69)	(-80, 0)	(-40, -69)	(40, -69)	circle	red	dif	left	left	(-80, 0)	(-39, 69)	probe	l_sin	None	None	None	None	60	10	85	160	35	110	(-80, 0)	24	testing
8	xy	f	18	red	2	(80, 0)	(40, 69)	(-39, 69)	(-80, 0)	(-40, -69)	(40, -69)	diamond	none	same	right	right	N_dist	(-40, -69)	search	nr	True	892049	892836	right	160	85	135	110	35	60	None	None	testing
8	xy	f	18	red	2	(80, 0)	(40, 69)	(-39, 69)	(-80, 0)	(-40, -69)	(40, -69)	diamond	red	same	left	left	(40, 69)	(-40, -69)	search	nr	True	894053	894788	left	85	160	135	10	110	35	None	None	testing
8	xy	f	18	red	2	(80, 0)	(40, 69)	(-39, 69)	(-80, 0)	(-40, -69)	(40, -69)	diamond	none	dif	left	left	N_dist	(40, 69)	search	nr	True	895957	896611	left	10	160	135	110	35	60	None	None	testing
8	xy	f	18	red	2	(80, 0)	(40, 69)	(-39, 69)	(-80, 0)	(-40, -69)	(40, -69)	circle	red	same	left	left	(40, 69)	(40, -69)	search	nr	True	897827	898915	left	110	10	135	60	160	85	None	None	testing
8	xy	f	18	red	2	(80, 0)	(40, 69)	(-39, 69)	(-80, 0)	(-40, -69)	(40, -69)	circle	red	same	right	right	(40, 69)	(-40, -69)	search	nr	True	900198	900995	right	135	10	35	60	110	85	None	None	testing
8	xy	f	18	red	2	(80, 0)	(40, 69)	(-39, 69)	(-80, 0)	(-40, -69)	(40, -69)	circle	none	dif	left	left	N_dist	(80, 0)	search	nr	True	902118	902899	left	135	85	160	35	60	110	None	None	testing
8	xy	f	18	red	2	(80, 0)	(40, 69)	(-39, 69)	(-80, 0)	(-40, -69)	(40, -69)	circle	red	dif	right	right	(40, 69)	(-39, 69)	search	nr	True	904005	904691	right	60	160	35	85	110	135	None	None	testing
8	xy	f	18	red	2	(80, 0)	(40, 69)	(-39, 69)	(-80, 0)	(-40, -69)	(40, -69)	circle	none	same	left	left	N_dist	(40, 69)	search	nr	True	905808	906500	left	10	135	35	160	85	60	None	None	testing
8	xy	f	18	red	2	(80, 0)	(40, 69)	(-39, 69)	(-80, 0)	(-40, -69)	(40, -69)	circle	red	same	left	left	(40, 69)	(-39, 69)	search	nr	True	907745	908339	left	135	110	85	35	10	60	None	None	testing
8	xy	f	18	red	2	(80, 0)	(40, 69)	(-39, 69)	(-80, 0)	(-40, -69)	(40, -69)	diamond	red	same	right	right	(40, 69)	(-80, 0)	search	nr	True	909464	910371	right	85	60	10	160	135	110	None	None	testing
8	xy	f	18	red	2	(80, 0)	(40, 69)	(-39, 69)	(-80, 0)	(-40, -69)	(40, -69)	circle	red	same	right	right	(40, 69)	(40, -69)	search	nr	True	911452	912163	left	10	160	35	85	135	110	None	None	testing
8	xy	f	18	red	2	(80, 0)	(40, 69)	(-39, 69)	(-80, 0)	(-40, -69)	(40, -69)	circle	none	same	right	right	N_dist	(-39, 69)	search	nr	True	914841	915603	right	110	10	135	160	85	35	None	None	testing
8	xy	f	18	red	2	(80, 0)	(40, 69)	(-39, 69)	(-80, 0)	(-40, -69)	(40, -69)	circle	red	same	right	right	(-39, 69)	(-40, -69)	probe	norm	None	None	None	None	10	135	60	35	160	85	(80, 0)	141	testing
8	xy	f	18	red	2	(80, 0)	(40, 69)	(-39, 69)	(-80, 0)	(-40, -69)	(40, -69)	diamond	red	same	left	left	(40, 69)	(40, -69)	search	nr	True	921770	922642	right	35	60	160	85	10	110	None	None	testing
8	xy	f	18	red	2	(80, 0)	(40, 69)	(-39, 69)	(-80, 0)	(-40, -69)	(40, -69)	circle	red	dif	left	left	(-39, 69)	(-40, -69)	search	nr	True	925310	926547	left	160	35	135	10	85	110	None	None	testing
8	xy	f	18	red	2	(80, 0)	(40, 69)	(-39, 69)	(-80, 0)	(-40, -69)	(40, -69)	circle	red	dif	left	left	(80, 0)	(-40, -69)	probe	l_sin	None	None	None	None	135	85	160	10	35	60	(80, 0)	37	testing
8	xy	f	18	red	2	(80, 0)	(40, 69)	(-39, 69)	(-80, 0)	(-40, -69)	(40, -69)	circle	none	same	right	right	N_dist	(-40, -69)	probe	l_norm	None	None	None	None	85	135	110	35	160	60	(40, -69)	30	testing
8	xy	f	18	red	2	(80, 0)	(40, 69)	(-39, 69)	(-80, 0)	(-40, -69)	(40, -69)	diamond	none	dif	right	right	N_dist	(40, -69)	search	nr	True	935930	936883	right	10	110	35	85	160	135	None	None	testing
8	xy	f	18	red	2	(80, 0)	(40, 69)	(-39, 69)	(-80, 0)	(-40, -69)	(40, -69)	diamond	red	dif	left	left	(-80, 0)	(-40, -69)	search	nr	True	937967	939171	left	85	60	35	135	110	160	None	None	testing
8	xy	f	18	red	2	(80, 0)	(40, 69)	(-39, 69)	(-80, 0)	(-40, -69)	(40, -69)	circle	none	same	left	left	N_dist	(40, -69)	probe	l_norm	None	None	None	None	35	60	10	135	110	85	(-80, 0)	5	testing
8	xy	f	18	red	2	(80, 0)	(40, 69)	(-39, 69)	(-80, 0)	(-40, -69)	(40, -69)	circle	none	dif	left	left	N_dist	(-39, 69)	probe	h_norm	None	None	None	None	110	10	60	160	35	135	(40, 69)	157	testing
8	xy	f	18	red	2	(80, 0)	(40, 69)	(-39, 69)	(-80, 0)	(-40, -69)	(40, -69)	diamond	none	dif	right	right	N_dist	(-40, -69)	search	nr	True	949372	950227	right	85	110	60	160	135	10	None	None	testing
8	xy	f	18	red	2	(80, 0)	(40, 69)	(-39, 69)	(-80, 0)	(-40, -69)	(40, -69)	circle	red	dif	left	left	(40, 69)	(40, -69)	search	nr	True	951292	952163	left	10	160	135	60	110	35	None	None	testing
8	xy	f	18	red	2	(80, 0)	(40, 69)	(-39, 69)	(-80, 0)	(-40, -69)	(40, -69)	diamond	red	dif	right	right	(40, 69)	(80, 0)	search	nr	True	953395	954515	right	60	110	135	160	35	10	None	None	testing
8	xy	f	18	red	2	(80, 0)	(40, 69)	(-39, 69)	(-80, 0)	(-40, -69)	(40, -69)	diamond	red	dif	left	left	(-39, 69)	(-80, 0)	search	nr	True	955667	956659	left	35	60	10	160	85	110	None	None	testing
8	xy	f	18	red	2	(80, 0)	(40, 69)	(-39, 69)	(-80, 0)	(-40, -69)	(40, -69)	circle	red	dif	right	right	(40, 69)	(-39, 69)	search	nr	True	957770	958627	right	35	85	110	135	10	60	None	None	testing
8	xy	f	18	red	2	(80, 0)	(40, 69)	(-39, 69)	(-80, 0)	(-40, -69)	(40, -69)	circle	red	dif	right	right	(40, 69)	(40, -69)	probe	h_sin	None	None	None	None	110	60	160	10	85	135	(40, 69)	163	testing
8	xy	f	18	red	2	(80, 0)	(40, 69)	(-39, 69)	(-80, 0)	(-40, -69)	(40, -69)	diamond	none	dif	left	left	N_dist	(-40, -69)	search	nr	True	964616	965380	left	10	160	85	35	60	110	None	None	testing
8	xy	f	18	red	2	(80, 0)	(40, 69)	(-39, 69)	(-80, 0)	(-40, -69)	(40, -69)	diamond	red	same	left	left	(40, 69)	(-80, 0)	search	nr	True	966552	967443	left	110	60	35	135	160	10	None	None	testing
8	xy	f	18	red	2	(80, 0)	(40, 69)	(-39, 69)	(-80, 0)	(-40, -69)	(40, -69)	circle	none	same	left	left	N_dist	(-39, 69)	search	nr	True	968506	969203	left	160	60	110	85	10	135	None	None	testing
8	xy	f	18	red	2	(80, 0)	(40, 69)	(-39, 69)	(-80, 0)	(-40, -69)	(40, -69)	diamond	red	dif	right	right	(40, 69)	(80, 0)	probe	norm	None	None	None	None	60	35	10	110	85	135	(-40, -69)	162	testing
8	xy	f	18	red	2	(80, 0)	(40, 69)	(-39, 69)	(-80, 0)	(-40, -69)	(40, -69)	circle	red	same	left	left	(40, 69)	(80, 0)	probe	tar	None	None	None	None	160	110	10	85	135	60	(80, 0)	45	testing
8	xy	f	18	red	2	(80, 0)	(40, 69)	(-39, 69)	(-80, 0)	(-40, -69)	(40, -69)	diamond	red	dif	right	right	(40, 69)	(-40, -69)	probe	h_sin	None	None	None	None	10	135	35	160	85	60	(40, 69)	169	testing
8	xy	f	18	red	2	(80, 0)	(40, 69)	(-39, 69)	(-80, 0)	(-40, -69)	(40, -69)	circle	red	same	right	right	(-80, 0)	(40, -69)	search	nr	True	987525	988675	right	10	110	85	160	60	135	None	None	testing
8	xy	f	18	red	2	(80, 0)	(40, 69)	(-39, 69)	(-80, 0)	(-40, -69)	(40, -69)	diamond	red	dif	right	right	(-40, -69)	(-80, 0)	search	nr	True	989963	990995	right	135	110	10	85	60	160	None	None	testing
8	xy	f	18	red	2	(80, 0)	(40, 69)	(-39, 69)	(-80, 0)	(-40, -69)	(40, -69)	circle	red	same	right	right	(-40, -69)	(-80, 0)	probe	l_sin	None	None	None	None	135	35	60	85	110	160	(-40, -69)	16	testing
8	xy	f	18	red	2	(80, 0)	(40, 69)	(-39, 69)	(-80, 0)	(-40, -69)	(40, -69)	diamond	none	dif	right	right	N_dist	(40, -69)	probe	l_norm	None	None	None	None	35	135	110	160	10	60	(-40, -69)	168	testing
8	xy	f	18	red	2	(80, 0)	(40, 69)	(-39, 69)	(-80, 0)	(-40, -69)	(40, -69)	circle	red	same	right	right	(40, 69)	(-80, 0)	search	nr	True	1000599	1001427	right	110	85	10	135	60	35	None	None	testing
8	xy	f	18	red	2	(80, 0)	(40, 69)	(-39, 69)	(-80, 0)	(-40, -69)	(40, -69)	circle	red	dif	right	right	(40, 69)	(-39, 69)	search	nr	True	1002602	1003235	right	135	10	60	85	35	110	None	None	testing
8	xy	f	18	red	2	(80, 0)	(40, 69)	(-39, 69)	(-80, 0)	(-40, -69)	(40, -69)	diamond	none	dif	left	left	N_dist	(-40, -69)	probe	h_norm	None	None	None	None	160	35	110	60	85	135	(40, 69)	165	testing
8	xy	f	18	red	2	(80, 0)	(40, 69)	(-39, 69)	(-80, 0)	(-40, -69)	(40, -69)	diamond	red	same	left	left	(-80, 0)	(40, -69)	search	nr	True	1008747	1009923	left	35	10	60	85	110	135	None	None	testing
8	xy	f	18	red	2	(80, 0)	(40, 69)	(-39, 69)	(-80, 0)	(-40, -69)	(40, -69)	diamond	red	dif	left	left	(40, 69)	(40, -69)	search	nr	True	1011134	1011842	left	60	110	160	35	85	10	None	None	testing
8	xy	f	18	red	2	(80, 0)	(40, 69)	(-39, 69)	(-80, 0)	(-40, -69)	(40, -69)	circle	red	same	left	left	(40, 69)	(-39, 69)	probe	norm	None	None	None	None	10	135	35	110	60	160	(-40, -69)	24	testing
8	xy	f	18	red	2	(80, 0)	(40, 69)	(-39, 69)	(-80, 0)	(-40, -69)	(40, -69)	diamond	none	same	right	right	N_dist	(80, 0)	search	nr	True	1018982	1019827	right	10	110	160	60	135	85	None	None	testing
8	xy	f	18	red	2	(80, 0)	(40, 69)	(-39, 69)	(-80, 0)	(-40, -69)	(40, -69)	diamond	red	dif	left	left	(-80, 0)	(-40, -69)	probe	l_sin	None	None	None	None	60	35	10	85	160	135	(-80, 0)	31	testing
8	xy	f	18	red	2	(80, 0)	(40, 69)	(-39, 69)	(-80, 0)	(-40, -69)	(40, -69)	circle	red	dif	right	right	(40, 69)	(40, -69)	search	nr	True	1026079	1026803	right	10	110	85	35	60	160	None	None	testing
8	xy	f	18	red	2	(80, 0)	(40, 69)	(-39, 69)	(-80, 0)	(-40, -69)	(40, -69)	diamond	red	same	right	right	(40, 69)	(-39, 69)	probe	norm	None	None	None	None	135	160	10	60	85	110	(80, 0)	64	testing
8	xy	f	18	red	2	(80, 0)	(40, 69)	(-39, 69)	(-80, 0)	(-40, -69)	(40, -69)	diamond	red	dif	right	right	(40, 69)	(-40, -69)	search	nr	True	1033442	1034531	right	135	60	160	110	85	10	None	None	testing
8	xy	f	18	red	2	(80, 0)	(40, 69)	(-39, 69)	(-80, 0)	(-40, -69)	(40, -69)	circle	none	dif	right	right	N_dist	(80, 0)	probe	h_norm	None	None	None	None	35	135	60	10	160	85	(40, 69)	78	testing
8	xy	f	18	red	2	(80, 0)	(40, 69)	(-39, 69)	(-80, 0)	(-40, -69)	(40, -69)	diamond	red	same	left	left	(40, 69)	(40, -69)	probe	tar	None	None	None	None	35	85	110	135	160	10	(40, -69)	34	testing
8	xy	f	18	red	2	(80, 0)	(40, 69)	(-39, 69)	(-80, 0)	(-40, -69)	(40, -69)	diamond	none	same	right	right	N_dist	(80, 0)	search	nr	True	1045448	1046227	right	110	160	35	85	10	135	None	None	testing
8	xy	f	18	red	2	(80, 0)	(40, 69)	(-39, 69)	(-80, 0)	(-40, -69)	(40, -69)	diamond	red	same	left	left	(40, 69)	(-80, 0)	probe	h_sin	None	None	None	None	110	10	60	85	35	135	(40, 69)	157	testing
8	xy	f	18	red	2	(80, 0)	(40, 69)	(-39, 69)	(-80, 0)	(-40, -69)	(40, -69)	circle	red	same	left	left	(80, 0)	(-39, 69)	search	nr	True	1053429	1054386	left	135	110	10	85	60	160	None	None	testing
8	xy	f	18	red	2	(80, 0)	(40, 69)	(-39, 69)	(-80, 0)	(-40, -69)	(40, -69)	diamond	red	same	right	right	(40, 69)	(-40, -69)	probe	norm	None	None	None	None	35	135	160	110	60	10	(80, 0)	68	testing
8	xy	f	18	red	2	(80, 0)	(40, 69)	(-39, 69)	(-80, 0)	(-40, -69)	(40, -69)	circle	red	dif	left	left	(-39, 69)	(-40, -69)	search	nr	True	1060475	1061411	left	160	60	85	110	135	35	None	None	testing
8	xy	f	18	red	2	(80, 0)	(40, 69)	(-39, 69)	(-80, 0)	(-40, -69)	(40, -69)	circle	red	dif	left	left	(-40, -69)	(-39, 69)	search	nr	True	1062613	1063395	left	110	10	35	160	135	85	None	None	testing
8	xy	f	18	red	2	(80, 0)	(40, 69)	(-39, 69)	(-80, 0)	(-40, -69)	(40, -69)	diamond	red	dif	right	right	(-40, -69)	(80, 0)	search	nr	True	1064483	1065475	right	35	10	60	110	160	135	None	None	testing
8	xy	f	18	red	2	(80, 0)	(40, 69)	(-39, 69)	(-80, 0)	(-40, -69)	(40, -69)	circle	none	dif	right	right	N_dist	(80, 0)	search	nr	True	1066654	1067363	right	35	10	85	160	135	60	None	None	testing
8	xy	f	18	red	2	(80, 0)	(40, 69)	(-39, 69)	(-80, 0)	(-40, -69)	(40, -69)	circle	red	dif	left	left	(40, 69)	(-40, -69)	probe	norm	None	None	None	None	160	35	10	135	85	60	(-80, 0)	26	testing
8	xy	f	18	red	2	(80, 0)	(40, 69)	(-39, 69)	(-80, 0)	(-40, -69)	(40, -69)	circle	none	same	right	right	N_dist	(40, -69)	search	nr	True	1073199	1073970	right	60	110	35	160	135	10	None	None	testing
8	xy	f	18	red	2	(80, 0)	(40, 69)	(-39, 69)	(-80, 0)	(-40, -69)	(40, -69)	diamond	red	dif	right	right	(-39, 69)	(-80, 0)	search	nr	True	1075119	1076066	right	135	160	10	35	85	110	None	None	testing
8	xy	f	18	red	2	(80, 0)	(40, 69)	(-39, 69)	(-80, 0)	(-40, -69)	(40, -69)	circle	red	same	right	right	(40, 69)	(40, -69)	probe	tar	None	None	None	None	85	160	110	35	135	60	(40, -69)	159	testing
8	xy	f	18	red	2	(80, 0)	(40, 69)	(-39, 69)	(-80, 0)	(-40, -69)	(40, -69)	circle	red	same	left	left	(40, 69)	(40, -69)	probe	norm	None	None	None	None	135	35	110	60	160	85	(-80, 0)	165	testing
8	xy	f	18	red	2	(80, 0)	(40, 69)	(-39, 69)	(-80, 0)	(-40, -69)	(40, -69)	circle	red	dif	right	right	(40, 69)	(40, -69)	search	nr	True	1086156	1086850	right	60	160	35	10	135	110	None	None	testing
8	xy	f	18	red	2	(80, 0)	(40, 69)	(-39, 69)	(-80, 0)	(-40, -69)	(40, -69)	circle	red	dif	left	left	(40, 69)	(-40, -69)	search	nr	True	1087960	1088755	left	135	35	160	60	110	85	None	None	testing
8	xy	f	18	red	2	(80, 0)	(40, 69)	(-39, 69)	(-80, 0)	(-40, -69)	(40, -69)	circle	none	same	left	left	N_dist	(40, 69)	search	nr	True	1089830	1090563	left	35	10	60	135	110	85	None	None	testing
8	xy	f	18	red	2	(80, 0)	(40, 69)	(-39, 69)	(-80, 0)	(-40, -69)	(40, -69)	circle	red	same	left	left	(40, 69)	(80, 0)	probe	h_sin	None	None	None	None	160	35	85	135	60	10	(40, 69)	51	testing
8	xy	f	18	red	2	(80, 0)	(40, 69)	(-39, 69)	(-80, 0)	(-40, -69)	(40, -69)	diamond	none	dif	left	left	N_dist	(40, 69)	search	nr	True	1096558	1097203	left	85	110	60	10	160	35	None	None	testing
8	xy	f	18	red	2	(80, 0)	(40, 69)	(-39, 69)	(-80, 0)	(-40, -69)	(40, -69)	circle	red	dif	left	left	(40, 69)	(-80, 0)	probe	tar	None	None	None	None	135	160	110	35	60	10	(-80, 0)	74	testing
8	xy	f	18	red	2	(80, 0)	(40, 69)	(-39, 69)	(-80, 0)	(-40, -69)	(40, -69)	diamond	red	dif	left	left	(-80, 0)	(-40, -69)	search	nr	True	1102670	1103634	left	135	110	85	10	35	60	None	None	testing
8	xy	f	18	red	2	(80, 0)	(40, 69)	(-39, 69)	(-80, 0)	(-40, -69)	(40, -69)	diamond	red	same	left	left	(40, -69)	(80, 0)	search	nr	True	1104857	1105651	left	135	35	60	160	10	85	None	None	testing
8	xy	f	18	red	2	(80, 0)	(40, 69)	(-39, 69)	(-80, 0)	(-40, -69)	(40, -69)	diamond	red	same	right	right	(80, 0)	(-80, 0)	search	nr	True	1106878	1107986	right	110	135	35	10	60	160	None	None	testing
8	xy	f	18	red	2	(80, 0)	(40, 69)	(-39, 69)	(-80, 0)	(-40, -69)	(40, -69)	circle	red	dif	right	right	(40, 69)	(-39, 69)	probe	norm	None	None	None	None	35	85	135	10	110	60	(80, 0)	149	testing
8	xy	f	18	red	2	(80, 0)	(40, 69)	(-39, 69)	(-80, 0)	(-40, -69)	(40, -69)	circle	red	same	right	right	(-40, -69)	(-80, 0)	search	nr	True	1113556	1114275	right	110	10	35	60	85	135	None	None	testing
8	xy	f	18	red	2	(80, 0)	(40, 69)	(-39, 69)	(-80, 0)	(-40, -69)	(40, -69)	circle	none	dif	left	left	N_dist	(80, 0)	search	nr	True	1115560	1116371	left	35	60	110	10	85	135	None	None	testing
8	xy	f	18	red	2	(80, 0)	(40, 69)	(-39, 69)	(-80, 0)	(-40, -69)	(40, -69)	diamond	none	same	right	right	N_dist	(80, 0)	search	nr	True	1117497	1118386	right	135	160	35	110	60	85	None	None	testing
8	xy	f	18	red	2	(80, 0)	(40, 69)	(-39, 69)	(-80, 0)	(-40, -69)	(40, -69)	diamond	red	same	left	left	(40, 69)	(80, 0)	search	nr	True	1119584	1120338	left	160	110	10	60	35	85	None	None	testing
8	xy	f	18	red	2	(80, 0)	(40, 69)	(-39, 69)	(-80, 0)	(-40, -69)	(40, -69)	circle	red	same	left	left	(40, 69)	(80, 0)	search	nr	True	1121488	1122163	left	60	110	85	160	35	10	None	None	testing
8	xy	f	18	red	2	(80, 0)	(40, 69)	(-39, 69)	(-80, 0)	(-40, -69)	(40, -69)	circle	red	same	left	left	(80, 0)	(-39, 69)	probe	norm	None	None	None	None	135	110	160	60	85	10	(-40, -69)	168	testing
8	xy	f	18	red	2	(80, 0)	(40, 69)	(-39, 69)	(-80, 0)	(-40, -69)	(40, -69)	circle	red	dif	right	right	(40, 69)	(-39, 69)	search	nr	True	1128484	1129218	right	35	85	60	160	110	10	None	None	testing
8	xy	f	18	red	2	(80, 0)	(40, 69)	(-39, 69)	(-80, 0)	(-40, -69)	(40, -69)	diamond	red	dif	left	left	(40, 69)	(-40, -69)	probe	tar	None	None	None	None	85	10	160	135	60	110	(-40, -69)	160	testing
8	xy	f	18	red	2	(80, 0)	(40, 69)	(-39, 69)	(-80, 0)	(-40, -69)	(40, -69)	diamond	red	dif	right	right	(40, 69)	(-40, -69)	probe	tar	None	None	None	None	35	85	60	10	135	110	(-40, -69)	22	testing
8	xy	f	18	red	2	(80, 0)	(40, 69)	(-39, 69)	(-80, 0)	(-40, -69)	(40, -69)	circle	none	dif	left	left	N_dist	(-40, -69)	probe	l_tar	None	None	None	None	10	35	135	85	160	110	(-40, -69)	22	testing
8	xy	f	18	red	2	(80, 0)	(40, 69)	(-39, 69)	(-80, 0)	(-40, -69)	(40, -69)	diamond	red	same	right	right	(40, 69)	(80, 0)	search	nr	True	1144062	1144978	right	110	10	35	160	135	60	None	None	testing
8	xy	f	18	red	2	(80, 0)	(40, 69)	(-39, 69)	(-80, 0)	(-40, -69)	(40, -69)	circle	none	dif	right	right	N_dist	(-80, 0)	search	nr	True	1146049	1146707	left	135	35	10	160	110	60	None	None	testing
8	xy	f	18	red	2	(80, 0)	(40, 69)	(-39, 69)	(-80, 0)	(-40, -69)	(40, -69)	diamond	none	dif	right	right	N_dist	(80, 0)	search	nr	True	1149406	1150115	right	85	60	135	35	160	110	None	None	testing
8	xy	f	18	red	2	(80, 0)	(40, 69)	(-39, 69)	(-80, 0)	(-40, -69)	(40, -69)	diamond	red	dif	right	right	(40, 69)	(-80, 0)	search	nr	True	1151309	1151955	right	10	135	35	85	160	60	None	None	testing
8	xy	f	18	red	2	(80, 0)	(40, 69)	(-39, 69)	(-80, 0)	(-40, -69)	(40, -69)	diamond	none	same	right	right	N_dist	(-80, 0)	search	nr	True	1153196	1153795	right	160	10	60	35	85	110	None	None	testing
8	xy	f	18	red	2	(80, 0)	(40, 69)	(-39, 69)	(-80, 0)	(-40, -69)	(40, -69)	circle	none	dif	right	right	N_dist	(80, 0)	search	nr	True	1155000	1155682	right	35	160	60	135	110	85	None	None	testing
8	xy	f	18	red	2	(80, 0)	(40, 69)	(-39, 69)	(-80, 0)	(-40, -69)	(40, -69)	circle	red	same	left	left	(-39, 69)	(-80, 0)	probe	l_sin	None	None	None	None	110	135	35	85	10	60	(-39, 69)	46	testing
8	xy	f	18	red	2	(80, 0)	(40, 69)	(-39, 69)	(-80, 0)	(-40, -69)	(40, -69)	circle	red	dif	right	right	(40, 69)	(-39, 69)	search	nr	True	1161394	1162451	right	60	110	135	160	10	85	None	None	testing
8	xy	f	18	red	2	(80, 0)	(40, 69)	(-39, 69)	(-80, 0)	(-40, -69)	(40, -69)	diamond	none	same	left	left	N_dist	(-80, 0)	search	nr	True	1163665	1164499	left	60	160	10	110	35	135	None	None	testing
8	xy	f	18	red	2	(80, 0)	(40, 69)	(-39, 69)	(-80, 0)	(-40, -69)	(40, -69)	circle	red	same	left	left	(40, 69)	(40, -69)	search	nr	True	1165786	1166627	left	110	135	10	160	60	35	None	None	testing
8	xy	f	18	red	2	(80, 0)	(40, 69)	(-39, 69)	(-80, 0)	(-40, -69)	(40, -69)	diamond	red	same	right	right	(80, 0)	(-39, 69)	search	nr	True	1167773	1168850	right	85	10	135	160	35	110	None	None	testing
8	xy	f	18	red	2	(80, 0)	(40, 69)	(-39, 69)	(-80, 0)	(-40, -69)	(40, -69)	diamond	none	same	left	left	N_dist	(80, 0)	search	nr	True	1170010	1170738	left	85	135	160	60	110	35	None	None	testing
8	xy	f	18	red	2	(80, 0)	(40, 69)	(-39, 69)	(-80, 0)	(-40, -69)	(40, -69)	diamond	none	same	left	left	N_dist	(-80, 0)	probe	l_norm	None	None	None	None	10	160	35	60	110	135	(-39, 69)	78	testing
8	xy	f	18	red	2	(80, 0)	(40, 69)	(-39, 69)	(-80, 0)	(-40, -69)	(40, -69)	diamond	red	same	left	left	(-80, 0)	(40, -69)	probe	l_sin	None	None	None	None	85	35	160	60	135	110	(-80, 0)	164	testing
8	xy	f	18	red	2	(80, 0)	(40, 69)	(-39, 69)	(-80, 0)	(-40, -69)	(40, -69)	diamond	none	same	left	left	N_dist	(-80, 0)	search	nr	True	1183101	1183699	left	60	35	10	110	135	85	None	None	testing
8	xy	f	18	red	2	(80, 0)	(40, 69)	(-39, 69)	(-80, 0)	(-40, -69)	(40, -69)	circle	none	dif	right	right	N_dist	(40, 69)	search	nr	True	1184921	1185779	right	135	110	60	85	10	35	None	None	testing
8	xy	f	18	red	2	(80, 0)	(40, 69)	(-39, 69)	(-80, 0)	(-40, -69)	(40, -69)	diamond	none	same	left	left	N_dist	(40, 69)	probe	h_tar	None	None	None	None	135	160	60	85	35	110	(40, 69)	52	testing
8	xy	f	18	red	2	(80, 0)	(40, 69)	(-39, 69)	(-80, 0)	(-40, -69)	(40, -69)	diamond	none	dif	left	left	N_dist	(-39, 69)	search	nr	True	1192251	1193106	left	110	35	135	60	85	10	None	None	testing
8	xy	f	18	red	2	(80, 0)	(40, 69)	(-39, 69)	(-80, 0)	(-40, -69)	(40, -69)	diamond	none	dif	right	right	N_dist	(80, 0)	search	nr	True	1194205	1194930	right	35	85	110	135	160	10	None	None	testing
8	xy	f	18	red	2	(80, 0)	(40, 69)	(-39, 69)	(-80, 0)	(-40, -69)	(40, -69)	diamond	none	same	left	left	N_dist	(-40, -69)	probe	l_norm	None	None	None	None	85	10	160	35	60	110	(40, -69)	44	testing
8	xy	f	18	red	2	(80, 0)	(40, 69)	(-39, 69)	(-80, 0)	(-40, -69)	(40, -69)	diamond	red	dif	right	right	(40, -69)	(-80, 0)	search	nr	True	1199881	1200562	right	135	85	10	160	110	60	None	None	testing
8	xy	f	18	red	2	(80, 0)	(40, 69)	(-39, 69)	(-80, 0)	(-40, -69)	(40, -69)	diamond	none	same	right	right	N_dist	(40, -69)	probe	l_tar	None	None	None	None	60	85	35	135	10	160	(40, -69)	50	testing
8	xy	f	18	red	2	(80, 0)	(40, 69)	(-39, 69)	(-80, 0)	(-40, -69)	(40, -69)	circle	none	same	right	right	N_dist	(-40, -69)	search	nr	True	1206560	1207394	right	160	35	10	110	60	135	None	None	testing
8	xy	f	18	red	2	(80, 0)	(40, 69)	(-39, 69)	(-80, 0)	(-40, -69)	(40, -69)	diamond	red	same	left	left	(40, -69)	(80, 0)	search	nr	True	1208514	1209491	left	110	160	135	60	85	35	None	None	testing
8	xy	f	18	red	2	(80, 0)	(40, 69)	(-39, 69)	(-80, 0)	(-40, -69)	(40, -69)	diamond	none	dif	left	left	N_dist	(-40, -69)	search	nr	True	1210585	1211426	left	135	35	160	85	110	10	None	None	testing
8	xy	f	18	red	2	(80, 0)	(40, 69)	(-39, 69)	(-80, 0)	(-40, -69)	(40, -69)	circle	none	same	right	right	N_dist	(40, -69)	search	nr	True	1212622	1213474	right	10	110	35	60	160	85	None	None	testing
8	xy	f	18	red	2	(80, 0)	(40, 69)	(-39, 69)	(-80, 0)	(-40, -69)	(40, -69)	circle	red	same	right	right	(-40, -69)	(-80, 0)	search	nr	True	1214575	1215298	right	35	85	60	110	10	135	None	None	testing
8	xy	f	18	red	2	(80, 0)	(40, 69)	(-39, 69)	(-80, 0)	(-40, -69)	(40, -69)	diamond	red	dif	left	left	(40, 69)	(-40, -69)	search	nr	True	1216479	1217234	left	60	10	160	85	135	35	None	None	testing
8	xy	f	18	red	2	(80, 0)	(40, 69)	(-39, 69)	(-80, 0)	(-40, -69)	(40, -69)	diamond	red	dif	left	left	(-80, 0)	(-40, -69)	search	nr	True	1218382	1219138	left	85	60	110	10	35	135	None	None	testing
8	xy	f	18	red	2	(80, 0)	(40, 69)	(-39, 69)	(-80, 0)	(-40, -69)	(40, -69)	circle	none	same	left	left	N_dist	(-80, 0)	search	nr	True	1220253	1220978	left	135	60	85	110	10	160	None	None	testing
8	xy	f	18	red	2	(80, 0)	(40, 69)	(-39, 69)	(-80, 0)	(-40, -69)	(40, -69)	diamond	red	dif	right	right	(40, 69)	(80, 0)	search	nr	True	1222156	1222835	right	135	60	160	85	10	110	None	None	testing
8	xy	f	18	red	2	(80, 0)	(40, 69)	(-39, 69)	(-80, 0)	(-40, -69)	(40, -69)	circle	none	dif	left	left	N_dist	(40, -69)	search	nr	True	1223976	1224722	left	135	35	10	160	85	110	None	None	testing
8	xy	f	18	red	2	(80, 0)	(40, 69)	(-39, 69)	(-80, 0)	(-40, -69)	(40, -69)	circle	red	dif	left	left	(40, 69)	(-80, 0)	search	nr	True	1225796	1226386	left	35	160	85	110	60	10	None	None	testing
8	xy	f	18	red	2	(80, 0)	(40, 69)	(-39, 69)	(-80, 0)	(-40, -69)	(40, -69)	circle	none	dif	left	left	N_dist	(80, 0)	probe	h_norm	None	None	None	None	35	135	160	60	110	10	(40, 69)	155	testing
8	xy	f	18	red	2	(80, 0)	(40, 69)	(-39, 69)	(-80, 0)	(-40, -69)	(40, -69)	circle	none	same	left	left	N_dist	(-39, 69)	search	nr	True	1232024	1232707	left	135	85	35	10	60	160	None	None	testing
8	xy	f	18	red	2	(80, 0)	(40, 69)	(-39, 69)	(-80, 0)	(-40, -69)	(40, -69)	diamond	red	same	right	right	(80, 0)	(-39, 69)	search	nr	True	1233810	1234898	right	85	110	35	60	135	10	None	None	testing
8	xy	f	18	red	2	(80, 0)	(40, 69)	(-39, 69)	(-80, 0)	(-40, -69)	(40, -69)	diamond	red	same	right	right	(-39, 69)	(80, 0)	search	nr	True	1236115	1236770	right	110	160	85	135	10	35	None	None	testing
8	xy	f	18	red	2	(80, 0)	(40, 69)	(-39, 69)	(-80, 0)	(-40, -69)	(40, -69)	diamond	none	dif	left	left	N_dist	(-39, 69)	probe	l_norm	None	None	None	None	85	10	110	60	160	35	(-80, 0)	27	testing
8	xy	f	18	red	2	(80, 0)	(40, 69)	(-39, 69)	(-80, 0)	(-40, -69)	(40, -69)	circle	none	same	left	left	N_dist	(40, -69)	search	nr	True	1242226	1243026	left	10	110	135	160	85	60	None	None	testing
8	xy	f	18	red	2	(80, 0)	(40, 69)	(-39, 69)	(-80, 0)	(-40, -69)	(40, -69)	diamond	red	dif	left	left	(40, 69)	(-39, 69)	search	nr	True	1244146	1244947	left	135	85	60	110	160	35	None	None	testing
8	xy	f	18	red	2	(80, 0)	(40, 69)	(-39, 69)	(-80, 0)	(-40, -69)	(40, -69)	diamond	red	dif	left	left	(40, 69)	(-39, 69)	search	nr	True	1246033	1246722	left	60	135	160	85	35	10	None	None	testing
8	xy	f	18	red	2	(80, 0)	(40, 69)	(-39, 69)	(-80, 0)	(-40, -69)	(40, -69)	circle	none	dif	right	right	N_dist	(40, -69)	search	nr	True	1247987	1248787	right	110	60	85	10	160	35	None	None	testing
8	xy	f	18	red	2	(80, 0)	(40, 69)	(-39, 69)	(-80, 0)	(-40, -69)	(40, -69)	circle	red	same	left	left	(40, 69)	(-80, 0)	search	nr	True	1249957	1250659	left	10	85	110	35	60	135	None	None	testing
8	xy	f	18	red	2	(80, 0)	(40, 69)	(-39, 69)	(-80, 0)	(-40, -69)	(40, -69)	circle	red	dif	left	left	(40, 69)	(-80, 0)	probe	h_sin	None	None	None	None	10	35	135	110	60	85	(40, 69)	159	testing
8	xy	f	18	red	2	(80, 0)	(40, 69)	(-39, 69)	(-80, 0)	(-40, -69)	(40, -69)	diamond	none	dif	left	left	N_dist	(-80, 0)	probe	h_norm	None	None	None	None	35	160	10	60	135	110	(40, 69)	135	testing
8	xy	f	18	red	2	(80, 0)	(40, 69)	(-39, 69)	(-80, 0)	(-40, -69)	(40, -69)	diamond	red	dif	right	right	(40, 69)	(-40, -69)	search	nr	True	1260627	1261490	right	160	135	35	60	10	85	None	None	testing
8	xy	f	18	red	2	(80, 0)	(40, 69)	(-39, 69)	(-80, 0)	(-40, -69)	(40, -69)	circle	red	same	right	right	(40, -69)	(-80, 0)	probe	l_sin	None	None	None	None	160	110	85	135	60	10	(40, -69)	155	testing
8	xy	f	18	red	2	(80, 0)	(40, 69)	(-39, 69)	(-80, 0)	(-40, -69)	(40, -69)	circle	none	dif	left	left	N_dist	(80, 0)	search	nr	True	1267088	1267858	left	135	85	60	160	10	110	None	None	testing
8	xy	f	18	red	2	(80, 0)	(40, 69)	(-39, 69)	(-80, 0)	(-40, -69)	(40, -69)	circle	none	same	left	left	N_dist	(40, 69)	probe	h_tar	None	None	None	None	160	35	135	60	110	85	(40, 69)	156	testing
8	xy	f	18	red	2	(80, 0)	(40, 69)	(-39, 69)	(-80, 0)	(-40, -69)	(40, -69)	diamond	red	same	left	left	(-80, 0)	(40, -69)	search	nr	True	1273083	1274674	left	135	10	110	35	160	60	None	None	testing
8	xy	f	18	red	2	(80, 0)	(40, 69)	(-39, 69)	(-80, 0)	(-40, -69)	(40, -69)	diamond	none	dif	right	right	N_dist	(40, 69)	search	nr	True	1275804	1276658	right	110	35	85	160	60	135	None	None	testing
8	xy	f	18	red	2	(80, 0)	(40, 69)	(-39, 69)	(-80, 0)	(-40, -69)	(40, -69)	circle	none	dif	right	right	N_dist	(40, -69)	search	nr	True	1277875	1278546	right	135	35	110	10	85	160	None	None	testing
8	xy	f	18	red	2	(80, 0)	(40, 69)	(-39, 69)	(-80, 0)	(-40, -69)	(40, -69)	diamond	red	dif	left	left	(-80, 0)	(-40, -69)	search	nr	True	1279779	1280787	left	160	135	85	10	60	35	None	None	testing
8	xy	f	18	red	2	(80, 0)	(40, 69)	(-39, 69)	(-80, 0)	(-40, -69)	(40, -69)	circle	none	dif	left	left	N_dist	(80, 0)	probe	h_norm	None	None	None	None	160	135	60	110	35	85	(40, 69)	55	testing
8	xy	f	18	red	2	(80, 0)	(40, 69)	(-39, 69)	(-80, 0)	(-40, -69)	(40, -69)	diamond	red	same	left	left	(40, -69)	(80, 0)	probe	l_sin	None	None	None	None	10	85	135	35	110	160	(40, -69)	58	testing
8	xy	f	18	red	2	(80, 0)	(40, 69)	(-39, 69)	(-80, 0)	(-40, -69)	(40, -69)	diamond	red	same	right	right	(40, 69)	(-39, 69)	search	nr	True	1292669	1293602	right	60	35	160	110	85	135	None	None	testing
8	xy	f	18	red	2	(80, 0)	(40, 69)	(-39, 69)	(-80, 0)	(-40, -69)	(40, -69)	diamond	red	same	right	right	(40, 69)	(80, 0)	search	nr	True	1294856	1295459	right	60	110	160	135	10	85	None	None	testing
8	xy	f	18	red	2	(80, 0)	(40, 69)	(-39, 69)	(-80, 0)	(-40, -69)	(40, -69)	diamond	none	dif	right	right	N_dist	(-80, 0)	search	nr	True	1296660	1297330	right	85	160	135	110	60	10	None	None	testing
8	xy	f	18	red	2	(80, 0)	(40, 69)	(-39, 69)	(-80, 0)	(-40, -69)	(40, -69)	circle	red	dif	right	right	(40, 69)	(80, 0)	search	nr	True	1298596	1299186	right	85	160	110	35	135	60	None	None	testing
8	xy	f	18	red	2	(80, 0)	(40, 69)	(-39, 69)	(-80, 0)	(-40, -69)	(40, -69)	circle	red	same	right	right	(40, 69)	(-40, -69)	search	nr	True	1300349	1301010	right	60	35	160	110	135	85	None	None	testing
8	xy	f	18	red	2	(80, 0)	(40, 69)	(-39, 69)	(-80, 0)	(-40, -69)	(40, -69)	diamond	none	same	right	right	N_dist	(-40, -69)	probe	l_tar	None	None	None	None	135	35	160	60	10	110	(-40, -69)	159	testing
8	xy	f	18	red	2	(80, 0)	(40, 69)	(-39, 69)	(-80, 0)	(-40, -69)	(40, -69)	diamond	none	same	left	left	N_dist	(-39, 69)	probe	h_norm	None	None	None	None	160	85	60	135	35	10	(40, 69)	28	testing
8	xy	f	18	red	2	(80, 0)	(40, 69)	(-39, 69)	(-80, 0)	(-40, -69)	(40, -69)	circle	red	same	right	right	(40, 69)	(-80, 0)	search	nr	True	1310485	1311362	right	10	160	60	35	135	85	None	None	testing
8	xy	f	18	red	2	(80, 0)	(40, 69)	(-39, 69)	(-80, 0)	(-40, -69)	(40, -69)	diamond	red	same	right	right	(40, 69)	(-40, -69)	search	nr	True	1312455	1313202	right	10	85	35	110	135	160	None	None	testing
8	xy	f	18	red	2	(80, 0)	(40, 69)	(-39, 69)	(-80, 0)	(-40, -69)	(40, -69)	diamond	red	dif	right	right	(40, -69)	(-80, 0)	probe	l_sin	None	None	None	None	10	35	135	60	110	160	(40, -69)	155	testing
8	xy	f	18	red	2	(80, 0)	(40, 69)	(-39, 69)	(-80, 0)	(-40, -69)	(40, -69)	circle	red	dif	right	right	(-40, -69)	(80, 0)	search	nr	True	1318867	1319778	right	135	60	110	85	160	35	None	None	testing
