subj	name	gender	age	dist	run	tar_locs1	tar_locs2	tar_locs3	tar_locs4	tar_locs5	tar_locs6	shape	dist	td_dif	detection	resp_key	dis_loc	tar_loc	task_type	probe_cond	gotKey	startTime	respTime	resp	o1	o2	o3	o4	o5	o6	pro_loc	ori_resp	mode
8	xy	f	18	red	4	(80, 0)	(40, 69)	(-39, 69)	(-80, 0)	(-40, -69)	(40, -69)	circle	red	same	left	left	(40, 69)	(-40, -69)	probe	norm	None	None	None	None	160	85	35	110	135	10	(-80, 0)	164	practice
8	xy	f	18	red	4	(80, 0)	(40, 69)	(-39, 69)	(-80, 0)	(-40, -69)	(40, -69)	circle	none	same	right	right	N_dist	(80, 0)	search	nr	True	259804	261301	right	135	60	110	85	35	160	None	None	practice
8	xy	f	18	red	4	(80, 0)	(40, 69)	(-39, 69)	(-80, 0)	(-40, -69)	(40, -69)	circle	red	same	right	right	(40, -69)	(-40, -69)	search	nr	True	262510	263797	right	60	135	110	160	10	85	None	None	practice
8	xy	f	18	red	4	(80, 0)	(40, 69)	(-39, 69)	(-80, 0)	(-40, -69)	(40, -69)	circle	red	dif	right	right	(40, 69)	(-40, -69)	probe	h_sin	None	None	None	None	35	110	10	135	160	85	(40, 69)	153	practice
8	xy	f	18	red	4	(80, 0)	(40, 69)	(-39, 69)	(-80, 0)	(-40, -69)	(40, -69)	diamond	red	dif	left	left	(40, 69)	(-39, 69)	probe	norm	None	None	None	None	60	160	85	10	110	135	(40, -69)	156	practice
8	xy	f	18	red	4	(80, 0)	(40, 69)	(-39, 69)	(-80, 0)	(-40, -69)	(40, -69)	diamond	none	dif	left	left	N_dist	(-39, 69)	search	nr	True	275500	276373	left	35	85	60	135	10	160	None	None	practice
8	xy	f	18	red	4	(80, 0)	(40, 69)	(-39, 69)	(-80, 0)	(-40, -69)	(40, -69)	diamond	red	same	left	left	(40, 69)	(-80, 0)	search	nr	True	277537	278260	left	160	110	35	10	85	135	None	None	practice
8	xy	f	18	red	4	(80, 0)	(40, 69)	(-39, 69)	(-80, 0)	(-40, -69)	(40, -69)	circle	red	same	right	right	(-39, 69)	(-80, 0)	search	nr	True	279407	280117	right	35	85	160	60	135	110	None	None	practice
8	xy	f	18	red	4	(80, 0)	(40, 69)	(-39, 69)	(-80, 0)	(-40, -69)	(40, -69)	diamond	none	dif	right	right	N_dist	(-39, 69)	search	nr	True	281210	281892	right	60	135	10	85	110	160	None	None	practice
8	xy	f	18	red	4	(80, 0)	(40, 69)	(-39, 69)	(-80, 0)	(-40, -69)	(40, -69)	diamond	none	dif	right	right	N_dist	(-39, 69)	probe	l_tar	None	None	None	None	85	35	60	110	10	135	(-39, 69)	57	practice
8	xy	f	18	red	4	(80, 0)	(40, 69)	(-39, 69)	(-80, 0)	(-40, -69)	(40, -69)	diamond	none	dif	right	right	N_dist	(-39, 69)	search	nr	True	289108	289909	right	60	160	110	35	85	135	None	None	practice
8	xy	f	18	red	4	(80, 0)	(40, 69)	(-39, 69)	(-80, 0)	(-40, -69)	(40, -69)	circle	red	dif	left	left	(40, -69)	(-39, 69)	probe	l_sin	None	None	None	None	35	60	110	135	160	85	(40, -69)	162	practice
8	xy	f	18	red	4	(80, 0)	(40, 69)	(-39, 69)	(-80, 0)	(-40, -69)	(40, -69)	circle	red	dif	left	left	(40, 69)	(-80, 0)	search	nr	True	295587	297189	left	85	10	110	135	60	160	None	None	practice
8	xy	f	18	red	4	(80, 0)	(40, 69)	(-39, 69)	(-80, 0)	(-40, -69)	(40, -69)	circle	none	dif	right	right	N_dist	(-40, -69)	search	nr	True	298425	299205	right	160	135	85	10	110	35	None	None	practice
8	xy	f	18	red	4	(80, 0)	(40, 69)	(-39, 69)	(-80, 0)	(-40, -69)	(40, -69)	circle	red	same	left	left	(80, 0)	(-40, -69)	search	nr	True	300395	301365	left	60	85	135	110	35	10	None	None	practice
8	xy	f	18	red	4	(80, 0)	(40, 69)	(-39, 69)	(-80, 0)	(-40, -69)	(40, -69)	circle	red	dif	right	right	(40, 69)	(-80, 0)	probe	norm	None	None	None	None	135	35	60	85	110	160	(-39, 69)	165	practice
8	xy	f	18	red	4	(80, 0)	(40, 69)	(-39, 69)	(-80, 0)	(-40, -69)	(40, -69)	diamond	none	dif	left	left	N_dist	(-80, 0)	search	nr	True	308143	309444	left	10	160	110	60	35	85	None	None	practice
8	xy	f	18	red	4	(80, 0)	(40, 69)	(-39, 69)	(-80, 0)	(-40, -69)	(40, -69)	diamond	red	dif	left	left	(40, 69)	(-39, 69)	search	nr	True	310597	311621	right	60	160	110	85	35	135	None	None	practice
8	xy	f	18	red	4	(80, 0)	(40, 69)	(-39, 69)	(-80, 0)	(-40, -69)	(40, -69)	diamond	none	dif	right	right	N_dist	(-40, -69)	search	nr	True	314421	315365	right	160	135	10	85	35	110	None	None	practice
8	xy	f	18	red	4	(80, 0)	(40, 69)	(-39, 69)	(-80, 0)	(-40, -69)	(40, -69)	circle	red	same	left	left	(40, 69)	(40, -69)	search	nr	True	316558	317589	left	10	135	85	110	35	160	None	None	practice
8	xy	f	18	red	4	(80, 0)	(40, 69)	(-39, 69)	(-80, 0)	(-40, -69)	(40, -69)	circle	red	same	right	right	(40, 69)	(80, 0)	search	nr	True	318880	319605	right	135	10	60	110	160	85	None	None	practice
8	xy	f	18	red	4	(80, 0)	(40, 69)	(-39, 69)	(-80, 0)	(-40, -69)	(40, -69)	diamond	red	same	right	right	(-80, 0)	(-40, -69)	search	nr	True	320849	321684	right	35	10	110	160	135	85	None	None	practice
8	xy	f	18	red	4	(80, 0)	(40, 69)	(-39, 69)	(-80, 0)	(-40, -69)	(40, -69)	circle	none	same	left	left	N_dist	(40, -69)	search	nr	True	322837	323669	left	35	135	10	160	110	85	None	None	practice
8	xy	f	18	red	4	(80, 0)	(40, 69)	(-39, 69)	(-80, 0)	(-40, -69)	(40, -69)	circle	red	dif	right	right	(-40, -69)	(-39, 69)	search	nr	True	324890	325605	right	135	10	60	35	85	160	None	None	practice
8	xy	f	18	red	4	(80, 0)	(40, 69)	(-39, 69)	(-80, 0)	(-40, -69)	(40, -69)	circle	none	dif	right	right	N_dist	(-40, -69)	search	nr	True	326810	327476	right	60	35	160	10	110	85	None	None	practice
8	xy	f	18	red	4	(80, 0)	(40, 69)	(-39, 69)	(-80, 0)	(-40, -69)	(40, -69)	diamond	red	same	left	left	(40, 69)	(-40, -69)	probe	norm	None	None	None	None	85	35	60	135	10	160	(-39, 69)	34	practice
8	xy	f	18	red	4	(80, 0)	(40, 69)	(-39, 69)	(-80, 0)	(-40, -69)	(40, -69)	circle	red	dif	right	right	(-39, 69)	(-80, 0)	probe	l_sin	None	None	None	None	135	10	35	60	85	110	(-39, 69)	162	practice
8	xy	f	18	red	4	(80, 0)	(40, 69)	(-39, 69)	(-80, 0)	(-40, -69)	(40, -69)	diamond	red	same	left	left	(-80, 0)	(40, -69)	search	nr	True	339701	340852	left	10	110	85	160	60	135	None	None	practice
8	xy	f	18	red	4	(80, 0)	(40, 69)	(-39, 69)	(-80, 0)	(-40, -69)	(40, -69)	circle	red	same	left	left	(40, 69)	(80, 0)	search	nr	True	342138	342900	left	35	110	10	160	60	85	None	None	practice
8	xy	f	18	red	4	(80, 0)	(40, 69)	(-39, 69)	(-80, 0)	(-40, -69)	(40, -69)	diamond	red	dif	right	right	(40, 69)	(-40, -69)	search	nr	True	344176	344885	right	60	10	135	35	110	85	None	None	practice
8	xy	f	18	red	4	(80, 0)	(40, 69)	(-39, 69)	(-80, 0)	(-40, -69)	(40, -69)	circle	red	same	left	left	(40, 69)	(40, -69)	search	nr	True	346062	346709	left	60	160	10	135	85	110	None	None	practice
8	xy	f	18	red	4	(80, 0)	(40, 69)	(-39, 69)	(-80, 0)	(-40, -69)	(40, -69)	diamond	red	same	right	right	(-80, 0)	(-40, -69)	search	nr	True	348000	348677	right	85	160	110	35	60	135	None	None	practice
8	xy	f	18	red	4	(80, 0)	(40, 69)	(-39, 69)	(-80, 0)	(-40, -69)	(40, -69)	diamond	red	same	right	right	(40, 69)	(-80, 0)	search	nr	True	349786	350613	left	110	10	60	135	160	85	None	None	practice
8	xy	f	18	red	4	(80, 0)	(40, 69)	(-39, 69)	(-80, 0)	(-40, -69)	(40, -69)	diamond	red	same	right	right	(40, 69)	(40, -69)	probe	h_sin	None	None	None	None	10	160	110	85	135	35	(40, 69)	137	practice
8	xy	f	18	red	4	(80, 0)	(40, 69)	(-39, 69)	(-80, 0)	(-40, -69)	(40, -69)	diamond	none	same	right	right	N_dist	(-80, 0)	search	nr	True	359804	360516	right	35	85	135	60	110	10	None	None	practice
8	xy	f	18	red	4	(80, 0)	(40, 69)	(-39, 69)	(-80, 0)	(-40, -69)	(40, -69)	diamond	red	same	right	right	(80, 0)	(40, -69)	search	nr	True	361759	362596	right	85	160	35	60	10	135	None	None	practice
8	xy	f	18	red	4	(80, 0)	(40, 69)	(-39, 69)	(-80, 0)	(-40, -69)	(40, -69)	diamond	red	same	left	left	(-80, 0)	(40, -69)	search	nr	True	363895	364820	left	10	60	160	35	135	85	None	None	practice
8	xy	f	18	red	4	(80, 0)	(40, 69)	(-39, 69)	(-80, 0)	(-40, -69)	(40, -69)	diamond	red	same	right	right	(80, 0)	(40, -69)	probe	tar	None	None	None	None	85	60	35	10	160	110	(40, -69)	159	practice
8	xy	f	18	red	4	(80, 0)	(40, 69)	(-39, 69)	(-80, 0)	(-40, -69)	(40, -69)	circle	none	dif	right	right	N_dist	(-39, 69)	search	nr	True	370808	371764	right	10	60	110	135	85	160	None	None	practice
8	xy	f	18	red	4	(80, 0)	(40, 69)	(-39, 69)	(-80, 0)	(-40, -69)	(40, -69)	diamond	red	same	right	right	(40, -69)	(-80, 0)	search	nr	True	372912	373797	right	10	160	135	60	110	35	None	None	practice
8	xy	f	18	red	4	(80, 0)	(40, 69)	(-39, 69)	(-80, 0)	(-40, -69)	(40, -69)	diamond	none	same	left	left	N_dist	(80, 0)	search	nr	True	445696	446564	left	160	135	35	85	110	10	None	None	testing
8	xy	f	18	red	4	(80, 0)	(40, 69)	(-39, 69)	(-80, 0)	(-40, -69)	(40, -69)	diamond	none	same	left	left	N_dist	(80, 0)	search	nr	True	447733	448388	left	135	85	35	160	60	10	None	None	testing
8	xy	f	18	red	4	(80, 0)	(40, 69)	(-39, 69)	(-80, 0)	(-40, -69)	(40, -69)	circle	none	dif	right	right	N_dist	(-39, 69)	probe	h_norm	None	None	None	None	60	160	135	35	10	85	(40, 69)	147	testing
8	xy	f	18	red	4	(80, 0)	(40, 69)	(-39, 69)	(-80, 0)	(-40, -69)	(40, -69)	diamond	red	same	left	left	(-80, 0)	(40, -69)	search	nr	True	454111	455412	left	10	35	60	85	110	135	None	None	testing
8	xy	f	18	red	4	(80, 0)	(40, 69)	(-39, 69)	(-80, 0)	(-40, -69)	(40, -69)	circle	none	same	right	right	N_dist	(80, 0)	probe	h_norm	None	None	None	None	160	10	135	35	60	110	(40, 69)	152	testing
8	xy	f	18	red	4	(80, 0)	(40, 69)	(-39, 69)	(-80, 0)	(-40, -69)	(40, -69)	diamond	red	dif	right	right	(40, -69)	(-40, -69)	search	nr	True	461124	462100	right	135	35	110	85	10	160	None	None	testing
8	xy	f	18	red	4	(80, 0)	(40, 69)	(-39, 69)	(-80, 0)	(-40, -69)	(40, -69)	circle	red	same	right	right	(40, 69)	(-80, 0)	search	nr	True	463161	464020	right	35	60	160	110	10	85	None	None	testing
8	xy	f	18	red	4	(80, 0)	(40, 69)	(-39, 69)	(-80, 0)	(-40, -69)	(40, -69)	circle	red	same	left	left	(40, 69)	(80, 0)	search	nr	True	465299	465988	left	35	85	110	10	60	135	None	None	testing
8	xy	f	18	red	4	(80, 0)	(40, 69)	(-39, 69)	(-80, 0)	(-40, -69)	(40, -69)	circle	red	same	right	right	(40, -69)	(-80, 0)	probe	l_sin	None	None	None	None	35	10	60	135	85	110	(40, -69)	155	testing
8	xy	f	18	red	4	(80, 0)	(40, 69)	(-39, 69)	(-80, 0)	(-40, -69)	(40, -69)	diamond	none	dif	left	left	N_dist	(-39, 69)	search	nr	True	471610	472404	left	160	10	60	110	85	35	None	None	testing
8	xy	f	18	red	4	(80, 0)	(40, 69)	(-39, 69)	(-80, 0)	(-40, -69)	(40, -69)	circle	none	same	right	right	N_dist	(80, 0)	search	nr	True	473530	474421	right	160	110	85	60	35	135	None	None	testing
8	xy	f	18	red	4	(80, 0)	(40, 69)	(-39, 69)	(-80, 0)	(-40, -69)	(40, -69)	diamond	red	same	left	left	(-40, -69)	(80, 0)	search	nr	True	475684	476532	left	85	35	10	160	110	135	None	None	testing
8	xy	f	18	red	4	(80, 0)	(40, 69)	(-39, 69)	(-80, 0)	(-40, -69)	(40, -69)	circle	red	same	left	left	(40, 69)	(40, -69)	probe	h_sin	None	None	None	None	110	85	35	60	135	10	(40, 69)	173	testing
8	xy	f	18	red	4	(80, 0)	(40, 69)	(-39, 69)	(-80, 0)	(-40, -69)	(40, -69)	diamond	red	same	left	left	(40, -69)	(-40, -69)	search	nr	True	485001	485940	left	85	160	110	135	60	35	None	None	testing
8	xy	f	18	red	4	(80, 0)	(40, 69)	(-39, 69)	(-80, 0)	(-40, -69)	(40, -69)	diamond	red	same	left	left	(80, 0)	(-40, -69)	search	nr	True	487155	488005	left	85	60	10	135	110	160	None	None	testing
8	xy	f	18	red	4	(80, 0)	(40, 69)	(-39, 69)	(-80, 0)	(-40, -69)	(40, -69)	diamond	red	dif	right	right	(40, 69)	(80, 0)	probe	norm	None	None	None	None	35	135	110	60	10	160	(-39, 69)	145	testing
8	xy	f	18	red	4	(80, 0)	(40, 69)	(-39, 69)	(-80, 0)	(-40, -69)	(40, -69)	circle	none	same	right	right	N_dist	(-39, 69)	probe	l_tar	None	None	None	None	135	160	60	10	35	110	(-39, 69)	23	testing
8	xy	f	18	red	4	(80, 0)	(40, 69)	(-39, 69)	(-80, 0)	(-40, -69)	(40, -69)	circle	red	same	left	left	(-40, -69)	(40, -69)	search	nr	True	498994	499828	left	60	160	35	135	85	110	None	None	testing
8	xy	f	18	red	4	(80, 0)	(40, 69)	(-39, 69)	(-80, 0)	(-40, -69)	(40, -69)	diamond	red	same	right	right	(40, -69)	(-80, 0)	probe	norm	None	None	None	None	60	85	35	110	10	135	(-40, -69)	23	testing
8	xy	f	18	red	4	(80, 0)	(40, 69)	(-39, 69)	(-80, 0)	(-40, -69)	(40, -69)	circle	none	dif	right	right	N_dist	(-39, 69)	search	nr	True	506007	506692	right	85	35	110	60	10	160	None	None	testing
8	xy	f	18	red	4	(80, 0)	(40, 69)	(-39, 69)	(-80, 0)	(-40, -69)	(40, -69)	circle	none	same	left	left	N_dist	(40, -69)	search	nr	True	507927	508564	left	60	160	110	10	35	85	None	None	testing
8	xy	f	18	red	4	(80, 0)	(40, 69)	(-39, 69)	(-80, 0)	(-40, -69)	(40, -69)	circle	red	same	right	right	(40, 69)	(80, 0)	search	nr	True	509730	510516	right	135	10	60	160	35	85	None	None	testing
8	xy	f	18	red	4	(80, 0)	(40, 69)	(-39, 69)	(-80, 0)	(-40, -69)	(40, -69)	diamond	none	dif	left	left	N_dist	(80, 0)	probe	l_norm	None	None	None	None	60	110	85	135	35	10	(40, -69)	164	testing
8	xy	f	18	red	4	(80, 0)	(40, 69)	(-39, 69)	(-80, 0)	(-40, -69)	(40, -69)	circle	red	dif	left	left	(40, 69)	(40, -69)	search	nr	True	517561	518276	left	35	10	135	110	60	160	None	None	testing
8	xy	f	18	red	4	(80, 0)	(40, 69)	(-39, 69)	(-80, 0)	(-40, -69)	(40, -69)	diamond	none	dif	left	left	N_dist	(-80, 0)	search	nr	True	519415	520180	left	110	160	60	135	85	10	None	None	testing
8	xy	f	18	red	4	(80, 0)	(40, 69)	(-39, 69)	(-80, 0)	(-40, -69)	(40, -69)	diamond	red	same	right	right	(-80, 0)	(-40, -69)	search	nr	True	521485	522340	right	85	135	35	160	10	60	None	None	testing
8	xy	f	18	red	4	(80, 0)	(40, 69)	(-39, 69)	(-80, 0)	(-40, -69)	(40, -69)	diamond	red	same	right	right	(40, 69)	(40, -69)	probe	h_sin	None	None	None	None	60	10	110	85	160	35	(40, 69)	152	testing
8	xy	f	18	red	4	(80, 0)	(40, 69)	(-39, 69)	(-80, 0)	(-40, -69)	(40, -69)	circle	red	dif	left	left	(40, 69)	(-39, 69)	search	nr	True	528081	528803	left	60	160	85	135	10	35	None	None	testing
8	xy	f	18	red	4	(80, 0)	(40, 69)	(-39, 69)	(-80, 0)	(-40, -69)	(40, -69)	diamond	red	dif	left	left	(80, 0)	(-39, 69)	search	nr	True	529984	530692	left	160	85	10	135	60	35	None	None	testing
8	xy	f	18	red	4	(80, 0)	(40, 69)	(-39, 69)	(-80, 0)	(-40, -69)	(40, -69)	diamond	red	dif	right	right	(40, 69)	(-80, 0)	search	nr	True	531803	532564	right	10	110	60	160	85	35	None	None	testing
8	xy	f	18	red	4	(80, 0)	(40, 69)	(-39, 69)	(-80, 0)	(-40, -69)	(40, -69)	circle	red	same	left	left	(-40, -69)	(80, 0)	probe	tar	None	None	None	None	85	35	60	160	135	10	(80, 0)	165	testing
8	xy	f	18	red	4	(80, 0)	(40, 69)	(-39, 69)	(-80, 0)	(-40, -69)	(40, -69)	diamond	none	dif	left	left	N_dist	(-80, 0)	probe	l_norm	None	None	None	None	135	35	160	110	10	85	(40, -69)	151	testing
8	xy	f	18	red	4	(80, 0)	(40, 69)	(-39, 69)	(-80, 0)	(-40, -69)	(40, -69)	diamond	red	same	left	left	(80, 0)	(-40, -69)	probe	l_sin	None	None	None	None	60	35	85	160	10	135	(80, 0)	148	testing
8	xy	f	18	red	4	(80, 0)	(40, 69)	(-39, 69)	(-80, 0)	(-40, -69)	(40, -69)	diamond	red	same	left	left	(-39, 69)	(-80, 0)	search	nr	True	548484	549188	left	160	85	10	135	110	60	None	None	testing
8	xy	f	18	red	4	(80, 0)	(40, 69)	(-39, 69)	(-80, 0)	(-40, -69)	(40, -69)	circle	red	same	right	right	(40, -69)	(-80, 0)	search	nr	True	550338	551124	right	10	85	60	160	135	110	None	None	testing
8	xy	f	18	red	4	(80, 0)	(40, 69)	(-39, 69)	(-80, 0)	(-40, -69)	(40, -69)	circle	none	same	left	left	N_dist	(-40, -69)	search	nr	True	552275	552916	left	160	35	135	110	85	60	None	None	testing
8	xy	f	18	red	4	(80, 0)	(40, 69)	(-39, 69)	(-80, 0)	(-40, -69)	(40, -69)	diamond	none	same	right	right	N_dist	(80, 0)	search	nr	True	554061	554740	right	85	60	135	35	160	110	None	None	testing
8	xy	f	18	red	4	(80, 0)	(40, 69)	(-39, 69)	(-80, 0)	(-40, -69)	(40, -69)	diamond	red	same	right	right	(-80, 0)	(80, 0)	probe	norm	None	None	None	None	135	10	110	85	160	35	(-39, 69)	32	testing
8	xy	f	18	red	4	(80, 0)	(40, 69)	(-39, 69)	(-80, 0)	(-40, -69)	(40, -69)	diamond	none	same	right	right	N_dist	(40, -69)	search	nr	True	560573	561476	right	10	160	35	85	135	60	None	None	testing
8	xy	f	18	red	4	(80, 0)	(40, 69)	(-39, 69)	(-80, 0)	(-40, -69)	(40, -69)	diamond	red	dif	right	right	(40, 69)	(-80, 0)	search	nr	True	562661	563381	right	35	10	160	135	85	110	None	None	testing
8	xy	f	18	red	4	(80, 0)	(40, 69)	(-39, 69)	(-80, 0)	(-40, -69)	(40, -69)	circle	red	same	right	right	(40, -69)	(-40, -69)	search	nr	True	564447	565268	right	160	10	60	110	35	85	None	None	testing
8	xy	f	18	red	4	(80, 0)	(40, 69)	(-39, 69)	(-80, 0)	(-40, -69)	(40, -69)	circle	red	same	left	left	(40, 69)	(40, -69)	search	nr	True	566451	567253	left	85	110	10	60	135	35	None	None	testing
8	xy	f	18	red	4	(80, 0)	(40, 69)	(-39, 69)	(-80, 0)	(-40, -69)	(40, -69)	circle	red	dif	left	left	(40, 69)	(-39, 69)	probe	tar	None	None	None	None	60	35	160	110	10	135	(-39, 69)	29	testing
8	xy	f	18	red	4	(80, 0)	(40, 69)	(-39, 69)	(-80, 0)	(-40, -69)	(40, -69)	circle	red	same	right	right	(40, 69)	(80, 0)	search	nr	True	573364	574116	right	35	60	160	135	110	85	None	None	testing
8	xy	f	18	red	4	(80, 0)	(40, 69)	(-39, 69)	(-80, 0)	(-40, -69)	(40, -69)	diamond	red	same	left	left	(40, -69)	(-40, -69)	search	nr	True	575301	576148	left	35	135	10	85	60	110	None	None	testing
8	xy	f	18	red	4	(80, 0)	(40, 69)	(-39, 69)	(-80, 0)	(-40, -69)	(40, -69)	diamond	none	dif	left	left	N_dist	(-80, 0)	probe	h_norm	None	None	None	None	135	110	85	60	35	10	(40, 69)	41	testing
8	xy	f	18	red	4	(80, 0)	(40, 69)	(-39, 69)	(-80, 0)	(-40, -69)	(40, -69)	diamond	red	dif	left	left	(40, 69)	(-39, 69)	search	nr	True	582831	583700	left	160	60	35	85	135	110	None	None	testing
8	xy	f	18	red	4	(80, 0)	(40, 69)	(-39, 69)	(-80, 0)	(-40, -69)	(40, -69)	circle	red	dif	right	right	(40, 69)	(80, 0)	probe	h_sin	None	None	None	None	110	60	35	85	10	135	(40, 69)	158	testing
8	xy	f	18	red	4	(80, 0)	(40, 69)	(-39, 69)	(-80, 0)	(-40, -69)	(40, -69)	circle	none	dif	left	left	N_dist	(-80, 0)	probe	l_norm	None	None	None	None	60	85	160	10	35	110	(80, 0)	156	testing
8	xy	f	18	red	4	(80, 0)	(40, 69)	(-39, 69)	(-80, 0)	(-40, -69)	(40, -69)	circle	none	dif	left	left	N_dist	(-80, 0)	search	nr	True	595087	595748	left	135	85	110	10	35	60	None	None	testing
8	xy	f	18	red	4	(80, 0)	(40, 69)	(-39, 69)	(-80, 0)	(-40, -69)	(40, -69)	circle	red	dif	right	right	(40, 69)	(-39, 69)	search	nr	True	596990	598532	right	110	60	85	135	35	10	None	None	testing
8	xy	f	18	red	4	(80, 0)	(40, 69)	(-39, 69)	(-80, 0)	(-40, -69)	(40, -69)	diamond	none	dif	left	left	N_dist	(40, 69)	search	nr	True	599762	600676	left	135	10	110	35	160	60	None	None	testing
8	xy	f	18	red	4	(80, 0)	(40, 69)	(-39, 69)	(-80, 0)	(-40, -69)	(40, -69)	diamond	red	dif	right	right	(40, 69)	(-40, -69)	probe	h_sin	None	None	None	None	135	110	160	60	35	10	(40, 69)	153	testing
8	xy	f	18	red	4	(80, 0)	(40, 69)	(-39, 69)	(-80, 0)	(-40, -69)	(40, -69)	circle	none	same	right	right	N_dist	(80, 0)	search	nr	True	605689	606452	right	135	10	160	85	110	60	None	None	testing
8	xy	f	18	red	4	(80, 0)	(40, 69)	(-39, 69)	(-80, 0)	(-40, -69)	(40, -69)	diamond	red	same	left	left	(40, 69)	(80, 0)	search	nr	True	607760	608452	left	135	35	85	10	60	110	None	None	testing
8	xy	f	18	red	4	(80, 0)	(40, 69)	(-39, 69)	(-80, 0)	(-40, -69)	(40, -69)	circle	red	dif	left	left	(40, 69)	(-40, -69)	search	nr	True	609631	610388	left	85	135	160	110	60	10	None	None	testing
8	xy	f	18	red	4	(80, 0)	(40, 69)	(-39, 69)	(-80, 0)	(-40, -69)	(40, -69)	circle	red	dif	left	left	(40, 69)	(-39, 69)	search	nr	True	611684	612404	left	35	135	60	160	85	110	None	None	testing
8	xy	f	18	red	4	(80, 0)	(40, 69)	(-39, 69)	(-80, 0)	(-40, -69)	(40, -69)	diamond	red	dif	left	left	(40, 69)	(80, 0)	probe	tar	None	None	None	None	35	135	85	110	60	160	(80, 0)	160	testing
8	xy	f	18	red	4	(80, 0)	(40, 69)	(-39, 69)	(-80, 0)	(-40, -69)	(40, -69)	circle	red	dif	right	right	(-40, -69)	(-39, 69)	probe	norm	None	None	None	None	60	35	160	85	10	110	(40, 69)	151	testing
8	xy	f	18	red	4	(80, 0)	(40, 69)	(-39, 69)	(-80, 0)	(-40, -69)	(40, -69)	circle	none	dif	right	right	N_dist	(-40, -69)	probe	l_tar	None	None	None	None	110	85	160	10	135	60	(-40, -69)	160	testing
8	xy	f	18	red	4	(80, 0)	(40, 69)	(-39, 69)	(-80, 0)	(-40, -69)	(40, -69)	diamond	red	dif	right	right	(40, 69)	(80, 0)	search	nr	True	628064	628836	right	85	110	160	135	60	10	None	None	testing
8	xy	f	18	red	4	(80, 0)	(40, 69)	(-39, 69)	(-80, 0)	(-40, -69)	(40, -69)	circle	red	same	right	right	(-39, 69)	(-80, 0)	probe	norm	None	None	None	None	135	35	60	110	85	160	(80, 0)	153	testing
8	xy	f	18	red	4	(80, 0)	(40, 69)	(-39, 69)	(-80, 0)	(-40, -69)	(40, -69)	circle	none	dif	left	left	N_dist	(-80, 0)	search	nr	True	634042	634708	left	110	85	60	10	35	160	None	None	testing
8	xy	f	18	red	4	(80, 0)	(40, 69)	(-39, 69)	(-80, 0)	(-40, -69)	(40, -69)	diamond	red	dif	left	left	(40, 69)	(80, 0)	search	nr	True	635945	636868	left	160	135	10	60	110	85	None	None	testing
8	xy	f	18	red	4	(80, 0)	(40, 69)	(-39, 69)	(-80, 0)	(-40, -69)	(40, -69)	diamond	none	dif	right	right	N_dist	(-80, 0)	search	nr	True	638032	638740	right	110	160	60	135	85	35	None	None	testing
8	xy	f	18	red	4	(80, 0)	(40, 69)	(-39, 69)	(-80, 0)	(-40, -69)	(40, -69)	diamond	none	same	left	left	N_dist	(-80, 0)	probe	l_norm	None	None	None	None	160	85	35	135	110	10	(-40, -69)	167	testing
8	xy	f	18	red	4	(80, 0)	(40, 69)	(-39, 69)	(-80, 0)	(-40, -69)	(40, -69)	circle	red	same	left	left	(40, 69)	(-40, -69)	probe	h_sin	None	None	None	None	160	110	85	35	135	60	(40, 69)	151	testing
8	xy	f	18	red	4	(80, 0)	(40, 69)	(-39, 69)	(-80, 0)	(-40, -69)	(40, -69)	circle	red	dif	left	left	(40, -69)	(-39, 69)	probe	l_sin	None	None	None	None	160	10	35	60	110	135	(40, -69)	18	testing
8	xy	f	18	red	4	(80, 0)	(40, 69)	(-39, 69)	(-80, 0)	(-40, -69)	(40, -69)	circle	red	dif	left	left	(40, 69)	(40, -69)	search	nr	True	653778	654611	left	110	10	60	85	160	135	None	None	testing
8	xy	f	18	red	4	(80, 0)	(40, 69)	(-39, 69)	(-80, 0)	(-40, -69)	(40, -69)	diamond	red	dif	left	left	(40, 69)	(-39, 69)	probe	norm	None	None	None	None	35	60	110	160	10	135	(40, -69)	26	testing
8	xy	f	18	red	4	(80, 0)	(40, 69)	(-39, 69)	(-80, 0)	(-40, -69)	(40, -69)	circle	red	same	right	right	(40, 69)	(80, 0)	probe	tar	None	None	None	None	10	135	35	85	160	60	(80, 0)	147	testing
8	xy	f	18	red	4	(80, 0)	(40, 69)	(-39, 69)	(-80, 0)	(-40, -69)	(40, -69)	circle	none	dif	left	left	N_dist	(40, 69)	search	nr	True	664498	665139	left	85	110	60	35	160	135	None	None	testing
8	xy	f	18	red	4	(80, 0)	(40, 69)	(-39, 69)	(-80, 0)	(-40, -69)	(40, -69)	circle	red	dif	left	left	(40, 69)	(-39, 69)	probe	norm	None	None	None	None	160	135	10	35	110	85	(-80, 0)	167	testing
8	xy	f	18	red	4	(80, 0)	(40, 69)	(-39, 69)	(-80, 0)	(-40, -69)	(40, -69)	diamond	red	same	right	right	(-39, 69)	(80, 0)	search	nr	True	671527	672387	right	160	135	10	85	60	35	None	None	testing
8	xy	f	18	red	4	(80, 0)	(40, 69)	(-39, 69)	(-80, 0)	(-40, -69)	(40, -69)	circle	none	same	left	left	N_dist	(-40, -69)	probe	h_norm	None	None	None	None	60	10	35	160	135	85	(40, 69)	154	testing
8	xy	f	18	red	4	(80, 0)	(40, 69)	(-39, 69)	(-80, 0)	(-40, -69)	(40, -69)	circle	red	same	left	left	(40, 69)	(40, -69)	probe	h_sin	None	None	None	None	35	10	110	60	85	135	(40, 69)	173	testing
8	xy	f	18	red	4	(80, 0)	(40, 69)	(-39, 69)	(-80, 0)	(-40, -69)	(40, -69)	circle	red	dif	right	right	(40, 69)	(-40, -69)	search	nr	True	682498	683284	right	160	135	110	85	35	10	None	None	testing
8	xy	f	18	red	4	(80, 0)	(40, 69)	(-39, 69)	(-80, 0)	(-40, -69)	(40, -69)	diamond	red	same	right	right	(-39, 69)	(-80, 0)	probe	l_sin	None	None	None	None	110	10	160	135	85	35	(-39, 69)	29	testing
8	xy	f	18	red	4	(80, 0)	(40, 69)	(-39, 69)	(-80, 0)	(-40, -69)	(40, -69)	diamond	none	same	left	left	N_dist	(-39, 69)	probe	l_norm	None	None	None	None	160	135	85	60	35	110	(40, -69)	33	testing
8	xy	f	18	red	4	(80, 0)	(40, 69)	(-39, 69)	(-80, 0)	(-40, -69)	(40, -69)	circle	red	dif	right	right	(40, 69)	(-40, -69)	search	nr	True	692884	693732	right	135	160	110	10	35	85	None	None	testing
8	xy	f	18	red	4	(80, 0)	(40, 69)	(-39, 69)	(-80, 0)	(-40, -69)	(40, -69)	diamond	red	same	right	right	(-39, 69)	(80, 0)	probe	l_sin	None	None	None	None	10	35	60	160	110	85	(-39, 69)	6	testing
8	xy	f	18	red	4	(80, 0)	(40, 69)	(-39, 69)	(-80, 0)	(-40, -69)	(40, -69)	circle	red	dif	left	left	(40, 69)	(40, -69)	search	nr	True	699078	699748	left	35	10	160	85	60	135	None	None	testing
8	xy	f	18	red	4	(80, 0)	(40, 69)	(-39, 69)	(-80, 0)	(-40, -69)	(40, -69)	diamond	none	same	left	left	N_dist	(40, -69)	search	nr	True	700882	701748	left	110	160	35	85	60	135	None	None	testing
8	xy	f	18	red	4	(80, 0)	(40, 69)	(-39, 69)	(-80, 0)	(-40, -69)	(40, -69)	diamond	none	dif	left	left	N_dist	(40, 69)	probe	h_tar	None	None	None	None	160	35	110	10	85	135	(40, 69)	155	testing
8	xy	f	18	red	4	(80, 0)	(40, 69)	(-39, 69)	(-80, 0)	(-40, -69)	(40, -69)	circle	red	same	left	left	(40, 69)	(40, -69)	probe	norm	None	None	None	None	10	60	135	110	160	85	(-40, -69)	40	testing
8	xy	f	18	red	4	(80, 0)	(40, 69)	(-39, 69)	(-80, 0)	(-40, -69)	(40, -69)	diamond	red	dif	left	left	(40, 69)	(-39, 69)	probe	norm	None	None	None	None	110	135	35	85	160	60	(-40, -69)	24	testing
8	xy	f	18	red	4	(80, 0)	(40, 69)	(-39, 69)	(-80, 0)	(-40, -69)	(40, -69)	diamond	red	same	left	left	(40, 69)	(-40, -69)	search	nr	True	718547	719283	left	160	135	60	10	110	35	None	None	testing
8	xy	f	18	red	4	(80, 0)	(40, 69)	(-39, 69)	(-80, 0)	(-40, -69)	(40, -69)	circle	red	dif	right	right	(-39, 69)	(-80, 0)	search	nr	True	720551	721347	right	110	10	60	35	85	160	None	None	testing
8	xy	f	18	red	4	(80, 0)	(40, 69)	(-39, 69)	(-80, 0)	(-40, -69)	(40, -69)	diamond	none	dif	left	left	N_dist	(-80, 0)	search	nr	True	722604	723380	left	60	35	135	160	85	10	None	None	testing
8	xy	f	18	red	4	(80, 0)	(40, 69)	(-39, 69)	(-80, 0)	(-40, -69)	(40, -69)	circle	red	same	left	left	(40, 69)	(-80, 0)	search	nr	True	724491	725347	left	60	10	160	135	85	110	None	None	testing
8	xy	f	18	red	4	(80, 0)	(40, 69)	(-39, 69)	(-80, 0)	(-40, -69)	(40, -69)	diamond	none	same	right	right	N_dist	(80, 0)	probe	l_norm	None	None	None	None	160	85	110	35	135	60	(-80, 0)	15	testing
8	xy	f	18	red	4	(80, 0)	(40, 69)	(-39, 69)	(-80, 0)	(-40, -69)	(40, -69)	diamond	red	dif	left	left	(40, 69)	(40, -69)	search	nr	True	730385	731252	left	160	35	60	135	10	85	None	None	testing
8	xy	f	18	red	4	(80, 0)	(40, 69)	(-39, 69)	(-80, 0)	(-40, -69)	(40, -69)	circle	red	dif	right	right	(40, 69)	(80, 0)	search	nr	True	732506	733284	right	60	110	160	35	10	85	None	None	testing
8	xy	f	18	red	4	(80, 0)	(40, 69)	(-39, 69)	(-80, 0)	(-40, -69)	(40, -69)	diamond	red	dif	left	left	(80, 0)	(-80, 0)	probe	l_sin	None	None	None	None	60	160	85	135	35	110	(80, 0)	151	testing
8	xy	f	18	red	4	(80, 0)	(40, 69)	(-39, 69)	(-80, 0)	(-40, -69)	(40, -69)	circle	red	same	left	left	(-40, -69)	(40, -69)	search	nr	True	738384	739203	left	85	135	10	160	60	110	None	None	testing
8	xy	f	18	red	4	(80, 0)	(40, 69)	(-39, 69)	(-80, 0)	(-40, -69)	(40, -69)	diamond	none	same	right	right	N_dist	(40, -69)	probe	l_tar	None	None	None	None	85	10	35	60	110	160	(40, -69)	33	testing
8	xy	f	18	red	4	(80, 0)	(40, 69)	(-39, 69)	(-80, 0)	(-40, -69)	(40, -69)	diamond	red	same	right	right	(40, 69)	(-80, 0)	search	nr	True	744645	745347	right	85	160	35	60	110	135	None	None	testing
8	xy	f	18	red	4	(80, 0)	(40, 69)	(-39, 69)	(-80, 0)	(-40, -69)	(40, -69)	circle	red	same	right	right	(40, 69)	(-80, 0)	search	nr	True	746415	747124	right	160	60	10	35	85	110	None	None	testing
8	xy	f	18	red	4	(80, 0)	(40, 69)	(-39, 69)	(-80, 0)	(-40, -69)	(40, -69)	circle	none	same	right	right	N_dist	(80, 0)	probe	l_norm	None	None	None	None	35	60	160	110	10	135	(-39, 69)	29	testing
8	xy	f	18	red	4	(80, 0)	(40, 69)	(-39, 69)	(-80, 0)	(-40, -69)	(40, -69)	circle	red	same	left	left	(80, 0)	(-40, -69)	search	nr	True	753044	753924	left	160	110	35	10	85	135	None	None	testing
8	xy	f	18	red	4	(80, 0)	(40, 69)	(-39, 69)	(-80, 0)	(-40, -69)	(40, -69)	diamond	red	dif	left	left	(40, 69)	(-39, 69)	probe	tar	None	None	None	None	160	135	60	10	110	85	(-39, 69)	44	testing
8	xy	f	18	red	4	(80, 0)	(40, 69)	(-39, 69)	(-80, 0)	(-40, -69)	(40, -69)	circle	red	dif	right	right	(40, 69)	(-40, -69)	probe	h_sin	None	None	None	None	60	85	10	35	160	110	(40, 69)	165	testing
8	xy	f	18	red	4	(80, 0)	(40, 69)	(-39, 69)	(-80, 0)	(-40, -69)	(40, -69)	diamond	red	dif	left	left	(40, 69)	(80, 0)	search	nr	True	765384	766340	left	135	110	10	160	60	85	None	None	testing
8	xy	f	18	red	4	(80, 0)	(40, 69)	(-39, 69)	(-80, 0)	(-40, -69)	(40, -69)	diamond	red	same	left	left	(-39, 69)	(-80, 0)	probe	norm	None	None	None	None	60	110	10	160	35	85	(40, 69)	168	testing
8	xy	f	18	red	4	(80, 0)	(40, 69)	(-39, 69)	(-80, 0)	(-40, -69)	(40, -69)	circle	none	dif	right	right	N_dist	(-39, 69)	search	nr	True	775184	776019	right	60	135	110	85	10	160	None	None	testing
8	xy	f	18	red	4	(80, 0)	(40, 69)	(-39, 69)	(-80, 0)	(-40, -69)	(40, -69)	diamond	none	dif	right	right	N_dist	(-40, -69)	search	nr	True	777255	777971	right	60	85	135	160	10	35	None	None	testing
8	xy	f	18	red	4	(80, 0)	(40, 69)	(-39, 69)	(-80, 0)	(-40, -69)	(40, -69)	diamond	red	same	right	right	(-80, 0)	(80, 0)	search	nr	True	779108	779988	right	10	60	85	35	135	110	None	None	testing
8	xy	f	18	red	4	(80, 0)	(40, 69)	(-39, 69)	(-80, 0)	(-40, -69)	(40, -69)	circle	red	same	right	right	(40, 69)	(80, 0)	probe	norm	None	None	None	None	10	110	35	85	160	60	(-39, 69)	40	testing
8	xy	f	18	red	4	(80, 0)	(40, 69)	(-39, 69)	(-80, 0)	(-40, -69)	(40, -69)	diamond	none	dif	right	right	N_dist	(-80, 0)	search	nr	True	785687	786292	right	110	35	160	10	60	85	None	None	testing
8	xy	f	18	red	4	(80, 0)	(40, 69)	(-39, 69)	(-80, 0)	(-40, -69)	(40, -69)	diamond	none	same	left	left	N_dist	(40, -69)	search	nr	True	787524	788244	left	10	85	35	110	135	160	None	None	testing
8	xy	f	18	red	4	(80, 0)	(40, 69)	(-39, 69)	(-80, 0)	(-40, -69)	(40, -69)	diamond	red	dif	left	left	(40, 69)	(-39, 69)	probe	tar	None	None	None	None	10	160	110	135	85	60	(-39, 69)	30	testing
8	xy	f	18	red	4	(80, 0)	(40, 69)	(-39, 69)	(-80, 0)	(-40, -69)	(40, -69)	circle	none	same	right	right	N_dist	(80, 0)	search	nr	True	793919	794452	right	135	60	160	35	110	10	None	None	testing
8	xy	f	18	red	4	(80, 0)	(40, 69)	(-39, 69)	(-80, 0)	(-40, -69)	(40, -69)	diamond	none	dif	left	left	N_dist	(40, 69)	search	nr	True	795655	796500	left	110	10	35	135	160	85	None	None	testing
8	xy	f	18	red	4	(80, 0)	(40, 69)	(-39, 69)	(-80, 0)	(-40, -69)	(40, -69)	circle	red	same	right	right	(40, 69)	(80, 0)	search	nr	True	797593	798291	right	135	160	10	60	85	35	None	None	testing
8	xy	f	18	red	4	(80, 0)	(40, 69)	(-39, 69)	(-80, 0)	(-40, -69)	(40, -69)	circle	red	same	left	left	(40, 69)	(80, 0)	probe	tar	None	None	None	None	60	110	160	135	35	85	(80, 0)	173	testing
8	xy	f	18	red	4	(80, 0)	(40, 69)	(-39, 69)	(-80, 0)	(-40, -69)	(40, -69)	diamond	red	dif	left	left	(40, 69)	(80, 0)	probe	h_sin	None	None	None	None	60	160	110	10	135	85	(40, 69)	37	testing
8	xy	f	18	red	4	(80, 0)	(40, 69)	(-39, 69)	(-80, 0)	(-40, -69)	(40, -69)	circle	none	dif	right	right	N_dist	(-39, 69)	probe	l_norm	None	None	None	None	60	110	10	85	135	35	(-80, 0)	16	testing
8	xy	f	18	red	4	(80, 0)	(40, 69)	(-39, 69)	(-80, 0)	(-40, -69)	(40, -69)	circle	none	dif	left	left	N_dist	(40, -69)	search	nr	True	815041	815811	left	160	35	60	10	85	135	None	None	testing
8	xy	f	18	red	4	(80, 0)	(40, 69)	(-39, 69)	(-80, 0)	(-40, -69)	(40, -69)	circle	red	dif	right	right	(40, 69)	(-80, 0)	search	nr	True	817011	817956	right	60	85	35	160	10	110	None	None	testing
8	xy	f	18	red	4	(80, 0)	(40, 69)	(-39, 69)	(-80, 0)	(-40, -69)	(40, -69)	diamond	none	same	left	left	N_dist	(-80, 0)	search	nr	True	819165	819844	left	35	135	160	60	10	85	None	None	testing
8	xy	f	18	red	4	(80, 0)	(40, 69)	(-39, 69)	(-80, 0)	(-40, -69)	(40, -69)	diamond	red	same	left	left	(40, -69)	(-40, -69)	probe	l_sin	None	None	None	None	110	60	160	135	85	35	(40, -69)	24	testing
8	xy	f	18	red	4	(80, 0)	(40, 69)	(-39, 69)	(-80, 0)	(-40, -69)	(40, -69)	diamond	none	same	right	right	N_dist	(80, 0)	search	nr	True	826445	827124	right	60	110	160	85	135	10	None	None	testing
8	xy	f	18	red	4	(80, 0)	(40, 69)	(-39, 69)	(-80, 0)	(-40, -69)	(40, -69)	circle	red	dif	left	left	(40, 69)	(40, -69)	probe	tar	None	None	None	None	110	85	160	60	135	10	(40, -69)	40	testing
8	xy	f	18	red	4	(80, 0)	(40, 69)	(-39, 69)	(-80, 0)	(-40, -69)	(40, -69)	diamond	none	same	right	right	N_dist	(-80, 0)	search	nr	True	832507	833092	left	10	60	110	85	160	35	None	None	testing
8	xy	f	18	red	4	(80, 0)	(40, 69)	(-39, 69)	(-80, 0)	(-40, -69)	(40, -69)	circle	none	same	left	left	N_dist	(-40, -69)	search	nr	True	835662	836403	left	10	60	135	85	35	110	None	None	testing
8	xy	f	18	red	4	(80, 0)	(40, 69)	(-39, 69)	(-80, 0)	(-40, -69)	(40, -69)	circle	none	same	right	right	N_dist	(40, 69)	search	nr	True	837583	838339	right	110	10	160	60	85	135	None	None	testing
8	xy	f	18	red	4	(80, 0)	(40, 69)	(-39, 69)	(-80, 0)	(-40, -69)	(40, -69)	circle	red	same	right	right	(-80, 0)	(80, 0)	probe	l_sin	None	None	None	None	110	85	60	135	10	160	(-80, 0)	19	testing
8	xy	f	18	red	4	(80, 0)	(40, 69)	(-39, 69)	(-80, 0)	(-40, -69)	(40, -69)	diamond	red	same	right	right	(40, 69)	(-40, -69)	search	nr	True	844028	844836	right	160	135	10	35	110	60	None	None	testing
8	xy	f	18	red	4	(80, 0)	(40, 69)	(-39, 69)	(-80, 0)	(-40, -69)	(40, -69)	diamond	none	same	right	right	N_dist	(40, 69)	search	nr	True	845948	846675	right	10	35	60	160	85	110	None	None	testing
8	xy	f	18	red	4	(80, 0)	(40, 69)	(-39, 69)	(-80, 0)	(-40, -69)	(40, -69)	circle	red	dif	left	left	(-80, 0)	(-40, -69)	search	nr	True	847851	849059	left	85	135	110	160	60	10	None	None	testing
8	xy	f	18	red	4	(80, 0)	(40, 69)	(-39, 69)	(-80, 0)	(-40, -69)	(40, -69)	diamond	red	same	left	left	(40, 69)	(-80, 0)	probe	h_sin	None	None	None	None	60	35	10	110	160	135	(40, 69)	162	testing
8	xy	f	18	red	4	(80, 0)	(40, 69)	(-39, 69)	(-80, 0)	(-40, -69)	(40, -69)	circle	red	same	left	left	(40, 69)	(-40, -69)	search	nr	True	854948	855779	left	135	60	85	35	160	110	None	None	testing
8	xy	f	18	red	4	(80, 0)	(40, 69)	(-39, 69)	(-80, 0)	(-40, -69)	(40, -69)	circle	red	same	left	left	(40, 69)	(80, 0)	search	nr	True	857068	857731	left	85	160	35	10	110	60	None	None	testing
8	xy	f	18	red	4	(80, 0)	(40, 69)	(-39, 69)	(-80, 0)	(-40, -69)	(40, -69)	diamond	red	dif	left	left	(80, 0)	(-39, 69)	search	nr	True	859022	859970	left	160	85	135	35	60	110	None	None	testing
8	xy	f	18	red	4	(80, 0)	(40, 69)	(-39, 69)	(-80, 0)	(-40, -69)	(40, -69)	circle	red	same	right	right	(-80, 0)	(80, 0)	search	nr	True	861142	861987	right	10	160	135	35	110	85	None	None	testing
8	xy	f	18	red	4	(80, 0)	(40, 69)	(-39, 69)	(-80, 0)	(-40, -69)	(40, -69)	circle	none	dif	right	right	N_dist	(-39, 69)	probe	h_norm	None	None	None	None	135	110	35	85	60	160	(40, 69)	173	testing
8	xy	f	18	red	4	(80, 0)	(40, 69)	(-39, 69)	(-80, 0)	(-40, -69)	(40, -69)	circle	red	dif	left	left	(40, 69)	(40, -69)	search	nr	True	868606	869779	left	10	35	135	110	85	60	None	None	testing
8	xy	f	18	red	4	(80, 0)	(40, 69)	(-39, 69)	(-80, 0)	(-40, -69)	(40, -69)	circle	red	dif	left	left	(40, 69)	(-40, -69)	probe	h_sin	None	None	None	None	135	35	160	110	10	60	(40, 69)	165	testing
8	xy	f	18	red	4	(80, 0)	(40, 69)	(-39, 69)	(-80, 0)	(-40, -69)	(40, -69)	circle	none	dif	left	left	N_dist	(40, 69)	search	nr	True	874751	875427	left	10	85	135	160	60	110	None	None	testing
8	xy	f	18	red	4	(80, 0)	(40, 69)	(-39, 69)	(-80, 0)	(-40, -69)	(40, -69)	circle	red	same	right	right	(40, -69)	(-80, 0)	search	nr	True	876504	877203	right	110	85	60	35	135	160	None	None	testing
8	xy	f	18	red	4	(80, 0)	(40, 69)	(-39, 69)	(-80, 0)	(-40, -69)	(40, -69)	circle	red	dif	right	right	(-39, 69)	(-80, 0)	probe	l_sin	None	None	None	None	35	160	110	60	135	10	(-39, 69)	24	testing
8	xy	f	18	red	4	(80, 0)	(40, 69)	(-39, 69)	(-80, 0)	(-40, -69)	(40, -69)	circle	none	dif	right	right	N_dist	(-40, -69)	probe	h_norm	None	None	None	None	10	60	85	35	110	135	(40, 69)	161	testing
8	xy	f	18	red	4	(80, 0)	(40, 69)	(-39, 69)	(-80, 0)	(-40, -69)	(40, -69)	circle	red	dif	left	left	(-80, 0)	(-40, -69)	search	nr	True	886739	887827	left	10	160	35	85	110	135	None	None	testing
8	xy	f	18	red	4	(80, 0)	(40, 69)	(-39, 69)	(-80, 0)	(-40, -69)	(40, -69)	circle	red	same	left	left	(80, 0)	(-40, -69)	search	nr	True	888943	889699	left	135	35	160	85	110	60	None	None	testing
8	xy	f	18	red	4	(80, 0)	(40, 69)	(-39, 69)	(-80, 0)	(-40, -69)	(40, -69)	circle	none	same	right	right	N_dist	(80, 0)	search	nr	True	890780	891411	right	110	160	35	135	85	60	None	None	testing
8	xy	f	18	red	4	(80, 0)	(40, 69)	(-39, 69)	(-80, 0)	(-40, -69)	(40, -69)	circle	none	dif	right	right	N_dist	(-40, -69)	search	nr	True	892467	893075	right	135	10	160	85	110	60	None	None	testing
8	xy	f	18	red	4	(80, 0)	(40, 69)	(-39, 69)	(-80, 0)	(-40, -69)	(40, -69)	diamond	none	dif	right	right	N_dist	(-39, 69)	probe	l_tar	None	None	None	None	85	10	35	160	135	110	(-39, 69)	19	testing
8	xy	f	18	red	4	(80, 0)	(40, 69)	(-39, 69)	(-80, 0)	(-40, -69)	(40, -69)	circle	red	dif	left	left	(40, 69)	(-80, 0)	search	nr	True	897993	898595	left	35	85	160	135	110	60	None	None	testing
8	xy	f	18	red	4	(80, 0)	(40, 69)	(-39, 69)	(-80, 0)	(-40, -69)	(40, -69)	circle	red	same	left	left	(40, 69)	(-40, -69)	search	nr	True	899797	900451	left	60	10	35	160	135	85	None	None	testing
8	xy	f	18	red	4	(80, 0)	(40, 69)	(-39, 69)	(-80, 0)	(-40, -69)	(40, -69)	diamond	red	same	right	right	(-80, 0)	(-40, -69)	probe	tar	None	None	None	None	85	160	60	35	10	135	(-40, -69)	170	testing
8	xy	f	18	red	4	(80, 0)	(40, 69)	(-39, 69)	(-80, 0)	(-40, -69)	(40, -69)	diamond	red	dif	right	right	(40, 69)	(-40, -69)	search	nr	True	905440	906212	right	10	110	160	135	85	35	None	None	testing
8	xy	f	18	red	4	(80, 0)	(40, 69)	(-39, 69)	(-80, 0)	(-40, -69)	(40, -69)	circle	none	dif	right	right	N_dist	(-39, 69)	search	nr	True	907427	908084	right	35	135	60	85	160	110	None	None	testing
8	xy	f	18	red	4	(80, 0)	(40, 69)	(-39, 69)	(-80, 0)	(-40, -69)	(40, -69)	diamond	red	dif	right	right	(40, 69)	(-40, -69)	search	nr	True	909364	910132	right	160	85	135	35	10	110	None	None	testing
8	xy	f	18	red	4	(80, 0)	(40, 69)	(-39, 69)	(-80, 0)	(-40, -69)	(40, -69)	circle	red	dif	left	left	(40, 69)	(-80, 0)	search	nr	True	911251	911987	left	35	135	85	10	160	110	None	None	testing
8	xy	f	18	red	4	(80, 0)	(40, 69)	(-39, 69)	(-80, 0)	(-40, -69)	(40, -69)	diamond	none	dif	right	right	N_dist	(-40, -69)	probe	l_norm	None	None	None	None	110	135	85	10	35	60	(40, -69)	168	testing
8	xy	f	18	red	4	(80, 0)	(40, 69)	(-39, 69)	(-80, 0)	(-40, -69)	(40, -69)	circle	red	same	left	left	(-40, -69)	(80, 0)	search	nr	True	917446	918243	left	110	135	60	160	10	35	None	None	testing
8	xy	f	18	red	4	(80, 0)	(40, 69)	(-39, 69)	(-80, 0)	(-40, -69)	(40, -69)	diamond	red	dif	right	right	(40, 69)	(80, 0)	search	nr	True	919416	920291	right	10	135	160	85	60	35	None	None	testing
8	xy	f	18	red	4	(80, 0)	(40, 69)	(-39, 69)	(-80, 0)	(-40, -69)	(40, -69)	diamond	red	dif	left	left	(80, 0)	(-80, 0)	search	nr	True	921403	922019	left	85	135	35	160	60	10	None	None	testing
8	xy	f	18	red	4	(80, 0)	(40, 69)	(-39, 69)	(-80, 0)	(-40, -69)	(40, -69)	circle	red	dif	right	right	(40, 69)	(-39, 69)	probe	tar	None	None	None	None	85	60	10	135	110	160	(-39, 69)	45	testing
8	xy	f	18	red	4	(80, 0)	(40, 69)	(-39, 69)	(-80, 0)	(-40, -69)	(40, -69)	diamond	red	dif	right	right	(-39, 69)	(40, -69)	search	nr	True	928450	929427	right	160	135	85	110	10	60	None	None	testing
8	xy	f	18	red	4	(80, 0)	(40, 69)	(-39, 69)	(-80, 0)	(-40, -69)	(40, -69)	circle	none	same	right	right	N_dist	(80, 0)	search	nr	True	930670	931508	right	160	10	85	35	110	135	None	None	testing
8	xy	f	18	red	4	(80, 0)	(40, 69)	(-39, 69)	(-80, 0)	(-40, -69)	(40, -69)	circle	red	same	left	left	(40, 69)	(-40, -69)	search	nr	True	932741	933395	left	60	160	35	135	85	110	None	None	testing
8	xy	f	18	red	4	(80, 0)	(40, 69)	(-39, 69)	(-80, 0)	(-40, -69)	(40, -69)	circle	red	same	right	right	(40, 69)	(-80, 0)	search	nr	True	934560	935380	right	110	85	35	60	160	10	None	None	testing
8	xy	f	18	red	4	(80, 0)	(40, 69)	(-39, 69)	(-80, 0)	(-40, -69)	(40, -69)	circle	red	same	left	left	(40, 69)	(40, -69)	search	nr	True	936597	937219	left	135	35	110	85	60	10	None	None	testing
8	xy	f	18	red	4	(80, 0)	(40, 69)	(-39, 69)	(-80, 0)	(-40, -69)	(40, -69)	circle	red	dif	right	right	(40, 69)	(-40, -69)	search	nr	True	938301	938979	right	60	135	35	110	85	160	None	None	testing
8	xy	f	18	red	4	(80, 0)	(40, 69)	(-39, 69)	(-80, 0)	(-40, -69)	(40, -69)	diamond	none	dif	right	right	N_dist	(-39, 69)	search	nr	True	940171	940979	right	10	160	60	135	110	85	None	None	testing
8	xy	f	18	red	4	(80, 0)	(40, 69)	(-39, 69)	(-80, 0)	(-40, -69)	(40, -69)	diamond	red	dif	right	right	(40, 69)	(-80, 0)	probe	norm	None	None	None	None	160	110	10	85	60	35	(80, 0)	141	testing
8	xy	f	18	red	4	(80, 0)	(40, 69)	(-39, 69)	(-80, 0)	(-40, -69)	(40, -69)	diamond	none	dif	right	right	N_dist	(-40, -69)	probe	l_norm	None	None	None	None	35	135	10	85	60	160	(80, 0)	16	testing
8	xy	f	18	red	4	(80, 0)	(40, 69)	(-39, 69)	(-80, 0)	(-40, -69)	(40, -69)	diamond	red	same	left	left	(-80, 0)	(80, 0)	search	nr	True	952760	953619	left	85	35	135	60	160	110	None	None	testing
8	xy	f	18	red	4	(80, 0)	(40, 69)	(-39, 69)	(-80, 0)	(-40, -69)	(40, -69)	circle	red	same	right	right	(40, 69)	(-80, 0)	probe	norm	None	None	None	None	135	35	110	85	60	10	(-40, -69)	161	testing
8	xy	f	18	red	4	(80, 0)	(40, 69)	(-39, 69)	(-80, 0)	(-40, -69)	(40, -69)	diamond	none	same	left	left	N_dist	(-80, 0)	search	nr	True	958938	959651	left	160	35	60	135	85	110	None	None	testing
8	xy	f	18	red	4	(80, 0)	(40, 69)	(-39, 69)	(-80, 0)	(-40, -69)	(40, -69)	diamond	red	dif	left	left	(40, 69)	(-39, 69)	search	nr	True	960775	961858	left	110	60	85	10	35	160	None	None	testing
8	xy	f	18	red	4	(80, 0)	(40, 69)	(-39, 69)	(-80, 0)	(-40, -69)	(40, -69)	diamond	red	dif	right	right	(40, 69)	(-40, -69)	search	nr	True	963130	963859	right	110	135	10	35	160	85	None	None	testing
8	xy	f	18	red	4	(80, 0)	(40, 69)	(-39, 69)	(-80, 0)	(-40, -69)	(40, -69)	diamond	red	dif	left	left	(40, 69)	(-39, 69)	search	nr	True	965084	965859	left	10	60	35	135	85	160	None	None	testing
8	xy	f	18	red	4	(80, 0)	(40, 69)	(-39, 69)	(-80, 0)	(-40, -69)	(40, -69)	circle	none	same	right	right	N_dist	(80, 0)	search	nr	True	966936	967619	right	160	85	10	135	110	35	None	None	testing
8	xy	f	18	red	4	(80, 0)	(40, 69)	(-39, 69)	(-80, 0)	(-40, -69)	(40, -69)	circle	red	dif	left	left	(-80, 0)	(-40, -69)	probe	norm	None	None	None	None	10	85	135	35	110	60	(40, 69)	165	testing
8	xy	f	18	red	4	(80, 0)	(40, 69)	(-39, 69)	(-80, 0)	(-40, -69)	(40, -69)	diamond	red	same	left	left	(40, 69)	(-40, -69)	probe	norm	None	None	None	None	85	110	10	35	135	60	(-39, 69)	35	testing
8	xy	f	18	red	4	(80, 0)	(40, 69)	(-39, 69)	(-80, 0)	(-40, -69)	(40, -69)	circle	red	same	left	left	(-40, -69)	(80, 0)	search	nr	True	978041	978931	left	85	60	10	160	135	35	None	None	testing
8	xy	f	18	red	4	(80, 0)	(40, 69)	(-39, 69)	(-80, 0)	(-40, -69)	(40, -69)	diamond	none	dif	right	right	N_dist	(-40, -69)	search	nr	True	980228	980915	right	60	35	160	85	135	110	None	None	testing
8	xy	f	18	red	4	(80, 0)	(40, 69)	(-39, 69)	(-80, 0)	(-40, -69)	(40, -69)	diamond	none	dif	left	left	N_dist	(80, 0)	search	nr	True	982014	982659	left	135	35	60	85	110	10	None	None	testing
8	xy	f	18	red	4	(80, 0)	(40, 69)	(-39, 69)	(-80, 0)	(-40, -69)	(40, -69)	diamond	red	dif	right	right	(40, 69)	(-40, -69)	search	nr	True	983767	984499	right	10	135	85	110	35	60	None	None	testing
8	xy	f	18	red	4	(80, 0)	(40, 69)	(-39, 69)	(-80, 0)	(-40, -69)	(40, -69)	circle	none	dif	right	right	N_dist	(-40, -69)	search	nr	True	985604	986179	right	85	60	35	110	10	160	None	None	testing
8	xy	f	18	red	4	(80, 0)	(40, 69)	(-39, 69)	(-80, 0)	(-40, -69)	(40, -69)	circle	red	dif	right	right	(40, 69)	(-40, -69)	search	nr	True	987274	987844	right	110	135	85	35	160	60	None	None	testing
8	xy	f	18	red	4	(80, 0)	(40, 69)	(-39, 69)	(-80, 0)	(-40, -69)	(40, -69)	circle	red	same	right	right	(40, -69)	(-40, -69)	probe	tar	None	None	None	None	10	110	85	60	135	35	(-40, -69)	12	testing
8	xy	f	18	red	4	(80, 0)	(40, 69)	(-39, 69)	(-80, 0)	(-40, -69)	(40, -69)	diamond	red	dif	right	right	(40, 69)	(40, -69)	search	nr	True	993385	994579	right	110	60	85	35	10	135	None	None	testing
8	xy	f	18	red	4	(80, 0)	(40, 69)	(-39, 69)	(-80, 0)	(-40, -69)	(40, -69)	circle	red	dif	left	left	(40, 69)	(-39, 69)	search	nr	True	995706	996499	left	10	160	35	85	110	60	None	None	testing
8	xy	f	18	red	4	(80, 0)	(40, 69)	(-39, 69)	(-80, 0)	(-40, -69)	(40, -69)	circle	none	dif	left	left	N_dist	(-80, 0)	search	nr	True	997627	998211	left	160	10	110	60	135	85	None	None	testing
8	xy	f	18	red	4	(80, 0)	(40, 69)	(-39, 69)	(-80, 0)	(-40, -69)	(40, -69)	circle	red	dif	left	left	(40, 69)	(40, -69)	probe	norm	None	None	None	None	160	135	85	35	110	10	(-40, -69)	11	testing
8	xy	f	18	red	4	(80, 0)	(40, 69)	(-39, 69)	(-80, 0)	(-40, -69)	(40, -69)	diamond	none	dif	left	left	N_dist	(-39, 69)	probe	l_tar	None	None	None	None	110	60	160	135	35	85	(-39, 69)	31	testing
8	xy	f	18	red	4	(80, 0)	(40, 69)	(-39, 69)	(-80, 0)	(-40, -69)	(40, -69)	circle	none	same	left	left	N_dist	(-40, -69)	probe	h_norm	None	None	None	None	35	60	85	135	110	160	(40, 69)	157	testing
8	xy	f	18	red	4	(80, 0)	(40, 69)	(-39, 69)	(-80, 0)	(-40, -69)	(40, -69)	diamond	none	same	right	right	N_dist	(-80, 0)	probe	h_norm	None	None	None	None	35	10	85	135	160	110	(40, 69)	41	testing
8	xy	f	18	red	4	(80, 0)	(40, 69)	(-39, 69)	(-80, 0)	(-40, -69)	(40, -69)	diamond	red	dif	left	left	(40, 69)	(40, -69)	search	nr	True	1019650	1020898	left	60	160	110	35	10	85	None	None	testing
8	xy	f	18	red	4	(80, 0)	(40, 69)	(-39, 69)	(-80, 0)	(-40, -69)	(40, -69)	diamond	red	same	right	right	(-39, 69)	(-80, 0)	search	nr	True	1021955	1022691	right	110	135	160	85	10	35	None	None	testing
8	xy	f	18	red	4	(80, 0)	(40, 69)	(-39, 69)	(-80, 0)	(-40, -69)	(40, -69)	diamond	red	same	left	left	(-80, 0)	(40, -69)	search	nr	True	1023774	1024483	left	85	135	60	110	10	160	None	None	testing
8	xy	f	18	red	4	(80, 0)	(40, 69)	(-39, 69)	(-80, 0)	(-40, -69)	(40, -69)	diamond	red	same	right	right	(-39, 69)	(80, 0)	search	nr	True	1025745	1026579	right	135	110	35	10	85	160	None	None	testing
8	xy	f	18	red	4	(80, 0)	(40, 69)	(-39, 69)	(-80, 0)	(-40, -69)	(40, -69)	circle	red	dif	right	right	(40, 69)	(80, 0)	search	nr	True	1027782	1028386	right	60	110	135	85	35	10	None	None	testing
8	xy	f	18	red	4	(80, 0)	(40, 69)	(-39, 69)	(-80, 0)	(-40, -69)	(40, -69)	circle	none	same	left	left	N_dist	(40, -69)	search	nr	True	1029685	1030323	left	110	35	160	135	60	85	None	None	testing
8	xy	f	18	red	4	(80, 0)	(40, 69)	(-39, 69)	(-80, 0)	(-40, -69)	(40, -69)	circle	none	same	left	left	N_dist	(-40, -69)	search	nr	True	1031422	1032051	left	160	10	35	110	85	60	None	None	testing
8	xy	f	18	red	4	(80, 0)	(40, 69)	(-39, 69)	(-80, 0)	(-40, -69)	(40, -69)	circle	red	dif	left	left	(40, 69)	(-80, 0)	probe	norm	None	None	None	None	160	135	85	35	60	10	(80, 0)	28	testing
8	xy	f	18	red	4	(80, 0)	(40, 69)	(-39, 69)	(-80, 0)	(-40, -69)	(40, -69)	circle	red	dif	right	right	(40, 69)	(80, 0)	search	nr	True	1038685	1039411	right	135	10	110	85	160	60	None	None	testing
8	xy	f	18	red	4	(80, 0)	(40, 69)	(-39, 69)	(-80, 0)	(-40, -69)	(40, -69)	circle	red	dif	right	right	(-39, 69)	(-80, 0)	search	nr	True	1040589	1041251	right	135	85	60	110	35	10	None	None	testing
8	xy	f	18	red	4	(80, 0)	(40, 69)	(-39, 69)	(-80, 0)	(-40, -69)	(40, -69)	diamond	red	dif	left	left	(40, 69)	(-39, 69)	search	nr	True	1042342	1043251	left	35	85	110	60	10	135	None	None	testing
8	xy	f	18	red	4	(80, 0)	(40, 69)	(-39, 69)	(-80, 0)	(-40, -69)	(40, -69)	diamond	red	dif	right	right	(40, 69)	(80, 0)	search	nr	True	1044379	1045058	right	135	85	35	10	110	160	None	None	testing
8	xy	f	18	red	4	(80, 0)	(40, 69)	(-39, 69)	(-80, 0)	(-40, -69)	(40, -69)	diamond	red	dif	left	left	(40, 69)	(-39, 69)	search	nr	True	1046349	1047139	left	110	60	135	35	85	160	None	None	testing
8	xy	f	18	red	4	(80, 0)	(40, 69)	(-39, 69)	(-80, 0)	(-40, -69)	(40, -69)	circle	none	dif	left	left	N_dist	(40, 69)	probe	h_tar	None	None	None	None	160	85	10	110	35	135	(40, 69)	16	testing
8	xy	f	18	red	4	(80, 0)	(40, 69)	(-39, 69)	(-80, 0)	(-40, -69)	(40, -69)	diamond	red	same	right	right	(80, 0)	(40, -69)	probe	tar	None	None	None	None	110	85	160	60	135	35	(40, -69)	159	testing
8	xy	f	18	red	4	(80, 0)	(40, 69)	(-39, 69)	(-80, 0)	(-40, -69)	(40, -69)	diamond	none	same	left	left	N_dist	(40, -69)	probe	h_norm	None	None	None	None	35	85	160	60	10	110	(40, 69)	163	testing
8	xy	f	18	red	4	(80, 0)	(40, 69)	(-39, 69)	(-80, 0)	(-40, -69)	(40, -69)	diamond	red	same	right	right	(80, 0)	(40, -69)	search	nr	True	1062630	1063682	right	10	135	35	160	110	60	None	None	testing
8	xy	f	18	red	4	(80, 0)	(40, 69)	(-39, 69)	(-80, 0)	(-40, -69)	(40, -69)	circle	none	dif	left	left	N_dist	(40, 69)	search	nr	True	1064783	1065427	left	160	110	35	10	60	85	None	None	testing
8	xy	f	18	red	4	(80, 0)	(40, 69)	(-39, 69)	(-80, 0)	(-40, -69)	(40, -69)	diamond	red	dif	left	left	(80, 0)	(-80, 0)	search	nr	True	1066720	1067315	left	10	60	35	85	110	135	None	None	testing
8	xy	f	18	red	4	(80, 0)	(40, 69)	(-39, 69)	(-80, 0)	(-40, -69)	(40, -69)	circle	red	same	right	right	(40, 69)	(80, 0)	search	nr	True	1068507	1069299	right	35	85	135	160	110	10	None	None	testing
8	xy	f	18	red	4	(80, 0)	(40, 69)	(-39, 69)	(-80, 0)	(-40, -69)	(40, -69)	diamond	red	dif	left	left	(40, 69)	(-39, 69)	search	nr	True	1070443	1071138	left	85	60	135	10	110	35	None	None	testing
8	xy	f	18	red	4	(80, 0)	(40, 69)	(-39, 69)	(-80, 0)	(-40, -69)	(40, -69)	diamond	none	dif	right	right	N_dist	(-40, -69)	search	nr	True	1072414	1073346	right	35	160	60	135	110	10	None	None	testing
8	xy	f	18	red	4	(80, 0)	(40, 69)	(-39, 69)	(-80, 0)	(-40, -69)	(40, -69)	diamond	red	dif	left	left	(40, 69)	(-39, 69)	search	nr	True	1074635	1075235	left	10	135	35	60	110	85	None	None	testing
8	xy	f	18	red	4	(80, 0)	(40, 69)	(-39, 69)	(-80, 0)	(-40, -69)	(40, -69)	circle	none	same	right	right	N_dist	(80, 0)	probe	h_norm	None	None	None	None	10	110	135	160	85	35	(40, 69)	25	testing
8	xy	f	18	red	4	(80, 0)	(40, 69)	(-39, 69)	(-80, 0)	(-40, -69)	(40, -69)	diamond	red	same	left	left	(40, 69)	(-80, 0)	search	nr	True	1080311	1080899	left	10	60	35	160	110	85	None	None	testing
8	xy	f	18	red	4	(80, 0)	(40, 69)	(-39, 69)	(-80, 0)	(-40, -69)	(40, -69)	circle	none	same	right	right	N_dist	(-39, 69)	search	nr	True	1082181	1083491	right	35	135	60	110	160	10	None	None	testing
8	xy	f	18	red	4	(80, 0)	(40, 69)	(-39, 69)	(-80, 0)	(-40, -69)	(40, -69)	circle	red	dif	left	left	(40, 69)	(-40, -69)	search	nr	True	1084587	1085283	left	85	135	160	10	110	35	None	None	testing
8	xy	f	18	red	4	(80, 0)	(40, 69)	(-39, 69)	(-80, 0)	(-40, -69)	(40, -69)	circle	red	same	right	right	(-40, -69)	(-80, 0)	search	nr	True	1086523	1087731	right	60	135	35	10	110	160	None	None	testing
8	xy	f	18	red	4	(80, 0)	(40, 69)	(-39, 69)	(-80, 0)	(-40, -69)	(40, -69)	diamond	red	dif	right	right	(40, 69)	(-40, -69)	search	nr	True	1088794	1089523	right	85	35	60	10	135	110	None	None	testing
8	xy	f	18	red	4	(80, 0)	(40, 69)	(-39, 69)	(-80, 0)	(-40, -69)	(40, -69)	circle	red	same	left	left	(40, 69)	(-80, 0)	probe	tar	None	None	None	None	110	60	10	135	35	85	(-80, 0)	21	testing
8	xy	f	18	red	4	(80, 0)	(40, 69)	(-39, 69)	(-80, 0)	(-40, -69)	(40, -69)	diamond	red	same	left	left	(40, 69)	(-39, 69)	probe	tar	None	None	None	None	160	35	85	60	10	135	(-39, 69)	11	testing
8	xy	f	18	red	4	(80, 0)	(40, 69)	(-39, 69)	(-80, 0)	(-40, -69)	(40, -69)	diamond	red	same	right	right	(40, -69)	(-80, 0)	search	nr	True	1099146	1100003	right	85	135	60	35	160	110	None	None	testing
8	xy	f	18	red	4	(80, 0)	(40, 69)	(-39, 69)	(-80, 0)	(-40, -69)	(40, -69)	circle	red	same	left	left	(40, 69)	(40, -69)	search	nr	True	1101284	1101970	left	60	135	110	35	85	10	None	None	testing
8	xy	f	18	red	4	(80, 0)	(40, 69)	(-39, 69)	(-80, 0)	(-40, -69)	(40, -69)	diamond	red	same	right	right	(-80, 0)	(80, 0)	search	nr	True	1103237	1104051	right	135	10	35	160	110	85	None	None	testing
8	xy	f	18	red	4	(80, 0)	(40, 69)	(-39, 69)	(-80, 0)	(-40, -69)	(40, -69)	diamond	red	dif	right	right	(40, 69)	(-80, 0)	search	nr	True	1105191	1105795	right	60	135	110	160	35	85	None	None	testing
8	xy	f	18	red	4	(80, 0)	(40, 69)	(-39, 69)	(-80, 0)	(-40, -69)	(40, -69)	circle	red	dif	right	right	(80, 0)	(-80, 0)	probe	tar	None	None	None	None	85	135	35	110	10	160	(-80, 0)	13	testing
8	xy	f	18	red	4	(80, 0)	(40, 69)	(-39, 69)	(-80, 0)	(-40, -69)	(40, -69)	diamond	none	dif	left	left	N_dist	(80, 0)	search	nr	True	1111185	1111827	left	35	60	10	85	110	160	None	None	testing
8	xy	f	18	red	4	(80, 0)	(40, 69)	(-39, 69)	(-80, 0)	(-40, -69)	(40, -69)	diamond	red	dif	right	right	(40, -69)	(-40, -69)	search	nr	True	1113105	1113859	right	85	110	160	35	10	135	None	None	testing
8	xy	f	18	red	4	(80, 0)	(40, 69)	(-39, 69)	(-80, 0)	(-40, -69)	(40, -69)	circle	red	same	right	right	(-40, -69)	(40, -69)	search	nr	True	1115009	1115779	right	85	110	135	35	10	160	None	None	testing
8	xy	f	18	red	4	(80, 0)	(40, 69)	(-39, 69)	(-80, 0)	(-40, -69)	(40, -69)	circle	none	same	left	left	N_dist	(-40, -69)	search	nr	True	1116963	1117603	left	85	160	60	35	10	135	None	None	testing
8	xy	f	18	red	4	(80, 0)	(40, 69)	(-39, 69)	(-80, 0)	(-40, -69)	(40, -69)	diamond	red	dif	right	right	(40, 69)	(-80, 0)	probe	h_sin	None	None	None	None	160	135	110	60	10	85	(40, 69)	12	testing
8	xy	f	18	red	4	(80, 0)	(40, 69)	(-39, 69)	(-80, 0)	(-40, -69)	(40, -69)	circle	red	dif	right	right	(80, 0)	(-80, 0)	search	nr	True	1124343	1124947	right	85	10	160	110	135	35	None	None	testing
8	xy	f	18	red	4	(80, 0)	(40, 69)	(-39, 69)	(-80, 0)	(-40, -69)	(40, -69)	diamond	red	dif	left	left	(80, 0)	(-39, 69)	probe	norm	None	None	None	None	85	60	135	160	35	110	(-40, -69)	20	testing
8	xy	f	18	red	4	(80, 0)	(40, 69)	(-39, 69)	(-80, 0)	(-40, -69)	(40, -69)	circle	red	dif	right	right	(40, 69)	(80, 0)	probe	norm	None	None	None	None	35	10	85	135	160	110	(-39, 69)	17	testing
8	xy	f	18	red	4	(80, 0)	(40, 69)	(-39, 69)	(-80, 0)	(-40, -69)	(40, -69)	circle	red	dif	right	right	(40, 69)	(-40, -69)	probe	tar	None	None	None	None	60	110	35	85	135	10	(-40, -69)	168	testing
8	xy	f	18	red	4	(80, 0)	(40, 69)	(-39, 69)	(-80, 0)	(-40, -69)	(40, -69)	diamond	red	dif	right	right	(40, 69)	(-40, -69)	search	nr	True	1140889	1141587	right	160	85	135	110	10	60	None	None	testing
8	xy	f	18	red	4	(80, 0)	(40, 69)	(-39, 69)	(-80, 0)	(-40, -69)	(40, -69)	circle	red	same	left	left	(40, 69)	(-40, -69)	search	nr	True	1142710	1143379	right	60	110	10	135	85	35	None	None	testing
8	xy	f	18	red	4	(80, 0)	(40, 69)	(-39, 69)	(-80, 0)	(-40, -69)	(40, -69)	circle	red	dif	left	left	(40, 69)	(40, -69)	search	nr	True	1146182	1146978	left	60	160	135	35	85	10	None	None	testing
8	xy	f	18	red	4	(80, 0)	(40, 69)	(-39, 69)	(-80, 0)	(-40, -69)	(40, -69)	circle	none	dif	left	left	N_dist	(40, -69)	search	nr	True	1148120	1148755	left	85	135	160	110	35	10	None	None	testing
8	xy	f	18	red	4	(80, 0)	(40, 69)	(-39, 69)	(-80, 0)	(-40, -69)	(40, -69)	diamond	red	same	right	right	(40, 69)	(-80, 0)	search	nr	True	1149906	1150659	right	60	160	10	85	135	110	None	None	testing
8	xy	f	18	red	4	(80, 0)	(40, 69)	(-39, 69)	(-80, 0)	(-40, -69)	(40, -69)	diamond	none	dif	left	left	N_dist	(-39, 69)	search	nr	True	1151827	1152675	left	135	85	110	60	160	10	None	None	testing
8	xy	f	18	red	4	(80, 0)	(40, 69)	(-39, 69)	(-80, 0)	(-40, -69)	(40, -69)	diamond	none	dif	left	left	N_dist	(-80, 0)	search	nr	True	1153964	1154530	left	110	35	60	160	135	85	None	None	testing
8	xy	f	18	red	4	(80, 0)	(40, 69)	(-39, 69)	(-80, 0)	(-40, -69)	(40, -69)	circle	red	same	right	right	(40, 69)	(-80, 0)	probe	tar	None	None	None	None	85	135	10	35	110	60	(-80, 0)	170	testing
8	xy	f	18	red	4	(80, 0)	(40, 69)	(-39, 69)	(-80, 0)	(-40, -69)	(40, -69)	circle	red	dif	right	right	(80, 0)	(-80, 0)	search	nr	True	1160125	1161955	right	160	35	10	110	135	60	None	None	testing
8	xy	f	18	red	4	(80, 0)	(40, 69)	(-39, 69)	(-80, 0)	(-40, -69)	(40, -69)	diamond	red	same	right	right	(40, 69)	(40, -69)	search	nr	True	1163231	1164243	right	60	110	160	35	85	10	None	None	testing
8	xy	f	18	red	4	(80, 0)	(40, 69)	(-39, 69)	(-80, 0)	(-40, -69)	(40, -69)	circle	red	dif	left	left	(40, -69)	(-39, 69)	search	nr	True	1165318	1166627	left	85	10	35	135	110	60	None	None	testing
8	xy	f	18	red	4	(80, 0)	(40, 69)	(-39, 69)	(-80, 0)	(-40, -69)	(40, -69)	diamond	none	same	right	right	N_dist	(-80, 0)	search	nr	True	1167840	1168594	right	85	110	160	60	135	35	None	None	testing
8	xy	f	18	red	4	(80, 0)	(40, 69)	(-39, 69)	(-80, 0)	(-40, -69)	(40, -69)	diamond	none	same	left	left	N_dist	(80, 0)	search	nr	True	1169893	1170627	left	160	10	60	85	110	135	None	None	testing
8	xy	f	18	red	4	(80, 0)	(40, 69)	(-39, 69)	(-80, 0)	(-40, -69)	(40, -69)	diamond	red	same	right	right	(40, 69)	(-80, 0)	search	nr	True	1171797	1172579	right	10	135	85	160	60	35	None	None	testing
8	xy	f	18	red	4	(80, 0)	(40, 69)	(-39, 69)	(-80, 0)	(-40, -69)	(40, -69)	diamond	red	dif	right	right	(40, 69)	(80, 0)	search	nr	True	1173700	1174451	right	60	85	110	160	10	35	None	None	testing
8	xy	f	18	red	4	(80, 0)	(40, 69)	(-39, 69)	(-80, 0)	(-40, -69)	(40, -69)	circle	red	same	left	left	(40, 69)	(40, -69)	search	nr	True	1175553	1176226	left	160	35	85	110	60	10	None	None	testing
8	xy	f	18	red	4	(80, 0)	(40, 69)	(-39, 69)	(-80, 0)	(-40, -69)	(40, -69)	diamond	red	same	left	left	(40, 69)	(-39, 69)	search	nr	True	1177306	1177938	left	60	85	135	160	110	35	None	None	testing
8	xy	f	18	red	4	(80, 0)	(40, 69)	(-39, 69)	(-80, 0)	(-40, -69)	(40, -69)	diamond	red	same	left	left	(-80, 0)	(40, -69)	probe	tar	None	None	None	None	135	160	85	35	10	60	(40, -69)	171	testing
8	xy	f	18	red	4	(80, 0)	(40, 69)	(-39, 69)	(-80, 0)	(-40, -69)	(40, -69)	diamond	none	dif	right	right	N_dist	(-80, 0)	probe	l_norm	None	None	None	None	35	85	10	110	60	135	(-39, 69)	56	testing
8	xy	f	18	red	4	(80, 0)	(40, 69)	(-39, 69)	(-80, 0)	(-40, -69)	(40, -69)	diamond	red	same	left	left	(40, 69)	(-39, 69)	search	nr	True	1190464	1191154	left	60	35	160	135	85	110	None	None	testing
8	xy	f	18	red	4	(80, 0)	(40, 69)	(-39, 69)	(-80, 0)	(-40, -69)	(40, -69)	diamond	red	dif	right	right	(40, 69)	(-40, -69)	probe	tar	None	None	None	None	35	160	10	110	85	135	(-40, -69)	169	testing
8	xy	f	18	red	4	(80, 0)	(40, 69)	(-39, 69)	(-80, 0)	(-40, -69)	(40, -69)	diamond	red	same	left	left	(-80, 0)	(80, 0)	probe	l_sin	None	None	None	None	85	135	160	110	10	60	(-80, 0)	19	testing
8	xy	f	18	red	4	(80, 0)	(40, 69)	(-39, 69)	(-80, 0)	(-40, -69)	(40, -69)	circle	red	same	left	left	(40, 69)	(-80, 0)	search	nr	True	1200098	1200850	left	110	160	85	135	60	35	None	None	testing
8	xy	f	18	red	4	(80, 0)	(40, 69)	(-39, 69)	(-80, 0)	(-40, -69)	(40, -69)	circle	none	dif	left	left	N_dist	(-80, 0)	probe	h_norm	None	None	None	None	160	85	35	10	110	135	(40, 69)	167	testing
8	xy	f	18	red	4	(80, 0)	(40, 69)	(-39, 69)	(-80, 0)	(-40, -69)	(40, -69)	diamond	red	same	right	right	(-80, 0)	(-40, -69)	search	nr	True	1206544	1207346	right	85	135	35	60	110	10	None	None	testing
8	xy	f	18	red	4	(80, 0)	(40, 69)	(-39, 69)	(-80, 0)	(-40, -69)	(40, -69)	circle	none	dif	left	left	N_dist	(40, 69)	search	nr	True	1208597	1209331	left	160	110	60	85	35	135	None	None	testing
8	xy	f	18	red	4	(80, 0)	(40, 69)	(-39, 69)	(-80, 0)	(-40, -69)	(40, -69)	diamond	none	same	left	left	N_dist	(-39, 69)	search	nr	True	1210534	1211282	left	60	10	160	110	35	135	None	None	testing
8	xy	f	18	red	4	(80, 0)	(40, 69)	(-39, 69)	(-80, 0)	(-40, -69)	(40, -69)	diamond	none	dif	right	right	N_dist	(40, 69)	search	nr	True	1212404	1213331	right	60	85	135	160	10	35	None	None	testing
8	xy	f	18	red	4	(80, 0)	(40, 69)	(-39, 69)	(-80, 0)	(-40, -69)	(40, -69)	circle	none	same	left	left	N_dist	(40, -69)	search	nr	True	1214525	1215203	left	10	135	35	110	60	160	None	None	testing
8	xy	f	18	red	4	(80, 0)	(40, 69)	(-39, 69)	(-80, 0)	(-40, -69)	(40, -69)	circle	none	same	left	left	N_dist	(40, -69)	search	nr	True	1216311	1216962	left	85	10	160	110	135	60	None	None	testing
8	xy	f	18	red	4	(80, 0)	(40, 69)	(-39, 69)	(-80, 0)	(-40, -69)	(40, -69)	diamond	none	same	right	right	N_dist	(40, -69)	search	nr	True	1218215	1218995	left	135	60	110	35	160	85	None	None	testing
8	xy	f	18	red	4	(80, 0)	(40, 69)	(-39, 69)	(-80, 0)	(-40, -69)	(40, -69)	diamond	red	dif	right	right	(40, 69)	(40, -69)	probe	h_sin	None	None	None	None	10	110	135	85	35	60	(40, 69)	38	testing
8	xy	f	18	red	4	(80, 0)	(40, 69)	(-39, 69)	(-80, 0)	(-40, -69)	(40, -69)	diamond	red	dif	left	left	(40, 69)	(80, 0)	search	nr	True	1228100	1229058	left	10	60	110	135	35	85	None	None	testing
8	xy	f	18	red	4	(80, 0)	(40, 69)	(-39, 69)	(-80, 0)	(-40, -69)	(40, -69)	circle	red	same	right	right	(-40, -69)	(40, -69)	search	nr	True	1230220	1231970	right	135	60	35	160	110	85	None	None	testing
8	xy	f	18	red	4	(80, 0)	(40, 69)	(-39, 69)	(-80, 0)	(-40, -69)	(40, -69)	diamond	red	dif	right	right	(40, 69)	(-80, 0)	search	nr	True	1233093	1234354	right	85	135	160	10	35	60	None	None	testing
8	xy	f	18	red	4	(80, 0)	(40, 69)	(-39, 69)	(-80, 0)	(-40, -69)	(40, -69)	diamond	red	dif	left	left	(40, 69)	(-39, 69)	probe	tar	None	None	None	None	110	160	135	10	60	85	(-39, 69)	21	testing
8	xy	f	18	red	4	(80, 0)	(40, 69)	(-39, 69)	(-80, 0)	(-40, -69)	(40, -69)	diamond	red	dif	right	right	(-39, 69)	(40, -69)	search	nr	True	1239688	1240627	right	35	160	135	110	10	60	None	None	testing
8	xy	f	18	red	4	(80, 0)	(40, 69)	(-39, 69)	(-80, 0)	(-40, -69)	(40, -69)	diamond	red	same	right	right	(40, 69)	(-80, 0)	search	nr	True	1241892	1242658	right	110	160	35	135	85	10	None	None	testing
8	xy	f	18	red	4	(80, 0)	(40, 69)	(-39, 69)	(-80, 0)	(-40, -69)	(40, -69)	circle	red	same	left	left	(-40, -69)	(40, -69)	probe	l_sin	None	None	None	None	35	135	60	160	10	85	(-40, -69)	106	testing
8	xy	f	18	red	4	(80, 0)	(40, 69)	(-39, 69)	(-80, 0)	(-40, -69)	(40, -69)	diamond	red	same	right	right	(40, 69)	(-40, -69)	search	nr	True	1251309	1252066	right	35	60	110	160	135	85	None	None	testing
8	xy	f	18	red	4	(80, 0)	(40, 69)	(-39, 69)	(-80, 0)	(-40, -69)	(40, -69)	circle	red	dif	right	right	(40, 69)	(-39, 69)	search	nr	True	1253146	1254610	right	110	60	10	160	135	85	None	None	testing
8	xy	f	18	red	4	(80, 0)	(40, 69)	(-39, 69)	(-80, 0)	(-40, -69)	(40, -69)	diamond	red	dif	left	left	(40, 69)	(-39, 69)	search	nr	True	1255751	1256722	left	110	60	85	160	135	10	None	None	testing
8	xy	f	18	red	4	(80, 0)	(40, 69)	(-39, 69)	(-80, 0)	(-40, -69)	(40, -69)	circle	red	dif	left	left	(40, 69)	(-39, 69)	search	nr	True	1257871	1258818	left	135	160	10	60	35	110	None	None	testing
8	xy	f	18	red	4	(80, 0)	(40, 69)	(-39, 69)	(-80, 0)	(-40, -69)	(40, -69)	diamond	none	same	right	right	N_dist	(40, 69)	search	nr	True	1259908	1260707	right	135	10	85	110	60	160	None	None	testing
8	xy	f	18	red	4	(80, 0)	(40, 69)	(-39, 69)	(-80, 0)	(-40, -69)	(40, -69)	diamond	red	same	left	left	(-40, -69)	(80, 0)	search	nr	True	1261795	1262850	left	60	85	10	35	135	110	None	None	testing
8	xy	f	18	red	4	(80, 0)	(40, 69)	(-39, 69)	(-80, 0)	(-40, -69)	(40, -69)	circle	red	same	right	right	(40, 69)	(-80, 0)	search	nr	True	1263916	1265362	right	160	110	85	60	10	35	None	None	testing
8	xy	f	18	red	4	(80, 0)	(40, 69)	(-39, 69)	(-80, 0)	(-40, -69)	(40, -69)	diamond	red	same	left	left	(40, 69)	(-80, 0)	search	nr	True	1266604	1267379	left	110	10	160	85	135	60	None	None	testing
8	xy	f	18	red	4	(80, 0)	(40, 69)	(-39, 69)	(-80, 0)	(-40, -69)	(40, -69)	circle	red	dif	right	right	(-40, -69)	(-39, 69)	search	nr	True	1268541	1269346	right	10	110	160	85	60	35	None	None	testing
8	xy	f	18	red	4	(80, 0)	(40, 69)	(-39, 69)	(-80, 0)	(-40, -69)	(40, -69)	diamond	red	same	right	right	(80, 0)	(40, -69)	search	nr	True	1270528	1271602	right	160	10	85	135	35	110	None	None	testing
8	xy	f	18	red	4	(80, 0)	(40, 69)	(-39, 69)	(-80, 0)	(-40, -69)	(40, -69)	diamond	red	same	right	right	(40, 69)	(-80, 0)	probe	norm	None	None	None	None	85	60	135	160	110	10	(-39, 69)	28	testing
8	xy	f	18	red	4	(80, 0)	(40, 69)	(-39, 69)	(-80, 0)	(-40, -69)	(40, -69)	circle	none	dif	right	right	N_dist	(-40, -69)	search	nr	True	1277341	1278114	right	35	85	10	60	110	160	None	None	testing
8	xy	f	18	red	4	(80, 0)	(40, 69)	(-39, 69)	(-80, 0)	(-40, -69)	(40, -69)	diamond	red	same	right	right	(40, 69)	(40, -69)	search	nr	True	1279227	1280131	right	35	10	135	85	110	160	None	None	testing
8	xy	f	18	red	4	(80, 0)	(40, 69)	(-39, 69)	(-80, 0)	(-40, -69)	(40, -69)	circle	red	dif	right	right	(40, 69)	(40, -69)	search	nr	True	1281298	1282130	right	110	160	85	60	135	35	None	None	testing
8	xy	f	18	red	4	(80, 0)	(40, 69)	(-39, 69)	(-80, 0)	(-40, -69)	(40, -69)	diamond	red	dif	right	right	(40, 69)	(80, 0)	probe	norm	None	None	None	None	85	10	35	160	110	60	(-40, -69)	18	testing
8	xy	f	18	red	4	(80, 0)	(40, 69)	(-39, 69)	(-80, 0)	(-40, -69)	(40, -69)	diamond	red	dif	right	right	(-39, 69)	(40, -69)	probe	l_sin	None	None	None	None	160	135	60	85	35	10	(-39, 69)	38	testing
8	xy	f	18	red	4	(80, 0)	(40, 69)	(-39, 69)	(-80, 0)	(-40, -69)	(40, -69)	diamond	red	same	left	left	(-39, 69)	(-80, 0)	search	nr	True	1292401	1293314	left	135	60	160	35	10	110	None	None	testing
8	xy	f	18	red	4	(80, 0)	(40, 69)	(-39, 69)	(-80, 0)	(-40, -69)	(40, -69)	diamond	red	same	right	right	(40, 69)	(-80, 0)	probe	tar	None	None	None	None	110	35	60	135	85	10	(-80, 0)	17	testing
8	xy	f	18	red	4	(80, 0)	(40, 69)	(-39, 69)	(-80, 0)	(-40, -69)	(40, -69)	circle	red	dif	left	left	(40, 69)	(-39, 69)	probe	h_sin	None	None	None	None	160	110	135	10	85	60	(40, 69)	161	testing
8	xy	f	18	red	4	(80, 0)	(40, 69)	(-39, 69)	(-80, 0)	(-40, -69)	(40, -69)	circle	none	dif	right	right	N_dist	(-39, 69)	search	nr	True	1304040	1304770	right	160	135	60	10	85	35	None	None	testing
8	xy	f	18	red	4	(80, 0)	(40, 69)	(-39, 69)	(-80, 0)	(-40, -69)	(40, -69)	diamond	red	same	left	left	(40, 69)	(-40, -69)	search	nr	True	1305876	1306610	left	35	10	85	135	60	160	None	None	testing
8	xy	f	18	red	4	(80, 0)	(40, 69)	(-39, 69)	(-80, 0)	(-40, -69)	(40, -69)	circle	red	dif	left	left	(40, 69)	(-39, 69)	search	nr	True	1307880	1309314	left	110	160	85	60	10	35	None	None	testing
8	xy	f	18	red	4	(80, 0)	(40, 69)	(-39, 69)	(-80, 0)	(-40, -69)	(40, -69)	circle	red	dif	left	left	(40, 69)	(40, -69)	probe	tar	None	None	None	None	135	10	160	35	60	85	(40, -69)	15	testing
8	xy	f	18	red	4	(80, 0)	(40, 69)	(-39, 69)	(-80, 0)	(-40, -69)	(40, -69)	diamond	red	same	right	right	(-39, 69)	(-80, 0)	search	nr	True	1314525	1315123	right	35	135	110	160	10	60	None	None	testing
8	xy	f	18	red	4	(80, 0)	(40, 69)	(-39, 69)	(-80, 0)	(-40, -69)	(40, -69)	diamond	none	same	right	right	N_dist	(40, 69)	probe	h_tar	None	None	None	None	10	160	35	60	85	110	(40, 69)	40	testing
8	xy	f	18	red	4	(80, 0)	(40, 69)	(-39, 69)	(-80, 0)	(-40, -69)	(40, -69)	circle	red	dif	right	right	(-40, -69)	(-39, 69)	search	nr	True	1321321	1322051	right	35	160	110	10	60	85	None	None	testing
8	xy	f	18	red	4	(80, 0)	(40, 69)	(-39, 69)	(-80, 0)	(-40, -69)	(40, -69)	circle	none	dif	right	right	N_dist	(-39, 69)	search	nr	True	1323108	1323906	right	35	135	110	10	85	160	None	None	testing
8	xy	f	18	red	4	(80, 0)	(40, 69)	(-39, 69)	(-80, 0)	(-40, -69)	(40, -69)	diamond	none	dif	right	right	N_dist	(40, 69)	probe	h_tar	None	None	None	None	60	35	135	10	85	110	(40, 69)	153	testing
8	xy	f	18	red	4	(80, 0)	(40, 69)	(-39, 69)	(-80, 0)	(-40, -69)	(40, -69)	diamond	none	same	right	right	N_dist	(40, 69)	search	nr	True	1329052	1329889	right	60	160	135	10	110	35	None	None	testing
8	xy	f	18	red	4	(80, 0)	(40, 69)	(-39, 69)	(-80, 0)	(-40, -69)	(40, -69)	circle	none	same	left	left	N_dist	(40, -69)	probe	l_norm	None	None	None	None	60	10	85	35	135	160	(-80, 0)	169	testing
8	xy	f	18	red	4	(80, 0)	(40, 69)	(-39, 69)	(-80, 0)	(-40, -69)	(40, -69)	diamond	none	same	left	left	N_dist	(-39, 69)	search	nr	True	1335681	1336306	left	10	110	135	35	85	60	None	None	testing
8	xy	f	18	red	4	(80, 0)	(40, 69)	(-39, 69)	(-80, 0)	(-40, -69)	(40, -69)	circle	red	same	left	left	(40, 69)	(40, -69)	search	nr	True	1337568	1338594	left	110	35	60	135	10	85	None	None	testing
8	xy	f	18	red	4	(80, 0)	(40, 69)	(-39, 69)	(-80, 0)	(-40, -69)	(40, -69)	circle	red	dif	right	right	(40, 69)	(40, -69)	search	nr	True	1339772	1340642	right	60	85	135	10	160	110	None	None	testing
8	xy	f	18	red	4	(80, 0)	(40, 69)	(-39, 69)	(-80, 0)	(-40, -69)	(40, -69)	circle	red	same	right	right	(-39, 69)	(-80, 0)	search	nr	True	1341809	1342594	right	60	135	110	160	10	85	None	None	testing
8	xy	f	18	red	4	(80, 0)	(40, 69)	(-39, 69)	(-80, 0)	(-40, -69)	(40, -69)	circle	red	same	right	right	(-80, 0)	(80, 0)	search	nr	True	1343779	1344706	right	10	60	110	160	85	35	None	None	testing
8	xy	f	18	red	4	(80, 0)	(40, 69)	(-39, 69)	(-80, 0)	(-40, -69)	(40, -69)	circle	none	same	right	right	N_dist	(-39, 69)	search	nr	True	1345917	1346642	right	35	10	85	60	110	160	None	None	testing
8	xy	f	18	red	4	(80, 0)	(40, 69)	(-39, 69)	(-80, 0)	(-40, -69)	(40, -69)	diamond	none	dif	left	left	N_dist	(-80, 0)	search	nr	True	1347903	1348675	left	60	35	135	85	10	160	None	None	testing
8	xy	f	18	red	4	(80, 0)	(40, 69)	(-39, 69)	(-80, 0)	(-40, -69)	(40, -69)	diamond	red	same	left	left	(40, 69)	(80, 0)	search	nr	True	1349806	1350578	left	35	110	85	135	60	10	None	None	testing
8	xy	f	18	red	4	(80, 0)	(40, 69)	(-39, 69)	(-80, 0)	(-40, -69)	(40, -69)	diamond	none	same	left	left	N_dist	(80, 0)	probe	l_norm	None	None	None	None	135	110	160	60	85	35	(-39, 69)	18	testing
8	xy	f	18	red	4	(80, 0)	(40, 69)	(-39, 69)	(-80, 0)	(-40, -69)	(40, -69)	diamond	red	same	left	left	(-80, 0)	(80, 0)	search	nr	True	1356352	1357026	left	35	60	160	135	85	10	None	None	testing
8	xy	f	18	red	4	(80, 0)	(40, 69)	(-39, 69)	(-80, 0)	(-40, -69)	(40, -69)	circle	red	dif	left	left	(40, -69)	(-39, 69)	search	nr	True	1358222	1359137	left	35	60	135	160	110	85	None	None	testing
8	xy	f	18	red	4	(80, 0)	(40, 69)	(-39, 69)	(-80, 0)	(-40, -69)	(40, -69)	diamond	red	same	right	right	(40, -69)	(-80, 0)	search	nr	True	1360427	1361394	right	135	160	10	110	60	85	None	None	testing
8	xy	f	18	red	4	(80, 0)	(40, 69)	(-39, 69)	(-80, 0)	(-40, -69)	(40, -69)	diamond	none	same	right	right	N_dist	(40, 69)	probe	h_tar	None	None	None	None	35	160	110	85	10	60	(40, 69)	37	testing
8	xy	f	18	red	4	(80, 0)	(40, 69)	(-39, 69)	(-80, 0)	(-40, -69)	(40, -69)	circle	red	dif	left	left	(40, 69)	(40, -69)	search	nr	True	1367472	1368131	left	10	85	135	160	60	110	None	None	testing
8	xy	f	18	red	4	(80, 0)	(40, 69)	(-39, 69)	(-80, 0)	(-40, -69)	(40, -69)	circle	red	same	left	left	(80, 0)	(-40, -69)	probe	l_sin	None	None	None	None	85	35	135	10	160	60	(80, 0)	163	testing
8	xy	f	18	red	4	(80, 0)	(40, 69)	(-39, 69)	(-80, 0)	(-40, -69)	(40, -69)	diamond	none	same	right	right	N_dist	(40, 69)	search	nr	True	1374002	1374850	right	10	135	110	85	35	160	None	None	testing
8	xy	f	18	red	4	(80, 0)	(40, 69)	(-39, 69)	(-80, 0)	(-40, -69)	(40, -69)	circle	red	same	left	left	(40, 69)	(40, -69)	search	nr	True	1376089	1376866	left	110	35	135	160	85	10	None	None	testing
8	xy	f	18	red	4	(80, 0)	(40, 69)	(-39, 69)	(-80, 0)	(-40, -69)	(40, -69)	circle	red	dif	right	right	(40, 69)	(40, -69)	probe	tar	None	None	None	None	160	10	135	60	85	110	(40, -69)	25	testing
8	xy	f	18	red	4	(80, 0)	(40, 69)	(-39, 69)	(-80, 0)	(-40, -69)	(40, -69)	circle	red	same	right	right	(-39, 69)	(-80, 0)	search	nr	True	1381949	1382610	right	10	60	160	110	35	135	None	None	testing
8	xy	f	18	red	4	(80, 0)	(40, 69)	(-39, 69)	(-80, 0)	(-40, -69)	(40, -69)	diamond	red	dif	left	left	(40, 69)	(80, 0)	search	nr	True	1383886	1384578	left	135	35	60	10	160	110	None	None	testing
8	xy	f	18	red	4	(80, 0)	(40, 69)	(-39, 69)	(-80, 0)	(-40, -69)	(40, -69)	circle	none	dif	left	left	N_dist	(40, -69)	probe	h_norm	None	None	None	None	35	85	110	60	10	135	(40, 69)	22	testing
8	xy	f	18	red	4	(80, 0)	(40, 69)	(-39, 69)	(-80, 0)	(-40, -69)	(40, -69)	circle	red	same	right	right	(40, -69)	(-40, -69)	search	nr	True	1390615	1391538	right	60	135	85	110	10	160	None	None	testing
8	xy	f	18	red	4	(80, 0)	(40, 69)	(-39, 69)	(-80, 0)	(-40, -69)	(40, -69)	circle	red	dif	right	right	(40, 69)	(-80, 0)	probe	norm	None	None	None	None	85	160	60	110	35	10	(80, 0)	8	testing
8	xy	f	18	red	4	(80, 0)	(40, 69)	(-39, 69)	(-80, 0)	(-40, -69)	(40, -69)	circle	none	same	left	left	N_dist	(40, -69)	probe	l_tar	None	None	None	None	110	135	60	85	10	35	(40, -69)	158	testing
8	xy	f	18	red	4	(80, 0)	(40, 69)	(-39, 69)	(-80, 0)	(-40, -69)	(40, -69)	circle	red	dif	right	right	(40, 69)	(-80, 0)	search	nr	True	1402904	1403522	right	135	35	85	60	10	160	None	None	testing
8	xy	f	18	red	4	(80, 0)	(40, 69)	(-39, 69)	(-80, 0)	(-40, -69)	(40, -69)	diamond	red	same	left	left	(40, 69)	(80, 0)	probe	h_sin	None	None	None	None	60	160	135	85	35	110	(40, 69)	27	testing
8	xy	f	18	red	4	(80, 0)	(40, 69)	(-39, 69)	(-80, 0)	(-40, -69)	(40, -69)	circle	none	dif	right	right	N_dist	(-40, -69)	search	nr	True	1410802	1411522	right	135	160	85	60	35	110	None	None	testing
8	xy	f	18	red	4	(80, 0)	(40, 69)	(-39, 69)	(-80, 0)	(-40, -69)	(40, -69)	diamond	none	same	left	left	N_dist	(80, 0)	search	nr	True	1412756	1413441	left	35	10	160	110	135	60	None	None	testing
8	xy	f	18	red	4	(80, 0)	(40, 69)	(-39, 69)	(-80, 0)	(-40, -69)	(40, -69)	circle	red	same	right	right	(-40, -69)	(-80, 0)	search	nr	True	1414576	1415218	right	85	60	10	135	110	35	None	None	testing
8	xy	f	18	red	4	(80, 0)	(40, 69)	(-39, 69)	(-80, 0)	(-40, -69)	(40, -69)	circle	red	same	right	right	(-40, -69)	(40, -69)	probe	l_sin	None	None	None	None	10	60	110	135	85	160	(-40, -69)	160	testing
8	xy	f	18	red	4	(80, 0)	(40, 69)	(-39, 69)	(-80, 0)	(-40, -69)	(40, -69)	circle	none	same	left	left	N_dist	(40, -69)	search	nr	True	1422473	1423154	left	110	60	35	160	85	135	None	None	testing
8	xy	f	18	red	4	(80, 0)	(40, 69)	(-39, 69)	(-80, 0)	(-40, -69)	(40, -69)	diamond	red	dif	left	left	(40, 69)	(-39, 69)	search	nr	True	1424277	1425186	left	110	160	85	35	135	60	None	None	testing
8	xy	f	18	red	4	(80, 0)	(40, 69)	(-39, 69)	(-80, 0)	(-40, -69)	(40, -69)	diamond	red	dif	right	right	(40, 69)	(-40, -69)	probe	h_sin	None	None	None	None	60	35	160	85	135	10	(40, 69)	155	testing
8	xy	f	18	red	4	(80, 0)	(40, 69)	(-39, 69)	(-80, 0)	(-40, -69)	(40, -69)	diamond	red	dif	left	left	(40, 69)	(40, -69)	probe	h_sin	None	None	None	None	135	160	10	110	60	35	(40, 69)	20	testing
8	xy	f	18	red	4	(80, 0)	(40, 69)	(-39, 69)	(-80, 0)	(-40, -69)	(40, -69)	diamond	none	dif	right	right	N_dist	(-39, 69)	search	nr	True	1436884	1437697	right	85	10	110	60	35	160	None	None	testing
8	xy	f	18	red	4	(80, 0)	(40, 69)	(-39, 69)	(-80, 0)	(-40, -69)	(40, -69)	circle	red	dif	left	left	(40, 69)	(-39, 69)	search	nr	True	1438987	1440258	left	160	85	35	60	135	110	None	None	testing
8	xy	f	18	red	4	(80, 0)	(40, 69)	(-39, 69)	(-80, 0)	(-40, -69)	(40, -69)	diamond	red	same	right	right	(40, 69)	(-40, -69)	probe	norm	None	None	None	None	110	35	160	85	135	10	(80, 0)	32	testing
8	xy	f	18	red	4	(80, 0)	(40, 69)	(-39, 69)	(-80, 0)	(-40, -69)	(40, -69)	circle	none	same	right	right	N_dist	(40, 69)	probe	h_tar	None	None	None	None	135	160	110	85	35	10	(40, 69)	29	testing
8	xy	f	18	red	4	(80, 0)	(40, 69)	(-39, 69)	(-80, 0)	(-40, -69)	(40, -69)	circle	none	same	left	left	N_dist	(40, -69)	probe	h_norm	None	None	None	None	160	110	135	10	35	85	(40, 69)	167	testing
8	xy	f	18	red	4	(80, 0)	(40, 69)	(-39, 69)	(-80, 0)	(-40, -69)	(40, -69)	diamond	none	dif	right	right	N_dist	(-40, -69)	search	nr	True	1456720	1458226	right	10	35	60	160	110	85	None	None	testing
8	xy	f	18	red	4	(80, 0)	(40, 69)	(-39, 69)	(-80, 0)	(-40, -69)	(40, -69)	circle	red	same	right	right	(-40, -69)	(-80, 0)	probe	l_sin	None	None	None	None	135	160	110	85	10	60	(-40, -69)	164	testing
8	xy	f	18	red	4	(80, 0)	(40, 69)	(-39, 69)	(-80, 0)	(-40, -69)	(40, -69)	diamond	red	dif	left	left	(40, 69)	(-39, 69)	search	nr	True	1464183	1465058	left	135	35	160	10	85	110	None	None	testing
8	xy	f	18	red	4	(80, 0)	(40, 69)	(-39, 69)	(-80, 0)	(-40, -69)	(40, -69)	diamond	red	same	left	left	(-40, -69)	(80, 0)	probe	tar	None	None	None	None	60	35	135	85	160	10	(80, 0)	159	testing
8	xy	f	18	red	4	(80, 0)	(40, 69)	(-39, 69)	(-80, 0)	(-40, -69)	(40, -69)	circle	none	same	right	right	N_dist	(40, 69)	search	nr	True	1470996	1471761	right	35	160	110	135	85	10	None	None	testing
8	xy	f	18	red	4	(80, 0)	(40, 69)	(-39, 69)	(-80, 0)	(-40, -69)	(40, -69)	diamond	red	dif	right	right	(40, 69)	(40, -69)	search	nr	True	1473067	1474194	right	35	85	10	110	135	60	None	None	testing
8	xy	f	18	red	4	(80, 0)	(40, 69)	(-39, 69)	(-80, 0)	(-40, -69)	(40, -69)	diamond	red	same	left	left	(80, 0)	(-40, -69)	search	nr	True	1475254	1475969	left	160	10	85	135	110	60	None	None	testing
8	xy	f	18	red	4	(80, 0)	(40, 69)	(-39, 69)	(-80, 0)	(-40, -69)	(40, -69)	diamond	none	dif	right	right	N_dist	(40, 69)	search	nr	True	1477074	1477810	right	60	35	10	110	135	85	None	None	testing
8	xy	f	18	red	4	(80, 0)	(40, 69)	(-39, 69)	(-80, 0)	(-40, -69)	(40, -69)	diamond	none	same	left	left	N_dist	(80, 0)	probe	l_tar	None	None	None	None	135	85	110	35	60	10	(80, 0)	16	testing
8	xy	f	18	red	4	(80, 0)	(40, 69)	(-39, 69)	(-80, 0)	(-40, -69)	(40, -69)	circle	none	dif	right	right	N_dist	(-39, 69)	search	nr	True	1484270	1485010	right	60	110	10	35	135	85	None	None	testing
8	xy	f	18	red	4	(80, 0)	(40, 69)	(-39, 69)	(-80, 0)	(-40, -69)	(40, -69)	circle	red	same	left	left	(40, 69)	(-40, -69)	probe	norm	None	None	None	None	10	160	60	85	110	135	(40, -69)	11	testing
8	xy	f	18	red	4	(80, 0)	(40, 69)	(-39, 69)	(-80, 0)	(-40, -69)	(40, -69)	circle	none	same	left	left	N_dist	(40, -69)	search	nr	True	1490014	1490962	left	35	85	135	110	160	10	None	None	testing
8	xy	f	18	red	4	(80, 0)	(40, 69)	(-39, 69)	(-80, 0)	(-40, -69)	(40, -69)	diamond	red	dif	right	right	(40, -69)	(-40, -69)	probe	l_sin	None	None	None	None	85	160	35	10	110	135	(40, -69)	20	testing
8	xy	f	18	red	4	(80, 0)	(40, 69)	(-39, 69)	(-80, 0)	(-40, -69)	(40, -69)	circle	none	dif	left	left	N_dist	(40, 69)	probe	h_tar	None	None	None	None	10	60	110	85	135	35	(40, 69)	157	testing
8	xy	f	18	red	4	(80, 0)	(40, 69)	(-39, 69)	(-80, 0)	(-40, -69)	(40, -69)	circle	red	dif	right	right	(40, 69)	(80, 0)	search	nr	True	1500567	1501442	right	35	60	85	135	160	110	None	None	testing
8	xy	f	18	red	4	(80, 0)	(40, 69)	(-39, 69)	(-80, 0)	(-40, -69)	(40, -69)	circle	none	dif	left	left	N_dist	(-80, 0)	search	nr	True	1502755	1503345	left	10	35	85	110	60	135	None	None	testing
