subj	name	gender	age	dist	run	tar_locs1	tar_locs2	tar_locs3	tar_locs4	tar_locs5	tar_locs6	shape	dist	td_dif	detection	resp_key	dis_loc	tar_loc	task_type	probe_cond	gotKey	startTime	respTime	resp	o1	o2	o3	o4	o5	o6	pro_loc	ori_resp	mode
8	xy	f	18	red	6	(80, 0)	(40, 69)	(-39, 69)	(-80, 0)	(-40, -69)	(40, -69)	diamond	red	dif	left	left	(40, 69)	(40, -69)	search	nr	True	138727	139621	left	10	135	60	35	160	85	None	None	testing
8	xy	f	18	red	6	(80, 0)	(40, 69)	(-39, 69)	(-80, 0)	(-40, -69)	(40, -69)	diamond	red	same	right	right	(40, -69)	(-40, -69)	probe	l_sin	None	None	None	None	35	110	10	135	85	60	(40, -69)	157	testing
8	xy	f	18	red	6	(80, 0)	(40, 69)	(-39, 69)	(-80, 0)	(-40, -69)	(40, -69)	diamond	none	dif	left	left	N_dist	(-39, 69)	probe	l_tar	None	None	None	None	85	160	60	135	35	110	(-39, 69)	165	testing
8	xy	f	18	red	6	(80, 0)	(40, 69)	(-39, 69)	(-80, 0)	(-40, -69)	(40, -69)	circle	red	same	left	left	(-39, 69)	(-40, -69)	search	nr	True	150315	151285	left	35	10	85	160	110	135	None	None	testing
8	xy	f	18	red	6	(80, 0)	(40, 69)	(-39, 69)	(-80, 0)	(-40, -69)	(40, -69)	diamond	red	dif	left	left	(40, -69)	(-40, -69)	probe	l_sin	None	None	None	None	85	135	35	160	110	60	(40, -69)	11	testing
8	xy	f	18	red	6	(80, 0)	(40, 69)	(-39, 69)	(-80, 0)	(-40, -69)	(40, -69)	circle	red	same	left	left	(40, 69)	(-39, 69)	search	nr	True	156158	156838	left	60	110	10	160	135	35	None	None	testing
8	xy	f	18	red	6	(80, 0)	(40, 69)	(-39, 69)	(-80, 0)	(-40, -69)	(40, -69)	circle	red	dif	right	right	(40, 69)	(-40, -69)	search	nr	True	158129	158821	right	10	135	85	60	110	160	None	None	testing
8	xy	f	18	red	6	(80, 0)	(40, 69)	(-39, 69)	(-80, 0)	(-40, -69)	(40, -69)	circle	none	same	left	left	N_dist	(40, -69)	search	nr	True	160016	160661	left	35	110	10	85	135	60	None	None	testing
8	xy	f	18	red	6	(80, 0)	(40, 69)	(-39, 69)	(-80, 0)	(-40, -69)	(40, -69)	circle	red	dif	right	right	(40, 69)	(40, -69)	search	nr	True	161719	162358	left	85	35	135	60	10	160	None	None	testing
8	xy	f	18	red	6	(80, 0)	(40, 69)	(-39, 69)	(-80, 0)	(-40, -69)	(40, -69)	circle	none	dif	right	right	N_dist	(40, 69)	search	nr	True	164942	165829	right	85	110	60	10	35	135	None	None	testing
8	xy	f	18	red	6	(80, 0)	(40, 69)	(-39, 69)	(-80, 0)	(-40, -69)	(40, -69)	circle	none	same	left	left	N_dist	(80, 0)	search	nr	True	167045	167734	left	85	35	110	160	60	10	None	None	testing
8	xy	f	18	red	6	(80, 0)	(40, 69)	(-39, 69)	(-80, 0)	(-40, -69)	(40, -69)	circle	red	same	right	right	(80, 0)	(-80, 0)	search	nr	True	168882	169718	right	160	135	85	60	10	110	None	None	testing
8	xy	f	18	red	6	(80, 0)	(40, 69)	(-39, 69)	(-80, 0)	(-40, -69)	(40, -69)	diamond	red	dif	left	left	(40, -69)	(-40, -69)	search	nr	True	170785	172150	left	85	135	10	110	160	60	None	None	testing
8	xy	f	18	red	6	(80, 0)	(40, 69)	(-39, 69)	(-80, 0)	(-40, -69)	(40, -69)	circle	none	dif	left	left	N_dist	(-80, 0)	search	nr	True	173307	174022	left	85	110	135	35	160	10	None	None	testing
8	xy	f	18	red	6	(80, 0)	(40, 69)	(-39, 69)	(-80, 0)	(-40, -69)	(40, -69)	circle	red	dif	left	left	(40, 69)	(40, -69)	search	nr	True	175194	175862	left	10	85	110	60	35	160	None	None	testing
8	xy	f	18	red	6	(80, 0)	(40, 69)	(-39, 69)	(-80, 0)	(-40, -69)	(40, -69)	circle	red	dif	right	right	(40, 69)	(80, 0)	probe	tar	None	None	None	None	85	160	135	10	110	60	(80, 0)	17	testing
8	xy	f	18	red	6	(80, 0)	(40, 69)	(-39, 69)	(-80, 0)	(-40, -69)	(40, -69)	circle	red	dif	left	left	(40, -69)	(-40, -69)	search	nr	True	181639	182678	left	85	60	35	10	160	110	None	None	testing
8	xy	f	18	red	6	(80, 0)	(40, 69)	(-39, 69)	(-80, 0)	(-40, -69)	(40, -69)	diamond	none	dif	right	right	N_dist	(-80, 0)	probe	h_norm	None	None	None	None	85	110	135	35	160	10	(40, 69)	25	testing
8	xy	f	18	red	6	(80, 0)	(40, 69)	(-39, 69)	(-80, 0)	(-40, -69)	(40, -69)	diamond	red	same	left	left	(-80, 0)	(40, -69)	search	nr	True	188017	189077	left	60	35	85	135	10	110	None	None	testing
8	xy	f	18	red	6	(80, 0)	(40, 69)	(-39, 69)	(-80, 0)	(-40, -69)	(40, -69)	diamond	red	same	right	right	(40, -69)	(80, 0)	probe	tar	None	None	None	None	60	10	35	135	160	85	(80, 0)	156	testing
8	xy	f	18	red	6	(80, 0)	(40, 69)	(-39, 69)	(-80, 0)	(-40, -69)	(40, -69)	circle	red	dif	right	right	(-40, -69)	(80, 0)	search	nr	True	193778	194694	right	160	60	10	35	135	85	None	None	testing
8	xy	f	18	red	6	(80, 0)	(40, 69)	(-39, 69)	(-80, 0)	(-40, -69)	(40, -69)	circle	red	same	left	left	(80, 0)	(-80, 0)	search	nr	True	195998	196678	left	85	35	160	10	110	135	None	None	testing
8	xy	f	18	red	6	(80, 0)	(40, 69)	(-39, 69)	(-80, 0)	(-40, -69)	(40, -69)	diamond	red	dif	left	left	(-40, -69)	(80, 0)	probe	norm	None	None	None	None	85	35	10	160	135	60	(40, 69)	158	testing
8	xy	f	18	red	6	(80, 0)	(40, 69)	(-39, 69)	(-80, 0)	(-40, -69)	(40, -69)	diamond	red	same	left	left	(40, 69)	(-80, 0)	probe	norm	None	None	None	None	110	135	85	35	60	160	(-39, 69)	20	testing
8	xy	f	18	red	6	(80, 0)	(40, 69)	(-39, 69)	(-80, 0)	(-40, -69)	(40, -69)	diamond	red	same	left	left	(40, 69)	(-80, 0)	search	nr	True	206268	206853	left	10	110	60	135	35	85	None	None	testing
8	xy	f	18	red	6	(80, 0)	(40, 69)	(-39, 69)	(-80, 0)	(-40, -69)	(40, -69)	diamond	red	same	right	right	(40, -69)	(-40, -69)	search	nr	True	208155	208982	right	35	10	135	85	60	160	None	None	testing
8	xy	f	18	red	6	(80, 0)	(40, 69)	(-39, 69)	(-80, 0)	(-40, -69)	(40, -69)	circle	none	same	left	left	N_dist	(-39, 69)	search	nr	True	210058	210854	left	135	60	10	160	110	85	None	None	testing
8	xy	f	18	red	6	(80, 0)	(40, 69)	(-39, 69)	(-80, 0)	(-40, -69)	(40, -69)	circle	none	dif	right	right	N_dist	(40, -69)	probe	l_norm	None	None	None	None	135	35	85	60	160	10	(80, 0)	24	testing
8	xy	f	18	red	6	(80, 0)	(40, 69)	(-39, 69)	(-80, 0)	(-40, -69)	(40, -69)	circle	red	dif	left	left	(40, 69)	(-39, 69)	search	nr	True	215819	216581	left	110	85	60	160	10	35	None	None	testing
8	xy	f	18	red	6	(80, 0)	(40, 69)	(-39, 69)	(-80, 0)	(-40, -69)	(40, -69)	circle	red	dif	left	left	(40, -69)	(-40, -69)	search	nr	True	217839	218486	left	10	85	35	160	110	60	None	None	testing
8	xy	f	18	red	6	(80, 0)	(40, 69)	(-39, 69)	(-80, 0)	(-40, -69)	(40, -69)	circle	red	same	left	left	(80, 0)	(-80, 0)	search	nr	True	219759	220373	left	10	60	110	160	85	35	None	None	testing
8	xy	f	18	red	6	(80, 0)	(40, 69)	(-39, 69)	(-80, 0)	(-40, -69)	(40, -69)	circle	red	same	right	right	(-80, 0)	(-40, -69)	probe	norm	None	None	None	None	110	10	35	135	85	60	(-39, 69)	14	testing
8	xy	f	18	red	6	(80, 0)	(40, 69)	(-39, 69)	(-80, 0)	(-40, -69)	(40, -69)	circle	none	same	right	right	N_dist	(-40, -69)	search	nr	True	225887	226981	right	110	160	35	60	85	135	None	None	testing
8	xy	f	18	red	6	(80, 0)	(40, 69)	(-39, 69)	(-80, 0)	(-40, -69)	(40, -69)	circle	red	same	right	right	(40, 69)	(40, -69)	search	nr	True	228157	229030	right	85	60	35	10	110	160	None	None	testing
8	xy	f	18	red	6	(80, 0)	(40, 69)	(-39, 69)	(-80, 0)	(-40, -69)	(40, -69)	diamond	red	dif	left	left	(-40, -69)	(40, -69)	search	nr	True	230161	230997	left	110	85	135	160	60	10	None	None	testing
8	xy	f	18	red	6	(80, 0)	(40, 69)	(-39, 69)	(-80, 0)	(-40, -69)	(40, -69)	diamond	none	same	right	right	N_dist	(40, 69)	search	nr	True	232215	233030	right	10	60	110	85	160	135	None	None	testing
8	xy	f	18	red	6	(80, 0)	(40, 69)	(-39, 69)	(-80, 0)	(-40, -69)	(40, -69)	diamond	none	same	left	left	N_dist	(-80, 0)	search	nr	True	234202	234997	left	60	35	110	10	135	160	None	None	testing
8	xy	f	18	red	6	(80, 0)	(40, 69)	(-39, 69)	(-80, 0)	(-40, -69)	(40, -69)	diamond	red	same	right	right	(40, 69)	(80, 0)	search	nr	True	236172	236965	right	85	35	135	160	60	10	None	None	testing
8	xy	f	18	red	6	(80, 0)	(40, 69)	(-39, 69)	(-80, 0)	(-40, -69)	(40, -69)	circle	red	same	right	right	(40, 69)	(-80, 0)	search	nr	True	238259	239030	right	135	35	60	10	85	110	None	None	testing
8	xy	f	18	red	6	(80, 0)	(40, 69)	(-39, 69)	(-80, 0)	(-40, -69)	(40, -69)	diamond	red	dif	right	right	(-40, -69)	(40, -69)	search	nr	True	240246	241045	right	135	35	110	10	60	85	None	None	testing
8	xy	f	18	red	6	(80, 0)	(40, 69)	(-39, 69)	(-80, 0)	(-40, -69)	(40, -69)	circle	none	dif	left	left	N_dist	(80, 0)	search	nr	True	242166	242982	left	60	160	35	135	85	10	None	None	testing
8	xy	f	18	red	6	(80, 0)	(40, 69)	(-39, 69)	(-80, 0)	(-40, -69)	(40, -69)	circle	none	dif	left	left	N_dist	(80, 0)	probe	h_norm	None	None	None	None	135	10	85	35	60	110	(40, 69)	154	testing
8	xy	f	18	red	6	(80, 0)	(40, 69)	(-39, 69)	(-80, 0)	(-40, -69)	(40, -69)	diamond	red	dif	right	right	(80, 0)	(40, -69)	search	nr	True	247994	249205	right	160	60	110	10	35	135	None	None	testing
8	xy	f	18	red	6	(80, 0)	(40, 69)	(-39, 69)	(-80, 0)	(-40, -69)	(40, -69)	diamond	red	dif	left	left	(-39, 69)	(40, -69)	search	nr	True	250515	251333	left	35	110	10	135	60	85	None	None	testing
8	xy	f	18	red	6	(80, 0)	(40, 69)	(-39, 69)	(-80, 0)	(-40, -69)	(40, -69)	diamond	none	dif	right	right	N_dist	(-80, 0)	search	nr	True	252419	253045	right	135	85	35	60	10	110	None	None	testing
8	xy	f	18	red	6	(80, 0)	(40, 69)	(-39, 69)	(-80, 0)	(-40, -69)	(40, -69)	circle	none	dif	right	right	N_dist	(40, -69)	search	nr	True	254222	254997	right	60	110	10	135	35	85	None	None	testing
8	xy	f	18	red	6	(80, 0)	(40, 69)	(-39, 69)	(-80, 0)	(-40, -69)	(40, -69)	circle	none	dif	right	right	N_dist	(80, 0)	search	nr	True	256209	256885	right	10	85	135	60	160	110	None	None	testing
8	xy	f	18	red	6	(80, 0)	(40, 69)	(-39, 69)	(-80, 0)	(-40, -69)	(40, -69)	circle	red	same	right	right	(-80, 0)	(-40, -69)	search	nr	True	258079	258789	right	160	110	135	60	10	35	None	None	testing
8	xy	f	18	red	6	(80, 0)	(40, 69)	(-39, 69)	(-80, 0)	(-40, -69)	(40, -69)	circle	none	dif	left	left	N_dist	(-80, 0)	search	nr	True	259933	260613	left	160	110	135	35	10	60	None	None	testing
8	xy	f	18	red	6	(80, 0)	(40, 69)	(-39, 69)	(-80, 0)	(-40, -69)	(40, -69)	diamond	red	dif	left	left	(40, 69)	(40, -69)	probe	tar	None	None	None	None	60	35	85	135	160	110	(40, -69)	14	testing
8	xy	f	18	red	6	(80, 0)	(40, 69)	(-39, 69)	(-80, 0)	(-40, -69)	(40, -69)	circle	none	dif	right	right	N_dist	(40, 69)	probe	h_tar	None	None	None	None	10	85	110	35	135	60	(40, 69)	148	testing
8	xy	f	18	red	6	(80, 0)	(40, 69)	(-39, 69)	(-80, 0)	(-40, -69)	(40, -69)	circle	red	same	left	left	(-39, 69)	(-40, -69)	probe	l_sin	None	None	None	None	135	110	60	10	85	35	(-39, 69)	6	testing
8	xy	f	18	red	6	(80, 0)	(40, 69)	(-39, 69)	(-80, 0)	(-40, -69)	(40, -69)	circle	red	dif	left	left	(-40, -69)	(-39, 69)	search	nr	True	280921	281989	left	60	110	35	85	135	10	None	None	testing
8	xy	f	18	red	6	(80, 0)	(40, 69)	(-39, 69)	(-80, 0)	(-40, -69)	(40, -69)	circle	none	dif	left	left	N_dist	(-80, 0)	probe	h_norm	None	None	None	None	35	110	135	10	60	160	(40, 69)	21	testing
8	xy	f	18	red	6	(80, 0)	(40, 69)	(-39, 69)	(-80, 0)	(-40, -69)	(40, -69)	diamond	none	dif	left	left	N_dist	(-39, 69)	search	nr	True	287400	288213	left	160	85	10	60	135	35	None	None	testing
8	xy	f	18	red	6	(80, 0)	(40, 69)	(-39, 69)	(-80, 0)	(-40, -69)	(40, -69)	circle	red	dif	left	left	(40, 69)	(-39, 69)	probe	norm	None	None	None	None	35	10	60	135	85	110	(-80, 0)	8	testing
8	xy	f	18	red	6	(80, 0)	(40, 69)	(-39, 69)	(-80, 0)	(-40, -69)	(40, -69)	diamond	none	dif	left	left	N_dist	(40, 69)	search	nr	True	293511	294245	left	35	60	85	110	10	160	None	None	testing
8	xy	f	18	red	6	(80, 0)	(40, 69)	(-39, 69)	(-80, 0)	(-40, -69)	(40, -69)	circle	red	same	left	left	(80, 0)	(-80, 0)	probe	l_sin	None	None	None	None	110	35	135	10	160	60	(80, 0)	175	testing
8	xy	f	18	red	6	(80, 0)	(40, 69)	(-39, 69)	(-80, 0)	(-40, -69)	(40, -69)	circle	red	same	right	right	(40, -69)	(-40, -69)	search	nr	True	300190	300997	right	35	85	160	60	10	135	None	None	testing
8	xy	f	18	red	6	(80, 0)	(40, 69)	(-39, 69)	(-80, 0)	(-40, -69)	(40, -69)	circle	red	same	right	right	(40, 69)	(80, 0)	search	nr	True	302127	302757	right	110	10	85	135	35	60	None	None	testing
8	xy	f	18	red	6	(80, 0)	(40, 69)	(-39, 69)	(-80, 0)	(-40, -69)	(40, -69)	circle	none	same	right	right	N_dist	(-39, 69)	probe	l_norm	None	None	None	None	35	160	10	60	85	135	(40, -69)	151	testing
8	xy	f	18	red	6	(80, 0)	(40, 69)	(-39, 69)	(-80, 0)	(-40, -69)	(40, -69)	circle	none	same	right	right	N_dist	(-40, -69)	probe	l_norm	None	None	None	None	85	160	35	60	110	10	(-80, 0)	158	testing
8	xy	f	18	red	6	(80, 0)	(40, 69)	(-39, 69)	(-80, 0)	(-40, -69)	(40, -69)	circle	red	same	right	right	(40, 69)	(40, -69)	search	nr	True	314400	315253	right	10	35	85	60	110	160	None	None	testing
8	xy	f	18	red	6	(80, 0)	(40, 69)	(-39, 69)	(-80, 0)	(-40, -69)	(40, -69)	circle	red	dif	left	left	(40, 69)	(80, 0)	search	nr	True	316420	317109	left	135	10	160	85	60	35	None	None	testing
8	xy	f	18	red	6	(80, 0)	(40, 69)	(-39, 69)	(-80, 0)	(-40, -69)	(40, -69)	diamond	none	same	right	right	N_dist	(40, 69)	search	nr	True	318206	318997	right	160	35	85	60	135	10	None	None	testing
8	xy	f	18	red	6	(80, 0)	(40, 69)	(-39, 69)	(-80, 0)	(-40, -69)	(40, -69)	circle	none	dif	left	left	N_dist	(-80, 0)	search	nr	True	320277	320933	left	60	160	110	135	35	85	None	None	testing
8	xy	f	18	red	6	(80, 0)	(40, 69)	(-39, 69)	(-80, 0)	(-40, -69)	(40, -69)	diamond	red	dif	right	right	(80, 0)	(40, -69)	probe	tar	None	None	None	None	10	85	60	160	35	110	(40, -69)	22	testing
8	xy	f	18	red	6	(80, 0)	(40, 69)	(-39, 69)	(-80, 0)	(-40, -69)	(40, -69)	diamond	red	dif	left	left	(-40, -69)	(40, -69)	search	nr	True	326639	327525	left	110	160	135	10	85	60	None	None	testing
8	xy	f	18	red	6	(80, 0)	(40, 69)	(-39, 69)	(-80, 0)	(-40, -69)	(40, -69)	circle	none	dif	right	right	N_dist	(-80, 0)	search	nr	True	328609	329364	right	35	85	10	110	160	135	None	None	testing
8	xy	f	18	red	6	(80, 0)	(40, 69)	(-39, 69)	(-80, 0)	(-40, -69)	(40, -69)	diamond	none	same	left	left	N_dist	(-40, -69)	search	nr	True	330629	331381	left	135	60	85	10	35	110	None	None	testing
8	xy	f	18	red	6	(80, 0)	(40, 69)	(-39, 69)	(-80, 0)	(-40, -69)	(40, -69)	diamond	none	same	left	left	N_dist	(-40, -69)	search	nr	True	332616	333526	left	10	35	110	160	85	60	None	None	testing
8	xy	f	18	red	6	(80, 0)	(40, 69)	(-39, 69)	(-80, 0)	(-40, -69)	(40, -69)	diamond	red	dif	left	left	(40, 69)	(-40, -69)	search	nr	True	334720	335413	left	110	35	135	10	160	60	None	None	testing
8	xy	f	18	red	6	(80, 0)	(40, 69)	(-39, 69)	(-80, 0)	(-40, -69)	(40, -69)	diamond	red	same	left	left	(-80, 0)	(40, -69)	probe	norm	None	None	None	None	85	110	60	135	160	35	(-40, -69)	28	testing
8	xy	f	18	red	6	(80, 0)	(40, 69)	(-39, 69)	(-80, 0)	(-40, -69)	(40, -69)	circle	red	same	left	left	(40, 69)	(-40, -69)	probe	tar	None	None	None	None	135	60	160	85	10	35	(-40, -69)	157	testing
8	xy	f	18	red	6	(80, 0)	(40, 69)	(-39, 69)	(-80, 0)	(-40, -69)	(40, -69)	diamond	none	same	left	left	N_dist	(-39, 69)	search	nr	True	344955	345621	left	135	160	110	60	85	35	None	None	testing
8	xy	f	18	red	6	(80, 0)	(40, 69)	(-39, 69)	(-80, 0)	(-40, -69)	(40, -69)	circle	red	dif	left	left	(40, 69)	(-40, -69)	search	nr	True	346893	348245	left	60	35	160	135	85	10	None	None	testing
8	xy	f	18	red	6	(80, 0)	(40, 69)	(-39, 69)	(-80, 0)	(-40, -69)	(40, -69)	diamond	red	dif	left	left	(40, 69)	(40, -69)	search	nr	True	349530	350293	left	10	60	110	85	35	160	None	None	testing
8	xy	f	18	red	6	(80, 0)	(40, 69)	(-39, 69)	(-80, 0)	(-40, -69)	(40, -69)	diamond	red	same	left	left	(40, 69)	(40, -69)	probe	h_sin	None	None	None	None	135	10	85	110	35	60	(40, 69)	13	testing
8	xy	f	18	red	6	(80, 0)	(40, 69)	(-39, 69)	(-80, 0)	(-40, -69)	(40, -69)	circle	red	dif	right	right	(40, 69)	(-40, -69)	probe	tar	None	None	None	None	160	10	85	110	135	60	(-40, -69)	29	testing
8	xy	f	18	red	6	(80, 0)	(40, 69)	(-39, 69)	(-80, 0)	(-40, -69)	(40, -69)	diamond	red	same	left	left	(40, 69)	(40, -69)	search	nr	True	360601	361380	left	85	135	10	160	110	60	None	None	testing
8	xy	f	18	red	6	(80, 0)	(40, 69)	(-39, 69)	(-80, 0)	(-40, -69)	(40, -69)	circle	red	dif	right	right	(40, 69)	(40, -69)	search	nr	True	362671	363637	right	85	10	35	160	60	110	None	None	testing
8	xy	f	18	red	6	(80, 0)	(40, 69)	(-39, 69)	(-80, 0)	(-40, -69)	(40, -69)	diamond	red	dif	left	left	(40, 69)	(-40, -69)	search	nr	True	364809	365525	left	60	160	10	85	110	135	None	None	testing
8	xy	f	18	red	6	(80, 0)	(40, 69)	(-39, 69)	(-80, 0)	(-40, -69)	(40, -69)	circle	red	same	right	right	(80, 0)	(40, -69)	search	nr	True	366662	367557	right	110	60	35	85	135	160	None	None	testing
8	xy	f	18	red	6	(80, 0)	(40, 69)	(-39, 69)	(-80, 0)	(-40, -69)	(40, -69)	diamond	red	same	left	left	(40, 69)	(-80, 0)	search	nr	True	368799	369700	left	60	135	160	10	85	110	None	None	testing
8	xy	f	18	red	6	(80, 0)	(40, 69)	(-39, 69)	(-80, 0)	(-40, -69)	(40, -69)	diamond	none	dif	right	right	N_dist	(-40, -69)	search	nr	True	370887	371573	right	10	60	35	110	85	160	None	None	testing
8	xy	f	18	red	6	(80, 0)	(40, 69)	(-39, 69)	(-80, 0)	(-40, -69)	(40, -69)	circle	none	same	left	left	N_dist	(80, 0)	search	nr	True	372873	373525	right	10	85	160	60	110	35	None	None	testing
8	xy	f	18	red	6	(80, 0)	(40, 69)	(-39, 69)	(-80, 0)	(-40, -69)	(40, -69)	diamond	red	dif	right	right	(40, 69)	(-40, -69)	search	nr	True	376296	377093	right	160	85	35	135	110	60	None	None	testing
8	xy	f	18	red	6	(80, 0)	(40, 69)	(-39, 69)	(-80, 0)	(-40, -69)	(40, -69)	diamond	red	dif	right	right	(40, 69)	(-80, 0)	probe	h_sin	None	None	None	None	135	35	10	85	60	110	(40, 69)	146	testing
8	xy	f	18	red	6	(80, 0)	(40, 69)	(-39, 69)	(-80, 0)	(-40, -69)	(40, -69)	diamond	red	dif	right	right	(-80, 0)	(80, 0)	search	nr	True	383109	384021	right	35	135	10	85	60	160	None	None	testing
8	xy	f	18	red	6	(80, 0)	(40, 69)	(-39, 69)	(-80, 0)	(-40, -69)	(40, -69)	circle	red	dif	right	right	(40, 69)	(-39, 69)	probe	h_sin	None	None	None	None	10	160	135	35	110	85	(40, 69)	38	testing
8	xy	f	18	red	6	(80, 0)	(40, 69)	(-39, 69)	(-80, 0)	(-40, -69)	(40, -69)	diamond	red	dif	left	left	(40, 69)	(-40, -69)	search	nr	True	388886	389797	left	135	110	35	10	85	60	None	None	testing
8	xy	f	18	red	6	(80, 0)	(40, 69)	(-39, 69)	(-80, 0)	(-40, -69)	(40, -69)	circle	red	dif	right	right	(40, 69)	(40, -69)	search	nr	True	390956	391893	right	160	35	10	135	85	110	None	None	testing
8	xy	f	18	red	6	(80, 0)	(40, 69)	(-39, 69)	(-80, 0)	(-40, -69)	(40, -69)	diamond	red	same	right	right	(-39, 69)	(-40, -69)	search	nr	True	393077	393877	right	10	160	110	135	85	60	None	None	testing
8	xy	f	18	red	6	(80, 0)	(40, 69)	(-39, 69)	(-80, 0)	(-40, -69)	(40, -69)	diamond	red	dif	left	left	(-40, -69)	(40, -69)	probe	l_sin	None	None	None	None	85	160	110	10	60	135	(-40, -69)	163	testing
8	xy	f	18	red	6	(80, 0)	(40, 69)	(-39, 69)	(-80, 0)	(-40, -69)	(40, -69)	circle	none	same	left	left	N_dist	(40, -69)	probe	l_norm	None	None	None	None	35	110	160	135	10	85	(-80, 0)	12	testing
8	xy	f	18	red	6	(80, 0)	(40, 69)	(-39, 69)	(-80, 0)	(-40, -69)	(40, -69)	diamond	none	dif	left	left	N_dist	(-39, 69)	search	nr	True	403146	403845	left	135	85	10	110	160	60	None	None	testing
8	xy	f	18	red	6	(80, 0)	(40, 69)	(-39, 69)	(-80, 0)	(-40, -69)	(40, -69)	circle	red	same	right	right	(40, -69)	(-40, -69)	search	nr	True	405099	407637	right	35	85	135	10	160	110	None	None	testing
8	xy	f	18	red	6	(80, 0)	(40, 69)	(-39, 69)	(-80, 0)	(-40, -69)	(40, -69)	circle	red	dif	right	right	(40, 69)	(80, 0)	search	nr	True	408806	409525	right	60	10	160	85	35	135	None	None	testing
8	xy	f	18	red	6	(80, 0)	(40, 69)	(-39, 69)	(-80, 0)	(-40, -69)	(40, -69)	circle	red	dif	left	left	(40, -69)	(-40, -69)	probe	l_sin	None	None	None	None	60	10	160	135	110	85	(40, -69)	17	testing
8	xy	f	18	red	6	(80, 0)	(40, 69)	(-39, 69)	(-80, 0)	(-40, -69)	(40, -69)	diamond	red	same	left	left	(40, 69)	(80, 0)	search	nr	True	415051	415717	left	160	110	10	60	35	135	None	None	testing
8	xy	f	18	red	6	(80, 0)	(40, 69)	(-39, 69)	(-80, 0)	(-40, -69)	(40, -69)	diamond	none	same	right	right	N_dist	(40, 69)	probe	h_tar	None	None	None	None	10	35	85	160	110	135	(40, 69)	137	testing
8	xy	f	18	red	6	(80, 0)	(40, 69)	(-39, 69)	(-80, 0)	(-40, -69)	(40, -69)	diamond	red	same	right	right	(-39, 69)	(40, -69)	probe	l_sin	None	None	None	None	85	35	160	10	135	60	(-39, 69)	22	testing
8	xy	f	18	red	6	(80, 0)	(40, 69)	(-39, 69)	(-80, 0)	(-40, -69)	(40, -69)	circle	none	same	right	right	N_dist	(-40, -69)	search	nr	True	425320	426085	right	135	110	85	35	60	160	None	None	testing
8	xy	f	18	red	6	(80, 0)	(40, 69)	(-39, 69)	(-80, 0)	(-40, -69)	(40, -69)	circle	red	same	left	left	(-39, 69)	(-80, 0)	search	nr	True	427390	428180	left	10	160	60	35	135	85	None	None	testing
8	xy	f	18	red	6	(80, 0)	(40, 69)	(-39, 69)	(-80, 0)	(-40, -69)	(40, -69)	diamond	red	dif	right	right	(40, 69)	(-40, -69)	search	nr	True	429410	430165	right	110	135	10	160	85	60	None	None	testing
8	xy	f	18	red	6	(80, 0)	(40, 69)	(-39, 69)	(-80, 0)	(-40, -69)	(40, -69)	diamond	none	dif	left	left	N_dist	(40, 69)	probe	h_tar	None	None	None	None	85	35	60	10	135	160	(40, 69)	150	testing
8	xy	f	18	red	6	(80, 0)	(40, 69)	(-39, 69)	(-80, 0)	(-40, -69)	(40, -69)	circle	red	same	left	left	(40, 69)	(80, 0)	search	nr	True	434821	435477	left	10	60	85	160	110	135	None	None	testing
8	xy	f	18	red	6	(80, 0)	(40, 69)	(-39, 69)	(-80, 0)	(-40, -69)	(40, -69)	diamond	none	dif	right	right	N_dist	(40, 69)	search	nr	True	436740	437492	right	10	60	135	160	85	35	None	None	testing
8	xy	f	18	red	6	(80, 0)	(40, 69)	(-39, 69)	(-80, 0)	(-40, -69)	(40, -69)	diamond	red	dif	left	left	(40, 69)	(-40, -69)	probe	tar	None	None	None	None	10	35	85	60	110	135	(-40, -69)	9	testing
8	xy	f	18	red	6	(80, 0)	(40, 69)	(-39, 69)	(-80, 0)	(-40, -69)	(40, -69)	diamond	red	dif	right	right	(40, 69)	(40, -69)	probe	h_sin	None	None	None	None	60	160	10	135	85	35	(40, 69)	45	testing
8	xy	f	18	red	6	(80, 0)	(40, 69)	(-39, 69)	(-80, 0)	(-40, -69)	(40, -69)	diamond	red	same	left	left	(40, 69)	(-80, 0)	search	nr	True	448763	449460	left	160	35	85	60	10	135	None	None	testing
8	xy	f	18	red	6	(80, 0)	(40, 69)	(-39, 69)	(-80, 0)	(-40, -69)	(40, -69)	diamond	red	same	left	left	(40, 69)	(-39, 69)	search	nr	True	450583	451397	left	60	35	10	135	110	160	None	None	testing
8	xy	f	18	red	6	(80, 0)	(40, 69)	(-39, 69)	(-80, 0)	(-40, -69)	(40, -69)	diamond	red	dif	left	left	(40, 69)	(-39, 69)	search	nr	True	452570	453220	left	10	160	60	135	110	85	None	None	testing
8	xy	f	18	red	6	(80, 0)	(40, 69)	(-39, 69)	(-80, 0)	(-40, -69)	(40, -69)	diamond	none	same	right	right	N_dist	(-39, 69)	search	nr	True	454490	455413	right	60	110	160	135	35	10	None	None	testing
8	xy	f	18	red	6	(80, 0)	(40, 69)	(-39, 69)	(-80, 0)	(-40, -69)	(40, -69)	diamond	none	dif	right	right	N_dist	(40, 69)	probe	h_tar	None	None	None	None	60	10	85	135	110	35	(40, 69)	147	testing
8	xy	f	18	red	6	(80, 0)	(40, 69)	(-39, 69)	(-80, 0)	(-40, -69)	(40, -69)	diamond	red	same	right	right	(-39, 69)	(40, -69)	search	nr	True	460551	461924	right	110	160	60	35	135	85	None	None	testing
8	xy	f	18	red	6	(80, 0)	(40, 69)	(-39, 69)	(-80, 0)	(-40, -69)	(40, -69)	circle	red	same	left	left	(-39, 69)	(-80, 0)	probe	norm	None	None	None	None	10	160	110	60	35	135	(40, -69)	22	testing
8	xy	f	18	red	6	(80, 0)	(40, 69)	(-39, 69)	(-80, 0)	(-40, -69)	(40, -69)	diamond	red	same	left	left	(40, 69)	(-39, 69)	search	nr	True	467046	467828	left	85	110	10	35	60	160	None	None	testing
8	xy	f	18	red	6	(80, 0)	(40, 69)	(-39, 69)	(-80, 0)	(-40, -69)	(40, -69)	circle	red	dif	right	right	(40, 69)	(-39, 69)	search	nr	True	469017	469685	right	35	160	60	110	135	85	None	None	testing
8	xy	f	18	red	6	(80, 0)	(40, 69)	(-39, 69)	(-80, 0)	(-40, -69)	(40, -69)	circle	red	same	right	right	(40, -69)	(-40, -69)	probe	tar	None	None	None	None	85	10	135	110	35	60	(-40, -69)	168	testing
8	xy	f	18	red	6	(80, 0)	(40, 69)	(-39, 69)	(-80, 0)	(-40, -69)	(40, -69)	diamond	none	same	left	left	N_dist	(40, -69)	search	nr	True	474911	475749	left	10	160	135	110	60	35	None	None	testing
8	xy	f	18	red	6	(80, 0)	(40, 69)	(-39, 69)	(-80, 0)	(-40, -69)	(40, -69)	diamond	red	dif	left	left	(40, 69)	(-40, -69)	probe	tar	None	None	None	None	10	110	160	85	35	135	(-40, -69)	168	testing
8	xy	f	18	red	6	(80, 0)	(40, 69)	(-39, 69)	(-80, 0)	(-40, -69)	(40, -69)	diamond	red	same	right	right	(-39, 69)	(-40, -69)	search	nr	True	480605	481557	right	10	110	60	160	85	35	None	None	testing
8	xy	f	18	red	6	(80, 0)	(40, 69)	(-39, 69)	(-80, 0)	(-40, -69)	(40, -69)	diamond	red	same	left	left	(40, 69)	(-39, 69)	probe	tar	None	None	None	None	135	35	110	85	160	60	(-39, 69)	22	testing
8	xy	f	18	red	6	(80, 0)	(40, 69)	(-39, 69)	(-80, 0)	(-40, -69)	(40, -69)	circle	none	same	right	right	N_dist	(-40, -69)	search	nr	True	486632	487381	right	60	85	35	110	160	10	None	None	testing
8	xy	f	18	red	6	(80, 0)	(40, 69)	(-39, 69)	(-80, 0)	(-40, -69)	(40, -69)	diamond	red	dif	right	right	(-40, -69)	(40, -69)	search	nr	True	488586	489509	right	110	135	85	10	35	160	None	None	testing
8	xy	f	18	red	6	(80, 0)	(40, 69)	(-39, 69)	(-80, 0)	(-40, -69)	(40, -69)	diamond	red	same	left	left	(40, 69)	(-40, -69)	search	nr	True	490590	491380	left	135	110	60	160	85	35	None	None	testing
8	xy	f	18	red	6	(80, 0)	(40, 69)	(-39, 69)	(-80, 0)	(-40, -69)	(40, -69)	diamond	none	same	left	left	N_dist	(80, 0)	probe	l_norm	None	None	None	None	110	10	160	35	135	85	(40, -69)	31	testing
8	xy	f	18	red	6	(80, 0)	(40, 69)	(-39, 69)	(-80, 0)	(-40, -69)	(40, -69)	circle	red	dif	left	left	(40, 69)	(-39, 69)	search	nr	True	497185	498084	left	135	110	60	35	160	85	None	None	testing
8	xy	f	18	red	6	(80, 0)	(40, 69)	(-39, 69)	(-80, 0)	(-40, -69)	(40, -69)	circle	red	same	left	left	(40, 69)	(-39, 69)	probe	h_sin	None	None	None	None	110	60	85	35	135	160	(40, 69)	159	testing
8	xy	f	18	red	6	(80, 0)	(40, 69)	(-39, 69)	(-80, 0)	(-40, -69)	(40, -69)	diamond	none	dif	right	right	N_dist	(-40, -69)	probe	h_norm	None	None	None	None	160	60	35	10	110	135	(40, 69)	165	testing
8	xy	f	18	red	6	(80, 0)	(40, 69)	(-39, 69)	(-80, 0)	(-40, -69)	(40, -69)	diamond	none	dif	left	left	N_dist	(-39, 69)	search	nr	True	507955	508644	left	35	10	110	135	60	85	None	None	testing
8	xy	f	18	red	6	(80, 0)	(40, 69)	(-39, 69)	(-80, 0)	(-40, -69)	(40, -69)	circle	none	same	right	right	N_dist	(40, -69)	probe	l_tar	None	None	None	None	160	110	35	10	135	85	(40, -69)	21	testing
8	xy	f	18	red	6	(80, 0)	(40, 69)	(-39, 69)	(-80, 0)	(-40, -69)	(40, -69)	circle	none	same	right	right	N_dist	(40, -69)	probe	l_tar	None	None	None	None	110	135	35	160	10	85	(40, -69)	10	testing
8	xy	f	18	red	6	(80, 0)	(40, 69)	(-39, 69)	(-80, 0)	(-40, -69)	(40, -69)	diamond	none	dif	left	left	N_dist	(40, 69)	search	nr	True	518541	519204	left	60	160	135	10	85	35	None	None	testing
8	xy	f	18	red	6	(80, 0)	(40, 69)	(-39, 69)	(-80, 0)	(-40, -69)	(40, -69)	diamond	red	same	right	right	(40, -69)	(80, 0)	search	nr	True	520494	521317	right	160	35	60	85	10	110	None	None	testing
8	xy	f	18	red	6	(80, 0)	(40, 69)	(-39, 69)	(-80, 0)	(-40, -69)	(40, -69)	diamond	none	dif	right	right	N_dist	(-80, 0)	search	nr	True	522432	523124	right	60	135	35	110	85	10	None	None	testing
8	xy	f	18	red	6	(80, 0)	(40, 69)	(-39, 69)	(-80, 0)	(-40, -69)	(40, -69)	diamond	red	dif	right	right	(40, 69)	(-80, 0)	search	nr	True	524385	525044	right	110	160	35	85	60	10	None	None	testing
8	xy	f	18	red	6	(80, 0)	(40, 69)	(-39, 69)	(-80, 0)	(-40, -69)	(40, -69)	diamond	none	dif	left	left	N_dist	(-39, 69)	search	nr	True	526189	526868	left	60	135	110	10	85	160	None	None	testing
8	xy	f	18	red	6	(80, 0)	(40, 69)	(-39, 69)	(-80, 0)	(-40, -69)	(40, -69)	diamond	none	same	left	left	N_dist	(-39, 69)	search	nr	True	528125	528740	left	60	10	85	160	35	110	None	None	testing
8	xy	f	18	red	6	(80, 0)	(40, 69)	(-39, 69)	(-80, 0)	(-40, -69)	(40, -69)	circle	red	dif	left	left	(40, 69)	(-80, 0)	probe	h_sin	None	None	None	None	60	160	10	110	85	35	(40, 69)	157	testing
8	xy	f	18	red	6	(80, 0)	(40, 69)	(-39, 69)	(-80, 0)	(-40, -69)	(40, -69)	diamond	none	same	right	right	N_dist	(-40, -69)	search	nr	True	534286	535076	right	85	10	60	135	160	35	None	None	testing
8	xy	f	18	red	6	(80, 0)	(40, 69)	(-39, 69)	(-80, 0)	(-40, -69)	(40, -69)	circle	none	same	left	left	N_dist	(40, -69)	probe	h_norm	None	None	None	None	60	160	10	110	135	35	(40, 69)	164	testing
8	xy	f	18	red	6	(80, 0)	(40, 69)	(-39, 69)	(-80, 0)	(-40, -69)	(40, -69)	circle	none	same	right	right	N_dist	(40, -69)	search	nr	True	541183	541956	right	35	135	85	160	110	10	None	None	testing
8	xy	f	18	red	6	(80, 0)	(40, 69)	(-39, 69)	(-80, 0)	(-40, -69)	(40, -69)	diamond	red	same	right	right	(-80, 0)	(80, 0)	probe	l_sin	None	None	None	None	85	135	160	110	60	10	(-80, 0)	12	testing
8	xy	f	18	red	6	(80, 0)	(40, 69)	(-39, 69)	(-80, 0)	(-40, -69)	(40, -69)	circle	red	dif	right	right	(40, 69)	(80, 0)	probe	norm	None	None	None	None	35	110	60	135	10	160	(-40, -69)	22	testing
8	xy	f	18	red	6	(80, 0)	(40, 69)	(-39, 69)	(-80, 0)	(-40, -69)	(40, -69)	diamond	none	dif	right	right	N_dist	(40, 69)	search	nr	True	551903	552677	right	10	135	35	110	60	85	None	None	testing
8	xy	f	18	red	6	(80, 0)	(40, 69)	(-39, 69)	(-80, 0)	(-40, -69)	(40, -69)	diamond	red	same	right	right	(40, 69)	(80, 0)	probe	tar	None	None	None	None	60	110	35	85	10	135	(80, 0)	153	testing
8	xy	f	18	red	6	(80, 0)	(40, 69)	(-39, 69)	(-80, 0)	(-40, -69)	(40, -69)	circle	none	same	left	left	N_dist	(40, -69)	search	nr	True	557496	558292	left	60	85	35	160	10	110	None	None	testing
8	xy	f	18	red	6	(80, 0)	(40, 69)	(-39, 69)	(-80, 0)	(-40, -69)	(40, -69)	diamond	red	same	left	left	(40, 69)	(-80, 0)	search	nr	True	559383	560277	left	85	10	135	35	160	110	None	None	testing
8	xy	f	18	red	6	(80, 0)	(40, 69)	(-39, 69)	(-80, 0)	(-40, -69)	(40, -69)	diamond	none	same	left	left	N_dist	(-40, -69)	probe	h_norm	None	None	None	None	10	160	85	35	135	110	(40, 69)	153	testing
8	xy	f	18	red	6	(80, 0)	(40, 69)	(-39, 69)	(-80, 0)	(-40, -69)	(40, -69)	circle	red	same	right	right	(80, 0)	(-80, 0)	search	nr	True	567097	568084	right	85	10	135	35	110	60	None	None	testing
8	xy	f	18	red	6	(80, 0)	(40, 69)	(-39, 69)	(-80, 0)	(-40, -69)	(40, -69)	circle	red	same	right	right	(40, 69)	(40, -69)	probe	tar	None	None	None	None	160	135	60	85	10	35	(40, -69)	166	testing
8	xy	f	18	red	6	(80, 0)	(40, 69)	(-39, 69)	(-80, 0)	(-40, -69)	(40, -69)	diamond	none	same	right	right	N_dist	(40, 69)	search	nr	True	572874	573668	right	35	10	85	110	60	135	None	None	testing
8	xy	f	18	red	6	(80, 0)	(40, 69)	(-39, 69)	(-80, 0)	(-40, -69)	(40, -69)	circle	none	dif	right	right	N_dist	(40, 69)	search	nr	True	574895	575572	right	160	135	60	110	10	85	None	None	testing
8	xy	f	18	red	6	(80, 0)	(40, 69)	(-39, 69)	(-80, 0)	(-40, -69)	(40, -69)	diamond	red	same	left	left	(40, 69)	(-80, 0)	probe	tar	None	None	None	None	35	10	85	60	160	135	(-80, 0)	173	testing
8	xy	f	18	red	6	(80, 0)	(40, 69)	(-39, 69)	(-80, 0)	(-40, -69)	(40, -69)	diamond	none	dif	left	left	N_dist	(-39, 69)	probe	l_norm	None	None	None	None	10	160	35	110	135	85	(-40, -69)	163	testing
8	xy	f	18	red	6	(80, 0)	(40, 69)	(-39, 69)	(-80, 0)	(-40, -69)	(40, -69)	circle	none	dif	right	right	N_dist	(80, 0)	search	nr	True	585681	586372	right	135	35	160	10	110	60	None	None	testing
8	xy	f	18	red	6	(80, 0)	(40, 69)	(-39, 69)	(-80, 0)	(-40, -69)	(40, -69)	circle	red	dif	left	left	(40, 69)	(80, 0)	search	nr	True	587635	588868	left	85	110	35	160	135	60	None	None	testing
8	xy	f	18	red	6	(80, 0)	(40, 69)	(-39, 69)	(-80, 0)	(-40, -69)	(40, -69)	diamond	none	same	left	left	N_dist	(-39, 69)	probe	h_norm	None	None	None	None	60	135	10	85	160	35	(40, 69)	41	testing
8	xy	f	18	red	6	(80, 0)	(40, 69)	(-39, 69)	(-80, 0)	(-40, -69)	(40, -69)	circle	none	same	right	right	N_dist	(-40, -69)	probe	l_norm	None	None	None	None	85	135	10	35	60	160	(-39, 69)	28	testing
8	xy	f	18	red	6	(80, 0)	(40, 69)	(-39, 69)	(-80, 0)	(-40, -69)	(40, -69)	circle	red	dif	left	left	(40, 69)	(-39, 69)	probe	tar	None	None	None	None	85	110	160	10	135	60	(-39, 69)	37	testing
8	xy	f	18	red	6	(80, 0)	(40, 69)	(-39, 69)	(-80, 0)	(-40, -69)	(40, -69)	diamond	red	same	right	right	(40, 69)	(-80, 0)	search	nr	True	602696	603460	right	35	60	135	85	10	110	None	None	testing
8	xy	f	18	red	6	(80, 0)	(40, 69)	(-39, 69)	(-80, 0)	(-40, -69)	(40, -69)	circle	red	dif	right	right	(40, 69)	(40, -69)	search	nr	True	604666	605444	right	35	160	110	135	85	60	None	None	testing
8	xy	f	18	red	6	(80, 0)	(40, 69)	(-39, 69)	(-80, 0)	(-40, -69)	(40, -69)	circle	none	dif	right	right	N_dist	(40, 69)	search	nr	True	606653	607332	right	60	85	10	135	160	110	None	None	testing
8	xy	f	18	red	6	(80, 0)	(40, 69)	(-39, 69)	(-80, 0)	(-40, -69)	(40, -69)	circle	none	dif	right	right	N_dist	(40, 69)	search	nr	True	608390	609061	right	135	10	35	110	60	85	None	None	testing
8	xy	f	18	red	6	(80, 0)	(40, 69)	(-39, 69)	(-80, 0)	(-40, -69)	(40, -69)	diamond	none	same	right	right	N_dist	(-39, 69)	probe	l_tar	None	None	None	None	85	160	110	10	35	135	(-39, 69)	18	testing
8	xy	f	18	red	6	(80, 0)	(40, 69)	(-39, 69)	(-80, 0)	(-40, -69)	(40, -69)	circle	red	dif	right	right	(-40, -69)	(80, 0)	search	nr	True	613850	614805	right	60	85	160	110	135	35	None	None	testing
8	xy	f	18	red	6	(80, 0)	(40, 69)	(-39, 69)	(-80, 0)	(-40, -69)	(40, -69)	circle	red	same	right	right	(80, 0)	(40, -69)	probe	l_sin	None	None	None	None	110	160	135	60	85	35	(80, 0)	28	testing
8	xy	f	18	red	6	(80, 0)	(40, 69)	(-39, 69)	(-80, 0)	(-40, -69)	(40, -69)	circle	red	same	right	right	(40, 69)	(-80, 0)	search	nr	True	619460	620229	right	10	35	135	110	60	160	None	None	testing
8	xy	f	18	red	6	(80, 0)	(40, 69)	(-39, 69)	(-80, 0)	(-40, -69)	(40, -69)	circle	red	dif	right	right	(40, 69)	(80, 0)	search	nr	True	621514	622149	right	35	85	110	160	10	135	None	None	testing
8	xy	f	18	red	6	(80, 0)	(40, 69)	(-39, 69)	(-80, 0)	(-40, -69)	(40, -69)	circle	none	same	left	left	N_dist	(-40, -69)	probe	h_norm	None	None	None	None	10	160	35	110	60	85	(40, 69)	43	testing
8	xy	f	18	red	6	(80, 0)	(40, 69)	(-39, 69)	(-80, 0)	(-40, -69)	(40, -69)	diamond	none	same	left	left	N_dist	(40, -69)	search	nr	True	627525	628324	left	35	60	160	10	135	85	None	None	testing
8	xy	f	18	red	6	(80, 0)	(40, 69)	(-39, 69)	(-80, 0)	(-40, -69)	(40, -69)	diamond	none	dif	right	right	N_dist	(-80, 0)	search	nr	True	629495	630229	right	35	10	60	135	85	160	None	None	testing
8	xy	f	18	red	6	(80, 0)	(40, 69)	(-39, 69)	(-80, 0)	(-40, -69)	(40, -69)	diamond	red	dif	left	left	(-39, 69)	(40, -69)	search	nr	True	631432	632212	left	110	35	10	85	135	60	None	None	testing
8	xy	f	18	red	6	(80, 0)	(40, 69)	(-39, 69)	(-80, 0)	(-40, -69)	(40, -69)	circle	none	dif	right	right	N_dist	(80, 0)	probe	l_norm	None	None	None	None	60	10	85	35	110	135	(-40, -69)	159	testing
8	xy	f	18	red	6	(80, 0)	(40, 69)	(-39, 69)	(-80, 0)	(-40, -69)	(40, -69)	diamond	none	dif	right	right	N_dist	(-80, 0)	search	nr	True	640181	640804	right	160	10	35	110	60	85	None	None	testing
8	xy	f	18	red	6	(80, 0)	(40, 69)	(-39, 69)	(-80, 0)	(-40, -69)	(40, -69)	circle	none	dif	left	left	N_dist	(80, 0)	search	nr	True	642068	642772	left	60	110	85	135	35	10	None	None	testing
8	xy	f	18	red	6	(80, 0)	(40, 69)	(-39, 69)	(-80, 0)	(-40, -69)	(40, -69)	circle	red	same	left	left	(-40, -69)	(40, -69)	probe	tar	None	None	None	None	35	60	110	135	160	85	(40, -69)	7	testing
8	xy	f	18	red	6	(80, 0)	(40, 69)	(-39, 69)	(-80, 0)	(-40, -69)	(40, -69)	circle	red	dif	right	right	(80, 0)	(-80, 0)	search	nr	True	648046	648788	right	85	135	60	110	35	10	None	None	testing
8	xy	f	18	red	6	(80, 0)	(40, 69)	(-39, 69)	(-80, 0)	(-40, -69)	(40, -69)	diamond	red	dif	right	right	(-39, 69)	(-80, 0)	search	nr	True	650016	650645	right	10	135	110	160	85	35	None	None	testing
8	xy	f	18	red	6	(80, 0)	(40, 69)	(-39, 69)	(-80, 0)	(-40, -69)	(40, -69)	circle	red	same	right	right	(-80, 0)	(-40, -69)	search	nr	True	651803	652773	right	160	60	10	85	35	135	None	None	testing
8	xy	f	18	red	6	(80, 0)	(40, 69)	(-39, 69)	(-80, 0)	(-40, -69)	(40, -69)	circle	red	dif	left	left	(40, 69)	(80, 0)	search	nr	True	654057	654788	left	135	85	10	110	35	60	None	None	testing
8	xy	f	18	red	6	(80, 0)	(40, 69)	(-39, 69)	(-80, 0)	(-40, -69)	(40, -69)	circle	red	same	left	left	(-39, 69)	(-40, -69)	search	nr	True	655960	656901	left	35	10	85	160	135	60	None	None	testing
8	xy	f	18	red	6	(80, 0)	(40, 69)	(-39, 69)	(-80, 0)	(-40, -69)	(40, -69)	circle	red	same	right	right	(40, 69)	(80, 0)	probe	tar	None	None	None	None	35	85	60	135	110	10	(80, 0)	155	testing
8	xy	f	18	red	6	(80, 0)	(40, 69)	(-39, 69)	(-80, 0)	(-40, -69)	(40, -69)	circle	red	dif	left	left	(40, 69)	(-40, -69)	search	nr	True	661437	662196	left	135	160	10	60	110	85	None	None	testing
8	xy	f	18	red	6	(80, 0)	(40, 69)	(-39, 69)	(-80, 0)	(-40, -69)	(40, -69)	circle	red	dif	right	right	(80, 0)	(-80, 0)	search	nr	True	663490	664292	right	35	60	135	110	85	160	None	None	testing
8	xy	f	18	red	6	(80, 0)	(40, 69)	(-39, 69)	(-80, 0)	(-40, -69)	(40, -69)	circle	red	dif	left	left	(40, 69)	(-80, 0)	search	nr	True	665561	666244	left	85	60	35	135	10	160	None	None	testing
8	xy	f	18	red	6	(80, 0)	(40, 69)	(-39, 69)	(-80, 0)	(-40, -69)	(40, -69)	diamond	red	dif	right	right	(40, 69)	(-40, -69)	probe	norm	None	None	None	None	85	135	60	35	160	110	(-80, 0)	172	testing
8	xy	f	18	red	6	(80, 0)	(40, 69)	(-39, 69)	(-80, 0)	(-40, -69)	(40, -69)	circle	red	same	left	left	(40, 69)	(-40, -69)	probe	h_sin	None	None	None	None	160	60	110	85	135	10	(40, 69)	158	testing
8	xy	f	18	red	6	(80, 0)	(40, 69)	(-39, 69)	(-80, 0)	(-40, -69)	(40, -69)	circle	red	dif	right	right	(40, -69)	(-40, -69)	search	nr	True	675946	677124	right	10	135	85	110	35	160	None	None	testing
8	xy	f	18	red	6	(80, 0)	(40, 69)	(-39, 69)	(-80, 0)	(-40, -69)	(40, -69)	circle	none	same	left	left	N_dist	(40, -69)	search	nr	True	678334	679061	left	160	110	35	60	85	135	None	None	testing
8	xy	f	18	red	6	(80, 0)	(40, 69)	(-39, 69)	(-80, 0)	(-40, -69)	(40, -69)	circle	red	same	left	left	(40, 69)	(80, 0)	search	nr	True	680255	680948	left	135	10	85	35	160	110	None	None	testing
8	xy	f	18	red	6	(80, 0)	(40, 69)	(-39, 69)	(-80, 0)	(-40, -69)	(40, -69)	circle	none	same	right	right	N_dist	(-40, -69)	search	nr	True	682225	682996	right	110	35	10	85	160	60	None	None	testing
8	xy	f	18	red	6	(80, 0)	(40, 69)	(-39, 69)	(-80, 0)	(-40, -69)	(40, -69)	circle	none	dif	right	right	N_dist	(-80, 0)	search	nr	True	684245	684821	right	110	35	60	10	160	135	None	None	testing
8	xy	f	18	red	6	(80, 0)	(40, 69)	(-39, 69)	(-80, 0)	(-40, -69)	(40, -69)	circle	red	dif	right	right	(40, 69)	(40, -69)	search	nr	True	686032	686788	right	85	160	135	10	35	60	None	None	testing
8	xy	f	18	red	6	(80, 0)	(40, 69)	(-39, 69)	(-80, 0)	(-40, -69)	(40, -69)	diamond	red	dif	left	left	(40, 69)	(-39, 69)	probe	norm	None	None	None	None	60	160	110	35	10	135	(80, 0)	156	testing
8	xy	f	18	red	6	(80, 0)	(40, 69)	(-39, 69)	(-80, 0)	(-40, -69)	(40, -69)	diamond	red	dif	left	left	(40, -69)	(-40, -69)	search	nr	True	692377	693397	left	135	110	160	10	85	35	None	None	testing
8	xy	f	18	red	6	(80, 0)	(40, 69)	(-39, 69)	(-80, 0)	(-40, -69)	(40, -69)	diamond	red	same	left	left	(40, 69)	(-40, -69)	search	nr	True	694598	695428	left	10	85	160	35	135	110	None	None	testing
8	xy	f	18	red	6	(80, 0)	(40, 69)	(-39, 69)	(-80, 0)	(-40, -69)	(40, -69)	circle	red	same	left	left	(40, 69)	(-40, -69)	search	nr	True	696501	697492	left	110	135	35	85	60	10	None	None	testing
8	xy	f	18	red	6	(80, 0)	(40, 69)	(-39, 69)	(-80, 0)	(-40, -69)	(40, -69)	diamond	red	same	left	left	(40, 69)	(-80, 0)	probe	h_sin	None	None	None	None	160	35	110	85	10	135	(40, 69)	35	testing
8	xy	f	18	red	6	(80, 0)	(40, 69)	(-39, 69)	(-80, 0)	(-40, -69)	(40, -69)	circle	red	same	right	right	(40, 69)	(-80, 0)	search	nr	True	702980	703813	right	160	60	85	35	135	110	None	None	testing
8	xy	f	18	red	6	(80, 0)	(40, 69)	(-39, 69)	(-80, 0)	(-40, -69)	(40, -69)	circle	none	dif	left	left	N_dist	(-80, 0)	probe	l_tar	None	None	None	None	85	35	60	135	10	110	(-80, 0)	22	testing
8	xy	f	18	red	6	(80, 0)	(40, 69)	(-39, 69)	(-80, 0)	(-40, -69)	(40, -69)	diamond	red	dif	left	left	(40, 69)	(-39, 69)	probe	tar	None	None	None	None	10	35	85	60	160	135	(-39, 69)	30	testing
8	xy	f	18	red	6	(80, 0)	(40, 69)	(-39, 69)	(-80, 0)	(-40, -69)	(40, -69)	diamond	red	dif	right	right	(80, 0)	(-39, 69)	probe	l_sin	None	None	None	None	60	10	160	135	110	35	(80, 0)	153	testing
8	xy	f	18	red	6	(80, 0)	(40, 69)	(-39, 69)	(-80, 0)	(-40, -69)	(40, -69)	circle	none	dif	left	left	N_dist	(80, 0)	search	nr	True	716672	717445	left	35	10	110	85	135	60	None	None	testing
8	xy	f	18	red	6	(80, 0)	(40, 69)	(-39, 69)	(-80, 0)	(-40, -69)	(40, -69)	circle	red	dif	left	left	(40, 69)	(80, 0)	probe	norm	None	None	None	None	10	35	135	60	110	160	(-80, 0)	18	testing
8	xy	f	18	red	6	(80, 0)	(40, 69)	(-39, 69)	(-80, 0)	(-40, -69)	(40, -69)	circle	red	same	left	left	(-39, 69)	(-80, 0)	search	nr	True	722031	722772	left	10	110	160	85	60	35	None	None	testing
8	xy	f	18	red	6	(80, 0)	(40, 69)	(-39, 69)	(-80, 0)	(-40, -69)	(40, -69)	diamond	red	dif	left	left	(-39, 69)	(40, -69)	probe	l_sin	None	None	None	None	60	160	35	85	110	10	(-39, 69)	20	testing
8	xy	f	18	red	6	(80, 0)	(40, 69)	(-39, 69)	(-80, 0)	(-40, -69)	(40, -69)	circle	red	dif	left	left	(40, 69)	(80, 0)	probe	h_sin	None	None	None	None	85	160	135	60	10	110	(40, 69)	142	testing
8	xy	f	18	red	6	(80, 0)	(40, 69)	(-39, 69)	(-80, 0)	(-40, -69)	(40, -69)	circle	none	same	left	left	N_dist	(-40, -69)	search	nr	True	732100	732980	left	35	110	160	10	135	85	None	None	testing
8	xy	f	18	red	6	(80, 0)	(40, 69)	(-39, 69)	(-80, 0)	(-40, -69)	(40, -69)	diamond	none	dif	left	left	N_dist	(-39, 69)	probe	l_norm	None	None	None	None	160	10	135	85	35	60	(40, -69)	33	testing
8	xy	f	18	red	6	(80, 0)	(40, 69)	(-39, 69)	(-80, 0)	(-40, -69)	(40, -69)	diamond	red	dif	left	left	(40, 69)	(-39, 69)	search	nr	True	737761	738596	left	110	35	10	135	60	160	None	None	testing
8	xy	f	18	red	6	(80, 0)	(40, 69)	(-39, 69)	(-80, 0)	(-40, -69)	(40, -69)	diamond	red	dif	right	right	(80, 0)	(-39, 69)	search	nr	True	739747	740596	right	60	10	110	35	85	160	None	None	testing
8	xy	f	18	red	6	(80, 0)	(40, 69)	(-39, 69)	(-80, 0)	(-40, -69)	(40, -69)	circle	red	dif	left	left	(-40, -69)	(-39, 69)	search	nr	True	741852	742532	left	135	60	35	10	110	160	None	None	testing
8	xy	f	18	red	6	(80, 0)	(40, 69)	(-39, 69)	(-80, 0)	(-40, -69)	(40, -69)	circle	red	same	left	left	(40, 69)	(-40, -69)	search	nr	True	743688	744372	left	135	60	10	35	85	110	None	None	testing
8	xy	f	18	red	6	(80, 0)	(40, 69)	(-39, 69)	(-80, 0)	(-40, -69)	(40, -69)	diamond	red	same	left	left	(40, 69)	(-39, 69)	search	nr	True	745625	746292	left	85	160	10	135	35	60	None	None	testing
8	xy	f	18	red	6	(80, 0)	(40, 69)	(-39, 69)	(-80, 0)	(-40, -69)	(40, -69)	diamond	red	dif	right	right	(-40, -69)	(40, -69)	probe	l_sin	None	None	None	None	35	10	60	160	85	135	(-40, -69)	167	testing
8	xy	f	18	red	6	(80, 0)	(40, 69)	(-39, 69)	(-80, 0)	(-40, -69)	(40, -69)	diamond	red	same	right	right	(40, 69)	(80, 0)	probe	h_sin	None	None	None	None	85	35	10	60	160	110	(40, 69)	158	testing
8	xy	f	18	red	6	(80, 0)	(40, 69)	(-39, 69)	(-80, 0)	(-40, -69)	(40, -69)	diamond	none	dif	right	right	N_dist	(-80, 0)	search	nr	True	755193	755876	right	35	60	135	110	160	10	None	None	testing
8	xy	f	18	red	6	(80, 0)	(40, 69)	(-39, 69)	(-80, 0)	(-40, -69)	(40, -69)	diamond	red	same	left	left	(40, 69)	(80, 0)	search	nr	True	757013	757764	left	10	85	35	60	110	135	None	None	testing
8	xy	f	18	red	6	(80, 0)	(40, 69)	(-39, 69)	(-80, 0)	(-40, -69)	(40, -69)	diamond	red	same	right	right	(40, 69)	(-80, 0)	search	nr	True	758916	759539	right	135	110	60	10	160	85	None	None	testing
8	xy	f	18	red	6	(80, 0)	(40, 69)	(-39, 69)	(-80, 0)	(-40, -69)	(40, -69)	diamond	red	dif	right	right	(80, 0)	(40, -69)	search	nr	True	760603	761796	right	85	135	10	35	110	160	None	None	testing
8	xy	f	18	red	6	(80, 0)	(40, 69)	(-39, 69)	(-80, 0)	(-40, -69)	(40, -69)	circle	red	same	left	left	(40, 69)	(80, 0)	probe	tar	None	None	None	None	10	160	135	85	35	60	(80, 0)	140	testing
8	xy	f	18	red	6	(80, 0)	(40, 69)	(-39, 69)	(-80, 0)	(-40, -69)	(40, -69)	diamond	red	same	right	right	(40, 69)	(80, 0)	search	nr	True	766881	767572	right	110	10	85	160	135	35	None	None	testing
8	xy	f	18	red	6	(80, 0)	(40, 69)	(-39, 69)	(-80, 0)	(-40, -69)	(40, -69)	diamond	none	same	right	right	N_dist	(80, 0)	search	nr	True	768834	769460	right	110	160	35	85	10	60	None	None	testing
8	xy	f	18	red	6	(80, 0)	(40, 69)	(-39, 69)	(-80, 0)	(-40, -69)	(40, -69)	diamond	red	same	right	right	(-39, 69)	(-40, -69)	probe	l_sin	None	None	None	None	110	35	135	10	85	160	(-39, 69)	13	testing
8	xy	f	18	red	6	(80, 0)	(40, 69)	(-39, 69)	(-80, 0)	(-40, -69)	(40, -69)	diamond	none	same	right	right	N_dist	(-40, -69)	probe	h_norm	None	None	None	None	35	10	160	110	85	60	(40, 69)	162	testing
8	xy	f	18	red	6	(80, 0)	(40, 69)	(-39, 69)	(-80, 0)	(-40, -69)	(40, -69)	diamond	none	dif	left	left	N_dist	(40, 69)	probe	h_tar	None	None	None	None	60	135	160	10	85	35	(40, 69)	33	testing
8	xy	f	18	red	6	(80, 0)	(40, 69)	(-39, 69)	(-80, 0)	(-40, -69)	(40, -69)	diamond	red	dif	right	right	(40, 69)	(-80, 0)	search	nr	True	782092	782693	right	110	135	85	60	160	35	None	None	testing
8	xy	f	18	red	6	(80, 0)	(40, 69)	(-39, 69)	(-80, 0)	(-40, -69)	(40, -69)	diamond	red	dif	right	right	(40, 69)	(-80, 0)	search	nr	True	783762	784340	right	60	110	35	135	85	160	None	None	testing
8	xy	f	18	red	6	(80, 0)	(40, 69)	(-39, 69)	(-80, 0)	(-40, -69)	(40, -69)	circle	none	dif	right	right	N_dist	(40, 69)	probe	h_tar	None	None	None	None	110	35	135	10	85	160	(40, 69)	157	testing
8	xy	f	18	red	6	(80, 0)	(40, 69)	(-39, 69)	(-80, 0)	(-40, -69)	(40, -69)	circle	red	dif	right	right	(40, 69)	(40, -69)	probe	norm	None	None	None	None	10	160	85	60	35	135	(-40, -69)	164	testing
8	xy	f	18	red	6	(80, 0)	(40, 69)	(-39, 69)	(-80, 0)	(-40, -69)	(40, -69)	diamond	red	dif	right	right	(40, 69)	(-40, -69)	search	nr	True	793212	794068	right	35	110	60	160	135	10	None	None	testing
8	xy	f	18	red	6	(80, 0)	(40, 69)	(-39, 69)	(-80, 0)	(-40, -69)	(40, -69)	circle	none	same	left	left	N_dist	(-40, -69)	search	nr	True	795216	796068	left	135	10	110	160	60	35	None	None	testing
8	xy	f	18	red	6	(80, 0)	(40, 69)	(-39, 69)	(-80, 0)	(-40, -69)	(40, -69)	circle	none	same	right	right	N_dist	(40, -69)	search	nr	True	797220	798036	right	110	135	160	35	60	85	None	None	testing
8	xy	f	18	red	6	(80, 0)	(40, 69)	(-39, 69)	(-80, 0)	(-40, -69)	(40, -69)	circle	none	same	left	left	N_dist	(-39, 69)	search	nr	True	799190	799860	left	60	35	160	135	85	110	None	None	testing
8	xy	f	18	red	6	(80, 0)	(40, 69)	(-39, 69)	(-80, 0)	(-40, -69)	(40, -69)	circle	red	same	left	left	(-80, 0)	(-40, -69)	probe	l_sin	None	None	None	None	10	85	135	60	110	35	(-80, 0)	175	testing
8	xy	f	18	red	6	(80, 0)	(40, 69)	(-39, 69)	(-80, 0)	(-40, -69)	(40, -69)	circle	none	same	right	right	N_dist	(-39, 69)	search	nr	True	804433	805155	right	135	35	110	160	85	60	None	None	testing
8	xy	f	18	red	6	(80, 0)	(40, 69)	(-39, 69)	(-80, 0)	(-40, -69)	(40, -69)	diamond	none	same	right	right	N_dist	(80, 0)	probe	h_norm	None	None	None	None	85	160	10	35	60	110	(40, 69)	51	testing
8	xy	f	18	red	6	(80, 0)	(40, 69)	(-39, 69)	(-80, 0)	(-40, -69)	(40, -69)	diamond	red	same	right	right	(40, 69)	(80, 0)	search	nr	True	812414	813060	right	160	85	35	60	10	110	None	None	testing
8	xy	f	18	red	6	(80, 0)	(40, 69)	(-39, 69)	(-80, 0)	(-40, -69)	(40, -69)	diamond	red	same	left	left	(40, 69)	(-39, 69)	probe	norm	None	None	None	None	10	135	110	160	60	35	(40, -69)	46	testing
8	xy	f	18	red	6	(80, 0)	(40, 69)	(-39, 69)	(-80, 0)	(-40, -69)	(40, -69)	circle	none	same	left	left	N_dist	(-39, 69)	probe	l_norm	None	None	None	None	35	135	110	85	160	60	(40, -69)	24	testing
8	xy	f	18	red	6	(80, 0)	(40, 69)	(-39, 69)	(-80, 0)	(-40, -69)	(40, -69)	diamond	red	same	left	left	(40, 69)	(-80, 0)	search	nr	True	822633	823316	left	135	10	60	35	110	85	None	None	testing
8	xy	f	18	red	6	(80, 0)	(40, 69)	(-39, 69)	(-80, 0)	(-40, -69)	(40, -69)	circle	none	same	right	right	N_dist	(-39, 69)	search	nr	True	824420	825091	right	10	35	160	60	135	85	None	None	testing
8	xy	f	18	red	6	(80, 0)	(40, 69)	(-39, 69)	(-80, 0)	(-40, -69)	(40, -69)	diamond	red	dif	right	right	(-39, 69)	(-80, 0)	probe	l_sin	None	None	None	None	60	10	35	160	85	135	(-39, 69)	21	testing
8	xy	f	18	red	6	(80, 0)	(40, 69)	(-39, 69)	(-80, 0)	(-40, -69)	(40, -69)	circle	red	dif	left	left	(40, 69)	(-39, 69)	search	nr	True	830030	831092	left	160	135	110	60	35	10	None	None	testing
8	xy	f	18	red	6	(80, 0)	(40, 69)	(-39, 69)	(-80, 0)	(-40, -69)	(40, -69)	diamond	red	same	right	right	(40, 69)	(-39, 69)	search	nr	True	832268	832996	right	10	60	110	85	135	35	None	None	testing
8	xy	f	18	red	6	(80, 0)	(40, 69)	(-39, 69)	(-80, 0)	(-40, -69)	(40, -69)	diamond	red	same	left	left	(40, 69)	(40, -69)	search	nr	True	834188	835124	left	60	10	135	85	35	110	None	None	testing
8	xy	f	18	red	6	(80, 0)	(40, 69)	(-39, 69)	(-80, 0)	(-40, -69)	(40, -69)	circle	red	dif	left	left	(40, 69)	(-39, 69)	probe	h_sin	None	None	None	None	135	35	60	10	110	85	(40, 69)	157	testing
8	xy	f	18	red	6	(80, 0)	(40, 69)	(-39, 69)	(-80, 0)	(-40, -69)	(40, -69)	circle	red	dif	right	right	(40, -69)	(-40, -69)	probe	norm	None	None	None	None	10	110	60	160	135	85	(80, 0)	41	testing
8	xy	f	18	red	6	(80, 0)	(40, 69)	(-39, 69)	(-80, 0)	(-40, -69)	(40, -69)	diamond	red	same	left	left	(40, 69)	(80, 0)	probe	norm	None	None	None	None	135	35	110	160	60	85	(-40, -69)	170	testing
8	xy	f	18	red	6	(80, 0)	(40, 69)	(-39, 69)	(-80, 0)	(-40, -69)	(40, -69)	circle	red	same	right	right	(-80, 0)	(-40, -69)	probe	norm	None	None	None	None	160	135	60	110	85	10	(40, -69)	155	testing
8	xy	f	18	red	6	(80, 0)	(40, 69)	(-39, 69)	(-80, 0)	(-40, -69)	(40, -69)	circle	none	dif	left	left	N_dist	(-80, 0)	search	nr	True	852454	853251	left	85	110	160	60	135	10	None	None	testing
8	xy	f	18	red	6	(80, 0)	(40, 69)	(-39, 69)	(-80, 0)	(-40, -69)	(40, -69)	diamond	red	dif	right	right	(40, 69)	(40, -69)	search	nr	True	854458	855444	right	135	85	160	10	110	35	None	None	testing
8	xy	f	18	red	6	(80, 0)	(40, 69)	(-39, 69)	(-80, 0)	(-40, -69)	(40, -69)	circle	red	dif	right	right	(40, -69)	(-40, -69)	search	nr	True	856696	857556	right	160	110	85	10	60	135	None	None	testing
8	xy	f	18	red	6	(80, 0)	(40, 69)	(-39, 69)	(-80, 0)	(-40, -69)	(40, -69)	diamond	red	same	right	right	(40, 69)	(-39, 69)	probe	h_sin	None	None	None	None	35	160	60	135	85	110	(40, 69)	35	testing
8	xy	f	18	red	6	(80, 0)	(40, 69)	(-39, 69)	(-80, 0)	(-40, -69)	(40, -69)	diamond	none	same	left	left	N_dist	(80, 0)	search	nr	True	862891	863571	left	85	60	35	135	160	10	None	None	testing
8	xy	f	18	red	6	(80, 0)	(40, 69)	(-39, 69)	(-80, 0)	(-40, -69)	(40, -69)	diamond	red	same	right	right	(40, -69)	(80, 0)	search	nr	True	864660	865588	right	10	160	60	35	135	85	None	None	testing
8	xy	f	18	red	6	(80, 0)	(40, 69)	(-39, 69)	(-80, 0)	(-40, -69)	(40, -69)	circle	red	dif	left	left	(40, 69)	(-39, 69)	search	nr	True	866881	867652	left	85	110	10	135	60	160	None	None	testing
8	xy	f	18	red	6	(80, 0)	(40, 69)	(-39, 69)	(-80, 0)	(-40, -69)	(40, -69)	circle	red	dif	left	left	(40, 69)	(80, 0)	search	nr	True	868852	869619	left	35	110	10	160	60	135	None	None	testing
8	xy	f	18	red	6	(80, 0)	(40, 69)	(-39, 69)	(-80, 0)	(-40, -69)	(40, -69)	circle	none	dif	right	right	N_dist	(40, -69)	search	nr	True	870838	871620	right	110	160	60	85	35	135	None	None	testing
8	xy	f	18	red	6	(80, 0)	(40, 69)	(-39, 69)	(-80, 0)	(-40, -69)	(40, -69)	circle	none	same	left	left	N_dist	(40, -69)	search	nr	True	872741	873508	left	60	160	110	85	10	35	None	None	testing
8	xy	f	18	red	6	(80, 0)	(40, 69)	(-39, 69)	(-80, 0)	(-40, -69)	(40, -69)	circle	red	same	left	left	(-40, -69)	(40, -69)	search	nr	True	874612	875780	left	160	60	110	35	135	10	None	None	testing
8	xy	f	18	red	6	(80, 0)	(40, 69)	(-39, 69)	(-80, 0)	(-40, -69)	(40, -69)	circle	red	same	right	right	(40, 69)	(-80, 0)	probe	norm	None	None	None	None	135	160	110	10	60	85	(80, 0)	17	testing
8	xy	f	18	red	6	(80, 0)	(40, 69)	(-39, 69)	(-80, 0)	(-40, -69)	(40, -69)	diamond	none	dif	right	right	N_dist	(-80, 0)	search	nr	True	881558	882180	right	60	85	10	160	110	35	None	None	testing
8	xy	f	18	red	6	(80, 0)	(40, 69)	(-39, 69)	(-80, 0)	(-40, -69)	(40, -69)	circle	red	dif	left	left	(40, 69)	(-39, 69)	search	nr	True	883362	884035	left	135	60	110	160	35	10	None	None	testing
8	xy	f	18	red	6	(80, 0)	(40, 69)	(-39, 69)	(-80, 0)	(-40, -69)	(40, -69)	diamond	none	dif	left	left	N_dist	(-39, 69)	search	nr	True	885348	886004	left	60	85	110	160	35	135	None	None	testing
8	xy	f	18	red	6	(80, 0)	(40, 69)	(-39, 69)	(-80, 0)	(-40, -69)	(40, -69)	circle	red	dif	right	right	(40, 69)	(40, -69)	search	nr	True	887285	888180	right	160	10	60	85	110	135	None	None	testing
8	xy	f	18	red	6	(80, 0)	(40, 69)	(-39, 69)	(-80, 0)	(-40, -69)	(40, -69)	diamond	red	dif	right	right	(40, 69)	(-80, 0)	search	nr	True	889405	890115	right	10	160	35	85	110	60	None	None	testing
8	xy	f	18	red	6	(80, 0)	(40, 69)	(-39, 69)	(-80, 0)	(-40, -69)	(40, -69)	diamond	red	dif	right	right	(80, 0)	(-39, 69)	search	nr	True	891193	891923	right	160	10	110	60	35	135	None	None	testing
8	xy	f	18	red	6	(80, 0)	(40, 69)	(-39, 69)	(-80, 0)	(-40, -69)	(40, -69)	circle	red	same	right	right	(40, 69)	(80, 0)	search	nr	True	893079	893860	right	85	110	60	35	135	10	None	None	testing
8	xy	f	18	red	6	(80, 0)	(40, 69)	(-39, 69)	(-80, 0)	(-40, -69)	(40, -69)	diamond	none	dif	right	right	N_dist	(-80, 0)	probe	h_norm	None	None	None	None	135	10	35	85	110	160	(40, 69)	155	testing
8	xy	f	18	red	6	(80, 0)	(40, 69)	(-39, 69)	(-80, 0)	(-40, -69)	(40, -69)	circle	red	same	left	left	(-80, 0)	(-40, -69)	search	nr	True	898873	900068	left	10	110	60	85	160	35	None	None	testing
8	xy	f	18	red	6	(80, 0)	(40, 69)	(-39, 69)	(-80, 0)	(-40, -69)	(40, -69)	circle	none	same	left	left	N_dist	(80, 0)	probe	l_norm	None	None	None	None	35	85	135	10	160	60	(40, -69)	10	testing
8	xy	f	18	red	6	(80, 0)	(40, 69)	(-39, 69)	(-80, 0)	(-40, -69)	(40, -69)	diamond	red	same	left	left	(40, 69)	(-80, 0)	search	nr	True	905402	906148	left	10	110	60	135	85	160	None	None	testing
8	xy	f	18	red	6	(80, 0)	(40, 69)	(-39, 69)	(-80, 0)	(-40, -69)	(40, -69)	diamond	none	same	left	left	N_dist	(80, 0)	search	nr	True	907272	908020	left	110	135	10	160	85	60	None	None	testing
8	xy	f	18	red	6	(80, 0)	(40, 69)	(-39, 69)	(-80, 0)	(-40, -69)	(40, -69)	diamond	red	dif	right	right	(-39, 69)	(-80, 0)	search	nr	True	909226	909939	right	10	35	160	110	60	135	None	None	testing
8	xy	f	18	red	6	(80, 0)	(40, 69)	(-39, 69)	(-80, 0)	(-40, -69)	(40, -69)	diamond	red	dif	right	right	(40, 69)	(40, -69)	search	nr	True	911212	911988	right	110	135	10	85	160	60	None	None	testing
8	xy	f	18	red	6	(80, 0)	(40, 69)	(-39, 69)	(-80, 0)	(-40, -69)	(40, -69)	diamond	red	same	right	right	(40, -69)	(-40, -69)	search	nr	True	913066	913812	right	60	135	160	110	85	35	None	None	testing
8	xy	f	18	red	6	(80, 0)	(40, 69)	(-39, 69)	(-80, 0)	(-40, -69)	(40, -69)	circle	none	dif	left	left	N_dist	(80, 0)	probe	l_tar	None	None	None	None	160	135	110	10	60	85	(80, 0)	135	testing
8	xy	f	18	red	6	(80, 0)	(40, 69)	(-39, 69)	(-80, 0)	(-40, -69)	(40, -69)	diamond	red	dif	left	left	(40, 69)	(-40, -69)	search	nr	True	918876	919747	left	60	85	110	160	35	135	None	None	testing
8	xy	f	18	red	6	(80, 0)	(40, 69)	(-39, 69)	(-80, 0)	(-40, -69)	(40, -69)	diamond	red	same	left	left	(40, 69)	(40, -69)	probe	h_sin	None	None	None	None	160	85	35	60	10	135	(40, 69)	15	testing
8	xy	f	18	red	6	(80, 0)	(40, 69)	(-39, 69)	(-80, 0)	(-40, -69)	(40, -69)	diamond	red	same	right	right	(-80, 0)	(80, 0)	search	nr	True	925088	925892	right	135	160	60	35	85	10	None	None	testing
8	xy	f	18	red	6	(80, 0)	(40, 69)	(-39, 69)	(-80, 0)	(-40, -69)	(40, -69)	circle	red	same	left	left	(40, 69)	(-39, 69)	search	nr	True	926975	927780	left	110	85	60	10	35	160	None	None	testing
8	xy	f	18	red	6	(80, 0)	(40, 69)	(-39, 69)	(-80, 0)	(-40, -69)	(40, -69)	circle	red	dif	left	left	(40, 69)	(40, -69)	search	nr	True	928962	929732	left	85	60	10	35	110	160	None	None	testing
8	xy	f	18	red	6	(80, 0)	(40, 69)	(-39, 69)	(-80, 0)	(-40, -69)	(40, -69)	circle	red	same	right	right	(40, 69)	(40, -69)	probe	norm	None	None	None	None	85	10	160	135	60	110	(80, 0)	157	testing
8	xy	f	18	red	6	(80, 0)	(40, 69)	(-39, 69)	(-80, 0)	(-40, -69)	(40, -69)	diamond	none	same	right	right	N_dist	(80, 0)	search	nr	True	934355	935091	right	35	10	85	135	160	110	None	None	testing
8	xy	f	18	red	6	(80, 0)	(40, 69)	(-39, 69)	(-80, 0)	(-40, -69)	(40, -69)	diamond	none	same	right	right	N_dist	(-40, -69)	search	nr	True	936309	937028	right	135	10	110	60	85	160	None	None	testing
8	xy	f	18	red	6	(80, 0)	(40, 69)	(-39, 69)	(-80, 0)	(-40, -69)	(40, -69)	diamond	red	dif	left	left	(40, 69)	(-40, -69)	probe	norm	None	None	None	None	135	60	35	85	160	110	(80, 0)	21	testing
8	xy	f	18	red	6	(80, 0)	(40, 69)	(-39, 69)	(-80, 0)	(-40, -69)	(40, -69)	diamond	none	same	right	right	N_dist	(-39, 69)	search	nr	True	942420	943187	right	60	160	110	135	85	10	None	None	testing
8	xy	f	18	red	6	(80, 0)	(40, 69)	(-39, 69)	(-80, 0)	(-40, -69)	(40, -69)	circle	red	same	left	left	(40, 69)	(80, 0)	search	nr	True	944290	945220	left	135	160	10	85	35	60	None	None	testing
8	xy	f	18	red	6	(80, 0)	(40, 69)	(-39, 69)	(-80, 0)	(-40, -69)	(40, -69)	diamond	red	dif	left	left	(40, 69)	(-40, -69)	search	nr	True	946444	947268	left	10	85	60	160	110	35	None	None	testing
8	xy	f	18	red	6	(80, 0)	(40, 69)	(-39, 69)	(-80, 0)	(-40, -69)	(40, -69)	diamond	none	dif	right	right	N_dist	(-40, -69)	search	nr	True	948531	949268	right	110	160	135	60	10	85	None	None	testing
8	xy	f	18	red	6	(80, 0)	(40, 69)	(-39, 69)	(-80, 0)	(-40, -69)	(40, -69)	circle	red	same	right	right	(-80, 0)	(-40, -69)	search	nr	True	950534	951747	right	10	135	35	85	160	60	None	None	testing
8	xy	f	18	red	6	(80, 0)	(40, 69)	(-39, 69)	(-80, 0)	(-40, -69)	(40, -69)	diamond	red	dif	right	right	(-80, 0)	(80, 0)	search	nr	True	952973	953667	right	135	110	85	10	60	35	None	None	testing
8	xy	f	18	red	6	(80, 0)	(40, 69)	(-39, 69)	(-80, 0)	(-40, -69)	(40, -69)	circle	red	dif	right	right	(40, 69)	(-39, 69)	search	nr	True	954843	955444	right	10	135	85	60	110	160	None	None	testing
8	xy	f	18	red	6	(80, 0)	(40, 69)	(-39, 69)	(-80, 0)	(-40, -69)	(40, -69)	circle	red	same	right	right	(-80, 0)	(-40, -69)	search	nr	True	956613	957268	right	135	160	35	60	110	85	None	None	testing
8	xy	f	18	red	6	(80, 0)	(40, 69)	(-39, 69)	(-80, 0)	(-40, -69)	(40, -69)	circle	red	dif	right	right	(-40, -69)	(80, 0)	probe	l_sin	None	None	None	None	60	35	135	10	110	85	(-40, -69)	11	testing
8	xy	f	18	red	6	(80, 0)	(40, 69)	(-39, 69)	(-80, 0)	(-40, -69)	(40, -69)	circle	red	dif	right	right	(40, 69)	(80, 0)	search	nr	True	963041	963732	right	110	85	60	35	10	135	None	None	testing
8	xy	f	18	red	6	(80, 0)	(40, 69)	(-39, 69)	(-80, 0)	(-40, -69)	(40, -69)	diamond	red	same	right	right	(40, 69)	(80, 0)	search	nr	True	964794	965444	right	135	10	35	160	110	85	None	None	testing
8	xy	f	18	red	6	(80, 0)	(40, 69)	(-39, 69)	(-80, 0)	(-40, -69)	(40, -69)	diamond	red	same	left	left	(40, 69)	(-39, 69)	search	nr	True	966565	967316	left	85	110	135	35	160	60	None	None	testing
8	xy	f	18	red	6	(80, 0)	(40, 69)	(-39, 69)	(-80, 0)	(-40, -69)	(40, -69)	diamond	red	dif	left	left	(40, 69)	(-39, 69)	search	nr	True	968468	969091	left	60	10	135	85	160	110	None	None	testing
8	xy	f	18	red	6	(80, 0)	(40, 69)	(-39, 69)	(-80, 0)	(-40, -69)	(40, -69)	circle	red	dif	left	left	(40, 69)	(-80, 0)	search	nr	True	970321	970980	left	160	10	135	110	35	85	None	None	testing
8	xy	f	18	red	6	(80, 0)	(40, 69)	(-39, 69)	(-80, 0)	(-40, -69)	(40, -69)	diamond	none	same	left	left	N_dist	(40, -69)	probe	l_norm	None	None	None	None	60	35	10	160	135	85	(80, 0)	160	testing
8	xy	f	18	red	6	(80, 0)	(40, 69)	(-39, 69)	(-80, 0)	(-40, -69)	(40, -69)	circle	red	same	left	left	(40, 69)	(80, 0)	probe	norm	None	None	None	None	135	110	10	85	60	35	(-40, -69)	163	testing
8	xy	f	18	red	6	(80, 0)	(40, 69)	(-39, 69)	(-80, 0)	(-40, -69)	(40, -69)	circle	red	same	right	right	(40, 69)	(40, -69)	search	nr	True	981324	982163	right	85	35	10	110	135	160	None	None	testing
8	xy	f	18	red	6	(80, 0)	(40, 69)	(-39, 69)	(-80, 0)	(-40, -69)	(40, -69)	diamond	none	same	right	right	N_dist	(40, 69)	probe	h_tar	None	None	None	None	160	85	35	10	110	135	(40, 69)	167	testing
8	xy	f	18	red	6	(80, 0)	(40, 69)	(-39, 69)	(-80, 0)	(-40, -69)	(40, -69)	circle	none	same	right	right	N_dist	(40, -69)	search	nr	True	987904	988707	right	10	60	85	110	35	135	None	None	testing
8	xy	f	18	red	6	(80, 0)	(40, 69)	(-39, 69)	(-80, 0)	(-40, -69)	(40, -69)	circle	red	dif	right	right	(40, 69)	(80, 0)	search	nr	True	989990	990676	right	110	135	60	35	85	10	None	None	testing
8	xy	f	18	red	6	(80, 0)	(40, 69)	(-39, 69)	(-80, 0)	(-40, -69)	(40, -69)	circle	red	same	right	right	(40, 69)	(-80, 0)	probe	tar	None	None	None	None	135	160	110	10	60	35	(-80, 0)	25	testing
8	xy	f	18	red	6	(80, 0)	(40, 69)	(-39, 69)	(-80, 0)	(-40, -69)	(40, -69)	circle	red	dif	left	left	(-40, -69)	(-39, 69)	probe	tar	None	None	None	None	85	110	160	135	60	10	(-39, 69)	33	testing
8	xy	f	18	red	6	(80, 0)	(40, 69)	(-39, 69)	(-80, 0)	(-40, -69)	(40, -69)	diamond	red	dif	left	left	(-40, -69)	(80, 0)	search	nr	True	1000409	1001220	left	160	10	110	35	85	60	None	None	testing
8	xy	f	18	red	6	(80, 0)	(40, 69)	(-39, 69)	(-80, 0)	(-40, -69)	(40, -69)	circle	none	dif	right	right	N_dist	(-80, 0)	probe	l_tar	None	None	None	None	160	10	110	85	60	35	(-80, 0)	10	testing
8	xy	f	18	red	6	(80, 0)	(40, 69)	(-39, 69)	(-80, 0)	(-40, -69)	(40, -69)	diamond	none	same	left	left	N_dist	(-80, 0)	probe	h_norm	None	None	None	None	160	85	110	135	35	60	(40, 69)	161	testing
8	xy	f	18	red	6	(80, 0)	(40, 69)	(-39, 69)	(-80, 0)	(-40, -69)	(40, -69)	diamond	red	same	right	right	(-39, 69)	(40, -69)	search	nr	True	1010195	1011348	right	135	85	110	60	10	35	None	None	testing
8	xy	f	18	red	6	(80, 0)	(40, 69)	(-39, 69)	(-80, 0)	(-40, -69)	(40, -69)	diamond	red	same	left	left	(40, 69)	(-40, -69)	probe	norm	None	None	None	None	160	60	135	110	10	85	(40, -69)	40	testing
8	xy	f	18	red	6	(80, 0)	(40, 69)	(-39, 69)	(-80, 0)	(-40, -69)	(40, -69)	circle	none	dif	left	left	N_dist	(80, 0)	search	nr	True	1017090	1017892	left	60	110	35	135	10	85	None	None	testing
8	xy	f	18	red	6	(80, 0)	(40, 69)	(-39, 69)	(-80, 0)	(-40, -69)	(40, -69)	diamond	red	same	left	left	(40, 69)	(40, -69)	search	nr	True	1019178	1020100	left	110	60	160	135	10	35	None	None	testing
8	xy	f	18	red	6	(80, 0)	(40, 69)	(-39, 69)	(-80, 0)	(-40, -69)	(40, -69)	circle	red	dif	left	left	(40, 69)	(-39, 69)	search	nr	True	1021265	1021972	left	35	135	110	10	60	85	None	None	testing
8	xy	f	18	red	6	(80, 0)	(40, 69)	(-39, 69)	(-80, 0)	(-40, -69)	(40, -69)	diamond	none	dif	right	right	N_dist	(-80, 0)	probe	h_norm	None	None	None	None	60	110	10	160	35	85	(40, 69)	161	testing
8	xy	f	18	red	6	(80, 0)	(40, 69)	(-39, 69)	(-80, 0)	(-40, -69)	(40, -69)	diamond	red	same	right	right	(40, 69)	(-80, 0)	search	nr	True	1027092	1027795	right	110	60	135	35	10	85	None	None	testing
8	xy	f	18	red	6	(80, 0)	(40, 69)	(-39, 69)	(-80, 0)	(-40, -69)	(40, -69)	circle	red	dif	left	left	(40, 69)	(40, -69)	probe	h_sin	None	None	None	None	160	135	60	110	35	85	(40, 69)	13	testing
8	xy	f	18	red	6	(80, 0)	(40, 69)	(-39, 69)	(-80, 0)	(-40, -69)	(40, -69)	circle	none	dif	left	left	N_dist	(80, 0)	probe	l_norm	None	None	None	None	35	60	10	135	160	85	(40, -69)	18	testing
8	xy	f	18	red	6	(80, 0)	(40, 69)	(-39, 69)	(-80, 0)	(-40, -69)	(40, -69)	diamond	red	dif	right	right	(40, 69)	(-40, -69)	search	nr	True	1037645	1038371	right	10	110	85	135	160	35	None	None	testing
8	xy	f	18	red	6	(80, 0)	(40, 69)	(-39, 69)	(-80, 0)	(-40, -69)	(40, -69)	circle	none	dif	left	left	N_dist	(80, 0)	search	nr	True	1039465	1040211	left	35	110	10	160	60	85	None	None	testing
8	xy	f	18	red	6	(80, 0)	(40, 69)	(-39, 69)	(-80, 0)	(-40, -69)	(40, -69)	diamond	red	dif	left	left	(40, 69)	(-39, 69)	search	nr	True	1041502	1042323	left	60	160	10	110	35	135	None	None	testing
8	xy	f	18	red	6	(80, 0)	(40, 69)	(-39, 69)	(-80, 0)	(-40, -69)	(40, -69)	circle	red	same	left	left	(40, 69)	(-40, -69)	search	nr	True	1043405	1044179	left	135	35	10	60	85	110	None	None	testing
8	xy	f	18	red	6	(80, 0)	(40, 69)	(-39, 69)	(-80, 0)	(-40, -69)	(40, -69)	circle	red	dif	right	right	(40, 69)	(-40, -69)	search	nr	True	1045393	1046083	right	35	10	85	60	135	110	None	None	testing
8	xy	f	18	red	6	(80, 0)	(40, 69)	(-39, 69)	(-80, 0)	(-40, -69)	(40, -69)	circle	red	dif	left	left	(40, 69)	(-40, -69)	probe	h_sin	None	None	None	None	85	60	110	160	35	135	(40, 69)	164	testing
8	xy	f	18	red	6	(80, 0)	(40, 69)	(-39, 69)	(-80, 0)	(-40, -69)	(40, -69)	diamond	none	dif	left	left	N_dist	(40, 69)	search	nr	True	1050402	1051043	left	135	10	160	35	110	60	None	None	testing
8	xy	f	18	red	6	(80, 0)	(40, 69)	(-39, 69)	(-80, 0)	(-40, -69)	(40, -69)	circle	red	same	left	left	(-80, 0)	(-40, -69)	search	nr	True	1052138	1054627	left	160	110	60	35	135	10	None	None	testing
8	xy	f	18	red	6	(80, 0)	(40, 69)	(-39, 69)	(-80, 0)	(-40, -69)	(40, -69)	diamond	red	same	left	left	(-80, 0)	(40, -69)	search	nr	True	1055812	1056866	left	160	135	110	60	35	85	None	None	testing
8	xy	f	18	red	6	(80, 0)	(40, 69)	(-39, 69)	(-80, 0)	(-40, -69)	(40, -69)	circle	red	same	left	left	(-40, -69)	(40, -69)	search	nr	True	1058049	1058852	left	160	135	10	110	35	85	None	None	testing
8	xy	f	18	red	6	(80, 0)	(40, 69)	(-39, 69)	(-80, 0)	(-40, -69)	(40, -69)	diamond	none	same	left	left	N_dist	(-80, 0)	search	nr	True	1059969	1060563	left	135	160	35	10	85	110	None	None	testing
8	xy	f	18	red	6	(80, 0)	(40, 69)	(-39, 69)	(-80, 0)	(-40, -69)	(40, -69)	diamond	red	same	right	right	(-80, 0)	(80, 0)	search	nr	True	1061739	1062627	right	35	60	160	110	135	85	None	None	testing
8	xy	f	18	red	6	(80, 0)	(40, 69)	(-39, 69)	(-80, 0)	(-40, -69)	(40, -69)	diamond	red	dif	left	left	(40, 69)	(-40, -69)	search	nr	True	1063826	1064739	left	135	10	110	160	85	35	None	None	testing
8	xy	f	18	red	6	(80, 0)	(40, 69)	(-39, 69)	(-80, 0)	(-40, -69)	(40, -69)	circle	red	same	right	right	(80, 0)	(-80, 0)	probe	tar	None	None	None	None	135	60	160	85	35	10	(-80, 0)	6	testing
8	xy	f	18	red	6	(80, 0)	(40, 69)	(-39, 69)	(-80, 0)	(-40, -69)	(40, -69)	circle	red	same	right	right	(40, 69)	(40, -69)	search	nr	True	1070806	1071523	right	110	85	160	35	135	10	None	None	testing
8	xy	f	18	red	6	(80, 0)	(40, 69)	(-39, 69)	(-80, 0)	(-40, -69)	(40, -69)	circle	red	dif	right	right	(40, 69)	(40, -69)	probe	h_sin	None	None	None	None	60	85	10	160	35	110	(40, 69)	153	testing
8	xy	f	18	red	6	(80, 0)	(40, 69)	(-39, 69)	(-80, 0)	(-40, -69)	(40, -69)	diamond	none	dif	left	left	N_dist	(40, 69)	search	nr	True	1076783	1077587	left	110	10	35	135	160	60	None	None	testing
8	xy	f	18	red	6	(80, 0)	(40, 69)	(-39, 69)	(-80, 0)	(-40, -69)	(40, -69)	circle	red	same	left	left	(40, 69)	(-40, -69)	search	nr	True	1078720	1079444	left	160	10	135	110	85	35	None	None	testing
8	xy	f	18	red	6	(80, 0)	(40, 69)	(-39, 69)	(-80, 0)	(-40, -69)	(40, -69)	circle	red	same	right	right	(80, 0)	(40, -69)	search	nr	True	1080607	1081396	right	85	35	135	60	10	110	None	None	testing
8	xy	f	18	red	6	(80, 0)	(40, 69)	(-39, 69)	(-80, 0)	(-40, -69)	(40, -69)	diamond	none	dif	left	left	N_dist	(-39, 69)	search	nr	True	1082544	1083235	left	35	135	60	160	10	85	None	None	testing
8	xy	f	18	red	6	(80, 0)	(40, 69)	(-39, 69)	(-80, 0)	(-40, -69)	(40, -69)	circle	red	same	right	right	(40, 69)	(-80, 0)	search	nr	True	1084530	1085219	right	10	110	135	35	85	60	None	None	testing
8	xy	f	18	red	6	(80, 0)	(40, 69)	(-39, 69)	(-80, 0)	(-40, -69)	(40, -69)	diamond	none	same	right	right	N_dist	(40, 69)	search	nr	True	1086401	1087155	right	35	160	135	110	60	10	None	None	testing
8	xy	f	18	red	6	(80, 0)	(40, 69)	(-39, 69)	(-80, 0)	(-40, -69)	(40, -69)	circle	red	dif	right	right	(40, 69)	(40, -69)	probe	norm	None	None	None	None	60	110	160	85	135	10	(-40, -69)	168	testing
8	xy	f	18	red	6	(80, 0)	(40, 69)	(-39, 69)	(-80, 0)	(-40, -69)	(40, -69)	diamond	red	dif	right	right	(40, 69)	(-40, -69)	probe	tar	None	None	None	None	85	135	60	160	35	110	(-40, -69)	166	testing
8	xy	f	18	red	6	(80, 0)	(40, 69)	(-39, 69)	(-80, 0)	(-40, -69)	(40, -69)	diamond	red	same	right	right	(40, 69)	(-80, 0)	probe	norm	None	None	None	None	110	35	160	10	85	135	(80, 0)	28	testing
8	xy	f	18	red	6	(80, 0)	(40, 69)	(-39, 69)	(-80, 0)	(-40, -69)	(40, -69)	circle	red	dif	right	right	(80, 0)	(-80, 0)	probe	tar	None	None	None	None	35	85	135	10	110	60	(-80, 0)	13	testing
8	xy	f	18	red	6	(80, 0)	(40, 69)	(-39, 69)	(-80, 0)	(-40, -69)	(40, -69)	diamond	red	dif	left	left	(-40, -69)	(80, 0)	search	nr	True	1105469	1106484	left	135	85	60	110	35	160	None	None	testing
8	xy	f	18	red	6	(80, 0)	(40, 69)	(-39, 69)	(-80, 0)	(-40, -69)	(40, -69)	circle	none	same	right	right	N_dist	(40, -69)	search	nr	True	1107724	1108643	right	85	60	135	110	160	35	None	None	testing
8	xy	f	18	red	6	(80, 0)	(40, 69)	(-39, 69)	(-80, 0)	(-40, -69)	(40, -69)	diamond	red	same	right	right	(40, 69)	(-80, 0)	probe	norm	None	None	None	None	160	35	135	110	85	10	(80, 0)	41	testing
8	xy	f	18	red	6	(80, 0)	(40, 69)	(-39, 69)	(-80, 0)	(-40, -69)	(40, -69)	diamond	red	same	right	right	(40, 69)	(-80, 0)	search	nr	True	1113617	1114276	right	135	160	85	35	110	10	None	None	testing
8	xy	f	18	red	6	(80, 0)	(40, 69)	(-39, 69)	(-80, 0)	(-40, -69)	(40, -69)	circle	red	same	left	left	(40, 69)	(80, 0)	search	nr	True	1115538	1116419	left	160	85	135	60	35	110	None	None	testing
8	xy	f	18	red	6	(80, 0)	(40, 69)	(-39, 69)	(-80, 0)	(-40, -69)	(40, -69)	diamond	red	same	left	left	(40, 69)	(40, -69)	search	nr	True	1117491	1118211	left	85	135	35	60	160	10	None	None	testing
8	xy	f	18	red	6	(80, 0)	(40, 69)	(-39, 69)	(-80, 0)	(-40, -69)	(40, -69)	diamond	red	same	right	right	(40, 69)	(-39, 69)	search	nr	True	1119411	1120131	right	85	10	110	60	35	160	None	None	testing
8	xy	f	18	red	6	(80, 0)	(40, 69)	(-39, 69)	(-80, 0)	(-40, -69)	(40, -69)	diamond	red	dif	right	right	(-80, 0)	(80, 0)	probe	norm	None	None	None	None	60	35	110	160	135	10	(-40, -69)	167	testing
8	xy	f	18	red	6	(80, 0)	(40, 69)	(-39, 69)	(-80, 0)	(-40, -69)	(40, -69)	diamond	red	dif	right	right	(40, 69)	(-80, 0)	probe	tar	None	None	None	None	135	35	85	10	160	110	(-80, 0)	20	testing
8	xy	f	18	red	6	(80, 0)	(40, 69)	(-39, 69)	(-80, 0)	(-40, -69)	(40, -69)	circle	none	dif	left	left	N_dist	(80, 0)	search	nr	True	1129263	1130083	left	85	110	135	60	160	10	None	None	testing
